id_cliente,sexo,fecha_nacimiento,edad_corte,tipo_disposicion,etiqueta_buen_pagador,id_distrito,nombre_distrito,region,poblacion,salario_promedio,tasa_desempleo,tasa_criminalidad,tiene_prestamo,id_prestamo,monto_prestamo,plazo_prestamo,cuota_mensual_prestamo,estado_prestamo,condicion_prestamo,total_ordenes_activas,monto_total_ordenes_mensual,monto_promedio_orden,total_transacciones,total_depositos,total_retiros,saldo_promedio,saldo_minimo,saldo_maximo
1,F,1970-12-13,28,OWNER,,18,Pisek,south Bohemia,70699,8968.0,3.0,1740.0,0,,0.0,,0.0,Sin Prestamo,Sin Prestamo,1,2452.0,2452.0,239,194322.0,180870.0,15994.079497,1000.0,30415.0
2,M,1945-02-04,53,OWNER,True,1,Hl.m. Praha,Prague,1204953,12541.0,0.0,85677.0,1,4959.0,80952.0,24.0,3373.0,A,Cerrado,2,10639.0,5319.5,478,1597055.0,1554459.0,36540.780334,1100.0,69302.0
3,F,1940-10-09,58,DISPONENT,True,1,Hl.m. Praha,Prague,1204953,12541.0,0.0,85677.0,0,,0.0,,0.0,Sin Prestamo,Sin Prestamo,0,0.0,,0,0.0,0.0,,,
4,M,1956-12-01,42,OWNER,,5,Kolin,central Bohemia,95616,9307.0,4.0,2616.0,0,,0.0,,0.0,Sin Prestamo,Sin Prestamo,3,5001.0,1667.0,117,173062.0,121968.0,26973.529914,1000.0,53447.0
5,F,1960-07-03,38,DISPONENT,,5,Kolin,central Bohemia,95616,9307.0,4.0,2616.0,0,,0.0,,0.0,Sin Prestamo,Sin Prestamo,0,0.0,,0,0.0,0.0,,,
6,M,1919-09-22,79,OWNER,,12,Pribram,central Bohemia,107870,8754.0,4.0,3804.0,0,,0.0,,0.0,Sin Prestamo,Sin Prestamo,2,3363.0,1681.5,186,192349.0,158637.0,21753.526881,800.0,34870.0
7,M,1929-01-25,69,OWNER,,15,Cesky Krumlov,south Bohemia,58796,9045.0,3.0,1845.0,0,,0.0,,0.0,Sin Prestamo,Sin Prestamo,1,2668.0,2668.0,84,97489.0,69402.0,25090.023809,600.0,32036.0
8,F,1938-02-21,60,OWNER,,51,Trutnov,east Bohemia,121947,8541.0,3.0,3496.0,0,,0.0,,0.0,Sin Prestamo,Sin Prestamo,1,3954.0,3954.0,246,347616.0,299968.0,34547.353658,900.0,51879.0
9,M,1935-10-16,63,OWNER,,60,Prostejov,south Moravia,110643,8441.0,3.0,1879.0,0,,0.0,,0.0,Sin Prestamo,Sin Prestamo,1,4880.0,4880.0,130,630267.0,561780.0,62598.6,900.0,99675.0
10,M,1943-05-01,55,OWNER,,57,Hodonin,south Moravia,161954,8720.0,4.0,3729.0,0,,0.0,,0.0,Sin Prestamo,Sin Prestamo,2,9324.0,4662.0,254,892765.0,820158.0,46819.429133,900.0,79255.0
11,F,1950-08-22,48,DISPONENT,,57,Hodonin,south Moravia,161954,8720.0,4.0,3729.0,0,,0.0,,0.0,Sin Prestamo,Sin Prestamo,0,0.0,,0,0.0,0.0,,,
12,M,1981-02-20,17,OWNER,,40,Teplice,north Bohemia,128118,9317.0,6.0,6949.0,0,,0.0,,0.0,Sin Prestamo,Sin Prestamo,0,0.0,,361,360153.0,336305.0,26625.307479,400.0,85444.0
13,F,1974-05-29,24,OWNER,,54,Brno - mesto,south Moravia,387570,9897.0,2.0,18721.0,0,,0.0,,0.0,Sin Prestamo,Sin Prestamo,2,8377.0,4188.5,156,549951.0,490664.0,47792.211538,1100.0,83410.0
14,F,1942-06-22,56,OWNER,,76,Sumperk,north Moravia,127369,8369.0,5.0,3736.0,0,,0.0,,0.0,Sin Prestamo,Sin Prestamo,1,2132.0,2132.0,186,140646.0,117470.0,27834.634408,300.0,40389.0
15,F,1918-08-28,80,OWNER,,21,Tabor,south Bohemia,103347,9104.0,2.0,2299.0,0,,0.0,,0.0,Sin Prestamo,Sin Prestamo,2,3592.0,1796.0,106,121433.0,95325.0,20142.698113,1100.0,29053.0
16,M,1919-02-25,79,DISPONENT,,21,Tabor,south Bohemia,103347,9104.0,2.0,2299.0,0,,0.0,,0.0,Sin Prestamo,Sin Prestamo,0,0.0,,0,0.0,0.0,,,
17,M,1934-10-13,64,OWNER,,76,Sumperk,north Moravia,127369,8369.0,5.0,3736.0,0,,0.0,,0.0,Sin Prestamo,Sin Prestamo,1,2444.0,2444.0,75,110720.0,97499.0,15120.546666,1000.0,29751.0
18,F,1931-04-05,67,DISPONENT,,76,Sumperk,north Moravia,127369,8369.0,5.0,3736.0,0,,0.0,,0.0,Sin Prestamo,Sin Prestamo,0,0.0,,0,0.0,0.0,,,
19,M,1942-12-28,56,OWNER,,47,Pardubice,east Bohemia,162580,9538.0,2.0,6079.0,0,,0.0,,0.0,Sin Prestamo,Sin Prestamo,1,3629.0,3629.0,124,412588.0,373280.0,39603.73387,400.0,59453.0
20,M,1979-01-04,19,OWNER,,46,Nachod,east Bohemia,112709,8369.0,2.0,2854.0,0,,0.0,,0.0,Sin Prestamo,Sin Prestamo,1,3072.0,3072.0,365,1188501.0,1141098.0,38645.301369,800.0,66671.0
21,F,1952-10-29,46,OWNER,,12,Pribram,central Bohemia,107870,8754.0,4.0,3804.0,0,,0.0,,0.0,Sin Prestamo,Sin Prestamo,0,0.0,,60,347217.0,314190.0,29600.766666,500.0,60274.0
22,F,1969-10-11,29,OWNER,,1,Hl.m. Praha,Prague,1204953,12541.0,0.0,85677.0,0,,0.0,,0.0,Sin Prestamo,Sin Prestamo,1,4032.0,4032.0,54,255462.0,157586.0,50791.648148,700.0,100815.0
23,M,1973-05-29,25,DISPONENT,,1,Hl.m. Praha,Prague,1204953,12541.0,0.0,85677.0,0,,0.0,,0.0,Sin Prestamo,Sin Prestamo,0,0.0,,0,0.0,0.0,,,
24,F,1939-07-29,59,OWNER,,43,Hradec Kralove,east Bohemia,161854,9425.0,2.0,4085.0,0,,0.0,,0.0,Sin Prestamo,Sin Prestamo,0,0.0,,328,1905134.0,1823570.0,52267.481707,576.0,155603.0
25,F,1939-04-23,59,OWNER,False,21,Tabor,south Bohemia,103347,9104.0,2.0,2299.0,1,4961.0,30276.0,12.0,2523.0,B,Cerrado,1,2523.0,2523.0,303,793196.0,782336.0,16253.069306,-10605.0,58158.0
26,F,1969-04-20,29,OWNER,,74,Ostrava - mesto,north Moravia,323870,10673.0,5.0,18782.0,0,,0.0,,0.0,Sin Prestamo,Sin Prestamo,1,2003.0,2003.0,116,86224.0,68537.0,15604.120689,500.0,20458.0
27,F,1966-03-26,32,OWNER,,54,Brno - mesto,south Moravia,387570,9897.0,2.0,18721.0,0,,0.0,,0.0,Sin Prestamo,Sin Prestamo,1,6276.0,6276.0,62,175834.0,122604.0,35286.290322,1100.0,61685.0
28,M,1945-09-29,53,OWNER,,1,Hl.m. Praha,Prague,1204953,12541.0,0.0,85677.0,0,,0.0,,0.0,Sin Prestamo,Sin Prestamo,1,6352.0,6352.0,310,1067606.0,1031884.0,40694.506451,1100.0,68160.0
29,F,1951-09-11,47,OWNER,,30,Sokolov,west Bohemia,94812,9650.0,3.0,2985.0,0,,0.0,,0.0,Sin Prestamo,Sin Prestamo,1,5807.0,5807.0,370,1639485.0,1556404.0,52316.197297,800.0,95299.0
30,F,1957-10-09,41,OWNER,,74,Ostrava - mesto,north Moravia,323870,10673.0,5.0,18782.0,0,,0.0,,0.0,Sin Prestamo,Sin Prestamo,2,7862.0,3931.0,140,354861.0,333282.0,27687.621428,1000.0,49091.0
31,M,1962-02-09,36,OWNER,True,68,Frydek - Mistek,north Moravia,228848,9893.0,4.0,5623.0,1,4962.0,30276.0,12.0,2523.0,A,Cerrado,4,10614.0,2653.5,274,1494375.0,1464181.0,56279.237226,900.0,134210.0
32,M,1980-07-28,18,OWNER,,52,Usti nad Orlici,east Bohemia,139012,8363.0,3.0,2564.0,0,,0.0,,0.0,Sin Prestamo,Sin Prestamo,1,10387.0,10387.0,351,1761407.0,1709657.0,32862.658119,800.0,83469.0
33,F,1948-12-04,50,OWNER,,73,Opava,north Moravia,182027,8746.0,3.0,4355.0,0,,0.0,,0.0,Sin Prestamo,Sin Prestamo,1,4054.0,4054.0,352,618580.0,586402.0,22750.397727,900.0,40464.0
36,F,1978-07-17,20,OWNER,,7,Melnik,central Bohemia,94725,9920.0,2.0,4289.0,0,,0.0,,0.0,Sin Prestamo,Sin Prestamo,3,7708.0,2569.333333,367,961742.0,924209.0,32130.411444,700.0,59950.0
37,M,1970-08-10,28,DISPONENT,,7,Melnik,central Bohemia,94725,9920.0,2.0,4289.0,0,,0.0,,0.0,Sin Prestamo,Sin Prestamo,0,0.0,,0,0.0,0.0,,,
38,F,1973-07-23,25,OWNER,,36,Liberec,north Bohemia,159617,9198.0,3.0,5796.0,0,,0.0,,0.0,Sin Prestamo,Sin Prestamo,1,2480.0,2480.0,281,2302980.0,2258841.0,56750.234875,400.0,149154.0
39,M,1968-01-25,30,OWNER,,68,Frydek - Mistek,north Moravia,228848,9893.0,4.0,5623.0,0,,0.0,,0.0,Sin Prestamo,Sin Prestamo,1,10202.0,10202.0,383,2910489.0,2897211.0,57445.587467,800.0,137131.0
40,F,1957-01-22,41,OWNER,,5,Kolin,central Bohemia,95616,9307.0,4.0,2616.0,0,,0.0,,0.0,Sin Prestamo,Sin Prestamo,0,0.0,,180,734334.0,644625.0,55656.966666,700.0,90565.0
41,M,1968-08-27,30,OWNER,,22,Domazlice,west Bohemia,58400,8620.0,1.0,1089.0,0,,0.0,,0.0,Sin Prestamo,Sin Prestamo,1,3892.0,3892.0,344,1672201.0,1559813.0,72337.561046,600.0,123696.0
42,M,1935-08-17,63,OWNER,,68,Frydek - Mistek,north Moravia,228848,9893.0,4.0,5623.0,0,,0.0,,0.0,Sin Prestamo,Sin Prestamo,3,8051.0,2683.666666,409,2196376.0,2146258.0,53975.894865,600.0,94580.0
43,M,1920-10-28,78,OWNER,,75,Prerov,north Moravia,138032,8819.0,5.0,4063.0,0,,0.0,,0.0,Sin Prestamo,Sin Prestamo,2,2384.0,1192.0,379,359359.0,338634.0,19932.319261,600.0,32520.0
44,F,1977-01-11,21,OWNER,,38,Louny,north Bohemia,85852,8965.0,7.0,2653.0,0,,0.0,,0.0,Sin Prestamo,Sin Prestamo,1,4069.0,4069.0,388,1436080.0,1356953.0,44958.030927,500.0,85055.0
45,M,1952-08-26,46,OWNER,,20,Strakonice,south Bohemia,70646,8547.0,3.0,1563.0,1,4967.0,318480.0,60.0,5308.0,D,Vigente,4,10306.0,2576.5,130,497029.0,451130.0,37547.484615,-1011.0,104762.0
46,F,1940-01-30,58,OWNER,,19,Prachatice,south Bohemia,51428,8402.0,3.0,999.0,1,4968.0,110736.0,48.0,2307.0,C,Vigente,4,9667.0,2416.75,130,308266.0,263686.0,34462.384615,13841.0,55991.0
47,M,1934-07-14,64,OWNER,,76,Sumperk,north Moravia,127369,8369.0,5.0,3736.0,0,,0.0,,0.0,Sin Prestamo,Sin Prestamo,2,3115.0,1557.5,399,414931.0,398635.0,24918.152882,1100.0,36322.0
48,M,1940-02-09,58,OWNER,,16,Jindrichuv Hradec,south Bohemia,93931,8427.0,1.0,1874.0,0,,0.0,,0.0,Sin Prestamo,Sin Prestamo,2,4334.0,2167.0,366,464911.0,441227.0,23698.267759,700.0,41560.0
49,F,1959-05-11,39,OWNER,,72,Olomouc,north Moravia,226122,8994.0,4.0,9672.0,0,,0.0,,0.0,Sin Prestamo,Sin Prestamo,0,0.0,,71,327943.0,227180.0,58751.802816,800.0,100992.0
50,F,1978-07-30,20,OWNER,,39,Most,north Bohemia,119895,10446.0,7.0,4947.0,0,,0.0,,0.0,Sin Prestamo,Sin Prestamo,3,6070.0,2023.333333,198,310492.0,284514.0,29084.141414,800.0,45322.0
51,F,1979-12-02,19,OWNER,,36,Liberec,north Bohemia,159617,9198.0,3.0,5796.0,0,,0.0,,0.0,Sin Prestamo,Sin Prestamo,1,6589.0,6589.0,321,1451227.0,1390480.0,60897.218068,1100.0,99572.0
52,M,1924-12-12,74,OWNER,,32,Ceska Lipa,north Bohemia,105058,9272.0,3.0,4340.0,0,,0.0,,0.0,Sin Prestamo,Sin Prestamo,1,2344.0,2344.0,316,286629.0,262812.0,19124.759493,400.0,29482.0
53,M,1977-05-05,21,OWNER,,64,Zlin,south Moravia,197099,9624.0,2.0,4484.0,0,,0.0,,0.0,Sin Prestamo,Sin Prestamo,0,0.0,,69,79639.0,53765.0,27239.797101,300.0,52970.0
55,F,1948-09-18,50,OWNER,,45,Jicin,east Bohemia,77917,8390.0,2.0,2080.0,0,,0.0,,0.0,Sin Prestamo,Sin Prestamo,4,7264.0,1816.0,565,2506331.0,2427593.0,45139.157522,300.0,108509.0
56,M,1960-03-31,38,OWNER,,21,Tabor,south Bohemia,103347,9104.0,2.0,2299.0,0,,0.0,,0.0,Sin Prestamo,Sin Prestamo,2,7297.0,3648.5,151,634071.0,563160.0,49740.437086,700.0,72803.0
57,F,1961-12-17,37,DISPONENT,,21,Tabor,south Bohemia,103347,9104.0,2.0,2299.0,0,,0.0,,0.0,Sin Prestamo,Sin Prestamo,0,0.0,,0,0.0,0.0,,,
58,F,1927-04-29,71,OWNER,,1,Hl.m. Praha,Prague,1204953,12541.0,0.0,85677.0,0,,0.0,,0.0,Sin Prestamo,Sin Prestamo,1,3102.0,3102.0,93,99237.0,83932.0,15599.064516,300.0,24004.0
59,M,1957-02-18,41,OWNER,,1,Hl.m. Praha,Prague,1204953,12541.0,0.0,85677.0,0,,0.0,,0.0,Sin Prestamo,Sin Prestamo,2,7293.0,3646.5,377,1001520.0,915408.0,37433.424403,900.0,90088.0
60,M,1980-02-19,18,OWNER,,67,Bruntal,north Moravia,106054,8110.0,6.0,3244.0,0,,0.0,,0.0,Sin Prestamo,Sin Prestamo,2,4131.0,2065.5,192,710284.0,612070.0,59944.59375,800.0,106203.0
61,F,1948-08-06,50,OWNER,,16,Jindrichuv Hradec,south Bohemia,93931,8427.0,1.0,1874.0,0,,0.0,,0.0,Sin Prestamo,Sin Prestamo,2,4283.0,2141.5,144,642934.0,621779.0,39730.826388,900.0,83077.0
62,M,1932-12-08,66,OWNER,,77,Vsetin,north Moravia,148545,8909.0,4.0,3460.0,0,,0.0,,0.0,Sin Prestamo,Sin Prestamo,1,2851.0,2851.0,197,187627.0,172509.0,18613.86802,700.0,27519.0
63,M,1959-06-04,39,OWNER,,4,Kladno,central Bohemia,149893,9753.0,5.0,5244.0,0,,0.0,,0.0,Sin Prestamo,Sin Prestamo,1,2280.0,2280.0,210,154800.0,127995.0,18798.228571,1000.0,29756.0
64,M,1926-04-22,72,OWNER,,20,Strakonice,south Bohemia,70646,8547.0,3.0,1563.0,0,,0.0,,0.0,Sin Prestamo,Sin Prestamo,1,3086.0,3086.0,150,159868.0,138889.0,16824.973333,300.0,23445.0
65,F,1943-05-27,55,OWNER,,50,Svitavy,east Bohemia,102609,8187.0,5.0,2123.0,0,,0.0,,0.0,Sin Prestamo,Sin Prestamo,1,8080.0,8080.0,293,909741.0,852190.0,34957.843003,900.0,78757.0
66,F,1951-11-10,47,OWNER,,1,Hl.m. Praha,Prague,1204953,12541.0,0.0,85677.0,0,,0.0,,0.0,Sin Prestamo,Sin Prestamo,1,4107.0,4107.0,255,1009437.0,946443.0,43838.760784,700.0,77726.0
67,F,1932-11-11,66,OWNER,,29,Rokycany,west Bohemia,45714,8843.0,3.0,818.0,0,,0.0,,0.0,Sin Prestamo,Sin Prestamo,0,0.0,,137,164373.0,153122.0,12628.875912,-2204.0,28954.0
68,M,1946-12-14,52,OWNER,,43,Hradec Kralove,east Bohemia,161854,9425.0,2.0,4085.0,0,,0.0,,0.0,Sin Prestamo,Sin Prestamo,2,6885.0,3442.5,385,941102.0,861305.0,45484.732467,600.0,89720.0
70,M,1925-12-22,73,OWNER,,70,Karvina,north Moravia,285387,10177.0,7.0,9878.0,0,,0.0,,0.0,Sin Prestamo,Sin Prestamo,2,2313.0,1156.5,339,246503.0,228095.0,19932.362831,700.0,31765.0
71,F,1927-02-06,71,DISPONENT,,70,Karvina,north Moravia,285387,10177.0,7.0,9878.0,0,,0.0,,0.0,Sin Prestamo,Sin Prestamo,0,0.0,,0,0.0,0.0,,,
72,M,1923-01-13,75,OWNER,,47,Pardubice,east Bohemia,162580,9538.0,2.0,6079.0,0,,0.0,,0.0,Sin Prestamo,Sin Prestamo,1,2273.0,2273.0,356,357755.0,341095.0,23603.598314,1100.0,36366.0
73,M,1924-02-20,74,OWNER,,22,Domazlice,west Bohemia,58400,8620.0,1.0,1089.0,0,,0.0,,0.0,Sin Prestamo,Sin Prestamo,2,2394.0,1197.0,129,128535.0,96207.0,26384.813953,600.0,37303.0
74,F,1925-07-26,73,DISPONENT,,22,Domazlice,west Bohemia,58400,8620.0,1.0,1089.0,0,,0.0,,0.0,Sin Prestamo,Sin Prestamo,0,0.0,,0,0.0,0.0,,,
75,F,1977-09-19,21,OWNER,,64,Zlin,south Moravia,197099,9624.0,2.0,4484.0,0,,0.0,,0.0,Sin Prestamo,Sin Prestamo,0,0.0,,44,119828.0,98100.0,24198.568181,200.0,79559.0
76,F,1967-10-01,31,OWNER,,36,Liberec,north Bohemia,159617,9198.0,3.0,5796.0,0,,0.0,,0.0,Sin Prestamo,Sin Prestamo,3,7402.0,2467.333333,181,706799.0,650659.0,53423.298342,600.0,85379.0
77,F,1956-02-18,42,OWNER,,1,Hl.m. Praha,Prague,1204953,12541.0,0.0,85677.0,0,,0.0,,0.0,Sin Prestamo,Sin Prestamo,1,4471.0,4471.0,316,2989788.0,2889532.0,64825.601265,400.0,129813.0
78,F,1944-06-13,54,OWNER,True,16,Jindrichuv Hradec,south Bohemia,93931,8427.0,1.0,1874.0,1,4973.0,165960.0,24.0,6915.0,A,Cerrado,3,13753.0,4584.333333,382,2278938.0,2239245.0,56893.405759,700.0,134939.0
79,F,1969-03-10,29,OWNER,,37,Litomerice,north Bohemia,114006,9065.0,4.0,4147.0,0,,0.0,,0.0,Sin Prestamo,Sin Prestamo,4,3089.0,772.25,424,1871323.0,1774206.0,65934.169811,200.0,131470.0
80,F,1979-02-25,19,OWNER,,64,Zlin,south Moravia,197099,9624.0,2.0,4484.0,0,,0.0,,0.0,Sin Prestamo,Sin Prestamo,0,0.0,,196,282307.0,218845.0,29508.928571,600.0,71708.0
81,M,1976-04-29,22,OWNER,,8,Mlada Boleslav,central Bohemia,112065,11277.0,1.0,5179.0,0,,0.0,,0.0,Sin Prestamo,Sin Prestamo,1,4150.0,4150.0,245,478824.0,436415.0,38459.75102,500.0,60184.0
82,F,1979-12-25,19,DISPONENT,,8,Mlada Boleslav,central Bohemia,112065,11277.0,1.0,5179.0,0,,0.0,,0.0,Sin Prestamo,Sin Prestamo,0,0.0,,0,0.0,0.0,,,
83,F,1978-12-25,20,OWNER,,1,Hl.m. Praha,Prague,1204953,12541.0,0.0,85677.0,0,,0.0,,0.0,Sin Prestamo,Sin Prestamo,4,4359.0,1089.75,496,1382686.0,1313133.0,51627.147177,700.0,94860.0
84,M,1979-05-05,19,DISPONENT,,1,Hl.m. Praha,Prague,1204953,12541.0,0.0,85677.0,0,,0.0,,0.0,Sin Prestamo,Sin Prestamo,0,0.0,,0,0.0,0.0,,,
85,M,1961-08-27,37,OWNER,,1,Hl.m. Praha,Prague,1204953,12541.0,0.0,85677.0,0,,0.0,,0.0,Sin Prestamo,Sin Prestamo,3,12318.0,4106.0,242,1654842.0,1632504.0,55671.095041,1100.0,156396.0
86,F,1969-07-20,29,DISPONENT,,1,Hl.m. Praha,Prague,1204953,12541.0,0.0,85677.0,0,,0.0,,0.0,Sin Prestamo,Sin Prestamo,0,0.0,,0,0.0,0.0,,,
87,F,1946-11-17,52,OWNER,,72,Olomouc,north Moravia,226122,8994.0,4.0,9672.0,0,,0.0,,0.0,Sin Prestamo,Sin Prestamo,1,6061.0,6061.0,366,1313258.0,1251353.0,48022.07377,400.0,89175.0
89,F,1951-05-05,47,OWNER,,1,Hl.m. Praha,Prague,1204953,12541.0,0.0,85677.0,0,,0.0,,0.0,Sin Prestamo,Sin Prestamo,1,3369.0,3369.0,215,555592.0,530309.0,24760.167441,700.0,49848.0
90,M,1975-08-17,23,OWNER,,52,Usti nad Orlici,east Bohemia,139012,8363.0,3.0,2564.0,0,,0.0,,0.0,Sin Prestamo,Sin Prestamo,1,5208.0,5208.0,163,299931.0,280306.0,29175.969325,200.0,49609.0
91,M,1940-08-07,58,OWNER,,63,Vyskov,south Moravia,86513,8288.0,4.0,1562.0,0,,0.0,,0.0,Sin Prestamo,Sin Prestamo,1,1709.0,1709.0,104,473646.0,454312.0,29181.384615,400.0,56325.0
92,F,1966-06-12,32,OWNER,,74,Ostrava - mesto,north Moravia,323870,10673.0,5.0,18782.0,0,,0.0,,0.0,Sin Prestamo,Sin Prestamo,1,9039.0,9039.0,388,1273708.0,1195794.0,35816.945876,400.0,78733.0
93,M,1925-02-16,73,OWNER,,3,Beroun,central Bohemia,75232,8980.0,2.0,2824.0,0,,0.0,,0.0,Sin Prestamo,Sin Prestamo,1,2788.0,2788.0,104,106824.0,84928.0,19563.51923,600.0,27474.0
94,M,1947-09-09,51,OWNER,,43,Hradec Kralove,east Bohemia,161854,9425.0,2.0,4085.0,0,,0.0,,0.0,Sin Prestamo,Sin Prestamo,1,2252.0,2252.0,176,135526.0,108188.0,19465.238636,900.0,28082.0
95,F,1952-08-03,46,DISPONENT,,43,Hradec Kralove,east Bohemia,161854,9425.0,2.0,4085.0,0,,0.0,,0.0,Sin Prestamo,Sin Prestamo,0,0.0,,0,0.0,0.0,,,
96,M,1972-02-29,26,OWNER,,74,Ostrava - mesto,north Moravia,323870,10673.0,5.0,18782.0,0,,0.0,,0.0,Sin Prestamo,Sin Prestamo,3,2056.0,685.333333,217,135754.0,99319.0,26561.589861,1000.0,39080.0
97,M,1965-11-28,33,OWNER,,26,Plzen - mesto,west Bohemia,170449,10787.0,3.0,6041.0,0,,0.0,,0.0,Sin Prestamo,Sin Prestamo,0,0.0,,332,2462379.0,2378467.0,61863.472891,300.0,161574.0
98,F,1973-05-04,25,OWNER,,33,Decin,north Bohemia,133777,8705.0,6.0,4650.0,0,,0.0,,0.0,Sin Prestamo,Sin Prestamo,2,6150.0,3075.0,431,725600.0,692385.0,24506.529002,500.0,42435.0
99,M,1973-01-26,25,DISPONENT,,33,Decin,north Bohemia,133777,8705.0,6.0,4650.0,0,,0.0,,0.0,Sin Prestamo,Sin Prestamo,0,0.0,,0,0.0,0.0,,,
100,F,1942-08-11,56,OWNER,,44,Chrudim,east Bohemia,105606,8254.0,3.0,2166.0,0,,0.0,,0.0,Sin Prestamo,Sin Prestamo,2,14161.0,7080.5,211,1239522.0,1135396.0,47136.398104,1100.0,133184.0
101,M,1943-01-23,55,OWNER,,68,Frydek - Mistek,north Moravia,228848,9893.0,4.0,5623.0,0,,0.0,,0.0,Sin Prestamo,Sin Prestamo,2,5623.0,2811.5,108,181596.0,129587.0,29104.953703,400.0,59467.0
102,F,1958-09-10,40,OWNER,,74,Ostrava - mesto,north Moravia,323870,10673.0,5.0,18782.0,0,,0.0,,0.0,Sin Prestamo,Sin Prestamo,2,2162.0,1081.0,410,233442.0,211485.0,20226.519512,800.0,28700.0
103,M,1955-07-11,43,DISPONENT,,74,Ostrava - mesto,north Moravia,323870,10673.0,5.0,18782.0,0,,0.0,,0.0,Sin Prestamo,Sin Prestamo,0,0.0,,0,0.0,0.0,,,
105,M,1980-05-26,18,OWNER,,31,Tachov,west Bohemia,51313,8930.0,4.0,1328.0,0,,0.0,,0.0,Sin Prestamo,Sin Prestamo,1,2268.0,2268.0,140,104549.0,80133.0,19335.357142,300.0,27174.0
106,F,1968-12-30,30,OWNER,,68,Frydek - Mistek,north Moravia,228848,9893.0,4.0,5623.0,0,,0.0,,0.0,Sin Prestamo,Sin Prestamo,0,0.0,,61,98566.0,60650.0,29212.606557,600.0,39075.0
107,M,1972-06-23,26,OWNER,,1,Hl.m. Praha,Prague,1204953,12541.0,0.0,85677.0,0,,0.0,,0.0,Sin Prestamo,Sin Prestamo,4,9882.0,2470.5,457,1431984.0,1407873.0,31181.62582,500.0,74107.0
108,M,1963-09-13,35,OWNER,,17,Pelhrimov,south Bohemia,74062,8114.0,2.0,1003.0,0,,0.0,,0.0,Sin Prestamo,Sin Prestamo,0,0.0,,79,266450.0,270638.0,21705.56962,-4188.0,77111.0
110,F,1967-04-13,31,OWNER,,2,Benesov,central Bohemia,88884,8507.0,2.0,2159.0,0,,0.0,,0.0,Sin Prestamo,Sin Prestamo,0,0.0,,143,261393.0,227390.0,26405.223776,500.0,38377.0
112,M,1935-01-25,63,OWNER,,1,Hl.m. Praha,Prague,1204953,12541.0,0.0,85677.0,0,,0.0,,0.0,Sin Prestamo,Sin Prestamo,0,0.0,,217,1182232.0,1101800.0,54172.368663,200.0,97808.0
113,F,1940-08-15,58,DISPONENT,,1,Hl.m. Praha,Prague,1204953,12541.0,0.0,85677.0,0,,0.0,,0.0,Sin Prestamo,Sin Prestamo,0,0.0,,0,0.0,0.0,,,
114,F,1969-06-24,29,OWNER,,74,Ostrava - mesto,north Moravia,323870,10673.0,5.0,18782.0,0,,0.0,,0.0,Sin Prestamo,Sin Prestamo,5,8160.0,1632.0,661,3417355.0,3332515.0,75665.49773,1100.0,156580.0
115,M,1969-12-24,29,DISPONENT,,74,Ostrava - mesto,north Moravia,323870,10673.0,5.0,18782.0,0,,0.0,,0.0,Sin Prestamo,Sin Prestamo,0,0.0,,0,0.0,0.0,,,
116,M,1942-01-28,56,OWNER,True,74,Ostrava - mesto,north Moravia,323870,10673.0,5.0,18782.0,1,4986.0,102876.0,12.0,8573.0,A,Cerrado,5,12438.0,2487.6,274,640923.0,588347.0,39814.627737,900.0,67288.0
117,F,1936-09-20,62,DISPONENT,True,74,Ostrava - mesto,north Moravia,323870,10673.0,5.0,18782.0,0,,0.0,,0.0,Sin Prestamo,Sin Prestamo,0,0.0,,0,0.0,0.0,,,
118,M,1922-07-19,76,OWNER,,55,Brno - venkov,south Moravia,157042,8743.0,2.0,3659.0,0,,0.0,,0.0,Sin Prestamo,Sin Prestamo,2,2318.0,1159.0,106,93422.0,78984.0,15575.688679,1100.0,25586.0
119,F,1922-02-28,76,DISPONENT,,55,Brno - venkov,south Moravia,157042,8743.0,2.0,3659.0,0,,0.0,,0.0,Sin Prestamo,Sin Prestamo,0,0.0,,0,0.0,0.0,,,
120,M,1976-05-10,22,OWNER,,1,Hl.m. Praha,Prague,1204953,12541.0,0.0,85677.0,0,,0.0,,0.0,Sin Prestamo,Sin Prestamo,2,9185.0,4592.5,248,1258142.0,1255846.0,48417.237903,600.0,122885.0
121,F,1978-10-29,20,OWNER,,41,Usti nad Labem,north Bohemia,118650,9832.0,3.0,6445.0,0,,0.0,,0.0,Sin Prestamo,Sin Prestamo,2,7927.0,3963.5,405,883222.0,808397.0,42188.222222,600.0,84377.0
122,F,1963-11-13,35,OWNER,,35,Jablonec n. Nisou,north Bohemia,88768,8867.0,1.0,3384.0,0,,0.0,,0.0,Sin Prestamo,Sin Prestamo,2,8892.0,4446.0,208,676125.0,602446.0,47642.278846,1000.0,81423.0
123,M,1969-02-12,29,OWNER,,11,Praha - zapad,central Bohemia,75637,9622.0,0.0,3475.0,0,,0.0,,0.0,Sin Prestamo,Sin Prestamo,3,11120.0,3706.666666,319,909036.0,859056.0,30807.821316,-7104.0,96777.0
124,M,1967-09-21,31,OWNER,,44,Chrudim,east Bohemia,105606,8254.0,3.0,2166.0,1,4988.0,265320.0,36.0,7370.0,D,Vigente,1,7370.0,7370.0,185,876388.0,838370.0,48288.848648,-1140.0,124758.0
125,M,1936-10-31,62,OWNER,,37,Litomerice,north Bohemia,114006,9065.0,4.0,4147.0,0,,0.0,,0.0,Sin Prestamo,Sin Prestamo,2,2042.0,1021.0,385,214126.0,188513.0,20608.267532,500.0,31741.0
126,F,1929-09-27,69,DISPONENT,,37,Litomerice,north Bohemia,114006,9065.0,4.0,4147.0,0,,0.0,,0.0,Sin Prestamo,Sin Prestamo,0,0.0,,0,0.0,0.0,,,
127,F,1950-12-27,48,OWNER,,21,Tabor,south Bohemia,103347,9104.0,2.0,2299.0,1,4989.0,352704.0,48.0,7348.0,C,Vigente,1,7348.0,7348.0,59,255490.0,238272.0,30200.627118,800.0,74694.0
128,F,1973-04-04,25,OWNER,,63,Vyskov,south Moravia,86513,8288.0,4.0,1562.0,0,,0.0,,0.0,Sin Prestamo,Sin Prestamo,1,3735.0,3735.0,282,959860.0,894935.0,45592.531914,500.0,76991.0
129,F,1947-05-31,51,OWNER,,64,Zlin,south Moravia,197099,9624.0,2.0,4484.0,0,,0.0,,0.0,Sin Prestamo,Sin Prestamo,3,4554.0,1518.0,476,551136.0,506887.0,32995.533613,1000.0,50612.0
130,M,1942-02-14,56,OWNER,,53,Blansko,south Moravia,107911,8240.0,3.0,1850.0,0,,0.0,,0.0,Sin Prestamo,Sin Prestamo,1,4803.0,4803.0,241,794909.0,737940.0,52509.634854,800.0,88609.0
131,F,1977-01-31,21,OWNER,,53,Blansko,south Moravia,107911,8240.0,3.0,1850.0,0,,0.0,,0.0,Sin Prestamo,Sin Prestamo,0,0.0,,113,122673.0,80855.0,34065.256637,1100.0,53624.0
132,M,1953-01-26,45,OWNER,,36,Liberec,north Bohemia,159617,9198.0,3.0,5796.0,1,4990.0,162576.0,36.0,4516.0,C,Vigente,3,7664.0,2554.666666,209,751638.0,677768.0,45365.325358,900.0,79652.0
134,M,1932-01-18,66,OWNER,,6,Kutna Hora,central Bohemia,77963,8546.0,3.0,2640.0,0,,0.0,,0.0,Sin Prestamo,Sin Prestamo,1,2051.0,2051.0,356,468252.0,416470.0,24899.382022,200.0,52895.0
135,F,1938-09-10,60,DISPONENT,,6,Kutna Hora,central Bohemia,77963,8546.0,3.0,2640.0,0,,0.0,,0.0,Sin Prestamo,Sin Prestamo,0,0.0,,0,0.0,0.0,,,
136,F,1921-01-26,77,OWNER,,55,Brno - venkov,south Moravia,157042,8743.0,2.0,3659.0,0,,0.0,,0.0,Sin Prestamo,Sin Prestamo,1,3146.0,3146.0,136,188754.0,162410.0,20808.889705,600.0,32697.0
137,M,1923-09-14,75,OWNER,,60,Prostejov,south Moravia,110643,8441.0,3.0,1879.0,0,,0.0,,0.0,Sin Prestamo,Sin Prestamo,2,2123.0,1061.5,103,90907.0,64811.0,20649.592233,500.0,27332.0
138,F,1972-10-21,26,OWNER,,54,Brno - mesto,south Moravia,387570,9897.0,2.0,18721.0,0,,0.0,,0.0,Sin Prestamo,Sin Prestamo,1,5110.0,5110.0,376,634593.0,601010.0,32952.452127,800.0,52047.0
139,F,1959-07-25,39,OWNER,,8,Mlada Boleslav,central Bohemia,112065,11277.0,1.0,5179.0,0,,0.0,,0.0,Sin Prestamo,Sin Prestamo,2,6456.0,3228.0,178,840024.0,767821.0,35364.651685,800.0,77466.0
140,M,1961-06-06,37,DISPONENT,,8,Mlada Boleslav,central Bohemia,112065,11277.0,1.0,5179.0,0,,0.0,,0.0,Sin Prestamo,Sin Prestamo,0,0.0,,0,0.0,0.0,,,
141,M,1925-11-02,73,OWNER,,31,Tachov,west Bohemia,51313,8930.0,4.0,1328.0,0,,0.0,,0.0,Sin Prestamo,Sin Prestamo,1,2329.0,2329.0,330,320042.0,303385.0,21606.00303,900.0,32382.0
142,M,1937-06-21,61,OWNER,,68,Frydek - Mistek,north Moravia,228848,9893.0,4.0,5623.0,0,,0.0,,0.0,Sin Prestamo,Sin Prestamo,1,2449.0,2449.0,73,82020.0,52540.0,27678.082191,600.0,40532.0
143,M,1978-07-09,20,OWNER,,27,Plzen - jih,west Bohemia,67298,8561.0,1.0,1029.0,0,,0.0,,0.0,Sin Prestamo,Sin Prestamo,1,8252.0,8252.0,395,1583828.0,1526454.0,39911.205063,800.0,70508.0
144,M,1958-12-06,40,OWNER,,65,Znojmo,south Moravia,114200,8403.0,6.0,2157.0,0,,0.0,,0.0,Sin Prestamo,Sin Prestamo,2,5864.0,2932.0,245,1076827.0,1050990.0,45758.212244,1100.0,131889.0
145,M,1978-02-14,20,OWNER,,55,Brno - venkov,south Moravia,157042,8743.0,2.0,3659.0,0,,0.0,,0.0,Sin Prestamo,Sin Prestamo,3,2116.0,705.333333,92,76043.0,41090.0,27489.521739,200.0,37504.0
146,F,1961-12-19,37,OWNER,,31,Tachov,west Bohemia,51313,8930.0,4.0,1328.0,0,,0.0,,0.0,Sin Prestamo,Sin Prestamo,0,0.0,,110,650394.0,593615.0,55008.645454,900.0,86062.0
147,F,1933-11-02,65,OWNER,,21,Tabor,south Bohemia,103347,9104.0,2.0,2299.0,0,,0.0,,0.0,Sin Prestamo,Sin Prestamo,1,3016.0,3016.0,334,338914.0,315550.0,17649.032934,200.0,27494.0
148,M,1940-12-25,58,DISPONENT,,21,Tabor,south Bohemia,103347,9104.0,2.0,2299.0,0,,0.0,,0.0,Sin Prestamo,Sin Prestamo,0,0.0,,0,0.0,0.0,,,
149,M,1948-06-27,50,OWNER,,55,Brno - venkov,south Moravia,157042,8743.0,2.0,3659.0,0,,0.0,,0.0,Sin Prestamo,Sin Prestamo,3,1993.0,664.333333,70,51535.0,37971.0,17890.728571,800.0,26468.0
150,F,1980-09-27,18,OWNER,,2,Benesov,central Bohemia,88884,8507.0,2.0,2159.0,0,,0.0,,0.0,Sin Prestamo,Sin Prestamo,1,4422.0,4422.0,150,983803.0,918944.0,48176.626666,200.0,130433.0
151,F,1971-09-23,27,OWNER,,51,Trutnov,east Bohemia,121947,8541.0,3.0,3496.0,0,,0.0,,0.0,Sin Prestamo,Sin Prestamo,1,7384.0,7384.0,335,1608417.0,1558079.0,44559.346268,200.0,118219.0
152,F,1945-12-02,53,OWNER,,29,Rokycany,west Bohemia,45714,8843.0,3.0,818.0,0,,0.0,,0.0,Sin Prestamo,Sin Prestamo,1,2242.0,2242.0,274,202598.0,185070.0,15760.39051,600.0,23673.0
153,F,1981-02-12,17,OWNER,,13,Rakovnik,central Bohemia,53921,8598.0,3.0,1597.0,0,,0.0,,0.0,Sin Prestamo,Sin Prestamo,0,0.0,,399,444797.0,370105.0,43410.671679,300.0,86413.0
154,M,1933-08-27,65,OWNER,,74,Ostrava - mesto,north Moravia,323870,10673.0,5.0,18782.0,0,,0.0,,0.0,Sin Prestamo,Sin Prestamo,1,3417.0,3417.0,67,106870.0,87010.0,21630.477611,600.0,29052.0
155,F,1939-03-13,59,DISPONENT,,74,Ostrava - mesto,north Moravia,323870,10673.0,5.0,18782.0,0,,0.0,,0.0,Sin Prestamo,Sin Prestamo,0,0.0,,0,0.0,0.0,,,
156,F,1930-07-22,68,OWNER,,54,Brno - mesto,south Moravia,387570,9897.0,2.0,18721.0,0,,0.0,,0.0,Sin Prestamo,Sin Prestamo,1,3969.0,3969.0,103,152314.0,123148.0,26258.514563,300.0,35067.0
157,F,1943-07-09,55,OWNER,,52,Usti nad Orlici,east Bohemia,139012,8363.0,3.0,2564.0,0,,0.0,,0.0,Sin Prestamo,Sin Prestamo,1,6904.0,6904.0,212,496066.0,459722.0,25011.849056,5496.0,48212.0
158,F,1945-07-03,53,OWNER,True,40,Teplice,north Bohemia,128118,9317.0,6.0,6949.0,1,4996.0,88440.0,12.0,7370.0,A,Cerrado,1,7370.0,7370.0,198,1285258.0,1250697.0,52603.116161,200.0,144112.0
159,M,1938-09-10,60,DISPONENT,True,40,Teplice,north Bohemia,128118,9317.0,6.0,6949.0,0,,0.0,,0.0,Sin Prestamo,Sin Prestamo,0,0.0,,0,0.0,0.0,,,
160,F,1942-04-26,56,OWNER,,64,Zlin,south Moravia,197099,9624.0,2.0,4484.0,0,,0.0,,0.0,Sin Prestamo,Sin Prestamo,3,13160.0,4386.666666,113,694286.0,647705.0,49742.026548,900.0,144565.0
161,F,1943-10-07,55,OWNER,,34,Chomutov,north Bohemia,125236,9675.0,6.0,5323.0,0,,0.0,,0.0,Sin Prestamo,Sin Prestamo,0,0.0,,48,140633.0,95105.0,36312.208333,300.0,47697.0
162,M,1941-10-17,57,OWNER,,65,Znojmo,south Moravia,114200,8403.0,6.0,2157.0,0,,0.0,,0.0,Sin Prestamo,Sin Prestamo,0,0.0,,326,408097.0,334415.0,40000.690184,700.0,75906.0
163,M,1933-06-12,65,OWNER,,74,Ostrava - mesto,north Moravia,323870,10673.0,5.0,18782.0,0,,0.0,,0.0,Sin Prestamo,Sin Prestamo,1,2932.0,2932.0,152,200858.0,173772.0,20929.480263,600.0,32170.0
164,F,1962-04-04,36,OWNER,,70,Karvina,north Moravia,285387,10177.0,7.0,9878.0,0,,0.0,,0.0,Sin Prestamo,Sin Prestamo,2,4251.0,2125.5,181,736255.0,686691.0,37759.458563,900.0,81958.0
165,M,1968-11-08,30,OWNER,,22,Domazlice,west Bohemia,58400,8620.0,1.0,1089.0,0,,0.0,,0.0,Sin Prestamo,Sin Prestamo,0,0.0,,24,37600.0,16400.0,15608.333333,1100.0,21200.0
166,F,1961-10-22,37,DISPONENT,,22,Domazlice,west Bohemia,58400,8620.0,1.0,1089.0,0,,0.0,,0.0,Sin Prestamo,Sin Prestamo,0,0.0,,0,0.0,0.0,,,
167,F,1978-04-18,20,OWNER,,38,Louny,north Bohemia,85852,8965.0,7.0,2653.0,0,,0.0,,0.0,Sin Prestamo,Sin Prestamo,0,0.0,,98,694254.0,640023.0,58606.571428,1000.0,88778.0
168,F,1976-11-05,22,OWNER,,24,Karlovy Vary,west Bohemia,122603,8991.0,1.0,5198.0,0,,0.0,,0.0,Sin Prestamo,Sin Prestamo,0,0.0,,66,190393.0,142830.0,36272.0,300.0,84824.0
169,M,1953-09-12,45,OWNER,,38,Louny,north Bohemia,85852,8965.0,7.0,2653.0,0,,0.0,,0.0,Sin Prestamo,Sin Prestamo,4,14986.0,3746.5,241,1122655.0,1067789.0,36935.941908,900.0,89665.0
170,F,1946-06-16,52,DISPONENT,,38,Louny,north Bohemia,85852,8965.0,7.0,2653.0,0,,0.0,,0.0,Sin Prestamo,Sin Prestamo,0,0.0,,0,0.0,0.0,,,
171,M,1929-06-25,69,OWNER,,51,Trutnov,east Bohemia,121947,8541.0,3.0,3496.0,0,,0.0,,0.0,Sin Prestamo,Sin Prestamo,1,1845.0,1845.0,349,325682.0,303465.0,22251.616045,900.0,30167.0
172,F,1935-10-05,63,DISPONENT,,51,Trutnov,east Bohemia,121947,8541.0,3.0,3496.0,0,,0.0,,0.0,Sin Prestamo,Sin Prestamo,0,0.0,,0,0.0,0.0,,,
173,F,1918-12-08,80,OWNER,,21,Tabor,south Bohemia,103347,9104.0,2.0,2299.0,0,,0.0,,0.0,Sin Prestamo,Sin Prestamo,1,2272.0,2272.0,114,125079.0,102312.0,17934.605263,500.0,27564.0
174,M,1978-11-10,20,OWNER,,10,Praha - vychod,central Bohemia,92084,10124.0,1.0,3810.0,0,,0.0,,0.0,Sin Prestamo,Sin Prestamo,0,0.0,,122,808869.0,724392.0,53206.254098,-2469.0,123234.0
175,M,1960-07-13,38,OWNER,,31,Tachov,west Bohemia,51313,8930.0,4.0,1328.0,0,,0.0,,0.0,Sin Prestamo,Sin Prestamo,1,4815.0,4815.0,204,360550.0,298145.0,43671.186274,1100.0,68969.0
176,M,1929-03-11,69,OWNER,,4,Kladno,central Bohemia,149893,9753.0,5.0,5244.0,0,,0.0,,0.0,Sin Prestamo,Sin Prestamo,1,3823.0,3823.0,305,409540.0,370752.0,22958.236065,500.0,38814.0
178,M,1960-12-22,38,OWNER,,8,Mlada Boleslav,central Bohemia,112065,11277.0,1.0,5179.0,0,,0.0,,0.0,Sin Prestamo,Sin Prestamo,3,2312.0,770.666666,445,233999.0,206817.0,17584.512359,500.0,27206.0
179,M,1980-12-29,18,OWNER,,43,Hradec Kralove,east Bohemia,161854,9425.0,2.0,4085.0,0,,0.0,,0.0,Sin Prestamo,Sin Prestamo,0,0.0,,62,88418.0,34500.0,36291.258064,300.0,58484.0
180,M,1982-01-19,16,OWNER,,73,Opava,north Moravia,182027,8746.0,3.0,4355.0,0,,0.0,,0.0,Sin Prestamo,Sin Prestamo,0,0.0,,244,282083.0,262330.0,39392.946721,1900.0,98752.0
181,M,1967-07-06,31,OWNER,,76,Sumperk,north Moravia,127369,8369.0,5.0,3736.0,0,,0.0,,0.0,Sin Prestamo,Sin Prestamo,2,3079.0,1539.5,394,373461.0,349145.0,19095.840101,1000.0,34425.0
182,F,1959-07-13,39,DISPONENT,,76,Sumperk,north Moravia,127369,8369.0,5.0,3736.0,0,,0.0,,0.0,Sin Prestamo,Sin Prestamo,0,0.0,,0,0.0,0.0,,,
183,F,1978-03-19,20,OWNER,,1,Hl.m. Praha,Prague,1204953,12541.0,0.0,85677.0,0,,0.0,,0.0,Sin Prestamo,Sin Prestamo,2,3419.0,1709.5,196,210063.0,191437.0,19915.857142,1100.0,35746.0
184,M,1972-06-05,26,DISPONENT,,1,Hl.m. Praha,Prague,1204953,12541.0,0.0,85677.0,0,,0.0,,0.0,Sin Prestamo,Sin Prestamo,0,0.0,,0,0.0,0.0,,,
185,M,1954-05-30,44,OWNER,,77,Vsetin,north Moravia,148545,8909.0,4.0,3460.0,0,,0.0,,0.0,Sin Prestamo,Sin Prestamo,1,4544.0,4544.0,336,954958.0,932291.0,27760.5,400.0,53039.0
186,F,1961-02-22,37,OWNER,,46,Nachod,east Bohemia,112709,8369.0,2.0,2854.0,0,,0.0,,0.0,Sin Prestamo,Sin Prestamo,1,3891.0,3891.0,316,843237.0,750894.0,53880.905063,900.0,96137.0
187,M,1942-08-23,56,OWNER,,58,Jihlava,south Moravia,109164,8757.0,3.0,2212.0,0,,0.0,,0.0,Sin Prestamo,Sin Prestamo,1,2988.0,2988.0,205,241998.0,222139.0,25613.385365,300.0,38532.0
188,M,1960-09-02,38,OWNER,,64,Zlin,south Moravia,197099,9624.0,2.0,4484.0,0,,0.0,,0.0,Sin Prestamo,Sin Prestamo,1,2030.0,2030.0,49,50367.0,34055.0,15670.020408,1000.0,21707.0
189,M,1919-08-10,79,OWNER,,11,Praha - zapad,central Bohemia,75637,9622.0,0.0,3475.0,0,,0.0,,0.0,Sin Prestamo,Sin Prestamo,1,3991.0,3991.0,93,147190.0,113237.0,23814.247311,200.0,39576.0
190,F,1947-10-31,51,OWNER,,37,Litomerice,north Bohemia,114006,9065.0,4.0,4147.0,0,,0.0,,0.0,Sin Prestamo,Sin Prestamo,1,3420.0,3420.0,260,1211333.0,1194080.0,43642.596153,700.0,83034.0
191,M,1954-09-03,44,DISPONENT,,37,Litomerice,north Bohemia,114006,9065.0,4.0,4147.0,0,,0.0,,0.0,Sin Prestamo,Sin Prestamo,0,0.0,,0,0.0,0.0,,,
192,M,1971-02-28,27,OWNER,,70,Karvina,north Moravia,285387,10177.0,7.0,9878.0,0,,0.0,,0.0,Sin Prestamo,Sin Prestamo,1,8694.0,8694.0,112,537472.0,442747.0,48505.821428,800.0,103034.0
193,M,1962-05-01,36,OWNER,,1,Hl.m. Praha,Prague,1204953,12541.0,0.0,85677.0,0,,0.0,,0.0,Sin Prestamo,Sin Prestamo,2,7926.0,3963.0,437,948351.0,899431.0,53673.340961,400.0,113217.0
194,F,1924-12-20,74,OWNER,,28,Plzen - sever,west Bohemia,72541,8594.0,2.0,1580.0,0,,0.0,,0.0,Sin Prestamo,Sin Prestamo,2,2281.0,1140.5,304,243896.0,229076.0,20418.713815,900.0,29469.0
195,M,1919-11-18,79,OWNER,,74,Ostrava - mesto,north Moravia,323870,10673.0,5.0,18782.0,0,,0.0,,0.0,Sin Prestamo,Sin Prestamo,1,3458.0,3458.0,286,338544.0,316935.0,26178.888111,200.0,40827.0
196,F,1927-06-25,71,DISPONENT,,74,Ostrava - mesto,north Moravia,323870,10673.0,5.0,18782.0,0,,0.0,,0.0,Sin Prestamo,Sin Prestamo,0,0.0,,0,0.0,0.0,,,
197,M,1933-04-25,65,OWNER,,30,Sokolov,west Bohemia,94812,9650.0,3.0,2985.0,0,,0.0,,0.0,Sin Prestamo,Sin Prestamo,2,3728.0,1864.0,434,484028.0,446516.0,27620.764976,900.0,43752.0
198,M,1976-07-14,22,OWNER,,60,Prostejov,south Moravia,110643,8441.0,3.0,1879.0,0,,0.0,,0.0,Sin Prestamo,Sin Prestamo,0,0.0,,51,157159.0,124300.0,26588.588235,200.0,67994.0
199,M,1923-06-21,75,OWNER,,29,Rokycany,west Bohemia,45714,8843.0,3.0,818.0,0,,0.0,,0.0,Sin Prestamo,Sin Prestamo,1,1788.0,1788.0,372,469929.0,408366.0,32643.991935,1000.0,62489.0
200,F,1928-01-13,70,DISPONENT,,29,Rokycany,west Bohemia,45714,8843.0,3.0,818.0,0,,0.0,,0.0,Sin Prestamo,Sin Prestamo,0,0.0,,0,0.0,0.0,,,
201,F,1930-08-19,68,OWNER,,17,Pelhrimov,south Bohemia,74062,8114.0,2.0,1003.0,0,,0.0,,0.0,Sin Prestamo,Sin Prestamo,1,3044.0,3044.0,119,131007.0,109351.0,24419.134453,800.0,31842.0
202,F,1976-11-21,22,OWNER,,29,Rokycany,west Bohemia,45714,8843.0,3.0,818.0,0,,0.0,,0.0,Sin Prestamo,Sin Prestamo,0,0.0,,177,1402465.0,1353124.0,65461.58192,1100.0,126467.0
203,M,1962-06-10,36,OWNER,,31,Tachov,west Bohemia,51313,8930.0,4.0,1328.0,0,,0.0,,0.0,Sin Prestamo,Sin Prestamo,1,2013.0,2013.0,329,210340.0,194577.0,17309.823708,500.0,24794.0
204,F,1967-06-17,31,DISPONENT,,31,Tachov,west Bohemia,51313,8930.0,4.0,1328.0,0,,0.0,,0.0,Sin Prestamo,Sin Prestamo,0,0.0,,0,0.0,0.0,,,
205,F,1942-06-15,56,OWNER,,4,Kladno,central Bohemia,149893,9753.0,5.0,5244.0,0,,0.0,,0.0,Sin Prestamo,Sin Prestamo,2,5671.0,2835.5,210,560936.0,493760.0,52138.623809,500.0,78256.0
206,F,1963-04-13,35,OWNER,,59,Kromeriz,south Moravia,108871,8444.0,3.0,2595.0,0,,0.0,,0.0,Sin Prestamo,Sin Prestamo,0,0.0,,144,568677.0,512575.0,48522.916666,1000.0,79183.0
207,M,1932-05-20,66,OWNER,,46,Nachod,east Bohemia,112709,8369.0,2.0,2854.0,0,,0.0,,0.0,Sin Prestamo,Sin Prestamo,1,3486.0,3486.0,153,188845.0,173262.0,19808.849673,500.0,33192.0
208,F,1940-06-25,58,OWNER,,13,Rakovnik,central Bohemia,53921,8598.0,3.0,1597.0,0,,0.0,,0.0,Sin Prestamo,Sin Prestamo,1,4221.0,4221.0,378,1573896.0,1509205.0,45636.994708,700.0,78889.0
209,M,1935-08-20,63,DISPONENT,,13,Rakovnik,central Bohemia,53921,8598.0,3.0,1597.0,0,,0.0,,0.0,Sin Prestamo,Sin Prestamo,0,0.0,,0,0.0,0.0,,,
210,M,1939-11-30,59,OWNER,True,66,Zdar nad Sazavou,south Moravia,125832,8512.0,4.0,2247.0,1,5002.0,104808.0,12.0,8734.0,A,Cerrado,5,17342.0,3468.4,572,1322731.0,1258744.0,37433.914335,500.0,87882.0
211,F,1945-06-28,53,DISPONENT,True,66,Zdar nad Sazavou,south Moravia,125832,8512.0,4.0,2247.0,0,,0.0,,0.0,Sin Prestamo,Sin Prestamo,0,0.0,,0,0.0,0.0,,,
212,M,1975-02-10,23,OWNER,,52,Usti nad Orlici,east Bohemia,139012,8363.0,3.0,2564.0,0,,0.0,,0.0,Sin Prestamo,Sin Prestamo,1,2139.0,2139.0,121,97174.0,76202.0,15298.256198,900.0,21345.0
215,M,1967-09-24,31,OWNER,True,71,Novy Jicin,north Moravia,161227,8678.0,6.0,4980.0,1,5005.0,27456.0,12.0,2288.0,A,Cerrado,4,6985.0,1746.25,274,1481274.0,1409445.0,49256.138686,800.0,126553.0
216,M,1960-01-30,38,OWNER,,1,Hl.m. Praha,Prague,1204953,12541.0,0.0,85677.0,0,,0.0,,0.0,Sin Prestamo,Sin Prestamo,0,0.0,,59,325516.0,263150.0,45481.305084,800.0,75171.0
217,F,1974-12-22,24,OWNER,,59,Kromeriz,south Moravia,108871,8444.0,3.0,2595.0,0,,0.0,,0.0,Sin Prestamo,Sin Prestamo,2,1987.0,993.5,76,49462.0,31382.0,13331.342105,1000.0,18082.0
218,F,1980-01-23,18,OWNER,,1,Hl.m. Praha,Prague,1204953,12541.0,0.0,85677.0,0,,0.0,,0.0,Sin Prestamo,Sin Prestamo,4,13667.0,3416.75,119,643319.0,599071.0,53200.07563,200.0,134432.0
219,F,1964-04-02,34,OWNER,,60,Prostejov,south Moravia,110643,8441.0,3.0,1879.0,0,,0.0,,0.0,Sin Prestamo,Sin Prestamo,0,0.0,,331,1637065.0,1572753.0,49759.628398,-2335.0,116418.0
221,F,1977-02-25,21,OWNER,,21,Tabor,south Bohemia,103347,9104.0,2.0,2299.0,0,,0.0,,0.0,Sin Prestamo,Sin Prestamo,1,6780.0,6780.0,169,371136.0,338655.0,35269.301775,200.0,52501.0
222,F,1972-06-29,26,OWNER,,47,Pardubice,east Bohemia,162580,9538.0,2.0,6079.0,0,,0.0,,0.0,Sin Prestamo,Sin Prestamo,0,0.0,,9,19700.0,9700.0,11966.666666,200.0,16900.0
223,F,1952-02-27,46,OWNER,,43,Hradec Kralove,east Bohemia,161854,9425.0,2.0,4085.0,0,,0.0,,0.0,Sin Prestamo,Sin Prestamo,2,5954.0,2977.0,380,970746.0,925149.0,35486.007894,200.0,63967.0
224,M,1955-05-11,43,OWNER,,77,Vsetin,north Moravia,148545,8909.0,4.0,3460.0,0,,0.0,,0.0,Sin Prestamo,Sin Prestamo,1,1623.0,1623.0,163,736773.0,669735.0,46222.417177,600.0,86912.0
225,M,1936-05-10,62,OWNER,,32,Ceska Lipa,north Bohemia,105058,9272.0,3.0,4340.0,0,,0.0,,0.0,Sin Prestamo,Sin Prestamo,1,6526.0,6526.0,96,379963.0,314359.0,53162.885416,1000.0,79865.0
226,M,1942-06-16,56,OWNER,,1,Hl.m. Praha,Prague,1204953,12541.0,0.0,85677.0,0,,0.0,,0.0,Sin Prestamo,Sin Prestamo,1,6862.0,6862.0,413,2603777.0,2529334.0,66521.72397,700.0,162314.0
227,F,1926-12-18,72,OWNER,,52,Usti nad Orlici,east Bohemia,139012,8363.0,3.0,2564.0,0,,0.0,,0.0,Sin Prestamo,Sin Prestamo,1,2798.0,2798.0,322,294667.0,269462.0,17630.602484,200.0,26365.0
228,F,1956-03-16,42,OWNER,,48,Rychnov nad Kneznou,east Bohemia,78955,9060.0,2.0,1655.0,0,,0.0,,0.0,Sin Prestamo,Sin Prestamo,1,7426.0,7426.0,403,1458591.0,1358603.0,56413.6799,700.0,100010.0
229,M,1969-07-22,29,OWNER,,76,Sumperk,north Moravia,127369,8369.0,5.0,3736.0,0,,0.0,,0.0,Sin Prestamo,Sin Prestamo,3,5354.0,1784.666666,141,467112.0,395849.0,45002.87234,700.0,76341.0
230,F,1967-03-10,31,OWNER,,74,Ostrava - mesto,north Moravia,323870,10673.0,5.0,18782.0,0,,0.0,,0.0,Sin Prestamo,Sin Prestamo,4,9110.0,2277.5,385,897885.0,828425.0,32975.644155,500.0,69474.0
231,M,1941-02-18,57,OWNER,,41,Usti nad Labem,north Bohemia,118650,9832.0,3.0,6445.0,0,,0.0,,0.0,Sin Prestamo,Sin Prestamo,1,4421.0,4421.0,106,1022400.0,929162.0,60468.896226,600.0,126097.0
232,F,1921-06-17,77,OWNER,,55,Brno - venkov,south Moravia,157042,8743.0,2.0,3659.0,0,,0.0,,0.0,Sin Prestamo,Sin Prestamo,1,3583.0,3583.0,349,423258.0,393331.0,26035.747851,300.0,39284.0
233,F,1958-12-03,40,OWNER,,69,Jesenik,north Moravia,42821,8173.0,,,0,,0.0,,0.0,Sin Prestamo,Sin Prestamo,1,7110.0,7110.0,123,290760.0,265565.0,24383.260162,300.0,39963.0
234,M,1955-06-21,43,DISPONENT,,69,Jesenik,north Moravia,42821,8173.0,,,0,,0.0,,0.0,Sin Prestamo,Sin Prestamo,0,0.0,,0,0.0,0.0,,,
235,F,1943-08-28,55,OWNER,,44,Chrudim,east Bohemia,105606,8254.0,3.0,2166.0,0,,0.0,,0.0,Sin Prestamo,Sin Prestamo,1,2648.0,2648.0,164,156086.0,133060.0,26973.256097,400.0,38894.0
236,M,1961-09-01,37,OWNER,,70,Karvina,north Moravia,285387,10177.0,7.0,9878.0,0,,0.0,,0.0,Sin Prestamo,Sin Prestamo,1,6260.0,6260.0,114,357990.0,308575.0,38871.894736,600.0,56940.0
237,F,1969-02-22,29,DISPONENT,,70,Karvina,north Moravia,285387,10177.0,7.0,9878.0,0,,0.0,,0.0,Sin Prestamo,Sin Prestamo,0,0.0,,0,0.0,0.0,,,
238,F,1961-11-28,37,OWNER,,6,Kutna Hora,central Bohemia,77963,8546.0,3.0,2640.0,0,,0.0,,0.0,Sin Prestamo,Sin Prestamo,4,8626.0,2156.5,504,917862.0,843951.0,49601.301587,400.0,86238.0
239,F,1974-09-10,24,OWNER,,1,Hl.m. Praha,Prague,1204953,12541.0,0.0,85677.0,0,,0.0,,0.0,Sin Prestamo,Sin Prestamo,1,9454.0,9454.0,374,1666331.0,1614279.0,42000.836898,800.0,76344.0
240,F,1929-06-17,69,OWNER,,34,Chomutov,north Bohemia,125236,9675.0,6.0,5323.0,0,,0.0,,0.0,Sin Prestamo,Sin Prestamo,2,2866.0,1433.0,329,272681.0,250197.0,21220.650455,900.0,30570.0
241,M,1959-01-23,39,OWNER,,70,Karvina,north Moravia,285387,10177.0,7.0,9878.0,0,,0.0,,0.0,Sin Prestamo,Sin Prestamo,1,1984.0,1984.0,105,80034.0,53173.0,21014.923809,700.0,29612.0
242,F,1961-08-01,37,OWNER,,17,Pelhrimov,south Bohemia,74062,8114.0,2.0,1003.0,0,,0.0,,0.0,Sin Prestamo,Sin Prestamo,0,0.0,,243,570727.0,471835.0,68127.962962,900.0,125341.0
243,M,1954-02-10,44,OWNER,,63,Vyskov,south Moravia,86513,8288.0,4.0,1562.0,0,,0.0,,0.0,Sin Prestamo,Sin Prestamo,1,9584.0,9584.0,289,879620.0,835639.0,34994.00692,600.0,62199.0
246,F,1970-12-28,28,OWNER,,67,Bruntal,north Moravia,106054,8110.0,6.0,3244.0,0,,0.0,,0.0,Sin Prestamo,Sin Prestamo,1,1950.0,1950.0,159,105249.0,80130.0,17153.35849,600.0,27125.0
247,M,1957-05-08,41,OWNER,,1,Hl.m. Praha,Prague,1204953,12541.0,0.0,85677.0,0,,0.0,,0.0,Sin Prestamo,Sin Prestamo,1,4297.0,4297.0,71,133663.0,88400.0,35806.042253,1000.0,45527.0
248,F,1969-12-12,29,OWNER,,61,Trebic,south Moravia,117897,8814.0,5.0,2112.0,0,,0.0,,0.0,Sin Prestamo,Sin Prestamo,1,2902.0,2902.0,256,295758.0,260360.0,26727.882812,1100.0,42635.0
249,M,1970-05-05,28,DISPONENT,,61,Trebic,south Moravia,117897,8814.0,5.0,2112.0,0,,0.0,,0.0,Sin Prestamo,Sin Prestamo,0,0.0,,0,0.0,0.0,,,
250,F,1979-11-25,19,OWNER,,8,Mlada Boleslav,central Bohemia,112065,11277.0,1.0,5179.0,0,,0.0,,0.0,Sin Prestamo,Sin Prestamo,3,3139.0,1046.333333,481,422631.0,396550.0,22454.22869,900.0,36471.0
251,F,1976-03-03,22,OWNER,,54,Brno - mesto,south Moravia,387570,9897.0,2.0,18721.0,0,,0.0,,0.0,Sin Prestamo,Sin Prestamo,4,7446.0,1861.5,274,551438.0,531709.0,34084.470802,700.0,61131.0
252,F,1969-09-01,29,OWNER,,37,Litomerice,north Bohemia,114006,9065.0,4.0,4147.0,0,,0.0,,0.0,Sin Prestamo,Sin Prestamo,3,2320.0,773.333333,175,131479.0,85803.0,23741.005714,900.0,45817.0
253,F,1947-05-12,51,OWNER,,48,Rychnov nad Kneznou,east Bohemia,78955,9060.0,2.0,1655.0,0,,0.0,,0.0,Sin Prestamo,Sin Prestamo,1,7534.0,7534.0,186,613838.0,583652.0,29675.118279,1000.0,56027.0
254,M,1963-05-30,35,OWNER,,28,Plzen - sever,west Bohemia,72541,8594.0,2.0,1580.0,0,,0.0,,0.0,Sin Prestamo,Sin Prestamo,1,2394.0,2394.0,86,742148.0,673615.0,75988.22093,800.0,151101.0
255,F,1951-10-11,47,OWNER,,27,Plzen - jih,west Bohemia,67298,8561.0,1.0,1029.0,0,,0.0,,0.0,Sin Prestamo,Sin Prestamo,1,13841.0,13841.0,432,3857258.0,3761845.0,58325.043981,200.0,137979.0
256,F,1963-02-27,35,OWNER,,73,Opava,north Moravia,182027,8746.0,3.0,4355.0,0,,0.0,,0.0,Sin Prestamo,Sin Prestamo,1,5625.0,5625.0,235,1064408.0,1027825.0,51679.302127,1000.0,87659.0
257,F,1942-11-04,56,OWNER,,22,Domazlice,west Bohemia,58400,8620.0,1.0,1089.0,0,,0.0,,0.0,Sin Prestamo,Sin Prestamo,1,2097.0,2097.0,90,67497.0,52469.0,13476.955555,500.0,17518.0
258,M,1937-05-31,61,DISPONENT,,22,Domazlice,west Bohemia,58400,8620.0,1.0,1089.0,0,,0.0,,0.0,Sin Prestamo,Sin Prestamo,0,0.0,,0,0.0,0.0,,,
259,M,1966-06-08,32,OWNER,,31,Tachov,west Bohemia,51313,8930.0,4.0,1328.0,0,,0.0,,0.0,Sin Prestamo,Sin Prestamo,1,2121.0,2121.0,46,42900.0,27819.0,14534.021739,1000.0,19113.0
260,F,1962-02-24,36,DISPONENT,,31,Tachov,west Bohemia,51313,8930.0,4.0,1328.0,0,,0.0,,0.0,Sin Prestamo,Sin Prestamo,0,0.0,,0,0.0,0.0,,,
261,F,1937-12-07,61,OWNER,,38,Louny,north Bohemia,85852,8965.0,7.0,2653.0,0,,0.0,,0.0,Sin Prestamo,Sin Prestamo,2,2999.0,1499.5,343,361452.0,340783.0,25681.676384,500.0,36351.0
262,M,1945-11-25,53,OWNER,,77,Vsetin,north Moravia,148545,8909.0,4.0,3460.0,0,,0.0,,0.0,Sin Prestamo,Sin Prestamo,2,4112.0,2056.0,245,575779.0,551508.0,25752.571428,800.0,48581.0
263,M,1962-05-20,36,OWNER,,68,Frydek - Mistek,north Moravia,228848,9893.0,4.0,5623.0,0,,0.0,,0.0,Sin Prestamo,Sin Prestamo,1,3182.0,3182.0,224,1822784.0,1797325.0,50781.879464,-2172.0,146909.0
264,M,1978-08-22,20,OWNER,,28,Plzen - sever,west Bohemia,72541,8594.0,2.0,1580.0,0,,0.0,,0.0,Sin Prestamo,Sin Prestamo,2,5324.0,2662.0,255,767866.0,720230.0,54036.631372,500.0,81085.0
265,F,1933-01-07,65,OWNER,,72,Olomouc,north Moravia,226122,8994.0,4.0,9672.0,0,,0.0,,0.0,Sin Prestamo,Sin Prestamo,1,3095.0,3095.0,334,363915.0,335415.0,19962.823353,400.0,36356.0
266,F,1967-08-28,31,OWNER,,19,Prachatice,south Bohemia,51428,8402.0,3.0,999.0,0,,0.0,,0.0,Sin Prestamo,Sin Prestamo,1,7896.0,7896.0,139,617634.0,559127.0,42831.71223,300.0,69998.0
267,M,1967-06-12,31,OWNER,,37,Litomerice,north Bohemia,114006,9065.0,4.0,4147.0,0,,0.0,,0.0,Sin Prestamo,Sin Prestamo,1,3441.0,3441.0,357,2597773.0,2537840.0,54980.809523,500.0,106492.0
268,F,1982-05-02,16,OWNER,,39,Most,north Bohemia,119895,10446.0,7.0,4947.0,0,,0.0,,0.0,Sin Prestamo,Sin Prestamo,0,0.0,,126,326758.0,301785.0,37356.45238,800.0,76631.0
269,F,1923-12-03,75,OWNER,,15,Cesky Krumlov,south Bohemia,58796,9045.0,3.0,1845.0,0,,0.0,,0.0,Sin Prestamo,Sin Prestamo,1,3503.0,3503.0,122,152938.0,133591.0,18627.07377,1100.0,28997.0
270,M,1947-03-08,51,OWNER,,46,Nachod,east Bohemia,112709,8369.0,2.0,2854.0,0,,0.0,,0.0,Sin Prestamo,Sin Prestamo,2,3385.0,1692.5,439,563499.0,470582.0,37172.833712,1000.0,92940.0
271,F,1945-07-27,53,DISPONENT,,46,Nachod,east Bohemia,112709,8369.0,2.0,2854.0,0,,0.0,,0.0,Sin Prestamo,Sin Prestamo,0,0.0,,0,0.0,0.0,,,
272,F,1944-10-25,54,OWNER,,70,Karvina,north Moravia,285387,10177.0,7.0,9878.0,1,5015.0,109344.0,12.0,9112.0,C,Vigente,2,18040.0,9020.0,129,488799.0,444331.0,49699.015503,1000.0,80433.0
273,F,1972-05-15,26,OWNER,,27,Plzen - jih,west Bohemia,67298,8561.0,1.0,1029.0,0,,0.0,,0.0,Sin Prestamo,Sin Prestamo,1,9381.0,9381.0,257,2200116.0,2114935.0,48098.785992,700.0,119200.0
274,F,1970-11-25,28,OWNER,,17,Pelhrimov,south Bohemia,74062,8114.0,2.0,1003.0,0,,0.0,,0.0,Sin Prestamo,Sin Prestamo,2,4104.0,2052.0,406,1491924.0,1425960.0,41301.864532,800.0,81057.0
275,F,1918-11-12,80,OWNER,,1,Hl.m. Praha,Prague,1204953,12541.0,0.0,85677.0,0,,0.0,,0.0,Sin Prestamo,Sin Prestamo,1,2505.0,2505.0,89,106843.0,82635.0,20885.112359,1100.0,32493.0
276,M,1957-06-11,41,OWNER,,1,Hl.m. Praha,Prague,1204953,12541.0,0.0,85677.0,0,,0.0,,0.0,Sin Prestamo,Sin Prestamo,3,8200.0,2733.333333,251,655359.0,643555.0,37089.091633,600.0,66172.0
277,F,1961-11-28,37,DISPONENT,,1,Hl.m. Praha,Prague,1204953,12541.0,0.0,85677.0,0,,0.0,,0.0,Sin Prestamo,Sin Prestamo,0,0.0,,0,0.0,0.0,,,
278,F,1972-12-27,26,OWNER,,22,Domazlice,west Bohemia,58400,8620.0,1.0,1089.0,0,,0.0,,0.0,Sin Prestamo,Sin Prestamo,1,2073.0,2073.0,227,143699.0,126563.0,16568.841409,900.0,21913.0
279,M,1970-05-16,28,DISPONENT,,22,Domazlice,west Bohemia,58400,8620.0,1.0,1089.0,0,,0.0,,0.0,Sin Prestamo,Sin Prestamo,0,0.0,,0,0.0,0.0,,,
280,F,1969-12-18,29,OWNER,,45,Jicin,east Bohemia,77917,8390.0,2.0,2080.0,0,,0.0,,0.0,Sin Prestamo,Sin Prestamo,1,3643.0,3643.0,61,330633.0,248884.0,50509.704918,700.0,84657.0
282,F,1938-02-24,60,OWNER,,73,Opava,north Moravia,182027,8746.0,3.0,4355.0,0,,0.0,,0.0,Sin Prestamo,Sin Prestamo,1,2809.0,2809.0,320,382609.0,366680.0,16960.346875,500.0,29550.0
283,M,1933-11-04,65,DISPONENT,,73,Opava,north Moravia,182027,8746.0,3.0,4355.0,0,,0.0,,0.0,Sin Prestamo,Sin Prestamo,0,0.0,,0,0.0,0.0,,,
284,M,1974-08-06,24,OWNER,,10,Praha - vychod,central Bohemia,92084,10124.0,1.0,3810.0,0,,0.0,,0.0,Sin Prestamo,Sin Prestamo,2,2216.0,1108.0,368,215455.0,199144.0,20774.407608,1000.0,30633.0
285,M,1954-06-03,44,OWNER,,72,Olomouc,north Moravia,226122,8994.0,4.0,9672.0,0,,0.0,,0.0,Sin Prestamo,Sin Prestamo,0,0.0,,26,39700.0,26700.0,16650.0,900.0,24700.0
286,F,1952-04-18,46,DISPONENT,,72,Olomouc,north Moravia,226122,8994.0,4.0,9672.0,0,,0.0,,0.0,Sin Prestamo,Sin Prestamo,0,0.0,,0,0.0,0.0,,,
287,M,1980-09-09,18,OWNER,,50,Svitavy,east Bohemia,102609,8187.0,5.0,2123.0,0,,0.0,,0.0,Sin Prestamo,Sin Prestamo,2,1940.0,970.0,314,169969.0,155320.0,14020.764331,900.0,19487.0
288,M,1962-04-21,36,OWNER,,6,Kutna Hora,central Bohemia,77963,8546.0,3.0,2640.0,0,,0.0,,0.0,Sin Prestamo,Sin Prestamo,1,2234.0,2234.0,315,219253.0,200281.0,16704.796825,500.0,21972.0
289,M,1958-03-27,40,OWNER,,54,Brno - mesto,south Moravia,387570,9897.0,2.0,18721.0,0,,0.0,,0.0,Sin Prestamo,Sin Prestamo,3,7189.0,2396.333333,569,2530560.0,2495582.0,56790.662565,300.0,178670.0
290,M,1959-01-12,39,OWNER,,72,Olomouc,north Moravia,226122,8994.0,4.0,9672.0,0,,0.0,,0.0,Sin Prestamo,Sin Prestamo,2,10671.0,5335.5,104,500448.0,482821.0,35963.836538,300.0,67915.0
291,F,1955-04-27,43,DISPONENT,,72,Olomouc,north Moravia,226122,8994.0,4.0,9672.0,0,,0.0,,0.0,Sin Prestamo,Sin Prestamo,0,0.0,,0,0.0,0.0,,,
292,F,1958-09-06,40,OWNER,,15,Cesky Krumlov,south Bohemia,58796,9045.0,3.0,1845.0,0,,0.0,,0.0,Sin Prestamo,Sin Prestamo,3,2586.0,862.0,190,147735.0,107834.0,27634.721052,500.0,41009.0
293,M,1943-09-27,55,OWNER,,69,Jesenik,north Moravia,42821,8173.0,,,0,,0.0,,0.0,Sin Prestamo,Sin Prestamo,2,4039.0,2019.5,178,717802.0,664699.0,34692.612359,500.0,72333.0
294,M,1968-03-21,30,OWNER,,58,Jihlava,south Moravia,109164,8757.0,3.0,2212.0,0,,0.0,,0.0,Sin Prestamo,Sin Prestamo,2,4108.0,2054.0,363,2470285.0,2455128.0,55187.641873,900.0,157027.0
295,M,1939-03-27,59,OWNER,,12,Pribram,central Bohemia,107870,8754.0,4.0,3804.0,0,,0.0,,0.0,Sin Prestamo,Sin Prestamo,3,2648.0,882.666666,547,371807.0,319733.0,39882.723948,800.0,62976.0
296,M,1974-03-01,24,OWNER,,65,Znojmo,south Moravia,114200,8403.0,6.0,2157.0,0,,0.0,,0.0,Sin Prestamo,Sin Prestamo,0,0.0,,326,1617433.0,1572779.0,39687.966257,-1211.0,135093.0
297,F,1924-03-15,74,OWNER,,65,Znojmo,south Moravia,114200,8403.0,6.0,2157.0,0,,0.0,,0.0,Sin Prestamo,Sin Prestamo,1,1970.0,1970.0,46,55065.0,37855.0,13092.782608,700.0,19310.0
298,M,1921-06-13,77,DISPONENT,,65,Znojmo,south Moravia,114200,8403.0,6.0,2157.0,0,,0.0,,0.0,Sin Prestamo,Sin Prestamo,0,0.0,,0,0.0,0.0,,,
300,F,1957-07-30,41,OWNER,,1,Hl.m. Praha,Prague,1204953,12541.0,0.0,85677.0,0,,0.0,,0.0,Sin Prestamo,Sin Prestamo,1,2485.0,2485.0,208,1225195.0,1189874.0,40076.230769,700.0,74703.0
301,M,1942-01-10,56,OWNER,,28,Plzen - sever,west Bohemia,72541,8594.0,2.0,1580.0,0,,0.0,,0.0,Sin Prestamo,Sin Prestamo,2,7494.0,3747.0,155,489387.0,469454.0,34107.025806,600.0,64867.0
302,M,1971-02-23,27,OWNER,,56,Breclav,south Moravia,124605,8772.0,5.0,2854.0,0,,0.0,,0.0,Sin Prestamo,Sin Prestamo,1,3066.0,3066.0,99,149541.0,100900.0,39411.20202,500.0,52311.0
303,M,1946-05-06,52,OWNER,,74,Ostrava - mesto,north Moravia,323870,10673.0,5.0,18782.0,0,,0.0,,0.0,Sin Prestamo,Sin Prestamo,1,3059.0,3059.0,186,363542.0,328091.0,40080.145161,900.0,61297.0
304,F,1934-03-11,64,OWNER,,19,Prachatice,south Bohemia,51428,8402.0,3.0,999.0,0,,0.0,,0.0,Sin Prestamo,Sin Prestamo,1,1767.0,1767.0,109,143338.0,92875.0,38602.770642,1000.0,52630.0
305,M,1938-06-08,60,OWNER,,46,Nachod,east Bohemia,112709,8369.0,2.0,2854.0,0,,0.0,,0.0,Sin Prestamo,Sin Prestamo,0,0.0,,177,913984.0,807182.0,60816.118644,-1213.0,106815.0
308,F,1976-06-12,22,OWNER,,68,Frydek - Mistek,north Moravia,228848,9893.0,4.0,5623.0,0,,0.0,,0.0,Sin Prestamo,Sin Prestamo,1,5323.0,5323.0,154,1095431.0,993903.0,50203.084415,900.0,101534.0
309,F,1969-12-14,29,OWNER,,37,Litomerice,north Bohemia,114006,9065.0,4.0,4147.0,0,,0.0,,0.0,Sin Prestamo,Sin Prestamo,0,0.0,,206,900499.0,883470.0,45544.368932,1100.0,76527.0
310,M,1950-04-16,48,OWNER,,11,Praha - zapad,central Bohemia,75637,9622.0,0.0,3475.0,0,,0.0,,0.0,Sin Prestamo,Sin Prestamo,2,17983.0,8991.5,167,819589.0,810753.0,38104.784431,900.0,136264.0
311,F,1930-09-16,68,OWNER,,64,Zlin,south Moravia,197099,9624.0,2.0,4484.0,0,,0.0,,0.0,Sin Prestamo,Sin Prestamo,1,3737.0,3737.0,80,113891.0,89243.0,27550.65,900.0,38349.0
312,M,1924-07-03,74,OWNER,,2,Benesov,central Bohemia,88884,8507.0,2.0,2159.0,0,,0.0,,0.0,Sin Prestamo,Sin Prestamo,2,3154.0,1577.0,378,410203.0,394277.0,22133.304232,600.0,37228.0
313,F,1942-05-11,56,OWNER,,24,Karlovy Vary,west Bohemia,122603,8991.0,1.0,5198.0,0,,0.0,,0.0,Sin Prestamo,Sin Prestamo,1,5247.0,5247.0,215,424061.0,383253.0,37700.060465,600.0,56754.0
314,M,1945-03-22,53,DISPONENT,,24,Karlovy Vary,west Bohemia,122603,8991.0,1.0,5198.0,0,,0.0,,0.0,Sin Prestamo,Sin Prestamo,0,0.0,,0,0.0,0.0,,,
315,M,1967-05-01,31,OWNER,,54,Brno - mesto,south Moravia,387570,9897.0,2.0,18721.0,0,,0.0,,0.0,Sin Prestamo,Sin Prestamo,2,2553.0,1276.5,144,117453.0,95977.0,17089.381944,200.0,26402.0
316,M,1955-04-28,43,OWNER,,75,Prerov,north Moravia,138032,8819.0,5.0,4063.0,0,,0.0,,0.0,Sin Prestamo,Sin Prestamo,0,0.0,,21,40900.0,18300.0,14104.761904,200.0,23400.0
317,F,1957-10-06,41,OWNER,,64,Zlin,south Moravia,197099,9624.0,2.0,4484.0,0,,0.0,,0.0,Sin Prestamo,Sin Prestamo,1,6145.0,6145.0,161,860924.0,810015.0,59608.391304,1100.0,135863.0
318,F,1943-04-02,55,OWNER,,15,Cesky Krumlov,south Bohemia,58796,9045.0,3.0,1845.0,0,,0.0,,0.0,Sin Prestamo,Sin Prestamo,1,3307.0,3307.0,189,265872.0,230480.0,31264.37037,900.0,44212.0
319,F,1929-04-04,69,OWNER,,19,Prachatice,south Bohemia,51428,8402.0,3.0,999.0,0,,0.0,,0.0,Sin Prestamo,Sin Prestamo,1,2900.0,2900.0,149,186704.0,165955.0,16747.939597,600.0,28571.0
320,M,1934-11-12,64,DISPONENT,,19,Prachatice,south Bohemia,51428,8402.0,3.0,999.0,0,,0.0,,0.0,Sin Prestamo,Sin Prestamo,0,0.0,,0,0.0,0.0,,,
321,F,1943-10-24,55,OWNER,,47,Pardubice,east Bohemia,162580,9538.0,2.0,6079.0,0,,0.0,,0.0,Sin Prestamo,Sin Prestamo,1,4975.0,4975.0,325,3053193.0,2978191.0,69207.56923,400.0,137653.0
322,M,1933-02-01,65,OWNER,,38,Louny,north Bohemia,85852,8965.0,7.0,2653.0,0,,0.0,,0.0,Sin Prestamo,Sin Prestamo,1,3074.0,3074.0,211,216883.0,199955.0,19586.521327,500.0,30016.0
323,F,1938-04-04,60,DISPONENT,,38,Louny,north Bohemia,85852,8965.0,7.0,2653.0,0,,0.0,,0.0,Sin Prestamo,Sin Prestamo,0,0.0,,0,0.0,0.0,,,
324,M,1960-12-03,38,OWNER,,3,Beroun,central Bohemia,75232,8980.0,2.0,2824.0,0,,0.0,,0.0,Sin Prestamo,Sin Prestamo,1,3121.0,3121.0,169,901153.0,863294.0,42255.360946,500.0,124186.0
325,M,1960-02-21,38,OWNER,,3,Beroun,central Bohemia,75232,8980.0,2.0,2824.0,0,,0.0,,0.0,Sin Prestamo,Sin Prestamo,2,2146.0,1073.0,177,142700.0,100073.0,27663.525423,700.0,43387.0
326,F,1967-09-18,31,OWNER,,27,Plzen - jih,west Bohemia,67298,8561.0,1.0,1029.0,0,,0.0,,0.0,Sin Prestamo,Sin Prestamo,1,5462.0,5462.0,258,1228045.0,1138834.0,63277.70155,1100.0,116900.0
327,M,1968-10-13,30,DISPONENT,,27,Plzen - jih,west Bohemia,67298,8561.0,1.0,1029.0,0,,0.0,,0.0,Sin Prestamo,Sin Prestamo,0,0.0,,0,0.0,0.0,,,
328,F,1918-01-24,80,OWNER,,1,Hl.m. Praha,Prague,1204953,12541.0,0.0,85677.0,0,,0.0,,0.0,Sin Prestamo,Sin Prestamo,1,1535.0,1535.0,142,205638.0,146660.0,44847.718309,400.0,62743.0
329,M,1964-12-03,34,OWNER,,11,Praha - zapad,central Bohemia,75637,9622.0,0.0,3475.0,0,,0.0,,0.0,Sin Prestamo,Sin Prestamo,1,7454.0,7454.0,133,569452.0,532749.0,24846.1203,1100.0,57855.0
330,F,1944-08-05,54,OWNER,,65,Znojmo,south Moravia,114200,8403.0,6.0,2157.0,0,,0.0,,0.0,Sin Prestamo,Sin Prestamo,4,9299.0,2324.75,488,1035310.0,994815.0,33734.596311,700.0,62747.0
331,M,1942-03-02,56,OWNER,,1,Hl.m. Praha,Prague,1204953,12541.0,0.0,85677.0,0,,0.0,,0.0,Sin Prestamo,Sin Prestamo,1,9886.0,9886.0,372,1434948.0,1392239.0,35641.467741,300.0,68094.0
332,M,1978-07-25,20,OWNER,,29,Rokycany,west Bohemia,45714,8843.0,3.0,818.0,0,,0.0,,0.0,Sin Prestamo,Sin Prestamo,2,2260.0,1130.0,208,125304.0,107215.0,17578.754807,800.0,22668.0
333,M,1971-10-19,27,OWNER,,38,Louny,north Bohemia,85852,8965.0,7.0,2653.0,1,5027.0,160920.0,36.0,4470.0,C,Vigente,2,9683.0,4841.5,65,392654.0,333280.0,50293.476923,700.0,74906.0
334,M,1969-10-31,29,OWNER,,32,Ceska Lipa,north Bohemia,105058,9272.0,3.0,4340.0,0,,0.0,,0.0,Sin Prestamo,Sin Prestamo,1,2682.0,2682.0,299,1668482.0,1578181.0,61413.678929,500.0,142646.0
335,F,1967-07-22,31,OWNER,,73,Opava,north Moravia,182027,8746.0,3.0,4355.0,0,,0.0,,0.0,Sin Prestamo,Sin Prestamo,2,4038.0,2019.0,183,756290.0,659456.0,58476.743169,700.0,97478.0
336,F,1964-02-11,34,OWNER,,39,Most,north Bohemia,119895,10446.0,7.0,4947.0,0,,0.0,,0.0,Sin Prestamo,Sin Prestamo,2,2004.0,1002.0,391,210265.0,179521.0,20671.7289,400.0,32821.0
337,M,1957-05-08,41,DISPONENT,,39,Most,north Bohemia,119895,10446.0,7.0,4947.0,0,,0.0,,0.0,Sin Prestamo,Sin Prestamo,0,0.0,,0,0.0,0.0,,,
338,F,1951-06-19,47,OWNER,,8,Mlada Boleslav,central Bohemia,112065,11277.0,1.0,5179.0,0,,0.0,,0.0,Sin Prestamo,Sin Prestamo,3,8985.0,2995.0,481,979313.0,913812.0,32434.230769,300.0,69718.0
339,M,1966-07-30,32,OWNER,,1,Hl.m. Praha,Prague,1204953,12541.0,0.0,85677.0,0,,0.0,,0.0,Sin Prestamo,Sin Prestamo,1,5578.0,5578.0,145,356680.0,296231.0,46495.524137,900.0,72297.0
340,F,1970-08-19,28,DISPONENT,,1,Hl.m. Praha,Prague,1204953,12541.0,0.0,85677.0,0,,0.0,,0.0,Sin Prestamo,Sin Prestamo,0,0.0,,0,0.0,0.0,,,
341,M,1977-03-16,21,OWNER,,69,Jesenik,north Moravia,42821,8173.0,,,0,,0.0,,0.0,Sin Prestamo,Sin Prestamo,2,8333.0,4166.5,113,437516.0,384592.0,40323.300884,200.0,69350.0
342,F,1972-06-30,26,DISPONENT,,69,Jesenik,north Moravia,42821,8173.0,,,0,,0.0,,0.0,Sin Prestamo,Sin Prestamo,0,0.0,,0,0.0,0.0,,,
343,M,1919-11-19,79,OWNER,,44,Chrudim,east Bohemia,105606,8254.0,3.0,2166.0,0,,0.0,,0.0,Sin Prestamo,Sin Prestamo,1,2802.0,2802.0,148,158324.0,130259.0,22839.885135,800.0,30907.0
344,F,1963-07-16,35,OWNER,,54,Brno - mesto,south Moravia,387570,9897.0,2.0,18721.0,0,,0.0,,0.0,Sin Prestamo,Sin Prestamo,1,5629.0,5629.0,91,386552.0,355834.0,35316.527472,900.0,66377.0
345,M,1953-12-07,45,OWNER,,17,Pelhrimov,south Bohemia,74062,8114.0,2.0,1003.0,0,,0.0,,0.0,Sin Prestamo,Sin Prestamo,1,667.0,667.0,203,963324.0,862185.0,66899.876847,600.0,105299.0
346,F,1960-11-02,38,DISPONENT,,17,Pelhrimov,south Bohemia,74062,8114.0,2.0,1003.0,0,,0.0,,0.0,Sin Prestamo,Sin Prestamo,0,0.0,,0,0.0,0.0,,,
347,M,1959-12-13,39,OWNER,,71,Novy Jicin,north Moravia,161227,8678.0,6.0,4980.0,0,,0.0,,0.0,Sin Prestamo,Sin Prestamo,1,9848.0,9848.0,174,848681.0,814392.0,37723.666666,300.0,74623.0
348,F,1953-01-24,45,DISPONENT,,71,Novy Jicin,north Moravia,161227,8678.0,6.0,4980.0,0,,0.0,,0.0,Sin Prestamo,Sin Prestamo,0,0.0,,0,0.0,0.0,,,
349,F,1927-05-27,71,OWNER,,39,Most,north Bohemia,119895,10446.0,7.0,4947.0,0,,0.0,,0.0,Sin Prestamo,Sin Prestamo,2,2344.0,1172.0,357,287815.0,272487.0,18808.019607,600.0,27025.0
350,F,1925-04-02,73,OWNER,,25,Klatovy,west Bohemia,88757,8554.0,2.0,1822.0,0,,0.0,,0.0,Sin Prestamo,Sin Prestamo,2,3464.0,1732.0,253,244050.0,218644.0,23997.889328,900.0,37478.0
351,M,1973-05-01,25,OWNER,,1,Hl.m. Praha,Prague,1204953,12541.0,0.0,85677.0,0,,0.0,,0.0,Sin Prestamo,Sin Prestamo,2,8366.0,4183.0,381,1093990.0,1046957.0,40959.141732,300.0,69171.0
352,M,1940-08-27,58,OWNER,True,56,Breclav,south Moravia,124605,8772.0,5.0,2854.0,1,5032.0,123696.0,48.0,2577.0,A,Cerrado,3,8504.0,2834.666666,491,2104787.0,2067592.0,53456.674134,300.0,144053.0
353,M,1965-10-26,33,OWNER,,7,Melnik,central Bohemia,94725,9920.0,2.0,4289.0,0,,0.0,,0.0,Sin Prestamo,Sin Prestamo,3,14929.0,4976.333333,169,1343022.0,1261396.0,62776.840236,7419.0,168515.0
354,F,1922-04-27,76,OWNER,,49,Semily,east Bohemia,75685,8208.0,2.0,1660.0,0,,0.0,,0.0,Sin Prestamo,Sin Prestamo,1,1986.0,1986.0,93,104997.0,84687.0,14987.04301,400.0,29120.0
355,M,1930-05-31,68,DISPONENT,,49,Semily,east Bohemia,75685,8208.0,2.0,1660.0,0,,0.0,,0.0,Sin Prestamo,Sin Prestamo,0,0.0,,0,0.0,0.0,,,
356,F,1979-12-07,19,OWNER,,1,Hl.m. Praha,Prague,1204953,12541.0,0.0,85677.0,0,,0.0,,0.0,Sin Prestamo,Sin Prestamo,3,3847.0,1282.333333,139,253410.0,240397.0,33167.345323,600.0,50469.0
357,M,1979-03-30,19,DISPONENT,,1,Hl.m. Praha,Prague,1204953,12541.0,0.0,85677.0,0,,0.0,,0.0,Sin Prestamo,Sin Prestamo,0,0.0,,0,0.0,0.0,,,
358,F,1959-06-26,39,OWNER,,7,Melnik,central Bohemia,94725,9920.0,2.0,4289.0,0,,0.0,,0.0,Sin Prestamo,Sin Prestamo,4,6573.0,1643.25,176,405351.0,337857.0,55644.125,700.0,79589.0
359,M,1970-02-16,28,OWNER,,66,Zdar nad Sazavou,south Moravia,125832,8512.0,4.0,2247.0,0,,0.0,,0.0,Sin Prestamo,Sin Prestamo,1,6992.0,6992.0,64,306064.0,275796.0,34182.1875,200.0,64950.0
360,M,1943-04-27,55,OWNER,,49,Semily,east Bohemia,75685,8208.0,2.0,1660.0,0,,0.0,,0.0,Sin Prestamo,Sin Prestamo,1,2646.0,2646.0,165,152933.0,138895.0,15898.715151,300.0,24955.0
361,F,1977-05-25,21,OWNER,,74,Ostrava - mesto,north Moravia,323870,10673.0,5.0,18782.0,0,,0.0,,0.0,Sin Prestamo,Sin Prestamo,0,0.0,,166,219693.0,158225.0,25512.42771,200.0,65624.0
362,F,1950-04-27,48,OWNER,,35,Jablonec n. Nisou,north Bohemia,88768,8867.0,1.0,3384.0,0,,0.0,,0.0,Sin Prestamo,Sin Prestamo,0,0.0,,52,185338.0,154940.0,28743.538461,1100.0,46829.0
363,M,1942-07-01,56,DISPONENT,,35,Jablonec n. Nisou,north Bohemia,88768,8867.0,1.0,3384.0,0,,0.0,,0.0,Sin Prestamo,Sin Prestamo,0,0.0,,0,0.0,0.0,,,
364,F,1942-12-05,56,OWNER,,54,Brno - mesto,south Moravia,387570,9897.0,2.0,18721.0,0,,0.0,,0.0,Sin Prestamo,Sin Prestamo,0,0.0,,368,2737631.0,2653283.0,71413.010869,600.0,154088.0
365,M,1930-01-09,68,OWNER,,1,Hl.m. Praha,Prague,1204953,12541.0,0.0,85677.0,0,,0.0,,0.0,Sin Prestamo,Sin Prestamo,1,1628.0,1628.0,369,464733.0,391501.0,36365.517615,400.0,76942.0
366,F,1936-11-10,62,DISPONENT,,1,Hl.m. Praha,Prague,1204953,12541.0,0.0,85677.0,0,,0.0,,0.0,Sin Prestamo,Sin Prestamo,0,0.0,,0,0.0,0.0,,,
367,F,1963-09-03,35,OWNER,,60,Prostejov,south Moravia,110643,8441.0,3.0,1879.0,0,,0.0,,0.0,Sin Prestamo,Sin Prestamo,1,1950.0,1950.0,174,116840.0,94710.0,17132.132183,300.0,24988.0
368,M,1968-10-14,30,DISPONENT,,60,Prostejov,south Moravia,110643,8441.0,3.0,1879.0,0,,0.0,,0.0,Sin Prestamo,Sin Prestamo,0,0.0,,0,0.0,0.0,,,
369,F,1930-11-06,68,OWNER,,7,Melnik,central Bohemia,94725,9920.0,2.0,4289.0,0,,0.0,,0.0,Sin Prestamo,Sin Prestamo,1,3236.0,3236.0,166,209864.0,191953.0,22883.180722,6438.0,37845.0
370,F,1956-01-05,42,OWNER,,71,Novy Jicin,north Moravia,161227,8678.0,6.0,4980.0,1,5034.0,112752.0,36.0,3132.0,C,Vigente,2,6935.0,3467.5,176,509709.0,467259.0,47716.65909,900.0,72230.0
371,M,1942-07-16,56,OWNER,,4,Kladno,central Bohemia,149893,9753.0,5.0,5244.0,0,,0.0,,0.0,Sin Prestamo,Sin Prestamo,1,14367.0,14367.0,112,766761.0,743421.0,43233.321428,700.0,95914.0
372,M,1932-04-03,66,OWNER,,34,Chomutov,north Bohemia,125236,9675.0,6.0,5323.0,0,,0.0,,0.0,Sin Prestamo,Sin Prestamo,1,2953.0,2953.0,112,116809.0,100531.0,16317.955357,200.0,23264.0
373,M,1936-02-28,62,OWNER,,16,Jindrichuv Hradec,south Bohemia,93931,8427.0,1.0,1874.0,0,,0.0,,0.0,Sin Prestamo,Sin Prestamo,1,3657.0,3657.0,345,444943.0,412224.0,19537.87826,1000.0,34237.0
374,M,1967-06-14,31,OWNER,,26,Plzen - mesto,west Bohemia,170449,10787.0,3.0,6041.0,0,,0.0,,0.0,Sin Prestamo,Sin Prestamo,0,0.0,,75,413143.0,340980.0,53375.48,700.0,74048.0
375,F,1969-09-29,29,OWNER,,61,Trebic,south Moravia,117897,8814.0,5.0,2112.0,0,,0.0,,0.0,Sin Prestamo,Sin Prestamo,1,1284.0,1284.0,42,68181.0,27600.0,25313.285714,400.0,40581.0
376,F,1973-01-08,25,OWNER,,14,Ceske Budejovice,south Bohemia,177686,10045.0,1.0,6604.0,1,5036.0,91248.0,48.0,1901.0,C,Vigente,1,1901.0,1901.0,108,428314.0,404106.0,29792.638888,900.0,59726.0
378,M,1978-05-15,20,OWNER,,50,Svitavy,east Bohemia,102609,8187.0,5.0,2123.0,0,,0.0,,0.0,Sin Prestamo,Sin Prestamo,5,9300.0,1860.0,141,310302.0,244962.0,44686.375886,800.0,68833.0
379,F,1983-10-13,15,DISPONENT,,50,Svitavy,east Bohemia,102609,8187.0,5.0,2123.0,0,,0.0,,0.0,Sin Prestamo,Sin Prestamo,0,0.0,,0,0.0,0.0,,,
380,M,1973-01-19,25,OWNER,,41,Usti nad Labem,north Bohemia,118650,9832.0,3.0,6445.0,0,,0.0,,0.0,Sin Prestamo,Sin Prestamo,1,7814.0,7814.0,197,488180.0,427913.0,33743.756345,500.0,74047.0
381,F,1977-01-26,21,OWNER,,73,Opava,north Moravia,182027,8746.0,3.0,4355.0,0,,0.0,,0.0,Sin Prestamo,Sin Prestamo,1,2294.0,2294.0,142,105937.0,80489.0,17431.521126,700.0,27975.0
382,M,1978-06-30,20,DISPONENT,,73,Opava,north Moravia,182027,8746.0,3.0,4355.0,0,,0.0,,0.0,Sin Prestamo,Sin Prestamo,0,0.0,,0,0.0,0.0,,,
383,F,1939-05-17,59,OWNER,,15,Cesky Krumlov,south Bohemia,58796,9045.0,3.0,1845.0,1,5039.0,66840.0,24.0,2785.0,C,Vigente,2,16476.0,8238.0,223,1415124.0,1389759.0,39265.506726,700.0,109016.0
384,M,1935-10-08,63,DISPONENT,,15,Cesky Krumlov,south Bohemia,58796,9045.0,3.0,1845.0,0,,0.0,,0.0,Sin Prestamo,Sin Prestamo,0,0.0,,0,0.0,0.0,,,
385,M,1948-03-24,50,OWNER,,45,Jicin,east Bohemia,77917,8390.0,2.0,2080.0,0,,0.0,,0.0,Sin Prestamo,Sin Prestamo,1,3509.0,3509.0,11,26200.0,11200.0,17081.818181,400.0,24900.0
386,M,1980-08-21,18,OWNER,,62,Uherske Hradiste,south Moravia,145688,8544.0,1.0,2719.0,0,,0.0,,0.0,Sin Prestamo,Sin Prestamo,0,0.0,,111,153014.0,132355.0,35108.054054,600.0,70011.0
387,M,1927-06-06,71,OWNER,,76,Sumperk,north Moravia,127369,8369.0,5.0,3736.0,0,,0.0,,0.0,Sin Prestamo,Sin Prestamo,1,3068.0,3068.0,361,422564.0,383895.0,25474.296398,800.0,43822.0
388,F,1950-10-30,48,OWNER,,36,Liberec,north Bohemia,159617,9198.0,3.0,5796.0,0,,0.0,,0.0,Sin Prestamo,Sin Prestamo,1,2858.0,2858.0,290,358092.0,321516.0,30734.213793,200.0,46629.0
389,F,1974-06-30,24,OWNER,,47,Pardubice,east Bohemia,162580,9538.0,2.0,6079.0,1,5041.0,369000.0,60.0,6150.0,C,Vigente,4,9819.0,2454.75,376,1722664.0,1643898.0,63669.202127,700.0,176869.0
390,F,1977-01-27,21,OWNER,,47,Pardubice,east Bohemia,162580,9538.0,2.0,6079.0,0,,0.0,,0.0,Sin Prestamo,Sin Prestamo,0,0.0,,141,170724.0,126500.0,30730.602836,800.0,59073.0
391,F,1933-05-22,65,OWNER,,47,Pardubice,east Bohemia,162580,9538.0,2.0,6079.0,0,,0.0,,0.0,Sin Prestamo,Sin Prestamo,1,1876.0,1876.0,310,321989.0,304046.0,24106.06129,1100.0,38693.0
392,F,1950-04-01,48,OWNER,,74,Ostrava - mesto,north Moravia,323870,10673.0,5.0,18782.0,0,,0.0,,0.0,Sin Prestamo,Sin Prestamo,1,6550.0,6550.0,399,1281999.0,1246685.0,32810.62406,1000.0,59676.0
393,M,1956-08-31,42,DISPONENT,,74,Ostrava - mesto,north Moravia,323870,10673.0,5.0,18782.0,0,,0.0,,0.0,Sin Prestamo,Sin Prestamo,0,0.0,,0,0.0,0.0,,,
394,F,1924-05-18,74,OWNER,,52,Usti nad Orlici,east Bohemia,139012,8363.0,3.0,2564.0,0,,0.0,,0.0,Sin Prestamo,Sin Prestamo,1,3025.0,3025.0,104,152195.0,132445.0,22181.51923,200.0,36131.0
395,M,1919-07-05,79,DISPONENT,,52,Usti nad Orlici,east Bohemia,139012,8363.0,3.0,2564.0,0,,0.0,,0.0,Sin Prestamo,Sin Prestamo,0,0.0,,0,0.0,0.0,,,
396,M,1920-05-02,78,OWNER,,1,Hl.m. Praha,Prague,1204953,12541.0,0.0,85677.0,0,,0.0,,0.0,Sin Prestamo,Sin Prestamo,2,2069.0,1034.5,154,150644.0,112541.0,23448.441558,500.0,40672.0
397,M,1930-03-27,68,OWNER,,75,Prerov,north Moravia,138032,8819.0,5.0,4063.0,0,,0.0,,0.0,Sin Prestamo,Sin Prestamo,1,2741.0,2741.0,126,159947.0,140203.0,17230.706349,300.0,27579.0
398,F,1925-03-26,73,OWNER,,61,Trebic,south Moravia,117897,8814.0,5.0,2112.0,0,,0.0,,0.0,Sin Prestamo,Sin Prestamo,2,3448.0,1724.0,85,93454.0,75134.0,16929.588235,5376.0,26543.0
399,M,1952-04-14,46,OWNER,,45,Jicin,east Bohemia,77917,8390.0,2.0,2080.0,0,,0.0,,0.0,Sin Prestamo,Sin Prestamo,2,7057.0,3528.5,464,1176797.0,1112221.0,49392.157327,700.0,82657.0
400,M,1933-12-27,65,OWNER,,1,Hl.m. Praha,Prague,1204953,12541.0,0.0,85677.0,0,,0.0,,0.0,Sin Prestamo,Sin Prestamo,2,2432.0,1216.0,79,106123.0,93042.0,19064.746835,600.0,28582.0
401,F,1928-11-19,70,DISPONENT,,1,Hl.m. Praha,Prague,1204953,12541.0,0.0,85677.0,0,,0.0,,0.0,Sin Prestamo,Sin Prestamo,0,0.0,,0,0.0,0.0,,,
402,M,1943-12-25,55,OWNER,,3,Beroun,central Bohemia,75232,8980.0,2.0,2824.0,0,,0.0,,0.0,Sin Prestamo,Sin Prestamo,2,3902.0,1951.0,158,685648.0,610519.0,52718.481012,1100.0,86907.0
403,F,1973-05-26,25,OWNER,,42,Havlickuv Brod,east Bohemia,95907,8388.0,2.0,1658.0,1,5042.0,331584.0,48.0,6908.0,C,Vigente,1,6908.0,6908.0,130,620208.0,593488.0,42020.438461,400.0,73943.0
404,M,1967-04-20,31,DISPONENT,,42,Havlickuv Brod,east Bohemia,95907,8388.0,2.0,1658.0,0,,0.0,,0.0,Sin Prestamo,Sin Prestamo,0,0.0,,0,0.0,0.0,,,
405,F,1934-10-19,64,OWNER,,65,Znojmo,south Moravia,114200,8403.0,6.0,2157.0,0,,0.0,,0.0,Sin Prestamo,Sin Prestamo,1,3528.0,3528.0,201,265085.0,249622.0,21008.318407,1100.0,32991.0
406,M,1977-05-15,21,OWNER,,36,Liberec,north Bohemia,159617,9198.0,3.0,5796.0,0,,0.0,,0.0,Sin Prestamo,Sin Prestamo,1,2385.0,2385.0,199,175249.0,149420.0,31728.954773,300.0,41712.0
407,F,1975-05-27,23,OWNER,,73,Opava,north Moravia,182027,8746.0,3.0,4355.0,0,,0.0,,0.0,Sin Prestamo,Sin Prestamo,3,1998.0,666.0,142,74090.0,53573.0,17382.915492,700.0,23460.0
408,F,1978-02-22,20,OWNER,,35,Jablonec n. Nisou,north Bohemia,88768,8867.0,1.0,3384.0,0,,0.0,,0.0,Sin Prestamo,Sin Prestamo,2,3542.0,1771.0,458,1370574.0,1273794.0,58941.181222,500.0,102027.0
409,M,1925-06-18,73,OWNER,,74,Ostrava - mesto,north Moravia,323870,10673.0,5.0,18782.0,0,,0.0,,0.0,Sin Prestamo,Sin Prestamo,1,2697.0,2697.0,178,204161.0,175127.0,23439.533707,1000.0,33757.0
410,M,1962-12-20,36,OWNER,,62,Uherske Hradiste,south Moravia,145688,8544.0,1.0,2719.0,0,,0.0,,0.0,Sin Prestamo,Sin Prestamo,1,4067.0,4067.0,217,772985.0,716973.0,33134.373271,500.0,66275.0
411,F,1941-04-14,57,OWNER,,17,Pelhrimov,south Bohemia,74062,8114.0,2.0,1003.0,0,,0.0,,0.0,Sin Prestamo,Sin Prestamo,0,0.0,,188,1096384.0,1039078.0,45959.170212,200.0,136965.0
412,M,1944-04-17,54,DISPONENT,,17,Pelhrimov,south Bohemia,74062,8114.0,2.0,1003.0,0,,0.0,,0.0,Sin Prestamo,Sin Prestamo,0,0.0,,0,0.0,0.0,,,
413,F,1972-11-18,26,OWNER,,49,Semily,east Bohemia,75685,8208.0,2.0,1660.0,0,,0.0,,0.0,Sin Prestamo,Sin Prestamo,1,2252.0,2252.0,176,145625.0,128104.0,16108.960227,700.0,27654.0
414,F,1947-10-19,51,OWNER,,46,Nachod,east Bohemia,112709,8369.0,2.0,2854.0,1,5043.0,468060.0,60.0,7801.0,C,Vigente,3,11936.0,3978.666666,216,1439997.0,1342008.0,65889.810185,400.0,141114.0
415,M,1945-04-01,53,DISPONENT,,46,Nachod,east Bohemia,112709,8369.0,2.0,2854.0,0,,0.0,,0.0,Sin Prestamo,Sin Prestamo,0,0.0,,0,0.0,0.0,,,
416,F,1932-10-07,66,OWNER,,1,Hl.m. Praha,Prague,1204953,12541.0,0.0,85677.0,0,,0.0,,0.0,Sin Prestamo,Sin Prestamo,2,1818.0,909.0,393,365928.0,326551.0,27949.99491,1000.0,47681.0
417,M,1930-06-10,68,DISPONENT,,1,Hl.m. Praha,Prague,1204953,12541.0,0.0,85677.0,0,,0.0,,0.0,Sin Prestamo,Sin Prestamo,0,0.0,,0,0.0,0.0,,,
418,M,1966-10-13,32,OWNER,,28,Plzen - sever,west Bohemia,72541,8594.0,2.0,1580.0,0,,0.0,,0.0,Sin Prestamo,Sin Prestamo,0,0.0,,106,424297.0,410000.0,23828.113207,600.0,48204.0
419,F,1970-10-07,28,OWNER,,64,Zlin,south Moravia,197099,9624.0,2.0,4484.0,0,,0.0,,0.0,Sin Prestamo,Sin Prestamo,1,2332.0,2332.0,115,93620.0,73699.0,18770.026086,1000.0,24092.0
420,M,1978-03-13,20,OWNER,,18,Pisek,south Bohemia,70699,8968.0,3.0,1740.0,0,,0.0,,0.0,Sin Prestamo,Sin Prestamo,1,2505.0,2505.0,316,256286.0,237850.0,18922.338607,900.0,32201.0
421,M,1965-07-31,33,OWNER,,54,Brno - mesto,south Moravia,387570,9897.0,2.0,18721.0,1,5044.0,100980.0,60.0,1683.0,C,Vigente,2,6422.0,3211.0,399,949033.0,892447.0,41086.669172,600.0,64600.0
422,M,1946-12-07,52,OWNER,,69,Jesenik,north Moravia,42821,8173.0,,,0,,0.0,,0.0,Sin Prestamo,Sin Prestamo,1,8819.0,8819.0,361,1129971.0,1047104.0,42126.191135,200.0,84065.0
423,M,1957-06-23,41,OWNER,,37,Litomerice,north Bohemia,114006,9065.0,4.0,4147.0,0,,0.0,,0.0,Sin Prestamo,Sin Prestamo,1,7875.0,7875.0,419,1556669.0,1504935.0,47816.787589,800.0,91954.0
424,M,1947-10-08,51,OWNER,False,1,Hl.m. Praha,Prague,1204953,12541.0,0.0,85677.0,1,5045.0,187224.0,24.0,7801.0,B,Cerrado,1,7801.0,7801.0,379,2000735.0,1944989.0,43980.704485,-2763.0,142312.0
425,M,1948-02-12,50,OWNER,,25,Klatovy,west Bohemia,88757,8554.0,2.0,1822.0,0,,0.0,,0.0,Sin Prestamo,Sin Prestamo,0,0.0,,177,748369.0,675280.0,43054.632768,700.0,79827.0
426,M,1937-06-01,61,OWNER,,72,Olomouc,north Moravia,226122,8994.0,4.0,9672.0,1,5046.0,42816.0,12.0,3568.0,C,Vigente,2,8228.0,4114.0,107,179141.0,162462.0,17055.168224,1100.0,31617.0
427,F,1941-09-14,57,DISPONENT,,72,Olomouc,north Moravia,226122,8994.0,4.0,9672.0,0,,0.0,,0.0,Sin Prestamo,Sin Prestamo,0,0.0,,0,0.0,0.0,,,
428,F,1919-11-16,79,OWNER,,47,Pardubice,east Bohemia,162580,9538.0,2.0,6079.0,0,,0.0,,0.0,Sin Prestamo,Sin Prestamo,1,3791.0,3791.0,120,166506.0,144356.0,19069.091666,500.0,30368.0
429,F,1981-01-20,17,OWNER,,50,Svitavy,east Bohemia,102609,8187.0,5.0,2123.0,0,,0.0,,0.0,Sin Prestamo,Sin Prestamo,0,0.0,,136,179748.0,161600.0,26681.375,600.0,62632.0
430,M,1920-07-28,78,OWNER,,39,Most,north Bohemia,119895,10446.0,7.0,4947.0,0,,0.0,,0.0,Sin Prestamo,Sin Prestamo,1,1992.0,1992.0,273,239635.0,219653.0,20656.435897,200.0,31554.0
431,F,1927-10-01,71,OWNER,,24,Karlovy Vary,west Bohemia,122603,8991.0,1.0,5198.0,0,,0.0,,0.0,Sin Prestamo,Sin Prestamo,2,3566.0,1783.0,219,274747.0,204471.0,45227.246575,1000.0,73820.0
432,F,1952-03-26,46,OWNER,,59,Kromeriz,south Moravia,108871,8444.0,3.0,2595.0,0,,0.0,,0.0,Sin Prestamo,Sin Prestamo,1,4771.0,4771.0,364,810808.0,728173.0,41640.442307,700.0,89881.0
433,M,1955-02-07,43,OWNER,,62,Uherske Hradiste,south Moravia,145688,8544.0,1.0,2719.0,0,,0.0,,0.0,Sin Prestamo,Sin Prestamo,2,7939.0,3969.5,232,561667.0,539900.0,34587.422413,600.0,57831.0
434,F,1943-01-30,55,OWNER,,70,Karvina,north Moravia,285387,10177.0,7.0,9878.0,0,,0.0,,0.0,Sin Prestamo,Sin Prestamo,1,4188.0,4188.0,178,674155.0,599072.0,56427.623595,1000.0,79901.0
435,M,1967-10-23,31,OWNER,,20,Strakonice,south Bohemia,70646,8547.0,3.0,1563.0,0,,0.0,,0.0,Sin Prestamo,Sin Prestamo,2,2068.0,1034.0,181,105793.0,83132.0,20034.486187,1000.0,25731.0
436,M,1955-06-15,43,OWNER,,2,Benesov,central Bohemia,88884,8507.0,2.0,2159.0,0,,0.0,,0.0,Sin Prestamo,Sin Prestamo,4,2066.0,516.5,463,212162.0,191635.0,18326.196544,600.0,30149.0
437,F,1920-01-17,78,OWNER,,11,Praha - zapad,central Bohemia,75637,9622.0,0.0,3475.0,0,,0.0,,0.0,Sin Prestamo,Sin Prestamo,1,3544.0,3544.0,208,258770.0,234281.0,18520.557692,400.0,28564.0
438,M,1938-09-28,60,OWNER,,32,Ceska Lipa,north Bohemia,105058,9272.0,3.0,4340.0,0,,0.0,,0.0,Sin Prestamo,Sin Prestamo,0,0.0,,140,830807.0,775470.0,50332.564285,1100.0,82923.0
439,F,1968-09-12,30,OWNER,,51,Trutnov,east Bohemia,121947,8541.0,3.0,3496.0,0,,0.0,,0.0,Sin Prestamo,Sin Prestamo,2,3329.0,1664.5,468,1812940.0,1777989.0,52632.587606,600.0,84469.0
440,F,1970-07-07,28,OWNER,,15,Cesky Krumlov,south Bohemia,58796,9045.0,3.0,1845.0,0,,0.0,,0.0,Sin Prestamo,Sin Prestamo,3,6361.0,2120.333333,530,826556.0,765004.0,31552.262264,900.0,61574.0
441,M,1959-09-14,39,OWNER,,1,Hl.m. Praha,Prague,1204953,12541.0,0.0,85677.0,0,,0.0,,0.0,Sin Prestamo,Sin Prestamo,0,0.0,,336,2385026.0,2281550.0,68598.113095,1000.0,162310.0
442,F,1971-12-16,27,OWNER,,1,Hl.m. Praha,Prague,1204953,12541.0,0.0,85677.0,0,,0.0,,0.0,Sin Prestamo,Sin Prestamo,1,2221.0,2221.0,93,79480.0,52608.0,21623.591397,1100.0,27809.0
443,M,1971-12-20,27,DISPONENT,,1,Hl.m. Praha,Prague,1204953,12541.0,0.0,85677.0,0,,0.0,,0.0,Sin Prestamo,Sin Prestamo,0,0.0,,0,0.0,0.0,,,
444,F,1960-08-01,38,OWNER,,74,Ostrava - mesto,north Moravia,323870,10673.0,5.0,18782.0,0,,0.0,,0.0,Sin Prestamo,Sin Prestamo,5,15090.0,3018.0,466,1176667.0,1154087.0,24414.508583,200.0,60311.0
445,F,1947-04-27,51,OWNER,,1,Hl.m. Praha,Prague,1204953,12541.0,0.0,85677.0,0,,0.0,,0.0,Sin Prestamo,Sin Prestamo,4,8380.0,2095.0,210,624073.0,584955.0,50881.009523,200.0,82335.0
446,M,1952-03-19,46,DISPONENT,,1,Hl.m. Praha,Prague,1204953,12541.0,0.0,85677.0,0,,0.0,,0.0,Sin Prestamo,Sin Prestamo,0,0.0,,0,0.0,0.0,,,
447,M,1946-09-04,52,OWNER,,23,Cheb,west Bohemia,87419,8624.0,2.0,2879.0,0,,0.0,,0.0,Sin Prestamo,Sin Prestamo,1,6384.0,6384.0,99,312461.0,262629.0,48166.191919,400.0,65825.0
448,F,1970-08-15,28,OWNER,,77,Vsetin,north Moravia,148545,8909.0,4.0,3460.0,0,,0.0,,0.0,Sin Prestamo,Sin Prestamo,5,6680.0,1336.0,533,623121.0,592264.0,20285.778611,1100.0,40685.0
450,M,1953-11-27,45,OWNER,,25,Klatovy,west Bohemia,88757,8554.0,2.0,1822.0,0,,0.0,,0.0,Sin Prestamo,Sin Prestamo,3,2075.0,691.666666,365,185679.0,164860.0,19719.106849,700.0,26589.0
451,M,1979-04-14,19,OWNER,,12,Pribram,central Bohemia,107870,8754.0,4.0,3804.0,0,,0.0,,0.0,Sin Prestamo,Sin Prestamo,0,0.0,,131,178641.0,119410.0,39709.305343,800.0,72113.0
452,F,1953-10-22,45,OWNER,,55,Brno - venkov,south Moravia,157042,8743.0,2.0,3659.0,0,,0.0,,0.0,Sin Prestamo,Sin Prestamo,2,9933.0,4966.5,254,987043.0,946228.0,32375.03937,400.0,71875.0
453,M,1969-07-16,29,OWNER,,67,Bruntal,north Moravia,106054,8110.0,6.0,3244.0,0,,0.0,,0.0,Sin Prestamo,Sin Prestamo,1,6452.0,6452.0,163,379820.0,327487.0,36551.92638,800.0,70261.0
454,F,1949-06-15,49,OWNER,,38,Louny,north Bohemia,85852,8965.0,7.0,2653.0,0,,0.0,,0.0,Sin Prestamo,Sin Prestamo,0,0.0,,371,1811592.0,1765938.0,45743.12938,400.0,92472.0
455,M,1920-07-26,78,OWNER,,68,Frydek - Mistek,north Moravia,228848,9893.0,4.0,5623.0,0,,0.0,,0.0,Sin Prestamo,Sin Prestamo,1,3824.0,3824.0,147,181385.0,163004.0,20389.088435,1100.0,32838.0
456,M,1940-02-28,58,OWNER,,25,Klatovy,west Bohemia,88757,8554.0,2.0,1822.0,0,,0.0,,0.0,Sin Prestamo,Sin Prestamo,1,7097.0,7097.0,265,1234947.0,1166312.0,40557.622641,700.0,78468.0
457,M,1950-09-26,48,OWNER,,70,Karvina,north Moravia,285387,10177.0,7.0,9878.0,0,,0.0,,0.0,Sin Prestamo,Sin Prestamo,0,0.0,,332,2217265.0,2112749.0,51442.563253,-1109.0,137194.0
458,M,1961-07-24,37,OWNER,,68,Frydek - Mistek,north Moravia,228848,9893.0,4.0,5623.0,1,5051.0,230400.0,60.0,3840.0,C,Vigente,5,13567.0,2713.4,344,1982932.0,1943976.0,68190.476744,15100.0,145352.0
459,F,1967-07-23,31,OWNER,,32,Ceska Lipa,north Bohemia,105058,9272.0,3.0,4340.0,0,,0.0,,0.0,Sin Prestamo,Sin Prestamo,4,2484.0,621.0,248,137405.0,123518.0,15533.012096,1100.0,25787.0
461,F,1970-08-13,28,OWNER,,68,Frydek - Mistek,north Moravia,228848,9893.0,4.0,5623.0,0,,0.0,,0.0,Sin Prestamo,Sin Prestamo,0,0.0,,330,612768.0,563635.0,32042.551515,1000.0,51828.0
462,M,1970-12-21,28,OWNER,,14,Ceske Budejovice,south Bohemia,177686,10045.0,1.0,6604.0,0,,0.0,,0.0,Sin Prestamo,Sin Prestamo,3,2276.0,758.666666,158,98601.0,70510.0,22705.860759,700.0,29654.0
463,M,1944-04-05,54,OWNER,,38,Louny,north Bohemia,85852,8965.0,7.0,2653.0,0,,0.0,,0.0,Sin Prestamo,Sin Prestamo,1,2057.0,2057.0,75,60185.0,42018.0,13878.706666,600.0,18876.0
464,F,1959-07-30,39,OWNER,,24,Karlovy Vary,west Bohemia,122603,8991.0,1.0,5198.0,0,,0.0,,0.0,Sin Prestamo,Sin Prestamo,1,2304.0,2304.0,88,849591.0,775922.0,66721.636363,1000.0,142445.0
465,M,1952-09-01,46,OWNER,,5,Kolin,central Bohemia,95616,9307.0,4.0,2616.0,0,,0.0,,0.0,Sin Prestamo,Sin Prestamo,3,2312.0,770.666666,472,246703.0,217509.0,23664.027542,1000.0,31948.0
466,F,1947-11-19,51,OWNER,,1,Hl.m. Praha,Prague,1204953,12541.0,0.0,85677.0,0,,0.0,,0.0,Sin Prestamo,Sin Prestamo,1,4711.0,4711.0,87,337813.0,257152.0,61541.275862,17757.0,82241.0
467,M,1950-04-17,48,DISPONENT,,1,Hl.m. Praha,Prague,1204953,12541.0,0.0,85677.0,0,,0.0,,0.0,Sin Prestamo,Sin Prestamo,0,0.0,,0,0.0,0.0,,,
468,M,1959-04-27,39,OWNER,,72,Olomouc,north Moravia,226122,8994.0,4.0,9672.0,0,,0.0,,0.0,Sin Prestamo,Sin Prestamo,0,0.0,,56,363180.0,320027.0,41791.785714,200.0,120922.0
469,F,1970-10-13,28,OWNER,,59,Kromeriz,south Moravia,108871,8444.0,3.0,2595.0,0,,0.0,,0.0,Sin Prestamo,Sin Prestamo,1,6524.0,6524.0,263,616940.0,517023.0,39764.802281,400.0,106060.0
470,F,1954-04-21,44,OWNER,,30,Sokolov,west Bohemia,94812,9650.0,3.0,2985.0,0,,0.0,,0.0,Sin Prestamo,Sin Prestamo,2,4164.0,2082.0,408,484866.0,463801.0,20996.053921,300.0,37757.0
471,M,1977-01-11,21,OWNER,,44,Chrudim,east Bohemia,105606,8254.0,3.0,2166.0,0,,0.0,,0.0,Sin Prestamo,Sin Prestamo,1,4977.0,4977.0,273,2317029.0,2207420.0,73060.608058,400.0,179943.0
472,M,1981-12-27,17,OWNER,,36,Liberec,north Bohemia,159617,9198.0,3.0,5796.0,0,,0.0,,0.0,Sin Prestamo,Sin Prestamo,0,0.0,,379,414722.0,396070.0,31497.556728,1100.0,85897.0
473,F,1939-09-25,59,OWNER,,1,Hl.m. Praha,Prague,1204953,12541.0,0.0,85677.0,0,,0.0,,0.0,Sin Prestamo,Sin Prestamo,2,7070.0,3535.0,192,473056.0,417420.0,41576.864583,300.0,64633.0
474,M,1949-05-31,49,OWNER,,46,Nachod,east Bohemia,112709,8369.0,2.0,2854.0,0,,0.0,,0.0,Sin Prestamo,Sin Prestamo,2,6222.0,3111.0,295,1273065.0,1240554.0,40424.952542,500.0,83714.0
476,F,1947-06-01,51,OWNER,,1,Hl.m. Praha,Prague,1204953,12541.0,0.0,85677.0,0,,0.0,,0.0,Sin Prestamo,Sin Prestamo,3,8735.0,2911.666666,445,1666769.0,1643495.0,43937.561797,400.0,78517.0
477,M,1954-07-20,44,DISPONENT,,1,Hl.m. Praha,Prague,1204953,12541.0,0.0,85677.0,0,,0.0,,0.0,Sin Prestamo,Sin Prestamo,0,0.0,,0,0.0,0.0,,,
478,M,1978-06-21,20,OWNER,,21,Tabor,south Bohemia,103347,9104.0,2.0,2299.0,0,,0.0,,0.0,Sin Prestamo,Sin Prestamo,4,5882.0,1470.5,596,1761085.0,1707050.0,51178.050335,1000.0,82778.0
479,M,1947-08-20,51,OWNER,,11,Praha - zapad,central Bohemia,75637,9622.0,0.0,3475.0,0,,0.0,,0.0,Sin Prestamo,Sin Prestamo,0,0.0,,324,2122120.0,2016666.0,60707.046296,400.0,129548.0
480,F,1946-01-24,52,DISPONENT,,11,Praha - zapad,central Bohemia,75637,9622.0,0.0,3475.0,0,,0.0,,0.0,Sin Prestamo,Sin Prestamo,0,0.0,,0,0.0,0.0,,,
481,M,1927-01-22,71,OWNER,,69,Jesenik,north Moravia,42821,8173.0,,,0,,0.0,,0.0,Sin Prestamo,Sin Prestamo,1,1702.0,1702.0,58,68821.0,54665.0,17874.275862,300.0,27530.0
482,F,1934-01-22,64,DISPONENT,,69,Jesenik,north Moravia,42821,8173.0,,,0,,0.0,,0.0,Sin Prestamo,Sin Prestamo,0,0.0,,0,0.0,0.0,,,
483,M,1944-06-19,54,OWNER,,1,Hl.m. Praha,Prague,1204953,12541.0,0.0,85677.0,0,,0.0,,0.0,Sin Prestamo,Sin Prestamo,2,9100.0,4550.0,157,903847.0,875836.0,53489.675159,800.0,154254.0
484,F,1959-09-13,39,OWNER,,28,Plzen - sever,west Bohemia,72541,8594.0,2.0,1580.0,0,,0.0,,0.0,Sin Prestamo,Sin Prestamo,1,6948.0,6948.0,359,1000170.0,948428.0,42425.392757,600.0,78899.0
485,M,1978-05-16,20,OWNER,,32,Ceska Lipa,north Bohemia,105058,9272.0,3.0,4340.0,0,,0.0,,0.0,Sin Prestamo,Sin Prestamo,2,5369.0,2684.5,441,1003994.0,966253.0,31682.412698,300.0,83581.0
486,M,1944-04-12,54,OWNER,,68,Frydek - Mistek,north Moravia,228848,9893.0,4.0,5623.0,0,,0.0,,0.0,Sin Prestamo,Sin Prestamo,2,4294.0,2147.0,89,336068.0,301473.0,37383.898876,800.0,67638.0
487,F,1922-04-01,76,OWNER,,1,Hl.m. Praha,Prague,1204953,12541.0,0.0,85677.0,0,,0.0,,0.0,Sin Prestamo,Sin Prestamo,1,2401.0,2401.0,314,374109.0,295080.0,45554.745222,600.0,79050.0
488,M,1917-08-02,81,DISPONENT,,1,Hl.m. Praha,Prague,1204953,12541.0,0.0,85677.0,0,,0.0,,0.0,Sin Prestamo,Sin Prestamo,0,0.0,,0,0.0,0.0,,,
489,M,1940-10-07,58,OWNER,,41,Usti nad Labem,north Bohemia,118650,9832.0,3.0,6445.0,0,,0.0,,0.0,Sin Prestamo,Sin Prestamo,2,5013.0,2506.5,312,1588467.0,1514464.0,58681.038461,300.0,124186.0
490,M,1950-10-23,48,OWNER,,55,Brno - venkov,south Moravia,157042,8743.0,2.0,3659.0,0,,0.0,,0.0,Sin Prestamo,Sin Prestamo,4,16047.0,4011.75,154,796753.0,782929.0,41453.298701,-1893.0,117964.0
491,M,1966-08-05,32,OWNER,,63,Vyskov,south Moravia,86513,8288.0,4.0,1562.0,0,,0.0,,0.0,Sin Prestamo,Sin Prestamo,2,2064.0,1032.0,154,89131.0,73971.0,16781.14935,700.0,23617.0
492,M,1935-10-26,63,OWNER,,72,Olomouc,north Moravia,226122,8994.0,4.0,9672.0,0,,0.0,,0.0,Sin Prestamo,Sin Prestamo,2,5425.0,2712.5,111,397031.0,349693.0,34935.207207,400.0,85266.0
493,F,1942-06-04,56,OWNER,,41,Usti nad Labem,north Bohemia,118650,9832.0,3.0,6445.0,0,,0.0,,0.0,Sin Prestamo,Sin Prestamo,1,5042.0,5042.0,389,978408.0,893580.0,43477.652956,400.0,101097.0
494,M,1980-05-19,18,OWNER,,1,Hl.m. Praha,Prague,1204953,12541.0,0.0,85677.0,0,,0.0,,0.0,Sin Prestamo,Sin Prestamo,1,6810.0,6810.0,164,354317.0,313135.0,32468.713414,600.0,48825.0
495,F,1937-04-07,61,OWNER,,49,Semily,east Bohemia,75685,8208.0,2.0,1660.0,0,,0.0,,0.0,Sin Prestamo,Sin Prestamo,1,3825.0,3825.0,115,151233.0,133390.0,19442.182608,200.0,30371.0
496,F,1951-05-21,47,OWNER,,70,Karvina,north Moravia,285387,10177.0,7.0,9878.0,0,,0.0,,0.0,Sin Prestamo,Sin Prestamo,1,8499.0,8499.0,416,1455910.0,1386724.0,47322.100961,400.0,87683.0
497,M,1953-02-02,45,OWNER,,74,Ostrava - mesto,north Moravia,323870,10673.0,5.0,18782.0,0,,0.0,,0.0,Sin Prestamo,Sin Prestamo,1,8727.0,8727.0,215,1147994.0,1084427.0,58670.56279,700.0,124911.0
498,F,1948-01-15,50,DISPONENT,,74,Ostrava - mesto,north Moravia,323870,10673.0,5.0,18782.0,0,,0.0,,0.0,Sin Prestamo,Sin Prestamo,0,0.0,,0,0.0,0.0,,,
499,F,1935-07-08,63,OWNER,,18,Pisek,south Bohemia,70699,8968.0,3.0,1740.0,0,,0.0,,0.0,Sin Prestamo,Sin Prestamo,1,2107.0,2107.0,138,148279.0,130785.0,16827.07971,200.0,30344.0
500,M,1971-01-06,27,OWNER,,1,Hl.m. Praha,Prague,1204953,12541.0,0.0,85677.0,0,,0.0,,0.0,Sin Prestamo,Sin Prestamo,1,7870.0,7870.0,193,696503.0,631050.0,31386.544041,900.0,65464.0
501,M,1937-10-28,61,OWNER,,62,Uherske Hradiste,south Moravia,145688,8544.0,1.0,2719.0,0,,0.0,,0.0,Sin Prestamo,Sin Prestamo,1,8740.0,8740.0,391,1032152.0,994295.0,29433.365728,400.0,55739.0
502,M,1919-12-08,79,OWNER,,6,Kutna Hora,central Bohemia,77963,8546.0,3.0,2640.0,0,,0.0,,0.0,Sin Prestamo,Sin Prestamo,2,1969.0,984.5,162,146724.0,121961.0,19124.407407,500.0,29241.0
503,M,1959-07-24,39,OWNER,,73,Opava,north Moravia,182027,8746.0,3.0,4355.0,0,,0.0,,0.0,Sin Prestamo,Sin Prestamo,0,0.0,,186,1241509.0,1229277.0,54334.037634,-1428.0,142889.0
504,M,1979-08-01,19,OWNER,,36,Liberec,north Bohemia,159617,9198.0,3.0,5796.0,0,,0.0,,0.0,Sin Prestamo,Sin Prestamo,1,9316.0,9316.0,227,919303.0,885841.0,46730.533039,700.0,82569.0
505,M,1977-12-21,21,OWNER,,13,Rakovnik,central Bohemia,53921,8598.0,3.0,1597.0,0,,0.0,,0.0,Sin Prestamo,Sin Prestamo,0,0.0,,308,366785.0,340255.0,25225.646103,800.0,36791.0
506,M,1946-08-16,52,OWNER,,75,Prerov,north Moravia,138032,8819.0,5.0,4063.0,0,,0.0,,0.0,Sin Prestamo,Sin Prestamo,1,7192.0,7192.0,224,538031.0,459345.0,44537.790178,500.0,83571.0
507,M,1954-11-16,44,OWNER,,75,Prerov,north Moravia,138032,8819.0,5.0,4063.0,0,,0.0,,0.0,Sin Prestamo,Sin Prestamo,1,5571.0,5571.0,56,126200.0,105459.0,21029.589285,900.0,35492.0
508,M,1971-04-28,27,OWNER,,53,Blansko,south Moravia,107911,8240.0,3.0,1850.0,0,,0.0,,0.0,Sin Prestamo,Sin Prestamo,0,0.0,,245,1432766.0,1356093.0,43172.465306,400.0,82324.0
509,M,1980-05-02,18,OWNER,,73,Opava,north Moravia,182027,8746.0,3.0,4355.0,0,,0.0,,0.0,Sin Prestamo,Sin Prestamo,1,1942.0,1942.0,333,206436.0,184940.0,18728.465465,500.0,24758.0
510,M,1976-04-15,22,OWNER,,12,Pribram,central Bohemia,107870,8754.0,4.0,3804.0,0,,0.0,,0.0,Sin Prestamo,Sin Prestamo,1,4591.0,4591.0,119,568922.0,515733.0,46491.806722,1000.0,85964.0
511,M,1959-02-18,39,OWNER,,9,Nymburk,central Bohemia,81344,8899.0,3.0,2987.0,0,,0.0,,0.0,Sin Prestamo,Sin Prestamo,3,3260.0,1086.666666,528,534771.0,502766.0,28657.922348,400.0,55872.0
512,F,1965-08-03,33,OWNER,,60,Prostejov,south Moravia,110643,8441.0,3.0,1879.0,1,5060.0,252060.0,60.0,4201.0,D,Vigente,3,12584.0,4194.666666,444,1568235.0,1539220.0,34002.159909,-821.0,110028.0
513,F,1974-01-11,24,OWNER,,8,Mlada Boleslav,central Bohemia,112065,11277.0,1.0,5179.0,0,,0.0,,0.0,Sin Prestamo,Sin Prestamo,1,8166.0,8166.0,313,1348333.0,1261474.0,54020.121405,700.0,97758.0
514,M,1968-11-15,30,DISPONENT,,8,Mlada Boleslav,central Bohemia,112065,11277.0,1.0,5179.0,0,,0.0,,0.0,Sin Prestamo,Sin Prestamo,0,0.0,,0,0.0,0.0,,,
515,M,1932-05-26,66,OWNER,,1,Hl.m. Praha,Prague,1204953,12541.0,0.0,85677.0,0,,0.0,,0.0,Sin Prestamo,Sin Prestamo,1,3987.0,3987.0,353,472907.0,417130.0,33741.181303,200.0,60774.0
516,F,1930-04-27,68,DISPONENT,,1,Hl.m. Praha,Prague,1204953,12541.0,0.0,85677.0,0,,0.0,,0.0,Sin Prestamo,Sin Prestamo,0,0.0,,0,0.0,0.0,,,
517,M,1965-07-25,33,OWNER,,63,Vyskov,south Moravia,86513,8288.0,4.0,1562.0,0,,0.0,,0.0,Sin Prestamo,Sin Prestamo,1,5286.0,5286.0,234,809104.0,742735.0,43523.132478,700.0,83196.0
518,F,1979-04-28,19,OWNER,,54,Brno - mesto,south Moravia,387570,9897.0,2.0,18721.0,0,,0.0,,0.0,Sin Prestamo,Sin Prestamo,0,0.0,,75,79751.0,15300.0,39824.653333,900.0,64437.0
519,M,1980-04-13,18,OWNER,,18,Pisek,south Bohemia,70699,8968.0,3.0,1740.0,0,,0.0,,0.0,Sin Prestamo,Sin Prestamo,2,7197.0,3598.5,158,528963.0,491292.0,36026.056962,300.0,66753.0
520,F,1947-09-27,51,OWNER,,46,Nachod,east Bohemia,112709,8369.0,2.0,2854.0,0,,0.0,,0.0,Sin Prestamo,Sin Prestamo,0,0.0,,315,528156.0,502015.0,24818.612698,500.0,43330.0
521,M,1975-12-25,23,OWNER,,69,Jesenik,north Moravia,42821,8173.0,,,0,,0.0,,0.0,Sin Prestamo,Sin Prestamo,0,0.0,,209,356473.0,339000.0,27942.267942,500.0,66578.0
522,F,1956-03-04,42,OWNER,,1,Hl.m. Praha,Prague,1204953,12541.0,0.0,85677.0,0,,0.0,,0.0,Sin Prestamo,Sin Prestamo,2,7303.0,3651.5,133,290954.0,259842.0,16086.157894,400.0,38917.0
523,M,1922-12-17,76,OWNER,,38,Louny,north Bohemia,85852,8965.0,7.0,2653.0,0,,0.0,,0.0,Sin Prestamo,Sin Prestamo,1,3189.0,3189.0,339,364890.0,337784.0,23390.309734,400.0,34393.0
524,F,1963-01-02,35,OWNER,,30,Sokolov,west Bohemia,94812,9650.0,3.0,2985.0,0,,0.0,,0.0,Sin Prestamo,Sin Prestamo,3,5250.0,1750.0,191,260491.0,245353.0,17747.602094,500.0,39908.0
525,M,1969-08-14,29,DISPONENT,,30,Sokolov,west Bohemia,94812,9650.0,3.0,2985.0,0,,0.0,,0.0,Sin Prestamo,Sin Prestamo,0,0.0,,0,0.0,0.0,,,
526,M,1964-02-01,34,OWNER,,43,Hradec Kralove,east Bohemia,161854,9425.0,2.0,4085.0,0,,0.0,,0.0,Sin Prestamo,Sin Prestamo,2,5354.0,2677.0,424,1596025.0,1512492.0,78104.242924,700.0,146213.0
527,F,1966-08-18,32,DISPONENT,,43,Hradec Kralove,east Bohemia,161854,9425.0,2.0,4085.0,0,,0.0,,0.0,Sin Prestamo,Sin Prestamo,0,0.0,,0,0.0,0.0,,,
528,M,1977-02-11,21,OWNER,,37,Litomerice,north Bohemia,114006,9065.0,4.0,4147.0,0,,0.0,,0.0,Sin Prestamo,Sin Prestamo,0,0.0,,30,122022.0,102500.0,28480.466666,900.0,63195.0
529,M,1978-11-05,20,OWNER,,69,Jesenik,north Moravia,42821,8173.0,,,0,,0.0,,0.0,Sin Prestamo,Sin Prestamo,0,0.0,,154,218426.0,189670.0,29111.402597,300.0,69888.0
530,F,1957-09-27,41,OWNER,,29,Rokycany,west Bohemia,45714,8843.0,3.0,818.0,1,5061.0,84288.0,48.0,1756.0,C,Vigente,2,7581.0,3790.5,147,438835.0,378864.0,34672.17687,500.0,73640.0
531,M,1976-10-04,22,OWNER,,27,Plzen - jih,west Bohemia,67298,8561.0,1.0,1029.0,0,,0.0,,0.0,Sin Prestamo,Sin Prestamo,3,8279.0,2759.666666,447,2984004.0,2876451.0,70891.313199,900.0,165654.0
532,F,1980-09-03,18,DISPONENT,,27,Plzen - jih,west Bohemia,67298,8561.0,1.0,1029.0,0,,0.0,,0.0,Sin Prestamo,Sin Prestamo,0,0.0,,0,0.0,0.0,,,
533,F,1941-05-19,57,OWNER,,54,Brno - mesto,south Moravia,387570,9897.0,2.0,18721.0,1,5063.0,357840.0,48.0,7455.0,D,Vigente,3,15129.0,5043.0,80,429483.0,375109.0,31241.4875,-543.0,94705.0
534,M,1957-07-22,41,OWNER,,74,Ostrava - mesto,north Moravia,323870,10673.0,5.0,18782.0,0,,0.0,,0.0,Sin Prestamo,Sin Prestamo,3,2038.0,679.333333,455,223795.0,201588.0,22156.962637,500.0,28823.0
535,M,1937-09-09,61,OWNER,,26,Plzen - mesto,west Bohemia,170449,10787.0,3.0,6041.0,0,,0.0,,0.0,Sin Prestamo,Sin Prestamo,1,4469.0,4469.0,165,276143.0,229368.0,34242.175757,1100.0,50141.0
536,M,1939-08-25,59,OWNER,,47,Pardubice,east Bohemia,162580,9538.0,2.0,6079.0,0,,0.0,,0.0,Sin Prestamo,Sin Prestamo,2,11565.0,5782.5,408,1358212.0,1330633.0,34265.039215,1100.0,69411.0
537,M,1935-01-16,63,OWNER,,1,Hl.m. Praha,Prague,1204953,12541.0,0.0,85677.0,0,,0.0,,0.0,Sin Prestamo,Sin Prestamo,1,6941.0,6941.0,394,1740772.0,1691297.0,46774.862944,1100.0,90601.0
538,F,1948-05-10,50,OWNER,,5,Kolin,central Bohemia,95616,9307.0,4.0,2616.0,0,,0.0,,0.0,Sin Prestamo,Sin Prestamo,2,6108.0,3054.0,144,636811.0,553507.0,55889.673611,1100.0,84666.0
540,M,1921-07-28,77,OWNER,,19,Prachatice,south Bohemia,51428,8402.0,3.0,999.0,0,,0.0,,0.0,Sin Prestamo,Sin Prestamo,2,1953.0,976.5,276,222604.0,207741.0,18029.047101,900.0,29835.0
541,F,1927-03-09,71,DISPONENT,,19,Prachatice,south Bohemia,51428,8402.0,3.0,999.0,0,,0.0,,0.0,Sin Prestamo,Sin Prestamo,0,0.0,,0,0.0,0.0,,,
542,F,1921-02-09,77,OWNER,,59,Kromeriz,south Moravia,108871,8444.0,3.0,2595.0,0,,0.0,,0.0,Sin Prestamo,Sin Prestamo,1,2404.0,2404.0,140,138803.0,122698.0,14416.992857,1100.0,25089.0
543,F,1958-04-15,40,OWNER,,11,Praha - zapad,central Bohemia,75637,9622.0,0.0,3475.0,0,,0.0,,0.0,Sin Prestamo,Sin Prestamo,1,7208.0,7208.0,102,70488.0,53700.0,22842.95098,700.0,31069.0
544,M,1948-11-16,50,OWNER,,63,Vyskov,south Moravia,86513,8288.0,4.0,1562.0,0,,0.0,,0.0,Sin Prestamo,Sin Prestamo,2,5433.0,2716.5,251,1297869.0,1221657.0,57335.952191,800.0,144004.0
545,F,1973-10-11,25,OWNER,,75,Prerov,north Moravia,138032,8819.0,5.0,4063.0,0,,0.0,,0.0,Sin Prestamo,Sin Prestamo,1,7012.0,7012.0,110,538822.0,452217.0,58550.918181,1100.0,95991.0
546,M,1953-08-25,45,OWNER,,7,Melnik,central Bohemia,94725,9920.0,2.0,4289.0,0,,0.0,,0.0,Sin Prestamo,Sin Prestamo,1,5687.0,5687.0,254,472791.0,441123.0,29028.653543,700.0,48659.0
547,M,1949-03-31,49,OWNER,,54,Brno - mesto,south Moravia,387570,9897.0,2.0,18721.0,0,,0.0,,0.0,Sin Prestamo,Sin Prestamo,1,8339.0,8339.0,235,624352.0,593666.0,26006.706382,500.0,45767.0
548,M,1937-12-04,61,OWNER,,49,Semily,east Bohemia,75685,8208.0,2.0,1660.0,0,,0.0,,0.0,Sin Prestamo,Sin Prestamo,1,4783.0,4783.0,387,3702245.0,3636397.0,64888.405684,700.0,139482.0
550,M,1961-11-30,37,OWNER,,7,Melnik,central Bohemia,94725,9920.0,2.0,4289.0,0,,0.0,,0.0,Sin Prestamo,Sin Prestamo,2,10617.0,5308.5,239,779372.0,716423.0,44652.891213,1100.0,73613.0
551,F,1976-07-05,22,OWNER,,47,Pardubice,east Bohemia,162580,9538.0,2.0,6079.0,0,,0.0,,0.0,Sin Prestamo,Sin Prestamo,0,0.0,,49,45800.0,37700.0,17059.183673,1000.0,26500.0
552,F,1934-05-08,64,OWNER,,1,Hl.m. Praha,Prague,1204953,12541.0,0.0,85677.0,0,,0.0,,0.0,Sin Prestamo,Sin Prestamo,1,3554.0,3554.0,258,337744.0,294383.0,23475.236434,1100.0,48777.0
553,M,1941-04-07,57,DISPONENT,,1,Hl.m. Praha,Prague,1204953,12541.0,0.0,85677.0,0,,0.0,,0.0,Sin Prestamo,Sin Prestamo,0,0.0,,0,0.0,0.0,,,
554,F,1925-04-19,73,OWNER,,30,Sokolov,west Bohemia,94812,9650.0,3.0,2985.0,0,,0.0,,0.0,Sin Prestamo,Sin Prestamo,1,1530.0,1530.0,394,458786.0,384545.0,39952.213197,600.0,76944.0
555,M,1926-10-21,72,DISPONENT,,30,Sokolov,west Bohemia,94812,9650.0,3.0,2985.0,0,,0.0,,0.0,Sin Prestamo,Sin Prestamo,0,0.0,,0,0.0,0.0,,,
556,M,1946-07-08,52,OWNER,,29,Rokycany,west Bohemia,45714,8843.0,3.0,818.0,0,,0.0,,0.0,Sin Prestamo,Sin Prestamo,1,8325.0,8325.0,356,1401891.0,1356940.0,43138.752808,400.0,76411.0
557,M,1939-07-17,59,OWNER,,51,Trutnov,east Bohemia,121947,8541.0,3.0,3496.0,0,,0.0,,0.0,Sin Prestamo,Sin Prestamo,1,6385.0,6385.0,256,1119750.0,1014420.0,67593.21875,700.0,118528.0
558,F,1920-07-05,78,OWNER,,43,Hradec Kralove,east Bohemia,161854,9425.0,2.0,4085.0,0,,0.0,,0.0,Sin Prestamo,Sin Prestamo,1,3509.0,3509.0,83,101640.0,84855.0,17508.614457,600.0,28720.0
559,F,1972-09-05,26,OWNER,,32,Ceska Lipa,north Bohemia,105058,9272.0,3.0,4340.0,0,,0.0,,0.0,Sin Prestamo,Sin Prestamo,2,12405.0,6202.5,370,1064046.0,1043486.0,25612.691891,700.0,52628.0
560,F,1967-12-16,31,OWNER,,71,Novy Jicin,north Moravia,161227,8678.0,6.0,4980.0,0,,0.0,,0.0,Sin Prestamo,Sin Prestamo,0,0.0,,34,77200.0,16500.0,44535.294117,500.0,62100.0
561,F,1962-11-10,36,OWNER,,74,Ostrava - mesto,north Moravia,323870,10673.0,5.0,18782.0,0,,0.0,,0.0,Sin Prestamo,Sin Prestamo,2,6832.0,3416.0,415,764962.0,728726.0,27693.178313,500.0,45587.0
562,F,1975-09-22,23,OWNER,,49,Semily,east Bohemia,75685,8208.0,2.0,1660.0,0,,0.0,,0.0,Sin Prestamo,Sin Prestamo,2,4234.0,2117.0,209,830433.0,743952.0,65306.019138,400.0,95806.0
563,F,1961-09-09,37,OWNER,,72,Olomouc,north Moravia,226122,8994.0,4.0,9672.0,0,,0.0,,0.0,Sin Prestamo,Sin Prestamo,1,2672.0,2672.0,85,95623.0,81004.0,17570.894117,600.0,33872.0
564,M,1955-01-24,43,DISPONENT,,72,Olomouc,north Moravia,226122,8994.0,4.0,9672.0,0,,0.0,,0.0,Sin Prestamo,Sin Prestamo,0,0.0,,0,0.0,0.0,,,
565,F,1959-07-03,39,OWNER,,64,Zlin,south Moravia,197099,9624.0,2.0,4484.0,0,,0.0,,0.0,Sin Prestamo,Sin Prestamo,3,5276.0,1758.666666,438,552549.0,517908.0,27593.073059,600.0,47968.0
566,F,1946-03-05,52,OWNER,,47,Pardubice,east Bohemia,162580,9538.0,2.0,6079.0,0,,0.0,,0.0,Sin Prestamo,Sin Prestamo,4,6081.0,1520.25,360,500144.0,450292.0,36267.944444,1100.0,58992.0
567,M,1950-05-02,48,DISPONENT,,47,Pardubice,east Bohemia,162580,9538.0,2.0,6079.0,0,,0.0,,0.0,Sin Prestamo,Sin Prestamo,0,0.0,,0,0.0,0.0,,,
568,F,1960-07-19,38,OWNER,,8,Mlada Boleslav,central Bohemia,112065,11277.0,1.0,5179.0,1,5072.0,196800.0,24.0,8200.0,D,Vigente,1,8200.0,8200.0,159,1410877.0,1380131.0,58574.150943,-2756.0,130885.0
569,M,1962-06-15,36,OWNER,,73,Opava,north Moravia,182027,8746.0,3.0,4355.0,0,,0.0,,0.0,Sin Prestamo,Sin Prestamo,4,7285.0,1821.25,205,341120.0,312085.0,29675.960975,1100.0,47723.0
570,F,1941-01-31,57,OWNER,,61,Trebic,south Moravia,117897,8814.0,5.0,2112.0,0,,0.0,,0.0,Sin Prestamo,Sin Prestamo,2,2300.0,1150.0,238,183119.0,147960.0,22503.773109,900.0,35171.0
571,M,1924-09-27,74,OWNER,,3,Beroun,central Bohemia,75232,8980.0,2.0,2824.0,0,,0.0,,0.0,Sin Prestamo,Sin Prestamo,1,2760.0,2760.0,78,83246.0,70850.0,15962.807692,200.0,23385.0
572,F,1920-08-04,78,DISPONENT,,3,Beroun,central Bohemia,75232,8980.0,2.0,2824.0,0,,0.0,,0.0,Sin Prestamo,Sin Prestamo,0,0.0,,0,0.0,0.0,,,
573,M,1967-08-10,31,OWNER,,69,Jesenik,north Moravia,42821,8173.0,,,0,,0.0,,0.0,Sin Prestamo,Sin Prestamo,0,0.0,,19,36700.0,12700.0,17647.368421,1000.0,24000.0
574,M,1972-12-25,26,OWNER,,1,Hl.m. Praha,Prague,1204953,12541.0,0.0,85677.0,0,,0.0,,0.0,Sin Prestamo,Sin Prestamo,3,3377.0,1125.666666,543,1275218.0,1231486.0,39776.744014,1000.0,64306.0
575,M,1970-04-04,28,OWNER,,58,Jihlava,south Moravia,109164,8757.0,3.0,2212.0,0,,0.0,,0.0,Sin Prestamo,Sin Prestamo,1,8137.0,8137.0,282,1374843.0,1282576.0,48300.87234,400.0,93238.0
576,F,1974-05-12,24,DISPONENT,,58,Jihlava,south Moravia,109164,8757.0,3.0,2212.0,0,,0.0,,0.0,Sin Prestamo,Sin Prestamo,0,0.0,,0,0.0,0.0,,,
577,F,1963-12-05,35,OWNER,,1,Hl.m. Praha,Prague,1204953,12541.0,0.0,85677.0,0,,0.0,,0.0,Sin Prestamo,Sin Prestamo,1,2064.0,2064.0,170,117403.0,106512.0,12564.911764,1100.0,19226.0
578,F,1977-07-07,21,OWNER,,23,Cheb,west Bohemia,87419,8624.0,2.0,2879.0,0,,0.0,,0.0,Sin Prestamo,Sin Prestamo,2,5514.0,2757.0,120,611948.0,581303.0,39238.525,500.0,80464.0
579,F,1933-05-31,65,OWNER,,72,Olomouc,north Moravia,226122,8994.0,4.0,9672.0,0,,0.0,,0.0,Sin Prestamo,Sin Prestamo,2,1889.0,944.5,189,217913.0,159888.0,40692.783068,700.0,60763.0
581,F,1949-02-04,49,OWNER,,70,Karvina,north Moravia,285387,10177.0,7.0,9878.0,0,,0.0,,0.0,Sin Prestamo,Sin Prestamo,1,1940.0,1940.0,68,51255.0,38350.0,14371.794117,1000.0,20745.0
582,M,1950-09-26,48,OWNER,,1,Hl.m. Praha,Prague,1204953,12541.0,0.0,85677.0,0,,0.0,,0.0,Sin Prestamo,Sin Prestamo,4,5167.0,1291.75,392,498552.0,474111.0,25523.198979,600.0,43780.0
583,F,1965-01-01,33,OWNER,,75,Prerov,north Moravia,138032,8819.0,5.0,4063.0,0,,0.0,,0.0,Sin Prestamo,Sin Prestamo,4,15214.0,3803.5,605,2813247.0,2734191.0,49558.094214,300.0,154121.0
584,F,1976-05-13,22,OWNER,,33,Decin,north Bohemia,133777,8705.0,6.0,4650.0,0,,0.0,,0.0,Sin Prestamo,Sin Prestamo,0,0.0,,185,321527.0,216245.0,42942.918918,900.0,105292.0
585,F,1942-02-21,56,OWNER,,40,Teplice,north Bohemia,128118,9317.0,6.0,6949.0,0,,0.0,,0.0,Sin Prestamo,Sin Prestamo,1,10684.0,10684.0,182,996151.0,893011.0,36656.686813,785.0,129719.0
586,M,1947-11-03,51,DISPONENT,,40,Teplice,north Bohemia,128118,9317.0,6.0,6949.0,0,,0.0,,0.0,Sin Prestamo,Sin Prestamo,0,0.0,,0,0.0,0.0,,,
587,F,1945-07-08,53,OWNER,,25,Klatovy,west Bohemia,88757,8554.0,2.0,1822.0,0,,0.0,,0.0,Sin Prestamo,Sin Prestamo,0,0.0,,31,63700.0,13200.0,36687.096774,1000.0,50700.0
588,F,1960-10-20,38,OWNER,,61,Trebic,south Moravia,117897,8814.0,5.0,2112.0,0,,0.0,,0.0,Sin Prestamo,Sin Prestamo,1,5608.0,5608.0,382,1205298.0,1162006.0,28792.971204,900.0,56943.0
589,M,1961-09-17,37,OWNER,,45,Jicin,east Bohemia,77917,8390.0,2.0,2080.0,0,,0.0,,0.0,Sin Prestamo,Sin Prestamo,1,2042.0,2042.0,199,134590.0,119518.0,15076.914572,500.0,20057.0
590,M,1949-02-15,49,OWNER,,44,Chrudim,east Bohemia,105606,8254.0,3.0,2166.0,0,,0.0,,0.0,Sin Prestamo,Sin Prestamo,1,9090.0,9090.0,178,687636.0,635630.0,45288.078651,600.0,70094.0
591,F,1974-10-29,24,OWNER,,65,Znojmo,south Moravia,114200,8403.0,6.0,2157.0,0,,0.0,,0.0,Sin Prestamo,Sin Prestamo,0,0.0,,306,412577.0,395930.0,27381.823529,-45.0,41383.0
592,M,1965-07-18,33,OWNER,,26,Plzen - mesto,west Bohemia,170449,10787.0,3.0,6041.0,0,,0.0,,0.0,Sin Prestamo,Sin Prestamo,0,0.0,,284,1078480.0,1043440.0,46759.521126,800.0,77240.0
593,F,1954-07-10,44,OWNER,,60,Prostejov,south Moravia,110643,8441.0,3.0,1879.0,0,,0.0,,0.0,Sin Prestamo,Sin Prestamo,3,11565.0,3855.0,471,2186187.0,2122039.0,47283.042462,400.0,129674.0
596,M,1948-10-24,50,OWNER,,69,Jesenik,north Moravia,42821,8173.0,,,0,,0.0,,0.0,Sin Prestamo,Sin Prestamo,1,3602.0,3602.0,401,523119.0,486327.0,25268.369077,800.0,43822.0
597,M,1943-02-22,55,OWNER,,55,Brno - venkov,south Moravia,157042,8743.0,2.0,3659.0,0,,0.0,,0.0,Sin Prestamo,Sin Prestamo,1,3405.0,3405.0,396,1610183.0,1563625.0,50913.818181,1000.0,86567.0
598,M,1970-12-31,28,OWNER,,1,Hl.m. Praha,Prague,1204953,12541.0,0.0,85677.0,0,,0.0,,0.0,Sin Prestamo,Sin Prestamo,0,0.0,,309,1476148.0,1376140.0,70417.640776,1000.0,122852.0
599,F,1977-05-18,21,DISPONENT,,1,Hl.m. Praha,Prague,1204953,12541.0,0.0,85677.0,0,,0.0,,0.0,Sin Prestamo,Sin Prestamo,0,0.0,,0,0.0,0.0,,,
601,M,1966-03-12,32,OWNER,,56,Breclav,south Moravia,124605,8772.0,5.0,2854.0,0,,0.0,,0.0,Sin Prestamo,Sin Prestamo,3,6436.0,2145.333333,206,1027708.0,1006717.0,45944.980582,400.0,177018.0
602,F,1965-01-16,33,DISPONENT,,56,Breclav,south Moravia,124605,8772.0,5.0,2854.0,0,,0.0,,0.0,Sin Prestamo,Sin Prestamo,0,0.0,,0,0.0,0.0,,,
603,F,1966-03-09,32,OWNER,,13,Rakovnik,central Bohemia,53921,8598.0,3.0,1597.0,1,5082.0,262980.0,60.0,4383.0,C,Vigente,1,4383.0,4383.0,233,1341361.0,1259608.0,63325.553648,900.0,151036.0
604,F,1965-07-31,33,OWNER,,1,Hl.m. Praha,Prague,1204953,12541.0,0.0,85677.0,0,,0.0,,0.0,Sin Prestamo,Sin Prestamo,1,2498.0,2498.0,68,81547.0,48607.0,25469.5,600.0,34976.0
605,F,1970-08-27,28,OWNER,,1,Hl.m. Praha,Prague,1204953,12541.0,0.0,85677.0,0,,0.0,,0.0,Sin Prestamo,Sin Prestamo,2,8921.0,4460.5,159,469402.0,417860.0,44335.213836,700.0,62705.0
606,F,1949-01-25,49,OWNER,,10,Praha - vychod,central Bohemia,92084,10124.0,1.0,3810.0,0,,0.0,,0.0,Sin Prestamo,Sin Prestamo,1,2308.0,2308.0,331,243380.0,216077.0,25333.277945,1100.0,36945.0
607,M,1964-03-30,34,OWNER,,64,Zlin,south Moravia,197099,9624.0,2.0,4484.0,0,,0.0,,0.0,Sin Prestamo,Sin Prestamo,2,2221.0,1110.5,125,81471.0,64097.0,14564.712,300.0,20105.0
608,M,1972-08-31,26,OWNER,,67,Bruntal,north Moravia,106054,8110.0,6.0,3244.0,0,,0.0,,0.0,Sin Prestamo,Sin Prestamo,4,4120.0,1030.0,249,550493.0,495510.0,48421.690763,400.0,78626.0
609,M,1962-09-02,36,OWNER,,52,Usti nad Orlici,east Bohemia,139012,8363.0,3.0,2564.0,0,,0.0,,0.0,Sin Prestamo,Sin Prestamo,0,0.0,,139,203553.0,212715.0,15537.532374,-17036.0,34828.0
610,F,1979-08-10,19,OWNER,,74,Ostrava - mesto,north Moravia,323870,10673.0,5.0,18782.0,0,,0.0,,0.0,Sin Prestamo,Sin Prestamo,1,2480.0,2480.0,139,128690.0,106080.0,30664.762589,600.0,38801.0
611,M,1952-10-13,46,OWNER,,36,Liberec,north Bohemia,159617,9198.0,3.0,5796.0,0,,0.0,,0.0,Sin Prestamo,Sin Prestamo,1,6261.0,6261.0,78,279565.0,235965.0,35046.51282,500.0,58161.0
612,F,1960-11-10,38,DISPONENT,,36,Liberec,north Bohemia,159617,9198.0,3.0,5796.0,0,,0.0,,0.0,Sin Prestamo,Sin Prestamo,0,0.0,,0,0.0,0.0,,,
613,F,1977-08-10,21,OWNER,,1,Hl.m. Praha,Prague,1204953,12541.0,0.0,85677.0,0,,0.0,,0.0,Sin Prestamo,Sin Prestamo,3,4804.0,1601.333333,456,1681017.0,1612469.0,41170.089912,986.0,144259.0
614,F,1947-02-03,51,OWNER,,14,Ceske Budejovice,south Bohemia,177686,10045.0,1.0,6604.0,0,,0.0,,0.0,Sin Prestamo,Sin Prestamo,1,2630.0,2630.0,110,472518.0,446660.0,45330.818181,400.0,119767.0
615,F,1949-09-13,49,OWNER,,68,Frydek - Mistek,north Moravia,228848,9893.0,4.0,5623.0,0,,0.0,,0.0,Sin Prestamo,Sin Prestamo,1,9449.0,9449.0,123,551284.0,482052.0,48764.780487,800.0,76764.0
616,M,1975-01-01,23,OWNER,,58,Jihlava,south Moravia,109164,8757.0,3.0,2212.0,0,,0.0,,0.0,Sin Prestamo,Sin Prestamo,1,7908.0,7908.0,138,390199.0,322268.0,43848.297101,400.0,84949.0
617,M,1974-03-14,24,OWNER,,70,Karvina,north Moravia,285387,10177.0,7.0,9878.0,0,,0.0,,0.0,Sin Prestamo,Sin Prestamo,1,5760.0,5760.0,168,447111.0,413040.0,21552.970238,900.0,48213.0
618,F,1932-03-16,66,OWNER,,57,Hodonin,south Moravia,161954,8720.0,4.0,3729.0,0,,0.0,,0.0,Sin Prestamo,Sin Prestamo,1,2750.0,2750.0,211,197119.0,176300.0,15523.767772,200.0,20894.0
619,M,1920-09-07,78,OWNER,,6,Kutna Hora,central Bohemia,77963,8546.0,3.0,2640.0,0,,0.0,,0.0,Sin Prestamo,Sin Prestamo,1,3736.0,3736.0,173,240680.0,210536.0,30491.132947,500.0,44045.0
620,F,1918-02-13,80,DISPONENT,,6,Kutna Hora,central Bohemia,77963,8546.0,3.0,2640.0,0,,0.0,,0.0,Sin Prestamo,Sin Prestamo,0,0.0,,0,0.0,0.0,,,
621,M,1939-03-17,59,OWNER,,54,Brno - mesto,south Moravia,387570,9897.0,2.0,18721.0,0,,0.0,,0.0,Sin Prestamo,Sin Prestamo,1,9255.0,9255.0,357,1655632.0,1567275.0,54080.823529,1100.0,97296.0
622,F,1931-11-23,67,OWNER,,74,Ostrava - mesto,north Moravia,323870,10673.0,5.0,18782.0,0,,0.0,,0.0,Sin Prestamo,Sin Prestamo,2,3353.0,1676.5,293,302111.0,283876.0,21464.426621,200.0,31061.0
623,M,1925-09-04,73,OWNER,,24,Karlovy Vary,west Bohemia,122603,8991.0,1.0,5198.0,0,,0.0,,0.0,Sin Prestamo,Sin Prestamo,1,3245.0,3245.0,323,432770.0,406340.0,25775.058823,200.0,36854.0
624,F,1932-07-26,66,DISPONENT,,24,Karlovy Vary,west Bohemia,122603,8991.0,1.0,5198.0,0,,0.0,,0.0,Sin Prestamo,Sin Prestamo,0,0.0,,0,0.0,0.0,,,
625,F,1978-11-24,20,OWNER,,60,Prostejov,south Moravia,110643,8441.0,3.0,1879.0,0,,0.0,,0.0,Sin Prestamo,Sin Prestamo,1,2332.0,2332.0,281,223459.0,189569.0,22336.131672,1000.0,34533.0
626,M,1980-04-13,18,OWNER,,9,Nymburk,central Bohemia,81344,8899.0,3.0,2987.0,0,,0.0,,0.0,Sin Prestamo,Sin Prestamo,1,4234.0,4234.0,334,2635060.0,2552458.0,73448.751497,800.0,153181.0
627,M,1972-04-11,26,OWNER,,17,Pelhrimov,south Bohemia,74062,8114.0,2.0,1003.0,0,,0.0,,0.0,Sin Prestamo,Sin Prestamo,2,5007.0,2503.5,225,436406.0,409829.0,24365.764444,400.0,50101.0
628,F,1970-05-27,28,DISPONENT,,17,Pelhrimov,south Bohemia,74062,8114.0,2.0,1003.0,0,,0.0,,0.0,Sin Prestamo,Sin Prestamo,0,0.0,,0,0.0,0.0,,,
629,M,1976-03-10,22,OWNER,,16,Jindrichuv Hradec,south Bohemia,93931,8427.0,1.0,1874.0,0,,0.0,,0.0,Sin Prestamo,Sin Prestamo,0,0.0,,320,847269.0,776585.0,57271.003125,300.0,88566.0
630,M,1952-03-03,46,OWNER,,61,Trebic,south Moravia,117897,8814.0,5.0,2112.0,0,,0.0,,0.0,Sin Prestamo,Sin Prestamo,1,5768.0,5768.0,308,1195050.0,1102833.0,35618.532467,1000.0,93588.0
631,F,1956-03-22,42,OWNER,,70,Karvina,north Moravia,285387,10177.0,7.0,9878.0,1,5086.0,210384.0,48.0,4383.0,C,Vigente,2,10837.0,5418.5,188,954626.0,855914.0,47845.271276,300.0,158444.0
632,M,1946-03-16,52,OWNER,,67,Bruntal,north Moravia,106054,8110.0,6.0,3244.0,0,,0.0,,0.0,Sin Prestamo,Sin Prestamo,1,5074.0,5074.0,162,518948.0,485056.0,35124.617283,400.0,57960.0
633,F,1938-06-12,60,DISPONENT,,67,Bruntal,north Moravia,106054,8110.0,6.0,3244.0,0,,0.0,,0.0,Sin Prestamo,Sin Prestamo,0,0.0,,0,0.0,0.0,,,
635,F,1927-06-29,71,OWNER,,17,Pelhrimov,south Bohemia,74062,8114.0,2.0,1003.0,0,,0.0,,0.0,Sin Prestamo,Sin Prestamo,1,2916.0,2916.0,99,111337.0,90725.0,17446.393939,300.0,25178.0
636,M,1935-02-17,63,DISPONENT,,17,Pelhrimov,south Bohemia,74062,8114.0,2.0,1003.0,0,,0.0,,0.0,Sin Prestamo,Sin Prestamo,0,0.0,,0,0.0,0.0,,,
637,F,1970-12-15,28,OWNER,,39,Most,north Bohemia,119895,10446.0,7.0,4947.0,0,,0.0,,0.0,Sin Prestamo,Sin Prestamo,1,3344.0,3344.0,86,128886.0,95773.0,26948.837209,700.0,43869.0
638,F,1961-02-03,37,OWNER,,54,Brno - mesto,south Moravia,387570,9897.0,2.0,18721.0,0,,0.0,,0.0,Sin Prestamo,Sin Prestamo,0,0.0,,127,688711.0,655732.0,40348.874015,600.0,71170.0
639,M,1978-08-02,20,OWNER,,31,Tachov,west Bohemia,51313,8930.0,4.0,1328.0,0,,0.0,,0.0,Sin Prestamo,Sin Prestamo,1,2144.0,2144.0,185,132992.0,99339.0,22526.632432,1000.0,36029.0
640,M,1979-04-15,19,OWNER,,26,Plzen - mesto,west Bohemia,170449,10787.0,3.0,6041.0,0,,0.0,,0.0,Sin Prestamo,Sin Prestamo,0,0.0,,199,1703324.0,1628974.0,66248.944723,900.0,152480.0
641,F,1962-07-04,36,OWNER,,40,Teplice,north Bohemia,128118,9317.0,6.0,6949.0,0,,0.0,,0.0,Sin Prestamo,Sin Prestamo,2,4746.0,2373.0,256,388637.0,359299.0,18931.96875,400.0,39208.0
642,M,1963-10-25,35,DISPONENT,,40,Teplice,north Bohemia,128118,9317.0,6.0,6949.0,0,,0.0,,0.0,Sin Prestamo,Sin Prestamo,0,0.0,,0,0.0,0.0,,,
643,F,1949-06-13,49,OWNER,,1,Hl.m. Praha,Prague,1204953,12541.0,0.0,85677.0,0,,0.0,,0.0,Sin Prestamo,Sin Prestamo,3,3801.0,1267.0,130,305979.0,258104.0,39387.615384,800.0,65425.0
644,F,1961-04-23,37,OWNER,,35,Jablonec n. Nisou,north Bohemia,88768,8867.0,1.0,3384.0,0,,0.0,,0.0,Sin Prestamo,Sin Prestamo,3,7848.0,2616.0,414,1249742.0,1209371.0,38178.374396,800.0,72677.0
645,M,1925-12-21,73,OWNER,,14,Ceske Budejovice,south Bohemia,177686,10045.0,1.0,6604.0,0,,0.0,,0.0,Sin Prestamo,Sin Prestamo,2,2569.0,1284.5,137,133177.0,106816.0,21572.635036,900.0,32588.0
646,F,1922-09-29,76,OWNER,,34,Chomutov,north Bohemia,125236,9675.0,6.0,5323.0,0,,0.0,,0.0,Sin Prestamo,Sin Prestamo,1,1848.0,1848.0,108,150006.0,82867.0,39441.527777,500.0,67148.0
647,M,1929-04-06,69,DISPONENT,,34,Chomutov,north Bohemia,125236,9675.0,6.0,5323.0,0,,0.0,,0.0,Sin Prestamo,Sin Prestamo,0,0.0,,0,0.0,0.0,,,
648,F,1935-09-28,63,OWNER,,70,Karvina,north Moravia,285387,10177.0,7.0,9878.0,0,,0.0,,0.0,Sin Prestamo,Sin Prestamo,1,2692.0,2692.0,250,226734.0,202710.0,16910.128,800.0,26157.0
649,F,1978-05-02,20,OWNER,,13,Rakovnik,central Bohemia,53921,8598.0,3.0,1597.0,0,,0.0,,0.0,Sin Prestamo,Sin Prestamo,0,0.0,,353,2053698.0,2045796.0,52795.393767,-1412.0,165299.0
651,F,1976-01-27,22,OWNER,,54,Brno - mesto,south Moravia,387570,9897.0,2.0,18721.0,0,,0.0,,0.0,Sin Prestamo,Sin Prestamo,0,0.0,,367,588138.0,564850.0,30033.782016,300.0,86149.0
652,M,1938-12-08,60,OWNER,,61,Trebic,south Moravia,117897,8814.0,5.0,2112.0,0,,0.0,,0.0,Sin Prestamo,Sin Prestamo,3,8728.0,2909.333333,481,1407453.0,1387289.0,31253.829521,200.0,67897.0
653,F,1930-11-21,68,OWNER,,1,Hl.m. Praha,Prague,1204953,12541.0,0.0,85677.0,0,,0.0,,0.0,Sin Prestamo,Sin Prestamo,1,2750.0,2750.0,282,261258.0,242945.0,18303.031914,900.0,26086.0
654,F,1942-05-17,56,OWNER,,64,Zlin,south Moravia,197099,9624.0,2.0,4484.0,0,,0.0,,0.0,Sin Prestamo,Sin Prestamo,3,2388.0,796.0,412,245833.0,229459.0,17506.759708,600.0,27687.0
655,M,1942-12-10,56,OWNER,True,32,Ceska Lipa,north Bohemia,105058,9272.0,3.0,4340.0,1,5088.0,91152.0,24.0,3798.0,A,Cerrado,1,3798.0,3798.0,254,1151507.0,1040279.0,53438.342519,400.0,111236.0
656,M,1956-06-06,42,OWNER,,1,Hl.m. Praha,Prague,1204953,12541.0,0.0,85677.0,0,,0.0,,0.0,Sin Prestamo,Sin Prestamo,1,3306.0,3306.0,331,787623.0,702182.0,41791.302114,900.0,89029.0
657,F,1926-07-10,72,OWNER,,8,Mlada Boleslav,central Bohemia,112065,11277.0,1.0,5179.0,0,,0.0,,0.0,Sin Prestamo,Sin Prestamo,1,2940.0,2940.0,102,112844.0,98930.0,17768.078431,1100.0,27084.0
658,M,1926-12-21,72,DISPONENT,,8,Mlada Boleslav,central Bohemia,112065,11277.0,1.0,5179.0,0,,0.0,,0.0,Sin Prestamo,Sin Prestamo,0,0.0,,0,0.0,0.0,,,
659,M,1965-12-07,33,OWNER,,24,Karlovy Vary,west Bohemia,122603,8991.0,1.0,5198.0,0,,0.0,,0.0,Sin Prestamo,Sin Prestamo,1,2273.0,2273.0,71,59648.0,42209.0,14844.225352,900.0,20551.0
660,M,1923-03-22,75,OWNER,,16,Jindrichuv Hradec,south Bohemia,93931,8427.0,1.0,1874.0,0,,0.0,,0.0,Sin Prestamo,Sin Prestamo,2,1813.0,906.5,353,359876.0,343208.0,23899.895184,200.0,37337.0
661,F,1919-01-15,79,DISPONENT,,16,Jindrichuv Hradec,south Bohemia,93931,8427.0,1.0,1874.0,0,,0.0,,0.0,Sin Prestamo,Sin Prestamo,0,0.0,,0,0.0,0.0,,,
662,M,1945-08-07,53,OWNER,,5,Kolin,central Bohemia,95616,9307.0,4.0,2616.0,0,,0.0,,0.0,Sin Prestamo,Sin Prestamo,2,4091.0,2045.5,154,391222.0,357704.0,36123.948051,500.0,58365.0
663,M,1923-01-20,75,OWNER,,24,Karlovy Vary,west Bohemia,122603,8991.0,1.0,5198.0,0,,0.0,,0.0,Sin Prestamo,Sin Prestamo,2,1596.0,798.0,69,83415.0,65136.0,19771.840579,200.0,33732.0
664,F,1980-03-19,18,OWNER,,77,Vsetin,north Moravia,148545,8909.0,4.0,3460.0,0,,0.0,,0.0,Sin Prestamo,Sin Prestamo,0,0.0,,279,383935.0,342445.0,25202.691756,800.0,68160.0
665,F,1932-04-05,66,OWNER,,62,Uherske Hradiste,south Moravia,145688,8544.0,1.0,2719.0,0,,0.0,,0.0,Sin Prestamo,Sin Prestamo,1,2097.0,2097.0,337,335248.0,318965.0,21029.139465,900.0,33808.0
666,M,1982-05-23,16,OWNER,,26,Plzen - mesto,west Bohemia,170449,10787.0,3.0,6041.0,0,,0.0,,0.0,Sin Prestamo,Sin Prestamo,0,0.0,,270,274275.0,232665.0,29640.637037,300.0,70450.0
667,F,1981-07-20,17,OWNER,,26,Plzen - mesto,west Bohemia,170449,10787.0,3.0,6041.0,0,,0.0,,0.0,Sin Prestamo,Sin Prestamo,0,0.0,,209,235349.0,210695.0,34221.401913,800.0,82574.0
668,F,1942-12-25,56,OWNER,,1,Hl.m. Praha,Prague,1204953,12541.0,0.0,85677.0,0,,0.0,,0.0,Sin Prestamo,Sin Prestamo,3,7768.0,2589.333333,503,1664904.0,1641417.0,33308.996023,300.0,71341.0
669,F,1956-12-19,42,OWNER,,12,Pribram,central Bohemia,107870,8754.0,4.0,3804.0,0,,0.0,,0.0,Sin Prestamo,Sin Prestamo,0,0.0,,85,367700.0,311735.0,32532.305882,500.0,62028.0
670,M,1959-01-21,39,OWNER,,1,Hl.m. Praha,Prague,1204953,12541.0,0.0,85677.0,0,,0.0,,0.0,Sin Prestamo,Sin Prestamo,1,2050.0,2050.0,167,116835.0,97350.0,17630.479041,600.0,25086.0
671,F,1971-02-27,27,OWNER,,10,Praha - vychod,central Bohemia,92084,10124.0,1.0,3810.0,0,,0.0,,0.0,Sin Prestamo,Sin Prestamo,2,5557.0,2778.5,195,323510.0,276456.0,27584.476923,900.0,52831.0
672,F,1929-11-09,69,OWNER,,46,Nachod,east Bohemia,112709,8369.0,2.0,2854.0,0,,0.0,,0.0,Sin Prestamo,Sin Prestamo,1,2175.0,2175.0,362,403293.0,376530.0,21083.770718,300.0,32758.0
673,M,1939-10-29,59,OWNER,,36,Liberec,north Bohemia,159617,9198.0,3.0,5796.0,0,,0.0,,0.0,Sin Prestamo,Sin Prestamo,1,5683.0,5683.0,231,454593.0,425013.0,29609.714285,800.0,50513.0
674,F,1927-01-11,71,OWNER,,11,Praha - zapad,central Bohemia,75637,9622.0,0.0,3475.0,0,,0.0,,0.0,Sin Prestamo,Sin Prestamo,2,1651.0,825.5,137,148488.0,123557.0,24914.248175,400.0,35325.0
675,M,1975-11-12,23,OWNER,,50,Svitavy,east Bohemia,102609,8187.0,5.0,2123.0,0,,0.0,,0.0,Sin Prestamo,Sin Prestamo,0,0.0,,441,672138.0,606955.0,35228.292517,300.0,82258.0
676,M,1953-02-07,45,OWNER,,70,Karvina,north Moravia,285387,10177.0,7.0,9878.0,0,,0.0,,0.0,Sin Prestamo,Sin Prestamo,1,6245.0,6245.0,356,687767.0,668845.0,27911.064606,500.0,48083.0
677,M,1963-05-24,35,OWNER,,5,Kolin,central Bohemia,95616,9307.0,4.0,2616.0,0,,0.0,,0.0,Sin Prestamo,Sin Prestamo,2,9008.0,4504.0,61,249369.0,216961.0,33693.442622,1100.0,58234.0
678,F,1933-05-28,65,OWNER,,39,Most,north Bohemia,119895,10446.0,7.0,4947.0,0,,0.0,,0.0,Sin Prestamo,Sin Prestamo,1,3509.0,3509.0,162,199720.0,157317.0,31733.530864,700.0,47049.0
679,M,1940-03-19,58,OWNER,,8,Mlada Boleslav,central Bohemia,112065,11277.0,1.0,5179.0,0,,0.0,,0.0,Sin Prestamo,Sin Prestamo,0,0.0,,88,728244.0,658733.0,57980.738636,700.0,121076.0
680,F,1940-05-09,58,DISPONENT,,8,Mlada Boleslav,central Bohemia,112065,11277.0,1.0,5179.0,0,,0.0,,0.0,Sin Prestamo,Sin Prestamo,0,0.0,,0,0.0,0.0,,,
681,M,1977-01-15,21,OWNER,,15,Cesky Krumlov,south Bohemia,58796,9045.0,3.0,1845.0,0,,0.0,,0.0,Sin Prestamo,Sin Prestamo,0,0.0,,154,230294.0,177125.0,27968.863636,900.0,65380.0
682,M,1979-10-21,19,OWNER,,18,Pisek,south Bohemia,70699,8968.0,3.0,1740.0,0,,0.0,,0.0,Sin Prestamo,Sin Prestamo,1,1408.0,1408.0,214,614291.0,548900.0,34869.09813,200.0,65405.0
683,F,1945-08-29,53,OWNER,,76,Sumperk,north Moravia,127369,8369.0,5.0,3736.0,0,,0.0,,0.0,Sin Prestamo,Sin Prestamo,1,2074.0,2074.0,144,130534.0,109138.0,25954.548611,300.0,36866.0
684,F,1976-04-10,22,OWNER,,3,Beroun,central Bohemia,75232,8980.0,2.0,2824.0,0,,0.0,,0.0,Sin Prestamo,Sin Prestamo,1,6273.0,6273.0,123,267494.0,250433.0,27798.430894,800.0,42973.0
685,F,1930-12-13,68,OWNER,,72,Olomouc,north Moravia,226122,8994.0,4.0,9672.0,0,,0.0,,0.0,Sin Prestamo,Sin Prestamo,1,3255.0,3255.0,126,143661.0,118095.0,18207.341269,200.0,28723.0
686,F,1971-10-03,27,OWNER,,32,Ceska Lipa,north Bohemia,105058,9272.0,3.0,4340.0,0,,0.0,,0.0,Sin Prestamo,Sin Prestamo,4,8094.0,2023.5,439,1248670.0,1170392.0,44188.89066,700.0,80871.0
687,M,1975-01-28,23,DISPONENT,,32,Ceska Lipa,north Bohemia,105058,9272.0,3.0,4340.0,0,,0.0,,0.0,Sin Prestamo,Sin Prestamo,0,0.0,,0,0.0,0.0,,,
688,M,1954-05-04,44,OWNER,,1,Hl.m. Praha,Prague,1204953,12541.0,0.0,85677.0,0,,0.0,,0.0,Sin Prestamo,Sin Prestamo,1,2249.0,2249.0,89,446825.0,402117.0,38956.741573,700.0,107686.0
689,M,1964-08-02,34,OWNER,,70,Karvina,north Moravia,285387,10177.0,7.0,9878.0,0,,0.0,,0.0,Sin Prestamo,Sin Prestamo,0,0.0,,370,2938731.0,2835525.0,58038.351351,900.0,142918.0
690,M,1942-11-07,56,OWNER,,38,Louny,north Bohemia,85852,8965.0,7.0,2653.0,0,,0.0,,0.0,Sin Prestamo,Sin Prestamo,2,6085.0,3042.5,341,575861.0,546985.0,22192.630498,200.0,43106.0
691,F,1944-01-13,54,DISPONENT,,38,Louny,north Bohemia,85852,8965.0,7.0,2653.0,0,,0.0,,0.0,Sin Prestamo,Sin Prestamo,0,0.0,,0,0.0,0.0,,,
692,F,1936-01-11,62,OWNER,,74,Ostrava - mesto,north Moravia,323870,10673.0,5.0,18782.0,0,,0.0,,0.0,Sin Prestamo,Sin Prestamo,1,3662.0,3662.0,358,455592.0,420061.0,28105.418994,900.0,44854.0
693,M,1935-03-17,63,DISPONENT,,74,Ostrava - mesto,north Moravia,323870,10673.0,5.0,18782.0,0,,0.0,,0.0,Sin Prestamo,Sin Prestamo,0,0.0,,0,0.0,0.0,,,
694,M,1936-02-28,62,OWNER,,29,Rokycany,west Bohemia,45714,8843.0,3.0,818.0,0,,0.0,,0.0,Sin Prestamo,Sin Prestamo,1,5120.0,5120.0,294,675158.0,594690.0,39538.139455,400.0,88795.0
695,M,1955-06-27,43,OWNER,,28,Plzen - sever,west Bohemia,72541,8594.0,2.0,1580.0,0,,0.0,,0.0,Sin Prestamo,Sin Prestamo,4,6159.0,1539.75,161,442674.0,406202.0,38343.546583,900.0,62202.0
696,F,1952-12-01,46,DISPONENT,,28,Plzen - sever,west Bohemia,72541,8594.0,2.0,1580.0,0,,0.0,,0.0,Sin Prestamo,Sin Prestamo,0,0.0,,0,0.0,0.0,,,
697,M,1974-05-01,24,OWNER,,1,Hl.m. Praha,Prague,1204953,12541.0,0.0,85677.0,0,,0.0,,0.0,Sin Prestamo,Sin Prestamo,2,3836.0,1918.0,62,95709.0,67422.0,22485.516129,900.0,33897.0
698,M,1954-02-27,44,OWNER,,75,Prerov,north Moravia,138032,8819.0,5.0,4063.0,0,,0.0,,0.0,Sin Prestamo,Sin Prestamo,2,5286.0,2643.0,185,304912.0,275057.0,26553.264864,500.0,38639.0
699,F,1922-04-22,76,OWNER,,26,Plzen - mesto,west Bohemia,170449,10787.0,3.0,6041.0,0,,0.0,,0.0,Sin Prestamo,Sin Prestamo,1,1502.0,1502.0,106,130833.0,79147.0,33195.169811,500.0,55554.0
700,M,1929-11-20,69,OWNER,,12,Pribram,central Bohemia,107870,8754.0,4.0,3804.0,0,,0.0,,0.0,Sin Prestamo,Sin Prestamo,1,2812.0,2812.0,243,228057.0,206818.0,16796.547325,1100.0,27555.0
702,F,1968-11-07,30,OWNER,,31,Tachov,west Bohemia,51313,8930.0,4.0,1328.0,0,,0.0,,0.0,Sin Prestamo,Sin Prestamo,1,2302.0,2302.0,138,115738.0,100680.0,16070.550724,200.0,25068.0
703,M,1959-04-26,39,OWNER,,4,Kladno,central Bohemia,149893,9753.0,5.0,5244.0,0,,0.0,,0.0,Sin Prestamo,Sin Prestamo,0,0.0,,20,35964.0,19800.0,21718.3,400.0,28704.0
704,M,1975-05-01,23,OWNER,,54,Brno - mesto,south Moravia,387570,9897.0,2.0,18721.0,0,,0.0,,0.0,Sin Prestamo,Sin Prestamo,0,0.0,,217,329377.0,306780.0,31055.308755,900.0,101460.0
705,M,1938-12-10,60,OWNER,,19,Prachatice,south Bohemia,51428,8402.0,3.0,999.0,0,,0.0,,0.0,Sin Prestamo,Sin Prestamo,0,0.0,,28,52300.0,18400.0,18635.714285,400.0,33900.0
706,M,1948-08-05,50,OWNER,,1,Hl.m. Praha,Prague,1204953,12541.0,0.0,85677.0,0,,0.0,,0.0,Sin Prestamo,Sin Prestamo,3,5089.0,1696.333333,508,609709.0,588657.0,24841.0,1000.0,40269.0
707,M,1941-12-14,57,OWNER,,1,Hl.m. Praha,Prague,1204953,12541.0,0.0,85677.0,0,,0.0,,0.0,Sin Prestamo,Sin Prestamo,1,5746.0,5746.0,105,456093.0,405221.0,49459.114285,700.0,76603.0
708,F,1977-11-27,21,OWNER,,50,Svitavy,east Bohemia,102609,8187.0,5.0,2123.0,0,,0.0,,0.0,Sin Prestamo,Sin Prestamo,0,0.0,,146,459749.0,400735.0,39951.472602,1100.0,61596.0
709,M,1934-12-29,64,OWNER,,1,Hl.m. Praha,Prague,1204953,12541.0,0.0,85677.0,0,,0.0,,0.0,Sin Prestamo,Sin Prestamo,1,2788.0,2788.0,59,68469.0,45721.0,17651.728813,700.0,26347.0
710,M,1925-11-28,73,OWNER,,23,Cheb,west Bohemia,87419,8624.0,2.0,2879.0,0,,0.0,,0.0,Sin Prestamo,Sin Prestamo,2,1608.0,804.0,132,140000.0,120657.0,18150.234848,300.0,28902.0
711,F,1963-08-16,35,OWNER,,48,Rychnov nad Kneznou,east Bohemia,78955,9060.0,2.0,1655.0,0,,0.0,,0.0,Sin Prestamo,Sin Prestamo,0,0.0,,139,454217.0,385060.0,47019.453237,800.0,76642.0
712,M,1962-12-04,36,OWNER,,54,Brno - mesto,south Moravia,387570,9897.0,2.0,18721.0,0,,0.0,,0.0,Sin Prestamo,Sin Prestamo,1,2054.0,2054.0,233,155078.0,131370.0,19196.772532,500.0,28280.0
713,F,1980-03-29,18,OWNER,,20,Strakonice,south Bohemia,70646,8547.0,3.0,1563.0,0,,0.0,,0.0,Sin Prestamo,Sin Prestamo,1,4702.0,4702.0,159,1013965.0,926391.0,54248.226415,200.0,127630.0
714,M,1970-10-08,28,OWNER,,31,Tachov,west Bohemia,51313,8930.0,4.0,1328.0,0,,0.0,,0.0,Sin Prestamo,Sin Prestamo,0,0.0,,248,1072319.0,984415.0,71175.193548,700.0,123380.0
715,F,1952-01-15,46,OWNER,,1,Hl.m. Praha,Prague,1204953,12541.0,0.0,85677.0,0,,0.0,,0.0,Sin Prestamo,Sin Prestamo,1,6135.0,6135.0,348,1305998.0,1287685.0,34850.962643,300.0,69223.0
716,F,1954-12-04,44,OWNER,,1,Hl.m. Praha,Prague,1204953,12541.0,0.0,85677.0,0,,0.0,,0.0,Sin Prestamo,Sin Prestamo,1,7781.0,7781.0,117,316436.0,256053.0,39364.068376,1100.0,74408.0
717,M,1968-05-02,30,OWNER,,54,Brno - mesto,south Moravia,387570,9897.0,2.0,18721.0,0,,0.0,,0.0,Sin Prestamo,Sin Prestamo,2,4085.0,2042.5,148,330536.0,304665.0,24132.722972,600.0,40470.0
718,F,1960-02-28,38,DISPONENT,,54,Brno - mesto,south Moravia,387570,9897.0,2.0,18721.0,0,,0.0,,0.0,Sin Prestamo,Sin Prestamo,0,0.0,,0,0.0,0.0,,,
719,M,1974-08-09,24,OWNER,,46,Nachod,east Bohemia,112709,8369.0,2.0,2854.0,0,,0.0,,0.0,Sin Prestamo,Sin Prestamo,1,5952.0,5952.0,111,403270.0,355912.0,40800.225225,200.0,61922.0
720,M,1954-09-06,44,OWNER,,29,Rokycany,west Bohemia,45714,8843.0,3.0,818.0,0,,0.0,,0.0,Sin Prestamo,Sin Prestamo,1,2230.0,2230.0,326,222156.0,205720.0,17694.325153,300.0,27251.0
721,M,1940-02-15,58,OWNER,,43,Hradec Kralove,east Bohemia,161854,9425.0,2.0,4085.0,0,,0.0,,0.0,Sin Prestamo,Sin Prestamo,1,3191.0,3191.0,180,214753.0,196189.0,15403.238888,700.0,28913.0
722,F,1970-11-25,28,OWNER,,62,Uherske Hradiste,south Moravia,145688,8544.0,1.0,2719.0,0,,0.0,,0.0,Sin Prestamo,Sin Prestamo,1,4361.0,4361.0,171,439573.0,375416.0,48956.222222,500.0,72799.0
723,F,1957-07-26,41,OWNER,,12,Pribram,central Bohemia,107870,8754.0,4.0,3804.0,0,,0.0,,0.0,Sin Prestamo,Sin Prestamo,0,0.0,,292,578731.0,531240.0,38392.068493,800.0,59170.0
724,F,1953-02-02,45,OWNER,,65,Znojmo,south Moravia,114200,8403.0,6.0,2157.0,0,,0.0,,0.0,Sin Prestamo,Sin Prestamo,1,6876.0,6876.0,112,266276.0,240834.0,20186.598214,600.0,41927.0
725,M,1956-12-11,42,OWNER,,75,Prerov,north Moravia,138032,8819.0,5.0,4063.0,0,,0.0,,0.0,Sin Prestamo,Sin Prestamo,2,8211.0,4105.5,75,362022.0,290645.0,51253.786666,600.0,79309.0
726,M,1935-02-13,63,OWNER,,16,Jindrichuv Hradec,south Bohemia,93931,8427.0,1.0,1874.0,0,,0.0,,0.0,Sin Prestamo,Sin Prestamo,1,2082.0,2082.0,212,147181.0,132437.0,16281.183962,600.0,23404.0
727,F,1930-07-20,68,OWNER,,32,Ceska Lipa,north Bohemia,105058,9272.0,3.0,4340.0,0,,0.0,,0.0,Sin Prestamo,Sin Prestamo,1,2895.0,2895.0,208,212191.0,188430.0,17494.125,600.0,26733.0
728,M,1932-01-20,66,DISPONENT,,32,Ceska Lipa,north Bohemia,105058,9272.0,3.0,4340.0,0,,0.0,,0.0,Sin Prestamo,Sin Prestamo,0,0.0,,0,0.0,0.0,,,
729,F,1969-03-17,29,OWNER,,63,Vyskov,south Moravia,86513,8288.0,4.0,1562.0,0,,0.0,,0.0,Sin Prestamo,Sin Prestamo,3,1970.0,656.666666,361,167661.0,141540.0,20332.576177,700.0,28037.0
730,M,1973-08-14,25,DISPONENT,,63,Vyskov,south Moravia,86513,8288.0,4.0,1562.0,0,,0.0,,0.0,Sin Prestamo,Sin Prestamo,0,0.0,,0,0.0,0.0,,,
731,F,1979-01-22,19,OWNER,,74,Ostrava - mesto,north Moravia,323870,10673.0,5.0,18782.0,0,,0.0,,0.0,Sin Prestamo,Sin Prestamo,0,0.0,,253,1506360.0,1407868.0,67671.114624,800.0,116945.0
732,M,1978-07-05,20,DISPONENT,,74,Ostrava - mesto,north Moravia,323870,10673.0,5.0,18782.0,0,,0.0,,0.0,Sin Prestamo,Sin Prestamo,0,0.0,,0,0.0,0.0,,,
733,M,1978-07-28,20,OWNER,,46,Nachod,east Bohemia,112709,8369.0,2.0,2854.0,0,,0.0,,0.0,Sin Prestamo,Sin Prestamo,1,2284.0,2284.0,69,59910.0,45968.0,12295.115942,1000.0,18135.0
734,F,1985-01-14,13,DISPONENT,,46,Nachod,east Bohemia,112709,8369.0,2.0,2854.0,0,,0.0,,0.0,Sin Prestamo,Sin Prestamo,0,0.0,,0,0.0,0.0,,,
735,M,1973-11-26,25,OWNER,,1,Hl.m. Praha,Prague,1204953,12541.0,0.0,85677.0,0,,0.0,,0.0,Sin Prestamo,Sin Prestamo,1,1936.0,1936.0,134,91926.0,73772.0,14442.858208,300.0,20978.0
736,F,1977-04-26,21,DISPONENT,,1,Hl.m. Praha,Prague,1204953,12541.0,0.0,85677.0,0,,0.0,,0.0,Sin Prestamo,Sin Prestamo,0,0.0,,0,0.0,0.0,,,
737,M,1952-11-04,46,OWNER,,74,Ostrava - mesto,north Moravia,323870,10673.0,5.0,18782.0,0,,0.0,,0.0,Sin Prestamo,Sin Prestamo,0,0.0,,124,395640.0,357903.0,29306.048387,600.0,58784.0
738,M,1920-03-26,78,OWNER,,25,Klatovy,west Bohemia,88757,8554.0,2.0,1822.0,0,,0.0,,0.0,Sin Prestamo,Sin Prestamo,1,1664.0,1664.0,89,111727.0,72446.0,28516.393258,200.0,42106.0
739,M,1942-04-16,56,OWNER,,72,Olomouc,north Moravia,226122,8994.0,4.0,9672.0,0,,0.0,,0.0,Sin Prestamo,Sin Prestamo,2,2096.0,1048.0,182,107016.0,81744.0,20140.686813,800.0,27949.0
740,M,1923-11-07,75,OWNER,,55,Brno - venkov,south Moravia,157042,8743.0,2.0,3659.0,0,,0.0,,0.0,Sin Prestamo,Sin Prestamo,1,1869.0,1869.0,334,431541.0,402668.0,23468.844311,1100.0,37881.0
741,M,1941-07-09,57,OWNER,,74,Ostrava - mesto,north Moravia,323870,10673.0,5.0,18782.0,0,,0.0,,0.0,Sin Prestamo,Sin Prestamo,2,15687.0,7843.5,160,804852.0,789682.0,38592.975,200.0,84237.0
742,F,1951-10-15,47,OWNER,,1,Hl.m. Praha,Prague,1204953,12541.0,0.0,85677.0,0,,0.0,,0.0,Sin Prestamo,Sin Prestamo,2,3782.0,1891.0,161,741575.0,707956.0,55944.322981,700.0,82650.0
743,M,1941-02-17,57,OWNER,,1,Hl.m. Praha,Prague,1204953,12541.0,0.0,85677.0,0,,0.0,,0.0,Sin Prestamo,Sin Prestamo,2,8267.0,4133.5,260,1102766.0,1064386.0,42212.176923,1100.0,151453.0
744,M,1940-07-18,58,OWNER,,26,Plzen - mesto,west Bohemia,170449,10787.0,3.0,6041.0,0,,0.0,,0.0,Sin Prestamo,Sin Prestamo,0,0.0,,35,47700.0,35600.0,17991.428571,1000.0,25700.0
745,F,1966-02-14,32,OWNER,,52,Usti nad Orlici,east Bohemia,139012,8363.0,3.0,2564.0,0,,0.0,,0.0,Sin Prestamo,Sin Prestamo,2,3409.0,1704.5,191,841108.0,789753.0,43956.371727,400.0,80505.0
746,M,1962-04-16,36,DISPONENT,,52,Usti nad Orlici,east Bohemia,139012,8363.0,3.0,2564.0,0,,0.0,,0.0,Sin Prestamo,Sin Prestamo,0,0.0,,0,0.0,0.0,,,
747,F,1953-08-20,45,OWNER,,24,Karlovy Vary,west Bohemia,122603,8991.0,1.0,5198.0,0,,0.0,,0.0,Sin Prestamo,Sin Prestamo,4,9428.0,2357.0,131,479624.0,419859.0,28841.595419,700.0,66403.0
748,M,1936-10-15,62,OWNER,,25,Klatovy,west Bohemia,88757,8554.0,2.0,1822.0,0,,0.0,,0.0,Sin Prestamo,Sin Prestamo,2,2072.0,1036.0,404,219966.0,203320.0,20226.220297,200.0,28797.0
749,F,1933-07-29,65,DISPONENT,,25,Klatovy,west Bohemia,88757,8554.0,2.0,1822.0,0,,0.0,,0.0,Sin Prestamo,Sin Prestamo,0,0.0,,0,0.0,0.0,,,
750,F,1956-09-29,42,OWNER,,70,Karvina,north Moravia,285387,10177.0,7.0,9878.0,0,,0.0,,0.0,Sin Prestamo,Sin Prestamo,0,0.0,,392,2840573.0,2803145.0,61773.318877,900.0,146488.0
751,M,1959-03-09,39,OWNER,,70,Karvina,north Moravia,285387,10177.0,7.0,9878.0,0,,0.0,,0.0,Sin Prestamo,Sin Prestamo,2,14064.0,7032.0,213,1630841.0,1551339.0,48645.112676,917.0,145041.0
752,M,1944-12-20,54,OWNER,,72,Olomouc,north Moravia,226122,8994.0,4.0,9672.0,0,,0.0,,0.0,Sin Prestamo,Sin Prestamo,1,3639.0,3639.0,366,538875.0,504283.0,32379.371584,200.0,49003.0
753,F,1940-09-24,58,DISPONENT,,72,Olomouc,north Moravia,226122,8994.0,4.0,9672.0,0,,0.0,,0.0,Sin Prestamo,Sin Prestamo,0,0.0,,0,0.0,0.0,,,
754,F,1947-06-04,51,OWNER,,63,Vyskov,south Moravia,86513,8288.0,4.0,1562.0,0,,0.0,,0.0,Sin Prestamo,Sin Prestamo,2,8782.0,4391.0,426,1744600.0,1644538.0,54594.192488,600.0,102114.0
755,M,1947-11-21,51,OWNER,,72,Olomouc,north Moravia,226122,8994.0,4.0,9672.0,0,,0.0,,0.0,Sin Prestamo,Sin Prestamo,1,3028.0,3028.0,324,361735.0,333033.0,32757.182098,700.0,49638.0
756,M,1920-05-13,78,OWNER,,31,Tachov,west Bohemia,51313,8930.0,4.0,1328.0,0,,0.0,,0.0,Sin Prestamo,Sin Prestamo,2,2707.0,1353.5,304,254132.0,226986.0,16270.065789,500.0,27803.0
757,F,1970-12-20,28,OWNER,,71,Novy Jicin,north Moravia,161227,8678.0,6.0,4980.0,0,,0.0,,0.0,Sin Prestamo,Sin Prestamo,1,2361.0,2361.0,349,272667.0,240236.0,18563.759312,400.0,32450.0
758,F,1961-07-26,37,OWNER,,68,Frydek - Mistek,north Moravia,228848,9893.0,4.0,5623.0,0,,0.0,,0.0,Sin Prestamo,Sin Prestamo,1,2394.0,2394.0,185,172696.0,130342.0,25283.664864,500.0,42908.0
759,M,1955-05-20,43,OWNER,,29,Rokycany,west Bohemia,45714,8843.0,3.0,818.0,0,,0.0,,0.0,Sin Prestamo,Sin Prestamo,3,2133.0,711.0,194,101648.0,80610.0,17630.881443,400.0,22332.0
760,F,1936-08-25,62,OWNER,,57,Hodonin,south Moravia,161954,8720.0,4.0,3729.0,0,,0.0,,0.0,Sin Prestamo,Sin Prestamo,1,3177.0,3177.0,176,189527.0,170444.0,16885.102272,700.0,29795.0
762,M,1937-04-20,61,OWNER,,21,Tabor,south Bohemia,103347,9104.0,2.0,2299.0,0,,0.0,,0.0,Sin Prestamo,Sin Prestamo,4,8097.0,2024.25,425,1776122.0,1768655.0,44246.192941,-1626.0,145877.0
763,F,1927-08-24,71,OWNER,,75,Prerov,north Moravia,138032,8819.0,5.0,4063.0,0,,0.0,,0.0,Sin Prestamo,Sin Prestamo,1,3056.0,3056.0,83,93676.0,79531.0,15821.686746,1000.0,25197.0
764,F,1955-10-13,43,OWNER,,49,Semily,east Bohemia,75685,8208.0,2.0,1660.0,0,,0.0,,0.0,Sin Prestamo,Sin Prestamo,1,1934.0,1934.0,142,109121.0,93507.0,14262.922535,800.0,26872.0
765,M,1969-12-31,29,OWNER,,65,Znojmo,south Moravia,114200,8403.0,6.0,2157.0,0,,0.0,,0.0,Sin Prestamo,Sin Prestamo,3,8028.0,2676.0,293,795932.0,769671.0,29503.013651,1000.0,59771.0
766,F,1926-07-03,72,OWNER,,1,Hl.m. Praha,Prague,1204953,12541.0,0.0,85677.0,0,,0.0,,0.0,Sin Prestamo,Sin Prestamo,1,2046.0,2046.0,56,62676.0,38485.0,20117.160714,500.0,29472.0
767,M,1923-06-16,75,DISPONENT,,1,Hl.m. Praha,Prague,1204953,12541.0,0.0,85677.0,0,,0.0,,0.0,Sin Prestamo,Sin Prestamo,0,0.0,,0,0.0,0.0,,,
768,F,1931-09-23,67,OWNER,,32,Ceska Lipa,north Bohemia,105058,9272.0,3.0,4340.0,0,,0.0,,0.0,Sin Prestamo,Sin Prestamo,1,2891.0,2891.0,305,298667.0,262523.0,26865.960655,1100.0,38909.0
769,M,1977-12-15,21,OWNER,,40,Teplice,north Bohemia,128118,9317.0,6.0,6949.0,0,,0.0,,0.0,Sin Prestamo,Sin Prestamo,1,3330.0,3330.0,97,485105.0,438595.0,50108.329896,800.0,83442.0
772,M,1944-12-10,54,OWNER,,64,Zlin,south Moravia,197099,9624.0,2.0,4484.0,0,,0.0,,0.0,Sin Prestamo,Sin Prestamo,0,0.0,,58,121966.0,86015.0,32525.396551,1100.0,44255.0
773,M,1935-10-30,63,OWNER,,4,Kladno,central Bohemia,149893,9753.0,5.0,5244.0,0,,0.0,,0.0,Sin Prestamo,Sin Prestamo,2,1972.0,986.0,64,42341.0,26559.0,12911.65625,300.0,16920.0
774,M,1973-03-03,25,OWNER,,70,Karvina,north Moravia,285387,10177.0,7.0,9878.0,0,,0.0,,0.0,Sin Prestamo,Sin Prestamo,1,13466.0,13466.0,105,926562.0,836027.0,72096.219047,900.0,131915.0
775,F,1940-11-30,58,OWNER,,51,Trutnov,east Bohemia,121947,8541.0,3.0,3496.0,0,,0.0,,0.0,Sin Prestamo,Sin Prestamo,1,4876.0,4876.0,189,379152.0,359721.0,24151.925925,400.0,45058.0
776,F,1953-05-03,45,OWNER,,1,Hl.m. Praha,Prague,1204953,12541.0,0.0,85677.0,0,,0.0,,0.0,Sin Prestamo,Sin Prestamo,1,6465.0,6465.0,105,298022.0,257585.0,39326.790476,1100.0,62078.0
777,M,1961-05-20,37,DISPONENT,,1,Hl.m. Praha,Prague,1204953,12541.0,0.0,85677.0,0,,0.0,,0.0,Sin Prestamo,Sin Prestamo,0,0.0,,0,0.0,0.0,,,
778,M,1940-06-04,58,OWNER,,13,Rakovnik,central Bohemia,53921,8598.0,3.0,1597.0,0,,0.0,,0.0,Sin Prestamo,Sin Prestamo,1,9240.0,9240.0,354,1343948.0,1234920.0,65589.172316,1100.0,129112.0
779,F,1944-06-12,54,OWNER,,69,Jesenik,north Moravia,42821,8173.0,,,0,,0.0,,0.0,Sin Prestamo,Sin Prestamo,1,3430.0,3430.0,322,2016788.0,1964653.0,53507.552795,-1595.0,141726.0
780,M,1924-02-26,74,OWNER,,3,Beroun,central Bohemia,75232,8980.0,2.0,2824.0,0,,0.0,,0.0,Sin Prestamo,Sin Prestamo,1,1697.0,1697.0,259,330778.0,303334.0,25178.714285,1100.0,36187.0
781,M,1945-09-20,53,OWNER,,72,Olomouc,north Moravia,226122,8994.0,4.0,9672.0,0,,0.0,,0.0,Sin Prestamo,Sin Prestamo,2,6714.0,3357.0,388,1355017.0,1310816.0,59517.974226,1100.0,120861.0
782,F,1963-03-18,35,OWNER,,5,Kolin,central Bohemia,95616,9307.0,4.0,2616.0,0,,0.0,,0.0,Sin Prestamo,Sin Prestamo,1,7591.0,7591.0,400,1143577.0,1075153.0,46711.405,700.0,77207.0
783,F,1971-03-25,27,OWNER,,27,Plzen - jih,west Bohemia,67298,8561.0,1.0,1029.0,0,,0.0,,0.0,Sin Prestamo,Sin Prestamo,1,5397.0,5397.0,75,270981.0,240372.0,37904.68,500.0,57524.0
784,M,1964-12-28,34,DISPONENT,,27,Plzen - jih,west Bohemia,67298,8561.0,1.0,1029.0,0,,0.0,,0.0,Sin Prestamo,Sin Prestamo,0,0.0,,0,0.0,0.0,,,
785,M,1934-09-09,64,OWNER,,63,Vyskov,south Moravia,86513,8288.0,4.0,1562.0,0,,0.0,,0.0,Sin Prestamo,Sin Prestamo,1,2885.0,2885.0,241,311057.0,266670.0,31426.053941,200.0,47472.0
786,M,1978-09-06,20,OWNER,,53,Blansko,south Moravia,107911,8240.0,3.0,1850.0,0,,0.0,,0.0,Sin Prestamo,Sin Prestamo,4,4469.0,1117.25,606,1789806.0,1730311.0,58873.917491,1000.0,103584.0
787,M,1947-12-08,51,OWNER,,3,Beroun,central Bohemia,75232,8980.0,2.0,2824.0,0,,0.0,,0.0,Sin Prestamo,Sin Prestamo,1,5477.0,5477.0,152,423724.0,373256.0,41172.671052,500.0,59190.0
788,M,1974-09-03,24,OWNER,,47,Pardubice,east Bohemia,162580,9538.0,2.0,6079.0,0,,0.0,,0.0,Sin Prestamo,Sin Prestamo,2,2928.0,1464.0,441,461071.0,398786.0,34546.244897,500.0,65370.0
789,M,1931-09-21,67,OWNER,,4,Kladno,central Bohemia,149893,9753.0,5.0,5244.0,0,,0.0,,0.0,Sin Prestamo,Sin Prestamo,1,2703.0,2703.0,167,171101.0,142318.0,20773.706586,600.0,30594.0
790,F,1967-05-09,31,OWNER,,63,Vyskov,south Moravia,86513,8288.0,4.0,1562.0,0,,0.0,,0.0,Sin Prestamo,Sin Prestamo,2,1940.0,970.0,150,110518.0,88195.0,31359.333333,900.0,42225.0
791,F,1950-09-29,48,OWNER,,68,Frydek - Mistek,north Moravia,228848,9893.0,4.0,5623.0,0,,0.0,,0.0,Sin Prestamo,Sin Prestamo,2,6572.0,3286.0,233,651385.0,572064.0,40718.751072,1100.0,83650.0
793,M,1978-02-04,20,OWNER,,21,Tabor,south Bohemia,103347,9104.0,2.0,2299.0,0,,0.0,,0.0,Sin Prestamo,Sin Prestamo,1,3330.0,3330.0,258,315361.0,297290.0,23848.689922,200.0,37700.0
794,F,1979-07-16,19,DISPONENT,,21,Tabor,south Bohemia,103347,9104.0,2.0,2299.0,0,,0.0,,0.0,Sin Prestamo,Sin Prestamo,0,0.0,,0,0.0,0.0,,,
796,M,1919-08-30,79,OWNER,,1,Hl.m. Praha,Prague,1204953,12541.0,0.0,85677.0,0,,0.0,,0.0,Sin Prestamo,Sin Prestamo,1,2997.0,2997.0,119,159503.0,136955.0,22811.588235,200.0,34439.0
797,M,1948-01-27,50,OWNER,,8,Mlada Boleslav,central Bohemia,112065,11277.0,1.0,5179.0,0,,0.0,,0.0,Sin Prestamo,Sin Prestamo,1,4149.0,4149.0,234,453125.0,366389.0,56126.59829,1100.0,102021.0
798,F,1940-02-12,58,OWNER,True,27,Plzen - jih,west Bohemia,67298,8561.0,1.0,1029.0,1,5103.0,12540.0,12.0,1045.0,A,Cerrado,4,8218.0,2054.5,276,577030.0,495904.0,47634.974637,200.0,85808.0
799,M,1936-02-19,62,DISPONENT,True,27,Plzen - jih,west Bohemia,67298,8561.0,1.0,1029.0,0,,0.0,,0.0,Sin Prestamo,Sin Prestamo,0,0.0,,0,0.0,0.0,,,
803,M,1951-02-15,47,OWNER,,35,Jablonec n. Nisou,north Bohemia,88768,8867.0,1.0,3384.0,0,,0.0,,0.0,Sin Prestamo,Sin Prestamo,1,1947.0,1947.0,144,93074.0,73779.0,15483.1875,700.0,21952.0
804,F,1956-01-23,42,DISPONENT,,35,Jablonec n. Nisou,north Bohemia,88768,8867.0,1.0,3384.0,0,,0.0,,0.0,Sin Prestamo,Sin Prestamo,0,0.0,,0,0.0,0.0,,,
806,M,1980-04-22,18,OWNER,,60,Prostejov,south Moravia,110643,8441.0,3.0,1879.0,0,,0.0,,0.0,Sin Prestamo,Sin Prestamo,0,0.0,,55,88466.0,76235.0,18036.254545,300.0,50215.0
807,F,1969-10-21,29,OWNER,,53,Blansko,south Moravia,107911,8240.0,3.0,1850.0,0,,0.0,,0.0,Sin Prestamo,Sin Prestamo,0,0.0,,18,47500.0,10500.0,27588.888888,400.0,37000.0
808,M,1963-11-28,35,OWNER,,31,Tachov,west Bohemia,51313,8930.0,4.0,1328.0,0,,0.0,,0.0,Sin Prestamo,Sin Prestamo,1,4586.0,4586.0,60,225872.0,185828.0,37460.083333,900.0,55351.0
809,M,1919-10-15,79,OWNER,,49,Semily,east Bohemia,75685,8208.0,2.0,1660.0,0,,0.0,,0.0,Sin Prestamo,Sin Prestamo,1,2058.0,2058.0,199,190975.0,173973.0,23867.597989,300.0,35278.0
810,F,1945-09-24,53,OWNER,,58,Jihlava,south Moravia,109164,8757.0,3.0,2212.0,1,5110.0,102240.0,60.0,1704.0,C,Vigente,2,8062.0,4031.0,263,527457.0,460512.0,38258.060836,900.0,69589.0
811,M,1940-05-28,58,DISPONENT,,58,Jihlava,south Moravia,109164,8757.0,3.0,2212.0,0,,0.0,,0.0,Sin Prestamo,Sin Prestamo,0,0.0,,0,0.0,0.0,,,
812,M,1940-12-06,58,OWNER,,39,Most,north Bohemia,119895,10446.0,7.0,4947.0,0,,0.0,,0.0,Sin Prestamo,Sin Prestamo,1,3017.0,3017.0,213,272755.0,230285.0,29227.732394,500.0,54212.0
813,M,1964-01-29,34,OWNER,,70,Karvina,north Moravia,285387,10177.0,7.0,9878.0,0,,0.0,,0.0,Sin Prestamo,Sin Prestamo,0,0.0,,62,367079.0,320150.0,41015.241935,400.0,77967.0
814,M,1959-10-01,39,OWNER,,19,Prachatice,south Bohemia,51428,8402.0,3.0,999.0,0,,0.0,,0.0,Sin Prestamo,Sin Prestamo,3,5088.0,1696.0,443,532231.0,519759.0,20618.909706,700.0,43762.0
815,F,1964-10-27,34,OWNER,,22,Domazlice,west Bohemia,58400,8620.0,1.0,1089.0,0,,0.0,,0.0,Sin Prestamo,Sin Prestamo,3,4780.0,1593.333333,120,317840.0,257520.0,44634.233333,800.0,68659.0
816,F,1958-02-01,40,OWNER,,17,Pelhrimov,south Bohemia,74062,8114.0,2.0,1003.0,0,,0.0,,0.0,Sin Prestamo,Sin Prestamo,1,4853.0,4853.0,87,279249.0,246969.0,39524.597701,300.0,67610.0
818,M,1966-04-27,32,OWNER,,54,Brno - mesto,south Moravia,387570,9897.0,2.0,18721.0,0,,0.0,,0.0,Sin Prestamo,Sin Prestamo,2,2014.0,1007.0,96,59222.0,38296.0,14887.927083,800.0,21325.0
819,M,1958-07-08,40,OWNER,,74,Ostrava - mesto,north Moravia,323870,10673.0,5.0,18782.0,0,,0.0,,0.0,Sin Prestamo,Sin Prestamo,1,8578.0,8578.0,156,737855.0,693750.0,37947.25,700.0,83249.0
820,F,1960-11-06,38,DISPONENT,,74,Ostrava - mesto,north Moravia,323870,10673.0,5.0,18782.0,0,,0.0,,0.0,Sin Prestamo,Sin Prestamo,0,0.0,,0,0.0,0.0,,,
821,M,1948-05-12,50,OWNER,,49,Semily,east Bohemia,75685,8208.0,2.0,1660.0,0,,0.0,,0.0,Sin Prestamo,Sin Prestamo,1,1936.0,1936.0,137,91838.0,75522.0,13567.182481,200.0,18726.0
822,F,1959-05-08,39,OWNER,,37,Litomerice,north Bohemia,114006,9065.0,4.0,4147.0,0,,0.0,,0.0,Sin Prestamo,Sin Prestamo,1,3847.0,3847.0,219,1447165.0,1365595.0,59456.534246,200.0,133281.0
823,M,1956-10-24,42,OWNER,,41,Usti nad Labem,north Bohemia,118650,9832.0,3.0,6445.0,0,,0.0,,0.0,Sin Prestamo,Sin Prestamo,3,6070.0,2023.333333,506,817260.0,791978.0,23619.826086,1100.0,46101.0
824,M,1952-09-05,46,OWNER,,27,Plzen - jih,west Bohemia,67298,8561.0,1.0,1029.0,0,,0.0,,0.0,Sin Prestamo,Sin Prestamo,2,5442.0,2721.0,191,437424.0,417442.0,20487.984293,1100.0,45512.0
825,M,1977-04-02,21,OWNER,,74,Ostrava - mesto,north Moravia,323870,10673.0,5.0,18782.0,0,,0.0,,0.0,Sin Prestamo,Sin Prestamo,1,2509.0,2509.0,351,278583.0,261783.0,24107.019943,400.0,37504.0
826,M,1978-01-23,20,OWNER,,1,Hl.m. Praha,Prague,1204953,12541.0,0.0,85677.0,0,,0.0,,0.0,Sin Prestamo,Sin Prestamo,5,10257.0,2051.4,289,1242502.0,1195267.0,54603.280276,400.0,143234.0
827,F,1965-09-04,33,OWNER,,10,Praha - vychod,central Bohemia,92084,10124.0,1.0,3810.0,0,,0.0,,0.0,Sin Prestamo,Sin Prestamo,2,8901.0,4450.5,150,605248.0,560200.0,32770.773333,500.0,69252.0
828,M,1958-12-10,40,DISPONENT,,10,Praha - vychod,central Bohemia,92084,10124.0,1.0,3810.0,0,,0.0,,0.0,Sin Prestamo,Sin Prestamo,0,0.0,,0,0.0,0.0,,,
829,M,1957-05-19,41,OWNER,,24,Karlovy Vary,west Bohemia,122603,8991.0,1.0,5198.0,0,,0.0,,0.0,Sin Prestamo,Sin Prestamo,1,3342.0,3342.0,154,199359.0,176913.0,17262.668831,1100.0,31228.0
830,M,1948-08-27,50,OWNER,,69,Jesenik,north Moravia,42821,8173.0,,,0,,0.0,,0.0,Sin Prestamo,Sin Prestamo,2,4503.0,2251.5,160,534162.0,521079.0,28644.51875,800.0,61722.0
831,M,1948-05-02,50,OWNER,,2,Benesov,central Bohemia,88884,8507.0,2.0,2159.0,0,,0.0,,0.0,Sin Prestamo,Sin Prestamo,1,6329.0,6329.0,311,1056214.0,1038025.0,36272.376205,200.0,67731.0
832,F,1923-12-23,75,OWNER,,67,Bruntal,north Moravia,106054,8110.0,6.0,3244.0,0,,0.0,,0.0,Sin Prestamo,Sin Prestamo,1,3096.0,3096.0,134,180663.0,138503.0,29717.41791,500.0,42524.0
833,M,1960-06-11,38,OWNER,,5,Kolin,central Bohemia,95616,9307.0,4.0,2616.0,0,,0.0,,0.0,Sin Prestamo,Sin Prestamo,1,9516.0,9516.0,174,814396.0,797653.0,33253.672413,900.0,74069.0
834,M,1922-12-17,76,OWNER,,54,Brno - mesto,south Moravia,387570,9897.0,2.0,18721.0,0,,0.0,,0.0,Sin Prestamo,Sin Prestamo,2,1579.0,789.5,62,92232.0,36131.0,40343.548387,700.0,60447.0
835,F,1943-10-20,55,OWNER,,28,Plzen - sever,west Bohemia,72541,8594.0,2.0,1580.0,0,,0.0,,0.0,Sin Prestamo,Sin Prestamo,1,6372.0,6372.0,399,1699843.0,1600055.0,54673.240601,200.0,101510.0
836,M,1948-06-14,50,DISPONENT,,28,Plzen - sever,west Bohemia,72541,8594.0,2.0,1580.0,0,,0.0,,0.0,Sin Prestamo,Sin Prestamo,0,0.0,,0,0.0,0.0,,,
837,M,1974-10-14,24,OWNER,,71,Novy Jicin,north Moravia,161227,8678.0,6.0,4980.0,0,,0.0,,0.0,Sin Prestamo,Sin Prestamo,1,6177.0,6177.0,142,465721.0,413524.0,36685.795774,800.0,55411.0
838,F,1968-02-04,30,DISPONENT,,71,Novy Jicin,north Moravia,161227,8678.0,6.0,4980.0,0,,0.0,,0.0,Sin Prestamo,Sin Prestamo,0,0.0,,0,0.0,0.0,,,
839,F,1955-05-18,43,OWNER,,47,Pardubice,east Bohemia,162580,9538.0,2.0,6079.0,0,,0.0,,0.0,Sin Prestamo,Sin Prestamo,0,0.0,,347,2499977.0,2386657.0,67500.680115,1000.0,168651.0
840,M,1937-04-26,61,OWNER,,20,Strakonice,south Bohemia,70646,8547.0,3.0,1563.0,0,,0.0,,0.0,Sin Prestamo,Sin Prestamo,2,2762.0,1381.0,357,337059.0,285996.0,24723.128851,300.0,53122.0
841,M,1981-02-10,17,OWNER,,69,Jesenik,north Moravia,42821,8173.0,,,0,,0.0,,0.0,Sin Prestamo,Sin Prestamo,0,0.0,,344,452782.0,408795.0,33108.151162,1100.0,92897.0
842,F,1933-07-03,65,OWNER,,12,Pribram,central Bohemia,107870,8754.0,4.0,3804.0,0,,0.0,,0.0,Sin Prestamo,Sin Prestamo,1,2813.0,2813.0,298,283100.0,266001.0,15539.100671,800.0,23374.0
843,F,1957-09-03,41,OWNER,,54,Brno - mesto,south Moravia,387570,9897.0,2.0,18721.0,0,,0.0,,0.0,Sin Prestamo,Sin Prestamo,1,2306.0,2306.0,55,69544.0,34257.0,30467.327272,300.0,38836.0
844,M,1945-01-14,53,OWNER,,22,Domazlice,west Bohemia,58400,8620.0,1.0,1089.0,0,,0.0,,0.0,Sin Prestamo,Sin Prestamo,2,3338.0,1669.0,479,1378290.0,1296631.0,35043.225469,1000.0,82977.0
845,F,1953-01-30,45,DISPONENT,,22,Domazlice,west Bohemia,58400,8620.0,1.0,1089.0,0,,0.0,,0.0,Sin Prestamo,Sin Prestamo,0,0.0,,0,0.0,0.0,,,
846,M,1949-12-01,49,OWNER,,35,Jablonec n. Nisou,north Bohemia,88768,8867.0,1.0,3384.0,0,,0.0,,0.0,Sin Prestamo,Sin Prestamo,1,4161.0,4161.0,90,134248.0,115312.0,21846.644444,600.0,35265.0
847,M,1979-12-25,19,OWNER,,49,Semily,east Bohemia,75685,8208.0,2.0,1660.0,0,,0.0,,0.0,Sin Prestamo,Sin Prestamo,0,0.0,,135,641990.0,591225.0,35887.607407,1000.0,62899.0
849,F,1939-06-06,59,OWNER,,26,Plzen - mesto,west Bohemia,170449,10787.0,3.0,6041.0,0,,0.0,,0.0,Sin Prestamo,Sin Prestamo,0,0.0,,30,39800.0,31000.0,17973.333333,800.0,28800.0
850,M,1969-09-21,29,OWNER,,19,Prachatice,south Bohemia,51428,8402.0,3.0,999.0,0,,0.0,,0.0,Sin Prestamo,Sin Prestamo,0,0.0,,281,1463644.0,1405254.0,48613.234875,900.0,138433.0
851,M,1919-06-16,79,OWNER,,25,Klatovy,west Bohemia,88757,8554.0,2.0,1822.0,0,,0.0,,0.0,Sin Prestamo,Sin Prestamo,1,3200.0,3200.0,244,253617.0,228385.0,17883.02459,200.0,25779.0
852,F,1916-06-04,82,DISPONENT,,25,Klatovy,west Bohemia,88757,8554.0,2.0,1822.0,0,,0.0,,0.0,Sin Prestamo,Sin Prestamo,0,0.0,,0,0.0,0.0,,,
853,M,1949-06-02,49,OWNER,,70,Karvina,north Moravia,285387,10177.0,7.0,9878.0,0,,0.0,,0.0,Sin Prestamo,Sin Prestamo,1,3243.0,3243.0,312,656360.0,620182.0,36338.096153,300.0,70162.0
854,F,1941-11-02,57,OWNER,,72,Olomouc,north Moravia,226122,8994.0,4.0,9672.0,0,,0.0,,0.0,Sin Prestamo,Sin Prestamo,1,3847.0,3847.0,149,1166285.0,1084441.0,67648.610738,1100.0,147868.0
855,M,1930-01-28,68,OWNER,,58,Jihlava,south Moravia,109164,8757.0,3.0,2212.0,0,,0.0,,0.0,Sin Prestamo,Sin Prestamo,1,3581.0,3581.0,113,148990.0,136417.0,12688.442477,500.0,23495.0
856,M,1919-01-22,79,OWNER,,23,Cheb,west Bohemia,87419,8624.0,2.0,2879.0,0,,0.0,,0.0,Sin Prestamo,Sin Prestamo,1,3782.0,3782.0,117,149769.0,135399.0,17237.282051,600.0,30043.0
857,M,1948-02-21,50,OWNER,,32,Ceska Lipa,north Bohemia,105058,9272.0,3.0,4340.0,0,,0.0,,0.0,Sin Prestamo,Sin Prestamo,3,6063.0,2021.0,205,497594.0,463757.0,33159.219512,500.0,56591.0
858,F,1959-03-29,39,OWNER,,47,Pardubice,east Bohemia,162580,9538.0,2.0,6079.0,0,,0.0,,0.0,Sin Prestamo,Sin Prestamo,0,0.0,,250,1100917.0,1033790.0,44171.92,1000.0,71658.0
859,F,1968-07-29,30,OWNER,,1,Hl.m. Praha,Prague,1204953,12541.0,0.0,85677.0,0,,0.0,,0.0,Sin Prestamo,Sin Prestamo,1,6561.0,6561.0,391,1522641.0,1498288.0,41267.708439,400.0,66148.0
860,M,1967-12-08,31,DISPONENT,,1,Hl.m. Praha,Prague,1204953,12541.0,0.0,85677.0,0,,0.0,,0.0,Sin Prestamo,Sin Prestamo,0,0.0,,0,0.0,0.0,,,
861,F,1956-09-13,42,OWNER,True,1,Hl.m. Praha,Prague,1204953,12541.0,0.0,85677.0,1,5117.0,76944.0,12.0,6412.0,A,Cerrado,4,20301.0,5075.25,281,1413016.0,1369372.0,48722.733096,500.0,134873.0
862,M,1952-01-05,46,OWNER,,30,Sokolov,west Bohemia,94812,9650.0,3.0,2985.0,0,,0.0,,0.0,Sin Prestamo,Sin Prestamo,1,1991.0,1991.0,357,277127.0,216330.0,29596.487394,1100.0,61949.0
863,F,1968-11-29,30,OWNER,,54,Brno - mesto,south Moravia,387570,9897.0,2.0,18721.0,0,,0.0,,0.0,Sin Prestamo,Sin Prestamo,1,3916.0,3916.0,213,291657.0,276752.0,22278.107981,500.0,39329.0
864,M,1953-03-27,45,OWNER,,11,Praha - zapad,central Bohemia,75637,9622.0,0.0,3475.0,0,,0.0,,0.0,Sin Prestamo,Sin Prestamo,1,2194.0,2194.0,309,216479.0,192841.0,20868.012944,500.0,27743.0
865,F,1946-11-03,52,DISPONENT,,11,Praha - zapad,central Bohemia,75637,9622.0,0.0,3475.0,0,,0.0,,0.0,Sin Prestamo,Sin Prestamo,0,0.0,,0,0.0,0.0,,,
866,F,1975-11-24,23,OWNER,,38,Louny,north Bohemia,85852,8965.0,7.0,2653.0,0,,0.0,,0.0,Sin Prestamo,Sin Prestamo,0,0.0,,98,467442.0,454138.0,32983.959183,-4689.0,112557.0
870,M,1957-05-06,41,OWNER,,70,Karvina,north Moravia,285387,10177.0,7.0,9878.0,0,,0.0,,0.0,Sin Prestamo,Sin Prestamo,1,2612.0,2612.0,169,155284.0,119097.0,29742.065088,200.0,40948.0
871,M,1974-03-11,24,OWNER,,76,Sumperk,north Moravia,127369,8369.0,5.0,3736.0,0,,0.0,,0.0,Sin Prestamo,Sin Prestamo,1,3198.0,3198.0,307,388347.0,368000.0,24484.048859,300.0,43252.0
872,M,1963-02-22,35,OWNER,,35,Jablonec n. Nisou,north Bohemia,88768,8867.0,1.0,3384.0,0,,0.0,,0.0,Sin Prestamo,Sin Prestamo,0,0.0,,11,34000.0,1400.0,21936.363636,400.0,32600.0
873,M,1944-01-05,54,OWNER,,60,Prostejov,south Moravia,110643,8441.0,3.0,1879.0,0,,0.0,,0.0,Sin Prestamo,Sin Prestamo,3,7125.0,2375.0,223,339971.0,318464.0,20078.847533,500.0,36890.0
874,F,1952-09-05,46,OWNER,,14,Ceske Budejovice,south Bohemia,177686,10045.0,1.0,6604.0,0,,0.0,,0.0,Sin Prestamo,Sin Prestamo,3,2053.0,684.333333,127,70126.0,46783.0,19270.992125,900.0,25058.0
875,M,1956-12-07,42,DISPONENT,,14,Ceske Budejovice,south Bohemia,177686,10045.0,1.0,6604.0,0,,0.0,,0.0,Sin Prestamo,Sin Prestamo,0,0.0,,0,0.0,0.0,,,
876,M,1960-11-25,38,OWNER,,1,Hl.m. Praha,Prague,1204953,12541.0,0.0,85677.0,0,,0.0,,0.0,Sin Prestamo,Sin Prestamo,0,0.0,,413,2880759.0,2798085.0,60558.828087,800.0,145142.0
877,F,1927-01-21,71,OWNER,,5,Kolin,central Bohemia,95616,9307.0,4.0,2616.0,0,,0.0,,0.0,Sin Prestamo,Sin Prestamo,1,2706.0,2706.0,190,173577.0,156457.0,14619.778947,600.0,20965.0
878,M,1920-04-17,78,DISPONENT,,5,Kolin,central Bohemia,95616,9307.0,4.0,2616.0,0,,0.0,,0.0,Sin Prestamo,Sin Prestamo,0,0.0,,0,0.0,0.0,,,
879,F,1943-12-08,55,OWNER,,38,Louny,north Bohemia,85852,8965.0,7.0,2653.0,0,,0.0,,0.0,Sin Prestamo,Sin Prestamo,1,5129.0,5129.0,171,580458.0,542693.0,31568.339181,600.0,55985.0
880,M,1960-02-17,38,OWNER,,49,Semily,east Bohemia,75685,8208.0,2.0,1660.0,0,,0.0,,0.0,Sin Prestamo,Sin Prestamo,0,0.0,,274,2010456.0,1926057.0,65133.332116,700.0,153914.0
881,F,1975-02-22,23,OWNER,,5,Kolin,central Bohemia,95616,9307.0,4.0,2616.0,0,,0.0,,0.0,Sin Prestamo,Sin Prestamo,1,2228.0,2228.0,156,114958.0,97424.0,16445.01923,300.0,22437.0
882,F,1933-09-09,65,OWNER,,70,Karvina,north Moravia,285387,10177.0,7.0,9878.0,0,,0.0,,0.0,Sin Prestamo,Sin Prestamo,2,3576.0,1788.0,68,92308.0,62130.0,24550.058823,500.0,34390.0
883,F,1920-01-06,78,OWNER,,75,Prerov,north Moravia,138032,8819.0,5.0,4063.0,0,,0.0,,0.0,Sin Prestamo,Sin Prestamo,1,2119.0,2119.0,47,53663.0,30592.0,17893.510638,500.0,24630.0
884,M,1918-10-14,80,DISPONENT,,75,Prerov,north Moravia,138032,8819.0,5.0,4063.0,0,,0.0,,0.0,Sin Prestamo,Sin Prestamo,0,0.0,,0,0.0,0.0,,,
885,M,1923-02-08,75,OWNER,,34,Chomutov,north Bohemia,125236,9675.0,6.0,5323.0,0,,0.0,,0.0,Sin Prestamo,Sin Prestamo,1,2817.0,2817.0,278,280608.0,258122.0,22374.23741,700.0,32343.0
886,M,1948-02-02,50,OWNER,,34,Chomutov,north Bohemia,125236,9675.0,6.0,5323.0,0,,0.0,,0.0,Sin Prestamo,Sin Prestamo,3,4723.0,1574.333333,512,1689859.0,1625941.0,67680.498046,300.0,111021.0
887,F,1973-11-28,25,OWNER,,66,Zdar nad Sazavou,south Moravia,125832,8512.0,4.0,2247.0,0,,0.0,,0.0,Sin Prestamo,Sin Prestamo,1,5504.0,5504.0,178,858459.0,801392.0,47890.589887,1100.0,82020.0
888,M,1973-10-26,25,OWNER,,28,Plzen - sever,west Bohemia,72541,8594.0,2.0,1580.0,0,,0.0,,0.0,Sin Prestamo,Sin Prestamo,0,0.0,,104,71019.0,48300.0,21545.451923,400.0,26381.0
889,F,1981-10-24,17,OWNER,,54,Brno - mesto,south Moravia,387570,9897.0,2.0,18721.0,0,,0.0,,0.0,Sin Prestamo,Sin Prestamo,0,0.0,,309,522038.0,465465.0,46339.129449,800.0,105229.0
890,M,1919-03-30,79,OWNER,,77,Vsetin,north Moravia,148545,8909.0,4.0,3460.0,0,,0.0,,0.0,Sin Prestamo,Sin Prestamo,1,2048.0,2048.0,288,256852.0,230042.0,20934.329861,400.0,32853.0
891,M,1931-01-31,67,OWNER,,33,Decin,north Bohemia,133777,8705.0,6.0,4650.0,0,,0.0,,0.0,Sin Prestamo,Sin Prestamo,1,2691.0,2691.0,296,281328.0,256963.0,23065.706081,500.0,35695.0
892,F,1922-05-24,76,OWNER,,42,Havlickuv Brod,east Bohemia,95907,8388.0,2.0,1658.0,0,,0.0,,0.0,Sin Prestamo,Sin Prestamo,1,2165.0,2165.0,364,409020.0,368760.0,24064.184065,400.0,40471.0
893,F,1935-10-23,63,OWNER,,43,Hradec Kralove,east Bohemia,161854,9425.0,2.0,4085.0,0,,0.0,,0.0,Sin Prestamo,Sin Prestamo,1,1965.0,1965.0,64,73375.0,47955.0,23091.40625,1100.0,29813.0
894,M,1934-08-18,64,OWNER,,75,Prerov,north Moravia,138032,8819.0,5.0,4063.0,0,,0.0,,0.0,Sin Prestamo,Sin Prestamo,1,3452.0,3452.0,196,227049.0,192158.0,24459.418367,500.0,39212.0
895,M,1970-07-03,28,OWNER,,39,Most,north Bohemia,119895,10446.0,7.0,4947.0,0,,0.0,,0.0,Sin Prestamo,Sin Prestamo,1,2672.0,2672.0,369,375359.0,357180.0,21247.596205,1100.0,35546.0
896,F,1973-04-24,25,OWNER,,36,Liberec,north Bohemia,159617,9198.0,3.0,5796.0,0,,0.0,,0.0,Sin Prestamo,Sin Prestamo,1,6492.0,6492.0,403,884912.0,789153.0,46380.910669,700.0,107685.0
897,M,1981-03-25,17,DISPONENT,,36,Liberec,north Bohemia,159617,9198.0,3.0,5796.0,0,,0.0,,0.0,Sin Prestamo,Sin Prestamo,0,0.0,,0,0.0,0.0,,,
898,F,1943-04-27,55,OWNER,,38,Louny,north Bohemia,85852,8965.0,7.0,2653.0,0,,0.0,,0.0,Sin Prestamo,Sin Prestamo,4,5268.0,1317.0,165,225167.0,194971.0,33483.642424,600.0,44588.0
899,M,1944-02-13,54,DISPONENT,,38,Louny,north Bohemia,85852,8965.0,7.0,2653.0,0,,0.0,,0.0,Sin Prestamo,Sin Prestamo,0,0.0,,0,0.0,0.0,,,
900,M,1977-04-10,21,OWNER,,73,Opava,north Moravia,182027,8746.0,3.0,4355.0,0,,0.0,,0.0,Sin Prestamo,Sin Prestamo,1,6615.0,6615.0,372,1175319.0,1136455.0,45727.629032,1000.0,80117.0
901,M,1919-12-21,79,OWNER,,39,Most,north Bohemia,119895,10446.0,7.0,4947.0,0,,0.0,,0.0,Sin Prestamo,Sin Prestamo,1,2363.0,2363.0,334,297905.0,278619.0,21817.796407,900.0,34756.0
902,M,1950-08-15,48,OWNER,,23,Cheb,west Bohemia,87419,8624.0,2.0,2879.0,0,,0.0,,0.0,Sin Prestamo,Sin Prestamo,2,5707.0,2853.5,122,296475.0,271763.0,18005.581967,700.0,43548.0
903,M,1934-03-06,64,OWNER,,31,Tachov,west Bohemia,51313,8930.0,4.0,1328.0,0,,0.0,,0.0,Sin Prestamo,Sin Prestamo,1,1602.0,1602.0,152,189856.0,171293.0,20683.05921,1100.0,30895.0
904,M,1932-02-08,66,OWNER,,1,Hl.m. Praha,Prague,1204953,12541.0,0.0,85677.0,0,,0.0,,0.0,Sin Prestamo,Sin Prestamo,2,3083.0,1541.5,247,267421.0,245349.0,26045.421052,800.0,36689.0
905,M,1940-10-23,58,OWNER,,38,Louny,north Bohemia,85852,8965.0,7.0,2653.0,0,,0.0,,0.0,Sin Prestamo,Sin Prestamo,2,5332.0,2666.0,83,413365.0,345450.0,46849.602409,900.0,75567.0
906,M,1978-06-16,20,OWNER,,65,Znojmo,south Moravia,114200,8403.0,6.0,2157.0,0,,0.0,,0.0,Sin Prestamo,Sin Prestamo,0,0.0,,64,98518.0,11100.0,55140.28125,300.0,87421.0
907,M,1948-03-11,50,OWNER,,51,Trutnov,east Bohemia,121947,8541.0,3.0,3496.0,0,,0.0,,0.0,Sin Prestamo,Sin Prestamo,2,3099.0,1549.5,408,575944.0,497950.0,48415.382352,900.0,80810.0
908,F,1961-03-07,37,OWNER,,51,Trutnov,east Bohemia,121947,8541.0,3.0,3496.0,0,,0.0,,0.0,Sin Prestamo,Sin Prestamo,0,0.0,,12,34800.0,8000.0,20166.666666,800.0,27300.0
909,M,1975-09-07,23,OWNER,,23,Cheb,west Bohemia,87419,8624.0,2.0,2879.0,0,,0.0,,0.0,Sin Prestamo,Sin Prestamo,1,1952.0,1952.0,392,332442.0,224832.0,49171.706632,300.0,110409.0
910,M,1961-09-27,37,OWNER,,1,Hl.m. Praha,Prague,1204953,12541.0,0.0,85677.0,0,,0.0,,0.0,Sin Prestamo,Sin Prestamo,3,5206.0,1735.333333,127,231886.0,200140.0,28263.771653,300.0,43382.0
911,M,1939-11-28,59,OWNER,,43,Hradec Kralove,east Bohemia,161854,9425.0,2.0,4085.0,0,,0.0,,0.0,Sin Prestamo,Sin Prestamo,0,0.0,,93,102419.0,33200.0,40521.494623,300.0,69229.0
912,M,1920-10-29,78,OWNER,,76,Sumperk,north Moravia,127369,8369.0,5.0,3736.0,0,,0.0,,0.0,Sin Prestamo,Sin Prestamo,1,3895.0,3895.0,183,230867.0,216580.0,16803.295081,900.0,27166.0
913,M,1938-11-18,60,OWNER,,1,Hl.m. Praha,Prague,1204953,12541.0,0.0,85677.0,0,,0.0,,0.0,Sin Prestamo,Sin Prestamo,1,7417.0,7417.0,260,612670.0,571932.0,30904.734615,600.0,56835.0
914,F,1921-01-19,77,OWNER,,1,Hl.m. Praha,Prague,1204953,12541.0,0.0,85677.0,0,,0.0,,0.0,Sin Prestamo,Sin Prestamo,1,2360.0,2360.0,359,450685.0,429210.0,24556.532033,1100.0,37751.0
915,M,1975-05-03,23,OWNER,,12,Pribram,central Bohemia,107870,8754.0,4.0,3804.0,0,,0.0,,0.0,Sin Prestamo,Sin Prestamo,0,0.0,,115,152800.0,99450.0,45080.521739,400.0,84581.0
916,M,1958-06-29,40,OWNER,,3,Beroun,central Bohemia,75232,8980.0,2.0,2824.0,0,,0.0,,0.0,Sin Prestamo,Sin Prestamo,1,7032.0,7032.0,180,724527.0,632989.0,53803.166666,500.0,91789.0
917,F,1973-09-16,25,OWNER,,25,Klatovy,west Bohemia,88757,8554.0,2.0,1822.0,0,,0.0,,0.0,Sin Prestamo,Sin Prestamo,4,4199.0,1049.75,390,927313.0,906919.0,36148.487179,600.0,61552.0
918,M,1964-12-23,34,OWNER,,26,Plzen - mesto,west Bohemia,170449,10787.0,3.0,6041.0,0,,0.0,,0.0,Sin Prestamo,Sin Prestamo,1,2814.0,2814.0,89,121304.0,82577.0,25844.269662,800.0,39673.0
921,F,1954-02-13,44,OWNER,,7,Melnik,central Bohemia,94725,9920.0,2.0,4289.0,0,,0.0,,0.0,Sin Prestamo,Sin Prestamo,0,0.0,,121,292897.0,245930.0,33352.3719,800.0,52480.0
922,F,1972-08-16,26,OWNER,,22,Domazlice,west Bohemia,58400,8620.0,1.0,1089.0,0,,0.0,,0.0,Sin Prestamo,Sin Prestamo,2,5030.0,2515.0,225,766833.0,731580.0,35725.284444,1100.0,71433.0
923,M,1978-08-22,20,DISPONENT,,22,Domazlice,west Bohemia,58400,8620.0,1.0,1089.0,0,,0.0,,0.0,Sin Prestamo,Sin Prestamo,0,0.0,,0,0.0,0.0,,,
924,M,1953-07-12,45,OWNER,,1,Hl.m. Praha,Prague,1204953,12541.0,0.0,85677.0,0,,0.0,,0.0,Sin Prestamo,Sin Prestamo,3,5165.0,1721.666666,558,1867279.0,1794580.0,59372.860215,500.0,98005.0
925,M,1959-08-13,39,OWNER,,54,Brno - mesto,south Moravia,387570,9897.0,2.0,18721.0,0,,0.0,,0.0,Sin Prestamo,Sin Prestamo,0,0.0,,456,974547.0,908924.0,37451.892543,-2871.0,91542.0
926,M,1981-01-22,17,OWNER,,1,Hl.m. Praha,Prague,1204953,12541.0,0.0,85677.0,0,,0.0,,0.0,Sin Prestamo,Sin Prestamo,0,0.0,,418,530676.0,465860.0,32809.60287,500.0,80748.0
927,M,1974-10-26,24,OWNER,,1,Hl.m. Praha,Prague,1204953,12541.0,0.0,85677.0,0,,0.0,,0.0,Sin Prestamo,Sin Prestamo,2,3607.0,1803.5,320,1068565.0,983453.0,56600.5875,300.0,88412.0
928,F,1951-10-10,47,OWNER,,66,Zdar nad Sazavou,south Moravia,125832,8512.0,4.0,2247.0,0,,0.0,,0.0,Sin Prestamo,Sin Prestamo,3,3483.0,1161.0,233,669873.0,579854.0,61756.321888,700.0,91876.0
929,M,1935-04-23,63,OWNER,,30,Sokolov,west Bohemia,94812,9650.0,3.0,2985.0,0,,0.0,,0.0,Sin Prestamo,Sin Prestamo,1,6412.0,6412.0,79,662916.0,592371.0,73277.683544,300.0,136506.0
930,F,1959-08-25,39,OWNER,,68,Frydek - Mistek,north Moravia,228848,9893.0,4.0,5623.0,0,,0.0,,0.0,Sin Prestamo,Sin Prestamo,0,0.0,,27,57400.0,20400.0,26496.296296,600.0,37000.0
931,M,1968-06-07,30,OWNER,,16,Jindrichuv Hradec,south Bohemia,93931,8427.0,1.0,1874.0,0,,0.0,,0.0,Sin Prestamo,Sin Prestamo,0,0.0,,129,487360.0,453765.0,30518.248062,300.0,59263.0
932,M,1947-09-27,51,OWNER,,3,Beroun,central Bohemia,75232,8980.0,2.0,2824.0,0,,0.0,,0.0,Sin Prestamo,Sin Prestamo,1,6220.0,6220.0,178,718302.0,667005.0,35394.786516,600.0,65160.0
933,F,1978-03-11,20,OWNER,,33,Decin,north Bohemia,133777,8705.0,6.0,4650.0,0,,0.0,,0.0,Sin Prestamo,Sin Prestamo,1,2054.0,2054.0,222,145055.0,131543.0,15405.031531,700.0,22327.0
934,M,1982-08-19,16,DISPONENT,,33,Decin,north Bohemia,133777,8705.0,6.0,4650.0,0,,0.0,,0.0,Sin Prestamo,Sin Prestamo,0,0.0,,0,0.0,0.0,,,
935,F,1946-05-17,52,OWNER,,42,Havlickuv Brod,east Bohemia,95907,8388.0,2.0,1658.0,0,,0.0,,0.0,Sin Prestamo,Sin Prestamo,2,5566.0,2783.0,77,386550.0,333321.0,58221.506493,500.0,83778.0
936,M,1943-07-30,55,DISPONENT,,42,Havlickuv Brod,east Bohemia,95907,8388.0,2.0,1658.0,0,,0.0,,0.0,Sin Prestamo,Sin Prestamo,0,0.0,,0,0.0,0.0,,,
937,M,1931-11-14,67,OWNER,,1,Hl.m. Praha,Prague,1204953,12541.0,0.0,85677.0,0,,0.0,,0.0,Sin Prestamo,Sin Prestamo,1,3242.0,3242.0,53,74998.0,48110.0,22333.716981,1000.0,28487.0
938,F,1944-08-07,54,OWNER,,59,Kromeriz,south Moravia,108871,8444.0,3.0,2595.0,0,,0.0,,0.0,Sin Prestamo,Sin Prestamo,4,3510.0,877.5,476,1418574.0,1396935.0,34567.514705,1000.0,73102.0
939,M,1952-08-03,46,OWNER,,21,Tabor,south Bohemia,103347,9104.0,2.0,2299.0,1,5124.0,156096.0,36.0,4336.0,C,Vigente,2,11731.0,5865.5,108,494843.0,449197.0,43870.555555,700.0,93801.0
940,M,1960-08-11,38,OWNER,,53,Blansko,south Moravia,107911,8240.0,3.0,1850.0,0,,0.0,,0.0,Sin Prestamo,Sin Prestamo,2,5318.0,2659.0,270,773364.0,707133.0,55283.251851,900.0,88459.0
941,M,1935-10-05,63,OWNER,,10,Praha - vychod,central Bohemia,92084,10124.0,1.0,3810.0,0,,0.0,,0.0,Sin Prestamo,Sin Prestamo,2,4517.0,2258.5,372,479960.0,452587.0,20832.139784,800.0,39665.0
942,F,1931-09-02,67,OWNER,,12,Pribram,central Bohemia,107870,8754.0,4.0,3804.0,0,,0.0,,0.0,Sin Prestamo,Sin Prestamo,1,3096.0,3096.0,141,167841.0,137285.0,23447.283687,900.0,34537.0
943,M,1936-09-26,62,DISPONENT,,12,Pribram,central Bohemia,107870,8754.0,4.0,3804.0,0,,0.0,,0.0,Sin Prestamo,Sin Prestamo,0,0.0,,0,0.0,0.0,,,
944,M,1970-12-18,28,OWNER,,39,Most,north Bohemia,119895,10446.0,7.0,4947.0,1,5125.0,73056.0,48.0,1522.0,C,Vigente,3,5316.0,1772.0,294,307612.0,286872.0,17913.540816,500.0,33555.0
945,F,1977-01-10,21,DISPONENT,,39,Most,north Bohemia,119895,10446.0,7.0,4947.0,0,,0.0,,0.0,Sin Prestamo,Sin Prestamo,0,0.0,,0,0.0,0.0,,,
946,M,1951-08-06,47,OWNER,False,54,Brno - mesto,south Moravia,387570,9897.0,2.0,18721.0,1,5126.0,208128.0,48.0,4336.0,B,Cerrado,1,4336.0,4336.0,406,1899272.0,1870254.0,45511.280788,-1070.0,147308.0
948,M,1924-04-22,74,OWNER,,49,Semily,east Bohemia,75685,8208.0,2.0,1660.0,0,,0.0,,0.0,Sin Prestamo,Sin Prestamo,1,3054.0,3054.0,162,177835.0,153213.0,18546.524691,700.0,27978.0
949,M,1976-07-27,22,OWNER,,3,Beroun,central Bohemia,75232,8980.0,2.0,2824.0,0,,0.0,,0.0,Sin Prestamo,Sin Prestamo,3,2399.0,799.666666,104,79352.0,60409.0,26996.461538,400.0,34008.0
950,F,1965-04-12,33,OWNER,,76,Sumperk,north Moravia,127369,8369.0,5.0,3736.0,0,,0.0,,0.0,Sin Prestamo,Sin Prestamo,3,2267.0,755.666666,497,252055.0,232681.0,23180.923541,800.0,32247.0
951,M,1960-09-17,38,DISPONENT,,76,Sumperk,north Moravia,127369,8369.0,5.0,3736.0,0,,0.0,,0.0,Sin Prestamo,Sin Prestamo,0,0.0,,0,0.0,0.0,,,
952,F,1951-05-01,47,OWNER,,63,Vyskov,south Moravia,86513,8288.0,4.0,1562.0,0,,0.0,,0.0,Sin Prestamo,Sin Prestamo,2,2014.0,1007.0,92,62392.0,44355.0,15629.793478,900.0,20714.0
953,M,1937-10-17,61,OWNER,,25,Klatovy,west Bohemia,88757,8554.0,2.0,1822.0,0,,0.0,,0.0,Sin Prestamo,Sin Prestamo,1,2976.0,2976.0,266,363905.0,288222.0,42123.466165,900.0,75695.0
954,F,1942-10-20,56,OWNER,,1,Hl.m. Praha,Prague,1204953,12541.0,0.0,85677.0,0,,0.0,,0.0,Sin Prestamo,Sin Prestamo,0,0.0,,57,198586.0,175514.0,37247.280701,700.0,118645.0
955,M,1970-01-28,28,OWNER,,57,Hodonin,south Moravia,161954,8720.0,4.0,3729.0,0,,0.0,,0.0,Sin Prestamo,Sin Prestamo,0,0.0,,130,947930.0,908924.0,50339.292307,900.0,107581.0
956,M,1966-10-21,32,OWNER,,1,Hl.m. Praha,Prague,1204953,12541.0,0.0,85677.0,0,,0.0,,0.0,Sin Prestamo,Sin Prestamo,1,2182.0,2182.0,182,162824.0,113239.0,34400.417582,600.0,51494.0
957,F,1941-12-23,57,OWNER,,56,Breclav,south Moravia,124605,8772.0,5.0,2854.0,0,,0.0,,0.0,Sin Prestamo,Sin Prestamo,0,0.0,,39,40450.0,31100.0,16012.051282,200.0,23400.0
958,M,1942-05-04,56,DISPONENT,,56,Breclav,south Moravia,124605,8772.0,5.0,2854.0,0,,0.0,,0.0,Sin Prestamo,Sin Prestamo,0,0.0,,0,0.0,0.0,,,
959,F,1962-09-12,36,OWNER,,11,Praha - zapad,central Bohemia,75637,9622.0,0.0,3475.0,0,,0.0,,0.0,Sin Prestamo,Sin Prestamo,2,2502.0,1251.0,70,85148.0,53008.0,26059.0,1100.0,36366.0
960,F,1957-04-13,41,OWNER,,16,Jindrichuv Hradec,south Bohemia,93931,8427.0,1.0,1874.0,0,,0.0,,0.0,Sin Prestamo,Sin Prestamo,2,3332.0,1666.0,95,125045.0,109209.0,17121.147368,300.0,33244.0
961,F,1931-10-04,67,OWNER,,15,Cesky Krumlov,south Bohemia,58796,9045.0,3.0,1845.0,0,,0.0,,0.0,Sin Prestamo,Sin Prestamo,1,1876.0,1876.0,240,264814.0,219913.0,34624.858333,300.0,49406.0
962,M,1966-02-19,32,OWNER,,19,Prachatice,south Bohemia,51428,8402.0,3.0,999.0,0,,0.0,,0.0,Sin Prestamo,Sin Prestamo,0,0.0,,206,1298613.0,1285824.0,40520.674757,-14628.0,155437.0
963,F,1966-12-17,32,OWNER,,64,Zlin,south Moravia,197099,9624.0,2.0,4484.0,0,,0.0,,0.0,Sin Prestamo,Sin Prestamo,2,3024.0,1512.0,214,344293.0,272795.0,44129.967289,500.0,76735.0
964,F,1953-10-21,45,OWNER,,10,Praha - vychod,central Bohemia,92084,10124.0,1.0,3810.0,0,,0.0,,0.0,Sin Prestamo,Sin Prestamo,1,1424.0,1424.0,123,435130.0,425805.0,28132.731707,-2400.0,58470.0
965,F,1972-12-01,26,OWNER,,13,Rakovnik,central Bohemia,53921,8598.0,3.0,1597.0,0,,0.0,,0.0,Sin Prestamo,Sin Prestamo,1,2298.0,2298.0,112,91555.0,72351.0,18147.660714,300.0,26475.0
966,M,1978-09-02,20,DISPONENT,,13,Rakovnik,central Bohemia,53921,8598.0,3.0,1597.0,0,,0.0,,0.0,Sin Prestamo,Sin Prestamo,0,0.0,,0,0.0,0.0,,,
967,M,1979-06-20,19,OWNER,,76,Sumperk,north Moravia,127369,8369.0,5.0,3736.0,0,,0.0,,0.0,Sin Prestamo,Sin Prestamo,1,12579.0,12579.0,251,1057818.0,1026479.0,37471.63745,800.0,69304.0
968,M,1957-02-17,41,OWNER,,69,Jesenik,north Moravia,42821,8173.0,,,1,5128.0,215616.0,48.0,4492.0,D,Vigente,1,4492.0,4492.0,286,709001.0,678905.0,18051.91958,-4385.0,50125.0
970,M,1957-03-29,41,OWNER,,36,Liberec,north Bohemia,159617,9198.0,3.0,5796.0,0,,0.0,,0.0,Sin Prestamo,Sin Prestamo,1,8298.0,8298.0,192,769579.0,729883.0,23151.005208,900.0,58300.0
971,F,1919-01-01,79,OWNER,,46,Nachod,east Bohemia,112709,8369.0,2.0,2854.0,0,,0.0,,0.0,Sin Prestamo,Sin Prestamo,1,2076.0,2076.0,185,185468.0,155013.0,19535.351351,200.0,31081.0
972,M,1917-05-06,81,DISPONENT,,46,Nachod,east Bohemia,112709,8369.0,2.0,2854.0,0,,0.0,,0.0,Sin Prestamo,Sin Prestamo,0,0.0,,0,0.0,0.0,,,
973,F,1970-10-06,28,OWNER,,14,Ceske Budejovice,south Bohemia,177686,10045.0,1.0,6604.0,0,,0.0,,0.0,Sin Prestamo,Sin Prestamo,1,5172.0,5172.0,90,578441.0,522360.0,56389.111111,300.0,98010.0
974,M,1963-06-24,35,DISPONENT,,14,Ceske Budejovice,south Bohemia,177686,10045.0,1.0,6604.0,0,,0.0,,0.0,Sin Prestamo,Sin Prestamo,0,0.0,,0,0.0,0.0,,,
975,F,1959-07-12,39,OWNER,,1,Hl.m. Praha,Prague,1204953,12541.0,0.0,85677.0,0,,0.0,,0.0,Sin Prestamo,Sin Prestamo,1,9128.0,9128.0,157,609698.0,574849.0,35422.375796,1000.0,70929.0
976,F,1955-11-19,43,OWNER,True,16,Jindrichuv Hradec,south Bohemia,93931,8427.0,1.0,1874.0,1,5130.0,24312.0,12.0,2026.0,A,Cerrado,1,2026.0,2026.0,392,978828.0,943554.0,36158.443877,1100.0,61338.0
977,F,1926-05-10,72,OWNER,,76,Sumperk,north Moravia,127369,8369.0,5.0,3736.0,0,,0.0,,0.0,Sin Prestamo,Sin Prestamo,2,2230.0,1115.0,156,185255.0,167458.0,23310.551282,300.0,39283.0
978,F,1968-06-09,30,OWNER,,56,Breclav,south Moravia,124605,8772.0,5.0,2854.0,0,,0.0,,0.0,Sin Prestamo,Sin Prestamo,1,1949.0,1949.0,312,191626.0,175436.0,16400.689102,300.0,21167.0
979,M,1966-11-18,32,DISPONENT,,56,Breclav,south Moravia,124605,8772.0,5.0,2854.0,0,,0.0,,0.0,Sin Prestamo,Sin Prestamo,0,0.0,,0,0.0,0.0,,,
980,M,1961-09-30,37,OWNER,True,40,Teplice,north Bohemia,128118,9317.0,6.0,6949.0,1,5131.0,48624.0,24.0,2026.0,A,Cerrado,2,6540.0,3270.0,493,2825852.0,2724924.0,70446.046653,200.0,153641.0
981,M,1960-06-28,38,OWNER,,5,Kolin,central Bohemia,95616,9307.0,4.0,2616.0,1,5132.0,538500.0,60.0,8975.0,C,Vigente,2,13580.0,6790.0,361,1332934.0,1289795.0,31340.382271,200.0,69776.0
984,M,1949-07-03,49,OWNER,,20,Strakonice,south Bohemia,70646,8547.0,3.0,1563.0,0,,0.0,,0.0,Sin Prestamo,Sin Prestamo,0,0.0,,214,935495.0,873805.0,43749.046728,600.0,68644.0
985,F,1947-01-13,51,DISPONENT,,20,Strakonice,south Bohemia,70646,8547.0,3.0,1563.0,0,,0.0,,0.0,Sin Prestamo,Sin Prestamo,0,0.0,,0,0.0,0.0,,,
986,M,1955-05-16,43,OWNER,,74,Ostrava - mesto,north Moravia,323870,10673.0,5.0,18782.0,0,,0.0,,0.0,Sin Prestamo,Sin Prestamo,2,5577.0,2788.5,244,535099.0,469896.0,44325.311475,200.0,69070.0
987,M,1952-05-20,46,OWNER,,60,Prostejov,south Moravia,110643,8441.0,3.0,1879.0,0,,0.0,,0.0,Sin Prestamo,Sin Prestamo,2,2087.0,1043.5,221,159582.0,138423.0,21006.298642,300.0,34556.0
988,F,1939-10-01,59,OWNER,,40,Teplice,north Bohemia,128118,9317.0,6.0,6949.0,0,,0.0,,0.0,Sin Prestamo,Sin Prestamo,1,1784.0,1784.0,125,189282.0,158518.0,20201.44,500.0,35170.0
989,M,1933-08-15,65,DISPONENT,,40,Teplice,north Bohemia,128118,9317.0,6.0,6949.0,0,,0.0,,0.0,Sin Prestamo,Sin Prestamo,0,0.0,,0,0.0,0.0,,,
990,M,1961-12-24,37,OWNER,,71,Novy Jicin,north Moravia,161227,8678.0,6.0,4980.0,0,,0.0,,0.0,Sin Prestamo,Sin Prestamo,3,2189.0,729.666666,72,51245.0,26240.0,19544.402777,1100.0,25009.0
991,M,1941-06-27,57,OWNER,,32,Ceska Lipa,north Bohemia,105058,9272.0,3.0,4340.0,0,,0.0,,0.0,Sin Prestamo,Sin Prestamo,1,5406.0,5406.0,180,336047.0,281988.0,32081.783333,700.0,55771.0
992,M,1948-05-21,50,OWNER,True,19,Prachatice,south Bohemia,51428,8402.0,3.0,999.0,1,5134.0,53076.0,12.0,4423.0,A,Cerrado,2,13658.0,6829.0,218,624045.0,582306.0,33872.56422,500.0,65122.0
993,F,1969-10-31,29,OWNER,,44,Chrudim,east Bohemia,105606,8254.0,3.0,2166.0,0,,0.0,,0.0,Sin Prestamo,Sin Prestamo,3,5585.0,1861.666666,179,265327.0,240915.0,21462.625698,700.0,43603.0
994,M,1971-04-27,27,OWNER,,36,Liberec,north Bohemia,159617,9198.0,3.0,5796.0,0,,0.0,,0.0,Sin Prestamo,Sin Prestamo,1,2260.0,2260.0,151,118845.0,89895.0,20692.423841,1000.0,31310.0
995,F,1973-10-30,25,DISPONENT,,36,Liberec,north Bohemia,159617,9198.0,3.0,5796.0,0,,0.0,,0.0,Sin Prestamo,Sin Prestamo,0,0.0,,0,0.0,0.0,,,
996,F,1980-06-26,18,OWNER,,1,Hl.m. Praha,Prague,1204953,12541.0,0.0,85677.0,0,,0.0,,0.0,Sin Prestamo,Sin Prestamo,1,8852.0,8852.0,121,338435.0,318146.0,27986.950413,1000.0,53254.0
997,M,1950-11-11,48,OWNER,,59,Kromeriz,south Moravia,108871,8444.0,3.0,2595.0,0,,0.0,,0.0,Sin Prestamo,Sin Prestamo,1,2120.0,2120.0,106,85646.0,54335.0,22422.566037,800.0,34294.0
998,F,1953-06-28,45,DISPONENT,,59,Kromeriz,south Moravia,108871,8444.0,3.0,2595.0,0,,0.0,,0.0,Sin Prestamo,Sin Prestamo,0,0.0,,0,0.0,0.0,,,
999,F,1966-09-01,32,OWNER,,74,Ostrava - mesto,north Moravia,323870,10673.0,5.0,18782.0,0,,0.0,,0.0,Sin Prestamo,Sin Prestamo,0,0.0,,318,1281534.0,1223935.0,56565.069182,200.0,95451.0
1000,M,1961-10-27,37,DISPONENT,,74,Ostrava - mesto,north Moravia,323870,10673.0,5.0,18782.0,0,,0.0,,0.0,Sin Prestamo,Sin Prestamo,0,0.0,,0,0.0,0.0,,,
1001,M,1947-04-14,51,OWNER,,44,Chrudim,east Bohemia,105606,8254.0,3.0,2166.0,0,,0.0,,0.0,Sin Prestamo,Sin Prestamo,1,2291.0,2291.0,115,95319.0,77983.0,15526.756521,1000.0,21799.0
1002,F,1944-03-08,54,OWNER,,42,Havlickuv Brod,east Bohemia,95907,8388.0,2.0,1658.0,0,,0.0,,0.0,Sin Prestamo,Sin Prestamo,1,2135.0,2135.0,142,101548.0,82325.0,15932.387323,500.0,22456.0
1003,F,1937-10-31,61,OWNER,,31,Tachov,west Bohemia,51313,8930.0,4.0,1328.0,0,,0.0,,0.0,Sin Prestamo,Sin Prestamo,1,3462.0,3462.0,123,159994.0,131673.0,18987.658536,900.0,33070.0
1004,M,1957-09-25,41,OWNER,,3,Beroun,central Bohemia,75232,8980.0,2.0,2824.0,0,,0.0,,0.0,Sin Prestamo,Sin Prestamo,1,2473.0,2473.0,86,86943.0,67975.0,15156.848837,900.0,24840.0
1006,F,1942-06-28,56,OWNER,,46,Nachod,east Bohemia,112709,8369.0,2.0,2854.0,0,,0.0,,0.0,Sin Prestamo,Sin Prestamo,2,3059.0,1529.5,164,242617.0,194215.0,25857.439024,1100.0,51280.0
1007,M,1938-01-05,60,DISPONENT,,46,Nachod,east Bohemia,112709,8369.0,2.0,2854.0,0,,0.0,,0.0,Sin Prestamo,Sin Prestamo,0,0.0,,0,0.0,0.0,,,
1008,M,1956-07-06,42,OWNER,,6,Kutna Hora,central Bohemia,77963,8546.0,3.0,2640.0,0,,0.0,,0.0,Sin Prestamo,Sin Prestamo,1,9250.0,9250.0,366,1483371.0,1432520.0,43926.4153,400.0,81694.0
1009,F,1962-04-27,36,OWNER,,33,Decin,north Bohemia,133777,8705.0,6.0,4650.0,0,,0.0,,0.0,Sin Prestamo,Sin Prestamo,0,0.0,,68,64128.0,59900.0,21187.17647,1100.0,36400.0
1010,M,1955-08-16,43,DISPONENT,,33,Decin,north Bohemia,133777,8705.0,6.0,4650.0,0,,0.0,,0.0,Sin Prestamo,Sin Prestamo,0,0.0,,0,0.0,0.0,,,
1011,M,1939-07-13,59,OWNER,,16,Jindrichuv Hradec,south Bohemia,93931,8427.0,1.0,1874.0,0,,0.0,,0.0,Sin Prestamo,Sin Prestamo,1,4254.0,4254.0,254,1266666.0,1199452.0,59620.771653,500.0,92818.0
1012,F,1966-02-13,32,OWNER,,70,Karvina,north Moravia,285387,10177.0,7.0,9878.0,0,,0.0,,0.0,Sin Prestamo,Sin Prestamo,1,4606.0,4606.0,186,911181.0,848429.0,44844.456989,500.0,79941.0
1013,M,1973-03-12,25,DISPONENT,,70,Karvina,north Moravia,285387,10177.0,7.0,9878.0,0,,0.0,,0.0,Sin Prestamo,Sin Prestamo,0,0.0,,0,0.0,0.0,,,
1014,M,1931-02-08,67,OWNER,,1,Hl.m. Praha,Prague,1204953,12541.0,0.0,85677.0,0,,0.0,,0.0,Sin Prestamo,Sin Prestamo,1,2109.0,2109.0,331,366402.0,323587.0,31681.111782,800.0,56567.0
1015,M,1934-03-13,64,OWNER,,62,Uherske Hradiste,south Moravia,145688,8544.0,1.0,2719.0,0,,0.0,,0.0,Sin Prestamo,Sin Prestamo,1,3278.0,3278.0,205,224798.0,206928.0,16475.331707,700.0,25376.0
1016,F,1940-07-21,58,DISPONENT,,62,Uherske Hradiste,south Moravia,145688,8544.0,1.0,2719.0,0,,0.0,,0.0,Sin Prestamo,Sin Prestamo,0,0.0,,0,0.0,0.0,,,
1017,F,1943-02-12,55,OWNER,,6,Kutna Hora,central Bohemia,77963,8546.0,3.0,2640.0,0,,0.0,,0.0,Sin Prestamo,Sin Prestamo,3,1980.0,660.0,137,81950.0,65328.0,19180.138686,900.0,28819.0
1018,M,1945-02-28,53,OWNER,,53,Blansko,south Moravia,107911,8240.0,3.0,1850.0,0,,0.0,,0.0,Sin Prestamo,Sin Prestamo,2,14171.0,7085.5,375,2864785.0,2803053.0,54357.602666,700.0,126302.0
1019,F,1946-12-22,52,OWNER,,14,Ceske Budejovice,south Bohemia,177686,10045.0,1.0,6604.0,0,,0.0,,0.0,Sin Prestamo,Sin Prestamo,1,9651.0,9651.0,56,326269.0,253013.0,50627.75,300.0,86633.0
1020,F,1977-05-10,21,OWNER,True,72,Olomouc,north Moravia,226122,8994.0,4.0,9672.0,1,5136.0,187104.0,24.0,7796.0,A,Cerrado,1,7796.0,7796.0,229,1481405.0,1367420.0,66175.572052,300.0,148870.0
1021,M,1977-08-05,21,OWNER,,2,Benesov,central Bohemia,88884,8507.0,2.0,2159.0,0,,0.0,,0.0,Sin Prestamo,Sin Prestamo,0,0.0,,147,242188.0,186410.0,31068.653061,900.0,93865.0
1022,M,1940-07-23,58,OWNER,,31,Tachov,west Bohemia,51313,8930.0,4.0,1328.0,0,,0.0,,0.0,Sin Prestamo,Sin Prestamo,3,6015.0,2005.0,212,331298.0,276235.0,33067.797169,800.0,59279.0
1023,M,1938-12-28,60,OWNER,,1,Hl.m. Praha,Prague,1204953,12541.0,0.0,85677.0,0,,0.0,,0.0,Sin Prestamo,Sin Prestamo,0,0.0,,136,522839.0,523254.0,25172.992647,-5339.0,111108.0
1024,M,1956-03-29,42,OWNER,,25,Klatovy,west Bohemia,88757,8554.0,2.0,1822.0,0,,0.0,,0.0,Sin Prestamo,Sin Prestamo,1,14811.0,14811.0,115,695839.0,647062.0,33099.565217,300.0,88616.0
1025,M,1964-07-08,34,OWNER,,15,Cesky Krumlov,south Bohemia,58796,9045.0,3.0,1845.0,0,,0.0,,0.0,Sin Prestamo,Sin Prestamo,3,6225.0,2075.0,358,1687883.0,1683425.0,50257.946927,200.0,153742.0
1026,M,1979-08-12,19,OWNER,,57,Hodonin,south Moravia,161954,8720.0,4.0,3729.0,0,,0.0,,0.0,Sin Prestamo,Sin Prestamo,2,2082.0,1041.0,58,45486.0,27393.0,16391.741379,1100.0,19879.0
1027,F,1940-11-04,58,OWNER,,1,Hl.m. Praha,Prague,1204953,12541.0,0.0,85677.0,0,,0.0,,0.0,Sin Prestamo,Sin Prestamo,2,6051.0,3025.5,215,604121.0,577579.0,43294.009302,500.0,69821.0
1028,M,1934-10-02,64,DISPONENT,,1,Hl.m. Praha,Prague,1204953,12541.0,0.0,85677.0,0,,0.0,,0.0,Sin Prestamo,Sin Prestamo,0,0.0,,0,0.0,0.0,,,
1029,F,1954-03-16,44,OWNER,,1,Hl.m. Praha,Prague,1204953,12541.0,0.0,85677.0,1,5138.0,87216.0,48.0,1817.0,C,Vigente,4,6147.0,1536.75,511,729531.0,684966.0,26392.900195,700.0,52046.0
1030,M,1947-10-11,51,OWNER,,1,Hl.m. Praha,Prague,1204953,12541.0,0.0,85677.0,0,,0.0,,0.0,Sin Prestamo,Sin Prestamo,1,6608.0,6608.0,332,923076.0,851336.0,40519.271084,800.0,71758.0
1031,F,1968-12-11,30,OWNER,,2,Benesov,central Bohemia,88884,8507.0,2.0,2159.0,0,,0.0,,0.0,Sin Prestamo,Sin Prestamo,4,5737.0,1434.25,261,487282.0,444664.0,42189.337164,900.0,64327.0
1032,F,1938-10-30,60,OWNER,,1,Hl.m. Praha,Prague,1204953,12541.0,0.0,85677.0,0,,0.0,,0.0,Sin Prestamo,Sin Prestamo,1,3019.0,3019.0,283,291034.0,269311.0,19422.095406,1100.0,29688.0
1033,M,1937-10-14,61,DISPONENT,,1,Hl.m. Praha,Prague,1204953,12541.0,0.0,85677.0,0,,0.0,,0.0,Sin Prestamo,Sin Prestamo,0,0.0,,0,0.0,0.0,,,
1034,F,1974-11-11,24,OWNER,,52,Usti nad Orlici,east Bohemia,139012,8363.0,3.0,2564.0,0,,0.0,,0.0,Sin Prestamo,Sin Prestamo,1,5456.0,5456.0,162,737599.0,678800.0,42184.74074,900.0,81163.0
1035,F,1971-03-28,27,OWNER,,13,Rakovnik,central Bohemia,53921,8598.0,3.0,1597.0,0,,0.0,,0.0,Sin Prestamo,Sin Prestamo,4,3930.0,982.5,117,204331.0,163710.0,29817.846153,200.0,49886.0
1036,M,1976-12-06,22,DISPONENT,,13,Rakovnik,central Bohemia,53921,8598.0,3.0,1597.0,0,,0.0,,0.0,Sin Prestamo,Sin Prestamo,0,0.0,,0,0.0,0.0,,,
1037,F,1965-11-01,33,OWNER,,1,Hl.m. Praha,Prague,1204953,12541.0,0.0,85677.0,0,,0.0,,0.0,Sin Prestamo,Sin Prestamo,1,8071.0,8071.0,397,1011346.0,981864.0,27802.168765,600.0,47988.0
1038,F,1961-09-23,37,OWNER,,69,Jesenik,north Moravia,42821,8173.0,,,0,,0.0,,0.0,Sin Prestamo,Sin Prestamo,2,9583.0,4791.5,413,1262711.0,1243687.0,29687.566585,1000.0,63139.0
1039,F,1980-10-11,18,OWNER,,70,Karvina,north Moravia,285387,10177.0,7.0,9878.0,0,,0.0,,0.0,Sin Prestamo,Sin Prestamo,1,3122.0,3122.0,446,3438705.0,3335646.0,70732.09417,200.0,132926.0
1040,M,1960-06-17,38,OWNER,,1,Hl.m. Praha,Prague,1204953,12541.0,0.0,85677.0,0,,0.0,,0.0,Sin Prestamo,Sin Prestamo,2,10520.0,5260.0,491,2976646.0,2920934.0,66901.947046,300.0,188348.0
1041,M,1961-07-05,37,OWNER,,72,Olomouc,north Moravia,226122,8994.0,4.0,9672.0,0,,0.0,,0.0,Sin Prestamo,Sin Prestamo,1,3699.0,3699.0,86,129026.0,98867.0,22401.639534,300.0,38792.0
1042,F,1966-09-25,32,OWNER,,17,Pelhrimov,south Bohemia,74062,8114.0,2.0,1003.0,0,,0.0,,0.0,Sin Prestamo,Sin Prestamo,2,2294.0,1147.0,166,116958.0,95886.0,20948.06024,900.0,31462.0
1043,M,1963-11-16,35,DISPONENT,,17,Pelhrimov,south Bohemia,74062,8114.0,2.0,1003.0,0,,0.0,,0.0,Sin Prestamo,Sin Prestamo,0,0.0,,0,0.0,0.0,,,
1044,F,1971-09-13,27,OWNER,,9,Nymburk,central Bohemia,81344,8899.0,3.0,2987.0,0,,0.0,,0.0,Sin Prestamo,Sin Prestamo,4,4851.0,1212.75,628,1019250.0,958722.0,35352.203821,500.0,61524.0
1045,F,1947-12-24,51,OWNER,,60,Prostejov,south Moravia,110643,8441.0,3.0,1879.0,0,,0.0,,0.0,Sin Prestamo,Sin Prestamo,3,12943.0,4314.333333,83,384906.0,362296.0,32093.385542,-1351.0,88731.0
1046,M,1975-08-24,23,OWNER,,1,Hl.m. Praha,Prague,1204953,12541.0,0.0,85677.0,0,,0.0,,0.0,Sin Prestamo,Sin Prestamo,2,6358.0,3179.0,99,208548.0,185840.0,21080.30303,200.0,36341.0
1047,F,1963-07-11,35,OWNER,,16,Jindrichuv Hradec,south Bohemia,93931,8427.0,1.0,1874.0,0,,0.0,,0.0,Sin Prestamo,Sin Prestamo,0,0.0,,16,25800.0,15500.0,15600.0,1100.0,23400.0
1048,F,1974-10-03,24,OWNER,,70,Karvina,north Moravia,285387,10177.0,7.0,9878.0,0,,0.0,,0.0,Sin Prestamo,Sin Prestamo,1,4562.0,4562.0,240,365536.0,344222.0,22697.729166,300.0,36132.0
1049,M,1942-11-11,56,OWNER,,1,Hl.m. Praha,Prague,1204953,12541.0,0.0,85677.0,0,,0.0,,0.0,Sin Prestamo,Sin Prestamo,1,5168.0,5168.0,145,767534.0,748917.0,46190.820689,300.0,82101.0
1050,F,1971-07-01,27,OWNER,,27,Plzen - jih,west Bohemia,67298,8561.0,1.0,1029.0,0,,0.0,,0.0,Sin Prestamo,Sin Prestamo,1,2762.0,2762.0,123,174377.0,128046.0,37553.349593,800.0,57695.0
1051,F,1971-08-26,27,OWNER,,73,Opava,north Moravia,182027,8746.0,3.0,4355.0,1,5140.0,178500.0,60.0,2975.0,C,Vigente,4,7604.0,1901.0,150,184475.0,171128.0,16895.573333,1000.0,39316.0
1052,M,1964-03-11,34,OWNER,,56,Breclav,south Moravia,124605,8772.0,5.0,2854.0,0,,0.0,,0.0,Sin Prestamo,Sin Prestamo,3,9720.0,3240.0,205,623299.0,581274.0,26722.829268,200.0,51684.0
1053,F,1958-06-03,40,DISPONENT,,56,Breclav,south Moravia,124605,8772.0,5.0,2854.0,0,,0.0,,0.0,Sin Prestamo,Sin Prestamo,0,0.0,,0,0.0,0.0,,,
1054,M,1924-08-20,74,OWNER,,63,Vyskov,south Moravia,86513,8288.0,4.0,1562.0,0,,0.0,,0.0,Sin Prestamo,Sin Prestamo,1,3837.0,3837.0,205,289765.0,246753.0,33058.936585,300.0,49510.0
1055,M,1919-05-17,79,OWNER,,4,Kladno,central Bohemia,149893,9753.0,5.0,5244.0,0,,0.0,,0.0,Sin Prestamo,Sin Prestamo,1,3796.0,3796.0,56,88476.0,77109.0,13684.607142,1100.0,22867.0
1056,M,1963-06-19,35,OWNER,,1,Hl.m. Praha,Prague,1204953,12541.0,0.0,85677.0,0,,0.0,,0.0,Sin Prestamo,Sin Prestamo,2,3628.0,1814.0,192,241789.0,198926.0,35563.203125,700.0,56198.0
1057,M,1939-02-21,59,OWNER,,52,Usti nad Orlici,east Bohemia,139012,8363.0,3.0,2564.0,0,,0.0,,0.0,Sin Prestamo,Sin Prestamo,1,3943.0,3943.0,174,778731.0,717716.0,42339.488505,600.0,74871.0
1058,F,1975-08-01,23,OWNER,,9,Nymburk,central Bohemia,81344,8899.0,3.0,2987.0,0,,0.0,,0.0,Sin Prestamo,Sin Prestamo,1,2094.0,2094.0,79,61136.0,45156.0,13380.936708,500.0,17694.0
1059,M,1960-06-03,38,OWNER,,26,Plzen - mesto,west Bohemia,170449,10787.0,3.0,6041.0,0,,0.0,,0.0,Sin Prestamo,Sin Prestamo,2,6530.0,3265.0,129,471874.0,436669.0,41628.775193,700.0,64239.0
1060,F,1957-12-17,41,DISPONENT,,26,Plzen - mesto,west Bohemia,170449,10787.0,3.0,6041.0,0,,0.0,,0.0,Sin Prestamo,Sin Prestamo,0,0.0,,0,0.0,0.0,,,
1062,M,1975-01-08,23,OWNER,,16,Jindrichuv Hradec,south Bohemia,93931,8427.0,1.0,1874.0,0,,0.0,,0.0,Sin Prestamo,Sin Prestamo,1,3306.0,3306.0,386,904444.0,819685.0,31443.326424,300.0,84776.0
1063,F,1976-06-12,22,DISPONENT,,16,Jindrichuv Hradec,south Bohemia,93931,8427.0,1.0,1874.0,0,,0.0,,0.0,Sin Prestamo,Sin Prestamo,0,0.0,,0,0.0,0.0,,,
1064,F,1951-02-03,47,OWNER,,1,Hl.m. Praha,Prague,1204953,12541.0,0.0,85677.0,0,,0.0,,0.0,Sin Prestamo,Sin Prestamo,3,8406.0,2802.0,436,1087445.0,1056230.0,32780.963302,800.0,59676.0
1065,M,1957-11-26,41,OWNER,,2,Benesov,central Bohemia,88884,8507.0,2.0,2159.0,0,,0.0,,0.0,Sin Prestamo,Sin Prestamo,1,2259.0,2259.0,299,212381.0,191654.0,20899.565217,3389.0,29532.0
1066,M,1940-10-18,58,OWNER,,1,Hl.m. Praha,Prague,1204953,12541.0,0.0,85677.0,0,,0.0,,0.0,Sin Prestamo,Sin Prestamo,2,3292.0,1646.0,444,1524061.0,1435719.0,64154.265765,300.0,115837.0
1067,M,1952-05-14,46,OWNER,,1,Hl.m. Praha,Prague,1204953,12541.0,0.0,85677.0,0,,0.0,,0.0,Sin Prestamo,Sin Prestamo,1,9034.0,9034.0,385,1359713.0,1265823.0,59624.711688,900.0,119897.0
1068,F,1926-10-20,72,OWNER,,13,Rakovnik,central Bohemia,53921,8598.0,3.0,1597.0,0,,0.0,,0.0,Sin Prestamo,Sin Prestamo,1,3009.0,3009.0,304,312121.0,295001.0,17826.338815,4514.0,28162.0
1069,F,1938-02-21,60,OWNER,,54,Brno - mesto,south Moravia,387570,9897.0,2.0,18721.0,0,,0.0,,0.0,Sin Prestamo,Sin Prestamo,1,1592.0,1592.0,128,161771.0,142349.0,23533.125,800.0,35937.0
1070,M,1938-12-02,60,DISPONENT,,54,Brno - mesto,south Moravia,387570,9897.0,2.0,18721.0,0,,0.0,,0.0,Sin Prestamo,Sin Prestamo,0,0.0,,0,0.0,0.0,,,
1071,M,1925-01-25,73,OWNER,,43,Hradec Kralove,east Bohemia,161854,9425.0,2.0,4085.0,0,,0.0,,0.0,Sin Prestamo,Sin Prestamo,2,3257.0,1628.5,49,60795.0,35641.0,23572.571428,300.0,30380.0
1072,F,1966-12-08,32,OWNER,,60,Prostejov,south Moravia,110643,8441.0,3.0,1879.0,0,,0.0,,0.0,Sin Prestamo,Sin Prestamo,1,3136.0,3136.0,380,581181.0,546542.0,25155.360526,700.0,41862.0
1073,M,1924-04-10,74,OWNER,,34,Chomutov,north Bohemia,125236,9675.0,6.0,5323.0,0,,0.0,,0.0,Sin Prestamo,Sin Prestamo,1,1784.0,1784.0,148,190069.0,145524.0,27697.777027,1000.0,46293.0
1074,F,1928-08-25,70,DISPONENT,,34,Chomutov,north Bohemia,125236,9675.0,6.0,5323.0,0,,0.0,,0.0,Sin Prestamo,Sin Prestamo,0,0.0,,0,0.0,0.0,,,
1075,F,1934-06-04,64,OWNER,,65,Znojmo,south Moravia,114200,8403.0,6.0,2157.0,0,,0.0,,0.0,Sin Prestamo,Sin Prestamo,2,2915.0,1457.5,416,434286.0,380506.0,25584.788461,900.0,54945.0
1076,F,1979-05-11,19,OWNER,,53,Blansko,south Moravia,107911,8240.0,3.0,1850.0,0,,0.0,,0.0,Sin Prestamo,Sin Prestamo,0,0.0,,215,1078119.0,986905.0,67463.511627,900.0,100578.0
1077,M,1920-06-23,78,OWNER,,46,Nachod,east Bohemia,112709,8369.0,2.0,2854.0,0,,0.0,,0.0,Sin Prestamo,Sin Prestamo,1,2914.0,2914.0,191,270657.0,254705.0,17679.020942,800.0,33689.0
1078,F,1978-12-15,20,OWNER,,24,Karlovy Vary,west Bohemia,122603,8991.0,1.0,5198.0,0,,0.0,,0.0,Sin Prestamo,Sin Prestamo,2,1977.0,988.5,181,103598.0,85841.0,16357.176795,600.0,21603.0
1079,M,1961-07-15,37,OWNER,,3,Beroun,central Bohemia,75232,8980.0,2.0,2824.0,0,,0.0,,0.0,Sin Prestamo,Sin Prestamo,1,3220.0,3220.0,225,458641.0,443415.0,24779.662222,600.0,65186.0
1080,F,1950-10-06,48,OWNER,,54,Brno - mesto,south Moravia,387570,9897.0,2.0,18721.0,0,,0.0,,0.0,Sin Prestamo,Sin Prestamo,2,9586.0,4793.0,491,2426915.0,2355253.0,53724.099796,600.0,146944.0
1081,M,1970-12-16,28,OWNER,,71,Novy Jicin,north Moravia,161227,8678.0,6.0,4980.0,0,,0.0,,0.0,Sin Prestamo,Sin Prestamo,2,4464.0,2232.0,217,653446.0,609294.0,38934.59447,200.0,69388.0
1082,M,1967-02-23,31,OWNER,,9,Nymburk,central Bohemia,81344,8899.0,3.0,2987.0,0,,0.0,,0.0,Sin Prestamo,Sin Prestamo,1,1627.0,1627.0,306,1178926.0,1124931.0,31990.24183,900.0,61612.0
1083,M,1937-12-15,61,OWNER,,48,Rychnov nad Kneznou,east Bohemia,78955,9060.0,2.0,1655.0,0,,0.0,,0.0,Sin Prestamo,Sin Prestamo,1,5950.0,5950.0,296,565339.0,542505.0,20403.584459,1100.0,41769.0
1084,F,1944-04-09,54,DISPONENT,,48,Rychnov nad Kneznou,east Bohemia,78955,9060.0,2.0,1655.0,0,,0.0,,0.0,Sin Prestamo,Sin Prestamo,0,0.0,,0,0.0,0.0,,,
1085,F,1932-12-19,66,OWNER,,60,Prostejov,south Moravia,110643,8441.0,3.0,1879.0,0,,0.0,,0.0,Sin Prestamo,Sin Prestamo,1,1910.0,1910.0,271,256181.0,212635.0,27904.985239,900.0,45333.0
1086,M,1973-05-04,25,OWNER,,74,Ostrava - mesto,north Moravia,323870,10673.0,5.0,18782.0,0,,0.0,,0.0,Sin Prestamo,Sin Prestamo,3,3855.0,1285.0,488,601886.0,580785.0,25960.069672,800.0,43025.0
1087,F,1978-07-30,20,DISPONENT,,74,Ostrava - mesto,north Moravia,323870,10673.0,5.0,18782.0,0,,0.0,,0.0,Sin Prestamo,Sin Prestamo,0,0.0,,0,0.0,0.0,,,
1088,F,1969-08-23,29,OWNER,,47,Pardubice,east Bohemia,162580,9538.0,2.0,6079.0,0,,0.0,,0.0,Sin Prestamo,Sin Prestamo,1,2580.0,2580.0,325,266322.0,246010.0,19330.64923,1100.0,33437.0
1089,M,1939-12-09,59,OWNER,,1,Hl.m. Praha,Prague,1204953,12541.0,0.0,85677.0,0,,0.0,,0.0,Sin Prestamo,Sin Prestamo,0,0.0,,270,1169815.0,1063780.0,60581.344444,300.0,106048.0
1090,F,1939-06-20,59,OWNER,,35,Jablonec n. Nisou,north Bohemia,88768,8867.0,1.0,3384.0,0,,0.0,,0.0,Sin Prestamo,Sin Prestamo,3,6176.0,2058.666666,150,249970.0,228148.0,18650.193333,1000.0,31683.0
1091,F,1940-06-27,58,OWNER,,59,Kromeriz,south Moravia,108871,8444.0,3.0,2595.0,0,,0.0,,0.0,Sin Prestamo,Sin Prestamo,1,2240.0,2240.0,43,41612.0,24265.0,14438.906976,800.0,19848.0
1092,F,1962-07-20,36,OWNER,,41,Usti nad Labem,north Bohemia,118650,9832.0,3.0,6445.0,0,,0.0,,0.0,Sin Prestamo,Sin Prestamo,1,2118.0,2118.0,353,263497.0,247161.0,21933.997167,300.0,33196.0
1093,F,1976-07-28,22,OWNER,,62,Uherske Hradiste,south Moravia,145688,8544.0,1.0,2719.0,0,,0.0,,0.0,Sin Prestamo,Sin Prestamo,0,0.0,,271,312473.0,292630.0,28857.424354,900.0,85090.0
1094,F,1960-10-04,38,OWNER,,30,Sokolov,west Bohemia,94812,9650.0,3.0,2985.0,0,,0.0,,0.0,Sin Prestamo,Sin Prestamo,1,1950.0,1950.0,64,48583.0,27165.0,15231.546875,900.0,21420.0
1095,M,1954-02-16,44,DISPONENT,,30,Sokolov,west Bohemia,94812,9650.0,3.0,2985.0,0,,0.0,,0.0,Sin Prestamo,Sin Prestamo,0,0.0,,0,0.0,0.0,,,
1096,F,1926-03-03,72,OWNER,,1,Hl.m. Praha,Prague,1204953,12541.0,0.0,85677.0,0,,0.0,,0.0,Sin Prestamo,Sin Prestamo,1,1937.0,1937.0,104,121191.0,86526.0,29580.346153,1100.0,46627.0
1097,M,1930-09-02,68,DISPONENT,,1,Hl.m. Praha,Prague,1204953,12541.0,0.0,85677.0,0,,0.0,,0.0,Sin Prestamo,Sin Prestamo,0,0.0,,0,0.0,0.0,,,
1098,F,1948-09-10,50,OWNER,,60,Prostejov,south Moravia,110643,8441.0,3.0,1879.0,0,,0.0,,0.0,Sin Prestamo,Sin Prestamo,2,10568.0,5284.0,162,625538.0,598618.0,46607.987654,600.0,106283.0
1099,F,1979-11-21,19,OWNER,,65,Znojmo,south Moravia,114200,8403.0,6.0,2157.0,0,,0.0,,0.0,Sin Prestamo,Sin Prestamo,1,2332.0,2332.0,87,71632.0,52935.0,18675.908045,400.0,25351.0
1100,M,1951-07-04,47,OWNER,,59,Kromeriz,south Moravia,108871,8444.0,3.0,2595.0,0,,0.0,,0.0,Sin Prestamo,Sin Prestamo,3,8984.0,2994.666666,230,502427.0,460738.0,35818.586956,300.0,56258.0
1101,M,1946-06-22,52,OWNER,,74,Ostrava - mesto,north Moravia,323870,10673.0,5.0,18782.0,0,,0.0,,0.0,Sin Prestamo,Sin Prestamo,1,2298.0,2298.0,290,215437.0,188708.0,17852.334482,800.0,27453.0
1102,M,1935-01-29,63,OWNER,,72,Olomouc,north Moravia,226122,8994.0,4.0,9672.0,1,5145.0,309552.0,48.0,6449.0,C,Vigente,2,20740.0,10370.0,330,2011536.0,1930223.0,51495.424242,700.0,121713.0
1103,M,1951-08-18,47,OWNER,,1,Hl.m. Praha,Prague,1204953,12541.0,0.0,85677.0,0,,0.0,,0.0,Sin Prestamo,Sin Prestamo,1,5299.0,5299.0,155,486144.0,452101.0,27965.516129,600.0,56056.0
1104,F,1955-02-09,43,DISPONENT,,1,Hl.m. Praha,Prague,1204953,12541.0,0.0,85677.0,0,,0.0,,0.0,Sin Prestamo,Sin Prestamo,0,0.0,,0,0.0,0.0,,,
1105,M,1942-01-03,56,OWNER,,56,Breclav,south Moravia,124605,8772.0,5.0,2854.0,0,,0.0,,0.0,Sin Prestamo,Sin Prestamo,1,4669.0,4669.0,207,369224.0,312396.0,37088.811594,300.0,56837.0
1106,F,1940-02-25,58,DISPONENT,,56,Breclav,south Moravia,124605,8772.0,5.0,2854.0,0,,0.0,,0.0,Sin Prestamo,Sin Prestamo,0,0.0,,0,0.0,0.0,,,
1107,M,1961-04-26,37,OWNER,,60,Prostejov,south Moravia,110643,8441.0,3.0,1879.0,0,,0.0,,0.0,Sin Prestamo,Sin Prestamo,2,12115.0,6057.5,128,466746.0,427583.0,35613.078125,400.0,75788.0
1108,F,1955-12-22,43,OWNER,,62,Uherske Hradiste,south Moravia,145688,8544.0,1.0,2719.0,0,,0.0,,0.0,Sin Prestamo,Sin Prestamo,1,4850.0,4850.0,116,270567.0,232195.0,35568.396551,800.0,54192.0
1109,F,1931-09-01,67,OWNER,,58,Jihlava,south Moravia,109164,8757.0,3.0,2212.0,0,,0.0,,0.0,Sin Prestamo,Sin Prestamo,1,2437.0,2437.0,140,151514.0,135993.0,16717.178571,800.0,27484.0
1110,F,1928-03-24,70,OWNER,,10,Praha - vychod,central Bohemia,92084,10124.0,1.0,3810.0,0,,0.0,,0.0,Sin Prestamo,Sin Prestamo,2,1776.0,888.0,159,182208.0,156958.0,28729.62893,500.0,44033.0
1111,M,1979-06-04,19,OWNER,,61,Trebic,south Moravia,117897,8814.0,5.0,2112.0,0,,0.0,,0.0,Sin Prestamo,Sin Prestamo,3,2805.0,935.0,334,337979.0,275178.0,34720.766467,400.0,65796.0
1112,F,1930-07-25,68,OWNER,,13,Rakovnik,central Bohemia,53921,8598.0,3.0,1597.0,0,,0.0,,0.0,Sin Prestamo,Sin Prestamo,1,2087.0,2087.0,182,202913.0,173270.0,21123.005494,5678.0,30033.0
1113,M,1976-08-20,22,OWNER,,11,Praha - zapad,central Bohemia,75637,9622.0,0.0,3475.0,0,,0.0,,0.0,Sin Prestamo,Sin Prestamo,2,2212.0,1106.0,202,142194.0,122318.0,16336.217821,400.0,26057.0
1114,M,1980-06-18,18,OWNER,,59,Kromeriz,south Moravia,108871,8444.0,3.0,2595.0,0,,0.0,,0.0,Sin Prestamo,Sin Prestamo,2,6463.0,3231.5,372,1423453.0,1365845.0,44084.379032,500.0,79963.0
1115,F,1920-08-24,78,OWNER,,36,Liberec,north Bohemia,159617,9198.0,3.0,5796.0,0,,0.0,,0.0,Sin Prestamo,Sin Prestamo,1,1748.0,1748.0,120,125585.0,100581.0,19790.108333,1100.0,32464.0
1116,F,1973-04-19,25,OWNER,,69,Jesenik,north Moravia,42821,8173.0,,,0,,0.0,,0.0,Sin Prestamo,Sin Prestamo,2,7405.0,3702.5,111,269232.0,244483.0,21240.333333,400.0,42111.0
1117,F,1976-11-01,22,OWNER,,20,Strakonice,south Bohemia,70646,8547.0,3.0,1563.0,0,,0.0,,0.0,Sin Prestamo,Sin Prestamo,1,4561.0,4561.0,404,668948.0,604789.0,39755.623762,1100.0,78232.0
1118,M,1969-11-03,29,DISPONENT,,20,Strakonice,south Bohemia,70646,8547.0,3.0,1563.0,0,,0.0,,0.0,Sin Prestamo,Sin Prestamo,0,0.0,,0,0.0,0.0,,,
1119,F,1980-01-05,18,OWNER,,54,Brno - mesto,south Moravia,387570,9897.0,2.0,18721.0,0,,0.0,,0.0,Sin Prestamo,Sin Prestamo,1,5884.0,5884.0,368,668728.0,638723.0,28732.581521,200.0,51788.0
1120,F,1973-10-21,25,OWNER,,41,Usti nad Labem,north Bohemia,118650,9832.0,3.0,6445.0,0,,0.0,,0.0,Sin Prestamo,Sin Prestamo,1,9356.0,9356.0,392,1064512.0,1010916.0,41084.22704,300.0,76690.0
1121,M,1939-03-02,59,OWNER,,59,Kromeriz,south Moravia,108871,8444.0,3.0,2595.0,0,,0.0,,0.0,Sin Prestamo,Sin Prestamo,4,3474.0,868.5,499,403361.0,384653.0,25466.232464,700.0,40923.0
1122,M,1921-02-18,77,OWNER,,20,Strakonice,south Bohemia,70646,8547.0,3.0,1563.0,0,,0.0,,0.0,Sin Prestamo,Sin Prestamo,1,2793.0,2793.0,137,146233.0,117980.0,22845.788321,900.0,29502.0
1123,F,1922-08-26,76,DISPONENT,,20,Strakonice,south Bohemia,70646,8547.0,3.0,1563.0,0,,0.0,,0.0,Sin Prestamo,Sin Prestamo,0,0.0,,0,0.0,0.0,,,
1124,M,1928-04-12,70,OWNER,,21,Tabor,south Bohemia,103347,9104.0,2.0,2299.0,0,,0.0,,0.0,Sin Prestamo,Sin Prestamo,1,2584.0,2584.0,192,248570.0,217368.0,28996.28125,800.0,37698.0
1125,F,1934-03-30,64,OWNER,,9,Nymburk,central Bohemia,81344,8899.0,3.0,2987.0,0,,0.0,,0.0,Sin Prestamo,Sin Prestamo,1,3236.0,3236.0,45,79639.0,45228.0,27940.888888,300.0,36112.0
1126,M,1935-10-23,63,DISPONENT,,9,Nymburk,central Bohemia,81344,8899.0,3.0,2987.0,0,,0.0,,0.0,Sin Prestamo,Sin Prestamo,0,0.0,,0,0.0,0.0,,,
1127,M,1974-11-12,24,OWNER,,23,Cheb,west Bohemia,87419,8624.0,2.0,2879.0,0,,0.0,,0.0,Sin Prestamo,Sin Prestamo,1,2118.0,2118.0,103,78063.0,61435.0,16232.582524,500.0,22788.0
1128,M,1930-07-16,68,OWNER,,7,Melnik,central Bohemia,94725,9920.0,2.0,4289.0,0,,0.0,,0.0,Sin Prestamo,Sin Prestamo,2,3004.0,1502.0,184,156302.0,133425.0,17632.233695,700.0,24562.0
1129,M,1931-09-24,67,OWNER,,43,Hradec Kralove,east Bohemia,161854,9425.0,2.0,4085.0,0,,0.0,,0.0,Sin Prestamo,Sin Prestamo,1,1751.0,1751.0,195,181720.0,150591.0,23429.194871,900.0,33466.0
1130,F,1940-11-26,58,OWNER,,70,Karvina,north Moravia,285387,10177.0,7.0,9878.0,1,5147.0,22260.0,60.0,371.0,C,Vigente,2,3653.0,1826.5,63,85799.0,56076.0,30607.126984,700.0,37570.0
1131,F,1947-10-28,51,OWNER,,55,Brno - venkov,south Moravia,157042,8743.0,2.0,3659.0,0,,0.0,,0.0,Sin Prestamo,Sin Prestamo,1,2108.0,2108.0,246,166103.0,144946.0,18877.593495,1100.0,24828.0
1132,M,1948-03-21,50,DISPONENT,,55,Brno - venkov,south Moravia,157042,8743.0,2.0,3659.0,0,,0.0,,0.0,Sin Prestamo,Sin Prestamo,0,0.0,,0,0.0,0.0,,,
1133,F,1958-09-15,40,OWNER,,37,Litomerice,north Bohemia,114006,9065.0,4.0,4147.0,1,5148.0,284280.0,60.0,4738.0,C,Vigente,1,4738.0,4738.0,297,2070538.0,1961413.0,72794.353535,300.0,136560.0
1134,M,1959-10-01,39,DISPONENT,,37,Litomerice,north Bohemia,114006,9065.0,4.0,4147.0,0,,0.0,,0.0,Sin Prestamo,Sin Prestamo,0,0.0,,0,0.0,0.0,,,
1135,M,1952-07-21,46,OWNER,,8,Mlada Boleslav,central Bohemia,112065,11277.0,1.0,5179.0,0,,0.0,,0.0,Sin Prestamo,Sin Prestamo,1,3871.0,3871.0,278,381462.0,355900.0,19016.593525,200.0,37056.0
1136,F,1976-09-18,22,OWNER,,9,Nymburk,central Bohemia,81344,8899.0,3.0,2987.0,0,,0.0,,0.0,Sin Prestamo,Sin Prestamo,0,0.0,,393,429164.0,355080.0,29103.572519,800.0,81932.0
1137,F,1977-03-05,21,OWNER,,1,Hl.m. Praha,Prague,1204953,12541.0,0.0,85677.0,0,,0.0,,0.0,Sin Prestamo,Sin Prestamo,1,2144.0,2144.0,347,234901.0,207788.0,20619.357348,800.0,30490.0
1138,F,1970-09-30,28,OWNER,,70,Karvina,north Moravia,285387,10177.0,7.0,9878.0,0,,0.0,,0.0,Sin Prestamo,Sin Prestamo,1,5361.0,5361.0,410,1305917.0,1253120.0,42866.885365,16927.0,69717.0
1139,M,1973-09-22,25,DISPONENT,,70,Karvina,north Moravia,285387,10177.0,7.0,9878.0,0,,0.0,,0.0,Sin Prestamo,Sin Prestamo,0,0.0,,0,0.0,0.0,,,
1140,M,1946-02-24,52,OWNER,,18,Pisek,south Bohemia,70699,8968.0,3.0,1740.0,0,,0.0,,0.0,Sin Prestamo,Sin Prestamo,1,8215.0,8215.0,92,303320.0,276340.0,43368.586956,600.0,96014.0
1141,F,1941-04-22,57,OWNER,,21,Tabor,south Bohemia,103347,9104.0,2.0,2299.0,0,,0.0,,0.0,Sin Prestamo,Sin Prestamo,0,0.0,,174,691126.0,657565.0,41134.068965,1100.0,67965.0
1142,F,1946-11-19,52,OWNER,,59,Kromeriz,south Moravia,108871,8444.0,3.0,2595.0,0,,0.0,,0.0,Sin Prestamo,Sin Prestamo,2,2689.0,1344.5,437,443575.0,392134.0,30094.279176,1100.0,64798.0
1143,M,1946-05-15,52,DISPONENT,,59,Kromeriz,south Moravia,108871,8444.0,3.0,2595.0,0,,0.0,,0.0,Sin Prestamo,Sin Prestamo,0,0.0,,0,0.0,0.0,,,
1145,F,1968-09-14,30,OWNER,,58,Jihlava,south Moravia,109164,8757.0,3.0,2212.0,0,,0.0,,0.0,Sin Prestamo,Sin Prestamo,0,0.0,,167,526259.0,474404.0,39108.700598,-502.0,81900.0
1146,M,1965-11-14,33,OWNER,,54,Brno - mesto,south Moravia,387570,9897.0,2.0,18721.0,0,,0.0,,0.0,Sin Prestamo,Sin Prestamo,1,8910.0,8910.0,359,1512616.0,1426715.0,66693.584958,200.0,128742.0
1147,M,1930-05-12,68,OWNER,,3,Beroun,central Bohemia,75232,8980.0,2.0,2824.0,0,,0.0,,0.0,Sin Prestamo,Sin Prestamo,1,2371.0,2371.0,147,146724.0,126433.0,19997.496598,1100.0,30322.0
1148,M,1941-05-15,57,OWNER,,41,Usti nad Labem,north Bohemia,118650,9832.0,3.0,6445.0,0,,0.0,,0.0,Sin Prestamo,Sin Prestamo,1,4946.0,4946.0,64,173199.0,118034.0,36938.875,400.0,62781.0
1149,F,1976-09-25,22,OWNER,,14,Ceske Budejovice,south Bohemia,177686,10045.0,1.0,6604.0,0,,0.0,,0.0,Sin Prestamo,Sin Prestamo,2,1953.0,976.5,269,169372.0,143088.0,31341.494423,400.0,40595.0
1150,F,1945-06-24,53,OWNER,,74,Ostrava - mesto,north Moravia,323870,10673.0,5.0,18782.0,0,,0.0,,0.0,Sin Prestamo,Sin Prestamo,3,3505.0,1168.333333,258,264679.0,233660.0,32361.372093,1000.0,46354.0
1151,M,1973-03-06,25,OWNER,,59,Kromeriz,south Moravia,108871,8444.0,3.0,2595.0,0,,0.0,,0.0,Sin Prestamo,Sin Prestamo,1,7411.0,7411.0,160,465294.0,410024.0,32321.6875,400.0,58275.0
1152,M,1981-03-12,17,OWNER,,74,Ostrava - mesto,north Moravia,323870,10673.0,5.0,18782.0,0,,0.0,,0.0,Sin Prestamo,Sin Prestamo,0,0.0,,321,468649.0,396840.0,40503.317757,400.0,83437.0
1153,F,1980-11-15,18,OWNER,,70,Karvina,north Moravia,285387,10177.0,7.0,9878.0,0,,0.0,,0.0,Sin Prestamo,Sin Prestamo,1,2126.0,2126.0,204,157214.0,144187.0,18575.073529,500.0,28892.0
1154,M,1924-01-31,74,OWNER,,72,Olomouc,north Moravia,226122,8994.0,4.0,9672.0,0,,0.0,,0.0,Sin Prestamo,Sin Prestamo,1,3990.0,3990.0,153,204424.0,187050.0,26170.111111,200.0,37038.0
1155,F,1922-07-10,76,DISPONENT,,72,Olomouc,north Moravia,226122,8994.0,4.0,9672.0,0,,0.0,,0.0,Sin Prestamo,Sin Prestamo,0,0.0,,0,0.0,0.0,,,
1156,F,1933-11-11,65,OWNER,,1,Hl.m. Praha,Prague,1204953,12541.0,0.0,85677.0,0,,0.0,,0.0,Sin Prestamo,Sin Prestamo,2,2759.0,1379.5,180,163211.0,139076.0,17772.011111,1000.0,25944.0
1157,F,1958-12-30,40,OWNER,,4,Kladno,central Bohemia,149893,9753.0,5.0,5244.0,1,5151.0,189060.0,60.0,3151.0,C,Vigente,2,9091.0,4545.5,369,2232901.0,2154411.0,55426.552845,200.0,137223.0
1158,F,1954-08-21,44,OWNER,,1,Hl.m. Praha,Prague,1204953,12541.0,0.0,85677.0,0,,0.0,,0.0,Sin Prestamo,Sin Prestamo,1,8255.0,8255.0,62,213682.0,188445.0,22486.725806,300.0,45514.0
1159,M,1944-02-03,54,OWNER,,64,Zlin,south Moravia,197099,9624.0,2.0,4484.0,0,,0.0,,0.0,Sin Prestamo,Sin Prestamo,0,0.0,,140,390998.0,375609.0,30034.114285,200.0,54045.0
1160,F,1938-07-28,60,DISPONENT,,64,Zlin,south Moravia,197099,9624.0,2.0,4484.0,0,,0.0,,0.0,Sin Prestamo,Sin Prestamo,0,0.0,,0,0.0,0.0,,,
1161,M,1973-05-25,25,OWNER,,7,Melnik,central Bohemia,94725,9920.0,2.0,4289.0,0,,0.0,,0.0,Sin Prestamo,Sin Prestamo,1,3799.0,3799.0,142,578036.0,494822.0,54820.161971,500.0,87532.0
1162,F,1975-02-19,23,OWNER,,26,Plzen - mesto,west Bohemia,170449,10787.0,3.0,6041.0,0,,0.0,,0.0,Sin Prestamo,Sin Prestamo,0,0.0,,253,332876.0,284500.0,41622.086956,400.0,90662.0
1163,M,1964-08-28,34,OWNER,,20,Strakonice,south Bohemia,70646,8547.0,3.0,1563.0,0,,0.0,,0.0,Sin Prestamo,Sin Prestamo,1,2853.0,2853.0,354,366733.0,348365.0,19794.564971,700.0,34370.0
1164,F,1959-09-14,39,OWNER,,15,Cesky Krumlov,south Bohemia,58796,9045.0,3.0,1845.0,0,,0.0,,0.0,Sin Prestamo,Sin Prestamo,1,2129.0,2129.0,48,46579.0,23855.0,18434.3125,1100.0,25390.0
1165,F,1942-10-02,56,OWNER,,15,Cesky Krumlov,south Bohemia,58796,9045.0,3.0,1845.0,0,,0.0,,0.0,Sin Prestamo,Sin Prestamo,1,6824.0,6824.0,115,571870.0,513298.0,48694.765217,900.0,128400.0
1166,M,1959-06-27,39,OWNER,,74,Ostrava - mesto,north Moravia,323870,10673.0,5.0,18782.0,0,,0.0,,0.0,Sin Prestamo,Sin Prestamo,1,7262.0,7262.0,200,461389.0,433106.0,32783.625,200.0,50723.0
1167,F,1954-03-17,44,DISPONENT,,74,Ostrava - mesto,north Moravia,323870,10673.0,5.0,18782.0,0,,0.0,,0.0,Sin Prestamo,Sin Prestamo,0,0.0,,0,0.0,0.0,,,
1168,M,1978-05-31,20,OWNER,,19,Prachatice,south Bohemia,51428,8402.0,3.0,999.0,0,,0.0,,0.0,Sin Prestamo,Sin Prestamo,0,0.0,,347,482718.0,417270.0,48412.925072,200.0,104518.0
1169,F,1941-01-24,57,OWNER,,18,Pisek,south Bohemia,70699,8968.0,3.0,1740.0,0,,0.0,,0.0,Sin Prestamo,Sin Prestamo,1,5260.0,5260.0,93,332154.0,256200.0,44588.956989,400.0,77766.0
1170,M,1977-04-28,21,OWNER,,12,Pribram,central Bohemia,107870,8754.0,4.0,3804.0,0,,0.0,,0.0,Sin Prestamo,Sin Prestamo,1,3860.0,3860.0,162,326058.0,297720.0,31127.734567,500.0,46335.0
1171,F,1974-03-28,24,OWNER,,46,Nachod,east Bohemia,112709,8369.0,2.0,2854.0,0,,0.0,,0.0,Sin Prestamo,Sin Prestamo,2,2038.0,1019.0,133,84654.0,64887.0,15170.398496,600.0,21862.0
1172,F,1923-06-13,75,OWNER,,54,Brno - mesto,south Moravia,387570,9897.0,2.0,18721.0,0,,0.0,,0.0,Sin Prestamo,Sin Prestamo,1,2909.0,2909.0,239,294677.0,270589.0,31154.09205,600.0,45665.0
1173,M,1922-06-02,76,DISPONENT,,54,Brno - mesto,south Moravia,387570,9897.0,2.0,18721.0,0,,0.0,,0.0,Sin Prestamo,Sin Prestamo,0,0.0,,0,0.0,0.0,,,
1174,F,1970-03-13,28,OWNER,,29,Rokycany,west Bohemia,45714,8843.0,3.0,818.0,0,,0.0,,0.0,Sin Prestamo,Sin Prestamo,0,0.0,,279,1571497.0,1515095.0,47629.0,500.0,86826.0
1175,M,1925-10-25,73,OWNER,,1,Hl.m. Praha,Prague,1204953,12541.0,0.0,85677.0,0,,0.0,,0.0,Sin Prestamo,Sin Prestamo,1,3550.0,3550.0,116,141012.0,120365.0,16921.741379,800.0,28976.0
1176,F,1918-08-31,80,DISPONENT,,1,Hl.m. Praha,Prague,1204953,12541.0,0.0,85677.0,0,,0.0,,0.0,Sin Prestamo,Sin Prestamo,0,0.0,,0,0.0,0.0,,,
1177,F,1939-06-21,59,OWNER,,77,Vsetin,north Moravia,148545,8909.0,4.0,3460.0,0,,0.0,,0.0,Sin Prestamo,Sin Prestamo,1,5244.0,5244.0,194,806411.0,751750.0,46651.175257,900.0,82098.0
1178,F,1971-10-04,27,OWNER,,1,Hl.m. Praha,Prague,1204953,12541.0,0.0,85677.0,0,,0.0,,0.0,Sin Prestamo,Sin Prestamo,1,6846.0,6846.0,398,1122418.0,1022763.0,50237.31407,800.0,114688.0
1179,F,1930-10-05,68,OWNER,,1,Hl.m. Praha,Prague,1204953,12541.0,0.0,85677.0,0,,0.0,,0.0,Sin Prestamo,Sin Prestamo,1,2062.0,2062.0,321,432280.0,350063.0,45043.65732,1100.0,93284.0
1180,M,1944-10-06,54,OWNER,,21,Tabor,south Bohemia,103347,9104.0,2.0,2299.0,0,,0.0,,0.0,Sin Prestamo,Sin Prestamo,1,5354.0,5354.0,404,1373442.0,1329139.0,35852.90594,1000.0,63105.0
1181,M,1939-11-12,59,OWNER,,1,Hl.m. Praha,Prague,1204953,12541.0,0.0,85677.0,0,,0.0,,0.0,Sin Prestamo,Sin Prestamo,2,6521.0,3260.5,147,316388.0,259084.0,42888.938775,300.0,66098.0
1182,F,1946-10-16,52,OWNER,,66,Zdar nad Sazavou,south Moravia,125832,8512.0,4.0,2247.0,0,,0.0,,0.0,Sin Prestamo,Sin Prestamo,2,3838.0,1919.0,299,1146107.0,1041689.0,61231.086956,600.0,109893.0
1183,M,1942-11-29,56,OWNER,,54,Brno - mesto,south Moravia,387570,9897.0,2.0,18721.0,0,,0.0,,0.0,Sin Prestamo,Sin Prestamo,4,3033.0,758.25,599,462138.0,441001.0,26431.228714,900.0,49039.0
1186,F,1947-08-05,51,OWNER,,2,Benesov,central Bohemia,88884,8507.0,2.0,2159.0,0,,0.0,,0.0,Sin Prestamo,Sin Prestamo,1,5911.0,5911.0,163,376437.0,349950.0,29879.343558,200.0,46788.0
1187,F,1961-09-06,37,OWNER,,32,Ceska Lipa,north Bohemia,105058,9272.0,3.0,4340.0,0,,0.0,,0.0,Sin Prestamo,Sin Prestamo,1,2227.0,2227.0,259,188603.0,167727.0,19132.633204,900.0,30396.0
1188,M,1968-09-19,30,DISPONENT,,32,Ceska Lipa,north Bohemia,105058,9272.0,3.0,4340.0,0,,0.0,,0.0,Sin Prestamo,Sin Prestamo,0,0.0,,0,0.0,0.0,,,
1189,F,1932-02-15,66,OWNER,,74,Ostrava - mesto,north Moravia,323870,10673.0,5.0,18782.0,0,,0.0,,0.0,Sin Prestamo,Sin Prestamo,1,2146.0,2146.0,163,197501.0,173953.0,25152.779141,600.0,36823.0
1190,F,1976-04-12,22,OWNER,,15,Cesky Krumlov,south Bohemia,58796,9045.0,3.0,1845.0,0,,0.0,,0.0,Sin Prestamo,Sin Prestamo,1,3528.0,3528.0,159,389007.0,340217.0,44987.729559,1100.0,73967.0
1191,M,1977-06-02,21,DISPONENT,,15,Cesky Krumlov,south Bohemia,58796,9045.0,3.0,1845.0,0,,0.0,,0.0,Sin Prestamo,Sin Prestamo,0,0.0,,0,0.0,0.0,,,
1192,F,1925-01-01,73,OWNER,,10,Praha - vychod,central Bohemia,92084,10124.0,1.0,3810.0,0,,0.0,,0.0,Sin Prestamo,Sin Prestamo,1,2512.0,2512.0,263,348593.0,315415.0,32578.288973,400.0,50257.0
1193,M,1926-01-29,72,OWNER,,19,Prachatice,south Bohemia,51428,8402.0,3.0,999.0,0,,0.0,,0.0,Sin Prestamo,Sin Prestamo,2,3409.0,1704.5,329,296543.0,278417.0,19135.212765,1000.0,29011.0
1194,F,1939-06-14,59,OWNER,,17,Pelhrimov,south Bohemia,74062,8114.0,2.0,1003.0,0,,0.0,,0.0,Sin Prestamo,Sin Prestamo,1,7538.0,7538.0,215,821106.0,734620.0,60630.376744,700.0,97505.0
1195,F,1939-01-22,59,OWNER,,39,Most,north Bohemia,119895,10446.0,7.0,4947.0,0,,0.0,,0.0,Sin Prestamo,Sin Prestamo,1,6748.0,6748.0,390,1566400.0,1511754.0,63685.905128,1100.0,121246.0
1196,M,1943-04-16,55,OWNER,,22,Domazlice,west Bohemia,58400,8620.0,1.0,1089.0,0,,0.0,,0.0,Sin Prestamo,Sin Prestamo,4,7087.0,1771.75,299,464907.0,439155.0,23206.983277,700.0,45061.0
1197,F,1966-10-02,32,OWNER,,6,Kutna Hora,central Bohemia,77963,8546.0,3.0,2640.0,1,5154.0,108720.0,60.0,1812.0,C,Vigente,1,1812.0,1812.0,105,646330.0,541921.0,54170.609523,1000.0,123602.0
1198,F,1975-02-17,23,OWNER,,72,Olomouc,north Moravia,226122,8994.0,4.0,9672.0,0,,0.0,,0.0,Sin Prestamo,Sin Prestamo,0,0.0,,237,383185.0,337455.0,40778.738396,700.0,78517.0
1199,F,1976-10-24,22,OWNER,,64,Zlin,south Moravia,197099,9624.0,2.0,4484.0,0,,0.0,,0.0,Sin Prestamo,Sin Prestamo,2,2296.0,1148.0,219,141935.0,113675.0,20506.803652,1000.0,30252.0
1200,F,1931-11-17,67,OWNER,,47,Pardubice,east Bohemia,162580,9538.0,2.0,6079.0,0,,0.0,,0.0,Sin Prestamo,Sin Prestamo,1,1934.0,1934.0,78,104584.0,85023.0,20436.76923,1100.0,30371.0
1201,M,1945-09-10,53,OWNER,,54,Brno - mesto,south Moravia,387570,9897.0,2.0,18721.0,0,,0.0,,0.0,Sin Prestamo,Sin Prestamo,4,2470.0,617.5,148,97676.0,75140.0,24584.229729,700.0,31643.0
1202,F,1980-10-11,18,OWNER,,47,Pardubice,east Bohemia,162580,9538.0,2.0,6079.0,0,,0.0,,0.0,Sin Prestamo,Sin Prestamo,1,7641.0,7641.0,341,1672865.0,1650512.0,41224.859237,9758.0,109569.0
1204,F,1974-11-09,24,OWNER,,77,Vsetin,north Moravia,148545,8909.0,4.0,3460.0,0,,0.0,,0.0,Sin Prestamo,Sin Prestamo,3,7506.0,2502.0,584,2435539.0,2344233.0,57893.123287,200.0,102396.0
1206,M,1957-06-21,41,OWNER,,50,Svitavy,east Bohemia,102609,8187.0,5.0,2123.0,0,,0.0,,0.0,Sin Prestamo,Sin Prestamo,3,2855.0,951.666666,166,143873.0,120540.0,17292.879518,500.0,29756.0
1207,F,1939-09-17,59,OWNER,,28,Plzen - sever,west Bohemia,72541,8594.0,2.0,1580.0,0,,0.0,,0.0,Sin Prestamo,Sin Prestamo,2,5461.0,2730.5,162,626295.0,555872.0,51058.679012,200.0,76667.0
1208,F,1975-09-01,23,OWNER,,70,Karvina,north Moravia,285387,10177.0,7.0,9878.0,1,5158.0,188532.0,36.0,5237.0,C,Vigente,1,5237.0,5237.0,210,1573401.0,1496861.0,64389.019047,200.0,143846.0
1209,F,1957-04-09,41,OWNER,,36,Liberec,north Bohemia,159617,9198.0,3.0,5796.0,0,,0.0,,0.0,Sin Prestamo,Sin Prestamo,2,11198.0,5599.0,420,2723141.0,2616013.0,69621.140476,300.0,150458.0
1210,M,1961-10-12,37,OWNER,,6,Kutna Hora,central Bohemia,77963,8546.0,3.0,2640.0,0,,0.0,,0.0,Sin Prestamo,Sin Prestamo,4,2491.0,622.75,613,348662.0,298481.0,34700.546492,1000.0,59040.0
1211,M,1978-07-14,20,OWNER,,1,Hl.m. Praha,Prague,1204953,12541.0,0.0,85677.0,0,,0.0,,0.0,Sin Prestamo,Sin Prestamo,0,0.0,,185,349128.0,269805.0,39365.637837,1000.0,104968.0
1212,F,1927-09-19,71,OWNER,,13,Rakovnik,central Bohemia,53921,8598.0,3.0,1597.0,0,,0.0,,0.0,Sin Prestamo,Sin Prestamo,1,2691.0,2691.0,131,162596.0,143193.0,24862.297709,700.0,37132.0
1213,M,1966-04-28,32,OWNER,,1,Hl.m. Praha,Prague,1204953,12541.0,0.0,85677.0,0,,0.0,,0.0,Sin Prestamo,Sin Prestamo,1,7521.0,7521.0,252,1981282.0,1891541.0,55702.72619,400.0,136344.0
1214,M,1940-11-15,58,OWNER,,61,Trebic,south Moravia,117897,8814.0,5.0,2112.0,0,,0.0,,0.0,Sin Prestamo,Sin Prestamo,0,0.0,,289,1800230.0,1751667.0,49619.038062,800.0,141422.0
1215,M,1944-05-06,54,OWNER,,45,Jicin,east Bohemia,77917,8390.0,2.0,2080.0,1,5160.0,204000.0,60.0,3400.0,C,Vigente,2,10486.0,5243.0,323,1114346.0,1057789.0,57193.650154,400.0,99044.0
1216,F,1945-06-12,53,OWNER,True,65,Znojmo,south Moravia,114200,8403.0,6.0,2157.0,1,5161.0,98184.0,24.0,4091.0,A,Cerrado,1,4091.0,4091.0,412,1567773.0,1524439.0,39696.395631,500.0,78911.0
1217,M,1937-04-17,61,OWNER,,59,Kromeriz,south Moravia,108871,8444.0,3.0,2595.0,0,,0.0,,0.0,Sin Prestamo,Sin Prestamo,1,2081.0,2081.0,137,98898.0,75627.0,16263.605839,300.0,26852.0
1218,M,1980-05-27,18,OWNER,,74,Ostrava - mesto,north Moravia,323870,10673.0,5.0,18782.0,0,,0.0,,0.0,Sin Prestamo,Sin Prestamo,0,0.0,,160,208082.0,184585.0,25432.85625,800.0,69271.0
1219,M,1944-07-31,54,OWNER,,1,Hl.m. Praha,Prague,1204953,12541.0,0.0,85677.0,0,,0.0,,0.0,Sin Prestamo,Sin Prestamo,1,3925.0,3925.0,88,135026.0,120845.0,19736.556818,1100.0,38938.0
1220,F,1953-12-16,45,OWNER,,40,Teplice,north Bohemia,128118,9317.0,6.0,6949.0,0,,0.0,,0.0,Sin Prestamo,Sin Prestamo,2,4774.0,2387.0,428,1475127.0,1355762.0,64554.509345,600.0,119385.0
1221,F,1973-05-18,25,OWNER,,14,Ceske Budejovice,south Bohemia,177686,10045.0,1.0,6604.0,0,,0.0,,0.0,Sin Prestamo,Sin Prestamo,2,4969.0,2484.5,351,1207448.0,1160340.0,46475.720797,800.0,74560.0
1222,F,1939-11-30,59,OWNER,,7,Melnik,central Bohemia,94725,9920.0,2.0,4289.0,0,,0.0,,0.0,Sin Prestamo,Sin Prestamo,2,2642.0,1321.0,417,308355.0,285986.0,18606.419664,600.0,34048.0
1223,F,1955-08-13,43,OWNER,,14,Ceske Budejovice,south Bohemia,177686,10045.0,1.0,6604.0,0,,0.0,,0.0,Sin Prestamo,Sin Prestamo,3,9364.0,3121.333333,557,1553365.0,1496629.0,40002.894075,1100.0,71185.0
1224,M,1938-05-12,60,OWNER,,56,Breclav,south Moravia,124605,8772.0,5.0,2854.0,0,,0.0,,0.0,Sin Prestamo,Sin Prestamo,3,1989.0,663.0,223,119071.0,99657.0,18306.237668,1100.0,30473.0
1225,M,1946-08-21,52,OWNER,,42,Havlickuv Brod,east Bohemia,95907,8388.0,2.0,1658.0,0,,0.0,,0.0,Sin Prestamo,Sin Prestamo,1,2259.0,2259.0,103,87272.0,62869.0,17743.436893,1000.0,27435.0
1226,F,1951-04-14,47,OWNER,,33,Decin,north Bohemia,133777,8705.0,6.0,4650.0,0,,0.0,,0.0,Sin Prestamo,Sin Prestamo,0,0.0,,287,1728614.0,1641776.0,67102.0,700.0,155581.0
1227,M,1955-10-02,43,DISPONENT,,33,Decin,north Bohemia,133777,8705.0,6.0,4650.0,0,,0.0,,0.0,Sin Prestamo,Sin Prestamo,0,0.0,,0,0.0,0.0,,,
1228,F,1949-08-28,49,OWNER,,21,Tabor,south Bohemia,103347,9104.0,2.0,2299.0,0,,0.0,,0.0,Sin Prestamo,Sin Prestamo,0,0.0,,280,1282894.0,1241625.0,36780.146428,1100.0,67032.0
1229,M,1971-02-02,27,OWNER,,19,Prachatice,south Bohemia,51428,8402.0,3.0,999.0,0,,0.0,,0.0,Sin Prestamo,Sin Prestamo,1,2074.0,2074.0,87,64035.0,43605.0,16411.908045,600.0,21041.0
1231,F,1965-09-27,33,OWNER,,20,Strakonice,south Bohemia,70646,8547.0,3.0,1563.0,0,,0.0,,0.0,Sin Prestamo,Sin Prestamo,2,8434.0,4217.0,86,311551.0,255453.0,54261.0,1000.0,72773.0
1232,M,1959-04-13,39,DISPONENT,,20,Strakonice,south Bohemia,70646,8547.0,3.0,1563.0,0,,0.0,,0.0,Sin Prestamo,Sin Prestamo,0,0.0,,0,0.0,0.0,,,
1233,M,1942-10-22,56,OWNER,,68,Frydek - Mistek,north Moravia,228848,9893.0,4.0,5623.0,0,,0.0,,0.0,Sin Prestamo,Sin Prestamo,1,2117.0,2117.0,78,77003.0,55594.0,16126.076923,800.0,23873.0
1234,M,1975-01-15,23,OWNER,,23,Cheb,west Bohemia,87419,8624.0,2.0,2879.0,0,,0.0,,0.0,Sin Prestamo,Sin Prestamo,0,0.0,,30,36300.0,26700.0,17496.666666,400.0,24200.0
1235,F,1979-07-12,19,DISPONENT,,23,Cheb,west Bohemia,87419,8624.0,2.0,2879.0,0,,0.0,,0.0,Sin Prestamo,Sin Prestamo,0,0.0,,0,0.0,0.0,,,
1236,F,1967-04-28,31,OWNER,,26,Plzen - mesto,west Bohemia,170449,10787.0,3.0,6041.0,0,,0.0,,0.0,Sin Prestamo,Sin Prestamo,2,8478.0,4239.0,268,1777008.0,1719127.0,67621.268656,600.0,194119.0
1237,M,1923-11-07,75,OWNER,,57,Hodonin,south Moravia,161954,8720.0,4.0,3729.0,0,,0.0,,0.0,Sin Prestamo,Sin Prestamo,2,1714.0,857.0,221,240888.0,193712.0,29343.031674,1100.0,50026.0
1238,M,1935-09-01,63,OWNER,,74,Ostrava - mesto,north Moravia,323870,10673.0,5.0,18782.0,0,,0.0,,0.0,Sin Prestamo,Sin Prestamo,4,8166.0,2041.5,320,804348.0,751625.0,42034.55625,900.0,72294.0
1239,F,1976-09-09,22,OWNER,,11,Praha - zapad,central Bohemia,75637,9622.0,0.0,3475.0,0,,0.0,,0.0,Sin Prestamo,Sin Prestamo,0,0.0,,401,3713713.0,3613811.0,66853.648379,400.0,154149.0
1240,F,1976-08-24,22,OWNER,,32,Ceska Lipa,north Bohemia,105058,9272.0,3.0,4340.0,0,,0.0,,0.0,Sin Prestamo,Sin Prestamo,0,0.0,,26,56533.0,38400.0,25618.76923,1100.0,39468.0
1241,F,1942-12-17,56,OWNER,,73,Opava,north Moravia,182027,8746.0,3.0,4355.0,0,,0.0,,0.0,Sin Prestamo,Sin Prestamo,1,4219.0,4219.0,110,175185.0,150344.0,26909.663636,1100.0,42989.0
1242,F,1944-08-21,54,OWNER,,73,Opava,north Moravia,182027,8746.0,3.0,4355.0,0,,0.0,,0.0,Sin Prestamo,Sin Prestamo,2,7136.0,3568.0,125,424031.0,367601.0,46158.016,700.0,79727.0
1243,F,1974-10-05,24,OWNER,,11,Praha - zapad,central Bohemia,75637,9622.0,0.0,3475.0,0,,0.0,,0.0,Sin Prestamo,Sin Prestamo,1,4095.0,4095.0,199,926245.0,847995.0,55690.844221,600.0,88639.0
1244,M,1964-05-02,34,OWNER,,1,Hl.m. Praha,Prague,1204953,12541.0,0.0,85677.0,0,,0.0,,0.0,Sin Prestamo,Sin Prestamo,4,3221.0,805.25,171,441385.0,379733.0,58728.052631,500.0,84214.0
1245,M,1979-08-13,19,OWNER,,64,Zlin,south Moravia,197099,9624.0,2.0,4484.0,0,,0.0,,0.0,Sin Prestamo,Sin Prestamo,2,2147.0,1073.5,247,144986.0,123035.0,17451.445344,400.0,24500.0
1246,M,1962-11-19,36,OWNER,,70,Karvina,north Moravia,285387,10177.0,7.0,9878.0,0,,0.0,,0.0,Sin Prestamo,Sin Prestamo,0,0.0,,420,3030537.0,2925058.0,74788.02619,400.0,149189.0
1247,F,1969-10-09,29,DISPONENT,,70,Karvina,north Moravia,285387,10177.0,7.0,9878.0,0,,0.0,,0.0,Sin Prestamo,Sin Prestamo,0,0.0,,0,0.0,0.0,,,
1248,M,1971-06-24,27,OWNER,,19,Prachatice,south Bohemia,51428,8402.0,3.0,999.0,0,,0.0,,0.0,Sin Prestamo,Sin Prestamo,2,9350.0,4675.0,171,1087898.0,1045767.0,49366.68421,1000.0,127976.0
1250,F,1952-08-01,46,OWNER,,43,Hradec Kralove,east Bohemia,161854,9425.0,2.0,4085.0,0,,0.0,,0.0,Sin Prestamo,Sin Prestamo,0,0.0,,281,764065.0,714580.0,43701.825622,900.0,66650.0
1251,M,1959-05-30,39,OWNER,,1,Hl.m. Praha,Prague,1204953,12541.0,0.0,85677.0,0,,0.0,,0.0,Sin Prestamo,Sin Prestamo,1,6433.0,6433.0,78,430213.0,353981.0,62433.525641,1000.0,84823.0
1252,F,1953-08-19,45,DISPONENT,,1,Hl.m. Praha,Prague,1204953,12541.0,0.0,85677.0,0,,0.0,,0.0,Sin Prestamo,Sin Prestamo,0,0.0,,0,0.0,0.0,,,
1253,F,1967-08-28,31,OWNER,,14,Ceske Budejovice,south Bohemia,177686,10045.0,1.0,6604.0,0,,0.0,,0.0,Sin Prestamo,Sin Prestamo,2,3068.0,1534.0,242,626343.0,592124.0,37527.756198,500.0,63643.0
1254,F,1939-08-31,59,OWNER,,3,Beroun,central Bohemia,75232,8980.0,2.0,2824.0,0,,0.0,,0.0,Sin Prestamo,Sin Prestamo,1,1730.0,1730.0,170,205982.0,188425.0,19213.852941,800.0,29521.0
1255,F,1966-08-07,32,OWNER,,1,Hl.m. Praha,Prague,1204953,12541.0,0.0,85677.0,0,,0.0,,0.0,Sin Prestamo,Sin Prestamo,1,7399.0,7399.0,256,582439.0,543745.0,30430.683593,700.0,51107.0
1256,F,1955-11-13,43,OWNER,,46,Nachod,east Bohemia,112709,8369.0,2.0,2854.0,0,,0.0,,0.0,Sin Prestamo,Sin Prestamo,1,4339.0,4339.0,288,418831.0,385760.0,24240.927083,800.0,37589.0
1257,F,1928-09-01,70,OWNER,,35,Jablonec n. Nisou,north Bohemia,88768,8867.0,1.0,3384.0,0,,0.0,,0.0,Sin Prestamo,Sin Prestamo,1,3852.0,3852.0,344,413920.0,396981.0,18597.25,1100.0,32056.0
1258,M,1924-09-20,74,DISPONENT,,35,Jablonec n. Nisou,north Bohemia,88768,8867.0,1.0,3384.0,0,,0.0,,0.0,Sin Prestamo,Sin Prestamo,0,0.0,,0,0.0,0.0,,,
1259,M,1966-09-29,32,OWNER,,18,Pisek,south Bohemia,70699,8968.0,3.0,1740.0,0,,0.0,,0.0,Sin Prestamo,Sin Prestamo,2,2499.0,1249.5,69,68749.0,33452.0,29340.637681,500.0,36081.0
1260,F,1945-01-03,53,OWNER,,57,Hodonin,south Moravia,161954,8720.0,4.0,3729.0,0,,0.0,,0.0,Sin Prestamo,Sin Prestamo,1,5673.0,5673.0,421,1955138.0,1851410.0,47693.427553,1000.0,103728.0
1261,M,1951-09-28,47,DISPONENT,,57,Hodonin,south Moravia,161954,8720.0,4.0,3729.0,0,,0.0,,0.0,Sin Prestamo,Sin Prestamo,0,0.0,,0,0.0,0.0,,,
1262,M,1952-04-03,46,OWNER,,35,Jablonec n. Nisou,north Bohemia,88768,8867.0,1.0,3384.0,0,,0.0,,0.0,Sin Prestamo,Sin Prestamo,0,0.0,,296,890525.0,870155.0,36312.655405,800.0,61520.0
1263,F,1959-02-25,39,DISPONENT,,35,Jablonec n. Nisou,north Bohemia,88768,8867.0,1.0,3384.0,0,,0.0,,0.0,Sin Prestamo,Sin Prestamo,0,0.0,,0,0.0,0.0,,,
1264,F,1976-10-03,22,OWNER,,61,Trebic,south Moravia,117897,8814.0,5.0,2112.0,0,,0.0,,0.0,Sin Prestamo,Sin Prestamo,0,0.0,,282,472244.0,448285.0,26576.939716,200.0,77637.0
1265,F,1958-12-21,40,OWNER,,57,Hodonin,south Moravia,161954,8720.0,4.0,3729.0,0,,0.0,,0.0,Sin Prestamo,Sin Prestamo,2,3482.0,1741.0,366,617416.0,581570.0,26312.398907,700.0,44893.0
1266,F,1952-11-24,46,OWNER,,71,Novy Jicin,north Moravia,161227,8678.0,6.0,4980.0,0,,0.0,,0.0,Sin Prestamo,Sin Prestamo,1,4736.0,4736.0,403,763626.0,739231.0,28578.461538,800.0,46555.0
1267,F,1954-02-11,44,OWNER,,29,Rokycany,west Bohemia,45714,8843.0,3.0,818.0,0,,0.0,,0.0,Sin Prestamo,Sin Prestamo,1,2047.0,2047.0,101,75748.0,56195.0,17681.643564,600.0,23416.0
1268,M,1949-03-30,49,DISPONENT,,29,Rokycany,west Bohemia,45714,8843.0,3.0,818.0,0,,0.0,,0.0,Sin Prestamo,Sin Prestamo,0,0.0,,0,0.0,0.0,,,
1269,F,1948-12-31,50,OWNER,,1,Hl.m. Praha,Prague,1204953,12541.0,0.0,85677.0,0,,0.0,,0.0,Sin Prestamo,Sin Prestamo,2,8224.0,4112.0,79,338159.0,335896.0,30030.645569,1100.0,105251.0
1270,M,1930-05-16,68,OWNER,,13,Rakovnik,central Bohemia,53921,8598.0,3.0,1597.0,0,,0.0,,0.0,Sin Prestamo,Sin Prestamo,1,3090.0,3090.0,300,302362.0,276675.0,18561.163333,1000.0,31485.0
1271,M,1935-11-29,63,OWNER,,47,Pardubice,east Bohemia,162580,9538.0,2.0,6079.0,0,,0.0,,0.0,Sin Prestamo,Sin Prestamo,2,5169.0,2584.5,198,797817.0,715560.0,57397.570707,1000.0,86188.0
1272,M,1944-04-15,54,OWNER,,8,Mlada Boleslav,central Bohemia,112065,11277.0,1.0,5179.0,0,,0.0,,0.0,Sin Prestamo,Sin Prestamo,2,2146.0,1073.0,238,142004.0,127944.0,15527.042016,1100.0,23118.0
1273,M,1978-06-15,20,OWNER,,6,Kutna Hora,central Bohemia,77963,8546.0,3.0,2640.0,0,,0.0,,0.0,Sin Prestamo,Sin Prestamo,0,0.0,,39,146152.0,130300.0,32077.615384,800.0,72611.0
1274,M,1976-01-25,22,OWNER,,44,Chrudim,east Bohemia,105606,8254.0,3.0,2166.0,0,,0.0,,0.0,Sin Prestamo,Sin Prestamo,1,3790.0,3790.0,61,99417.0,86035.0,18513.196721,1000.0,32196.0
1275,F,1951-10-10,47,OWNER,,1,Hl.m. Praha,Prague,1204953,12541.0,0.0,85677.0,0,,0.0,,0.0,Sin Prestamo,Sin Prestamo,1,7844.0,7844.0,360,1647887.0,1617884.0,51014.038888,1000.0,87829.0
1276,F,1942-04-26,56,OWNER,,68,Frydek - Mistek,north Moravia,228848,9893.0,4.0,5623.0,0,,0.0,,0.0,Sin Prestamo,Sin Prestamo,0,0.0,,125,253422.0,164130.0,58807.792,200.0,89300.0
1277,M,1931-04-07,67,OWNER,,70,Karvina,north Moravia,285387,10177.0,7.0,9878.0,0,,0.0,,0.0,Sin Prestamo,Sin Prestamo,1,2918.0,2918.0,65,90914.0,66450.0,23569.184615,500.0,31827.0
1278,M,1978-09-12,20,OWNER,,72,Olomouc,north Moravia,226122,8994.0,4.0,9672.0,0,,0.0,,0.0,Sin Prestamo,Sin Prestamo,0,0.0,,350,430481.0,410260.0,29958.665714,400.0,65741.0
1279,M,1956-07-11,42,OWNER,,16,Jindrichuv Hradec,south Bohemia,93931,8427.0,1.0,1874.0,0,,0.0,,0.0,Sin Prestamo,Sin Prestamo,0,0.0,,165,1375041.0,1295693.0,72071.587878,900.0,145024.0
1280,M,1952-05-08,46,OWNER,,34,Chomutov,north Bohemia,125236,9675.0,6.0,5323.0,0,,0.0,,0.0,Sin Prestamo,Sin Prestamo,1,7811.0,7811.0,187,1458794.0,1386835.0,69916.540106,1000.0,146318.0
1281,F,1949-12-28,49,DISPONENT,,34,Chomutov,north Bohemia,125236,9675.0,6.0,5323.0,0,,0.0,,0.0,Sin Prestamo,Sin Prestamo,0,0.0,,0,0.0,0.0,,,
1282,M,1936-11-27,62,OWNER,,52,Usti nad Orlici,east Bohemia,139012,8363.0,3.0,2564.0,1,5169.0,253200.0,60.0,4220.0,C,Vigente,4,12862.0,3215.5,158,448709.0,418600.0,34852.120253,1000.0,96491.0
1283,F,1939-02-09,59,OWNER,,66,Zdar nad Sazavou,south Moravia,125832,8512.0,4.0,2247.0,0,,0.0,,0.0,Sin Prestamo,Sin Prestamo,1,3080.0,3080.0,306,305691.0,280490.0,17735.601307,700.0,26753.0
1284,M,1943-08-04,55,DISPONENT,,66,Zdar nad Sazavou,south Moravia,125832,8512.0,4.0,2247.0,0,,0.0,,0.0,Sin Prestamo,Sin Prestamo,0,0.0,,0,0.0,0.0,,,
1285,M,1939-11-26,59,OWNER,,62,Uherske Hradiste,south Moravia,145688,8544.0,1.0,2719.0,0,,0.0,,0.0,Sin Prestamo,Sin Prestamo,1,5116.0,5116.0,177,580482.0,543953.0,32127.570621,200.0,53992.0
1286,F,1950-03-13,48,OWNER,,52,Usti nad Orlici,east Bohemia,139012,8363.0,3.0,2564.0,1,5170.0,253200.0,60.0,4220.0,C,Vigente,1,4220.0,4220.0,393,1892925.0,1865314.0,47187.452926,800.0,133188.0
1287,F,1944-08-09,54,OWNER,,65,Znojmo,south Moravia,114200,8403.0,6.0,2157.0,0,,0.0,,0.0,Sin Prestamo,Sin Prestamo,1,3520.0,3520.0,58,181702.0,137185.0,32356.413793,400.0,57351.0
1288,M,1972-05-20,26,OWNER,,73,Opava,north Moravia,182027,8746.0,3.0,4355.0,0,,0.0,,0.0,Sin Prestamo,Sin Prestamo,1,3843.0,3843.0,337,566753.0,470837.0,45392.694362,1000.0,103225.0
1289,M,1946-09-18,52,OWNER,,59,Kromeriz,south Moravia,108871,8444.0,3.0,2595.0,0,,0.0,,0.0,Sin Prestamo,Sin Prestamo,1,1416.0,1416.0,148,758379.0,652790.0,67854.777027,1000.0,105596.0
1290,M,1976-01-29,22,OWNER,,35,Jablonec n. Nisou,north Bohemia,88768,8867.0,1.0,3384.0,0,,0.0,,0.0,Sin Prestamo,Sin Prestamo,2,4076.0,2038.0,255,355185.0,301544.0,36517.278431,800.0,59107.0
1291,F,1964-04-18,34,OWNER,,1,Hl.m. Praha,Prague,1204953,12541.0,0.0,85677.0,0,,0.0,,0.0,Sin Prestamo,Sin Prestamo,2,7087.0,3543.5,335,699752.0,616130.0,41816.277611,200.0,85941.0
1292,M,1977-04-28,21,OWNER,,14,Ceske Budejovice,south Bohemia,177686,10045.0,1.0,6604.0,0,,0.0,,0.0,Sin Prestamo,Sin Prestamo,0,0.0,,372,558879.0,460890.0,40085.774193,1000.0,98011.0
1293,M,1927-01-29,71,OWNER,,1,Hl.m. Praha,Prague,1204953,12541.0,0.0,85677.0,0,,0.0,,0.0,Sin Prestamo,Sin Prestamo,1,3423.0,3423.0,148,205148.0,176010.0,22086.756756,800.0,29352.0
1294,F,1930-05-29,68,DISPONENT,,1,Hl.m. Praha,Prague,1204953,12541.0,0.0,85677.0,0,,0.0,,0.0,Sin Prestamo,Sin Prestamo,0,0.0,,0,0.0,0.0,,,
1295,F,1944-02-09,54,OWNER,,74,Ostrava - mesto,north Moravia,323870,10673.0,5.0,18782.0,0,,0.0,,0.0,Sin Prestamo,Sin Prestamo,1,10392.0,10392.0,374,1899839.0,1825035.0,45695.430481,700.0,103468.0
1296,F,1959-08-01,39,OWNER,,55,Brno - venkov,south Moravia,157042,8743.0,2.0,3659.0,0,,0.0,,0.0,Sin Prestamo,Sin Prestamo,1,6185.0,6185.0,353,1602938.0,1499045.0,52899.855524,700.0,111580.0
1297,F,1918-01-28,80,OWNER,,64,Zlin,south Moravia,197099,9624.0,2.0,4484.0,0,,0.0,,0.0,Sin Prestamo,Sin Prestamo,1,2484.0,2484.0,103,110883.0,82161.0,21398.718446,800.0,29617.0
1298,M,1921-03-15,77,DISPONENT,,64,Zlin,south Moravia,197099,9624.0,2.0,4484.0,0,,0.0,,0.0,Sin Prestamo,Sin Prestamo,0,0.0,,0,0.0,0.0,,,
1299,F,1920-10-16,78,OWNER,,2,Benesov,central Bohemia,88884,8507.0,2.0,2159.0,0,,0.0,,0.0,Sin Prestamo,Sin Prestamo,1,2189.0,2189.0,133,157848.0,140589.0,16721.49624,300.0,26598.0
1300,M,1979-10-27,19,OWNER,,45,Jicin,east Bohemia,77917,8390.0,2.0,2080.0,1,5172.0,50976.0,36.0,1416.0,C,Vigente,4,8532.0,2133.0,192,347131.0,325354.0,26454.354166,400.0,48736.0
1303,F,1940-08-16,58,OWNER,,42,Havlickuv Brod,east Bohemia,95907,8388.0,2.0,1658.0,0,,0.0,,0.0,Sin Prestamo,Sin Prestamo,1,8537.0,8537.0,80,239957.0,180872.0,40481.35,13389.0,61356.0
1304,M,1936-07-28,62,OWNER,,37,Litomerice,north Bohemia,114006,9065.0,4.0,4147.0,0,,0.0,,0.0,Sin Prestamo,Sin Prestamo,3,1936.0,645.333333,183,89785.0,64575.0,17779.846994,700.0,26273.0
1305,F,1945-04-28,53,OWNER,,55,Brno - venkov,south Moravia,157042,8743.0,2.0,3659.0,0,,0.0,,0.0,Sin Prestamo,Sin Prestamo,0,0.0,,143,591228.0,513675.0,44726.153846,900.0,77560.0
1306,F,1922-10-08,76,OWNER,,32,Ceska Lipa,north Bohemia,105058,9272.0,3.0,4340.0,0,,0.0,,0.0,Sin Prestamo,Sin Prestamo,1,3032.0,3032.0,301,341671.0,314815.0,21500.850498,500.0,33303.0
1307,M,1953-04-08,45,OWNER,,74,Ostrava - mesto,north Moravia,323870,10673.0,5.0,18782.0,0,,0.0,,0.0,Sin Prestamo,Sin Prestamo,2,3718.0,1859.0,249,561962.0,547851.0,29052.562248,500.0,45743.0
1308,M,1954-02-18,44,OWNER,,69,Jesenik,north Moravia,42821,8173.0,,,0,,0.0,,0.0,Sin Prestamo,Sin Prestamo,1,3317.0,3317.0,144,217475.0,169689.0,39334.694444,1000.0,59616.0
1309,M,1975-06-17,23,OWNER,,1,Hl.m. Praha,Prague,1204953,12541.0,0.0,85677.0,0,,0.0,,0.0,Sin Prestamo,Sin Prestamo,0,0.0,,105,117703.0,26200.0,48652.257142,700.0,91521.0
1310,F,1977-09-24,21,OWNER,,41,Usti nad Labem,north Bohemia,118650,9832.0,3.0,6445.0,0,,0.0,,0.0,Sin Prestamo,Sin Prestamo,1,5664.0,5664.0,235,558142.0,538087.0,25302.93617,900.0,48616.0
1311,F,1956-12-18,42,OWNER,,54,Brno - mesto,south Moravia,387570,9897.0,2.0,18721.0,1,5174.0,385104.0,48.0,8023.0,C,Vigente,2,18284.0,9142.0,243,1836554.0,1796853.0,47677.127572,1000.0,121007.0
1312,F,1935-04-03,63,OWNER,,35,Jablonec n. Nisou,north Bohemia,88768,8867.0,1.0,3384.0,0,,0.0,,0.0,Sin Prestamo,Sin Prestamo,2,2155.0,1077.5,169,178102.0,160447.0,21534.846153,1000.0,33222.0
1313,M,1970-11-20,28,OWNER,,54,Brno - mesto,south Moravia,387570,9897.0,2.0,18721.0,0,,0.0,,0.0,Sin Prestamo,Sin Prestamo,4,7575.0,1893.75,139,414825.0,371725.0,51090.064748,400.0,72304.0
1314,F,1975-06-09,23,DISPONENT,,54,Brno - mesto,south Moravia,387570,9897.0,2.0,18721.0,0,,0.0,,0.0,Sin Prestamo,Sin Prestamo,0,0.0,,0,0.0,0.0,,,
1315,M,1923-02-26,75,OWNER,,34,Chomutov,north Bohemia,125236,9675.0,6.0,5323.0,0,,0.0,,0.0,Sin Prestamo,Sin Prestamo,1,3488.0,3488.0,108,143910.0,118411.0,22177.157407,400.0,29913.0
1316,F,1946-11-13,52,OWNER,,67,Bruntal,north Moravia,106054,8110.0,6.0,3244.0,0,,0.0,,0.0,Sin Prestamo,Sin Prestamo,4,9125.0,2281.25,247,657364.0,561970.0,45495.344129,1000.0,97800.0
1317,M,1945-05-18,53,DISPONENT,,67,Bruntal,north Moravia,106054,8110.0,6.0,3244.0,0,,0.0,,0.0,Sin Prestamo,Sin Prestamo,0,0.0,,0,0.0,0.0,,,
1318,M,1931-03-10,67,OWNER,,47,Pardubice,east Bohemia,162580,9538.0,2.0,6079.0,0,,0.0,,0.0,Sin Prestamo,Sin Prestamo,2,1626.0,813.0,339,353840.0,293501.0,27270.648967,600.0,62585.0
1321,F,1977-11-09,21,OWNER,,35,Jablonec n. Nisou,north Bohemia,88768,8867.0,1.0,3384.0,0,,0.0,,0.0,Sin Prestamo,Sin Prestamo,3,2159.0,719.666666,156,89434.0,75175.0,13437.814102,700.0,18190.0
1322,F,1945-09-22,53,OWNER,,4,Kladno,central Bohemia,149893,9753.0,5.0,5244.0,0,,0.0,,0.0,Sin Prestamo,Sin Prestamo,1,7553.0,7553.0,69,358405.0,315360.0,35052.608695,400.0,64523.0
1323,M,1944-01-06,54,OWNER,,70,Karvina,north Moravia,285387,10177.0,7.0,9878.0,0,,0.0,,0.0,Sin Prestamo,Sin Prestamo,1,3559.0,3559.0,182,296257.0,243666.0,26461.587912,700.0,52604.0
1324,F,1956-08-07,42,OWNER,,66,Zdar nad Sazavou,south Moravia,125832,8512.0,4.0,2247.0,0,,0.0,,0.0,Sin Prestamo,Sin Prestamo,0,0.0,,189,964415.0,933155.0,42766.275132,16416.0,76017.0
1325,M,1945-09-19,53,OWNER,,39,Most,north Bohemia,119895,10446.0,7.0,4947.0,0,,0.0,,0.0,Sin Prestamo,Sin Prestamo,1,8840.0,8840.0,204,641054.0,590145.0,41578.784313,800.0,76519.0
1326,F,1956-05-12,42,OWNER,,55,Brno - venkov,south Moravia,157042,8743.0,2.0,3659.0,0,,0.0,,0.0,Sin Prestamo,Sin Prestamo,2,5854.0,2927.0,308,507201.0,463597.0,23571.477272,500.0,52000.0
1327,F,1963-12-31,35,OWNER,False,20,Strakonice,south Bohemia,70646,8547.0,3.0,1563.0,1,5176.0,192552.0,24.0,8023.0,B,Cerrado,1,8023.0,8023.0,379,1772925.0,1772007.0,37400.728232,-10979.0,153689.0
1328,F,1937-06-05,61,OWNER,,42,Havlickuv Brod,east Bohemia,95907,8388.0,2.0,1658.0,0,,0.0,,0.0,Sin Prestamo,Sin Prestamo,1,1746.0,1746.0,354,416809.0,383335.0,28189.960451,800.0,40091.0
1329,M,1918-02-16,80,OWNER,,26,Plzen - mesto,west Bohemia,170449,10787.0,3.0,6041.0,0,,0.0,,0.0,Sin Prestamo,Sin Prestamo,2,2366.0,1183.0,241,220546.0,164131.0,38589.410788,1000.0,58224.0
1330,M,1968-09-17,30,OWNER,,66,Zdar nad Sazavou,south Moravia,125832,8512.0,4.0,2247.0,0,,0.0,,0.0,Sin Prestamo,Sin Prestamo,0,0.0,,238,987772.0,924215.0,49164.613445,600.0,78151.0
1331,M,1963-11-24,35,OWNER,,54,Brno - mesto,south Moravia,387570,9897.0,2.0,18721.0,0,,0.0,,0.0,Sin Prestamo,Sin Prestamo,1,5427.0,5427.0,91,282633.0,216431.0,31925.318681,300.0,72261.0
1332,F,1957-11-27,41,OWNER,,5,Kolin,central Bohemia,95616,9307.0,4.0,2616.0,0,,0.0,,0.0,Sin Prestamo,Sin Prestamo,1,3962.0,3962.0,182,772652.0,727813.0,42480.961538,400.0,72051.0
1333,M,1949-04-20,49,OWNER,,48,Rychnov nad Kneznou,east Bohemia,78955,9060.0,2.0,1655.0,0,,0.0,,0.0,Sin Prestamo,Sin Prestamo,0,0.0,,227,972895.0,888430.0,57808.46696,900.0,113905.0
1334,M,1978-02-06,20,OWNER,,8,Mlada Boleslav,central Bohemia,112065,11277.0,1.0,5179.0,0,,0.0,,0.0,Sin Prestamo,Sin Prestamo,2,5646.0,2823.0,164,308402.0,244031.0,38139.920731,1100.0,65921.0
1335,F,1961-01-25,37,OWNER,,1,Hl.m. Praha,Prague,1204953,12541.0,0.0,85677.0,0,,0.0,,0.0,Sin Prestamo,Sin Prestamo,1,3350.0,3350.0,324,1565290.0,1481939.0,38207.99074,300.0,142371.0
1336,M,1962-11-04,36,DISPONENT,,1,Hl.m. Praha,Prague,1204953,12541.0,0.0,85677.0,0,,0.0,,0.0,Sin Prestamo,Sin Prestamo,0,0.0,,0,0.0,0.0,,,
1337,F,1979-03-29,19,OWNER,,56,Breclav,south Moravia,124605,8772.0,5.0,2854.0,0,,0.0,,0.0,Sin Prestamo,Sin Prestamo,1,2293.0,2293.0,337,242558.0,218772.0,17495.991097,300.0,25710.0
1338,M,1983-07-26,15,DISPONENT,,56,Breclav,south Moravia,124605,8772.0,5.0,2854.0,0,,0.0,,0.0,Sin Prestamo,Sin Prestamo,0,0.0,,0,0.0,0.0,,,
1339,M,1959-05-04,39,OWNER,,22,Domazlice,west Bohemia,58400,8620.0,1.0,1089.0,0,,0.0,,0.0,Sin Prestamo,Sin Prestamo,1,8086.0,8086.0,358,910534.0,859046.0,38568.681564,900.0,62748.0
1340,F,1939-03-20,59,OWNER,,68,Frydek - Mistek,north Moravia,228848,9893.0,4.0,5623.0,0,,0.0,,0.0,Sin Prestamo,Sin Prestamo,2,2715.0,1357.5,150,152779.0,132175.0,19963.746666,400.0,29039.0
1341,F,1962-06-17,36,OWNER,,69,Jesenik,north Moravia,42821,8173.0,,,0,,0.0,,0.0,Sin Prestamo,Sin Prestamo,2,5025.0,2512.5,399,568530.0,528105.0,25068.203007,200.0,46241.0
1343,F,1939-08-16,59,OWNER,,1,Hl.m. Praha,Prague,1204953,12541.0,0.0,85677.0,0,,0.0,,0.0,Sin Prestamo,Sin Prestamo,2,2703.0,1351.5,360,342186.0,312739.0,20404.125,900.0,33703.0
1344,M,1935-02-18,63,DISPONENT,,1,Hl.m. Praha,Prague,1204953,12541.0,0.0,85677.0,0,,0.0,,0.0,Sin Prestamo,Sin Prestamo,0,0.0,,0,0.0,0.0,,,
1345,M,1968-05-22,30,OWNER,,32,Ceska Lipa,north Bohemia,105058,9272.0,3.0,4340.0,0,,0.0,,0.0,Sin Prestamo,Sin Prestamo,0,0.0,,158,634882.0,552505.0,50725.506329,800.0,85002.0
1346,M,1954-08-29,44,OWNER,,13,Rakovnik,central Bohemia,53921,8598.0,3.0,1597.0,0,,0.0,,0.0,Sin Prestamo,Sin Prestamo,0,0.0,,184,429318.0,416125.0,24315.684782,500.0,50091.0
1347,M,1970-03-06,28,OWNER,,13,Rakovnik,central Bohemia,53921,8598.0,3.0,1597.0,0,,0.0,,0.0,Sin Prestamo,Sin Prestamo,2,9112.0,4556.0,405,1110657.0,1078591.0,31797.686419,400.0,58965.0
1348,F,1975-06-07,23,DISPONENT,,13,Rakovnik,central Bohemia,53921,8598.0,3.0,1597.0,0,,0.0,,0.0,Sin Prestamo,Sin Prestamo,0,0.0,,0,0.0,0.0,,,
1349,F,1968-01-07,30,OWNER,,26,Plzen - mesto,west Bohemia,170449,10787.0,3.0,6041.0,0,,0.0,,0.0,Sin Prestamo,Sin Prestamo,3,8583.0,2861.0,261,1680068.0,1603435.0,61667.306513,900.0,136665.0
1350,M,1959-04-28,39,OWNER,,1,Hl.m. Praha,Prague,1204953,12541.0,0.0,85677.0,0,,0.0,,0.0,Sin Prestamo,Sin Prestamo,4,19961.0,4990.25,120,732420.0,686209.0,52490.608333,900.0,152858.0
1351,F,1951-09-24,47,DISPONENT,,1,Hl.m. Praha,Prague,1204953,12541.0,0.0,85677.0,0,,0.0,,0.0,Sin Prestamo,Sin Prestamo,0,0.0,,0,0.0,0.0,,,
1352,F,1971-04-01,27,OWNER,,54,Brno - mesto,south Moravia,387570,9897.0,2.0,18721.0,0,,0.0,,0.0,Sin Prestamo,Sin Prestamo,1,2791.0,2791.0,396,463257.0,409575.0,39184.90404,1100.0,61600.0
1353,M,1959-02-13,39,OWNER,,27,Plzen - jih,west Bohemia,67298,8561.0,1.0,1029.0,0,,0.0,,0.0,Sin Prestamo,Sin Prestamo,1,6260.0,6260.0,412,1816152.0,1763710.0,62634.021844,600.0,119594.0
1354,M,1921-01-14,77,OWNER,,64,Zlin,south Moravia,197099,9624.0,2.0,4484.0,0,,0.0,,0.0,Sin Prestamo,Sin Prestamo,1,2070.0,2070.0,311,386512.0,325240.0,36842.771704,400.0,66388.0
1355,F,1976-02-01,22,OWNER,,35,Jablonec n. Nisou,north Bohemia,88768,8867.0,1.0,3384.0,0,,0.0,,0.0,Sin Prestamo,Sin Prestamo,2,6689.0,3344.5,310,1238897.0,1177948.0,45052.351612,600.0,91649.0
1356,M,1932-09-18,66,OWNER,,1,Hl.m. Praha,Prague,1204953,12541.0,0.0,85677.0,0,,0.0,,0.0,Sin Prestamo,Sin Prestamo,1,2241.0,2241.0,90,127528.0,89125.0,33825.911111,200.0,42810.0
1359,F,1951-09-04,47,OWNER,,1,Hl.m. Praha,Prague,1204953,12541.0,0.0,85677.0,0,,0.0,,0.0,Sin Prestamo,Sin Prestamo,0,0.0,,414,3728418.0,3658026.0,67311.166666,1000.0,146475.0
1360,M,1946-08-19,52,DISPONENT,,1,Hl.m. Praha,Prague,1204953,12541.0,0.0,85677.0,0,,0.0,,0.0,Sin Prestamo,Sin Prestamo,0,0.0,,0,0.0,0.0,,,
1361,F,1922-09-29,76,OWNER,,1,Hl.m. Praha,Prague,1204953,12541.0,0.0,85677.0,0,,0.0,,0.0,Sin Prestamo,Sin Prestamo,2,2998.0,1499.0,328,283834.0,263934.0,16451.125,900.0,24429.0
1362,M,1929-01-03,69,DISPONENT,,1,Hl.m. Praha,Prague,1204953,12541.0,0.0,85677.0,0,,0.0,,0.0,Sin Prestamo,Sin Prestamo,0,0.0,,0,0.0,0.0,,,
1363,F,1979-12-27,19,OWNER,,6,Kutna Hora,central Bohemia,77963,8546.0,3.0,2640.0,0,,0.0,,0.0,Sin Prestamo,Sin Prestamo,2,7980.0,3990.0,454,944069.0,904648.0,23387.409691,400.0,51583.0
1364,M,1933-12-28,65,OWNER,,1,Hl.m. Praha,Prague,1204953,12541.0,0.0,85677.0,0,,0.0,,0.0,Sin Prestamo,Sin Prestamo,1,1735.0,1735.0,210,214387.0,167495.0,29697.15238,500.0,51501.0
1365,F,1938-02-23,60,DISPONENT,,1,Hl.m. Praha,Prague,1204953,12541.0,0.0,85677.0,0,,0.0,,0.0,Sin Prestamo,Sin Prestamo,0,0.0,,0,0.0,0.0,,,
1366,F,1980-03-02,18,OWNER,,12,Pribram,central Bohemia,107870,8754.0,4.0,3804.0,0,,0.0,,0.0,Sin Prestamo,Sin Prestamo,3,12215.0,4071.666666,438,2185202.0,2110029.0,43189.0,900.0,99018.0
1367,F,1965-10-27,33,OWNER,,60,Prostejov,south Moravia,110643,8441.0,3.0,1879.0,0,,0.0,,0.0,Sin Prestamo,Sin Prestamo,1,2121.0,2121.0,166,117619.0,97096.0,15841.783132,900.0,21141.0
1368,M,1957-12-30,41,DISPONENT,,60,Prostejov,south Moravia,110643,8441.0,3.0,1879.0,0,,0.0,,0.0,Sin Prestamo,Sin Prestamo,0,0.0,,0,0.0,0.0,,,
1369,M,1978-10-23,20,OWNER,,41,Usti nad Labem,north Bohemia,118650,9832.0,3.0,6445.0,0,,0.0,,0.0,Sin Prestamo,Sin Prestamo,0,0.0,,29,51618.0,33600.0,18839.275862,1000.0,32617.0
1370,F,1965-01-11,33,OWNER,,34,Chomutov,north Bohemia,125236,9675.0,6.0,5323.0,0,,0.0,,0.0,Sin Prestamo,Sin Prestamo,5,10248.0,2049.6,266,1505198.0,1415749.0,69995.988721,900.0,183702.0
1371,F,1948-10-22,50,OWNER,,49,Semily,east Bohemia,75685,8208.0,2.0,1660.0,0,,0.0,,0.0,Sin Prestamo,Sin Prestamo,1,2790.0,2790.0,63,93201.0,50725.0,29382.523809,800.0,46782.0
1372,F,1976-12-07,22,OWNER,,28,Plzen - sever,west Bohemia,72541,8594.0,2.0,1580.0,0,,0.0,,0.0,Sin Prestamo,Sin Prestamo,3,2183.0,727.666666,151,94195.0,79109.0,20077.708609,600.0,31266.0
1373,F,1975-02-08,23,OWNER,,74,Ostrava - mesto,north Moravia,323870,10673.0,5.0,18782.0,0,,0.0,,0.0,Sin Prestamo,Sin Prestamo,1,2077.0,2077.0,211,164056.0,138366.0,20534.388625,600.0,30656.0
1375,M,1977-01-27,21,OWNER,,69,Jesenik,north Moravia,42821,8173.0,,,0,,0.0,,0.0,Sin Prestamo,Sin Prestamo,1,2250.0,2250.0,349,244826.0,220550.0,18602.899713,200.0,28250.0
1376,M,1958-09-03,40,OWNER,,18,Pisek,south Bohemia,70699,8968.0,3.0,1740.0,0,,0.0,,0.0,Sin Prestamo,Sin Prestamo,2,1947.0,973.5,381,198575.0,171512.0,18238.695538,900.0,27637.0
1377,F,1951-07-23,47,DISPONENT,,18,Pisek,south Bohemia,70699,8968.0,3.0,1740.0,0,,0.0,,0.0,Sin Prestamo,Sin Prestamo,0,0.0,,0,0.0,0.0,,,
1378,F,1941-11-25,57,OWNER,,74,Ostrava - mesto,north Moravia,323870,10673.0,5.0,18782.0,0,,0.0,,0.0,Sin Prestamo,Sin Prestamo,2,4821.0,2410.5,428,1554389.0,1486369.0,65281.7757,1100.0,120704.0
1379,M,1937-02-18,61,DISPONENT,,74,Ostrava - mesto,north Moravia,323870,10673.0,5.0,18782.0,0,,0.0,,0.0,Sin Prestamo,Sin Prestamo,0,0.0,,0,0.0,0.0,,,
1380,F,1953-07-29,45,OWNER,,44,Chrudim,east Bohemia,105606,8254.0,3.0,2166.0,0,,0.0,,0.0,Sin Prestamo,Sin Prestamo,0,0.0,,341,1696677.0,1641565.0,51391.970674,400.0,85935.0
1382,F,1979-11-23,19,OWNER,,18,Pisek,south Bohemia,70699,8968.0,3.0,1740.0,0,,0.0,,0.0,Sin Prestamo,Sin Prestamo,0,0.0,,93,182427.0,155405.0,35393.935483,200.0,75460.0
1383,M,1982-10-05,16,OWNER,,29,Rokycany,west Bohemia,45714,8843.0,3.0,818.0,0,,0.0,,0.0,Sin Prestamo,Sin Prestamo,0,0.0,,62,85741.0,38650.0,21352.129032,1100.0,67985.0
1384,F,1953-04-24,45,OWNER,,40,Teplice,north Bohemia,128118,9317.0,6.0,6949.0,0,,0.0,,0.0,Sin Prestamo,Sin Prestamo,1,3263.0,3263.0,250,1105868.0,1007986.0,67363.808,300.0,114558.0
1385,M,1953-08-30,45,OWNER,,22,Domazlice,west Bohemia,58400,8620.0,1.0,1089.0,0,,0.0,,0.0,Sin Prestamo,Sin Prestamo,1,2186.0,2186.0,330,228189.0,207489.0,17305.966666,800.0,25659.0
1386,F,1956-08-09,42,DISPONENT,,22,Domazlice,west Bohemia,58400,8620.0,1.0,1089.0,0,,0.0,,0.0,Sin Prestamo,Sin Prestamo,0,0.0,,0,0.0,0.0,,,
1387,F,1977-02-22,21,OWNER,,1,Hl.m. Praha,Prague,1204953,12541.0,0.0,85677.0,0,,0.0,,0.0,Sin Prestamo,Sin Prestamo,2,5951.0,2975.5,381,794495.0,738330.0,26421.115485,200.0,63950.0
1388,F,1962-09-06,36,OWNER,,5,Kolin,central Bohemia,95616,9307.0,4.0,2616.0,0,,0.0,,0.0,Sin Prestamo,Sin Prestamo,1,3475.0,3475.0,124,923169.0,870440.0,66419.48387,400.0,133387.0
1389,F,1927-03-04,71,OWNER,,43,Hradec Kralove,east Bohemia,161854,9425.0,2.0,4085.0,0,,0.0,,0.0,Sin Prestamo,Sin Prestamo,1,2260.0,2260.0,131,164496.0,146610.0,24284.625954,1100.0,36553.0
1390,F,1979-05-27,19,OWNER,,59,Kromeriz,south Moravia,108871,8444.0,3.0,2595.0,0,,0.0,,0.0,Sin Prestamo,Sin Prestamo,0,0.0,,49,291574.0,205120.0,61589.959183,300.0,88203.0
1391,M,1965-11-22,33,OWNER,,41,Usti nad Labem,north Bohemia,118650,9832.0,3.0,6445.0,0,,0.0,,0.0,Sin Prestamo,Sin Prestamo,0,0.0,,326,450327.0,418760.0,32588.874233,700.0,48579.0
1392,M,1932-02-06,66,OWNER,,50,Svitavy,east Bohemia,102609,8187.0,5.0,2123.0,0,,0.0,,0.0,Sin Prestamo,Sin Prestamo,1,2171.0,2171.0,310,369297.0,327662.0,32917.158064,200.0,55819.0
1393,F,1934-05-01,64,DISPONENT,,50,Svitavy,east Bohemia,102609,8187.0,5.0,2123.0,0,,0.0,,0.0,Sin Prestamo,Sin Prestamo,0,0.0,,0,0.0,0.0,,,
1394,F,1942-08-22,56,OWNER,,49,Semily,east Bohemia,75685,8208.0,2.0,1660.0,0,,0.0,,0.0,Sin Prestamo,Sin Prestamo,1,6470.0,6470.0,336,736308.0,703915.0,34929.122023,400.0,56366.0
1395,M,1941-10-18,57,DISPONENT,,49,Semily,east Bohemia,75685,8208.0,2.0,1660.0,0,,0.0,,0.0,Sin Prestamo,Sin Prestamo,0,0.0,,0,0.0,0.0,,,
1396,F,1946-03-14,52,OWNER,,39,Most,north Bohemia,119895,10446.0,7.0,4947.0,0,,0.0,,0.0,Sin Prestamo,Sin Prestamo,2,3658.0,1829.0,204,920205.0,857254.0,60374.166666,1000.0,113102.0
1397,F,1921-12-25,77,OWNER,,66,Zdar nad Sazavou,south Moravia,125832,8512.0,4.0,2247.0,0,,0.0,,0.0,Sin Prestamo,Sin Prestamo,1,3947.0,3947.0,322,409578.0,367753.0,23466.798136,600.0,49283.0
1401,M,1981-07-24,17,OWNER,,35,Jablonec n. Nisou,north Bohemia,88768,8867.0,1.0,3384.0,0,,0.0,,0.0,Sin Prestamo,Sin Prestamo,0,0.0,,369,447614.0,425555.0,33406.327913,300.0,72225.0
1402,M,1936-11-25,62,OWNER,,44,Chrudim,east Bohemia,105606,8254.0,3.0,2166.0,0,,0.0,,0.0,Sin Prestamo,Sin Prestamo,1,8270.0,8270.0,102,312504.0,284820.0,16886.294117,900.0,44759.0
1403,F,1944-01-02,54,DISPONENT,,44,Chrudim,east Bohemia,105606,8254.0,3.0,2166.0,0,,0.0,,0.0,Sin Prestamo,Sin Prestamo,0,0.0,,0,0.0,0.0,,,
1404,F,1968-12-20,30,OWNER,True,11,Praha - zapad,central Bohemia,75637,9622.0,0.0,3475.0,1,5189.0,149040.0,48.0,3105.0,A,Cerrado,2,7502.0,3751.0,447,1397760.0,1355135.0,37200.393736,200.0,64577.0
1406,F,1948-11-12,50,OWNER,,29,Rokycany,west Bohemia,45714,8843.0,3.0,818.0,0,,0.0,,0.0,Sin Prestamo,Sin Prestamo,4,4358.0,1089.5,415,544117.0,526203.0,23099.725301,400.0,42586.0
1407,M,1941-08-04,57,DISPONENT,,29,Rokycany,west Bohemia,45714,8843.0,3.0,818.0,0,,0.0,,0.0,Sin Prestamo,Sin Prestamo,0,0.0,,0,0.0,0.0,,,
1408,M,1969-08-07,29,OWNER,,49,Semily,east Bohemia,75685,8208.0,2.0,1660.0,0,,0.0,,0.0,Sin Prestamo,Sin Prestamo,2,8339.0,4169.5,424,2092923.0,1994657.0,50725.924528,1000.0,144963.0
1409,M,1951-04-30,47,OWNER,,25,Klatovy,west Bohemia,88757,8554.0,2.0,1822.0,0,,0.0,,0.0,Sin Prestamo,Sin Prestamo,2,15336.0,7668.0,189,886137.0,857549.0,41952.677248,200.0,84628.0
1410,M,1944-02-03,54,OWNER,,18,Pisek,south Bohemia,70699,8968.0,3.0,1740.0,0,,0.0,,0.0,Sin Prestamo,Sin Prestamo,1,7893.0,7893.0,54,224834.0,172209.0,37380.203703,800.0,62717.0
1411,F,1939-08-06,59,DISPONENT,,18,Pisek,south Bohemia,70699,8968.0,3.0,1740.0,0,,0.0,,0.0,Sin Prestamo,Sin Prestamo,0,0.0,,0,0.0,0.0,,,
1412,M,1979-11-05,19,OWNER,,6,Kutna Hora,central Bohemia,77963,8546.0,3.0,2640.0,0,,0.0,,0.0,Sin Prestamo,Sin Prestamo,0,0.0,,26,94348.0,82500.0,22251.653846,300.0,61304.0
1413,F,1969-07-16,29,OWNER,,11,Praha - zapad,central Bohemia,75637,9622.0,0.0,3475.0,0,,0.0,,0.0,Sin Prestamo,Sin Prestamo,2,2302.0,1151.0,144,95010.0,85396.0,15096.618055,400.0,20149.0
1414,F,1974-11-13,24,OWNER,,70,Karvina,north Moravia,285387,10177.0,7.0,9878.0,0,,0.0,,0.0,Sin Prestamo,Sin Prestamo,3,4731.0,1577.0,343,1085645.0,1004360.0,59119.635568,900.0,102450.0
1416,M,1927-12-02,71,OWNER,,19,Prachatice,south Bohemia,51428,8402.0,3.0,999.0,0,,0.0,,0.0,Sin Prestamo,Sin Prestamo,1,2267.0,2267.0,111,120971.0,108062.0,15692.252252,1100.0,27718.0
1417,F,1966-11-12,32,OWNER,,27,Plzen - jih,west Bohemia,67298,8561.0,1.0,1029.0,0,,0.0,,0.0,Sin Prestamo,Sin Prestamo,3,10346.0,3448.666666,68,270471.0,230986.0,31171.867647,1100.0,61347.0
1418,F,1974-06-16,24,OWNER,,41,Usti nad Labem,north Bohemia,118650,9832.0,3.0,6445.0,0,,0.0,,0.0,Sin Prestamo,Sin Prestamo,1,5639.0,5639.0,109,458856.0,406110.0,44156.935779,900.0,71239.0
1419,F,1918-01-25,80,OWNER,,74,Ostrava - mesto,north Moravia,323870,10673.0,5.0,18782.0,0,,0.0,,0.0,Sin Prestamo,Sin Prestamo,1,2808.0,2808.0,332,304834.0,287278.0,17679.487951,700.0,27872.0
1420,M,1916-01-20,82,DISPONENT,,74,Ostrava - mesto,north Moravia,323870,10673.0,5.0,18782.0,0,,0.0,,0.0,Sin Prestamo,Sin Prestamo,0,0.0,,0,0.0,0.0,,,
1421,F,1956-02-10,42,OWNER,,20,Strakonice,south Bohemia,70646,8547.0,3.0,1563.0,0,,0.0,,0.0,Sin Prestamo,Sin Prestamo,0,0.0,,330,1130304.0,1045950.0,46089.366666,500.0,103186.0
1422,F,1976-02-23,22,OWNER,,69,Jesenik,north Moravia,42821,8173.0,,,0,,0.0,,0.0,Sin Prestamo,Sin Prestamo,3,3870.0,1290.0,106,131422.0,118505.0,22610.471698,200.0,36785.0
1423,M,1982-04-11,16,DISPONENT,,69,Jesenik,north Moravia,42821,8173.0,,,0,,0.0,,0.0,Sin Prestamo,Sin Prestamo,0,0.0,,0,0.0,0.0,,,
1424,M,1952-01-05,46,OWNER,,8,Mlada Boleslav,central Bohemia,112065,11277.0,1.0,5179.0,0,,0.0,,0.0,Sin Prestamo,Sin Prestamo,1,1663.0,1663.0,99,413902.0,367653.0,42113.131313,700.0,71541.0
1425,M,1968-08-27,30,OWNER,,12,Pribram,central Bohemia,107870,8754.0,4.0,3804.0,0,,0.0,,0.0,Sin Prestamo,Sin Prestamo,2,2928.0,1464.0,268,260400.0,246022.0,28713.634328,700.0,39814.0
1426,F,1964-04-30,34,DISPONENT,,12,Pribram,central Bohemia,107870,8754.0,4.0,3804.0,0,,0.0,,0.0,Sin Prestamo,Sin Prestamo,0,0.0,,0,0.0,0.0,,,
1427,F,1965-12-16,33,OWNER,,14,Ceske Budejovice,south Bohemia,177686,10045.0,1.0,6604.0,0,,0.0,,0.0,Sin Prestamo,Sin Prestamo,0,0.0,,299,2281308.0,2186526.0,59551.742474,700.0,109566.0
1428,M,1920-04-23,78,OWNER,,12,Pribram,central Bohemia,107870,8754.0,4.0,3804.0,0,,0.0,,0.0,Sin Prestamo,Sin Prestamo,2,2830.0,1415.0,85,78082.0,57365.0,17001.341176,700.0,25266.0
1429,F,1927-09-04,71,DISPONENT,,12,Pribram,central Bohemia,107870,8754.0,4.0,3804.0,0,,0.0,,0.0,Sin Prestamo,Sin Prestamo,0,0.0,,0,0.0,0.0,,,
1430,F,1982-05-29,16,OWNER,,64,Zlin,south Moravia,197099,9624.0,2.0,4484.0,0,,0.0,,0.0,Sin Prestamo,Sin Prestamo,0,0.0,,70,119661.0,84500.0,32569.657142,600.0,61465.0
1431,F,1930-11-08,68,OWNER,,55,Brno - venkov,south Moravia,157042,8743.0,2.0,3659.0,0,,0.0,,0.0,Sin Prestamo,Sin Prestamo,1,2288.0,2288.0,148,184577.0,165040.0,30960.547297,1000.0,45258.0
1432,F,1961-08-17,37,OWNER,,16,Jindrichuv Hradec,south Bohemia,93931,8427.0,1.0,1874.0,0,,0.0,,0.0,Sin Prestamo,Sin Prestamo,1,4421.0,4421.0,151,250094.0,214825.0,29689.423841,800.0,43161.0
1433,F,1959-07-10,39,OWNER,,72,Olomouc,north Moravia,226122,8994.0,4.0,9672.0,0,,0.0,,0.0,Sin Prestamo,Sin Prestamo,2,2288.0,1144.0,404,243825.0,212462.0,23274.559405,600.0,33494.0
1434,M,1967-03-25,31,DISPONENT,,72,Olomouc,north Moravia,226122,8994.0,4.0,9672.0,0,,0.0,,0.0,Sin Prestamo,Sin Prestamo,0,0.0,,0,0.0,0.0,,,
1435,M,1953-06-25,45,OWNER,,52,Usti nad Orlici,east Bohemia,139012,8363.0,3.0,2564.0,0,,0.0,,0.0,Sin Prestamo,Sin Prestamo,1,8249.0,8249.0,144,392133.0,368357.0,26698.902777,500.0,49499.0
1438,F,1963-10-25,35,OWNER,,29,Rokycany,west Bohemia,45714,8843.0,3.0,818.0,0,,0.0,,0.0,Sin Prestamo,Sin Prestamo,0,0.0,,143,419431.0,374905.0,44923.468531,200.0,65917.0
1439,M,1974-09-10,24,OWNER,,29,Rokycany,west Bohemia,45714,8843.0,3.0,818.0,0,,0.0,,0.0,Sin Prestamo,Sin Prestamo,1,7334.0,7334.0,324,959270.0,927989.0,29448.382716,200.0,53669.0
1440,M,1978-01-17,20,OWNER,,1,Hl.m. Praha,Prague,1204953,12541.0,0.0,85677.0,0,,0.0,,0.0,Sin Prestamo,Sin Prestamo,1,3171.0,3171.0,332,1364822.0,1284166.0,47846.876506,500.0,80672.0
1441,F,1931-12-05,67,OWNER,,42,Havlickuv Brod,east Bohemia,95907,8388.0,2.0,1658.0,0,,0.0,,0.0,Sin Prestamo,Sin Prestamo,2,2343.0,1171.5,127,152588.0,119292.0,28979.874015,800.0,38424.0
1442,M,1933-04-18,65,DISPONENT,,42,Havlickuv Brod,east Bohemia,95907,8388.0,2.0,1658.0,0,,0.0,,0.0,Sin Prestamo,Sin Prestamo,0,0.0,,0,0.0,0.0,,,
1443,M,1935-01-25,63,OWNER,,29,Rokycany,west Bohemia,45714,8843.0,3.0,818.0,0,,0.0,,0.0,Sin Prestamo,Sin Prestamo,1,12445.0,12445.0,194,1272537.0,1203932.0,59505.350515,800.0,152656.0
1444,F,1942-07-14,56,DISPONENT,,29,Rokycany,west Bohemia,45714,8843.0,3.0,818.0,0,,0.0,,0.0,Sin Prestamo,Sin Prestamo,0,0.0,,0,0.0,0.0,,,
1445,M,1941-07-24,57,OWNER,,68,Frydek - Mistek,north Moravia,228848,9893.0,4.0,5623.0,0,,0.0,,0.0,Sin Prestamo,Sin Prestamo,1,2582.0,2582.0,380,317674.0,271283.0,32837.686842,1000.0,49539.0
1446,M,1954-07-29,44,OWNER,,70,Karvina,north Moravia,285387,10177.0,7.0,9878.0,0,,0.0,,0.0,Sin Prestamo,Sin Prestamo,0,0.0,,100,440985.0,384458.0,35053.0,1100.0,68774.0
1447,F,1952-06-21,46,DISPONENT,,70,Karvina,north Moravia,285387,10177.0,7.0,9878.0,0,,0.0,,0.0,Sin Prestamo,Sin Prestamo,0,0.0,,0,0.0,0.0,,,
1448,F,1957-10-09,41,OWNER,,50,Svitavy,east Bohemia,102609,8187.0,5.0,2123.0,0,,0.0,,0.0,Sin Prestamo,Sin Prestamo,2,2710.0,1355.0,127,151675.0,108730.0,34062.708661,1000.0,57930.0
1449,M,1949-06-29,49,OWNER,,41,Usti nad Labem,north Bohemia,118650,9832.0,3.0,6445.0,0,,0.0,,0.0,Sin Prestamo,Sin Prestamo,3,7424.0,2474.666666,520,1743685.0,1686138.0,46580.807692,300.0,76903.0
1450,F,1969-03-17,29,OWNER,,61,Trebic,south Moravia,117897,8814.0,5.0,2112.0,0,,0.0,,0.0,Sin Prestamo,Sin Prestamo,2,7709.0,3854.5,442,1094945.0,1015640.0,39118.427601,600.0,79324.0
1452,F,1940-05-28,58,OWNER,,72,Olomouc,north Moravia,226122,8994.0,4.0,9672.0,0,,0.0,,0.0,Sin Prestamo,Sin Prestamo,4,4161.0,1040.25,348,929606.0,838801.0,61621.034482,1000.0,110912.0
1453,F,1966-03-29,32,OWNER,,29,Rokycany,west Bohemia,45714,8843.0,3.0,818.0,0,,0.0,,0.0,Sin Prestamo,Sin Prestamo,2,7146.0,3573.0,410,1587026.0,1504242.0,62110.970731,800.0,112206.0
1454,M,1925-10-03,73,OWNER,,73,Opava,north Moravia,182027,8746.0,3.0,4355.0,0,,0.0,,0.0,Sin Prestamo,Sin Prestamo,1,2989.0,2989.0,257,273244.0,239874.0,24028.875486,1100.0,34401.0
1455,F,1927-09-02,71,DISPONENT,,73,Opava,north Moravia,182027,8746.0,3.0,4355.0,0,,0.0,,0.0,Sin Prestamo,Sin Prestamo,0,0.0,,0,0.0,0.0,,,
1456,M,1928-04-24,70,OWNER,,70,Karvina,north Moravia,285387,10177.0,7.0,9878.0,0,,0.0,,0.0,Sin Prestamo,Sin Prestamo,1,3279.0,3279.0,172,208020.0,190881.0,17711.063953,900.0,27067.0
1457,F,1934-10-12,64,DISPONENT,,70,Karvina,north Moravia,285387,10177.0,7.0,9878.0,0,,0.0,,0.0,Sin Prestamo,Sin Prestamo,0,0.0,,0,0.0,0.0,,,
1458,M,1938-04-08,60,OWNER,,67,Bruntal,north Moravia,106054,8110.0,6.0,3244.0,0,,0.0,,0.0,Sin Prestamo,Sin Prestamo,2,10362.0,5181.0,394,1406262.0,1375706.0,45048.680203,700.0,78382.0
1459,M,1976-09-08,22,OWNER,,4,Kladno,central Bohemia,149893,9753.0,5.0,5244.0,0,,0.0,,0.0,Sin Prestamo,Sin Prestamo,2,6552.0,3276.0,74,269267.0,203483.0,47371.445945,1000.0,66286.0
1460,F,1933-03-13,65,OWNER,,23,Cheb,west Bohemia,87419,8624.0,2.0,2879.0,0,,0.0,,0.0,Sin Prestamo,Sin Prestamo,1,3568.0,3568.0,59,76650.0,58205.0,17661.372881,900.0,25263.0
1461,M,1969-12-21,29,OWNER,,28,Plzen - sever,west Bohemia,72541,8594.0,2.0,1580.0,0,,0.0,,0.0,Sin Prestamo,Sin Prestamo,0,0.0,,147,694575.0,649890.0,46821.836734,400.0,78678.0
1462,M,1941-03-02,57,OWNER,,49,Semily,east Bohemia,75685,8208.0,2.0,1660.0,0,,0.0,,0.0,Sin Prestamo,Sin Prestamo,3,4335.0,1445.0,212,249120.0,224672.0,28945.009433,1100.0,49677.0
1463,F,1936-01-26,62,OWNER,,70,Karvina,north Moravia,285387,10177.0,7.0,9878.0,0,,0.0,,0.0,Sin Prestamo,Sin Prestamo,1,2805.0,2805.0,169,251456.0,234765.0,17928.804733,900.0,36067.0
1464,F,1928-04-01,70,OWNER,,36,Liberec,north Bohemia,159617,9198.0,3.0,5796.0,0,,0.0,,0.0,Sin Prestamo,Sin Prestamo,1,2984.0,2984.0,148,159709.0,132523.0,19065.013513,200.0,27195.0
1465,M,1931-01-06,67,DISPONENT,,36,Liberec,north Bohemia,159617,9198.0,3.0,5796.0,0,,0.0,,0.0,Sin Prestamo,Sin Prestamo,0,0.0,,0,0.0,0.0,,,
1466,M,1953-08-22,45,OWNER,,39,Most,north Bohemia,119895,10446.0,7.0,4947.0,0,,0.0,,0.0,Sin Prestamo,Sin Prestamo,1,4469.0,4469.0,115,419220.0,366881.0,43623.026086,500.0,71357.0
1467,M,1924-09-30,74,OWNER,,65,Znojmo,south Moravia,114200,8403.0,6.0,2157.0,0,,0.0,,0.0,Sin Prestamo,Sin Prestamo,1,2508.0,2508.0,99,118623.0,86469.0,21675.494949,900.0,35286.0
1468,F,1940-04-16,58,OWNER,,77,Vsetin,north Moravia,148545,8909.0,4.0,3460.0,0,,0.0,,0.0,Sin Prestamo,Sin Prestamo,1,2349.0,2349.0,174,154324.0,133225.0,20078.137931,500.0,28040.0
1469,F,1966-09-14,32,OWNER,,54,Brno - mesto,south Moravia,387570,9897.0,2.0,18721.0,0,,0.0,,0.0,Sin Prestamo,Sin Prestamo,2,2107.0,1053.5,358,200486.0,173811.0,18260.315642,200.0,29203.0
1470,M,1942-05-04,56,OWNER,,1,Hl.m. Praha,Prague,1204953,12541.0,0.0,85677.0,0,,0.0,,0.0,Sin Prestamo,Sin Prestamo,1,3213.0,3213.0,121,892522.0,817809.0,58375.925619,900.0,102297.0
1471,F,1938-09-15,60,DISPONENT,,1,Hl.m. Praha,Prague,1204953,12541.0,0.0,85677.0,0,,0.0,,0.0,Sin Prestamo,Sin Prestamo,0,0.0,,0,0.0,0.0,,,
1472,F,1967-09-10,31,OWNER,,1,Hl.m. Praha,Prague,1204953,12541.0,0.0,85677.0,0,,0.0,,0.0,Sin Prestamo,Sin Prestamo,1,3986.0,3986.0,164,250325.0,224931.0,24232.615853,1100.0,38466.0
1473,F,1931-12-06,67,OWNER,,1,Hl.m. Praha,Prague,1204953,12541.0,0.0,85677.0,0,,0.0,,0.0,Sin Prestamo,Sin Prestamo,1,2770.0,2770.0,195,243091.0,177920.0,37760.102564,900.0,69477.0
1474,F,1971-12-15,27,OWNER,,45,Jicin,east Bohemia,77917,8390.0,2.0,2080.0,0,,0.0,,0.0,Sin Prestamo,Sin Prestamo,1,3213.0,3213.0,121,776925.0,758418.0,38982.099173,-1153.0,120834.0
1475,M,1932-03-31,66,OWNER,,19,Prachatice,south Bohemia,51428,8402.0,3.0,999.0,0,,0.0,,0.0,Sin Prestamo,Sin Prestamo,1,1727.0,1727.0,367,457959.0,437902.0,32684.891008,700.0,47392.0
1476,M,1970-11-30,28,OWNER,,70,Karvina,north Moravia,285387,10177.0,7.0,9878.0,0,,0.0,,0.0,Sin Prestamo,Sin Prestamo,2,6361.0,3180.5,190,412480.0,354722.0,40038.38421,200.0,63438.0
1478,M,1969-08-21,29,OWNER,,4,Kladno,central Bohemia,149893,9753.0,5.0,5244.0,0,,0.0,,0.0,Sin Prestamo,Sin Prestamo,0,0.0,,302,1243147.0,1176225.0,54395.672185,900.0,86140.0
1479,M,1956-06-22,42,OWNER,,1,Hl.m. Praha,Prague,1204953,12541.0,0.0,85677.0,0,,0.0,,0.0,Sin Prestamo,Sin Prestamo,1,3826.0,3826.0,125,177549.0,160607.0,18869.848,400.0,31064.0
1480,M,1943-05-28,55,OWNER,,69,Jesenik,north Moravia,42821,8173.0,,,0,,0.0,,0.0,Sin Prestamo,Sin Prestamo,4,8936.0,2234.0,278,549908.0,526275.0,34450.84892,900.0,63712.0
1481,F,1933-11-23,65,OWNER,,62,Uherske Hradiste,south Moravia,145688,8544.0,1.0,2719.0,0,,0.0,,0.0,Sin Prestamo,Sin Prestamo,1,1980.0,1980.0,226,235521.0,197340.0,33001.402654,400.0,48339.0
1482,F,1950-03-28,48,OWNER,,46,Nachod,east Bohemia,112709,8369.0,2.0,2854.0,0,,0.0,,0.0,Sin Prestamo,Sin Prestamo,1,5505.0,5505.0,59,226939.0,184305.0,42090.677966,500.0,61435.0
1483,F,1951-05-10,47,OWNER,,1,Hl.m. Praha,Prague,1204953,12541.0,0.0,85677.0,0,,0.0,,0.0,Sin Prestamo,Sin Prestamo,1,3213.0,3213.0,105,812190.0,712863.0,64925.75238,700.0,143853.0
1484,M,1952-06-18,46,DISPONENT,,1,Hl.m. Praha,Prague,1204953,12541.0,0.0,85677.0,0,,0.0,,0.0,Sin Prestamo,Sin Prestamo,0,0.0,,0,0.0,0.0,,,
1485,M,1978-05-14,20,OWNER,,7,Melnik,central Bohemia,94725,9920.0,2.0,4289.0,0,,0.0,,0.0,Sin Prestamo,Sin Prestamo,2,4150.0,2075.0,327,1128381.0,1064660.0,35093.495412,1000.0,69084.0
1486,F,1974-09-13,24,DISPONENT,,7,Melnik,central Bohemia,94725,9920.0,2.0,4289.0,0,,0.0,,0.0,Sin Prestamo,Sin Prestamo,0,0.0,,0,0.0,0.0,,,
1487,F,1976-08-27,22,OWNER,,48,Rychnov nad Kneznou,east Bohemia,78955,9060.0,2.0,1655.0,0,,0.0,,0.0,Sin Prestamo,Sin Prestamo,0,0.0,,67,128901.0,94830.0,40339.253731,900.0,78495.0
1488,M,1961-01-09,37,OWNER,,31,Tachov,west Bohemia,51313,8930.0,4.0,1328.0,0,,0.0,,0.0,Sin Prestamo,Sin Prestamo,1,2260.0,2260.0,165,120996.0,107870.0,15438.30909,3390.0,21063.0
1489,M,1928-01-24,70,OWNER,,6,Kutna Hora,central Bohemia,77963,8546.0,3.0,2640.0,0,,0.0,,0.0,Sin Prestamo,Sin Prestamo,1,2236.0,2236.0,328,415345.0,389775.0,21550.176829,6390.0,35032.0
1490,M,1928-04-20,70,OWNER,,42,Havlickuv Brod,east Bohemia,95907,8388.0,2.0,1658.0,0,,0.0,,0.0,Sin Prestamo,Sin Prestamo,2,2892.0,1446.0,341,269661.0,252541.0,18689.114369,500.0,29723.0
1491,M,1982-04-21,16,OWNER,,19,Prachatice,south Bohemia,51428,8402.0,3.0,999.0,0,,0.0,,0.0,Sin Prestamo,Sin Prestamo,0,0.0,,328,395994.0,380195.0,24031.719512,1000.0,80518.0
1492,F,1968-05-09,30,OWNER,,9,Nymburk,central Bohemia,81344,8899.0,3.0,2987.0,0,,0.0,,0.0,Sin Prestamo,Sin Prestamo,0,0.0,,348,2312492.0,2252639.0,68407.482758,1100.0,148694.0
1493,M,1922-12-29,76,OWNER,,1,Hl.m. Praha,Prague,1204953,12541.0,0.0,85677.0,0,,0.0,,0.0,Sin Prestamo,Sin Prestamo,1,2256.0,2256.0,185,237318.0,194573.0,27172.951351,600.0,42756.0
1494,F,1915-03-22,83,DISPONENT,,1,Hl.m. Praha,Prague,1204953,12541.0,0.0,85677.0,0,,0.0,,0.0,Sin Prestamo,Sin Prestamo,0,0.0,,0,0.0,0.0,,,
1495,F,1931-02-10,67,OWNER,,1,Hl.m. Praha,Prague,1204953,12541.0,0.0,85677.0,0,,0.0,,0.0,Sin Prestamo,Sin Prestamo,1,3744.0,3744.0,332,460004.0,442961.0,21839.512048,900.0,34267.0
1496,F,1942-06-08,56,OWNER,,1,Hl.m. Praha,Prague,1204953,12541.0,0.0,85677.0,0,,0.0,,0.0,Sin Prestamo,Sin Prestamo,1,4353.0,4353.0,71,187715.0,164533.0,23989.295774,800.0,44667.0
1497,F,1948-08-03,50,OWNER,,53,Blansko,south Moravia,107911,8240.0,3.0,1850.0,0,,0.0,,0.0,Sin Prestamo,Sin Prestamo,3,3796.0,1265.333333,202,208838.0,194831.0,18521.826732,200.0,32554.0
1498,M,1941-02-09,57,DISPONENT,,53,Blansko,south Moravia,107911,8240.0,3.0,1850.0,0,,0.0,,0.0,Sin Prestamo,Sin Prestamo,0,0.0,,0,0.0,0.0,,,
1499,F,1951-11-29,47,OWNER,,74,Ostrava - mesto,north Moravia,323870,10673.0,5.0,18782.0,1,5206.0,128544.0,24.0,5356.0,C,Vigente,5,14400.0,2880.0,230,892755.0,860487.0,51192.27826,200.0,135761.0
1500,M,1981-12-12,17,OWNER,,1,Hl.m. Praha,Prague,1204953,12541.0,0.0,85677.0,0,,0.0,,0.0,Sin Prestamo,Sin Prestamo,0,0.0,,74,234212.0,123660.0,51733.635135,200.0,110553.0
1501,M,1946-01-22,52,OWNER,,68,Frydek - Mistek,north Moravia,228848,9893.0,4.0,5623.0,1,5207.0,35904.0,48.0,748.0,C,Vigente,5,4233.0,846.6,254,202748.0,183913.0,17013.889763,900.0,34279.0
1502,M,1973-01-24,25,OWNER,,68,Frydek - Mistek,north Moravia,228848,9893.0,4.0,5623.0,0,,0.0,,0.0,Sin Prestamo,Sin Prestamo,1,3611.0,3611.0,60,167182.0,116419.0,37439.566666,1100.0,55121.0
1503,M,1922-09-01,76,OWNER,,58,Jihlava,south Moravia,109164,8757.0,3.0,2212.0,0,,0.0,,0.0,Sin Prestamo,Sin Prestamo,1,3239.0,3239.0,249,325184.0,286167.0,22723.987951,1100.0,42116.0
1504,F,1918-01-16,80,DISPONENT,,58,Jihlava,south Moravia,109164,8757.0,3.0,2212.0,0,,0.0,,0.0,Sin Prestamo,Sin Prestamo,0,0.0,,0,0.0,0.0,,,
1505,F,1971-06-25,27,OWNER,,65,Znojmo,south Moravia,114200,8403.0,6.0,2157.0,1,5208.0,99696.0,48.0,2077.0,D,Vigente,1,2077.0,2077.0,429,2487516.0,2386133.0,54881.855477,-975.0,146738.0
1506,M,1931-06-25,67,OWNER,,22,Domazlice,west Bohemia,58400,8620.0,1.0,1089.0,0,,0.0,,0.0,Sin Prestamo,Sin Prestamo,1,3176.0,3176.0,221,284902.0,258779.0,22955.886877,600.0,33971.0
1507,F,1929-11-22,69,DISPONENT,,22,Domazlice,west Bohemia,58400,8620.0,1.0,1089.0,0,,0.0,,0.0,Sin Prestamo,Sin Prestamo,0,0.0,,0,0.0,0.0,,,
1508,F,1954-06-30,44,OWNER,,67,Bruntal,north Moravia,106054,8110.0,6.0,3244.0,0,,0.0,,0.0,Sin Prestamo,Sin Prestamo,3,2457.0,819.0,339,240144.0,182651.0,35055.911504,400.0,59170.0
1509,F,1942-04-19,56,OWNER,,62,Uherske Hradiste,south Moravia,145688,8544.0,1.0,2719.0,1,5209.0,182640.0,48.0,3805.0,C,Vigente,3,13935.0,4645.0,221,826981.0,809339.0,27296.276018,600.0,64412.0
1510,F,1948-01-30,50,OWNER,,34,Chomutov,north Bohemia,125236,9675.0,6.0,5323.0,0,,0.0,,0.0,Sin Prestamo,Sin Prestamo,1,7870.0,7870.0,206,947128.0,845222.0,32863.126213,400.0,120490.0
1511,F,1962-03-06,36,OWNER,,13,Rakovnik,central Bohemia,53921,8598.0,3.0,1597.0,1,5210.0,148140.0,36.0,4115.0,C,Vigente,1,4115.0,4115.0,240,1111456.0,1048849.0,42941.045833,1000.0,86290.0
1512,F,1942-08-11,56,OWNER,,5,Kolin,central Bohemia,95616,9307.0,4.0,2616.0,0,,0.0,,0.0,Sin Prestamo,Sin Prestamo,2,9195.0,4597.5,123,412076.0,341545.0,51913.05691,700.0,80043.0
1513,M,1959-08-21,39,OWNER,,74,Ostrava - mesto,north Moravia,323870,10673.0,5.0,18782.0,0,,0.0,,0.0,Sin Prestamo,Sin Prestamo,0,0.0,,268,1784098.0,1688056.0,63964.716417,800.0,152484.0
1514,M,1957-08-02,41,OWNER,,68,Frydek - Mistek,north Moravia,228848,9893.0,4.0,5623.0,0,,0.0,,0.0,Sin Prestamo,Sin Prestamo,1,4598.0,4598.0,104,684791.0,633496.0,41750.048076,-2745.0,104284.0
1516,F,1946-10-17,52,OWNER,True,38,Louny,north Bohemia,85852,8965.0,7.0,2653.0,1,5212.0,71064.0,36.0,1974.0,A,Cerrado,3,8602.0,2867.333333,409,949838.0,910945.0,32609.198044,700.0,55373.0
1517,M,1956-10-02,42,OWNER,,66,Zdar nad Sazavou,south Moravia,125832,8512.0,4.0,2247.0,0,,0.0,,0.0,Sin Prestamo,Sin Prestamo,1,4387.0,4387.0,215,781366.0,721366.0,38482.330232,500.0,67376.0
1518,F,1960-07-28,38,OWNER,,3,Beroun,central Bohemia,75232,8980.0,2.0,2824.0,0,,0.0,,0.0,Sin Prestamo,Sin Prestamo,2,1933.0,966.5,153,83595.0,65424.0,15582.666666,700.0,21153.0
1519,M,1959-07-06,39,DISPONENT,,3,Beroun,central Bohemia,75232,8980.0,2.0,2824.0,0,,0.0,,0.0,Sin Prestamo,Sin Prestamo,0,0.0,,0,0.0,0.0,,,
1520,M,1956-11-05,42,OWNER,,72,Olomouc,north Moravia,226122,8994.0,4.0,9672.0,0,,0.0,,0.0,Sin Prestamo,Sin Prestamo,4,4725.0,1181.25,157,343218.0,298176.0,26160.579617,500.0,48740.0
1521,M,1979-10-10,19,OWNER,,5,Kolin,central Bohemia,95616,9307.0,4.0,2616.0,0,,0.0,,0.0,Sin Prestamo,Sin Prestamo,1,6594.0,6594.0,137,393301.0,346674.0,30620.49635,200.0,54472.0
1522,F,1968-05-14,30,OWNER,,52,Usti nad Orlici,east Bohemia,139012,8363.0,3.0,2564.0,0,,0.0,,0.0,Sin Prestamo,Sin Prestamo,1,9222.0,9222.0,262,1134116.0,1041862.0,50313.438931,1000.0,103222.0
1523,F,1931-08-30,67,OWNER,,29,Rokycany,west Bohemia,45714,8843.0,3.0,818.0,0,,0.0,,0.0,Sin Prestamo,Sin Prestamo,1,2821.0,2821.0,107,157767.0,122588.0,26470.757009,400.0,36952.0
1524,F,1962-01-13,36,OWNER,,30,Sokolov,west Bohemia,94812,9650.0,3.0,2985.0,0,,0.0,,0.0,Sin Prestamo,Sin Prestamo,0,0.0,,193,1197151.0,1123563.0,60570.150259,200.0,145543.0
1525,M,1943-03-09,55,OWNER,,1,Hl.m. Praha,Prague,1204953,12541.0,0.0,85677.0,0,,0.0,,0.0,Sin Prestamo,Sin Prestamo,1,6605.0,6605.0,116,414339.0,362685.0,43712.577586,900.0,80128.0
1526,F,1935-03-15,63,DISPONENT,,1,Hl.m. Praha,Prague,1204953,12541.0,0.0,85677.0,0,,0.0,,0.0,Sin Prestamo,Sin Prestamo,0,0.0,,0,0.0,0.0,,,
1527,M,1934-12-18,64,OWNER,,49,Semily,east Bohemia,75685,8208.0,2.0,1660.0,0,,0.0,,0.0,Sin Prestamo,Sin Prestamo,1,1870.0,1870.0,159,234380.0,190945.0,24323.182389,300.0,45137.0
1528,M,1964-03-20,34,OWNER,,57,Hodonin,south Moravia,161954,8720.0,4.0,3729.0,0,,0.0,,0.0,Sin Prestamo,Sin Prestamo,1,9291.0,9291.0,173,686486.0,634630.0,35728.890173,1100.0,70874.0
1529,F,1972-06-20,26,OWNER,,43,Hradec Kralove,east Bohemia,161854,9425.0,2.0,4085.0,0,,0.0,,0.0,Sin Prestamo,Sin Prestamo,4,4831.0,1207.75,231,613059.0,573615.0,35273.82251,400.0,73525.0
1530,F,1945-08-06,53,OWNER,,74,Ostrava - mesto,north Moravia,323870,10673.0,5.0,18782.0,0,,0.0,,0.0,Sin Prestamo,Sin Prestamo,1,2220.0,2220.0,386,295134.0,260040.0,30996.261658,800.0,55301.0
1531,F,1960-06-28,38,OWNER,,52,Usti nad Orlici,east Bohemia,139012,8363.0,3.0,2564.0,0,,0.0,,0.0,Sin Prestamo,Sin Prestamo,2,7439.0,3719.5,381,789207.0,738168.0,29409.020997,400.0,58412.0
1532,M,1962-10-30,36,DISPONENT,,52,Usti nad Orlici,east Bohemia,139012,8363.0,3.0,2564.0,0,,0.0,,0.0,Sin Prestamo,Sin Prestamo,0,0.0,,0,0.0,0.0,,,
1533,M,1960-12-22,38,OWNER,,55,Brno - venkov,south Moravia,157042,8743.0,2.0,3659.0,1,5214.0,74772.0,36.0,2077.0,C,Vigente,2,6239.0,3119.5,186,435405.0,407436.0,22698.295698,500.0,45989.0
1534,F,1952-12-22,46,OWNER,,17,Pelhrimov,south Bohemia,74062,8114.0,2.0,1003.0,0,,0.0,,0.0,Sin Prestamo,Sin Prestamo,1,4128.0,4128.0,164,247906.0,228043.0,19681.560975,1000.0,34546.0
1535,M,1936-10-28,62,OWNER,,40,Teplice,north Bohemia,128118,9317.0,6.0,6949.0,0,,0.0,,0.0,Sin Prestamo,Sin Prestamo,1,1246.0,1246.0,260,873639.0,780039.0,53312.811538,-493.0,112969.0
1536,F,1967-10-13,31,OWNER,,37,Litomerice,north Bohemia,114006,9065.0,4.0,4147.0,0,,0.0,,0.0,Sin Prestamo,Sin Prestamo,1,3863.0,3863.0,327,1283905.0,1204419.0,50743.834862,500.0,93513.0
1537,M,1979-12-07,19,OWNER,,54,Brno - mesto,south Moravia,387570,9897.0,2.0,18721.0,0,,0.0,,0.0,Sin Prestamo,Sin Prestamo,0,0.0,,177,1185622.0,1106394.0,53396.514124,-916.0,144218.0
1539,M,1923-11-19,75,OWNER,,32,Ceska Lipa,north Bohemia,105058,9272.0,3.0,4340.0,0,,0.0,,0.0,Sin Prestamo,Sin Prestamo,1,1903.0,1903.0,146,166435.0,147473.0,25046.171232,300.0,36774.0
1540,M,1937-11-07,61,OWNER,,36,Liberec,north Bohemia,159617,9198.0,3.0,5796.0,0,,0.0,,0.0,Sin Prestamo,Sin Prestamo,3,4516.0,1505.333333,551,610558.0,587784.0,28540.310344,400.0,47374.0
1541,F,1933-03-06,65,DISPONENT,,36,Liberec,north Bohemia,159617,9198.0,3.0,5796.0,0,,0.0,,0.0,Sin Prestamo,Sin Prestamo,0,0.0,,0,0.0,0.0,,,
1542,M,1919-12-08,79,OWNER,,31,Tachov,west Bohemia,51313,8930.0,4.0,1328.0,0,,0.0,,0.0,Sin Prestamo,Sin Prestamo,1,3175.0,3175.0,345,419283.0,403170.0,21429.07826,1000.0,31462.0
1543,F,1927-06-02,71,DISPONENT,,31,Tachov,west Bohemia,51313,8930.0,4.0,1328.0,0,,0.0,,0.0,Sin Prestamo,Sin Prestamo,0,0.0,,0,0.0,0.0,,,
1546,M,1930-04-13,68,OWNER,,28,Plzen - sever,west Bohemia,72541,8594.0,2.0,1580.0,0,,0.0,,0.0,Sin Prestamo,Sin Prestamo,1,3587.0,3587.0,56,77210.0,62085.0,18101.678571,1000.0,29049.0
1547,F,1927-12-20,71,DISPONENT,,28,Plzen - sever,west Bohemia,72541,8594.0,2.0,1580.0,0,,0.0,,0.0,Sin Prestamo,Sin Prestamo,0,0.0,,0,0.0,0.0,,,
1548,M,1923-03-04,75,OWNER,,70,Karvina,north Moravia,285387,10177.0,7.0,9878.0,0,,0.0,,0.0,Sin Prestamo,Sin Prestamo,1,2491.0,2491.0,207,231158.0,175504.0,29148.468599,600.0,55668.0
1549,F,1928-11-14,70,DISPONENT,,70,Karvina,north Moravia,285387,10177.0,7.0,9878.0,0,,0.0,,0.0,Sin Prestamo,Sin Prestamo,0,0.0,,0,0.0,0.0,,,
1550,F,1946-11-21,52,OWNER,,8,Mlada Boleslav,central Bohemia,112065,11277.0,1.0,5179.0,0,,0.0,,0.0,Sin Prestamo,Sin Prestamo,0,0.0,,92,325298.0,223925.0,63261.260869,1100.0,103556.0
1554,M,1944-12-15,54,OWNER,,55,Brno - venkov,south Moravia,157042,8743.0,2.0,3659.0,1,5221.0,52512.0,12.0,4376.0,C,Vigente,1,4376.0,4376.0,91,564062.0,533712.0,58505.714285,1000.0,120420.0
1555,M,1950-09-14,48,OWNER,,30,Sokolov,west Bohemia,94812,9650.0,3.0,2985.0,0,,0.0,,0.0,Sin Prestamo,Sin Prestamo,1,7213.0,7213.0,393,1400753.0,1357049.0,38152.519083,300.0,67301.0
1556,M,1950-04-02,48,OWNER,,66,Zdar nad Sazavou,south Moravia,125832,8512.0,4.0,2247.0,0,,0.0,,0.0,Sin Prestamo,Sin Prestamo,1,8500.0,8500.0,468,3333105.0,3277564.0,67098.696581,500.0,150359.0
1557,F,1959-12-14,39,OWNER,,35,Jablonec n. Nisou,north Bohemia,88768,8867.0,1.0,3384.0,0,,0.0,,0.0,Sin Prestamo,Sin Prestamo,3,9767.0,3255.666666,353,1113376.0,1061846.0,48043.33711,600.0,101835.0
1558,F,1927-01-25,71,OWNER,,11,Praha - zapad,central Bohemia,75637,9622.0,0.0,3475.0,0,,0.0,,0.0,Sin Prestamo,Sin Prestamo,1,2948.0,2948.0,317,374428.0,350106.0,18647.526813,600.0,33701.0
1559,M,1940-10-20,58,OWNER,,72,Olomouc,north Moravia,226122,8994.0,4.0,9672.0,0,,0.0,,0.0,Sin Prestamo,Sin Prestamo,1,6950.0,6950.0,168,771078.0,685145.0,62139.595238,500.0,93436.0
1561,F,1923-09-16,75,OWNER,,1,Hl.m. Praha,Prague,1204953,12541.0,0.0,85677.0,0,,0.0,,0.0,Sin Prestamo,Sin Prestamo,2,1668.0,834.0,328,265211.0,242342.0,19958.240853,600.0,33091.0
1562,M,1919-08-14,79,DISPONENT,,1,Hl.m. Praha,Prague,1204953,12541.0,0.0,85677.0,0,,0.0,,0.0,Sin Prestamo,Sin Prestamo,0,0.0,,0,0.0,0.0,,,
1563,M,1978-08-06,20,OWNER,,3,Beroun,central Bohemia,75232,8980.0,2.0,2824.0,0,,0.0,,0.0,Sin Prestamo,Sin Prestamo,3,3331.0,1110.333333,403,709439.0,632482.0,44972.377171,1100.0,78251.0
1564,F,1947-06-25,51,OWNER,,40,Teplice,north Bohemia,128118,9317.0,6.0,6949.0,0,,0.0,,0.0,Sin Prestamo,Sin Prestamo,1,3484.0,3484.0,155,709399.0,660777.0,42399.419354,800.0,76987.0
1565,M,1960-05-19,38,OWNER,,71,Novy Jicin,north Moravia,161227,8678.0,6.0,4980.0,0,,0.0,,0.0,Sin Prestamo,Sin Prestamo,2,3581.0,1790.5,306,780607.0,720544.0,29438.114379,300.0,63568.0
1566,F,1966-10-20,32,OWNER,,15,Cesky Krumlov,south Bohemia,58796,9045.0,3.0,1845.0,0,,0.0,,0.0,Sin Prestamo,Sin Prestamo,1,3282.0,3282.0,265,328078.0,310265.0,18990.332075,600.0,33509.0
1567,M,1930-04-19,68,OWNER,,50,Svitavy,east Bohemia,102609,8187.0,5.0,2123.0,0,,0.0,,0.0,Sin Prestamo,Sin Prestamo,1,1607.0,1607.0,112,128182.0,93130.0,18529.892857,800.0,35638.0
1568,F,1927-06-29,71,DISPONENT,,50,Svitavy,east Bohemia,102609,8187.0,5.0,2123.0,0,,0.0,,0.0,Sin Prestamo,Sin Prestamo,0,0.0,,0,0.0,0.0,,,
1569,F,1956-07-17,42,OWNER,,54,Brno - mesto,south Moravia,387570,9897.0,2.0,18721.0,0,,0.0,,0.0,Sin Prestamo,Sin Prestamo,2,6189.0,3094.5,444,1463868.0,1359749.0,53951.018018,400.0,111189.0
1570,M,1958-06-17,40,DISPONENT,,54,Brno - mesto,south Moravia,387570,9897.0,2.0,18721.0,0,,0.0,,0.0,Sin Prestamo,Sin Prestamo,0,0.0,,0,0.0,0.0,,,
1571,F,1967-10-15,31,OWNER,,7,Melnik,central Bohemia,94725,9920.0,2.0,4289.0,0,,0.0,,0.0,Sin Prestamo,Sin Prestamo,1,5822.0,5822.0,199,487774.0,446810.0,28960.321608,400.0,55965.0
1572,F,1963-12-12,35,OWNER,,1,Hl.m. Praha,Prague,1204953,12541.0,0.0,85677.0,0,,0.0,,0.0,Sin Prestamo,Sin Prestamo,2,2608.0,1304.0,386,285628.0,260211.0,21969.893782,200.0,31368.0
1574,M,1979-02-18,19,OWNER,,18,Pisek,south Bohemia,70699,8968.0,3.0,1740.0,0,,0.0,,0.0,Sin Prestamo,Sin Prestamo,0,0.0,,133,246443.0,229485.0,22532.969924,600.0,68620.0
1575,F,1923-10-06,75,OWNER,,55,Brno - venkov,south Moravia,157042,8743.0,2.0,3659.0,0,,0.0,,0.0,Sin Prestamo,Sin Prestamo,1,3924.0,3924.0,292,377908.0,342474.0,23002.167808,800.0,36916.0
1576,M,1919-05-02,79,DISPONENT,,55,Brno - venkov,south Moravia,157042,8743.0,2.0,3659.0,0,,0.0,,0.0,Sin Prestamo,Sin Prestamo,0,0.0,,0,0.0,0.0,,,
1577,M,1944-04-19,54,OWNER,,23,Cheb,west Bohemia,87419,8624.0,2.0,2879.0,0,,0.0,,0.0,Sin Prestamo,Sin Prestamo,1,3601.0,3601.0,70,113630.0,73761.0,32491.8,1100.0,46502.0
1578,F,1971-08-15,27,OWNER,,40,Teplice,north Bohemia,128118,9317.0,6.0,6949.0,0,,0.0,,0.0,Sin Prestamo,Sin Prestamo,1,2369.0,2369.0,148,771404.0,748027.0,49807.918918,400.0,131152.0
1579,M,1963-10-13,35,OWNER,,27,Plzen - jih,west Bohemia,67298,8561.0,1.0,1029.0,0,,0.0,,0.0,Sin Prestamo,Sin Prestamo,0,0.0,,324,755436.0,647585.0,60903.608024,400.0,124052.0
1580,F,1968-06-18,30,OWNER,,1,Hl.m. Praha,Prague,1204953,12541.0,0.0,85677.0,0,,0.0,,0.0,Sin Prestamo,Sin Prestamo,3,7853.0,2617.666666,346,851296.0,811973.0,32721.190751,600.0,56898.0
1581,F,1963-04-15,35,OWNER,,56,Breclav,south Moravia,124605,8772.0,5.0,2854.0,0,,0.0,,0.0,Sin Prestamo,Sin Prestamo,1,3297.0,3297.0,269,339242.0,326528.0,21214.806691,500.0,36036.0
1582,M,1934-02-14,64,OWNER,,54,Brno - mesto,south Moravia,387570,9897.0,2.0,18721.0,0,,0.0,,0.0,Sin Prestamo,Sin Prestamo,1,3206.0,3206.0,111,141160.0,109002.0,26360.054054,400.0,35251.0
1583,F,1972-01-08,26,OWNER,,1,Hl.m. Praha,Prague,1204953,12541.0,0.0,85677.0,0,,0.0,,0.0,Sin Prestamo,Sin Prestamo,2,12799.0,6399.5,257,1908234.0,1878185.0,54339.077821,1000.0,114386.0
1584,F,1962-01-29,36,OWNER,,1,Hl.m. Praha,Prague,1204953,12541.0,0.0,85677.0,0,,0.0,,0.0,Sin Prestamo,Sin Prestamo,0,0.0,,158,265166.0,247935.0,21273.234177,1100.0,36978.0
1585,M,1935-07-20,63,OWNER,,60,Prostejov,south Moravia,110643,8441.0,3.0,1879.0,0,,0.0,,0.0,Sin Prestamo,Sin Prestamo,1,9327.0,9327.0,194,571756.0,554029.0,21178.376288,500.0,46922.0
1586,F,1934-01-12,64,DISPONENT,,60,Prostejov,south Moravia,110643,8441.0,3.0,1879.0,0,,0.0,,0.0,Sin Prestamo,Sin Prestamo,0,0.0,,0,0.0,0.0,,,
1587,M,1928-05-05,70,OWNER,,23,Cheb,west Bohemia,87419,8624.0,2.0,2879.0,0,,0.0,,0.0,Sin Prestamo,Sin Prestamo,1,1690.0,1690.0,254,291973.0,260415.0,24304.413385,400.0,38562.0
1588,M,1950-10-29,48,OWNER,,45,Jicin,east Bohemia,77917,8390.0,2.0,2080.0,0,,0.0,,0.0,Sin Prestamo,Sin Prestamo,0,0.0,,102,900178.0,858357.0,66812.990196,200.0,165716.0
1589,F,1951-11-27,47,OWNER,,48,Rychnov nad Kneznou,east Bohemia,78955,9060.0,2.0,1655.0,0,,0.0,,0.0,Sin Prestamo,Sin Prestamo,1,6889.0,6889.0,324,1120196.0,1069873.0,46633.49074,600.0,83815.0
1590,F,1940-08-10,58,OWNER,,13,Rakovnik,central Bohemia,53921,8598.0,3.0,1597.0,0,,0.0,,0.0,Sin Prestamo,Sin Prestamo,3,6272.0,2090.666666,335,499010.0,478985.0,32794.937313,900.0,53474.0
1591,F,1953-07-07,45,OWNER,,42,Havlickuv Brod,east Bohemia,95907,8388.0,2.0,1658.0,0,,0.0,,0.0,Sin Prestamo,Sin Prestamo,3,1982.0,660.666666,144,72959.0,54595.0,15964.666666,300.0,20754.0
1592,M,1928-04-11,70,OWNER,,56,Breclav,south Moravia,124605,8772.0,5.0,2854.0,0,,0.0,,0.0,Sin Prestamo,Sin Prestamo,1,3493.0,3493.0,298,398002.0,377444.0,27229.285234,1100.0,38887.0
1593,F,1925-05-31,73,DISPONENT,,56,Breclav,south Moravia,124605,8772.0,5.0,2854.0,0,,0.0,,0.0,Sin Prestamo,Sin Prestamo,0,0.0,,0,0.0,0.0,,,
1594,M,1939-09-29,59,OWNER,,56,Breclav,south Moravia,124605,8772.0,5.0,2854.0,1,5226.0,185544.0,36.0,5154.0,C,Vigente,5,18352.0,3670.4,57,206162.0,171966.0,22717.736842,200.0,70888.0
1595,F,1954-12-16,44,OWNER,,56,Breclav,south Moravia,124605,8772.0,5.0,2854.0,0,,0.0,,0.0,Sin Prestamo,Sin Prestamo,3,8431.0,2810.333333,90,419266.0,380088.0,54218.577777,1000.0,131331.0
1596,F,1978-10-22,20,OWNER,,58,Jihlava,south Moravia,109164,8757.0,3.0,2212.0,0,,0.0,,0.0,Sin Prestamo,Sin Prestamo,4,5513.0,1378.25,186,380179.0,341660.0,25012.655913,1000.0,58757.0
1597,M,1956-05-10,42,OWNER,,60,Prostejov,south Moravia,110643,8441.0,3.0,1879.0,0,,0.0,,0.0,Sin Prestamo,Sin Prestamo,2,3319.0,1659.5,111,133006.0,107991.0,23210.342342,200.0,34262.0
1598,M,1925-04-25,73,OWNER,,67,Bruntal,north Moravia,106054,8110.0,6.0,3244.0,0,,0.0,,0.0,Sin Prestamo,Sin Prestamo,2,2916.0,1458.0,374,297754.0,275117.0,19293.0,200.0,31305.0
1599,M,1964-10-08,34,OWNER,,43,Hradec Kralove,east Bohemia,161854,9425.0,2.0,4085.0,0,,0.0,,0.0,Sin Prestamo,Sin Prestamo,1,9720.0,9720.0,175,722783.0,646890.0,50986.657142,600.0,85936.0
1600,F,1965-06-15,33,DISPONENT,,43,Hradec Kralove,east Bohemia,161854,9425.0,2.0,4085.0,0,,0.0,,0.0,Sin Prestamo,Sin Prestamo,0,0.0,,0,0.0,0.0,,,
1601,F,1969-03-29,29,OWNER,,42,Havlickuv Brod,east Bohemia,95907,8388.0,2.0,1658.0,0,,0.0,,0.0,Sin Prestamo,Sin Prestamo,2,3421.0,1710.5,152,530307.0,467276.0,52602.986842,300.0,75712.0
1602,M,1968-12-30,30,DISPONENT,,42,Havlickuv Brod,east Bohemia,95907,8388.0,2.0,1658.0,0,,0.0,,0.0,Sin Prestamo,Sin Prestamo,0,0.0,,0,0.0,0.0,,,
1603,M,1968-08-27,30,OWNER,,26,Plzen - mesto,west Bohemia,170449,10787.0,3.0,6041.0,0,,0.0,,0.0,Sin Prestamo,Sin Prestamo,2,2128.0,1064.0,150,94817.0,73030.0,18174.893333,300.0,24549.0
1604,F,1969-07-21,29,DISPONENT,,26,Plzen - mesto,west Bohemia,170449,10787.0,3.0,6041.0,0,,0.0,,0.0,Sin Prestamo,Sin Prestamo,0,0.0,,0,0.0,0.0,,,
1605,F,1980-09-21,18,OWNER,,52,Usti nad Orlici,east Bohemia,139012,8363.0,3.0,2564.0,0,,0.0,,0.0,Sin Prestamo,Sin Prestamo,4,3043.0,760.75,189,159213.0,141277.0,21196.47619,800.0,33782.0
1606,M,1982-09-02,16,OWNER,,65,Znojmo,south Moravia,114200,8403.0,6.0,2157.0,0,,0.0,,0.0,Sin Prestamo,Sin Prestamo,0,0.0,,268,335227.0,315920.0,28638.011194,400.0,91930.0
1607,F,1941-05-26,57,OWNER,,8,Mlada Boleslav,central Bohemia,112065,11277.0,1.0,5179.0,0,,0.0,,0.0,Sin Prestamo,Sin Prestamo,1,3250.0,3250.0,168,1153994.0,1091675.0,54679.130952,1100.0,112300.0
1608,M,1941-11-11,57,OWNER,True,53,Blansko,south Moravia,107911,8240.0,3.0,1850.0,1,5229.0,23520.0,12.0,1960.0,A,Cerrado,3,10409.0,3469.666666,175,368724.0,342649.0,21759.182857,500.0,44667.0
1609,F,1944-05-30,54,DISPONENT,True,53,Blansko,south Moravia,107911,8240.0,3.0,1850.0,0,,0.0,,0.0,Sin Prestamo,Sin Prestamo,0,0.0,,0,0.0,0.0,,,
1610,F,1942-04-23,56,OWNER,,68,Frydek - Mistek,north Moravia,228848,9893.0,4.0,5623.0,0,,0.0,,0.0,Sin Prestamo,Sin Prestamo,0,0.0,,152,1060861.0,1034710.0,47189.144736,-9373.0,133568.0
1611,F,1963-12-02,35,OWNER,,59,Kromeriz,south Moravia,108871,8444.0,3.0,2595.0,0,,0.0,,0.0,Sin Prestamo,Sin Prestamo,2,4416.0,2208.0,279,575910.0,556901.0,25891.283154,600.0,60793.0
1612,M,1959-06-30,39,DISPONENT,,59,Kromeriz,south Moravia,108871,8444.0,3.0,2595.0,0,,0.0,,0.0,Sin Prestamo,Sin Prestamo,0,0.0,,0,0.0,0.0,,,
1613,M,1961-01-15,37,OWNER,,50,Svitavy,east Bohemia,102609,8187.0,5.0,2123.0,0,,0.0,,0.0,Sin Prestamo,Sin Prestamo,1,4755.0,4755.0,407,1701339.0,1605820.0,67952.262899,300.0,116646.0
1614,M,1938-05-18,60,OWNER,,21,Tabor,south Bohemia,103347,9104.0,2.0,2299.0,0,,0.0,,0.0,Sin Prestamo,Sin Prestamo,1,6508.0,6508.0,279,562016.0,536858.0,23589.458781,300.0,43098.0
1615,F,1952-04-28,46,OWNER,,74,Ostrava - mesto,north Moravia,323870,10673.0,5.0,18782.0,0,,0.0,,0.0,Sin Prestamo,Sin Prestamo,0,0.0,,327,438776.0,419230.0,26847.752293,300.0,42323.0
1616,M,1938-05-23,60,OWNER,,54,Brno - mesto,south Moravia,387570,9897.0,2.0,18721.0,0,,0.0,,0.0,Sin Prestamo,Sin Prestamo,2,6411.0,3205.5,239,646144.0,598371.0,39441.146443,200.0,60946.0
1617,F,1950-04-30,48,OWNER,,5,Kolin,central Bohemia,95616,9307.0,4.0,2616.0,0,,0.0,,0.0,Sin Prestamo,Sin Prestamo,1,9426.0,9426.0,125,418961.0,395623.0,32086.144,300.0,57296.0
1618,F,1979-12-07,19,OWNER,,17,Pelhrimov,south Bohemia,74062,8114.0,2.0,1003.0,0,,0.0,,0.0,Sin Prestamo,Sin Prestamo,1,3264.0,3264.0,376,501209.0,432925.0,38291.422872,500.0,71903.0
1619,F,1942-01-27,56,OWNER,,74,Ostrava - mesto,north Moravia,323870,10673.0,5.0,18782.0,0,,0.0,,0.0,Sin Prestamo,Sin Prestamo,3,5599.0,1866.333333,592,2450385.0,2341431.0,53588.826013,400.0,157455.0
1620,M,1936-05-15,62,DISPONENT,,74,Ostrava - mesto,north Moravia,323870,10673.0,5.0,18782.0,0,,0.0,,0.0,Sin Prestamo,Sin Prestamo,0,0.0,,0,0.0,0.0,,,
1621,F,1952-04-05,46,OWNER,,76,Sumperk,north Moravia,127369,8369.0,5.0,3736.0,0,,0.0,,0.0,Sin Prestamo,Sin Prestamo,0,0.0,,64,404100.0,369956.0,40591.203125,900.0,103302.0
1622,M,1950-10-12,48,OWNER,,52,Usti nad Orlici,east Bohemia,139012,8363.0,3.0,2564.0,0,,0.0,,0.0,Sin Prestamo,Sin Prestamo,3,2410.0,803.333333,87,77799.0,54283.0,21223.367816,1000.0,30557.0
1623,M,1963-07-09,35,OWNER,,36,Liberec,north Bohemia,159617,9198.0,3.0,5796.0,0,,0.0,,0.0,Sin Prestamo,Sin Prestamo,1,2098.0,2098.0,172,119929.0,102356.0,17049.703488,1100.0,21610.0
1624,M,1965-09-10,33,OWNER,,9,Nymburk,central Bohemia,81344,8899.0,3.0,2987.0,0,,0.0,,0.0,Sin Prestamo,Sin Prestamo,4,8272.0,2068.0,105,382911.0,345754.0,42996.866666,700.0,87446.0
1625,F,1973-07-12,25,DISPONENT,,9,Nymburk,central Bohemia,81344,8899.0,3.0,2987.0,0,,0.0,,0.0,Sin Prestamo,Sin Prestamo,0,0.0,,0,0.0,0.0,,,
1628,F,1957-03-25,41,OWNER,,12,Pribram,central Bohemia,107870,8754.0,4.0,3804.0,0,,0.0,,0.0,Sin Prestamo,Sin Prestamo,0,0.0,,219,1734412.0,1708902.0,55531.62557,200.0,119110.0
1629,M,1966-09-01,32,OWNER,,28,Plzen - sever,west Bohemia,72541,8594.0,2.0,1580.0,0,,0.0,,0.0,Sin Prestamo,Sin Prestamo,2,4142.0,2071.0,420,1555599.0,1501689.0,51314.711904,200.0,87095.0
1630,F,1964-02-19,34,DISPONENT,,28,Plzen - sever,west Bohemia,72541,8594.0,2.0,1580.0,0,,0.0,,0.0,Sin Prestamo,Sin Prestamo,0,0.0,,0,0.0,0.0,,,
1631,M,1976-04-30,22,OWNER,,74,Ostrava - mesto,north Moravia,323870,10673.0,5.0,18782.0,0,,0.0,,0.0,Sin Prestamo,Sin Prestamo,2,2067.0,1033.5,105,75081.0,62158.0,18616.428571,400.0,29869.0
1632,F,1943-02-20,55,OWNER,,8,Mlada Boleslav,central Bohemia,112065,11277.0,1.0,5179.0,0,,0.0,,0.0,Sin Prestamo,Sin Prestamo,1,2066.0,2066.0,105,79129.0,66076.0,12964.390476,500.0,16871.0
1633,F,1972-08-28,26,OWNER,,55,Brno - venkov,south Moravia,157042,8743.0,2.0,3659.0,0,,0.0,,0.0,Sin Prestamo,Sin Prestamo,3,5534.0,1844.666666,80,154648.0,102329.0,40882.3875,300.0,60347.0
1634,M,1969-11-10,29,DISPONENT,,55,Brno - venkov,south Moravia,157042,8743.0,2.0,3659.0,0,,0.0,,0.0,Sin Prestamo,Sin Prestamo,0,0.0,,0,0.0,0.0,,,
1635,F,1930-09-02,68,OWNER,,75,Prerov,north Moravia,138032,8819.0,5.0,4063.0,0,,0.0,,0.0,Sin Prestamo,Sin Prestamo,2,3813.0,1906.5,196,224963.0,208725.0,17725.107142,700.0,30698.0
1636,M,1932-09-12,66,DISPONENT,,75,Prerov,north Moravia,138032,8819.0,5.0,4063.0,0,,0.0,,0.0,Sin Prestamo,Sin Prestamo,0,0.0,,0,0.0,0.0,,,
1637,M,1943-10-20,55,OWNER,,21,Tabor,south Bohemia,103347,9104.0,2.0,2299.0,0,,0.0,,0.0,Sin Prestamo,Sin Prestamo,3,11447.0,3815.666666,146,685903.0,631325.0,42679.917808,1000.0,108718.0
1638,F,1954-01-30,44,OWNER,,40,Teplice,north Bohemia,128118,9317.0,6.0,6949.0,0,,0.0,,0.0,Sin Prestamo,Sin Prestamo,1,2227.0,2227.0,138,113155.0,83973.0,21981.956521,300.0,32946.0
1639,F,1959-05-01,39,OWNER,,1,Hl.m. Praha,Prague,1204953,12541.0,0.0,85677.0,0,,0.0,,0.0,Sin Prestamo,Sin Prestamo,4,7004.0,1751.0,432,1388910.0,1325508.0,53775.861111,500.0,88471.0
1640,F,1953-06-13,45,OWNER,,51,Trutnov,east Bohemia,121947,8541.0,3.0,3496.0,0,,0.0,,0.0,Sin Prestamo,Sin Prestamo,2,7297.0,3648.5,346,995271.0,954612.0,32561.384393,700.0,57363.0
1641,F,1923-01-28,75,OWNER,,31,Tachov,west Bohemia,51313,8930.0,4.0,1328.0,0,,0.0,,0.0,Sin Prestamo,Sin Prestamo,1,3080.0,3080.0,76,85116.0,71975.0,16144.43421,1000.0,22864.0
1642,F,1959-10-10,39,OWNER,,1,Hl.m. Praha,Prague,1204953,12541.0,0.0,85677.0,0,,0.0,,0.0,Sin Prestamo,Sin Prestamo,1,3606.0,3606.0,85,335809.0,277517.0,43578.988235,1100.0,72658.0
1643,F,1976-04-17,22,OWNER,,39,Most,north Bohemia,119895,10446.0,7.0,4947.0,0,,0.0,,0.0,Sin Prestamo,Sin Prestamo,0,0.0,,107,140385.0,126070.0,21300.448598,1000.0,36883.0
1644,M,1976-06-06,22,OWNER,,56,Breclav,south Moravia,124605,8772.0,5.0,2854.0,0,,0.0,,0.0,Sin Prestamo,Sin Prestamo,1,2290.0,2290.0,211,193847.0,131070.0,38950.293838,900.0,64822.0
1645,F,1961-03-10,37,OWNER,,39,Most,north Bohemia,119895,10446.0,7.0,4947.0,0,,0.0,,0.0,Sin Prestamo,Sin Prestamo,1,2980.0,2980.0,182,230006.0,191045.0,33510.840659,500.0,58737.0
1646,M,1966-03-17,32,OWNER,,8,Mlada Boleslav,central Bohemia,112065,11277.0,1.0,5179.0,0,,0.0,,0.0,Sin Prestamo,Sin Prestamo,0,0.0,,120,102217.0,30500.0,33129.233333,600.0,71696.0
1647,F,1978-03-26,20,OWNER,,71,Novy Jicin,north Moravia,161227,8678.0,6.0,4980.0,0,,0.0,,0.0,Sin Prestamo,Sin Prestamo,0,0.0,,279,406174.0,343470.0,41417.90681,700.0,100726.0
1648,M,1952-03-12,46,OWNER,,46,Nachod,east Bohemia,112709,8369.0,2.0,2854.0,0,,0.0,,0.0,Sin Prestamo,Sin Prestamo,1,6195.0,6195.0,125,551428.0,501085.0,40661.728,1100.0,69347.0
1649,F,1950-03-16,48,DISPONENT,,46,Nachod,east Bohemia,112709,8369.0,2.0,2854.0,0,,0.0,,0.0,Sin Prestamo,Sin Prestamo,0,0.0,,0,0.0,0.0,,,
1650,M,1953-03-29,45,OWNER,,1,Hl.m. Praha,Prague,1204953,12541.0,0.0,85677.0,0,,0.0,,0.0,Sin Prestamo,Sin Prestamo,0,0.0,,83,402505.0,341465.0,42392.771084,1000.0,110286.0
1651,F,1966-07-10,32,OWNER,,11,Praha - zapad,central Bohemia,75637,9622.0,0.0,3475.0,0,,0.0,,0.0,Sin Prestamo,Sin Prestamo,4,6888.0,1722.0,158,544644.0,512856.0,52859.158227,1000.0,78381.0
1653,M,1944-06-19,54,OWNER,,42,Havlickuv Brod,east Bohemia,95907,8388.0,2.0,1658.0,0,,0.0,,0.0,Sin Prestamo,Sin Prestamo,1,2314.0,2314.0,185,182615.0,110702.0,43136.664864,300.0,71921.0
1654,M,1963-12-08,35,OWNER,,60,Prostejov,south Moravia,110643,8441.0,3.0,1879.0,0,,0.0,,0.0,Sin Prestamo,Sin Prestamo,3,5084.0,1694.666666,534,647162.0,623599.0,26990.117977,900.0,41307.0
1655,M,1972-02-04,26,OWNER,,74,Ostrava - mesto,north Moravia,323870,10673.0,5.0,18782.0,0,,0.0,,0.0,Sin Prestamo,Sin Prestamo,4,5213.0,1303.25,224,375952.0,351440.0,27021.522321,800.0,47715.0
1656,F,1968-06-18,30,OWNER,,22,Domazlice,west Bohemia,58400,8620.0,1.0,1089.0,0,,0.0,,0.0,Sin Prestamo,Sin Prestamo,1,4439.0,4439.0,125,424337.0,411754.0,30655.736,1100.0,133421.0
1657,M,1935-10-02,63,OWNER,,32,Ceska Lipa,north Bohemia,105058,9272.0,3.0,4340.0,0,,0.0,,0.0,Sin Prestamo,Sin Prestamo,2,7743.0,3871.5,215,478532.0,424124.0,36369.832558,400.0,59593.0
1658,F,1929-08-21,69,OWNER,,52,Usti nad Orlici,east Bohemia,139012,8363.0,3.0,2564.0,0,,0.0,,0.0,Sin Prestamo,Sin Prestamo,1,1852.0,1852.0,125,160475.0,120774.0,32688.312,600.0,49366.0
1659,F,1937-12-15,61,OWNER,,1,Hl.m. Praha,Prague,1204953,12541.0,0.0,85677.0,0,,0.0,,0.0,Sin Prestamo,Sin Prestamo,1,3074.0,3074.0,256,263072.0,237393.0,21367.824218,400.0,28667.0
1660,F,1982-12-11,16,OWNER,,1,Hl.m. Praha,Prague,1204953,12541.0,0.0,85677.0,0,,0.0,,0.0,Sin Prestamo,Sin Prestamo,0,0.0,,389,593901.0,570975.0,38318.095115,300.0,111312.0
1661,F,1953-04-16,45,OWNER,,47,Pardubice,east Bohemia,162580,9538.0,2.0,6079.0,0,,0.0,,0.0,Sin Prestamo,Sin Prestamo,2,1974.0,987.0,361,200650.0,184769.0,17875.919667,500.0,25193.0
1662,M,1967-09-07,31,OWNER,,53,Blansko,south Moravia,107911,8240.0,3.0,1850.0,1,5236.0,389136.0,48.0,8107.0,C,Vigente,1,8107.0,8107.0,166,1444611.0,1407368.0,55641.03012,700.0,126404.0
1663,M,1957-04-29,41,OWNER,True,19,Prachatice,south Bohemia,51428,8402.0,3.0,999.0,1,5237.0,45336.0,24.0,1889.0,A,Cerrado,2,7819.0,3909.5,358,1256673.0,1171861.0,51307.854748,800.0,93209.0
1664,F,1918-11-10,80,OWNER,,64,Zlin,south Moravia,197099,9624.0,2.0,4484.0,0,,0.0,,0.0,Sin Prestamo,Sin Prestamo,1,2731.0,2731.0,167,163423.0,140175.0,20798.874251,700.0,32149.0
1665,M,1912-03-02,86,DISPONENT,,64,Zlin,south Moravia,197099,9624.0,2.0,4484.0,0,,0.0,,0.0,Sin Prestamo,Sin Prestamo,0,0.0,,0,0.0,0.0,,,
1666,M,1941-08-31,57,OWNER,,1,Hl.m. Praha,Prague,1204953,12541.0,0.0,85677.0,0,,0.0,,0.0,Sin Prestamo,Sin Prestamo,1,2272.0,2272.0,122,94386.0,79366.0,15572.352459,300.0,20969.0
1667,F,1940-08-13,58,DISPONENT,,1,Hl.m. Praha,Prague,1204953,12541.0,0.0,85677.0,0,,0.0,,0.0,Sin Prestamo,Sin Prestamo,0,0.0,,0,0.0,0.0,,,
1668,F,1949-08-17,49,OWNER,,20,Strakonice,south Bohemia,70646,8547.0,3.0,1563.0,0,,0.0,,0.0,Sin Prestamo,Sin Prestamo,4,5874.0,1468.5,600,1877463.0,1778066.0,66859.646666,1100.0,114101.0
1669,M,1952-10-25,46,OWNER,,47,Pardubice,east Bohemia,162580,9538.0,2.0,6079.0,0,,0.0,,0.0,Sin Prestamo,Sin Prestamo,1,6953.0,6953.0,69,182303.0,134480.0,36702.753623,700.0,50332.0
1670,M,1961-05-07,37,OWNER,,53,Blansko,south Moravia,107911,8240.0,3.0,1850.0,0,,0.0,,0.0,Sin Prestamo,Sin Prestamo,3,11129.0,3709.666666,224,891808.0,822905.0,49204.638392,1100.0,85744.0
1671,F,1931-09-15,67,OWNER,,57,Hodonin,south Moravia,161954,8720.0,4.0,3729.0,0,,0.0,,0.0,Sin Prestamo,Sin Prestamo,1,2705.0,2705.0,287,257266.0,237050.0,18330.703832,1000.0,28999.0
1672,M,1928-01-07,70,DISPONENT,,57,Hodonin,south Moravia,161954,8720.0,4.0,3729.0,0,,0.0,,0.0,Sin Prestamo,Sin Prestamo,0,0.0,,0,0.0,0.0,,,
1673,M,1972-07-09,26,OWNER,,48,Rychnov nad Kneznou,east Bohemia,78955,9060.0,2.0,1655.0,0,,0.0,,0.0,Sin Prestamo,Sin Prestamo,1,2059.0,2059.0,324,206676.0,181710.0,19169.496913,800.0,25243.0
1674,F,1920-10-27,78,OWNER,,11,Praha - zapad,central Bohemia,75637,9622.0,0.0,3475.0,0,,0.0,,0.0,Sin Prestamo,Sin Prestamo,1,2173.0,2173.0,172,226516.0,193959.0,36376.023255,1000.0,50913.0
1675,M,1940-02-15,58,OWNER,,74,Ostrava - mesto,north Moravia,323870,10673.0,5.0,18782.0,0,,0.0,,0.0,Sin Prestamo,Sin Prestamo,0,0.0,,168,1141454.0,1087690.0,48611.619047,-2264.0,114021.0
1676,M,1953-02-03,45,OWNER,,53,Blansko,south Moravia,107911,8240.0,3.0,1850.0,0,,0.0,,0.0,Sin Prestamo,Sin Prestamo,1,9834.0,9834.0,106,390929.0,321469.0,57250.160377,1000.0,79028.0
1677,F,1946-09-07,52,DISPONENT,,53,Blansko,south Moravia,107911,8240.0,3.0,1850.0,0,,0.0,,0.0,Sin Prestamo,Sin Prestamo,0,0.0,,0,0.0,0.0,,,
1679,F,1942-04-17,56,OWNER,,67,Bruntal,north Moravia,106054,8110.0,6.0,3244.0,0,,0.0,,0.0,Sin Prestamo,Sin Prestamo,0,0.0,,43,55392.0,6500.0,32713.465116,1100.0,48892.0
1680,F,1975-03-28,23,OWNER,,29,Rokycany,west Bohemia,45714,8843.0,3.0,818.0,0,,0.0,,0.0,Sin Prestamo,Sin Prestamo,0,0.0,,243,1305250.0,1241865.0,43848.440329,700.0,78299.0
1681,M,1940-11-25,58,OWNER,,34,Chomutov,north Bohemia,125236,9675.0,6.0,5323.0,1,5241.0,125472.0,24.0,5228.0,C,Vigente,2,11604.0,5802.0,126,699565.0,636438.0,48904.253968,800.0,117375.0
1682,M,1956-09-07,42,OWNER,,69,Jesenik,north Moravia,42821,8173.0,,,0,,0.0,,0.0,Sin Prestamo,Sin Prestamo,2,7158.0,3579.0,150,311446.0,278305.0,26302.02,400.0,47088.0
1683,F,1951-12-24,47,OWNER,,15,Cesky Krumlov,south Bohemia,58796,9045.0,3.0,1845.0,0,,0.0,,0.0,Sin Prestamo,Sin Prestamo,1,3053.0,3053.0,131,424909.0,382025.0,38199.190839,600.0,59291.0
1684,M,1946-10-25,52,DISPONENT,,15,Cesky Krumlov,south Bohemia,58796,9045.0,3.0,1845.0,0,,0.0,,0.0,Sin Prestamo,Sin Prestamo,0,0.0,,0,0.0,0.0,,,
1685,F,1944-04-21,54,OWNER,,61,Trebic,south Moravia,117897,8814.0,5.0,2112.0,0,,0.0,,0.0,Sin Prestamo,Sin Prestamo,2,7297.0,3648.5,441,1746904.0,1681956.0,60838.430839,700.0,124909.0
1686,F,1947-11-08,51,OWNER,,1,Hl.m. Praha,Prague,1204953,12541.0,0.0,85677.0,0,,0.0,,0.0,Sin Prestamo,Sin Prestamo,1,5254.0,5254.0,123,243246.0,211100.0,33631.365853,600.0,49045.0
1687,M,1947-02-27,51,DISPONENT,,1,Hl.m. Praha,Prague,1204953,12541.0,0.0,85677.0,0,,0.0,,0.0,Sin Prestamo,Sin Prestamo,0,0.0,,0,0.0,0.0,,,
1688,M,1923-08-10,75,OWNER,,32,Ceska Lipa,north Bohemia,105058,9272.0,3.0,4340.0,0,,0.0,,0.0,Sin Prestamo,Sin Prestamo,2,2100.0,1050.0,270,312283.0,246111.0,39580.622222,600.0,67266.0
1689,M,1936-12-04,62,OWNER,,1,Hl.m. Praha,Prague,1204953,12541.0,0.0,85677.0,0,,0.0,,0.0,Sin Prestamo,Sin Prestamo,1,3432.0,3432.0,207,289281.0,237604.0,30589.357487,300.0,51689.0
1690,F,1947-08-17,51,OWNER,,46,Nachod,east Bohemia,112709,8369.0,2.0,2854.0,0,,0.0,,0.0,Sin Prestamo,Sin Prestamo,1,14707.0,14707.0,196,1296448.0,1262916.0,57099.27551,400.0,128388.0
1691,F,1978-02-08,20,OWNER,,21,Tabor,south Bohemia,103347,9104.0,2.0,2299.0,0,,0.0,,0.0,Sin Prestamo,Sin Prestamo,1,8319.0,8319.0,403,1325334.0,1281876.0,35361.853598,700.0,62010.0
1692,M,1972-02-07,26,OWNER,,62,Uherske Hradiste,south Moravia,145688,8544.0,1.0,2719.0,0,,0.0,,0.0,Sin Prestamo,Sin Prestamo,0,0.0,,67,67804.0,35800.0,33711.492537,1000.0,48271.0
1693,F,1980-07-06,18,OWNER,,45,Jicin,east Bohemia,77917,8390.0,2.0,2080.0,0,,0.0,,0.0,Sin Prestamo,Sin Prestamo,4,5814.0,1453.5,249,335902.0,298723.0,30223.827309,800.0,46881.0
1694,M,1979-12-27,19,DISPONENT,,45,Jicin,east Bohemia,77917,8390.0,2.0,2080.0,0,,0.0,,0.0,Sin Prestamo,Sin Prestamo,0,0.0,,0,0.0,0.0,,,
1696,F,1923-03-21,75,OWNER,,1,Hl.m. Praha,Prague,1204953,12541.0,0.0,85677.0,0,,0.0,,0.0,Sin Prestamo,Sin Prestamo,1,2463.0,2463.0,353,447450.0,405815.0,34598.951841,300.0,51101.0
1697,F,1964-01-10,34,OWNER,,55,Brno - venkov,south Moravia,157042,8743.0,2.0,3659.0,0,,0.0,,0.0,Sin Prestamo,Sin Prestamo,4,5139.0,1284.75,589,712729.0,689141.0,29080.042444,400.0,50569.0
1698,M,1967-11-21,31,DISPONENT,,55,Brno - venkov,south Moravia,157042,8743.0,2.0,3659.0,0,,0.0,,0.0,Sin Prestamo,Sin Prestamo,0,0.0,,0,0.0,0.0,,,
1699,M,1955-03-11,43,OWNER,,17,Pelhrimov,south Bohemia,74062,8114.0,2.0,1003.0,0,,0.0,,0.0,Sin Prestamo,Sin Prestamo,1,9120.0,9120.0,203,653656.0,628455.0,28845.566502,1000.0,54577.0
1700,M,1949-03-09,49,OWNER,,7,Melnik,central Bohemia,94725,9920.0,2.0,4289.0,0,,0.0,,0.0,Sin Prestamo,Sin Prestamo,5,9086.0,1817.2,559,1867098.0,1808454.0,54854.872987,400.0,146017.0
1701,F,1945-06-11,53,DISPONENT,,7,Melnik,central Bohemia,94725,9920.0,2.0,4289.0,0,,0.0,,0.0,Sin Prestamo,Sin Prestamo,0,0.0,,0,0.0,0.0,,,
1702,F,1973-04-07,25,OWNER,,53,Blansko,south Moravia,107911,8240.0,3.0,1850.0,0,,0.0,,0.0,Sin Prestamo,Sin Prestamo,2,2387.0,1193.5,191,160362.0,121131.0,33348.476439,400.0,45833.0
1703,M,1918-01-11,80,OWNER,,50,Svitavy,east Bohemia,102609,8187.0,5.0,2123.0,0,,0.0,,0.0,Sin Prestamo,Sin Prestamo,2,2760.0,1380.0,318,245012.0,228795.0,20571.786163,200.0,33217.0
1704,F,1914-10-03,84,DISPONENT,,50,Svitavy,east Bohemia,102609,8187.0,5.0,2123.0,0,,0.0,,0.0,Sin Prestamo,Sin Prestamo,0,0.0,,0,0.0,0.0,,,
1705,F,1946-07-01,52,OWNER,,19,Prachatice,south Bohemia,51428,8402.0,3.0,999.0,1,5245.0,125472.0,24.0,5228.0,C,Vigente,2,20110.0,10055.0,182,1331689.0,1257517.0,77371.252747,800.0,143697.0
1706,M,1944-07-19,54,DISPONENT,,19,Prachatice,south Bohemia,51428,8402.0,3.0,999.0,0,,0.0,,0.0,Sin Prestamo,Sin Prestamo,0,0.0,,0,0.0,0.0,,,
1707,M,1951-02-18,47,OWNER,,10,Praha - vychod,central Bohemia,92084,10124.0,1.0,3810.0,0,,0.0,,0.0,Sin Prestamo,Sin Prestamo,0,0.0,,139,1133583.0,1041644.0,71004.84892,200.0,123851.0
1709,F,1952-12-13,46,OWNER,,74,Ostrava - mesto,north Moravia,323870,10673.0,5.0,18782.0,0,,0.0,,0.0,Sin Prestamo,Sin Prestamo,1,3816.0,3816.0,380,1465961.0,1379745.0,67725.128947,500.0,109922.0
1710,M,1944-02-11,54,OWNER,,54,Brno - mesto,south Moravia,387570,9897.0,2.0,18721.0,0,,0.0,,0.0,Sin Prestamo,Sin Prestamo,1,5174.0,5174.0,393,997382.0,899214.0,59822.152671,600.0,111266.0
1711,F,1962-06-14,36,OWNER,,64,Zlin,south Moravia,197099,9624.0,2.0,4484.0,0,,0.0,,0.0,Sin Prestamo,Sin Prestamo,3,3819.0,1273.0,511,1054105.0,1022251.0,28634.420743,1000.0,58495.0
1712,M,1964-01-01,34,DISPONENT,,64,Zlin,south Moravia,197099,9624.0,2.0,4484.0,0,,0.0,,0.0,Sin Prestamo,Sin Prestamo,0,0.0,,0,0.0,0.0,,,
1713,M,1935-04-21,63,OWNER,,65,Znojmo,south Moravia,114200,8403.0,6.0,2157.0,0,,0.0,,0.0,Sin Prestamo,Sin Prestamo,3,6113.0,2037.666666,294,656314.0,623149.0,28388.119047,1100.0,54186.0
1714,M,1945-05-22,53,OWNER,,58,Jihlava,south Moravia,109164,8757.0,3.0,2212.0,0,,0.0,,0.0,Sin Prestamo,Sin Prestamo,3,9134.0,3044.666666,346,821866.0,784292.0,27896.456647,600.0,62180.0
1717,F,1979-03-07,19,OWNER,,73,Opava,north Moravia,182027,8746.0,3.0,4355.0,0,,0.0,,0.0,Sin Prestamo,Sin Prestamo,1,3688.0,3688.0,344,2083769.0,2090512.0,46694.726744,-6746.0,139709.0
1718,M,1938-07-27,60,OWNER,,75,Prerov,north Moravia,138032,8819.0,5.0,4063.0,0,,0.0,,0.0,Sin Prestamo,Sin Prestamo,1,7394.0,7394.0,279,1281920.0,1179581.0,65305.455197,200.0,115548.0
1719,M,1970-08-09,28,OWNER,,35,Jablonec n. Nisou,north Bohemia,88768,8867.0,1.0,3384.0,0,,0.0,,0.0,Sin Prestamo,Sin Prestamo,1,6759.0,6759.0,119,275568.0,244212.0,31622.941176,900.0,47213.0
1720,F,1934-02-24,64,OWNER,,33,Decin,north Bohemia,133777,8705.0,6.0,4650.0,0,,0.0,,0.0,Sin Prestamo,Sin Prestamo,1,3305.0,3305.0,308,368772.0,336800.0,21866.545454,400.0,32613.0
1721,M,1934-07-02,64,DISPONENT,,33,Decin,north Bohemia,133777,8705.0,6.0,4650.0,0,,0.0,,0.0,Sin Prestamo,Sin Prestamo,0,0.0,,0,0.0,0.0,,,
1722,M,1933-10-01,65,OWNER,,68,Frydek - Mistek,north Moravia,228848,9893.0,4.0,5623.0,0,,0.0,,0.0,Sin Prestamo,Sin Prestamo,1,1794.0,1794.0,217,229002.0,186712.0,25677.18894,900.0,42305.0
1723,F,1981-02-28,17,OWNER,,71,Novy Jicin,north Moravia,161227,8678.0,6.0,4980.0,0,,0.0,,0.0,Sin Prestamo,Sin Prestamo,0,0.0,,302,395289.0,329820.0,38075.854304,1100.0,85739.0
1724,F,1934-10-21,64,OWNER,,68,Frydek - Mistek,north Moravia,228848,9893.0,4.0,5623.0,0,,0.0,,0.0,Sin Prestamo,Sin Prestamo,1,2655.0,2655.0,363,404224.0,366095.0,25397.311294,400.0,46671.0
1725,F,1959-01-18,39,OWNER,,76,Sumperk,north Moravia,127369,8369.0,5.0,3736.0,0,,0.0,,0.0,Sin Prestamo,Sin Prestamo,2,3607.0,1803.5,225,246030.0,231702.0,17534.591111,900.0,37013.0
1726,M,1952-06-03,46,DISPONENT,,76,Sumperk,north Moravia,127369,8369.0,5.0,3736.0,0,,0.0,,0.0,Sin Prestamo,Sin Prestamo,0,0.0,,0,0.0,0.0,,,
1727,M,1951-01-21,47,OWNER,,32,Ceska Lipa,north Bohemia,105058,9272.0,3.0,4340.0,0,,0.0,,0.0,Sin Prestamo,Sin Prestamo,1,6224.0,6224.0,101,370944.0,349490.0,26954.059405,600.0,57384.0
1728,F,1946-08-18,52,DISPONENT,,32,Ceska Lipa,north Bohemia,105058,9272.0,3.0,4340.0,0,,0.0,,0.0,Sin Prestamo,Sin Prestamo,0,0.0,,0,0.0,0.0,,,
1729,M,1947-05-16,51,OWNER,,76,Sumperk,north Moravia,127369,8369.0,5.0,3736.0,0,,0.0,,0.0,Sin Prestamo,Sin Prestamo,1,4069.0,4069.0,395,616160.0,563993.0,37374.605063,900.0,65817.0
1730,M,1932-12-15,66,OWNER,,40,Teplice,north Bohemia,128118,9317.0,6.0,6949.0,0,,0.0,,0.0,Sin Prestamo,Sin Prestamo,1,2681.0,2681.0,165,155687.0,132499.0,19229.587878,200.0,27655.0
1731,F,1968-11-30,30,OWNER,,17,Pelhrimov,south Bohemia,74062,8114.0,2.0,1003.0,0,,0.0,,0.0,Sin Prestamo,Sin Prestamo,1,6046.0,6046.0,210,532922.0,479279.0,45127.404761,1000.0,76860.0
1733,F,1974-07-20,24,OWNER,,57,Hodonin,south Moravia,161954,8720.0,4.0,3729.0,0,,0.0,,0.0,Sin Prestamo,Sin Prestamo,1,2166.0,2166.0,316,218356.0,188896.0,23171.620253,1100.0,33179.0
1734,M,1975-11-10,23,OWNER,,26,Plzen - mesto,west Bohemia,170449,10787.0,3.0,6041.0,0,,0.0,,0.0,Sin Prestamo,Sin Prestamo,1,4127.0,4127.0,12,23900.0,12900.0,15191.666666,800.0,22900.0
1735,F,1976-05-31,22,DISPONENT,,26,Plzen - mesto,west Bohemia,170449,10787.0,3.0,6041.0,0,,0.0,,0.0,Sin Prestamo,Sin Prestamo,0,0.0,,0,0.0,0.0,,,
1736,F,1979-04-17,19,OWNER,,41,Usti nad Labem,north Bohemia,118650,9832.0,3.0,6445.0,0,,0.0,,0.0,Sin Prestamo,Sin Prestamo,0,0.0,,181,225968.0,205720.0,22964.491712,200.0,60510.0
1737,M,1955-07-30,43,OWNER,,27,Plzen - jih,west Bohemia,67298,8561.0,1.0,1029.0,0,,0.0,,0.0,Sin Prestamo,Sin Prestamo,2,16857.0,8428.5,87,607780.0,585279.0,33209.781609,1000.0,99393.0
1738,F,1963-01-25,35,DISPONENT,,27,Plzen - jih,west Bohemia,67298,8561.0,1.0,1029.0,0,,0.0,,0.0,Sin Prestamo,Sin Prestamo,0,0.0,,0,0.0,0.0,,,
1741,M,1932-07-02,66,OWNER,,70,Karvina,north Moravia,285387,10177.0,7.0,9878.0,0,,0.0,,0.0,Sin Prestamo,Sin Prestamo,1,3214.0,3214.0,73,83571.0,61488.0,16411.863013,200.0,24536.0
1742,M,1954-06-06,44,OWNER,,1,Hl.m. Praha,Prague,1204953,12541.0,0.0,85677.0,0,,0.0,,0.0,Sin Prestamo,Sin Prestamo,1,7949.0,7949.0,135,616743.0,562329.0,37691.14074,800.0,75328.0
1743,M,1959-07-27,39,OWNER,,3,Beroun,central Bohemia,75232,8980.0,2.0,2824.0,0,,0.0,,0.0,Sin Prestamo,Sin Prestamo,1,3104.0,3104.0,274,326730.0,276336.0,35472.981751,500.0,53825.0
1744,F,1969-12-28,29,OWNER,,50,Svitavy,east Bohemia,102609,8187.0,5.0,2123.0,0,,0.0,,0.0,Sin Prestamo,Sin Prestamo,4,2161.0,540.25,358,183027.0,160573.0,21279.072625,1000.0,32464.0
1745,F,1959-10-18,39,OWNER,,23,Cheb,west Bohemia,87419,8624.0,2.0,2879.0,0,,0.0,,0.0,Sin Prestamo,Sin Prestamo,0,0.0,,78,336892.0,294251.0,47467.089743,600.0,103886.0
1746,F,1959-09-10,39,OWNER,,11,Praha - zapad,central Bohemia,75637,9622.0,0.0,3475.0,0,,0.0,,0.0,Sin Prestamo,Sin Prestamo,1,2122.0,2122.0,161,114085.0,94602.0,15752.863354,700.0,21716.0
1747,M,1956-02-20,42,DISPONENT,,11,Praha - zapad,central Bohemia,75637,9622.0,0.0,3475.0,0,,0.0,,0.0,Sin Prestamo,Sin Prestamo,0,0.0,,0,0.0,0.0,,,
1748,M,1976-12-31,22,OWNER,,64,Zlin,south Moravia,197099,9624.0,2.0,4484.0,0,,0.0,,0.0,Sin Prestamo,Sin Prestamo,3,2132.0,710.666666,466,258186.0,237442.0,20696.195278,500.0,32004.0
1749,F,1928-11-17,70,OWNER,,50,Svitavy,east Bohemia,102609,8187.0,5.0,2123.0,0,,0.0,,0.0,Sin Prestamo,Sin Prestamo,1,2425.0,2425.0,270,323207.0,280755.0,25430.196296,500.0,45210.0
1750,M,1964-12-31,34,OWNER,,23,Cheb,west Bohemia,87419,8624.0,2.0,2879.0,0,,0.0,,0.0,Sin Prestamo,Sin Prestamo,1,5950.0,5950.0,384,1346406.0,1291800.0,37225.953125,300.0,65063.0
1751,M,1959-01-24,39,OWNER,,54,Brno - mesto,south Moravia,387570,9897.0,2.0,18721.0,0,,0.0,,0.0,Sin Prestamo,Sin Prestamo,1,7505.0,7505.0,73,332532.0,290500.0,38872.465753,700.0,63015.0
1752,M,1978-11-23,20,OWNER,,70,Karvina,north Moravia,285387,10177.0,7.0,9878.0,0,,0.0,,0.0,Sin Prestamo,Sin Prestamo,1,2024.0,2024.0,171,151411.0,93309.0,34600.953216,700.0,61180.0
1753,F,1979-02-26,19,OWNER,,60,Prostejov,south Moravia,110643,8441.0,3.0,1879.0,0,,0.0,,0.0,Sin Prestamo,Sin Prestamo,4,4524.0,1131.0,266,274769.0,259335.0,24483.924812,900.0,40016.0
1754,M,1979-05-29,19,OWNER,,57,Hodonin,south Moravia,161954,8720.0,4.0,3729.0,0,,0.0,,0.0,Sin Prestamo,Sin Prestamo,1,4877.0,4877.0,270,923896.0,830141.0,57786.429629,1100.0,99182.0
1755,F,1965-08-18,33,OWNER,,65,Znojmo,south Moravia,114200,8403.0,6.0,2157.0,1,5253.0,100080.0,48.0,2085.0,C,Vigente,2,10295.0,5147.5,127,313819.0,294319.0,29367.488188,300.0,48705.0
1756,M,1936-07-08,62,OWNER,,1,Hl.m. Praha,Prague,1204953,12541.0,0.0,85677.0,0,,0.0,,0.0,Sin Prestamo,Sin Prestamo,1,7156.0,7156.0,62,56705.0,31900.0,18489.0,1100.0,26516.0
1757,F,1937-09-30,61,DISPONENT,,1,Hl.m. Praha,Prague,1204953,12541.0,0.0,85677.0,0,,0.0,,0.0,Sin Prestamo,Sin Prestamo,0,0.0,,0,0.0,0.0,,,
1758,M,1947-11-13,51,OWNER,,35,Jablonec n. Nisou,north Bohemia,88768,8867.0,1.0,3384.0,0,,0.0,,0.0,Sin Prestamo,Sin Prestamo,2,3140.0,1570.0,441,495631.0,436765.0,36809.587301,800.0,63166.0
1759,F,1923-01-16,75,OWNER,,63,Vyskov,south Moravia,86513,8288.0,4.0,1562.0,0,,0.0,,0.0,Sin Prestamo,Sin Prestamo,1,3103.0,3103.0,160,219584.0,166094.0,37539.425,400.0,53500.0
1760,M,1923-03-07,75,OWNER,,77,Vsetin,north Moravia,148545,8909.0,4.0,3460.0,0,,0.0,,0.0,Sin Prestamo,Sin Prestamo,1,3734.0,3734.0,348,435318.0,413519.0,22482.887931,1000.0,36594.0
1761,M,1948-04-23,50,OWNER,,45,Jicin,east Bohemia,77917,8390.0,2.0,2080.0,0,,0.0,,0.0,Sin Prestamo,Sin Prestamo,0,0.0,,185,860467.0,757610.0,59898.345945,500.0,103890.0
1762,M,1956-12-30,42,OWNER,,61,Trebic,south Moravia,117897,8814.0,5.0,2112.0,0,,0.0,,0.0,Sin Prestamo,Sin Prestamo,2,8071.0,4035.5,434,3007717.0,2967788.0,58094.129032,600.0,154844.0
1763,M,1967-12-07,31,OWNER,,46,Nachod,east Bohemia,112709,8369.0,2.0,2854.0,0,,0.0,,0.0,Sin Prestamo,Sin Prestamo,0,0.0,,17,40100.0,4900.0,29264.705882,300.0,38500.0
1764,M,1971-07-09,27,OWNER,,66,Zdar nad Sazavou,south Moravia,125832,8512.0,4.0,2247.0,0,,0.0,,0.0,Sin Prestamo,Sin Prestamo,0,0.0,,173,289922.0,280850.0,19472.497109,-1179.0,45844.0
1765,M,1975-08-03,23,OWNER,,9,Nymburk,central Bohemia,81344,8899.0,3.0,2987.0,0,,0.0,,0.0,Sin Prestamo,Sin Prestamo,1,1251.0,1251.0,222,2025490.0,1939964.0,68687.261261,1100.0,151395.0
1768,M,1951-04-27,47,OWNER,,29,Rokycany,west Bohemia,45714,8843.0,3.0,818.0,0,,0.0,,0.0,Sin Prestamo,Sin Prestamo,1,3259.0,3259.0,353,1093462.0,1060070.0,33770.127478,700.0,56474.0
1769,M,1949-08-05,49,OWNER,,12,Pribram,central Bohemia,107870,8754.0,4.0,3804.0,0,,0.0,,0.0,Sin Prestamo,Sin Prestamo,2,2124.0,1062.0,101,68777.0,53478.0,14231.980198,900.0,20338.0
1770,F,1951-10-15,47,DISPONENT,,12,Pribram,central Bohemia,107870,8754.0,4.0,3804.0,0,,0.0,,0.0,Sin Prestamo,Sin Prestamo,0,0.0,,0,0.0,0.0,,,
1771,F,1927-10-20,71,OWNER,,54,Brno - mesto,south Moravia,387570,9897.0,2.0,18721.0,0,,0.0,,0.0,Sin Prestamo,Sin Prestamo,1,3417.0,3417.0,106,134581.0,106647.0,21649.169811,300.0,31495.0
1772,F,1979-09-21,19,OWNER,,73,Opava,north Moravia,182027,8746.0,3.0,4355.0,0,,0.0,,0.0,Sin Prestamo,Sin Prestamo,2,12922.0,6461.0,202,1543325.0,1444108.0,65801.782178,800.0,125462.0
1774,F,1971-10-05,27,OWNER,,32,Ceska Lipa,north Bohemia,105058,9272.0,3.0,4340.0,0,,0.0,,0.0,Sin Prestamo,Sin Prestamo,2,2224.0,1112.0,167,139102.0,102088.0,25959.071856,1000.0,37023.0
1775,M,1943-12-08,55,OWNER,,73,Opava,north Moravia,182027,8746.0,3.0,4355.0,0,,0.0,,0.0,Sin Prestamo,Sin Prestamo,0,0.0,,169,1443791.0,1401480.0,73549.189349,300.0,150867.0
1776,F,1954-10-24,44,OWNER,,30,Sokolov,west Bohemia,94812,9650.0,3.0,2985.0,0,,0.0,,0.0,Sin Prestamo,Sin Prestamo,2,2122.0,1061.0,278,201065.0,167006.0,23087.47482,300.0,45003.0
1777,F,1963-01-08,35,OWNER,,69,Jesenik,north Moravia,42821,8173.0,,,0,,0.0,,0.0,Sin Prestamo,Sin Prestamo,1,10056.0,10056.0,40,73245.0,55100.0,26522.4,800.0,62651.0
1778,M,1968-09-02,30,DISPONENT,,69,Jesenik,north Moravia,42821,8173.0,,,0,,0.0,,0.0,Sin Prestamo,Sin Prestamo,0,0.0,,0,0.0,0.0,,,
1779,M,1935-11-26,63,OWNER,,37,Litomerice,north Bohemia,114006,9065.0,4.0,4147.0,0,,0.0,,0.0,Sin Prestamo,Sin Prestamo,1,6814.0,6814.0,297,1210035.0,1132293.0,57275.993265,800.0,88107.0
1780,F,1954-12-09,44,OWNER,,54,Brno - mesto,south Moravia,387570,9897.0,2.0,18721.0,0,,0.0,,0.0,Sin Prestamo,Sin Prestamo,2,2149.0,1074.5,356,204761.0,177547.0,18588.126404,500.0,29270.0
1781,M,1924-08-16,74,OWNER,,67,Bruntal,north Moravia,106054,8110.0,6.0,3244.0,0,,0.0,,0.0,Sin Prestamo,Sin Prestamo,1,3574.0,3574.0,172,228797.0,196273.0,26429.738372,1000.0,41264.0
1782,M,1948-12-24,50,OWNER,,19,Prachatice,south Bohemia,51428,8402.0,3.0,999.0,0,,0.0,,0.0,Sin Prestamo,Sin Prestamo,1,4060.0,4060.0,313,806995.0,748935.0,38086.638977,1100.0,63311.0
1783,F,1946-10-05,52,OWNER,,1,Hl.m. Praha,Prague,1204953,12541.0,0.0,85677.0,0,,0.0,,0.0,Sin Prestamo,Sin Prestamo,3,8011.0,2670.333333,197,590224.0,530835.0,28547.055837,1000.0,67180.0
1784,F,1980-11-02,18,OWNER,,2,Benesov,central Bohemia,88884,8507.0,2.0,2159.0,0,,0.0,,0.0,Sin Prestamo,Sin Prestamo,2,5902.0,2951.0,251,421493.0,391834.0,29320.055776,900.0,46726.0
1785,M,1975-11-25,23,OWNER,,39,Most,north Bohemia,119895,10446.0,7.0,4947.0,0,,0.0,,0.0,Sin Prestamo,Sin Prestamo,1,1984.0,1984.0,141,97778.0,77583.0,16054.127659,600.0,21537.0
1786,F,1934-06-25,64,OWNER,,63,Vyskov,south Moravia,86513,8288.0,4.0,1562.0,0,,0.0,,0.0,Sin Prestamo,Sin Prestamo,1,2695.0,2695.0,115,111919.0,91065.0,19100.660869,900.0,24734.0
1787,M,1931-11-28,67,DISPONENT,,63,Vyskov,south Moravia,86513,8288.0,4.0,1562.0,0,,0.0,,0.0,Sin Prestamo,Sin Prestamo,0,0.0,,0,0.0,0.0,,,
1788,M,1950-03-23,48,OWNER,,1,Hl.m. Praha,Prague,1204953,12541.0,0.0,85677.0,0,,0.0,,0.0,Sin Prestamo,Sin Prestamo,0,0.0,,390,1662984.0,1626288.0,29285.166666,-1092.0,78303.0
1789,F,1933-08-07,65,OWNER,,61,Trebic,south Moravia,117897,8814.0,5.0,2112.0,0,,0.0,,0.0,Sin Prestamo,Sin Prestamo,1,3467.0,3467.0,348,441103.0,423923.0,18728.793103,200.0,34665.0
1790,M,1953-05-28,45,OWNER,,1,Hl.m. Praha,Prague,1204953,12541.0,0.0,85677.0,0,,0.0,,0.0,Sin Prestamo,Sin Prestamo,1,2100.0,2100.0,345,229477.0,207780.0,17438.173913,3151.0,25777.0
1791,F,1966-05-12,32,OWNER,,5,Kolin,central Bohemia,95616,9307.0,4.0,2616.0,0,,0.0,,0.0,Sin Prestamo,Sin Prestamo,1,11931.0,11931.0,145,839584.0,757229.0,53867.95862,900.0,140296.0
1792,M,1975-09-01,23,OWNER,,54,Brno - mesto,south Moravia,387570,9897.0,2.0,18721.0,0,,0.0,,0.0,Sin Prestamo,Sin Prestamo,1,2162.0,2162.0,253,186662.0,171662.0,22745.525691,700.0,34755.0
1793,F,1945-03-17,53,OWNER,,41,Usti nad Labem,north Bohemia,118650,9832.0,3.0,6445.0,1,5260.0,123300.0,36.0,3425.0,C,Vigente,1,3425.0,3425.0,162,1056573.0,1026895.0,54359.858024,800.0,132025.0
1794,F,1940-03-30,58,OWNER,,54,Brno - mesto,south Moravia,387570,9897.0,2.0,18721.0,0,,0.0,,0.0,Sin Prestamo,Sin Prestamo,1,2065.0,2065.0,348,226072.0,206730.0,18128.727011,1000.0,24502.0
1795,F,1960-02-28,38,OWNER,,38,Louny,north Bohemia,85852,8965.0,7.0,2653.0,0,,0.0,,0.0,Sin Prestamo,Sin Prestamo,3,4788.0,1596.0,169,607306.0,528945.0,52031.414201,500.0,84762.0
1796,M,1938-11-23,60,OWNER,,10,Praha - vychod,central Bohemia,92084,10124.0,1.0,3810.0,0,,0.0,,0.0,Sin Prestamo,Sin Prestamo,2,4663.0,2331.5,230,358630.0,300338.0,31660.504347,400.0,62651.0
1797,F,1941-11-04,57,DISPONENT,,10,Praha - vychod,central Bohemia,92084,10124.0,1.0,3810.0,0,,0.0,,0.0,Sin Prestamo,Sin Prestamo,0,0.0,,0,0.0,0.0,,,
1798,M,1933-07-08,65,OWNER,,70,Karvina,north Moravia,285387,10177.0,7.0,9878.0,0,,0.0,,0.0,Sin Prestamo,Sin Prestamo,2,3140.0,1570.0,146,181346.0,147194.0,26958.705479,200.0,38342.0
1799,M,1959-06-26,39,OWNER,,36,Liberec,north Bohemia,159617,9198.0,3.0,5796.0,0,,0.0,,0.0,Sin Prestamo,Sin Prestamo,3,7303.0,2434.333333,441,1765019.0,1655685.0,74517.269841,1000.0,178774.0
1800,F,1943-09-28,55,OWNER,,63,Vyskov,south Moravia,86513,8288.0,4.0,1562.0,0,,0.0,,0.0,Sin Prestamo,Sin Prestamo,3,8118.0,2706.0,244,897074.0,831725.0,46622.405737,400.0,73969.0
1801,M,1970-01-01,28,OWNER,,66,Zdar nad Sazavou,south Moravia,125832,8512.0,4.0,2247.0,0,,0.0,,0.0,Sin Prestamo,Sin Prestamo,1,2204.0,2204.0,324,218444.0,189881.0,22212.265432,1100.0,29262.0
1802,F,1964-10-16,34,DISPONENT,,66,Zdar nad Sazavou,south Moravia,125832,8512.0,4.0,2247.0,0,,0.0,,0.0,Sin Prestamo,Sin Prestamo,0,0.0,,0,0.0,0.0,,,
1803,F,1946-05-12,52,OWNER,,25,Klatovy,west Bohemia,88757,8554.0,2.0,1822.0,0,,0.0,,0.0,Sin Prestamo,Sin Prestamo,2,6080.0,3040.0,122,249824.0,218175.0,23689.467213,700.0,41614.0
1806,M,1952-01-03,46,OWNER,,5,Kolin,central Bohemia,95616,9307.0,4.0,2616.0,0,,0.0,,0.0,Sin Prestamo,Sin Prestamo,1,1658.0,1658.0,160,1080056.0,1005999.0,51772.425,200.0,152999.0
1807,M,1935-06-30,63,OWNER,,47,Pardubice,east Bohemia,162580,9538.0,2.0,6079.0,0,,0.0,,0.0,Sin Prestamo,Sin Prestamo,1,6966.0,6966.0,102,310020.0,258614.0,41861.852941,1000.0,57838.0
1808,F,1933-06-26,65,DISPONENT,,47,Pardubice,east Bohemia,162580,9538.0,2.0,6079.0,0,,0.0,,0.0,Sin Prestamo,Sin Prestamo,0,0.0,,0,0.0,0.0,,,
1809,M,1931-05-12,67,OWNER,,24,Karlovy Vary,west Bohemia,122603,8991.0,1.0,5198.0,0,,0.0,,0.0,Sin Prestamo,Sin Prestamo,1,1546.0,1546.0,113,125617.0,96397.0,19734.831858,800.0,31499.0
1810,M,1919-06-30,79,OWNER,,41,Usti nad Labem,north Bohemia,118650,9832.0,3.0,6445.0,0,,0.0,,0.0,Sin Prestamo,Sin Prestamo,2,2315.0,1157.5,411,366373.0,348860.0,18808.036496,200.0,28795.0
1811,M,1939-03-29,59,OWNER,,1,Hl.m. Praha,Prague,1204953,12541.0,0.0,85677.0,0,,0.0,,0.0,Sin Prestamo,Sin Prestamo,0,0.0,,63,396648.0,316950.0,64746.492063,900.0,84443.0
1812,F,1947-05-17,51,OWNER,,36,Liberec,north Bohemia,159617,9198.0,3.0,5796.0,0,,0.0,,0.0,Sin Prestamo,Sin Prestamo,2,3729.0,1864.5,407,1655988.0,1634737.0,50689.643734,300.0,92882.0
1813,M,1949-09-28,49,DISPONENT,,36,Liberec,north Bohemia,159617,9198.0,3.0,5796.0,0,,0.0,,0.0,Sin Prestamo,Sin Prestamo,0,0.0,,0,0.0,0.0,,,
1814,M,1940-03-12,58,OWNER,,57,Hodonin,south Moravia,161954,8720.0,4.0,3729.0,0,,0.0,,0.0,Sin Prestamo,Sin Prestamo,3,7125.0,2375.0,334,761896.0,727374.0,33806.191616,400.0,60020.0
1815,F,1977-02-24,21,OWNER,,16,Jindrichuv Hradec,south Bohemia,93931,8427.0,1.0,1874.0,0,,0.0,,0.0,Sin Prestamo,Sin Prestamo,2,5724.0,2862.0,380,629338.0,595440.0,23371.289473,1000.0,43293.0
1816,M,1951-07-24,47,OWNER,,62,Uherske Hradiste,south Moravia,145688,8544.0,1.0,2719.0,1,5265.0,165780.0,60.0,2763.0,C,Vigente,1,2763.0,2763.0,132,663608.0,594767.0,46121.174242,413.0,116112.0
1817,F,1953-12-06,45,OWNER,,47,Pardubice,east Bohemia,162580,9538.0,2.0,6079.0,0,,0.0,,0.0,Sin Prestamo,Sin Prestamo,1,3666.0,3666.0,357,533429.0,467982.0,35770.691876,1000.0,73332.0
1818,M,1956-10-02,42,DISPONENT,,47,Pardubice,east Bohemia,162580,9538.0,2.0,6079.0,0,,0.0,,0.0,Sin Prestamo,Sin Prestamo,0,0.0,,0,0.0,0.0,,,
1819,F,1979-04-20,19,OWNER,,43,Hradec Kralove,east Bohemia,161854,9425.0,2.0,4085.0,0,,0.0,,0.0,Sin Prestamo,Sin Prestamo,1,4119.0,4119.0,148,659621.0,601767.0,60579.074324,1000.0,92593.0
1820,F,1928-11-20,70,OWNER,,50,Svitavy,east Bohemia,102609,8187.0,5.0,2123.0,0,,0.0,,0.0,Sin Prestamo,Sin Prestamo,1,2292.0,2292.0,131,165242.0,138883.0,19123.114503,500.0,34677.0
1821,M,1941-04-24,57,OWNER,,1,Hl.m. Praha,Prague,1204953,12541.0,0.0,85677.0,0,,0.0,,0.0,Sin Prestamo,Sin Prestamo,1,7338.0,7338.0,101,560836.0,525085.0,43888.633663,200.0,116552.0
1822,F,1922-09-13,76,OWNER,,71,Novy Jicin,north Moravia,161227,8678.0,6.0,4980.0,0,,0.0,,0.0,Sin Prestamo,Sin Prestamo,1,3171.0,3171.0,141,154681.0,133253.0,19239.468085,300.0,27526.0
1823,F,1978-08-07,20,OWNER,,1,Hl.m. Praha,Prague,1204953,12541.0,0.0,85677.0,0,,0.0,,0.0,Sin Prestamo,Sin Prestamo,2,5506.0,2753.0,173,739800.0,719689.0,35580.109826,300.0,74093.0
1824,M,1960-08-03,38,OWNER,,69,Jesenik,north Moravia,42821,8173.0,,,0,,0.0,,0.0,Sin Prestamo,Sin Prestamo,0,0.0,,288,703020.0,711595.0,21117.15625,-14146.0,44075.0
1825,F,1974-04-24,24,OWNER,,51,Trutnov,east Bohemia,121947,8541.0,3.0,3496.0,0,,0.0,,0.0,Sin Prestamo,Sin Prestamo,1,9498.0,9498.0,56,109426.0,91835.0,17458.732142,500.0,28502.0
1826,M,1937-09-12,61,OWNER,,13,Rakovnik,central Bohemia,53921,8598.0,3.0,1597.0,0,,0.0,,0.0,Sin Prestamo,Sin Prestamo,1,6619.0,6619.0,379,1529075.0,1452239.0,48764.725593,800.0,99631.0
1827,F,1941-08-16,57,DISPONENT,,13,Rakovnik,central Bohemia,53921,8598.0,3.0,1597.0,0,,0.0,,0.0,Sin Prestamo,Sin Prestamo,0,0.0,,0,0.0,0.0,,,
1828,M,1962-11-14,36,OWNER,,69,Jesenik,north Moravia,42821,8173.0,,,0,,0.0,,0.0,Sin Prestamo,Sin Prestamo,2,10625.0,5312.5,157,1063311.0,1031254.0,45874.350318,500.0,116544.0
1829,F,1942-08-16,56,OWNER,,51,Trutnov,east Bohemia,121947,8541.0,3.0,3496.0,0,,0.0,,0.0,Sin Prestamo,Sin Prestamo,2,7263.0,3631.5,349,860357.0,843283.0,23597.169054,600.0,49251.0
1830,M,1952-02-03,46,OWNER,,33,Decin,north Bohemia,133777,8705.0,6.0,4650.0,0,,0.0,,0.0,Sin Prestamo,Sin Prestamo,1,9985.0,9985.0,176,776836.0,738720.0,36097.75,700.0,70943.0
1831,M,1976-10-09,22,OWNER,,51,Trutnov,east Bohemia,121947,8541.0,3.0,3496.0,0,,0.0,,0.0,Sin Prestamo,Sin Prestamo,1,1658.0,1658.0,335,2513131.0,2418067.0,52978.167164,-805.0,131127.0
1832,F,1966-07-31,32,OWNER,,1,Hl.m. Praha,Prague,1204953,12541.0,0.0,85677.0,0,,0.0,,0.0,Sin Prestamo,Sin Prestamo,1,8822.0,8822.0,337,940254.0,892780.0,38372.249258,900.0,68866.0
1833,M,1966-11-15,32,OWNER,,30,Sokolov,west Bohemia,94812,9650.0,3.0,2985.0,0,,0.0,,0.0,Sin Prestamo,Sin Prestamo,4,7549.0,1887.25,553,1082148.0,999313.0,47704.16094,500.0,86165.0
1834,M,1927-02-19,71,OWNER,,7,Melnik,central Bohemia,94725,9920.0,2.0,4289.0,0,,0.0,,0.0,Sin Prestamo,Sin Prestamo,2,3781.0,1890.5,93,109192.0,88438.0,23768.526881,900.0,30657.0
1835,F,1928-03-11,70,DISPONENT,,7,Melnik,central Bohemia,94725,9920.0,2.0,4289.0,0,,0.0,,0.0,Sin Prestamo,Sin Prestamo,0,0.0,,0,0.0,0.0,,,
1836,F,1944-03-07,54,OWNER,,36,Liberec,north Bohemia,159617,9198.0,3.0,5796.0,0,,0.0,,0.0,Sin Prestamo,Sin Prestamo,3,5219.0,1739.666666,540,1991549.0,1959082.0,53932.894444,400.0,92576.0
1837,M,1957-01-13,41,OWNER,,67,Bruntal,north Moravia,106054,8110.0,6.0,3244.0,0,,0.0,,0.0,Sin Prestamo,Sin Prestamo,1,2277.0,2277.0,274,218751.0,180171.0,27295.620437,500.0,40723.0
1838,F,1959-11-27,39,DISPONENT,,67,Bruntal,north Moravia,106054,8110.0,6.0,3244.0,0,,0.0,,0.0,Sin Prestamo,Sin Prestamo,0,0.0,,0,0.0,0.0,,,
1839,F,1936-12-18,62,OWNER,,5,Kolin,central Bohemia,95616,9307.0,4.0,2616.0,0,,0.0,,0.0,Sin Prestamo,Sin Prestamo,1,2601.0,2601.0,127,130548.0,114538.0,18341.692913,700.0,27014.0
1840,M,1935-10-28,63,DISPONENT,,5,Kolin,central Bohemia,95616,9307.0,4.0,2616.0,0,,0.0,,0.0,Sin Prestamo,Sin Prestamo,0,0.0,,0,0.0,0.0,,,
1841,F,1953-03-23,45,OWNER,,67,Bruntal,north Moravia,106054,8110.0,6.0,3244.0,0,,0.0,,0.0,Sin Prestamo,Sin Prestamo,0,0.0,,342,1300866.0,1186345.0,69100.652046,200.0,116699.0
1842,M,1943-09-13,55,OWNER,,9,Nymburk,central Bohemia,81344,8899.0,3.0,2987.0,0,,0.0,,0.0,Sin Prestamo,Sin Prestamo,1,3443.0,3443.0,245,969318.0,893466.0,66828.122448,700.0,106093.0
1843,F,1939-01-25,59,OWNER,,48,Rychnov nad Kneznou,east Bohemia,78955,9060.0,2.0,1655.0,0,,0.0,,0.0,Sin Prestamo,Sin Prestamo,1,2943.0,2943.0,208,245007.0,204593.0,29361.730769,300.0,44901.0
1844,F,1922-02-03,76,OWNER,,74,Ostrava - mesto,north Moravia,323870,10673.0,5.0,18782.0,0,,0.0,,0.0,Sin Prestamo,Sin Prestamo,1,3024.0,3024.0,149,152678.0,134646.0,16563.38255,900.0,26462.0
1845,M,1918-11-14,80,DISPONENT,,74,Ostrava - mesto,north Moravia,323870,10673.0,5.0,18782.0,0,,0.0,,0.0,Sin Prestamo,Sin Prestamo,0,0.0,,0,0.0,0.0,,,
1846,M,1980-12-12,18,OWNER,,48,Rychnov nad Kneznou,east Bohemia,78955,9060.0,2.0,1655.0,0,,0.0,,0.0,Sin Prestamo,Sin Prestamo,0,0.0,,79,134887.0,73930.0,38597.734177,800.0,88312.0
1847,F,1979-01-30,19,OWNER,,52,Usti nad Orlici,east Bohemia,139012,8363.0,3.0,2564.0,0,,0.0,,0.0,Sin Prestamo,Sin Prestamo,2,11527.0,5763.5,75,512532.0,491464.0,51497.96,200.0,130481.0
1848,F,1924-07-02,74,OWNER,,6,Kutna Hora,central Bohemia,77963,8546.0,3.0,2640.0,0,,0.0,,0.0,Sin Prestamo,Sin Prestamo,1,2705.0,2705.0,96,95245.0,76380.0,15654.885416,1100.0,21764.0
1849,F,1922-09-24,76,OWNER,,57,Hodonin,south Moravia,161954,8720.0,4.0,3729.0,0,,0.0,,0.0,Sin Prestamo,Sin Prestamo,1,1625.0,1625.0,139,132163.0,113725.0,18440.884892,300.0,26268.0
1850,F,1942-07-05,56,OWNER,,52,Usti nad Orlici,east Bohemia,139012,8363.0,3.0,2564.0,0,,0.0,,0.0,Sin Prestamo,Sin Prestamo,1,4433.0,4433.0,248,412370.0,331656.0,46529.57258,200.0,83109.0
1851,F,1975-09-12,23,OWNER,False,31,Tachov,west Bohemia,51313,8930.0,4.0,1328.0,1,5269.0,164052.0,36.0,4557.0,B,Cerrado,1,4557.0,4557.0,389,1854830.0,1823931.0,36316.573264,-3248.0,114080.0
1852,M,1962-09-05,36,OWNER,,50,Svitavy,east Bohemia,102609,8187.0,5.0,2123.0,1,5270.0,191088.0,48.0,3981.0,C,Vigente,1,3981.0,3981.0,193,632568.0,569247.0,32866.642487,500.0,70986.0
1853,M,1965-08-18,33,OWNER,,1,Hl.m. Praha,Prague,1204953,12541.0,0.0,85677.0,0,,0.0,,0.0,Sin Prestamo,Sin Prestamo,3,2599.0,866.333333,226,157881.0,140697.0,21050.420353,600.0,30788.0
1854,F,1932-05-27,66,OWNER,,70,Karvina,north Moravia,285387,10177.0,7.0,9878.0,0,,0.0,,0.0,Sin Prestamo,Sin Prestamo,1,3700.0,3700.0,193,242485.0,224380.0,19306.590673,900.0,32114.0
1856,F,1968-08-22,30,OWNER,,54,Brno - mesto,south Moravia,387570,9897.0,2.0,18721.0,0,,0.0,,0.0,Sin Prestamo,Sin Prestamo,1,7903.0,7903.0,148,457809.0,366136.0,46780.121621,700.0,97381.0
1857,M,1964-03-16,34,DISPONENT,,54,Brno - mesto,south Moravia,387570,9897.0,2.0,18721.0,0,,0.0,,0.0,Sin Prestamo,Sin Prestamo,0,0.0,,0,0.0,0.0,,,
1860,F,1964-10-31,34,OWNER,,1,Hl.m. Praha,Prague,1204953,12541.0,0.0,85677.0,0,,0.0,,0.0,Sin Prestamo,Sin Prestamo,2,9606.0,4803.0,450,1132442.0,1075962.0,29740.062222,900.0,61057.0
1861,M,1957-07-15,41,OWNER,,29,Rokycany,west Bohemia,45714,8843.0,3.0,818.0,0,,0.0,,0.0,Sin Prestamo,Sin Prestamo,1,2757.0,2757.0,403,497932.0,439928.0,41525.086848,200.0,77219.0
1862,F,1977-10-09,21,OWNER,,50,Svitavy,east Bohemia,102609,8187.0,5.0,2123.0,0,,0.0,,0.0,Sin Prestamo,Sin Prestamo,1,13204.0,13204.0,427,2194214.0,2124527.0,39883.243559,300.0,86272.0
1863,M,1952-02-16,46,OWNER,,54,Brno - mesto,south Moravia,387570,9897.0,2.0,18721.0,0,,0.0,,0.0,Sin Prestamo,Sin Prestamo,0,0.0,,76,241747.0,170935.0,43071.93421,200.0,74556.0
1864,M,1948-03-14,50,OWNER,,22,Domazlice,west Bohemia,58400,8620.0,1.0,1089.0,0,,0.0,,0.0,Sin Prestamo,Sin Prestamo,1,10288.0,10288.0,199,1790828.0,1754976.0,64955.396984,800.0,161078.0
1865,F,1949-06-09,49,DISPONENT,,22,Domazlice,west Bohemia,58400,8620.0,1.0,1089.0,0,,0.0,,0.0,Sin Prestamo,Sin Prestamo,0,0.0,,0,0.0,0.0,,,
1866,F,1942-06-11,56,OWNER,,64,Zlin,south Moravia,197099,9624.0,2.0,4484.0,0,,0.0,,0.0,Sin Prestamo,Sin Prestamo,0,0.0,,452,1821745.0,1812781.0,22393.426991,-14063.0,108107.0
1867,F,1944-09-24,54,OWNER,,1,Hl.m. Praha,Prague,1204953,12541.0,0.0,85677.0,0,,0.0,,0.0,Sin Prestamo,Sin Prestamo,3,8761.0,2920.333333,296,1154440.0,1055020.0,54516.118243,500.0,105377.0
1868,M,1980-02-16,18,OWNER,,60,Prostejov,south Moravia,110643,8441.0,3.0,1879.0,0,,0.0,,0.0,Sin Prestamo,Sin Prestamo,0,0.0,,142,216282.0,199280.0,29446.894366,900.0,100581.0
1869,F,1933-02-14,65,OWNER,,1,Hl.m. Praha,Prague,1204953,12541.0,0.0,85677.0,0,,0.0,,0.0,Sin Prestamo,Sin Prestamo,1,2655.0,2655.0,155,227006.0,205110.0,19877.103225,1000.0,33943.0
1870,M,1935-04-29,63,DISPONENT,,1,Hl.m. Praha,Prague,1204953,12541.0,0.0,85677.0,0,,0.0,,0.0,Sin Prestamo,Sin Prestamo,0,0.0,,0,0.0,0.0,,,
1871,F,1980-02-20,18,OWNER,,1,Hl.m. Praha,Prague,1204953,12541.0,0.0,85677.0,0,,0.0,,0.0,Sin Prestamo,Sin Prestamo,0,0.0,,182,263411.0,240050.0,32270.494505,1100.0,67087.0
1872,F,1963-01-24,35,OWNER,,52,Usti nad Orlici,east Bohemia,139012,8363.0,3.0,2564.0,0,,0.0,,0.0,Sin Prestamo,Sin Prestamo,2,9715.0,4857.5,451,1362816.0,1315055.0,42402.314855,1100.0,72852.0
1873,M,1968-10-26,30,DISPONENT,,52,Usti nad Orlici,east Bohemia,139012,8363.0,3.0,2564.0,0,,0.0,,0.0,Sin Prestamo,Sin Prestamo,0,0.0,,0,0.0,0.0,,,
1874,M,1946-10-20,52,OWNER,,1,Hl.m. Praha,Prague,1204953,12541.0,0.0,85677.0,0,,0.0,,0.0,Sin Prestamo,Sin Prestamo,2,3737.0,1868.5,429,1670134.0,1608608.0,48500.601398,200.0,142687.0
1875,M,1976-10-19,22,OWNER,,15,Cesky Krumlov,south Bohemia,58796,9045.0,3.0,1845.0,0,,0.0,,0.0,Sin Prestamo,Sin Prestamo,1,4173.0,4173.0,123,224888.0,214133.0,18748.243902,800.0,35058.0
1876,M,1951-07-01,47,OWNER,,1,Hl.m. Praha,Prague,1204953,12541.0,0.0,85677.0,0,,0.0,,0.0,Sin Prestamo,Sin Prestamo,0,0.0,,299,1581748.0,1531950.0,49922.782608,700.0,98055.0
1877,F,1957-08-21,41,OWNER,,47,Pardubice,east Bohemia,162580,9538.0,2.0,6079.0,0,,0.0,,0.0,Sin Prestamo,Sin Prestamo,1,2106.0,2106.0,206,152175.0,130078.0,16877.815533,800.0,24310.0
1878,M,1963-09-02,35,DISPONENT,,47,Pardubice,east Bohemia,162580,9538.0,2.0,6079.0,0,,0.0,,0.0,Sin Prestamo,Sin Prestamo,0,0.0,,0,0.0,0.0,,,
1879,F,1944-04-02,54,OWNER,,21,Tabor,south Bohemia,103347,9104.0,2.0,2299.0,0,,0.0,,0.0,Sin Prestamo,Sin Prestamo,1,4052.0,4052.0,136,397768.0,347792.0,39848.92647,500.0,70618.0
1880,M,1974-08-08,24,OWNER,,1,Hl.m. Praha,Prague,1204953,12541.0,0.0,85677.0,0,,0.0,,0.0,Sin Prestamo,Sin Prestamo,1,4708.0,4708.0,176,302754.0,266389.0,24524.147727,500.0,40932.0
1881,M,1934-01-24,64,OWNER,,72,Olomouc,north Moravia,226122,8994.0,4.0,9672.0,0,,0.0,,0.0,Sin Prestamo,Sin Prestamo,2,3063.0,1531.5,98,121996.0,97127.0,23636.214285,1100.0,35958.0
1882,F,1932-05-24,66,DISPONENT,,72,Olomouc,north Moravia,226122,8994.0,4.0,9672.0,0,,0.0,,0.0,Sin Prestamo,Sin Prestamo,0,0.0,,0,0.0,0.0,,,
1883,F,1961-10-27,37,OWNER,,18,Pisek,south Bohemia,70699,8968.0,3.0,1740.0,0,,0.0,,0.0,Sin Prestamo,Sin Prestamo,2,6284.0,3142.0,337,1612438.0,1540690.0,58189.338278,500.0,97543.0
1884,F,1976-01-26,22,OWNER,,59,Kromeriz,south Moravia,108871,8444.0,3.0,2595.0,0,,0.0,,0.0,Sin Prestamo,Sin Prestamo,0,0.0,,111,194711.0,173135.0,25689.603603,1000.0,65092.0
1885,F,1970-01-07,28,OWNER,,47,Pardubice,east Bohemia,162580,9538.0,2.0,6079.0,0,,0.0,,0.0,Sin Prestamo,Sin Prestamo,1,6551.0,6551.0,286,962365.0,905664.0,43098.597902,300.0,67698.0
1886,M,1920-04-07,78,OWNER,,34,Chomutov,north Bohemia,125236,9675.0,6.0,5323.0,0,,0.0,,0.0,Sin Prestamo,Sin Prestamo,1,3263.0,3263.0,109,161229.0,114040.0,39716.110091,1100.0,50964.0
1887,M,1926-07-15,72,OWNER,,54,Brno - mesto,south Moravia,387570,9897.0,2.0,18721.0,0,,0.0,,0.0,Sin Prestamo,Sin Prestamo,1,1837.0,1837.0,123,165348.0,109621.0,41622.138211,600.0,60299.0
1888,F,1918-09-24,80,OWNER,,66,Zdar nad Sazavou,south Moravia,125832,8512.0,4.0,2247.0,0,,0.0,,0.0,Sin Prestamo,Sin Prestamo,1,2253.0,2253.0,108,147702.0,99685.0,30191.12037,700.0,50578.0
1889,F,1957-07-28,41,OWNER,,32,Ceska Lipa,north Bohemia,105058,9272.0,3.0,4340.0,0,,0.0,,0.0,Sin Prestamo,Sin Prestamo,3,5431.0,1810.333333,161,199933.0,175749.0,19989.484472,600.0,34221.0
1890,F,1955-08-14,43,OWNER,,14,Ceske Budejovice,south Bohemia,177686,10045.0,1.0,6604.0,0,,0.0,,0.0,Sin Prestamo,Sin Prestamo,1,8004.0,8004.0,293,1287163.0,1232878.0,51546.0,22823.0,91251.0
1891,F,1959-03-04,39,OWNER,,62,Uherske Hradiste,south Moravia,145688,8544.0,1.0,2719.0,0,,0.0,,0.0,Sin Prestamo,Sin Prestamo,4,5150.0,1287.5,141,191302.0,148689.0,31819.09929,1000.0,49513.0
1892,M,1928-03-26,70,OWNER,,66,Zdar nad Sazavou,south Moravia,125832,8512.0,4.0,2247.0,0,,0.0,,0.0,Sin Prestamo,Sin Prestamo,2,1975.0,987.5,272,247181.0,201441.0,39041.334558,600.0,56597.0
1893,F,1934-02-11,64,DISPONENT,,66,Zdar nad Sazavou,south Moravia,125832,8512.0,4.0,2247.0,0,,0.0,,0.0,Sin Prestamo,Sin Prestamo,0,0.0,,0,0.0,0.0,,,
1894,F,1947-11-05,51,OWNER,,1,Hl.m. Praha,Prague,1204953,12541.0,0.0,85677.0,0,,0.0,,0.0,Sin Prestamo,Sin Prestamo,1,1933.0,1933.0,178,119433.0,100353.0,18671.966292,600.0,24762.0
1895,F,1965-11-03,33,OWNER,,47,Pardubice,east Bohemia,162580,9538.0,2.0,6079.0,0,,0.0,,0.0,Sin Prestamo,Sin Prestamo,0,0.0,,12,21700.0,11700.0,12791.666666,900.0,18000.0
1896,M,1982-02-08,16,OWNER,,48,Rychnov nad Kneznou,east Bohemia,78955,9060.0,2.0,1655.0,0,,0.0,,0.0,Sin Prestamo,Sin Prestamo,0,0.0,,203,262608.0,223215.0,32603.359605,1000.0,56948.0
1897,F,1969-03-07,29,OWNER,,36,Liberec,north Bohemia,159617,9198.0,3.0,5796.0,0,,0.0,,0.0,Sin Prestamo,Sin Prestamo,3,3088.0,1029.333333,470,465744.0,433366.0,35587.991489,200.0,58769.0
1898,M,1961-08-01,37,OWNER,,73,Opava,north Moravia,182027,8746.0,3.0,4355.0,0,,0.0,,0.0,Sin Prestamo,Sin Prestamo,4,8109.0,2027.25,564,1104247.0,1057304.0,28438.324468,500.0,63058.0
1899,M,1941-07-03,57,OWNER,,10,Praha - vychod,central Bohemia,92084,10124.0,1.0,3810.0,0,,0.0,,0.0,Sin Prestamo,Sin Prestamo,3,9935.0,3311.666666,110,387144.0,312225.0,50923.672727,800.0,78564.0
1900,M,1965-11-22,33,OWNER,,23,Cheb,west Bohemia,87419,8624.0,2.0,2879.0,0,,0.0,,0.0,Sin Prestamo,Sin Prestamo,4,7103.0,1775.75,308,634802.0,573595.0,46073.146103,300.0,66789.0
1901,F,1962-11-07,36,DISPONENT,,23,Cheb,west Bohemia,87419,8624.0,2.0,2879.0,0,,0.0,,0.0,Sin Prestamo,Sin Prestamo,0,0.0,,0,0.0,0.0,,,
1903,F,1939-08-30,59,OWNER,,1,Hl.m. Praha,Prague,1204953,12541.0,0.0,85677.0,0,,0.0,,0.0,Sin Prestamo,Sin Prestamo,1,2865.0,2865.0,263,249279.0,228835.0,19301.840304,200.0,27040.0
1904,M,1941-02-22,57,OWNER,,66,Zdar nad Sazavou,south Moravia,125832,8512.0,4.0,2247.0,0,,0.0,,0.0,Sin Prestamo,Sin Prestamo,1,7692.0,7692.0,144,455764.0,402320.0,25379.534722,200.0,63965.0
1905,F,1949-05-18,49,OWNER,,72,Olomouc,north Moravia,226122,8994.0,4.0,9672.0,0,,0.0,,0.0,Sin Prestamo,Sin Prestamo,1,7596.0,7596.0,65,223278.0,197499.0,37062.815384,500.0,61396.0
1906,M,1922-07-07,76,OWNER,,63,Vyskov,south Moravia,86513,8288.0,4.0,1562.0,0,,0.0,,0.0,Sin Prestamo,Sin Prestamo,1,3638.0,3638.0,48,67499.0,54539.0,16087.291666,1000.0,26037.0
1907,F,1928-09-08,70,OWNER,,75,Prerov,north Moravia,138032,8819.0,5.0,4063.0,0,,0.0,,0.0,Sin Prestamo,Sin Prestamo,1,2390.0,2390.0,74,79318.0,50400.0,19017.743243,1000.0,29805.0
1908,M,1920-01-17,78,OWNER,,33,Decin,north Bohemia,133777,8705.0,6.0,4650.0,0,,0.0,,0.0,Sin Prestamo,Sin Prestamo,1,2998.0,2998.0,349,387781.0,353213.0,21109.383954,900.0,39610.0
1909,F,1944-03-16,54,OWNER,,35,Jablonec n. Nisou,north Bohemia,88768,8867.0,1.0,3384.0,0,,0.0,,0.0,Sin Prestamo,Sin Prestamo,1,11816.0,11816.0,149,675008.0,661393.0,36753.114093,1000.0,107456.0
1910,M,1946-11-08,52,OWNER,,67,Bruntal,north Moravia,106054,8110.0,6.0,3244.0,0,,0.0,,0.0,Sin Prestamo,Sin Prestamo,3,2560.0,853.333333,189,143235.0,95895.0,31035.862433,200.0,50428.0
1911,F,1938-04-21,60,OWNER,,48,Rychnov nad Kneznou,east Bohemia,78955,9060.0,2.0,1655.0,0,,0.0,,0.0,Sin Prestamo,Sin Prestamo,1,1825.0,1825.0,231,209124.0,157980.0,32011.870129,600.0,52045.0
1912,M,1972-02-26,26,OWNER,,57,Hodonin,south Moravia,161954,8720.0,4.0,3729.0,0,,0.0,,0.0,Sin Prestamo,Sin Prestamo,1,3377.0,3377.0,310,714066.0,634416.0,42394.116129,600.0,79665.0
1913,M,1968-04-15,30,OWNER,,69,Jesenik,north Moravia,42821,8173.0,,,1,5281.0,194256.0,24.0,8094.0,C,Vigente,1,8094.0,8094.0,208,1195415.0,1163051.0,48646.086538,400.0,134157.0
1914,F,1942-06-20,56,OWNER,,39,Most,north Bohemia,119895,10446.0,7.0,4947.0,0,,0.0,,0.0,Sin Prestamo,Sin Prestamo,1,5758.0,5758.0,216,468777.0,387462.0,52761.134259,900.0,83581.0
1915,M,1939-09-09,59,DISPONENT,,39,Most,north Bohemia,119895,10446.0,7.0,4947.0,0,,0.0,,0.0,Sin Prestamo,Sin Prestamo,0,0.0,,0,0.0,0.0,,,
1916,M,1926-07-19,72,OWNER,,28,Plzen - sever,west Bohemia,72541,8594.0,2.0,1580.0,0,,0.0,,0.0,Sin Prestamo,Sin Prestamo,1,1917.0,1917.0,171,194596.0,175301.0,24790.91228,500.0,40975.0
1917,F,1969-03-13,29,OWNER,,69,Jesenik,north Moravia,42821,8173.0,,,1,5282.0,388512.0,48.0,8094.0,D,Vigente,1,8094.0,8094.0,339,1945937.0,1878835.0,38211.294985,-2839.0,137263.0
1919,M,1949-05-04,49,OWNER,,30,Sokolov,west Bohemia,94812,9650.0,3.0,2985.0,0,,0.0,,0.0,Sin Prestamo,Sin Prestamo,1,1983.0,1983.0,289,205869.0,174619.0,23169.778546,600.0,34822.0
1920,M,1975-08-07,23,OWNER,,42,Havlickuv Brod,east Bohemia,95907,8388.0,2.0,1658.0,0,,0.0,,0.0,Sin Prestamo,Sin Prestamo,0,0.0,,83,170031.0,139715.0,34425.385542,1000.0,71703.0
1921,F,1946-10-26,52,OWNER,,1,Hl.m. Praha,Prague,1204953,12541.0,0.0,85677.0,0,,0.0,,0.0,Sin Prestamo,Sin Prestamo,1,5504.0,5504.0,143,517379.0,444658.0,45274.244755,200.0,74204.0
1922,M,1949-04-03,49,DISPONENT,,1,Hl.m. Praha,Prague,1204953,12541.0,0.0,85677.0,0,,0.0,,0.0,Sin Prestamo,Sin Prestamo,0,0.0,,0,0.0,0.0,,,
1923,F,1958-05-07,40,OWNER,,1,Hl.m. Praha,Prague,1204953,12541.0,0.0,85677.0,0,,0.0,,0.0,Sin Prestamo,Sin Prestamo,0,0.0,,105,405212.0,363134.0,34714.609523,1100.0,51990.0
1924,M,1938-05-29,60,OWNER,,67,Bruntal,north Moravia,106054,8110.0,6.0,3244.0,0,,0.0,,0.0,Sin Prestamo,Sin Prestamo,1,2443.0,2443.0,317,278990.0,263673.0,22747.378548,1000.0,33371.0
1925,M,1938-06-23,60,OWNER,,37,Litomerice,north Bohemia,114006,9065.0,4.0,4147.0,0,,0.0,,0.0,Sin Prestamo,Sin Prestamo,0,0.0,,96,59814.0,48800.0,21390.177083,500.0,32214.0
1926,F,1935-02-08,63,DISPONENT,,37,Litomerice,north Bohemia,114006,9065.0,4.0,4147.0,0,,0.0,,0.0,Sin Prestamo,Sin Prestamo,0,0.0,,0,0.0,0.0,,,
1927,M,1952-04-26,46,OWNER,,77,Vsetin,north Moravia,148545,8909.0,4.0,3460.0,0,,0.0,,0.0,Sin Prestamo,Sin Prestamo,4,7550.0,1887.5,375,605402.0,572338.0,33527.170666,500.0,60813.0
1928,F,1952-08-14,46,DISPONENT,,77,Vsetin,north Moravia,148545,8909.0,4.0,3460.0,0,,0.0,,0.0,Sin Prestamo,Sin Prestamo,0,0.0,,0,0.0,0.0,,,
1929,F,1955-08-15,43,OWNER,,65,Znojmo,south Moravia,114200,8403.0,6.0,2157.0,0,,0.0,,0.0,Sin Prestamo,Sin Prestamo,3,7859.0,2619.666666,180,888427.0,820323.0,64614.872222,600.0,144038.0
1930,F,1934-02-21,64,OWNER,,38,Louny,north Bohemia,85852,8965.0,7.0,2653.0,0,,0.0,,0.0,Sin Prestamo,Sin Prestamo,2,1837.0,918.5,294,249761.0,163604.0,48841.785714,400.0,86172.0
1931,F,1942-11-14,56,OWNER,,16,Jindrichuv Hradec,south Bohemia,93931,8427.0,1.0,1874.0,0,,0.0,,0.0,Sin Prestamo,Sin Prestamo,1,2086.0,2086.0,120,89763.0,65723.0,15370.95,500.0,24846.0
1932,F,1940-01-21,58,OWNER,,15,Cesky Krumlov,south Bohemia,58796,9045.0,3.0,1845.0,0,,0.0,,0.0,Sin Prestamo,Sin Prestamo,3,6227.0,2075.666666,140,426827.0,377503.0,52931.471428,500.0,77634.0
1934,F,1933-11-21,65,OWNER,,70,Karvina,north Moravia,285387,10177.0,7.0,9878.0,0,,0.0,,0.0,Sin Prestamo,Sin Prestamo,2,3303.0,1651.5,70,76588.0,49380.0,23098.5,1100.0,31135.0
1935,F,1929-05-12,69,OWNER,,68,Frydek - Mistek,north Moravia,228848,9893.0,4.0,5623.0,0,,0.0,,0.0,Sin Prestamo,Sin Prestamo,1,2376.0,2376.0,229,286662.0,254803.0,26136.816593,900.0,46096.0
1936,F,1955-10-16,43,OWNER,,15,Cesky Krumlov,south Bohemia,58796,9045.0,3.0,1845.0,0,,0.0,,0.0,Sin Prestamo,Sin Prestamo,2,12822.0,6411.0,125,877572.0,823686.0,56451.264,700.0,145536.0
1937,M,1960-03-27,38,DISPONENT,,15,Cesky Krumlov,south Bohemia,58796,9045.0,3.0,1845.0,0,,0.0,,0.0,Sin Prestamo,Sin Prestamo,0,0.0,,0,0.0,0.0,,,
1938,F,1939-09-30,59,OWNER,,57,Hodonin,south Moravia,161954,8720.0,4.0,3729.0,0,,0.0,,0.0,Sin Prestamo,Sin Prestamo,2,5341.0,2670.5,239,1018778.0,935609.0,52546.891213,1100.0,90293.0
1939,M,1925-08-14,73,OWNER,,1,Hl.m. Praha,Prague,1204953,12541.0,0.0,85677.0,0,,0.0,,0.0,Sin Prestamo,Sin Prestamo,1,3234.0,3234.0,118,184887.0,155862.0,19615.864406,600.0,32597.0
1940,F,1923-01-22,75,DISPONENT,,1,Hl.m. Praha,Prague,1204953,12541.0,0.0,85677.0,0,,0.0,,0.0,Sin Prestamo,Sin Prestamo,0,0.0,,0,0.0,0.0,,,
1941,F,1921-07-12,77,OWNER,,10,Praha - vychod,central Bohemia,92084,10124.0,1.0,3810.0,0,,0.0,,0.0,Sin Prestamo,Sin Prestamo,1,2694.0,2694.0,326,289121.0,271169.0,20668.150306,500.0,28248.0
1942,M,1915-05-10,83,DISPONENT,,10,Praha - vychod,central Bohemia,92084,10124.0,1.0,3810.0,0,,0.0,,0.0,Sin Prestamo,Sin Prestamo,0,0.0,,0,0.0,0.0,,,
1943,M,1926-02-11,72,OWNER,,39,Most,north Bohemia,119895,10446.0,7.0,4947.0,0,,0.0,,0.0,Sin Prestamo,Sin Prestamo,1,2033.0,2033.0,317,317836.0,285437.0,24413.634069,600.0,41512.0
1944,F,1957-01-22,41,OWNER,True,31,Tachov,west Bohemia,51313,8930.0,4.0,1328.0,1,5285.0,78936.0,12.0,6578.0,A,Cerrado,3,10124.0,3374.666666,499,845172.0,781439.0,30917.380761,900.0,69909.0
1945,M,1954-06-03,44,OWNER,,54,Brno - mesto,south Moravia,387570,9897.0,2.0,18721.0,0,,0.0,,0.0,Sin Prestamo,Sin Prestamo,1,7088.0,7088.0,351,1167876.0,1106045.0,34314.11396,900.0,64823.0
1946,M,1935-07-19,63,OWNER,,72,Olomouc,north Moravia,226122,8994.0,4.0,9672.0,0,,0.0,,0.0,Sin Prestamo,Sin Prestamo,1,3353.0,3353.0,441,3038761.0,2989069.0,68927.265306,24483.0,156040.0
1947,M,1981-02-08,17,OWNER,,23,Cheb,west Bohemia,87419,8624.0,2.0,2879.0,0,,0.0,,0.0,Sin Prestamo,Sin Prestamo,0,0.0,,185,276636.0,197550.0,42192.351351,300.0,80481.0
1948,F,1939-02-19,59,OWNER,,71,Novy Jicin,north Moravia,161227,8678.0,6.0,4980.0,0,,0.0,,0.0,Sin Prestamo,Sin Prestamo,1,9958.0,9958.0,169,820523.0,798589.0,38766.065088,800.0,76045.0
1949,M,1942-06-23,56,DISPONENT,,71,Novy Jicin,north Moravia,161227,8678.0,6.0,4980.0,0,,0.0,,0.0,Sin Prestamo,Sin Prestamo,0,0.0,,0,0.0,0.0,,,
1950,M,1929-07-06,69,OWNER,,26,Plzen - mesto,west Bohemia,170449,10787.0,3.0,6041.0,0,,0.0,,0.0,Sin Prestamo,Sin Prestamo,1,3425.0,3425.0,61,78611.0,56770.0,18202.639344,600.0,27211.0
1951,M,1971-04-29,27,OWNER,,41,Usti nad Labem,north Bohemia,118650,9832.0,3.0,6445.0,0,,0.0,,0.0,Sin Prestamo,Sin Prestamo,1,2017.0,2017.0,138,93762.0,68390.0,17781.413043,900.0,26860.0
1952,F,1971-03-09,27,OWNER,,52,Usti nad Orlici,east Bohemia,139012,8363.0,3.0,2564.0,0,,0.0,,0.0,Sin Prestamo,Sin Prestamo,1,6258.0,6258.0,408,1986584.0,1885264.0,75939.134803,500.0,146116.0
1953,M,1965-09-22,33,DISPONENT,,52,Usti nad Orlici,east Bohemia,139012,8363.0,3.0,2564.0,0,,0.0,,0.0,Sin Prestamo,Sin Prestamo,0,0.0,,0,0.0,0.0,,,
1954,M,1952-07-28,46,OWNER,,69,Jesenik,north Moravia,42821,8173.0,,,0,,0.0,,0.0,Sin Prestamo,Sin Prestamo,2,3806.0,1903.0,216,453773.0,391912.0,48298.796296,500.0,74738.0
1955,F,1971-10-28,27,OWNER,,66,Zdar nad Sazavou,south Moravia,125832,8512.0,4.0,2247.0,0,,0.0,,0.0,Sin Prestamo,Sin Prestamo,0,0.0,,160,791200.0,745635.0,38087.16875,400.0,69745.0
1956,F,1925-07-09,73,OWNER,,1,Hl.m. Praha,Prague,1204953,12541.0,0.0,85677.0,0,,0.0,,0.0,Sin Prestamo,Sin Prestamo,1,3628.0,3628.0,175,251228.0,217030.0,18895.222857,600.0,38346.0
1957,M,1972-03-04,26,OWNER,,63,Vyskov,south Moravia,86513,8288.0,4.0,1562.0,0,,0.0,,0.0,Sin Prestamo,Sin Prestamo,1,5763.0,5763.0,195,906515.0,802457.0,60074.902564,300.0,109425.0
1958,F,1977-11-21,21,DISPONENT,,63,Vyskov,south Moravia,86513,8288.0,4.0,1562.0,0,,0.0,,0.0,Sin Prestamo,Sin Prestamo,0,0.0,,0,0.0,0.0,,,
1959,M,1920-12-26,78,OWNER,,1,Hl.m. Praha,Prague,1204953,12541.0,0.0,85677.0,0,,0.0,,0.0,Sin Prestamo,Sin Prestamo,1,3124.0,3124.0,60,94371.0,82135.0,17304.816666,900.0,29471.0
1960,M,1946-08-23,52,OWNER,,22,Domazlice,west Bohemia,58400,8620.0,1.0,1089.0,0,,0.0,,0.0,Sin Prestamo,Sin Prestamo,1,2642.0,2642.0,112,116734.0,89218.0,19862.553571,1100.0,31020.0
1961,F,1920-06-04,78,OWNER,,31,Tachov,west Bohemia,51313,8930.0,4.0,1328.0,0,,0.0,,0.0,Sin Prestamo,Sin Prestamo,1,1536.0,1536.0,358,405319.0,387278.0,22694.360335,700.0,37137.0
1962,M,1950-11-18,48,OWNER,,6,Kutna Hora,central Bohemia,77963,8546.0,3.0,2640.0,0,,0.0,,0.0,Sin Prestamo,Sin Prestamo,1,2265.0,2265.0,133,139126.0,94420.0,25101.323308,900.0,45195.0
1963,M,1945-06-12,53,OWNER,,38,Louny,north Bohemia,85852,8965.0,7.0,2653.0,0,,0.0,,0.0,Sin Prestamo,Sin Prestamo,1,3220.0,3220.0,119,170301.0,126555.0,31080.436974,500.0,51419.0
1964,M,1931-08-05,67,OWNER,,17,Pelhrimov,south Bohemia,74062,8114.0,2.0,1003.0,0,,0.0,,0.0,Sin Prestamo,Sin Prestamo,1,1931.0,1931.0,213,260613.0,217583.0,28192.746478,700.0,46274.0
1965,M,1939-08-10,59,OWNER,,75,Prerov,north Moravia,138032,8819.0,5.0,4063.0,0,,0.0,,0.0,Sin Prestamo,Sin Prestamo,1,7887.0,7887.0,353,1074286.0,1016112.0,38033.090651,300.0,67207.0
1966,F,1948-07-01,50,OWNER,,19,Prachatice,south Bohemia,51428,8402.0,3.0,999.0,0,,0.0,,0.0,Sin Prestamo,Sin Prestamo,2,3385.0,1692.5,210,256836.0,223245.0,31840.395238,900.0,48800.0
1967,F,1963-11-15,35,OWNER,,1,Hl.m. Praha,Prague,1204953,12541.0,0.0,85677.0,0,,0.0,,0.0,Sin Prestamo,Sin Prestamo,1,9160.0,9160.0,200,945112.0,902210.0,37631.86,800.0,81590.0
1968,M,1960-08-13,38,DISPONENT,,1,Hl.m. Praha,Prague,1204953,12541.0,0.0,85677.0,0,,0.0,,0.0,Sin Prestamo,Sin Prestamo,0,0.0,,0,0.0,0.0,,,
1969,F,1926-08-26,72,OWNER,,53,Blansko,south Moravia,107911,8240.0,3.0,1850.0,0,,0.0,,0.0,Sin Prestamo,Sin Prestamo,2,2137.0,1068.5,191,197812.0,182831.0,22455.015706,500.0,34191.0
1970,F,1947-11-05,51,OWNER,,1,Hl.m. Praha,Prague,1204953,12541.0,0.0,85677.0,0,,0.0,,0.0,Sin Prestamo,Sin Prestamo,4,4113.0,1028.25,385,636421.0,610141.0,23974.04935,800.0,52183.0
1971,F,1969-03-14,29,OWNER,,3,Beroun,central Bohemia,75232,8980.0,2.0,2824.0,0,,0.0,,0.0,Sin Prestamo,Sin Prestamo,0,0.0,,264,1245597.0,1199250.0,40004.518939,1100.0,85424.0
1972,F,1946-04-29,52,OWNER,,1,Hl.m. Praha,Prague,1204953,12541.0,0.0,85677.0,0,,0.0,,0.0,Sin Prestamo,Sin Prestamo,0,0.0,,284,503710.0,471430.0,34121.686619,1000.0,53854.0
1973,F,1931-09-13,67,OWNER,,60,Prostejov,south Moravia,110643,8441.0,3.0,1879.0,0,,0.0,,0.0,Sin Prestamo,Sin Prestamo,1,2850.0,2850.0,332,313910.0,294095.0,18052.454819,700.0,27323.0
1974,M,1918-07-14,80,OWNER,,10,Praha - vychod,central Bohemia,92084,10124.0,1.0,3810.0,0,,0.0,,0.0,Sin Prestamo,Sin Prestamo,1,3137.0,3137.0,177,203784.0,173693.0,19358.830508,1000.0,33465.0
1975,F,1915-09-27,83,DISPONENT,,10,Praha - vychod,central Bohemia,92084,10124.0,1.0,3810.0,0,,0.0,,0.0,Sin Prestamo,Sin Prestamo,0,0.0,,0,0.0,0.0,,,
1976,M,1918-10-12,80,OWNER,,72,Olomouc,north Moravia,226122,8994.0,4.0,9672.0,0,,0.0,,0.0,Sin Prestamo,Sin Prestamo,1,3595.0,3595.0,325,386861.0,359590.0,18674.092307,900.0,28864.0
1977,F,1935-10-25,63,OWNER,,10,Praha - vychod,central Bohemia,92084,10124.0,1.0,3810.0,0,,0.0,,0.0,Sin Prestamo,Sin Prestamo,1,2743.0,2743.0,111,113093.0,90609.0,17136.09009,400.0,26540.0
1978,F,1952-05-22,46,OWNER,,18,Pisek,south Bohemia,70699,8968.0,3.0,1740.0,0,,0.0,,0.0,Sin Prestamo,Sin Prestamo,1,1978.0,1978.0,221,1774411.0,1732094.0,74616.393665,1000.0,143816.0
1979,F,1926-03-19,72,OWNER,,51,Trutnov,east Bohemia,121947,8541.0,3.0,3496.0,0,,0.0,,0.0,Sin Prestamo,Sin Prestamo,1,2145.0,2145.0,228,242473.0,224900.0,29437.271929,200.0,40349.0
1980,M,1959-04-30,39,OWNER,,77,Vsetin,north Moravia,148545,8909.0,4.0,3460.0,0,,0.0,,0.0,Sin Prestamo,Sin Prestamo,0,0.0,,275,908047.0,807550.0,57108.985454,500.0,101618.0
1981,F,1970-09-22,28,OWNER,,19,Prachatice,south Bohemia,51428,8402.0,3.0,999.0,0,,0.0,,0.0,Sin Prestamo,Sin Prestamo,1,5683.0,5683.0,348,1200324.0,1150670.0,39727.70977,900.0,68386.0
1982,M,1977-07-08,21,OWNER,,53,Blansko,south Moravia,107911,8240.0,3.0,1850.0,0,,0.0,,0.0,Sin Prestamo,Sin Prestamo,1,4964.0,4964.0,109,519423.0,442749.0,61938.66055,900.0,88699.0
1983,F,1982-02-05,16,DISPONENT,,53,Blansko,south Moravia,107911,8240.0,3.0,1850.0,0,,0.0,,0.0,Sin Prestamo,Sin Prestamo,0,0.0,,0,0.0,0.0,,,
1984,M,1926-08-29,72,OWNER,,1,Hl.m. Praha,Prague,1204953,12541.0,0.0,85677.0,0,,0.0,,0.0,Sin Prestamo,Sin Prestamo,2,3343.0,1671.5,426,418643.0,384296.0,21918.180751,500.0,35529.0
1985,M,1937-12-13,61,OWNER,,6,Kutna Hora,central Bohemia,77963,8546.0,3.0,2640.0,1,5287.0,64224.0,24.0,2676.0,C,Vigente,2,12425.0,6212.5,110,389294.0,362273.0,40743.790909,900.0,92049.0
1986,F,1942-08-13,56,DISPONENT,,6,Kutna Hora,central Bohemia,77963,8546.0,3.0,2640.0,0,,0.0,,0.0,Sin Prestamo,Sin Prestamo,0,0.0,,0,0.0,0.0,,,
1988,M,1952-05-04,46,OWNER,,13,Rakovnik,central Bohemia,53921,8598.0,3.0,1597.0,0,,0.0,,0.0,Sin Prestamo,Sin Prestamo,1,4783.0,4783.0,223,887857.0,828773.0,46867.636771,700.0,78495.0
1989,F,1939-01-13,59,OWNER,,50,Svitavy,east Bohemia,102609,8187.0,5.0,2123.0,0,,0.0,,0.0,Sin Prestamo,Sin Prestamo,4,11227.0,2806.75,292,1838807.0,1782454.0,60026.061643,900.0,148141.0
1990,M,1943-11-25,55,DISPONENT,,50,Svitavy,east Bohemia,102609,8187.0,5.0,2123.0,0,,0.0,,0.0,Sin Prestamo,Sin Prestamo,0,0.0,,0,0.0,0.0,,,
1991,M,1918-11-09,80,OWNER,,64,Zlin,south Moravia,197099,9624.0,2.0,4484.0,0,,0.0,,0.0,Sin Prestamo,Sin Prestamo,1,3597.0,3597.0,216,280658.0,265736.0,17432.861111,1000.0,29164.0
1993,M,1975-06-21,23,OWNER,,1,Hl.m. Praha,Prague,1204953,12541.0,0.0,85677.0,0,,0.0,,0.0,Sin Prestamo,Sin Prestamo,3,3573.0,1191.0,528,1134653.0,1089489.0,40310.626893,400.0,62368.0
1994,F,1967-07-06,31,DISPONENT,,1,Hl.m. Praha,Prague,1204953,12541.0,0.0,85677.0,0,,0.0,,0.0,Sin Prestamo,Sin Prestamo,0,0.0,,0,0.0,0.0,,,
1995,F,1941-04-10,57,OWNER,,50,Svitavy,east Bohemia,102609,8187.0,5.0,2123.0,0,,0.0,,0.0,Sin Prestamo,Sin Prestamo,1,9078.0,9078.0,142,420737.0,374551.0,34622.816901,300.0,55650.0
1996,M,1937-03-20,61,OWNER,,1,Hl.m. Praha,Prague,1204953,12541.0,0.0,85677.0,0,,0.0,,0.0,Sin Prestamo,Sin Prestamo,2,8172.0,4086.0,267,1680068.0,1593131.0,65198.108614,600.0,152529.0
1997,F,1977-11-09,21,OWNER,,1,Hl.m. Praha,Prague,1204953,12541.0,0.0,85677.0,0,,0.0,,0.0,Sin Prestamo,Sin Prestamo,3,3623.0,1207.666666,118,138451.0,99479.0,30880.991525,900.0,45328.0
1998,F,1978-12-15,20,OWNER,,40,Teplice,north Bohemia,128118,9317.0,6.0,6949.0,0,,0.0,,0.0,Sin Prestamo,Sin Prestamo,0,0.0,,97,115192.0,94210.0,28264.659793,800.0,73821.0
1999,F,1982-02-10,16,OWNER,,74,Ostrava - mesto,north Moravia,323870,10673.0,5.0,18782.0,0,,0.0,,0.0,Sin Prestamo,Sin Prestamo,0,0.0,,188,405795.0,386090.0,27362.420212,700.0,90624.0
2000,F,1942-05-09,56,OWNER,,39,Most,north Bohemia,119895,10446.0,7.0,4947.0,0,,0.0,,0.0,Sin Prestamo,Sin Prestamo,2,12749.0,6374.5,71,256780.0,223393.0,34593.084507,1000.0,59254.0
2001,F,1977-08-05,21,OWNER,,34,Chomutov,north Bohemia,125236,9675.0,6.0,5323.0,0,,0.0,,0.0,Sin Prestamo,Sin Prestamo,1,1582.0,1582.0,90,527782.0,449403.0,60927.188888,900.0,136677.0
2002,F,1918-11-26,80,OWNER,,70,Karvina,north Moravia,285387,10177.0,7.0,9878.0,0,,0.0,,0.0,Sin Prestamo,Sin Prestamo,1,3422.0,3422.0,333,422978.0,400184.0,20443.618618,300.0,34506.0
2003,M,1921-06-15,77,DISPONENT,,70,Karvina,north Moravia,285387,10177.0,7.0,9878.0,0,,0.0,,0.0,Sin Prestamo,Sin Prestamo,0,0.0,,0,0.0,0.0,,,
2004,F,1974-02-03,24,OWNER,,1,Hl.m. Praha,Prague,1204953,12541.0,0.0,85677.0,0,,0.0,,0.0,Sin Prestamo,Sin Prestamo,1,4656.0,4656.0,276,1357400.0,1283146.0,55530.724637,700.0,90874.0
2005,M,1979-10-03,19,OWNER,,30,Sokolov,west Bohemia,94812,9650.0,3.0,2985.0,0,,0.0,,0.0,Sin Prestamo,Sin Prestamo,0,0.0,,155,640378.0,599513.0,49019.225806,600.0,108950.0
2006,F,1962-08-22,36,OWNER,,41,Usti nad Labem,north Bohemia,118650,9832.0,3.0,6445.0,0,,0.0,,0.0,Sin Prestamo,Sin Prestamo,2,8104.0,4052.0,207,601320.0,546637.0,33916.439613,600.0,62575.0
2007,M,1958-09-13,40,DISPONENT,,41,Usti nad Labem,north Bohemia,118650,9832.0,3.0,6445.0,0,,0.0,,0.0,Sin Prestamo,Sin Prestamo,0,0.0,,0,0.0,0.0,,,
2008,M,1940-06-07,58,OWNER,,47,Pardubice,east Bohemia,162580,9538.0,2.0,6079.0,1,5293.0,189792.0,48.0,3954.0,C,Vigente,2,16067.0,8033.5,144,613290.0,567581.0,35229.736111,500.0,78412.0
2009,M,1936-01-16,62,OWNER,,12,Pribram,central Bohemia,107870,8754.0,4.0,3804.0,0,,0.0,,0.0,Sin Prestamo,Sin Prestamo,1,2156.0,2156.0,52,46397.0,23405.0,17131.403846,300.0,25056.0
2010,M,1952-08-12,46,OWNER,,37,Litomerice,north Bohemia,114006,9065.0,4.0,4147.0,0,,0.0,,0.0,Sin Prestamo,Sin Prestamo,2,2122.0,1061.0,384,219033.0,194534.0,18806.184895,800.0,27027.0
2011,F,1925-11-18,73,OWNER,,46,Nachod,east Bohemia,112709,8369.0,2.0,2854.0,0,,0.0,,0.0,Sin Prestamo,Sin Prestamo,1,2806.0,2806.0,105,144038.0,110999.0,28043.895238,400.0,43154.0
2012,M,1923-06-27,75,DISPONENT,,46,Nachod,east Bohemia,112709,8369.0,2.0,2854.0,0,,0.0,,0.0,Sin Prestamo,Sin Prestamo,0,0.0,,0,0.0,0.0,,,
2013,F,1940-07-10,58,OWNER,,1,Hl.m. Praha,Prague,1204953,12541.0,0.0,85677.0,0,,0.0,,0.0,Sin Prestamo,Sin Prestamo,1,2373.0,2373.0,203,1329272.0,1222366.0,51842.881773,600.0,143557.0
2015,F,1968-11-15,30,OWNER,,1,Hl.m. Praha,Prague,1204953,12541.0,0.0,85677.0,0,,0.0,,0.0,Sin Prestamo,Sin Prestamo,1,9626.0,9626.0,89,409475.0,352792.0,54351.404494,200.0,77497.0
2016,M,1934-10-09,64,OWNER,,55,Brno - venkov,south Moravia,157042,8743.0,2.0,3659.0,0,,0.0,,0.0,Sin Prestamo,Sin Prestamo,2,2640.0,1320.0,145,169528.0,115245.0,37410.744827,300.0,54290.0
2017,F,1931-01-23,67,DISPONENT,,55,Brno - venkov,south Moravia,157042,8743.0,2.0,3659.0,0,,0.0,,0.0,Sin Prestamo,Sin Prestamo,0,0.0,,0,0.0,0.0,,,
2018,F,1945-08-25,53,OWNER,,56,Breclav,south Moravia,124605,8772.0,5.0,2854.0,0,,0.0,,0.0,Sin Prestamo,Sin Prestamo,1,5454.0,5454.0,344,1476112.0,1455864.0,36923.0,500.0,80374.0
2019,M,1932-09-28,66,OWNER,,73,Opava,north Moravia,182027,8746.0,3.0,4355.0,0,,0.0,,0.0,Sin Prestamo,Sin Prestamo,1,1578.0,1578.0,88,133114.0,99985.0,23412.579545,800.0,37525.0
2020,F,1925-12-20,73,DISPONENT,,73,Opava,north Moravia,182027,8746.0,3.0,4355.0,0,,0.0,,0.0,Sin Prestamo,Sin Prestamo,0,0.0,,0,0.0,0.0,,,
2021,M,1919-12-08,79,OWNER,,67,Bruntal,north Moravia,106054,8110.0,6.0,3244.0,0,,0.0,,0.0,Sin Prestamo,Sin Prestamo,1,2164.0,2164.0,321,390273.0,339393.0,32330.442367,500.0,50901.0
2022,M,1939-11-12,59,OWNER,,56,Breclav,south Moravia,124605,8772.0,5.0,2854.0,0,,0.0,,0.0,Sin Prestamo,Sin Prestamo,0,0.0,,129,162900.0,145125.0,22335.713178,200.0,36822.0
2023,F,1931-09-02,67,DISPONENT,,56,Breclav,south Moravia,124605,8772.0,5.0,2854.0,0,,0.0,,0.0,Sin Prestamo,Sin Prestamo,0,0.0,,0,0.0,0.0,,,
2024,M,1934-04-15,64,OWNER,,62,Uherske Hradiste,south Moravia,145688,8544.0,1.0,2719.0,0,,0.0,,0.0,Sin Prestamo,Sin Prestamo,1,3275.0,3275.0,93,109632.0,95370.0,16661.88172,200.0,25490.0
2025,M,1941-12-31,57,OWNER,,39,Most,north Bohemia,119895,10446.0,7.0,4947.0,0,,0.0,,0.0,Sin Prestamo,Sin Prestamo,1,5562.0,5562.0,134,256669.0,245596.0,20420.552238,700.0,39415.0
2026,F,1934-12-03,64,DISPONENT,,39,Most,north Bohemia,119895,10446.0,7.0,4947.0,0,,0.0,,0.0,Sin Prestamo,Sin Prestamo,0,0.0,,0,0.0,0.0,,,
2027,M,1930-01-22,68,OWNER,,12,Pribram,central Bohemia,107870,8754.0,4.0,3804.0,0,,0.0,,0.0,Sin Prestamo,Sin Prestamo,2,2554.0,1277.0,188,150183.0,125871.0,17940.18617,500.0,28338.0
2028,F,1924-10-17,74,DISPONENT,,12,Pribram,central Bohemia,107870,8754.0,4.0,3804.0,0,,0.0,,0.0,Sin Prestamo,Sin Prestamo,0,0.0,,0,0.0,0.0,,,
2029,F,1923-09-19,75,OWNER,,5,Kolin,central Bohemia,95616,9307.0,4.0,2616.0,0,,0.0,,0.0,Sin Prestamo,Sin Prestamo,2,3009.0,1504.5,416,455027.0,434321.0,27788.141826,1100.0,39713.0
2030,F,1980-08-04,18,OWNER,,5,Kolin,central Bohemia,95616,9307.0,4.0,2616.0,0,,0.0,,0.0,Sin Prestamo,Sin Prestamo,1,3898.0,3898.0,186,670274.0,623949.0,47780.080645,800.0,70074.0
2031,M,1926-12-15,72,OWNER,,54,Brno - mesto,south Moravia,387570,9897.0,2.0,18721.0,0,,0.0,,0.0,Sin Prestamo,Sin Prestamo,1,2447.0,2447.0,292,269108.0,255990.0,15514.602739,900.0,24890.0
2032,M,1943-03-21,55,OWNER,,1,Hl.m. Praha,Prague,1204953,12541.0,0.0,85677.0,0,,0.0,,0.0,Sin Prestamo,Sin Prestamo,1,3804.0,3804.0,220,354851.0,307750.0,35494.340909,800.0,53918.0
2033,F,1937-07-02,61,DISPONENT,,1,Hl.m. Praha,Prague,1204953,12541.0,0.0,85677.0,0,,0.0,,0.0,Sin Prestamo,Sin Prestamo,0,0.0,,0,0.0,0.0,,,
2034,M,1926-06-12,72,OWNER,,13,Rakovnik,central Bohemia,53921,8598.0,3.0,1597.0,0,,0.0,,0.0,Sin Prestamo,Sin Prestamo,1,2125.0,2125.0,347,314787.0,291310.0,22494.613832,1100.0,34266.0
2035,F,1928-07-27,70,DISPONENT,,13,Rakovnik,central Bohemia,53921,8598.0,3.0,1597.0,0,,0.0,,0.0,Sin Prestamo,Sin Prestamo,0,0.0,,0,0.0,0.0,,,
2037,F,1948-08-26,50,OWNER,,69,Jesenik,north Moravia,42821,8173.0,,,0,,0.0,,0.0,Sin Prestamo,Sin Prestamo,1,5530.0,5530.0,129,254802.0,230285.0,26642.759689,1100.0,42268.0
2038,F,1980-03-29,18,OWNER,,1,Hl.m. Praha,Prague,1204953,12541.0,0.0,85677.0,0,,0.0,,0.0,Sin Prestamo,Sin Prestamo,2,4730.0,2365.0,479,1770964.0,1704525.0,44794.513569,200.0,81719.0
2039,F,1969-01-20,29,OWNER,,68,Frydek - Mistek,north Moravia,228848,9893.0,4.0,5623.0,0,,0.0,,0.0,Sin Prestamo,Sin Prestamo,1,5087.0,5087.0,153,418266.0,367853.0,45159.66013,13463.0,67861.0
2040,M,1944-08-07,54,OWNER,,59,Kromeriz,south Moravia,108871,8444.0,3.0,2595.0,0,,0.0,,0.0,Sin Prestamo,Sin Prestamo,1,5955.0,5955.0,350,1303871.0,1231620.0,46573.911428,300.0,76309.0
2041,M,1956-08-11,42,OWNER,,68,Frydek - Mistek,north Moravia,228848,9893.0,4.0,5623.0,0,,0.0,,0.0,Sin Prestamo,Sin Prestamo,3,9588.0,3196.0,123,447167.0,391695.0,47260.170731,1100.0,75180.0
2042,M,1982-07-04,16,OWNER,,49,Semily,east Bohemia,75685,8208.0,2.0,1660.0,0,,0.0,,0.0,Sin Prestamo,Sin Prestamo,0,0.0,,181,234900.0,196115.0,37003.303867,900.0,79247.0
2043,F,1954-09-15,44,OWNER,,77,Vsetin,north Moravia,148545,8909.0,4.0,3460.0,0,,0.0,,0.0,Sin Prestamo,Sin Prestamo,3,4926.0,1642.0,182,321424.0,282908.0,28522.967032,900.0,46147.0
2044,F,1961-09-18,37,OWNER,,32,Ceska Lipa,north Bohemia,105058,9272.0,3.0,4340.0,0,,0.0,,0.0,Sin Prestamo,Sin Prestamo,1,2123.0,2123.0,304,1638734.0,1599508.0,57462.490131,200.0,139315.0
2045,M,1956-08-22,42,OWNER,,28,Plzen - sever,west Bohemia,72541,8594.0,2.0,1580.0,0,,0.0,,0.0,Sin Prestamo,Sin Prestamo,1,7968.0,7968.0,143,635917.0,629964.0,28579.363636,1100.0,115940.0
2046,F,1952-08-26,46,DISPONENT,,28,Plzen - sever,west Bohemia,72541,8594.0,2.0,1580.0,0,,0.0,,0.0,Sin Prestamo,Sin Prestamo,0,0.0,,0,0.0,0.0,,,
2047,F,1943-07-25,55,OWNER,,11,Praha - zapad,central Bohemia,75637,9622.0,0.0,3475.0,0,,0.0,,0.0,Sin Prestamo,Sin Prestamo,2,2757.0,1378.5,407,406424.0,359464.0,34306.474201,900.0,53541.0
2048,F,1928-06-03,70,OWNER,,23,Cheb,west Bohemia,87419,8624.0,2.0,2879.0,0,,0.0,,0.0,Sin Prestamo,Sin Prestamo,0,0.0,,85,86199.0,70555.0,11578.517647,200.0,18731.0
2049,M,1927-02-20,71,OWNER,,70,Karvina,north Moravia,285387,10177.0,7.0,9878.0,0,,0.0,,0.0,Sin Prestamo,Sin Prestamo,1,2249.0,2249.0,355,387706.0,353540.0,21855.569014,800.0,36243.0
2050,F,1932-05-23,66,DISPONENT,,70,Karvina,north Moravia,285387,10177.0,7.0,9878.0,0,,0.0,,0.0,Sin Prestamo,Sin Prestamo,0,0.0,,0,0.0,0.0,,,
2051,F,1918-12-07,80,OWNER,,74,Ostrava - mesto,north Moravia,323870,10673.0,5.0,18782.0,0,,0.0,,0.0,Sin Prestamo,Sin Prestamo,1,2128.0,2128.0,319,323792.0,310442.0,18871.981191,700.0,32528.0
2052,M,1914-05-19,84,DISPONENT,,74,Ostrava - mesto,north Moravia,323870,10673.0,5.0,18782.0,0,,0.0,,0.0,Sin Prestamo,Sin Prestamo,0,0.0,,0,0.0,0.0,,,
2053,M,1918-02-07,80,OWNER,,16,Jindrichuv Hradec,south Bohemia,93931,8427.0,1.0,1874.0,0,,0.0,,0.0,Sin Prestamo,Sin Prestamo,1,3311.0,3311.0,198,266830.0,234685.0,24294.060606,6736.0,36779.0
2054,M,1948-12-06,50,OWNER,,48,Rychnov nad Kneznou,east Bohemia,78955,9060.0,2.0,1655.0,0,,0.0,,0.0,Sin Prestamo,Sin Prestamo,2,1934.0,967.0,207,113236.0,89157.0,17316.652173,400.0,24172.0
2055,F,1976-08-31,22,OWNER,,56,Breclav,south Moravia,124605,8772.0,5.0,2854.0,0,,0.0,,0.0,Sin Prestamo,Sin Prestamo,0,0.0,,196,840044.0,821425.0,29719.515306,500.0,73968.0
2056,M,1978-12-09,20,OWNER,,1,Hl.m. Praha,Prague,1204953,12541.0,0.0,85677.0,0,,0.0,,0.0,Sin Prestamo,Sin Prestamo,2,13758.0,6879.0,97,596928.0,553505.0,42325.84536,1100.0,95675.0
2057,F,1976-01-02,22,OWNER,,6,Kutna Hora,central Bohemia,77963,8546.0,3.0,2640.0,0,,0.0,,0.0,Sin Prestamo,Sin Prestamo,0,0.0,,371,2589815.0,2579981.0,60340.234501,500.0,145243.0
2058,M,1971-03-02,27,OWNER,,76,Sumperk,north Moravia,127369,8369.0,5.0,3736.0,0,,0.0,,0.0,Sin Prestamo,Sin Prestamo,1,14658.0,14658.0,459,3197935.0,3091061.0,67114.06318,200.0,159676.0
2059,M,1972-06-30,26,OWNER,,43,Hradec Kralove,east Bohemia,161854,9425.0,2.0,4085.0,0,,0.0,,0.0,Sin Prestamo,Sin Prestamo,1,2159.0,2159.0,209,142843.0,119052.0,17156.736842,600.0,23803.0
2060,F,1971-06-04,27,DISPONENT,,43,Hradec Kralove,east Bohemia,161854,9425.0,2.0,4085.0,0,,0.0,,0.0,Sin Prestamo,Sin Prestamo,0,0.0,,0,0.0,0.0,,,
2061,M,1953-07-27,45,OWNER,,63,Vyskov,south Moravia,86513,8288.0,4.0,1562.0,0,,0.0,,0.0,Sin Prestamo,Sin Prestamo,3,2221.0,740.333333,106,65174.0,48234.0,17153.320754,800.0,21097.0
2062,F,1954-05-22,44,DISPONENT,,63,Vyskov,south Moravia,86513,8288.0,4.0,1562.0,0,,0.0,,0.0,Sin Prestamo,Sin Prestamo,0,0.0,,0,0.0,0.0,,,
2063,F,1950-09-26,48,OWNER,,68,Frydek - Mistek,north Moravia,228848,9893.0,4.0,5623.0,1,5301.0,141948.0,36.0,3943.0,C,Vigente,2,13585.0,6792.5,213,704750.0,650085.0,46668.56338,800.0,78139.0
2064,M,1926-07-30,72,OWNER,,53,Blansko,south Moravia,107911,8240.0,3.0,1850.0,0,,0.0,,0.0,Sin Prestamo,Sin Prestamo,2,3482.0,1741.0,405,376954.0,350694.0,19631.288888,800.0,30656.0
2065,M,1978-08-20,20,OWNER,,64,Zlin,south Moravia,197099,9624.0,2.0,4484.0,0,,0.0,,0.0,Sin Prestamo,Sin Prestamo,1,6765.0,6765.0,201,938399.0,844420.0,52313.477611,900.0,93990.0
2066,M,1972-10-27,26,OWNER,,1,Hl.m. Praha,Prague,1204953,12541.0,0.0,85677.0,0,,0.0,,0.0,Sin Prestamo,Sin Prestamo,2,11996.0,5998.0,389,2153446.0,2135151.0,46282.737789,1100.0,131901.0
2067,M,1979-10-20,19,OWNER,,56,Breclav,south Moravia,124605,8772.0,5.0,2854.0,0,,0.0,,0.0,Sin Prestamo,Sin Prestamo,1,4689.0,4689.0,264,453302.0,425864.0,25399.424242,500.0,42443.0
2068,F,1930-05-24,68,OWNER,,72,Olomouc,north Moravia,226122,8994.0,4.0,9672.0,0,,0.0,,0.0,Sin Prestamo,Sin Prestamo,1,3554.0,3554.0,59,80748.0,56961.0,22988.406779,700.0,30007.0
2069,F,1923-01-01,75,OWNER,,70,Karvina,north Moravia,285387,10177.0,7.0,9878.0,0,,0.0,,0.0,Sin Prestamo,Sin Prestamo,1,3285.0,3285.0,198,273119.0,254155.0,19777.838383,300.0,30745.0
2070,F,1972-07-23,26,OWNER,,70,Karvina,north Moravia,285387,10177.0,7.0,9878.0,0,,0.0,,0.0,Sin Prestamo,Sin Prestamo,1,5502.0,5502.0,320,1053455.0,999348.0,33981.53125,400.0,65290.0
2071,M,1973-12-19,25,OWNER,,1,Hl.m. Praha,Prague,1204953,12541.0,0.0,85677.0,0,,0.0,,0.0,Sin Prestamo,Sin Prestamo,1,2058.0,2058.0,275,220799.0,166889.0,42646.443636,700.0,63386.0
2072,F,1944-02-09,54,OWNER,,75,Prerov,north Moravia,138032,8819.0,5.0,4063.0,0,,0.0,,0.0,Sin Prestamo,Sin Prestamo,2,9027.0,4513.5,105,307207.0,284140.0,16539.057142,1000.0,49328.0
2073,M,1956-02-08,42,OWNER,,22,Domazlice,west Bohemia,58400,8620.0,1.0,1089.0,0,,0.0,,0.0,Sin Prestamo,Sin Prestamo,2,7858.0,3929.0,299,778779.0,748970.0,28289.986622,700.0,49349.0
2074,F,1961-09-16,37,OWNER,,24,Karlovy Vary,west Bohemia,122603,8991.0,1.0,5198.0,0,,0.0,,0.0,Sin Prestamo,Sin Prestamo,1,3227.0,3227.0,180,644083.0,568614.0,52713.311111,400.0,82933.0
2075,M,1922-01-29,76,OWNER,,74,Ostrava - mesto,north Moravia,323870,10673.0,5.0,18782.0,0,,0.0,,0.0,Sin Prestamo,Sin Prestamo,1,2071.0,2071.0,89,134055.0,84114.0,34906.898876,900.0,50867.0
2076,F,1957-02-07,41,OWNER,,63,Vyskov,south Moravia,86513,8288.0,4.0,1562.0,0,,0.0,,0.0,Sin Prestamo,Sin Prestamo,3,2529.0,843.0,257,175748.0,150025.0,23529.128404,200.0,32832.0
2077,F,1930-03-01,68,OWNER,,44,Chrudim,east Bohemia,105606,8254.0,3.0,2166.0,0,,0.0,,0.0,Sin Prestamo,Sin Prestamo,1,1626.0,1626.0,115,155344.0,115346.0,29024.182608,200.0,45220.0
2078,F,1978-08-03,20,OWNER,,10,Praha - vychod,central Bohemia,92084,10124.0,1.0,3810.0,0,,0.0,,0.0,Sin Prestamo,Sin Prestamo,0,0.0,,317,462536.0,445225.0,25648.873817,700.0,115022.0
2079,F,1925-05-29,73,OWNER,,72,Olomouc,north Moravia,226122,8994.0,4.0,9672.0,0,,0.0,,0.0,Sin Prestamo,Sin Prestamo,1,3028.0,3028.0,245,257627.0,227136.0,22068.261224,900.0,36447.0
2080,M,1963-12-26,35,OWNER,,60,Prostejov,south Moravia,110643,8441.0,3.0,1879.0,0,,0.0,,0.0,Sin Prestamo,Sin Prestamo,0,0.0,,165,975434.0,973624.0,42726.975757,-954.0,136361.0
2081,F,1972-11-06,26,OWNER,,46,Nachod,east Bohemia,112709,8369.0,2.0,2854.0,0,,0.0,,0.0,Sin Prestamo,Sin Prestamo,2,4607.0,2303.5,186,524833.0,492466.0,25470.134408,1100.0,51468.0
2082,M,1933-02-04,65,OWNER,,67,Bruntal,north Moravia,106054,8110.0,6.0,3244.0,0,,0.0,,0.0,Sin Prestamo,Sin Prestamo,1,2500.0,2500.0,52,86984.0,63070.0,17906.596153,900.0,30290.0
2083,M,1943-03-12,55,OWNER,,71,Novy Jicin,north Moravia,161227,8678.0,6.0,4980.0,1,5304.0,172272.0,24.0,7178.0,C,Vigente,2,21634.0,10817.0,83,729029.0,616622.0,63373.987951,300.0,126478.0
2084,F,1929-02-16,69,OWNER,,1,Hl.m. Praha,Prague,1204953,12541.0,0.0,85677.0,0,,0.0,,0.0,Sin Prestamo,Sin Prestamo,1,2768.0,2768.0,281,271675.0,247515.0,21804.491103,600.0,32937.0
2085,M,1928-11-28,70,DISPONENT,,1,Hl.m. Praha,Prague,1204953,12541.0,0.0,85677.0,0,,0.0,,0.0,Sin Prestamo,Sin Prestamo,0,0.0,,0,0.0,0.0,,,
2086,F,1954-10-29,44,OWNER,,35,Jablonec n. Nisou,north Bohemia,88768,8867.0,1.0,3384.0,0,,0.0,,0.0,Sin Prestamo,Sin Prestamo,0,0.0,,16,22400.0,11000.0,16187.5,300.0,22400.0
2087,M,1977-09-29,21,OWNER,,68,Frydek - Mistek,north Moravia,228848,9893.0,4.0,5623.0,0,,0.0,,0.0,Sin Prestamo,Sin Prestamo,0,0.0,,69,81400.0,42700.0,19863.768115,1100.0,40200.0
2088,F,1948-08-26,50,OWNER,,32,Ceska Lipa,north Bohemia,105058,9272.0,3.0,4340.0,0,,0.0,,0.0,Sin Prestamo,Sin Prestamo,1,4472.0,4472.0,192,789445.0,723863.0,47219.760416,800.0,75856.0
2089,F,1967-06-09,31,OWNER,,70,Karvina,north Moravia,285387,10177.0,7.0,9878.0,0,,0.0,,0.0,Sin Prestamo,Sin Prestamo,4,9680.0,2420.0,94,353385.0,286695.0,58260.234042,600.0,79777.0
2090,M,1970-10-07,28,DISPONENT,,70,Karvina,north Moravia,285387,10177.0,7.0,9878.0,0,,0.0,,0.0,Sin Prestamo,Sin Prestamo,0,0.0,,0,0.0,0.0,,,
2091,F,1928-01-17,70,OWNER,,48,Rychnov nad Kneznou,east Bohemia,78955,9060.0,2.0,1655.0,0,,0.0,,0.0,Sin Prestamo,Sin Prestamo,1,1604.0,1604.0,99,128113.0,107926.0,24145.171717,1100.0,33162.0
2092,M,1945-03-21,53,OWNER,,72,Olomouc,north Moravia,226122,8994.0,4.0,9672.0,0,,0.0,,0.0,Sin Prestamo,Sin Prestamo,0,0.0,,237,2189767.0,2162484.0,61262.029535,1100.0,136073.0
2093,M,1970-06-24,28,OWNER,,48,Rychnov nad Kneznou,east Bohemia,78955,9060.0,2.0,1655.0,0,,0.0,,0.0,Sin Prestamo,Sin Prestamo,4,6709.0,1677.25,602,1132628.0,1098408.0,26692.51495,1000.0,51964.0
2094,F,1975-09-06,23,DISPONENT,,48,Rychnov nad Kneznou,east Bohemia,78955,9060.0,2.0,1655.0,0,,0.0,,0.0,Sin Prestamo,Sin Prestamo,0,0.0,,0,0.0,0.0,,,
2095,M,1974-04-30,24,OWNER,,9,Nymburk,central Bohemia,81344,8899.0,3.0,2987.0,0,,0.0,,0.0,Sin Prestamo,Sin Prestamo,3,6610.0,2203.333333,83,387738.0,345715.0,44115.39759,1000.0,64983.0
2096,F,1974-09-06,24,OWNER,,74,Ostrava - mesto,north Moravia,323870,10673.0,5.0,18782.0,0,,0.0,,0.0,Sin Prestamo,Sin Prestamo,1,4954.0,4954.0,219,420474.0,376547.0,19736.835616,1000.0,51348.0
2097,M,1936-11-11,62,OWNER,,53,Blansko,south Moravia,107911,8240.0,3.0,1850.0,0,,0.0,,0.0,Sin Prestamo,Sin Prestamo,1,6554.0,6554.0,77,190382.0,149799.0,34205.922077,900.0,46475.0
2098,F,1939-05-28,59,DISPONENT,,53,Blansko,south Moravia,107911,8240.0,3.0,1850.0,0,,0.0,,0.0,Sin Prestamo,Sin Prestamo,0,0.0,,0,0.0,0.0,,,
2099,M,1918-01-16,80,OWNER,,1,Hl.m. Praha,Prague,1204953,12541.0,0.0,85677.0,0,,0.0,,0.0,Sin Prestamo,Sin Prestamo,1,1978.0,1978.0,372,487128.0,419986.0,40182.395161,900.0,74914.0
2100,F,1931-09-29,67,OWNER,,33,Decin,north Bohemia,133777,8705.0,6.0,4650.0,0,,0.0,,0.0,Sin Prestamo,Sin Prestamo,1,2631.0,2631.0,342,343827.0,314457.0,21682.795321,200.0,37838.0
2101,M,1935-06-24,63,DISPONENT,,33,Decin,north Bohemia,133777,8705.0,6.0,4650.0,0,,0.0,,0.0,Sin Prestamo,Sin Prestamo,0,0.0,,0,0.0,0.0,,,
2102,M,1941-05-27,57,OWNER,,51,Trutnov,east Bohemia,121947,8541.0,3.0,3496.0,0,,0.0,,0.0,Sin Prestamo,Sin Prestamo,1,8050.0,8050.0,176,829313.0,764485.0,54506.125,400.0,118028.0
2103,F,1944-02-04,54,OWNER,,18,Pisek,south Bohemia,70699,8968.0,3.0,1740.0,0,,0.0,,0.0,Sin Prestamo,Sin Prestamo,2,8934.0,4467.0,161,993020.0,971591.0,47322.962732,900.0,130294.0
2104,M,1948-01-08,50,OWNER,,37,Litomerice,north Bohemia,114006,9065.0,4.0,4147.0,0,,0.0,,0.0,Sin Prestamo,Sin Prestamo,1,9431.0,9431.0,116,553439.0,481747.0,56820.12931,1000.0,86317.0
2105,F,1947-07-18,51,OWNER,,42,Havlickuv Brod,east Bohemia,95907,8388.0,2.0,1658.0,0,,0.0,,0.0,Sin Prestamo,Sin Prestamo,0,0.0,,20,26034.0,16500.0,13994.4,1100.0,24000.0
2106,F,1921-03-21,77,OWNER,,74,Ostrava - mesto,north Moravia,323870,10673.0,5.0,18782.0,0,,0.0,,0.0,Sin Prestamo,Sin Prestamo,1,3666.0,3666.0,95,136778.0,113443.0,28440.357894,900.0,41232.0
2107,M,1923-04-18,75,DISPONENT,,74,Ostrava - mesto,north Moravia,323870,10673.0,5.0,18782.0,0,,0.0,,0.0,Sin Prestamo,Sin Prestamo,0,0.0,,0,0.0,0.0,,,
2108,F,1945-04-21,53,OWNER,,77,Vsetin,north Moravia,148545,8909.0,4.0,3460.0,0,,0.0,,0.0,Sin Prestamo,Sin Prestamo,2,5432.0,2716.0,206,468790.0,424283.0,36217.703883,600.0,56410.0
2109,F,1950-05-14,48,OWNER,,15,Cesky Krumlov,south Bohemia,58796,9045.0,3.0,1845.0,0,,0.0,,0.0,Sin Prestamo,Sin Prestamo,1,1998.0,1998.0,130,88693.0,75580.0,13284.161538,400.0,18750.0
2110,F,1967-11-03,31,OWNER,,3,Beroun,central Bohemia,75232,8980.0,2.0,2824.0,0,,0.0,,0.0,Sin Prestamo,Sin Prestamo,1,9979.0,9979.0,156,701362.0,655050.0,36164.352564,700.0,68756.0
2111,F,1924-05-29,74,OWNER,,57,Hodonin,south Moravia,161954,8720.0,4.0,3729.0,0,,0.0,,0.0,Sin Prestamo,Sin Prestamo,1,2713.0,2713.0,87,87128.0,72468.0,14363.057471,600.0,20950.0
2112,M,1927-09-15,71,OWNER,,21,Tabor,south Bohemia,103347,9104.0,2.0,2299.0,0,,0.0,,0.0,Sin Prestamo,Sin Prestamo,1,2366.0,2366.0,199,210565.0,176974.0,23288.105527,1100.0,39845.0
2113,M,1937-04-04,61,OWNER,,68,Frydek - Mistek,north Moravia,228848,9893.0,4.0,5623.0,0,,0.0,,0.0,Sin Prestamo,Sin Prestamo,1,3827.0,3827.0,218,984349.0,953873.0,45635.100917,800.0,78994.0
2114,M,1918-08-21,80,OWNER,,51,Trutnov,east Bohemia,121947,8541.0,3.0,3496.0,0,,0.0,,0.0,Sin Prestamo,Sin Prestamo,1,2279.0,2279.0,316,294777.0,245588.0,31507.379746,800.0,51485.0
2115,F,1914-03-01,84,DISPONENT,,51,Trutnov,east Bohemia,121947,8541.0,3.0,3496.0,0,,0.0,,0.0,Sin Prestamo,Sin Prestamo,0,0.0,,0,0.0,0.0,,,
2116,M,1930-06-14,68,OWNER,,76,Sumperk,north Moravia,127369,8369.0,5.0,3736.0,0,,0.0,,0.0,Sin Prestamo,Sin Prestamo,1,3317.0,3317.0,165,201173.0,177020.0,20503.80606,600.0,30344.0
2117,M,1945-02-28,53,OWNER,,53,Blansko,south Moravia,107911,8240.0,3.0,1850.0,0,,0.0,,0.0,Sin Prestamo,Sin Prestamo,0,0.0,,130,997238.0,934960.0,64965.715384,-166.0,125602.0
2118,M,1970-11-12,28,OWNER,,1,Hl.m. Praha,Prague,1204953,12541.0,0.0,85677.0,0,,0.0,,0.0,Sin Prestamo,Sin Prestamo,0,0.0,,96,453468.0,399440.0,69524.729166,1100.0,111881.0
2119,F,1960-05-18,38,OWNER,,30,Sokolov,west Bohemia,94812,9650.0,3.0,2985.0,0,,0.0,,0.0,Sin Prestamo,Sin Prestamo,2,1989.0,994.5,71,49124.0,27964.0,14687.957746,600.0,21162.0
2121,M,1979-09-25,19,OWNER,,64,Zlin,south Moravia,197099,9624.0,2.0,4484.0,0,,0.0,,0.0,Sin Prestamo,Sin Prestamo,2,14239.0,7119.5,233,1908998.0,1838287.0,66132.081545,1000.0,136332.0
2122,F,1970-07-17,28,OWNER,,1,Hl.m. Praha,Prague,1204953,12541.0,0.0,85677.0,0,,0.0,,0.0,Sin Prestamo,Sin Prestamo,2,9545.0,4772.5,490,1997211.0,1909088.0,62245.548979,1100.0,131102.0
2123,M,1982-05-17,16,OWNER,,53,Blansko,south Moravia,107911,8240.0,3.0,1850.0,0,,0.0,,0.0,Sin Prestamo,Sin Prestamo,0,0.0,,135,169208.0,131445.0,30926.281481,700.0,53626.0
2124,F,1949-01-14,49,OWNER,,68,Frydek - Mistek,north Moravia,228848,9893.0,4.0,5623.0,0,,0.0,,0.0,Sin Prestamo,Sin Prestamo,0,0.0,,148,610631.0,540545.0,50991.797297,1100.0,72292.0
2125,M,1975-04-12,23,OWNER,,71,Novy Jicin,north Moravia,161227,8678.0,6.0,4980.0,0,,0.0,,0.0,Sin Prestamo,Sin Prestamo,0,0.0,,38,174486.0,125600.0,52525.526315,900.0,92154.0
2126,F,1975-03-28,23,OWNER,,52,Usti nad Orlici,east Bohemia,139012,8363.0,3.0,2564.0,0,,0.0,,0.0,Sin Prestamo,Sin Prestamo,0,0.0,,147,1203229.0,1144107.0,70325.673469,200.0,140087.0
2128,F,1955-08-13,43,OWNER,,38,Louny,north Bohemia,85852,8965.0,7.0,2653.0,0,,0.0,,0.0,Sin Prestamo,Sin Prestamo,1,6307.0,6307.0,210,777065.0,697526.0,53239.485714,900.0,83231.0
2129,M,1962-12-07,36,OWNER,,75,Prerov,north Moravia,138032,8819.0,5.0,4063.0,0,,0.0,,0.0,Sin Prestamo,Sin Prestamo,0,0.0,,241,2171373.0,2126504.0,59574.941908,200.0,131906.0
2130,F,1945-10-29,53,OWNER,,21,Tabor,south Bohemia,103347,9104.0,2.0,2299.0,0,,0.0,,0.0,Sin Prestamo,Sin Prestamo,2,9739.0,4869.5,199,826941.0,743642.0,54154.562814,700.0,100439.0
2131,F,1975-02-11,23,OWNER,,39,Most,north Bohemia,119895,10446.0,7.0,4947.0,0,,0.0,,0.0,Sin Prestamo,Sin Prestamo,2,3722.0,1861.0,207,389549.0,326850.0,20563.086956,300.0,62709.0
2132,M,1969-02-06,29,DISPONENT,,39,Most,north Bohemia,119895,10446.0,7.0,4947.0,0,,0.0,,0.0,Sin Prestamo,Sin Prestamo,0,0.0,,0,0.0,0.0,,,
2133,F,1921-11-28,77,OWNER,,53,Blansko,south Moravia,107911,8240.0,3.0,1850.0,0,,0.0,,0.0,Sin Prestamo,Sin Prestamo,2,1709.0,854.5,206,186205.0,134407.0,39012.854368,600.0,55151.0
2134,M,1917-12-14,81,DISPONENT,,53,Blansko,south Moravia,107911,8240.0,3.0,1850.0,0,,0.0,,0.0,Sin Prestamo,Sin Prestamo,0,0.0,,0,0.0,0.0,,,
2135,F,1940-08-08,58,OWNER,,24,Karlovy Vary,west Bohemia,122603,8991.0,1.0,5198.0,0,,0.0,,0.0,Sin Prestamo,Sin Prestamo,3,6749.0,2249.666666,478,874042.0,837869.0,30671.502092,700.0,56143.0
2136,F,1940-07-24,58,OWNER,True,28,Plzen - sever,west Bohemia,72541,8594.0,2.0,1580.0,1,5310.0,248148.0,36.0,6893.0,A,Cerrado,4,13070.0,3267.5,490,1272879.0,1243568.0,30375.148979,600.0,67486.0
2137,F,1962-11-09,36,OWNER,,73,Opava,north Moravia,182027,8746.0,3.0,4355.0,0,,0.0,,0.0,Sin Prestamo,Sin Prestamo,2,6685.0,3342.5,219,853500.0,789880.0,43599.196347,600.0,75594.0
2138,M,1980-12-19,18,OWNER,,68,Frydek - Mistek,north Moravia,228848,9893.0,4.0,5623.0,0,,0.0,,0.0,Sin Prestamo,Sin Prestamo,1,5270.0,5270.0,84,214827.0,154905.0,40588.797619,900.0,66057.0
2139,F,1932-03-06,66,OWNER,,18,Pisek,south Bohemia,70699,8968.0,3.0,1740.0,0,,0.0,,0.0,Sin Prestamo,Sin Prestamo,1,2011.0,2011.0,139,154185.0,134225.0,17174.827338,400.0,25747.0
2140,M,1926-10-18,72,DISPONENT,,18,Pisek,south Bohemia,70699,8968.0,3.0,1740.0,0,,0.0,,0.0,Sin Prestamo,Sin Prestamo,0,0.0,,0,0.0,0.0,,,
2141,M,1951-09-06,47,OWNER,,28,Plzen - sever,west Bohemia,72541,8594.0,2.0,1580.0,1,5311.0,30060.0,60.0,501.0,C,Vigente,5,7336.0,1467.2,483,1119015.0,1073300.0,28752.848861,500.0,69383.0
2142,F,1941-12-20,57,OWNER,,21,Tabor,south Bohemia,103347,9104.0,2.0,2299.0,0,,0.0,,0.0,Sin Prestamo,Sin Prestamo,3,4829.0,1609.666666,448,1318489.0,1270397.0,48502.435267,1100.0,86730.0
2143,M,1948-11-12,50,DISPONENT,,21,Tabor,south Bohemia,103347,9104.0,2.0,2299.0,0,,0.0,,0.0,Sin Prestamo,Sin Prestamo,0,0.0,,0,0.0,0.0,,,
2144,F,1960-01-28,38,OWNER,,15,Cesky Krumlov,south Bohemia,58796,9045.0,3.0,1845.0,0,,0.0,,0.0,Sin Prestamo,Sin Prestamo,0,0.0,,295,777941.0,726385.0,42482.738983,1100.0,68287.0
2145,F,1968-12-24,30,OWNER,,39,Most,north Bohemia,119895,10446.0,7.0,4947.0,0,,0.0,,0.0,Sin Prestamo,Sin Prestamo,0,0.0,,209,289539.0,271090.0,22587.933014,200.0,39612.0
2146,M,1973-01-04,25,OWNER,,65,Znojmo,south Moravia,114200,8403.0,6.0,2157.0,0,,0.0,,0.0,Sin Prestamo,Sin Prestamo,1,8351.0,8351.0,347,1360148.0,1309764.0,55464.357348,1000.0,88123.0
2147,F,1963-08-14,35,OWNER,,69,Jesenik,north Moravia,42821,8173.0,,,0,,0.0,,0.0,Sin Prestamo,Sin Prestamo,1,3052.0,3052.0,411,471888.0,449740.0,26570.338199,500.0,42853.0
2148,F,1953-07-20,45,OWNER,,31,Tachov,west Bohemia,51313,8930.0,4.0,1328.0,1,5312.0,202788.0,36.0,5633.0,C,Vigente,2,17627.0,8813.5,330,2457271.0,2380720.0,67825.575757,1100.0,151677.0
2149,F,1923-04-09,75,OWNER,,33,Decin,north Bohemia,133777,8705.0,6.0,4650.0,0,,0.0,,0.0,Sin Prestamo,Sin Prestamo,1,2877.0,2877.0,313,298114.0,280856.0,15786.006389,300.0,24927.0
2150,M,1941-04-17,57,OWNER,,61,Trebic,south Moravia,117897,8814.0,5.0,2112.0,0,,0.0,,0.0,Sin Prestamo,Sin Prestamo,1,2170.0,2170.0,132,93127.0,75135.0,15556.189393,300.0,20080.0
2151,F,1945-12-30,53,DISPONENT,,61,Trebic,south Moravia,117897,8814.0,5.0,2112.0,0,,0.0,,0.0,Sin Prestamo,Sin Prestamo,0,0.0,,0,0.0,0.0,,,
2152,F,1929-09-07,69,OWNER,,17,Pelhrimov,south Bohemia,74062,8114.0,2.0,1003.0,0,,0.0,,0.0,Sin Prestamo,Sin Prestamo,1,2343.0,2343.0,377,492551.0,470530.0,22255.652519,900.0,35818.0
2153,F,1949-05-16,49,OWNER,,36,Liberec,north Bohemia,159617,9198.0,3.0,5796.0,1,5313.0,43200.0,24.0,1800.0,C,Vigente,2,7510.0,3755.0,103,260663.0,220900.0,39581.825242,400.0,62263.0
2154,F,1957-11-28,41,OWNER,,60,Prostejov,south Moravia,110643,8441.0,3.0,1879.0,0,,0.0,,0.0,Sin Prestamo,Sin Prestamo,3,4315.0,1438.333333,186,642961.0,565945.0,59303.268817,1000.0,88225.0
2155,M,1958-06-10,40,OWNER,,15,Cesky Krumlov,south Bohemia,58796,9045.0,3.0,1845.0,0,,0.0,,0.0,Sin Prestamo,Sin Prestamo,1,3432.0,3432.0,268,805505.0,730867.0,43720.011194,900.0,74649.0
2156,F,1966-12-27,32,OWNER,,33,Decin,north Bohemia,133777,8705.0,6.0,4650.0,0,,0.0,,0.0,Sin Prestamo,Sin Prestamo,3,4314.0,1438.0,507,1704561.0,1625895.0,73729.086785,1000.0,130716.0
2157,M,1945-11-17,53,OWNER,,11,Praha - zapad,central Bohemia,75637,9622.0,0.0,3475.0,0,,0.0,,0.0,Sin Prestamo,Sin Prestamo,1,5429.0,5429.0,414,1927486.0,1830925.0,71483.458937,900.0,137726.0
2158,M,1981-05-06,17,OWNER,,10,Praha - vychod,central Bohemia,92084,10124.0,1.0,3810.0,0,,0.0,,0.0,Sin Prestamo,Sin Prestamo,0,0.0,,154,218046.0,187575.0,29045.025974,400.0,69580.0
2159,F,1930-01-23,68,OWNER,,74,Ostrava - mesto,north Moravia,323870,10673.0,5.0,18782.0,0,,0.0,,0.0,Sin Prestamo,Sin Prestamo,1,3231.0,3231.0,343,449948.0,368733.0,41366.072886,700.0,86875.0
2160,M,1945-05-31,53,OWNER,,70,Karvina,north Moravia,285387,10177.0,7.0,9878.0,0,,0.0,,0.0,Sin Prestamo,Sin Prestamo,1,6003.0,6003.0,73,167498.0,127203.0,25906.465753,900.0,47570.0
2161,F,1920-03-06,78,OWNER,,1,Hl.m. Praha,Prague,1204953,12541.0,0.0,85677.0,0,,0.0,,0.0,Sin Prestamo,Sin Prestamo,1,1785.0,1785.0,357,462113.0,430100.0,24850.823529,400.0,43155.0
2162,M,1913-09-12,85,DISPONENT,,1,Hl.m. Praha,Prague,1204953,12541.0,0.0,85677.0,0,,0.0,,0.0,Sin Prestamo,Sin Prestamo,0,0.0,,0,0.0,0.0,,,
2163,M,1918-04-08,80,OWNER,,52,Usti nad Orlici,east Bohemia,139012,8363.0,3.0,2564.0,0,,0.0,,0.0,Sin Prestamo,Sin Prestamo,1,1722.0,1722.0,119,130570.0,92407.0,23409.857142,1100.0,38171.0
2164,M,1941-10-29,57,OWNER,,47,Pardubice,east Bohemia,162580,9538.0,2.0,6079.0,0,,0.0,,0.0,Sin Prestamo,Sin Prestamo,1,8818.0,8818.0,389,1354214.0,1274486.0,50491.311053,1000.0,91021.0
2165,F,1945-03-02,53,DISPONENT,,47,Pardubice,east Bohemia,162580,9538.0,2.0,6079.0,0,,0.0,,0.0,Sin Prestamo,Sin Prestamo,0,0.0,,0,0.0,0.0,,,
2166,F,1947-07-22,51,OWNER,False,30,Sokolov,west Bohemia,94812,9650.0,3.0,2985.0,1,5314.0,96396.0,12.0,8033.0,B,Cerrado,1,8033.0,8033.0,403,2057399.0,2051494.0,44264.5732,-568.0,136813.0
2167,M,1981-12-13,17,OWNER,,1,Hl.m. Praha,Prague,1204953,12541.0,0.0,85677.0,0,,0.0,,0.0,Sin Prestamo,Sin Prestamo,0,0.0,,263,297505.0,237975.0,23909.63498,1100.0,59549.0
2168,F,1963-07-12,35,OWNER,,46,Nachod,east Bohemia,112709,8369.0,2.0,2854.0,0,,0.0,,0.0,Sin Prestamo,Sin Prestamo,0,0.0,,74,94445.0,41300.0,44263.445945,400.0,72010.0
2169,M,1971-01-01,27,DISPONENT,,46,Nachod,east Bohemia,112709,8369.0,2.0,2854.0,0,,0.0,,0.0,Sin Prestamo,Sin Prestamo,0,0.0,,0,0.0,0.0,,,
2170,M,1942-04-30,56,OWNER,,70,Karvina,north Moravia,285387,10177.0,7.0,9878.0,0,,0.0,,0.0,Sin Prestamo,Sin Prestamo,2,4031.0,2015.5,94,210322.0,158957.0,41903.893617,600.0,56393.0
2171,M,1958-11-28,40,OWNER,,1,Hl.m. Praha,Prague,1204953,12541.0,0.0,85677.0,0,,0.0,,0.0,Sin Prestamo,Sin Prestamo,1,6956.0,6956.0,196,510833.0,486566.0,40693.693877,300.0,63510.0
2172,F,1929-08-21,69,OWNER,,7,Melnik,central Bohemia,94725,9920.0,2.0,4289.0,0,,0.0,,0.0,Sin Prestamo,Sin Prestamo,1,1712.0,1712.0,309,375113.0,342777.0,21436.990291,1000.0,33938.0
2173,F,1951-12-17,47,OWNER,,56,Breclav,south Moravia,124605,8772.0,5.0,2854.0,0,,0.0,,0.0,Sin Prestamo,Sin Prestamo,2,6527.0,3263.5,249,593182.0,542486.0,33736.064257,200.0,55295.0
2174,F,1952-08-08,46,OWNER,,74,Ostrava - mesto,north Moravia,323870,10673.0,5.0,18782.0,0,,0.0,,0.0,Sin Prestamo,Sin Prestamo,4,5002.0,1250.5,120,153578.0,133016.0,18403.05,1000.0,39287.0
2175,F,1942-01-03,56,OWNER,,53,Blansko,south Moravia,107911,8240.0,3.0,1850.0,0,,0.0,,0.0,Sin Prestamo,Sin Prestamo,1,3850.0,3850.0,83,345745.0,288365.0,47159.253012,500.0,77313.0
2176,M,1946-07-16,52,OWNER,,18,Pisek,south Bohemia,70699,8968.0,3.0,1740.0,0,,0.0,,0.0,Sin Prestamo,Sin Prestamo,2,3037.0,1518.5,254,838227.0,784673.0,46918.059055,400.0,71490.0
2177,F,1942-05-30,56,OWNER,,24,Karlovy Vary,west Bohemia,122603,8991.0,1.0,5198.0,0,,0.0,,0.0,Sin Prestamo,Sin Prestamo,2,7850.0,3925.0,331,908611.0,850490.0,49998.359516,500.0,85296.0
2178,M,1939-08-09,59,OWNER,,46,Nachod,east Bohemia,112709,8369.0,2.0,2854.0,0,,0.0,,0.0,Sin Prestamo,Sin Prestamo,3,8605.0,2868.333333,76,317142.0,256480.0,46123.736842,800.0,79936.0
2179,F,1939-10-27,59,OWNER,,9,Nymburk,central Bohemia,81344,8899.0,3.0,2987.0,0,,0.0,,0.0,Sin Prestamo,Sin Prestamo,1,2514.0,2514.0,128,145527.0,120057.0,19573.234375,600.0,28858.0
2180,F,1972-10-17,26,OWNER,,51,Trutnov,east Bohemia,121947,8541.0,3.0,3496.0,0,,0.0,,0.0,Sin Prestamo,Sin Prestamo,2,6746.0,3373.0,206,703171.0,642294.0,38430.364077,400.0,67390.0
2181,M,1968-07-22,30,OWNER,True,46,Nachod,east Bohemia,112709,8369.0,2.0,2854.0,1,5316.0,165960.0,36.0,4610.0,A,Cerrado,4,13152.0,3288.0,633,2422729.0,2329122.0,43499.842022,700.0,148809.0
2182,F,1929-12-01,69,OWNER,,75,Prerov,north Moravia,138032,8819.0,5.0,4063.0,0,,0.0,,0.0,Sin Prestamo,Sin Prestamo,2,2508.0,1254.0,266,227918.0,212653.0,27892.954887,800.0,36308.0
2183,M,1931-08-21,67,DISPONENT,,75,Prerov,north Moravia,138032,8819.0,5.0,4063.0,0,,0.0,,0.0,Sin Prestamo,Sin Prestamo,0,0.0,,0,0.0,0.0,,,
2184,M,1970-07-07,28,OWNER,,24,Karlovy Vary,west Bohemia,122603,8991.0,1.0,5198.0,0,,0.0,,0.0,Sin Prestamo,Sin Prestamo,2,2303.0,1151.5,276,228287.0,153471.0,49130.938405,400.0,78117.0
2185,F,1957-06-20,41,OWNER,,20,Strakonice,south Bohemia,70646,8547.0,3.0,1563.0,0,,0.0,,0.0,Sin Prestamo,Sin Prestamo,0,0.0,,351,1988171.0,1930997.0,57437.390313,1100.0,136575.0
2186,F,1942-07-26,56,OWNER,,48,Rychnov nad Kneznou,east Bohemia,78955,9060.0,2.0,1655.0,0,,0.0,,0.0,Sin Prestamo,Sin Prestamo,2,5803.0,2901.5,386,1881184.0,1796062.0,64706.531088,1100.0,148229.0
2187,M,1933-03-12,65,OWNER,,40,Teplice,north Bohemia,128118,9317.0,6.0,6949.0,0,,0.0,,0.0,Sin Prestamo,Sin Prestamo,1,2552.0,2552.0,349,363571.0,346134.0,22783.91977,400.0,34124.0
2188,F,1925-08-25,73,DISPONENT,,40,Teplice,north Bohemia,128118,9317.0,6.0,6949.0,0,,0.0,,0.0,Sin Prestamo,Sin Prestamo,0,0.0,,0,0.0,0.0,,,
2189,F,1962-11-15,36,OWNER,,21,Tabor,south Bohemia,103347,9104.0,2.0,2299.0,0,,0.0,,0.0,Sin Prestamo,Sin Prestamo,1,4731.0,4731.0,64,317135.0,258634.0,41120.703125,200.0,73925.0
2190,M,1974-10-22,24,OWNER,,28,Plzen - sever,west Bohemia,72541,8594.0,2.0,1580.0,1,5318.0,385584.0,48.0,8033.0,C,Vigente,1,8033.0,8033.0,101,637227.0,589344.0,69693.366336,400.0,156592.0
2191,F,1979-08-04,19,DISPONENT,,28,Plzen - sever,west Bohemia,72541,8594.0,2.0,1580.0,0,,0.0,,0.0,Sin Prestamo,Sin Prestamo,0,0.0,,0,0.0,0.0,,,
2192,F,1956-04-12,42,OWNER,,1,Hl.m. Praha,Prague,1204953,12541.0,0.0,85677.0,0,,0.0,,0.0,Sin Prestamo,Sin Prestamo,3,13312.0,4437.333333,459,1466721.0,1403787.0,38187.925925,200.0,87219.0
2193,M,1952-07-26,46,DISPONENT,,1,Hl.m. Praha,Prague,1204953,12541.0,0.0,85677.0,0,,0.0,,0.0,Sin Prestamo,Sin Prestamo,0,0.0,,0,0.0,0.0,,,
2194,F,1961-08-22,37,OWNER,,50,Svitavy,east Bohemia,102609,8187.0,5.0,2123.0,0,,0.0,,0.0,Sin Prestamo,Sin Prestamo,1,5925.0,5925.0,228,781114.0,757025.0,38559.679824,800.0,61028.0
2195,F,1942-09-13,56,OWNER,,68,Frydek - Mistek,north Moravia,228848,9893.0,4.0,5623.0,1,5319.0,239460.0,60.0,3991.0,C,Vigente,3,14942.0,4980.666666,470,1715923.0,1656014.0,35110.631914,300.0,80438.0
2196,F,1955-02-16,43,OWNER,,31,Tachov,west Bohemia,51313,8930.0,4.0,1328.0,0,,0.0,,0.0,Sin Prestamo,Sin Prestamo,2,2302.0,1151.0,140,92293.0,76839.0,16470.914285,1000.0,22282.0
2197,F,1962-12-10,36,OWNER,,47,Pardubice,east Bohemia,162580,9538.0,2.0,6079.0,0,,0.0,,0.0,Sin Prestamo,Sin Prestamo,2,5162.0,2581.0,478,3087348.0,2996358.0,74826.016736,1100.0,148219.0
2198,F,1920-02-22,78,OWNER,,17,Pelhrimov,south Bohemia,74062,8114.0,2.0,1003.0,0,,0.0,,0.0,Sin Prestamo,Sin Prestamo,1,3035.0,3035.0,61,91368.0,53885.0,28123.377049,1100.0,40367.0
2199,M,1911-12-09,87,DISPONENT,,17,Pelhrimov,south Bohemia,74062,8114.0,2.0,1003.0,0,,0.0,,0.0,Sin Prestamo,Sin Prestamo,0,0.0,,0,0.0,0.0,,,
2200,M,1953-07-31,45,OWNER,,66,Zdar nad Sazavou,south Moravia,125832,8512.0,4.0,2247.0,0,,0.0,,0.0,Sin Prestamo,Sin Prestamo,2,9896.0,4948.0,464,1342460.0,1299789.0,33358.952586,500.0,60602.0
2201,M,1929-02-23,69,OWNER,,44,Chrudim,east Bohemia,105606,8254.0,3.0,2166.0,0,,0.0,,0.0,Sin Prestamo,Sin Prestamo,1,2824.0,2824.0,298,272463.0,253292.0,17916.248322,1000.0,27063.0
2202,F,1928-08-17,70,DISPONENT,,44,Chrudim,east Bohemia,105606,8254.0,3.0,2166.0,0,,0.0,,0.0,Sin Prestamo,Sin Prestamo,0,0.0,,0,0.0,0.0,,,
2203,M,1939-10-01,59,OWNER,,10,Praha - vychod,central Bohemia,92084,10124.0,1.0,3810.0,0,,0.0,,0.0,Sin Prestamo,Sin Prestamo,1,9131.0,9131.0,132,529623.0,469605.0,45570.128787,700.0,74896.0
2204,F,1946-08-19,52,OWNER,,54,Brno - mesto,south Moravia,387570,9897.0,2.0,18721.0,0,,0.0,,0.0,Sin Prestamo,Sin Prestamo,0,0.0,,95,407884.0,369275.0,48465.88421,300.0,79888.0
2205,M,1952-12-12,46,OWNER,,55,Brno - venkov,south Moravia,157042,8743.0,2.0,3659.0,1,5320.0,143676.0,36.0,3991.0,C,Vigente,4,14446.0,3611.5,184,841299.0,735953.0,51082.570652,700.0,125319.0
2206,F,1964-06-04,34,OWNER,,10,Praha - vychod,central Bohemia,92084,10124.0,1.0,3810.0,0,,0.0,,0.0,Sin Prestamo,Sin Prestamo,1,7794.0,7794.0,297,1035714.0,1006039.0,31976.892255,500.0,56069.0
2207,F,1961-02-17,37,OWNER,,70,Karvina,north Moravia,285387,10177.0,7.0,9878.0,0,,0.0,,0.0,Sin Prestamo,Sin Prestamo,1,9385.0,9385.0,238,1005129.0,974505.0,33430.760504,500.0,64090.0
2208,M,1959-01-09,39,DISPONENT,,70,Karvina,north Moravia,285387,10177.0,7.0,9878.0,0,,0.0,,0.0,Sin Prestamo,Sin Prestamo,0,0.0,,0,0.0,0.0,,,
2209,F,1927-06-13,71,OWNER,,30,Sokolov,west Bohemia,94812,9650.0,3.0,2985.0,0,,0.0,,0.0,Sin Prestamo,Sin Prestamo,1,1996.0,1996.0,347,362858.0,320899.0,28767.884726,900.0,48587.0
2210,M,1933-04-23,65,DISPONENT,,30,Sokolov,west Bohemia,94812,9650.0,3.0,2985.0,0,,0.0,,0.0,Sin Prestamo,Sin Prestamo,0,0.0,,0,0.0,0.0,,,
2211,F,1920-02-24,78,OWNER,,3,Beroun,central Bohemia,75232,8980.0,2.0,2824.0,0,,0.0,,0.0,Sin Prestamo,Sin Prestamo,1,2347.0,2347.0,117,136134.0,115961.0,17376.145299,1000.0,27648.0
2212,M,1972-05-27,26,OWNER,,52,Usti nad Orlici,east Bohemia,139012,8363.0,3.0,2564.0,0,,0.0,,0.0,Sin Prestamo,Sin Prestamo,2,9834.0,4917.0,397,1553049.0,1480985.0,49745.395465,300.0,92917.0
2213,M,1968-11-07,30,OWNER,,3,Beroun,central Bohemia,75232,8980.0,2.0,2824.0,0,,0.0,,0.0,Sin Prestamo,Sin Prestamo,2,4113.0,2056.5,241,378058.0,319809.0,39592.431535,500.0,62135.0
2214,M,1946-11-07,52,OWNER,,5,Kolin,central Bohemia,95616,9307.0,4.0,2616.0,0,,0.0,,0.0,Sin Prestamo,Sin Prestamo,1,9921.0,9921.0,301,1189296.0,1143401.0,42224.78073,600.0,77283.0
2215,M,1925-01-29,73,OWNER,,10,Praha - vychod,central Bohemia,92084,10124.0,1.0,3810.0,0,,0.0,,0.0,Sin Prestamo,Sin Prestamo,1,2567.0,2567.0,313,310539.0,278598.0,22659.766773,400.0,32280.0
2216,F,1972-07-04,26,OWNER,,1,Hl.m. Praha,Prague,1204953,12541.0,0.0,85677.0,0,,0.0,,0.0,Sin Prestamo,Sin Prestamo,5,9695.0,1939.0,464,2333326.0,2268959.0,58396.189655,1000.0,186881.0
2217,M,1974-02-20,24,DISPONENT,,1,Hl.m. Praha,Prague,1204953,12541.0,0.0,85677.0,0,,0.0,,0.0,Sin Prestamo,Sin Prestamo,0,0.0,,0,0.0,0.0,,,
2218,M,1968-11-08,30,OWNER,,43,Hradec Kralove,east Bohemia,161854,9425.0,2.0,4085.0,0,,0.0,,0.0,Sin Prestamo,Sin Prestamo,1,3684.0,3684.0,370,598169.0,571739.0,23953.859459,900.0,46470.0
2219,F,1964-11-28,34,DISPONENT,,43,Hradec Kralove,east Bohemia,161854,9425.0,2.0,4085.0,0,,0.0,,0.0,Sin Prestamo,Sin Prestamo,0,0.0,,0,0.0,0.0,,,
2220,F,1952-02-17,46,OWNER,,20,Strakonice,south Bohemia,70646,8547.0,3.0,1563.0,0,,0.0,,0.0,Sin Prestamo,Sin Prestamo,1,7692.0,7692.0,360,909829.0,869907.0,25956.913888,1000.0,53212.0
2221,M,1945-03-15,53,DISPONENT,,20,Strakonice,south Bohemia,70646,8547.0,3.0,1563.0,0,,0.0,,0.0,Sin Prestamo,Sin Prestamo,0,0.0,,0,0.0,0.0,,,
2222,F,1934-08-03,64,OWNER,,1,Hl.m. Praha,Prague,1204953,12541.0,0.0,85677.0,0,,0.0,,0.0,Sin Prestamo,Sin Prestamo,1,2047.0,2047.0,343,414979.0,390613.0,25689.489795,600.0,35919.0
2223,F,1943-05-24,55,OWNER,,70,Karvina,north Moravia,285387,10177.0,7.0,9878.0,0,,0.0,,0.0,Sin Prestamo,Sin Prestamo,5,12000.0,2400.0,273,777179.0,725089.0,30903.604395,1100.0,71640.0
2224,M,1932-10-04,66,OWNER,,54,Brno - mesto,south Moravia,387570,9897.0,2.0,18721.0,0,,0.0,,0.0,Sin Prestamo,Sin Prestamo,1,1674.0,1674.0,52,88686.0,52706.0,34585.173076,900.0,47006.0
2225,F,1960-11-06,38,OWNER,,4,Kladno,central Bohemia,149893,9753.0,5.0,5244.0,0,,0.0,,0.0,Sin Prestamo,Sin Prestamo,1,8084.0,8084.0,390,1317094.0,1236840.0,46349.86923,700.0,88671.0
2226,F,1964-10-09,34,OWNER,,74,Ostrava - mesto,north Moravia,323870,10673.0,5.0,18782.0,0,,0.0,,0.0,Sin Prestamo,Sin Prestamo,2,7369.0,3684.5,306,862645.0,771281.0,55844.078431,800.0,102173.0
2227,M,1975-07-25,23,OWNER,,42,Havlickuv Brod,east Bohemia,95907,8388.0,2.0,1658.0,0,,0.0,,0.0,Sin Prestamo,Sin Prestamo,2,8351.0,4175.5,227,667723.0,617665.0,35071.651982,900.0,64798.0
2228,F,1940-03-20,58,OWNER,,43,Hradec Kralove,east Bohemia,161854,9425.0,2.0,4085.0,0,,0.0,,0.0,Sin Prestamo,Sin Prestamo,1,6387.0,6387.0,394,1620501.0,1542469.0,60953.467005,300.0,111641.0
2229,M,1944-09-07,54,OWNER,,68,Frydek - Mistek,north Moravia,228848,9893.0,4.0,5623.0,0,,0.0,,0.0,Sin Prestamo,Sin Prestamo,2,11012.0,5506.0,261,1327042.0,1268611.0,47388.81226,400.0,128335.0
2230,M,1969-05-31,29,OWNER,,5,Kolin,central Bohemia,95616,9307.0,4.0,2616.0,0,,0.0,,0.0,Sin Prestamo,Sin Prestamo,1,3093.0,3093.0,89,270278.0,197904.0,41506.011235,600.0,73100.0
2231,F,1971-10-13,27,OWNER,,21,Tabor,south Bohemia,103347,9104.0,2.0,2299.0,0,,0.0,,0.0,Sin Prestamo,Sin Prestamo,0,0.0,,102,229641.0,204070.0,22115.656862,900.0,43051.0
2232,M,1967-05-27,31,OWNER,,36,Liberec,north Bohemia,159617,9198.0,3.0,5796.0,0,,0.0,,0.0,Sin Prestamo,Sin Prestamo,2,3099.0,1549.5,100,131798.0,86142.0,38588.9,300.0,52708.0
2233,F,1964-12-24,34,DISPONENT,,36,Liberec,north Bohemia,159617,9198.0,3.0,5796.0,0,,0.0,,0.0,Sin Prestamo,Sin Prestamo,0,0.0,,0,0.0,0.0,,,
2235,F,1940-04-20,58,OWNER,True,14,Ceske Budejovice,south Bohemia,177686,10045.0,1.0,6604.0,1,5325.0,105804.0,36.0,2939.0,A,Cerrado,2,9933.0,4966.5,462,1398009.0,1366468.0,35669.385281,1000.0,71458.0
2236,F,1978-06-27,20,OWNER,,44,Chrudim,east Bohemia,105606,8254.0,3.0,2166.0,0,,0.0,,0.0,Sin Prestamo,Sin Prestamo,1,2161.0,2161.0,321,242483.0,198983.0,30232.127725,500.0,47335.0
2237,M,1958-10-03,40,OWNER,,47,Pardubice,east Bohemia,162580,9538.0,2.0,6079.0,0,,0.0,,0.0,Sin Prestamo,Sin Prestamo,1,12537.0,12537.0,88,518157.0,491465.0,52442.375,800.0,126773.0
2238,F,1954-02-19,44,DISPONENT,,47,Pardubice,east Bohemia,162580,9538.0,2.0,6079.0,0,,0.0,,0.0,Sin Prestamo,Sin Prestamo,0,0.0,,0,0.0,0.0,,,
2239,F,1976-01-09,22,OWNER,,6,Kutna Hora,central Bohemia,77963,8546.0,3.0,2640.0,0,,0.0,,0.0,Sin Prestamo,Sin Prestamo,1,2062.0,2062.0,181,133795.0,108221.0,18414.17127,1000.0,28322.0
2240,F,1932-03-12,66,OWNER,,47,Pardubice,east Bohemia,162580,9538.0,2.0,6079.0,0,,0.0,,0.0,Sin Prestamo,Sin Prestamo,1,1815.0,1815.0,163,193592.0,140525.0,40561.570552,1100.0,62975.0
2241,M,1926-12-30,72,DISPONENT,,47,Pardubice,east Bohemia,162580,9538.0,2.0,6079.0,0,,0.0,,0.0,Sin Prestamo,Sin Prestamo,0,0.0,,0,0.0,0.0,,,
2242,F,1976-06-05,22,OWNER,,1,Hl.m. Praha,Prague,1204953,12541.0,0.0,85677.0,0,,0.0,,0.0,Sin Prestamo,Sin Prestamo,1,3473.0,3473.0,263,324322.0,296137.0,19095.939163,1000.0,35868.0
2243,M,1980-07-04,18,DISPONENT,,1,Hl.m. Praha,Prague,1204953,12541.0,0.0,85677.0,0,,0.0,,0.0,Sin Prestamo,Sin Prestamo,0,0.0,,0,0.0,0.0,,,
2246,F,1953-08-01,45,OWNER,,55,Brno - venkov,south Moravia,157042,8743.0,2.0,3659.0,0,,0.0,,0.0,Sin Prestamo,Sin Prestamo,1,3649.0,3649.0,399,574333.0,528268.0,31535.002506,1000.0,63082.0
2247,F,1978-01-13,20,OWNER,,35,Jablonec n. Nisou,north Bohemia,88768,8867.0,1.0,3384.0,0,,0.0,,0.0,Sin Prestamo,Sin Prestamo,1,2199.0,2199.0,335,244229.0,212394.0,19906.859701,400.0,31856.0
2248,M,1975-10-24,23,OWNER,,7,Melnik,central Bohemia,94725,9920.0,2.0,4289.0,0,,0.0,,0.0,Sin Prestamo,Sin Prestamo,0,0.0,,132,162813.0,129600.0,31883.666666,800.0,61315.0
2249,F,1945-12-07,53,OWNER,,32,Ceska Lipa,north Bohemia,105058,9272.0,3.0,4340.0,0,,0.0,,0.0,Sin Prestamo,Sin Prestamo,1,3948.0,3948.0,126,454531.0,413482.0,47383.253968,200.0,74351.0
2250,F,1938-12-08,60,OWNER,,34,Chomutov,north Bohemia,125236,9675.0,6.0,5323.0,0,,0.0,,0.0,Sin Prestamo,Sin Prestamo,1,2897.0,2897.0,114,137130.0,109942.0,24234.614035,400.0,32266.0
2251,F,1971-10-13,27,OWNER,,26,Plzen - mesto,west Bohemia,170449,10787.0,3.0,6041.0,0,,0.0,,0.0,Sin Prestamo,Sin Prestamo,2,2174.0,1087.0,286,181870.0,151010.0,23705.171328,800.0,33202.0
2252,M,1965-11-15,33,OWNER,,37,Litomerice,north Bohemia,114006,9065.0,4.0,4147.0,0,,0.0,,0.0,Sin Prestamo,Sin Prestamo,2,4574.0,2287.0,91,154851.0,97333.0,37903.087912,1100.0,61859.0
2253,F,1957-09-09,41,DISPONENT,,37,Litomerice,north Bohemia,114006,9065.0,4.0,4147.0,0,,0.0,,0.0,Sin Prestamo,Sin Prestamo,0,0.0,,0,0.0,0.0,,,
2254,F,1927-12-09,71,OWNER,,72,Olomouc,north Moravia,226122,8994.0,4.0,9672.0,0,,0.0,,0.0,Sin Prestamo,Sin Prestamo,1,3764.0,3764.0,234,310886.0,286213.0,24182.141025,900.0,36429.0
2255,F,1923-08-24,75,OWNER,,50,Svitavy,east Bohemia,102609,8187.0,5.0,2123.0,0,,0.0,,0.0,Sin Prestamo,Sin Prestamo,1,2826.0,2826.0,182,243420.0,223280.0,17789.450549,1100.0,30921.0
2256,M,1974-06-05,24,OWNER,,70,Karvina,north Moravia,285387,10177.0,7.0,9878.0,0,,0.0,,0.0,Sin Prestamo,Sin Prestamo,1,2170.0,2170.0,105,80268.0,59725.0,17126.523809,600.0,22611.0
2257,F,1979-08-31,19,OWNER,,62,Uherske Hradiste,south Moravia,145688,8544.0,1.0,2719.0,0,,0.0,,0.0,Sin Prestamo,Sin Prestamo,2,3093.0,1546.5,425,1126975.0,1037221.0,57694.491764,500.0,97824.0
2258,M,1979-11-03,19,DISPONENT,,62,Uherske Hradiste,south Moravia,145688,8544.0,1.0,2719.0,0,,0.0,,0.0,Sin Prestamo,Sin Prestamo,0,0.0,,0,0.0,0.0,,,
2259,F,1950-01-02,48,OWNER,,19,Prachatice,south Bohemia,51428,8402.0,3.0,999.0,1,5329.0,396120.0,60.0,6602.0,C,Vigente,1,6602.0,6602.0,275,1937054.0,1861509.0,59719.854545,500.0,120872.0
2260,F,1962-04-22,36,OWNER,,62,Uherske Hradiste,south Moravia,145688,8544.0,1.0,2719.0,0,,0.0,,0.0,Sin Prestamo,Sin Prestamo,3,4668.0,1556.0,143,217408.0,161364.0,36500.538461,1100.0,59684.0
2261,M,1956-11-13,42,DISPONENT,,62,Uherske Hradiste,south Moravia,145688,8544.0,1.0,2719.0,0,,0.0,,0.0,Sin Prestamo,Sin Prestamo,0,0.0,,0,0.0,0.0,,,
2263,M,1934-08-17,64,OWNER,,1,Hl.m. Praha,Prague,1204953,12541.0,0.0,85677.0,0,,0.0,,0.0,Sin Prestamo,Sin Prestamo,1,1915.0,1915.0,313,357574.0,335755.0,28902.527156,800.0,42820.0
2264,M,1943-05-08,55,OWNER,,4,Kladno,central Bohemia,149893,9753.0,5.0,5244.0,0,,0.0,,0.0,Sin Prestamo,Sin Prestamo,2,6947.0,3473.5,73,212500.0,165388.0,34858.013698,300.0,59117.0
2265,M,1977-09-18,21,OWNER,,52,Usti nad Orlici,east Bohemia,139012,8363.0,3.0,2564.0,0,,0.0,,0.0,Sin Prestamo,Sin Prestamo,0,0.0,,178,1019955.0,932080.0,61376.651685,800.0,91733.0
2266,M,1939-01-23,59,OWNER,,16,Jindrichuv Hradec,south Bohemia,93931,8427.0,1.0,1874.0,0,,0.0,,0.0,Sin Prestamo,Sin Prestamo,1,12111.0,12111.0,24,79095.0,49700.0,30737.75,300.0,57009.0
2267,F,1966-04-10,32,OWNER,,1,Hl.m. Praha,Prague,1204953,12541.0,0.0,85677.0,1,5332.0,37944.0,36.0,1054.0,C,Vigente,1,1054.0,1054.0,169,810629.0,717469.0,67825.378698,500.0,100075.0
2268,M,1938-12-26,60,OWNER,,10,Praha - vychod,central Bohemia,92084,10124.0,1.0,3810.0,0,,0.0,,0.0,Sin Prestamo,Sin Prestamo,0,0.0,,237,1268254.0,1210815.0,50492.645569,700.0,78638.0
2269,F,1963-11-10,35,OWNER,,48,Rychnov nad Kneznou,east Bohemia,78955,9060.0,2.0,1655.0,0,,0.0,,0.0,Sin Prestamo,Sin Prestamo,0,0.0,,286,1415366.0,1386984.0,40264.870629,200.0,75911.0
2270,F,1960-04-21,38,OWNER,,61,Trebic,south Moravia,117897,8814.0,5.0,2112.0,0,,0.0,,0.0,Sin Prestamo,Sin Prestamo,2,6023.0,3011.5,85,229311.0,168146.0,40475.37647,700.0,66821.0
2271,M,1964-11-07,34,DISPONENT,,61,Trebic,south Moravia,117897,8814.0,5.0,2112.0,0,,0.0,,0.0,Sin Prestamo,Sin Prestamo,0,0.0,,0,0.0,0.0,,,
2274,M,1964-10-14,34,OWNER,,9,Nymburk,central Bohemia,81344,8899.0,3.0,2987.0,0,,0.0,,0.0,Sin Prestamo,Sin Prestamo,1,2100.0,2100.0,346,225287.0,196410.0,27463.33815,400.0,36801.0
2275,F,1965-07-24,33,DISPONENT,,9,Nymburk,central Bohemia,81344,8899.0,3.0,2987.0,0,,0.0,,0.0,Sin Prestamo,Sin Prestamo,0,0.0,,0,0.0,0.0,,,
2276,F,1932-04-27,66,OWNER,,44,Chrudim,east Bohemia,105606,8254.0,3.0,2166.0,0,,0.0,,0.0,Sin Prestamo,Sin Prestamo,1,3094.0,3094.0,298,302539.0,278941.0,17454.164429,1000.0,25839.0
2277,M,1979-03-25,19,OWNER,,1,Hl.m. Praha,Prague,1204953,12541.0,0.0,85677.0,1,5334.0,209040.0,24.0,8710.0,C,Vigente,3,11762.0,3920.666666,92,319700.0,270799.0,45958.445652,900.0,74277.0
2278,M,1921-07-01,77,OWNER,,76,Sumperk,north Moravia,127369,8369.0,5.0,3736.0,0,,0.0,,0.0,Sin Prestamo,Sin Prestamo,2,1827.0,913.5,388,397811.0,349268.0,33461.327319,700.0,52309.0
2279,M,1953-11-06,45,OWNER,,52,Usti nad Orlici,east Bohemia,139012,8363.0,3.0,2564.0,0,,0.0,,0.0,Sin Prestamo,Sin Prestamo,0,0.0,,243,1129651.0,1127006.0,30995.757201,-8950.0,106611.0
2280,F,1974-04-24,24,OWNER,,10,Praha - vychod,central Bohemia,92084,10124.0,1.0,3810.0,0,,0.0,,0.0,Sin Prestamo,Sin Prestamo,2,2026.0,1013.0,319,174427.0,157711.0,14131.545454,1000.0,18341.0
2281,F,1978-06-06,20,OWNER,,76,Sumperk,north Moravia,127369,8369.0,5.0,3736.0,0,,0.0,,0.0,Sin Prestamo,Sin Prestamo,0,0.0,,360,397848.0,366125.0,32392.458333,500.0,91958.0
2282,M,1973-03-11,25,OWNER,,60,Prostejov,south Moravia,110643,8441.0,3.0,1879.0,0,,0.0,,0.0,Sin Prestamo,Sin Prestamo,2,5686.0,2843.0,88,156507.0,129751.0,17536.556818,1100.0,39288.0
2283,M,1961-08-09,37,OWNER,,1,Hl.m. Praha,Prague,1204953,12541.0,0.0,85677.0,0,,0.0,,0.0,Sin Prestamo,Sin Prestamo,3,3903.0,1301.0,404,403676.0,389190.0,17098.019801,300.0,34014.0
2286,F,1966-11-26,32,OWNER,,54,Brno - mesto,south Moravia,387570,9897.0,2.0,18721.0,0,,0.0,,0.0,Sin Prestamo,Sin Prestamo,0,0.0,,100,258474.0,241785.0,25557.27,800.0,43390.0
2287,M,1979-10-21,19,OWNER,,47,Pardubice,east Bohemia,162580,9538.0,2.0,6079.0,0,,0.0,,0.0,Sin Prestamo,Sin Prestamo,0,0.0,,174,255863.0,238940.0,31553.75862,600.0,69732.0
2288,F,1957-08-23,41,OWNER,,32,Ceska Lipa,north Bohemia,105058,9272.0,3.0,4340.0,1,5337.0,162468.0,36.0,4513.0,C,Vigente,2,8711.0,4355.5,209,1007720.0,958470.0,30650.229665,700.0,83863.0
2289,M,1954-08-21,44,DISPONENT,,32,Ceska Lipa,north Bohemia,105058,9272.0,3.0,4340.0,0,,0.0,,0.0,Sin Prestamo,Sin Prestamo,0,0.0,,0,0.0,0.0,,,
2290,F,1954-05-30,44,OWNER,,31,Tachov,west Bohemia,51313,8930.0,4.0,1328.0,0,,0.0,,0.0,Sin Prestamo,Sin Prestamo,1,5608.0,5608.0,377,662922.0,638157.0,29491.06366,900.0,46923.0
2291,M,1957-09-19,41,OWNER,False,6,Kutna Hora,central Bohemia,77963,8546.0,3.0,2640.0,1,5338.0,57360.0,12.0,4780.0,B,Cerrado,4,12032.0,3008.0,249,835764.0,839157.0,27610.465863,-5851.0,78725.0
2292,M,1921-11-10,77,OWNER,,59,Kromeriz,south Moravia,108871,8444.0,3.0,2595.0,0,,0.0,,0.0,Sin Prestamo,Sin Prestamo,1,3298.0,3298.0,225,274643.0,233081.0,30079.062222,800.0,45255.0
2293,M,1969-11-22,29,OWNER,,1,Hl.m. Praha,Prague,1204953,12541.0,0.0,85677.0,0,,0.0,,0.0,Sin Prestamo,Sin Prestamo,0,0.0,,89,626167.0,621241.0,29417.921348,-436.0,100461.0
2294,F,1952-12-27,46,OWNER,,32,Ceska Lipa,north Bohemia,105058,9272.0,3.0,4340.0,0,,0.0,,0.0,Sin Prestamo,Sin Prestamo,3,2504.0,834.666666,532,375806.0,286316.0,48681.05827,800.0,91604.0
2295,F,1939-02-28,59,OWNER,,22,Domazlice,west Bohemia,58400,8620.0,1.0,1089.0,0,,0.0,,0.0,Sin Prestamo,Sin Prestamo,1,2398.0,2398.0,315,306161.0,282498.0,19741.260317,900.0,31010.0
2296,M,1942-06-13,56,DISPONENT,,22,Domazlice,west Bohemia,58400,8620.0,1.0,1089.0,0,,0.0,,0.0,Sin Prestamo,Sin Prestamo,0,0.0,,0,0.0,0.0,,,
2297,M,1965-01-18,33,OWNER,,48,Rychnov nad Kneznou,east Bohemia,78955,9060.0,2.0,1655.0,0,,0.0,,0.0,Sin Prestamo,Sin Prestamo,1,6289.0,6289.0,185,1321075.0,1284650.0,59844.345945,900.0,147449.0
2298,F,1969-05-15,29,DISPONENT,,48,Rychnov nad Kneznou,east Bohemia,78955,9060.0,2.0,1655.0,0,,0.0,,0.0,Sin Prestamo,Sin Prestamo,0,0.0,,0,0.0,0.0,,,
2299,F,1940-02-20,58,OWNER,,6,Kutna Hora,central Bohemia,77963,8546.0,3.0,2640.0,0,,0.0,,0.0,Sin Prestamo,Sin Prestamo,0,0.0,,134,735926.0,681745.0,53891.72388,1100.0,89165.0
2300,F,1961-07-07,37,OWNER,,35,Jablonec n. Nisou,north Bohemia,88768,8867.0,1.0,3384.0,0,,0.0,,0.0,Sin Prestamo,Sin Prestamo,2,7602.0,3801.0,159,587677.0,537468.0,32732.918238,12112.0,63939.0
2301,M,1960-12-19,38,DISPONENT,,35,Jablonec n. Nisou,north Bohemia,88768,8867.0,1.0,3384.0,0,,0.0,,0.0,Sin Prestamo,Sin Prestamo,0,0.0,,0,0.0,0.0,,,
2302,M,1957-01-26,41,OWNER,,74,Ostrava - mesto,north Moravia,323870,10673.0,5.0,18782.0,0,,0.0,,0.0,Sin Prestamo,Sin Prestamo,2,11255.0,5627.5,371,2005006.0,1979634.0,47880.964959,600.0,144478.0
2303,F,1939-04-01,59,OWNER,,61,Trebic,south Moravia,117897,8814.0,5.0,2112.0,0,,0.0,,0.0,Sin Prestamo,Sin Prestamo,4,12616.0,3154.0,278,1773621.0,1749032.0,56811.280575,400.0,171345.0
2304,M,1939-02-11,59,DISPONENT,,61,Trebic,south Moravia,117897,8814.0,5.0,2112.0,0,,0.0,,0.0,Sin Prestamo,Sin Prestamo,0,0.0,,0,0.0,0.0,,,
2305,F,1949-06-10,49,OWNER,,70,Karvina,north Moravia,285387,10177.0,7.0,9878.0,0,,0.0,,0.0,Sin Prestamo,Sin Prestamo,0,0.0,,304,791830.0,768460.0,28020.542763,1000.0,50545.0
2306,M,1943-08-21,55,DISPONENT,,70,Karvina,north Moravia,285387,10177.0,7.0,9878.0,0,,0.0,,0.0,Sin Prestamo,Sin Prestamo,0,0.0,,0,0.0,0.0,,,
2307,M,1923-09-06,75,OWNER,,26,Plzen - mesto,west Bohemia,170449,10787.0,3.0,6041.0,0,,0.0,,0.0,Sin Prestamo,Sin Prestamo,1,3081.0,3081.0,115,122767.0,104107.0,18855.617391,800.0,27895.0
2308,F,1974-10-31,24,OWNER,,27,Plzen - jih,west Bohemia,67298,8561.0,1.0,1029.0,0,,0.0,,0.0,Sin Prestamo,Sin Prestamo,1,7114.0,7114.0,163,773275.0,724550.0,53718.484662,1000.0,85653.0
2309,F,1976-05-13,22,OWNER,,15,Cesky Krumlov,south Bohemia,58796,9045.0,3.0,1845.0,0,,0.0,,0.0,Sin Prestamo,Sin Prestamo,1,6355.0,6355.0,206,737223.0,716555.0,30050.5,1100.0,62730.0
2310,M,1939-07-23,59,OWNER,,40,Teplice,north Bohemia,128118,9317.0,6.0,6949.0,0,,0.0,,0.0,Sin Prestamo,Sin Prestamo,0,0.0,,292,817331.0,750817.0,31884.342465,200.0,66516.0
2311,F,1935-10-01,63,DISPONENT,,40,Teplice,north Bohemia,128118,9317.0,6.0,6949.0,0,,0.0,,0.0,Sin Prestamo,Sin Prestamo,0,0.0,,0,0.0,0.0,,,
2312,F,1975-02-15,23,OWNER,,11,Praha - zapad,central Bohemia,75637,9622.0,0.0,3475.0,0,,0.0,,0.0,Sin Prestamo,Sin Prestamo,2,2138.0,1069.0,193,165082.0,102995.0,38412.704663,1100.0,62799.0
2313,M,1980-10-29,18,OWNER,,70,Karvina,north Moravia,285387,10177.0,7.0,9878.0,0,,0.0,,0.0,Sin Prestamo,Sin Prestamo,4,6951.0,1737.75,208,322303.0,280680.0,29864.947115,500.0,44396.0
2314,F,1959-12-16,39,OWNER,,34,Chomutov,north Bohemia,125236,9675.0,6.0,5323.0,0,,0.0,,0.0,Sin Prestamo,Sin Prestamo,3,6803.0,2267.666666,224,520596.0,500268.0,30558.209821,400.0,59419.0
2315,M,1963-10-08,35,DISPONENT,,34,Chomutov,north Bohemia,125236,9675.0,6.0,5323.0,0,,0.0,,0.0,Sin Prestamo,Sin Prestamo,0,0.0,,0,0.0,0.0,,,
2316,M,1970-03-25,28,OWNER,,1,Hl.m. Praha,Prague,1204953,12541.0,0.0,85677.0,1,5343.0,44952.0,24.0,1873.0,C,Vigente,3,9386.0,3128.666666,216,901373.0,862595.0,49927.981481,1000.0,127317.0
2317,M,1976-02-22,22,OWNER,,1,Hl.m. Praha,Prague,1204953,12541.0,0.0,85677.0,0,,0.0,,0.0,Sin Prestamo,Sin Prestamo,2,8775.0,4387.5,130,428280.0,360934.0,46032.4,700.0,70444.0
2318,F,1923-09-19,75,OWNER,,20,Strakonice,south Bohemia,70646,8547.0,3.0,1563.0,0,,0.0,,0.0,Sin Prestamo,Sin Prestamo,1,3594.0,3594.0,267,337302.0,318133.0,22644.853932,700.0,33344.0
2319,F,1970-05-16,28,OWNER,,40,Teplice,north Bohemia,128118,9317.0,6.0,6949.0,0,,0.0,,0.0,Sin Prestamo,Sin Prestamo,3,2127.0,709.0,486,232354.0,217409.0,18674.578189,800.0,26403.0
2320,M,1951-05-23,47,OWNER,,60,Prostejov,south Moravia,110643,8441.0,3.0,1879.0,0,,0.0,,0.0,Sin Prestamo,Sin Prestamo,2,3187.0,1593.5,173,614936.0,518691.0,73785.080924,800.0,107910.0
2321,F,1968-01-12,30,OWNER,,68,Frydek - Mistek,north Moravia,228848,9893.0,4.0,5623.0,0,,0.0,,0.0,Sin Prestamo,Sin Prestamo,0,0.0,,259,938740.0,905073.0,33858.019305,-2020.0,64917.0
2322,M,1928-06-11,70,OWNER,,15,Cesky Krumlov,south Bohemia,58796,9045.0,3.0,1845.0,0,,0.0,,0.0,Sin Prestamo,Sin Prestamo,1,3232.0,3232.0,325,412494.0,371005.0,24431.981538,1000.0,45606.0
2323,F,1942-06-29,56,OWNER,,48,Rychnov nad Kneznou,east Bohemia,78955,9060.0,2.0,1655.0,0,,0.0,,0.0,Sin Prestamo,Sin Prestamo,1,2613.0,2613.0,161,181993.0,112878.0,45324.58385,300.0,69499.0
2324,M,1978-07-16,20,OWNER,,27,Plzen - jih,west Bohemia,67298,8561.0,1.0,1029.0,0,,0.0,,0.0,Sin Prestamo,Sin Prestamo,2,3335.0,1667.5,313,420827.0,341420.0,42254.680511,700.0,80553.0
2325,F,1955-02-03,43,OWNER,,2,Benesov,central Bohemia,88884,8507.0,2.0,2159.0,0,,0.0,,0.0,Sin Prestamo,Sin Prestamo,2,6194.0,3097.0,112,222499.0,199267.0,17967.633928,900.0,34137.0
2326,F,1945-12-14,53,OWNER,,72,Olomouc,north Moravia,226122,8994.0,4.0,9672.0,0,,0.0,,0.0,Sin Prestamo,Sin Prestamo,1,4269.0,4269.0,177,290423.0,227336.0,31559.779661,300.0,65146.0
2327,M,1919-10-27,79,OWNER,,73,Opava,north Moravia,182027,8746.0,3.0,4355.0,0,,0.0,,0.0,Sin Prestamo,Sin Prestamo,1,2943.0,2943.0,160,162159.0,140661.0,17214.725,1000.0,26464.0
2328,M,1968-10-02,30,OWNER,,24,Karlovy Vary,west Bohemia,122603,8991.0,1.0,5198.0,0,,0.0,,0.0,Sin Prestamo,Sin Prestamo,1,4231.0,4231.0,296,424447.0,403543.0,19553.557432,800.0,37580.0
2329,M,1973-01-02,25,OWNER,,18,Pisek,south Bohemia,70699,8968.0,3.0,1740.0,0,,0.0,,0.0,Sin Prestamo,Sin Prestamo,2,4887.0,2443.5,333,1381810.0,1274170.0,78237.765765,800.0,133745.0
2330,F,1948-11-17,50,OWNER,,40,Teplice,north Bohemia,128118,9317.0,6.0,6949.0,0,,0.0,,0.0,Sin Prestamo,Sin Prestamo,1,3570.0,3570.0,172,300917.0,235400.0,39910.808139,700.0,66226.0
2331,F,1957-05-31,41,OWNER,,42,Havlickuv Brod,east Bohemia,95907,8388.0,2.0,1658.0,0,,0.0,,0.0,Sin Prestamo,Sin Prestamo,2,2433.0,1216.5,98,77299.0,59027.0,17343.418367,900.0,23810.0
2332,F,1949-12-22,49,OWNER,,60,Prostejov,south Moravia,110643,8441.0,3.0,1879.0,0,,0.0,,0.0,Sin Prestamo,Sin Prestamo,0,0.0,,167,692766.0,638875.0,73530.245508,800.0,115427.0
2333,M,1949-10-12,49,DISPONENT,,60,Prostejov,south Moravia,110643,8441.0,3.0,1879.0,0,,0.0,,0.0,Sin Prestamo,Sin Prestamo,0,0.0,,0,0.0,0.0,,,
2335,F,1934-03-28,64,OWNER,,66,Zdar nad Sazavou,south Moravia,125832,8512.0,4.0,2247.0,0,,0.0,,0.0,Sin Prestamo,Sin Prestamo,1,1962.0,1962.0,130,168251.0,98352.0,40815.430769,300.0,69907.0
2336,M,1922-07-17,76,OWNER,,12,Pribram,central Bohemia,107870,8754.0,4.0,3804.0,0,,0.0,,0.0,Sin Prestamo,Sin Prestamo,1,3860.0,3860.0,302,386756.0,356780.0,26520.413907,600.0,43198.0
2337,F,1917-04-09,81,DISPONENT,,12,Pribram,central Bohemia,107870,8754.0,4.0,3804.0,0,,0.0,,0.0,Sin Prestamo,Sin Prestamo,0,0.0,,0,0.0,0.0,,,
2338,F,1957-07-25,41,OWNER,,58,Jihlava,south Moravia,109164,8757.0,3.0,2212.0,0,,0.0,,0.0,Sin Prestamo,Sin Prestamo,2,3004.0,1502.0,447,418098.0,395913.0,19960.973154,700.0,32624.0
2339,M,1956-12-06,42,DISPONENT,,58,Jihlava,south Moravia,109164,8757.0,3.0,2212.0,0,,0.0,,0.0,Sin Prestamo,Sin Prestamo,0,0.0,,0,0.0,0.0,,,
2340,M,1953-05-02,45,OWNER,,42,Havlickuv Brod,east Bohemia,95907,8388.0,2.0,1658.0,0,,0.0,,0.0,Sin Prestamo,Sin Prestamo,1,2283.0,2283.0,194,144414.0,120468.0,20590.13402,600.0,28661.0
2341,F,1947-07-13,51,DISPONENT,,42,Havlickuv Brod,east Bohemia,95907,8388.0,2.0,1658.0,0,,0.0,,0.0,Sin Prestamo,Sin Prestamo,0,0.0,,0,0.0,0.0,,,
2342,M,1948-12-18,50,OWNER,,70,Karvina,north Moravia,285387,10177.0,7.0,9878.0,1,5346.0,55632.0,24.0,2318.0,C,Vigente,1,2318.0,2318.0,119,384554.0,350695.0,30101.134453,500.0,56990.0
2343,M,1959-03-18,39,OWNER,,1,Hl.m. Praha,Prague,1204953,12541.0,0.0,85677.0,0,,0.0,,0.0,Sin Prestamo,Sin Prestamo,1,2027.0,2027.0,95,112627.0,57646.0,45666.463157,600.0,57532.0
2344,F,1924-04-27,74,OWNER,,3,Beroun,central Bohemia,75232,8980.0,2.0,2824.0,0,,0.0,,0.0,Sin Prestamo,Sin Prestamo,1,3223.0,3223.0,358,437363.0,402158.0,21823.019553,1100.0,36529.0
2345,M,1942-07-19,56,OWNER,,33,Decin,north Bohemia,133777,8705.0,6.0,4650.0,0,,0.0,,0.0,Sin Prestamo,Sin Prestamo,3,6223.0,2074.333333,450,666292.0,648791.0,22518.104444,1100.0,42607.0
2346,F,1947-10-25,51,DISPONENT,,33,Decin,north Bohemia,133777,8705.0,6.0,4650.0,0,,0.0,,0.0,Sin Prestamo,Sin Prestamo,0,0.0,,0,0.0,0.0,,,
2347,F,1943-12-17,55,OWNER,,35,Jablonec n. Nisou,north Bohemia,88768,8867.0,1.0,3384.0,0,,0.0,,0.0,Sin Prestamo,Sin Prestamo,0,0.0,,173,506473.0,506462.0,13353.624277,-3400.0,44348.0
2348,M,1933-04-24,65,OWNER,,35,Jablonec n. Nisou,north Bohemia,88768,8867.0,1.0,3384.0,0,,0.0,,0.0,Sin Prestamo,Sin Prestamo,1,3804.0,3804.0,97,122516.0,106848.0,20589.824742,1100.0,30827.0
2349,F,1968-07-10,30,OWNER,,46,Nachod,east Bohemia,112709,8369.0,2.0,2854.0,0,,0.0,,0.0,Sin Prestamo,Sin Prestamo,4,7322.0,1830.5,441,735455.0,659944.0,53851.997732,300.0,112712.0
2350,M,1967-06-09,31,DISPONENT,,46,Nachod,east Bohemia,112709,8369.0,2.0,2854.0,0,,0.0,,0.0,Sin Prestamo,Sin Prestamo,0,0.0,,0,0.0,0.0,,,
2351,M,1965-04-17,33,OWNER,,38,Louny,north Bohemia,85852,8965.0,7.0,2653.0,0,,0.0,,0.0,Sin Prestamo,Sin Prestamo,0,0.0,,143,1528297.0,1483667.0,56644.55944,1100.0,140272.0
2352,F,1977-09-29,21,OWNER,,70,Karvina,north Moravia,285387,10177.0,7.0,9878.0,0,,0.0,,0.0,Sin Prestamo,Sin Prestamo,1,2141.0,2141.0,193,134945.0,111007.0,18203.720207,500.0,26266.0
2353,F,1929-09-17,69,OWNER,,4,Kladno,central Bohemia,149893,9753.0,5.0,5244.0,0,,0.0,,0.0,Sin Prestamo,Sin Prestamo,1,2933.0,2933.0,339,334096.0,317009.0,19859.115044,1100.0,30336.0
2354,M,1967-12-21,31,OWNER,,1,Hl.m. Praha,Prague,1204953,12541.0,0.0,85677.0,0,,0.0,,0.0,Sin Prestamo,Sin Prestamo,2,7232.0,3616.0,315,1424487.0,1357215.0,46434.825396,600.0,83399.0
2355,F,1948-06-30,50,OWNER,,6,Kutna Hora,central Bohemia,77963,8546.0,3.0,2640.0,0,,0.0,,0.0,Sin Prestamo,Sin Prestamo,2,3983.0,1991.5,228,1747587.0,1664170.0,60813.614035,400.0,127047.0
2356,M,1930-07-10,68,OWNER,,52,Usti nad Orlici,east Bohemia,139012,8363.0,3.0,2564.0,0,,0.0,,0.0,Sin Prestamo,Sin Prestamo,1,3106.0,3106.0,270,284118.0,265621.0,17309.959259,700.0,26055.0
2357,F,1937-01-10,61,DISPONENT,,52,Usti nad Orlici,east Bohemia,139012,8363.0,3.0,2564.0,0,,0.0,,0.0,Sin Prestamo,Sin Prestamo,0,0.0,,0,0.0,0.0,,,
2358,F,1946-10-16,52,OWNER,,74,Ostrava - mesto,north Moravia,323870,10673.0,5.0,18782.0,0,,0.0,,0.0,Sin Prestamo,Sin Prestamo,0,0.0,,248,1108135.0,1063100.0,38553.798387,200.0,69896.0
2359,M,1953-07-01,45,DISPONENT,,74,Ostrava - mesto,north Moravia,323870,10673.0,5.0,18782.0,0,,0.0,,0.0,Sin Prestamo,Sin Prestamo,0,0.0,,0,0.0,0.0,,,
2361,M,1968-09-24,30,OWNER,,9,Nymburk,central Bohemia,81344,8899.0,3.0,2987.0,0,,0.0,,0.0,Sin Prestamo,Sin Prestamo,4,9357.0,2339.25,196,470805.0,425517.0,47594.979591,300.0,71840.0
2362,F,1974-09-02,24,DISPONENT,,9,Nymburk,central Bohemia,81344,8899.0,3.0,2987.0,0,,0.0,,0.0,Sin Prestamo,Sin Prestamo,0,0.0,,0,0.0,0.0,,,
2363,M,1947-06-18,51,OWNER,,43,Hradec Kralove,east Bohemia,161854,9425.0,2.0,4085.0,0,,0.0,,0.0,Sin Prestamo,Sin Prestamo,1,6741.0,6741.0,411,1386430.0,1330760.0,37740.55961,700.0,68964.0
2364,F,1971-04-26,27,OWNER,,56,Breclav,south Moravia,124605,8772.0,5.0,2854.0,0,,0.0,,0.0,Sin Prestamo,Sin Prestamo,0,0.0,,166,686015.0,634040.0,44864.554216,700.0,69976.0
2365,F,1953-06-26,45,OWNER,,46,Nachod,east Bohemia,112709,8369.0,2.0,2854.0,0,,0.0,,0.0,Sin Prestamo,Sin Prestamo,1,7593.0,7593.0,74,316752.0,271953.0,36029.243243,600.0,61275.0
2366,M,1930-01-01,68,OWNER,,35,Jablonec n. Nisou,north Bohemia,88768,8867.0,1.0,3384.0,0,,0.0,,0.0,Sin Prestamo,Sin Prestamo,1,3448.0,3448.0,308,427562.0,368336.0,34762.00974,900.0,64753.0
2367,F,1931-04-05,67,DISPONENT,,35,Jablonec n. Nisou,north Bohemia,88768,8867.0,1.0,3384.0,0,,0.0,,0.0,Sin Prestamo,Sin Prestamo,0,0.0,,0,0.0,0.0,,,
2368,F,1943-12-22,55,OWNER,,64,Zlin,south Moravia,197099,9624.0,2.0,4484.0,0,,0.0,,0.0,Sin Prestamo,Sin Prestamo,2,7300.0,3650.0,255,1477199.0,1400713.0,55111.094117,800.0,149751.0
2369,M,1940-12-19,58,DISPONENT,,64,Zlin,south Moravia,197099,9624.0,2.0,4484.0,0,,0.0,,0.0,Sin Prestamo,Sin Prestamo,0,0.0,,0,0.0,0.0,,,
2370,F,1956-08-21,42,OWNER,,41,Usti nad Labem,north Bohemia,118650,9832.0,3.0,6445.0,0,,0.0,,0.0,Sin Prestamo,Sin Prestamo,4,7525.0,1881.25,480,769884.0,730035.0,33583.1875,500.0,52902.0
2371,F,1956-02-07,42,OWNER,,70,Karvina,north Moravia,285387,10177.0,7.0,9878.0,0,,0.0,,0.0,Sin Prestamo,Sin Prestamo,1,6943.0,6943.0,90,242534.0,209319.0,25558.433333,700.0,43571.0
2372,F,1971-04-09,27,OWNER,,23,Cheb,west Bohemia,87419,8624.0,2.0,2879.0,0,,0.0,,0.0,Sin Prestamo,Sin Prestamo,3,4118.0,1372.666666,116,388344.0,317977.0,56494.112068,900.0,82400.0
2373,M,1954-01-19,44,OWNER,,15,Cesky Krumlov,south Bohemia,58796,9045.0,3.0,1845.0,0,,0.0,,0.0,Sin Prestamo,Sin Prestamo,0,0.0,,302,1032878.0,985420.0,32210.721854,-2102.0,57016.0
2374,M,1968-07-27,30,OWNER,,9,Nymburk,central Bohemia,81344,8899.0,3.0,2987.0,0,,0.0,,0.0,Sin Prestamo,Sin Prestamo,0,0.0,,109,945653.0,891727.0,71541.394495,600.0,152837.0
2375,F,1965-07-25,33,OWNER,,72,Olomouc,north Moravia,226122,8994.0,4.0,9672.0,0,,0.0,,0.0,Sin Prestamo,Sin Prestamo,1,2140.0,2140.0,146,102341.0,82570.0,14908.328767,1000.0,19779.0
2376,M,1964-08-19,34,DISPONENT,,72,Olomouc,north Moravia,226122,8994.0,4.0,9672.0,0,,0.0,,0.0,Sin Prestamo,Sin Prestamo,0,0.0,,0,0.0,0.0,,,
2377,M,1950-11-17,48,OWNER,,49,Semily,east Bohemia,75685,8208.0,2.0,1660.0,0,,0.0,,0.0,Sin Prestamo,Sin Prestamo,1,1964.0,1964.0,218,141666.0,123392.0,14871.151376,600.0,21913.0
2378,F,1953-03-13,45,OWNER,,63,Vyskov,south Moravia,86513,8288.0,4.0,1562.0,0,,0.0,,0.0,Sin Prestamo,Sin Prestamo,1,4674.0,4674.0,102,192617.0,146860.0,42453.441176,300.0,58534.0
2379,F,1964-06-19,34,OWNER,,33,Decin,north Bohemia,133777,8705.0,6.0,4650.0,0,,0.0,,0.0,Sin Prestamo,Sin Prestamo,2,2487.0,1243.5,169,133808.0,107801.0,30643.254437,800.0,43072.0
2380,M,1927-08-17,71,OWNER,,40,Teplice,north Bohemia,128118,9317.0,6.0,6949.0,0,,0.0,,0.0,Sin Prestamo,Sin Prestamo,1,2934.0,2934.0,221,273753.0,227805.0,31925.751131,600.0,46921.0
2381,F,1931-10-11,67,DISPONENT,,40,Teplice,north Bohemia,128118,9317.0,6.0,6949.0,0,,0.0,,0.0,Sin Prestamo,Sin Prestamo,0,0.0,,0,0.0,0.0,,,
2382,F,1927-10-25,71,OWNER,,62,Uherske Hradiste,south Moravia,145688,8544.0,1.0,2719.0,0,,0.0,,0.0,Sin Prestamo,Sin Prestamo,2,3142.0,1571.0,368,416068.0,384727.0,24815.266304,600.0,50387.0
2383,F,1947-01-01,51,OWNER,,31,Tachov,west Bohemia,51313,8930.0,4.0,1328.0,0,,0.0,,0.0,Sin Prestamo,Sin Prestamo,2,2150.0,1075.0,56,43277.0,23320.0,15132.464285,700.0,20509.0
2384,M,1946-12-17,52,DISPONENT,,31,Tachov,west Bohemia,51313,8930.0,4.0,1328.0,0,,0.0,,0.0,Sin Prestamo,Sin Prestamo,0,0.0,,0,0.0,0.0,,,
2385,M,1933-05-05,65,OWNER,,13,Rakovnik,central Bohemia,53921,8598.0,3.0,1597.0,0,,0.0,,0.0,Sin Prestamo,Sin Prestamo,1,2293.0,2293.0,204,234533.0,211490.0,20480.318627,800.0,34180.0
2386,F,1934-03-10,64,DISPONENT,,13,Rakovnik,central Bohemia,53921,8598.0,3.0,1597.0,0,,0.0,,0.0,Sin Prestamo,Sin Prestamo,0,0.0,,0,0.0,0.0,,,
2387,F,1945-07-16,53,OWNER,,77,Vsetin,north Moravia,148545,8909.0,4.0,3460.0,0,,0.0,,0.0,Sin Prestamo,Sin Prestamo,3,3733.0,1244.333333,258,1727708.0,1623377.0,53403.259689,200.0,134061.0
2388,M,1971-07-29,27,OWNER,,42,Havlickuv Brod,east Bohemia,95907,8388.0,2.0,1658.0,0,,0.0,,0.0,Sin Prestamo,Sin Prestamo,1,3175.0,3175.0,204,885500.0,804095.0,67975.392156,400.0,114627.0
2389,M,1924-07-20,74,OWNER,,25,Klatovy,west Bohemia,88757,8554.0,2.0,1822.0,0,,0.0,,0.0,Sin Prestamo,Sin Prestamo,1,2438.0,2438.0,172,226350.0,210647.0,19112.534883,1100.0,29900.0
2390,M,1938-05-13,60,OWNER,,57,Hodonin,south Moravia,161954,8720.0,4.0,3729.0,0,,0.0,,0.0,Sin Prestamo,Sin Prestamo,1,9541.0,9541.0,441,2388110.0,2336244.0,50126.179138,600.0,156484.0
2391,M,1942-01-24,56,OWNER,,1,Hl.m. Praha,Prague,1204953,12541.0,0.0,85677.0,0,,0.0,,0.0,Sin Prestamo,Sin Prestamo,1,5569.0,5569.0,423,1600549.0,1537704.0,41185.619385,900.0,74896.0
2392,M,1955-05-21,43,OWNER,,26,Plzen - mesto,west Bohemia,170449,10787.0,3.0,6041.0,1,5350.0,249312.0,48.0,5194.0,C,Vigente,2,19358.0,9679.0,302,1854519.0,1826701.0,45595.814569,900.0,145942.0
2393,F,1976-08-23,22,OWNER,,16,Jindrichuv Hradec,south Bohemia,93931,8427.0,1.0,1874.0,0,,0.0,,0.0,Sin Prestamo,Sin Prestamo,0,0.0,,51,196530.0,176470.0,29962.843137,800.0,66921.0
2394,M,1962-06-04,36,OWNER,,5,Kolin,central Bohemia,95616,9307.0,4.0,2616.0,0,,0.0,,0.0,Sin Prestamo,Sin Prestamo,1,5403.0,5403.0,302,677050.0,643456.0,22058.622516,800.0,44771.0
2395,M,1953-03-11,45,OWNER,,8,Mlada Boleslav,central Bohemia,112065,11277.0,1.0,5179.0,0,,0.0,,0.0,Sin Prestamo,Sin Prestamo,2,3690.0,1845.0,412,1510390.0,1414160.0,56686.082524,900.0,100035.0
2396,F,1949-08-29,49,OWNER,,41,Usti nad Labem,north Bohemia,118650,9832.0,3.0,6445.0,0,,0.0,,0.0,Sin Prestamo,Sin Prestamo,1,6624.0,6624.0,241,501608.0,450804.0,44156.402489,800.0,64786.0
2397,M,1918-07-14,80,OWNER,,46,Nachod,east Bohemia,112709,8369.0,2.0,2854.0,0,,0.0,,0.0,Sin Prestamo,Sin Prestamo,1,2736.0,2736.0,369,388155.0,364433.0,22722.0813,400.0,34913.0
2398,F,1955-08-25,43,OWNER,,71,Novy Jicin,north Moravia,161227,8678.0,6.0,4980.0,0,,0.0,,0.0,Sin Prestamo,Sin Prestamo,2,1997.0,998.5,168,95576.0,71919.0,18295.232142,600.0,25866.0
2399,F,1943-05-02,55,OWNER,,42,Havlickuv Brod,east Bohemia,95907,8388.0,2.0,1658.0,0,,0.0,,0.0,Sin Prestamo,Sin Prestamo,0,0.0,,63,43613.0,27300.0,21491.190476,300.0,33236.0
2400,M,1959-04-10,39,OWNER,,19,Prachatice,south Bohemia,51428,8402.0,3.0,999.0,0,,0.0,,0.0,Sin Prestamo,Sin Prestamo,4,6581.0,1645.25,443,821231.0,796317.0,33646.340857,200.0,55869.0
2401,F,1948-01-26,50,OWNER,,26,Plzen - mesto,west Bohemia,170449,10787.0,3.0,6041.0,0,,0.0,,0.0,Sin Prestamo,Sin Prestamo,2,5565.0,2782.5,128,343811.0,294180.0,35491.5625,400.0,57008.0
2402,M,1948-10-26,50,OWNER,,41,Usti nad Labem,north Bohemia,118650,9832.0,3.0,6445.0,0,,0.0,,0.0,Sin Prestamo,Sin Prestamo,0,0.0,,167,347047.0,308350.0,26065.197604,200.0,42526.0
2403,F,1963-01-25,35,OWNER,True,1,Hl.m. Praha,Prague,1204953,12541.0,0.0,85677.0,1,5351.0,205200.0,36.0,5700.0,A,Cerrado,4,18957.0,4739.25,564,2465582.0,2397533.0,56266.304964,900.0,105026.0
2404,F,1977-07-05,21,OWNER,,27,Plzen - jih,west Bohemia,67298,8561.0,1.0,1029.0,0,,0.0,,0.0,Sin Prestamo,Sin Prestamo,1,2014.0,2014.0,358,220993.0,201234.0,19843.041899,900.0,26722.0
2405,M,1975-08-21,23,DISPONENT,,27,Plzen - jih,west Bohemia,67298,8561.0,1.0,1029.0,0,,0.0,,0.0,Sin Prestamo,Sin Prestamo,0,0.0,,0,0.0,0.0,,,
2406,F,1956-10-06,42,OWNER,,49,Semily,east Bohemia,75685,8208.0,2.0,1660.0,0,,0.0,,0.0,Sin Prestamo,Sin Prestamo,1,6879.0,6879.0,185,412802.0,369331.0,27144.54054,700.0,53175.0
2407,M,1975-08-27,23,OWNER,,51,Trutnov,east Bohemia,121947,8541.0,3.0,3496.0,0,,0.0,,0.0,Sin Prestamo,Sin Prestamo,2,2184.0,1092.0,346,209529.0,178390.0,22479.976878,900.0,33031.0
2408,F,1940-04-28,58,OWNER,,6,Kutna Hora,central Bohemia,77963,8546.0,3.0,2640.0,0,,0.0,,0.0,Sin Prestamo,Sin Prestamo,1,3732.0,3732.0,105,326077.0,267698.0,37716.019047,500.0,61508.0
2409,M,1964-05-27,34,OWNER,,54,Brno - mesto,south Moravia,387570,9897.0,2.0,18721.0,0,,0.0,,0.0,Sin Prestamo,Sin Prestamo,0,0.0,,49,300265.0,221905.0,48204.632653,800.0,82616.0
2410,F,1973-02-08,25,OWNER,,73,Opava,north Moravia,182027,8746.0,3.0,4355.0,0,,0.0,,0.0,Sin Prestamo,Sin Prestamo,0,0.0,,303,911136.0,838695.0,47602.650165,800.0,81328.0
2411,M,1968-08-17,30,DISPONENT,,73,Opava,north Moravia,182027,8746.0,3.0,4355.0,0,,0.0,,0.0,Sin Prestamo,Sin Prestamo,0,0.0,,0,0.0,0.0,,,
2412,M,1980-10-26,18,OWNER,,20,Strakonice,south Bohemia,70646,8547.0,3.0,1563.0,0,,0.0,,0.0,Sin Prestamo,Sin Prestamo,0,0.0,,127,166680.0,150575.0,18853.740157,600.0,64889.0
2413,M,1961-08-09,37,OWNER,,46,Nachod,east Bohemia,112709,8369.0,2.0,2854.0,0,,0.0,,0.0,Sin Prestamo,Sin Prestamo,1,5451.0,5451.0,255,617855.0,571260.0,25212.670588,1100.0,50131.0
2414,F,1950-07-13,48,OWNER,,54,Brno - mesto,south Moravia,387570,9897.0,2.0,18721.0,0,,0.0,,0.0,Sin Prestamo,Sin Prestamo,0,0.0,,280,1191697.0,1148260.0,36639.710714,900.0,68971.0
2415,M,1957-04-24,41,DISPONENT,,54,Brno - mesto,south Moravia,387570,9897.0,2.0,18721.0,0,,0.0,,0.0,Sin Prestamo,Sin Prestamo,0,0.0,,0,0.0,0.0,,,
2416,F,1954-12-23,44,OWNER,,72,Olomouc,north Moravia,226122,8994.0,4.0,9672.0,0,,0.0,,0.0,Sin Prestamo,Sin Prestamo,1,2671.0,2671.0,127,142227.0,114465.0,24435.700787,300.0,36122.0
2417,F,1938-06-21,60,OWNER,,48,Rychnov nad Kneznou,east Bohemia,78955,9060.0,2.0,1655.0,0,,0.0,,0.0,Sin Prestamo,Sin Prestamo,1,1982.0,1982.0,238,219467.0,190744.0,21325.831932,200.0,32606.0
2418,F,1953-12-27,45,OWNER,,1,Hl.m. Praha,Prague,1204953,12541.0,0.0,85677.0,0,,0.0,,0.0,Sin Prestamo,Sin Prestamo,1,2168.0,2168.0,331,224898.0,191756.0,23489.767371,600.0,33166.0
2419,F,1954-06-23,44,OWNER,,1,Hl.m. Praha,Prague,1204953,12541.0,0.0,85677.0,0,,0.0,,0.0,Sin Prestamo,Sin Prestamo,3,7510.0,2503.333333,176,611372.0,523798.0,41908.03409,800.0,93822.0
2420,F,1972-06-06,26,OWNER,,48,Rychnov nad Kneznou,east Bohemia,78955,9060.0,2.0,1655.0,0,,0.0,,0.0,Sin Prestamo,Sin Prestamo,1,4140.0,4140.0,70,118778.0,98230.0,20864.614285,1100.0,34369.0
2421,M,1970-11-10,28,DISPONENT,,48,Rychnov nad Kneznou,east Bohemia,78955,9060.0,2.0,1655.0,0,,0.0,,0.0,Sin Prestamo,Sin Prestamo,0,0.0,,0,0.0,0.0,,,
2422,F,1976-06-09,22,OWNER,False,68,Frydek - Mistek,north Moravia,228848,9893.0,4.0,5623.0,1,5352.0,68400.0,12.0,5700.0,B,Cerrado,1,5700.0,5700.0,243,1111061.0,1059158.0,33456.975308,-4294.0,124297.0
2423,M,1957-07-09,41,OWNER,,42,Havlickuv Brod,east Bohemia,95907,8388.0,2.0,1658.0,0,,0.0,,0.0,Sin Prestamo,Sin Prestamo,4,4729.0,1182.25,355,1476621.0,1445296.0,44317.216901,1100.0,119606.0
2424,M,1920-11-10,78,OWNER,,54,Brno - mesto,south Moravia,387570,9897.0,2.0,18721.0,0,,0.0,,0.0,Sin Prestamo,Sin Prestamo,1,2944.0,2944.0,73,95258.0,71452.0,19673.178082,600.0,30647.0
2425,F,1977-07-18,21,OWNER,,6,Kutna Hora,central Bohemia,77963,8546.0,3.0,2640.0,0,,0.0,,0.0,Sin Prestamo,Sin Prestamo,1,2396.0,2396.0,163,849271.0,822385.0,45929.012269,1000.0,80118.0
2426,M,1927-06-09,71,OWNER,,74,Ostrava - mesto,north Moravia,323870,10673.0,5.0,18782.0,0,,0.0,,0.0,Sin Prestamo,Sin Prestamo,2,1942.0,971.0,165,198794.0,174632.0,29007.763636,600.0,41102.0
2427,F,1934-11-30,64,DISPONENT,,74,Ostrava - mesto,north Moravia,323870,10673.0,5.0,18782.0,0,,0.0,,0.0,Sin Prestamo,Sin Prestamo,0,0.0,,0,0.0,0.0,,,
2428,F,1946-06-27,52,OWNER,,1,Hl.m. Praha,Prague,1204953,12541.0,0.0,85677.0,0,,0.0,,0.0,Sin Prestamo,Sin Prestamo,0,0.0,,332,1696072.0,1618415.0,56407.665662,900.0,103477.0
2429,M,1973-11-22,25,OWNER,,70,Karvina,north Moravia,285387,10177.0,7.0,9878.0,0,,0.0,,0.0,Sin Prestamo,Sin Prestamo,2,6454.0,3227.0,450,1711626.0,1670565.0,46157.146666,300.0,84400.0
2430,M,1937-10-28,61,OWNER,,5,Kolin,central Bohemia,95616,9307.0,4.0,2616.0,1,5354.0,290820.0,60.0,4847.0,C,Vigente,4,8227.0,2056.75,128,362738.0,294421.0,48864.585937,900.0,76259.0
2431,M,1966-10-10,32,OWNER,,75,Prerov,north Moravia,138032,8819.0,5.0,4063.0,0,,0.0,,0.0,Sin Prestamo,Sin Prestamo,1,12524.0,12524.0,339,2366819.0,2280341.0,60919.162241,1000.0,115597.0
2432,F,1924-03-08,74,OWNER,,27,Plzen - jih,west Bohemia,67298,8561.0,1.0,1029.0,0,,0.0,,0.0,Sin Prestamo,Sin Prestamo,1,3688.0,3688.0,328,419375.0,380277.0,26199.960365,400.0,42652.0
2433,M,1964-06-19,34,OWNER,,32,Ceska Lipa,north Bohemia,105058,9272.0,3.0,4340.0,0,,0.0,,0.0,Sin Prestamo,Sin Prestamo,1,2127.0,2127.0,206,1912845.0,1844522.0,69525.834951,1100.0,135329.0
2434,F,1945-05-24,53,OWNER,,42,Havlickuv Brod,east Bohemia,95907,8388.0,2.0,1658.0,0,,0.0,,0.0,Sin Prestamo,Sin Prestamo,1,5472.0,5472.0,164,777472.0,681020.0,59496.006097,700.0,105528.0
2435,F,1943-10-18,55,OWNER,,16,Jindrichuv Hradec,south Bohemia,93931,8427.0,1.0,1874.0,0,,0.0,,0.0,Sin Prestamo,Sin Prestamo,3,2274.0,758.0,130,96711.0,75030.0,27711.953846,700.0,38507.0
2436,F,1934-08-06,64,OWNER,,25,Klatovy,west Bohemia,88757,8554.0,2.0,1822.0,0,,0.0,,0.0,Sin Prestamo,Sin Prestamo,2,3135.0,1567.5,87,96459.0,71790.0,18825.45977,700.0,29120.0
2437,M,1936-12-27,62,OWNER,,45,Jicin,east Bohemia,77917,8390.0,2.0,2080.0,0,,0.0,,0.0,Sin Prestamo,Sin Prestamo,0,0.0,,102,793205.0,723690.0,54613.323529,1100.0,131593.0
2438,F,1946-09-19,52,OWNER,,52,Usti nad Orlici,east Bohemia,139012,8363.0,3.0,2564.0,0,,0.0,,0.0,Sin Prestamo,Sin Prestamo,2,4198.0,2099.0,465,973463.0,882762.0,56855.178494,700.0,102033.0
2439,M,1944-11-26,54,DISPONENT,,52,Usti nad Orlici,east Bohemia,139012,8363.0,3.0,2564.0,0,,0.0,,0.0,Sin Prestamo,Sin Prestamo,0,0.0,,0,0.0,0.0,,,
2440,M,1935-09-09,63,OWNER,,17,Pelhrimov,south Bohemia,74062,8114.0,2.0,1003.0,0,,0.0,,0.0,Sin Prestamo,Sin Prestamo,2,4263.0,2131.5,361,1426556.0,1367678.0,54863.534626,1100.0,86781.0
2441,M,1928-10-06,70,OWNER,,1,Hl.m. Praha,Prague,1204953,12541.0,0.0,85677.0,0,,0.0,,0.0,Sin Prestamo,Sin Prestamo,1,3876.0,3876.0,287,354956.0,328825.0,20494.222996,1100.0,32723.0
2442,F,1927-07-08,71,DISPONENT,,1,Hl.m. Praha,Prague,1204953,12541.0,0.0,85677.0,0,,0.0,,0.0,Sin Prestamo,Sin Prestamo,0,0.0,,0,0.0,0.0,,,
2443,M,1949-05-23,49,OWNER,,75,Prerov,north Moravia,138032,8819.0,5.0,4063.0,0,,0.0,,0.0,Sin Prestamo,Sin Prestamo,3,2010.0,670.0,446,213392.0,190180.0,16824.105381,900.0,25640.0
2444,M,1934-08-26,64,OWNER,,4,Kladno,central Bohemia,149893,9753.0,5.0,5244.0,0,,0.0,,0.0,Sin Prestamo,Sin Prestamo,1,3844.0,3844.0,157,220760.0,200777.0,29979.541401,1000.0,43663.0
2445,M,1969-02-26,29,OWNER,,54,Brno - mesto,south Moravia,387570,9897.0,2.0,18721.0,0,,0.0,,0.0,Sin Prestamo,Sin Prestamo,0,0.0,,105,637762.0,608551.0,48235.533333,1100.0,123956.0
2447,M,1972-10-07,26,OWNER,,68,Frydek - Mistek,north Moravia,228848,9893.0,4.0,5623.0,0,,0.0,,0.0,Sin Prestamo,Sin Prestamo,1,4535.0,4535.0,195,325291.0,300335.0,28249.851282,1100.0,45627.0
2448,F,1971-07-01,27,DISPONENT,,68,Frydek - Mistek,north Moravia,228848,9893.0,4.0,5623.0,0,,0.0,,0.0,Sin Prestamo,Sin Prestamo,0,0.0,,0,0.0,0.0,,,
2449,M,1967-12-28,31,OWNER,,1,Hl.m. Praha,Prague,1204953,12541.0,0.0,85677.0,0,,0.0,,0.0,Sin Prestamo,Sin Prestamo,3,1967.0,655.666666,159,95465.0,77721.0,20110.949685,800.0,28775.0
2450,F,1975-05-17,23,OWNER,,54,Brno - mesto,south Moravia,387570,9897.0,2.0,18721.0,0,,0.0,,0.0,Sin Prestamo,Sin Prestamo,2,2671.0,1335.5,220,204360.0,190394.0,21950.513636,1100.0,35136.0
2451,M,1939-12-06,59,OWNER,True,42,Havlickuv Brod,east Bohemia,95907,8388.0,2.0,1658.0,1,5358.0,38520.0,12.0,3210.0,A,Cerrado,2,6325.0,3162.5,244,293082.0,274975.0,17777.094262,900.0,31302.0
2452,F,1952-06-07,46,OWNER,,64,Zlin,south Moravia,197099,9624.0,2.0,4484.0,0,,0.0,,0.0,Sin Prestamo,Sin Prestamo,3,2102.0,700.666666,104,61644.0,43895.0,15561.423076,700.0,21466.0
2453,M,1924-01-13,74,OWNER,,13,Rakovnik,central Bohemia,53921,8598.0,3.0,1597.0,0,,0.0,,0.0,Sin Prestamo,Sin Prestamo,1,2329.0,2329.0,304,345177.0,321765.0,24623.832236,1100.0,52415.0
2454,F,1940-09-04,58,OWNER,,69,Jesenik,north Moravia,42821,8173.0,,,0,,0.0,,0.0,Sin Prestamo,Sin Prestamo,0,0.0,,16,28700.0,18400.0,14543.75,900.0,21700.0
2455,M,1919-11-04,79,OWNER,,72,Olomouc,north Moravia,226122,8994.0,4.0,9672.0,0,,0.0,,0.0,Sin Prestamo,Sin Prestamo,1,1943.0,1943.0,334,319834.0,273386.0,27093.176646,700.0,46468.0
2456,F,1923-12-04,75,DISPONENT,,72,Olomouc,north Moravia,226122,8994.0,4.0,9672.0,0,,0.0,,0.0,Sin Prestamo,Sin Prestamo,0,0.0,,0,0.0,0.0,,,
2457,M,1940-08-17,58,OWNER,,68,Frydek - Mistek,north Moravia,228848,9893.0,4.0,5623.0,0,,0.0,,0.0,Sin Prestamo,Sin Prestamo,4,8631.0,2157.75,610,1831901.0,1736087.0,53189.02295,200.0,100923.0
2458,F,1932-08-09,66,DISPONENT,,68,Frydek - Mistek,north Moravia,228848,9893.0,4.0,5623.0,0,,0.0,,0.0,Sin Prestamo,Sin Prestamo,0,0.0,,0,0.0,0.0,,,
2459,F,1974-07-22,24,OWNER,,20,Strakonice,south Bohemia,70646,8547.0,3.0,1563.0,0,,0.0,,0.0,Sin Prestamo,Sin Prestamo,1,7024.0,7024.0,112,263426.0,240287.0,22330.651785,500.0,42078.0
2460,F,1963-01-05,35,OWNER,,19,Prachatice,south Bohemia,51428,8402.0,3.0,999.0,0,,0.0,,0.0,Sin Prestamo,Sin Prestamo,1,6704.0,6704.0,268,853040.0,808714.0,27730.787313,800.0,54132.0
2461,M,1967-04-02,31,OWNER,,64,Zlin,south Moravia,197099,9624.0,2.0,4484.0,0,,0.0,,0.0,Sin Prestamo,Sin Prestamo,2,5330.0,2665.0,170,422608.0,351090.0,43934.570588,900.0,73948.0
2462,M,1934-06-06,64,OWNER,,19,Prachatice,south Bohemia,51428,8402.0,3.0,999.0,0,,0.0,,0.0,Sin Prestamo,Sin Prestamo,1,3476.0,3476.0,225,260639.0,227864.0,22280.906666,800.0,33958.0
2463,M,1944-12-17,54,OWNER,,7,Melnik,central Bohemia,94725,9920.0,2.0,4289.0,0,,0.0,,0.0,Sin Prestamo,Sin Prestamo,0,0.0,,217,1236773.0,1186914.0,42951.013824,500.0,142587.0
2464,M,1945-09-01,53,OWNER,,30,Sokolov,west Bohemia,94812,9650.0,3.0,2985.0,0,,0.0,,0.0,Sin Prestamo,Sin Prestamo,0,0.0,,36,39000.0,30100.0,17811.111111,700.0,26300.0
2465,M,1973-10-17,25,OWNER,,51,Trutnov,east Bohemia,121947,8541.0,3.0,3496.0,0,,0.0,,0.0,Sin Prestamo,Sin Prestamo,1,4325.0,4325.0,275,1265878.0,1188965.0,61572.065454,1100.0,98070.0
2467,F,1946-05-16,52,OWNER,,36,Liberec,north Bohemia,159617,9198.0,3.0,5796.0,0,,0.0,,0.0,Sin Prestamo,Sin Prestamo,4,5229.0,1307.25,171,224312.0,209291.0,15999.584795,200.0,29885.0
2468,M,1965-03-18,33,OWNER,,71,Novy Jicin,north Moravia,161227,8678.0,6.0,4980.0,0,,0.0,,0.0,Sin Prestamo,Sin Prestamo,1,4274.0,4274.0,186,421383.0,371766.0,30783.60215,1100.0,56408.0
2469,F,1957-09-10,41,OWNER,,54,Brno - mesto,south Moravia,387570,9897.0,2.0,18721.0,0,,0.0,,0.0,Sin Prestamo,Sin Prestamo,1,8744.0,8744.0,158,700783.0,640181.0,55276.531645,400.0,96679.0
2470,M,1943-06-14,55,OWNER,,53,Blansko,south Moravia,107911,8240.0,3.0,1850.0,1,5360.0,176328.0,36.0,4898.0,C,Vigente,5,14433.0,2886.6,282,1017540.0,942154.0,50484.219858,400.0,92534.0
2471,F,1942-01-05,56,DISPONENT,,53,Blansko,south Moravia,107911,8240.0,3.0,1850.0,0,,0.0,,0.0,Sin Prestamo,Sin Prestamo,0,0.0,,0,0.0,0.0,,,
2472,F,1976-03-29,22,OWNER,,70,Karvina,north Moravia,285387,10177.0,7.0,9878.0,0,,0.0,,0.0,Sin Prestamo,Sin Prestamo,0,0.0,,72,116973.0,77965.0,33740.611111,400.0,66459.0
2473,F,1976-10-17,22,OWNER,,20,Strakonice,south Bohemia,70646,8547.0,3.0,1563.0,0,,0.0,,0.0,Sin Prestamo,Sin Prestamo,2,9297.0,4648.5,438,1254784.0,1188818.0,37183.922374,900.0,66500.0
2474,M,1957-04-06,41,OWNER,,42,Havlickuv Brod,east Bohemia,95907,8388.0,2.0,1658.0,0,,0.0,,0.0,Sin Prestamo,Sin Prestamo,2,3642.0,1821.0,407,467917.0,426865.0,31065.4914,900.0,47944.0
2475,F,1982-02-02,16,OWNER,,44,Chrudim,east Bohemia,105606,8254.0,3.0,2166.0,0,,0.0,,0.0,Sin Prestamo,Sin Prestamo,0,0.0,,226,464885.0,432140.0,38131.048672,300.0,90015.0
2476,F,1957-02-16,41,OWNER,,75,Prerov,north Moravia,138032,8819.0,5.0,4063.0,0,,0.0,,0.0,Sin Prestamo,Sin Prestamo,1,5262.0,5262.0,153,318027.0,250725.0,34882.300653,1100.0,70435.0
2477,M,1952-06-14,46,DISPONENT,,75,Prerov,north Moravia,138032,8819.0,5.0,4063.0,0,,0.0,,0.0,Sin Prestamo,Sin Prestamo,0,0.0,,0,0.0,0.0,,,
2478,F,1940-05-24,58,OWNER,,48,Rychnov nad Kneznou,east Bohemia,78955,9060.0,2.0,1655.0,0,,0.0,,0.0,Sin Prestamo,Sin Prestamo,0,0.0,,200,268182.0,210275.0,32960.93,600.0,61381.0
2479,F,1959-03-31,39,OWNER,,31,Tachov,west Bohemia,51313,8930.0,4.0,1328.0,0,,0.0,,0.0,Sin Prestamo,Sin Prestamo,2,2266.0,1133.0,108,76779.0,58403.0,14975.712962,900.0,21500.0
2480,F,1976-12-08,22,OWNER,,46,Nachod,east Bohemia,112709,8369.0,2.0,2854.0,0,,0.0,,0.0,Sin Prestamo,Sin Prestamo,1,4366.0,4366.0,201,295423.0,279658.0,21872.552238,400.0,33840.0
2481,M,1948-06-22,50,OWNER,,6,Kutna Hora,central Bohemia,77963,8546.0,3.0,2640.0,0,,0.0,,0.0,Sin Prestamo,Sin Prestamo,2,9278.0,4639.0,266,1005461.0,937108.0,46200.270676,300.0,85481.0
2482,M,1925-01-07,73,OWNER,,34,Chomutov,north Bohemia,125236,9675.0,6.0,5323.0,0,,0.0,,0.0,Sin Prestamo,Sin Prestamo,1,1536.0,1536.0,132,173633.0,156738.0,22294.113636,1100.0,37484.0
2483,F,1929-12-30,69,DISPONENT,,34,Chomutov,north Bohemia,125236,9675.0,6.0,5323.0,0,,0.0,,0.0,Sin Prestamo,Sin Prestamo,0,0.0,,0,0.0,0.0,,,
2484,M,1969-12-21,29,OWNER,,68,Frydek - Mistek,north Moravia,228848,9893.0,4.0,5623.0,0,,0.0,,0.0,Sin Prestamo,Sin Prestamo,2,2073.0,1036.5,156,120174.0,88628.0,21448.564102,900.0,31907.0
2485,M,1933-05-15,65,OWNER,,20,Strakonice,south Bohemia,70646,8547.0,3.0,1563.0,0,,0.0,,0.0,Sin Prestamo,Sin Prestamo,1,2670.0,2670.0,209,224153.0,180845.0,34661.14354,600.0,45817.0
2486,F,1961-10-05,37,OWNER,,76,Sumperk,north Moravia,127369,8369.0,5.0,3736.0,0,,0.0,,0.0,Sin Prestamo,Sin Prestamo,3,5008.0,1669.333333,134,342405.0,294827.0,40289.268656,300.0,68763.0
2487,F,1967-09-25,31,OWNER,,67,Bruntal,north Moravia,106054,8110.0,6.0,3244.0,0,,0.0,,0.0,Sin Prestamo,Sin Prestamo,2,5891.0,2945.5,65,124404.0,102402.0,25295.738461,200.0,39383.0
2488,F,1980-09-22,18,OWNER,,9,Nymburk,central Bohemia,81344,8899.0,3.0,2987.0,0,,0.0,,0.0,Sin Prestamo,Sin Prestamo,4,9704.0,2426.0,536,1137384.0,1072087.0,40845.703358,900.0,82914.0
2489,F,1975-01-28,23,OWNER,,64,Zlin,south Moravia,197099,9624.0,2.0,4484.0,1,5363.0,293880.0,60.0,4898.0,D,Vigente,1,4898.0,4898.0,224,1492897.0,1400361.0,55195.633928,-2805.0,133188.0
2490,F,1961-03-26,37,OWNER,,61,Trebic,south Moravia,117897,8814.0,5.0,2112.0,0,,0.0,,0.0,Sin Prestamo,Sin Prestamo,4,6412.0,1603.0,467,704598.0,652959.0,41006.237687,800.0,59012.0
2491,F,1939-03-20,59,OWNER,,5,Kolin,central Bohemia,95616,9307.0,4.0,2616.0,0,,0.0,,0.0,Sin Prestamo,Sin Prestamo,1,4409.0,4409.0,67,118099.0,95336.0,24347.597014,800.0,41872.0
2492,M,1943-12-13,55,DISPONENT,,5,Kolin,central Bohemia,95616,9307.0,4.0,2616.0,0,,0.0,,0.0,Sin Prestamo,Sin Prestamo,0,0.0,,0,0.0,0.0,,,
2493,M,1962-10-09,36,OWNER,,1,Hl.m. Praha,Prague,1204953,12541.0,0.0,85677.0,0,,0.0,,0.0,Sin Prestamo,Sin Prestamo,3,8738.0,2912.666666,333,1033594.0,979916.0,44282.27027,600.0,75956.0
2494,M,1971-01-06,27,OWNER,,37,Litomerice,north Bohemia,114006,9065.0,4.0,4147.0,1,5365.0,271260.0,60.0,4521.0,C,Vigente,2,11365.0,5682.5,99,235978.0,224570.0,13352.888888,489.0,36763.0
2495,F,1939-12-14,59,OWNER,,58,Jihlava,south Moravia,109164,8757.0,3.0,2212.0,0,,0.0,,0.0,Sin Prestamo,Sin Prestamo,0,0.0,,311,1511609.0,1479727.0,48848.176848,200.0,154131.0
2496,M,1972-07-07,26,OWNER,,1,Hl.m. Praha,Prague,1204953,12541.0,0.0,85677.0,0,,0.0,,0.0,Sin Prestamo,Sin Prestamo,4,5414.0,1353.5,129,415760.0,363521.0,55521.782945,900.0,81090.0
2497,F,1962-04-06,36,OWNER,,34,Chomutov,north Bohemia,125236,9675.0,6.0,5323.0,0,,0.0,,0.0,Sin Prestamo,Sin Prestamo,4,2702.0,675.5,216,161276.0,147631.0,18834.476851,200.0,28348.0
2498,M,1980-03-12,18,OWNER,,37,Litomerice,north Bohemia,114006,9065.0,4.0,4147.0,0,,0.0,,0.0,Sin Prestamo,Sin Prestamo,0,0.0,,238,630802.0,593875.0,34184.605042,200.0,56826.0
2499,M,1944-08-04,54,OWNER,,13,Rakovnik,central Bohemia,53921,8598.0,3.0,1597.0,0,,0.0,,0.0,Sin Prestamo,Sin Prestamo,1,7523.0,7523.0,130,425672.0,391300.0,32024.130769,200.0,61225.0
2500,F,1946-08-20,52,OWNER,,24,Karlovy Vary,west Bohemia,122603,8991.0,1.0,5198.0,0,,0.0,,0.0,Sin Prestamo,Sin Prestamo,2,2669.0,1334.5,414,353486.0,332228.0,20824.816425,200.0,33516.0
2501,F,1940-12-04,58,OWNER,True,70,Karvina,north Moravia,285387,10177.0,7.0,9878.0,1,5366.0,86184.0,12.0,7182.0,A,Cerrado,3,10426.0,3475.333333,269,1604927.0,1569138.0,47496.174721,300.0,128146.0
2502,F,1935-03-13,63,OWNER,,1,Hl.m. Praha,Prague,1204953,12541.0,0.0,85677.0,0,,0.0,,0.0,Sin Prestamo,Sin Prestamo,1,1542.0,1542.0,326,367658.0,327544.0,33397.680981,700.0,53853.0
2503,F,1977-09-23,21,OWNER,,54,Brno - mesto,south Moravia,387570,9897.0,2.0,18721.0,1,5367.0,83628.0,36.0,2323.0,C,Vigente,1,2323.0,2323.0,128,371345.0,330412.0,26644.351562,500.0,51781.0
2504,M,1950-01-09,48,OWNER,,61,Trebic,south Moravia,117897,8814.0,5.0,2112.0,0,,0.0,,0.0,Sin Prestamo,Sin Prestamo,1,3075.0,3075.0,149,577372.0,560950.0,33986.24161,400.0,67993.0
2505,F,1960-04-30,38,OWNER,,25,Klatovy,west Bohemia,88757,8554.0,2.0,1822.0,0,,0.0,,0.0,Sin Prestamo,Sin Prestamo,1,2319.0,2319.0,145,133442.0,119196.0,21944.689655,400.0,34582.0
2506,M,1976-09-27,22,OWNER,,76,Sumperk,north Moravia,127369,8369.0,5.0,3736.0,0,,0.0,,0.0,Sin Prestamo,Sin Prestamo,0,0.0,,294,424387.0,337480.0,44857.632653,400.0,95393.0
2507,F,1952-08-26,46,OWNER,,37,Litomerice,north Bohemia,114006,9065.0,4.0,4147.0,0,,0.0,,0.0,Sin Prestamo,Sin Prestamo,3,2624.0,874.666666,490,305145.0,290832.0,19533.585714,1100.0,31674.0
2508,F,1965-08-07,33,OWNER,,72,Olomouc,north Moravia,226122,8994.0,4.0,9672.0,0,,0.0,,0.0,Sin Prestamo,Sin Prestamo,4,4933.0,1233.25,104,275077.0,222984.0,43350.567307,900.0,60072.0
2509,M,1971-02-06,27,DISPONENT,,72,Olomouc,north Moravia,226122,8994.0,4.0,9672.0,0,,0.0,,0.0,Sin Prestamo,Sin Prestamo,0,0.0,,0,0.0,0.0,,,
2510,F,1959-06-10,39,OWNER,,72,Olomouc,north Moravia,226122,8994.0,4.0,9672.0,0,,0.0,,0.0,Sin Prestamo,Sin Prestamo,1,8092.0,8092.0,410,1011726.0,942162.0,38609.470731,300.0,74511.0
2511,F,1975-03-27,23,OWNER,,35,Jablonec n. Nisou,north Bohemia,88768,8867.0,1.0,3384.0,0,,0.0,,0.0,Sin Prestamo,Sin Prestamo,2,3218.0,1609.0,113,346643.0,295815.0,28187.707964,1000.0,53362.0
2512,M,1974-07-27,24,DISPONENT,,35,Jablonec n. Nisou,north Bohemia,88768,8867.0,1.0,3384.0,0,,0.0,,0.0,Sin Prestamo,Sin Prestamo,0,0.0,,0,0.0,0.0,,,
2513,M,1941-05-08,57,OWNER,,41,Usti nad Labem,north Bohemia,118650,9832.0,3.0,6445.0,0,,0.0,,0.0,Sin Prestamo,Sin Prestamo,1,6746.0,6746.0,339,1683111.0,1568477.0,71335.578171,1000.0,126871.0
2514,M,1957-02-11,41,OWNER,,59,Kromeriz,south Moravia,108871,8444.0,3.0,2595.0,1,5368.0,44640.0,24.0,1860.0,C,Vigente,1,1860.0,1860.0,83,306713.0,269825.0,40629.506024,600.0,65664.0
2515,M,1958-06-03,40,OWNER,,12,Pribram,central Bohemia,107870,8754.0,4.0,3804.0,0,,0.0,,0.0,Sin Prestamo,Sin Prestamo,2,4922.0,2461.0,208,866528.0,802335.0,36895.677884,900.0,79391.0
2516,F,1942-01-05,56,OWNER,,33,Decin,north Bohemia,133777,8705.0,6.0,4650.0,0,,0.0,,0.0,Sin Prestamo,Sin Prestamo,3,2200.0,733.333333,234,122060.0,102245.0,18418.106837,800.0,23946.0
2517,M,1924-09-09,74,OWNER,,18,Pisek,south Bohemia,70699,8968.0,3.0,1740.0,0,,0.0,,0.0,Sin Prestamo,Sin Prestamo,2,2052.0,1026.0,153,169656.0,153916.0,20139.607843,800.0,30250.0
2518,F,1921-05-07,77,DISPONENT,,18,Pisek,south Bohemia,70699,8968.0,3.0,1740.0,0,,0.0,,0.0,Sin Prestamo,Sin Prestamo,0,0.0,,0,0.0,0.0,,,
2519,F,1970-08-06,28,OWNER,,29,Rokycany,west Bohemia,45714,8843.0,3.0,818.0,0,,0.0,,0.0,Sin Prestamo,Sin Prestamo,0,0.0,,235,279477.0,211845.0,29972.455319,700.0,68277.0
2520,M,1944-07-30,54,OWNER,,62,Uherske Hradiste,south Moravia,145688,8544.0,1.0,2719.0,0,,0.0,,0.0,Sin Prestamo,Sin Prestamo,1,3598.0,3598.0,380,1057259.0,1012660.0,37665.576315,700.0,67122.0
2521,F,1947-03-30,51,OWNER,,55,Brno - venkov,south Moravia,157042,8743.0,2.0,3659.0,0,,0.0,,0.0,Sin Prestamo,Sin Prestamo,0,0.0,,72,313590.0,234465.0,61578.194444,300.0,85363.0
2522,M,1937-09-08,61,OWNER,,74,Ostrava - mesto,north Moravia,323870,10673.0,5.0,18782.0,1,5369.0,214596.0,36.0,5961.0,C,Vigente,2,19589.0,9794.5,128,1090084.0,1003400.0,63789.734375,400.0,130060.0
2523,F,1937-12-02,61,DISPONENT,,74,Ostrava - mesto,north Moravia,323870,10673.0,5.0,18782.0,0,,0.0,,0.0,Sin Prestamo,Sin Prestamo,0,0.0,,0,0.0,0.0,,,
2524,M,1959-07-31,39,OWNER,,36,Liberec,north Bohemia,159617,9198.0,3.0,5796.0,0,,0.0,,0.0,Sin Prestamo,Sin Prestamo,1,2028.0,2028.0,95,83252.0,67239.0,23855.768421,600.0,33262.0
2525,F,1952-07-10,46,OWNER,,36,Liberec,north Bohemia,159617,9198.0,3.0,5796.0,0,,0.0,,0.0,Sin Prestamo,Sin Prestamo,3,7791.0,2597.0,435,1476568.0,1457044.0,39886.855172,200.0,123631.0
2526,M,1964-07-26,34,OWNER,,1,Hl.m. Praha,Prague,1204953,12541.0,0.0,85677.0,0,,0.0,,0.0,Sin Prestamo,Sin Prestamo,1,8282.0,8282.0,136,711166.0,693254.0,28232.485294,300.0,73691.0
2527,F,1947-07-31,51,OWNER,,44,Chrudim,east Bohemia,105606,8254.0,3.0,2166.0,0,,0.0,,0.0,Sin Prestamo,Sin Prestamo,1,4554.0,4554.0,147,635917.0,550967.0,55107.734693,900.0,84957.0
2528,M,1977-02-16,21,OWNER,,25,Klatovy,west Bohemia,88757,8554.0,2.0,1822.0,0,,0.0,,0.0,Sin Prestamo,Sin Prestamo,3,6474.0,2158.0,150,248571.0,224918.0,27109.4,600.0,44322.0
2529,M,1939-06-22,59,OWNER,,70,Karvina,north Moravia,285387,10177.0,7.0,9878.0,0,,0.0,,0.0,Sin Prestamo,Sin Prestamo,0,0.0,,160,1418099.0,1348612.0,68572.16875,500.0,133070.0
2530,M,1950-02-11,48,OWNER,,8,Mlada Boleslav,central Bohemia,112065,11277.0,1.0,5179.0,0,,0.0,,0.0,Sin Prestamo,Sin Prestamo,1,4620.0,4620.0,380,2006962.0,1945001.0,52858.85,600.0,134265.0
2531,F,1954-01-24,44,OWNER,,5,Kolin,central Bohemia,95616,9307.0,4.0,2616.0,0,,0.0,,0.0,Sin Prestamo,Sin Prestamo,1,3240.0,3240.0,348,401693.0,381460.0,23071.284482,400.0,36609.0
2532,M,1937-05-09,61,OWNER,,29,Rokycany,west Bohemia,45714,8843.0,3.0,818.0,0,,0.0,,0.0,Sin Prestamo,Sin Prestamo,0,0.0,,115,650679.0,652500.0,44881.486956,-6743.0,134369.0
2533,F,1929-07-17,69,OWNER,,40,Teplice,north Bohemia,128118,9317.0,6.0,6949.0,0,,0.0,,0.0,Sin Prestamo,Sin Prestamo,1,3532.0,3532.0,102,135749.0,106372.0,26723.911764,1000.0,36208.0
2534,M,1943-01-10,55,OWNER,,1,Hl.m. Praha,Prague,1204953,12541.0,0.0,85677.0,0,,0.0,,0.0,Sin Prestamo,Sin Prestamo,0,0.0,,124,178834.0,127430.0,40390.193548,800.0,57095.0
2535,M,1945-01-10,53,OWNER,,1,Hl.m. Praha,Prague,1204953,12541.0,0.0,85677.0,0,,0.0,,0.0,Sin Prestamo,Sin Prestamo,1,7598.0,7598.0,290,1526129.0,1418733.0,42836.782758,200.0,159780.0
2536,M,1961-10-22,37,OWNER,,64,Zlin,south Moravia,197099,9624.0,2.0,4484.0,0,,0.0,,0.0,Sin Prestamo,Sin Prestamo,0,0.0,,77,320284.0,249795.0,47928.857142,1100.0,70495.0
2537,M,1957-10-10,41,OWNER,,73,Opava,north Moravia,182027,8746.0,3.0,4355.0,0,,0.0,,0.0,Sin Prestamo,Sin Prestamo,1,2288.0,2288.0,128,98696.0,80539.0,17133.179687,800.0,22069.0
2538,M,1980-02-23,18,OWNER,,56,Breclav,south Moravia,124605,8772.0,5.0,2854.0,0,,0.0,,0.0,Sin Prestamo,Sin Prestamo,0,0.0,,172,789948.0,735065.0,49945.779069,800.0,77988.0
2539,F,1972-01-21,26,OWNER,,32,Ceska Lipa,north Bohemia,105058,9272.0,3.0,4340.0,0,,0.0,,0.0,Sin Prestamo,Sin Prestamo,2,9172.0,4586.0,274,701372.0,653210.0,38701.427007,700.0,58990.0
2540,M,1981-06-26,17,OWNER,,46,Nachod,east Bohemia,112709,8369.0,2.0,2854.0,0,,0.0,,0.0,Sin Prestamo,Sin Prestamo,0,0.0,,80,100522.0,59430.0,36563.5375,500.0,59449.0
2542,M,1944-12-19,54,OWNER,,3,Beroun,central Bohemia,75232,8980.0,2.0,2824.0,0,,0.0,,0.0,Sin Prestamo,Sin Prestamo,0,0.0,,393,2483218.0,2386737.0,65657.56743,150.0,184168.0
2543,F,1952-08-27,46,DISPONENT,,3,Beroun,central Bohemia,75232,8980.0,2.0,2824.0,0,,0.0,,0.0,Sin Prestamo,Sin Prestamo,0,0.0,,0,0.0,0.0,,,
2545,F,1953-09-28,45,OWNER,,9,Nymburk,central Bohemia,81344,8899.0,3.0,2987.0,0,,0.0,,0.0,Sin Prestamo,Sin Prestamo,3,2309.0,769.666666,201,138914.0,111296.0,25884.024875,600.0,33388.0
2546,F,1961-12-03,37,OWNER,,41,Usti nad Labem,north Bohemia,118650,9832.0,3.0,6445.0,0,,0.0,,0.0,Sin Prestamo,Sin Prestamo,2,7497.0,3748.5,180,383347.0,345930.0,25224.183333,500.0,50846.0
2547,F,1953-10-29,45,OWNER,,48,Rychnov nad Kneznou,east Bohemia,78955,9060.0,2.0,1655.0,0,,0.0,,0.0,Sin Prestamo,Sin Prestamo,2,3693.0,1846.5,129,151469.0,131186.0,16958.178294,1100.0,32467.0
2548,M,1953-10-06,45,OWNER,,48,Rychnov nad Kneznou,east Bohemia,78955,9060.0,2.0,1655.0,0,,0.0,,0.0,Sin Prestamo,Sin Prestamo,1,6927.0,6927.0,166,423585.0,369550.0,37987.03012,900.0,56665.0
2549,F,1923-05-05,75,OWNER,,70,Karvina,north Moravia,285387,10177.0,7.0,9878.0,0,,0.0,,0.0,Sin Prestamo,Sin Prestamo,1,1546.0,1546.0,168,163789.0,147509.0,21092.142857,4718.0,30017.0
2550,F,1976-10-12,22,OWNER,True,1,Hl.m. Praha,Prague,1204953,12541.0,0.0,85677.0,1,5375.0,101520.0,12.0,8460.0,A,Cerrado,2,11928.0,5964.0,185,476669.0,449798.0,22391.583783,400.0,44042.0
2551,F,1939-08-11,59,OWNER,,70,Karvina,north Moravia,285387,10177.0,7.0,9878.0,0,,0.0,,0.0,Sin Prestamo,Sin Prestamo,2,7058.0,3529.0,152,318287.0,272775.0,29481.901315,300.0,53630.0
2552,F,1964-01-24,34,OWNER,,74,Ostrava - mesto,north Moravia,323870,10673.0,5.0,18782.0,0,,0.0,,0.0,Sin Prestamo,Sin Prestamo,1,5974.0,5974.0,162,468224.0,452079.0,29430.24074,1000.0,65007.0
2553,M,1976-11-24,22,OWNER,,34,Chomutov,north Bohemia,125236,9675.0,6.0,5323.0,0,,0.0,,0.0,Sin Prestamo,Sin Prestamo,0,0.0,,88,232617.0,128635.0,52020.340909,600.0,103989.0
2554,M,1941-09-20,57,OWNER,,64,Zlin,south Moravia,197099,9624.0,2.0,4484.0,0,,0.0,,0.0,Sin Prestamo,Sin Prestamo,1,2050.0,2050.0,320,221829.0,202635.0,21996.49375,600.0,32058.0
2555,M,1963-09-23,35,OWNER,,42,Havlickuv Brod,east Bohemia,95907,8388.0,2.0,1658.0,0,,0.0,,0.0,Sin Prestamo,Sin Prestamo,1,4620.0,4620.0,298,2019379.0,1912105.0,68177.151006,300.0,132229.0
2556,F,1951-02-10,47,OWNER,,44,Chrudim,east Bohemia,105606,8254.0,3.0,2166.0,0,,0.0,,0.0,Sin Prestamo,Sin Prestamo,1,4788.0,4788.0,167,358464.0,306220.0,30568.994011,300.0,56828.0
2557,M,1957-02-18,41,OWNER,,7,Melnik,central Bohemia,94725,9920.0,2.0,4289.0,0,,0.0,,0.0,Sin Prestamo,Sin Prestamo,0,0.0,,126,317724.0,303625.0,27087.039682,300.0,55295.0
2558,M,1959-01-18,39,OWNER,,30,Sokolov,west Bohemia,94812,9650.0,3.0,2985.0,0,,0.0,,0.0,Sin Prestamo,Sin Prestamo,2,6844.0,3422.0,176,344269.0,330816.0,21997.107954,600.0,47296.0
2559,F,1965-03-31,33,OWNER,,8,Mlada Boleslav,central Bohemia,112065,11277.0,1.0,5179.0,0,,0.0,,0.0,Sin Prestamo,Sin Prestamo,1,1940.0,1940.0,108,74562.0,61310.0,13282.129629,600.0,19151.0
2560,F,1974-06-20,24,OWNER,True,70,Karvina,north Moravia,285387,10177.0,7.0,9878.0,1,5377.0,92400.0,12.0,7700.0,A,Cerrado,3,12414.0,4138.0,224,835813.0,806015.0,42200.732142,1000.0,131664.0
2561,M,1945-07-26,53,OWNER,,48,Rychnov nad Kneznou,east Bohemia,78955,9060.0,2.0,1655.0,0,,0.0,,0.0,Sin Prestamo,Sin Prestamo,1,7786.0,7786.0,158,383823.0,359724.0,22081.341772,900.0,54105.0
2562,M,1952-11-01,46,OWNER,,42,Havlickuv Brod,east Bohemia,95907,8388.0,2.0,1658.0,0,,0.0,,0.0,Sin Prestamo,Sin Prestamo,1,9871.0,9871.0,108,484848.0,434901.0,45623.111111,300.0,71842.0
2563,M,1971-09-08,27,OWNER,,74,Ostrava - mesto,north Moravia,323870,10673.0,5.0,18782.0,0,,0.0,,0.0,Sin Prestamo,Sin Prestamo,1,5688.0,5688.0,213,424106.0,370630.0,27601.075117,500.0,61870.0
2565,M,1946-05-22,52,OWNER,,64,Zlin,south Moravia,197099,9624.0,2.0,4484.0,0,,0.0,,0.0,Sin Prestamo,Sin Prestamo,2,6007.0,3003.5,309,1194306.0,1169950.0,45582.132686,1000.0,79827.0
2566,F,1963-03-25,35,OWNER,,29,Rokycany,west Bohemia,45714,8843.0,3.0,818.0,0,,0.0,,0.0,Sin Prestamo,Sin Prestamo,1,7663.0,7663.0,470,2796291.0,2754511.0,60335.142553,300.0,176243.0
2567,M,1943-05-30,55,OWNER,,64,Zlin,south Moravia,197099,9624.0,2.0,4484.0,0,,0.0,,0.0,Sin Prestamo,Sin Prestamo,1,2141.0,2141.0,295,213815.0,199310.0,15789.118644,900.0,20814.0
2568,F,1938-06-11,60,DISPONENT,,64,Zlin,south Moravia,197099,9624.0,2.0,4484.0,0,,0.0,,0.0,Sin Prestamo,Sin Prestamo,0,0.0,,0,0.0,0.0,,,
2569,M,1948-04-01,50,OWNER,,69,Jesenik,north Moravia,42821,8173.0,,,0,,0.0,,0.0,Sin Prestamo,Sin Prestamo,2,5494.0,2747.0,476,1645890.0,1564912.0,51403.644957,500.0,108250.0
2570,F,1947-06-19,51,DISPONENT,,69,Jesenik,north Moravia,42821,8173.0,,,0,,0.0,,0.0,Sin Prestamo,Sin Prestamo,0,0.0,,0,0.0,0.0,,,
2571,F,1979-04-25,19,OWNER,,43,Hradec Kralove,east Bohemia,161854,9425.0,2.0,4085.0,0,,0.0,,0.0,Sin Prestamo,Sin Prestamo,1,3225.0,3225.0,75,470689.0,412385.0,57060.0,600.0,123826.0
2572,M,1953-10-08,45,OWNER,,1,Hl.m. Praha,Prague,1204953,12541.0,0.0,85677.0,0,,0.0,,0.0,Sin Prestamo,Sin Prestamo,0,0.0,,123,1039501.0,977811.0,69302.113821,900.0,128144.0
2573,F,1965-03-10,33,OWNER,,1,Hl.m. Praha,Prague,1204953,12541.0,0.0,85677.0,0,,0.0,,0.0,Sin Prestamo,Sin Prestamo,1,1995.0,1995.0,99,78453.0,63375.0,18934.141414,400.0,29293.0
2574,F,1932-04-22,66,OWNER,,29,Rokycany,west Bohemia,45714,8843.0,3.0,818.0,0,,0.0,,0.0,Sin Prestamo,Sin Prestamo,1,3601.0,3601.0,294,336028.0,317526.0,18163.517006,5424.0,27870.0
2576,F,1979-05-16,19,OWNER,,46,Nachod,east Bohemia,112709,8369.0,2.0,2854.0,0,,0.0,,0.0,Sin Prestamo,Sin Prestamo,0,0.0,,121,676261.0,651804.0,55300.603305,200.0,152383.0
2577,M,1918-01-07,80,OWNER,,70,Karvina,north Moravia,285387,10177.0,7.0,9878.0,0,,0.0,,0.0,Sin Prestamo,Sin Prestamo,2,3517.0,1758.5,160,187271.0,137940.0,32319.0125,900.0,49789.0
2578,M,1954-07-08,44,OWNER,,76,Sumperk,north Moravia,127369,8369.0,5.0,3736.0,0,,0.0,,0.0,Sin Prestamo,Sin Prestamo,0,0.0,,309,1489307.0,1427710.0,45962.284789,700.0,77597.0
2579,F,1935-01-02,63,OWNER,,11,Praha - zapad,central Bohemia,75637,9622.0,0.0,3475.0,0,,0.0,,0.0,Sin Prestamo,Sin Prestamo,1,2143.0,2143.0,63,65822.0,48583.0,16424.555555,500.0,23700.0
2580,M,1935-03-07,63,DISPONENT,,11,Praha - zapad,central Bohemia,75637,9622.0,0.0,3475.0,0,,0.0,,0.0,Sin Prestamo,Sin Prestamo,0,0.0,,0,0.0,0.0,,,
2581,F,1953-11-19,45,OWNER,,52,Usti nad Orlici,east Bohemia,139012,8363.0,3.0,2564.0,1,5382.0,22932.0,36.0,637.0,C,Vigente,3,4396.0,1465.333333,204,409991.0,352212.0,40347.161764,300.0,63757.0
2582,M,1938-12-15,60,OWNER,,51,Trutnov,east Bohemia,121947,8541.0,3.0,3496.0,0,,0.0,,0.0,Sin Prestamo,Sin Prestamo,2,6841.0,3420.5,102,217721.0,190209.0,24060.696078,300.0,40276.0
2583,M,1937-06-17,61,OWNER,,75,Prerov,north Moravia,138032,8819.0,5.0,4063.0,0,,0.0,,0.0,Sin Prestamo,Sin Prestamo,0,0.0,,60,173447.0,116550.0,35279.55,600.0,58405.0
2584,F,1944-12-15,54,OWNER,,4,Kladno,central Bohemia,149893,9753.0,5.0,5244.0,0,,0.0,,0.0,Sin Prestamo,Sin Prestamo,1,1959.0,1959.0,332,1423573.0,1354789.0,35739.373493,600.0,73628.0
2585,F,1971-08-28,27,OWNER,,75,Prerov,north Moravia,138032,8819.0,5.0,4063.0,0,,0.0,,0.0,Sin Prestamo,Sin Prestamo,1,9788.0,9788.0,89,457993.0,399036.0,44219.426966,400.0,80054.0
2586,M,1966-05-14,32,OWNER,,8,Mlada Boleslav,central Bohemia,112065,11277.0,1.0,5179.0,0,,0.0,,0.0,Sin Prestamo,Sin Prestamo,3,13166.0,4388.666666,335,1346310.0,1303082.0,34987.746268,900.0,82190.0
2587,F,1973-01-03,25,DISPONENT,,8,Mlada Boleslav,central Bohemia,112065,11277.0,1.0,5179.0,0,,0.0,,0.0,Sin Prestamo,Sin Prestamo,0,0.0,,0,0.0,0.0,,,
2588,M,1958-05-19,40,OWNER,,33,Decin,north Bohemia,133777,8705.0,6.0,4650.0,0,,0.0,,0.0,Sin Prestamo,Sin Prestamo,1,2318.0,2318.0,368,294712.0,249291.0,25632.673913,600.0,46800.0
2589,M,1963-02-17,35,OWNER,,21,Tabor,south Bohemia,103347,9104.0,2.0,2299.0,0,,0.0,,0.0,Sin Prestamo,Sin Prestamo,1,5796.0,5796.0,107,531442.0,449285.0,53688.121495,900.0,84430.0
2590,F,1964-10-19,34,OWNER,,42,Havlickuv Brod,east Bohemia,95907,8388.0,2.0,1658.0,1,5384.0,23328.0,12.0,1944.0,C,Vigente,2,11712.0,5856.0,91,339526.0,307953.0,37711.835164,1000.0,68151.0
2591,M,1960-02-27,38,DISPONENT,,42,Havlickuv Brod,east Bohemia,95907,8388.0,2.0,1658.0,0,,0.0,,0.0,Sin Prestamo,Sin Prestamo,0,0.0,,0,0.0,0.0,,,
2592,F,1980-08-31,18,OWNER,,1,Hl.m. Praha,Prague,1204953,12541.0,0.0,85677.0,1,5385.0,71460.0,36.0,1985.0,C,Vigente,2,9249.0,4624.5,228,870513.0,840934.0,33956.596491,700.0,76403.0
2593,M,1977-06-10,21,DISPONENT,,1,Hl.m. Praha,Prague,1204953,12541.0,0.0,85677.0,0,,0.0,,0.0,Sin Prestamo,Sin Prestamo,0,0.0,,0,0.0,0.0,,,
2594,M,1963-07-31,35,OWNER,,55,Brno - venkov,south Moravia,157042,8743.0,2.0,3659.0,0,,0.0,,0.0,Sin Prestamo,Sin Prestamo,0,0.0,,220,1240903.0,1229346.0,36344.477272,-3995.0,134758.0
2596,M,1961-10-08,37,OWNER,,31,Tachov,west Bohemia,51313,8930.0,4.0,1328.0,0,,0.0,,0.0,Sin Prestamo,Sin Prestamo,2,5630.0,2815.0,428,1459325.0,1406420.0,45042.507009,200.0,70786.0
2597,F,1969-08-06,29,OWNER,,28,Plzen - sever,west Bohemia,72541,8594.0,2.0,1580.0,0,,0.0,,0.0,Sin Prestamo,Sin Prestamo,2,4306.0,2153.0,131,153144.0,130265.0,18647.519083,1000.0,32566.0
2598,M,1965-10-25,33,DISPONENT,,28,Plzen - sever,west Bohemia,72541,8594.0,2.0,1580.0,0,,0.0,,0.0,Sin Prestamo,Sin Prestamo,0,0.0,,0,0.0,0.0,,,
2599,M,1946-01-09,52,OWNER,,1,Hl.m. Praha,Prague,1204953,12541.0,0.0,85677.0,0,,0.0,,0.0,Sin Prestamo,Sin Prestamo,2,2370.0,1185.0,225,159179.0,136630.0,16312.96,300.0,26205.0
2600,F,1923-04-17,75,OWNER,,7,Melnik,central Bohemia,94725,9920.0,2.0,4289.0,0,,0.0,,0.0,Sin Prestamo,Sin Prestamo,1,2536.0,2536.0,128,157332.0,139699.0,20061.570312,600.0,30098.0
2601,M,1961-07-25,37,OWNER,,37,Litomerice,north Bohemia,114006,9065.0,4.0,4147.0,0,,0.0,,0.0,Sin Prestamo,Sin Prestamo,1,2019.0,2019.0,309,221419.0,203326.0,15774.58576,900.0,21499.0
2602,F,1966-08-20,32,DISPONENT,,37,Litomerice,north Bohemia,114006,9065.0,4.0,4147.0,0,,0.0,,0.0,Sin Prestamo,Sin Prestamo,0,0.0,,0,0.0,0.0,,,
2603,F,1972-11-03,26,OWNER,,38,Louny,north Bohemia,85852,8965.0,7.0,2653.0,0,,0.0,,0.0,Sin Prestamo,Sin Prestamo,3,6736.0,2245.333333,333,540579.0,502628.0,22017.783783,400.0,45664.0
2604,M,1926-07-11,72,OWNER,,22,Domazlice,west Bohemia,58400,8620.0,1.0,1089.0,0,,0.0,,0.0,Sin Prestamo,Sin Prestamo,1,3191.0,3191.0,50,70309.0,46354.0,21658.48,1100.0,28964.0
2605,F,1925-04-17,73,DISPONENT,,22,Domazlice,west Bohemia,58400,8620.0,1.0,1089.0,0,,0.0,,0.0,Sin Prestamo,Sin Prestamo,0,0.0,,0,0.0,0.0,,,
2606,M,1943-01-04,55,OWNER,True,31,Tachov,west Bohemia,51313,8930.0,4.0,1328.0,1,5388.0,61560.0,12.0,5130.0,A,Cerrado,4,19393.0,4848.25,274,1205581.0,1141552.0,33462.485401,200.0,80325.0
2607,M,1943-03-27,55,OWNER,,63,Vyskov,south Moravia,86513,8288.0,4.0,1562.0,0,,0.0,,0.0,Sin Prestamo,Sin Prestamo,1,2126.0,2126.0,267,182650.0,166751.0,17590.973782,200.0,23190.0
2608,F,1943-09-15,55,OWNER,,58,Jihlava,south Moravia,109164,8757.0,3.0,2212.0,0,,0.0,,0.0,Sin Prestamo,Sin Prestamo,2,2269.0,1134.5,353,223874.0,208534.0,19462.181303,600.0,31785.0
2609,M,1977-05-09,21,OWNER,,1,Hl.m. Praha,Prague,1204953,12541.0,0.0,85677.0,0,,0.0,,0.0,Sin Prestamo,Sin Prestamo,1,9921.0,9921.0,146,720858.0,671293.0,43764.438356,1100.0,71822.0
2610,F,1980-05-03,18,DISPONENT,,1,Hl.m. Praha,Prague,1204953,12541.0,0.0,85677.0,0,,0.0,,0.0,Sin Prestamo,Sin Prestamo,0,0.0,,0,0.0,0.0,,,
2611,M,1938-11-09,60,OWNER,,77,Vsetin,north Moravia,148545,8909.0,4.0,3460.0,0,,0.0,,0.0,Sin Prestamo,Sin Prestamo,1,9094.0,9094.0,200,578999.0,555637.0,21490.015,600.0,51480.0
2612,M,1975-02-03,23,OWNER,,38,Louny,north Bohemia,85852,8965.0,7.0,2653.0,0,,0.0,,0.0,Sin Prestamo,Sin Prestamo,0,0.0,,102,191934.0,161305.0,36744.490196,1000.0,81789.0
2613,M,1977-10-26,21,OWNER,,1,Hl.m. Praha,Prague,1204953,12541.0,0.0,85677.0,0,,0.0,,0.0,Sin Prestamo,Sin Prestamo,2,8719.0,4359.5,233,900745.0,846133.0,40695.759656,600.0,82381.0
2614,M,1946-03-14,52,OWNER,,72,Olomouc,north Moravia,226122,8994.0,4.0,9672.0,0,,0.0,,0.0,Sin Prestamo,Sin Prestamo,1,6084.0,6084.0,135,280030.0,241564.0,29219.214814,200.0,46205.0
2615,F,1945-08-26,53,OWNER,,64,Zlin,south Moravia,197099,9624.0,2.0,4484.0,0,,0.0,,0.0,Sin Prestamo,Sin Prestamo,2,3838.0,1919.0,341,919518.0,912223.0,30061.463343,700.0,83288.0
2616,M,1970-07-07,28,OWNER,,50,Svitavy,east Bohemia,102609,8187.0,5.0,2123.0,0,,0.0,,0.0,Sin Prestamo,Sin Prestamo,1,8468.0,8468.0,82,500181.0,449373.0,52666.707317,13409.0,105472.0
2617,F,1962-06-26,36,DISPONENT,,50,Svitavy,east Bohemia,102609,8187.0,5.0,2123.0,0,,0.0,,0.0,Sin Prestamo,Sin Prestamo,0,0.0,,0,0.0,0.0,,,
2618,M,1942-08-14,56,OWNER,,17,Pelhrimov,south Bohemia,74062,8114.0,2.0,1003.0,0,,0.0,,0.0,Sin Prestamo,Sin Prestamo,2,5194.0,2597.0,316,995362.0,941070.0,41434.063291,1000.0,67528.0
2619,F,1969-07-09,29,OWNER,,63,Vyskov,south Moravia,86513,8288.0,4.0,1562.0,0,,0.0,,0.0,Sin Prestamo,Sin Prestamo,1,7552.0,7552.0,145,644518.0,566366.0,49370.731034,1000.0,86792.0
2620,M,1968-07-18,30,DISPONENT,,63,Vyskov,south Moravia,86513,8288.0,4.0,1562.0,0,,0.0,,0.0,Sin Prestamo,Sin Prestamo,0,0.0,,0,0.0,0.0,,,
2621,M,1956-05-09,42,OWNER,,51,Trutnov,east Bohemia,121947,8541.0,3.0,3496.0,1,5389.0,78600.0,24.0,3275.0,C,Vigente,2,15768.0,7884.0,124,482056.0,443360.0,30019.91129,800.0,67336.0
2622,M,1973-06-07,25,OWNER,,71,Novy Jicin,north Moravia,161227,8678.0,6.0,4980.0,0,,0.0,,0.0,Sin Prestamo,Sin Prestamo,3,6516.0,2172.0,129,284218.0,257268.0,24929.279069,800.0,46814.0
2623,F,1965-07-16,33,OWNER,True,16,Jindrichuv Hradec,south Bohemia,93931,8427.0,1.0,1874.0,1,5390.0,170256.0,24.0,7094.0,A,Cerrado,2,13016.0,6508.0,412,1712426.0,1639721.0,55541.347087,200.0,109497.0
2625,M,1972-10-07,26,OWNER,,57,Hodonin,south Moravia,161954,8720.0,4.0,3729.0,0,,0.0,,0.0,Sin Prestamo,Sin Prestamo,3,8640.0,2880.0,111,456422.0,403635.0,41695.288288,14991.0,69703.0
2626,M,1940-02-14,58,OWNER,,1,Hl.m. Praha,Prague,1204953,12541.0,0.0,85677.0,0,,0.0,,0.0,Sin Prestamo,Sin Prestamo,3,12317.0,4105.666666,442,3133093.0,3055044.0,73274.705882,600.0,161231.0
2628,F,1931-11-05,67,OWNER,,1,Hl.m. Praha,Prague,1204953,12541.0,0.0,85677.0,0,,0.0,,0.0,Sin Prestamo,Sin Prestamo,1,3413.0,3413.0,65,84199.0,55418.0,20131.030769,1100.0,28784.0
2629,M,1931-12-03,67,DISPONENT,,1,Hl.m. Praha,Prague,1204953,12541.0,0.0,85677.0,0,,0.0,,0.0,Sin Prestamo,Sin Prestamo,0,0.0,,0,0.0,0.0,,,
2630,F,1937-08-20,61,OWNER,,64,Zlin,south Moravia,197099,9624.0,2.0,4484.0,0,,0.0,,0.0,Sin Prestamo,Sin Prestamo,1,1951.0,1951.0,99,121093.0,87730.0,25714.929292,900.0,34442.0
2631,M,1970-05-21,28,OWNER,,18,Pisek,south Bohemia,70699,8968.0,3.0,1740.0,0,,0.0,,0.0,Sin Prestamo,Sin Prestamo,1,4367.0,4367.0,54,224321.0,197473.0,42112.407407,400.0,85841.0
2632,F,1963-02-25,35,DISPONENT,,18,Pisek,south Bohemia,70699,8968.0,3.0,1740.0,0,,0.0,,0.0,Sin Prestamo,Sin Prestamo,0,0.0,,0,0.0,0.0,,,
2633,F,1967-07-12,31,OWNER,,1,Hl.m. Praha,Prague,1204953,12541.0,0.0,85677.0,0,,0.0,,0.0,Sin Prestamo,Sin Prestamo,0,0.0,,401,2473950.0,2379398.0,51613.780548,-2402.0,146487.0
2635,F,1966-12-10,32,OWNER,False,67,Bruntal,north Moravia,106054,8110.0,6.0,3244.0,1,5395.0,299088.0,36.0,8308.0,B,Cerrado,3,14528.0,4842.666666,471,2037345.0,2038955.0,34860.129511,-4986.0,193910.0
2636,M,1918-10-24,80,OWNER,,28,Plzen - sever,west Bohemia,72541,8594.0,2.0,1580.0,0,,0.0,,0.0,Sin Prestamo,Sin Prestamo,1,3168.0,3168.0,348,375848.0,343409.0,22117.488505,800.0,40163.0
2637,M,1935-06-06,63,OWNER,,64,Zlin,south Moravia,197099,9624.0,2.0,4484.0,0,,0.0,,0.0,Sin Prestamo,Sin Prestamo,1,7959.0,7959.0,252,1079433.0,1020231.0,51016.091269,1100.0,90129.0
2638,M,1942-01-07,56,OWNER,,1,Hl.m. Praha,Prague,1204953,12541.0,0.0,85677.0,0,,0.0,,0.0,Sin Prestamo,Sin Prestamo,4,6354.0,1588.5,396,1523646.0,1462513.0,57574.388888,700.0,147190.0
2639,F,1950-03-04,48,OWNER,,45,Jicin,east Bohemia,77917,8390.0,2.0,2080.0,0,,0.0,,0.0,Sin Prestamo,Sin Prestamo,0,0.0,,41,44900.0,33600.0,17960.975609,400.0,26600.0
2640,M,1951-01-29,47,DISPONENT,,45,Jicin,east Bohemia,77917,8390.0,2.0,2080.0,0,,0.0,,0.0,Sin Prestamo,Sin Prestamo,0,0.0,,0,0.0,0.0,,,
2642,M,1973-09-04,25,OWNER,,22,Domazlice,west Bohemia,58400,8620.0,1.0,1089.0,0,,0.0,,0.0,Sin Prestamo,Sin Prestamo,1,5262.0,5262.0,88,190417.0,145146.0,31797.295454,300.0,52587.0
2643,F,1946-01-07,52,OWNER,,54,Brno - mesto,south Moravia,387570,9897.0,2.0,18721.0,0,,0.0,,0.0,Sin Prestamo,Sin Prestamo,0,0.0,,80,309566.0,264880.0,35699.6,500.0,66375.0
2644,F,1964-03-23,34,OWNER,,6,Kutna Hora,central Bohemia,77963,8546.0,3.0,2640.0,0,,0.0,,0.0,Sin Prestamo,Sin Prestamo,1,3165.0,3165.0,107,542776.0,496060.0,38397.429906,700.0,66077.0
2645,M,1920-04-22,78,OWNER,,67,Bruntal,north Moravia,106054,8110.0,6.0,3244.0,0,,0.0,,0.0,Sin Prestamo,Sin Prestamo,1,2004.0,2004.0,236,253377.0,223168.0,27439.466101,900.0,40766.0
2646,F,1937-06-07,61,OWNER,,63,Vyskov,south Moravia,86513,8288.0,4.0,1562.0,0,,0.0,,0.0,Sin Prestamo,Sin Prestamo,1,2283.0,2283.0,340,369386.0,340121.0,23552.735294,1000.0,34439.0
2647,M,1940-03-26,58,OWNER,True,9,Nymburk,central Bohemia,81344,8899.0,3.0,2987.0,1,5398.0,53472.0,12.0,4456.0,A,Cerrado,1,4456.0,4456.0,222,1562486.0,1453928.0,65723.256756,300.0,172963.0
2648,F,1934-10-10,64,DISPONENT,True,9,Nymburk,central Bohemia,81344,8899.0,3.0,2987.0,0,,0.0,,0.0,Sin Prestamo,Sin Prestamo,0,0.0,,0,0.0,0.0,,,
2650,M,1975-03-05,23,OWNER,,75,Prerov,north Moravia,138032,8819.0,5.0,4063.0,0,,0.0,,0.0,Sin Prestamo,Sin Prestamo,3,4956.0,1652.0,491,1555588.0,1493737.0,52291.429735,700.0,85188.0
2651,F,1969-11-27,29,DISPONENT,,75,Prerov,north Moravia,138032,8819.0,5.0,4063.0,0,,0.0,,0.0,Sin Prestamo,Sin Prestamo,0,0.0,,0,0.0,0.0,,,
2652,F,1949-05-09,49,OWNER,,41,Usti nad Labem,north Bohemia,118650,9832.0,3.0,6445.0,0,,0.0,,0.0,Sin Prestamo,Sin Prestamo,3,7921.0,2640.333333,238,1265029.0,1178108.0,55345.235294,800.0,130735.0
2653,M,1950-01-25,48,OWNER,,1,Hl.m. Praha,Prague,1204953,12541.0,0.0,85677.0,0,,0.0,,0.0,Sin Prestamo,Sin Prestamo,1,6762.0,6762.0,160,421331.0,398370.0,22888.35,11299.0,48417.0
2654,F,1939-10-08,59,OWNER,,59,Kromeriz,south Moravia,108871,8444.0,3.0,2595.0,0,,0.0,,0.0,Sin Prestamo,Sin Prestamo,4,9030.0,2257.5,232,784558.0,731784.0,28080.87931,800.0,68746.0
2655,M,1963-08-12,35,OWNER,,44,Chrudim,east Bohemia,105606,8254.0,3.0,2166.0,0,,0.0,,0.0,Sin Prestamo,Sin Prestamo,1,3424.0,3424.0,129,185277.0,161679.0,18725.372093,200.0,34083.0
2656,M,1955-09-15,43,OWNER,,54,Brno - mesto,south Moravia,387570,9897.0,2.0,18721.0,0,,0.0,,0.0,Sin Prestamo,Sin Prestamo,1,9386.0,9386.0,117,474811.0,432023.0,38454.675213,400.0,71730.0
2657,M,1948-07-09,50,OWNER,,73,Opava,north Moravia,182027,8746.0,3.0,4355.0,0,,0.0,,0.0,Sin Prestamo,Sin Prestamo,0,0.0,,245,945021.0,859490.0,66427.183673,800.0,118374.0
2658,M,1933-01-21,65,OWNER,,11,Praha - zapad,central Bohemia,75637,9622.0,0.0,3475.0,0,,0.0,,0.0,Sin Prestamo,Sin Prestamo,1,2160.0,2160.0,77,95605.0,79900.0,22435.740259,500.0,30119.0
2659,M,1941-05-24,57,OWNER,,46,Nachod,east Bohemia,112709,8369.0,2.0,2854.0,0,,0.0,,0.0,Sin Prestamo,Sin Prestamo,1,8524.0,8524.0,90,264836.0,205692.0,44421.833333,900.0,67902.0
2661,F,1961-10-17,37,OWNER,,1,Hl.m. Praha,Prague,1204953,12541.0,0.0,85677.0,0,,0.0,,0.0,Sin Prestamo,Sin Prestamo,2,2498.0,1249.0,444,308764.0,292230.0,23454.452702,1100.0,32714.0
2662,M,1978-08-29,20,OWNER,,1,Hl.m. Praha,Prague,1204953,12541.0,0.0,85677.0,0,,0.0,,0.0,Sin Prestamo,Sin Prestamo,1,397.0,397.0,74,228824.0,175995.0,36764.729729,1100.0,60754.0
2663,M,1976-10-01,22,OWNER,,8,Mlada Boleslav,central Bohemia,112065,11277.0,1.0,5179.0,0,,0.0,,0.0,Sin Prestamo,Sin Prestamo,3,2096.0,698.666666,422,202597.0,185666.0,16886.687203,300.0,23520.0
2666,F,1935-07-06,63,OWNER,,47,Pardubice,east Bohemia,162580,9538.0,2.0,6079.0,0,,0.0,,0.0,Sin Prestamo,Sin Prestamo,1,2320.0,2320.0,247,305757.0,286160.0,23409.137651,800.0,37505.0
2667,M,1972-01-01,26,OWNER,,9,Nymburk,central Bohemia,81344,8899.0,3.0,2987.0,0,,0.0,,0.0,Sin Prestamo,Sin Prestamo,1,3954.0,3954.0,90,148640.0,119002.0,24048.2,700.0,37446.0
2668,F,1975-02-09,23,DISPONENT,,9,Nymburk,central Bohemia,81344,8899.0,3.0,2987.0,0,,0.0,,0.0,Sin Prestamo,Sin Prestamo,0,0.0,,0,0.0,0.0,,,
2669,M,1927-05-08,71,OWNER,,51,Trutnov,east Bohemia,121947,8541.0,3.0,3496.0,0,,0.0,,0.0,Sin Prestamo,Sin Prestamo,1,3042.0,3042.0,140,184787.0,156989.0,20059.292857,1100.0,29900.0
2670,M,1936-09-13,62,OWNER,,45,Jicin,east Bohemia,77917,8390.0,2.0,2080.0,0,,0.0,,0.0,Sin Prestamo,Sin Prestamo,1,3930.0,3930.0,224,374319.0,317500.0,36328.241071,1000.0,59166.0
2671,F,1972-04-22,26,OWNER,,35,Jablonec n. Nisou,north Bohemia,88768,8867.0,1.0,3384.0,0,,0.0,,0.0,Sin Prestamo,Sin Prestamo,0,0.0,,163,849705.0,812830.0,41246.055214,200.0,81760.0
2672,F,1940-03-26,58,OWNER,,7,Melnik,central Bohemia,94725,9920.0,2.0,4289.0,0,,0.0,,0.0,Sin Prestamo,Sin Prestamo,1,2126.0,2126.0,77,59429.0,41633.0,14206.233766,1100.0,18206.0
2673,M,1959-07-16,39,OWNER,,65,Znojmo,south Moravia,114200,8403.0,6.0,2157.0,0,,0.0,,0.0,Sin Prestamo,Sin Prestamo,2,7305.0,3652.5,251,1740230.0,1714576.0,63082.533864,900.0,141692.0
2674,F,1952-10-03,46,DISPONENT,,65,Znojmo,south Moravia,114200,8403.0,6.0,2157.0,0,,0.0,,0.0,Sin Prestamo,Sin Prestamo,0,0.0,,0,0.0,0.0,,,
2675,M,1924-01-22,74,OWNER,,31,Tachov,west Bohemia,51313,8930.0,4.0,1328.0,0,,0.0,,0.0,Sin Prestamo,Sin Prestamo,1,2553.0,2553.0,133,171654.0,120982.0,35192.037593,5777.0,50963.0
2676,M,1961-06-01,37,OWNER,,61,Trebic,south Moravia,117897,8814.0,5.0,2112.0,0,,0.0,,0.0,Sin Prestamo,Sin Prestamo,1,7863.0,7863.0,65,685106.0,669667.0,57342.2,300.0,109057.0
2677,M,1922-05-24,76,OWNER,,33,Decin,north Bohemia,133777,8705.0,6.0,4650.0,0,,0.0,,0.0,Sin Prestamo,Sin Prestamo,1,3206.0,3206.0,160,188247.0,159516.0,22170.10625,800.0,32879.0
2678,F,1918-05-15,80,DISPONENT,,33,Decin,north Bohemia,133777,8705.0,6.0,4650.0,0,,0.0,,0.0,Sin Prestamo,Sin Prestamo,0,0.0,,0,0.0,0.0,,,
2679,M,1938-09-30,60,OWNER,,1,Hl.m. Praha,Prague,1204953,12541.0,0.0,85677.0,0,,0.0,,0.0,Sin Prestamo,Sin Prestamo,1,6273.0,6273.0,384,758055.0,727133.0,27458.16927,700.0,44743.0
2680,F,1945-09-02,53,DISPONENT,,1,Hl.m. Praha,Prague,1204953,12541.0,0.0,85677.0,0,,0.0,,0.0,Sin Prestamo,Sin Prestamo,0,0.0,,0,0.0,0.0,,,
2681,F,1971-01-04,27,OWNER,,45,Jicin,east Bohemia,77917,8390.0,2.0,2080.0,0,,0.0,,0.0,Sin Prestamo,Sin Prestamo,1,948.0,948.0,168,525085.0,481150.0,35564.797619,400.0,62908.0
2682,M,1975-01-14,23,DISPONENT,,45,Jicin,east Bohemia,77917,8390.0,2.0,2080.0,0,,0.0,,0.0,Sin Prestamo,Sin Prestamo,0,0.0,,0,0.0,0.0,,,
2683,F,1929-06-13,69,OWNER,,48,Rychnov nad Kneznou,east Bohemia,78955,9060.0,2.0,1655.0,0,,0.0,,0.0,Sin Prestamo,Sin Prestamo,1,2348.0,2348.0,56,95930.0,54287.0,24916.035714,1000.0,41646.0
2684,F,1953-02-11,45,OWNER,,74,Ostrava - mesto,north Moravia,323870,10673.0,5.0,18782.0,0,,0.0,,0.0,Sin Prestamo,Sin Prestamo,2,9889.0,4944.5,454,2717181.0,2657184.0,57886.30837,900.0,150481.0
2685,F,1969-06-21,29,OWNER,,73,Opava,north Moravia,182027,8746.0,3.0,4355.0,0,,0.0,,0.0,Sin Prestamo,Sin Prestamo,0,0.0,,36,59500.0,35800.0,20222.222222,900.0,30400.0
2686,F,1951-03-24,47,OWNER,,19,Prachatice,south Bohemia,51428,8402.0,3.0,999.0,1,5409.0,182040.0,60.0,3034.0,C,Vigente,1,3034.0,3034.0,306,2231138.0,2149497.0,69319.513071,600.0,132798.0
2687,M,1949-08-22,49,DISPONENT,,19,Prachatice,south Bohemia,51428,8402.0,3.0,999.0,0,,0.0,,0.0,Sin Prestamo,Sin Prestamo,0,0.0,,0,0.0,0.0,,,
2688,F,1967-10-24,31,OWNER,,60,Prostejov,south Moravia,110643,8441.0,3.0,1879.0,0,,0.0,,0.0,Sin Prestamo,Sin Prestamo,1,4104.0,4104.0,488,3688608.0,3644449.0,70234.911885,400.0,156205.0
2689,M,1923-01-17,75,OWNER,,16,Jindrichuv Hradec,south Bohemia,93931,8427.0,1.0,1874.0,0,,0.0,,0.0,Sin Prestamo,Sin Prestamo,1,2783.0,2783.0,361,437456.0,421143.0,21992.567867,1100.0,35298.0
2690,F,1971-12-25,27,OWNER,,58,Jihlava,south Moravia,109164,8757.0,3.0,2212.0,0,,0.0,,0.0,Sin Prestamo,Sin Prestamo,2,2174.0,1087.0,55,43163.0,27037.0,14543.70909,200.0,18263.0
2691,M,1964-05-17,34,OWNER,,47,Pardubice,east Bohemia,162580,9538.0,2.0,6079.0,0,,0.0,,0.0,Sin Prestamo,Sin Prestamo,1,4104.0,4104.0,343,1916707.0,1816477.0,56896.419825,200.0,143734.0
2692,M,1925-05-30,73,OWNER,,44,Chrudim,east Bohemia,105606,8254.0,3.0,2166.0,0,,0.0,,0.0,Sin Prestamo,Sin Prestamo,1,2930.0,2930.0,164,161135.0,147355.0,16219.164634,700.0,23370.0
2693,F,1976-08-04,22,OWNER,,46,Nachod,east Bohemia,112709,8369.0,2.0,2854.0,0,,0.0,,0.0,Sin Prestamo,Sin Prestamo,1,2324.0,2324.0,97,545900.0,456740.0,48968.71134,400.0,89158.0
2694,F,1927-10-06,71,OWNER,,15,Cesky Krumlov,south Bohemia,58796,9045.0,3.0,1845.0,0,,0.0,,0.0,Sin Prestamo,Sin Prestamo,1,1946.0,1946.0,163,152813.0,135410.0,17122.625766,1000.0,26581.0
2695,M,1929-05-16,69,DISPONENT,,15,Cesky Krumlov,south Bohemia,58796,9045.0,3.0,1845.0,0,,0.0,,0.0,Sin Prestamo,Sin Prestamo,0,0.0,,0,0.0,0.0,,,
2696,M,1947-09-04,51,OWNER,,2,Benesov,central Bohemia,88884,8507.0,2.0,2159.0,0,,0.0,,0.0,Sin Prestamo,Sin Prestamo,2,8082.0,4041.0,222,734261.0,695373.0,36308.202702,1100.0,65765.0
2697,F,1948-08-14,50,DISPONENT,,2,Benesov,central Bohemia,88884,8507.0,2.0,2159.0,0,,0.0,,0.0,Sin Prestamo,Sin Prestamo,0,0.0,,0,0.0,0.0,,,
2698,F,1970-10-07,28,OWNER,True,31,Tachov,west Bohemia,51313,8930.0,4.0,1328.0,1,5413.0,92976.0,24.0,3874.0,A,Cerrado,2,17260.0,8630.0,420,2758557.0,2703593.0,62734.059523,300.0,151021.0
2699,M,1977-02-23,21,DISPONENT,True,31,Tachov,west Bohemia,51313,8930.0,4.0,1328.0,0,,0.0,,0.0,Sin Prestamo,Sin Prestamo,0,0.0,,0,0.0,0.0,,,
2700,M,1945-02-22,53,OWNER,,34,Chomutov,north Bohemia,125236,9675.0,6.0,5323.0,1,5414.0,185952.0,48.0,3874.0,C,Vigente,2,8499.0,4249.5,356,1617608.0,1597296.0,46685.13764,700.0,145318.0
2701,M,1952-03-29,46,OWNER,,1,Hl.m. Praha,Prague,1204953,12541.0,0.0,85677.0,0,,0.0,,0.0,Sin Prestamo,Sin Prestamo,1,9605.0,9605.0,128,391139.0,364365.0,28692.507812,1000.0,59142.0
2702,M,1919-02-26,79,OWNER,,7,Melnik,central Bohemia,94725,9920.0,2.0,4289.0,0,,0.0,,0.0,Sin Prestamo,Sin Prestamo,1,2612.0,2612.0,160,183443.0,151645.0,27005.8875,200.0,40114.0
2703,F,1973-03-12,25,OWNER,,2,Benesov,central Bohemia,88884,8507.0,2.0,2159.0,0,,0.0,,0.0,Sin Prestamo,Sin Prestamo,2,3612.0,1806.0,74,102736.0,80143.0,17569.783783,600.0,27973.0
2704,F,1949-05-22,49,OWNER,,1,Hl.m. Praha,Prague,1204953,12541.0,0.0,85677.0,0,,0.0,,0.0,Sin Prestamo,Sin Prestamo,1,4916.0,4916.0,180,356918.0,297753.0,35510.855555,900.0,68757.0
2705,M,1924-04-30,74,OWNER,,43,Hradec Kralove,east Bohemia,161854,9425.0,2.0,4085.0,0,,0.0,,0.0,Sin Prestamo,Sin Prestamo,1,2028.0,2028.0,167,215786.0,171693.0,22669.467065,400.0,44378.0
2706,M,1967-07-02,31,OWNER,,3,Beroun,central Bohemia,75232,8980.0,2.0,2824.0,0,,0.0,,0.0,Sin Prestamo,Sin Prestamo,3,2117.0,705.666666,140,81834.0,51417.0,21215.964285,600.0,33524.0
2707,M,1969-05-23,29,OWNER,,45,Jicin,east Bohemia,77917,8390.0,2.0,2080.0,0,,0.0,,0.0,Sin Prestamo,Sin Prestamo,1,3730.0,3730.0,180,399406.0,348795.0,25181.938888,800.0,58457.0
2708,M,1958-08-12,40,OWNER,,73,Opava,north Moravia,182027,8746.0,3.0,4355.0,1,5415.0,139464.0,36.0,3874.0,D,Vigente,1,3874.0,3874.0,171,652839.0,654306.0,22738.48538,-5608.0,70195.0
2709,M,1946-06-14,52,OWNER,,26,Plzen - mesto,west Bohemia,170449,10787.0,3.0,6041.0,0,,0.0,,0.0,Sin Prestamo,Sin Prestamo,3,7087.0,2362.333333,255,724614.0,662709.0,47307.223529,1100.0,74383.0
2712,M,1956-01-17,42,OWNER,,25,Klatovy,west Bohemia,88757,8554.0,2.0,1822.0,0,,0.0,,0.0,Sin Prestamo,Sin Prestamo,2,7760.0,3880.0,320,794104.0,732385.0,37939.125,900.0,82429.0
2713,M,1962-09-02,36,OWNER,,36,Liberec,north Bohemia,159617,9198.0,3.0,5796.0,0,,0.0,,0.0,Sin Prestamo,Sin Prestamo,1,2324.0,2324.0,161,1072317.0,1031801.0,59286.888198,800.0,135704.0
2714,F,1970-03-06,28,OWNER,,6,Kutna Hora,central Bohemia,77963,8546.0,3.0,2640.0,0,,0.0,,0.0,Sin Prestamo,Sin Prestamo,3,7016.0,2338.666666,541,943382.0,879415.0,41584.678373,200.0,78909.0
2715,M,1957-07-04,41,OWNER,,7,Melnik,central Bohemia,94725,9920.0,2.0,4289.0,0,,0.0,,0.0,Sin Prestamo,Sin Prestamo,1,5538.0,5538.0,426,3323153.0,3222978.0,53503.572769,300.0,126832.0
2716,F,1969-07-13,29,OWNER,,25,Klatovy,west Bohemia,88757,8554.0,2.0,1822.0,0,,0.0,,0.0,Sin Prestamo,Sin Prestamo,2,4437.0,2218.5,231,558034.0,525590.0,38174.714285,200.0,61219.0
2717,M,1930-04-28,68,OWNER,,46,Nachod,east Bohemia,112709,8369.0,2.0,2854.0,0,,0.0,,0.0,Sin Prestamo,Sin Prestamo,1,1690.0,1690.0,223,287016.0,265630.0,28719.098654,200.0,43775.0
2718,F,1932-12-22,66,DISPONENT,,46,Nachod,east Bohemia,112709,8369.0,2.0,2854.0,0,,0.0,,0.0,Sin Prestamo,Sin Prestamo,0,0.0,,0,0.0,0.0,,,
2719,F,1964-10-30,34,OWNER,,29,Rokycany,west Bohemia,45714,8843.0,3.0,818.0,1,5418.0,347952.0,48.0,7249.0,C,Vigente,1,7249.0,7249.0,408,2506171.0,2380918.0,65513.87745,300.0,162028.0
2720,F,1949-09-05,49,OWNER,,1,Hl.m. Praha,Prague,1204953,12541.0,0.0,85677.0,1,5419.0,415800.0,60.0,6930.0,C,Vigente,1,6930.0,6930.0,189,1261568.0,1186726.0,46116.730158,700.0,140706.0
2721,F,1950-06-26,48,OWNER,,24,Karlovy Vary,west Bohemia,122603,8991.0,1.0,5198.0,1,5420.0,72504.0,24.0,3021.0,C,Vigente,5,6667.0,1333.4,300,821450.0,793023.0,40649.666666,600.0,145620.0
2724,M,1975-03-01,23,OWNER,,35,Jablonec n. Nisou,north Bohemia,88768,8867.0,1.0,3384.0,0,,0.0,,0.0,Sin Prestamo,Sin Prestamo,1,4182.0,4182.0,350,1476985.0,1384969.0,49110.797142,800.0,92031.0
2726,F,1973-07-28,25,OWNER,,1,Hl.m. Praha,Prague,1204953,12541.0,0.0,85677.0,0,,0.0,,0.0,Sin Prestamo,Sin Prestamo,2,2106.0,1053.0,140,90475.0,67368.0,18957.107142,700.0,25780.0
2727,M,1968-02-05,30,DISPONENT,,1,Hl.m. Praha,Prague,1204953,12541.0,0.0,85677.0,0,,0.0,,0.0,Sin Prestamo,Sin Prestamo,0,0.0,,0,0.0,0.0,,,
2728,M,1922-08-13,76,OWNER,,74,Ostrava - mesto,north Moravia,323870,10673.0,5.0,18782.0,0,,0.0,,0.0,Sin Prestamo,Sin Prestamo,1,2944.0,2944.0,345,399264.0,375574.0,27987.385507,300.0,44418.0
2729,M,1966-08-28,32,OWNER,,1,Hl.m. Praha,Prague,1204953,12541.0,0.0,85677.0,0,,0.0,,0.0,Sin Prestamo,Sin Prestamo,3,14716.0,4905.333333,244,1419714.0,1328958.0,52806.844262,200.0,134473.0
2730,M,1947-03-18,51,OWNER,,52,Usti nad Orlici,east Bohemia,139012,8363.0,3.0,2564.0,0,,0.0,,0.0,Sin Prestamo,Sin Prestamo,1,2084.0,2084.0,171,122326.0,99687.0,16960.438596,1100.0,23340.0
2731,M,1927-12-08,71,OWNER,,38,Louny,north Bohemia,85852,8965.0,7.0,2653.0,0,,0.0,,0.0,Sin Prestamo,Sin Prestamo,1,3152.0,3152.0,339,342028.0,325372.0,18931.011799,700.0,27539.0
2732,F,1953-09-16,45,OWNER,,57,Hodonin,south Moravia,161954,8720.0,4.0,3729.0,0,,0.0,,0.0,Sin Prestamo,Sin Prestamo,1,2005.0,2005.0,288,207427.0,190605.0,19249.694444,500.0,28220.0
2733,F,1927-11-11,71,OWNER,,3,Beroun,central Bohemia,75232,8980.0,2.0,2824.0,0,,0.0,,0.0,Sin Prestamo,Sin Prestamo,1,2202.0,2202.0,119,170098.0,128912.0,33900.521008,600.0,50419.0
2734,M,1934-11-12,64,DISPONENT,,3,Beroun,central Bohemia,75232,8980.0,2.0,2824.0,0,,0.0,,0.0,Sin Prestamo,Sin Prestamo,0,0.0,,0,0.0,0.0,,,
2735,M,1928-07-31,70,OWNER,,64,Zlin,south Moravia,197099,9624.0,2.0,4484.0,0,,0.0,,0.0,Sin Prestamo,Sin Prestamo,1,2520.0,2520.0,265,248501.0,231770.0,17746.086792,600.0,28283.0
2736,F,1958-02-15,40,OWNER,,1,Hl.m. Praha,Prague,1204953,12541.0,0.0,85677.0,0,,0.0,,0.0,Sin Prestamo,Sin Prestamo,0,0.0,,281,535764.0,538602.0,7484.836298,-16447.0,42323.0
2738,M,1951-04-25,47,OWNER,,1,Hl.m. Praha,Prague,1204953,12541.0,0.0,85677.0,0,,0.0,,0.0,Sin Prestamo,Sin Prestamo,0,0.0,,96,519509.0,471907.0,29824.59375,-4323.0,79111.0
2739,M,1950-01-26,48,OWNER,,13,Rakovnik,central Bohemia,53921,8598.0,3.0,1597.0,1,5428.0,230220.0,36.0,6395.0,C,Vigente,1,6395.0,6395.0,162,1331834.0,1220629.0,66186.012345,200.0,141146.0
2740,F,1967-11-23,31,OWNER,,36,Liberec,north Bohemia,159617,9198.0,3.0,5796.0,0,,0.0,,0.0,Sin Prestamo,Sin Prestamo,1,7927.0,7927.0,186,659451.0,568536.0,50867.715053,400.0,97015.0
2741,F,1930-11-29,68,OWNER,,41,Usti nad Labem,north Bohemia,118650,9832.0,3.0,6445.0,0,,0.0,,0.0,Sin Prestamo,Sin Prestamo,1,1810.0,1810.0,111,122350.0,86300.0,24320.99099,1000.0,36178.0
2742,F,1948-08-27,50,OWNER,,65,Znojmo,south Moravia,114200,8403.0,6.0,2157.0,0,,0.0,,0.0,Sin Prestamo,Sin Prestamo,0,0.0,,245,1783387.0,1734522.0,50055.387755,700.0,147060.0
2743,F,1939-10-04,59,OWNER,,50,Svitavy,east Bohemia,102609,8187.0,5.0,2123.0,0,,0.0,,0.0,Sin Prestamo,Sin Prestamo,0,0.0,,125,544263.0,473480.0,48431.336,600.0,74823.0
2744,M,1943-02-22,55,DISPONENT,,50,Svitavy,east Bohemia,102609,8187.0,5.0,2123.0,0,,0.0,,0.0,Sin Prestamo,Sin Prestamo,0,0.0,,0,0.0,0.0,,,
2745,F,1939-08-07,59,OWNER,,54,Brno - mesto,south Moravia,387570,9897.0,2.0,18721.0,0,,0.0,,0.0,Sin Prestamo,Sin Prestamo,1,3143.0,3143.0,277,1372250.0,1310173.0,48506.732851,900.0,136197.0
2746,M,1971-02-25,27,OWNER,,1,Hl.m. Praha,Prague,1204953,12541.0,0.0,85677.0,1,5429.0,20196.0,36.0,561.0,C,Vigente,2,6303.0,3151.5,286,1192769.0,1118448.0,55270.597902,200.0,82259.0
2747,M,1936-10-14,62,OWNER,,6,Kutna Hora,central Bohemia,77963,8546.0,3.0,2640.0,0,,0.0,,0.0,Sin Prestamo,Sin Prestamo,2,5093.0,2546.5,357,693938.0,667432.0,27695.80112,1100.0,47570.0
2748,F,1936-10-06,62,DISPONENT,,6,Kutna Hora,central Bohemia,77963,8546.0,3.0,2640.0,0,,0.0,,0.0,Sin Prestamo,Sin Prestamo,0,0.0,,0,0.0,0.0,,,
2749,F,1921-03-04,77,OWNER,,14,Ceske Budejovice,south Bohemia,177686,10045.0,1.0,6604.0,0,,0.0,,0.0,Sin Prestamo,Sin Prestamo,1,3604.0,3604.0,88,115906.0,94628.0,23902.0,600.0,32892.0
2750,M,1913-07-13,85,DISPONENT,,14,Ceske Budejovice,south Bohemia,177686,10045.0,1.0,6604.0,0,,0.0,,0.0,Sin Prestamo,Sin Prestamo,0,0.0,,0,0.0,0.0,,,
2751,F,1957-01-24,41,OWNER,,68,Frydek - Mistek,north Moravia,228848,9893.0,4.0,5623.0,0,,0.0,,0.0,Sin Prestamo,Sin Prestamo,1,2032.0,2032.0,291,191157.0,164882.0,19156.683848,600.0,26293.0
2752,M,1971-08-09,27,OWNER,,48,Rychnov nad Kneznou,east Bohemia,78955,9060.0,2.0,1655.0,0,,0.0,,0.0,Sin Prestamo,Sin Prestamo,1,3986.0,3986.0,65,109090.0,93315.0,21770.030769,200.0,36586.0
2754,F,1978-05-24,20,OWNER,,66,Zdar nad Sazavou,south Moravia,125832,8512.0,4.0,2247.0,0,,0.0,,0.0,Sin Prestamo,Sin Prestamo,0,0.0,,183,210200.0,161595.0,34034.852459,300.0,81300.0
2755,F,1970-03-23,28,OWNER,,1,Hl.m. Praha,Prague,1204953,12541.0,0.0,85677.0,0,,0.0,,0.0,Sin Prestamo,Sin Prestamo,1,6531.0,6531.0,129,396191.0,351843.0,23819.968992,200.0,54498.0
2756,F,1919-09-28,79,OWNER,,31,Tachov,west Bohemia,51313,8930.0,4.0,1328.0,0,,0.0,,0.0,Sin Prestamo,Sin Prestamo,1,1615.0,1615.0,314,305595.0,254845.0,33392.226114,400.0,53576.0
2758,M,1946-07-14,52,OWNER,,1,Hl.m. Praha,Prague,1204953,12541.0,0.0,85677.0,0,,0.0,,0.0,Sin Prestamo,Sin Prestamo,2,8522.0,4261.0,188,467325.0,419810.0,34642.340425,500.0,61739.0
2759,M,1974-01-26,24,OWNER,,2,Benesov,central Bohemia,88884,8507.0,2.0,2159.0,1,5435.0,314688.0,48.0,6556.0,C,Vigente,1,6556.0,6556.0,147,1132452.0,1040263.0,56690.408163,600.0,102148.0
2760,F,1975-12-12,23,OWNER,,68,Frydek - Mistek,north Moravia,228848,9893.0,4.0,5623.0,0,,0.0,,0.0,Sin Prestamo,Sin Prestamo,1,6841.0,6841.0,228,784130.0,719160.0,39021.657894,200.0,66026.0
2761,F,1977-09-29,21,OWNER,,1,Hl.m. Praha,Prague,1204953,12541.0,0.0,85677.0,0,,0.0,,0.0,Sin Prestamo,Sin Prestamo,1,5720.0,5720.0,233,654833.0,625180.0,30893.240343,400.0,59359.0
2762,F,1953-04-23,45,OWNER,,29,Rokycany,west Bohemia,45714,8843.0,3.0,818.0,0,,0.0,,0.0,Sin Prestamo,Sin Prestamo,1,4704.0,4704.0,421,3247885.0,3143832.0,75360.712589,600.0,156040.0
2765,F,1981-04-20,17,OWNER,,36,Liberec,north Bohemia,159617,9198.0,3.0,5796.0,0,,0.0,,0.0,Sin Prestamo,Sin Prestamo,0,0.0,,130,213992.0,163800.0,34520.061538,800.0,76146.0
2766,M,1959-09-15,39,OWNER,,70,Karvina,north Moravia,285387,10177.0,7.0,9878.0,0,,0.0,,0.0,Sin Prestamo,Sin Prestamo,2,3301.0,1650.5,144,289206.0,269588.0,23173.215277,800.0,46193.0
2767,F,1954-06-04,44,DISPONENT,,70,Karvina,north Moravia,285387,10177.0,7.0,9878.0,0,,0.0,,0.0,Sin Prestamo,Sin Prestamo,0,0.0,,0,0.0,0.0,,,
2768,M,1964-04-02,34,OWNER,,1,Hl.m. Praha,Prague,1204953,12541.0,0.0,85677.0,0,,0.0,,0.0,Sin Prestamo,Sin Prestamo,1,6275.0,6275.0,175,830686.0,788905.0,58616.274285,900.0,102996.0
2769,M,1937-05-15,61,OWNER,,69,Jesenik,north Moravia,42821,8173.0,,,0,,0.0,,0.0,Sin Prestamo,Sin Prestamo,1,5411.0,5411.0,199,837619.0,757006.0,63542.763819,900.0,104814.0
2770,M,1954-07-08,44,OWNER,,1,Hl.m. Praha,Prague,1204953,12541.0,0.0,85677.0,0,,0.0,,0.0,Sin Prestamo,Sin Prestamo,1,5309.0,5309.0,185,580906.0,542201.0,31121.805405,300.0,56634.0
2771,M,1920-10-25,78,OWNER,,37,Litomerice,north Bohemia,114006,9065.0,4.0,4147.0,0,,0.0,,0.0,Sin Prestamo,Sin Prestamo,1,3965.0,3965.0,121,166030.0,152500.0,19224.669421,400.0,29725.0
2772,F,1923-01-08,75,DISPONENT,,37,Litomerice,north Bohemia,114006,9065.0,4.0,4147.0,0,,0.0,,0.0,Sin Prestamo,Sin Prestamo,0,0.0,,0,0.0,0.0,,,
2773,F,1919-09-13,79,OWNER,,49,Semily,east Bohemia,75685,8208.0,2.0,1660.0,0,,0.0,,0.0,Sin Prestamo,Sin Prestamo,1,3825.0,3825.0,134,193016.0,176670.0,17296.022388,700.0,26572.0
2774,M,1921-02-23,77,DISPONENT,,49,Semily,east Bohemia,75685,8208.0,2.0,1660.0,0,,0.0,,0.0,Sin Prestamo,Sin Prestamo,0,0.0,,0,0.0,0.0,,,
2775,F,1978-07-09,20,OWNER,,41,Usti nad Labem,north Bohemia,118650,9832.0,3.0,6445.0,0,,0.0,,0.0,Sin Prestamo,Sin Prestamo,3,1996.0,665.333333,320,182054.0,162294.0,24313.56875,1100.0,33458.0
2776,F,1934-06-07,64,OWNER,,31,Tachov,west Bohemia,51313,8930.0,4.0,1328.0,0,,0.0,,0.0,Sin Prestamo,Sin Prestamo,1,2332.0,2332.0,354,480367.0,436645.0,25930.638418,700.0,56542.0
2777,F,1970-03-28,28,OWNER,,46,Nachod,east Bohemia,112709,8369.0,2.0,2854.0,0,,0.0,,0.0,Sin Prestamo,Sin Prestamo,1,4426.0,4426.0,139,418109.0,392768.0,24709.920863,900.0,47448.0
2778,M,1964-05-16,34,OWNER,,57,Hodonin,south Moravia,161954,8720.0,4.0,3729.0,0,,0.0,,0.0,Sin Prestamo,Sin Prestamo,0,0.0,,176,1191384.0,1103885.0,54602.897727,600.0,143128.0
2779,M,1948-05-04,50,OWNER,,29,Rokycany,west Bohemia,45714,8843.0,3.0,818.0,0,,0.0,,0.0,Sin Prestamo,Sin Prestamo,1,3531.0,3531.0,66,344591.0,302245.0,37276.166666,600.0,61364.0
2780,F,1947-01-16,51,DISPONENT,,29,Rokycany,west Bohemia,45714,8843.0,3.0,818.0,0,,0.0,,0.0,Sin Prestamo,Sin Prestamo,0,0.0,,0,0.0,0.0,,,
2781,F,1960-11-22,38,OWNER,,46,Nachod,east Bohemia,112709,8369.0,2.0,2854.0,0,,0.0,,0.0,Sin Prestamo,Sin Prestamo,3,2960.0,986.666666,276,229060.0,208067.0,18341.028985,200.0,32293.0
2782,M,1940-09-13,58,OWNER,,31,Tachov,west Bohemia,51313,8930.0,4.0,1328.0,0,,0.0,,0.0,Sin Prestamo,Sin Prestamo,1,4550.0,4550.0,363,1572223.0,1511965.0,46840.721763,1000.0,77584.0
2783,M,1940-06-20,58,OWNER,,1,Hl.m. Praha,Prague,1204953,12541.0,0.0,85677.0,0,,0.0,,0.0,Sin Prestamo,Sin Prestamo,0,0.0,,107,213156.0,193970.0,15881.140186,-224.0,41113.0
2784,F,1958-07-25,40,OWNER,,36,Liberec,north Bohemia,159617,9198.0,3.0,5796.0,0,,0.0,,0.0,Sin Prestamo,Sin Prestamo,0,0.0,,15,23800.0,13900.0,15653.333333,500.0,21100.0
2785,M,1962-07-29,36,OWNER,,22,Domazlice,west Bohemia,58400,8620.0,1.0,1089.0,0,,0.0,,0.0,Sin Prestamo,Sin Prestamo,1,6907.0,6907.0,214,860531.0,790653.0,49614.341121,200.0,78436.0
2786,M,1951-11-02,47,OWNER,,24,Karlovy Vary,west Bohemia,122603,8991.0,1.0,5198.0,0,,0.0,,0.0,Sin Prestamo,Sin Prestamo,2,3827.0,1913.5,413,884717.0,856778.0,34253.515738,300.0,56103.0
2787,F,1976-10-14,22,OWNER,,41,Usti nad Labem,north Bohemia,118650,9832.0,3.0,6445.0,0,,0.0,,0.0,Sin Prestamo,Sin Prestamo,1,7892.0,7892.0,134,548581.0,510712.0,35694.291044,500.0,71724.0
2788,F,1951-10-21,47,OWNER,,49,Semily,east Bohemia,75685,8208.0,2.0,1660.0,0,,0.0,,0.0,Sin Prestamo,Sin Prestamo,0,0.0,,130,805181.0,779331.0,40727.107692,500.0,113037.0
2789,F,1951-12-25,47,OWNER,,1,Hl.m. Praha,Prague,1204953,12541.0,0.0,85677.0,0,,0.0,,0.0,Sin Prestamo,Sin Prestamo,0,0.0,,299,250524.0,268639.0,10074.070234,-23685.0,28575.0
2790,M,1975-02-10,23,OWNER,,16,Jindrichuv Hradec,south Bohemia,93931,8427.0,1.0,1874.0,0,,0.0,,0.0,Sin Prestamo,Sin Prestamo,2,4765.0,2382.5,413,875658.0,825765.0,32824.578692,400.0,64467.0
2791,M,1921-10-10,77,OWNER,,60,Prostejov,south Moravia,110643,8441.0,3.0,1879.0,0,,0.0,,0.0,Sin Prestamo,Sin Prestamo,2,3459.0,1729.5,229,221501.0,198598.0,17853.292576,600.0,28375.0
2794,M,1965-01-22,33,OWNER,,18,Pisek,south Bohemia,70699,8968.0,3.0,1740.0,0,,0.0,,0.0,Sin Prestamo,Sin Prestamo,1,8604.0,8604.0,203,686035.0,652452.0,30166.620689,600.0,57453.0
2795,F,1968-04-13,30,DISPONENT,,18,Pisek,south Bohemia,70699,8968.0,3.0,1740.0,0,,0.0,,0.0,Sin Prestamo,Sin Prestamo,0,0.0,,0,0.0,0.0,,,
2796,M,1974-06-25,24,OWNER,,15,Cesky Krumlov,south Bohemia,58796,9045.0,3.0,1845.0,0,,0.0,,0.0,Sin Prestamo,Sin Prestamo,1,5259.0,5259.0,230,402165.0,339363.0,38240.986956,700.0,70853.0
2797,M,1950-11-05,48,OWNER,,28,Plzen - sever,west Bohemia,72541,8594.0,2.0,1580.0,0,,0.0,,0.0,Sin Prestamo,Sin Prestamo,1,6798.0,6798.0,70,317043.0,285915.0,39575.742857,1100.0,68953.0
2798,M,1931-06-27,67,OWNER,,65,Znojmo,south Moravia,114200,8403.0,6.0,2157.0,0,,0.0,,0.0,Sin Prestamo,Sin Prestamo,1,3392.0,3392.0,59,81935.0,71742.0,16058.322033,1100.0,25537.0
2799,F,1961-12-02,37,OWNER,,4,Kladno,central Bohemia,149893,9753.0,5.0,5244.0,0,,0.0,,0.0,Sin Prestamo,Sin Prestamo,2,6767.0,3383.5,453,977784.0,941588.0,31872.538631,1000.0,63690.0
2800,M,1949-08-26,49,OWNER,,2,Benesov,central Bohemia,88884,8507.0,2.0,2159.0,0,,0.0,,0.0,Sin Prestamo,Sin Prestamo,0,0.0,,125,382953.0,336230.0,35552.464,1100.0,67024.0
2801,M,1919-02-18,79,OWNER,,75,Prerov,north Moravia,138032,8819.0,5.0,4063.0,0,,0.0,,0.0,Sin Prestamo,Sin Prestamo,1,1673.0,1673.0,287,266010.0,227257.0,34090.324041,900.0,51874.0
2802,F,1966-11-29,32,OWNER,,1,Hl.m. Praha,Prague,1204953,12541.0,0.0,85677.0,0,,0.0,,0.0,Sin Prestamo,Sin Prestamo,3,2126.0,708.666666,112,84358.0,56760.0,25113.035714,600.0,31781.0
2803,M,1931-10-12,67,OWNER,,68,Frydek - Mistek,north Moravia,228848,9893.0,4.0,5623.0,0,,0.0,,0.0,Sin Prestamo,Sin Prestamo,2,2681.0,1340.5,77,85913.0,63837.0,19236.376623,300.0,27851.0
2804,F,1936-11-10,62,DISPONENT,,68,Frydek - Mistek,north Moravia,228848,9893.0,4.0,5623.0,0,,0.0,,0.0,Sin Prestamo,Sin Prestamo,0,0.0,,0,0.0,0.0,,,
2805,M,1964-07-13,34,OWNER,,73,Opava,north Moravia,182027,8746.0,3.0,4355.0,0,,0.0,,0.0,Sin Prestamo,Sin Prestamo,4,9177.0,2294.25,536,1563127.0,1540821.0,52188.22388,200.0,81181.0
2806,F,1955-07-01,43,OWNER,,58,Jihlava,south Moravia,109164,8757.0,3.0,2212.0,0,,0.0,,0.0,Sin Prestamo,Sin Prestamo,1,9510.0,9510.0,152,893819.0,838797.0,42479.18421,1100.0,121284.0
2808,F,1974-03-31,24,OWNER,,8,Mlada Boleslav,central Bohemia,112065,11277.0,1.0,5179.0,0,,0.0,,0.0,Sin Prestamo,Sin Prestamo,1,1158.0,1158.0,424,2987952.0,2923141.0,66638.872641,400.0,165426.0
2809,M,1979-02-14,19,OWNER,True,33,Decin,north Bohemia,133777,8705.0,6.0,4650.0,1,5445.0,46320.0,24.0,1930.0,A,Cerrado,5,8610.0,1722.0,460,1574884.0,1557913.0,45505.041304,900.0,148002.0
2810,M,1971-07-28,27,OWNER,,72,Olomouc,north Moravia,226122,8994.0,4.0,9672.0,0,,0.0,,0.0,Sin Prestamo,Sin Prestamo,1,6446.0,6446.0,256,1087691.0,1010579.0,54449.902343,300.0,82007.0
2811,F,1946-12-07,52,OWNER,,1,Hl.m. Praha,Prague,1204953,12541.0,0.0,85677.0,0,,0.0,,0.0,Sin Prestamo,Sin Prestamo,1,4151.0,4151.0,97,300231.0,273575.0,23817.340206,800.0,48086.0
2812,F,1970-05-02,28,OWNER,,55,Brno - venkov,south Moravia,157042,8743.0,2.0,3659.0,0,,0.0,,0.0,Sin Prestamo,Sin Prestamo,3,5759.0,1919.666666,153,416245.0,380382.0,30929.93464,1100.0,55041.0
2813,M,1941-04-10,57,OWNER,,70,Karvina,north Moravia,285387,10177.0,7.0,9878.0,0,,0.0,,0.0,Sin Prestamo,Sin Prestamo,1,3422.0,3422.0,321,1163462.0,1122112.0,41201.629283,200.0,144918.0
2814,F,1973-02-10,25,OWNER,,19,Prachatice,south Bohemia,51428,8402.0,3.0,999.0,0,,0.0,,0.0,Sin Prestamo,Sin Prestamo,1,13208.0,13208.0,330,1165323.0,1139739.0,26055.839393,600.0,58968.0
2815,M,1930-06-30,68,OWNER,,35,Jablonec n. Nisou,north Bohemia,88768,8867.0,1.0,3384.0,0,,0.0,,0.0,Sin Prestamo,Sin Prestamo,1,1846.0,1846.0,227,293210.0,228087.0,50578.837004,1000.0,70234.0
2816,F,1938-03-15,60,DISPONENT,,35,Jablonec n. Nisou,north Bohemia,88768,8867.0,1.0,3384.0,0,,0.0,,0.0,Sin Prestamo,Sin Prestamo,0,0.0,,0,0.0,0.0,,,
2817,F,1977-02-19,21,OWNER,,1,Hl.m. Praha,Prague,1204953,12541.0,0.0,85677.0,0,,0.0,,0.0,Sin Prestamo,Sin Prestamo,1,4400.0,4400.0,139,212554.0,176645.0,22594.66187,500.0,41366.0
2818,M,1963-04-12,35,OWNER,,54,Brno - mesto,south Moravia,387570,9897.0,2.0,18721.0,0,,0.0,,0.0,Sin Prestamo,Sin Prestamo,2,2263.0,1131.5,399,246510.0,224071.0,19424.749373,200.0,27205.0
2819,M,1980-08-12,18,OWNER,,8,Mlada Boleslav,central Bohemia,112065,11277.0,1.0,5179.0,0,,0.0,,0.0,Sin Prestamo,Sin Prestamo,2,2075.0,1037.5,230,140100.0,126255.0,17501.721739,300.0,26325.0
2820,M,1966-12-17,32,OWNER,,77,Vsetin,north Moravia,148545,8909.0,4.0,3460.0,0,,0.0,,0.0,Sin Prestamo,Sin Prestamo,1,3919.0,3919.0,139,293562.0,226867.0,50125.309352,1100.0,80635.0
2821,F,1980-11-01,18,OWNER,,45,Jicin,east Bohemia,77917,8390.0,2.0,2080.0,0,,0.0,,0.0,Sin Prestamo,Sin Prestamo,0,0.0,,276,429019.0,404485.0,34581.666666,400.0,86542.0
2822,M,1958-10-19,40,OWNER,,50,Svitavy,east Bohemia,102609,8187.0,5.0,2123.0,1,5446.0,48312.0,24.0,2013.0,C,Vigente,2,12720.0,6360.0,214,604741.0,558917.0,32698.939252,600.0,59867.0
2823,F,1946-12-18,52,OWNER,,70,Karvina,north Moravia,285387,10177.0,7.0,9878.0,1,5447.0,541200.0,60.0,9020.0,D,Vigente,5,14286.0,2857.2,329,515538.0,518385.0,6690.547112,-17030.0,51161.0
2824,M,1941-09-05,57,OWNER,,39,Most,north Bohemia,119895,10446.0,7.0,4947.0,0,,0.0,,0.0,Sin Prestamo,Sin Prestamo,1,3058.0,3058.0,376,450576.0,412253.0,20125.143617,1100.0,38341.0
2825,M,1958-03-29,40,OWNER,,65,Znojmo,south Moravia,114200,8403.0,6.0,2157.0,0,,0.0,,0.0,Sin Prestamo,Sin Prestamo,2,3890.0,1945.0,106,406361.0,350870.0,49768.481132,400.0,78569.0
2826,M,1935-01-28,63,OWNER,,59,Kromeriz,south Moravia,108871,8444.0,3.0,2595.0,0,,0.0,,0.0,Sin Prestamo,Sin Prestamo,1,1208.0,1208.0,80,625710.0,571171.0,68279.2125,300.0,141884.0
2827,M,1923-02-13,75,OWNER,,63,Vyskov,south Moravia,86513,8288.0,4.0,1562.0,0,,0.0,,0.0,Sin Prestamo,Sin Prestamo,1,3893.0,3893.0,124,161267.0,141829.0,17793.846774,500.0,25914.0
2828,F,1949-07-10,49,OWNER,,14,Ceske Budejovice,south Bohemia,177686,10045.0,1.0,6604.0,0,,0.0,,0.0,Sin Prestamo,Sin Prestamo,0,0.0,,83,181038.0,137595.0,31744.903614,1100.0,43960.0
2829,F,1939-12-27,59,OWNER,,33,Decin,north Bohemia,133777,8705.0,6.0,4650.0,0,,0.0,,0.0,Sin Prestamo,Sin Prestamo,2,2047.0,1023.5,203,116037.0,95594.0,15712.793103,200.0,21180.0
2830,M,1974-11-14,24,OWNER,,51,Trutnov,east Bohemia,121947,8541.0,3.0,3496.0,0,,0.0,,0.0,Sin Prestamo,Sin Prestamo,1,2164.0,2164.0,343,233665.0,205069.0,22259.565597,400.0,30875.0
2831,F,1980-07-09,18,OWNER,True,68,Frydek - Mistek,north Moravia,228848,9893.0,4.0,5623.0,1,5449.0,99336.0,24.0,4139.0,A,Cerrado,2,8862.0,4431.0,303,652813.0,608293.0,39104.214521,300.0,61839.0
2832,M,1927-07-23,71,OWNER,,13,Rakovnik,central Bohemia,53921,8598.0,3.0,1597.0,0,,0.0,,0.0,Sin Prestamo,Sin Prestamo,2,3021.0,1510.5,165,151043.0,123581.0,18971.345454,1100.0,31337.0
2833,F,1923-07-09,75,DISPONENT,,13,Rakovnik,central Bohemia,53921,8598.0,3.0,1597.0,0,,0.0,,0.0,Sin Prestamo,Sin Prestamo,0,0.0,,0,0.0,0.0,,,
2834,M,1949-05-23,49,OWNER,,52,Usti nad Orlici,east Bohemia,139012,8363.0,3.0,2564.0,1,5450.0,199680.0,60.0,3328.0,C,Vigente,2,6940.0,3470.0,400,1358392.0,1326613.0,32837.6275,500.0,62239.0
2835,M,1966-01-27,32,OWNER,,27,Plzen - jih,west Bohemia,67298,8561.0,1.0,1029.0,0,,0.0,,0.0,Sin Prestamo,Sin Prestamo,4,12839.0,3209.75,193,533569.0,535812.0,23892.979274,-2791.0,84352.0
2836,F,1919-09-21,79,OWNER,,38,Louny,north Bohemia,85852,8965.0,7.0,2653.0,0,,0.0,,0.0,Sin Prestamo,Sin Prestamo,1,3477.0,3477.0,137,184916.0,172733.0,23392.072992,600.0,36243.0
2837,M,1927-05-21,71,DISPONENT,,38,Louny,north Bohemia,85852,8965.0,7.0,2653.0,0,,0.0,,0.0,Sin Prestamo,Sin Prestamo,0,0.0,,0,0.0,0.0,,,
2838,M,1965-03-09,33,OWNER,,65,Znojmo,south Moravia,114200,8403.0,6.0,2157.0,0,,0.0,,0.0,Sin Prestamo,Sin Prestamo,2,6406.0,3203.0,204,567819.0,540650.0,24379.740196,600.0,55500.0
2839,F,1928-07-05,70,OWNER,,72,Olomouc,north Moravia,226122,8994.0,4.0,9672.0,0,,0.0,,0.0,Sin Prestamo,Sin Prestamo,1,1992.0,1992.0,122,169768.0,156146.0,17505.065573,500.0,29782.0
2840,M,1934-05-14,64,DISPONENT,,72,Olomouc,north Moravia,226122,8994.0,4.0,9672.0,0,,0.0,,0.0,Sin Prestamo,Sin Prestamo,0,0.0,,0,0.0,0.0,,,
2841,F,1973-04-10,25,OWNER,,18,Pisek,south Bohemia,70699,8968.0,3.0,1740.0,1,5451.0,159744.0,48.0,3328.0,C,Vigente,3,9166.0,3055.333333,199,1133237.0,1057345.0,51807.778894,600.0,115356.0
2842,M,1958-06-17,40,OWNER,,74,Ostrava - mesto,north Moravia,323870,10673.0,5.0,18782.0,0,,0.0,,0.0,Sin Prestamo,Sin Prestamo,1,9173.0,9173.0,81,348406.0,286368.0,51938.012345,1000.0,73885.0
2843,F,1966-10-06,32,OWNER,,70,Karvina,north Moravia,285387,10177.0,7.0,9878.0,1,5452.0,49440.0,60.0,824.0,C,Vigente,4,6443.0,1610.75,400,1050495.0,986531.0,53113.82,300.0,86463.0
2844,M,1962-11-19,36,OWNER,,51,Trutnov,east Bohemia,121947,8541.0,3.0,3496.0,0,,0.0,,0.0,Sin Prestamo,Sin Prestamo,2,9700.0,4850.0,247,680055.0,605010.0,49855.720647,200.0,85038.0
2845,M,1952-09-02,46,OWNER,,7,Melnik,central Bohemia,94725,9920.0,2.0,4289.0,0,,0.0,,0.0,Sin Prestamo,Sin Prestamo,1,9071.0,9071.0,105,436422.0,376376.0,48289.980952,700.0,69767.0
2846,F,1969-03-17,29,OWNER,,1,Hl.m. Praha,Prague,1204953,12541.0,0.0,85677.0,0,,0.0,,0.0,Sin Prestamo,Sin Prestamo,0,0.0,,258,2226852.0,2124618.0,55720.837209,600.0,121150.0
2847,F,1942-07-25,56,OWNER,,34,Chomutov,north Bohemia,125236,9675.0,6.0,5323.0,0,,0.0,,0.0,Sin Prestamo,Sin Prestamo,0,0.0,,101,436029.0,409417.0,43697.920792,300.0,120896.0
2848,M,1939-02-20,59,DISPONENT,,34,Chomutov,north Bohemia,125236,9675.0,6.0,5323.0,0,,0.0,,0.0,Sin Prestamo,Sin Prestamo,0,0.0,,0,0.0,0.0,,,
2849,M,1928-04-02,70,OWNER,,19,Prachatice,south Bohemia,51428,8402.0,3.0,999.0,0,,0.0,,0.0,Sin Prestamo,Sin Prestamo,1,3869.0,3869.0,357,471141.0,432868.0,23697.613445,800.0,38943.0
2850,M,1970-08-20,28,OWNER,,7,Melnik,central Bohemia,94725,9920.0,2.0,4289.0,0,,0.0,,0.0,Sin Prestamo,Sin Prestamo,1,6114.0,6114.0,192,414408.0,392220.0,27932.427083,300.0,46124.0
2851,M,1939-08-10,59,OWNER,,54,Brno - mesto,south Moravia,387570,9897.0,2.0,18721.0,0,,0.0,,0.0,Sin Prestamo,Sin Prestamo,1,3119.0,3119.0,165,197680.0,182435.0,21270.133333,600.0,37079.0
2852,F,1942-06-28,56,OWNER,,26,Plzen - mesto,west Bohemia,170449,10787.0,3.0,6041.0,0,,0.0,,0.0,Sin Prestamo,Sin Prestamo,1,7580.0,7580.0,161,622781.0,553545.0,44269.049689,300.0,69532.0
2853,F,1956-04-25,42,OWNER,True,28,Plzen - sever,west Bohemia,72541,8594.0,2.0,1580.0,1,5453.0,156672.0,36.0,4352.0,A,Cerrado,2,8965.0,4482.5,367,604239.0,588996.0,19727.604904,500.0,41877.0
2854,M,1949-06-01,49,OWNER,,16,Jindrichuv Hradec,south Bohemia,93931,8427.0,1.0,1874.0,0,,0.0,,0.0,Sin Prestamo,Sin Prestamo,1,2259.0,2259.0,102,83686.0,57946.0,19272.431372,700.0,26300.0
2855,F,1957-07-26,41,DISPONENT,,16,Jindrichuv Hradec,south Bohemia,93931,8427.0,1.0,1874.0,0,,0.0,,0.0,Sin Prestamo,Sin Prestamo,0,0.0,,0,0.0,0.0,,,
2856,M,1923-11-11,75,OWNER,,47,Pardubice,east Bohemia,162580,9538.0,2.0,6079.0,0,,0.0,,0.0,Sin Prestamo,Sin Prestamo,2,2124.0,1062.0,307,355300.0,326124.0,27300.521172,700.0,42570.0
2857,M,1927-02-03,71,OWNER,,33,Decin,north Bohemia,133777,8705.0,6.0,4650.0,0,,0.0,,0.0,Sin Prestamo,Sin Prestamo,1,2033.0,2033.0,235,264559.0,243472.0,22100.391489,1100.0,35388.0
2858,F,1926-02-12,72,OWNER,,42,Havlickuv Brod,east Bohemia,95907,8388.0,2.0,1658.0,0,,0.0,,0.0,Sin Prestamo,Sin Prestamo,1,3061.0,3061.0,241,260603.0,229911.0,23266.717842,500.0,34744.0
2859,F,1928-09-24,70,OWNER,,68,Frydek - Mistek,north Moravia,228848,9893.0,4.0,5623.0,0,,0.0,,0.0,Sin Prestamo,Sin Prestamo,2,1649.0,824.5,99,101142.0,87267.0,17609.959595,700.0,33012.0
2860,M,1958-03-31,40,OWNER,,28,Plzen - sever,west Bohemia,72541,8594.0,2.0,1580.0,0,,0.0,,0.0,Sin Prestamo,Sin Prestamo,2,9279.0,4639.5,291,999705.0,942632.0,40768.13402,800.0,71027.0
2862,F,1964-10-07,34,OWNER,,49,Semily,east Bohemia,75685,8208.0,2.0,1660.0,0,,0.0,,0.0,Sin Prestamo,Sin Prestamo,2,7499.0,3749.5,94,305482.0,224828.0,43354.468085,600.0,82259.0
2863,M,1968-03-05,30,DISPONENT,,49,Semily,east Bohemia,75685,8208.0,2.0,1660.0,0,,0.0,,0.0,Sin Prestamo,Sin Prestamo,0,0.0,,0,0.0,0.0,,,
2864,F,1952-04-09,46,OWNER,,51,Trutnov,east Bohemia,121947,8541.0,3.0,3496.0,0,,0.0,,0.0,Sin Prestamo,Sin Prestamo,1,9747.0,9747.0,72,296551.0,234320.0,43587.972222,300.0,65391.0
2865,M,1948-11-18,50,OWNER,,15,Cesky Krumlov,south Bohemia,58796,9045.0,3.0,1845.0,0,,0.0,,0.0,Sin Prestamo,Sin Prestamo,5,21785.0,4357.0,62,252448.0,219725.0,48268.451612,600.0,78923.0
2866,F,1949-10-30,49,DISPONENT,,15,Cesky Krumlov,south Bohemia,58796,9045.0,3.0,1845.0,0,,0.0,,0.0,Sin Prestamo,Sin Prestamo,0,0.0,,0,0.0,0.0,,,
2867,F,1960-01-23,38,OWNER,,1,Hl.m. Praha,Prague,1204953,12541.0,0.0,85677.0,0,,0.0,,0.0,Sin Prestamo,Sin Prestamo,4,2292.0,573.0,128,82873.0,69179.0,17867.039062,500.0,33608.0
2868,M,1933-12-14,65,OWNER,,14,Ceske Budejovice,south Bohemia,177686,10045.0,1.0,6604.0,0,,0.0,,0.0,Sin Prestamo,Sin Prestamo,1,2377.0,2377.0,118,132386.0,115964.0,13645.601694,1100.0,25160.0
2869,M,1975-08-05,23,OWNER,,1,Hl.m. Praha,Prague,1204953,12541.0,0.0,85677.0,0,,0.0,,0.0,Sin Prestamo,Sin Prestamo,1,2331.0,2331.0,164,132343.0,103273.0,19632.25,200.0,34017.0
2870,M,1959-11-28,39,OWNER,,29,Rokycany,west Bohemia,45714,8843.0,3.0,818.0,0,,0.0,,0.0,Sin Prestamo,Sin Prestamo,2,7301.0,3650.5,358,1422958.0,1328679.0,54939.793296,1000.0,94298.0
2871,F,1967-11-23,31,OWNER,,71,Novy Jicin,north Moravia,161227,8678.0,6.0,4980.0,0,,0.0,,0.0,Sin Prestamo,Sin Prestamo,1,4428.0,4428.0,129,592425.0,537945.0,37042.418604,600.0,69929.0
2872,F,1933-10-27,65,OWNER,,77,Vsetin,north Moravia,148545,8909.0,4.0,3460.0,0,,0.0,,0.0,Sin Prestamo,Sin Prestamo,2,1957.0,978.5,282,219180.0,196508.0,18827.322695,300.0,26284.0
2873,F,1975-03-24,23,OWNER,,16,Jindrichuv Hradec,south Bohemia,93931,8427.0,1.0,1874.0,0,,0.0,,0.0,Sin Prestamo,Sin Prestamo,1,9612.0,9612.0,435,2704664.0,2611338.0,54666.096551,700.0,151483.0
2874,M,1972-09-10,26,OWNER,,34,Chomutov,north Bohemia,125236,9675.0,6.0,5323.0,0,,0.0,,0.0,Sin Prestamo,Sin Prestamo,3,3381.0,1127.0,485,432776.0,402442.0,21080.909278,800.0,33135.0
2875,M,1936-08-17,62,OWNER,,46,Nachod,east Bohemia,112709,8369.0,2.0,2854.0,0,,0.0,,0.0,Sin Prestamo,Sin Prestamo,1,4206.0,4206.0,116,201184.0,166263.0,32245.50862,1000.0,46776.0
2876,M,1977-01-07,21,OWNER,,1,Hl.m. Praha,Prague,1204953,12541.0,0.0,85677.0,0,,0.0,,0.0,Sin Prestamo,Sin Prestamo,1,9358.0,9358.0,121,435614.0,374541.0,42011.314049,600.0,71894.0
2877,M,1932-04-29,66,OWNER,,59,Kromeriz,south Moravia,108871,8444.0,3.0,2595.0,0,,0.0,,0.0,Sin Prestamo,Sin Prestamo,1,3123.0,3123.0,291,354312.0,338899.0,22576.74914,1000.0,40485.0
2878,M,1947-04-17,51,OWNER,,68,Frydek - Mistek,north Moravia,228848,9893.0,4.0,5623.0,0,,0.0,,0.0,Sin Prestamo,Sin Prestamo,3,5370.0,1790.0,202,393844.0,348019.0,39863.80693,300.0,63925.0
2879,M,1977-01-10,21,OWNER,,40,Teplice,north Bohemia,128118,9317.0,6.0,6949.0,0,,0.0,,0.0,Sin Prestamo,Sin Prestamo,1,4282.0,4282.0,235,2502889.0,2434749.0,58293.697872,500.0,131556.0
2880,M,1952-12-30,46,OWNER,,60,Prostejov,south Moravia,110643,8441.0,3.0,1879.0,0,,0.0,,0.0,Sin Prestamo,Sin Prestamo,1,1305.0,1305.0,113,530656.0,463600.0,52632.858407,300.0,71913.0
2881,F,1967-03-21,31,OWNER,,12,Pribram,central Bohemia,107870,8754.0,4.0,3804.0,0,,0.0,,0.0,Sin Prestamo,Sin Prestamo,2,3839.0,1919.5,148,473423.0,390168.0,56813.682432,600.0,84973.0
2882,M,1931-12-14,67,OWNER,,70,Karvina,north Moravia,285387,10177.0,7.0,9878.0,0,,0.0,,0.0,Sin Prestamo,Sin Prestamo,1,3414.0,3414.0,130,156314.0,131855.0,15464.253846,800.0,25618.0
2883,M,1953-02-26,45,OWNER,,30,Sokolov,west Bohemia,94812,9650.0,3.0,2985.0,0,,0.0,,0.0,Sin Prestamo,Sin Prestamo,1,2328.0,2328.0,301,236944.0,204611.0,24389.302325,300.0,34939.0
2884,F,1958-10-10,40,OWNER,,40,Teplice,north Bohemia,128118,9317.0,6.0,6949.0,0,,0.0,,0.0,Sin Prestamo,Sin Prestamo,1,3912.0,3912.0,177,737954.0,692614.0,48062.112994,1000.0,76551.0
2885,F,1965-10-04,33,OWNER,,1,Hl.m. Praha,Prague,1204953,12541.0,0.0,85677.0,0,,0.0,,0.0,Sin Prestamo,Sin Prestamo,3,16023.0,5341.0,222,1344021.0,1323602.0,48465.995495,700.0,119584.0
2886,M,1958-10-03,40,DISPONENT,,1,Hl.m. Praha,Prague,1204953,12541.0,0.0,85677.0,0,,0.0,,0.0,Sin Prestamo,Sin Prestamo,0,0.0,,0,0.0,0.0,,,
2887,F,1961-01-29,37,OWNER,,2,Benesov,central Bohemia,88884,8507.0,2.0,2159.0,0,,0.0,,0.0,Sin Prestamo,Sin Prestamo,1,4959.0,4959.0,66,142889.0,102066.0,32978.696969,500.0,42555.0
2888,F,1978-09-09,20,OWNER,,1,Hl.m. Praha,Prague,1204953,12541.0,0.0,85677.0,0,,0.0,,0.0,Sin Prestamo,Sin Prestamo,0,0.0,,38,154246.0,112400.0,27046.473684,1100.0,64547.0
2889,M,1943-12-05,55,OWNER,,25,Klatovy,west Bohemia,88757,8554.0,2.0,1822.0,0,,0.0,,0.0,Sin Prestamo,Sin Prestamo,2,5545.0,2772.5,416,874633.0,826589.0,30810.348557,900.0,49006.0
2890,M,1951-10-11,47,OWNER,,62,Uherske Hradiste,south Moravia,145688,8544.0,1.0,2719.0,0,,0.0,,0.0,Sin Prestamo,Sin Prestamo,4,7204.0,1801.0,101,262870.0,231730.0,34843.683168,400.0,78548.0
2891,F,1957-07-23,41,DISPONENT,,62,Uherske Hradiste,south Moravia,145688,8544.0,1.0,2719.0,0,,0.0,,0.0,Sin Prestamo,Sin Prestamo,0,0.0,,0,0.0,0.0,,,
2892,F,1941-03-21,57,OWNER,,3,Beroun,central Bohemia,75232,8980.0,2.0,2824.0,0,,0.0,,0.0,Sin Prestamo,Sin Prestamo,1,3696.0,3696.0,168,278416.0,236415.0,34366.208333,500.0,50192.0
2893,F,1927-11-02,71,OWNER,,2,Benesov,central Bohemia,88884,8507.0,2.0,2159.0,0,,0.0,,0.0,Sin Prestamo,Sin Prestamo,1,2548.0,2548.0,318,300753.0,277613.0,22916.050314,500.0,31870.0
2894,F,1948-07-25,50,OWNER,,70,Karvina,north Moravia,285387,10177.0,7.0,9878.0,0,,0.0,,0.0,Sin Prestamo,Sin Prestamo,2,3129.0,1564.5,188,206908.0,169900.0,23376.05851,1000.0,38968.0
2895,F,1977-05-17,21,OWNER,,70,Karvina,north Moravia,285387,10177.0,7.0,9878.0,0,,0.0,,0.0,Sin Prestamo,Sin Prestamo,0,0.0,,150,171078.0,124130.0,36037.373333,200.0,52539.0
2896,F,1975-05-16,23,OWNER,,1,Hl.m. Praha,Prague,1204953,12541.0,0.0,85677.0,0,,0.0,,0.0,Sin Prestamo,Sin Prestamo,0,0.0,,327,410017.0,372360.0,33067.428134,300.0,79541.0
2897,M,1925-07-18,73,OWNER,,40,Teplice,north Bohemia,128118,9317.0,6.0,6949.0,0,,0.0,,0.0,Sin Prestamo,Sin Prestamo,1,1640.0,1640.0,139,134164.0,91795.0,28527.043165,500.0,43248.0
2898,F,1920-10-17,78,DISPONENT,,40,Teplice,north Bohemia,128118,9317.0,6.0,6949.0,0,,0.0,,0.0,Sin Prestamo,Sin Prestamo,0,0.0,,0,0.0,0.0,,,
2899,M,1918-05-18,80,OWNER,,16,Jindrichuv Hradec,south Bohemia,93931,8427.0,1.0,1874.0,0,,0.0,,0.0,Sin Prestamo,Sin Prestamo,1,2782.0,2782.0,266,364124.0,321871.0,34313.334586,1100.0,51769.0
2900,M,1923-03-22,75,OWNER,,18,Pisek,south Bohemia,70699,8968.0,3.0,1740.0,0,,0.0,,0.0,Sin Prestamo,Sin Prestamo,1,2384.0,2384.0,57,99811.0,53641.0,32643.736842,1000.0,46475.0
2901,F,1939-01-09,59,OWNER,,25,Klatovy,west Bohemia,88757,8554.0,2.0,1822.0,0,,0.0,,0.0,Sin Prestamo,Sin Prestamo,1,3031.0,3031.0,191,222385.0,202665.0,25153.727748,400.0,39399.0
2902,F,1959-07-03,39,OWNER,,8,Mlada Boleslav,central Bohemia,112065,11277.0,1.0,5179.0,0,,0.0,,0.0,Sin Prestamo,Sin Prestamo,1,5488.0,5488.0,99,272942.0,258222.0,24829.767676,200.0,48067.0
2903,M,1959-11-26,39,DISPONENT,,8,Mlada Boleslav,central Bohemia,112065,11277.0,1.0,5179.0,0,,0.0,,0.0,Sin Prestamo,Sin Prestamo,0,0.0,,0,0.0,0.0,,,
2904,F,1946-05-18,52,OWNER,,64,Zlin,south Moravia,197099,9624.0,2.0,4484.0,0,,0.0,,0.0,Sin Prestamo,Sin Prestamo,1,6407.0,6407.0,116,325807.0,295074.0,31340.784482,600.0,49968.0
2905,M,1951-07-07,47,DISPONENT,,64,Zlin,south Moravia,197099,9624.0,2.0,4484.0,0,,0.0,,0.0,Sin Prestamo,Sin Prestamo,0,0.0,,0,0.0,0.0,,,
2906,M,1934-12-16,64,OWNER,,5,Kolin,central Bohemia,95616,9307.0,4.0,2616.0,0,,0.0,,0.0,Sin Prestamo,Sin Prestamo,1,3186.0,3186.0,140,160428.0,131454.0,19678.771428,400.0,33887.0
2907,F,1932-09-22,66,DISPONENT,,5,Kolin,central Bohemia,95616,9307.0,4.0,2616.0,0,,0.0,,0.0,Sin Prestamo,Sin Prestamo,0,0.0,,0,0.0,0.0,,,
2908,M,1971-02-28,27,OWNER,,1,Hl.m. Praha,Prague,1204953,12541.0,0.0,85677.0,0,,0.0,,0.0,Sin Prestamo,Sin Prestamo,1,7292.0,7292.0,159,357156.0,327968.0,23614.006289,900.0,43782.0
2909,M,1936-10-09,62,OWNER,,26,Plzen - mesto,west Bohemia,170449,10787.0,3.0,6041.0,0,,0.0,,0.0,Sin Prestamo,Sin Prestamo,2,3070.0,1535.0,145,421046.0,375805.0,47389.551724,600.0,73900.0
2910,M,1936-09-28,62,OWNER,,76,Sumperk,north Moravia,127369,8369.0,5.0,3736.0,0,,0.0,,0.0,Sin Prestamo,Sin Prestamo,1,5028.0,5028.0,192,409010.0,338615.0,44878.776041,1100.0,77751.0
2911,M,1932-09-25,66,OWNER,,45,Jicin,east Bohemia,77917,8390.0,2.0,2080.0,0,,0.0,,0.0,Sin Prestamo,Sin Prestamo,1,3410.0,3410.0,304,421519.0,341050.0,43890.092105,600.0,80559.0
2912,F,1925-07-28,73,DISPONENT,,45,Jicin,east Bohemia,77917,8390.0,2.0,2080.0,0,,0.0,,0.0,Sin Prestamo,Sin Prestamo,0,0.0,,0,0.0,0.0,,,
2913,M,1962-12-27,36,OWNER,,44,Chrudim,east Bohemia,105606,8254.0,3.0,2166.0,0,,0.0,,0.0,Sin Prestamo,Sin Prestamo,0,0.0,,331,1603099.0,1561035.0,51299.401812,700.0,90525.0
2915,F,1954-02-22,44,OWNER,,33,Decin,north Bohemia,133777,8705.0,6.0,4650.0,1,5463.0,17952.0,12.0,1496.0,C,Vigente,2,7944.0,3972.0,76,253663.0,209683.0,31700.328947,500.0,57469.0
2916,M,1972-09-30,26,OWNER,,1,Hl.m. Praha,Prague,1204953,12541.0,0.0,85677.0,0,,0.0,,0.0,Sin Prestamo,Sin Prestamo,2,1966.0,983.0,257,141708.0,123102.0,14911.486381,400.0,19980.0
2917,M,1940-01-18,58,OWNER,,16,Jindrichuv Hradec,south Bohemia,93931,8427.0,1.0,1874.0,0,,0.0,,0.0,Sin Prestamo,Sin Prestamo,1,7308.0,7308.0,110,377598.0,334051.0,29882.145454,1100.0,57067.0
2918,M,1967-05-21,31,OWNER,,5,Kolin,central Bohemia,95616,9307.0,4.0,2616.0,0,,0.0,,0.0,Sin Prestamo,Sin Prestamo,1,9425.0,9425.0,182,656223.0,649425.0,29570.175824,700.0,62611.0
2919,F,1970-09-08,28,DISPONENT,,5,Kolin,central Bohemia,95616,9307.0,4.0,2616.0,0,,0.0,,0.0,Sin Prestamo,Sin Prestamo,0,0.0,,0,0.0,0.0,,,
2920,F,1962-06-23,36,OWNER,,44,Chrudim,east Bohemia,105606,8254.0,3.0,2166.0,0,,0.0,,0.0,Sin Prestamo,Sin Prestamo,2,3162.0,1581.0,376,361081.0,341505.0,19699.393617,800.0,35354.0
2921,F,1976-12-20,22,OWNER,,64,Zlin,south Moravia,197099,9624.0,2.0,4484.0,0,,0.0,,0.0,Sin Prestamo,Sin Prestamo,0,0.0,,175,1459263.0,1383430.0,59354.622857,200.0,129046.0
2922,M,1940-09-07,58,OWNER,True,43,Hradec Kralove,east Bohemia,161854,9425.0,2.0,4085.0,1,5464.0,95808.0,12.0,7984.0,A,Cerrado,1,7984.0,7984.0,420,3052534.0,2973449.0,66389.995238,900.0,162567.0
2923,F,1977-03-21,21,OWNER,,35,Jablonec n. Nisou,north Bohemia,88768,8867.0,1.0,3384.0,0,,0.0,,0.0,Sin Prestamo,Sin Prestamo,1,2401.0,2401.0,149,124028.0,108311.0,16045.053691,1000.0,27171.0
2924,F,1941-02-06,57,OWNER,,18,Pisek,south Bohemia,70699,8968.0,3.0,1740.0,0,,0.0,,0.0,Sin Prestamo,Sin Prestamo,3,2127.0,709.0,279,169774.0,117944.0,34251.605734,900.0,51847.0
2925,M,1947-09-08,51,DISPONENT,,18,Pisek,south Bohemia,70699,8968.0,3.0,1740.0,0,,0.0,,0.0,Sin Prestamo,Sin Prestamo,0,0.0,,0,0.0,0.0,,,
2926,M,1934-02-11,64,OWNER,,27,Plzen - jih,west Bohemia,67298,8561.0,1.0,1029.0,0,,0.0,,0.0,Sin Prestamo,Sin Prestamo,1,2809.0,2809.0,70,99301.0,66153.0,26024.585714,200.0,39670.0
2927,F,1929-12-28,69,DISPONENT,,27,Plzen - jih,west Bohemia,67298,8561.0,1.0,1029.0,0,,0.0,,0.0,Sin Prestamo,Sin Prestamo,0,0.0,,0,0.0,0.0,,,
2928,M,1932-03-02,66,OWNER,,38,Louny,north Bohemia,85852,8965.0,7.0,2653.0,0,,0.0,,0.0,Sin Prestamo,Sin Prestamo,2,2811.0,1405.5,419,402619.0,380000.0,18449.109785,400.0,31220.0
2929,M,1958-03-10,40,OWNER,,1,Hl.m. Praha,Prague,1204953,12541.0,0.0,85677.0,0,,0.0,,0.0,Sin Prestamo,Sin Prestamo,1,14138.0,14138.0,288,2276811.0,2244387.0,67690.565972,300.0,153616.0
2930,M,1941-03-22,57,OWNER,,41,Usti nad Labem,north Bohemia,118650,9832.0,3.0,6445.0,0,,0.0,,0.0,Sin Prestamo,Sin Prestamo,1,5936.0,5936.0,411,742802.0,719666.0,27543.369829,900.0,45078.0
2932,F,1940-07-11,58,OWNER,,1,Hl.m. Praha,Prague,1204953,12541.0,0.0,85677.0,0,,0.0,,0.0,Sin Prestamo,Sin Prestamo,3,8706.0,2902.0,406,1039176.0,1007078.0,33329.337438,800.0,112553.0
2933,M,1942-12-12,56,OWNER,,72,Olomouc,north Moravia,226122,8994.0,4.0,9672.0,0,,0.0,,0.0,Sin Prestamo,Sin Prestamo,0,0.0,,315,1106367.0,1062005.0,40058.11746,700.0,67371.0
2934,F,1948-04-27,50,DISPONENT,,72,Olomouc,north Moravia,226122,8994.0,4.0,9672.0,0,,0.0,,0.0,Sin Prestamo,Sin Prestamo,0,0.0,,0,0.0,0.0,,,
2935,F,1944-05-02,54,OWNER,,61,Trebic,south Moravia,117897,8814.0,5.0,2112.0,0,,0.0,,0.0,Sin Prestamo,Sin Prestamo,2,7155.0,3577.5,476,1161206.0,1109085.0,50318.840336,600.0,87152.0
2936,F,1945-03-11,53,OWNER,,3,Beroun,central Bohemia,75232,8980.0,2.0,2824.0,0,,0.0,,0.0,Sin Prestamo,Sin Prestamo,0,0.0,,228,534438.0,472195.0,36869.495614,900.0,73782.0
2937,M,1949-07-01,49,OWNER,,74,Ostrava - mesto,north Moravia,323870,10673.0,5.0,18782.0,0,,0.0,,0.0,Sin Prestamo,Sin Prestamo,4,5286.0,1321.5,348,401967.0,345400.0,32979.330459,400.0,59851.0
2938,F,1921-06-01,77,OWNER,,8,Mlada Boleslav,central Bohemia,112065,11277.0,1.0,5179.0,0,,0.0,,0.0,Sin Prestamo,Sin Prestamo,1,2554.0,2554.0,158,192560.0,151783.0,26483.677215,1100.0,41170.0
2939,M,1918-02-13,80,OWNER,,8,Mlada Boleslav,central Bohemia,112065,11277.0,1.0,5179.0,0,,0.0,,0.0,Sin Prestamo,Sin Prestamo,1,1757.0,1757.0,352,338984.0,287297.0,30058.633522,500.0,54109.0
2940,M,1965-10-16,33,OWNER,,1,Hl.m. Praha,Prague,1204953,12541.0,0.0,85677.0,0,,0.0,,0.0,Sin Prestamo,Sin Prestamo,1,2927.0,2927.0,360,407624.0,388099.0,18534.35,600.0,34753.0
2941,M,1951-03-12,47,OWNER,,38,Louny,north Bohemia,85852,8965.0,7.0,2653.0,0,,0.0,,0.0,Sin Prestamo,Sin Prestamo,2,9538.0,4769.0,371,2378010.0,2324030.0,50464.142857,200.0,163430.0
2942,F,1966-06-03,32,OWNER,,67,Bruntal,north Moravia,106054,8110.0,6.0,3244.0,0,,0.0,,0.0,Sin Prestamo,Sin Prestamo,0,0.0,,331,677055.0,599570.0,50148.6858,400.0,91924.0
2943,F,1980-06-28,18,OWNER,,1,Hl.m. Praha,Prague,1204953,12541.0,0.0,85677.0,0,,0.0,,0.0,Sin Prestamo,Sin Prestamo,2,1994.0,997.0,206,113484.0,96318.0,16017.737864,500.0,21640.0
2944,F,1943-08-23,55,OWNER,,71,Novy Jicin,north Moravia,161227,8678.0,6.0,4980.0,0,,0.0,,0.0,Sin Prestamo,Sin Prestamo,2,6522.0,3261.0,61,147315.0,124896.0,16970.311475,300.0,34834.0
2945,M,1921-06-02,77,OWNER,,74,Ostrava - mesto,north Moravia,323870,10673.0,5.0,18782.0,0,,0.0,,0.0,Sin Prestamo,Sin Prestamo,1,2096.0,2096.0,142,183691.0,162723.0,21616.521126,500.0,32013.0
2946,F,1926-01-23,72,DISPONENT,,74,Ostrava - mesto,north Moravia,323870,10673.0,5.0,18782.0,0,,0.0,,0.0,Sin Prestamo,Sin Prestamo,0,0.0,,0,0.0,0.0,,,
2947,F,1957-05-18,41,OWNER,,19,Prachatice,south Bohemia,51428,8402.0,3.0,999.0,0,,0.0,,0.0,Sin Prestamo,Sin Prestamo,3,8110.0,2703.333333,68,310789.0,251275.0,36016.632352,1100.0,71111.0
2948,M,1978-11-20,20,OWNER,,47,Pardubice,east Bohemia,162580,9538.0,2.0,6079.0,0,,0.0,,0.0,Sin Prestamo,Sin Prestamo,3,5994.0,1998.0,170,479187.0,443165.0,43239.123529,200.0,71934.0
2949,M,1943-09-25,55,OWNER,,14,Ceske Budejovice,south Bohemia,177686,10045.0,1.0,6604.0,0,,0.0,,0.0,Sin Prestamo,Sin Prestamo,2,2108.0,1054.0,73,51994.0,34653.0,15455.712328,600.0,20353.0
2950,M,1944-06-06,54,OWNER,,46,Nachod,east Bohemia,112709,8369.0,2.0,2854.0,0,,0.0,,0.0,Sin Prestamo,Sin Prestamo,1,7034.0,7034.0,98,478368.0,445971.0,34372.428571,1000.0,69833.0
2951,F,1950-08-31,48,OWNER,,76,Sumperk,north Moravia,127369,8369.0,5.0,3736.0,0,,0.0,,0.0,Sin Prestamo,Sin Prestamo,1,2932.0,2932.0,81,519066.0,440317.0,68873.333333,900.0,105483.0
2952,F,1978-01-17,20,OWNER,,52,Usti nad Orlici,east Bohemia,139012,8363.0,3.0,2564.0,1,5469.0,293160.0,60.0,4886.0,C,Vigente,1,4886.0,4886.0,189,1331794.0,1260533.0,55419.492063,800.0,135318.0
2953,M,1936-07-07,62,OWNER,,3,Beroun,central Bohemia,75232,8980.0,2.0,2824.0,0,,0.0,,0.0,Sin Prestamo,Sin Prestamo,1,6372.0,6372.0,269,635479.0,579566.0,37727.877323,700.0,63047.0
2954,F,1959-08-12,39,OWNER,,38,Louny,north Bohemia,85852,8965.0,7.0,2653.0,0,,0.0,,0.0,Sin Prestamo,Sin Prestamo,1,6911.0,6911.0,93,243603.0,196558.0,34087.236559,12051.0,53494.0
2955,M,1952-07-16,46,DISPONENT,,38,Louny,north Bohemia,85852,8965.0,7.0,2653.0,0,,0.0,,0.0,Sin Prestamo,Sin Prestamo,0,0.0,,0,0.0,0.0,,,
2956,M,1939-08-06,59,OWNER,,23,Cheb,west Bohemia,87419,8624.0,2.0,2879.0,0,,0.0,,0.0,Sin Prestamo,Sin Prestamo,2,2260.0,1130.0,97,66428.0,49540.0,15418.041237,1000.0,18338.0
2957,M,1978-03-07,20,OWNER,,23,Cheb,west Bohemia,87419,8624.0,2.0,2879.0,0,,0.0,,0.0,Sin Prestamo,Sin Prestamo,0,0.0,,27,107818.0,52100.0,40850.0,200.0,87902.0
2958,M,1975-05-07,23,OWNER,,48,Rychnov nad Kneznou,east Bohemia,78955,9060.0,2.0,1655.0,0,,0.0,,0.0,Sin Prestamo,Sin Prestamo,2,9370.0,4685.0,215,903415.0,813180.0,65441.027906,900.0,108553.0
2959,M,1957-11-19,41,OWNER,,54,Brno - mesto,south Moravia,387570,9897.0,2.0,18721.0,0,,0.0,,0.0,Sin Prestamo,Sin Prestamo,1,6944.0,6944.0,104,350385.0,309869.0,29797.461538,300.0,53717.0
2960,M,1928-12-19,70,OWNER,,1,Hl.m. Praha,Prague,1204953,12541.0,0.0,85677.0,0,,0.0,,0.0,Sin Prestamo,Sin Prestamo,1,3244.0,3244.0,68,96261.0,73482.0,20803.455882,600.0,29452.0
2961,F,1933-12-28,65,DISPONENT,,1,Hl.m. Praha,Prague,1204953,12541.0,0.0,85677.0,0,,0.0,,0.0,Sin Prestamo,Sin Prestamo,0,0.0,,0,0.0,0.0,,,
2962,M,1938-11-10,60,OWNER,,1,Hl.m. Praha,Prague,1204953,12541.0,0.0,85677.0,0,,0.0,,0.0,Sin Prestamo,Sin Prestamo,1,2190.0,2190.0,315,236677.0,207705.0,22333.787301,400.0,29206.0
2963,F,1939-03-29,59,DISPONENT,,1,Hl.m. Praha,Prague,1204953,12541.0,0.0,85677.0,0,,0.0,,0.0,Sin Prestamo,Sin Prestamo,0,0.0,,0,0.0,0.0,,,
2964,M,1978-11-27,20,OWNER,,8,Mlada Boleslav,central Bohemia,112065,11277.0,1.0,5179.0,0,,0.0,,0.0,Sin Prestamo,Sin Prestamo,0,0.0,,341,519847.0,483910.0,33441.486803,400.0,96414.0
2965,F,1918-02-07,80,OWNER,,30,Sokolov,west Bohemia,94812,9650.0,3.0,2985.0,0,,0.0,,0.0,Sin Prestamo,Sin Prestamo,1,3262.0,3262.0,104,145572.0,114756.0,27375.730769,200.0,36954.0
2966,M,1955-02-20,43,OWNER,,65,Znojmo,south Moravia,114200,8403.0,6.0,2157.0,1,5470.0,200976.0,48.0,4187.0,C,Vigente,2,13741.0,6870.5,265,1176253.0,1132362.0,40951.709433,600.0,83554.0
2967,F,1961-01-15,37,OWNER,,53,Blansko,south Moravia,107911,8240.0,3.0,1850.0,0,,0.0,,0.0,Sin Prestamo,Sin Prestamo,1,3834.0,3834.0,318,414118.0,394578.0,22240.5,500.0,36948.0
2968,M,1962-08-24,36,OWNER,,40,Teplice,north Bohemia,128118,9317.0,6.0,6949.0,0,,0.0,,0.0,Sin Prestamo,Sin Prestamo,0,0.0,,332,1960538.0,1926578.0,45029.581325,1100.0,98752.0
2969,M,1923-04-22,75,OWNER,,55,Brno - venkov,south Moravia,157042,8743.0,2.0,3659.0,0,,0.0,,0.0,Sin Prestamo,Sin Prestamo,1,1971.0,1971.0,71,82263.0,57656.0,22738.464788,200.0,30233.0
2970,F,1922-04-06,76,DISPONENT,,55,Brno - venkov,south Moravia,157042,8743.0,2.0,3659.0,0,,0.0,,0.0,Sin Prestamo,Sin Prestamo,0,0.0,,0,0.0,0.0,,,
2971,F,1977-12-03,21,OWNER,,1,Hl.m. Praha,Prague,1204953,12541.0,0.0,85677.0,0,,0.0,,0.0,Sin Prestamo,Sin Prestamo,1,435.0,435.0,297,509456.0,438840.0,35370.350168,700.0,70637.0
2972,M,1976-01-14,22,OWNER,,1,Hl.m. Praha,Prague,1204953,12541.0,0.0,85677.0,0,,0.0,,0.0,Sin Prestamo,Sin Prestamo,0,0.0,,67,74897.0,52415.0,20467.313432,200.0,35024.0
2974,F,1951-07-12,47,OWNER,,56,Breclav,south Moravia,124605,8772.0,5.0,2854.0,0,,0.0,,0.0,Sin Prestamo,Sin Prestamo,1,3077.0,3077.0,266,855182.0,804697.0,31056.939849,600.0,57074.0
2975,F,1943-03-18,55,OWNER,,33,Decin,north Bohemia,133777,8705.0,6.0,4650.0,0,,0.0,,0.0,Sin Prestamo,Sin Prestamo,3,12828.0,4276.0,447,2252650.0,2166927.0,44194.778523,900.0,121856.0
2976,F,1922-08-03,76,OWNER,,57,Hodonin,south Moravia,161954,8720.0,4.0,3729.0,0,,0.0,,0.0,Sin Prestamo,Sin Prestamo,2,3630.0,1815.0,154,165163.0,148590.0,20095.006493,1000.0,32087.0
2977,M,1963-02-06,35,OWNER,,39,Most,north Bohemia,119895,10446.0,7.0,4947.0,0,,0.0,,0.0,Sin Prestamo,Sin Prestamo,2,3770.0,1885.0,128,486137.0,409610.0,67175.492187,400.0,89302.0
2978,F,1948-03-05,50,OWNER,,33,Decin,north Bohemia,133777,8705.0,6.0,4650.0,0,,0.0,,0.0,Sin Prestamo,Sin Prestamo,1,5332.0,5332.0,397,1676973.0,1588334.0,53424.692695,400.0,99229.0
2979,F,1961-12-22,37,OWNER,,4,Kladno,central Bohemia,149893,9753.0,5.0,5244.0,0,,0.0,,0.0,Sin Prestamo,Sin Prestamo,1,2094.0,2094.0,116,93706.0,63840.0,20942.543103,400.0,31838.0
2980,M,1974-06-14,24,OWNER,,11,Praha - zapad,central Bohemia,75637,9622.0,0.0,3475.0,0,,0.0,,0.0,Sin Prestamo,Sin Prestamo,1,2220.0,2220.0,154,115683.0,95415.0,18595.077922,200.0,25007.0
2981,F,1949-02-05,49,OWNER,,16,Jindrichuv Hradec,south Bohemia,93931,8427.0,1.0,1874.0,0,,0.0,,0.0,Sin Prestamo,Sin Prestamo,3,7658.0,2552.666666,400,1092725.0,1048280.0,34519.545,700.0,67174.0
2982,F,1973-03-23,25,OWNER,,6,Kutna Hora,central Bohemia,77963,8546.0,3.0,2640.0,0,,0.0,,0.0,Sin Prestamo,Sin Prestamo,4,5192.0,1298.0,469,2575773.0,2520163.0,76095.842217,600.0,131102.0
2983,M,1967-07-23,31,DISPONENT,,6,Kutna Hora,central Bohemia,77963,8546.0,3.0,2640.0,0,,0.0,,0.0,Sin Prestamo,Sin Prestamo,0,0.0,,0,0.0,0.0,,,
2984,F,1963-05-24,35,OWNER,,60,Prostejov,south Moravia,110643,8441.0,3.0,1879.0,0,,0.0,,0.0,Sin Prestamo,Sin Prestamo,2,5342.0,2671.0,344,1056905.0,972145.0,62424.779069,800.0,108503.0
2985,M,1960-04-13,38,DISPONENT,,60,Prostejov,south Moravia,110643,8441.0,3.0,1879.0,0,,0.0,,0.0,Sin Prestamo,Sin Prestamo,0,0.0,,0,0.0,0.0,,,
2986,M,1952-05-15,46,OWNER,,14,Ceske Budejovice,south Bohemia,177686,10045.0,1.0,6604.0,0,,0.0,,0.0,Sin Prestamo,Sin Prestamo,2,1996.0,998.0,182,104187.0,81649.0,17263.813186,200.0,24215.0
2987,F,1946-06-01,52,DISPONENT,,14,Ceske Budejovice,south Bohemia,177686,10045.0,1.0,6604.0,0,,0.0,,0.0,Sin Prestamo,Sin Prestamo,0,0.0,,0,0.0,0.0,,,
2988,M,1961-05-21,37,OWNER,,33,Decin,north Bohemia,133777,8705.0,6.0,4650.0,0,,0.0,,0.0,Sin Prestamo,Sin Prestamo,2,2372.0,1186.0,198,133938.0,118681.0,15536.565656,200.0,24427.0
2989,F,1949-02-01,49,OWNER,,17,Pelhrimov,south Bohemia,74062,8114.0,2.0,1003.0,0,,0.0,,0.0,Sin Prestamo,Sin Prestamo,4,8278.0,2069.5,199,379494.0,355598.0,24219.658291,600.0,53645.0
2990,F,1938-04-02,60,OWNER,,32,Ceska Lipa,north Bohemia,105058,9272.0,3.0,4340.0,0,,0.0,,0.0,Sin Prestamo,Sin Prestamo,1,2854.0,2854.0,268,261943.0,247515.0,17102.388059,900.0,26009.0
2991,M,1941-07-31,57,DISPONENT,,32,Ceska Lipa,north Bohemia,105058,9272.0,3.0,4340.0,0,,0.0,,0.0,Sin Prestamo,Sin Prestamo,0,0.0,,0,0.0,0.0,,,
2992,M,1966-05-07,32,OWNER,,11,Praha - zapad,central Bohemia,75637,9622.0,0.0,3475.0,0,,0.0,,0.0,Sin Prestamo,Sin Prestamo,1,3096.0,3096.0,109,130810.0,112418.0,17341.587155,800.0,31270.0
2994,M,1963-07-22,35,OWNER,,18,Pisek,south Bohemia,70699,8968.0,3.0,1740.0,0,,0.0,,0.0,Sin Prestamo,Sin Prestamo,3,3991.0,1330.333333,439,442990.0,427170.0,20208.052391,1100.0,35879.0
2995,F,1941-06-15,57,OWNER,,35,Jablonec n. Nisou,north Bohemia,88768,8867.0,1.0,3384.0,0,,0.0,,0.0,Sin Prestamo,Sin Prestamo,1,3022.0,3022.0,102,757534.0,749369.0,61812.794117,400.0,127009.0
2996,M,1965-01-29,33,OWNER,,1,Hl.m. Praha,Prague,1204953,12541.0,0.0,85677.0,0,,0.0,,0.0,Sin Prestamo,Sin Prestamo,0,0.0,,39,50000.0,35100.0,17000.0,1100.0,29100.0
2997,F,1941-03-09,57,OWNER,,1,Hl.m. Praha,Prague,1204953,12541.0,0.0,85677.0,0,,0.0,,0.0,Sin Prestamo,Sin Prestamo,5,9369.0,1873.8,475,760141.0,725787.0,31897.317894,500.0,60912.0
2998,M,1961-04-02,37,OWNER,,1,Hl.m. Praha,Prague,1204953,12541.0,0.0,85677.0,0,,0.0,,0.0,Sin Prestamo,Sin Prestamo,2,9922.0,4961.0,168,702560.0,641014.0,45404.279761,600.0,82981.0
2999,F,1979-03-24,19,OWNER,,74,Ostrava - mesto,north Moravia,323870,10673.0,5.0,18782.0,0,,0.0,,0.0,Sin Prestamo,Sin Prestamo,4,4870.0,1217.5,608,1172776.0,1129154.0,30445.804276,1100.0,53806.0
3000,F,1928-04-02,70,OWNER,,41,Usti nad Labem,north Bohemia,118650,9832.0,3.0,6445.0,0,,0.0,,0.0,Sin Prestamo,Sin Prestamo,1,1944.0,1944.0,60,66373.0,40783.0,18190.1,800.0,28383.0
3001,M,1958-10-07,40,OWNER,True,1,Hl.m. Praha,Prague,1204953,12541.0,0.0,85677.0,1,5479.0,24516.0,12.0,2043.0,A,Cerrado,1,2043.0,2043.0,534,3493041.0,3417393.0,55885.528089,200.0,154473.0
3002,F,1955-05-13,43,OWNER,,42,Havlickuv Brod,east Bohemia,95907,8388.0,2.0,1658.0,0,,0.0,,0.0,Sin Prestamo,Sin Prestamo,5,4717.0,943.4,311,257776.0,217935.0,24406.70418,900.0,42851.0
3003,F,1973-05-12,25,OWNER,,69,Jesenik,north Moravia,42821,8173.0,,,0,,0.0,,0.0,Sin Prestamo,Sin Prestamo,1,2030.0,2030.0,302,216978.0,180730.0,23834.672185,400.0,38757.0
3004,M,1971-07-13,27,DISPONENT,,69,Jesenik,north Moravia,42821,8173.0,,,0,,0.0,,0.0,Sin Prestamo,Sin Prestamo,0,0.0,,0,0.0,0.0,,,
3005,M,1931-06-29,67,OWNER,,43,Hradec Kralove,east Bohemia,161854,9425.0,2.0,4085.0,0,,0.0,,0.0,Sin Prestamo,Sin Prestamo,1,3854.0,3854.0,349,411907.0,383265.0,22258.942693,900.0,31996.0
3006,F,1973-08-08,25,OWNER,,22,Domazlice,west Bohemia,58400,8620.0,1.0,1089.0,0,,0.0,,0.0,Sin Prestamo,Sin Prestamo,2,4175.0,2087.5,310,739486.0,671265.0,44276.735483,700.0,82125.0
3007,M,1964-04-11,34,OWNER,,76,Sumperk,north Moravia,127369,8369.0,5.0,3736.0,0,,0.0,,0.0,Sin Prestamo,Sin Prestamo,2,3233.0,1616.5,218,279031.0,252725.0,22927.720183,500.0,36221.0
3008,M,1919-12-19,79,OWNER,,73,Opava,north Moravia,182027,8746.0,3.0,4355.0,0,,0.0,,0.0,Sin Prestamo,Sin Prestamo,2,3741.0,1870.5,87,112273.0,96082.0,18709.643678,700.0,30169.0
3009,F,1957-08-03,41,OWNER,,62,Uherske Hradiste,south Moravia,145688,8544.0,1.0,2719.0,0,,0.0,,0.0,Sin Prestamo,Sin Prestamo,1,5375.0,5375.0,382,750181.0,669640.0,47691.41623,300.0,85462.0
3010,M,1960-01-12,38,DISPONENT,,62,Uherske Hradiste,south Moravia,145688,8544.0,1.0,2719.0,0,,0.0,,0.0,Sin Prestamo,Sin Prestamo,0,0.0,,0,0.0,0.0,,,
3011,M,1955-09-19,43,OWNER,,74,Ostrava - mesto,north Moravia,323870,10673.0,5.0,18782.0,0,,0.0,,0.0,Sin Prestamo,Sin Prestamo,3,7146.0,2382.0,433,2462036.0,2406974.0,53107.600461,200.0,106583.0
3012,F,1955-11-10,43,OWNER,,70,Karvina,north Moravia,285387,10177.0,7.0,9878.0,0,,0.0,,0.0,Sin Prestamo,Sin Prestamo,1,856.0,856.0,22,57900.0,8500.0,25213.636363,200.0,49400.0
3013,F,1950-03-18,48,OWNER,,51,Trutnov,east Bohemia,121947,8541.0,3.0,3496.0,1,5482.0,165120.0,60.0,2752.0,C,Vigente,2,7734.0,3867.0,317,512983.0,492224.0,21484.507886,1100.0,37946.0
3014,M,1953-11-05,45,DISPONENT,,51,Trutnov,east Bohemia,121947,8541.0,3.0,3496.0,0,,0.0,,0.0,Sin Prestamo,Sin Prestamo,0,0.0,,0,0.0,0.0,,,
3015,M,1952-02-29,46,OWNER,,73,Opava,north Moravia,182027,8746.0,3.0,4355.0,0,,0.0,,0.0,Sin Prestamo,Sin Prestamo,2,5841.0,2920.5,354,489119.0,451090.0,20999.88983,300.0,45664.0
3016,M,1977-08-23,21,OWNER,,40,Teplice,north Bohemia,128118,9317.0,6.0,6949.0,0,,0.0,,0.0,Sin Prestamo,Sin Prestamo,2,6021.0,3010.5,185,374700.0,331225.0,29764.702702,400.0,51923.0
3017,M,1941-05-14,57,OWNER,,2,Benesov,central Bohemia,88884,8507.0,2.0,2159.0,0,,0.0,,0.0,Sin Prestamo,Sin Prestamo,3,3903.0,1301.0,254,305754.0,265273.0,29055.255905,400.0,45064.0
3018,M,1978-01-28,20,OWNER,,61,Trebic,south Moravia,117897,8814.0,5.0,2112.0,0,,0.0,,0.0,Sin Prestamo,Sin Prestamo,0,0.0,,98,125859.0,100515.0,23320.27551,700.0,46436.0
3019,M,1969-09-23,29,OWNER,,30,Sokolov,west Bohemia,94812,9650.0,3.0,2985.0,0,,0.0,,0.0,Sin Prestamo,Sin Prestamo,3,4411.0,1470.333333,414,1182468.0,1084878.0,53119.806763,600.0,97607.0
3020,F,1942-08-27,56,OWNER,,32,Ceska Lipa,north Bohemia,105058,9272.0,3.0,4340.0,0,,0.0,,0.0,Sin Prestamo,Sin Prestamo,1,3885.0,3885.0,115,177877.0,151505.0,18583.6,800.0,33035.0
3021,M,1961-08-24,37,OWNER,,1,Hl.m. Praha,Prague,1204953,12541.0,0.0,85677.0,0,,0.0,,0.0,Sin Prestamo,Sin Prestamo,1,6279.0,6279.0,370,771978.0,707855.0,34623.005405,600.0,73196.0
3022,F,1954-09-22,44,DISPONENT,,1,Hl.m. Praha,Prague,1204953,12541.0,0.0,85677.0,0,,0.0,,0.0,Sin Prestamo,Sin Prestamo,0,0.0,,0,0.0,0.0,,,
3023,M,1959-04-04,39,OWNER,,16,Jindrichuv Hradec,south Bohemia,93931,8427.0,1.0,1874.0,0,,0.0,,0.0,Sin Prestamo,Sin Prestamo,1,5513.0,5513.0,340,1565655.0,1503968.0,39658.964705,300.0,88357.0
3024,M,1929-03-08,69,OWNER,,60,Prostejov,south Moravia,110643,8441.0,3.0,1879.0,0,,0.0,,0.0,Sin Prestamo,Sin Prestamo,2,1961.0,980.5,170,140140.0,112956.0,22516.452941,200.0,31667.0
3025,F,1932-12-27,66,DISPONENT,,60,Prostejov,south Moravia,110643,8441.0,3.0,1879.0,0,,0.0,,0.0,Sin Prestamo,Sin Prestamo,0,0.0,,0,0.0,0.0,,,
3026,M,1947-03-25,51,OWNER,,22,Domazlice,west Bohemia,58400,8620.0,1.0,1089.0,0,,0.0,,0.0,Sin Prestamo,Sin Prestamo,1,10076.0,10076.0,179,1159331.0,1066306.0,53404.96648,400.0,122508.0
3027,M,1959-07-25,39,OWNER,,62,Uherske Hradiste,south Moravia,145688,8544.0,1.0,2719.0,0,,0.0,,0.0,Sin Prestamo,Sin Prestamo,1,4556.0,4556.0,127,209473.0,180705.0,26262.984251,700.0,41905.0
3028,F,1932-04-23,66,OWNER,,34,Chomutov,north Bohemia,125236,9675.0,6.0,5323.0,0,,0.0,,0.0,Sin Prestamo,Sin Prestamo,1,2193.0,2193.0,334,300381.0,283525.0,19099.910179,700.0,31418.0
3029,M,1970-05-08,28,OWNER,,43,Hradec Kralove,east Bohemia,161854,9425.0,2.0,4085.0,0,,0.0,,0.0,Sin Prestamo,Sin Prestamo,3,13400.0,4466.666666,158,949872.0,936817.0,58054.99367,900.0,134815.0
3030,F,1976-05-10,22,OWNER,,68,Frydek - Mistek,north Moravia,228848,9893.0,4.0,5623.0,0,,0.0,,0.0,Sin Prestamo,Sin Prestamo,3,7918.0,2639.333333,490,1405932.0,1329447.0,40638.108163,1100.0,78722.0
3031,F,1965-09-05,33,OWNER,,40,Teplice,north Bohemia,128118,9317.0,6.0,6949.0,0,,0.0,,0.0,Sin Prestamo,Sin Prestamo,2,5755.0,2877.5,358,837383.0,793825.0,39080.396648,700.0,69829.0
3032,M,1959-04-10,39,DISPONENT,,40,Teplice,north Bohemia,128118,9317.0,6.0,6949.0,0,,0.0,,0.0,Sin Prestamo,Sin Prestamo,0,0.0,,0,0.0,0.0,,,
3035,M,1964-11-02,34,OWNER,,27,Plzen - jih,west Bohemia,67298,8561.0,1.0,1029.0,0,,0.0,,0.0,Sin Prestamo,Sin Prestamo,1,2655.0,2655.0,357,301858.0,285325.0,20913.123249,200.0,31724.0
3036,F,1941-03-31,57,OWNER,,16,Jindrichuv Hradec,south Bohemia,93931,8427.0,1.0,1874.0,0,,0.0,,0.0,Sin Prestamo,Sin Prestamo,1,4001.0,4001.0,232,726884.0,644561.0,56135.288793,200.0,104469.0
3037,M,1942-01-04,56,OWNER,,64,Zlin,south Moravia,197099,9624.0,2.0,4484.0,0,,0.0,,0.0,Sin Prestamo,Sin Prestamo,0,0.0,,135,646161.0,603186.0,46800.444444,800.0,137529.0
3038,F,1946-03-05,52,OWNER,,6,Kutna Hora,central Bohemia,77963,8546.0,3.0,2640.0,1,5486.0,466608.0,48.0,9721.0,C,Vigente,1,9721.0,9721.0,212,712247.0,665198.0,43064.825471,300.0,78770.0
3039,F,1969-06-01,29,OWNER,,55,Brno - venkov,south Moravia,157042,8743.0,2.0,3659.0,0,,0.0,,0.0,Sin Prestamo,Sin Prestamo,1,11769.0,11769.0,134,861515.0,797797.0,47313.955223,600.0,94577.0
3041,F,1927-04-24,71,OWNER,,4,Kladno,central Bohemia,149893,9753.0,5.0,5244.0,0,,0.0,,0.0,Sin Prestamo,Sin Prestamo,1,1599.0,1599.0,374,402209.0,351973.0,29185.192513,500.0,53200.0
3042,F,1968-02-14,30,OWNER,,18,Pisek,south Bohemia,70699,8968.0,3.0,1740.0,0,,0.0,,0.0,Sin Prestamo,Sin Prestamo,1,2355.0,2355.0,194,164390.0,143550.0,17443.809278,400.0,31566.0
3043,F,1951-11-15,47,OWNER,,63,Vyskov,south Moravia,86513,8288.0,4.0,1562.0,0,,0.0,,0.0,Sin Prestamo,Sin Prestamo,1,6002.0,6002.0,248,1140489.0,1060146.0,52197.266129,1000.0,83633.0
3044,M,1945-10-07,53,OWNER,,36,Liberec,north Bohemia,159617,9198.0,3.0,5796.0,0,,0.0,,0.0,Sin Prestamo,Sin Prestamo,0,0.0,,191,894558.0,877134.0,23695.685863,-2981.0,78633.0
3045,F,1950-03-18,48,OWNER,,10,Praha - vychod,central Bohemia,92084,10124.0,1.0,3810.0,0,,0.0,,0.0,Sin Prestamo,Sin Prestamo,4,2015.0,503.75,522,236195.0,208512.0,20513.783524,400.0,30337.0
3046,F,1925-01-22,73,OWNER,,1,Hl.m. Praha,Prague,1204953,12541.0,0.0,85677.0,0,,0.0,,0.0,Sin Prestamo,Sin Prestamo,1,2550.0,2550.0,238,304613.0,278865.0,19332.155462,300.0,31966.0
3047,M,1975-10-01,23,OWNER,,45,Jicin,east Bohemia,77917,8390.0,2.0,2080.0,0,,0.0,,0.0,Sin Prestamo,Sin Prestamo,2,5337.0,2668.5,271,425667.0,406828.0,19278.523985,500.0,39530.0
3048,F,1923-01-06,75,OWNER,,16,Jindrichuv Hradec,south Bohemia,93931,8427.0,1.0,1874.0,0,,0.0,,0.0,Sin Prestamo,Sin Prestamo,1,3964.0,3964.0,148,184694.0,167685.0,18014.148648,800.0,29987.0
3049,M,1967-04-06,31,OWNER,,6,Kutna Hora,central Bohemia,77963,8546.0,3.0,2640.0,0,,0.0,,0.0,Sin Prestamo,Sin Prestamo,2,8097.0,4048.5,480,2846864.0,2780201.0,65935.8375,1000.0,145753.0
3050,F,1967-07-31,31,DISPONENT,,6,Kutna Hora,central Bohemia,77963,8546.0,3.0,2640.0,0,,0.0,,0.0,Sin Prestamo,Sin Prestamo,0,0.0,,0,0.0,0.0,,,
3051,M,1928-03-11,70,OWNER,,65,Znojmo,south Moravia,114200,8403.0,6.0,2157.0,0,,0.0,,0.0,Sin Prestamo,Sin Prestamo,1,2824.0,2824.0,324,298589.0,273570.0,20410.861111,1000.0,31518.0
3054,M,1958-04-28,40,OWNER,,74,Ostrava - mesto,north Moravia,323870,10673.0,5.0,18782.0,0,,0.0,,0.0,Sin Prestamo,Sin Prestamo,3,8176.0,2725.333333,216,808163.0,774532.0,38995.175925,400.0,78103.0
3055,M,1931-02-23,67,OWNER,,51,Trutnov,east Bohemia,121947,8541.0,3.0,3496.0,0,,0.0,,0.0,Sin Prestamo,Sin Prestamo,1,1614.0,1614.0,119,153923.0,115651.0,30060.15126,200.0,46458.0
3056,F,1959-01-16,39,OWNER,,38,Louny,north Bohemia,85852,8965.0,7.0,2653.0,0,,0.0,,0.0,Sin Prestamo,Sin Prestamo,1,12133.0,12133.0,133,1278477.0,1252447.0,49164.766917,500.0,118822.0
3057,M,1962-03-05,36,DISPONENT,,38,Louny,north Bohemia,85852,8965.0,7.0,2653.0,0,,0.0,,0.0,Sin Prestamo,Sin Prestamo,0,0.0,,0,0.0,0.0,,,
3058,F,1943-09-29,55,OWNER,,49,Semily,east Bohemia,75685,8208.0,2.0,1660.0,0,,0.0,,0.0,Sin Prestamo,Sin Prestamo,0,0.0,,207,297053.0,248655.0,26049.473429,412.0,60168.0
3059,M,1977-11-29,21,OWNER,,61,Trebic,south Moravia,117897,8814.0,5.0,2112.0,0,,0.0,,0.0,Sin Prestamo,Sin Prestamo,2,3410.0,1705.0,417,430837.0,412210.0,25459.417266,400.0,40087.0
3060,M,1960-05-18,38,OWNER,,61,Trebic,south Moravia,117897,8814.0,5.0,2112.0,0,,0.0,,0.0,Sin Prestamo,Sin Prestamo,3,4516.0,1505.333333,162,381744.0,357014.0,32008.049382,1100.0,59486.0
3061,F,1965-10-05,33,DISPONENT,,61,Trebic,south Moravia,117897,8814.0,5.0,2112.0,0,,0.0,,0.0,Sin Prestamo,Sin Prestamo,0,0.0,,0,0.0,0.0,,,
3062,F,1930-08-22,68,OWNER,,41,Usti nad Labem,north Bohemia,118650,9832.0,3.0,6445.0,0,,0.0,,0.0,Sin Prestamo,Sin Prestamo,1,3136.0,3136.0,252,317202.0,288701.0,26591.091269,500.0,38728.0
3063,M,1971-01-29,27,OWNER,,27,Plzen - jih,west Bohemia,67298,8561.0,1.0,1029.0,0,,0.0,,0.0,Sin Prestamo,Sin Prestamo,1,13540.0,13540.0,158,1254140.0,1229511.0,54257.78481,400.0,144509.0
3064,M,1930-05-05,68,OWNER,,42,Havlickuv Brod,east Bohemia,95907,8388.0,2.0,1658.0,0,,0.0,,0.0,Sin Prestamo,Sin Prestamo,1,3689.0,3689.0,294,382454.0,345846.0,24871.459183,200.0,36953.0
3065,F,1921-08-21,77,OWNER,,24,Karlovy Vary,west Bohemia,122603,8991.0,1.0,5198.0,0,,0.0,,0.0,Sin Prestamo,Sin Prestamo,2,3823.0,1911.5,105,125375.0,96413.0,25429.75238,500.0,34923.0
3066,F,1982-03-09,16,OWNER,,54,Brno - mesto,south Moravia,387570,9897.0,2.0,18721.0,0,,0.0,,0.0,Sin Prestamo,Sin Prestamo,0,0.0,,272,354907.0,311130.0,36378.459558,500.0,78004.0
3067,F,1952-06-21,46,OWNER,,57,Hodonin,south Moravia,161954,8720.0,4.0,3729.0,0,,0.0,,0.0,Sin Prestamo,Sin Prestamo,3,5957.0,1985.666666,378,776278.0,708578.0,39885.81746,400.0,73369.0
3068,M,1954-03-20,44,DISPONENT,,57,Hodonin,south Moravia,161954,8720.0,4.0,3729.0,0,,0.0,,0.0,Sin Prestamo,Sin Prestamo,0,0.0,,0,0.0,0.0,,,
3069,M,1943-10-23,55,OWNER,,21,Tabor,south Bohemia,103347,9104.0,2.0,2299.0,0,,0.0,,0.0,Sin Prestamo,Sin Prestamo,3,3380.0,1126.666666,489,452146.0,436080.0,24154.404907,300.0,38177.0
3070,M,1920-12-12,78,OWNER,,46,Nachod,east Bohemia,112709,8369.0,2.0,2854.0,0,,0.0,,0.0,Sin Prestamo,Sin Prestamo,1,2145.0,2145.0,378,449922.0,365640.0,42138.269841,1100.0,85162.0
3071,F,1967-02-23,31,OWNER,,38,Louny,north Bohemia,85852,8965.0,7.0,2653.0,0,,0.0,,0.0,Sin Prestamo,Sin Prestamo,4,3514.0,878.5,197,258352.0,188714.0,44151.807106,300.0,76708.0
3072,M,1936-04-14,62,OWNER,,1,Hl.m. Praha,Prague,1204953,12541.0,0.0,85677.0,1,5491.0,428784.0,48.0,8933.0,C,Vigente,4,12954.0,3238.5,192,359918.0,339751.0,19475.354166,1100.0,47281.0
3073,F,1937-10-23,61,DISPONENT,,1,Hl.m. Praha,Prague,1204953,12541.0,0.0,85677.0,0,,0.0,,0.0,Sin Prestamo,Sin Prestamo,0,0.0,,0,0.0,0.0,,,
3074,M,1958-11-07,40,OWNER,,1,Hl.m. Praha,Prague,1204953,12541.0,0.0,85677.0,0,,0.0,,0.0,Sin Prestamo,Sin Prestamo,4,9514.0,2378.5,334,916236.0,904124.0,37935.161676,300.0,128389.0
3075,M,1941-05-05,57,OWNER,,74,Ostrava - mesto,north Moravia,323870,10673.0,5.0,18782.0,0,,0.0,,0.0,Sin Prestamo,Sin Prestamo,1,5492.0,5492.0,249,1196166.0,1106873.0,62957.200803,800.0,104309.0
3076,F,1962-11-17,36,OWNER,,57,Hodonin,south Moravia,161954,8720.0,4.0,3729.0,0,,0.0,,0.0,Sin Prestamo,Sin Prestamo,0,0.0,,165,254338.0,222545.0,30574.733333,300.0,50073.0
3077,F,1934-02-24,64,OWNER,,50,Svitavy,east Bohemia,102609,8187.0,5.0,2123.0,0,,0.0,,0.0,Sin Prestamo,Sin Prestamo,1,2085.0,2085.0,335,403314.0,346800.0,39087.450746,200.0,61276.0
3078,M,1932-01-31,66,DISPONENT,,50,Svitavy,east Bohemia,102609,8187.0,5.0,2123.0,0,,0.0,,0.0,Sin Prestamo,Sin Prestamo,0,0.0,,0,0.0,0.0,,,
3079,M,1943-05-19,55,OWNER,,67,Bruntal,north Moravia,106054,8110.0,6.0,3244.0,0,,0.0,,0.0,Sin Prestamo,Sin Prestamo,4,7347.0,1836.75,310,652486.0,556303.0,55978.66129,700.0,103420.0
3080,F,1951-07-27,47,OWNER,,5,Kolin,central Bohemia,95616,9307.0,4.0,2616.0,0,,0.0,,0.0,Sin Prestamo,Sin Prestamo,3,16809.0,5603.0,239,1448137.0,1368374.0,39427.171548,963.0,149587.0
3081,M,1945-03-02,53,DISPONENT,,5,Kolin,central Bohemia,95616,9307.0,4.0,2616.0,0,,0.0,,0.0,Sin Prestamo,Sin Prestamo,0,0.0,,0,0.0,0.0,,,
3082,F,1979-10-17,19,OWNER,,52,Usti nad Orlici,east Bohemia,139012,8363.0,3.0,2564.0,0,,0.0,,0.0,Sin Prestamo,Sin Prestamo,1,7035.0,7035.0,390,1297603.0,1222385.0,41071.082051,1000.0,83474.0
3083,M,1971-04-07,27,OWNER,,41,Usti nad Labem,north Bohemia,118650,9832.0,3.0,6445.0,0,,0.0,,0.0,Sin Prestamo,Sin Prestamo,1,9687.0,9687.0,223,788630.0,747179.0,27874.295964,1100.0,62013.0
3084,F,1951-08-24,47,OWNER,,23,Cheb,west Bohemia,87419,8624.0,2.0,2879.0,0,,0.0,,0.0,Sin Prestamo,Sin Prestamo,1,7607.0,7607.0,384,1779331.0,1721109.0,51032.276041,400.0,88226.0
3085,F,1946-06-29,52,OWNER,,62,Uherske Hradiste,south Moravia,145688,8544.0,1.0,2719.0,0,,0.0,,0.0,Sin Prestamo,Sin Prestamo,2,7725.0,3862.5,472,1482702.0,1398840.0,53194.211864,17581.0,90024.0
3086,M,1948-09-14,50,DISPONENT,,62,Uherske Hradiste,south Moravia,145688,8544.0,1.0,2719.0,0,,0.0,,0.0,Sin Prestamo,Sin Prestamo,0,0.0,,0,0.0,0.0,,,
3087,F,1959-09-21,39,OWNER,,46,Nachod,east Bohemia,112709,8369.0,2.0,2854.0,0,,0.0,,0.0,Sin Prestamo,Sin Prestamo,1,2006.0,2006.0,54,43451.0,30185.0,12695.814814,800.0,16378.0
3088,M,1950-06-11,48,OWNER,,40,Teplice,north Bohemia,128118,9317.0,6.0,6949.0,0,,0.0,,0.0,Sin Prestamo,Sin Prestamo,1,2806.0,2806.0,341,369580.0,347282.0,22616.806451,400.0,38656.0
3089,M,1974-07-26,24,OWNER,,46,Nachod,east Bohemia,112709,8369.0,2.0,2854.0,0,,0.0,,0.0,Sin Prestamo,Sin Prestamo,1,1982.0,1982.0,68,51753.0,33866.0,15054.911764,300.0,20009.0
3090,M,1968-11-17,30,OWNER,,32,Ceska Lipa,north Bohemia,105058,9272.0,3.0,4340.0,0,,0.0,,0.0,Sin Prestamo,Sin Prestamo,1,5123.0,5123.0,235,570131.0,513887.0,40145.493617,1000.0,69277.0
3091,F,1966-03-03,32,OWNER,,15,Cesky Krumlov,south Bohemia,58796,9045.0,3.0,1845.0,0,,0.0,,0.0,Sin Prestamo,Sin Prestamo,2,5591.0,2795.5,101,184040.0,159918.0,26600.772277,800.0,41010.0
3092,F,1967-11-06,31,OWNER,,59,Kromeriz,south Moravia,108871,8444.0,3.0,2595.0,0,,0.0,,0.0,Sin Prestamo,Sin Prestamo,1,7764.0,7764.0,143,621301.0,541338.0,43872.90909,1100.0,79970.0
3093,M,1966-02-21,32,OWNER,,35,Jablonec n. Nisou,north Bohemia,88768,8867.0,1.0,3384.0,0,,0.0,,0.0,Sin Prestamo,Sin Prestamo,1,2235.0,2235.0,188,137575.0,116250.0,16393.425531,900.0,22091.0
3094,M,1950-08-18,48,OWNER,,48,Rychnov nad Kneznou,east Bohemia,78955,9060.0,2.0,1655.0,0,,0.0,,0.0,Sin Prestamo,Sin Prestamo,1,2984.0,2984.0,272,371458.0,326882.0,35353.084558,300.0,55070.0
3095,M,1953-06-29,45,OWNER,,36,Liberec,north Bohemia,159617,9198.0,3.0,5796.0,0,,0.0,,0.0,Sin Prestamo,Sin Prestamo,1,8086.0,8086.0,95,406450.0,363180.0,32107.252631,1000.0,60097.0
3096,M,1982-02-27,16,OWNER,,74,Ostrava - mesto,north Moravia,323870,10673.0,5.0,18782.0,0,,0.0,,0.0,Sin Prestamo,Sin Prestamo,0,0.0,,194,251991.0,237460.0,20621.386597,400.0,60727.0
3097,M,1948-08-22,50,OWNER,,48,Rychnov nad Kneznou,east Bohemia,78955,9060.0,2.0,1655.0,0,,0.0,,0.0,Sin Prestamo,Sin Prestamo,0,0.0,,80,74704.0,68700.0,14369.75,800.0,25800.0
3098,M,1938-06-23,60,OWNER,,17,Pelhrimov,south Bohemia,74062,8114.0,2.0,1003.0,0,,0.0,,0.0,Sin Prestamo,Sin Prestamo,1,2574.0,2574.0,170,154408.0,130439.0,16442.6,700.0,32188.0
3099,M,1965-11-13,33,OWNER,,17,Pelhrimov,south Bohemia,74062,8114.0,2.0,1003.0,0,,0.0,,0.0,Sin Prestamo,Sin Prestamo,3,6620.0,2206.666666,445,1458686.0,1390961.0,39736.026966,600.0,74360.0
3100,M,1931-03-30,67,OWNER,,2,Benesov,central Bohemia,88884,8507.0,2.0,2159.0,0,,0.0,,0.0,Sin Prestamo,Sin Prestamo,2,2334.0,1167.0,351,372323.0,349771.0,24723.621082,1000.0,36026.0
3101,M,1941-12-13,57,OWNER,,1,Hl.m. Praha,Prague,1204953,12541.0,0.0,85677.0,0,,0.0,,0.0,Sin Prestamo,Sin Prestamo,1,2051.0,2051.0,168,113372.0,95096.0,16138.178571,400.0,20110.0
3102,F,1979-02-16,19,OWNER,,61,Trebic,south Moravia,117897,8814.0,5.0,2112.0,0,,0.0,,0.0,Sin Prestamo,Sin Prestamo,0,0.0,,121,1196597.0,1093866.0,68730.107438,700.0,135623.0
3103,F,1973-03-07,25,OWNER,,64,Zlin,south Moravia,197099,9624.0,2.0,4484.0,1,5494.0,360000.0,48.0,7500.0,C,Vigente,1,7500.0,7500.0,375,2670084.0,2578231.0,60046.6,600.0,137506.0
3104,F,1982-01-04,16,OWNER,,4,Kladno,central Bohemia,149893,9753.0,5.0,5244.0,0,,0.0,,0.0,Sin Prestamo,Sin Prestamo,0,0.0,,38,137879.0,124330.0,25214.210526,300.0,76899.0
3105,M,1947-08-17,51,OWNER,,68,Frydek - Mistek,north Moravia,228848,9893.0,4.0,5623.0,0,,0.0,,0.0,Sin Prestamo,Sin Prestamo,1,9546.0,9546.0,419,1250429.0,1141726.0,49900.828162,1100.0,116946.0
3106,F,1928-03-03,70,OWNER,,72,Olomouc,north Moravia,226122,8994.0,4.0,9672.0,0,,0.0,,0.0,Sin Prestamo,Sin Prestamo,2,2578.0,1289.0,114,134889.0,110645.0,20335.561403,1000.0,32992.0
3107,M,1960-11-16,38,OWNER,,30,Sokolov,west Bohemia,94812,9650.0,3.0,2985.0,0,,0.0,,0.0,Sin Prestamo,Sin Prestamo,1,8106.0,8106.0,397,2128678.0,2065044.0,44902.942065,500.0,129341.0
3108,F,1962-02-26,36,DISPONENT,,30,Sokolov,west Bohemia,94812,9650.0,3.0,2985.0,0,,0.0,,0.0,Sin Prestamo,Sin Prestamo,0,0.0,,0,0.0,0.0,,,
3109,F,1932-04-21,66,OWNER,,7,Melnik,central Bohemia,94725,9920.0,2.0,4289.0,0,,0.0,,0.0,Sin Prestamo,Sin Prestamo,1,3347.0,3347.0,197,248139.0,224629.0,23999.167512,1000.0,39451.0
3110,M,1931-02-27,67,OWNER,,54,Brno - mesto,south Moravia,387570,9897.0,2.0,18721.0,0,,0.0,,0.0,Sin Prestamo,Sin Prestamo,1,2846.0,2846.0,143,143895.0,123928.0,15575.468531,1100.0,22882.0
3111,F,1924-02-07,74,DISPONENT,,54,Brno - mesto,south Moravia,387570,9897.0,2.0,18721.0,0,,0.0,,0.0,Sin Prestamo,Sin Prestamo,0,0.0,,0,0.0,0.0,,,
3112,M,1939-09-12,59,OWNER,,24,Karlovy Vary,west Bohemia,122603,8991.0,1.0,5198.0,0,,0.0,,0.0,Sin Prestamo,Sin Prestamo,1,2688.0,2688.0,70,85775.0,67275.0,26784.2,200.0,36725.0
3113,F,1971-11-12,27,OWNER,,60,Prostejov,south Moravia,110643,8441.0,3.0,1879.0,1,5495.0,89340.0,60.0,1489.0,C,Vigente,2,6505.0,3252.5,249,545874.0,480460.0,53490.17269,500.0,90243.0
3114,M,1971-02-24,27,DISPONENT,,60,Prostejov,south Moravia,110643,8441.0,3.0,1879.0,0,,0.0,,0.0,Sin Prestamo,Sin Prestamo,0,0.0,,0,0.0,0.0,,,
3115,M,1961-11-30,37,OWNER,,72,Olomouc,north Moravia,226122,8994.0,4.0,9672.0,0,,0.0,,0.0,Sin Prestamo,Sin Prestamo,1,4769.0,4769.0,415,1515370.0,1419980.0,49255.231325,500.0,98535.0
3116,M,1951-09-09,47,OWNER,,28,Plzen - sever,west Bohemia,72541,8594.0,2.0,1580.0,0,,0.0,,0.0,Sin Prestamo,Sin Prestamo,2,3129.0,1564.5,422,1495238.0,1423649.0,52323.580568,500.0,91881.0
3117,F,1941-06-22,57,OWNER,,62,Uherske Hradiste,south Moravia,145688,8544.0,1.0,2719.0,0,,0.0,,0.0,Sin Prestamo,Sin Prestamo,1,415.0,415.0,115,112572.0,34500.0,47091.826086,1000.0,79326.0
3118,M,1940-07-09,58,DISPONENT,,62,Uherske Hradiste,south Moravia,145688,8544.0,1.0,2719.0,0,,0.0,,0.0,Sin Prestamo,Sin Prestamo,0,0.0,,0,0.0,0.0,,,
3119,F,1936-01-26,62,OWNER,,50,Svitavy,east Bohemia,102609,8187.0,5.0,2123.0,0,,0.0,,0.0,Sin Prestamo,Sin Prestamo,2,1576.0,788.0,394,281167.0,254991.0,17301.855329,200.0,28741.0
3120,M,1964-06-02,34,OWNER,,75,Prerov,north Moravia,138032,8819.0,5.0,4063.0,0,,0.0,,0.0,Sin Prestamo,Sin Prestamo,0,0.0,,338,1165378.0,1136290.0,28320.710059,-3503.0,61618.0
3121,F,1956-10-18,42,OWNER,,57,Hodonin,south Moravia,161954,8720.0,4.0,3729.0,0,,0.0,,0.0,Sin Prestamo,Sin Prestamo,0,0.0,,113,788921.0,705914.0,60546.778761,1000.0,137262.0
3122,M,1959-04-02,39,DISPONENT,,57,Hodonin,south Moravia,161954,8720.0,4.0,3729.0,0,,0.0,,0.0,Sin Prestamo,Sin Prestamo,0,0.0,,0,0.0,0.0,,,
3123,M,1979-07-25,19,OWNER,,1,Hl.m. Praha,Prague,1204953,12541.0,0.0,85677.0,0,,0.0,,0.0,Sin Prestamo,Sin Prestamo,0,0.0,,78,171656.0,157180.0,17177.743589,-332.0,40412.0
3124,F,1958-01-02,40,OWNER,,5,Kolin,central Bohemia,95616,9307.0,4.0,2616.0,0,,0.0,,0.0,Sin Prestamo,Sin Prestamo,1,6509.0,6509.0,354,1181450.0,1123673.0,43220.59322,200.0,82462.0
3125,F,1922-10-30,76,OWNER,,10,Praha - vychod,central Bohemia,92084,10124.0,1.0,3810.0,0,,0.0,,0.0,Sin Prestamo,Sin Prestamo,2,3694.0,1847.0,134,140621.0,126748.0,14534.11194,700.0,24801.0
3126,M,1938-01-13,60,OWNER,,47,Pardubice,east Bohemia,162580,9538.0,2.0,6079.0,0,,0.0,,0.0,Sin Prestamo,Sin Prestamo,3,2020.0,673.333333,158,77803.0,65310.0,14765.892405,700.0,19352.0
3127,F,1920-06-18,78,OWNER,,1,Hl.m. Praha,Prague,1204953,12541.0,0.0,85677.0,0,,0.0,,0.0,Sin Prestamo,Sin Prestamo,1,3301.0,3301.0,163,186424.0,160572.0,20919.220858,800.0,29176.0
3128,F,1944-02-09,54,OWNER,,69,Jesenik,north Moravia,42821,8173.0,,,0,,0.0,,0.0,Sin Prestamo,Sin Prestamo,1,5129.0,5129.0,374,892647.0,803525.0,53270.839572,600.0,95344.0
3129,F,1946-08-01,52,OWNER,,5,Kolin,central Bohemia,95616,9307.0,4.0,2616.0,0,,0.0,,0.0,Sin Prestamo,Sin Prestamo,1,7300.0,7300.0,174,636329.0,591255.0,32382.321839,14022.0,65390.0
3130,F,1955-05-31,43,OWNER,,19,Prachatice,south Bohemia,51428,8402.0,3.0,999.0,0,,0.0,,0.0,Sin Prestamo,Sin Prestamo,3,12607.0,4202.333333,120,758736.0,695649.0,49808.175,400.0,131058.0
3131,F,1935-06-14,63,OWNER,,1,Hl.m. Praha,Prague,1204953,12541.0,0.0,85677.0,0,,0.0,,0.0,Sin Prestamo,Sin Prestamo,1,3481.0,3481.0,67,110957.0,76786.0,25024.373134,300.0,34177.0
3132,F,1975-03-24,23,OWNER,,1,Hl.m. Praha,Prague,1204953,12541.0,0.0,85677.0,0,,0.0,,0.0,Sin Prestamo,Sin Prestamo,1,2285.0,2285.0,246,183114.0,155660.0,22268.308943,200.0,31128.0
3133,F,1973-04-20,25,OWNER,,31,Tachov,west Bohemia,51313,8930.0,4.0,1328.0,0,,0.0,,0.0,Sin Prestamo,Sin Prestamo,2,3355.0,1677.5,130,459579.0,436415.0,37810.2,600.0,68274.0
3134,M,1938-05-04,60,OWNER,,1,Hl.m. Praha,Prague,1204953,12541.0,0.0,85677.0,0,,0.0,,0.0,Sin Prestamo,Sin Prestamo,0,0.0,,207,1421496.0,1312942.0,55289.990338,-1165.0,146063.0
3135,M,1969-01-06,29,OWNER,,48,Rychnov nad Kneznou,east Bohemia,78955,9060.0,2.0,1655.0,0,,0.0,,0.0,Sin Prestamo,Sin Prestamo,0,0.0,,293,1471159.0,1346533.0,41763.126279,-6855.0,165026.0
3136,M,1963-12-18,35,OWNER,,1,Hl.m. Praha,Prague,1204953,12541.0,0.0,85677.0,0,,0.0,,0.0,Sin Prestamo,Sin Prestamo,1,4379.0,4379.0,263,2077346.0,1993189.0,73472.783269,1000.0,166758.0
3137,M,1947-02-26,51,OWNER,,70,Karvina,north Moravia,285387,10177.0,7.0,9878.0,0,,0.0,,0.0,Sin Prestamo,Sin Prestamo,0,0.0,,24,40000.0,19900.0,14625.0,200.0,20100.0
3138,F,1943-08-12,55,DISPONENT,,70,Karvina,north Moravia,285387,10177.0,7.0,9878.0,0,,0.0,,0.0,Sin Prestamo,Sin Prestamo,0,0.0,,0,0.0,0.0,,,
3139,F,1956-09-23,42,OWNER,,46,Nachod,east Bohemia,112709,8369.0,2.0,2854.0,0,,0.0,,0.0,Sin Prestamo,Sin Prestamo,2,5405.0,2702.5,195,412570.0,356540.0,39587.902564,300.0,58691.0
3140,M,1959-04-13,39,DISPONENT,,46,Nachod,east Bohemia,112709,8369.0,2.0,2854.0,0,,0.0,,0.0,Sin Prestamo,Sin Prestamo,0,0.0,,0,0.0,0.0,,,
3141,F,1925-11-09,73,OWNER,,9,Nymburk,central Bohemia,81344,8899.0,3.0,2987.0,0,,0.0,,0.0,Sin Prestamo,Sin Prestamo,1,3210.0,3210.0,138,165249.0,134225.0,23096.384057,300.0,34692.0
3142,M,1919-03-18,79,OWNER,,68,Frydek - Mistek,north Moravia,228848,9893.0,4.0,5623.0,0,,0.0,,0.0,Sin Prestamo,Sin Prestamo,1,3965.0,3965.0,146,188388.0,162315.0,22286.739726,700.0,33457.0
3143,F,1944-02-02,54,OWNER,,21,Tabor,south Bohemia,103347,9104.0,2.0,2299.0,0,,0.0,,0.0,Sin Prestamo,Sin Prestamo,1,4245.0,4245.0,189,281888.0,243045.0,22973.0,1000.0,42937.0
3144,M,1919-08-04,79,OWNER,,1,Hl.m. Praha,Prague,1204953,12541.0,0.0,85677.0,0,,0.0,,0.0,Sin Prestamo,Sin Prestamo,2,2474.0,1237.0,298,244050.0,213396.0,22636.828859,1100.0,35193.0
3145,F,1921-11-04,77,DISPONENT,,1,Hl.m. Praha,Prague,1204953,12541.0,0.0,85677.0,0,,0.0,,0.0,Sin Prestamo,Sin Prestamo,0,0.0,,0,0.0,0.0,,,
3146,M,1948-07-15,50,OWNER,,1,Hl.m. Praha,Prague,1204953,12541.0,0.0,85677.0,0,,0.0,,0.0,Sin Prestamo,Sin Prestamo,4,4640.0,1160.0,111,191789.0,171185.0,25079.45045,200.0,45577.0
3147,F,1964-04-26,34,OWNER,,19,Prachatice,south Bohemia,51428,8402.0,3.0,999.0,0,,0.0,,0.0,Sin Prestamo,Sin Prestamo,1,4788.0,4788.0,231,404550.0,376876.0,26323.580086,600.0,41426.0
3148,M,1942-04-04,56,OWNER,,3,Beroun,central Bohemia,75232,8980.0,2.0,2824.0,0,,0.0,,0.0,Sin Prestamo,Sin Prestamo,1,4882.0,4882.0,347,2294138.0,2238594.0,50116.463976,1000.0,149566.0
3149,F,1935-01-09,63,DISPONENT,,3,Beroun,central Bohemia,75232,8980.0,2.0,2824.0,0,,0.0,,0.0,Sin Prestamo,Sin Prestamo,0,0.0,,0,0.0,0.0,,,
3150,F,1932-07-24,66,OWNER,,54,Brno - mesto,south Moravia,387570,9897.0,2.0,18721.0,0,,0.0,,0.0,Sin Prestamo,Sin Prestamo,1,1842.0,1842.0,113,167085.0,124315.0,26113.761061,300.0,45892.0
3151,F,1951-07-27,47,OWNER,,1,Hl.m. Praha,Prague,1204953,12541.0,0.0,85677.0,0,,0.0,,0.0,Sin Prestamo,Sin Prestamo,0,0.0,,145,588591.0,520835.0,65490.0,300.0,97655.0
3152,M,1936-10-04,62,OWNER,,1,Hl.m. Praha,Prague,1204953,12541.0,0.0,85677.0,0,,0.0,,0.0,Sin Prestamo,Sin Prestamo,1,2260.0,2260.0,97,501516.0,463204.0,40391.824742,300.0,73683.0
3153,M,1924-06-17,74,OWNER,,26,Plzen - mesto,west Bohemia,170449,10787.0,3.0,6041.0,0,,0.0,,0.0,Sin Prestamo,Sin Prestamo,2,3095.0,1547.5,357,319419.0,300215.0,21216.352941,300.0,36898.0
3154,F,1926-02-21,72,DISPONENT,,26,Plzen - mesto,west Bohemia,170449,10787.0,3.0,6041.0,0,,0.0,,0.0,Sin Prestamo,Sin Prestamo,0,0.0,,0,0.0,0.0,,,
3155,F,1973-04-08,25,OWNER,,44,Chrudim,east Bohemia,105606,8254.0,3.0,2166.0,0,,0.0,,0.0,Sin Prestamo,Sin Prestamo,1,2152.0,2152.0,124,92826.0,77691.0,13782.927419,900.0,18548.0
3156,F,1954-11-02,44,OWNER,,68,Frydek - Mistek,north Moravia,228848,9893.0,4.0,5623.0,0,,0.0,,0.0,Sin Prestamo,Sin Prestamo,0,0.0,,233,612257.0,549520.0,30031.982832,400.0,65810.0
3157,F,1942-02-26,56,OWNER,,1,Hl.m. Praha,Prague,1204953,12541.0,0.0,85677.0,0,,0.0,,0.0,Sin Prestamo,Sin Prestamo,1,8188.0,8188.0,376,1423135.0,1403045.0,32313.598404,900.0,70302.0
3158,F,1940-11-25,58,OWNER,,1,Hl.m. Praha,Prague,1204953,12541.0,0.0,85677.0,0,,0.0,,0.0,Sin Prestamo,Sin Prestamo,2,2033.0,1016.5,338,197702.0,178364.0,20572.461538,400.0,28134.0
3159,M,1930-10-27,68,OWNER,,24,Karlovy Vary,west Bohemia,122603,8991.0,1.0,5198.0,0,,0.0,,0.0,Sin Prestamo,Sin Prestamo,1,3223.0,3223.0,351,458975.0,428842.0,20233.547008,600.0,33242.0
3160,M,1951-06-29,47,OWNER,,20,Strakonice,south Bohemia,70646,8547.0,3.0,1563.0,0,,0.0,,0.0,Sin Prestamo,Sin Prestamo,1,5454.0,5454.0,154,394835.0,354974.0,30011.993506,1100.0,47255.0
3161,M,1980-11-18,18,OWNER,,66,Zdar nad Sazavou,south Moravia,125832,8512.0,4.0,2247.0,0,,0.0,,0.0,Sin Prestamo,Sin Prestamo,1,3855.0,3855.0,370,509947.0,457300.0,26110.429729,500.0,55331.0
3162,M,1960-05-17,38,OWNER,,55,Brno - venkov,south Moravia,157042,8743.0,2.0,3659.0,0,,0.0,,0.0,Sin Prestamo,Sin Prestamo,1,2819.0,2819.0,183,198146.0,182502.0,16383.360655,200.0,31042.0
3163,F,1964-05-26,34,OWNER,,1,Hl.m. Praha,Prague,1204953,12541.0,0.0,85677.0,1,5501.0,136344.0,24.0,5681.0,C,Vigente,2,12748.0,6374.0,179,446151.0,416060.0,34076.905027,300.0,57858.0
3164,M,1962-09-10,36,DISPONENT,,1,Hl.m. Praha,Prague,1204953,12541.0,0.0,85677.0,0,,0.0,,0.0,Sin Prestamo,Sin Prestamo,0,0.0,,0,0.0,0.0,,,
3165,F,1976-09-01,22,OWNER,,3,Beroun,central Bohemia,75232,8980.0,2.0,2824.0,0,,0.0,,0.0,Sin Prestamo,Sin Prestamo,1,2891.0,2891.0,367,474846.0,404208.0,38591.708446,400.0,70986.0
3166,M,1955-06-14,43,OWNER,,31,Tachov,west Bohemia,51313,8930.0,4.0,1328.0,0,,0.0,,0.0,Sin Prestamo,Sin Prestamo,1,10744.0,10744.0,199,1031962.0,966679.0,51573.261306,400.0,95360.0
3167,F,1943-09-08,55,OWNER,,48,Rychnov nad Kneznou,east Bohemia,78955,9060.0,2.0,1655.0,0,,0.0,,0.0,Sin Prestamo,Sin Prestamo,2,6900.0,3450.0,233,1626972.0,1575549.0,61017.124463,400.0,142891.0
3170,M,1921-02-21,77,OWNER,,76,Sumperk,north Moravia,127369,8369.0,5.0,3736.0,0,,0.0,,0.0,Sin Prestamo,Sin Prestamo,2,2140.0,1070.0,291,251080.0,228461.0,22418.646048,600.0,40172.0
3171,F,1924-04-26,74,DISPONENT,,76,Sumperk,north Moravia,127369,8369.0,5.0,3736.0,0,,0.0,,0.0,Sin Prestamo,Sin Prestamo,0,0.0,,0,0.0,0.0,,,
3172,M,1951-12-23,47,OWNER,,64,Zlin,south Moravia,197099,9624.0,2.0,4484.0,0,,0.0,,0.0,Sin Prestamo,Sin Prestamo,1,3090.0,3090.0,364,2374119.0,2365459.0,49669.521978,-379.0,142420.0
3173,F,1946-04-18,52,OWNER,,66,Zdar nad Sazavou,south Moravia,125832,8512.0,4.0,2247.0,0,,0.0,,0.0,Sin Prestamo,Sin Prestamo,0,0.0,,132,561458.0,514725.0,39413.5,1000.0,62945.0
3174,M,1952-11-16,46,DISPONENT,,66,Zdar nad Sazavou,south Moravia,125832,8512.0,4.0,2247.0,0,,0.0,,0.0,Sin Prestamo,Sin Prestamo,0,0.0,,0,0.0,0.0,,,
3175,F,1950-07-19,48,OWNER,,64,Zlin,south Moravia,197099,9624.0,2.0,4484.0,0,,0.0,,0.0,Sin Prestamo,Sin Prestamo,0,0.0,,181,776367.0,744665.0,29780.104972,400.0,60062.0
3176,M,1937-07-07,61,OWNER,,1,Hl.m. Praha,Prague,1204953,12541.0,0.0,85677.0,0,,0.0,,0.0,Sin Prestamo,Sin Prestamo,1,2125.0,2125.0,150,117155.0,82235.0,23832.933333,900.0,37149.0
3177,M,1938-08-12,60,OWNER,,24,Karlovy Vary,west Bohemia,122603,8991.0,1.0,5198.0,0,,0.0,,0.0,Sin Prestamo,Sin Prestamo,3,4383.0,1461.0,564,1129547.0,1066608.0,34629.734042,1100.0,65853.0
3178,F,1969-08-01,29,OWNER,,25,Klatovy,west Bohemia,88757,8554.0,2.0,1822.0,0,,0.0,,0.0,Sin Prestamo,Sin Prestamo,0,0.0,,232,2319974.0,2271118.0,74686.612068,1100.0,157741.0
3179,F,1948-03-12,50,OWNER,,45,Jicin,east Bohemia,77917,8390.0,2.0,2080.0,0,,0.0,,0.0,Sin Prestamo,Sin Prestamo,0,0.0,,58,315435.0,221335.0,51749.017241,600.0,94834.0
3180,M,1944-09-30,54,DISPONENT,,45,Jicin,east Bohemia,77917,8390.0,2.0,2080.0,0,,0.0,,0.0,Sin Prestamo,Sin Prestamo,0,0.0,,0,0.0,0.0,,,
3181,M,1943-02-15,55,OWNER,,27,Plzen - jih,west Bohemia,67298,8561.0,1.0,1029.0,0,,0.0,,0.0,Sin Prestamo,Sin Prestamo,0,0.0,,183,1152442.0,1102727.0,61821.655737,700.0,113376.0
3182,F,1925-04-22,73,OWNER,,18,Pisek,south Bohemia,70699,8968.0,3.0,1740.0,0,,0.0,,0.0,Sin Prestamo,Sin Prestamo,1,3254.0,3254.0,105,124290.0,103930.0,17994.07619,600.0,25010.0
3183,M,1980-02-24,18,OWNER,,70,Karvina,north Moravia,285387,10177.0,7.0,9878.0,0,,0.0,,0.0,Sin Prestamo,Sin Prestamo,1,5194.0,5194.0,126,469442.0,427151.0,33526.341269,500.0,57303.0
3184,F,1959-12-01,39,OWNER,,5,Kolin,central Bohemia,95616,9307.0,4.0,2616.0,0,,0.0,,0.0,Sin Prestamo,Sin Prestamo,3,6284.0,2094.666666,417,1221101.0,1134590.0,45858.947242,1100.0,87492.0
3185,F,1972-11-26,26,OWNER,,17,Pelhrimov,south Bohemia,74062,8114.0,2.0,1003.0,0,,0.0,,0.0,Sin Prestamo,Sin Prestamo,1,8633.0,8633.0,405,1808051.0,1746124.0,36606.945679,800.0,71889.0
3186,F,1955-01-14,43,OWNER,,1,Hl.m. Praha,Prague,1204953,12541.0,0.0,85677.0,0,,0.0,,0.0,Sin Prestamo,Sin Prestamo,1,8872.0,8872.0,150,494286.0,424086.0,54242.433333,600.0,95282.0
3187,M,1952-09-02,46,OWNER,,7,Melnik,central Bohemia,94725,9920.0,2.0,4289.0,0,,0.0,,0.0,Sin Prestamo,Sin Prestamo,1,5126.0,5126.0,398,1605222.0,1492909.0,65946.180904,700.0,117023.0
3188,F,1976-05-19,22,OWNER,,68,Frydek - Mistek,north Moravia,228848,9893.0,4.0,5623.0,0,,0.0,,0.0,Sin Prestamo,Sin Prestamo,3,3899.0,1299.666666,325,623170.0,619209.0,27069.803076,-651.0,49685.0
3190,F,1920-11-01,78,OWNER,,1,Hl.m. Praha,Prague,1204953,12541.0,0.0,85677.0,0,,0.0,,0.0,Sin Prestamo,Sin Prestamo,2,2687.0,1343.5,88,86559.0,59077.0,20348.647727,600.0,31082.0
3191,F,1975-11-05,23,OWNER,,56,Breclav,south Moravia,124605,8772.0,5.0,2854.0,0,,0.0,,0.0,Sin Prestamo,Sin Prestamo,5,8212.0,1642.4,555,884909.0,850334.0,34246.358558,600.0,55953.0
3192,M,1939-07-14,59,OWNER,,6,Kutna Hora,central Bohemia,77963,8546.0,3.0,2640.0,0,,0.0,,0.0,Sin Prestamo,Sin Prestamo,4,10066.0,2516.5,129,878772.0,816165.0,57797.333333,1000.0,121751.0
3193,F,1950-02-22,48,OWNER,,28,Plzen - sever,west Bohemia,72541,8594.0,2.0,1580.0,0,,0.0,,0.0,Sin Prestamo,Sin Prestamo,1,5303.0,5303.0,427,1081864.0,977088.0,51734.414519,400.0,144584.0
3194,F,1975-08-17,23,OWNER,,51,Trutnov,east Bohemia,121947,8541.0,3.0,3496.0,0,,0.0,,0.0,Sin Prestamo,Sin Prestamo,0,0.0,,212,380614.0,340965.0,30452.981132,400.0,71898.0
3195,F,1971-06-13,27,OWNER,,2,Benesov,central Bohemia,88884,8507.0,2.0,2159.0,0,,0.0,,0.0,Sin Prestamo,Sin Prestamo,4,6951.0,1737.75,546,821181.0,752788.0,44138.351648,10427.0,79581.0
3196,F,1978-08-14,20,OWNER,,72,Olomouc,north Moravia,226122,8994.0,4.0,9672.0,0,,0.0,,0.0,Sin Prestamo,Sin Prestamo,1,4563.0,4563.0,186,635491.0,558024.0,45916.172043,800.0,77478.0
3197,M,1958-07-10,40,OWNER,,1,Hl.m. Praha,Prague,1204953,12541.0,0.0,85677.0,0,,0.0,,0.0,Sin Prestamo,Sin Prestamo,2,14455.0,7227.5,416,2715241.0,2690463.0,47345.189903,200.0,98687.0
3198,F,1953-03-05,45,DISPONENT,,1,Hl.m. Praha,Prague,1204953,12541.0,0.0,85677.0,0,,0.0,,0.0,Sin Prestamo,Sin Prestamo,0,0.0,,0,0.0,0.0,,,
3199,F,1957-12-18,41,OWNER,,1,Hl.m. Praha,Prague,1204953,12541.0,0.0,85677.0,0,,0.0,,0.0,Sin Prestamo,Sin Prestamo,2,8086.0,4043.0,188,669956.0,619035.0,42788.542553,900.0,81403.0
3200,M,1954-11-15,44,DISPONENT,,1,Hl.m. Praha,Prague,1204953,12541.0,0.0,85677.0,0,,0.0,,0.0,Sin Prestamo,Sin Prestamo,0,0.0,,0,0.0,0.0,,,
3201,F,1953-08-06,45,OWNER,,66,Zdar nad Sazavou,south Moravia,125832,8512.0,4.0,2247.0,0,,0.0,,0.0,Sin Prestamo,Sin Prestamo,2,8590.0,4295.0,148,605458.0,531505.0,50685.209459,200.0,75992.0
3202,M,1922-07-19,76,OWNER,,56,Breclav,south Moravia,124605,8772.0,5.0,2854.0,0,,0.0,,0.0,Sin Prestamo,Sin Prestamo,1,3861.0,3861.0,272,332822.0,314669.0,21533.305147,900.0,33664.0
3203,F,1959-04-23,39,OWNER,,1,Hl.m. Praha,Prague,1204953,12541.0,0.0,85677.0,0,,0.0,,0.0,Sin Prestamo,Sin Prestamo,4,6544.0,1636.0,208,609718.0,580428.0,42105.182692,1100.0,86493.0
3204,M,1956-03-26,42,DISPONENT,,1,Hl.m. Praha,Prague,1204953,12541.0,0.0,85677.0,0,,0.0,,0.0,Sin Prestamo,Sin Prestamo,0,0.0,,0,0.0,0.0,,,
3205,F,1921-06-25,77,OWNER,,1,Hl.m. Praha,Prague,1204953,12541.0,0.0,85677.0,0,,0.0,,0.0,Sin Prestamo,Sin Prestamo,2,2127.0,1063.5,115,113626.0,81734.0,23017.617391,900.0,32805.0
3206,M,1921-05-21,77,DISPONENT,,1,Hl.m. Praha,Prague,1204953,12541.0,0.0,85677.0,0,,0.0,,0.0,Sin Prestamo,Sin Prestamo,0,0.0,,0,0.0,0.0,,,
3207,F,1925-12-03,73,OWNER,,55,Brno - venkov,south Moravia,157042,8743.0,2.0,3659.0,0,,0.0,,0.0,Sin Prestamo,Sin Prestamo,1,2174.0,2174.0,119,118369.0,90128.0,23018.563025,400.0,32211.0
3208,M,1947-02-06,51,OWNER,,27,Plzen - jih,west Bohemia,67298,8561.0,1.0,1029.0,0,,0.0,,0.0,Sin Prestamo,Sin Prestamo,3,2270.0,756.666666,64,45946.0,24780.0,17475.6875,1000.0,23978.0
3209,F,1939-01-03,59,DISPONENT,,27,Plzen - jih,west Bohemia,67298,8561.0,1.0,1029.0,0,,0.0,,0.0,Sin Prestamo,Sin Prestamo,0,0.0,,0,0.0,0.0,,,
3210,M,1963-08-30,35,OWNER,,14,Ceske Budejovice,south Bohemia,177686,10045.0,1.0,6604.0,0,,0.0,,0.0,Sin Prestamo,Sin Prestamo,0,0.0,,160,286192.0,240620.0,36933.56875,600.0,62978.0
3211,F,1967-08-07,31,OWNER,,17,Pelhrimov,south Bohemia,74062,8114.0,2.0,1003.0,0,,0.0,,0.0,Sin Prestamo,Sin Prestamo,0,0.0,,387,2822030.0,2794227.0,46953.459948,-8961.0,145798.0
3213,M,1941-10-04,57,OWNER,,1,Hl.m. Praha,Prague,1204953,12541.0,0.0,85677.0,0,,0.0,,0.0,Sin Prestamo,Sin Prestamo,1,4764.0,4764.0,116,221797.0,200543.0,19673.551724,800.0,34913.0
3214,M,1922-05-12,76,OWNER,,71,Novy Jicin,north Moravia,161227,8678.0,6.0,4980.0,0,,0.0,,0.0,Sin Prestamo,Sin Prestamo,1,3625.0,3625.0,257,307690.0,278310.0,20871.929961,600.0,30278.0
3215,F,1936-05-06,62,OWNER,,64,Zlin,south Moravia,197099,9624.0,2.0,4484.0,0,,0.0,,0.0,Sin Prestamo,Sin Prestamo,1,3877.0,3877.0,235,303814.0,270624.0,21770.902127,700.0,33870.0
3216,M,1959-11-28,39,OWNER,,58,Jihlava,south Moravia,109164,8757.0,3.0,2212.0,0,,0.0,,0.0,Sin Prestamo,Sin Prestamo,2,3928.0,1964.0,404,994363.0,911250.0,47384.160891,400.0,87822.0
3217,M,1977-05-02,21,OWNER,,61,Trebic,south Moravia,117897,8814.0,5.0,2112.0,0,,0.0,,0.0,Sin Prestamo,Sin Prestamo,0,0.0,,398,508043.0,488100.0,33531.891959,800.0,92548.0
3218,M,1965-12-16,33,OWNER,,49,Semily,east Bohemia,75685,8208.0,2.0,1660.0,0,,0.0,,0.0,Sin Prestamo,Sin Prestamo,2,1934.0,967.0,402,208565.0,190705.0,17241.955223,600.0,24428.0
3219,F,1959-10-18,39,DISPONENT,,49,Semily,east Bohemia,75685,8208.0,2.0,1660.0,0,,0.0,,0.0,Sin Prestamo,Sin Prestamo,0,0.0,,0,0.0,0.0,,,
3220,M,1957-02-17,41,OWNER,,23,Cheb,west Bohemia,87419,8624.0,2.0,2879.0,0,,0.0,,0.0,Sin Prestamo,Sin Prestamo,1,2180.0,2180.0,291,207619.0,182295.0,17912.525773,700.0,27600.0
3221,F,1953-07-16,45,DISPONENT,,23,Cheb,west Bohemia,87419,8624.0,2.0,2879.0,0,,0.0,,0.0,Sin Prestamo,Sin Prestamo,0,0.0,,0,0.0,0.0,,,
3222,M,1977-05-06,21,OWNER,,21,Tabor,south Bohemia,103347,9104.0,2.0,2299.0,0,,0.0,,0.0,Sin Prestamo,Sin Prestamo,1,9884.0,9884.0,100,316359.0,290170.0,37526.64,900.0,63880.0
3225,M,1957-03-17,41,OWNER,,13,Rakovnik,central Bohemia,53921,8598.0,3.0,1597.0,0,,0.0,,0.0,Sin Prestamo,Sin Prestamo,2,8732.0,4366.0,432,1889824.0,1850214.0,43045.555555,1100.0,84562.0
3226,M,1951-11-22,47,OWNER,,1,Hl.m. Praha,Prague,1204953,12541.0,0.0,85677.0,0,,0.0,,0.0,Sin Prestamo,Sin Prestamo,1,1984.0,1984.0,345,259463.0,220566.0,26978.150724,400.0,39152.0
3227,F,1950-10-28,48,OWNER,,59,Kromeriz,south Moravia,108871,8444.0,3.0,2595.0,0,,0.0,,0.0,Sin Prestamo,Sin Prestamo,2,2322.0,1161.0,101,74541.0,57093.0,14013.554455,300.0,18749.0
3228,M,1957-02-22,41,OWNER,,34,Chomutov,north Bohemia,125236,9675.0,6.0,5323.0,0,,0.0,,0.0,Sin Prestamo,Sin Prestamo,2,5870.0,2935.0,402,823085.0,790845.0,34007.679104,900.0,57369.0
3229,M,1979-04-18,19,OWNER,,50,Svitavy,east Bohemia,102609,8187.0,5.0,2123.0,0,,0.0,,0.0,Sin Prestamo,Sin Prestamo,0,0.0,,198,284892.0,266575.0,29120.722222,1000.0,64202.0
3230,F,1982-06-06,16,OWNER,,1,Hl.m. Praha,Prague,1204953,12541.0,0.0,85677.0,0,,0.0,,0.0,Sin Prestamo,Sin Prestamo,0,0.0,,145,336252.0,321180.0,25455.172413,900.0,69279.0
3231,M,1961-06-03,37,OWNER,,21,Tabor,south Bohemia,103347,9104.0,2.0,2299.0,0,,0.0,,0.0,Sin Prestamo,Sin Prestamo,3,5197.0,1732.333333,547,1200217.0,1142111.0,36429.67276,200.0,67510.0
3232,M,1976-11-05,22,OWNER,,5,Kolin,central Bohemia,95616,9307.0,4.0,2616.0,0,,0.0,,0.0,Sin Prestamo,Sin Prestamo,4,6324.0,1581.0,213,615069.0,573615.0,33911.352112,900.0,70367.0
3233,M,1980-11-30,18,OWNER,,1,Hl.m. Praha,Prague,1204953,12541.0,0.0,85677.0,0,,0.0,,0.0,Sin Prestamo,Sin Prestamo,1,3793.0,3793.0,87,704963.0,643365.0,48181.436781,200.0,113971.0
3234,F,1919-08-04,79,OWNER,,67,Bruntal,north Moravia,106054,8110.0,6.0,3244.0,0,,0.0,,0.0,Sin Prestamo,Sin Prestamo,1,3842.0,3842.0,73,115530.0,85654.0,20850.109589,1100.0,30415.0
3235,F,1950-06-12,48,OWNER,,46,Nachod,east Bohemia,112709,8369.0,2.0,2854.0,0,,0.0,,0.0,Sin Prestamo,Sin Prestamo,0,0.0,,249,964324.0,915720.0,32192.582329,-1904.0,78728.0
3236,F,1960-04-15,38,OWNER,,28,Plzen - sever,west Bohemia,72541,8594.0,2.0,1580.0,0,,0.0,,0.0,Sin Prestamo,Sin Prestamo,2,6222.0,3111.0,279,1233334.0,1138096.0,62084.473118,1100.0,101447.0
3239,F,1981-11-16,17,OWNER,,7,Melnik,central Bohemia,94725,9920.0,2.0,4289.0,0,,0.0,,0.0,Sin Prestamo,Sin Prestamo,0,0.0,,79,133127.0,92030.0,29770.531645,1100.0,60995.0
3240,F,1937-12-10,61,OWNER,,67,Bruntal,north Moravia,106054,8110.0,6.0,3244.0,0,,0.0,,0.0,Sin Prestamo,Sin Prestamo,1,2576.0,2576.0,108,124484.0,97867.0,21012.564814,200.0,31966.0
3241,M,1934-09-14,64,OWNER,,26,Plzen - mesto,west Bohemia,170449,10787.0,3.0,6041.0,0,,0.0,,0.0,Sin Prestamo,Sin Prestamo,1,1996.0,1996.0,174,215625.0,199207.0,17756.482758,5896.0,29870.0
3242,F,1937-03-04,61,DISPONENT,,26,Plzen - mesto,west Bohemia,170449,10787.0,3.0,6041.0,0,,0.0,,0.0,Sin Prestamo,Sin Prestamo,0,0.0,,0,0.0,0.0,,,
3243,F,1920-09-30,78,OWNER,,71,Novy Jicin,north Moravia,161227,8678.0,6.0,4980.0,0,,0.0,,0.0,Sin Prestamo,Sin Prestamo,1,3830.0,3830.0,336,425081.0,395045.0,22295.70238,1100.0,33874.0
3244,M,1933-09-29,65,OWNER,,72,Olomouc,north Moravia,226122,8994.0,4.0,9672.0,0,,0.0,,0.0,Sin Prestamo,Sin Prestamo,1,2802.0,2802.0,204,196034.0,181079.0,14795.622549,200.0,25142.0
3245,M,1952-12-02,46,OWNER,,70,Karvina,north Moravia,285387,10177.0,7.0,9878.0,0,,0.0,,0.0,Sin Prestamo,Sin Prestamo,2,4848.0,2424.0,151,526606.0,480345.0,52192.02649,1100.0,80132.0
3246,M,1931-04-20,67,OWNER,,66,Zdar nad Sazavou,south Moravia,125832,8512.0,4.0,2247.0,0,,0.0,,0.0,Sin Prestamo,Sin Prestamo,1,2017.0,2017.0,103,141696.0,118959.0,27128.45631,600.0,44937.0
3247,F,1958-04-21,40,OWNER,,69,Jesenik,north Moravia,42821,8173.0,,,0,,0.0,,0.0,Sin Prestamo,Sin Prestamo,1,1370.0,1370.0,103,59597.0,47400.0,24212.184466,700.0,33698.0
3248,F,1929-08-02,69,OWNER,,28,Plzen - sever,west Bohemia,72541,8594.0,2.0,1580.0,0,,0.0,,0.0,Sin Prestamo,Sin Prestamo,1,3386.0,3386.0,170,216637.0,180718.0,30831.47647,1100.0,46031.0
3249,M,1959-01-20,39,OWNER,,17,Pelhrimov,south Bohemia,74062,8114.0,2.0,1003.0,0,,0.0,,0.0,Sin Prestamo,Sin Prestamo,1,5852.0,5852.0,60,231691.0,173416.0,45041.9,1100.0,61862.0
3250,F,1962-01-20,36,DISPONENT,,17,Pelhrimov,south Bohemia,74062,8114.0,2.0,1003.0,0,,0.0,,0.0,Sin Prestamo,Sin Prestamo,0,0.0,,0,0.0,0.0,,,
3251,F,1962-12-28,36,OWNER,True,52,Usti nad Orlici,east Bohemia,139012,8363.0,3.0,2564.0,1,5519.0,91632.0,12.0,7636.0,A,Cerrado,2,11168.0,5584.0,473,1414151.0,1331919.0,47918.044397,700.0,98393.0
3252,M,1961-03-26,37,DISPONENT,True,52,Usti nad Orlici,east Bohemia,139012,8363.0,3.0,2564.0,0,,0.0,,0.0,Sin Prestamo,Sin Prestamo,0,0.0,,0,0.0,0.0,,,
3253,M,1946-07-02,52,OWNER,,70,Karvina,north Moravia,285387,10177.0,7.0,9878.0,0,,0.0,,0.0,Sin Prestamo,Sin Prestamo,1,3923.0,3923.0,366,1442999.0,1356724.0,57182.631147,700.0,110825.0
3254,M,1930-02-13,68,OWNER,,1,Hl.m. Praha,Prague,1204953,12541.0,0.0,85677.0,0,,0.0,,0.0,Sin Prestamo,Sin Prestamo,1,3115.0,3115.0,97,109567.0,88480.0,18236.030927,600.0,26300.0
3255,F,1970-01-04,28,OWNER,,8,Mlada Boleslav,central Bohemia,112065,11277.0,1.0,5179.0,0,,0.0,,0.0,Sin Prestamo,Sin Prestamo,3,4149.0,1383.0,503,596283.0,521144.0,37220.522862,200.0,81090.0
3256,M,1976-07-18,22,OWNER,,49,Semily,east Bohemia,75685,8208.0,2.0,1660.0,0,,0.0,,0.0,Sin Prestamo,Sin Prestamo,0,0.0,,37,133976.0,114500.0,35921.486486,1000.0,66658.0
3257,F,1978-05-11,20,OWNER,,73,Opava,north Moravia,182027,8746.0,3.0,4355.0,1,5520.0,231168.0,48.0,4816.0,C,Vigente,3,9221.0,3073.666666,180,1173070.0,1120630.0,55599.983333,300.0,122437.0
3258,F,1960-07-30,38,OWNER,,74,Ostrava - mesto,north Moravia,323870,10673.0,5.0,18782.0,0,,0.0,,0.0,Sin Prestamo,Sin Prestamo,4,14796.0,3699.0,505,2032287.0,2011146.0,38833.70297,1100.0,82651.0
3259,M,1950-10-15,48,OWNER,,71,Novy Jicin,north Moravia,161227,8678.0,6.0,4980.0,0,,0.0,,0.0,Sin Prestamo,Sin Prestamo,2,6250.0,3125.0,440,762432.0,712129.0,36436.615909,300.0,67195.0
3260,F,1942-09-08,56,OWNER,,74,Ostrava - mesto,north Moravia,323870,10673.0,5.0,18782.0,0,,0.0,,0.0,Sin Prestamo,Sin Prestamo,2,3566.0,1783.0,210,937660.0,894967.0,39901.161904,1000.0,83952.0
3261,M,1950-04-10,48,DISPONENT,,74,Ostrava - mesto,north Moravia,323870,10673.0,5.0,18782.0,0,,0.0,,0.0,Sin Prestamo,Sin Prestamo,0,0.0,,0,0.0,0.0,,,
3262,F,1941-08-14,57,OWNER,,61,Trebic,south Moravia,117897,8814.0,5.0,2112.0,0,,0.0,,0.0,Sin Prestamo,Sin Prestamo,1,2082.0,2082.0,49,45409.0,25033.0,16221.632653,1000.0,20377.0
3264,F,1950-10-20,48,OWNER,True,63,Vyskov,south Moravia,86513,8288.0,4.0,1562.0,1,5523.0,93888.0,36.0,2608.0,A,Cerrado,2,13331.0,6665.5,440,1398702.0,1335349.0,33983.268181,600.0,70238.0
3265,F,1963-06-11,35,OWNER,,47,Pardubice,east Bohemia,162580,9538.0,2.0,6079.0,0,,0.0,,0.0,Sin Prestamo,Sin Prestamo,0,0.0,,31,63000.0,26600.0,24993.548387,1100.0,36400.0
3266,M,1960-10-08,38,DISPONENT,,47,Pardubice,east Bohemia,162580,9538.0,2.0,6079.0,0,,0.0,,0.0,Sin Prestamo,Sin Prestamo,0,0.0,,0,0.0,0.0,,,
3267,M,1951-08-26,47,OWNER,,61,Trebic,south Moravia,117897,8814.0,5.0,2112.0,0,,0.0,,0.0,Sin Prestamo,Sin Prestamo,2,5578.0,2789.0,382,1785344.0,1736907.0,56461.450261,400.0,152118.0
3268,F,1956-03-31,42,OWNER,,1,Hl.m. Praha,Prague,1204953,12541.0,0.0,85677.0,0,,0.0,,0.0,Sin Prestamo,Sin Prestamo,0,0.0,,157,788369.0,711280.0,50424.961783,400.0,80287.0
3269,M,1974-11-05,24,OWNER,,2,Benesov,central Bohemia,88884,8507.0,2.0,2159.0,0,,0.0,,0.0,Sin Prestamo,Sin Prestamo,3,2024.0,674.666666,157,80998.0,63547.0,16173.369426,600.0,20922.0
3270,M,1940-01-22,58,OWNER,,12,Pribram,central Bohemia,107870,8754.0,4.0,3804.0,0,,0.0,,0.0,Sin Prestamo,Sin Prestamo,0,0.0,,167,1273028.0,1249079.0,57654.790419,800.0,144886.0
3271,F,1942-01-03,56,OWNER,,58,Jihlava,south Moravia,109164,8757.0,3.0,2212.0,0,,0.0,,0.0,Sin Prestamo,Sin Prestamo,2,8171.0,4085.5,396,1468600.0,1414730.0,39925.689393,400.0,74973.0
3272,F,1920-07-18,78,OWNER,,9,Nymburk,central Bohemia,81344,8899.0,3.0,2987.0,0,,0.0,,0.0,Sin Prestamo,Sin Prestamo,1,2976.0,2976.0,359,463380.0,444974.0,26453.545961,400.0,51119.0
3273,M,1918-01-02,80,DISPONENT,,9,Nymburk,central Bohemia,81344,8899.0,3.0,2987.0,0,,0.0,,0.0,Sin Prestamo,Sin Prestamo,0,0.0,,0,0.0,0.0,,,
3274,M,1929-01-22,69,OWNER,,26,Plzen - mesto,west Bohemia,170449,10787.0,3.0,6041.0,0,,0.0,,0.0,Sin Prestamo,Sin Prestamo,1,3387.0,3387.0,281,373942.0,319581.0,32611.291814,500.0,58141.0
3275,F,1924-09-19,74,DISPONENT,,26,Plzen - mesto,west Bohemia,170449,10787.0,3.0,6041.0,0,,0.0,,0.0,Sin Prestamo,Sin Prestamo,0,0.0,,0,0.0,0.0,,,
3276,M,1980-03-21,18,OWNER,,52,Usti nad Orlici,east Bohemia,139012,8363.0,3.0,2564.0,0,,0.0,,0.0,Sin Prestamo,Sin Prestamo,0,0.0,,361,516705.0,498805.0,28285.939058,800.0,72590.0
3277,M,1966-03-26,32,OWNER,,42,Havlickuv Brod,east Bohemia,95907,8388.0,2.0,1658.0,0,,0.0,,0.0,Sin Prestamo,Sin Prestamo,3,2219.0,739.666666,77,51763.0,27530.0,18400.350649,900.0,24317.0
3278,F,1962-04-20,36,DISPONENT,,42,Havlickuv Brod,east Bohemia,95907,8388.0,2.0,1658.0,0,,0.0,,0.0,Sin Prestamo,Sin Prestamo,0,0.0,,0,0.0,0.0,,,
3279,F,1954-08-04,44,OWNER,,66,Zdar nad Sazavou,south Moravia,125832,8512.0,4.0,2247.0,0,,0.0,,0.0,Sin Prestamo,Sin Prestamo,2,8445.0,4222.5,225,811621.0,771545.0,32749.848888,300.0,64560.0
3280,M,1958-05-31,40,DISPONENT,,66,Zdar nad Sazavou,south Moravia,125832,8512.0,4.0,2247.0,0,,0.0,,0.0,Sin Prestamo,Sin Prestamo,0,0.0,,0,0.0,0.0,,,
3281,M,1950-12-27,48,OWNER,,74,Ostrava - mesto,north Moravia,323870,10673.0,5.0,18782.0,0,,0.0,,0.0,Sin Prestamo,Sin Prestamo,1,2271.0,2271.0,134,101614.0,80425.0,17588.253731,1000.0,25206.0
3282,M,1981-09-02,17,OWNER,,29,Rokycany,west Bohemia,45714,8843.0,3.0,818.0,0,,0.0,,0.0,Sin Prestamo,Sin Prestamo,0,0.0,,224,298654.0,279030.0,25354.223214,1100.0,66560.0
3283,M,1933-11-23,65,OWNER,,10,Praha - vychod,central Bohemia,92084,10124.0,1.0,3810.0,0,,0.0,,0.0,Sin Prestamo,Sin Prestamo,1,2889.0,2889.0,178,211696.0,193640.0,20284.179775,500.0,30371.0
3284,M,1936-07-02,62,OWNER,,2,Benesov,central Bohemia,88884,8507.0,2.0,2159.0,1,5525.0,93888.0,36.0,2608.0,C,Vigente,3,13533.0,4511.0,167,1074717.0,999205.0,63682.640718,200.0,144694.0
3285,F,1943-09-17,55,DISPONENT,,2,Benesov,central Bohemia,88884,8507.0,2.0,2159.0,0,,0.0,,0.0,Sin Prestamo,Sin Prestamo,0,0.0,,0,0.0,0.0,,,
3286,F,1972-03-15,26,OWNER,,74,Ostrava - mesto,north Moravia,323870,10673.0,5.0,18782.0,0,,0.0,,0.0,Sin Prestamo,Sin Prestamo,4,3996.0,999.0,88,245536.0,223944.0,32292.681818,300.0,54888.0
3287,M,1978-04-01,20,DISPONENT,,74,Ostrava - mesto,north Moravia,323870,10673.0,5.0,18782.0,0,,0.0,,0.0,Sin Prestamo,Sin Prestamo,0,0.0,,0,0.0,0.0,,,
3288,M,1926-01-28,72,OWNER,,69,Jesenik,north Moravia,42821,8173.0,,,0,,0.0,,0.0,Sin Prestamo,Sin Prestamo,1,1671.0,1671.0,71,100782.0,71483.0,24653.830985,500.0,35735.0
3289,F,1977-06-09,21,OWNER,,75,Prerov,north Moravia,138032,8819.0,5.0,4063.0,0,,0.0,,0.0,Sin Prestamo,Sin Prestamo,1,5546.0,5546.0,253,468486.0,437341.0,26565.268774,800.0,42316.0
3290,F,1969-07-12,29,OWNER,,11,Praha - zapad,central Bohemia,75637,9622.0,0.0,3475.0,0,,0.0,,0.0,Sin Prestamo,Sin Prestamo,1,6399.0,6399.0,149,490550.0,430121.0,45351.28859,500.0,79367.0
3291,M,1947-01-23,51,OWNER,,52,Usti nad Orlici,east Bohemia,139012,8363.0,3.0,2564.0,1,5526.0,69624.0,36.0,1934.0,C,Vigente,4,5658.0,1414.5,160,478616.0,400935.0,50945.85625,1100.0,85486.0
3292,M,1940-01-21,58,OWNER,,18,Pisek,south Bohemia,70699,8968.0,3.0,1740.0,0,,0.0,,0.0,Sin Prestamo,Sin Prestamo,1,5297.0,5297.0,256,1104342.0,1027125.0,61960.230468,200.0,114178.0
3293,F,1953-01-20,45,OWNER,,1,Hl.m. Praha,Prague,1204953,12541.0,0.0,85677.0,0,,0.0,,0.0,Sin Prestamo,Sin Prestamo,0,0.0,,184,598613.0,580855.0,34040.505434,300.0,62803.0
3294,M,1957-03-08,41,OWNER,,52,Usti nad Orlici,east Bohemia,139012,8363.0,3.0,2564.0,1,5527.0,156420.0,60.0,2607.0,C,Vigente,2,13829.0,6914.5,107,553072.0,500150.0,49536.24299,400.0,97017.0
3295,F,1966-03-13,32,OWNER,,40,Teplice,north Bohemia,128118,9317.0,6.0,6949.0,0,,0.0,,0.0,Sin Prestamo,Sin Prestamo,1,8733.0,8733.0,271,717874.0,636096.0,48325.420664,700.0,85624.0
3296,M,1969-06-11,29,OWNER,,23,Cheb,west Bohemia,87419,8624.0,2.0,2879.0,0,,0.0,,0.0,Sin Prestamo,Sin Prestamo,1,2284.0,2284.0,153,113036.0,89107.0,19163.307189,1000.0,28013.0
3297,M,1968-04-17,30,OWNER,,1,Hl.m. Praha,Prague,1204953,12541.0,0.0,85677.0,0,,0.0,,0.0,Sin Prestamo,Sin Prestamo,1,5044.0,5044.0,215,979053.0,910850.0,49073.465116,300.0,77021.0
3298,F,1942-08-05,56,OWNER,,5,Kolin,central Bohemia,95616,9307.0,4.0,2616.0,0,,0.0,,0.0,Sin Prestamo,Sin Prestamo,1,1565.0,1565.0,387,2547356.0,2512489.0,57999.459948,800.0,142272.0
3299,F,1961-09-17,37,OWNER,,76,Sumperk,north Moravia,127369,8369.0,5.0,3736.0,0,,0.0,,0.0,Sin Prestamo,Sin Prestamo,2,2325.0,1162.5,344,216570.0,181760.0,27996.78779,700.0,38941.0
3300,M,1950-06-29,48,OWNER,,53,Blansko,south Moravia,107911,8240.0,3.0,1850.0,0,,0.0,,0.0,Sin Prestamo,Sin Prestamo,3,5486.0,1828.666666,165,249000.0,201042.0,26717.8,500.0,53969.0
3302,F,1964-02-17,34,OWNER,,52,Usti nad Orlici,east Bohemia,139012,8363.0,3.0,2564.0,0,,0.0,,0.0,Sin Prestamo,Sin Prestamo,1,4604.0,4604.0,340,690715.0,661403.0,22279.085294,500.0,43747.0
3303,M,1965-01-09,33,DISPONENT,,52,Usti nad Orlici,east Bohemia,139012,8363.0,3.0,2564.0,0,,0.0,,0.0,Sin Prestamo,Sin Prestamo,0,0.0,,0,0.0,0.0,,,
3304,M,1939-08-31,59,OWNER,,69,Jesenik,north Moravia,42821,8173.0,,,0,,0.0,,0.0,Sin Prestamo,Sin Prestamo,1,4456.0,4456.0,170,632868.0,572051.0,55942.817647,800.0,82656.0
3305,F,1971-10-11,27,OWNER,,41,Usti nad Labem,north Bohemia,118650,9832.0,3.0,6445.0,0,,0.0,,0.0,Sin Prestamo,Sin Prestamo,2,8914.0,4457.0,408,976840.0,930238.0,31102.375,800.0,65567.0
3306,M,1948-04-26,50,OWNER,,27,Plzen - jih,west Bohemia,67298,8561.0,1.0,1029.0,0,,0.0,,0.0,Sin Prestamo,Sin Prestamo,2,4587.0,2293.5,352,475633.0,440159.0,23542.653409,600.0,46473.0
3307,F,1979-07-01,19,OWNER,,14,Ceske Budejovice,south Bohemia,177686,10045.0,1.0,6604.0,0,,0.0,,0.0,Sin Prestamo,Sin Prestamo,0,0.0,,265,1358617.0,1334965.0,37768.377358,400.0,80489.0
3308,M,1948-02-16,50,OWNER,,15,Cesky Krumlov,south Bohemia,58796,9045.0,3.0,1845.0,0,,0.0,,0.0,Sin Prestamo,Sin Prestamo,0,0.0,,315,1717794.0,1685258.0,53773.282539,1100.0,164580.0
3309,F,1942-04-29,56,DISPONENT,,15,Cesky Krumlov,south Bohemia,58796,9045.0,3.0,1845.0,0,,0.0,,0.0,Sin Prestamo,Sin Prestamo,0,0.0,,0,0.0,0.0,,,
3310,M,1954-02-13,44,OWNER,,23,Cheb,west Bohemia,87419,8624.0,2.0,2879.0,0,,0.0,,0.0,Sin Prestamo,Sin Prestamo,2,5006.0,2503.0,337,865502.0,832931.0,42411.121661,700.0,72233.0
3311,M,1954-08-25,44,OWNER,,51,Trutnov,east Bohemia,121947,8541.0,3.0,3496.0,0,,0.0,,0.0,Sin Prestamo,Sin Prestamo,3,8011.0,2670.333333,128,428188.0,404794.0,32000.710937,200.0,66158.0
3312,F,1971-11-05,27,OWNER,,70,Karvina,north Moravia,285387,10177.0,7.0,9878.0,0,,0.0,,0.0,Sin Prestamo,Sin Prestamo,1,14384.0,14384.0,82,354132.0,323474.0,27864.146341,900.0,50151.0
3313,F,1946-02-10,52,OWNER,,60,Prostejov,south Moravia,110643,8441.0,3.0,1879.0,0,,0.0,,0.0,Sin Prestamo,Sin Prestamo,4,9527.0,2381.75,104,334633.0,271861.0,44416.875,700.0,71993.0
3314,F,1931-12-18,67,OWNER,,24,Karlovy Vary,west Bohemia,122603,8991.0,1.0,5198.0,0,,0.0,,0.0,Sin Prestamo,Sin Prestamo,1,2404.0,2404.0,144,187459.0,159681.0,28087.645833,1100.0,42755.0
3315,M,1934-06-21,64,DISPONENT,,24,Karlovy Vary,west Bohemia,122603,8991.0,1.0,5198.0,0,,0.0,,0.0,Sin Prestamo,Sin Prestamo,0,0.0,,0,0.0,0.0,,,
3316,F,1947-12-15,51,OWNER,,1,Hl.m. Praha,Prague,1204953,12541.0,0.0,85677.0,0,,0.0,,0.0,Sin Prestamo,Sin Prestamo,1,3826.0,3826.0,246,348193.0,313853.0,23309.227642,200.0,40760.0
3317,M,1950-04-24,48,DISPONENT,,1,Hl.m. Praha,Prague,1204953,12541.0,0.0,85677.0,0,,0.0,,0.0,Sin Prestamo,Sin Prestamo,0,0.0,,0,0.0,0.0,,,
3319,F,1979-04-24,19,OWNER,,1,Hl.m. Praha,Prague,1204953,12541.0,0.0,85677.0,0,,0.0,,0.0,Sin Prestamo,Sin Prestamo,1,14520.0,14520.0,364,2390336.0,2291847.0,57951.703296,400.0,158864.0
3320,M,1972-02-14,26,DISPONENT,,1,Hl.m. Praha,Prague,1204953,12541.0,0.0,85677.0,0,,0.0,,0.0,Sin Prestamo,Sin Prestamo,0,0.0,,0,0.0,0.0,,,
3321,F,1969-05-30,29,OWNER,,13,Rakovnik,central Bohemia,53921,8598.0,3.0,1597.0,0,,0.0,,0.0,Sin Prestamo,Sin Prestamo,2,3979.0,1989.5,295,368754.0,325045.0,33850.847457,500.0,52353.0
3322,M,1948-02-29,50,OWNER,,31,Tachov,west Bohemia,51313,8930.0,4.0,1328.0,0,,0.0,,0.0,Sin Prestamo,Sin Prestamo,2,3783.0,1891.5,289,368337.0,317825.0,38148.792387,600.0,60807.0
3323,F,1981-02-22,17,OWNER,,74,Ostrava - mesto,north Moravia,323870,10673.0,5.0,18782.0,0,,0.0,,0.0,Sin Prestamo,Sin Prestamo,0,0.0,,175,296627.0,256970.0,39792.114285,500.0,108069.0
3324,F,1971-04-13,27,OWNER,,26,Plzen - mesto,west Bohemia,170449,10787.0,3.0,6041.0,1,5531.0,66432.0,24.0,2768.0,C,Vigente,2,9637.0,4818.5,213,821323.0,789076.0,32738.798122,700.0,69032.0
3325,M,1963-09-28,35,DISPONENT,,26,Plzen - mesto,west Bohemia,170449,10787.0,3.0,6041.0,0,,0.0,,0.0,Sin Prestamo,Sin Prestamo,0,0.0,,0,0.0,0.0,,,
3326,F,1952-12-26,46,OWNER,,57,Hodonin,south Moravia,161954,8720.0,4.0,3729.0,1,5532.0,335280.0,48.0,6985.0,C,Vigente,3,10093.0,3364.333333,239,1598841.0,1523347.0,40543.866108,500.0,123335.0
3327,F,1937-07-04,61,OWNER,,20,Strakonice,south Bohemia,70646,8547.0,3.0,1563.0,0,,0.0,,0.0,Sin Prestamo,Sin Prestamo,2,3767.0,1883.5,268,269846.0,253141.0,23087.578358,400.0,34981.0
3328,M,1966-10-11,32,OWNER,,24,Karlovy Vary,west Bohemia,122603,8991.0,1.0,5198.0,0,,0.0,,0.0,Sin Prestamo,Sin Prestamo,1,8702.0,8702.0,66,321635.0,297053.0,29492.924242,700.0,66127.0
3329,M,1961-03-20,37,OWNER,,54,Brno - mesto,south Moravia,387570,9897.0,2.0,18721.0,0,,0.0,,0.0,Sin Prestamo,Sin Prestamo,1,2077.0,2077.0,140,98777.0,80169.0,16501.285714,300.0,22870.0
3330,F,1955-04-15,43,DISPONENT,,54,Brno - mesto,south Moravia,387570,9897.0,2.0,18721.0,0,,0.0,,0.0,Sin Prestamo,Sin Prestamo,0,0.0,,0,0.0,0.0,,,
3331,F,1970-02-05,28,OWNER,,70,Karvina,north Moravia,285387,10177.0,7.0,9878.0,0,,0.0,,0.0,Sin Prestamo,Sin Prestamo,1,4692.0,4692.0,397,674028.0,606714.0,36782.74811,900.0,70579.0
3332,F,1969-11-15,29,OWNER,,46,Nachod,east Bohemia,112709,8369.0,2.0,2854.0,0,,0.0,,0.0,Sin Prestamo,Sin Prestamo,1,12692.0,12692.0,144,865818.0,833917.0,47633.222222,900.0,138753.0
3333,F,1949-07-24,49,OWNER,,10,Praha - vychod,central Bohemia,92084,10124.0,1.0,3810.0,0,,0.0,,0.0,Sin Prestamo,Sin Prestamo,2,9845.0,4922.5,130,377707.0,316789.0,38405.46923,900.0,68441.0
3334,M,1967-07-01,31,OWNER,,1,Hl.m. Praha,Prague,1204953,12541.0,0.0,85677.0,0,,0.0,,0.0,Sin Prestamo,Sin Prestamo,1,6238.0,6238.0,121,474098.0,436807.0,25651.859504,900.0,53880.0
3335,M,1967-02-10,31,OWNER,True,11,Praha - zapad,central Bohemia,75637,9622.0,0.0,3475.0,1,5533.0,111384.0,24.0,4641.0,A,Cerrado,3,12266.0,4088.666666,634,3724568.0,3674821.0,60965.337539,500.0,166548.0
3336,F,1951-05-30,47,OWNER,,64,Zlin,south Moravia,197099,9624.0,2.0,4484.0,0,,0.0,,0.0,Sin Prestamo,Sin Prestamo,2,13671.0,6835.5,462,3170229.0,3103691.0,54337.90909,200.0,149581.0
3337,M,1952-04-13,46,OWNER,,53,Blansko,south Moravia,107911,8240.0,3.0,1850.0,0,,0.0,,0.0,Sin Prestamo,Sin Prestamo,2,3406.0,1703.0,180,517972.0,427089.0,51750.894444,1100.0,93926.0
3338,F,1942-11-29,56,OWNER,,69,Jesenik,north Moravia,42821,8173.0,,,0,,0.0,,0.0,Sin Prestamo,Sin Prestamo,1,5254.0,5254.0,64,143886.0,133024.0,20027.515625,400.0,38208.0
3339,F,1976-01-29,22,OWNER,,31,Tachov,west Bohemia,51313,8930.0,4.0,1328.0,0,,0.0,,0.0,Sin Prestamo,Sin Prestamo,1,3498.0,3498.0,110,179639.0,114281.0,40078.390909,1100.0,69906.0
3340,M,1976-02-16,22,OWNER,,54,Brno - mesto,south Moravia,387570,9897.0,2.0,18721.0,0,,0.0,,0.0,Sin Prestamo,Sin Prestamo,3,7272.0,2424.0,228,710553.0,629769.0,43225.232456,600.0,81820.0
3341,F,1968-12-20,30,DISPONENT,,54,Brno - mesto,south Moravia,387570,9897.0,2.0,18721.0,0,,0.0,,0.0,Sin Prestamo,Sin Prestamo,0,0.0,,0,0.0,0.0,,,
3342,M,1973-09-29,25,OWNER,,73,Opava,north Moravia,182027,8746.0,3.0,4355.0,0,,0.0,,0.0,Sin Prestamo,Sin Prestamo,1,2155.0,2155.0,326,302396.0,258180.0,30642.573619,900.0,44803.0
3344,M,1961-09-16,37,OWNER,,42,Havlickuv Brod,east Bohemia,95907,8388.0,2.0,1658.0,0,,0.0,,0.0,Sin Prestamo,Sin Prestamo,3,2570.0,856.666666,461,309904.0,269695.0,30190.950108,1100.0,47030.0
3345,F,1941-01-27,57,OWNER,,37,Litomerice,north Bohemia,114006,9065.0,4.0,4147.0,0,,0.0,,0.0,Sin Prestamo,Sin Prestamo,2,8767.0,4383.5,376,1373293.0,1336765.0,36494.521276,400.0,68841.0
3346,M,1941-02-25,57,DISPONENT,,37,Litomerice,north Bohemia,114006,9065.0,4.0,4147.0,0,,0.0,,0.0,Sin Prestamo,Sin Prestamo,0,0.0,,0,0.0,0.0,,,
3347,M,1936-01-19,62,OWNER,,11,Praha - zapad,central Bohemia,75637,9622.0,0.0,3475.0,0,,0.0,,0.0,Sin Prestamo,Sin Prestamo,1,7594.0,7594.0,185,477159.0,403661.0,38344.843243,300.0,76814.0
3348,F,1978-02-14,20,OWNER,,38,Louny,north Bohemia,85852,8965.0,7.0,2653.0,0,,0.0,,0.0,Sin Prestamo,Sin Prestamo,4,3603.0,900.75,241,564723.0,497190.0,37416.917012,800.0,68730.0
3349,M,1963-12-21,35,OWNER,,42,Havlickuv Brod,east Bohemia,95907,8388.0,2.0,1658.0,0,,0.0,,0.0,Sin Prestamo,Sin Prestamo,1,3628.0,3628.0,171,234094.0,210038.0,20562.736842,300.0,36463.0
3350,M,1950-03-19,48,OWNER,,30,Sokolov,west Bohemia,94812,9650.0,3.0,2985.0,0,,0.0,,0.0,Sin Prestamo,Sin Prestamo,2,12147.0,6073.5,59,456853.0,373709.0,53138.338983,1000.0,99583.0
3351,F,1942-09-15,56,DISPONENT,,30,Sokolov,west Bohemia,94812,9650.0,3.0,2985.0,0,,0.0,,0.0,Sin Prestamo,Sin Prestamo,0,0.0,,0,0.0,0.0,,,
3352,M,1919-09-12,79,OWNER,,23,Cheb,west Bohemia,87419,8624.0,2.0,2879.0,0,,0.0,,0.0,Sin Prestamo,Sin Prestamo,1,1647.0,1647.0,67,77560.0,61782.0,16908.194029,500.0,26087.0
3353,F,1919-04-21,79,DISPONENT,,23,Cheb,west Bohemia,87419,8624.0,2.0,2879.0,0,,0.0,,0.0,Sin Prestamo,Sin Prestamo,0,0.0,,0,0.0,0.0,,,
3354,F,1943-10-28,55,OWNER,,62,Uherske Hradiste,south Moravia,145688,8544.0,1.0,2719.0,0,,0.0,,0.0,Sin Prestamo,Sin Prestamo,0,0.0,,23,44100.0,17500.0,22204.347826,700.0,30600.0
3355,M,1953-01-15,45,OWNER,,38,Louny,north Bohemia,85852,8965.0,7.0,2653.0,0,,0.0,,0.0,Sin Prestamo,Sin Prestamo,2,6013.0,3006.5,360,857849.0,830133.0,24820.108333,500.0,50658.0
3356,M,1974-04-23,24,OWNER,,73,Opava,north Moravia,182027,8746.0,3.0,4355.0,0,,0.0,,0.0,Sin Prestamo,Sin Prestamo,4,8311.0,2077.75,531,1259831.0,1181686.0,56277.602636,1100.0,97934.0
3357,F,1954-07-21,44,OWNER,,63,Vyskov,south Moravia,86513,8288.0,4.0,1562.0,0,,0.0,,0.0,Sin Prestamo,Sin Prestamo,0,0.0,,163,556545.0,511765.0,43098.257668,600.0,73556.0
3358,M,1975-10-07,23,OWNER,,16,Jindrichuv Hradec,south Bohemia,93931,8427.0,1.0,1874.0,0,,0.0,,0.0,Sin Prestamo,Sin Prestamo,0,0.0,,269,374496.0,316350.0,44821.052044,200.0,113230.0
3359,M,1945-02-24,53,OWNER,,1,Hl.m. Praha,Prague,1204953,12541.0,0.0,85677.0,0,,0.0,,0.0,Sin Prestamo,Sin Prestamo,1,2603.0,2603.0,110,644632.0,588612.0,48824.563636,700.0,90998.0
3360,F,1976-08-31,22,OWNER,,43,Hradec Kralove,east Bohemia,161854,9425.0,2.0,4085.0,0,,0.0,,0.0,Sin Prestamo,Sin Prestamo,0,0.0,,215,297051.0,243725.0,40259.706976,300.0,88964.0
3361,F,1930-10-02,68,OWNER,,40,Teplice,north Bohemia,128118,9317.0,6.0,6949.0,0,,0.0,,0.0,Sin Prestamo,Sin Prestamo,1,3307.0,3307.0,55,96456.0,59408.0,29456.527272,300.0,40536.0
3365,F,1966-07-30,32,OWNER,,1,Hl.m. Praha,Prague,1204953,12541.0,0.0,85677.0,0,,0.0,,0.0,Sin Prestamo,Sin Prestamo,1,8356.0,8356.0,61,290308.0,250624.0,39225.852459,900.0,66180.0
3366,F,1959-02-12,39,OWNER,,54,Brno - mesto,south Moravia,387570,9897.0,2.0,18721.0,0,,0.0,,0.0,Sin Prestamo,Sin Prestamo,1,3803.0,3803.0,269,779057.0,762448.0,30079.591078,300.0,56285.0
3367,M,1952-04-23,46,DISPONENT,,54,Brno - mesto,south Moravia,387570,9897.0,2.0,18721.0,0,,0.0,,0.0,Sin Prestamo,Sin Prestamo,0,0.0,,0,0.0,0.0,,,
3368,F,1952-10-24,46,OWNER,,14,Ceske Budejovice,south Bohemia,177686,10045.0,1.0,6604.0,0,,0.0,,0.0,Sin Prestamo,Sin Prestamo,3,3956.0,1318.666666,447,867014.0,778061.0,47890.559284,600.0,93470.0
3369,M,1952-04-16,46,OWNER,,1,Hl.m. Praha,Prague,1204953,12541.0,0.0,85677.0,0,,0.0,,0.0,Sin Prestamo,Sin Prestamo,1,8862.0,8862.0,293,939693.0,877327.0,63471.563139,200.0,121001.0
3370,M,1919-03-28,79,OWNER,,25,Klatovy,west Bohemia,88757,8554.0,2.0,1822.0,0,,0.0,,0.0,Sin Prestamo,Sin Prestamo,1,3215.0,3215.0,45,66231.0,47640.0,17335.711111,1100.0,26198.0
3371,F,1919-10-07,79,DISPONENT,,25,Klatovy,west Bohemia,88757,8554.0,2.0,1822.0,0,,0.0,,0.0,Sin Prestamo,Sin Prestamo,0,0.0,,0,0.0,0.0,,,
3372,M,1970-10-30,28,OWNER,,1,Hl.m. Praha,Prague,1204953,12541.0,0.0,85677.0,0,,0.0,,0.0,Sin Prestamo,Sin Prestamo,1,2327.0,2327.0,157,147119.0,102993.0,30975.796178,300.0,47084.0
3373,M,1952-11-29,46,OWNER,,5,Kolin,central Bohemia,95616,9307.0,4.0,2616.0,0,,0.0,,0.0,Sin Prestamo,Sin Prestamo,1,2301.0,2301.0,292,219498.0,195843.0,19928.489726,800.0,26966.0
3374,F,1960-08-13,38,DISPONENT,,5,Kolin,central Bohemia,95616,9307.0,4.0,2616.0,0,,0.0,,0.0,Sin Prestamo,Sin Prestamo,0,0.0,,0,0.0,0.0,,,
3375,M,1954-11-06,44,OWNER,,74,Ostrava - mesto,north Moravia,323870,10673.0,5.0,18782.0,0,,0.0,,0.0,Sin Prestamo,Sin Prestamo,0,0.0,,132,386379.0,379648.0,17595.325757,-8331.0,43655.0
3376,F,1945-01-19,53,OWNER,,11,Praha - zapad,central Bohemia,75637,9622.0,0.0,3475.0,0,,0.0,,0.0,Sin Prestamo,Sin Prestamo,3,9957.0,3319.0,201,612065.0,552616.0,37545.970149,300.0,68018.0
3377,M,1938-05-05,60,DISPONENT,,11,Praha - zapad,central Bohemia,75637,9622.0,0.0,3475.0,0,,0.0,,0.0,Sin Prestamo,Sin Prestamo,0,0.0,,0,0.0,0.0,,,
3378,M,1957-04-21,41,OWNER,,5,Kolin,central Bohemia,95616,9307.0,4.0,2616.0,0,,0.0,,0.0,Sin Prestamo,Sin Prestamo,2,8672.0,4336.0,77,594255.0,545653.0,73430.701298,1000.0,120739.0
3379,F,1949-07-01,49,DISPONENT,,5,Kolin,central Bohemia,95616,9307.0,4.0,2616.0,0,,0.0,,0.0,Sin Prestamo,Sin Prestamo,0,0.0,,0,0.0,0.0,,,
3380,F,1978-04-03,20,OWNER,,74,Ostrava - mesto,north Moravia,323870,10673.0,5.0,18782.0,0,,0.0,,0.0,Sin Prestamo,Sin Prestamo,0,0.0,,100,450437.0,413215.0,28214.26,500.0,63582.0
3381,F,1965-09-01,33,OWNER,,70,Karvina,north Moravia,285387,10177.0,7.0,9878.0,0,,0.0,,0.0,Sin Prestamo,Sin Prestamo,1,6094.0,6094.0,305,1143652.0,1112531.0,34989.89836,200.0,66517.0
3382,M,1954-02-28,44,OWNER,,54,Brno - mesto,south Moravia,387570,9897.0,2.0,18721.0,0,,0.0,,0.0,Sin Prestamo,Sin Prestamo,3,8406.0,2802.0,432,2288415.0,2215478.0,51096.680555,200.0,135410.0
3383,F,1956-04-23,42,DISPONENT,,54,Brno - mesto,south Moravia,387570,9897.0,2.0,18721.0,0,,0.0,,0.0,Sin Prestamo,Sin Prestamo,0,0.0,,0,0.0,0.0,,,
3384,F,1942-08-03,56,OWNER,,41,Usti nad Labem,north Bohemia,118650,9832.0,3.0,6445.0,0,,0.0,,0.0,Sin Prestamo,Sin Prestamo,1,8740.0,8740.0,110,431882.0,392465.0,44518.463636,900.0,67283.0
3385,F,1924-02-13,74,OWNER,,11,Praha - zapad,central Bohemia,75637,9622.0,0.0,3475.0,0,,0.0,,0.0,Sin Prestamo,Sin Prestamo,1,3524.0,3524.0,118,165172.0,118788.0,33956.338983,900.0,46392.0
3386,F,1940-03-08,58,OWNER,,49,Semily,east Bohemia,75685,8208.0,2.0,1660.0,0,,0.0,,0.0,Sin Prestamo,Sin Prestamo,1,2412.0,2412.0,365,306923.0,268236.0,26071.860273,900.0,38948.0
3387,M,1943-08-14,55,OWNER,,58,Jihlava,south Moravia,109164,8757.0,3.0,2212.0,0,,0.0,,0.0,Sin Prestamo,Sin Prestamo,1,1904.0,1904.0,214,1445450.0,1364045.0,60324.186915,300.0,151716.0
3388,F,1965-10-26,33,OWNER,,53,Blansko,south Moravia,107911,8240.0,3.0,1850.0,0,,0.0,,0.0,Sin Prestamo,Sin Prestamo,0,0.0,,160,273727.0,218235.0,38944.65,900.0,57876.0
3389,F,1967-01-16,31,OWNER,,39,Most,north Bohemia,119895,10446.0,7.0,4947.0,0,,0.0,,0.0,Sin Prestamo,Sin Prestamo,1,2017.0,2017.0,144,96625.0,80429.0,16621.159722,1000.0,22346.0
3390,F,1972-11-17,26,OWNER,,53,Blansko,south Moravia,107911,8240.0,3.0,1850.0,0,,0.0,,0.0,Sin Prestamo,Sin Prestamo,1,5068.0,5068.0,92,196877.0,165067.0,32058.369565,500.0,48176.0
3391,M,1971-04-07,27,OWNER,,42,Havlickuv Brod,east Bohemia,95907,8388.0,2.0,1658.0,0,,0.0,,0.0,Sin Prestamo,Sin Prestamo,0,0.0,,109,448911.0,422106.0,37297.678899,13393.0,86400.0
3392,F,1975-10-31,23,OWNER,,1,Hl.m. Praha,Prague,1204953,12541.0,0.0,85677.0,0,,0.0,,0.0,Sin Prestamo,Sin Prestamo,0,0.0,,140,305784.0,245065.0,49450.5,700.0,95292.0
3393,F,1954-08-24,44,OWNER,,73,Opava,north Moravia,182027,8746.0,3.0,4355.0,0,,0.0,,0.0,Sin Prestamo,Sin Prestamo,2,8103.0,4051.5,310,792552.0,765856.0,31963.329032,700.0,52825.0
3394,F,1980-07-04,18,OWNER,,66,Zdar nad Sazavou,south Moravia,125832,8512.0,4.0,2247.0,0,,0.0,,0.0,Sin Prestamo,Sin Prestamo,4,7608.0,1902.0,368,587039.0,555212.0,26304.72826,1000.0,48178.0
3395,M,1962-12-28,36,OWNER,,4,Kladno,central Bohemia,149893,9753.0,5.0,5244.0,0,,0.0,,0.0,Sin Prestamo,Sin Prestamo,2,16565.0,8282.5,230,1666905.0,1633992.0,61565.573913,1747.0,155147.0
3396,F,1977-03-03,21,OWNER,,18,Pisek,south Bohemia,70699,8968.0,3.0,1740.0,0,,0.0,,0.0,Sin Prestamo,Sin Prestamo,1,8211.0,8211.0,155,800830.0,745510.0,27631.593548,200.0,70847.0
3397,F,1974-06-08,24,OWNER,,24,Karlovy Vary,west Bohemia,122603,8991.0,1.0,5198.0,0,,0.0,,0.0,Sin Prestamo,Sin Prestamo,4,6771.0,1692.75,493,948605.0,930530.0,25644.935091,800.0,63825.0
3398,M,1969-09-13,29,DISPONENT,,24,Karlovy Vary,west Bohemia,122603,8991.0,1.0,5198.0,0,,0.0,,0.0,Sin Prestamo,Sin Prestamo,0,0.0,,0,0.0,0.0,,,
3399,M,1932-02-25,66,OWNER,,72,Olomouc,north Moravia,226122,8994.0,4.0,9672.0,0,,0.0,,0.0,Sin Prestamo,Sin Prestamo,1,2627.0,2627.0,323,315288.0,286196.0,21291.770897,500.0,34686.0
3402,F,1952-05-02,46,OWNER,,74,Ostrava - mesto,north Moravia,323870,10673.0,5.0,18782.0,0,,0.0,,0.0,Sin Prestamo,Sin Prestamo,2,4577.0,2288.5,126,398589.0,341217.0,45091.769841,1100.0,64708.0
3403,M,1957-10-18,41,DISPONENT,,74,Ostrava - mesto,north Moravia,323870,10673.0,5.0,18782.0,0,,0.0,,0.0,Sin Prestamo,Sin Prestamo,0,0.0,,0,0.0,0.0,,,
3404,F,1940-10-11,58,OWNER,,56,Breclav,south Moravia,124605,8772.0,5.0,2854.0,0,,0.0,,0.0,Sin Prestamo,Sin Prestamo,0,0.0,,349,1040576.0,964360.0,52193.025787,13672.0,91442.0
3405,M,1949-12-15,49,OWNER,,40,Teplice,north Bohemia,128118,9317.0,6.0,6949.0,0,,0.0,,0.0,Sin Prestamo,Sin Prestamo,2,10141.0,5070.5,411,2934769.0,2846256.0,62138.472019,1000.0,133514.0
3406,F,1947-07-13,51,DISPONENT,,40,Teplice,north Bohemia,128118,9317.0,6.0,6949.0,0,,0.0,,0.0,Sin Prestamo,Sin Prestamo,0,0.0,,0,0.0,0.0,,,
3407,F,1973-04-13,25,OWNER,,35,Jablonec n. Nisou,north Bohemia,88768,8867.0,1.0,3384.0,0,,0.0,,0.0,Sin Prestamo,Sin Prestamo,2,9461.0,4730.5,372,1062937.0,1002849.0,51328.236559,900.0,91120.0
3408,M,1973-12-20,25,DISPONENT,,35,Jablonec n. Nisou,north Bohemia,88768,8867.0,1.0,3384.0,0,,0.0,,0.0,Sin Prestamo,Sin Prestamo,0,0.0,,0,0.0,0.0,,,
3409,M,1919-04-03,79,OWNER,,36,Liberec,north Bohemia,159617,9198.0,3.0,5796.0,0,,0.0,,0.0,Sin Prestamo,Sin Prestamo,2,2967.0,1483.5,54,63193.0,41011.0,19964.518518,300.0,26406.0
3410,M,1965-02-16,33,OWNER,,54,Brno - mesto,south Moravia,387570,9897.0,2.0,18721.0,0,,0.0,,0.0,Sin Prestamo,Sin Prestamo,2,6055.0,3027.5,181,302499.0,280602.0,19430.265193,1000.0,40243.0
3412,M,1975-07-18,23,OWNER,,57,Hodonin,south Moravia,161954,8720.0,4.0,3729.0,0,,0.0,,0.0,Sin Prestamo,Sin Prestamo,1,2210.0,2210.0,331,230814.0,213425.0,19402.392749,300.0,28536.0
3413,F,1969-11-25,29,DISPONENT,,57,Hodonin,south Moravia,161954,8720.0,4.0,3729.0,0,,0.0,,0.0,Sin Prestamo,Sin Prestamo,0,0.0,,0,0.0,0.0,,,
3414,F,1947-10-17,51,OWNER,,11,Praha - zapad,central Bohemia,75637,9622.0,0.0,3475.0,1,5549.0,50460.0,60.0,841.0,C,Vigente,2,8130.0,4065.0,413,1071800.0,973750.0,56606.808716,800.0,122482.0
3415,F,1973-09-30,25,OWNER,,54,Brno - mesto,south Moravia,387570,9897.0,2.0,18721.0,0,,0.0,,0.0,Sin Prestamo,Sin Prestamo,1,5284.0,5284.0,157,784138.0,718275.0,43742.10828,1000.0,77540.0
3416,M,1978-06-01,20,OWNER,,35,Jablonec n. Nisou,north Bohemia,88768,8867.0,1.0,3384.0,0,,0.0,,0.0,Sin Prestamo,Sin Prestamo,1,5240.0,5240.0,137,409022.0,373420.0,32190.875912,300.0,58705.0
3417,F,1985-03-18,13,DISPONENT,,35,Jablonec n. Nisou,north Bohemia,88768,8867.0,1.0,3384.0,0,,0.0,,0.0,Sin Prestamo,Sin Prestamo,0,0.0,,0,0.0,0.0,,,
3418,F,1963-08-07,35,OWNER,,70,Karvina,north Moravia,285387,10177.0,7.0,9878.0,0,,0.0,,0.0,Sin Prestamo,Sin Prestamo,1,1756.0,1756.0,108,559731.0,489085.0,68148.685185,300.0,111656.0
3420,M,1979-06-24,19,OWNER,,66,Zdar nad Sazavou,south Moravia,125832,8512.0,4.0,2247.0,0,,0.0,,0.0,Sin Prestamo,Sin Prestamo,0,0.0,,84,92885.0,74380.0,22419.964285,500.0,47095.0
3421,M,1947-03-05,51,OWNER,,20,Strakonice,south Bohemia,70646,8547.0,3.0,1563.0,0,,0.0,,0.0,Sin Prestamo,Sin Prestamo,2,9131.0,4565.5,274,637373.0,602787.0,30122.521897,900.0,55773.0
3422,F,1951-05-02,47,OWNER,,1,Hl.m. Praha,Prague,1204953,12541.0,0.0,85677.0,0,,0.0,,0.0,Sin Prestamo,Sin Prestamo,4,5156.0,1289.0,93,365405.0,293213.0,61699.526881,1100.0,79423.0
3423,F,1971-09-05,27,OWNER,,12,Pribram,central Bohemia,107870,8754.0,4.0,3804.0,0,,0.0,,0.0,Sin Prestamo,Sin Prestamo,1,2122.0,2122.0,46,43458.0,24648.0,15651.956521,700.0,20858.0
3424,M,1918-11-14,80,OWNER,,64,Zlin,south Moravia,197099,9624.0,2.0,4484.0,0,,0.0,,0.0,Sin Prestamo,Sin Prestamo,1,2970.0,2970.0,173,181394.0,160055.0,18203.919075,400.0,25597.0
3425,M,1970-05-07,28,OWNER,,70,Karvina,north Moravia,285387,10177.0,7.0,9878.0,0,,0.0,,0.0,Sin Prestamo,Sin Prestamo,4,7579.0,1894.75,310,805569.0,763317.0,52913.296774,1000.0,81066.0
3426,M,1978-02-07,20,OWNER,,73,Opava,north Moravia,182027,8746.0,3.0,4355.0,0,,0.0,,0.0,Sin Prestamo,Sin Prestamo,0,0.0,,198,209078.0,192275.0,27953.454545,200.0,80997.0
3427,M,1980-06-16,18,OWNER,,42,Havlickuv Brod,east Bohemia,95907,8388.0,2.0,1658.0,0,,0.0,,0.0,Sin Prestamo,Sin Prestamo,1,9472.0,9472.0,209,792909.0,754516.0,41271.622009,1100.0,76407.0
3428,F,1987-09-27,11,DISPONENT,,42,Havlickuv Brod,east Bohemia,95907,8388.0,2.0,1658.0,0,,0.0,,0.0,Sin Prestamo,Sin Prestamo,0,0.0,,0,0.0,0.0,,,
3429,M,1941-10-16,57,OWNER,,46,Nachod,east Bohemia,112709,8369.0,2.0,2854.0,0,,0.0,,0.0,Sin Prestamo,Sin Prestamo,0,0.0,,153,723233.0,699890.0,30019.843137,500.0,62166.0
3430,M,1951-09-25,47,OWNER,,3,Beroun,central Bohemia,75232,8980.0,2.0,2824.0,0,,0.0,,0.0,Sin Prestamo,Sin Prestamo,3,6120.0,2040.0,567,3732256.0,3633555.0,75648.261022,900.0,150715.0
3431,F,1979-04-05,19,OWNER,,70,Karvina,north Moravia,285387,10177.0,7.0,9878.0,0,,0.0,,0.0,Sin Prestamo,Sin Prestamo,4,8577.0,2144.25,378,994290.0,956731.0,38740.63492,800.0,73396.0
3432,M,1973-11-08,25,OWNER,,15,Cesky Krumlov,south Bohemia,58796,9045.0,3.0,1845.0,0,,0.0,,0.0,Sin Prestamo,Sin Prestamo,2,14839.0,7419.5,304,1561378.0,1521291.0,54086.940789,400.0,141848.0
3433,M,1962-09-07,36,OWNER,,71,Novy Jicin,north Moravia,161227,8678.0,6.0,4980.0,0,,0.0,,0.0,Sin Prestamo,Sin Prestamo,1,3536.0,3536.0,370,669198.0,642456.0,23638.356756,1100.0,42352.0
3434,F,1956-09-20,42,DISPONENT,,71,Novy Jicin,north Moravia,161227,8678.0,6.0,4980.0,0,,0.0,,0.0,Sin Prestamo,Sin Prestamo,0,0.0,,0,0.0,0.0,,,
3435,F,1945-05-27,53,OWNER,,4,Kladno,central Bohemia,149893,9753.0,5.0,5244.0,0,,0.0,,0.0,Sin Prestamo,Sin Prestamo,3,2150.0,716.666666,397,197913.0,172833.0,17964.596977,200.0,25625.0
3436,M,1958-02-18,40,OWNER,,30,Sokolov,west Bohemia,94812,9650.0,3.0,2985.0,0,,0.0,,0.0,Sin Prestamo,Sin Prestamo,1,7746.0,7746.0,105,411948.0,381622.0,27457.209523,600.0,57709.0
3437,F,1959-08-08,39,DISPONENT,,30,Sokolov,west Bohemia,94812,9650.0,3.0,2985.0,0,,0.0,,0.0,Sin Prestamo,Sin Prestamo,0,0.0,,0,0.0,0.0,,,
3438,M,1942-01-12,56,OWNER,,43,Hradec Kralove,east Bohemia,161854,9425.0,2.0,4085.0,0,,0.0,,0.0,Sin Prestamo,Sin Prestamo,0,0.0,,167,812726.0,724570.0,59471.982035,400.0,90402.0
3439,M,1967-01-27,31,OWNER,,62,Uherske Hradiste,south Moravia,145688,8544.0,1.0,2719.0,0,,0.0,,0.0,Sin Prestamo,Sin Prestamo,1,6559.0,6559.0,81,385612.0,334873.0,52333.382716,1000.0,85756.0
3440,F,1938-02-13,60,OWNER,,1,Hl.m. Praha,Prague,1204953,12541.0,0.0,85677.0,0,,0.0,,0.0,Sin Prestamo,Sin Prestamo,1,2457.0,2457.0,64,93846.0,72600.0,20636.0,800.0,30024.0
3441,M,1958-02-09,40,OWNER,,75,Prerov,north Moravia,138032,8819.0,5.0,4063.0,0,,0.0,,0.0,Sin Prestamo,Sin Prestamo,1,5185.0,5185.0,324,558236.0,509485.0,37081.074074,1100.0,60845.0
3443,F,1934-12-06,64,OWNER,,1,Hl.m. Praha,Prague,1204953,12541.0,0.0,85677.0,0,,0.0,,0.0,Sin Prestamo,Sin Prestamo,1,2704.0,2704.0,336,427145.0,395066.0,22493.630952,900.0,35172.0
3444,M,1977-04-06,21,OWNER,,57,Hodonin,south Moravia,161954,8720.0,4.0,3729.0,0,,0.0,,0.0,Sin Prestamo,Sin Prestamo,1,2038.0,2038.0,46,40757.0,21614.0,15965.717391,400.0,20065.0
3445,F,1979-03-26,19,OWNER,,17,Pelhrimov,south Bohemia,74062,8114.0,2.0,1003.0,0,,0.0,,0.0,Sin Prestamo,Sin Prestamo,0,0.0,,222,340525.0,325775.0,35211.369369,700.0,85960.0
3446,M,1957-10-01,41,OWNER,,70,Karvina,north Moravia,285387,10177.0,7.0,9878.0,0,,0.0,,0.0,Sin Prestamo,Sin Prestamo,0,0.0,,25,49500.0,22900.0,26764.0,1000.0,36400.0
3447,F,1949-04-21,49,OWNER,,54,Brno - mesto,south Moravia,387570,9897.0,2.0,18721.0,0,,0.0,,0.0,Sin Prestamo,Sin Prestamo,1,2472.0,2472.0,213,220633.0,143195.0,50304.13615,600.0,77940.0
3448,M,1954-12-24,44,OWNER,,1,Hl.m. Praha,Prague,1204953,12541.0,0.0,85677.0,0,,0.0,,0.0,Sin Prestamo,Sin Prestamo,1,4186.0,4186.0,123,512773.0,442904.0,64792.934959,500.0,113359.0
3449,M,1928-03-21,70,OWNER,,27,Plzen - jih,west Bohemia,67298,8561.0,1.0,1029.0,0,,0.0,,0.0,Sin Prestamo,Sin Prestamo,1,1589.0,1589.0,172,172988.0,122280.0,32683.372093,400.0,52182.0
3450,M,1976-09-12,22,OWNER,,25,Klatovy,west Bohemia,88757,8554.0,2.0,1822.0,0,,0.0,,0.0,Sin Prestamo,Sin Prestamo,1,6599.0,6599.0,248,713925.0,681559.0,28680.157258,600.0,52672.0
3451,M,1974-07-17,24,OWNER,,19,Prachatice,south Bohemia,51428,8402.0,3.0,999.0,0,,0.0,,0.0,Sin Prestamo,Sin Prestamo,1,6317.0,6317.0,120,924503.0,899553.0,57947.725,900.0,142118.0
3452,F,1975-08-28,23,DISPONENT,,19,Prachatice,south Bohemia,51428,8402.0,3.0,999.0,0,,0.0,,0.0,Sin Prestamo,Sin Prestamo,0,0.0,,0,0.0,0.0,,,
3453,M,1950-08-02,48,OWNER,,56,Breclav,south Moravia,124605,8772.0,5.0,2854.0,0,,0.0,,0.0,Sin Prestamo,Sin Prestamo,3,6619.0,2206.333333,265,469343.0,425509.0,33073.554716,200.0,54412.0
3454,F,1949-10-17,49,OWNER,,11,Praha - zapad,central Bohemia,75637,9622.0,0.0,3475.0,0,,0.0,,0.0,Sin Prestamo,Sin Prestamo,0,0.0,,366,2216517.0,2145610.0,54987.532786,1637.0,143332.0
3455,M,1957-02-28,41,DISPONENT,,11,Praha - zapad,central Bohemia,75637,9622.0,0.0,3475.0,0,,0.0,,0.0,Sin Prestamo,Sin Prestamo,0,0.0,,0,0.0,0.0,,,
3456,F,1945-01-21,53,OWNER,,54,Brno - mesto,south Moravia,387570,9897.0,2.0,18721.0,0,,0.0,,0.0,Sin Prestamo,Sin Prestamo,0,0.0,,98,695604.0,661788.0,52034.05102,600.0,134951.0
3457,F,1923-06-14,75,OWNER,,75,Prerov,north Moravia,138032,8819.0,5.0,4063.0,0,,0.0,,0.0,Sin Prestamo,Sin Prestamo,1,2613.0,2613.0,369,420556.0,399483.0,23717.753387,300.0,38705.0
3458,M,1953-06-30,45,OWNER,,33,Decin,north Bohemia,133777,8705.0,6.0,4650.0,0,,0.0,,0.0,Sin Prestamo,Sin Prestamo,2,7099.0,3549.5,457,1767956.0,1751367.0,46438.846827,14170.0,77241.0
3459,F,1964-08-30,34,OWNER,,14,Ceske Budejovice,south Bohemia,177686,10045.0,1.0,6604.0,0,,0.0,,0.0,Sin Prestamo,Sin Prestamo,2,6168.0,3084.0,222,416646.0,365238.0,38457.049549,200.0,62604.0
3460,M,1965-10-11,33,DISPONENT,,14,Ceske Budejovice,south Bohemia,177686,10045.0,1.0,6604.0,0,,0.0,,0.0,Sin Prestamo,Sin Prestamo,0,0.0,,0,0.0,0.0,,,
3461,M,1958-02-22,40,OWNER,,54,Brno - mesto,south Moravia,387570,9897.0,2.0,18721.0,0,,0.0,,0.0,Sin Prestamo,Sin Prestamo,3,7611.0,2537.0,243,555135.0,501599.0,34659.477366,800.0,64447.0
3462,F,1965-03-18,33,DISPONENT,,54,Brno - mesto,south Moravia,387570,9897.0,2.0,18721.0,0,,0.0,,0.0,Sin Prestamo,Sin Prestamo,0,0.0,,0,0.0,0.0,,,
3463,F,1979-03-02,19,OWNER,,1,Hl.m. Praha,Prague,1204953,12541.0,0.0,85677.0,0,,0.0,,0.0,Sin Prestamo,Sin Prestamo,4,3493.0,873.25,374,615982.0,588401.0,32238.778074,200.0,51538.0
3464,M,1953-01-14,45,OWNER,,43,Hradec Kralove,east Bohemia,161854,9425.0,2.0,4085.0,0,,0.0,,0.0,Sin Prestamo,Sin Prestamo,1,5711.0,5711.0,222,753763.0,717095.0,42329.238738,900.0,76269.0
3465,M,1942-04-17,56,OWNER,,30,Sokolov,west Bohemia,94812,9650.0,3.0,2985.0,0,,0.0,,0.0,Sin Prestamo,Sin Prestamo,1,7523.0,7523.0,371,1610327.0,1519666.0,65021.97035,900.0,141450.0
3466,F,1936-05-31,62,OWNER,,1,Hl.m. Praha,Prague,1204953,12541.0,0.0,85677.0,0,,0.0,,0.0,Sin Prestamo,Sin Prestamo,1,3306.0,3306.0,251,272740.0,244755.0,20405.290836,800.0,32440.0
3467,M,1939-12-06,59,DISPONENT,,1,Hl.m. Praha,Prague,1204953,12541.0,0.0,85677.0,0,,0.0,,0.0,Sin Prestamo,Sin Prestamo,0,0.0,,0,0.0,0.0,,,
3468,F,1933-12-31,65,OWNER,,68,Frydek - Mistek,north Moravia,228848,9893.0,4.0,5623.0,0,,0.0,,0.0,Sin Prestamo,Sin Prestamo,1,2562.0,2562.0,131,145128.0,130496.0,22107.847328,200.0,30874.0
3469,F,1975-02-23,23,OWNER,,1,Hl.m. Praha,Prague,1204953,12541.0,0.0,85677.0,0,,0.0,,0.0,Sin Prestamo,Sin Prestamo,1,5851.0,5851.0,173,334252.0,290141.0,41011.034682,800.0,62070.0
3470,F,1937-04-23,61,OWNER,,52,Usti nad Orlici,east Bohemia,139012,8363.0,3.0,2564.0,0,,0.0,,0.0,Sin Prestamo,Sin Prestamo,1,3829.0,3829.0,188,258136.0,230302.0,24575.281914,600.0,35077.0
3471,F,1952-09-29,46,OWNER,,1,Hl.m. Praha,Prague,1204953,12541.0,0.0,85677.0,1,5556.0,268320.0,60.0,4472.0,C,Vigente,3,12571.0,4190.333333,173,383359.0,366329.0,18990.277456,200.0,49190.0
3472,F,1946-05-11,52,OWNER,,70,Karvina,north Moravia,285387,10177.0,7.0,9878.0,0,,0.0,,0.0,Sin Prestamo,Sin Prestamo,4,7994.0,1998.5,189,450808.0,373316.0,44200.063492,1100.0,83328.0
3473,M,1948-05-21,50,DISPONENT,,70,Karvina,north Moravia,285387,10177.0,7.0,9878.0,0,,0.0,,0.0,Sin Prestamo,Sin Prestamo,0,0.0,,0,0.0,0.0,,,
3474,F,1954-12-08,44,OWNER,,32,Ceska Lipa,north Bohemia,105058,9272.0,3.0,4340.0,0,,0.0,,0.0,Sin Prestamo,Sin Prestamo,1,2066.0,2066.0,92,66514.0,52556.0,13123.467391,400.0,17363.0
3475,M,1957-03-13,41,OWNER,,19,Prachatice,south Bohemia,51428,8402.0,3.0,999.0,0,,0.0,,0.0,Sin Prestamo,Sin Prestamo,0,0.0,,112,462076.0,395785.0,45083.696428,800.0,78855.0
3476,F,1968-01-05,30,OWNER,,60,Prostejov,south Moravia,110643,8441.0,3.0,1879.0,0,,0.0,,0.0,Sin Prestamo,Sin Prestamo,1,5231.0,5231.0,396,1300667.0,1258529.0,32626.363636,200.0,65398.0
3477,M,1965-08-28,33,OWNER,,37,Litomerice,north Bohemia,114006,9065.0,4.0,4147.0,0,,0.0,,0.0,Sin Prestamo,Sin Prestamo,1,5305.0,5305.0,267,2100413.0,2048815.0,69488.464419,800.0,132660.0
3478,M,1926-05-30,72,OWNER,,1,Hl.m. Praha,Prague,1204953,12541.0,0.0,85677.0,0,,0.0,,0.0,Sin Prestamo,Sin Prestamo,1,3192.0,3192.0,80,125156.0,111203.0,16472.725,700.0,28152.0
3479,F,1933-09-19,65,DISPONENT,,1,Hl.m. Praha,Prague,1204953,12541.0,0.0,85677.0,0,,0.0,,0.0,Sin Prestamo,Sin Prestamo,0,0.0,,0,0.0,0.0,,,
3480,F,1951-04-10,47,OWNER,,15,Cesky Krumlov,south Bohemia,58796,9045.0,3.0,1845.0,0,,0.0,,0.0,Sin Prestamo,Sin Prestamo,1,7193.0,7193.0,67,175431.0,158925.0,24256.447761,600.0,41425.0
3481,M,1957-11-10,41,DISPONENT,,15,Cesky Krumlov,south Bohemia,58796,9045.0,3.0,1845.0,0,,0.0,,0.0,Sin Prestamo,Sin Prestamo,0,0.0,,0,0.0,0.0,,,
3482,F,1941-02-09,57,OWNER,,71,Novy Jicin,north Moravia,161227,8678.0,6.0,4980.0,0,,0.0,,0.0,Sin Prestamo,Sin Prestamo,1,7501.0,7501.0,396,1262021.0,1216957.0,36943.35606,600.0,65160.0
3483,M,1940-12-02,58,OWNER,,70,Karvina,north Moravia,285387,10177.0,7.0,9878.0,0,,0.0,,0.0,Sin Prestamo,Sin Prestamo,1,4639.0,4639.0,422,722647.0,670058.0,37817.627962,700.0,66268.0
3484,M,1972-04-30,26,OWNER,,44,Chrudim,east Bohemia,105606,8254.0,3.0,2166.0,0,,0.0,,0.0,Sin Prestamo,Sin Prestamo,2,12443.0,6221.5,116,527152.0,469869.0,34354.724137,121.0,119173.0
3485,M,1922-05-27,76,OWNER,,77,Vsetin,north Moravia,148545,8909.0,4.0,3460.0,0,,0.0,,0.0,Sin Prestamo,Sin Prestamo,1,2497.0,2497.0,82,95769.0,76706.0,20819.682926,200.0,30078.0
3486,M,1962-03-09,36,OWNER,,77,Vsetin,north Moravia,148545,8909.0,4.0,3460.0,0,,0.0,,0.0,Sin Prestamo,Sin Prestamo,1,3854.0,3854.0,405,618800.0,513754.0,46009.032098,1100.0,105066.0
3487,M,1959-09-06,39,OWNER,,1,Hl.m. Praha,Prague,1204953,12541.0,0.0,85677.0,0,,0.0,,0.0,Sin Prestamo,Sin Prestamo,1,7905.0,7905.0,156,605441.0,508665.0,59248.852564,800.0,107103.0
3488,M,1955-10-09,43,OWNER,,1,Hl.m. Praha,Prague,1204953,12541.0,0.0,85677.0,0,,0.0,,0.0,Sin Prestamo,Sin Prestamo,1,3472.0,3472.0,328,416023.0,399209.0,26664.268292,900.0,40797.0
3489,M,1966-08-13,32,OWNER,,76,Sumperk,north Moravia,127369,8369.0,5.0,3736.0,0,,0.0,,0.0,Sin Prestamo,Sin Prestamo,1,5645.0,5645.0,164,705139.0,643285.0,50366.945121,900.0,75645.0
3490,M,1920-10-16,78,OWNER,,19,Prachatice,south Bohemia,51428,8402.0,3.0,999.0,0,,0.0,,0.0,Sin Prestamo,Sin Prestamo,2,2392.0,1196.0,162,126569.0,113444.0,15688.462962,700.0,22031.0
3491,F,1922-11-18,76,DISPONENT,,19,Prachatice,south Bohemia,51428,8402.0,3.0,999.0,0,,0.0,,0.0,Sin Prestamo,Sin Prestamo,0,0.0,,0,0.0,0.0,,,
3492,F,1970-12-27,28,OWNER,,8,Mlada Boleslav,central Bohemia,112065,11277.0,1.0,5179.0,0,,0.0,,0.0,Sin Prestamo,Sin Prestamo,2,8330.0,4165.0,202,1352533.0,1279302.0,54113.742574,900.0,123527.0
3493,F,1965-05-04,33,OWNER,,69,Jesenik,north Moravia,42821,8173.0,,,0,,0.0,,0.0,Sin Prestamo,Sin Prestamo,2,5653.0,2826.5,222,888939.0,845593.0,37417.995495,500.0,74362.0
3494,M,1969-07-02,29,OWNER,,42,Havlickuv Brod,east Bohemia,95907,8388.0,2.0,1658.0,0,,0.0,,0.0,Sin Prestamo,Sin Prestamo,3,11298.0,3766.0,113,397712.0,368700.0,27364.035398,300.0,54842.0
3495,F,1941-05-10,57,OWNER,,64,Zlin,south Moravia,197099,9624.0,2.0,4484.0,0,,0.0,,0.0,Sin Prestamo,Sin Prestamo,0,0.0,,13,39300.0,1400.0,22646.153846,200.0,37900.0
3496,M,1949-07-11,49,DISPONENT,,64,Zlin,south Moravia,197099,9624.0,2.0,4484.0,0,,0.0,,0.0,Sin Prestamo,Sin Prestamo,0,0.0,,0,0.0,0.0,,,
3497,F,1970-09-11,28,OWNER,,39,Most,north Bohemia,119895,10446.0,7.0,4947.0,0,,0.0,,0.0,Sin Prestamo,Sin Prestamo,2,2254.0,1127.0,188,117992.0,96265.0,18669.207446,700.0,25255.0
3498,M,1938-04-01,60,OWNER,,77,Vsetin,north Moravia,148545,8909.0,4.0,3460.0,0,,0.0,,0.0,Sin Prestamo,Sin Prestamo,1,3736.0,3736.0,384,3034613.0,2974691.0,73180.721354,1100.0,171642.0
3499,M,1969-03-16,29,OWNER,,19,Prachatice,south Bohemia,51428,8402.0,3.0,999.0,0,,0.0,,0.0,Sin Prestamo,Sin Prestamo,1,5598.0,5598.0,406,1390856.0,1337265.0,33615.366995,300.0,64151.0
3500,M,1960-06-07,38,OWNER,,29,Rokycany,west Bohemia,45714,8843.0,3.0,818.0,0,,0.0,,0.0,Sin Prestamo,Sin Prestamo,2,2147.0,1073.5,398,227958.0,205470.0,19522.213567,400.0,28363.0
3501,M,1964-03-21,34,OWNER,,51,Trutnov,east Bohemia,121947,8541.0,3.0,3496.0,0,,0.0,,0.0,Sin Prestamo,Sin Prestamo,1,5751.0,5751.0,109,972365.0,880967.0,70732.357798,800.0,144761.0
3502,M,1952-08-03,46,OWNER,,54,Brno - mesto,south Moravia,387570,9897.0,2.0,18721.0,0,,0.0,,0.0,Sin Prestamo,Sin Prestamo,1,6655.0,6655.0,134,465291.0,426895.0,44224.701492,800.0,71123.0
3503,F,1953-01-14,45,DISPONENT,,54,Brno - mesto,south Moravia,387570,9897.0,2.0,18721.0,0,,0.0,,0.0,Sin Prestamo,Sin Prestamo,0,0.0,,0,0.0,0.0,,,
3504,M,1952-01-25,46,OWNER,,40,Teplice,north Bohemia,128118,9317.0,6.0,6949.0,0,,0.0,,0.0,Sin Prestamo,Sin Prestamo,1,7503.0,7503.0,112,548447.0,469091.0,51390.973214,1100.0,86567.0
3505,M,1977-12-06,21,OWNER,,20,Strakonice,south Bohemia,70646,8547.0,3.0,1563.0,0,,0.0,,0.0,Sin Prestamo,Sin Prestamo,0,0.0,,26,113163.0,101400.0,29950.807692,500.0,60583.0
3506,F,1961-08-20,37,OWNER,,1,Hl.m. Praha,Prague,1204953,12541.0,0.0,85677.0,0,,0.0,,0.0,Sin Prestamo,Sin Prestamo,1,4936.0,4936.0,104,209476.0,154021.0,42010.971153,600.0,64321.0
3507,F,1946-12-02,52,OWNER,,32,Ceska Lipa,north Bohemia,105058,9272.0,3.0,4340.0,0,,0.0,,0.0,Sin Prestamo,Sin Prestamo,2,6290.0,3145.0,479,1570942.0,1529320.0,37695.789144,200.0,74805.0
3508,M,1970-11-09,28,OWNER,,38,Louny,north Bohemia,85852,8965.0,7.0,2653.0,0,,0.0,,0.0,Sin Prestamo,Sin Prestamo,1,7826.0,7826.0,301,1340916.0,1319870.0,45044.318936,300.0,80947.0
3509,F,1965-02-13,33,DISPONENT,,38,Louny,north Bohemia,85852,8965.0,7.0,2653.0,0,,0.0,,0.0,Sin Prestamo,Sin Prestamo,0,0.0,,0,0.0,0.0,,,
3510,M,1939-10-26,59,OWNER,,13,Rakovnik,central Bohemia,53921,8598.0,3.0,1597.0,0,,0.0,,0.0,Sin Prestamo,Sin Prestamo,0,0.0,,170,653465.0,584227.0,38085.7,-2364.0,69540.0
3511,M,1963-09-11,35,OWNER,,74,Ostrava - mesto,north Moravia,323870,10673.0,5.0,18782.0,0,,0.0,,0.0,Sin Prestamo,Sin Prestamo,0,0.0,,246,724612.0,665250.0,45038.686991,1000.0,87654.0
3512,M,1946-05-25,52,OWNER,,49,Semily,east Bohemia,75685,8208.0,2.0,1660.0,0,,0.0,,0.0,Sin Prestamo,Sin Prestamo,3,9658.0,3219.333333,191,494286.0,480564.0,33966.602094,200.0,60941.0
3513,M,1922-07-20,76,OWNER,,70,Karvina,north Moravia,285387,10177.0,7.0,9878.0,0,,0.0,,0.0,Sin Prestamo,Sin Prestamo,1,3983.0,3983.0,319,440164.0,416727.0,21936.448275,700.0,33902.0
3514,F,1918-02-05,80,DISPONENT,,70,Karvina,north Moravia,285387,10177.0,7.0,9878.0,0,,0.0,,0.0,Sin Prestamo,Sin Prestamo,0,0.0,,0,0.0,0.0,,,
3515,F,1975-01-02,23,OWNER,,61,Trebic,south Moravia,117897,8814.0,5.0,2112.0,0,,0.0,,0.0,Sin Prestamo,Sin Prestamo,1,3207.0,3207.0,110,400878.0,320552.0,59462.718181,600.0,82822.0
3516,F,1971-09-07,27,OWNER,,58,Jihlava,south Moravia,109164,8757.0,3.0,2212.0,0,,0.0,,0.0,Sin Prestamo,Sin Prestamo,1,7036.0,7036.0,187,430789.0,387164.0,40696.149732,200.0,62503.0
3517,F,1953-06-24,45,OWNER,,68,Frydek - Mistek,north Moravia,228848,9893.0,4.0,5623.0,1,5561.0,437460.0,60.0,7291.0,C,Vigente,3,21725.0,7241.666666,85,681544.0,639295.0,44637.105882,900.0,101929.0
3518,F,1955-09-02,43,OWNER,,33,Decin,north Bohemia,133777,8705.0,6.0,4650.0,0,,0.0,,0.0,Sin Prestamo,Sin Prestamo,4,8629.0,2157.25,334,618059.0,550351.0,30758.928143,900.0,76947.0
3519,M,1949-12-15,49,OWNER,,74,Ostrava - mesto,north Moravia,323870,10673.0,5.0,18782.0,1,5563.0,380160.0,60.0,6336.0,C,Vigente,1,6336.0,6336.0,369,2834492.0,2775812.0,67985.504065,1100.0,157338.0
3520,F,1928-05-17,70,OWNER,,8,Mlada Boleslav,central Bohemia,112065,11277.0,1.0,5179.0,0,,0.0,,0.0,Sin Prestamo,Sin Prestamo,2,2980.0,1490.0,343,273127.0,255165.0,15875.381924,1100.0,23455.0
3521,M,1964-07-20,34,OWNER,,4,Kladno,central Bohemia,149893,9753.0,5.0,5244.0,0,,0.0,,0.0,Sin Prestamo,Sin Prestamo,2,5189.0,2594.5,173,275926.0,235614.0,32239.260115,300.0,47089.0
3522,M,1963-02-02,35,OWNER,,57,Hodonin,south Moravia,161954,8720.0,4.0,3729.0,0,,0.0,,0.0,Sin Prestamo,Sin Prestamo,0,0.0,,384,3417616.0,3351779.0,65324.473958,500.0,137319.0
3523,M,1964-04-29,34,OWNER,,6,Kutna Hora,central Bohemia,77963,8546.0,3.0,2640.0,0,,0.0,,0.0,Sin Prestamo,Sin Prestamo,4,6363.0,1590.75,199,364004.0,323523.0,37047.447236,1000.0,54819.0
3524,F,1945-11-20,53,OWNER,,68,Frydek - Mistek,north Moravia,228848,9893.0,4.0,5623.0,0,,0.0,,0.0,Sin Prestamo,Sin Prestamo,1,6157.0,6157.0,147,530729.0,483776.0,29266.721088,300.0,59643.0
3525,M,1974-05-21,24,OWNER,,15,Cesky Krumlov,south Bohemia,58796,9045.0,3.0,1845.0,0,,0.0,,0.0,Sin Prestamo,Sin Prestamo,2,18484.0,9242.0,70,471465.0,417928.0,38277.785714,300.0,113438.0
3526,F,1977-07-06,21,DISPONENT,,15,Cesky Krumlov,south Bohemia,58796,9045.0,3.0,1845.0,0,,0.0,,0.0,Sin Prestamo,Sin Prestamo,0,0.0,,0,0.0,0.0,,,
3527,M,1978-08-11,20,OWNER,,77,Vsetin,north Moravia,148545,8909.0,4.0,3460.0,0,,0.0,,0.0,Sin Prestamo,Sin Prestamo,1,7331.0,7331.0,238,680203.0,649914.0,22396.306722,200.0,51633.0
3528,F,1970-10-06,28,OWNER,,73,Opava,north Moravia,182027,8746.0,3.0,4355.0,0,,0.0,,0.0,Sin Prestamo,Sin Prestamo,1,5493.0,5493.0,61,321445.0,288377.0,35972.14754,200.0,62936.0
3529,M,1973-03-15,25,OWNER,,54,Brno - mesto,south Moravia,387570,9897.0,2.0,18721.0,0,,0.0,,0.0,Sin Prestamo,Sin Prestamo,1,6797.0,6797.0,147,424070.0,394364.0,27360.367346,500.0,49010.0
3530,F,1971-09-18,27,OWNER,,16,Jindrichuv Hradec,south Bohemia,93931,8427.0,1.0,1874.0,0,,0.0,,0.0,Sin Prestamo,Sin Prestamo,0,0.0,,276,1667091.0,1648318.0,49953.634057,200.0,141166.0
3531,M,1920-06-14,78,OWNER,,43,Hradec Kralove,east Bohemia,161854,9425.0,2.0,4085.0,0,,0.0,,0.0,Sin Prestamo,Sin Prestamo,1,2786.0,2786.0,216,200067.0,184828.0,18303.921296,500.0,27076.0
3532,M,1935-02-24,63,OWNER,,56,Breclav,south Moravia,124605,8772.0,5.0,2854.0,0,,0.0,,0.0,Sin Prestamo,Sin Prestamo,0,0.0,,243,592977.0,558375.0,37951.81893,700.0,53301.0
3533,F,1963-12-01,35,OWNER,,1,Hl.m. Praha,Prague,1204953,12541.0,0.0,85677.0,0,,0.0,,0.0,Sin Prestamo,Sin Prestamo,1,4297.0,4297.0,385,549566.0,516901.0,26564.148051,1000.0,41716.0
3534,F,1971-03-21,27,OWNER,,50,Svitavy,east Bohemia,102609,8187.0,5.0,2123.0,0,,0.0,,0.0,Sin Prestamo,Sin Prestamo,4,4008.0,1002.0,620,872860.0,828633.0,39803.374193,600.0,62464.0
3535,M,1973-05-12,25,OWNER,,37,Litomerice,north Bohemia,114006,9065.0,4.0,4147.0,0,,0.0,,0.0,Sin Prestamo,Sin Prestamo,1,2025.0,2025.0,53,261124.0,225677.0,52368.45283,300.0,113126.0
3536,M,1922-08-20,76,OWNER,,55,Brno - venkov,south Moravia,157042,8743.0,2.0,3659.0,0,,0.0,,0.0,Sin Prestamo,Sin Prestamo,1,3566.0,3566.0,276,338111.0,311475.0,23925.003623,500.0,33666.0
3537,M,1946-04-16,52,OWNER,,51,Trutnov,east Bohemia,121947,8541.0,3.0,3496.0,0,,0.0,,0.0,Sin Prestamo,Sin Prestamo,3,15673.0,5224.333333,226,1299547.0,1229406.0,66853.792035,400.0,123165.0
3538,F,1944-05-02,54,OWNER,,1,Hl.m. Praha,Prague,1204953,12541.0,0.0,85677.0,0,,0.0,,0.0,Sin Prestamo,Sin Prestamo,1,12032.0,12032.0,180,1236930.0,1151080.0,65576.266666,900.0,148231.0
3539,M,1920-08-31,78,OWNER,,36,Liberec,north Bohemia,159617,9198.0,3.0,5796.0,0,,0.0,,0.0,Sin Prestamo,Sin Prestamo,1,2884.0,2884.0,202,194120.0,167771.0,18544.311881,500.0,27352.0
3540,M,1936-08-04,62,OWNER,,51,Trutnov,east Bohemia,121947,8541.0,3.0,3496.0,0,,0.0,,0.0,Sin Prestamo,Sin Prestamo,5,8615.0,1723.0,655,2821377.0,2787425.0,54588.193893,500.0,146481.0
3541,F,1934-05-01,64,DISPONENT,,51,Trutnov,east Bohemia,121947,8541.0,3.0,3496.0,0,,0.0,,0.0,Sin Prestamo,Sin Prestamo,0,0.0,,0,0.0,0.0,,,
3542,M,1939-09-02,59,OWNER,,10,Praha - vychod,central Bohemia,92084,10124.0,1.0,3810.0,1,5568.0,272520.0,60.0,4542.0,C,Vigente,2,10449.0,5224.5,473,2524979.0,2493953.0,52304.972515,1100.0,175151.0
3543,F,1941-08-19,57,DISPONENT,,10,Praha - vychod,central Bohemia,92084,10124.0,1.0,3810.0,0,,0.0,,0.0,Sin Prestamo,Sin Prestamo,0,0.0,,0,0.0,0.0,,,
3544,F,1961-08-15,37,OWNER,,1,Hl.m. Praha,Prague,1204953,12541.0,0.0,85677.0,0,,0.0,,0.0,Sin Prestamo,Sin Prestamo,0,0.0,,152,998923.0,914356.0,62346.30921,1000.0,133278.0
3545,M,1966-11-01,32,OWNER,,68,Frydek - Mistek,north Moravia,228848,9893.0,4.0,5623.0,0,,0.0,,0.0,Sin Prestamo,Sin Prestamo,1,2100.0,2100.0,203,138330.0,118800.0,16378.798029,200.0,22224.0
3546,M,1971-02-28,27,OWNER,,3,Beroun,central Bohemia,75232,8980.0,2.0,2824.0,1,5569.0,504000.0,60.0,8400.0,C,Vigente,2,12647.0,6323.5,199,452468.0,407223.0,26998.246231,200.0,59151.0
3547,F,1924-03-15,74,OWNER,,1,Hl.m. Praha,Prague,1204953,12541.0,0.0,85677.0,0,,0.0,,0.0,Sin Prestamo,Sin Prestamo,1,3230.0,3230.0,91,108420.0,96175.0,13339.032967,800.0,25025.0
3548,M,1975-05-03,23,OWNER,,1,Hl.m. Praha,Prague,1204953,12541.0,0.0,85677.0,0,,0.0,,0.0,Sin Prestamo,Sin Prestamo,4,14700.0,3675.0,569,3138214.0,3088037.0,59852.330404,400.0,147593.0
3549,F,1937-09-08,61,OWNER,,5,Kolin,central Bohemia,95616,9307.0,4.0,2616.0,0,,0.0,,0.0,Sin Prestamo,Sin Prestamo,1,2882.0,2882.0,76,103679.0,82901.0,20607.078947,200.0,29212.0
3550,F,1969-09-14,29,OWNER,,54,Brno - mesto,south Moravia,387570,9897.0,2.0,18721.0,0,,0.0,,0.0,Sin Prestamo,Sin Prestamo,1,7156.0,7156.0,365,1530786.0,1492807.0,39683.783561,1000.0,141487.0
3552,M,1940-11-16,58,OWNER,,44,Chrudim,east Bohemia,105606,8254.0,3.0,2166.0,0,,0.0,,0.0,Sin Prestamo,Sin Prestamo,2,3523.0,1761.5,80,117810.0,69900.0,36908.7125,1100.0,48605.0
3554,F,1965-12-21,33,OWNER,,22,Domazlice,west Bohemia,58400,8620.0,1.0,1089.0,0,,0.0,,0.0,Sin Prestamo,Sin Prestamo,2,3599.0,1799.5,229,317111.0,270654.0,29461.441048,1000.0,55855.0
3555,M,1968-02-06,30,DISPONENT,,22,Domazlice,west Bohemia,58400,8620.0,1.0,1089.0,0,,0.0,,0.0,Sin Prestamo,Sin Prestamo,0,0.0,,0,0.0,0.0,,,
3556,M,1927-11-27,71,OWNER,,6,Kutna Hora,central Bohemia,77963,8546.0,3.0,2640.0,0,,0.0,,0.0,Sin Prestamo,Sin Prestamo,1,1854.0,1854.0,144,175049.0,160890.0,17607.777777,300.0,25458.0
3557,F,1928-11-24,70,DISPONENT,,6,Kutna Hora,central Bohemia,77963,8546.0,3.0,2640.0,0,,0.0,,0.0,Sin Prestamo,Sin Prestamo,0,0.0,,0,0.0,0.0,,,
3558,F,1928-07-01,70,OWNER,,54,Brno - mesto,south Moravia,387570,9897.0,2.0,18721.0,0,,0.0,,0.0,Sin Prestamo,Sin Prestamo,1,2672.0,2672.0,144,131264.0,116159.0,15229.423611,1100.0,22065.0
3559,F,1939-10-23,59,OWNER,,57,Hodonin,south Moravia,161954,8720.0,4.0,3729.0,0,,0.0,,0.0,Sin Prestamo,Sin Prestamo,1,2228.0,2228.0,145,154265.0,126250.0,23970.489655,1000.0,35569.0
3560,M,1944-02-02,54,DISPONENT,,57,Hodonin,south Moravia,161954,8720.0,4.0,3729.0,0,,0.0,,0.0,Sin Prestamo,Sin Prestamo,0,0.0,,0,0.0,0.0,,,
3562,M,1931-04-05,67,OWNER,,1,Hl.m. Praha,Prague,1204953,12541.0,0.0,85677.0,0,,0.0,,0.0,Sin Prestamo,Sin Prestamo,2,2051.0,1025.5,317,325239.0,309698.0,22684.438485,400.0,34839.0
3563,F,1926-11-22,72,DISPONENT,,1,Hl.m. Praha,Prague,1204953,12541.0,0.0,85677.0,0,,0.0,,0.0,Sin Prestamo,Sin Prestamo,0,0.0,,0,0.0,0.0,,,
3564,M,1948-03-23,50,OWNER,,62,Uherske Hradiste,south Moravia,145688,8544.0,1.0,2719.0,0,,0.0,,0.0,Sin Prestamo,Sin Prestamo,1,8653.0,8653.0,157,657178.0,600253.0,40332.515923,1000.0,71237.0
3565,M,1962-07-29,36,OWNER,,44,Chrudim,east Bohemia,105606,8254.0,3.0,2166.0,0,,0.0,,0.0,Sin Prestamo,Sin Prestamo,3,3015.0,1005.0,487,833883.0,805403.0,48318.839835,200.0,82102.0
3566,F,1932-02-19,66,OWNER,,65,Znojmo,south Moravia,114200,8403.0,6.0,2157.0,0,,0.0,,0.0,Sin Prestamo,Sin Prestamo,2,2379.0,1189.5,104,98706.0,83779.0,17156.961538,900.0,29017.0
3567,M,1948-03-09,50,OWNER,,1,Hl.m. Praha,Prague,1204953,12541.0,0.0,85677.0,0,,0.0,,0.0,Sin Prestamo,Sin Prestamo,3,4943.0,1647.666666,181,232591.0,185217.0,43324.16022,900.0,61414.0
3568,M,1941-01-25,57,OWNER,,1,Hl.m. Praha,Prague,1204953,12541.0,0.0,85677.0,0,,0.0,,0.0,Sin Prestamo,Sin Prestamo,1,8306.0,8306.0,111,553024.0,466236.0,53881.243243,700.0,86794.0
3569,M,1933-04-09,65,OWNER,,67,Bruntal,north Moravia,106054,8110.0,6.0,3244.0,0,,0.0,,0.0,Sin Prestamo,Sin Prestamo,1,3386.0,3386.0,117,140007.0,116938.0,21417.923076,900.0,30584.0
3570,F,1945-04-27,53,OWNER,,15,Cesky Krumlov,south Bohemia,58796,9045.0,3.0,1845.0,0,,0.0,,0.0,Sin Prestamo,Sin Prestamo,1,9042.0,9042.0,93,301655.0,244441.0,40192.526881,400.0,57218.0
3571,M,1970-06-17,28,OWNER,,25,Klatovy,west Bohemia,88757,8554.0,2.0,1822.0,0,,0.0,,0.0,Sin Prestamo,Sin Prestamo,1,4640.0,4640.0,241,968168.0,911400.0,46809.655601,500.0,78136.0
3572,F,1928-12-18,70,OWNER,,48,Rychnov nad Kneznou,east Bohemia,78955,9060.0,2.0,1655.0,0,,0.0,,0.0,Sin Prestamo,Sin Prestamo,1,3261.0,3261.0,302,336522.0,320278.0,17657.036423,400.0,28718.0
3573,F,1972-02-09,26,OWNER,,8,Mlada Boleslav,central Bohemia,112065,11277.0,1.0,5179.0,0,,0.0,,0.0,Sin Prestamo,Sin Prestamo,0,0.0,,324,2406820.0,2359500.0,51423.487654,-11712.0,141814.0
3574,F,1946-02-17,52,OWNER,,19,Prachatice,south Bohemia,51428,8402.0,3.0,999.0,0,,0.0,,0.0,Sin Prestamo,Sin Prestamo,1,8884.0,8884.0,272,765490.0,729554.0,29673.452205,1100.0,48961.0
3575,F,1937-10-12,61,OWNER,,9,Nymburk,central Bohemia,81344,8899.0,3.0,2987.0,0,,0.0,,0.0,Sin Prestamo,Sin Prestamo,2,1661.0,830.5,160,148338.0,115820.0,24084.3625,400.0,33899.0
3576,F,1939-03-15,59,OWNER,True,1,Hl.m. Praha,Prague,1204953,12541.0,0.0,85677.0,1,5576.0,31248.0,12.0,2604.0,A,Cerrado,1,2605.0,2605.0,422,2439592.0,2406795.0,60424.601895,1000.0,156950.0
3577,F,1942-12-15,56,OWNER,,31,Tachov,west Bohemia,51313,8930.0,4.0,1328.0,0,,0.0,,0.0,Sin Prestamo,Sin Prestamo,1,5101.0,5101.0,126,422727.0,364720.0,47222.071428,1000.0,60491.0
3578,M,1927-10-20,71,OWNER,,72,Olomouc,north Moravia,226122,8994.0,4.0,9672.0,0,,0.0,,0.0,Sin Prestamo,Sin Prestamo,1,2306.0,2306.0,100,107737.0,81929.0,20593.11,300.0,28637.0
3579,F,1930-08-07,68,DISPONENT,,72,Olomouc,north Moravia,226122,8994.0,4.0,9672.0,0,,0.0,,0.0,Sin Prestamo,Sin Prestamo,0,0.0,,0,0.0,0.0,,,
3580,F,1929-04-27,69,OWNER,,6,Kutna Hora,central Bohemia,77963,8546.0,3.0,2640.0,0,,0.0,,0.0,Sin Prestamo,Sin Prestamo,1,2648.0,2648.0,175,217419.0,191737.0,22237.08,900.0,34849.0
3581,M,1967-12-23,31,OWNER,,33,Decin,north Bohemia,133777,8705.0,6.0,4650.0,0,,0.0,,0.0,Sin Prestamo,Sin Prestamo,1,4560.0,4560.0,145,911440.0,833707.0,66716.006896,1100.0,130528.0
3582,M,1955-02-17,43,OWNER,,38,Louny,north Bohemia,85852,8965.0,7.0,2653.0,0,,0.0,,0.0,Sin Prestamo,Sin Prestamo,3,8197.0,2732.333333,168,388482.0,364948.0,24230.75,400.0,50081.0
3583,F,1942-09-09,56,OWNER,,15,Cesky Krumlov,south Bohemia,58796,9045.0,3.0,1845.0,0,,0.0,,0.0,Sin Prestamo,Sin Prestamo,2,3678.0,1839.0,309,1824595.0,1784311.0,56538.097087,1100.0,107797.0
3584,M,1941-03-25,57,DISPONENT,,15,Cesky Krumlov,south Bohemia,58796,9045.0,3.0,1845.0,0,,0.0,,0.0,Sin Prestamo,Sin Prestamo,0,0.0,,0,0.0,0.0,,,
3585,F,1968-10-02,30,OWNER,,29,Rokycany,west Bohemia,45714,8843.0,3.0,818.0,0,,0.0,,0.0,Sin Prestamo,Sin Prestamo,0,0.0,,43,60900.0,23200.0,26797.674418,300.0,38600.0
3586,M,1943-04-11,55,OWNER,,60,Prostejov,south Moravia,110643,8441.0,3.0,1879.0,0,,0.0,,0.0,Sin Prestamo,Sin Prestamo,0,0.0,,298,762406.0,718250.0,32240.197986,400.0,52614.0
3587,F,1939-12-01,59,DISPONENT,,60,Prostejov,south Moravia,110643,8441.0,3.0,1879.0,0,,0.0,,0.0,Sin Prestamo,Sin Prestamo,0,0.0,,0,0.0,0.0,,,
3588,F,1953-11-04,45,OWNER,,76,Sumperk,north Moravia,127369,8369.0,5.0,3736.0,0,,0.0,,0.0,Sin Prestamo,Sin Prestamo,1,3555.0,3555.0,228,1283631.0,1193817.0,48528.973684,500.0,126668.0
3589,F,1961-07-13,37,OWNER,,73,Opava,north Moravia,182027,8746.0,3.0,4355.0,0,,0.0,,0.0,Sin Prestamo,Sin Prestamo,1,3555.0,3555.0,327,2315606.0,2239618.0,62892.422018,500.0,162756.0
3590,F,1976-09-23,22,OWNER,,23,Cheb,west Bohemia,87419,8624.0,2.0,2879.0,0,,0.0,,0.0,Sin Prestamo,Sin Prestamo,2,4585.0,2292.5,175,507824.0,449800.0,38405.182857,500.0,58034.0
3591,M,1930-09-28,68,OWNER,,74,Ostrava - mesto,north Moravia,323870,10673.0,5.0,18782.0,0,,0.0,,0.0,Sin Prestamo,Sin Prestamo,1,1546.0,1546.0,346,396728.0,347964.0,38334.734104,1100.0,54302.0
3592,F,1925-03-30,73,DISPONENT,,74,Ostrava - mesto,north Moravia,323870,10673.0,5.0,18782.0,0,,0.0,,0.0,Sin Prestamo,Sin Prestamo,0,0.0,,0,0.0,0.0,,,
3594,F,1961-05-07,37,OWNER,,13,Rakovnik,central Bohemia,53921,8598.0,3.0,1597.0,0,,0.0,,0.0,Sin Prestamo,Sin Prestamo,1,8473.0,8473.0,161,518856.0,487697.0,33597.322981,800.0,64055.0
3595,M,1965-01-01,33,OWNER,,28,Plzen - sever,west Bohemia,72541,8594.0,2.0,1580.0,0,,0.0,,0.0,Sin Prestamo,Sin Prestamo,2,4782.0,2391.0,183,1260659.0,1180324.0,63188.316939,1100.0,134018.0
3596,M,1975-03-22,23,OWNER,,74,Ostrava - mesto,north Moravia,323870,10673.0,5.0,18782.0,0,,0.0,,0.0,Sin Prestamo,Sin Prestamo,1,3212.0,3212.0,260,305905.0,293373.0,18221.192307,600.0,35058.0
3597,F,1933-08-17,65,OWNER,,10,Praha - vychod,central Bohemia,92084,10124.0,1.0,3810.0,0,,0.0,,0.0,Sin Prestamo,Sin Prestamo,1,3494.0,3494.0,51,69538.0,50912.0,15206.294117,700.0,24196.0
3598,M,1923-09-11,75,OWNER,,66,Zdar nad Sazavou,south Moravia,125832,8512.0,4.0,2247.0,0,,0.0,,0.0,Sin Prestamo,Sin Prestamo,1,3316.0,3316.0,293,303637.0,286181.0,19043.389078,1000.0,28624.0
3599,F,1931-03-02,67,DISPONENT,,66,Zdar nad Sazavou,south Moravia,125832,8512.0,4.0,2247.0,0,,0.0,,0.0,Sin Prestamo,Sin Prestamo,0,0.0,,0,0.0,0.0,,,
3600,F,1943-07-26,55,OWNER,,46,Nachod,east Bohemia,112709,8369.0,2.0,2854.0,0,,0.0,,0.0,Sin Prestamo,Sin Prestamo,1,2022.0,2022.0,124,95048.0,81903.0,17807.274193,600.0,25987.0
3601,M,1938-08-03,60,OWNER,,19,Prachatice,south Bohemia,51428,8402.0,3.0,999.0,1,5582.0,41256.0,12.0,3438.0,C,Vigente,5,11994.0,2398.8,303,1686907.0,1616965.0,66817.10561,900.0,138939.0
3602,F,1940-12-10,58,DISPONENT,,19,Prachatice,south Bohemia,51428,8402.0,3.0,999.0,0,,0.0,,0.0,Sin Prestamo,Sin Prestamo,0,0.0,,0,0.0,0.0,,,
3603,M,1954-06-13,44,OWNER,,42,Havlickuv Brod,east Bohemia,95907,8388.0,2.0,1658.0,0,,0.0,,0.0,Sin Prestamo,Sin Prestamo,0,0.0,,138,218815.0,168860.0,35420.202898,1000.0,51668.0
3605,M,1934-07-24,64,OWNER,,71,Novy Jicin,north Moravia,161227,8678.0,6.0,4980.0,0,,0.0,,0.0,Sin Prestamo,Sin Prestamo,1,2113.0,2113.0,354,319560.0,298622.0,26591.604519,400.0,40601.0
3606,M,1958-06-06,40,OWNER,,63,Vyskov,south Moravia,86513,8288.0,4.0,1562.0,1,5584.0,24792.0,24.0,1033.0,C,Vigente,3,5724.0,1908.0,234,827321.0,742022.0,51849.905982,500.0,91488.0
3607,F,1946-07-29,52,OWNER,,18,Pisek,south Bohemia,70699,8968.0,3.0,1740.0,0,,0.0,,0.0,Sin Prestamo,Sin Prestamo,1,5569.0,5569.0,359,1624917.0,1551281.0,45126.0,700.0,83115.0
3608,M,1947-12-09,51,OWNER,,66,Zdar nad Sazavou,south Moravia,125832,8512.0,4.0,2247.0,1,5585.0,88608.0,12.0,7384.0,C,Vigente,1,7384.0,7384.0,168,1083464.0,1033754.0,54237.547619,900.0,148386.0
3609,F,1955-10-26,43,DISPONENT,,66,Zdar nad Sazavou,south Moravia,125832,8512.0,4.0,2247.0,0,,0.0,,0.0,Sin Prestamo,Sin Prestamo,0,0.0,,0,0.0,0.0,,,
3610,M,1919-05-08,79,OWNER,,36,Liberec,north Bohemia,159617,9198.0,3.0,5796.0,0,,0.0,,0.0,Sin Prestamo,Sin Prestamo,1,3395.0,3395.0,283,316670.0,288320.0,21876.438162,600.0,35126.0
3611,F,1972-05-27,26,OWNER,,30,Sokolov,west Bohemia,94812,9650.0,3.0,2985.0,0,,0.0,,0.0,Sin Prestamo,Sin Prestamo,2,2726.0,1363.0,167,185335.0,142628.0,35757.299401,900.0,56133.0
3612,F,1962-09-04,36,OWNER,,19,Prachatice,south Bohemia,51428,8402.0,3.0,999.0,0,,0.0,,0.0,Sin Prestamo,Sin Prestamo,4,9455.0,2363.75,525,1642575.0,1582215.0,39204.645714,600.0,84029.0
3613,M,1969-02-12,29,DISPONENT,,19,Prachatice,south Bohemia,51428,8402.0,3.0,999.0,0,,0.0,,0.0,Sin Prestamo,Sin Prestamo,0,0.0,,0,0.0,0.0,,,
3614,F,1971-10-09,27,OWNER,,43,Hradec Kralove,east Bohemia,161854,9425.0,2.0,4085.0,0,,0.0,,0.0,Sin Prestamo,Sin Prestamo,1,5396.0,5396.0,91,223296.0,178868.0,31694.21978,900.0,54794.0
3615,M,1974-07-04,24,OWNER,,1,Hl.m. Praha,Prague,1204953,12541.0,0.0,85677.0,0,,0.0,,0.0,Sin Prestamo,Sin Prestamo,0,0.0,,220,1383048.0,1368143.0,61115.681818,1100.0,152300.0
3616,F,1964-04-14,34,OWNER,,77,Vsetin,north Moravia,148545,8909.0,4.0,3460.0,1,5586.0,48744.0,36.0,1354.0,C,Vigente,2,4571.0,2285.5,212,683295.0,644879.0,50284.891509,900.0,75877.0
3617,F,1954-11-30,44,OWNER,,51,Trutnov,east Bohemia,121947,8541.0,3.0,3496.0,0,,0.0,,0.0,Sin Prestamo,Sin Prestamo,0,0.0,,76,242180.0,247467.0,23899.368421,-5285.0,108137.0
3618,M,1953-02-21,45,OWNER,,54,Brno - mesto,south Moravia,387570,9897.0,2.0,18721.0,0,,0.0,,0.0,Sin Prestamo,Sin Prestamo,4,7798.0,1949.5,464,842204.0,776951.0,42751.670258,400.0,71605.0
3619,M,1955-08-09,43,OWNER,,40,Teplice,north Bohemia,128118,9317.0,6.0,6949.0,0,,0.0,,0.0,Sin Prestamo,Sin Prestamo,1,1978.0,1978.0,83,76443.0,47813.0,24100.096385,1100.0,31970.0
3620,M,1937-09-14,61,OWNER,,21,Tabor,south Bohemia,103347,9104.0,2.0,2299.0,0,,0.0,,0.0,Sin Prestamo,Sin Prestamo,3,3201.0,1067.0,83,349751.0,302397.0,44457.867469,300.0,66690.0
3621,M,1939-07-21,59,OWNER,,66,Zdar nad Sazavou,south Moravia,125832,8512.0,4.0,2247.0,0,,0.0,,0.0,Sin Prestamo,Sin Prestamo,1,2806.0,2806.0,137,169923.0,145967.0,25752.459854,1000.0,37921.0
3622,F,1938-04-17,60,DISPONENT,,66,Zdar nad Sazavou,south Moravia,125832,8512.0,4.0,2247.0,0,,0.0,,0.0,Sin Prestamo,Sin Prestamo,0,0.0,,0,0.0,0.0,,,
3623,F,1965-04-20,33,OWNER,,28,Plzen - sever,west Bohemia,72541,8594.0,2.0,1580.0,0,,0.0,,0.0,Sin Prestamo,Sin Prestamo,0,0.0,,317,555736.0,489660.0,43400.11041,1000.0,74493.0
3624,F,1982-02-27,16,OWNER,,1,Hl.m. Praha,Prague,1204953,12541.0,0.0,85677.0,0,,0.0,,0.0,Sin Prestamo,Sin Prestamo,0,0.0,,433,529736.0,503140.0,34332.404157,400.0,88118.0
3627,F,1981-06-08,17,OWNER,,18,Pisek,south Bohemia,70699,8968.0,3.0,1740.0,0,,0.0,,0.0,Sin Prestamo,Sin Prestamo,0,0.0,,190,396941.0,305125.0,52129.231578,500.0,115903.0
3628,F,1927-02-26,71,OWNER,,11,Praha - zapad,central Bohemia,75637,9622.0,0.0,3475.0,0,,0.0,,0.0,Sin Prestamo,Sin Prestamo,2,3094.0,1547.0,141,132194.0,111559.0,15608.801418,700.0,23905.0
3629,M,1947-12-13,51,OWNER,,42,Havlickuv Brod,east Bohemia,95907,8388.0,2.0,1658.0,1,5589.0,390000.0,48.0,8125.0,C,Vigente,3,22704.0,7568.0,101,581742.0,538541.0,44852.049504,600.0,120715.0
3630,F,1923-11-28,75,OWNER,,64,Zlin,south Moravia,197099,9624.0,2.0,4484.0,0,,0.0,,0.0,Sin Prestamo,Sin Prestamo,1,3783.0,3783.0,240,312643.0,294674.0,22779.725,200.0,34586.0
3631,M,1921-11-19,77,DISPONENT,,64,Zlin,south Moravia,197099,9624.0,2.0,4484.0,0,,0.0,,0.0,Sin Prestamo,Sin Prestamo,0,0.0,,0,0.0,0.0,,,
3632,F,1943-09-29,55,OWNER,,15,Cesky Krumlov,south Bohemia,58796,9045.0,3.0,1845.0,0,,0.0,,0.0,Sin Prestamo,Sin Prestamo,4,8981.0,2245.25,600,1742065.0,1696220.0,41469.756666,800.0,77118.0
3633,M,1933-10-14,65,OWNER,,72,Olomouc,north Moravia,226122,8994.0,4.0,9672.0,0,,0.0,,0.0,Sin Prestamo,Sin Prestamo,1,2120.0,2120.0,388,495198.0,431855.0,35493.675257,200.0,71364.0
3634,M,1923-06-25,75,OWNER,,1,Hl.m. Praha,Prague,1204953,12541.0,0.0,85677.0,0,,0.0,,0.0,Sin Prestamo,Sin Prestamo,1,2739.0,2739.0,146,147247.0,124429.0,20382.69863,900.0,28692.0
3635,F,1921-01-31,77,DISPONENT,,1,Hl.m. Praha,Prague,1204953,12541.0,0.0,85677.0,0,,0.0,,0.0,Sin Prestamo,Sin Prestamo,0,0.0,,0,0.0,0.0,,,
3636,M,1978-05-19,20,OWNER,,46,Nachod,east Bohemia,112709,8369.0,2.0,2854.0,0,,0.0,,0.0,Sin Prestamo,Sin Prestamo,0,0.0,,109,202510.0,121455.0,47626.0,800.0,83279.0
3637,M,1959-01-10,39,OWNER,,64,Zlin,south Moravia,197099,9624.0,2.0,4484.0,0,,0.0,,0.0,Sin Prestamo,Sin Prestamo,2,2180.0,1090.0,369,213525.0,193305.0,15727.346883,400.0,23208.0
3638,F,1943-12-11,55,OWNER,,49,Semily,east Bohemia,75685,8208.0,2.0,1660.0,0,,0.0,,0.0,Sin Prestamo,Sin Prestamo,1,2601.0,2601.0,99,110473.0,68571.0,41144.494949,600.0,54068.0
3639,M,1928-04-17,70,OWNER,,73,Opava,north Moravia,182027,8746.0,3.0,4355.0,0,,0.0,,0.0,Sin Prestamo,Sin Prestamo,1,3064.0,3064.0,55,62773.0,44876.0,16231.636363,4714.0,22844.0
3640,M,1978-07-24,20,OWNER,,75,Prerov,north Moravia,138032,8819.0,5.0,4063.0,0,,0.0,,0.0,Sin Prestamo,Sin Prestamo,1,4187.0,4187.0,265,1687313.0,1655642.0,57967.003773,900.0,136570.0
3641,F,1979-02-01,19,DISPONENT,,75,Prerov,north Moravia,138032,8819.0,5.0,4063.0,0,,0.0,,0.0,Sin Prestamo,Sin Prestamo,0,0.0,,0,0.0,0.0,,,
3642,M,1961-08-27,37,OWNER,,19,Prachatice,south Bohemia,51428,8402.0,3.0,999.0,0,,0.0,,0.0,Sin Prestamo,Sin Prestamo,2,2148.0,1074.0,159,99623.0,73443.0,19596.031446,900.0,28619.0
3643,M,1980-11-11,18,OWNER,,26,Plzen - mesto,west Bohemia,170449,10787.0,3.0,6041.0,0,,0.0,,0.0,Sin Prestamo,Sin Prestamo,1,8517.0,8517.0,194,581614.0,535345.0,33764.85567,700.0,58358.0
3644,M,1951-06-14,47,OWNER,,75,Prerov,north Moravia,138032,8819.0,5.0,4063.0,0,,0.0,,0.0,Sin Prestamo,Sin Prestamo,4,6948.0,1737.0,433,1095206.0,1062776.0,28571.921478,700.0,68318.0
3645,M,1975-02-26,23,OWNER,,34,Chomutov,north Bohemia,125236,9675.0,6.0,5323.0,0,,0.0,,0.0,Sin Prestamo,Sin Prestamo,0,0.0,,128,703569.0,694694.0,38009.03125,-1969.0,159656.0
3646,F,1943-06-16,55,OWNER,,33,Decin,north Bohemia,133777,8705.0,6.0,4650.0,0,,0.0,,0.0,Sin Prestamo,Sin Prestamo,0,0.0,,139,597750.0,582625.0,31952.302158,300.0,57812.0
3647,M,1948-08-23,50,DISPONENT,,33,Decin,north Bohemia,133777,8705.0,6.0,4650.0,0,,0.0,,0.0,Sin Prestamo,Sin Prestamo,0,0.0,,0,0.0,0.0,,,
3648,M,1980-01-03,18,OWNER,,3,Beroun,central Bohemia,75232,8980.0,2.0,2824.0,0,,0.0,,0.0,Sin Prestamo,Sin Prestamo,0,0.0,,180,226399.0,176555.0,43307.455555,900.0,88152.0
3649,F,1959-10-25,39,OWNER,,10,Praha - vychod,central Bohemia,92084,10124.0,1.0,3810.0,1,5591.0,155616.0,48.0,3242.0,C,Vigente,1,3242.0,3242.0,177,693562.0,673406.0,31852.220338,300.0,62154.0
3650,M,1918-02-17,80,OWNER,,64,Zlin,south Moravia,197099,9624.0,2.0,4484.0,0,,0.0,,0.0,Sin Prestamo,Sin Prestamo,1,3170.0,3170.0,107,126342.0,102755.0,22369.504672,700.0,31938.0
3651,M,1918-10-01,80,OWNER,,35,Jablonec n. Nisou,north Bohemia,88768,8867.0,1.0,3384.0,0,,0.0,,0.0,Sin Prestamo,Sin Prestamo,1,2213.0,2213.0,62,93746.0,63240.0,24006.435483,6121.0,37303.0
3652,M,1920-02-20,78,OWNER,,1,Hl.m. Praha,Prague,1204953,12541.0,0.0,85677.0,0,,0.0,,0.0,Sin Prestamo,Sin Prestamo,2,2261.0,1130.5,134,163625.0,144835.0,25790.537313,400.0,37932.0
3653,F,1917-01-03,81,DISPONENT,,1,Hl.m. Praha,Prague,1204953,12541.0,0.0,85677.0,0,,0.0,,0.0,Sin Prestamo,Sin Prestamo,0,0.0,,0,0.0,0.0,,,
3654,F,1924-03-01,74,OWNER,,25,Klatovy,west Bohemia,88757,8554.0,2.0,1822.0,0,,0.0,,0.0,Sin Prestamo,Sin Prestamo,1,3354.0,3354.0,52,77965.0,62033.0,19007.788461,800.0,31034.0
3655,M,1968-02-06,30,OWNER,,59,Kromeriz,south Moravia,108871,8444.0,3.0,2595.0,0,,0.0,,0.0,Sin Prestamo,Sin Prestamo,1,8024.0,8024.0,383,1591445.0,1523179.0,39885.436031,400.0,114166.0
3656,F,1925-08-26,73,OWNER,,62,Uherske Hradiste,south Moravia,145688,8544.0,1.0,2719.0,0,,0.0,,0.0,Sin Prestamo,Sin Prestamo,1,2631.0,2631.0,148,146640.0,122442.0,19597.472972,1000.0,27922.0
3657,M,1921-05-18,77,DISPONENT,,62,Uherske Hradiste,south Moravia,145688,8544.0,1.0,2719.0,0,,0.0,,0.0,Sin Prestamo,Sin Prestamo,0,0.0,,0,0.0,0.0,,,
3658,M,1924-04-05,74,OWNER,,58,Jihlava,south Moravia,109164,8757.0,3.0,2212.0,0,,0.0,,0.0,Sin Prestamo,Sin Prestamo,1,2200.0,2200.0,310,270205.0,255110.0,17316.093548,400.0,26167.0
3659,F,1930-11-10,68,OWNER,,42,Havlickuv Brod,east Bohemia,95907,8388.0,2.0,1658.0,0,,0.0,,0.0,Sin Prestamo,Sin Prestamo,1,1514.0,1514.0,113,145823.0,119095.0,19369.353982,700.0,32671.0
3660,M,1974-07-09,24,OWNER,,65,Znojmo,south Moravia,114200,8403.0,6.0,2157.0,0,,0.0,,0.0,Sin Prestamo,Sin Prestamo,2,2088.0,1044.0,310,173979.0,149445.0,20010.774193,800.0,28543.0
3661,M,1932-11-25,66,OWNER,,51,Trutnov,east Bohemia,121947,8541.0,3.0,3496.0,0,,0.0,,0.0,Sin Prestamo,Sin Prestamo,1,2789.0,2789.0,96,94174.0,73008.0,17812.28125,4184.0,25120.0
3662,M,1931-09-22,67,OWNER,,27,Plzen - jih,west Bohemia,67298,8561.0,1.0,1029.0,0,,0.0,,0.0,Sin Prestamo,Sin Prestamo,1,2858.0,2858.0,343,442624.0,392251.0,24683.55102,300.0,54445.0
3663,F,1947-06-25,51,OWNER,,69,Jesenik,north Moravia,42821,8173.0,,,0,,0.0,,0.0,Sin Prestamo,Sin Prestamo,3,1934.0,644.666666,55,36251.0,16957.0,16181.30909,900.0,21451.0
3664,M,1951-03-19,47,DISPONENT,,69,Jesenik,north Moravia,42821,8173.0,,,0,,0.0,,0.0,Sin Prestamo,Sin Prestamo,0,0.0,,0,0.0,0.0,,,
3667,M,1971-09-18,27,OWNER,,70,Karvina,north Moravia,285387,10177.0,7.0,9878.0,0,,0.0,,0.0,Sin Prestamo,Sin Prestamo,2,12443.0,6221.5,464,3235684.0,3185367.0,60284.648706,800.0,117590.0
3668,F,1972-12-23,26,DISPONENT,,70,Karvina,north Moravia,285387,10177.0,7.0,9878.0,0,,0.0,,0.0,Sin Prestamo,Sin Prestamo,0,0.0,,0,0.0,0.0,,,
3669,M,1962-08-22,36,OWNER,,10,Praha - vychod,central Bohemia,92084,10124.0,1.0,3810.0,0,,0.0,,0.0,Sin Prestamo,Sin Prestamo,0,0.0,,243,1010935.0,994873.0,37042.1893,900.0,121318.0
3670,F,1980-09-17,18,OWNER,,44,Chrudim,east Bohemia,105606,8254.0,3.0,2166.0,1,5593.0,277884.0,36.0,7719.0,D,Vigente,1,7719.0,7719.0,269,1164793.0,1158788.0,33307.338289,-2507.0,129394.0
3671,M,1943-07-16,55,OWNER,,10,Praha - vychod,central Bohemia,92084,10124.0,1.0,3810.0,0,,0.0,,0.0,Sin Prestamo,Sin Prestamo,0,0.0,,223,1747364.0,1683460.0,74700.695067,1000.0,157871.0
3672,F,1948-12-06,50,DISPONENT,,10,Praha - vychod,central Bohemia,92084,10124.0,1.0,3810.0,0,,0.0,,0.0,Sin Prestamo,Sin Prestamo,0,0.0,,0,0.0,0.0,,,
3673,F,1951-12-07,47,OWNER,,1,Hl.m. Praha,Prague,1204953,12541.0,0.0,85677.0,0,,0.0,,0.0,Sin Prestamo,Sin Prestamo,2,6268.0,3134.0,406,708876.0,630653.0,38787.256157,600.0,86428.0
3674,F,1980-11-10,18,OWNER,,17,Pelhrimov,south Bohemia,74062,8114.0,2.0,1003.0,0,,0.0,,0.0,Sin Prestamo,Sin Prestamo,1,2202.0,2202.0,122,99068.0,76320.0,20373.59836,1000.0,28527.0
3675,M,1952-03-18,46,OWNER,,70,Karvina,north Moravia,285387,10177.0,7.0,9878.0,0,,0.0,,0.0,Sin Prestamo,Sin Prestamo,3,2700.0,900.0,229,180993.0,163620.0,22361.32751,500.0,37463.0
3676,F,1965-10-14,33,OWNER,,10,Praha - vychod,central Bohemia,92084,10124.0,1.0,3810.0,0,,0.0,,0.0,Sin Prestamo,Sin Prestamo,2,6343.0,3171.5,398,1060383.0,1015243.0,29899.83417,500.0,76336.0
3677,M,1960-09-16,38,DISPONENT,,10,Praha - vychod,central Bohemia,92084,10124.0,1.0,3810.0,0,,0.0,,0.0,Sin Prestamo,Sin Prestamo,0,0.0,,0,0.0,0.0,,,
3678,F,1934-08-12,64,OWNER,,1,Hl.m. Praha,Prague,1204953,12541.0,0.0,85677.0,0,,0.0,,0.0,Sin Prestamo,Sin Prestamo,1,2768.0,2768.0,100,101691.0,85705.0,15382.13,800.0,22985.0
3679,M,1931-04-23,67,OWNER,,72,Olomouc,north Moravia,226122,8994.0,4.0,9672.0,0,,0.0,,0.0,Sin Prestamo,Sin Prestamo,1,2756.0,2756.0,115,114063.0,95972.0,20024.182608,500.0,29879.0
3680,F,1923-04-07,75,DISPONENT,,72,Olomouc,north Moravia,226122,8994.0,4.0,9672.0,0,,0.0,,0.0,Sin Prestamo,Sin Prestamo,0,0.0,,0,0.0,0.0,,,
3681,M,1921-04-26,77,OWNER,,1,Hl.m. Praha,Prague,1204953,12541.0,0.0,85677.0,0,,0.0,,0.0,Sin Prestamo,Sin Prestamo,1,2366.0,2366.0,225,259516.0,242403.0,23885.924444,300.0,36188.0
3682,F,1924-01-12,74,DISPONENT,,1,Hl.m. Praha,Prague,1204953,12541.0,0.0,85677.0,0,,0.0,,0.0,Sin Prestamo,Sin Prestamo,0,0.0,,0,0.0,0.0,,,
3683,F,1977-02-22,21,OWNER,,74,Ostrava - mesto,north Moravia,323870,10673.0,5.0,18782.0,0,,0.0,,0.0,Sin Prestamo,Sin Prestamo,2,2502.0,1251.0,95,84665.0,71540.0,24054.757894,1100.0,34482.0
3684,F,1961-12-31,37,OWNER,,16,Jindrichuv Hradec,south Bohemia,93931,8427.0,1.0,1874.0,0,,0.0,,0.0,Sin Prestamo,Sin Prestamo,1,2316.0,2316.0,345,249166.0,227201.0,20260.081159,600.0,29807.0
3685,M,1974-03-06,24,OWNER,,74,Ostrava - mesto,north Moravia,323870,10673.0,5.0,18782.0,0,,0.0,,0.0,Sin Prestamo,Sin Prestamo,1,4631.0,4631.0,38,175526.0,100420.0,44933.0,900.0,90225.0
3686,F,1962-10-11,36,OWNER,,61,Trebic,south Moravia,117897,8814.0,5.0,2112.0,0,,0.0,,0.0,Sin Prestamo,Sin Prestamo,1,1961.0,1961.0,305,242471.0,179522.0,34755.029508,1100.0,69434.0
3687,M,1972-02-06,26,OWNER,True,49,Semily,east Bohemia,75685,8208.0,2.0,1660.0,1,5595.0,82896.0,12.0,6908.0,A,Cerrado,4,16784.0,4196.0,609,3067594.0,3011717.0,57004.224958,900.0,116804.0
3688,F,1975-05-02,23,DISPONENT,True,49,Semily,east Bohemia,75685,8208.0,2.0,1660.0,0,,0.0,,0.0,Sin Prestamo,Sin Prestamo,0,0.0,,0,0.0,0.0,,,
3689,F,1979-07-12,19,OWNER,,9,Nymburk,central Bohemia,81344,8899.0,3.0,2987.0,0,,0.0,,0.0,Sin Prestamo,Sin Prestamo,3,4911.0,1637.0,337,1972997.0,1919886.0,71166.771513,800.0,145458.0
3690,M,1960-08-02,38,OWNER,,44,Chrudim,east Bohemia,105606,8254.0,3.0,2166.0,0,,0.0,,0.0,Sin Prestamo,Sin Prestamo,2,10320.0,5160.0,39,116608.0,90600.0,25848.76923,800.0,53243.0
3691,M,1965-04-17,33,OWNER,,18,Pisek,south Bohemia,70699,8968.0,3.0,1740.0,0,,0.0,,0.0,Sin Prestamo,Sin Prestamo,2,7465.0,3732.5,434,937885.0,850920.0,44856.112903,900.0,90732.0
3693,M,1922-03-31,76,OWNER,,15,Cesky Krumlov,south Bohemia,58796,9045.0,3.0,1845.0,0,,0.0,,0.0,Sin Prestamo,Sin Prestamo,2,2419.0,1209.5,184,215778.0,175444.0,31347.61413,900.0,43345.0
3694,F,1920-04-29,78,DISPONENT,,15,Cesky Krumlov,south Bohemia,58796,9045.0,3.0,1845.0,0,,0.0,,0.0,Sin Prestamo,Sin Prestamo,0,0.0,,0,0.0,0.0,,,
3695,M,1934-10-04,64,OWNER,,55,Brno - venkov,south Moravia,157042,8743.0,2.0,3659.0,0,,0.0,,0.0,Sin Prestamo,Sin Prestamo,2,2901.0,1450.5,313,267059.0,234088.0,20310.584664,1100.0,34324.0
3696,F,1939-04-11,59,DISPONENT,,55,Brno - venkov,south Moravia,157042,8743.0,2.0,3659.0,0,,0.0,,0.0,Sin Prestamo,Sin Prestamo,0,0.0,,0,0.0,0.0,,,
3697,F,1954-01-16,44,OWNER,,9,Nymburk,central Bohemia,81344,8899.0,3.0,2987.0,0,,0.0,,0.0,Sin Prestamo,Sin Prestamo,1,4646.0,4646.0,84,343279.0,303032.0,37097.22619,600.0,64301.0
3698,M,1971-04-25,27,OWNER,,44,Chrudim,east Bohemia,105606,8254.0,3.0,2166.0,0,,0.0,,0.0,Sin Prestamo,Sin Prestamo,0,0.0,,239,1078177.0,1015695.0,49360.669456,700.0,77935.0
3699,M,1968-08-08,30,OWNER,,1,Hl.m. Praha,Prague,1204953,12541.0,0.0,85677.0,0,,0.0,,0.0,Sin Prestamo,Sin Prestamo,3,3720.0,1240.0,152,548208.0,499935.0,47798.072368,700.0,80056.0
3700,F,1976-05-24,22,DISPONENT,,1,Hl.m. Praha,Prague,1204953,12541.0,0.0,85677.0,0,,0.0,,0.0,Sin Prestamo,Sin Prestamo,0,0.0,,0,0.0,0.0,,,
3701,F,1954-05-06,44,OWNER,,73,Opava,north Moravia,182027,8746.0,3.0,4355.0,0,,0.0,,0.0,Sin Prestamo,Sin Prestamo,1,3960.0,3960.0,93,411612.0,368510.0,40216.301075,400.0,62393.0
3702,M,1952-11-27,46,OWNER,,76,Sumperk,north Moravia,127369,8369.0,5.0,3736.0,0,,0.0,,0.0,Sin Prestamo,Sin Prestamo,1,1978.0,1978.0,167,115886.0,94637.0,19238.982035,300.0,26464.0
3703,M,1931-06-15,67,OWNER,,17,Pelhrimov,south Bohemia,74062,8114.0,2.0,1003.0,0,,0.0,,0.0,Sin Prestamo,Sin Prestamo,1,2638.0,2638.0,57,72820.0,52263.0,18478.666666,400.0,28697.0
3704,M,1962-04-11,36,OWNER,,69,Jesenik,north Moravia,42821,8173.0,,,0,,0.0,,0.0,Sin Prestamo,Sin Prestamo,1,2330.0,2330.0,331,243193.0,200130.0,30548.398791,1100.0,47183.0
3705,F,1965-06-04,33,OWNER,True,1,Hl.m. Praha,Prague,1204953,12541.0,0.0,85677.0,1,5599.0,15420.0,12.0,1285.0,A,Cerrado,3,7454.0,2484.666666,512,780910.0,724808.0,34505.867187,1000.0,60755.0
3707,M,1941-06-24,57,OWNER,,74,Ostrava - mesto,north Moravia,323870,10673.0,5.0,18782.0,0,,0.0,,0.0,Sin Prestamo,Sin Prestamo,1,3241.0,3241.0,159,418641.0,373809.0,36703.465408,700.0,53841.0
3708,F,1958-03-16,40,OWNER,,46,Nachod,east Bohemia,112709,8369.0,2.0,2854.0,0,,0.0,,0.0,Sin Prestamo,Sin Prestamo,2,3934.0,1967.0,137,171103.0,149576.0,19487.328467,800.0,34928.0
3709,M,1955-05-03,43,DISPONENT,,46,Nachod,east Bohemia,112709,8369.0,2.0,2854.0,0,,0.0,,0.0,Sin Prestamo,Sin Prestamo,0,0.0,,0,0.0,0.0,,,
3710,M,1928-01-25,70,OWNER,,59,Kromeriz,south Moravia,108871,8444.0,3.0,2595.0,0,,0.0,,0.0,Sin Prestamo,Sin Prestamo,1,3878.0,3878.0,324,427691.0,390789.0,22417.089506,500.0,38231.0
3711,M,1968-05-07,30,OWNER,,25,Klatovy,west Bohemia,88757,8554.0,2.0,1822.0,0,,0.0,,0.0,Sin Prestamo,Sin Prestamo,1,6704.0,6704.0,412,1754395.0,1670920.0,63148.053398,400.0,115033.0
3712,F,1969-05-30,29,OWNER,,56,Breclav,south Moravia,124605,8772.0,5.0,2854.0,0,,0.0,,0.0,Sin Prestamo,Sin Prestamo,1,3374.0,3374.0,84,298963.0,282033.0,31711.297619,300.0,62829.0
3713,F,1944-02-23,54,OWNER,,41,Usti nad Labem,north Bohemia,118650,9832.0,3.0,6445.0,0,,0.0,,0.0,Sin Prestamo,Sin Prestamo,2,9390.0,4695.0,156,724517.0,651710.0,57340.26923,900.0,87021.0
3714,F,1953-10-01,45,OWNER,,8,Mlada Boleslav,central Bohemia,112065,11277.0,1.0,5179.0,0,,0.0,,0.0,Sin Prestamo,Sin Prestamo,1,5268.0,5268.0,374,1634801.0,1617814.0,42014.973262,1000.0,84311.0
3716,M,1953-04-15,45,OWNER,,74,Ostrava - mesto,north Moravia,323870,10673.0,5.0,18782.0,0,,0.0,,0.0,Sin Prestamo,Sin Prestamo,0,0.0,,288,1785819.0,1752094.0,48011.128472,-399.0,142538.0
3717,M,1925-01-30,73,OWNER,,71,Novy Jicin,north Moravia,161227,8678.0,6.0,4980.0,0,,0.0,,0.0,Sin Prestamo,Sin Prestamo,1,1523.0,1523.0,82,92587.0,64384.0,21367.975609,400.0,29190.0
3718,F,1929-06-29,69,DISPONENT,,71,Novy Jicin,north Moravia,161227,8678.0,6.0,4980.0,0,,0.0,,0.0,Sin Prestamo,Sin Prestamo,0,0.0,,0,0.0,0.0,,,
3719,M,1930-08-30,68,OWNER,,54,Brno - mesto,south Moravia,387570,9897.0,2.0,18721.0,0,,0.0,,0.0,Sin Prestamo,Sin Prestamo,1,2715.0,2715.0,317,293190.0,264850.0,18695.11041,700.0,28361.0
3720,F,1936-12-07,62,DISPONENT,,54,Brno - mesto,south Moravia,387570,9897.0,2.0,18721.0,0,,0.0,,0.0,Sin Prestamo,Sin Prestamo,0,0.0,,0,0.0,0.0,,,
3721,F,1954-12-16,44,OWNER,,64,Zlin,south Moravia,197099,9624.0,2.0,4484.0,0,,0.0,,0.0,Sin Prestamo,Sin Prestamo,1,3698.0,3698.0,105,325400.0,256873.0,41265.961904,600.0,71961.0
3722,F,1956-04-29,42,OWNER,,1,Hl.m. Praha,Prague,1204953,12541.0,0.0,85677.0,0,,0.0,,0.0,Sin Prestamo,Sin Prestamo,1,2232.0,2232.0,315,222147.0,201050.0,16557.568253,200.0,23086.0
3723,M,1968-09-01,30,OWNER,,18,Pisek,south Bohemia,70699,8968.0,3.0,1740.0,0,,0.0,,0.0,Sin Prestamo,Sin Prestamo,2,2299.0,1149.5,175,120472.0,101175.0,18251.925714,1000.0,24125.0
3724,F,1925-09-23,73,OWNER,,57,Hodonin,south Moravia,161954,8720.0,4.0,3729.0,0,,0.0,,0.0,Sin Prestamo,Sin Prestamo,1,3359.0,3359.0,178,215150.0,190922.0,16759.039325,400.0,25637.0
3727,M,1970-01-13,28,OWNER,,33,Decin,north Bohemia,133777,8705.0,6.0,4650.0,0,,0.0,,0.0,Sin Prestamo,Sin Prestamo,1,7496.0,7496.0,55,165969.0,143284.0,19429.927272,700.0,35859.0
3728,M,1936-01-06,62,OWNER,,66,Zdar nad Sazavou,south Moravia,125832,8512.0,4.0,2247.0,0,,0.0,,0.0,Sin Prestamo,Sin Prestamo,0,0.0,,93,529460.0,468440.0,44850.086021,200.0,78816.0
3729,F,1941-08-22,57,DISPONENT,,66,Zdar nad Sazavou,south Moravia,125832,8512.0,4.0,2247.0,0,,0.0,,0.0,Sin Prestamo,Sin Prestamo,0,0.0,,0,0.0,0.0,,,
3730,F,1945-08-07,53,OWNER,,59,Kromeriz,south Moravia,108871,8444.0,3.0,2595.0,1,5606.0,253512.0,36.0,7042.0,D,Vigente,1,7042.0,7042.0,200,856148.0,786905.0,31399.71,-4976.0,111044.0
3732,M,1946-08-27,52,OWNER,,66,Zdar nad Sazavou,south Moravia,125832,8512.0,4.0,2247.0,0,,0.0,,0.0,Sin Prestamo,Sin Prestamo,2,6630.0,3315.0,102,245382.0,230612.0,23610.892156,600.0,49328.0
3733,F,1946-05-09,52,OWNER,,1,Hl.m. Praha,Prague,1204953,12541.0,0.0,85677.0,0,,0.0,,0.0,Sin Prestamo,Sin Prestamo,1,5022.0,5022.0,340,1440709.0,1331809.0,59540.15,800.0,109688.0
3734,M,1943-12-02,55,OWNER,,15,Cesky Krumlov,south Bohemia,58796,9045.0,3.0,1845.0,0,,0.0,,0.0,Sin Prestamo,Sin Prestamo,3,1933.0,644.333333,391,181688.0,156341.0,17448.549872,600.0,26255.0
3735,M,1938-01-17,60,OWNER,,18,Pisek,south Bohemia,70699,8968.0,3.0,1740.0,0,,0.0,,0.0,Sin Prestamo,Sin Prestamo,1,5866.0,5866.0,185,826787.0,765794.0,41204.2,600.0,71278.0
3736,F,1932-07-22,66,DISPONENT,,18,Pisek,south Bohemia,70699,8968.0,3.0,1740.0,0,,0.0,,0.0,Sin Prestamo,Sin Prestamo,0,0.0,,0,0.0,0.0,,,
3737,M,1948-04-30,50,OWNER,,12,Pribram,central Bohemia,107870,8754.0,4.0,3804.0,0,,0.0,,0.0,Sin Prestamo,Sin Prestamo,0,0.0,,200,1325005.0,1231935.0,63709.83,600.0,133969.0
3738,F,1978-03-31,20,OWNER,,1,Hl.m. Praha,Prague,1204953,12541.0,0.0,85677.0,0,,0.0,,0.0,Sin Prestamo,Sin Prestamo,4,12416.0,3104.0,168,846616.0,784718.0,54634.422619,500.0,119655.0
3739,F,1956-08-21,42,OWNER,,3,Beroun,central Bohemia,75232,8980.0,2.0,2824.0,0,,0.0,,0.0,Sin Prestamo,Sin Prestamo,2,8309.0,4154.5,416,1088330.0,1023066.0,47051.84375,200.0,80841.0
3740,M,1929-11-03,69,OWNER,,46,Nachod,east Bohemia,112709,8369.0,2.0,2854.0,0,,0.0,,0.0,Sin Prestamo,Sin Prestamo,1,2311.0,2311.0,183,206867.0,188747.0,18756.715846,1000.0,29245.0
3741,M,1936-05-04,62,OWNER,,16,Jindrichuv Hradec,south Bohemia,93931,8427.0,1.0,1874.0,0,,0.0,,0.0,Sin Prestamo,Sin Prestamo,1,4238.0,4238.0,129,602392.0,558800.0,28163.224806,500.0,65682.0
3742,F,1961-11-27,37,OWNER,,56,Breclav,south Moravia,124605,8772.0,5.0,2854.0,0,,0.0,,0.0,Sin Prestamo,Sin Prestamo,4,5469.0,1367.25,491,1012864.0,965918.0,42385.315682,600.0,69014.0
3743,M,1958-11-06,40,DISPONENT,,56,Breclav,south Moravia,124605,8772.0,5.0,2854.0,0,,0.0,,0.0,Sin Prestamo,Sin Prestamo,0,0.0,,0,0.0,0.0,,,
3745,F,1971-01-19,27,OWNER,,2,Benesov,central Bohemia,88884,8507.0,2.0,2159.0,0,,0.0,,0.0,Sin Prestamo,Sin Prestamo,4,8138.0,2034.5,562,1492352.0,1458652.0,38673.567615,1000.0,68751.0
3746,M,1975-01-25,23,OWNER,,66,Zdar nad Sazavou,south Moravia,125832,8512.0,4.0,2247.0,0,,0.0,,0.0,Sin Prestamo,Sin Prestamo,2,2522.0,1261.0,86,81255.0,70686.0,18890.732558,900.0,27220.0
3747,M,1964-12-02,34,OWNER,,1,Hl.m. Praha,Prague,1204953,12541.0,0.0,85677.0,0,,0.0,,0.0,Sin Prestamo,Sin Prestamo,1,4605.0,4605.0,143,274125.0,241120.0,31756.734265,600.0,47235.0
3748,F,1930-03-05,68,OWNER,,59,Kromeriz,south Moravia,108871,8444.0,3.0,2595.0,0,,0.0,,0.0,Sin Prestamo,Sin Prestamo,1,3205.0,3205.0,351,410236.0,391195.0,23931.34188,800.0,35211.0
3749,F,1943-03-21,55,OWNER,,65,Znojmo,south Moravia,114200,8403.0,6.0,2157.0,0,,0.0,,0.0,Sin Prestamo,Sin Prestamo,2,6497.0,3248.5,101,398753.0,380236.0,28052.495049,600.0,56421.0
3750,M,1938-10-03,60,OWNER,,1,Hl.m. Praha,Prague,1204953,12541.0,0.0,85677.0,0,,0.0,,0.0,Sin Prestamo,Sin Prestamo,1,1938.0,1938.0,271,173235.0,152319.0,17117.638376,700.0,23908.0
3751,M,1966-10-12,32,OWNER,,33,Decin,north Bohemia,133777,8705.0,6.0,4650.0,0,,0.0,,0.0,Sin Prestamo,Sin Prestamo,1,6722.0,6722.0,59,240149.0,192116.0,41606.813559,1100.0,62726.0
3752,F,1961-02-06,37,DISPONENT,,33,Decin,north Bohemia,133777,8705.0,6.0,4650.0,0,,0.0,,0.0,Sin Prestamo,Sin Prestamo,0,0.0,,0,0.0,0.0,,,
3753,F,1959-04-14,39,OWNER,,1,Hl.m. Praha,Prague,1204953,12541.0,0.0,85677.0,0,,0.0,,0.0,Sin Prestamo,Sin Prestamo,3,14408.0,4802.666666,29,87231.0,50100.0,36742.965517,1000.0,79231.0
3754,F,1947-07-13,51,OWNER,,1,Hl.m. Praha,Prague,1204953,12541.0,0.0,85677.0,0,,0.0,,0.0,Sin Prestamo,Sin Prestamo,1,2004.0,2004.0,107,94139.0,77985.0,31441.663551,700.0,42635.0
3755,F,1951-07-09,47,OWNER,,37,Litomerice,north Bohemia,114006,9065.0,4.0,4147.0,0,,0.0,,0.0,Sin Prestamo,Sin Prestamo,1,2145.0,2145.0,44,43513.0,21595.0,18251.772727,1000.0,24631.0
3756,F,1971-10-03,27,OWNER,,12,Pribram,central Bohemia,107870,8754.0,4.0,3804.0,0,,0.0,,0.0,Sin Prestamo,Sin Prestamo,0,0.0,,78,483283.0,438227.0,61027.025641,400.0,135361.0
3757,M,1922-04-16,76,OWNER,,5,Kolin,central Bohemia,95616,9307.0,4.0,2616.0,0,,0.0,,0.0,Sin Prestamo,Sin Prestamo,1,2642.0,2642.0,309,396637.0,295614.0,51045.656957,200.0,103276.0
3758,F,1963-09-14,35,OWNER,,53,Blansko,south Moravia,107911,8240.0,3.0,1850.0,0,,0.0,,0.0,Sin Prestamo,Sin Prestamo,2,2042.0,1021.0,391,216063.0,200918.0,15223.347826,600.0,20932.0
3759,M,1961-10-12,37,DISPONENT,,53,Blansko,south Moravia,107911,8240.0,3.0,1850.0,0,,0.0,,0.0,Sin Prestamo,Sin Prestamo,0,0.0,,0,0.0,0.0,,,
3760,M,1955-01-04,43,OWNER,,18,Pisek,south Bohemia,70699,8968.0,3.0,1740.0,0,,0.0,,0.0,Sin Prestamo,Sin Prestamo,0,0.0,,236,851752.0,856069.0,25830.04661,-6285.0,66840.0
3761,M,1975-08-05,23,OWNER,,48,Rychnov nad Kneznou,east Bohemia,78955,9060.0,2.0,1655.0,0,,0.0,,0.0,Sin Prestamo,Sin Prestamo,0,0.0,,114,230580.0,199535.0,29936.192982,1000.0,123735.0
3762,F,1959-02-18,39,OWNER,,60,Prostejov,south Moravia,110643,8441.0,3.0,1879.0,0,,0.0,,0.0,Sin Prestamo,Sin Prestamo,1,3641.0,3641.0,215,792836.0,754688.0,45641.925581,200.0,73057.0
3763,F,1977-08-12,21,OWNER,,38,Louny,north Bohemia,85852,8965.0,7.0,2653.0,1,5610.0,123216.0,48.0,2567.0,C,Vigente,3,5619.0,1873.0,439,2450563.0,2372737.0,73384.100227,700.0,155867.0
3764,M,1978-01-29,20,DISPONENT,,38,Louny,north Bohemia,85852,8965.0,7.0,2653.0,0,,0.0,,0.0,Sin Prestamo,Sin Prestamo,0,0.0,,0,0.0,0.0,,,
3765,F,1956-01-24,42,OWNER,,45,Jicin,east Bohemia,77917,8390.0,2.0,2080.0,0,,0.0,,0.0,Sin Prestamo,Sin Prestamo,4,12766.0,3191.5,519,2355808.0,2326259.0,46596.489402,-915.0,146810.0
3766,F,1980-03-10,18,OWNER,,1,Hl.m. Praha,Prague,1204953,12541.0,0.0,85677.0,0,,0.0,,0.0,Sin Prestamo,Sin Prestamo,0,0.0,,160,261905.0,216955.0,47664.61875,700.0,128229.0
3767,M,1936-09-07,62,OWNER,,14,Ceske Budejovice,south Bohemia,177686,10045.0,1.0,6604.0,1,5611.0,321180.0,60.0,5353.0,C,Vigente,2,20076.0,10038.0,206,1164267.0,1142272.0,36220.728155,700.0,90257.0
3768,F,1944-03-04,54,DISPONENT,,14,Ceske Budejovice,south Bohemia,177686,10045.0,1.0,6604.0,0,,0.0,,0.0,Sin Prestamo,Sin Prestamo,0,0.0,,0,0.0,0.0,,,
3769,M,1957-09-10,41,OWNER,,54,Brno - mesto,south Moravia,387570,9897.0,2.0,18721.0,0,,0.0,,0.0,Sin Prestamo,Sin Prestamo,1,9037.0,9037.0,167,650869.0,602053.0,55540.994011,1100.0,85010.0
3770,F,1925-01-03,73,OWNER,,35,Jablonec n. Nisou,north Bohemia,88768,8867.0,1.0,3384.0,0,,0.0,,0.0,Sin Prestamo,Sin Prestamo,1,3570.0,3570.0,333,381010.0,361125.0,20170.879879,900.0,29772.0
3771,M,1942-03-27,56,OWNER,,48,Rychnov nad Kneznou,east Bohemia,78955,9060.0,2.0,1655.0,0,,0.0,,0.0,Sin Prestamo,Sin Prestamo,1,8886.0,8886.0,187,615511.0,559049.0,35883.336898,500.0,69381.0
3772,F,1936-08-23,62,DISPONENT,,48,Rychnov nad Kneznou,east Bohemia,78955,9060.0,2.0,1655.0,0,,0.0,,0.0,Sin Prestamo,Sin Prestamo,0,0.0,,0,0.0,0.0,,,
3773,F,1964-07-29,34,OWNER,,33,Decin,north Bohemia,133777,8705.0,6.0,4650.0,0,,0.0,,0.0,Sin Prestamo,Sin Prestamo,3,2112.0,704.0,117,65681.0,44059.0,16103.367521,1100.0,23070.0
3774,M,1922-10-29,76,OWNER,,1,Hl.m. Praha,Prague,1204953,12541.0,0.0,85677.0,0,,0.0,,0.0,Sin Prestamo,Sin Prestamo,1,2904.0,2904.0,140,173714.0,147479.0,26209.95,400.0,38370.0
3775,M,1928-11-27,70,OWNER,,46,Nachod,east Bohemia,112709,8369.0,2.0,2854.0,0,,0.0,,0.0,Sin Prestamo,Sin Prestamo,1,2902.0,2902.0,154,151110.0,135713.0,15733.383116,1000.0,25948.0
3776,M,1978-07-09,20,OWNER,,74,Ostrava - mesto,north Moravia,323870,10673.0,5.0,18782.0,0,,0.0,,0.0,Sin Prestamo,Sin Prestamo,1,4944.0,4944.0,107,220514.0,175830.0,34192.345794,1100.0,57000.0
3777,F,1975-09-04,23,DISPONENT,,74,Ostrava - mesto,north Moravia,323870,10673.0,5.0,18782.0,0,,0.0,,0.0,Sin Prestamo,Sin Prestamo,0,0.0,,0,0.0,0.0,,,
3779,M,1949-05-15,49,OWNER,,6,Kutna Hora,central Bohemia,77963,8546.0,3.0,2640.0,0,,0.0,,0.0,Sin Prestamo,Sin Prestamo,3,5336.0,1778.666666,321,694733.0,652212.0,31979.408099,500.0,55037.0
3780,M,1977-11-22,21,OWNER,,37,Litomerice,north Bohemia,114006,9065.0,4.0,4147.0,0,,0.0,,0.0,Sin Prestamo,Sin Prestamo,1,4245.0,4245.0,114,191556.0,169820.0,22567.780701,400.0,32229.0
3781,F,1975-03-12,23,OWNER,,17,Pelhrimov,south Bohemia,74062,8114.0,2.0,1003.0,0,,0.0,,0.0,Sin Prestamo,Sin Prestamo,1,3992.0,3992.0,141,203335.0,180853.0,20298.730496,400.0,37703.0
3782,M,1980-09-10,18,OWNER,,1,Hl.m. Praha,Prague,1204953,12541.0,0.0,85677.0,0,,0.0,,0.0,Sin Prestamo,Sin Prestamo,1,7334.0,7334.0,395,2216418.0,2176396.0,52132.243037,1100.0,137533.0
3783,F,1968-07-08,30,OWNER,,1,Hl.m. Praha,Prague,1204953,12541.0,0.0,85677.0,0,,0.0,,0.0,Sin Prestamo,Sin Prestamo,0,0.0,,225,378573.0,312745.0,42599.062222,200.0,72491.0
3784,M,1974-11-08,24,DISPONENT,,1,Hl.m. Praha,Prague,1204953,12541.0,0.0,85677.0,0,,0.0,,0.0,Sin Prestamo,Sin Prestamo,0,0.0,,0,0.0,0.0,,,
3785,F,1920-07-18,78,OWNER,,66,Zdar nad Sazavou,south Moravia,125832,8512.0,4.0,2247.0,0,,0.0,,0.0,Sin Prestamo,Sin Prestamo,1,2707.0,2707.0,338,416437.0,397072.0,23546.06213,200.0,36842.0
3786,M,1920-07-10,78,OWNER,,13,Rakovnik,central Bohemia,53921,8598.0,3.0,1597.0,0,,0.0,,0.0,Sin Prestamo,Sin Prestamo,1,1546.0,1546.0,162,216469.0,127484.0,48440.771604,500.0,94779.0
3787,F,1978-05-07,20,OWNER,,21,Tabor,south Bohemia,103347,9104.0,2.0,2299.0,0,,0.0,,0.0,Sin Prestamo,Sin Prestamo,1,9131.0,9131.0,212,888773.0,829973.0,37885.240566,300.0,70241.0
3788,F,1955-07-05,43,OWNER,,56,Breclav,south Moravia,124605,8772.0,5.0,2854.0,0,,0.0,,0.0,Sin Prestamo,Sin Prestamo,3,4388.0,1462.666666,279,310682.0,291622.0,21683.867383,400.0,35256.0
3789,M,1964-10-17,34,OWNER,,66,Zdar nad Sazavou,south Moravia,125832,8512.0,4.0,2247.0,0,,0.0,,0.0,Sin Prestamo,Sin Prestamo,2,9518.0,4759.0,441,1416331.0,1363844.0,31303.222222,1000.0,61083.0
3790,M,1936-08-28,62,OWNER,,48,Rychnov nad Kneznou,east Bohemia,78955,9060.0,2.0,1655.0,0,,0.0,,0.0,Sin Prestamo,Sin Prestamo,1,3268.0,3268.0,323,1228097.0,1156181.0,47165.718266,600.0,80578.0
3791,M,1939-03-18,59,OWNER,,72,Olomouc,north Moravia,226122,8994.0,4.0,9672.0,0,,0.0,,0.0,Sin Prestamo,Sin Prestamo,1,6814.0,6814.0,315,1321572.0,1233649.0,48450.495238,200.0,97585.0
3792,M,1972-09-21,26,OWNER,,74,Ostrava - mesto,north Moravia,323870,10673.0,5.0,18782.0,0,,0.0,,0.0,Sin Prestamo,Sin Prestamo,2,6144.0,3072.0,430,842508.0,772525.0,48434.560465,900.0,86549.0
3793,F,1951-06-20,47,OWNER,,39,Most,north Bohemia,119895,10446.0,7.0,4947.0,1,5614.0,253560.0,60.0,4226.0,C,Vigente,1,4227.0,4227.0,126,665955.0,615183.0,40490.785714,900.0,76510.0
3794,F,1976-05-06,22,OWNER,,37,Litomerice,north Bohemia,114006,9065.0,4.0,4147.0,0,,0.0,,0.0,Sin Prestamo,Sin Prestamo,0,0.0,,145,131142.0,117035.0,24387.544827,300.0,41961.0
3795,M,1982-05-03,16,OWNER,,12,Pribram,central Bohemia,107870,8754.0,4.0,3804.0,0,,0.0,,0.0,Sin Prestamo,Sin Prestamo,0,0.0,,56,220601.0,205355.0,22671.339285,200.0,71220.0
3796,M,1953-06-29,45,OWNER,,3,Beroun,central Bohemia,75232,8980.0,2.0,2824.0,0,,0.0,,0.0,Sin Prestamo,Sin Prestamo,2,4354.0,2177.0,116,166756.0,150562.0,24961.318965,1000.0,36707.0
3797,F,1951-07-14,47,DISPONENT,,3,Beroun,central Bohemia,75232,8980.0,2.0,2824.0,0,,0.0,,0.0,Sin Prestamo,Sin Prestamo,0,0.0,,0,0.0,0.0,,,
3798,F,1954-11-17,44,OWNER,,1,Hl.m. Praha,Prague,1204953,12541.0,0.0,85677.0,0,,0.0,,0.0,Sin Prestamo,Sin Prestamo,2,10992.0,5496.0,271,861719.0,759940.0,43398.225092,1100.0,106448.0
3799,M,1929-03-24,69,OWNER,,2,Benesov,central Bohemia,88884,8507.0,2.0,2159.0,0,,0.0,,0.0,Sin Prestamo,Sin Prestamo,2,3228.0,1614.0,309,311486.0,287846.0,20238.601941,200.0,33603.0
3800,F,1954-06-15,44,OWNER,,38,Louny,north Bohemia,85852,8965.0,7.0,2653.0,1,5616.0,130896.0,24.0,5454.0,C,Vigente,2,9928.0,4964.0,161,315750.0,263627.0,36910.782608,300.0,59233.0
3801,M,1948-08-15,50,DISPONENT,,38,Louny,north Bohemia,85852,8965.0,7.0,2653.0,0,,0.0,,0.0,Sin Prestamo,Sin Prestamo,0,0.0,,0,0.0,0.0,,,
3802,M,1925-07-28,73,OWNER,,67,Bruntal,north Moravia,106054,8110.0,6.0,3244.0,0,,0.0,,0.0,Sin Prestamo,Sin Prestamo,1,3786.0,3786.0,158,203761.0,187934.0,17610.183544,800.0,26808.0
3803,M,1930-07-15,68,OWNER,,1,Hl.m. Praha,Prague,1204953,12541.0,0.0,85677.0,0,,0.0,,0.0,Sin Prestamo,Sin Prestamo,1,2527.0,2527.0,313,349209.0,305302.0,26531.13099,300.0,45930.0
3804,F,1933-04-11,65,DISPONENT,,1,Hl.m. Praha,Prague,1204953,12541.0,0.0,85677.0,0,,0.0,,0.0,Sin Prestamo,Sin Prestamo,0,0.0,,0,0.0,0.0,,,
3805,M,1942-12-20,56,OWNER,,68,Frydek - Mistek,north Moravia,228848,9893.0,4.0,5623.0,0,,0.0,,0.0,Sin Prestamo,Sin Prestamo,1,2122.0,2122.0,333,273072.0,248971.0,22426.942942,300.0,33061.0
3806,F,1967-06-27,31,OWNER,,54,Brno - mesto,south Moravia,387570,9897.0,2.0,18721.0,0,,0.0,,0.0,Sin Prestamo,Sin Prestamo,4,7827.0,1956.75,380,643864.0,580279.0,45160.336842,300.0,81225.0
3807,F,1947-11-07,51,OWNER,,33,Decin,north Bohemia,133777,8705.0,6.0,4650.0,0,,0.0,,0.0,Sin Prestamo,Sin Prestamo,1,2478.0,2478.0,201,181441.0,152044.0,20833.064676,400.0,34051.0
3808,M,1943-01-24,55,OWNER,,57,Hodonin,south Moravia,161954,8720.0,4.0,3729.0,0,,0.0,,0.0,Sin Prestamo,Sin Prestamo,0,0.0,,146,301549.0,255395.0,33717.404109,800.0,58668.0
3811,M,1952-06-20,46,OWNER,,6,Kutna Hora,central Bohemia,77963,8546.0,3.0,2640.0,0,,0.0,,0.0,Sin Prestamo,Sin Prestamo,2,4444.0,2222.0,221,463540.0,356311.0,59227.710407,200.0,108602.0
3812,M,1967-02-08,31,OWNER,,1,Hl.m. Praha,Prague,1204953,12541.0,0.0,85677.0,0,,0.0,,0.0,Sin Prestamo,Sin Prestamo,1,6339.0,6339.0,330,855898.0,813679.0,25562.40303,500.0,58199.0
3813,F,1978-08-25,20,OWNER,,2,Benesov,central Bohemia,88884,8507.0,2.0,2159.0,0,,0.0,,0.0,Sin Prestamo,Sin Prestamo,2,5176.0,2588.0,266,1859846.0,1780789.0,64280.578947,800.0,144318.0
3814,M,1945-09-13,53,OWNER,,1,Hl.m. Praha,Prague,1204953,12541.0,0.0,85677.0,0,,0.0,,0.0,Sin Prestamo,Sin Prestamo,2,4124.0,2062.0,102,443804.0,354407.0,53449.039215,400.0,89400.0
3815,F,1969-04-12,29,OWNER,,28,Plzen - sever,west Bohemia,72541,8594.0,2.0,1580.0,0,,0.0,,0.0,Sin Prestamo,Sin Prestamo,1,8704.0,8704.0,158,596202.0,560697.0,23684.348101,700.0,67639.0
3816,M,1966-01-26,32,OWNER,,1,Hl.m. Praha,Prague,1204953,12541.0,0.0,85677.0,0,,0.0,,0.0,Sin Prestamo,Sin Prestamo,1,1087.0,1087.0,59,468617.0,405187.0,59417.762711,200.0,123801.0
3817,F,1937-10-21,61,OWNER,,77,Vsetin,north Moravia,148545,8909.0,4.0,3460.0,0,,0.0,,0.0,Sin Prestamo,Sin Prestamo,2,2434.0,1217.0,410,410439.0,364355.0,33341.4,400.0,54191.0
3818,M,1942-07-28,56,OWNER,,71,Novy Jicin,north Moravia,161227,8678.0,6.0,4980.0,0,,0.0,,0.0,Sin Prestamo,Sin Prestamo,1,2100.0,2100.0,114,87456.0,64060.0,21160.754385,200.0,28062.0
3819,F,1936-05-24,62,DISPONENT,,71,Novy Jicin,north Moravia,161227,8678.0,6.0,4980.0,0,,0.0,,0.0,Sin Prestamo,Sin Prestamo,0,0.0,,0,0.0,0.0,,,
3821,M,1939-05-16,59,OWNER,,22,Domazlice,west Bohemia,58400,8620.0,1.0,1089.0,0,,0.0,,0.0,Sin Prestamo,Sin Prestamo,1,8364.0,8364.0,322,1359677.0,1264535.0,49871.81677,400.0,105068.0
3822,M,1953-11-26,45,OWNER,,48,Rychnov nad Kneznou,east Bohemia,78955,9060.0,2.0,1655.0,1,5620.0,30012.0,12.0,2501.0,C,Vigente,1,2501.0,2501.0,143,793880.0,757552.0,51154.202797,700.0,127752.0
3823,M,1956-12-08,42,OWNER,,63,Vyskov,south Moravia,86513,8288.0,4.0,1562.0,0,,0.0,,0.0,Sin Prestamo,Sin Prestamo,1,9350.0,9350.0,167,783556.0,730374.0,40401.095808,700.0,94653.0
3824,M,1971-01-07,27,OWNER,,41,Usti nad Labem,north Bohemia,118650,9832.0,3.0,6445.0,0,,0.0,,0.0,Sin Prestamo,Sin Prestamo,4,12706.0,3176.5,121,883215.0,794722.0,63240.735537,500.0,123108.0
3825,F,1965-04-20,33,DISPONENT,,41,Usti nad Labem,north Bohemia,118650,9832.0,3.0,6445.0,0,,0.0,,0.0,Sin Prestamo,Sin Prestamo,0,0.0,,0,0.0,0.0,,,
3826,M,1921-03-08,77,OWNER,,33,Decin,north Bohemia,133777,8705.0,6.0,4650.0,0,,0.0,,0.0,Sin Prestamo,Sin Prestamo,2,3404.0,1702.0,349,374996.0,339388.0,20029.727793,1000.0,39658.0
3827,F,1923-05-05,75,DISPONENT,,33,Decin,north Bohemia,133777,8705.0,6.0,4650.0,0,,0.0,,0.0,Sin Prestamo,Sin Prestamo,0,0.0,,0,0.0,0.0,,,
3829,M,1972-03-13,26,OWNER,,59,Kromeriz,south Moravia,108871,8444.0,3.0,2595.0,1,5624.0,177744.0,48.0,3703.0,D,Vigente,1,3703.0,3703.0,427,2109234.0,2043900.0,51253.644028,-2486.0,145957.0
3830,F,1968-02-24,30,OWNER,,18,Pisek,south Bohemia,70699,8968.0,3.0,1740.0,0,,0.0,,0.0,Sin Prestamo,Sin Prestamo,0,0.0,,254,1215703.0,1115605.0,55531.905511,200.0,100113.0
3831,M,1918-02-11,80,OWNER,,11,Praha - zapad,central Bohemia,75637,9622.0,0.0,3475.0,0,,0.0,,0.0,Sin Prestamo,Sin Prestamo,1,3292.0,3292.0,364,449275.0,410067.0,26700.895604,1000.0,43511.0
3832,F,1925-09-04,73,DISPONENT,,11,Praha - zapad,central Bohemia,75637,9622.0,0.0,3475.0,0,,0.0,,0.0,Sin Prestamo,Sin Prestamo,0,0.0,,0,0.0,0.0,,,
3833,M,1935-03-01,63,OWNER,,19,Prachatice,south Bohemia,51428,8402.0,3.0,999.0,0,,0.0,,0.0,Sin Prestamo,Sin Prestamo,2,7510.0,3755.0,65,242466.0,221951.0,24218.215384,500.0,54879.0
3834,F,1976-09-12,22,OWNER,,1,Hl.m. Praha,Prague,1204953,12541.0,0.0,85677.0,0,,0.0,,0.0,Sin Prestamo,Sin Prestamo,1,4187.0,4187.0,198,336631.0,293260.0,32868.10606,900.0,45753.0
3835,F,1931-05-12,67,OWNER,,50,Svitavy,east Bohemia,102609,8187.0,5.0,2123.0,0,,0.0,,0.0,Sin Prestamo,Sin Prestamo,1,3102.0,3102.0,300,311346.0,287656.0,20088.976666,900.0,28477.0
3836,M,1948-11-21,50,OWNER,,77,Vsetin,north Moravia,148545,8909.0,4.0,3460.0,0,,0.0,,0.0,Sin Prestamo,Sin Prestamo,2,1942.0,971.0,95,56905.0,38790.0,15563.747368,600.0,20878.0
3837,F,1921-08-22,77,OWNER,,39,Most,north Bohemia,119895,10446.0,7.0,4947.0,0,,0.0,,0.0,Sin Prestamo,Sin Prestamo,2,2823.0,1411.5,363,289556.0,266515.0,18049.272727,1100.0,30870.0
3838,M,1929-10-27,69,OWNER,,65,Znojmo,south Moravia,114200,8403.0,6.0,2157.0,0,,0.0,,0.0,Sin Prestamo,Sin Prestamo,1,2859.0,2859.0,41,62389.0,35937.0,23875.512195,400.0,31080.0
3839,F,1937-07-05,61,DISPONENT,,65,Znojmo,south Moravia,114200,8403.0,6.0,2157.0,0,,0.0,,0.0,Sin Prestamo,Sin Prestamo,0,0.0,,0,0.0,0.0,,,
3840,F,1933-06-12,65,OWNER,,50,Svitavy,east Bohemia,102609,8187.0,5.0,2123.0,0,,0.0,,0.0,Sin Prestamo,Sin Prestamo,1,3280.0,3280.0,114,135182.0,115200.0,17733.254385,600.0,30247.0
3841,M,1919-07-08,79,OWNER,,26,Plzen - mesto,west Bohemia,170449,10787.0,3.0,6041.0,0,,0.0,,0.0,Sin Prestamo,Sin Prestamo,1,2464.0,2464.0,96,98137.0,84818.0,14937.739583,600.0,22782.0
3842,M,1976-06-26,22,OWNER,,74,Ostrava - mesto,north Moravia,323870,10673.0,5.0,18782.0,0,,0.0,,0.0,Sin Prestamo,Sin Prestamo,0,0.0,,51,136821.0,100900.0,36018.215686,500.0,63892.0
3843,F,1942-04-21,56,OWNER,,4,Kladno,central Bohemia,149893,9753.0,5.0,5244.0,0,,0.0,,0.0,Sin Prestamo,Sin Prestamo,2,1952.0,976.0,169,96184.0,76656.0,15700.047337,600.0,21519.0
3844,F,1963-12-26,35,OWNER,,71,Novy Jicin,north Moravia,161227,8678.0,6.0,4980.0,0,,0.0,,0.0,Sin Prestamo,Sin Prestamo,2,3571.0,1785.5,161,446003.0,410143.0,32852.521739,800.0,54229.0
3845,M,1959-05-09,39,OWNER,,1,Hl.m. Praha,Prague,1204953,12541.0,0.0,85677.0,0,,0.0,,0.0,Sin Prestamo,Sin Prestamo,2,3164.0,1582.0,189,550401.0,502885.0,29043.89947,500.0,52082.0
3846,F,1980-07-11,18,OWNER,,27,Plzen - jih,west Bohemia,67298,8561.0,1.0,1029.0,0,,0.0,,0.0,Sin Prestamo,Sin Prestamo,0,0.0,,349,451579.0,396430.0,36478.610315,1000.0,86681.0
3847,F,1959-09-14,39,OWNER,,6,Kutna Hora,central Bohemia,77963,8546.0,3.0,2640.0,0,,0.0,,0.0,Sin Prestamo,Sin Prestamo,1,6455.0,6455.0,124,448618.0,432070.0,27622.677419,200.0,58454.0
3848,F,1938-08-14,60,OWNER,,45,Jicin,east Bohemia,77917,8390.0,2.0,2080.0,0,,0.0,,0.0,Sin Prestamo,Sin Prestamo,1,3024.0,3024.0,312,398833.0,369738.0,27310.842948,600.0,40930.0
3849,F,1932-12-11,66,OWNER,,1,Hl.m. Praha,Prague,1204953,12541.0,0.0,85677.0,0,,0.0,,0.0,Sin Prestamo,Sin Prestamo,1,3410.0,3410.0,275,302597.0,276345.0,22336.985454,700.0,32701.0
3850,F,1957-01-26,41,OWNER,,45,Jicin,east Bohemia,77917,8390.0,2.0,2080.0,0,,0.0,,0.0,Sin Prestamo,Sin Prestamo,2,8445.0,4222.5,105,262162.0,210185.0,48319.2,800.0,69720.0
3851,M,1961-11-20,37,DISPONENT,,45,Jicin,east Bohemia,77917,8390.0,2.0,2080.0,0,,0.0,,0.0,Sin Prestamo,Sin Prestamo,0,0.0,,0,0.0,0.0,,,
3852,F,1952-09-12,46,OWNER,,10,Praha - vychod,central Bohemia,92084,10124.0,1.0,3810.0,0,,0.0,,0.0,Sin Prestamo,Sin Prestamo,1,7456.0,7456.0,254,992930.0,940498.0,40199.377952,700.0,67823.0
3853,F,1980-07-04,18,OWNER,,59,Kromeriz,south Moravia,108871,8444.0,3.0,2595.0,0,,0.0,,0.0,Sin Prestamo,Sin Prestamo,0,0.0,,52,42445.0,28920.0,14074.192307,500.0,20134.0
3854,M,1959-08-30,39,OWNER,,24,Karlovy Vary,west Bohemia,122603,8991.0,1.0,5198.0,0,,0.0,,0.0,Sin Prestamo,Sin Prestamo,1,7623.0,7623.0,113,378365.0,360969.0,29103.088495,400.0,58120.0
3855,M,1939-03-20,59,OWNER,,29,Rokycany,west Bohemia,45714,8843.0,3.0,818.0,1,5625.0,222180.0,60.0,3703.0,D,Vigente,1,3703.0,3703.0,196,734704.0,717457.0,34328.724489,-5968.0,130659.0
3856,F,1944-06-09,54,OWNER,,1,Hl.m. Praha,Prague,1204953,12541.0,0.0,85677.0,0,,0.0,,0.0,Sin Prestamo,Sin Prestamo,1,3085.0,3085.0,129,283049.0,241060.0,36553.689922,1000.0,54923.0
3857,F,1952-12-03,46,OWNER,,72,Olomouc,north Moravia,226122,8994.0,4.0,9672.0,0,,0.0,,0.0,Sin Prestamo,Sin Prestamo,2,6380.0,3190.0,169,297755.0,279270.0,24052.449704,900.0,42318.0
3858,F,1948-06-14,50,OWNER,,18,Pisek,south Bohemia,70699,8968.0,3.0,1740.0,0,,0.0,,0.0,Sin Prestamo,Sin Prestamo,2,3790.0,1895.0,192,358276.0,301818.0,39171.604166,400.0,63544.0
3859,M,1941-05-03,57,DISPONENT,,18,Pisek,south Bohemia,70699,8968.0,3.0,1740.0,0,,0.0,,0.0,Sin Prestamo,Sin Prestamo,0,0.0,,0,0.0,0.0,,,
3860,M,1938-04-10,60,OWNER,,74,Ostrava - mesto,north Moravia,323870,10673.0,5.0,18782.0,0,,0.0,,0.0,Sin Prestamo,Sin Prestamo,1,9641.0,9641.0,189,698608.0,682965.0,30772.878306,400.0,62868.0
3861,F,1951-01-27,47,OWNER,,11,Praha - zapad,central Bohemia,75637,9622.0,0.0,3475.0,0,,0.0,,0.0,Sin Prestamo,Sin Prestamo,1,7584.0,7584.0,99,302353.0,277429.0,22528.949494,1100.0,42056.0
3862,F,1947-07-13,51,OWNER,,40,Teplice,north Bohemia,128118,9317.0,6.0,6949.0,0,,0.0,,0.0,Sin Prestamo,Sin Prestamo,3,3070.0,1023.333333,459,395835.0,340386.0,34263.281045,600.0,63392.0
3863,F,1939-10-27,59,OWNER,,1,Hl.m. Praha,Prague,1204953,12541.0,0.0,85677.0,0,,0.0,,0.0,Sin Prestamo,Sin Prestamo,1,2389.0,2389.0,299,333357.0,288269.0,36654.301003,700.0,52530.0
3864,M,1931-11-17,67,DISPONENT,,1,Hl.m. Praha,Prague,1204953,12541.0,0.0,85677.0,0,,0.0,,0.0,Sin Prestamo,Sin Prestamo,0,0.0,,0,0.0,0.0,,,
3865,M,1977-11-06,21,OWNER,,75,Prerov,north Moravia,138032,8819.0,5.0,4063.0,0,,0.0,,0.0,Sin Prestamo,Sin Prestamo,1,2008.0,2008.0,263,185923.0,158013.0,21258.0,300.0,31156.0
3866,F,1977-07-03,21,DISPONENT,,75,Prerov,north Moravia,138032,8819.0,5.0,4063.0,0,,0.0,,0.0,Sin Prestamo,Sin Prestamo,0,0.0,,0,0.0,0.0,,,
3868,M,1962-11-14,36,OWNER,,66,Zdar nad Sazavou,south Moravia,125832,8512.0,4.0,2247.0,0,,0.0,,0.0,Sin Prestamo,Sin Prestamo,2,3735.0,1867.5,195,670879.0,617077.0,49153.948717,1100.0,84871.0
3869,F,1946-02-24,52,OWNER,,17,Pelhrimov,south Bohemia,74062,8114.0,2.0,1003.0,0,,0.0,,0.0,Sin Prestamo,Sin Prestamo,0,0.0,,171,1049774.0,996415.0,58426.94152,1100.0,135814.0
3870,F,1971-08-08,27,OWNER,,4,Kladno,central Bohemia,149893,9753.0,5.0,5244.0,0,,0.0,,0.0,Sin Prestamo,Sin Prestamo,2,6250.0,3125.0,373,643060.0,580325.0,32152.52815,300.0,68745.0
3871,M,1979-03-25,19,DISPONENT,,4,Kladno,central Bohemia,149893,9753.0,5.0,5244.0,0,,0.0,,0.0,Sin Prestamo,Sin Prestamo,0,0.0,,0,0.0,0.0,,,
3872,M,1930-04-19,68,OWNER,,8,Mlada Boleslav,central Bohemia,112065,11277.0,1.0,5179.0,0,,0.0,,0.0,Sin Prestamo,Sin Prestamo,2,2521.0,1260.5,105,94410.0,74505.0,20765.066666,1100.0,27629.0
3873,F,1960-12-16,38,OWNER,,23,Cheb,west Bohemia,87419,8624.0,2.0,2879.0,0,,0.0,,0.0,Sin Prestamo,Sin Prestamo,1,2111.0,2111.0,195,133307.0,120296.0,15124.887179,1000.0,22977.0
3874,F,1942-08-10,56,OWNER,,61,Trebic,south Moravia,117897,8814.0,5.0,2112.0,0,,0.0,,0.0,Sin Prestamo,Sin Prestamo,0,0.0,,139,412603.0,348575.0,49619.230215,700.0,68613.0
3875,F,1930-07-27,68,OWNER,,1,Hl.m. Praha,Prague,1204953,12541.0,0.0,85677.0,0,,0.0,,0.0,Sin Prestamo,Sin Prestamo,1,1564.0,1564.0,164,160789.0,128679.0,21127.682926,700.0,33742.0
3876,M,1923-05-22,75,DISPONENT,,1,Hl.m. Praha,Prague,1204953,12541.0,0.0,85677.0,0,,0.0,,0.0,Sin Prestamo,Sin Prestamo,0,0.0,,0,0.0,0.0,,,
3877,F,1956-09-13,42,OWNER,,38,Louny,north Bohemia,85852,8965.0,7.0,2653.0,0,,0.0,,0.0,Sin Prestamo,Sin Prestamo,2,3111.0,1555.5,189,621675.0,564741.0,48525.343915,400.0,80721.0
3880,F,1961-08-24,37,OWNER,,29,Rokycany,west Bohemia,45714,8843.0,3.0,818.0,0,,0.0,,0.0,Sin Prestamo,Sin Prestamo,0,0.0,,95,663324.0,640680.0,42495.168421,-1724.0,91199.0
3881,F,1947-05-07,51,OWNER,,45,Jicin,east Bohemia,77917,8390.0,2.0,2080.0,0,,0.0,,0.0,Sin Prestamo,Sin Prestamo,1,5659.0,5659.0,57,215705.0,200197.0,27373.035087,600.0,50082.0
3882,M,1942-05-10,56,DISPONENT,,45,Jicin,east Bohemia,77917,8390.0,2.0,2080.0,0,,0.0,,0.0,Sin Prestamo,Sin Prestamo,0,0.0,,0,0.0,0.0,,,
3883,M,1965-09-27,33,OWNER,,18,Pisek,south Bohemia,70699,8968.0,3.0,1740.0,0,,0.0,,0.0,Sin Prestamo,Sin Prestamo,1,7388.0,7388.0,360,1798107.0,1763106.0,41166.794444,1000.0,80338.0
3884,M,1963-11-18,35,OWNER,,72,Olomouc,north Moravia,226122,8994.0,4.0,9672.0,0,,0.0,,0.0,Sin Prestamo,Sin Prestamo,1,2012.0,2012.0,81,58671.0,37388.0,16424.086419,200.0,21921.0
3885,F,1940-01-17,58,OWNER,,70,Karvina,north Moravia,285387,10177.0,7.0,9878.0,0,,0.0,,0.0,Sin Prestamo,Sin Prestamo,4,2322.0,580.5,565,311331.0,248740.0,40596.297345,700.0,67611.0
3886,F,1965-07-17,33,OWNER,,8,Mlada Boleslav,central Bohemia,112065,11277.0,1.0,5179.0,0,,0.0,,0.0,Sin Prestamo,Sin Prestamo,2,2045.0,1022.5,402,213388.0,195485.0,16885.666666,400.0,22631.0
3887,M,1920-01-17,78,OWNER,,67,Bruntal,north Moravia,106054,8110.0,6.0,3244.0,0,,0.0,,0.0,Sin Prestamo,Sin Prestamo,1,2679.0,2679.0,82,81848.0,62090.0,16914.304878,4019.0,22376.0
3888,F,1916-10-27,82,DISPONENT,,67,Bruntal,north Moravia,106054,8110.0,6.0,3244.0,0,,0.0,,0.0,Sin Prestamo,Sin Prestamo,0,0.0,,0,0.0,0.0,,,
3890,M,1958-10-22,40,OWNER,,3,Beroun,central Bohemia,75232,8980.0,2.0,2824.0,0,,0.0,,0.0,Sin Prestamo,Sin Prestamo,3,11297.0,3765.666666,279,1571501.0,1542843.0,51362.810035,200.0,145372.0
3891,M,1958-12-14,40,OWNER,,75,Prerov,north Moravia,138032,8819.0,5.0,4063.0,0,,0.0,,0.0,Sin Prestamo,Sin Prestamo,2,10147.0,5073.5,132,828684.0,743730.0,55895.901515,300.0,128792.0
3892,M,1979-04-19,19,OWNER,,1,Hl.m. Praha,Prague,1204953,12541.0,0.0,85677.0,0,,0.0,,0.0,Sin Prestamo,Sin Prestamo,2,2116.0,1058.0,354,198744.0,176956.0,17587.864406,800.0,22369.0
3893,M,1969-12-26,29,OWNER,,1,Hl.m. Praha,Prague,1204953,12541.0,0.0,85677.0,0,,0.0,,0.0,Sin Prestamo,Sin Prestamo,1,8811.0,8811.0,174,737151.0,697228.0,40280.270114,400.0,72264.0
3894,M,1941-01-21,57,OWNER,,29,Rokycany,west Bohemia,45714,8843.0,3.0,818.0,0,,0.0,,0.0,Sin Prestamo,Sin Prestamo,1,1882.0,1882.0,324,1450214.0,1398245.0,51011.515432,800.0,82713.0
3895,F,1945-05-03,53,DISPONENT,,29,Rokycany,west Bohemia,45714,8843.0,3.0,818.0,0,,0.0,,0.0,Sin Prestamo,Sin Prestamo,0,0.0,,0,0.0,0.0,,,
3896,M,1923-10-03,75,OWNER,,5,Kolin,central Bohemia,95616,9307.0,4.0,2616.0,0,,0.0,,0.0,Sin Prestamo,Sin Prestamo,2,2186.0,1093.0,396,350531.0,304707.0,33107.598484,900.0,52874.0
3897,F,1951-03-28,47,OWNER,,16,Jindrichuv Hradec,south Bohemia,93931,8427.0,1.0,1874.0,0,,0.0,,0.0,Sin Prestamo,Sin Prestamo,3,2123.0,707.666666,435,212636.0,192163.0,19071.990804,800.0,25310.0
3898,F,1948-01-17,50,OWNER,,57,Hodonin,south Moravia,161954,8720.0,4.0,3729.0,0,,0.0,,0.0,Sin Prestamo,Sin Prestamo,0,0.0,,329,1922762.0,1895038.0,46797.772036,-69.0,141634.0
3899,F,1919-09-20,79,OWNER,,55,Brno - venkov,south Moravia,157042,8743.0,2.0,3659.0,0,,0.0,,0.0,Sin Prestamo,Sin Prestamo,2,3958.0,1979.0,145,171692.0,147548.0,27951.710344,6483.0,42806.0
3900,M,1943-09-23,55,OWNER,,55,Brno - venkov,south Moravia,157042,8743.0,2.0,3659.0,0,,0.0,,0.0,Sin Prestamo,Sin Prestamo,1,8030.0,8030.0,366,1404001.0,1318845.0,52727.131147,200.0,114813.0
3901,F,1951-04-12,47,DISPONENT,,55,Brno - venkov,south Moravia,157042,8743.0,2.0,3659.0,0,,0.0,,0.0,Sin Prestamo,Sin Prestamo,0,0.0,,0,0.0,0.0,,,
3902,F,1949-12-20,49,OWNER,,65,Znojmo,south Moravia,114200,8403.0,6.0,2157.0,0,,0.0,,0.0,Sin Prestamo,Sin Prestamo,2,2798.0,1399.0,337,305502.0,279709.0,20896.388724,1000.0,34681.0
3903,F,1948-03-18,50,OWNER,,1,Hl.m. Praha,Prague,1204953,12541.0,0.0,85677.0,0,,0.0,,0.0,Sin Prestamo,Sin Prestamo,4,10868.0,2717.0,218,807163.0,712512.0,48847.417431,300.0,95969.0
3904,F,1939-01-15,59,OWNER,,29,Rokycany,west Bohemia,45714,8843.0,3.0,818.0,0,,0.0,,0.0,Sin Prestamo,Sin Prestamo,1,3847.0,3847.0,181,1214442.0,1164317.0,53752.088397,1100.0,120789.0
3905,M,1935-08-05,63,DISPONENT,,29,Rokycany,west Bohemia,45714,8843.0,3.0,818.0,0,,0.0,,0.0,Sin Prestamo,Sin Prestamo,0,0.0,,0,0.0,0.0,,,
3906,M,1936-12-23,62,OWNER,True,64,Zlin,south Moravia,197099,9624.0,2.0,4484.0,1,5634.0,39024.0,12.0,3252.0,A,Cerrado,3,16491.0,5497.0,277,1237871.0,1223595.0,53534.212996,300.0,141938.0
3907,F,1954-12-09,44,OWNER,,1,Hl.m. Praha,Prague,1204953,12541.0,0.0,85677.0,1,5635.0,77184.0,36.0,2144.0,C,Vigente,1,2144.0,2144.0,264,1610140.0,1502543.0,47051.018939,200.0,142918.0
3908,M,1929-11-25,69,OWNER,,73,Opava,north Moravia,182027,8746.0,3.0,4355.0,0,,0.0,,0.0,Sin Prestamo,Sin Prestamo,1,2636.0,2636.0,212,250270.0,224679.0,23719.617924,800.0,34183.0
3909,F,1923-09-16,75,DISPONENT,,73,Opava,north Moravia,182027,8746.0,3.0,4355.0,0,,0.0,,0.0,Sin Prestamo,Sin Prestamo,0,0.0,,0,0.0,0.0,,,
3910,F,1919-08-23,79,OWNER,,37,Litomerice,north Bohemia,114006,9065.0,4.0,4147.0,0,,0.0,,0.0,Sin Prestamo,Sin Prestamo,1,2413.0,2413.0,122,126178.0,114239.0,14994.565573,500.0,24156.0
3911,F,1952-10-13,46,OWNER,,31,Tachov,west Bohemia,51313,8930.0,4.0,1328.0,0,,0.0,,0.0,Sin Prestamo,Sin Prestamo,1,9044.0,9044.0,284,1605915.0,1526962.0,51596.109154,700.0,126586.0
3912,F,1945-03-07,53,OWNER,,1,Hl.m. Praha,Prague,1204953,12541.0,0.0,85677.0,0,,0.0,,0.0,Sin Prestamo,Sin Prestamo,1,2659.0,2659.0,193,188817.0,174806.0,20984.96373,900.0,33111.0
3913,M,1951-08-01,47,OWNER,,8,Mlada Boleslav,central Bohemia,112065,11277.0,1.0,5179.0,0,,0.0,,0.0,Sin Prestamo,Sin Prestamo,1,6149.0,6149.0,261,970432.0,874848.0,40715.371647,400.0,98121.0
3914,F,1920-08-24,78,OWNER,,52,Usti nad Orlici,east Bohemia,139012,8363.0,3.0,2564.0,0,,0.0,,0.0,Sin Prestamo,Sin Prestamo,2,2388.0,1194.0,109,98977.0,81651.0,20768.53211,300.0,30731.0
3915,M,1977-01-05,21,OWNER,,20,Strakonice,south Bohemia,70646,8547.0,3.0,1563.0,0,,0.0,,0.0,Sin Prestamo,Sin Prestamo,1,9095.0,9095.0,377,1243757.0,1176195.0,41762.740053,200.0,85386.0
3916,F,1970-08-27,28,OWNER,,47,Pardubice,east Bohemia,162580,9538.0,2.0,6079.0,0,,0.0,,0.0,Sin Prestamo,Sin Prestamo,2,8902.0,4451.0,231,866132.0,808052.0,38765.766233,400.0,69087.0
3917,M,1967-12-28,31,DISPONENT,,47,Pardubice,east Bohemia,162580,9538.0,2.0,6079.0,0,,0.0,,0.0,Sin Prestamo,Sin Prestamo,0,0.0,,0,0.0,0.0,,,
3918,M,1974-01-10,24,OWNER,,5,Kolin,central Bohemia,95616,9307.0,4.0,2616.0,0,,0.0,,0.0,Sin Prestamo,Sin Prestamo,1,8838.0,8838.0,158,672274.0,642583.0,39455.082278,200.0,66400.0
3919,M,1942-06-17,56,OWNER,,35,Jablonec n. Nisou,north Bohemia,88768,8867.0,1.0,3384.0,0,,0.0,,0.0,Sin Prestamo,Sin Prestamo,4,7380.0,1845.0,217,894705.0,889213.0,36524.179723,-2345.0,154038.0
3920,F,1925-08-13,73,OWNER,,44,Chrudim,east Bohemia,105606,8254.0,3.0,2166.0,0,,0.0,,0.0,Sin Prestamo,Sin Prestamo,1,3034.0,3034.0,327,418115.0,345740.0,35815.926605,200.0,74339.0
3921,F,1958-01-21,40,OWNER,,28,Plzen - sever,west Bohemia,72541,8594.0,2.0,1580.0,0,,0.0,,0.0,Sin Prestamo,Sin Prestamo,2,7389.0,3694.5,137,245829.0,223439.0,26968.583941,900.0,43414.0
3922,F,1928-04-08,70,OWNER,,1,Hl.m. Praha,Prague,1204953,12541.0,0.0,85677.0,0,,0.0,,0.0,Sin Prestamo,Sin Prestamo,1,3886.0,3886.0,302,424584.0,405626.0,19489.715231,300.0,34314.0
3923,M,1935-10-20,63,DISPONENT,,1,Hl.m. Praha,Prague,1204953,12541.0,0.0,85677.0,0,,0.0,,0.0,Sin Prestamo,Sin Prestamo,0,0.0,,0,0.0,0.0,,,
3924,M,1971-01-09,27,OWNER,,56,Breclav,south Moravia,124605,8772.0,5.0,2854.0,0,,0.0,,0.0,Sin Prestamo,Sin Prestamo,2,2077.0,1038.5,272,154008.0,136016.0,17804.86397,1100.0,22997.0
3925,F,1936-08-14,62,OWNER,,45,Jicin,east Bohemia,77917,8390.0,2.0,2080.0,0,,0.0,,0.0,Sin Prestamo,Sin Prestamo,1,3878.0,3878.0,83,123118.0,103529.0,15296.144578,1000.0,27924.0
3926,M,1972-10-01,26,OWNER,,54,Brno - mesto,south Moravia,387570,9897.0,2.0,18721.0,0,,0.0,,0.0,Sin Prestamo,Sin Prestamo,1,4621.0,4621.0,372,568199.0,554137.0,23190.978494,800.0,40080.0
3927,F,1948-02-23,50,OWNER,,61,Trebic,south Moravia,117897,8814.0,5.0,2112.0,0,,0.0,,0.0,Sin Prestamo,Sin Prestamo,2,4006.0,2003.0,203,270659.0,243759.0,27000.192118,800.0,43184.0
3928,F,1928-08-08,70,OWNER,,77,Vsetin,north Moravia,148545,8909.0,4.0,3460.0,0,,0.0,,0.0,Sin Prestamo,Sin Prestamo,2,3259.0,1629.5,172,156837.0,135174.0,17596.011627,900.0,25729.0
3929,M,1957-11-01,41,OWNER,True,74,Ostrava - mesto,north Moravia,323870,10673.0,5.0,18782.0,1,5638.0,68124.0,12.0,5677.0,A,Cerrado,2,13874.0,6937.0,162,603890.0,546253.0,37501.228395,1100.0,72161.0
3930,M,1921-01-17,77,OWNER,,1,Hl.m. Praha,Prague,1204953,12541.0,0.0,85677.0,0,,0.0,,0.0,Sin Prestamo,Sin Prestamo,1,1880.0,1880.0,255,277632.0,257705.0,18620.780392,800.0,29133.0
3931,F,1921-10-15,77,DISPONENT,,1,Hl.m. Praha,Prague,1204953,12541.0,0.0,85677.0,0,,0.0,,0.0,Sin Prestamo,Sin Prestamo,0,0.0,,0,0.0,0.0,,,
3932,M,1939-10-06,59,OWNER,,59,Kromeriz,south Moravia,108871,8444.0,3.0,2595.0,0,,0.0,,0.0,Sin Prestamo,Sin Prestamo,1,2021.0,2021.0,188,134812.0,99739.0,23918.606382,600.0,37856.0
3933,F,1946-09-07,52,DISPONENT,,59,Kromeriz,south Moravia,108871,8444.0,3.0,2595.0,0,,0.0,,0.0,Sin Prestamo,Sin Prestamo,0,0.0,,0,0.0,0.0,,,
3934,M,1968-10-15,30,OWNER,,12,Pribram,central Bohemia,107870,8754.0,4.0,3804.0,0,,0.0,,0.0,Sin Prestamo,Sin Prestamo,3,2044.0,681.333333,279,136156.0,106165.0,20056.648745,900.0,30366.0
3935,M,1939-11-27,59,OWNER,,71,Novy Jicin,north Moravia,161227,8678.0,6.0,4980.0,0,,0.0,,0.0,Sin Prestamo,Sin Prestamo,1,1951.0,1951.0,321,2087547.0,2021897.0,52091.601246,400.0,148482.0
3936,F,1962-04-08,36,OWNER,,36,Liberec,north Bohemia,159617,9198.0,3.0,5796.0,0,,0.0,,0.0,Sin Prestamo,Sin Prestamo,1,5119.0,5119.0,222,370983.0,354409.0,26764.572072,800.0,42345.0
3937,M,1963-06-09,35,DISPONENT,,36,Liberec,north Bohemia,159617,9198.0,3.0,5796.0,0,,0.0,,0.0,Sin Prestamo,Sin Prestamo,0,0.0,,0,0.0,0.0,,,
3938,M,1980-01-22,18,OWNER,,27,Plzen - jih,west Bohemia,67298,8561.0,1.0,1029.0,0,,0.0,,0.0,Sin Prestamo,Sin Prestamo,0,0.0,,94,138471.0,11100.0,63596.085106,900.0,127380.0
3939,M,1953-11-06,45,OWNER,,40,Teplice,north Bohemia,128118,9317.0,6.0,6949.0,0,,0.0,,0.0,Sin Prestamo,Sin Prestamo,2,6722.0,3361.0,143,296956.0,266640.0,21512.328671,1000.0,42467.0
3942,M,1952-08-13,46,OWNER,,53,Blansko,south Moravia,107911,8240.0,3.0,1850.0,0,,0.0,,0.0,Sin Prestamo,Sin Prestamo,3,10424.0,3474.666666,406,1902766.0,1813981.0,51676.022167,300.0,158320.0
3943,M,1945-12-04,53,OWNER,,1,Hl.m. Praha,Prague,1204953,12541.0,0.0,85677.0,0,,0.0,,0.0,Sin Prestamo,Sin Prestamo,2,2262.0,1131.0,378,262557.0,210869.0,37705.460317,700.0,55150.0
3944,M,1936-01-01,62,OWNER,,8,Mlada Boleslav,central Bohemia,112065,11277.0,1.0,5179.0,0,,0.0,,0.0,Sin Prestamo,Sin Prestamo,2,8502.0,4251.0,563,3166158.0,3104832.0,65952.566607,400.0,153565.0
3945,F,1931-10-25,67,DISPONENT,,8,Mlada Boleslav,central Bohemia,112065,11277.0,1.0,5179.0,0,,0.0,,0.0,Sin Prestamo,Sin Prestamo,0,0.0,,0,0.0,0.0,,,
3946,M,1975-05-11,23,OWNER,,1,Hl.m. Praha,Prague,1204953,12541.0,0.0,85677.0,0,,0.0,,0.0,Sin Prestamo,Sin Prestamo,2,5844.0,2922.0,445,700732.0,678423.0,30640.889887,200.0,58075.0
3947,M,1967-05-25,31,OWNER,,23,Cheb,west Bohemia,87419,8624.0,2.0,2879.0,0,,0.0,,0.0,Sin Prestamo,Sin Prestamo,1,8340.0,8340.0,96,481401.0,427015.0,42978.03125,700.0,85033.0
3948,F,1979-05-23,19,OWNER,,44,Chrudim,east Bohemia,105606,8254.0,3.0,2166.0,0,,0.0,,0.0,Sin Prestamo,Sin Prestamo,0,0.0,,55,74956.0,32000.0,30407.30909,900.0,42960.0
3949,M,1974-08-26,24,DISPONENT,,44,Chrudim,east Bohemia,105606,8254.0,3.0,2166.0,0,,0.0,,0.0,Sin Prestamo,Sin Prestamo,0,0.0,,0,0.0,0.0,,,
3950,M,1924-03-21,74,OWNER,,38,Louny,north Bohemia,85852,8965.0,7.0,2653.0,0,,0.0,,0.0,Sin Prestamo,Sin Prestamo,1,1886.0,1886.0,327,321667.0,293853.0,22858.825688,200.0,32706.0
3951,F,1920-07-22,78,DISPONENT,,38,Louny,north Bohemia,85852,8965.0,7.0,2653.0,0,,0.0,,0.0,Sin Prestamo,Sin Prestamo,0,0.0,,0,0.0,0.0,,,
3952,F,1965-12-28,33,OWNER,,52,Usti nad Orlici,east Bohemia,139012,8363.0,3.0,2564.0,0,,0.0,,0.0,Sin Prestamo,Sin Prestamo,0,0.0,,219,1453079.0,1421318.0,53035.840182,900.0,141016.0
3953,F,1925-06-09,73,OWNER,,14,Ceske Budejovice,south Bohemia,177686,10045.0,1.0,6604.0,0,,0.0,,0.0,Sin Prestamo,Sin Prestamo,2,1647.0,823.5,107,97630.0,62022.0,27345.476635,1100.0,36368.0
3954,M,1957-10-31,41,OWNER,,64,Zlin,south Moravia,197099,9624.0,2.0,4484.0,0,,0.0,,0.0,Sin Prestamo,Sin Prestamo,1,6403.0,6403.0,383,894776.0,847603.0,32409.639686,300.0,63015.0
3955,F,1960-05-31,38,DISPONENT,,64,Zlin,south Moravia,197099,9624.0,2.0,4484.0,0,,0.0,,0.0,Sin Prestamo,Sin Prestamo,0,0.0,,0,0.0,0.0,,,
3956,F,1975-06-02,23,OWNER,,21,Tabor,south Bohemia,103347,9104.0,2.0,2299.0,0,,0.0,,0.0,Sin Prestamo,Sin Prestamo,3,2280.0,760.0,425,220533.0,197350.0,17077.548235,1000.0,26108.0
3957,M,1971-08-12,27,DISPONENT,,21,Tabor,south Bohemia,103347,9104.0,2.0,2299.0,0,,0.0,,0.0,Sin Prestamo,Sin Prestamo,0,0.0,,0,0.0,0.0,,,
3958,F,1946-04-30,52,OWNER,,37,Litomerice,north Bohemia,114006,9065.0,4.0,4147.0,0,,0.0,,0.0,Sin Prestamo,Sin Prestamo,1,1951.0,1951.0,215,1395121.0,1320170.0,63361.353488,600.0,138374.0
3959,F,1970-07-15,28,OWNER,,30,Sokolov,west Bohemia,94812,9650.0,3.0,2985.0,0,,0.0,,0.0,Sin Prestamo,Sin Prestamo,1,7806.0,7806.0,214,862686.0,796982.0,49291.528037,19130.0,74382.0
3960,M,1964-01-06,34,OWNER,,8,Mlada Boleslav,central Bohemia,112065,11277.0,1.0,5179.0,0,,0.0,,0.0,Sin Prestamo,Sin Prestamo,1,2527.0,2527.0,118,114079.0,94822.0,17246.076271,1000.0,30983.0
3961,F,1943-04-03,55,OWNER,,53,Blansko,south Moravia,107911,8240.0,3.0,1850.0,0,,0.0,,0.0,Sin Prestamo,Sin Prestamo,4,3465.0,866.25,217,633393.0,599065.0,40252.396313,800.0,68914.0
3962,M,1952-11-28,46,OWNER,False,74,Ostrava - mesto,north Moravia,323870,10673.0,5.0,18782.0,1,5643.0,94512.0,12.0,7876.0,B,Cerrado,1,7876.0,7876.0,260,1954675.0,1960823.0,34594.553846,-6201.0,133408.0
3963,M,1974-02-07,24,OWNER,,76,Sumperk,north Moravia,127369,8369.0,5.0,3736.0,0,,0.0,,0.0,Sin Prestamo,Sin Prestamo,1,5775.0,5775.0,75,379780.0,351455.0,36769.706666,400.0,70324.0
3964,M,1942-05-07,56,OWNER,,74,Ostrava - mesto,north Moravia,323870,10673.0,5.0,18782.0,0,,0.0,,0.0,Sin Prestamo,Sin Prestamo,2,3176.0,1588.0,347,431152.0,409535.0,23292.348703,1000.0,36776.0
3965,M,1963-05-16,35,OWNER,,1,Hl.m. Praha,Prague,1204953,12541.0,0.0,85677.0,0,,0.0,,0.0,Sin Prestamo,Sin Prestamo,3,3668.0,1222.666666,69,105676.0,62949.0,32718.362318,1000.0,48138.0
3966,F,1969-10-07,29,DISPONENT,,1,Hl.m. Praha,Prague,1204953,12541.0,0.0,85677.0,0,,0.0,,0.0,Sin Prestamo,Sin Prestamo,0,0.0,,0,0.0,0.0,,,
3967,F,1960-09-26,38,OWNER,,18,Pisek,south Bohemia,70699,8968.0,3.0,1740.0,0,,0.0,,0.0,Sin Prestamo,Sin Prestamo,0,0.0,,331,1207895.0,1155355.0,40593.259818,1100.0,66939.0
3968,M,1955-06-15,43,DISPONENT,,18,Pisek,south Bohemia,70699,8968.0,3.0,1740.0,0,,0.0,,0.0,Sin Prestamo,Sin Prestamo,0,0.0,,0,0.0,0.0,,,
3969,F,1951-02-19,47,OWNER,,4,Kladno,central Bohemia,149893,9753.0,5.0,5244.0,0,,0.0,,0.0,Sin Prestamo,Sin Prestamo,0,0.0,,158,856331.0,773145.0,55770.78481,800.0,84966.0
3970,F,1980-08-09,18,OWNER,,46,Nachod,east Bohemia,112709,8369.0,2.0,2854.0,0,,0.0,,0.0,Sin Prestamo,Sin Prestamo,1,11462.0,11462.0,271,1570892.0,1548208.0,51270.778597,1100.0,146955.0
3971,M,1966-02-20,32,OWNER,,1,Hl.m. Praha,Prague,1204953,12541.0,0.0,85677.0,0,,0.0,,0.0,Sin Prestamo,Sin Prestamo,2,4397.0,2198.5,190,508529.0,478295.0,24200.389473,1100.0,49565.0
3972,M,1930-06-01,68,OWNER,,1,Hl.m. Praha,Prague,1204953,12541.0,0.0,85677.0,0,,0.0,,0.0,Sin Prestamo,Sin Prestamo,1,3594.0,3594.0,70,102332.0,81453.0,16986.157142,800.0,25826.0
3973,F,1982-08-20,16,OWNER,,1,Hl.m. Praha,Prague,1204953,12541.0,0.0,85677.0,0,,0.0,,0.0,Sin Prestamo,Sin Prestamo,0,0.0,,139,154651.0,94380.0,21246.971223,200.0,60279.0
3974,M,1938-08-24,60,OWNER,,68,Frydek - Mistek,north Moravia,228848,9893.0,4.0,5623.0,0,,0.0,,0.0,Sin Prestamo,Sin Prestamo,1,8720.0,8720.0,364,1394844.0,1374740.0,29634.978021,300.0,59942.0
3975,F,1954-07-19,44,OWNER,,1,Hl.m. Praha,Prague,1204953,12541.0,0.0,85677.0,0,,0.0,,0.0,Sin Prestamo,Sin Prestamo,1,4872.0,4872.0,366,596348.0,572646.0,24345.407103,500.0,38231.0
3976,M,1967-09-13,31,OWNER,,43,Hradec Kralove,east Bohemia,161854,9425.0,2.0,4085.0,0,,0.0,,0.0,Sin Prestamo,Sin Prestamo,1,2100.0,2100.0,146,103560.0,76815.0,19748.445205,300.0,29457.0
3977,M,1975-09-27,23,OWNER,,8,Mlada Boleslav,central Bohemia,112065,11277.0,1.0,5179.0,0,,0.0,,0.0,Sin Prestamo,Sin Prestamo,1,11785.0,11785.0,232,1450810.0,1412756.0,55449.435344,300.0,139247.0
3978,M,1970-12-15,28,OWNER,,18,Pisek,south Bohemia,70699,8968.0,3.0,1740.0,0,,0.0,,0.0,Sin Prestamo,Sin Prestamo,1,6968.0,6968.0,384,1557411.0,1504180.0,35358.65625,900.0,78193.0
3979,F,1928-10-14,70,OWNER,,54,Brno - mesto,south Moravia,387570,9897.0,2.0,18721.0,0,,0.0,,0.0,Sin Prestamo,Sin Prestamo,1,2471.0,2471.0,259,284293.0,266076.0,21211.50193,700.0,34145.0
3980,M,1953-07-13,45,OWNER,,1,Hl.m. Praha,Prague,1204953,12541.0,0.0,85677.0,0,,0.0,,0.0,Sin Prestamo,Sin Prestamo,2,7260.0,3630.0,374,791699.0,733690.0,35998.994652,800.0,75979.0
3981,M,1979-06-16,19,OWNER,,19,Prachatice,south Bohemia,51428,8402.0,3.0,999.0,0,,0.0,,0.0,Sin Prestamo,Sin Prestamo,0,0.0,,123,1070670.0,1002295.0,74921.869918,200.0,123730.0
3982,F,1919-01-15,79,OWNER,,45,Jicin,east Bohemia,77917,8390.0,2.0,2080.0,0,,0.0,,0.0,Sin Prestamo,Sin Prestamo,1,2505.0,2505.0,115,136710.0,120020.0,21098.913043,1000.0,30766.0
3983,F,1926-05-22,72,OWNER,,1,Hl.m. Praha,Prague,1204953,12541.0,0.0,85677.0,0,,0.0,,0.0,Sin Prestamo,Sin Prestamo,1,3170.0,3170.0,277,293788.0,268915.0,19506.787003,800.0,27619.0
3984,F,1964-03-13,34,OWNER,,1,Hl.m. Praha,Prague,1204953,12541.0,0.0,85677.0,1,5644.0,276084.0,36.0,7669.0,C,Vigente,5,11746.0,2349.2,155,859611.0,794365.0,59131.412903,1100.0,132187.0
3985,F,1979-04-16,19,OWNER,,75,Prerov,north Moravia,138032,8819.0,5.0,4063.0,0,,0.0,,0.0,Sin Prestamo,Sin Prestamo,1,6369.0,6369.0,184,445690.0,390412.0,44432.543478,900.0,64706.0
3987,M,1960-11-07,38,OWNER,,67,Bruntal,north Moravia,106054,8110.0,6.0,3244.0,0,,0.0,,0.0,Sin Prestamo,Sin Prestamo,2,14339.0,7169.5,229,1673067.0,1612611.0,63296.283842,1000.0,119399.0
3988,F,1974-09-04,24,OWNER,,53,Blansko,south Moravia,107911,8240.0,3.0,1850.0,0,,0.0,,0.0,Sin Prestamo,Sin Prestamo,0,0.0,,213,800191.0,758875.0,37441.56338,1100.0,61173.0
3989,M,1980-03-27,18,DISPONENT,,53,Blansko,south Moravia,107911,8240.0,3.0,1850.0,0,,0.0,,0.0,Sin Prestamo,Sin Prestamo,0,0.0,,0,0.0,0.0,,,
3990,M,1973-02-03,25,OWNER,,29,Rokycany,west Bohemia,45714,8843.0,3.0,818.0,0,,0.0,,0.0,Sin Prestamo,Sin Prestamo,0,0.0,,325,547990.0,498100.0,43210.446153,1100.0,64298.0
3991,M,1967-05-17,31,OWNER,,11,Praha - zapad,central Bohemia,75637,9622.0,0.0,3475.0,0,,0.0,,0.0,Sin Prestamo,Sin Prestamo,1,4676.0,4676.0,80,407562.0,379811.0,49535.7,200.0,128818.0
3992,F,1948-11-10,50,OWNER,,71,Novy Jicin,north Moravia,161227,8678.0,6.0,4980.0,0,,0.0,,0.0,Sin Prestamo,Sin Prestamo,2,14419.0,7209.5,87,775052.0,691532.0,53224.563218,1100.0,124057.0
3993,F,1980-03-07,18,OWNER,,14,Ceske Budejovice,south Bohemia,177686,10045.0,1.0,6604.0,0,,0.0,,0.0,Sin Prestamo,Sin Prestamo,1,4956.0,4956.0,170,576358.0,563773.0,28199.529411,900.0,60627.0
3994,F,1965-01-31,33,OWNER,,21,Tabor,south Bohemia,103347,9104.0,2.0,2299.0,0,,0.0,,0.0,Sin Prestamo,Sin Prestamo,3,2005.0,668.333333,545,316848.0,255372.0,33543.088073,700.0,62495.0
3995,F,1948-08-15,50,OWNER,,1,Hl.m. Praha,Prague,1204953,12541.0,0.0,85677.0,0,,0.0,,0.0,Sin Prestamo,Sin Prestamo,0,0.0,,177,835038.0,755620.0,49709.570621,800.0,79433.0
3996,F,1947-07-16,51,OWNER,,36,Liberec,north Bohemia,159617,9198.0,3.0,5796.0,0,,0.0,,0.0,Sin Prestamo,Sin Prestamo,1,4660.0,4660.0,124,285699.0,271410.0,27219.741935,800.0,51668.0
3997,F,1927-01-05,71,OWNER,,13,Rakovnik,central Bohemia,53921,8598.0,3.0,1597.0,0,,0.0,,0.0,Sin Prestamo,Sin Prestamo,2,2880.0,1440.0,223,250453.0,237230.0,16277.040358,600.0,32229.0
3998,F,1950-06-03,48,OWNER,,59,Kromeriz,south Moravia,108871,8444.0,3.0,2595.0,0,,0.0,,0.0,Sin Prestamo,Sin Prestamo,2,5513.0,2756.5,403,853949.0,826665.0,33679.325062,800.0,53072.0
3999,F,1976-01-16,22,OWNER,,30,Sokolov,west Bohemia,94812,9650.0,3.0,2985.0,0,,0.0,,0.0,Sin Prestamo,Sin Prestamo,0,0.0,,362,493929.0,443925.0,45488.566298,800.0,94167.0
4000,M,1957-10-22,41,OWNER,,40,Teplice,north Bohemia,128118,9317.0,6.0,6949.0,0,,0.0,,0.0,Sin Prestamo,Sin Prestamo,0,0.0,,147,544726.0,495960.0,28975.564625,400.0,56646.0
4001,M,1956-01-29,42,OWNER,,69,Jesenik,north Moravia,42821,8173.0,,,0,,0.0,,0.0,Sin Prestamo,Sin Prestamo,3,6152.0,2050.666666,459,1026613.0,995273.0,31591.923747,1100.0,56835.0
4002,F,1920-06-29,78,OWNER,,25,Klatovy,west Bohemia,88757,8554.0,2.0,1822.0,0,,0.0,,0.0,Sin Prestamo,Sin Prestamo,1,3277.0,3277.0,286,314849.0,298153.0,18270.923076,900.0,28197.0
4003,M,1949-04-23,49,OWNER,,8,Mlada Boleslav,central Bohemia,112065,11277.0,1.0,5179.0,0,,0.0,,0.0,Sin Prestamo,Sin Prestamo,4,12828.0,3207.0,212,1227313.0,1149838.0,54948.523584,1000.0,142996.0
4004,F,1957-08-12,41,OWNER,,30,Sokolov,west Bohemia,94812,9650.0,3.0,2985.0,0,,0.0,,0.0,Sin Prestamo,Sin Prestamo,4,1964.0,491.0,200,109623.0,84711.0,32133.815,700.0,45029.0
4006,F,1978-05-07,20,OWNER,,25,Klatovy,west Bohemia,88757,8554.0,2.0,1822.0,0,,0.0,,0.0,Sin Prestamo,Sin Prestamo,0,0.0,,53,185882.0,133200.0,44608.981132,1000.0,127467.0
4007,M,1948-11-07,50,OWNER,,23,Cheb,west Bohemia,87419,8624.0,2.0,2879.0,0,,0.0,,0.0,Sin Prestamo,Sin Prestamo,0,0.0,,180,540082.0,438465.0,58913.916666,200.0,105527.0
4008,F,1951-05-08,47,DISPONENT,,23,Cheb,west Bohemia,87419,8624.0,2.0,2879.0,0,,0.0,,0.0,Sin Prestamo,Sin Prestamo,0,0.0,,0,0.0,0.0,,,
4009,M,1966-06-29,32,OWNER,,4,Kladno,central Bohemia,149893,9753.0,5.0,5244.0,0,,0.0,,0.0,Sin Prestamo,Sin Prestamo,1,9655.0,9655.0,389,1161197.0,1122245.0,37445.665809,800.0,62210.0
4010,F,1948-06-17,50,OWNER,,4,Kladno,central Bohemia,149893,9753.0,5.0,5244.0,0,,0.0,,0.0,Sin Prestamo,Sin Prestamo,1,2166.0,2166.0,184,129864.0,112970.0,17015.641304,600.0,24936.0
4011,F,1957-12-19,41,OWNER,,62,Uherske Hradiste,south Moravia,145688,8544.0,1.0,2719.0,0,,0.0,,0.0,Sin Prestamo,Sin Prestamo,3,1949.0,649.666666,181,90158.0,76651.0,13266.629834,1000.0,16929.0
4012,F,1956-10-09,42,OWNER,,56,Breclav,south Moravia,124605,8772.0,5.0,2854.0,0,,0.0,,0.0,Sin Prestamo,Sin Prestamo,2,2220.0,1110.0,411,293447.0,246199.0,36114.839416,1100.0,62277.0
4013,F,1951-12-06,47,OWNER,,1,Hl.m. Praha,Prague,1204953,12541.0,0.0,85677.0,0,,0.0,,0.0,Sin Prestamo,Sin Prestamo,1,2075.0,2075.0,175,118643.0,97505.0,17880.874285,900.0,23975.0
4014,M,1980-09-06,18,OWNER,,17,Pelhrimov,south Bohemia,74062,8114.0,2.0,1003.0,0,,0.0,,0.0,Sin Prestamo,Sin Prestamo,0,0.0,,270,392061.0,351630.0,39246.692592,1100.0,83380.0
4015,F,1972-12-27,26,OWNER,,65,Znojmo,south Moravia,114200,8403.0,6.0,2157.0,0,,0.0,,0.0,Sin Prestamo,Sin Prestamo,1,3421.0,3421.0,187,853935.0,762758.0,48759.128342,400.0,129743.0
4016,F,1971-05-25,27,OWNER,,13,Rakovnik,central Bohemia,53921,8598.0,3.0,1597.0,0,,0.0,,0.0,Sin Prestamo,Sin Prestamo,1,3498.0,3498.0,377,1530843.0,1453547.0,49221.326259,1000.0,80408.0
4017,M,1964-05-15,34,DISPONENT,,13,Rakovnik,central Bohemia,53921,8598.0,3.0,1597.0,0,,0.0,,0.0,Sin Prestamo,Sin Prestamo,0,0.0,,0,0.0,0.0,,,
4018,F,1980-09-07,18,OWNER,,3,Beroun,central Bohemia,75232,8980.0,2.0,2824.0,0,,0.0,,0.0,Sin Prestamo,Sin Prestamo,2,4617.0,2308.5,77,143398.0,86159.0,42848.805194,500.0,61178.0
4019,M,1945-09-16,53,OWNER,,11,Praha - zapad,central Bohemia,75637,9622.0,0.0,3475.0,0,,0.0,,0.0,Sin Prestamo,Sin Prestamo,0,0.0,,66,571420.0,481383.0,59097.257575,200.0,107473.0
4020,F,1953-03-31,45,OWNER,,45,Jicin,east Bohemia,77917,8390.0,2.0,2080.0,0,,0.0,,0.0,Sin Prestamo,Sin Prestamo,0,0.0,,272,2008825.0,2005253.0,38131.441176,-41126.0,145343.0
4021,M,1948-12-10,50,OWNER,,45,Jicin,east Bohemia,77917,8390.0,2.0,2080.0,0,,0.0,,0.0,Sin Prestamo,Sin Prestamo,2,6193.0,3096.5,438,851886.0,782657.0,37180.833333,1100.0,77406.0
4022,M,1926-02-10,72,OWNER,,1,Hl.m. Praha,Prague,1204953,12541.0,0.0,85677.0,0,,0.0,,0.0,Sin Prestamo,Sin Prestamo,1,3300.0,3300.0,88,106412.0,82170.0,23073.613636,800.0,30173.0
4023,F,1925-05-17,73,DISPONENT,,1,Hl.m. Praha,Prague,1204953,12541.0,0.0,85677.0,0,,0.0,,0.0,Sin Prestamo,Sin Prestamo,0,0.0,,0,0.0,0.0,,,
4024,M,1964-10-16,34,OWNER,True,3,Beroun,central Bohemia,75232,8980.0,2.0,2824.0,1,5651.0,19248.0,12.0,1604.0,A,Cerrado,2,10853.0,5426.5,164,556331.0,519101.0,36320.54878,200.0,65132.0
4025,F,1971-10-07,27,DISPONENT,True,3,Beroun,central Bohemia,75232,8980.0,2.0,2824.0,0,,0.0,,0.0,Sin Prestamo,Sin Prestamo,0,0.0,,0,0.0,0.0,,,
4026,F,1945-09-24,53,OWNER,,76,Sumperk,north Moravia,127369,8369.0,5.0,3736.0,0,,0.0,,0.0,Sin Prestamo,Sin Prestamo,2,9365.0,4682.5,248,1799290.0,1749323.0,63252.657258,400.0,149505.0
4027,F,1965-06-28,33,OWNER,,16,Jindrichuv Hradec,south Bohemia,93931,8427.0,1.0,1874.0,0,,0.0,,0.0,Sin Prestamo,Sin Prestamo,2,5268.0,2634.0,132,338394.0,321707.0,27865.166666,400.0,49921.0
4028,M,1970-08-08,28,DISPONENT,,16,Jindrichuv Hradec,south Bohemia,93931,8427.0,1.0,1874.0,0,,0.0,,0.0,Sin Prestamo,Sin Prestamo,0,0.0,,0,0.0,0.0,,,
4029,M,1967-01-03,31,OWNER,,17,Pelhrimov,south Bohemia,74062,8114.0,2.0,1003.0,0,,0.0,,0.0,Sin Prestamo,Sin Prestamo,0,0.0,,97,197532.0,136540.0,35541.319587,300.0,64259.0
4030,F,1976-09-21,22,OWNER,,44,Chrudim,east Bohemia,105606,8254.0,3.0,2166.0,0,,0.0,,0.0,Sin Prestamo,Sin Prestamo,0,0.0,,57,108093.0,74170.0,28852.45614,1100.0,70501.0
4031,M,1975-05-22,23,OWNER,,67,Bruntal,north Moravia,106054,8110.0,6.0,3244.0,0,,0.0,,0.0,Sin Prestamo,Sin Prestamo,0,0.0,,49,169976.0,127600.0,28948.204081,700.0,77386.0
4032,F,1964-08-02,34,OWNER,,35,Jablonec n. Nisou,north Bohemia,88768,8867.0,1.0,3384.0,0,,0.0,,0.0,Sin Prestamo,Sin Prestamo,1,2170.0,2170.0,143,114498.0,87605.0,21979.132867,1000.0,28551.0
4033,M,1925-10-15,73,OWNER,,51,Trutnov,east Bohemia,121947,8541.0,3.0,3496.0,0,,0.0,,0.0,Sin Prestamo,Sin Prestamo,1,2974.0,2974.0,237,294962.0,279178.0,20025.050632,900.0,36923.0
4034,M,1937-07-17,61,OWNER,,58,Jihlava,south Moravia,109164,8757.0,3.0,2212.0,0,,0.0,,0.0,Sin Prestamo,Sin Prestamo,1,5743.0,5743.0,160,1290495.0,1186123.0,63896.6625,500.0,136229.0
4035,F,1930-08-20,68,DISPONENT,,58,Jihlava,south Moravia,109164,8757.0,3.0,2212.0,0,,0.0,,0.0,Sin Prestamo,Sin Prestamo,0,0.0,,0,0.0,0.0,,,
4036,F,1976-07-09,22,OWNER,,25,Klatovy,west Bohemia,88757,8554.0,2.0,1822.0,0,,0.0,,0.0,Sin Prestamo,Sin Prestamo,1,7531.0,7531.0,174,553360.0,504086.0,23359.241379,300.0,56920.0
4037,F,1966-10-22,32,OWNER,,1,Hl.m. Praha,Prague,1204953,12541.0,0.0,85677.0,0,,0.0,,0.0,Sin Prestamo,Sin Prestamo,1,3354.0,3354.0,144,247068.0,214972.0,29517.3125,900.0,45514.0
4040,F,1961-05-17,37,OWNER,,59,Kromeriz,south Moravia,108871,8444.0,3.0,2595.0,0,,0.0,,0.0,Sin Prestamo,Sin Prestamo,1,8335.0,8335.0,68,255167.0,216940.0,38580.161764,200.0,60356.0
4041,M,1954-01-26,44,DISPONENT,,59,Kromeriz,south Moravia,108871,8444.0,3.0,2595.0,0,,0.0,,0.0,Sin Prestamo,Sin Prestamo,0,0.0,,0,0.0,0.0,,,
4042,M,1939-09-04,59,OWNER,,1,Hl.m. Praha,Prague,1204953,12541.0,0.0,85677.0,0,,0.0,,0.0,Sin Prestamo,Sin Prestamo,2,9873.0,4936.5,99,428020.0,365836.0,44862.717171,1000.0,79763.0
4043,F,1953-05-09,45,OWNER,,70,Karvina,north Moravia,285387,10177.0,7.0,9878.0,0,,0.0,,0.0,Sin Prestamo,Sin Prestamo,1,8537.0,8537.0,139,936969.0,850664.0,63520.028776,1000.0,129694.0
4044,F,1930-04-29,68,OWNER,,44,Chrudim,east Bohemia,105606,8254.0,3.0,2166.0,0,,0.0,,0.0,Sin Prestamo,Sin Prestamo,0,0.0,,307,259070.0,251489.0,7025.410423,-4101.0,23523.0
4046,F,1944-12-18,54,OWNER,,1,Hl.m. Praha,Prague,1204953,12541.0,0.0,85677.0,0,,0.0,,0.0,Sin Prestamo,Sin Prestamo,2,7206.0,3603.0,107,443339.0,408398.0,38483.551401,400.0,79273.0
4047,M,1937-01-28,61,DISPONENT,,1,Hl.m. Praha,Prague,1204953,12541.0,0.0,85677.0,0,,0.0,,0.0,Sin Prestamo,Sin Prestamo,0,0.0,,0,0.0,0.0,,,
4048,M,1923-11-24,75,OWNER,,4,Kladno,central Bohemia,149893,9753.0,5.0,5244.0,0,,0.0,,0.0,Sin Prestamo,Sin Prestamo,1,2624.0,2624.0,123,152567.0,135507.0,19027.146341,600.0,30441.0
4049,M,1945-09-13,53,OWNER,,4,Kladno,central Bohemia,149893,9753.0,5.0,5244.0,0,,0.0,,0.0,Sin Prestamo,Sin Prestamo,1,5787.0,5787.0,277,985193.0,914748.0,52246.833935,1100.0,90003.0
4050,M,1948-12-30,50,OWNER,,47,Pardubice,east Bohemia,162580,9538.0,2.0,6079.0,0,,0.0,,0.0,Sin Prestamo,Sin Prestamo,1,7601.0,7601.0,175,664825.0,627149.0,36782.611428,500.0,66597.0
4051,M,1949-10-06,49,OWNER,,74,Ostrava - mesto,north Moravia,323870,10673.0,5.0,18782.0,0,,0.0,,0.0,Sin Prestamo,Sin Prestamo,1,3661.0,3661.0,139,269242.0,235844.0,18439.690647,700.0,37907.0
4052,F,1950-10-17,48,DISPONENT,,74,Ostrava - mesto,north Moravia,323870,10673.0,5.0,18782.0,0,,0.0,,0.0,Sin Prestamo,Sin Prestamo,0,0.0,,0,0.0,0.0,,,
4053,F,1929-09-23,69,OWNER,,70,Karvina,north Moravia,285387,10177.0,7.0,9878.0,0,,0.0,,0.0,Sin Prestamo,Sin Prestamo,1,2700.0,2700.0,169,193054.0,167605.0,31983.071005,300.0,42071.0
4054,F,1959-02-08,39,OWNER,,72,Olomouc,north Moravia,226122,8994.0,4.0,9672.0,0,,0.0,,0.0,Sin Prestamo,Sin Prestamo,2,2938.0,1469.0,379,350342.0,332721.0,21064.82058,900.0,32186.0
4055,F,1953-06-01,45,OWNER,,74,Ostrava - mesto,north Moravia,323870,10673.0,5.0,18782.0,1,5656.0,146064.0,24.0,6086.0,C,Vigente,4,17174.0,4293.5,230,1007657.0,967021.0,43421.243478,200.0,131271.0
4056,F,1952-07-26,46,OWNER,True,63,Vyskov,south Moravia,86513,8288.0,4.0,1562.0,1,5657.0,4980.0,12.0,415.0,A,Cerrado,4,5148.0,1287.0,533,742110.0,711452.0,25265.219512,800.0,50991.0
4057,F,1922-06-11,76,OWNER,,70,Karvina,north Moravia,285387,10177.0,7.0,9878.0,0,,0.0,,0.0,Sin Prestamo,Sin Prestamo,1,2575.0,2575.0,293,344863.0,274555.0,40959.31058,1100.0,77257.0
4059,M,1924-05-11,74,OWNER,,54,Brno - mesto,south Moravia,387570,9897.0,2.0,18721.0,0,,0.0,,0.0,Sin Prestamo,Sin Prestamo,1,1841.0,1841.0,207,281356.0,244046.0,28412.927536,400.0,42669.0
4060,F,1954-06-21,44,OWNER,,44,Chrudim,east Bohemia,105606,8254.0,3.0,2166.0,0,,0.0,,0.0,Sin Prestamo,Sin Prestamo,2,2186.0,1093.0,187,114862.0,92655.0,19509.048128,900.0,24902.0
4061,M,1978-12-24,20,OWNER,,8,Mlada Boleslav,central Bohemia,112065,11277.0,1.0,5179.0,0,,0.0,,0.0,Sin Prestamo,Sin Prestamo,1,2038.0,2038.0,159,142583.0,111072.0,30723.245283,500.0,42454.0
4062,M,1950-08-08,48,OWNER,,71,Novy Jicin,north Moravia,161227,8678.0,6.0,4980.0,0,,0.0,,0.0,Sin Prestamo,Sin Prestamo,1,9194.0,9194.0,64,221555.0,163546.0,39582.203125,600.0,68763.0
4063,F,1966-02-16,32,OWNER,,61,Trebic,south Moravia,117897,8814.0,5.0,2112.0,0,,0.0,,0.0,Sin Prestamo,Sin Prestamo,1,6154.0,6154.0,369,761179.0,687585.0,43308.243902,200.0,84803.0
4064,M,1972-02-08,26,DISPONENT,,61,Trebic,south Moravia,117897,8814.0,5.0,2112.0,0,,0.0,,0.0,Sin Prestamo,Sin Prestamo,0,0.0,,0,0.0,0.0,,,
4065,M,1942-06-27,56,OWNER,,73,Opava,north Moravia,182027,8746.0,3.0,4355.0,0,,0.0,,0.0,Sin Prestamo,Sin Prestamo,1,7294.0,7294.0,276,608270.0,578972.0,35227.916666,1100.0,54911.0
4066,F,1936-11-28,62,OWNER,,30,Sokolov,west Bohemia,94812,9650.0,3.0,2985.0,0,,0.0,,0.0,Sin Prestamo,Sin Prestamo,1,2463.0,2463.0,193,190095.0,166719.0,23651.031088,1100.0,36009.0
4067,F,1959-07-08,39,OWNER,,21,Tabor,south Bohemia,103347,9104.0,2.0,2299.0,0,,0.0,,0.0,Sin Prestamo,Sin Prestamo,3,9842.0,3280.666666,366,2100997.0,2012062.0,59337.896174,500.0,184989.0
4068,M,1924-06-25,74,OWNER,,11,Praha - zapad,central Bohemia,75637,9622.0,0.0,3475.0,0,,0.0,,0.0,Sin Prestamo,Sin Prestamo,2,2975.0,1487.5,67,93124.0,66725.0,24024.373134,1100.0,31686.0
4069,M,1959-03-07,39,OWNER,,68,Frydek - Mistek,north Moravia,228848,9893.0,4.0,5623.0,0,,0.0,,0.0,Sin Prestamo,Sin Prestamo,2,5572.0,2786.0,218,529686.0,479331.0,41007.165137,200.0,61071.0
4070,F,1959-05-23,39,DISPONENT,,68,Frydek - Mistek,north Moravia,228848,9893.0,4.0,5623.0,0,,0.0,,0.0,Sin Prestamo,Sin Prestamo,0,0.0,,0,0.0,0.0,,,
4071,F,1942-12-15,56,OWNER,,45,Jicin,east Bohemia,77917,8390.0,2.0,2080.0,0,,0.0,,0.0,Sin Prestamo,Sin Prestamo,2,3023.0,1511.5,441,1751811.0,1686976.0,73953.172335,800.0,134405.0
4072,M,1941-05-08,57,DISPONENT,,45,Jicin,east Bohemia,77917,8390.0,2.0,2080.0,0,,0.0,,0.0,Sin Prestamo,Sin Prestamo,0,0.0,,0,0.0,0.0,,,
4073,M,1955-02-10,43,OWNER,,24,Karlovy Vary,west Bohemia,122603,8991.0,1.0,5198.0,0,,0.0,,0.0,Sin Prestamo,Sin Prestamo,3,7908.0,2636.0,294,695867.0,602430.0,56074.343537,200.0,108357.0
4074,F,1958-06-08,40,DISPONENT,,24,Karlovy Vary,west Bohemia,122603,8991.0,1.0,5198.0,0,,0.0,,0.0,Sin Prestamo,Sin Prestamo,0,0.0,,0,0.0,0.0,,,
4075,F,1944-09-18,54,OWNER,,8,Mlada Boleslav,central Bohemia,112065,11277.0,1.0,5179.0,0,,0.0,,0.0,Sin Prestamo,Sin Prestamo,2,3033.0,1516.5,309,325394.0,271412.0,29513.161812,300.0,59167.0
4076,M,1969-11-17,29,OWNER,,49,Semily,east Bohemia,75685,8208.0,2.0,1660.0,0,,0.0,,0.0,Sin Prestamo,Sin Prestamo,1,2386.0,2386.0,316,1636079.0,1614780.0,34541.667721,440.0,79415.0
4077,F,1955-03-06,43,OWNER,,68,Frydek - Mistek,north Moravia,228848,9893.0,4.0,5623.0,0,,0.0,,0.0,Sin Prestamo,Sin Prestamo,1,11549.0,11549.0,352,2073745.0,2042797.0,45131.980113,400.0,148513.0
4078,M,1951-06-04,47,OWNER,,23,Cheb,west Bohemia,87419,8624.0,2.0,2879.0,0,,0.0,,0.0,Sin Prestamo,Sin Prestamo,1,9838.0,9838.0,301,1452469.0,1364588.0,57468.342192,1100.0,102679.0
4079,M,1955-06-29,43,OWNER,,27,Plzen - jih,west Bohemia,67298,8561.0,1.0,1029.0,0,,0.0,,0.0,Sin Prestamo,Sin Prestamo,2,9211.0,4605.5,201,728237.0,691651.0,25976.507462,900.0,65516.0
4080,F,1943-09-26,55,OWNER,,21,Tabor,south Bohemia,103347,9104.0,2.0,2299.0,0,,0.0,,0.0,Sin Prestamo,Sin Prestamo,0,0.0,,369,1857741.0,1785077.0,35484.344173,-7448.0,141659.0
4081,M,1978-06-03,20,OWNER,,9,Nymburk,central Bohemia,81344,8899.0,3.0,2987.0,0,,0.0,,0.0,Sin Prestamo,Sin Prestamo,0,0.0,,103,291879.0,231170.0,47830.184466,800.0,66068.0
4082,F,1961-01-15,37,OWNER,,58,Jihlava,south Moravia,109164,8757.0,3.0,2212.0,0,,0.0,,0.0,Sin Prestamo,Sin Prestamo,1,6794.0,6794.0,130,541003.0,497534.0,33546.876923,300.0,64138.0
4083,F,1968-01-30,30,OWNER,,74,Ostrava - mesto,north Moravia,323870,10673.0,5.0,18782.0,0,,0.0,,0.0,Sin Prestamo,Sin Prestamo,1,3240.0,3240.0,130,588006.0,522680.0,41637.384615,900.0,72045.0
4084,M,1957-10-05,41,OWNER,,55,Brno - venkov,south Moravia,157042,8743.0,2.0,3659.0,0,,0.0,,0.0,Sin Prestamo,Sin Prestamo,1,6387.0,6387.0,330,793245.0,770651.0,35835.918181,800.0,58068.0
4085,F,1952-12-04,46,DISPONENT,,55,Brno - venkov,south Moravia,157042,8743.0,2.0,3659.0,0,,0.0,,0.0,Sin Prestamo,Sin Prestamo,0,0.0,,0,0.0,0.0,,,
4086,F,1941-12-22,57,OWNER,,63,Vyskov,south Moravia,86513,8288.0,4.0,1562.0,0,,0.0,,0.0,Sin Prestamo,Sin Prestamo,0,0.0,,101,366469.0,305970.0,38796.782178,600.0,60507.0
4087,F,1946-02-16,52,OWNER,,64,Zlin,south Moravia,197099,9624.0,2.0,4484.0,0,,0.0,,0.0,Sin Prestamo,Sin Prestamo,1,4376.0,4376.0,310,472824.0,445272.0,25594.293548,9846.0,40213.0
4088,F,1948-12-18,50,OWNER,,68,Frydek - Mistek,north Moravia,228848,9893.0,4.0,5623.0,0,,0.0,,0.0,Sin Prestamo,Sin Prestamo,1,9971.0,9971.0,90,361983.0,332672.0,31453.9,200.0,72821.0
4089,M,1947-02-27,51,DISPONENT,,68,Frydek - Mistek,north Moravia,228848,9893.0,4.0,5623.0,0,,0.0,,0.0,Sin Prestamo,Sin Prestamo,0,0.0,,0,0.0,0.0,,,
4090,M,1971-06-22,27,OWNER,,23,Cheb,west Bohemia,87419,8624.0,2.0,2879.0,0,,0.0,,0.0,Sin Prestamo,Sin Prestamo,1,3976.0,3976.0,42,245226.0,241625.0,40148.380952,1000.0,116379.0
4091,F,1982-09-07,16,OWNER,,29,Rokycany,west Bohemia,45714,8843.0,3.0,818.0,0,,0.0,,0.0,Sin Prestamo,Sin Prestamo,0,0.0,,92,112140.0,63330.0,37613.760869,300.0,57691.0
4092,F,1933-11-11,65,OWNER,,14,Ceske Budejovice,south Bohemia,177686,10045.0,1.0,6604.0,0,,0.0,,0.0,Sin Prestamo,Sin Prestamo,1,2935.0,2935.0,189,242440.0,195305.0,37033.957671,1100.0,51590.0
4093,M,1946-09-29,52,OWNER,,1,Hl.m. Praha,Prague,1204953,12541.0,0.0,85677.0,0,,0.0,,0.0,Sin Prestamo,Sin Prestamo,1,3454.0,3454.0,58,94461.0,50037.0,37732.517241,600.0,52887.0
4094,M,1979-12-19,19,OWNER,,2,Benesov,central Bohemia,88884,8507.0,2.0,2159.0,0,,0.0,,0.0,Sin Prestamo,Sin Prestamo,0,0.0,,262,1617830.0,1609004.0,49384.137404,-2167.0,135319.0
4095,M,1974-09-14,24,OWNER,,25,Klatovy,west Bohemia,88757,8554.0,2.0,1822.0,0,,0.0,,0.0,Sin Prestamo,Sin Prestamo,0,0.0,,130,900514.0,831887.0,59649.230769,500.0,117601.0
4096,F,1980-03-16,18,DISPONENT,,25,Klatovy,west Bohemia,88757,8554.0,2.0,1822.0,0,,0.0,,0.0,Sin Prestamo,Sin Prestamo,0,0.0,,0,0.0,0.0,,,
4098,M,1938-03-28,60,OWNER,,13,Rakovnik,central Bohemia,53921,8598.0,3.0,1597.0,0,,0.0,,0.0,Sin Prestamo,Sin Prestamo,1,4882.0,4882.0,247,1620344.0,1574336.0,64549.165991,1100.0,148745.0
4099,F,1945-05-03,53,OWNER,,12,Pribram,central Bohemia,107870,8754.0,4.0,3804.0,1,5665.0,40632.0,12.0,3386.0,C,Vigente,5,6905.0,1381.0,212,535854.0,484508.0,52229.816037,1100.0,79348.0
4100,M,1955-03-13,43,OWNER,,74,Ostrava - mesto,north Moravia,323870,10673.0,5.0,18782.0,0,,0.0,,0.0,Sin Prestamo,Sin Prestamo,3,7515.0,2505.0,462,1299776.0,1227633.0,45242.937229,300.0,73827.0
4101,F,1970-05-07,28,OWNER,,1,Hl.m. Praha,Prague,1204953,12541.0,0.0,85677.0,0,,0.0,,0.0,Sin Prestamo,Sin Prestamo,1,6139.0,6139.0,227,475113.0,435472.0,26954.277533,1000.0,42214.0
4102,F,1969-08-15,29,OWNER,,4,Kladno,central Bohemia,149893,9753.0,5.0,5244.0,0,,0.0,,0.0,Sin Prestamo,Sin Prestamo,1,7993.0,7993.0,113,319234.0,304942.0,18432.176991,800.0,43302.0
4103,M,1965-05-19,33,DISPONENT,,4,Kladno,central Bohemia,149893,9753.0,5.0,5244.0,0,,0.0,,0.0,Sin Prestamo,Sin Prestamo,0,0.0,,0,0.0,0.0,,,
4104,M,1919-04-10,79,OWNER,,23,Cheb,west Bohemia,87419,8624.0,2.0,2879.0,0,,0.0,,0.0,Sin Prestamo,Sin Prestamo,2,1889.0,944.5,159,178374.0,154026.0,20040.188679,200.0,31417.0
4105,F,1980-11-15,18,OWNER,,16,Jindrichuv Hradec,south Bohemia,93931,8427.0,1.0,1874.0,0,,0.0,,0.0,Sin Prestamo,Sin Prestamo,1,3712.0,3712.0,69,375906.0,290055.0,64897.130434,600.0,91737.0
4106,M,1936-11-09,62,OWNER,,1,Hl.m. Praha,Prague,1204953,12541.0,0.0,85677.0,0,,0.0,,0.0,Sin Prestamo,Sin Prestamo,0,0.0,,53,220558.0,182960.0,36565.698113,1100.0,57573.0
4107,M,1954-09-09,44,OWNER,,49,Semily,east Bohemia,75685,8208.0,2.0,1660.0,0,,0.0,,0.0,Sin Prestamo,Sin Prestamo,1,9400.0,9400.0,164,634300.0,600100.0,38263.951219,400.0,68619.0
4108,F,1926-01-26,72,OWNER,,43,Hradec Kralove,east Bohemia,161854,9425.0,2.0,4085.0,0,,0.0,,0.0,Sin Prestamo,Sin Prestamo,1,1990.0,1990.0,92,120053.0,94565.0,24139.282608,700.0,35931.0
4109,M,1953-08-11,45,OWNER,,63,Vyskov,south Moravia,86513,8288.0,4.0,1562.0,0,,0.0,,0.0,Sin Prestamo,Sin Prestamo,4,7546.0,1886.5,209,507533.0,467691.0,32289.727272,900.0,57264.0
4112,M,1974-11-28,24,OWNER,,38,Louny,north Bohemia,85852,8965.0,7.0,2653.0,0,,0.0,,0.0,Sin Prestamo,Sin Prestamo,1,4247.0,4247.0,70,348603.0,324831.0,45108.471428,400.0,134128.0
4113,F,1947-09-09,51,OWNER,,76,Sumperk,north Moravia,127369,8369.0,5.0,3736.0,0,,0.0,,0.0,Sin Prestamo,Sin Prestamo,3,9177.0,3059.0,380,2254624.0,2145209.0,67224.578947,400.0,162809.0
4114,M,1964-02-09,34,OWNER,,63,Vyskov,south Moravia,86513,8288.0,4.0,1562.0,1,5669.0,71820.0,36.0,1995.0,C,Vigente,1,1995.0,1995.0,127,755740.0,647809.0,58984.913385,700.0,126305.0
4115,M,1943-03-27,55,OWNER,,33,Decin,north Bohemia,133777,8705.0,6.0,4650.0,0,,0.0,,0.0,Sin Prestamo,Sin Prestamo,0,0.0,,58,291306.0,212335.0,57555.362068,1000.0,79639.0
4116,M,1936-11-24,62,OWNER,,36,Liberec,north Bohemia,159617,9198.0,3.0,5796.0,0,,0.0,,0.0,Sin Prestamo,Sin Prestamo,1,7543.0,7543.0,337,1303507.0,1240174.0,41758.433234,200.0,71850.0
4117,F,1918-07-01,80,OWNER,,53,Blansko,south Moravia,107911,8240.0,3.0,1850.0,0,,0.0,,0.0,Sin Prestamo,Sin Prestamo,1,2820.0,2820.0,56,81263.0,59300.0,21634.071428,6094.0,31574.0
4118,M,1978-06-17,20,OWNER,,28,Plzen - sever,west Bohemia,72541,8594.0,2.0,1580.0,0,,0.0,,0.0,Sin Prestamo,Sin Prestamo,0,0.0,,321,1464933.0,1398110.0,34007.364485,-2839.0,140703.0
4119,F,1962-02-20,36,OWNER,,62,Uherske Hradiste,south Moravia,145688,8544.0,1.0,2719.0,0,,0.0,,0.0,Sin Prestamo,Sin Prestamo,0,0.0,,301,1418790.0,1372310.0,41453.747508,300.0,76788.0
4120,M,1961-03-06,37,DISPONENT,,62,Uherske Hradiste,south Moravia,145688,8544.0,1.0,2719.0,0,,0.0,,0.0,Sin Prestamo,Sin Prestamo,0,0.0,,0,0.0,0.0,,,
4121,M,1923-02-12,75,OWNER,,23,Cheb,west Bohemia,87419,8624.0,2.0,2879.0,0,,0.0,,0.0,Sin Prestamo,Sin Prestamo,1,3167.0,3167.0,148,169312.0,153575.0,15483.128378,900.0,24209.0
4122,M,1969-09-18,29,OWNER,,39,Most,north Bohemia,119895,10446.0,7.0,4947.0,0,,0.0,,0.0,Sin Prestamo,Sin Prestamo,3,3794.0,1264.666666,321,699209.0,648493.0,37521.806853,1100.0,60998.0
4123,F,1966-11-12,32,DISPONENT,,39,Most,north Bohemia,119895,10446.0,7.0,4947.0,0,,0.0,,0.0,Sin Prestamo,Sin Prestamo,0,0.0,,0,0.0,0.0,,,
4124,F,1963-11-10,35,OWNER,,19,Prachatice,south Bohemia,51428,8402.0,3.0,999.0,0,,0.0,,0.0,Sin Prestamo,Sin Prestamo,1,6443.0,6443.0,126,376227.0,313262.0,47415.055555,900.0,69548.0
4125,F,1922-04-17,76,OWNER,,31,Tachov,west Bohemia,51313,8930.0,4.0,1328.0,0,,0.0,,0.0,Sin Prestamo,Sin Prestamo,2,1703.0,851.5,130,138725.0,121642.0,16204.723076,400.0,27251.0
4126,M,1975-09-09,23,OWNER,,74,Ostrava - mesto,north Moravia,323870,10673.0,5.0,18782.0,0,,0.0,,0.0,Sin Prestamo,Sin Prestamo,4,4987.0,1246.75,529,752819.0,651199.0,60900.21172,800.0,116067.0
4127,F,1970-05-26,28,DISPONENT,,74,Ostrava - mesto,north Moravia,323870,10673.0,5.0,18782.0,0,,0.0,,0.0,Sin Prestamo,Sin Prestamo,0,0.0,,0,0.0,0.0,,,
4129,F,1952-03-31,46,OWNER,,75,Prerov,north Moravia,138032,8819.0,5.0,4063.0,0,,0.0,,0.0,Sin Prestamo,Sin Prestamo,1,4178.0,4178.0,60,116311.0,87729.0,30579.25,700.0,42673.0
4131,M,1976-06-02,22,OWNER,,48,Rychnov nad Kneznou,east Bohemia,78955,9060.0,2.0,1655.0,0,,0.0,,0.0,Sin Prestamo,Sin Prestamo,0,0.0,,223,262034.0,240890.0,24593.080717,1100.0,65622.0
4132,M,1962-10-15,36,OWNER,,42,Havlickuv Brod,east Bohemia,95907,8388.0,2.0,1658.0,1,5674.0,207264.0,48.0,4318.0,C,Vigente,1,4318.0,4318.0,186,1134171.0,1106645.0,50082.204301,400.0,124818.0
4133,F,1965-03-22,33,DISPONENT,,42,Havlickuv Brod,east Bohemia,95907,8388.0,2.0,1658.0,0,,0.0,,0.0,Sin Prestamo,Sin Prestamo,0,0.0,,0,0.0,0.0,,,
4134,F,1954-02-12,44,OWNER,,1,Hl.m. Praha,Prague,1204953,12541.0,0.0,85677.0,0,,0.0,,0.0,Sin Prestamo,Sin Prestamo,3,7898.0,2632.666666,375,670427.0,654067.0,24418.850666,800.0,45038.0
4136,M,1959-01-06,39,OWNER,,31,Tachov,west Bohemia,51313,8930.0,4.0,1328.0,0,,0.0,,0.0,Sin Prestamo,Sin Prestamo,1,8640.0,8640.0,270,949368.0,882010.0,49076.033333,500.0,92568.0
4137,M,1949-08-30,49,OWNER,,21,Tabor,south Bohemia,103347,9104.0,2.0,2299.0,0,,0.0,,0.0,Sin Prestamo,Sin Prestamo,1,9212.0,9212.0,177,859065.0,823056.0,38262.440677,700.0,72807.0
4138,F,1968-09-18,30,OWNER,,11,Praha - zapad,central Bohemia,75637,9622.0,0.0,3475.0,0,,0.0,,0.0,Sin Prestamo,Sin Prestamo,2,3795.0,1897.5,68,101019.0,87770.0,21592.352941,300.0,35060.0
4139,M,1969-07-20,29,OWNER,,74,Ostrava - mesto,north Moravia,323870,10673.0,5.0,18782.0,0,,0.0,,0.0,Sin Prestamo,Sin Prestamo,4,10085.0,2521.25,562,2396153.0,2300878.0,61512.677935,900.0,151731.0
4140,M,1963-10-04,35,OWNER,,70,Karvina,north Moravia,285387,10177.0,7.0,9878.0,0,,0.0,,0.0,Sin Prestamo,Sin Prestamo,1,2646.0,2646.0,296,274987.0,211753.0,36739.131756,500.0,65634.0
4141,M,1970-03-18,28,OWNER,,9,Nymburk,central Bohemia,81344,8899.0,3.0,2987.0,0,,0.0,,0.0,Sin Prestamo,Sin Prestamo,2,13576.0,6788.0,193,839053.0,775507.0,45001.544041,700.0,88440.0
4142,M,1960-06-11,38,OWNER,,36,Liberec,north Bohemia,159617,9198.0,3.0,5796.0,0,,0.0,,0.0,Sin Prestamo,Sin Prestamo,1,9843.0,9843.0,146,735637.0,635334.0,52637.712328,1100.0,100311.0
4143,M,1955-08-24,43,OWNER,,27,Plzen - jih,west Bohemia,67298,8561.0,1.0,1029.0,0,,0.0,,0.0,Sin Prestamo,Sin Prestamo,0,0.0,,81,233217.0,192200.0,32311.839506,300.0,52141.0
4144,F,1955-09-11,43,DISPONENT,,27,Plzen - jih,west Bohemia,67298,8561.0,1.0,1029.0,0,,0.0,,0.0,Sin Prestamo,Sin Prestamo,0,0.0,,0,0.0,0.0,,,
4145,F,1922-12-02,76,OWNER,,73,Opava,north Moravia,182027,8746.0,3.0,4355.0,0,,0.0,,0.0,Sin Prestamo,Sin Prestamo,2,1864.0,932.0,388,408213.0,361725.0,32446.0,500.0,46505.0
4146,F,1955-06-13,43,OWNER,,9,Nymburk,central Bohemia,81344,8899.0,3.0,2987.0,0,,0.0,,0.0,Sin Prestamo,Sin Prestamo,1,2426.0,2426.0,129,143391.0,93500.0,26332.527131,500.0,50142.0
4147,M,1972-12-23,26,OWNER,,64,Zlin,south Moravia,197099,9624.0,2.0,4484.0,0,,0.0,,0.0,Sin Prestamo,Sin Prestamo,1,8649.0,8649.0,146,623443.0,593217.0,41061.89726,300.0,80771.0
4148,F,1968-02-08,30,DISPONENT,,64,Zlin,south Moravia,197099,9624.0,2.0,4484.0,0,,0.0,,0.0,Sin Prestamo,Sin Prestamo,0,0.0,,0,0.0,0.0,,,
4149,M,1979-03-07,19,OWNER,,1,Hl.m. Praha,Prague,1204953,12541.0,0.0,85677.0,0,,0.0,,0.0,Sin Prestamo,Sin Prestamo,1,2734.0,2734.0,157,178849.0,163565.0,16609.242038,1000.0,33927.0
4150,F,1977-08-10,21,DISPONENT,,1,Hl.m. Praha,Prague,1204953,12541.0,0.0,85677.0,0,,0.0,,0.0,Sin Prestamo,Sin Prestamo,0,0.0,,0,0.0,0.0,,,
4151,F,1926-07-17,72,OWNER,,73,Opava,north Moravia,182027,8746.0,3.0,4355.0,0,,0.0,,0.0,Sin Prestamo,Sin Prestamo,1,2303.0,2303.0,77,76182.0,53477.0,17760.597402,500.0,24925.0
4152,M,1927-06-07,71,DISPONENT,,73,Opava,north Moravia,182027,8746.0,3.0,4355.0,0,,0.0,,0.0,Sin Prestamo,Sin Prestamo,0,0.0,,0,0.0,0.0,,,
4153,M,1956-04-12,42,OWNER,,32,Ceska Lipa,north Bohemia,105058,9272.0,3.0,4340.0,0,,0.0,,0.0,Sin Prestamo,Sin Prestamo,2,1971.0,985.5,165,94251.0,80687.0,15133.751515,900.0,21464.0
4154,F,1953-10-25,45,DISPONENT,,32,Ceska Lipa,north Bohemia,105058,9272.0,3.0,4340.0,0,,0.0,,0.0,Sin Prestamo,Sin Prestamo,0,0.0,,0,0.0,0.0,,,
4155,M,1923-05-13,75,OWNER,,1,Hl.m. Praha,Prague,1204953,12541.0,0.0,85677.0,0,,0.0,,0.0,Sin Prestamo,Sin Prestamo,1,3090.0,3090.0,316,311774.0,283895.0,22335.550632,200.0,31873.0
4156,F,1962-11-02,36,OWNER,,5,Kolin,central Bohemia,95616,9307.0,4.0,2616.0,0,,0.0,,0.0,Sin Prestamo,Sin Prestamo,1,2243.0,2243.0,180,145301.0,117139.0,24293.561111,200.0,34531.0
4157,M,1972-05-09,26,OWNER,,1,Hl.m. Praha,Prague,1204953,12541.0,0.0,85677.0,0,,0.0,,0.0,Sin Prestamo,Sin Prestamo,2,7239.0,3619.5,189,1511655.0,1460228.0,64784.751322,400.0,145943.0
4158,F,1920-07-10,78,OWNER,,35,Jablonec n. Nisou,north Bohemia,88768,8867.0,1.0,3384.0,0,,0.0,,0.0,Sin Prestamo,Sin Prestamo,1,2857.0,2857.0,109,134709.0,115618.0,18640.403669,1000.0,28552.0
4159,M,1913-12-06,85,DISPONENT,,35,Jablonec n. Nisou,north Bohemia,88768,8867.0,1.0,3384.0,0,,0.0,,0.0,Sin Prestamo,Sin Prestamo,0,0.0,,0,0.0,0.0,,,
4160,F,1969-06-27,29,OWNER,,16,Jindrichuv Hradec,south Bohemia,93931,8427.0,1.0,1874.0,0,,0.0,,0.0,Sin Prestamo,Sin Prestamo,1,7541.0,7541.0,181,667418.0,596524.0,35868.447513,700.0,71522.0
4161,F,1972-09-09,26,OWNER,,22,Domazlice,west Bohemia,58400,8620.0,1.0,1089.0,0,,0.0,,0.0,Sin Prestamo,Sin Prestamo,4,9714.0,2428.5,311,752544.0,671109.0,40027.739549,500.0,91335.0
4163,M,1951-06-07,47,OWNER,,4,Kladno,central Bohemia,149893,9753.0,5.0,5244.0,0,,0.0,,0.0,Sin Prestamo,Sin Prestamo,1,2230.0,2230.0,162,120200.0,97750.0,16987.037037,900.0,24706.0
4164,F,1924-10-22,74,OWNER,,45,Jicin,east Bohemia,77917,8390.0,2.0,2080.0,0,,0.0,,0.0,Sin Prestamo,Sin Prestamo,1,2755.0,2755.0,121,122017.0,102335.0,17676.380165,400.0,24322.0
4165,M,1955-03-13,43,OWNER,,53,Blansko,south Moravia,107911,8240.0,3.0,1850.0,0,,0.0,,0.0,Sin Prestamo,Sin Prestamo,0,0.0,,74,338741.0,248848.0,55647.324324,200.0,104548.0
4166,M,1947-02-26,51,OWNER,,1,Hl.m. Praha,Prague,1204953,12541.0,0.0,85677.0,0,,0.0,,0.0,Sin Prestamo,Sin Prestamo,0,0.0,,265,709989.0,663535.0,33563.849056,1100.0,62199.0
4167,F,1949-05-31,49,OWNER,,6,Kutna Hora,central Bohemia,77963,8546.0,3.0,2640.0,0,,0.0,,0.0,Sin Prestamo,Sin Prestamo,1,12659.0,12659.0,183,1337568.0,1241894.0,64513.497267,900.0,163271.0
4169,F,1980-02-19,18,OWNER,,58,Jihlava,south Moravia,109164,8757.0,3.0,2212.0,1,5681.0,68664.0,24.0,2861.0,C,Vigente,1,2861.0,2861.0,145,666475.0,642566.0,38762.165517,700.0,115629.0
4170,M,1983-08-27,15,DISPONENT,,58,Jihlava,south Moravia,109164,8757.0,3.0,2212.0,0,,0.0,,0.0,Sin Prestamo,Sin Prestamo,0,0.0,,0,0.0,0.0,,,
4171,M,1980-05-18,18,OWNER,,1,Hl.m. Praha,Prague,1204953,12541.0,0.0,85677.0,0,,0.0,,0.0,Sin Prestamo,Sin Prestamo,0,0.0,,225,251590.0,200435.0,44406.848888,1000.0,81470.0
4172,F,1945-04-29,53,OWNER,,1,Hl.m. Praha,Prague,1204953,12541.0,0.0,85677.0,0,,0.0,,0.0,Sin Prestamo,Sin Prestamo,0,0.0,,132,1040400.0,977673.0,65648.765151,500.0,137396.0
4173,F,1978-06-04,20,OWNER,,52,Usti nad Orlici,east Bohemia,139012,8363.0,3.0,2564.0,0,,0.0,,0.0,Sin Prestamo,Sin Prestamo,1,7097.0,7097.0,161,661476.0,621741.0,31621.968944,800.0,66632.0
4174,M,1927-02-11,71,OWNER,,63,Vyskov,south Moravia,86513,8288.0,4.0,1562.0,0,,0.0,,0.0,Sin Prestamo,Sin Prestamo,1,3129.0,3129.0,111,120331.0,98989.0,23632.585585,800.0,32154.0
4175,F,1965-01-06,33,OWNER,,13,Rakovnik,central Bohemia,53921,8598.0,3.0,1597.0,0,,0.0,,0.0,Sin Prestamo,Sin Prestamo,1,7062.0,7062.0,226,1042079.0,983588.0,40142.08407,700.0,72580.0
4176,M,1922-08-31,76,OWNER,,32,Ceska Lipa,north Bohemia,105058,9272.0,3.0,4340.0,0,,0.0,,0.0,Sin Prestamo,Sin Prestamo,1,3208.0,3208.0,124,173844.0,155343.0,19433.548387,500.0,36725.0
4177,M,1935-12-25,63,OWNER,True,34,Chomutov,north Bohemia,125236,9675.0,6.0,5323.0,1,5682.0,67464.0,12.0,5622.0,A,Cerrado,1,5623.0,5623.0,190,1222454.0,1122351.0,52673.552631,600.0,111360.0
4178,M,1926-08-31,72,OWNER,,32,Ceska Lipa,north Bohemia,105058,9272.0,3.0,4340.0,0,,0.0,,0.0,Sin Prestamo,Sin Prestamo,1,1500.0,1500.0,316,419558.0,368165.0,26085.490506,300.0,56131.0
4179,M,1920-07-29,78,OWNER,,54,Brno - mesto,south Moravia,387570,9897.0,2.0,18721.0,0,,0.0,,0.0,Sin Prestamo,Sin Prestamo,1,2796.0,2796.0,231,217810.0,191452.0,19127.324675,200.0,31062.0
4180,M,1932-06-17,66,OWNER,,63,Vyskov,south Moravia,86513,8288.0,4.0,1562.0,0,,0.0,,0.0,Sin Prestamo,Sin Prestamo,2,2678.0,1339.0,238,183321.0,158269.0,18790.012605,600.0,29288.0
4181,F,1964-05-15,34,OWNER,,76,Sumperk,north Moravia,127369,8369.0,5.0,3736.0,0,,0.0,,0.0,Sin Prestamo,Sin Prestamo,0,0.0,,146,660837.0,575390.0,45521.773972,600.0,87163.0
4182,M,1941-06-23,57,OWNER,,16,Jindrichuv Hradec,south Bohemia,93931,8427.0,1.0,1874.0,1,5683.0,140688.0,48.0,2931.0,C,Vigente,1,2931.0,2931.0,114,522918.0,513088.0,48259.368421,300.0,144580.0
4183,F,1940-11-13,58,DISPONENT,,16,Jindrichuv Hradec,south Bohemia,93931,8427.0,1.0,1874.0,0,,0.0,,0.0,Sin Prestamo,Sin Prestamo,0,0.0,,0,0.0,0.0,,,
4184,F,1975-04-26,23,OWNER,,8,Mlada Boleslav,central Bohemia,112065,11277.0,1.0,5179.0,0,,0.0,,0.0,Sin Prestamo,Sin Prestamo,0,0.0,,19,38900.0,17500.0,23594.736842,900.0,34200.0
4185,F,1964-04-23,34,OWNER,,51,Trutnov,east Bohemia,121947,8541.0,3.0,3496.0,0,,0.0,,0.0,Sin Prestamo,Sin Prestamo,2,6234.0,3117.0,226,379930.0,340155.0,28609.442477,700.0,55940.0
4186,M,1978-10-14,20,OWNER,,38,Louny,north Bohemia,85852,8965.0,7.0,2653.0,0,,0.0,,0.0,Sin Prestamo,Sin Prestamo,3,8384.0,2794.666666,94,219756.0,189042.0,29114.223404,500.0,47722.0
4187,F,1967-08-28,31,OWNER,,25,Klatovy,west Bohemia,88757,8554.0,2.0,1822.0,0,,0.0,,0.0,Sin Prestamo,Sin Prestamo,2,4654.0,2327.0,288,415380.0,359065.0,33739.256944,800.0,68585.0
4188,M,1976-08-17,22,OWNER,,1,Hl.m. Praha,Prague,1204953,12541.0,0.0,85677.0,0,,0.0,,0.0,Sin Prestamo,Sin Prestamo,1,4543.0,4543.0,383,775361.0,689823.0,50661.939947,400.0,92256.0
4189,M,1941-12-07,57,OWNER,,64,Zlin,south Moravia,197099,9624.0,2.0,4484.0,0,,0.0,,0.0,Sin Prestamo,Sin Prestamo,3,3346.0,1115.333333,353,1215980.0,1110306.0,59090.133144,600.0,107482.0
4190,M,1942-11-17,56,OWNER,,17,Pelhrimov,south Bohemia,74062,8114.0,2.0,1003.0,0,,0.0,,0.0,Sin Prestamo,Sin Prestamo,5,5836.0,1167.2,261,870072.0,803379.0,57986.720306,300.0,125577.0
4191,F,1957-01-06,41,OWNER,,32,Ceska Lipa,north Bohemia,105058,9272.0,3.0,4340.0,0,,0.0,,0.0,Sin Prestamo,Sin Prestamo,3,5685.0,1895.0,220,431863.0,347699.0,45163.30909,300.0,84173.0
4192,M,1931-11-21,67,OWNER,,72,Olomouc,north Moravia,226122,8994.0,4.0,9672.0,0,,0.0,,0.0,Sin Prestamo,Sin Prestamo,1,2554.0,2554.0,353,397974.0,369778.0,26125.348441,800.0,43572.0
4193,F,1937-02-28,61,OWNER,,8,Mlada Boleslav,central Bohemia,112065,11277.0,1.0,5179.0,0,,0.0,,0.0,Sin Prestamo,Sin Prestamo,1,2492.0,2492.0,98,128262.0,78736.0,33857.612244,700.0,49877.0
4194,F,1940-01-03,58,OWNER,,63,Vyskov,south Moravia,86513,8288.0,4.0,1562.0,0,,0.0,,0.0,Sin Prestamo,Sin Prestamo,2,6292.0,3146.0,144,556071.0,472358.0,60282.340277,400.0,108265.0
4195,M,1945-07-30,53,DISPONENT,,63,Vyskov,south Moravia,86513,8288.0,4.0,1562.0,0,,0.0,,0.0,Sin Prestamo,Sin Prestamo,0,0.0,,0,0.0,0.0,,,
4196,F,1951-01-16,47,OWNER,,55,Brno - venkov,south Moravia,157042,8743.0,2.0,3659.0,0,,0.0,,0.0,Sin Prestamo,Sin Prestamo,3,9988.0,3329.333333,216,628922.0,573833.0,56904.648148,1100.0,121694.0
4198,F,1954-10-17,44,OWNER,,23,Cheb,west Bohemia,87419,8624.0,2.0,2879.0,0,,0.0,,0.0,Sin Prestamo,Sin Prestamo,3,2202.0,734.0,278,142406.0,122019.0,19589.338129,3304.0,25494.0
4199,M,1961-12-19,37,DISPONENT,,23,Cheb,west Bohemia,87419,8624.0,2.0,2879.0,0,,0.0,,0.0,Sin Prestamo,Sin Prestamo,0,0.0,,0,0.0,0.0,,,
4201,M,1977-07-19,21,OWNER,,3,Beroun,central Bohemia,75232,8980.0,2.0,2824.0,0,,0.0,,0.0,Sin Prestamo,Sin Prestamo,2,6307.0,3153.5,227,505944.0,454129.0,37527.964757,900.0,57073.0
4202,F,1970-05-20,28,DISPONENT,,3,Beroun,central Bohemia,75232,8980.0,2.0,2824.0,0,,0.0,,0.0,Sin Prestamo,Sin Prestamo,0,0.0,,0,0.0,0.0,,,
4203,F,1967-01-08,31,OWNER,,1,Hl.m. Praha,Prague,1204953,12541.0,0.0,85677.0,0,,0.0,,0.0,Sin Prestamo,Sin Prestamo,1,2132.0,2132.0,303,209239.0,194535.0,15856.854785,700.0,21723.0
4204,M,1960-06-03,38,DISPONENT,,1,Hl.m. Praha,Prague,1204953,12541.0,0.0,85677.0,0,,0.0,,0.0,Sin Prestamo,Sin Prestamo,0,0.0,,0,0.0,0.0,,,
4205,M,1935-02-05,63,OWNER,,30,Sokolov,west Bohemia,94812,9650.0,3.0,2985.0,0,,0.0,,0.0,Sin Prestamo,Sin Prestamo,1,4906.0,4906.0,298,486124.0,447327.0,26160.449664,400.0,42591.0
4206,M,1942-10-09,56,OWNER,,22,Domazlice,west Bohemia,58400,8620.0,1.0,1089.0,0,,0.0,,0.0,Sin Prestamo,Sin Prestamo,2,9156.0,4578.0,361,865098.0,803715.0,38619.036011,1100.0,74034.0
4207,M,1938-03-02,60,OWNER,,70,Karvina,north Moravia,285387,10177.0,7.0,9878.0,0,,0.0,,0.0,Sin Prestamo,Sin Prestamo,0,0.0,,310,953884.0,883070.0,52358.593548,300.0,79063.0
4209,F,1933-02-23,65,OWNER,,70,Karvina,north Moravia,285387,10177.0,7.0,9878.0,0,,0.0,,0.0,Sin Prestamo,Sin Prestamo,1,3026.0,3026.0,223,228039.0,212433.0,15866.538116,600.0,24075.0
4210,M,1979-09-15,19,OWNER,,40,Teplice,north Bohemia,128118,9317.0,6.0,6949.0,0,,0.0,,0.0,Sin Prestamo,Sin Prestamo,1,2173.0,2173.0,300,206613.0,187179.0,17802.326666,300.0,23997.0
4211,F,1973-04-17,25,OWNER,,22,Domazlice,west Bohemia,58400,8620.0,1.0,1089.0,0,,0.0,,0.0,Sin Prestamo,Sin Prestamo,1,6634.0,6634.0,310,1469210.0,1405450.0,34864.848387,300.0,72303.0
4212,M,1945-05-27,53,OWNER,,53,Blansko,south Moravia,107911,8240.0,3.0,1850.0,0,,0.0,,0.0,Sin Prestamo,Sin Prestamo,2,5827.0,2913.5,186,471505.0,427477.0,41054.82258,900.0,64700.0
4213,F,1925-06-27,73,OWNER,,64,Zlin,south Moravia,197099,9624.0,2.0,4484.0,0,,0.0,,0.0,Sin Prestamo,Sin Prestamo,1,2084.0,2084.0,180,171985.0,126120.0,31417.105555,1000.0,51068.0
4214,M,1921-07-03,77,DISPONENT,,64,Zlin,south Moravia,197099,9624.0,2.0,4484.0,0,,0.0,,0.0,Sin Prestamo,Sin Prestamo,0,0.0,,0,0.0,0.0,,,
4215,F,1952-06-08,46,OWNER,,49,Semily,east Bohemia,75685,8208.0,2.0,1660.0,0,,0.0,,0.0,Sin Prestamo,Sin Prestamo,2,8275.0,4137.5,469,1279090.0,1198410.0,47948.950959,800.0,82295.0
4217,F,1951-06-25,47,OWNER,True,9,Nymburk,central Bohemia,81344,8899.0,3.0,2987.0,1,5693.0,44088.0,24.0,1837.0,A,Cerrado,2,5210.0,2605.0,300,856415.0,810045.0,43216.42,1000.0,65421.0
4218,F,1939-10-06,59,OWNER,,48,Rychnov nad Kneznou,east Bohemia,78955,9060.0,2.0,1655.0,0,,0.0,,0.0,Sin Prestamo,Sin Prestamo,0,0.0,,36,52300.0,41800.0,17022.222222,400.0,23700.0
4219,F,1944-01-04,54,OWNER,,51,Trutnov,east Bohemia,121947,8541.0,3.0,3496.0,0,,0.0,,0.0,Sin Prestamo,Sin Prestamo,3,7271.0,2423.666666,217,608621.0,584535.0,33104.129032,1100.0,64873.0
4220,M,1963-09-15,35,OWNER,,33,Decin,north Bohemia,133777,8705.0,6.0,4650.0,0,,0.0,,0.0,Sin Prestamo,Sin Prestamo,2,9447.0,4723.5,258,924650.0,884113.0,42680.810077,600.0,71002.0
4221,F,1941-09-26,57,OWNER,,63,Vyskov,south Moravia,86513,8288.0,4.0,1562.0,0,,0.0,,0.0,Sin Prestamo,Sin Prestamo,1,2277.0,2277.0,288,229341.0,190967.0,25676.777777,800.0,40725.0
4222,M,1928-08-16,70,OWNER,,60,Prostejov,south Moravia,110643,8441.0,3.0,1879.0,0,,0.0,,0.0,Sin Prestamo,Sin Prestamo,1,3599.0,3599.0,126,178608.0,141055.0,27925.714285,900.0,45850.0
4223,M,1970-05-30,28,OWNER,,54,Brno - mesto,south Moravia,387570,9897.0,2.0,18721.0,0,,0.0,,0.0,Sin Prestamo,Sin Prestamo,1,5079.0,5079.0,158,807746.0,722636.0,55337.322784,500.0,141151.0
4224,F,1977-04-03,21,OWNER,,42,Havlickuv Brod,east Bohemia,95907,8388.0,2.0,1658.0,0,,0.0,,0.0,Sin Prestamo,Sin Prestamo,0,0.0,,89,639700.0,568657.0,55111.853932,700.0,123415.0
4225,M,1977-08-08,21,OWNER,,76,Sumperk,north Moravia,127369,8369.0,5.0,3736.0,0,,0.0,,0.0,Sin Prestamo,Sin Prestamo,3,7379.0,2459.666666,407,1136260.0,1053220.0,45820.977886,900.0,92015.0
4226,M,1957-04-08,41,OWNER,,31,Tachov,west Bohemia,51313,8930.0,4.0,1328.0,0,,0.0,,0.0,Sin Prestamo,Sin Prestamo,2,3231.0,1615.5,160,240032.0,213586.0,24710.7625,1100.0,38054.0
4227,F,1963-12-24,35,OWNER,,51,Trutnov,east Bohemia,121947,8541.0,3.0,3496.0,0,,0.0,,0.0,Sin Prestamo,Sin Prestamo,0,0.0,,136,1254914.0,1198491.0,54408.816176,200.0,117592.0
4229,M,1961-10-05,37,OWNER,,36,Liberec,north Bohemia,159617,9198.0,3.0,5796.0,0,,0.0,,0.0,Sin Prestamo,Sin Prestamo,3,17119.0,5706.333333,71,262092.0,233330.0,33185.69014,-418.0,67331.0
4230,F,1961-11-11,37,OWNER,,74,Ostrava - mesto,north Moravia,323870,10673.0,5.0,18782.0,0,,0.0,,0.0,Sin Prestamo,Sin Prestamo,1,5258.0,5258.0,181,843358.0,765677.0,52551.232044,700.0,81077.0
4231,F,1959-08-08,39,OWNER,,1,Hl.m. Praha,Prague,1204953,12541.0,0.0,85677.0,0,,0.0,,0.0,Sin Prestamo,Sin Prestamo,0,0.0,,261,1166749.0,1082540.0,51664.40613,800.0,111881.0
4232,M,1971-02-15,27,OWNER,,70,Karvina,north Moravia,285387,10177.0,7.0,9878.0,0,,0.0,,0.0,Sin Prestamo,Sin Prestamo,1,3360.0,3360.0,127,166337.0,150625.0,17748.141732,500.0,32269.0
4233,M,1938-02-15,60,OWNER,,46,Nachod,east Bohemia,112709,8369.0,2.0,2854.0,0,,0.0,,0.0,Sin Prestamo,Sin Prestamo,1,3823.0,3823.0,370,1636966.0,1545667.0,54012.062162,200.0,112896.0
4234,F,1972-11-08,26,OWNER,,70,Karvina,north Moravia,285387,10177.0,7.0,9878.0,0,,0.0,,0.0,Sin Prestamo,Sin Prestamo,2,7646.0,3823.0,117,265695.0,211315.0,37322.136752,500.0,55470.0
4235,F,1975-11-15,23,OWNER,,9,Nymburk,central Bohemia,81344,8899.0,3.0,2987.0,0,,0.0,,0.0,Sin Prestamo,Sin Prestamo,2,3257.0,1628.5,221,1564061.0,1505115.0,72386.298642,500.0,139382.0
4236,F,1962-01-17,36,OWNER,,42,Havlickuv Brod,east Bohemia,95907,8388.0,2.0,1658.0,0,,0.0,,0.0,Sin Prestamo,Sin Prestamo,0,0.0,,127,604596.0,551030.0,38105.125984,700.0,65923.0
4237,F,1923-07-31,75,OWNER,,16,Jindrichuv Hradec,south Bohemia,93931,8427.0,1.0,1874.0,0,,0.0,,0.0,Sin Prestamo,Sin Prestamo,1,3027.0,3027.0,301,375281.0,326983.0,33601.445182,1100.0,53336.0
4238,F,1971-04-26,27,OWNER,,41,Usti nad Labem,north Bohemia,118650,9832.0,3.0,6445.0,0,,0.0,,0.0,Sin Prestamo,Sin Prestamo,0,0.0,,400,2833426.0,2785920.0,65534.72,500.0,154160.0
4239,M,1920-12-11,78,OWNER,,70,Karvina,north Moravia,285387,10177.0,7.0,9878.0,0,,0.0,,0.0,Sin Prestamo,Sin Prestamo,1,2313.0,2313.0,140,162296.0,135642.0,21200.142857,1000.0,28728.0
4240,F,1960-10-21,38,OWNER,,46,Nachod,east Bohemia,112709,8369.0,2.0,2854.0,0,,0.0,,0.0,Sin Prestamo,Sin Prestamo,1,2063.0,2063.0,40,37652.0,23400.0,18502.15,500.0,26900.0
4241,F,1950-03-30,48,OWNER,,20,Strakonice,south Bohemia,70646,8547.0,3.0,1563.0,0,,0.0,,0.0,Sin Prestamo,Sin Prestamo,2,6692.0,3346.0,449,1470823.0,1391615.0,49837.857461,500.0,85056.0
4242,M,1954-04-27,44,DISPONENT,,20,Strakonice,south Bohemia,70646,8547.0,3.0,1563.0,0,,0.0,,0.0,Sin Prestamo,Sin Prestamo,0,0.0,,0,0.0,0.0,,,
4243,M,1958-01-26,40,OWNER,,7,Melnik,central Bohemia,94725,9920.0,2.0,4289.0,0,,0.0,,0.0,Sin Prestamo,Sin Prestamo,1,2266.0,2266.0,351,247603.0,222952.0,20431.464387,600.0,31794.0
4244,F,1922-08-12,76,OWNER,,68,Frydek - Mistek,north Moravia,228848,9893.0,4.0,5623.0,0,,0.0,,0.0,Sin Prestamo,Sin Prestamo,1,2563.0,2563.0,125,133404.0,117853.0,17324.968,400.0,28653.0
4245,M,1919-09-23,79,DISPONENT,,68,Frydek - Mistek,north Moravia,228848,9893.0,4.0,5623.0,0,,0.0,,0.0,Sin Prestamo,Sin Prestamo,0,0.0,,0,0.0,0.0,,,
4246,F,1980-09-09,18,OWNER,,36,Liberec,north Bohemia,159617,9198.0,3.0,5796.0,0,,0.0,,0.0,Sin Prestamo,Sin Prestamo,0,0.0,,87,875549.0,789701.0,71500.91954,1100.0,148627.0
4247,F,1975-01-16,23,OWNER,,26,Plzen - mesto,west Bohemia,170449,10787.0,3.0,6041.0,0,,0.0,,0.0,Sin Prestamo,Sin Prestamo,0,0.0,,115,345258.0,306820.0,26798.73913,600.0,50975.0
4248,F,1975-05-07,23,OWNER,,9,Nymburk,central Bohemia,81344,8899.0,3.0,2987.0,0,,0.0,,0.0,Sin Prestamo,Sin Prestamo,1,3438.0,3438.0,164,716207.0,669792.0,33478.634146,700.0,77820.0
4249,M,1977-05-21,21,OWNER,,52,Usti nad Orlici,east Bohemia,139012,8363.0,3.0,2564.0,0,,0.0,,0.0,Sin Prestamo,Sin Prestamo,0,0.0,,193,183941.0,152080.0,27460.787564,900.0,48495.0
4250,F,1961-09-06,37,OWNER,,72,Olomouc,north Moravia,226122,8994.0,4.0,9672.0,0,,0.0,,0.0,Sin Prestamo,Sin Prestamo,0,0.0,,200,790902.0,747499.0,32134.37,800.0,57689.0
4251,M,1960-04-26,38,OWNER,,44,Chrudim,east Bohemia,105606,8254.0,3.0,2166.0,0,,0.0,,0.0,Sin Prestamo,Sin Prestamo,0,0.0,,429,3723004.0,3678254.0,66023.916083,700.0,165362.0
4252,F,1953-05-28,45,DISPONENT,,44,Chrudim,east Bohemia,105606,8254.0,3.0,2166.0,0,,0.0,,0.0,Sin Prestamo,Sin Prestamo,0,0.0,,0,0.0,0.0,,,
4253,F,1936-05-19,62,OWNER,,16,Jindrichuv Hradec,south Bohemia,93931,8427.0,1.0,1874.0,0,,0.0,,0.0,Sin Prestamo,Sin Prestamo,1,2423.0,2423.0,156,217898.0,195051.0,19615.608974,1000.0,31030.0
4254,M,1972-03-05,26,OWNER,,65,Znojmo,south Moravia,114200,8403.0,6.0,2157.0,0,,0.0,,0.0,Sin Prestamo,Sin Prestamo,0,0.0,,33,62706.0,21600.0,31761.151515,600.0,49700.0
4255,F,1925-06-28,73,OWNER,,66,Zdar nad Sazavou,south Moravia,125832,8512.0,4.0,2247.0,0,,0.0,,0.0,Sin Prestamo,Sin Prestamo,1,3060.0,3060.0,79,87885.0,76605.0,14748.13924,200.0,26146.0
4256,M,1957-03-29,41,OWNER,,70,Karvina,north Moravia,285387,10177.0,7.0,9878.0,0,,0.0,,0.0,Sin Prestamo,Sin Prestamo,1,3084.0,3084.0,174,207781.0,184612.0,18308.172413,600.0,33667.0
4257,F,1968-06-29,30,OWNER,,1,Hl.m. Praha,Prague,1204953,12541.0,0.0,85677.0,0,,0.0,,0.0,Sin Prestamo,Sin Prestamo,1,4559.0,4559.0,223,1802766.0,1708553.0,73580.206278,200.0,173197.0
4258,F,1966-05-11,32,OWNER,,44,Chrudim,east Bohemia,105606,8254.0,3.0,2166.0,0,,0.0,,0.0,Sin Prestamo,Sin Prestamo,1,3414.0,3414.0,127,645317.0,591971.0,47227.322834,200.0,81571.0
4259,F,1949-06-16,49,OWNER,,10,Praha - vychod,central Bohemia,92084,10124.0,1.0,3810.0,0,,0.0,,0.0,Sin Prestamo,Sin Prestamo,1,7655.0,7655.0,335,1391788.0,1348525.0,39649.352238,900.0,74647.0
4260,M,1967-06-01,31,OWNER,,12,Pribram,central Bohemia,107870,8754.0,4.0,3804.0,0,,0.0,,0.0,Sin Prestamo,Sin Prestamo,0,0.0,,78,369288.0,298700.0,52022.26923,1100.0,82416.0
4261,F,1924-08-04,74,OWNER,,34,Chomutov,north Bohemia,125236,9675.0,6.0,5323.0,0,,0.0,,0.0,Sin Prestamo,Sin Prestamo,1,1977.0,1977.0,182,225072.0,210612.0,16209.027472,1100.0,34390.0
4262,F,1925-04-24,73,OWNER,,59,Kromeriz,south Moravia,108871,8444.0,3.0,2595.0,0,,0.0,,0.0,Sin Prestamo,Sin Prestamo,1,2868.0,2868.0,167,226845.0,186201.0,23756.712574,900.0,41636.0
4263,F,1972-06-26,26,OWNER,,73,Opava,north Moravia,182027,8746.0,3.0,4355.0,0,,0.0,,0.0,Sin Prestamo,Sin Prestamo,0,0.0,,200,540281.0,515240.0,26792.105,200.0,47251.0
4264,F,1971-06-21,27,OWNER,,74,Ostrava - mesto,north Moravia,323870,10673.0,5.0,18782.0,0,,0.0,,0.0,Sin Prestamo,Sin Prestamo,1,2127.0,2127.0,279,223371.0,194091.0,29621.745519,800.0,40099.0
4265,M,1978-01-19,20,OWNER,,59,Kromeriz,south Moravia,108871,8444.0,3.0,2595.0,0,,0.0,,0.0,Sin Prestamo,Sin Prestamo,2,6264.0,3132.0,211,485561.0,444057.0,41262.687203,600.0,68640.0
4266,F,1974-01-26,24,OWNER,,1,Hl.m. Praha,Prague,1204953,12541.0,0.0,85677.0,0,,0.0,,0.0,Sin Prestamo,Sin Prestamo,1,2131.0,2131.0,301,207331.0,180568.0,18753.694352,1100.0,27094.0
4267,F,1936-04-21,62,OWNER,,24,Karlovy Vary,west Bohemia,122603,8991.0,1.0,5198.0,0,,0.0,,0.0,Sin Prestamo,Sin Prestamo,1,2589.0,2589.0,281,337313.0,320731.0,22941.790035,600.0,33476.0
4268,M,1928-06-11,70,DISPONENT,,24,Karlovy Vary,west Bohemia,122603,8991.0,1.0,5198.0,0,,0.0,,0.0,Sin Prestamo,Sin Prestamo,0,0.0,,0,0.0,0.0,,,
4269,F,1955-09-07,43,OWNER,,45,Jicin,east Bohemia,77917,8390.0,2.0,2080.0,0,,0.0,,0.0,Sin Prestamo,Sin Prestamo,4,4495.0,1123.75,113,135162.0,120856.0,18169.955752,600.0,40629.0
4270,F,1972-02-05,26,OWNER,,58,Jihlava,south Moravia,109164,8757.0,3.0,2212.0,0,,0.0,,0.0,Sin Prestamo,Sin Prestamo,0,0.0,,320,1648854.0,1599605.0,51916.48125,400.0,86604.0
4271,M,1964-07-23,34,DISPONENT,,58,Jihlava,south Moravia,109164,8757.0,3.0,2212.0,0,,0.0,,0.0,Sin Prestamo,Sin Prestamo,0,0.0,,0,0.0,0.0,,,
4272,F,1978-08-30,20,OWNER,,42,Havlickuv Brod,east Bohemia,95907,8388.0,2.0,1658.0,0,,0.0,,0.0,Sin Prestamo,Sin Prestamo,0,0.0,,300,419804.0,379980.0,38969.633333,900.0,82141.0
4273,F,1976-11-29,22,OWNER,,18,Pisek,south Bohemia,70699,8968.0,3.0,1740.0,0,,0.0,,0.0,Sin Prestamo,Sin Prestamo,1,2565.0,2565.0,123,129859.0,87290.0,33169.406504,600.0,44073.0
4274,F,1937-05-24,61,OWNER,,70,Karvina,north Moravia,285387,10177.0,7.0,9878.0,0,,0.0,,0.0,Sin Prestamo,Sin Prestamo,1,1691.0,1691.0,102,123055.0,90832.0,23105.019607,400.0,37888.0
4275,F,1957-06-26,41,OWNER,,49,Semily,east Bohemia,75685,8208.0,2.0,1660.0,0,,0.0,,0.0,Sin Prestamo,Sin Prestamo,1,2267.0,2267.0,323,234472.0,200344.0,22027.216718,600.0,34160.0
4276,F,1973-08-05,25,OWNER,,74,Ostrava - mesto,north Moravia,323870,10673.0,5.0,18782.0,0,,0.0,,0.0,Sin Prestamo,Sin Prestamo,1,2094.0,2094.0,128,93650.0,78526.0,15822.265625,900.0,22694.0
4277,M,1979-11-05,19,DISPONENT,,74,Ostrava - mesto,north Moravia,323870,10673.0,5.0,18782.0,0,,0.0,,0.0,Sin Prestamo,Sin Prestamo,0,0.0,,0,0.0,0.0,,,
4278,M,1949-11-18,49,OWNER,,33,Decin,north Bohemia,133777,8705.0,6.0,4650.0,0,,0.0,,0.0,Sin Prestamo,Sin Prestamo,1,10975.0,10975.0,95,397909.0,371101.0,26331.378947,1100.0,51824.0
4279,M,1949-10-13,49,OWNER,,51,Trutnov,east Bohemia,121947,8541.0,3.0,3496.0,0,,0.0,,0.0,Sin Prestamo,Sin Prestamo,1,7358.0,7358.0,379,1549164.0,1494585.0,38404.313984,900.0,70212.0
4280,F,1944-01-08,54,OWNER,,55,Brno - venkov,south Moravia,157042,8743.0,2.0,3659.0,0,,0.0,,0.0,Sin Prestamo,Sin Prestamo,2,6453.0,3226.5,140,568730.0,482724.0,65661.621428,800.0,92323.0
4281,M,1931-04-13,67,OWNER,,54,Brno - mesto,south Moravia,387570,9897.0,2.0,18721.0,0,,0.0,,0.0,Sin Prestamo,Sin Prestamo,1,2684.0,2684.0,298,266699.0,240294.0,18734.942953,300.0,30101.0
4282,M,1932-06-09,66,OWNER,,3,Beroun,central Bohemia,75232,8980.0,2.0,2824.0,0,,0.0,,0.0,Sin Prestamo,Sin Prestamo,1,3586.0,3586.0,294,373602.0,336652.0,22954.292517,1000.0,40406.0
4283,M,1924-09-05,74,OWNER,,27,Plzen - jih,west Bohemia,67298,8561.0,1.0,1029.0,0,,0.0,,0.0,Sin Prestamo,Sin Prestamo,1,3265.0,3265.0,125,139531.0,121470.0,16992.048,600.0,25090.0
4284,M,1946-11-26,52,OWNER,,68,Frydek - Mistek,north Moravia,228848,9893.0,4.0,5623.0,0,,0.0,,0.0,Sin Prestamo,Sin Prestamo,3,8762.0,2920.666666,204,457723.0,418145.0,30680.730392,1000.0,51028.0
4285,F,1945-12-28,53,DISPONENT,,68,Frydek - Mistek,north Moravia,228848,9893.0,4.0,5623.0,0,,0.0,,0.0,Sin Prestamo,Sin Prestamo,0,0.0,,0,0.0,0.0,,,
4286,F,1965-09-28,33,OWNER,,6,Kutna Hora,central Bohemia,77963,8546.0,3.0,2640.0,0,,0.0,,0.0,Sin Prestamo,Sin Prestamo,3,2192.0,730.666666,445,261684.0,243408.0,27233.260674,700.0,41494.0
4287,F,1953-10-07,45,OWNER,,62,Uherske Hradiste,south Moravia,145688,8544.0,1.0,2719.0,0,,0.0,,0.0,Sin Prestamo,Sin Prestamo,3,7648.0,2549.333333,301,582072.0,508693.0,56580.714285,300.0,89402.0
4288,F,1946-03-08,52,OWNER,,70,Karvina,north Moravia,285387,10177.0,7.0,9878.0,0,,0.0,,0.0,Sin Prestamo,Sin Prestamo,0,0.0,,177,677100.0,638525.0,34810.502824,1000.0,60130.0
4289,M,1981-11-23,17,OWNER,,66,Zdar nad Sazavou,south Moravia,125832,8512.0,4.0,2247.0,0,,0.0,,0.0,Sin Prestamo,Sin Prestamo,0,0.0,,425,510689.0,479420.0,29405.858823,1100.0,74583.0
4290,M,1947-03-09,51,OWNER,,32,Ceska Lipa,north Bohemia,105058,9272.0,3.0,4340.0,0,,0.0,,0.0,Sin Prestamo,Sin Prestamo,2,14633.0,7316.5,276,1185295.0,1137693.0,31667.98913,700.0,65065.0
4291,F,1951-05-07,47,OWNER,,58,Jihlava,south Moravia,109164,8757.0,3.0,2212.0,1,5698.0,174840.0,60.0,2914.0,C,Vigente,3,8138.0,2712.666666,113,326930.0,304437.0,34492.59292,1100.0,64670.0
4292,M,1952-07-19,46,OWNER,,72,Olomouc,north Moravia,226122,8994.0,4.0,9672.0,0,,0.0,,0.0,Sin Prestamo,Sin Prestamo,1,2262.0,2262.0,114,90464.0,64677.0,18702.157894,400.0,26019.0
4293,F,1959-12-16,39,OWNER,,4,Kladno,central Bohemia,149893,9753.0,5.0,5244.0,0,,0.0,,0.0,Sin Prestamo,Sin Prestamo,3,4963.0,1654.333333,569,3212384.0,3145747.0,62061.492091,400.0,140342.0
4294,M,1956-06-22,42,DISPONENT,,4,Kladno,central Bohemia,149893,9753.0,5.0,5244.0,0,,0.0,,0.0,Sin Prestamo,Sin Prestamo,0,0.0,,0,0.0,0.0,,,
4295,M,1960-03-16,38,OWNER,,18,Pisek,south Bohemia,70699,8968.0,3.0,1740.0,0,,0.0,,0.0,Sin Prestamo,Sin Prestamo,1,4418.0,4418.0,196,560991.0,500223.0,41270.015306,600.0,67928.0
4296,M,1925-11-06,73,OWNER,,57,Hodonin,south Moravia,161954,8720.0,4.0,3729.0,0,,0.0,,0.0,Sin Prestamo,Sin Prestamo,1,3350.0,3350.0,106,127999.0,112710.0,16878.801886,800.0,26984.0
4297,F,1928-10-16,70,DISPONENT,,57,Hodonin,south Moravia,161954,8720.0,4.0,3729.0,0,,0.0,,0.0,Sin Prestamo,Sin Prestamo,0,0.0,,0,0.0,0.0,,,
4298,M,1920-04-18,78,OWNER,,33,Decin,north Bohemia,133777,8705.0,6.0,4650.0,0,,0.0,,0.0,Sin Prestamo,Sin Prestamo,1,1789.0,1789.0,54,62077.0,38716.0,19138.333333,600.0,26323.0
4299,F,1977-09-15,21,OWNER,,50,Svitavy,east Bohemia,102609,8187.0,5.0,2123.0,1,5699.0,174960.0,24.0,7290.0,C,Vigente,1,7291.0,7291.0,200,1295218.0,1241911.0,65372.275,1000.0,159286.0
4300,F,1977-11-15,21,OWNER,,1,Hl.m. Praha,Prague,1204953,12541.0,0.0,85677.0,0,,0.0,,0.0,Sin Prestamo,Sin Prestamo,0,0.0,,144,595147.0,548575.0,42773.673611,1000.0,73668.0
4301,F,1956-05-03,42,OWNER,,14,Ceske Budejovice,south Bohemia,177686,10045.0,1.0,6604.0,0,,0.0,,0.0,Sin Prestamo,Sin Prestamo,0,0.0,,118,211452.0,172800.0,31222.601694,1000.0,45793.0
4302,F,1944-01-04,54,OWNER,,30,Sokolov,west Bohemia,94812,9650.0,3.0,2985.0,0,,0.0,,0.0,Sin Prestamo,Sin Prestamo,3,2396.0,798.666666,156,114237.0,88593.0,26628.865384,300.0,35250.0
4303,F,1978-03-05,20,OWNER,,21,Tabor,south Bohemia,103347,9104.0,2.0,2299.0,0,,0.0,,0.0,Sin Prestamo,Sin Prestamo,3,4049.0,1349.666666,407,434510.0,402670.0,21241.353808,300.0,34008.0
4304,F,1945-06-15,53,OWNER,,5,Kolin,central Bohemia,95616,9307.0,4.0,2616.0,0,,0.0,,0.0,Sin Prestamo,Sin Prestamo,3,12473.0,4157.666666,325,1498391.0,1462738.0,49210.92923,1000.0,130543.0
4305,F,1939-06-21,59,OWNER,,40,Teplice,north Bohemia,128118,9317.0,6.0,6949.0,0,,0.0,,0.0,Sin Prestamo,Sin Prestamo,1,2626.0,2626.0,160,175775.0,159728.0,17196.8875,500.0,29686.0
4306,M,1940-10-17,58,DISPONENT,,40,Teplice,north Bohemia,128118,9317.0,6.0,6949.0,0,,0.0,,0.0,Sin Prestamo,Sin Prestamo,0,0.0,,0,0.0,0.0,,,
4307,M,1977-04-14,21,OWNER,,1,Hl.m. Praha,Prague,1204953,12541.0,0.0,85677.0,0,,0.0,,0.0,Sin Prestamo,Sin Prestamo,0,0.0,,164,205379.0,163910.0,22974.134146,400.0,57039.0
4308,F,1970-01-10,28,OWNER,,44,Chrudim,east Bohemia,105606,8254.0,3.0,2166.0,0,,0.0,,0.0,Sin Prestamo,Sin Prestamo,1,3836.0,3836.0,355,531852.0,456456.0,38202.253521,1000.0,76807.0
4309,F,1979-04-26,19,OWNER,,39,Most,north Bohemia,119895,10446.0,7.0,4947.0,0,,0.0,,0.0,Sin Prestamo,Sin Prestamo,2,3446.0,1723.0,402,451250.0,411898.0,27697.02985,800.0,42923.0
4310,F,1925-05-30,73,OWNER,,65,Znojmo,south Moravia,114200,8403.0,6.0,2157.0,0,,0.0,,0.0,Sin Prestamo,Sin Prestamo,1,2964.0,2964.0,189,240856.0,204607.0,25562.931216,900.0,41314.0
4311,M,1981-04-12,17,OWNER,,59,Kromeriz,south Moravia,108871,8444.0,3.0,2595.0,0,,0.0,,0.0,Sin Prestamo,Sin Prestamo,0,0.0,,65,112324.0,85330.0,25651.261538,400.0,49499.0
4312,F,1979-10-20,19,OWNER,,72,Olomouc,north Moravia,226122,8994.0,4.0,9672.0,0,,0.0,,0.0,Sin Prestamo,Sin Prestamo,1,2328.0,2328.0,105,96160.0,81298.0,19905.295238,600.0,30896.0
4313,F,1968-02-21,30,OWNER,,53,Blansko,south Moravia,107911,8240.0,3.0,1850.0,0,,0.0,,0.0,Sin Prestamo,Sin Prestamo,1,5070.0,5070.0,371,588922.0,560685.0,33798.948787,700.0,49733.0
4314,F,1925-05-24,73,OWNER,,58,Jihlava,south Moravia,109164,8757.0,3.0,2212.0,0,,0.0,,0.0,Sin Prestamo,Sin Prestamo,2,1668.0,834.0,283,204384.0,173670.0,23445.395759,900.0,34226.0
4315,F,1959-04-25,39,OWNER,,74,Ostrava - mesto,north Moravia,323870,10673.0,5.0,18782.0,0,,0.0,,0.0,Sin Prestamo,Sin Prestamo,1,7964.0,7964.0,109,295858.0,238785.0,36828.954128,700.0,57361.0
4316,F,1943-08-26,55,OWNER,,1,Hl.m. Praha,Prague,1204953,12541.0,0.0,85677.0,0,,0.0,,0.0,Sin Prestamo,Sin Prestamo,1,4051.0,4051.0,189,509116.0,424425.0,57316.497354,600.0,95443.0
4317,F,1978-10-11,20,OWNER,,53,Blansko,south Moravia,107911,8240.0,3.0,1850.0,0,,0.0,,0.0,Sin Prestamo,Sin Prestamo,1,3460.0,3460.0,305,1376356.0,1299465.0,63186.439344,1000.0,114916.0
4318,F,1942-09-11,56,OWNER,,43,Hradec Kralove,east Bohemia,161854,9425.0,2.0,4085.0,0,,0.0,,0.0,Sin Prestamo,Sin Prestamo,2,3765.0,1882.5,437,1067519.0,974380.0,45972.121281,1000.0,94994.0
4319,M,1946-11-06,52,DISPONENT,,43,Hradec Kralove,east Bohemia,161854,9425.0,2.0,4085.0,0,,0.0,,0.0,Sin Prestamo,Sin Prestamo,0,0.0,,0,0.0,0.0,,,
4320,F,1958-11-04,40,OWNER,,66,Zdar nad Sazavou,south Moravia,125832,8512.0,4.0,2247.0,0,,0.0,,0.0,Sin Prestamo,Sin Prestamo,2,6509.0,3254.5,119,238726.0,215284.0,17329.890756,600.0,43388.0
4321,F,1973-10-18,25,OWNER,,19,Prachatice,south Bohemia,51428,8402.0,3.0,999.0,0,,0.0,,0.0,Sin Prestamo,Sin Prestamo,1,1961.0,1961.0,190,121330.0,103790.0,19376.478947,700.0,25944.0
4322,M,1970-10-01,28,DISPONENT,,19,Prachatice,south Bohemia,51428,8402.0,3.0,999.0,0,,0.0,,0.0,Sin Prestamo,Sin Prestamo,0,0.0,,0,0.0,0.0,,,
4323,M,1924-03-20,74,OWNER,,40,Teplice,north Bohemia,128118,9317.0,6.0,6949.0,0,,0.0,,0.0,Sin Prestamo,Sin Prestamo,1,3084.0,3084.0,226,255835.0,229522.0,25322.044247,500.0,39870.0
4324,F,1918-07-22,80,DISPONENT,,40,Teplice,north Bohemia,128118,9317.0,6.0,6949.0,0,,0.0,,0.0,Sin Prestamo,Sin Prestamo,0,0.0,,0,0.0,0.0,,,
4325,M,1947-07-19,51,OWNER,,55,Brno - venkov,south Moravia,157042,8743.0,2.0,3659.0,0,,0.0,,0.0,Sin Prestamo,Sin Prestamo,3,15559.0,5186.333333,194,1105016.0,1043620.0,45036.974226,200.0,84396.0
4326,M,1930-09-20,68,OWNER,,1,Hl.m. Praha,Prague,1204953,12541.0,0.0,85677.0,0,,0.0,,0.0,Sin Prestamo,Sin Prestamo,1,2862.0,2862.0,150,190705.0,159205.0,28211.726666,300.0,38800.0
4327,F,1937-08-23,61,DISPONENT,,1,Hl.m. Praha,Prague,1204953,12541.0,0.0,85677.0,0,,0.0,,0.0,Sin Prestamo,Sin Prestamo,0,0.0,,0,0.0,0.0,,,
4328,F,1976-06-13,22,OWNER,,59,Kromeriz,south Moravia,108871,8444.0,3.0,2595.0,0,,0.0,,0.0,Sin Prestamo,Sin Prestamo,0,0.0,,335,990253.0,903560.0,42162.913432,300.0,86713.0
4329,F,1947-05-18,51,OWNER,,64,Zlin,south Moravia,197099,9624.0,2.0,4484.0,0,,0.0,,0.0,Sin Prestamo,Sin Prestamo,2,2167.0,1083.5,230,145939.0,128131.0,16270.895652,700.0,27623.0
4330,M,1921-07-02,77,OWNER,,33,Decin,north Bohemia,133777,8705.0,6.0,4650.0,0,,0.0,,0.0,Sin Prestamo,Sin Prestamo,1,1563.0,1563.0,138,203996.0,166273.0,27280.07971,700.0,45073.0
4331,M,1959-09-03,39,OWNER,,5,Kolin,central Bohemia,95616,9307.0,4.0,2616.0,0,,0.0,,0.0,Sin Prestamo,Sin Prestamo,1,7843.0,7843.0,154,1005405.0,941848.0,57912.331168,1100.0,137630.0
4332,M,1936-01-11,62,OWNER,,57,Hodonin,south Moravia,161954,8720.0,4.0,3729.0,0,,0.0,,0.0,Sin Prestamo,Sin Prestamo,1,8939.0,8939.0,161,749543.0,725443.0,38071.341614,800.0,68748.0
4333,M,1958-04-20,40,OWNER,,1,Hl.m. Praha,Prague,1204953,12541.0,0.0,85677.0,0,,0.0,,0.0,Sin Prestamo,Sin Prestamo,1,4261.0,4261.0,187,866157.0,810279.0,44750.8877,200.0,130280.0
4334,F,1954-02-19,44,DISPONENT,,1,Hl.m. Praha,Prague,1204953,12541.0,0.0,85677.0,0,,0.0,,0.0,Sin Prestamo,Sin Prestamo,0,0.0,,0,0.0,0.0,,,
4335,F,1924-12-25,74,OWNER,,54,Brno - mesto,south Moravia,387570,9897.0,2.0,18721.0,0,,0.0,,0.0,Sin Prestamo,Sin Prestamo,1,3360.0,3360.0,351,439379.0,418325.0,22863.37037,600.0,34846.0
4336,F,1969-08-02,29,OWNER,,19,Prachatice,south Bohemia,51428,8402.0,3.0,999.0,0,,0.0,,0.0,Sin Prestamo,Sin Prestamo,2,5510.0,2755.0,471,1214026.0,1163631.0,33842.157112,200.0,58133.0
4337,M,1966-04-21,32,OWNER,,48,Rychnov nad Kneznou,east Bohemia,78955,9060.0,2.0,1655.0,0,,0.0,,0.0,Sin Prestamo,Sin Prestamo,1,3483.0,3483.0,298,1573496.0,1562476.0,42595.744966,600.0,159777.0
4338,M,1944-10-25,54,OWNER,,30,Sokolov,west Bohemia,94812,9650.0,3.0,2985.0,0,,0.0,,0.0,Sin Prestamo,Sin Prestamo,1,7868.0,7868.0,317,755011.0,725093.0,22538.157728,700.0,44435.0
4339,F,1977-09-15,21,OWNER,,59,Kromeriz,south Moravia,108871,8444.0,3.0,2595.0,0,,0.0,,0.0,Sin Prestamo,Sin Prestamo,0,0.0,,155,658719.0,608945.0,49387.529032,500.0,81784.0
4340,F,1949-07-18,49,OWNER,,1,Hl.m. Praha,Prague,1204953,12541.0,0.0,85677.0,0,,0.0,,0.0,Sin Prestamo,Sin Prestamo,2,6517.0,3258.5,209,1332883.0,1307412.0,61405.234449,500.0,144146.0
4341,M,1964-05-01,34,OWNER,,76,Sumperk,north Moravia,127369,8369.0,5.0,3736.0,0,,0.0,,0.0,Sin Prestamo,Sin Prestamo,1,6435.0,6435.0,65,236397.0,201385.0,35267.36923,300.0,57370.0
4342,F,1918-04-07,80,OWNER,,63,Vyskov,south Moravia,86513,8288.0,4.0,1562.0,0,,0.0,,0.0,Sin Prestamo,Sin Prestamo,1,3257.0,3257.0,273,315816.0,283691.0,23877.604395,700.0,36167.0
4343,F,1929-08-09,69,OWNER,,27,Plzen - jih,west Bohemia,67298,8561.0,1.0,1029.0,0,,0.0,,0.0,Sin Prestamo,Sin Prestamo,1,1537.0,1537.0,349,434746.0,383905.0,38780.633237,1100.0,60111.0
4344,M,1925-06-15,73,OWNER,,54,Brno - mesto,south Moravia,387570,9897.0,2.0,18721.0,0,,0.0,,0.0,Sin Prestamo,Sin Prestamo,1,1794.0,1794.0,216,251179.0,210443.0,35807.587962,700.0,50751.0
4345,F,1974-09-29,24,OWNER,,18,Pisek,south Bohemia,70699,8968.0,3.0,1740.0,0,,0.0,,0.0,Sin Prestamo,Sin Prestamo,0,0.0,,152,1146683.0,1068525.0,61971.236842,600.0,161020.0
4346,F,1973-09-20,25,OWNER,,3,Beroun,central Bohemia,75232,8980.0,2.0,2824.0,0,,0.0,,0.0,Sin Prestamo,Sin Prestamo,1,7883.0,7883.0,71,312737.0,239580.0,47022.873239,600.0,73161.0
4347,F,1926-06-20,72,OWNER,,54,Brno - mesto,south Moravia,387570,9897.0,2.0,18721.0,0,,0.0,,0.0,Sin Prestamo,Sin Prestamo,1,3893.0,3893.0,305,423545.0,378823.0,27751.790163,500.0,48952.0
4348,F,1978-04-17,20,OWNER,,3,Beroun,central Bohemia,75232,8980.0,2.0,2824.0,0,,0.0,,0.0,Sin Prestamo,Sin Prestamo,3,5482.0,1827.333333,233,893531.0,842136.0,25728.098712,600.0,68673.0
4349,F,1959-08-22,39,OWNER,,1,Hl.m. Praha,Prague,1204953,12541.0,0.0,85677.0,0,,0.0,,0.0,Sin Prestamo,Sin Prestamo,0,0.0,,143,264348.0,194565.0,43360.06993,900.0,73483.0
4350,M,1966-08-20,32,DISPONENT,,1,Hl.m. Praha,Prague,1204953,12541.0,0.0,85677.0,0,,0.0,,0.0,Sin Prestamo,Sin Prestamo,0,0.0,,0,0.0,0.0,,,
4352,M,1971-07-24,27,OWNER,,72,Olomouc,north Moravia,226122,8994.0,4.0,9672.0,1,5706.0,161496.0,36.0,4486.0,C,Vigente,2,7610.0,3805.0,352,1321563.0,1282513.0,44887.122159,500.0,113866.0
4353,F,1979-09-19,19,OWNER,,28,Plzen - sever,west Bohemia,72541,8594.0,2.0,1580.0,0,,0.0,,0.0,Sin Prestamo,Sin Prestamo,2,6366.0,3183.0,442,1516854.0,1410058.0,54205.753393,600.0,112549.0
4354,M,1986-08-13,12,DISPONENT,,28,Plzen - sever,west Bohemia,72541,8594.0,2.0,1580.0,0,,0.0,,0.0,Sin Prestamo,Sin Prestamo,0,0.0,,0,0.0,0.0,,,
4355,F,1938-12-29,60,OWNER,,1,Hl.m. Praha,Prague,1204953,12541.0,0.0,85677.0,0,,0.0,,0.0,Sin Prestamo,Sin Prestamo,2,2635.0,1317.5,67,65800.0,44315.0,20337.358208,700.0,26590.0
4358,M,1942-10-24,56,OWNER,,70,Karvina,north Moravia,285387,10177.0,7.0,9878.0,0,,0.0,,0.0,Sin Prestamo,Sin Prestamo,4,8167.0,2041.75,397,836506.0,760783.0,46053.921914,700.0,85557.0
4359,M,1950-08-02,48,OWNER,,64,Zlin,south Moravia,197099,9624.0,2.0,4484.0,0,,0.0,,0.0,Sin Prestamo,Sin Prestamo,2,6174.0,3087.0,422,670413.0,655425.0,24074.682464,200.0,43544.0
4360,F,1965-07-10,33,OWNER,,19,Prachatice,south Bohemia,51428,8402.0,3.0,999.0,0,,0.0,,0.0,Sin Prestamo,Sin Prestamo,4,8564.0,2141.0,216,975907.0,891933.0,59503.861111,500.0,126282.0
4361,M,1955-05-04,43,OWNER,,46,Nachod,east Bohemia,112709,8369.0,2.0,2854.0,0,,0.0,,0.0,Sin Prestamo,Sin Prestamo,1,3781.0,3781.0,137,296361.0,265697.0,26776.883211,300.0,43560.0
4362,M,1943-09-16,55,OWNER,,50,Svitavy,east Bohemia,102609,8187.0,5.0,2123.0,0,,0.0,,0.0,Sin Prestamo,Sin Prestamo,0,0.0,,13,29300.0,5400.0,20338.461538,600.0,27600.0
4363,F,1951-07-01,47,DISPONENT,,50,Svitavy,east Bohemia,102609,8187.0,5.0,2123.0,0,,0.0,,0.0,Sin Prestamo,Sin Prestamo,0,0.0,,0,0.0,0.0,,,
4364,M,1977-12-05,21,OWNER,,22,Domazlice,west Bohemia,58400,8620.0,1.0,1089.0,0,,0.0,,0.0,Sin Prestamo,Sin Prestamo,3,3243.0,1081.0,475,1132145.0,1040131.0,66958.547368,1100.0,119982.0
4365,M,1961-05-12,37,OWNER,,10,Praha - vychod,central Bohemia,92084,10124.0,1.0,3810.0,0,,0.0,,0.0,Sin Prestamo,Sin Prestamo,2,9638.0,4819.0,414,1212771.0,1117514.0,49863.393719,700.0,97077.0
4367,M,1982-03-30,16,OWNER,,14,Ceske Budejovice,south Bohemia,177686,10045.0,1.0,6604.0,0,,0.0,,0.0,Sin Prestamo,Sin Prestamo,0,0.0,,110,124689.0,98350.0,23552.6,1000.0,70351.0
4368,F,1977-10-21,21,OWNER,,32,Ceska Lipa,north Bohemia,105058,9272.0,3.0,4340.0,0,,0.0,,0.0,Sin Prestamo,Sin Prestamo,1,5319.0,5319.0,258,471783.0,450662.0,24268.360465,400.0,41904.0
4369,M,1965-06-15,33,OWNER,,53,Blansko,south Moravia,107911,8240.0,3.0,1850.0,0,,0.0,,0.0,Sin Prestamo,Sin Prestamo,2,11984.0,5992.0,305,1367881.0,1332630.0,36978.337704,500.0,133648.0
4370,M,1939-06-28,59,OWNER,,59,Kromeriz,south Moravia,108871,8444.0,3.0,2595.0,0,,0.0,,0.0,Sin Prestamo,Sin Prestamo,2,2595.0,1297.5,284,225886.0,211335.0,23239.070422,600.0,32881.0
4371,M,1968-12-12,30,OWNER,,32,Ceska Lipa,north Bohemia,105058,9272.0,3.0,4340.0,0,,0.0,,0.0,Sin Prestamo,Sin Prestamo,1,11953.0,11953.0,188,1019171.0,1002554.0,36961.835106,800.0,125523.0
4372,M,1933-10-11,65,OWNER,,3,Beroun,central Bohemia,75232,8980.0,2.0,2824.0,0,,0.0,,0.0,Sin Prestamo,Sin Prestamo,2,2011.0,1005.5,314,367276.0,349439.0,21372.643312,300.0,35976.0
4373,M,1951-12-20,47,OWNER,,51,Trutnov,east Bohemia,121947,8541.0,3.0,3496.0,0,,0.0,,0.0,Sin Prestamo,Sin Prestamo,2,8224.0,4112.0,164,379898.0,344015.0,33945.493902,900.0,50048.0
4376,M,1954-03-05,44,OWNER,,70,Karvina,north Moravia,285387,10177.0,7.0,9878.0,0,,0.0,,0.0,Sin Prestamo,Sin Prestamo,3,3323.0,1107.666666,284,663551.0,602735.0,54836.186619,400.0,78861.0
4377,M,1978-01-31,20,OWNER,,48,Rychnov nad Kneznou,east Bohemia,78955,9060.0,2.0,1655.0,1,5713.0,158760.0,60.0,2646.0,C,Vigente,4,13650.0,3412.5,530,1165275.0,1138212.0,22880.637735,900.0,59898.0
4380,M,1931-05-13,67,OWNER,,1,Hl.m. Praha,Prague,1204953,12541.0,0.0,85677.0,0,,0.0,,0.0,Sin Prestamo,Sin Prestamo,1,3407.0,3407.0,170,215717.0,162337.0,39049.641176,800.0,56579.0
4381,M,1959-01-25,39,OWNER,,56,Breclav,south Moravia,124605,8772.0,5.0,2854.0,0,,0.0,,0.0,Sin Prestamo,Sin Prestamo,1,2544.0,2544.0,107,512679.0,422965.0,30526.373831,800.0,103318.0
4382,M,1980-10-20,18,OWNER,,18,Pisek,south Bohemia,70699,8968.0,3.0,1740.0,0,,0.0,,0.0,Sin Prestamo,Sin Prestamo,2,7836.0,3918.0,143,318014.0,267355.0,34579.405594,200.0,59987.0
4383,M,1963-08-01,35,OWNER,,21,Tabor,south Bohemia,103347,9104.0,2.0,2299.0,0,,0.0,,0.0,Sin Prestamo,Sin Prestamo,1,4851.0,4851.0,101,1073506.0,975500.0,68017.683168,1000.0,140307.0
4384,F,1973-01-12,25,OWNER,,10,Praha - vychod,central Bohemia,92084,10124.0,1.0,3810.0,0,,0.0,,0.0,Sin Prestamo,Sin Prestamo,2,2538.0,1269.0,115,99516.0,83683.0,19065.634782,600.0,32245.0
4385,F,1972-10-02,26,OWNER,,21,Tabor,south Bohemia,103347,9104.0,2.0,2299.0,0,,0.0,,0.0,Sin Prestamo,Sin Prestamo,3,6515.0,2171.666666,428,750801.0,686955.0,44459.820093,700.0,82567.0
4386,F,1945-12-27,53,OWNER,True,53,Blansko,south Moravia,107911,8240.0,3.0,1850.0,1,5718.0,14028.0,12.0,1169.0,A,Cerrado,3,6265.0,2088.333333,280,680593.0,606267.0,57448.371428,400.0,88924.0
4387,M,1946-02-18,52,OWNER,,52,Usti nad Orlici,east Bohemia,139012,8363.0,3.0,2564.0,0,,0.0,,0.0,Sin Prestamo,Sin Prestamo,1,14417.0,14417.0,202,1316923.0,1225087.0,51904.316831,500.0,109538.0
4388,F,1936-09-16,62,OWNER,,4,Kladno,central Bohemia,149893,9753.0,5.0,5244.0,0,,0.0,,0.0,Sin Prestamo,Sin Prestamo,1,3358.0,3358.0,102,117575.0,99762.0,17559.794117,200.0,26118.0
4389,F,1926-07-01,72,OWNER,,10,Praha - vychod,central Bohemia,92084,10124.0,1.0,3810.0,0,,0.0,,0.0,Sin Prestamo,Sin Prestamo,1,2040.0,2040.0,314,406094.0,381785.0,21961.681528,300.0,50263.0
4390,F,1972-04-29,26,OWNER,,7,Melnik,central Bohemia,94725,9920.0,2.0,4289.0,0,,0.0,,0.0,Sin Prestamo,Sin Prestamo,1,2163.0,2163.0,226,162750.0,135156.0,20309.88938,600.0,27921.0
4393,F,1941-09-11,57,OWNER,,1,Hl.m. Praha,Prague,1204953,12541.0,0.0,85677.0,0,,0.0,,0.0,Sin Prestamo,Sin Prestamo,0,0.0,,47,59600.0,27800.0,26282.978723,300.0,36700.0
4394,F,1975-12-30,23,OWNER,,64,Zlin,south Moravia,197099,9624.0,2.0,4484.0,0,,0.0,,0.0,Sin Prestamo,Sin Prestamo,1,2304.0,2304.0,323,244625.0,223326.0,18616.780185,1000.0,26831.0
4395,F,1958-05-16,40,OWNER,,36,Liberec,north Bohemia,159617,9198.0,3.0,5796.0,0,,0.0,,0.0,Sin Prestamo,Sin Prestamo,2,9672.0,4836.0,196,521000.0,497247.0,30842.107142,300.0,53745.0
4396,F,1974-11-07,24,OWNER,,63,Vyskov,south Moravia,86513,8288.0,4.0,1562.0,0,,0.0,,0.0,Sin Prestamo,Sin Prestamo,2,6037.0,3018.5,327,2041798.0,1964801.0,69206.522935,1100.0,141521.0
4397,M,1973-11-26,25,DISPONENT,,63,Vyskov,south Moravia,86513,8288.0,4.0,1562.0,0,,0.0,,0.0,Sin Prestamo,Sin Prestamo,0,0.0,,0,0.0,0.0,,,
4398,M,1958-07-23,40,OWNER,,77,Vsetin,north Moravia,148545,8909.0,4.0,3460.0,0,,0.0,,0.0,Sin Prestamo,Sin Prestamo,1,5842.0,5842.0,158,314885.0,292745.0,38603.462025,600.0,57335.0
4399,F,1967-11-20,31,OWNER,,61,Trebic,south Moravia,117897,8814.0,5.0,2112.0,0,,0.0,,0.0,Sin Prestamo,Sin Prestamo,3,2469.0,823.0,235,168237.0,129728.0,27590.446808,900.0,39033.0
4400,F,1959-08-29,39,OWNER,,54,Brno - mesto,south Moravia,387570,9897.0,2.0,18721.0,0,,0.0,,0.0,Sin Prestamo,Sin Prestamo,2,6472.0,3236.0,455,1356437.0,1311766.0,42031.270329,600.0,69428.0
4401,M,1968-07-20,30,OWNER,,8,Mlada Boleslav,central Bohemia,112065,11277.0,1.0,5179.0,0,,0.0,,0.0,Sin Prestamo,Sin Prestamo,1,7858.0,7858.0,322,759920.0,720308.0,43229.649068,1100.0,67897.0
4402,M,1929-04-11,69,OWNER,,23,Cheb,west Bohemia,87419,8624.0,2.0,2879.0,0,,0.0,,0.0,Sin Prestamo,Sin Prestamo,1,2728.0,2728.0,341,364208.0,324123.0,28643.178885,800.0,48336.0
4403,F,1938-10-19,60,OWNER,,36,Liberec,north Bohemia,159617,9198.0,3.0,5796.0,0,,0.0,,0.0,Sin Prestamo,Sin Prestamo,1,3005.0,3005.0,107,136741.0,115515.0,20157.626168,900.0,29189.0
4404,F,1951-04-09,47,OWNER,,31,Tachov,west Bohemia,51313,8930.0,4.0,1328.0,0,,0.0,,0.0,Sin Prestamo,Sin Prestamo,2,5336.0,2668.0,377,1357582.0,1276029.0,46309.456233,900.0,82471.0
4405,F,1959-04-17,39,OWNER,,47,Pardubice,east Bohemia,162580,9538.0,2.0,6079.0,0,,0.0,,0.0,Sin Prestamo,Sin Prestamo,1,6946.0,6946.0,391,1502796.0,1399860.0,68182.140664,700.0,136625.0
4406,M,1954-11-01,44,OWNER,,1,Hl.m. Praha,Prague,1204953,12541.0,0.0,85677.0,0,,0.0,,0.0,Sin Prestamo,Sin Prestamo,3,6996.0,2332.0,251,610037.0,571786.0,29768.095617,900.0,55884.0
4407,M,1975-07-06,23,OWNER,,70,Karvina,north Moravia,285387,10177.0,7.0,9878.0,0,,0.0,,0.0,Sin Prestamo,Sin Prestamo,0,0.0,,299,369951.0,302865.0,24839.38127,900.0,86482.0
4408,M,1923-05-19,75,OWNER,,62,Uherske Hradiste,south Moravia,145688,8544.0,1.0,2719.0,0,,0.0,,0.0,Sin Prestamo,Sin Prestamo,1,1533.0,1533.0,60,85928.0,50480.0,27596.516666,1000.0,38640.0
4409,F,1928-01-22,70,DISPONENT,,62,Uherske Hradiste,south Moravia,145688,8544.0,1.0,2719.0,0,,0.0,,0.0,Sin Prestamo,Sin Prestamo,0,0.0,,0,0.0,0.0,,,
4410,F,1976-01-12,22,OWNER,,24,Karlovy Vary,west Bohemia,122603,8991.0,1.0,5198.0,0,,0.0,,0.0,Sin Prestamo,Sin Prestamo,0,0.0,,118,117583.0,95770.0,23663.313559,600.0,51537.0
4411,M,1950-01-02,48,OWNER,,54,Brno - mesto,south Moravia,387570,9897.0,2.0,18721.0,0,,0.0,,0.0,Sin Prestamo,Sin Prestamo,4,7694.0,1923.5,179,368660.0,280162.0,44690.083798,900.0,88956.0
4412,F,1952-11-26,46,DISPONENT,,54,Brno - mesto,south Moravia,387570,9897.0,2.0,18721.0,0,,0.0,,0.0,Sin Prestamo,Sin Prestamo,0,0.0,,0,0.0,0.0,,,
4413,M,1977-05-04,21,OWNER,,74,Ostrava - mesto,north Moravia,323870,10673.0,5.0,18782.0,0,,0.0,,0.0,Sin Prestamo,Sin Prestamo,0,0.0,,346,405653.0,352885.0,24576.991329,900.0,84771.0
4414,M,1933-06-19,65,OWNER,,50,Svitavy,east Bohemia,102609,8187.0,5.0,2123.0,0,,0.0,,0.0,Sin Prestamo,Sin Prestamo,1,3310.0,3310.0,152,177101.0,148430.0,19765.769736,800.0,32721.0
4415,M,1977-07-09,21,OWNER,,4,Kladno,central Bohemia,149893,9753.0,5.0,5244.0,0,,0.0,,0.0,Sin Prestamo,Sin Prestamo,0,0.0,,84,412105.0,314010.0,57793.119047,600.0,98612.0
4416,M,1970-12-25,28,OWNER,,67,Bruntal,north Moravia,106054,8110.0,6.0,3244.0,0,,0.0,,0.0,Sin Prestamo,Sin Prestamo,1,7862.0,7862.0,294,1357874.0,1311827.0,58117.057823,400.0,96990.0
4417,M,1976-04-24,22,OWNER,,1,Hl.m. Praha,Prague,1204953,12541.0,0.0,85677.0,1,5719.0,271584.0,48.0,5658.0,C,Vigente,1,5658.0,5658.0,198,1265606.0,1192260.0,66368.984848,800.0,115113.0
4418,M,1970-05-19,28,OWNER,,28,Plzen - sever,west Bohemia,72541,8594.0,2.0,1580.0,0,,0.0,,0.0,Sin Prestamo,Sin Prestamo,3,10211.0,3403.666666,63,300968.0,268671.0,42884.841269,800.0,110698.0
4420,M,1957-05-06,41,OWNER,,55,Brno - venkov,south Moravia,157042,8743.0,2.0,3659.0,0,,0.0,,0.0,Sin Prestamo,Sin Prestamo,1,2975.0,2975.0,320,355646.0,339115.0,20139.821875,700.0,33865.0
4421,F,1944-06-27,54,OWNER,,1,Hl.m. Praha,Prague,1204953,12541.0,0.0,85677.0,0,,0.0,,0.0,Sin Prestamo,Sin Prestamo,0,0.0,,30,46600.0,27100.0,26743.333333,600.0,37200.0
4422,F,1943-07-31,55,OWNER,,76,Sumperk,north Moravia,127369,8369.0,5.0,3736.0,0,,0.0,,0.0,Sin Prestamo,Sin Prestamo,3,5442.0,1814.0,430,557265.0,538677.0,20623.930232,1100.0,40573.0
4423,M,1918-05-24,80,OWNER,,27,Plzen - jih,west Bohemia,67298,8561.0,1.0,1029.0,0,,0.0,,0.0,Sin Prestamo,Sin Prestamo,1,2961.0,2961.0,307,303957.0,280573.0,23208.70684,400.0,35580.0
4424,M,1933-05-06,65,OWNER,,21,Tabor,south Bohemia,103347,9104.0,2.0,2299.0,0,,0.0,,0.0,Sin Prestamo,Sin Prestamo,1,2777.0,2777.0,61,69182.0,56427.0,15209.852459,1000.0,20839.0
4425,F,1936-10-15,62,DISPONENT,,21,Tabor,south Bohemia,103347,9104.0,2.0,2299.0,0,,0.0,,0.0,Sin Prestamo,Sin Prestamo,0,0.0,,0,0.0,0.0,,,
4426,F,1969-09-13,29,OWNER,,26,Plzen - mesto,west Bohemia,170449,10787.0,3.0,6041.0,0,,0.0,,0.0,Sin Prestamo,Sin Prestamo,2,5345.0,2672.5,216,720720.0,623380.0,62907.046296,1100.0,99670.0
4427,M,1940-11-03,58,OWNER,,30,Sokolov,west Bohemia,94812,9650.0,3.0,2985.0,0,,0.0,,0.0,Sin Prestamo,Sin Prestamo,1,1939.0,1939.0,193,141430.0,125644.0,26625.77202,1100.0,31855.0
4428,M,1954-03-09,44,OWNER,True,38,Louny,north Bohemia,85852,8965.0,7.0,2653.0,1,5723.0,23628.0,12.0,1969.0,A,Cerrado,2,11472.0,5736.0,570,3515151.0,3426594.0,67867.254385,1000.0,157161.0
4429,M,1945-04-02,53,OWNER,,64,Zlin,south Moravia,197099,9624.0,2.0,4484.0,0,,0.0,,0.0,Sin Prestamo,Sin Prestamo,1,7824.0,7824.0,435,3484758.0,3452102.0,55730.282758,700.0,126803.0
4430,F,1938-06-27,60,DISPONENT,,64,Zlin,south Moravia,197099,9624.0,2.0,4484.0,0,,0.0,,0.0,Sin Prestamo,Sin Prestamo,0,0.0,,0,0.0,0.0,,,
4431,M,1930-09-30,68,OWNER,,58,Jihlava,south Moravia,109164,8757.0,3.0,2212.0,0,,0.0,,0.0,Sin Prestamo,Sin Prestamo,1,3319.0,3319.0,135,152210.0,136829.0,15838.681481,1100.0,25266.0
4432,F,1964-03-14,34,OWNER,,1,Hl.m. Praha,Prague,1204953,12541.0,0.0,85677.0,0,,0.0,,0.0,Sin Prestamo,Sin Prestamo,1,2283.0,2283.0,186,136171.0,121272.0,14103.973118,400.0,20477.0
4433,M,1968-02-22,30,OWNER,,1,Hl.m. Praha,Prague,1204953,12541.0,0.0,85677.0,1,5724.0,316140.0,60.0,5269.0,D,Vigente,1,5269.0,5269.0,414,797560.0,803265.0,9629.374396,-15009.0,39616.0
4434,M,1964-03-29,34,OWNER,,64,Zlin,south Moravia,197099,9624.0,2.0,4484.0,1,5725.0,444864.0,48.0,9268.0,C,Vigente,3,18285.0,6095.0,299,852095.0,808332.0,32884.160535,800.0,63172.0
4435,F,1965-10-30,33,DISPONENT,,64,Zlin,south Moravia,197099,9624.0,2.0,4484.0,0,,0.0,,0.0,Sin Prestamo,Sin Prestamo,0,0.0,,0,0.0,0.0,,,
4436,M,1920-04-28,78,OWNER,,27,Plzen - jih,west Bohemia,67298,8561.0,1.0,1029.0,0,,0.0,,0.0,Sin Prestamo,Sin Prestamo,2,3500.0,1750.0,189,201102.0,170975.0,22581.142857,1000.0,33968.0
4437,F,1961-10-26,37,OWNER,,70,Karvina,north Moravia,285387,10177.0,7.0,9878.0,0,,0.0,,0.0,Sin Prestamo,Sin Prestamo,1,7797.0,7797.0,125,501621.0,428836.0,43211.728,400.0,77589.0
4438,M,1957-12-04,41,DISPONENT,,70,Karvina,north Moravia,285387,10177.0,7.0,9878.0,0,,0.0,,0.0,Sin Prestamo,Sin Prestamo,0,0.0,,0,0.0,0.0,,,
4439,M,1975-03-25,23,OWNER,,70,Karvina,north Moravia,285387,10177.0,7.0,9878.0,0,,0.0,,0.0,Sin Prestamo,Sin Prestamo,1,2761.0,2761.0,369,500511.0,414132.0,38579.482384,200.0,89720.0
4440,M,1948-12-26,50,OWNER,,33,Decin,north Bohemia,133777,8705.0,6.0,4650.0,0,,0.0,,0.0,Sin Prestamo,Sin Prestamo,1,3114.0,3114.0,373,1644530.0,1584165.0,59459.375335,1000.0,99595.0
4441,F,1943-10-07,55,DISPONENT,,33,Decin,north Bohemia,133777,8705.0,6.0,4650.0,0,,0.0,,0.0,Sin Prestamo,Sin Prestamo,0,0.0,,0,0.0,0.0,,,
4442,F,1921-04-29,77,OWNER,,23,Cheb,west Bohemia,87419,8624.0,2.0,2879.0,0,,0.0,,0.0,Sin Prestamo,Sin Prestamo,1,3365.0,3365.0,299,395293.0,368625.0,22543.331103,1100.0,37179.0
4444,M,1969-03-28,29,OWNER,,77,Vsetin,north Moravia,148545,8909.0,4.0,3460.0,0,,0.0,,0.0,Sin Prestamo,Sin Prestamo,1,2054.0,2054.0,70,54376.0,36302.0,14811.185714,1100.0,20059.0
4445,F,1964-04-14,34,DISPONENT,,77,Vsetin,north Moravia,148545,8909.0,4.0,3460.0,0,,0.0,,0.0,Sin Prestamo,Sin Prestamo,0,0.0,,0,0.0,0.0,,,
4446,F,1950-10-11,48,OWNER,,71,Novy Jicin,north Moravia,161227,8678.0,6.0,4980.0,0,,0.0,,0.0,Sin Prestamo,Sin Prestamo,1,5106.0,5106.0,335,837377.0,756983.0,46188.620895,900.0,88719.0
4447,M,1957-08-16,41,DISPONENT,,71,Novy Jicin,north Moravia,161227,8678.0,6.0,4980.0,0,,0.0,,0.0,Sin Prestamo,Sin Prestamo,0,0.0,,0,0.0,0.0,,,
4448,F,1942-05-02,56,OWNER,,72,Olomouc,north Moravia,226122,8994.0,4.0,9672.0,0,,0.0,,0.0,Sin Prestamo,Sin Prestamo,0,0.0,,309,1047371.0,1017655.0,44336.987055,1100.0,64955.0
4449,M,1949-11-08,49,OWNER,,8,Mlada Boleslav,central Bohemia,112065,11277.0,1.0,5179.0,0,,0.0,,0.0,Sin Prestamo,Sin Prestamo,1,4610.0,4610.0,195,1194594.0,1109090.0,45001.158974,-1484.0,141170.0
4450,F,1949-01-05,49,OWNER,,67,Bruntal,north Moravia,106054,8110.0,6.0,3244.0,0,,0.0,,0.0,Sin Prestamo,Sin Prestamo,1,4514.0,4514.0,112,670212.0,611954.0,63301.482142,900.0,135681.0
4451,F,1927-10-19,71,OWNER,,50,Svitavy,east Bohemia,102609,8187.0,5.0,2123.0,0,,0.0,,0.0,Sin Prestamo,Sin Prestamo,1,3267.0,3267.0,349,464332.0,438137.0,23190.09169,400.0,35880.0
4452,F,1924-06-08,74,OWNER,,70,Karvina,north Moravia,285387,10177.0,7.0,9878.0,0,,0.0,,0.0,Sin Prestamo,Sin Prestamo,1,3263.0,3263.0,82,99855.0,71933.0,22332.804878,500.0,32026.0
4453,F,1976-05-29,22,OWNER,,61,Trebic,south Moravia,117897,8814.0,5.0,2112.0,0,,0.0,,0.0,Sin Prestamo,Sin Prestamo,1,8992.0,8992.0,416,1340184.0,1240742.0,54516.245192,1000.0,123810.0
4454,M,1976-02-09,22,DISPONENT,,61,Trebic,south Moravia,117897,8814.0,5.0,2112.0,0,,0.0,,0.0,Sin Prestamo,Sin Prestamo,0,0.0,,0,0.0,0.0,,,
4455,M,1976-07-29,22,OWNER,,70,Karvina,north Moravia,285387,10177.0,7.0,9878.0,0,,0.0,,0.0,Sin Prestamo,Sin Prestamo,1,4492.0,4492.0,175,414063.0,357867.0,45371.828571,1100.0,72747.0
4456,M,1936-10-23,62,OWNER,,30,Sokolov,west Bohemia,94812,9650.0,3.0,2985.0,0,,0.0,,0.0,Sin Prestamo,Sin Prestamo,1,8101.0,8101.0,115,306440.0,284357.0,28336.252173,700.0,49197.0
4457,M,1943-01-17,55,OWNER,,1,Hl.m. Praha,Prague,1204953,12541.0,0.0,85677.0,0,,0.0,,0.0,Sin Prestamo,Sin Prestamo,2,4714.0,2357.0,176,733879.0,681481.0,51449.204545,800.0,83637.0
4458,F,1950-12-23,48,OWNER,,22,Domazlice,west Bohemia,58400,8620.0,1.0,1089.0,0,,0.0,,0.0,Sin Prestamo,Sin Prestamo,2,5932.0,2966.0,432,980977.0,913213.0,32054.458333,900.0,73444.0
4459,F,1962-05-21,36,OWNER,,1,Hl.m. Praha,Prague,1204953,12541.0,0.0,85677.0,0,,0.0,,0.0,Sin Prestamo,Sin Prestamo,0,0.0,,64,50847.0,28500.0,18253.109375,900.0,24399.0
4460,M,1957-02-24,41,DISPONENT,,1,Hl.m. Praha,Prague,1204953,12541.0,0.0,85677.0,0,,0.0,,0.0,Sin Prestamo,Sin Prestamo,0,0.0,,0,0.0,0.0,,,
4461,F,1957-04-22,41,OWNER,,54,Brno - mesto,south Moravia,387570,9897.0,2.0,18721.0,0,,0.0,,0.0,Sin Prestamo,Sin Prestamo,1,7085.0,7085.0,368,1374696.0,1365105.0,37033.872282,600.0,69373.0
4462,M,1977-09-13,21,OWNER,,1,Hl.m. Praha,Prague,1204953,12541.0,0.0,85677.0,0,,0.0,,0.0,Sin Prestamo,Sin Prestamo,1,5230.0,5230.0,104,418904.0,348660.0,45377.528846,800.0,75449.0
4463,M,1923-08-17,75,OWNER,,76,Sumperk,north Moravia,127369,8369.0,5.0,3736.0,0,,0.0,,0.0,Sin Prestamo,Sin Prestamo,1,2844.0,2844.0,306,392761.0,344087.0,34012.875816,800.0,59563.0
4464,M,1964-11-19,34,OWNER,,53,Blansko,south Moravia,107911,8240.0,3.0,1850.0,0,,0.0,,0.0,Sin Prestamo,Sin Prestamo,2,10068.0,5034.0,251,842724.0,762885.0,46799.219123,800.0,89187.0
4465,M,1937-06-02,61,OWNER,,74,Ostrava - mesto,north Moravia,323870,10673.0,5.0,18782.0,0,,0.0,,0.0,Sin Prestamo,Sin Prestamo,2,2012.0,1006.0,88,55500.0,42873.0,13680.28409,400.0,17088.0
4466,F,1922-10-07,76,OWNER,,75,Prerov,north Moravia,138032,8819.0,5.0,4063.0,0,,0.0,,0.0,Sin Prestamo,Sin Prestamo,1,3046.0,3046.0,369,451233.0,408532.0,27503.227642,500.0,49736.0
4467,F,1944-11-17,54,OWNER,,20,Strakonice,south Bohemia,70646,8547.0,3.0,1563.0,0,,0.0,,0.0,Sin Prestamo,Sin Prestamo,0,0.0,,82,779861.0,740884.0,63181.414634,200.0,143527.0
4468,M,1944-05-04,54,DISPONENT,,20,Strakonice,south Bohemia,70646,8547.0,3.0,1563.0,0,,0.0,,0.0,Sin Prestamo,Sin Prestamo,0,0.0,,0,0.0,0.0,,,
4469,F,1973-02-28,25,OWNER,,8,Mlada Boleslav,central Bohemia,112065,11277.0,1.0,5179.0,0,,0.0,,0.0,Sin Prestamo,Sin Prestamo,1,4298.0,4298.0,186,294617.0,260322.0,26301.489247,1000.0,43580.0
4471,F,1975-06-11,23,OWNER,,64,Zlin,south Moravia,197099,9624.0,2.0,4484.0,0,,0.0,,0.0,Sin Prestamo,Sin Prestamo,0,0.0,,154,179839.0,147795.0,37105.194805,900.0,71782.0
4472,M,1965-07-25,33,OWNER,,74,Ostrava - mesto,north Moravia,323870,10673.0,5.0,18782.0,0,,0.0,,0.0,Sin Prestamo,Sin Prestamo,4,7625.0,1906.25,280,451346.0,399211.0,43587.117857,500.0,68960.0
4473,M,1944-12-27,54,OWNER,,1,Hl.m. Praha,Prague,1204953,12541.0,0.0,85677.0,0,,0.0,,0.0,Sin Prestamo,Sin Prestamo,1,4633.0,4633.0,262,600364.0,582701.0,30950.835877,600.0,58751.0
4474,F,1964-12-09,34,OWNER,,3,Beroun,central Bohemia,75232,8980.0,2.0,2824.0,1,5731.0,460980.0,60.0,7683.0,D,Vigente,1,7683.0,7683.0,101,382844.0,385226.0,24349.287128,-6280.0,103750.0
4476,M,1927-01-13,71,OWNER,,3,Beroun,central Bohemia,75232,8980.0,2.0,2824.0,0,,0.0,,0.0,Sin Prestamo,Sin Prestamo,1,2499.0,2499.0,247,314677.0,295953.0,21073.064777,900.0,33267.0
4477,M,1957-01-18,41,OWNER,,74,Ostrava - mesto,north Moravia,323870,10673.0,5.0,18782.0,0,,0.0,,0.0,Sin Prestamo,Sin Prestamo,0,0.0,,402,2865776.0,2756023.0,69107.256218,800.0,149449.0
4478,F,1952-05-14,46,DISPONENT,,74,Ostrava - mesto,north Moravia,323870,10673.0,5.0,18782.0,0,,0.0,,0.0,Sin Prestamo,Sin Prestamo,0,0.0,,0,0.0,0.0,,,
4479,F,1958-07-24,40,OWNER,,2,Benesov,central Bohemia,88884,8507.0,2.0,2159.0,0,,0.0,,0.0,Sin Prestamo,Sin Prestamo,4,4233.0,1058.25,492,1913913.0,1833463.0,55755.260162,800.0,152090.0
4480,M,1963-03-30,35,OWNER,,74,Ostrava - mesto,north Moravia,323870,10673.0,5.0,18782.0,0,,0.0,,0.0,Sin Prestamo,Sin Prestamo,0,0.0,,13,23200.0,9900.0,14953.846153,900.0,21000.0
4481,M,1975-06-16,23,OWNER,,1,Hl.m. Praha,Prague,1204953,12541.0,0.0,85677.0,0,,0.0,,0.0,Sin Prestamo,Sin Prestamo,0,0.0,,20,38800.0,20400.0,19070.0,200.0,27700.0
4482,M,1979-01-17,19,OWNER,,56,Breclav,south Moravia,124605,8772.0,5.0,2854.0,0,,0.0,,0.0,Sin Prestamo,Sin Prestamo,2,12285.0,6142.5,287,958145.0,930481.0,22203.411149,400.0,54663.0
4483,F,1966-08-29,32,OWNER,,63,Vyskov,south Moravia,86513,8288.0,4.0,1562.0,0,,0.0,,0.0,Sin Prestamo,Sin Prestamo,1,2107.0,2107.0,335,263494.0,222339.0,27534.376119,900.0,44457.0
4484,M,1955-04-11,43,OWNER,,37,Litomerice,north Bohemia,114006,9065.0,4.0,4147.0,0,,0.0,,0.0,Sin Prestamo,Sin Prestamo,1,3197.0,3197.0,98,256712.0,231553.0,29738.132653,200.0,53669.0
4485,M,1919-07-20,79,OWNER,,36,Liberec,north Bohemia,159617,9198.0,3.0,5796.0,0,,0.0,,0.0,Sin Prestamo,Sin Prestamo,1,2957.0,2957.0,321,378011.0,313030.0,35895.950155,800.0,65002.0
4486,F,1914-06-14,84,DISPONENT,,36,Liberec,north Bohemia,159617,9198.0,3.0,5796.0,0,,0.0,,0.0,Sin Prestamo,Sin Prestamo,0,0.0,,0,0.0,0.0,,,
4487,M,1974-08-14,24,OWNER,,22,Domazlice,west Bohemia,58400,8620.0,1.0,1089.0,0,,0.0,,0.0,Sin Prestamo,Sin Prestamo,2,2260.0,1130.0,189,118303.0,98497.0,19614.428571,500.0,26244.0
4488,F,1971-04-03,27,DISPONENT,,22,Domazlice,west Bohemia,58400,8620.0,1.0,1089.0,0,,0.0,,0.0,Sin Prestamo,Sin Prestamo,0,0.0,,0,0.0,0.0,,,
4489,M,1948-03-24,50,OWNER,,76,Sumperk,north Moravia,127369,8369.0,5.0,3736.0,0,,0.0,,0.0,Sin Prestamo,Sin Prestamo,1,8123.0,8123.0,63,181519.0,154364.0,30131.920634,1100.0,53553.0
4490,F,1956-02-18,42,DISPONENT,,76,Sumperk,north Moravia,127369,8369.0,5.0,3736.0,0,,0.0,,0.0,Sin Prestamo,Sin Prestamo,0,0.0,,0,0.0,0.0,,,
4491,F,1977-07-13,21,OWNER,,2,Benesov,central Bohemia,88884,8507.0,2.0,2159.0,0,,0.0,,0.0,Sin Prestamo,Sin Prestamo,0,0.0,,159,314580.0,239455.0,52252.616352,700.0,105445.0
4492,F,1965-09-08,33,OWNER,,16,Jindrichuv Hradec,south Bohemia,93931,8427.0,1.0,1874.0,0,,0.0,,0.0,Sin Prestamo,Sin Prestamo,1,2597.0,2597.0,53,172881.0,140261.0,56960.45283,400.0,99789.0
4493,M,1947-10-05,51,OWNER,,33,Decin,north Bohemia,133777,8705.0,6.0,4650.0,0,,0.0,,0.0,Sin Prestamo,Sin Prestamo,1,7642.0,7642.0,239,787862.0,707071.0,48701.769874,800.0,88110.0
4494,M,1952-11-09,46,OWNER,,54,Brno - mesto,south Moravia,387570,9897.0,2.0,18721.0,0,,0.0,,0.0,Sin Prestamo,Sin Prestamo,2,9373.0,4686.5,198,1052904.0,986278.0,42634.469696,400.0,115659.0
4495,M,1979-04-11,19,OWNER,,66,Zdar nad Sazavou,south Moravia,125832,8512.0,4.0,2247.0,0,,0.0,,0.0,Sin Prestamo,Sin Prestamo,3,8464.0,2821.333333,241,520130.0,441470.0,51164.970954,600.0,82056.0
4496,M,1971-02-19,27,OWNER,,10,Praha - vychod,central Bohemia,92084,10124.0,1.0,3810.0,0,,0.0,,0.0,Sin Prestamo,Sin Prestamo,0,0.0,,245,658075.0,627852.0,30371.861224,1000.0,48358.0
4497,F,1964-09-14,34,DISPONENT,,10,Praha - vychod,central Bohemia,92084,10124.0,1.0,3810.0,0,,0.0,,0.0,Sin Prestamo,Sin Prestamo,0,0.0,,0,0.0,0.0,,,
4498,M,1931-12-28,67,OWNER,,31,Tachov,west Bohemia,51313,8930.0,4.0,1328.0,0,,0.0,,0.0,Sin Prestamo,Sin Prestamo,1,2941.0,2941.0,201,197173.0,181115.0,16972.726368,300.0,25418.0
4499,F,1929-09-28,69,DISPONENT,,31,Tachov,west Bohemia,51313,8930.0,4.0,1328.0,0,,0.0,,0.0,Sin Prestamo,Sin Prestamo,0,0.0,,0,0.0,0.0,,,
4500,M,1924-08-12,74,OWNER,,17,Pelhrimov,south Bohemia,74062,8114.0,2.0,1003.0,0,,0.0,,0.0,Sin Prestamo,Sin Prestamo,1,1944.0,1944.0,251,276291.0,215423.0,36014.860557,800.0,62980.0
4501,F,1947-03-18,51,OWNER,,70,Karvina,north Moravia,285387,10177.0,7.0,9878.0,0,,0.0,,0.0,Sin Prestamo,Sin Prestamo,1,1974.0,1974.0,139,95093.0,69744.0,18872.985611,1100.0,26063.0
4502,M,1932-01-10,66,OWNER,,21,Tabor,south Bohemia,103347,9104.0,2.0,2299.0,0,,0.0,,0.0,Sin Prestamo,Sin Prestamo,1,1668.0,1668.0,86,90939.0,64490.0,26290.476744,500.0,37924.0
4503,F,1928-05-28,70,DISPONENT,,21,Tabor,south Bohemia,103347,9104.0,2.0,2299.0,0,,0.0,,0.0,Sin Prestamo,Sin Prestamo,0,0.0,,0,0.0,0.0,,,
4504,F,1965-11-24,33,OWNER,,33,Decin,north Bohemia,133777,8705.0,6.0,4650.0,0,,0.0,,0.0,Sin Prestamo,Sin Prestamo,1,11123.0,11123.0,181,1250676.0,1225730.0,59715.215469,1000.0,128079.0
4505,M,1966-07-06,32,DISPONENT,,33,Decin,north Bohemia,133777,8705.0,6.0,4650.0,0,,0.0,,0.0,Sin Prestamo,Sin Prestamo,0,0.0,,0,0.0,0.0,,,
4506,F,1954-11-30,44,OWNER,,11,Praha - zapad,central Bohemia,75637,9622.0,0.0,3475.0,0,,0.0,,0.0,Sin Prestamo,Sin Prestamo,0,0.0,,340,422473.0,427939.0,18243.491176,-12790.0,37487.0
4507,M,1970-08-03,28,OWNER,,1,Hl.m. Praha,Prague,1204953,12541.0,0.0,85677.0,0,,0.0,,0.0,Sin Prestamo,Sin Prestamo,2,7475.0,3737.5,318,2021625.0,2006251.0,55679.704402,300.0,141990.0
4508,M,1921-11-14,77,OWNER,,54,Brno - mesto,south Moravia,387570,9897.0,2.0,18721.0,0,,0.0,,0.0,Sin Prestamo,Sin Prestamo,1,3500.0,3500.0,154,227483.0,196025.0,30980.753246,1000.0,43395.0
4509,F,1920-03-12,78,DISPONENT,,54,Brno - mesto,south Moravia,387570,9897.0,2.0,18721.0,0,,0.0,,0.0,Sin Prestamo,Sin Prestamo,0,0.0,,0,0.0,0.0,,,
4510,F,1938-12-28,60,OWNER,,34,Chomutov,north Bohemia,125236,9675.0,6.0,5323.0,0,,0.0,,0.0,Sin Prestamo,Sin Prestamo,2,3834.0,1917.0,273,321561.0,280893.0,29935.65934,1100.0,44798.0
4511,F,1945-04-27,53,OWNER,,51,Trutnov,east Bohemia,121947,8541.0,3.0,3496.0,0,,0.0,,0.0,Sin Prestamo,Sin Prestamo,1,5750.0,5750.0,353,1446425.0,1394480.0,41891.592067,700.0,73194.0
4512,M,1963-10-19,35,OWNER,,1,Hl.m. Praha,Prague,1204953,12541.0,0.0,85677.0,0,,0.0,,0.0,Sin Prestamo,Sin Prestamo,0,0.0,,91,433731.0,387100.0,44694.538461,600.0,73466.0
4514,M,1940-12-25,58,OWNER,,65,Znojmo,south Moravia,114200,8403.0,6.0,2157.0,0,,0.0,,0.0,Sin Prestamo,Sin Prestamo,1,4228.0,4228.0,151,219602.0,198017.0,27267.0,800.0,40926.0
4515,F,1920-09-28,78,OWNER,,59,Kromeriz,south Moravia,108871,8444.0,3.0,2595.0,0,,0.0,,0.0,Sin Prestamo,Sin Prestamo,1,2969.0,2969.0,82,91638.0,73689.0,21340.341463,1000.0,30768.0
4516,F,1961-09-27,37,OWNER,,1,Hl.m. Praha,Prague,1204953,12541.0,0.0,85677.0,0,,0.0,,0.0,Sin Prestamo,Sin Prestamo,4,7510.0,1877.5,230,758720.0,695510.0,34962.334782,600.0,71901.0
4518,F,1952-04-04,46,OWNER,,39,Most,north Bohemia,119895,10446.0,7.0,4947.0,0,,0.0,,0.0,Sin Prestamo,Sin Prestamo,2,12310.0,6155.0,476,2146330.0,2090774.0,62987.873949,900.0,154590.0
4519,F,1951-10-31,47,OWNER,,70,Karvina,north Moravia,285387,10177.0,7.0,9878.0,0,,0.0,,0.0,Sin Prestamo,Sin Prestamo,3,6242.0,2080.666666,193,656903.0,552793.0,72902.911917,1000.0,108608.0
4520,F,1957-06-28,41,OWNER,True,1,Hl.m. Praha,Prague,1204953,12541.0,0.0,85677.0,1,5739.0,76380.0,12.0,6365.0,A,Cerrado,4,12081.0,3020.25,421,649478.0,632417.0,17848.691211,1100.0,41703.0
4521,M,1943-09-09,55,OWNER,,1,Hl.m. Praha,Prague,1204953,12541.0,0.0,85677.0,0,,0.0,,0.0,Sin Prestamo,Sin Prestamo,2,2128.0,1064.0,380,212880.0,196308.0,17199.047368,1000.0,22689.0
4522,F,1950-11-01,48,OWNER,,68,Frydek - Mistek,north Moravia,228848,9893.0,4.0,5623.0,0,,0.0,,0.0,Sin Prestamo,Sin Prestamo,1,3904.0,3904.0,146,725254.0,664681.0,59591.636986,800.0,91968.0
4523,M,1952-03-09,46,DISPONENT,,68,Frydek - Mistek,north Moravia,228848,9893.0,4.0,5623.0,0,,0.0,,0.0,Sin Prestamo,Sin Prestamo,0,0.0,,0,0.0,0.0,,,
4524,M,1957-07-14,41,OWNER,,77,Vsetin,north Moravia,148545,8909.0,4.0,3460.0,0,,0.0,,0.0,Sin Prestamo,Sin Prestamo,1,7774.0,7774.0,266,1013248.0,953254.0,43052.966165,1000.0,83435.0
4525,F,1964-07-17,34,DISPONENT,,77,Vsetin,north Moravia,148545,8909.0,4.0,3460.0,0,,0.0,,0.0,Sin Prestamo,Sin Prestamo,0,0.0,,0,0.0,0.0,,,
4526,F,1970-04-24,28,OWNER,,70,Karvina,north Moravia,285387,10177.0,7.0,9878.0,0,,0.0,,0.0,Sin Prestamo,Sin Prestamo,2,3156.0,1578.0,414,1380623.0,1329418.0,33810.601449,1100.0,66480.0
4527,F,1963-02-04,35,OWNER,True,1,Hl.m. Praha,Prague,1204953,12541.0,0.0,85677.0,1,5740.0,18564.0,12.0,1547.0,A,Cerrado,2,4765.0,2382.5,320,925237.0,835954.0,54388.89375,200.0,93906.0
4528,M,1922-01-09,76,OWNER,,28,Plzen - sever,west Bohemia,72541,8594.0,2.0,1580.0,0,,0.0,,0.0,Sin Prestamo,Sin Prestamo,1,1540.0,1540.0,246,280141.0,231755.0,33672.321138,900.0,51054.0
4529,M,1976-09-16,22,OWNER,True,37,Litomerice,north Bohemia,114006,9065.0,4.0,4147.0,1,5741.0,68544.0,24.0,2856.0,A,Cerrado,5,9829.0,1965.8,312,1106946.0,1029563.0,49882.320512,900.0,96559.0
4530,F,1984-09-18,14,DISPONENT,True,37,Litomerice,north Bohemia,114006,9065.0,4.0,4147.0,0,,0.0,,0.0,Sin Prestamo,Sin Prestamo,0,0.0,,0,0.0,0.0,,,
4531,F,1964-06-25,34,OWNER,,64,Zlin,south Moravia,197099,9624.0,2.0,4484.0,0,,0.0,,0.0,Sin Prestamo,Sin Prestamo,2,16456.0,8228.0,230,1578596.0,1548336.0,51505.873913,200.0,141091.0
4532,M,1953-10-09,45,OWNER,,39,Most,north Bohemia,119895,10446.0,7.0,4947.0,0,,0.0,,0.0,Sin Prestamo,Sin Prestamo,1,9023.0,9023.0,304,1918558.0,1848597.0,54471.026315,400.0,170755.0
4533,M,1980-01-29,18,OWNER,,64,Zlin,south Moravia,197099,9624.0,2.0,4484.0,0,,0.0,,0.0,Sin Prestamo,Sin Prestamo,4,6952.0,1738.0,109,490169.0,456903.0,52947.66055,1100.0,91511.0
4534,M,1954-12-24,44,OWNER,,38,Louny,north Bohemia,85852,8965.0,7.0,2653.0,0,,0.0,,0.0,Sin Prestamo,Sin Prestamo,1,4009.0,4009.0,216,343758.0,302025.0,38766.217592,800.0,60150.0
4535,F,1931-12-03,67,OWNER,,1,Hl.m. Praha,Prague,1204953,12541.0,0.0,85677.0,0,,0.0,,0.0,Sin Prestamo,Sin Prestamo,1,1642.0,1642.0,298,301429.0,256725.0,20742.654362,600.0,44997.0
4536,M,1947-10-14,51,OWNER,,41,Usti nad Labem,north Bohemia,118650,9832.0,3.0,6445.0,0,,0.0,,0.0,Sin Prestamo,Sin Prestamo,1,2948.0,2948.0,391,2775032.0,2663919.0,55244.130434,1000.0,169292.0
4539,M,1942-12-12,56,OWNER,,55,Brno - venkov,south Moravia,157042,8743.0,2.0,3659.0,0,,0.0,,0.0,Sin Prestamo,Sin Prestamo,2,6855.0,3427.5,266,484779.0,455673.0,25904.296992,800.0,48225.0
4540,M,1936-01-16,62,OWNER,,69,Jesenik,north Moravia,42821,8173.0,,,0,,0.0,,0.0,Sin Prestamo,Sin Prestamo,1,2506.0,2506.0,214,202110.0,168949.0,33983.018691,900.0,46575.0
4541,F,1971-03-02,27,OWNER,,32,Ceska Lipa,north Bohemia,105058,9272.0,3.0,4340.0,0,,0.0,,0.0,Sin Prestamo,Sin Prestamo,3,2070.0,690.0,148,79580.0,62688.0,15316.986486,600.0,19938.0
4542,M,1954-02-06,44,OWNER,,29,Rokycany,west Bohemia,45714,8843.0,3.0,818.0,0,,0.0,,0.0,Sin Prestamo,Sin Prestamo,1,9546.0,9546.0,109,661556.0,553602.0,55741.816513,1000.0,107952.0
4543,M,1941-12-01,57,OWNER,,1,Hl.m. Praha,Prague,1204953,12541.0,0.0,85677.0,0,,0.0,,0.0,Sin Prestamo,Sin Prestamo,2,4536.0,2268.0,230,488221.0,426007.0,40065.304347,600.0,66439.0
4544,F,1955-06-13,43,OWNER,,52,Usti nad Orlici,east Bohemia,139012,8363.0,3.0,2564.0,0,,0.0,,0.0,Sin Prestamo,Sin Prestamo,0,0.0,,97,688162.0,611813.0,51911.556701,400.0,116983.0
4545,F,1936-01-20,62,OWNER,,3,Beroun,central Bohemia,75232,8980.0,2.0,2824.0,0,,0.0,,0.0,Sin Prestamo,Sin Prestamo,1,2050.0,2050.0,162,215823.0,192910.0,22995.302469,700.0,34603.0
4546,F,1951-04-20,47,OWNER,,23,Cheb,west Bohemia,87419,8624.0,2.0,2879.0,0,,0.0,,0.0,Sin Prestamo,Sin Prestamo,1,9060.0,9060.0,220,820520.0,744990.0,56538.222727,200.0,117773.0
4547,F,1943-12-30,55,OWNER,,9,Nymburk,central Bohemia,81344,8899.0,3.0,2987.0,0,,0.0,,0.0,Sin Prestamo,Sin Prestamo,1,1152.0,1152.0,319,1880307.0,1786284.0,55906.485893,700.0,163152.0
4548,M,1958-01-05,40,OWNER,,7,Melnik,central Bohemia,94725,9920.0,2.0,4289.0,0,,0.0,,0.0,Sin Prestamo,Sin Prestamo,1,7775.0,7775.0,214,962288.0,918855.0,43306.584112,1100.0,77178.0
4549,F,1920-10-30,78,OWNER,,10,Praha - vychod,central Bohemia,92084,10124.0,1.0,3810.0,0,,0.0,,0.0,Sin Prestamo,Sin Prestamo,1,3146.0,3146.0,91,118007.0,94691.0,21690.395604,700.0,34703.0
4550,F,1942-10-17,56,OWNER,,72,Olomouc,north Moravia,226122,8994.0,4.0,9672.0,0,,0.0,,0.0,Sin Prestamo,Sin Prestamo,2,8626.0,4313.0,172,410583.0,378163.0,27262.244186,300.0,57568.0
4551,M,1924-04-29,74,OWNER,,60,Prostejov,south Moravia,110643,8441.0,3.0,1879.0,0,,0.0,,0.0,Sin Prestamo,Sin Prestamo,1,2448.0,2448.0,359,410513.0,390793.0,19937.24791,300.0,30980.0
4552,F,1919-02-28,79,DISPONENT,,60,Prostejov,south Moravia,110643,8441.0,3.0,1879.0,0,,0.0,,0.0,Sin Prestamo,Sin Prestamo,0,0.0,,0,0.0,0.0,,,
4553,F,1945-02-23,53,OWNER,,1,Hl.m. Praha,Prague,1204953,12541.0,0.0,85677.0,0,,0.0,,0.0,Sin Prestamo,Sin Prestamo,2,7000.0,3500.0,163,669393.0,596776.0,59375.515337,1000.0,85278.0
4554,M,1937-07-24,61,OWNER,,70,Karvina,north Moravia,285387,10177.0,7.0,9878.0,0,,0.0,,0.0,Sin Prestamo,Sin Prestamo,3,2148.0,716.0,286,155569.0,128514.0,22034.174825,200.0,30689.0
4555,M,1960-08-07,38,OWNER,,52,Usti nad Orlici,east Bohemia,139012,8363.0,3.0,2564.0,0,,0.0,,0.0,Sin Prestamo,Sin Prestamo,2,4550.0,2275.0,400,1669020.0,1572465.0,70632.1975,1100.0,130297.0
4556,M,1970-05-31,28,OWNER,,74,Ostrava - mesto,north Moravia,323870,10673.0,5.0,18782.0,0,,0.0,,0.0,Sin Prestamo,Sin Prestamo,3,3981.0,1327.0,312,539580.0,480437.0,45016.964743,200.0,75965.0
4557,F,1932-10-24,66,OWNER,,44,Chrudim,east Bohemia,105606,8254.0,3.0,2166.0,0,,0.0,,0.0,Sin Prestamo,Sin Prestamo,2,1611.0,805.5,220,234593.0,215653.0,16862.931818,300.0,29960.0
4558,M,1928-09-27,70,DISPONENT,,44,Chrudim,east Bohemia,105606,8254.0,3.0,2166.0,0,,0.0,,0.0,Sin Prestamo,Sin Prestamo,0,0.0,,0,0.0,0.0,,,
4559,F,1958-03-09,40,OWNER,,35,Jablonec n. Nisou,north Bohemia,88768,8867.0,1.0,3384.0,0,,0.0,,0.0,Sin Prestamo,Sin Prestamo,1,7701.0,7701.0,375,1832661.0,1731904.0,65914.317333,800.0,115356.0
4560,M,1963-10-20,35,OWNER,,9,Nymburk,central Bohemia,81344,8899.0,3.0,2987.0,0,,0.0,,0.0,Sin Prestamo,Sin Prestamo,3,13951.0,4650.333333,149,686098.0,610401.0,46203.214765,1100.0,90857.0
4561,F,1968-06-29,30,OWNER,,40,Teplice,north Bohemia,128118,9317.0,6.0,6949.0,0,,0.0,,0.0,Sin Prestamo,Sin Prestamo,1,3041.0,3041.0,196,382545.0,359432.0,27118.035714,300.0,46189.0
4562,M,1965-10-11,33,OWNER,,25,Klatovy,west Bohemia,88757,8554.0,2.0,1822.0,0,,0.0,,0.0,Sin Prestamo,Sin Prestamo,2,4943.0,2471.5,226,334004.0,295000.0,25976.610619,400.0,46039.0
4563,F,1971-07-25,27,OWNER,,10,Praha - vychod,central Bohemia,92084,10124.0,1.0,3810.0,0,,0.0,,0.0,Sin Prestamo,Sin Prestamo,1,6502.0,6502.0,423,1986007.0,1921390.0,74952.501182,200.0,146168.0
4564,M,1975-08-25,23,DISPONENT,,10,Praha - vychod,central Bohemia,92084,10124.0,1.0,3810.0,0,,0.0,,0.0,Sin Prestamo,Sin Prestamo,0,0.0,,0,0.0,0.0,,,
4565,M,1948-03-03,50,OWNER,,14,Ceske Budejovice,south Bohemia,177686,10045.0,1.0,6604.0,0,,0.0,,0.0,Sin Prestamo,Sin Prestamo,0,0.0,,424,2992084.0,2931445.0,47682.537735,-2767.0,162208.0
4567,M,1937-02-12,61,OWNER,,70,Karvina,north Moravia,285387,10177.0,7.0,9878.0,0,,0.0,,0.0,Sin Prestamo,Sin Prestamo,2,6360.0,3180.0,413,1608609.0,1526837.0,49788.208232,800.0,88504.0
4568,M,1982-04-26,16,OWNER,,70,Karvina,north Moravia,285387,10177.0,7.0,9878.0,0,,0.0,,0.0,Sin Prestamo,Sin Prestamo,0,0.0,,409,585967.0,497355.0,51461.94132,300.0,111777.0
4569,F,1971-07-09,27,OWNER,,6,Kutna Hora,central Bohemia,77963,8546.0,3.0,2640.0,0,,0.0,,0.0,Sin Prestamo,Sin Prestamo,1,11244.0,11244.0,154,880144.0,833455.0,48798.655844,500.0,123718.0
4570,F,1939-11-03,59,OWNER,,1,Hl.m. Praha,Prague,1204953,12541.0,0.0,85677.0,0,,0.0,,0.0,Sin Prestamo,Sin Prestamo,0,0.0,,95,511659.0,502257.0,36321.147368,163.0,144731.0
4571,M,1967-11-07,31,OWNER,,1,Hl.m. Praha,Prague,1204953,12541.0,0.0,85677.0,0,,0.0,,0.0,Sin Prestamo,Sin Prestamo,3,7862.0,2620.666666,251,976953.0,918019.0,47936.223107,400.0,91508.0
4572,F,1936-05-21,62,OWNER,,28,Plzen - sever,west Bohemia,72541,8594.0,2.0,1580.0,0,,0.0,,0.0,Sin Prestamo,Sin Prestamo,1,3518.0,3518.0,324,348150.0,331180.0,18068.175925,300.0,27784.0
4573,F,1955-10-12,43,OWNER,,5,Kolin,central Bohemia,95616,9307.0,4.0,2616.0,0,,0.0,,0.0,Sin Prestamo,Sin Prestamo,1,5706.0,5706.0,171,384295.0,358331.0,27840.836257,300.0,46780.0
4574,F,1966-11-12,32,OWNER,,20,Strakonice,south Bohemia,70646,8547.0,3.0,1563.0,0,,0.0,,0.0,Sin Prestamo,Sin Prestamo,1,4536.0,4536.0,119,479547.0,404154.0,46162.411764,400.0,80743.0
4575,F,1964-09-20,34,OWNER,,36,Liberec,north Bohemia,159617,9198.0,3.0,5796.0,0,,0.0,,0.0,Sin Prestamo,Sin Prestamo,2,9098.0,4549.0,206,698202.0,637183.0,41933.30097,900.0,66564.0
4576,M,1958-06-27,40,OWNER,,53,Blansko,south Moravia,107911,8240.0,3.0,1850.0,0,,0.0,,0.0,Sin Prestamo,Sin Prestamo,1,8301.0,8301.0,398,1162158.0,1087693.0,46309.864321,400.0,90862.0
4577,F,1949-07-25,49,OWNER,,64,Zlin,south Moravia,197099,9624.0,2.0,4484.0,0,,0.0,,0.0,Sin Prestamo,Sin Prestamo,0,0.0,,91,73026.0,40900.0,28770.846153,1000.0,40106.0
4578,M,1976-12-27,22,OWNER,,15,Cesky Krumlov,south Bohemia,58796,9045.0,3.0,1845.0,0,,0.0,,0.0,Sin Prestamo,Sin Prestamo,2,9895.0,4947.5,93,272554.0,243587.0,25421.225806,200.0,54654.0
4579,F,1939-07-01,59,OWNER,,74,Ostrava - mesto,north Moravia,323870,10673.0,5.0,18782.0,0,,0.0,,0.0,Sin Prestamo,Sin Prestamo,4,6312.0,1578.0,196,447840.0,419452.0,44962.469387,900.0,70458.0
4580,F,1944-11-24,54,OWNER,,30,Sokolov,west Bohemia,94812,9650.0,3.0,2985.0,0,,0.0,,0.0,Sin Prestamo,Sin Prestamo,2,4928.0,2464.0,158,229197.0,218334.0,17734.056962,900.0,35840.0
4581,F,1956-06-16,42,OWNER,,1,Hl.m. Praha,Prague,1204953,12541.0,0.0,85677.0,0,,0.0,,0.0,Sin Prestamo,Sin Prestamo,0,0.0,,143,717699.0,656975.0,36413.223776,200.0,74448.0
4582,M,1918-10-12,80,OWNER,,44,Chrudim,east Bohemia,105606,8254.0,3.0,2166.0,0,,0.0,,0.0,Sin Prestamo,Sin Prestamo,1,3276.0,3276.0,148,159667.0,142967.0,18968.817567,200.0,26750.0
4583,F,1941-08-24,57,OWNER,,61,Trebic,south Moravia,117897,8814.0,5.0,2112.0,0,,0.0,,0.0,Sin Prestamo,Sin Prestamo,1,5188.0,5188.0,181,323548.0,298990.0,23462.806629,1100.0,43692.0
4584,F,1949-06-24,49,OWNER,True,7,Melnik,central Bohemia,94725,9920.0,2.0,4289.0,1,5750.0,63252.0,12.0,5271.0,A,Cerrado,3,10372.0,3457.333333,450,1980066.0,1940191.0,45728.6,13098.0,86343.0
4585,F,1948-09-10,50,OWNER,,9,Nymburk,central Bohemia,81344,8899.0,3.0,2987.0,0,,0.0,,0.0,Sin Prestamo,Sin Prestamo,1,5908.0,5908.0,314,737719.0,695855.0,35365.980891,1000.0,59446.0
4586,M,1951-08-13,47,DISPONENT,,9,Nymburk,central Bohemia,81344,8899.0,3.0,2987.0,0,,0.0,,0.0,Sin Prestamo,Sin Prestamo,0,0.0,,0,0.0,0.0,,,
4587,F,1978-05-06,20,OWNER,,36,Liberec,north Bohemia,159617,9198.0,3.0,5796.0,0,,0.0,,0.0,Sin Prestamo,Sin Prestamo,3,5712.0,1904.0,220,797976.0,743507.0,39276.427272,200.0,70301.0
4588,F,1976-11-05,22,OWNER,,53,Blansko,south Moravia,107911,8240.0,3.0,1850.0,0,,0.0,,0.0,Sin Prestamo,Sin Prestamo,1,4828.0,4828.0,226,862582.0,806465.0,54868.238938,1000.0,86137.0
4589,F,1976-09-15,22,OWNER,,2,Benesov,central Bohemia,88884,8507.0,2.0,2159.0,0,,0.0,,0.0,Sin Prestamo,Sin Prestamo,2,6733.0,3366.5,451,1148222.0,1070920.0,34583.747228,500.0,79590.0
4590,M,1936-03-17,62,OWNER,,1,Hl.m. Praha,Prague,1204953,12541.0,0.0,85677.0,0,,0.0,,0.0,Sin Prestamo,Sin Prestamo,3,3586.0,1195.333333,178,313389.0,252980.0,39095.702247,1000.0,61931.0
4591,M,1933-08-19,65,OWNER,,43,Hradec Kralove,east Bohemia,161854,9425.0,2.0,4085.0,0,,0.0,,0.0,Sin Prestamo,Sin Prestamo,1,2862.0,2862.0,207,280757.0,227961.0,33352.565217,500.0,58368.0
4592,F,1955-03-29,43,OWNER,,1,Hl.m. Praha,Prague,1204953,12541.0,0.0,85677.0,0,,0.0,,0.0,Sin Prestamo,Sin Prestamo,1,2515.0,2515.0,145,141108.0,97115.0,33368.896551,800.0,47543.0
4593,M,1932-07-03,66,OWNER,,72,Olomouc,north Moravia,226122,8994.0,4.0,9672.0,0,,0.0,,0.0,Sin Prestamo,Sin Prestamo,1,2125.0,2125.0,226,239755.0,193445.0,30291.048672,400.0,48260.0
4594,M,1940-11-25,58,OWNER,,1,Hl.m. Praha,Prague,1204953,12541.0,0.0,85677.0,0,,0.0,,0.0,Sin Prestamo,Sin Prestamo,3,6873.0,2291.0,91,179604.0,152765.0,27693.934065,1100.0,43659.0
4595,F,1940-11-29,58,DISPONENT,,1,Hl.m. Praha,Prague,1204953,12541.0,0.0,85677.0,0,,0.0,,0.0,Sin Prestamo,Sin Prestamo,0,0.0,,0,0.0,0.0,,,
4596,F,1973-08-31,25,OWNER,,74,Ostrava - mesto,north Moravia,323870,10673.0,5.0,18782.0,0,,0.0,,0.0,Sin Prestamo,Sin Prestamo,0,0.0,,23,32400.0,21600.0,19230.434782,900.0,28400.0
4597,F,1952-05-19,46,OWNER,,1,Hl.m. Praha,Prague,1204953,12541.0,0.0,85677.0,0,,0.0,,0.0,Sin Prestamo,Sin Prestamo,1,3162.0,3162.0,165,935727.0,916445.0,48797.157575,400.0,129828.0
4598,F,1941-04-12,57,OWNER,,25,Klatovy,west Bohemia,88757,8554.0,2.0,1822.0,0,,0.0,,0.0,Sin Prestamo,Sin Prestamo,0,0.0,,33,70500.0,25900.0,32772.727272,400.0,44600.0
4599,M,1947-12-05,51,DISPONENT,,25,Klatovy,west Bohemia,88757,8554.0,2.0,1822.0,0,,0.0,,0.0,Sin Prestamo,Sin Prestamo,0,0.0,,0,0.0,0.0,,,
4600,M,1967-03-13,31,OWNER,,70,Karvina,north Moravia,285387,10177.0,7.0,9878.0,0,,0.0,,0.0,Sin Prestamo,Sin Prestamo,1,6529.0,6529.0,264,533504.0,505437.0,24939.992424,700.0,40529.0
4601,M,1935-04-02,63,OWNER,,1,Hl.m. Praha,Prague,1204953,12541.0,0.0,85677.0,0,,0.0,,0.0,Sin Prestamo,Sin Prestamo,3,9135.0,3045.0,560,1407699.0,1345525.0,46475.576785,600.0,82001.0
4602,F,1934-04-04,64,DISPONENT,,1,Hl.m. Praha,Prague,1204953,12541.0,0.0,85677.0,0,,0.0,,0.0,Sin Prestamo,Sin Prestamo,0,0.0,,0,0.0,0.0,,,
4603,F,1946-07-26,52,OWNER,,69,Jesenik,north Moravia,42821,8173.0,,,0,,0.0,,0.0,Sin Prestamo,Sin Prestamo,1,7102.0,7102.0,128,306752.0,281740.0,20695.539062,700.0,36243.0
4604,M,1968-10-02,30,OWNER,,67,Bruntal,north Moravia,106054,8110.0,6.0,3244.0,0,,0.0,,0.0,Sin Prestamo,Sin Prestamo,1,8054.0,8054.0,357,923901.0,846658.0,45745.064425,700.0,93071.0
4605,F,1980-09-09,18,OWNER,,18,Pisek,south Bohemia,70699,8968.0,3.0,1740.0,0,,0.0,,0.0,Sin Prestamo,Sin Prestamo,0,0.0,,177,317389.0,301350.0,27126.531073,500.0,68169.0
4606,M,1937-10-14,61,OWNER,,8,Mlada Boleslav,central Bohemia,112065,11277.0,1.0,5179.0,0,,0.0,,0.0,Sin Prestamo,Sin Prestamo,1,11657.0,11657.0,358,1325506.0,1307876.0,35142.798882,500.0,66578.0
4607,F,1976-11-16,22,OWNER,,74,Ostrava - mesto,north Moravia,323870,10673.0,5.0,18782.0,0,,0.0,,0.0,Sin Prestamo,Sin Prestamo,0,0.0,,94,185369.0,153415.0,22846.276595,1000.0,61108.0
4608,M,1945-01-18,53,OWNER,,41,Usti nad Labem,north Bohemia,118650,9832.0,3.0,6445.0,0,,0.0,,0.0,Sin Prestamo,Sin Prestamo,1,6198.0,6198.0,277,600937.0,567376.0,24397.01083,700.0,42367.0
4609,F,1976-12-19,22,OWNER,,7,Melnik,central Bohemia,94725,9920.0,2.0,4289.0,0,,0.0,,0.0,Sin Prestamo,Sin Prestamo,0,0.0,,149,271772.0,250380.0,24384.744966,400.0,68184.0
4610,F,1966-01-02,32,OWNER,,34,Chomutov,north Bohemia,125236,9675.0,6.0,5323.0,0,,0.0,,0.0,Sin Prestamo,Sin Prestamo,1,4518.0,4518.0,260,432528.0,375513.0,34299.038461,900.0,59853.0
4611,F,1953-05-10,45,OWNER,,1,Hl.m. Praha,Prague,1204953,12541.0,0.0,85677.0,0,,0.0,,0.0,Sin Prestamo,Sin Prestamo,0,0.0,,236,519791.0,476890.0,32394.487288,200.0,48842.0
4612,F,1960-09-23,38,OWNER,,44,Chrudim,east Bohemia,105606,8254.0,3.0,2166.0,0,,0.0,,0.0,Sin Prestamo,Sin Prestamo,1,2010.0,2010.0,60,50149.0,30585.0,15407.466666,1100.0,21977.0
4615,M,1951-07-31,47,OWNER,,56,Breclav,south Moravia,124605,8772.0,5.0,2854.0,0,,0.0,,0.0,Sin Prestamo,Sin Prestamo,1,5498.0,5498.0,112,371121.0,347972.0,35848.982142,700.0,61693.0
4617,M,1977-12-20,21,OWNER,,45,Jicin,east Bohemia,77917,8390.0,2.0,2080.0,0,,0.0,,0.0,Sin Prestamo,Sin Prestamo,2,4336.0,2168.0,218,319855.0,303586.0,22090.073394,200.0,39863.0
4618,F,1972-03-27,26,DISPONENT,,45,Jicin,east Bohemia,77917,8390.0,2.0,2080.0,0,,0.0,,0.0,Sin Prestamo,Sin Prestamo,0,0.0,,0,0.0,0.0,,,
4619,F,1941-02-20,57,OWNER,,77,Vsetin,north Moravia,148545,8909.0,4.0,3460.0,0,,0.0,,0.0,Sin Prestamo,Sin Prestamo,1,6760.0,6760.0,85,525901.0,440145.0,42453.6,800.0,120180.0
4620,F,1940-11-01,58,OWNER,True,54,Brno - mesto,south Moravia,387570,9897.0,2.0,18721.0,1,5754.0,23052.0,12.0,1921.0,A,Cerrado,5,8861.0,1772.2,665,1123741.0,1093104.0,24129.730827,700.0,54322.0
4621,M,1946-02-10,52,DISPONENT,True,54,Brno - mesto,south Moravia,387570,9897.0,2.0,18721.0,0,,0.0,,0.0,Sin Prestamo,Sin Prestamo,0,0.0,,0,0.0,0.0,,,
4622,F,1972-05-25,26,OWNER,,50,Svitavy,east Bohemia,102609,8187.0,5.0,2123.0,0,,0.0,,0.0,Sin Prestamo,Sin Prestamo,2,7584.0,3792.0,445,1099504.0,1061436.0,37428.635955,900.0,54516.0
4623,M,1967-05-09,31,OWNER,,68,Frydek - Mistek,north Moravia,228848,9893.0,4.0,5623.0,0,,0.0,,0.0,Sin Prestamo,Sin Prestamo,3,8995.0,2998.333333,77,339675.0,271991.0,56086.103896,300.0,73718.0
4624,F,1966-05-24,32,OWNER,,48,Rychnov nad Kneznou,east Bohemia,78955,9060.0,2.0,1655.0,0,,0.0,,0.0,Sin Prestamo,Sin Prestamo,1,1378.0,1378.0,330,1052190.0,1016098.0,41146.863636,800.0,73510.0
4625,M,1967-03-04,31,DISPONENT,,48,Rychnov nad Kneznou,east Bohemia,78955,9060.0,2.0,1655.0,0,,0.0,,0.0,Sin Prestamo,Sin Prestamo,0,0.0,,0,0.0,0.0,,,
4626,F,1947-11-24,51,OWNER,,3,Beroun,central Bohemia,75232,8980.0,2.0,2824.0,0,,0.0,,0.0,Sin Prestamo,Sin Prestamo,0,0.0,,251,780090.0,730865.0,31419.003984,800.0,52485.0
4627,M,1942-03-24,56,OWNER,,1,Hl.m. Praha,Prague,1204953,12541.0,0.0,85677.0,0,,0.0,,0.0,Sin Prestamo,Sin Prestamo,1,3072.0,3072.0,234,1546471.0,1469390.0,51313.239316,600.0,95204.0
4628,F,1938-05-31,60,DISPONENT,,1,Hl.m. Praha,Prague,1204953,12541.0,0.0,85677.0,0,,0.0,,0.0,Sin Prestamo,Sin Prestamo,0,0.0,,0,0.0,0.0,,,
4629,M,1923-05-10,75,OWNER,,76,Sumperk,north Moravia,127369,8369.0,5.0,3736.0,0,,0.0,,0.0,Sin Prestamo,Sin Prestamo,1,2559.0,2559.0,297,353588.0,317792.0,29013.767676,700.0,42619.0
4630,F,1915-09-27,83,DISPONENT,,76,Sumperk,north Moravia,127369,8369.0,5.0,3736.0,0,,0.0,,0.0,Sin Prestamo,Sin Prestamo,0,0.0,,0,0.0,0.0,,,
4631,F,1933-04-01,65,OWNER,,8,Mlada Boleslav,central Bohemia,112065,11277.0,1.0,5179.0,0,,0.0,,0.0,Sin Prestamo,Sin Prestamo,2,1663.0,831.5,256,218618.0,181706.0,22428.058593,800.0,40978.0
4632,M,1928-04-18,70,OWNER,,1,Hl.m. Praha,Prague,1204953,12541.0,0.0,85677.0,0,,0.0,,0.0,Sin Prestamo,Sin Prestamo,1,2776.0,2776.0,82,108925.0,58522.0,34621.04878,800.0,52975.0
4633,F,1980-10-31,18,OWNER,,62,Uherske Hradiste,south Moravia,145688,8544.0,1.0,2719.0,0,,0.0,,0.0,Sin Prestamo,Sin Prestamo,0,0.0,,116,211815.0,177880.0,23193.689655,700.0,64684.0
4634,F,1940-03-09,58,OWNER,,67,Bruntal,north Moravia,106054,8110.0,6.0,3244.0,0,,0.0,,0.0,Sin Prestamo,Sin Prestamo,1,2260.0,2260.0,328,232639.0,212530.0,19718.44817,200.0,26578.0
4635,M,1936-02-28,62,DISPONENT,,67,Bruntal,north Moravia,106054,8110.0,6.0,3244.0,0,,0.0,,0.0,Sin Prestamo,Sin Prestamo,0,0.0,,0,0.0,0.0,,,
4636,M,1977-09-22,21,OWNER,,48,Rychnov nad Kneznou,east Bohemia,78955,9060.0,2.0,1655.0,0,,0.0,,0.0,Sin Prestamo,Sin Prestamo,1,8866.0,8866.0,245,1160937.0,1116244.0,34863.212244,500.0,75188.0
4637,M,1969-02-13,29,OWNER,,61,Trebic,south Moravia,117897,8814.0,5.0,2112.0,0,,0.0,,0.0,Sin Prestamo,Sin Prestamo,1,2016.0,2016.0,79,62067.0,47991.0,13613.645569,700.0,18776.0
4638,F,1968-02-26,30,OWNER,,33,Decin,north Bohemia,133777,8705.0,6.0,4650.0,0,,0.0,,0.0,Sin Prestamo,Sin Prestamo,3,6390.0,2130.0,319,933778.0,866048.0,49784.37304,1100.0,84018.0
4639,M,1980-05-16,18,OWNER,,20,Strakonice,south Bohemia,70646,8547.0,3.0,1563.0,0,,0.0,,0.0,Sin Prestamo,Sin Prestamo,1,7241.0,7241.0,167,396181.0,315320.0,40787.491017,200.0,80870.0
4640,F,1956-05-07,42,OWNER,,75,Prerov,north Moravia,138032,8819.0,5.0,4063.0,0,,0.0,,0.0,Sin Prestamo,Sin Prestamo,1,4447.0,4447.0,287,933796.0,859150.0,45979.707317,900.0,82614.0
4641,M,1958-02-12,40,OWNER,,33,Decin,north Bohemia,133777,8705.0,6.0,4650.0,0,,0.0,,0.0,Sin Prestamo,Sin Prestamo,2,7157.0,3578.5,443,1454155.0,1362860.0,46472.954853,900.0,91314.0
4642,F,1960-08-03,38,DISPONENT,,33,Decin,north Bohemia,133777,8705.0,6.0,4650.0,0,,0.0,,0.0,Sin Prestamo,Sin Prestamo,0,0.0,,0,0.0,0.0,,,
4643,F,1969-07-21,29,OWNER,,1,Hl.m. Praha,Prague,1204953,12541.0,0.0,85677.0,0,,0.0,,0.0,Sin Prestamo,Sin Prestamo,2,10799.0,5399.5,115,456015.0,430167.0,33308.391304,300.0,124259.0
4644,M,1931-01-19,67,OWNER,,20,Strakonice,south Bohemia,70646,8547.0,3.0,1563.0,0,,0.0,,0.0,Sin Prestamo,Sin Prestamo,2,3364.0,1682.0,69,76636.0,61284.0,17440.47826,200.0,26529.0
4647,M,1978-08-20,20,OWNER,,8,Mlada Boleslav,central Bohemia,112065,11277.0,1.0,5179.0,0,,0.0,,0.0,Sin Prestamo,Sin Prestamo,2,2220.0,1110.0,205,141218.0,113725.0,24341.926829,300.0,36172.0
4648,M,1964-01-24,34,OWNER,,33,Decin,north Bohemia,133777,8705.0,6.0,4650.0,0,,0.0,,0.0,Sin Prestamo,Sin Prestamo,3,7323.0,2441.0,303,963745.0,941053.0,43107.676567,300.0,76259.0
4649,F,1928-06-25,70,OWNER,,45,Jicin,east Bohemia,77917,8390.0,2.0,2080.0,0,,0.0,,0.0,Sin Prestamo,Sin Prestamo,1,2280.0,2280.0,118,125358.0,111430.0,14295.381355,500.0,22734.0
4650,F,1965-07-15,33,OWNER,,54,Brno - mesto,south Moravia,387570,9897.0,2.0,18721.0,0,,0.0,,0.0,Sin Prestamo,Sin Prestamo,1,2183.0,2183.0,51,46745.0,27125.0,16712.313725,200.0,23138.0
4651,M,1979-01-24,19,OWNER,,2,Benesov,central Bohemia,88884,8507.0,2.0,2159.0,0,,0.0,,0.0,Sin Prestamo,Sin Prestamo,0,0.0,,196,276889.0,239980.0,29768.224489,300.0,59982.0
4652,M,1962-02-26,36,OWNER,,53,Blansko,south Moravia,107911,8240.0,3.0,1850.0,1,5758.0,307200.0,60.0,5120.0,D,Vigente,1,5120.0,5120.0,173,909069.0,888665.0,31669.208092,-11549.0,142668.0
4653,F,1946-12-18,52,OWNER,,4,Kladno,central Bohemia,149893,9753.0,5.0,5244.0,0,,0.0,,0.0,Sin Prestamo,Sin Prestamo,2,9572.0,4786.0,246,694275.0,661086.0,25405.58943,1100.0,50539.0
4654,F,1950-02-15,48,OWNER,,2,Benesov,central Bohemia,88884,8507.0,2.0,2159.0,0,,0.0,,0.0,Sin Prestamo,Sin Prestamo,1,4227.0,4227.0,124,624663.0,533303.0,62596.0,700.0,97154.0
4655,M,1947-10-14,51,DISPONENT,,2,Benesov,central Bohemia,88884,8507.0,2.0,2159.0,0,,0.0,,0.0,Sin Prestamo,Sin Prestamo,0,0.0,,0,0.0,0.0,,,
4656,M,1942-09-16,56,OWNER,,1,Hl.m. Praha,Prague,1204953,12541.0,0.0,85677.0,1,5760.0,74916.0,36.0,2081.0,C,Vigente,3,13413.0,4471.0,206,1327041.0,1270848.0,58488.03398,600.0,143677.0
4657,M,1941-09-13,57,OWNER,,15,Cesky Krumlov,south Bohemia,58796,9045.0,3.0,1845.0,0,,0.0,,0.0,Sin Prestamo,Sin Prestamo,1,8504.0,8504.0,356,926641.0,898262.0,26291.77528,600.0,52299.0
4658,M,1935-10-11,63,OWNER,,33,Decin,north Bohemia,133777,8705.0,6.0,4650.0,0,,0.0,,0.0,Sin Prestamo,Sin Prestamo,4,8237.0,2059.25,253,1022937.0,976449.0,49012.976284,1100.0,128941.0
4659,F,1959-04-14,39,OWNER,,50,Svitavy,east Bohemia,102609,8187.0,5.0,2123.0,0,,0.0,,0.0,Sin Prestamo,Sin Prestamo,1,5947.0,5947.0,251,1001072.0,967904.0,52098.175298,500.0,82000.0
4660,F,1975-07-06,23,OWNER,,60,Prostejov,south Moravia,110643,8441.0,3.0,1879.0,0,,0.0,,0.0,Sin Prestamo,Sin Prestamo,0,0.0,,61,181830.0,147145.0,26824.409836,700.0,60998.0
4661,F,1944-05-11,54,OWNER,,1,Hl.m. Praha,Prague,1204953,12541.0,0.0,85677.0,0,,0.0,,0.0,Sin Prestamo,Sin Prestamo,1,5476.0,5476.0,90,266218.0,234968.0,34488.544444,800.0,53747.0
4662,F,1927-02-10,71,OWNER,,1,Hl.m. Praha,Prague,1204953,12541.0,0.0,85677.0,0,,0.0,,0.0,Sin Prestamo,Sin Prestamo,1,3259.0,3259.0,305,348331.0,321525.0,21127.118032,200.0,34992.0
4663,M,1942-10-29,56,OWNER,,72,Olomouc,north Moravia,226122,8994.0,4.0,9672.0,0,,0.0,,0.0,Sin Prestamo,Sin Prestamo,2,7609.0,3804.5,388,2846317.0,2730671.0,74724.291237,700.0,167311.0
4664,M,1921-08-05,77,OWNER,,38,Louny,north Bohemia,85852,8965.0,7.0,2653.0,0,,0.0,,0.0,Sin Prestamo,Sin Prestamo,1,3673.0,3673.0,111,134656.0,121155.0,18502.099099,800.0,24936.0
4665,F,1926-08-27,72,OWNER,,9,Nymburk,central Bohemia,81344,8899.0,3.0,2987.0,0,,0.0,,0.0,Sin Prestamo,Sin Prestamo,2,1658.0,829.0,422,319116.0,259396.0,34513.274881,300.0,61655.0
4666,M,1928-06-12,70,DISPONENT,,9,Nymburk,central Bohemia,81344,8899.0,3.0,2987.0,0,,0.0,,0.0,Sin Prestamo,Sin Prestamo,0,0.0,,0,0.0,0.0,,,
4667,M,1941-04-26,57,OWNER,,25,Klatovy,west Bohemia,88757,8554.0,2.0,1822.0,0,,0.0,,0.0,Sin Prestamo,Sin Prestamo,5,13325.0,2665.0,158,353964.0,309242.0,32400.006329,1100.0,58177.0
4668,F,1938-06-25,60,DISPONENT,,25,Klatovy,west Bohemia,88757,8554.0,2.0,1822.0,0,,0.0,,0.0,Sin Prestamo,Sin Prestamo,0,0.0,,0,0.0,0.0,,,
4670,F,1968-08-14,30,OWNER,,51,Trutnov,east Bohemia,121947,8541.0,3.0,3496.0,0,,0.0,,0.0,Sin Prestamo,Sin Prestamo,1,5861.0,5861.0,247,489547.0,435609.0,37085.425101,200.0,69054.0
4671,M,1972-07-27,26,DISPONENT,,51,Trutnov,east Bohemia,121947,8541.0,3.0,3496.0,0,,0.0,,0.0,Sin Prestamo,Sin Prestamo,0,0.0,,0,0.0,0.0,,,
4672,M,1949-08-28,49,OWNER,,44,Chrudim,east Bohemia,105606,8254.0,3.0,2166.0,1,5765.0,153936.0,24.0,6414.0,C,Vigente,1,6414.0,6414.0,73,600447.0,542545.0,58962.945205,1100.0,117929.0
4673,M,1952-08-16,46,OWNER,,69,Jesenik,north Moravia,42821,8173.0,,,0,,0.0,,0.0,Sin Prestamo,Sin Prestamo,1,12056.0,12056.0,295,1778975.0,1713106.0,40884.962711,500.0,136914.0
4674,F,1978-12-27,20,OWNER,,59,Kromeriz,south Moravia,108871,8444.0,3.0,2595.0,0,,0.0,,0.0,Sin Prestamo,Sin Prestamo,1,3711.0,3711.0,133,612749.0,520806.0,56492.827067,500.0,94466.0
4675,M,1975-10-02,23,OWNER,,23,Cheb,west Bohemia,87419,8624.0,2.0,2879.0,0,,0.0,,0.0,Sin Prestamo,Sin Prestamo,3,1934.0,644.666666,364,204451.0,181829.0,21477.494505,500.0,34176.0
4677,F,1921-09-29,77,OWNER,,3,Beroun,central Bohemia,75232,8980.0,2.0,2824.0,0,,0.0,,0.0,Sin Prestamo,Sin Prestamo,1,1942.0,1942.0,152,203382.0,168978.0,30415.05921,800.0,44404.0
4678,M,1968-12-06,30,OWNER,,21,Tabor,south Bohemia,103347,9104.0,2.0,2299.0,0,,0.0,,0.0,Sin Prestamo,Sin Prestamo,2,4507.0,2253.5,210,289215.0,256018.0,25146.023809,800.0,39276.0
4679,M,1948-01-31,50,OWNER,,20,Strakonice,south Bohemia,70646,8547.0,3.0,1563.0,0,,0.0,,0.0,Sin Prestamo,Sin Prestamo,4,2164.0,541.0,566,285101.0,251309.0,20930.692579,500.0,34527.0
4680,F,1979-05-24,19,OWNER,,72,Olomouc,north Moravia,226122,8994.0,4.0,9672.0,0,,0.0,,0.0,Sin Prestamo,Sin Prestamo,0,0.0,,438,501231.0,454805.0,43358.383561,500.0,88337.0
4681,F,1949-10-08,49,OWNER,,1,Hl.m. Praha,Prague,1204953,12541.0,0.0,85677.0,0,,0.0,,0.0,Sin Prestamo,Sin Prestamo,1,5011.0,5011.0,124,243519.0,225251.0,19468.516129,700.0,34425.0
4682,M,1953-08-11,45,DISPONENT,,1,Hl.m. Praha,Prague,1204953,12541.0,0.0,85677.0,0,,0.0,,0.0,Sin Prestamo,Sin Prestamo,0,0.0,,0,0.0,0.0,,,
4683,M,1956-08-02,42,OWNER,,51,Trutnov,east Bohemia,121947,8541.0,3.0,3496.0,0,,0.0,,0.0,Sin Prestamo,Sin Prestamo,1,1176.0,1176.0,90,132096.0,106460.0,24083.244444,200.0,35543.0
4684,F,1953-03-05,45,OWNER,,1,Hl.m. Praha,Prague,1204953,12541.0,0.0,85677.0,0,,0.0,,0.0,Sin Prestamo,Sin Prestamo,0,0.0,,280,1804930.0,1769446.0,49575.7,400.0,158955.0
4685,M,1964-07-14,34,OWNER,,62,Uherske Hradiste,south Moravia,145688,8544.0,1.0,2719.0,0,,0.0,,0.0,Sin Prestamo,Sin Prestamo,1,2013.0,2013.0,174,154725.0,109901.0,38888.160919,200.0,52358.0
4686,M,1944-07-02,54,OWNER,,39,Most,north Bohemia,119895,10446.0,7.0,4947.0,0,,0.0,,0.0,Sin Prestamo,Sin Prestamo,0,0.0,,55,59801.0,50500.0,18363.672727,1000.0,26800.0
4687,F,1947-12-19,51,OWNER,,16,Jindrichuv Hradec,south Bohemia,93931,8427.0,1.0,1874.0,0,,0.0,,0.0,Sin Prestamo,Sin Prestamo,2,1940.0,970.0,93,54351.0,38798.0,13238.462365,1100.0,16712.0
4688,M,1940-09-11,58,DISPONENT,,16,Jindrichuv Hradec,south Bohemia,93931,8427.0,1.0,1874.0,0,,0.0,,0.0,Sin Prestamo,Sin Prestamo,0,0.0,,0,0.0,0.0,,,
4689,M,1963-04-26,35,OWNER,,50,Svitavy,east Bohemia,102609,8187.0,5.0,2123.0,0,,0.0,,0.0,Sin Prestamo,Sin Prestamo,1,5467.0,5467.0,194,386068.0,335485.0,33903.92268,400.0,64839.0
4690,F,1962-08-26,36,OWNER,,66,Zdar nad Sazavou,south Moravia,125832,8512.0,4.0,2247.0,0,,0.0,,0.0,Sin Prestamo,Sin Prestamo,1,3172.0,3172.0,387,1167194.0,1080725.0,48361.96124,600.0,102984.0
4691,M,1964-01-28,34,DISPONENT,,66,Zdar nad Sazavou,south Moravia,125832,8512.0,4.0,2247.0,0,,0.0,,0.0,Sin Prestamo,Sin Prestamo,0,0.0,,0,0.0,0.0,,,
4692,F,1955-04-06,43,OWNER,,76,Sumperk,north Moravia,127369,8369.0,5.0,3736.0,0,,0.0,,0.0,Sin Prestamo,Sin Prestamo,1,2238.0,2238.0,300,211151.0,199789.0,9777.573333,800.0,19757.0
4693,M,1943-03-02,55,OWNER,,42,Havlickuv Brod,east Bohemia,95907,8388.0,2.0,1658.0,0,,0.0,,0.0,Sin Prestamo,Sin Prestamo,2,3035.0,1517.5,146,157445.0,129125.0,22623.102739,600.0,33246.0
4694,F,1943-04-15,55,DISPONENT,,42,Havlickuv Brod,east Bohemia,95907,8388.0,2.0,1658.0,0,,0.0,,0.0,Sin Prestamo,Sin Prestamo,0,0.0,,0,0.0,0.0,,,
4695,M,1925-12-11,73,OWNER,,52,Usti nad Orlici,east Bohemia,139012,8363.0,3.0,2564.0,0,,0.0,,0.0,Sin Prestamo,Sin Prestamo,2,3366.0,1683.0,145,189614.0,136988.0,36553.565517,600.0,56783.0
4696,F,1933-04-12,65,DISPONENT,,52,Usti nad Orlici,east Bohemia,139012,8363.0,3.0,2564.0,0,,0.0,,0.0,Sin Prestamo,Sin Prestamo,0,0.0,,0,0.0,0.0,,,
4697,F,1957-09-25,41,OWNER,,27,Plzen - jih,west Bohemia,67298,8561.0,1.0,1029.0,0,,0.0,,0.0,Sin Prestamo,Sin Prestamo,1,4414.0,4414.0,225,482035.0,452724.0,25295.791111,1100.0,51184.0
4698,M,1963-03-31,35,OWNER,,45,Jicin,east Bohemia,77917,8390.0,2.0,2080.0,0,,0.0,,0.0,Sin Prestamo,Sin Prestamo,2,4244.0,2122.0,260,1487651.0,1418963.0,59588.988461,400.0,114615.0
4699,F,1963-11-12,35,OWNER,,13,Rakovnik,central Bohemia,53921,8598.0,3.0,1597.0,0,,0.0,,0.0,Sin Prestamo,Sin Prestamo,1,5350.0,5350.0,108,491717.0,404575.0,58943.231481,1000.0,87150.0
4700,F,1937-06-15,61,OWNER,,70,Karvina,north Moravia,285387,10177.0,7.0,9878.0,0,,0.0,,0.0,Sin Prestamo,Sin Prestamo,1,2650.0,2650.0,306,409906.0,327985.0,34066.032679,800.0,84905.0
4701,M,1941-06-28,57,OWNER,,22,Domazlice,west Bohemia,58400,8620.0,1.0,1089.0,0,,0.0,,0.0,Sin Prestamo,Sin Prestamo,1,3069.0,3069.0,169,637660.0,593369.0,60827.242603,800.0,97772.0
4704,F,1955-04-29,43,OWNER,,12,Pribram,central Bohemia,107870,8754.0,4.0,3804.0,0,,0.0,,0.0,Sin Prestamo,Sin Prestamo,1,932.0,932.0,75,306274.0,246965.0,53925.493333,1100.0,86228.0
4705,M,1955-09-12,43,OWNER,,1,Hl.m. Praha,Prague,1204953,12541.0,0.0,85677.0,0,,0.0,,0.0,Sin Prestamo,Sin Prestamo,2,6435.0,3217.5,259,458045.0,439165.0,27044.949806,800.0,45674.0
4706,F,1943-07-11,55,OWNER,,58,Jihlava,south Moravia,109164,8757.0,3.0,2212.0,0,,0.0,,0.0,Sin Prestamo,Sin Prestamo,1,6583.0,6583.0,271,915508.0,864774.0,34260.295202,500.0,60074.0
4707,M,1940-11-05,58,DISPONENT,,58,Jihlava,south Moravia,109164,8757.0,3.0,2212.0,0,,0.0,,0.0,Sin Prestamo,Sin Prestamo,0,0.0,,0,0.0,0.0,,,
4708,M,1950-07-14,48,OWNER,,18,Pisek,south Bohemia,70699,8968.0,3.0,1740.0,0,,0.0,,0.0,Sin Prestamo,Sin Prestamo,1,2075.0,2075.0,121,86583.0,63680.0,19006.016528,600.0,23377.0
4709,M,1978-04-16,20,OWNER,,54,Brno - mesto,south Moravia,387570,9897.0,2.0,18721.0,0,,0.0,,0.0,Sin Prestamo,Sin Prestamo,1,7689.0,7689.0,122,707044.0,678393.0,47856.729508,800.0,122675.0
4710,F,1961-05-09,37,OWNER,,52,Usti nad Orlici,east Bohemia,139012,8363.0,3.0,2564.0,1,5772.0,334620.0,60.0,5577.0,C,Vigente,1,5577.0,5577.0,94,667676.0,574549.0,66272.042553,1100.0,98482.0
4711,M,1955-07-23,43,DISPONENT,,52,Usti nad Orlici,east Bohemia,139012,8363.0,3.0,2564.0,0,,0.0,,0.0,Sin Prestamo,Sin Prestamo,0,0.0,,0,0.0,0.0,,,
4712,F,1960-06-06,38,OWNER,,37,Litomerice,north Bohemia,114006,9065.0,4.0,4147.0,1,5773.0,133848.0,24.0,5577.0,C,Vigente,1,5577.0,5577.0,173,954591.0,909072.0,44806.34104,600.0,133751.0
4713,F,1918-11-04,80,OWNER,,13,Rakovnik,central Bohemia,53921,8598.0,3.0,1597.0,0,,0.0,,0.0,Sin Prestamo,Sin Prestamo,2,2638.0,1319.0,120,112867.0,94794.0,19390.433333,700.0,29850.0
4714,M,1911-08-20,87,DISPONENT,,13,Rakovnik,central Bohemia,53921,8598.0,3.0,1597.0,0,,0.0,,0.0,Sin Prestamo,Sin Prestamo,0,0.0,,0,0.0,0.0,,,
4715,F,1976-08-12,22,OWNER,,15,Cesky Krumlov,south Bohemia,58796,9045.0,3.0,1845.0,0,,0.0,,0.0,Sin Prestamo,Sin Prestamo,3,9609.0,3203.0,556,1894830.0,1839184.0,45497.13669,700.0,84241.0
4716,F,1933-08-02,65,OWNER,,10,Praha - vychod,central Bohemia,92084,10124.0,1.0,3810.0,0,,0.0,,0.0,Sin Prestamo,Sin Prestamo,1,2673.0,2673.0,94,105952.0,90117.0,17297.5,1000.0,24387.0
4717,M,1944-08-09,54,OWNER,,32,Ceska Lipa,north Bohemia,105058,9272.0,3.0,4340.0,0,,0.0,,0.0,Sin Prestamo,Sin Prestamo,1,1946.0,1946.0,40,35712.0,18223.0,14130.55,200.0,19366.0
4718,M,1932-11-22,66,OWNER,,2,Benesov,central Bohemia,88884,8507.0,2.0,2159.0,0,,0.0,,0.0,Sin Prestamo,Sin Prestamo,2,2728.0,1364.0,342,356913.0,314543.0,29961.324561,700.0,42383.0
4719,M,1937-02-18,61,OWNER,,23,Cheb,west Bohemia,87419,8624.0,2.0,2879.0,0,,0.0,,0.0,Sin Prestamo,Sin Prestamo,1,7333.0,7333.0,141,438342.0,385216.0,37601.361702,900.0,56581.0
4720,F,1946-05-06,52,OWNER,,33,Decin,north Bohemia,133777,8705.0,6.0,4650.0,0,,0.0,,0.0,Sin Prestamo,Sin Prestamo,1,6118.0,6118.0,227,959753.0,861273.0,59214.555066,200.0,108542.0
4721,F,1956-03-21,42,OWNER,,65,Znojmo,south Moravia,114200,8403.0,6.0,2157.0,0,,0.0,,0.0,Sin Prestamo,Sin Prestamo,1,9510.0,9510.0,408,1748796.0,1692910.0,47969.566176,300.0,82103.0
4722,M,1972-01-28,26,OWNER,,8,Mlada Boleslav,central Bohemia,112065,11277.0,1.0,5179.0,1,5774.0,96984.0,36.0,2694.0,C,Vigente,4,17242.0,4310.5,94,275044.0,260142.0,18985.946808,800.0,50063.0
4723,F,1941-02-06,57,OWNER,,1,Hl.m. Praha,Prague,1204953,12541.0,0.0,85677.0,0,,0.0,,0.0,Sin Prestamo,Sin Prestamo,4,6256.0,1564.0,268,764182.0,699695.0,42557.272388,600.0,69722.0
4724,F,1973-10-14,25,OWNER,,53,Blansko,south Moravia,107911,8240.0,3.0,1850.0,0,,0.0,,0.0,Sin Prestamo,Sin Prestamo,1,4865.0,4865.0,320,638313.0,600745.0,24928.63125,700.0,55645.0
4725,M,1945-11-17,53,OWNER,,34,Chomutov,north Bohemia,125236,9675.0,6.0,5323.0,0,,0.0,,0.0,Sin Prestamo,Sin Prestamo,1,3521.0,3521.0,66,276924.0,219045.0,51822.727272,200.0,81477.0
4726,F,1952-07-04,46,DISPONENT,,34,Chomutov,north Bohemia,125236,9675.0,6.0,5323.0,0,,0.0,,0.0,Sin Prestamo,Sin Prestamo,0,0.0,,0,0.0,0.0,,,
4727,F,1970-11-23,28,OWNER,,74,Ostrava - mesto,north Moravia,323870,10673.0,5.0,18782.0,0,,0.0,,0.0,Sin Prestamo,Sin Prestamo,0,0.0,,293,1824415.0,1755016.0,53568.634812,600.0,156780.0
4728,M,1970-10-31,28,DISPONENT,,74,Ostrava - mesto,north Moravia,323870,10673.0,5.0,18782.0,0,,0.0,,0.0,Sin Prestamo,Sin Prestamo,0,0.0,,0,0.0,0.0,,,
4729,M,1945-07-07,53,OWNER,,18,Pisek,south Bohemia,70699,8968.0,3.0,1740.0,0,,0.0,,0.0,Sin Prestamo,Sin Prestamo,0,0.0,,277,1708406.0,1676001.0,57985.090252,800.0,142681.0
4730,M,1920-05-04,78,OWNER,,68,Frydek - Mistek,north Moravia,228848,9893.0,4.0,5623.0,0,,0.0,,0.0,Sin Prestamo,Sin Prestamo,1,2953.0,2953.0,54,81099.0,69392.0,19941.814814,900.0,34087.0
4731,F,1973-02-11,25,OWNER,,52,Usti nad Orlici,east Bohemia,139012,8363.0,3.0,2564.0,0,,0.0,,0.0,Sin Prestamo,Sin Prestamo,1,5037.0,5037.0,383,1675805.0,1561565.0,62989.248041,400.0,121940.0
4732,M,1918-03-17,80,OWNER,,70,Karvina,north Moravia,285387,10177.0,7.0,9878.0,0,,0.0,,0.0,Sin Prestamo,Sin Prestamo,1,3093.0,3093.0,150,164725.0,140345.0,20299.686666,300.0,31101.0
4733,M,1955-07-17,43,OWNER,,1,Hl.m. Praha,Prague,1204953,12541.0,0.0,85677.0,0,,0.0,,0.0,Sin Prestamo,Sin Prestamo,2,6503.0,3251.5,301,1651032.0,1622782.0,55545.332225,400.0,140989.0
4734,M,1925-03-21,73,OWNER,,72,Olomouc,north Moravia,226122,8994.0,4.0,9672.0,0,,0.0,,0.0,Sin Prestamo,Sin Prestamo,1,2232.0,2232.0,254,284194.0,236724.0,36412.767716,400.0,52499.0
4735,F,1922-10-23,76,DISPONENT,,72,Olomouc,north Moravia,226122,8994.0,4.0,9672.0,0,,0.0,,0.0,Sin Prestamo,Sin Prestamo,0,0.0,,0,0.0,0.0,,,
4736,F,1943-05-28,55,OWNER,,56,Breclav,south Moravia,124605,8772.0,5.0,2854.0,0,,0.0,,0.0,Sin Prestamo,Sin Prestamo,2,3326.0,1663.0,407,442540.0,399517.0,26558.874692,1000.0,43228.0
4737,F,1981-06-01,17,OWNER,,24,Karlovy Vary,west Bohemia,122603,8991.0,1.0,5198.0,0,,0.0,,0.0,Sin Prestamo,Sin Prestamo,0,0.0,,159,224027.0,183620.0,40112.742138,900.0,71228.0
4739,F,1960-03-08,38,OWNER,,37,Litomerice,north Bohemia,114006,9065.0,4.0,4147.0,0,,0.0,,0.0,Sin Prestamo,Sin Prestamo,1,9101.0,9101.0,240,930531.0,880084.0,26147.504166,800.0,60871.0
4740,M,1977-06-12,21,OWNER,,28,Plzen - sever,west Bohemia,72541,8594.0,2.0,1580.0,0,,0.0,,0.0,Sin Prestamo,Sin Prestamo,0,0.0,,169,758051.0,694170.0,56362.976331,1000.0,85872.0
4741,F,1929-07-29,69,OWNER,,74,Ostrava - mesto,north Moravia,323870,10673.0,5.0,18782.0,0,,0.0,,0.0,Sin Prestamo,Sin Prestamo,1,1593.0,1593.0,153,204142.0,187065.0,19173.633986,600.0,35385.0
4742,F,1949-04-13,49,OWNER,,61,Trebic,south Moravia,117897,8814.0,5.0,2112.0,0,,0.0,,0.0,Sin Prestamo,Sin Prestamo,1,1616.0,1616.0,153,553346.0,539324.0,38320.653594,700.0,79789.0
4743,M,1956-09-25,42,DISPONENT,,61,Trebic,south Moravia,117897,8814.0,5.0,2112.0,0,,0.0,,0.0,Sin Prestamo,Sin Prestamo,0,0.0,,0,0.0,0.0,,,
4744,M,1929-12-18,69,OWNER,,6,Kutna Hora,central Bohemia,77963,8546.0,3.0,2640.0,0,,0.0,,0.0,Sin Prestamo,Sin Prestamo,1,2396.0,2396.0,45,77804.0,56973.0,22787.222222,700.0,32510.0
4745,F,1948-08-04,50,OWNER,,68,Frydek - Mistek,north Moravia,228848,9893.0,4.0,5623.0,0,,0.0,,0.0,Sin Prestamo,Sin Prestamo,5,11462.0,2292.4,602,1713801.0,1670037.0,39846.682724,1000.0,70858.0
4746,F,1941-07-20,57,OWNER,,39,Most,north Bohemia,119895,10446.0,7.0,4947.0,0,,0.0,,0.0,Sin Prestamo,Sin Prestamo,3,2418.0,806.0,324,208023.0,190647.0,28555.385802,800.0,38727.0
4747,F,1922-04-27,76,OWNER,,76,Sumperk,north Moravia,127369,8369.0,5.0,3736.0,0,,0.0,,0.0,Sin Prestamo,Sin Prestamo,1,3385.0,3385.0,163,192729.0,164720.0,18403.858895,800.0,29067.0
4748,M,1928-01-26,70,DISPONENT,,76,Sumperk,north Moravia,127369,8369.0,5.0,3736.0,0,,0.0,,0.0,Sin Prestamo,Sin Prestamo,0,0.0,,0,0.0,0.0,,,
4749,F,1948-01-19,50,OWNER,,57,Hodonin,south Moravia,161954,8720.0,4.0,3729.0,0,,0.0,,0.0,Sin Prestamo,Sin Prestamo,1,3869.0,3869.0,333,1546856.0,1477304.0,52237.336336,1100.0,80635.0
4750,M,1962-04-04,36,OWNER,,70,Karvina,north Moravia,285387,10177.0,7.0,9878.0,0,,0.0,,0.0,Sin Prestamo,Sin Prestamo,1,5177.0,5177.0,384,603175.0,575297.0,28924.945312,600.0,45876.0
4751,M,1973-01-08,25,OWNER,,35,Jablonec n. Nisou,north Bohemia,88768,8867.0,1.0,3384.0,0,,0.0,,0.0,Sin Prestamo,Sin Prestamo,0,0.0,,224,888961.0,837256.0,40552.602678,700.0,76037.0
4752,M,1939-10-09,59,OWNER,,7,Melnik,central Bohemia,94725,9920.0,2.0,4289.0,0,,0.0,,0.0,Sin Prestamo,Sin Prestamo,2,2109.0,1054.5,121,77610.0,57345.0,16024.421487,300.0,20784.0
4753,F,1934-02-18,64,DISPONENT,,7,Melnik,central Bohemia,94725,9920.0,2.0,4289.0,0,,0.0,,0.0,Sin Prestamo,Sin Prestamo,0,0.0,,0,0.0,0.0,,,
4754,F,1939-12-28,59,OWNER,,27,Plzen - jih,west Bohemia,67298,8561.0,1.0,1029.0,1,5779.0,107352.0,36.0,2982.0,C,Vigente,2,16411.0,8205.5,199,1248607.0,1194137.0,57349.854271,600.0,153506.0
4755,F,1954-09-05,44,OWNER,,71,Novy Jicin,north Moravia,161227,8678.0,6.0,4980.0,0,,0.0,,0.0,Sin Prestamo,Sin Prestamo,1,1942.0,1942.0,154,101664.0,83243.0,17505.512987,300.0,23695.0
4756,F,1950-01-08,48,OWNER,,22,Domazlice,west Bohemia,58400,8620.0,1.0,1089.0,0,,0.0,,0.0,Sin Prestamo,Sin Prestamo,2,4503.0,2251.5,253,748038.0,689515.0,44019.415019,800.0,65561.0
4757,M,1945-10-09,53,DISPONENT,,22,Domazlice,west Bohemia,58400,8620.0,1.0,1089.0,0,,0.0,,0.0,Sin Prestamo,Sin Prestamo,0,0.0,,0,0.0,0.0,,,
4758,F,1973-01-09,25,OWNER,,50,Svitavy,east Bohemia,102609,8187.0,5.0,2123.0,0,,0.0,,0.0,Sin Prestamo,Sin Prestamo,0,0.0,,59,59037.0,25300.0,32977.254237,1000.0,45064.0
4759,M,1980-02-21,18,DISPONENT,,50,Svitavy,east Bohemia,102609,8187.0,5.0,2123.0,0,,0.0,,0.0,Sin Prestamo,Sin Prestamo,0,0.0,,0,0.0,0.0,,,
4760,M,1935-03-27,63,OWNER,,70,Karvina,north Moravia,285387,10177.0,7.0,9878.0,0,,0.0,,0.0,Sin Prestamo,Sin Prestamo,2,9439.0,4719.5,176,560616.0,523935.0,31164.176136,900.0,62147.0
4761,F,1934-11-28,64,DISPONENT,,70,Karvina,north Moravia,285387,10177.0,7.0,9878.0,0,,0.0,,0.0,Sin Prestamo,Sin Prestamo,0,0.0,,0,0.0,0.0,,,
4762,F,1971-02-13,27,OWNER,,76,Sumperk,north Moravia,127369,8369.0,5.0,3736.0,0,,0.0,,0.0,Sin Prestamo,Sin Prestamo,2,3088.0,1544.0,223,784140.0,755958.0,45876.713004,400.0,80307.0
4763,F,1944-02-23,54,OWNER,,77,Vsetin,north Moravia,148545,8909.0,4.0,3460.0,0,,0.0,,0.0,Sin Prestamo,Sin Prestamo,4,5273.0,1318.25,523,1019723.0,944337.0,42067.602294,1100.0,92060.0
4764,M,1979-10-15,19,OWNER,,54,Brno - mesto,south Moravia,387570,9897.0,2.0,18721.0,0,,0.0,,0.0,Sin Prestamo,Sin Prestamo,0,0.0,,85,191903.0,164605.0,32794.047058,300.0,80896.0
4765,M,1935-03-06,63,OWNER,,48,Rychnov nad Kneznou,east Bohemia,78955,9060.0,2.0,1655.0,0,,0.0,,0.0,Sin Prestamo,Sin Prestamo,2,8140.0,4070.0,82,425446.0,352670.0,46369.243902,400.0,75766.0
4766,M,1967-05-27,31,OWNER,,22,Domazlice,west Bohemia,58400,8620.0,1.0,1089.0,0,,0.0,,0.0,Sin Prestamo,Sin Prestamo,1,7284.0,7284.0,78,126823.0,109390.0,14719.051282,600.0,28128.0
4767,F,1918-09-21,80,OWNER,,26,Plzen - mesto,west Bohemia,170449,10787.0,3.0,6041.0,0,,0.0,,0.0,Sin Prestamo,Sin Prestamo,2,1505.0,752.5,189,221913.0,201795.0,24715.5291,500.0,53789.0
4768,F,1960-04-03,38,OWNER,,1,Hl.m. Praha,Prague,1204953,12541.0,0.0,85677.0,1,5782.0,63576.0,12.0,5298.0,C,Vigente,1,5298.0,5298.0,127,668122.0,597676.0,57357.944881,201.0,109399.0
4769,F,1923-01-23,75,OWNER,,22,Domazlice,west Bohemia,58400,8620.0,1.0,1089.0,0,,0.0,,0.0,Sin Prestamo,Sin Prestamo,1,2014.0,2014.0,354,410945.0,391159.0,25142.677966,1000.0,38245.0
4770,M,1924-12-13,74,DISPONENT,,22,Domazlice,west Bohemia,58400,8620.0,1.0,1089.0,0,,0.0,,0.0,Sin Prestamo,Sin Prestamo,0,0.0,,0,0.0,0.0,,,
4771,F,1961-01-07,37,OWNER,,64,Zlin,south Moravia,197099,9624.0,2.0,4484.0,0,,0.0,,0.0,Sin Prestamo,Sin Prestamo,2,5126.0,2563.0,435,624742.0,560029.0,36894.144827,1000.0,71062.0
4772,F,1950-01-29,48,OWNER,,6,Kutna Hora,central Bohemia,77963,8546.0,3.0,2640.0,0,,0.0,,0.0,Sin Prestamo,Sin Prestamo,2,6927.0,3463.5,162,340051.0,271189.0,49185.432098,500.0,80551.0
4773,F,1952-06-13,46,OWNER,,33,Decin,north Bohemia,133777,8705.0,6.0,4650.0,0,,0.0,,0.0,Sin Prestamo,Sin Prestamo,0,0.0,,153,997654.0,928873.0,51956.614379,700.0,95687.0
4774,M,1951-08-14,47,OWNER,,59,Kromeriz,south Moravia,108871,8444.0,3.0,2595.0,0,,0.0,,0.0,Sin Prestamo,Sin Prestamo,0,0.0,,47,304855.0,252465.0,42208.978723,1000.0,77512.0
4775,F,1948-07-22,50,DISPONENT,,59,Kromeriz,south Moravia,108871,8444.0,3.0,2595.0,0,,0.0,,0.0,Sin Prestamo,Sin Prestamo,0,0.0,,0,0.0,0.0,,,
4776,M,1974-12-22,24,OWNER,,1,Hl.m. Praha,Prague,1204953,12541.0,0.0,85677.0,0,,0.0,,0.0,Sin Prestamo,Sin Prestamo,1,1681.0,1681.0,109,464491.0,431927.0,29490.330275,-727.0,61618.0
4777,F,1929-06-23,69,OWNER,,64,Zlin,south Moravia,197099,9624.0,2.0,4484.0,0,,0.0,,0.0,Sin Prestamo,Sin Prestamo,1,3204.0,3204.0,336,342944.0,317539.0,22607.41369,500.0,34836.0
4778,M,1922-03-07,76,DISPONENT,,64,Zlin,south Moravia,197099,9624.0,2.0,4484.0,0,,0.0,,0.0,Sin Prestamo,Sin Prestamo,0,0.0,,0,0.0,0.0,,,
4779,M,1978-02-10,20,OWNER,,52,Usti nad Orlici,east Bohemia,139012,8363.0,3.0,2564.0,0,,0.0,,0.0,Sin Prestamo,Sin Prestamo,1,2309.0,2309.0,102,81495.0,69931.0,14536.794117,700.0,19541.0
4780,F,1972-02-01,26,OWNER,,54,Brno - mesto,south Moravia,387570,9897.0,2.0,18721.0,0,,0.0,,0.0,Sin Prestamo,Sin Prestamo,0,0.0,,25,39100.0,37100.0,11864.0,-1300.0,26100.0
4781,F,1966-08-15,32,OWNER,,9,Nymburk,central Bohemia,81344,8899.0,3.0,2987.0,0,,0.0,,0.0,Sin Prestamo,Sin Prestamo,3,3642.0,1214.0,88,211091.0,162855.0,38163.761363,600.0,52599.0
4782,M,1966-12-28,32,OWNER,,25,Klatovy,west Bohemia,88757,8554.0,2.0,1822.0,0,,0.0,,0.0,Sin Prestamo,Sin Prestamo,1,2146.0,2146.0,93,76002.0,62818.0,14231.48387,800.0,19714.0
4783,F,1978-10-16,20,OWNER,,31,Tachov,west Bohemia,51313,8930.0,4.0,1328.0,0,,0.0,,0.0,Sin Prestamo,Sin Prestamo,0,0.0,,359,1198983.0,1121725.0,31176.027855,-1844.0,80266.0
4784,F,1920-12-08,78,OWNER,,42,Havlickuv Brod,east Bohemia,95907,8388.0,2.0,1658.0,0,,0.0,,0.0,Sin Prestamo,Sin Prestamo,1,1754.0,1754.0,176,159619.0,133439.0,19759.920454,800.0,29247.0
4785,M,1921-10-06,77,DISPONENT,,42,Havlickuv Brod,east Bohemia,95907,8388.0,2.0,1658.0,0,,0.0,,0.0,Sin Prestamo,Sin Prestamo,0,0.0,,0,0.0,0.0,,,
4786,M,1938-08-16,60,OWNER,,54,Brno - mesto,south Moravia,387570,9897.0,2.0,18721.0,1,5784.0,84600.0,36.0,2350.0,D,Vigente,1,2350.0,2350.0,189,1240671.0,1155316.0,57086.682539,-2920.0,171098.0
4787,M,1962-03-12,36,OWNER,,36,Liberec,north Bohemia,159617,9198.0,3.0,5796.0,0,,0.0,,0.0,Sin Prestamo,Sin Prestamo,0,0.0,,171,692968.0,587665.0,59682.403508,1100.0,107611.0
4788,F,1980-04-27,18,OWNER,,39,Most,north Bohemia,119895,10446.0,7.0,4947.0,0,,0.0,,0.0,Sin Prestamo,Sin Prestamo,1,4299.0,4299.0,352,1268609.0,1245754.0,35640.201704,600.0,64304.0
4789,F,1940-09-26,58,OWNER,,24,Karlovy Vary,west Bohemia,122603,8991.0,1.0,5198.0,0,,0.0,,0.0,Sin Prestamo,Sin Prestamo,1,8957.0,8957.0,231,1557655.0,1502020.0,51614.30303,200.0,102736.0
4790,M,1946-02-09,52,OWNER,,75,Prerov,north Moravia,138032,8819.0,5.0,4063.0,0,,0.0,,0.0,Sin Prestamo,Sin Prestamo,4,11795.0,2948.75,166,606189.0,553774.0,34750.054216,200.0,109701.0
4791,M,1936-02-15,62,OWNER,,51,Trutnov,east Bohemia,121947,8541.0,3.0,3496.0,0,,0.0,,0.0,Sin Prestamo,Sin Prestamo,2,9024.0,4512.0,424,1199163.0,1126435.0,46974.941037,900.0,86253.0
4792,F,1957-05-25,41,OWNER,,20,Strakonice,south Bohemia,70646,8547.0,3.0,1563.0,0,,0.0,,0.0,Sin Prestamo,Sin Prestamo,1,6941.0,6941.0,190,442503.0,410312.0,24054.194736,200.0,41265.0
4793,F,1946-02-15,52,OWNER,,55,Brno - venkov,south Moravia,157042,8743.0,2.0,3659.0,0,,0.0,,0.0,Sin Prestamo,Sin Prestamo,1,4670.0,4670.0,184,571617.0,537565.0,35240.983695,900.0,56080.0
4794,F,1945-11-16,53,OWNER,,20,Strakonice,south Bohemia,70646,8547.0,3.0,1563.0,0,,0.0,,0.0,Sin Prestamo,Sin Prestamo,1,2269.0,2269.0,247,177657.0,154823.0,18594.497975,400.0,26549.0
4795,F,1925-09-18,73,OWNER,,74,Ostrava - mesto,north Moravia,323870,10673.0,5.0,18782.0,0,,0.0,,0.0,Sin Prestamo,Sin Prestamo,2,2414.0,1207.0,183,209513.0,177847.0,21195.557377,600.0,38556.0
4796,M,1928-03-11,70,OWNER,,7,Melnik,central Bohemia,94725,9920.0,2.0,4289.0,0,,0.0,,0.0,Sin Prestamo,Sin Prestamo,1,2974.0,2974.0,286,297830.0,280486.0,19878.653846,800.0,30826.0
4797,F,1940-09-03,58,OWNER,,59,Kromeriz,south Moravia,108871,8444.0,3.0,2595.0,0,,0.0,,0.0,Sin Prestamo,Sin Prestamo,3,6305.0,2101.666666,345,1126894.0,1084420.0,39296.733333,700.0,73902.0
4798,F,1962-01-02,36,OWNER,,37,Litomerice,north Bohemia,114006,9065.0,4.0,4147.0,0,,0.0,,0.0,Sin Prestamo,Sin Prestamo,1,6256.0,6256.0,183,406553.0,377275.0,30377.535519,700.0,50773.0
4799,F,1946-03-20,52,OWNER,,75,Prerov,north Moravia,138032,8819.0,5.0,4063.0,0,,0.0,,0.0,Sin Prestamo,Sin Prestamo,2,3631.0,1815.5,470,742501.0,674984.0,41822.827659,800.0,80304.0
4800,M,1953-08-14,45,DISPONENT,,75,Prerov,north Moravia,138032,8819.0,5.0,4063.0,0,,0.0,,0.0,Sin Prestamo,Sin Prestamo,0,0.0,,0,0.0,0.0,,,
4801,M,1978-11-25,20,OWNER,,23,Cheb,west Bohemia,87419,8624.0,2.0,2879.0,0,,0.0,,0.0,Sin Prestamo,Sin Prestamo,3,2264.0,754.666666,304,163221.0,149458.0,16741.009868,500.0,22716.0
4802,M,1971-07-06,27,OWNER,,75,Prerov,north Moravia,138032,8819.0,5.0,4063.0,0,,0.0,,0.0,Sin Prestamo,Sin Prestamo,1,2153.0,2153.0,314,217934.0,170133.0,28268.544585,700.0,50229.0
4803,M,1945-08-07,53,OWNER,,45,Jicin,east Bohemia,77917,8390.0,2.0,2080.0,0,,0.0,,0.0,Sin Prestamo,Sin Prestamo,0,0.0,,318,1137757.0,1090490.0,38408.144654,900.0,62018.0
4804,F,1930-02-07,68,OWNER,,51,Trutnov,east Bohemia,121947,8541.0,3.0,3496.0,0,,0.0,,0.0,Sin Prestamo,Sin Prestamo,1,1803.0,1803.0,102,98858.0,82502.0,16281.460784,500.0,22931.0
4805,F,1935-03-13,63,OWNER,,1,Hl.m. Praha,Prague,1204953,12541.0,0.0,85677.0,0,,0.0,,0.0,Sin Prestamo,Sin Prestamo,1,2007.0,2007.0,70,70896.0,54001.0,12505.171428,900.0,19587.0
4806,F,1944-02-01,54,OWNER,,19,Prachatice,south Bohemia,51428,8402.0,3.0,999.0,0,,0.0,,0.0,Sin Prestamo,Sin Prestamo,2,6609.0,3304.5,113,222945.0,187221.0,28992.575221,1100.0,42188.0
4807,M,1948-12-28,50,OWNER,,25,Klatovy,west Bohemia,88757,8554.0,2.0,1822.0,0,,0.0,,0.0,Sin Prestamo,Sin Prestamo,2,6518.0,3259.0,77,183694.0,165762.0,30628.285714,800.0,49591.0
4808,F,1981-11-24,17,OWNER,,23,Cheb,west Bohemia,87419,8624.0,2.0,2879.0,0,,0.0,,0.0,Sin Prestamo,Sin Prestamo,0,0.0,,121,139697.0,101920.0,31092.991735,700.0,58568.0
4809,M,1930-11-01,68,OWNER,,19,Prachatice,south Bohemia,51428,8402.0,3.0,999.0,0,,0.0,,0.0,Sin Prestamo,Sin Prestamo,1,2097.0,2097.0,191,185643.0,162967.0,24146.015706,900.0,36643.0
4810,F,1935-01-26,63,DISPONENT,,19,Prachatice,south Bohemia,51428,8402.0,3.0,999.0,0,,0.0,,0.0,Sin Prestamo,Sin Prestamo,0,0.0,,0,0.0,0.0,,,
4811,F,1971-03-26,27,OWNER,,77,Vsetin,north Moravia,148545,8909.0,4.0,3460.0,0,,0.0,,0.0,Sin Prestamo,Sin Prestamo,1,10312.0,10312.0,122,648911.0,631274.0,45237.286885,300.0,135149.0
4812,M,1925-06-26,73,OWNER,,1,Hl.m. Praha,Prague,1204953,12541.0,0.0,85677.0,0,,0.0,,0.0,Sin Prestamo,Sin Prestamo,1,1937.0,1937.0,120,168954.0,138918.0,22943.408333,300.0,35528.0
4813,M,1968-10-25,30,OWNER,,43,Hradec Kralove,east Bohemia,161854,9425.0,2.0,4085.0,0,,0.0,,0.0,Sin Prestamo,Sin Prestamo,1,6738.0,6738.0,53,261111.0,222289.0,32321.226415,200.0,59095.0
4814,M,1962-02-28,36,OWNER,,54,Brno - mesto,south Moravia,387570,9897.0,2.0,18721.0,0,,0.0,,0.0,Sin Prestamo,Sin Prestamo,1,7616.0,7616.0,195,771758.0,689626.0,59291.225641,400.0,96144.0
4815,M,1970-09-17,28,OWNER,,15,Cesky Krumlov,south Bohemia,58796,9045.0,3.0,1845.0,0,,0.0,,0.0,Sin Prestamo,Sin Prestamo,0,0.0,,157,1227009.0,1179748.0,53427.853503,200.0,122338.0
4816,F,1974-03-04,24,DISPONENT,,15,Cesky Krumlov,south Bohemia,58796,9045.0,3.0,1845.0,0,,0.0,,0.0,Sin Prestamo,Sin Prestamo,0,0.0,,0,0.0,0.0,,,
4817,M,1969-09-04,29,OWNER,,12,Pribram,central Bohemia,107870,8754.0,4.0,3804.0,0,,0.0,,0.0,Sin Prestamo,Sin Prestamo,3,4999.0,1666.333333,297,456233.0,395473.0,32048.104377,200.0,65514.0
4818,M,1932-03-13,66,OWNER,,1,Hl.m. Praha,Prague,1204953,12541.0,0.0,85677.0,0,,0.0,,0.0,Sin Prestamo,Sin Prestamo,1,1511.0,1511.0,89,122276.0,86339.0,24666.123595,1100.0,43796.0
4819,M,1964-04-13,34,OWNER,,62,Uherske Hradiste,south Moravia,145688,8544.0,1.0,2719.0,0,,0.0,,0.0,Sin Prestamo,Sin Prestamo,0,0.0,,274,529945.0,487410.0,27583.124087,1000.0,44719.0
4820,F,1969-09-19,29,OWNER,,2,Benesov,central Bohemia,88884,8507.0,2.0,2159.0,0,,0.0,,0.0,Sin Prestamo,Sin Prestamo,2,3883.0,1941.5,206,595089.0,541349.0,36497.398058,400.0,68214.0
4821,F,1939-06-08,59,OWNER,,35,Jablonec n. Nisou,north Bohemia,88768,8867.0,1.0,3384.0,0,,0.0,,0.0,Sin Prestamo,Sin Prestamo,3,7701.0,2567.0,493,1135129.0,1029988.0,55839.054766,400.0,120586.0
4822,M,1945-10-13,53,DISPONENT,,35,Jablonec n. Nisou,north Bohemia,88768,8867.0,1.0,3384.0,0,,0.0,,0.0,Sin Prestamo,Sin Prestamo,0,0.0,,0,0.0,0.0,,,
4823,M,1982-04-16,16,OWNER,,7,Melnik,central Bohemia,94725,9920.0,2.0,4289.0,0,,0.0,,0.0,Sin Prestamo,Sin Prestamo,0,0.0,,407,579124.0,473030.0,51486.157248,700.0,124796.0
4824,M,1940-03-05,58,OWNER,,54,Brno - mesto,south Moravia,387570,9897.0,2.0,18721.0,0,,0.0,,0.0,Sin Prestamo,Sin Prestamo,0,0.0,,84,58781.0,45000.0,18192.630952,400.0,26498.0
4826,F,1977-12-27,21,OWNER,,25,Klatovy,west Bohemia,88757,8554.0,2.0,1822.0,0,,0.0,,0.0,Sin Prestamo,Sin Prestamo,2,7602.0,3801.0,123,946223.0,886623.0,65750.260162,400.0,135079.0
4831,M,1958-08-14,40,OWNER,,27,Plzen - jih,west Bohemia,67298,8561.0,1.0,1029.0,0,,0.0,,0.0,Sin Prestamo,Sin Prestamo,0,0.0,,33,78400.0,10900.0,36200.0,900.0,67500.0
4832,F,1957-01-09,41,OWNER,,56,Breclav,south Moravia,124605,8772.0,5.0,2854.0,0,,0.0,,0.0,Sin Prestamo,Sin Prestamo,0,0.0,,291,1573904.0,1484855.0,57916.591065,900.0,94554.0
4833,F,1971-02-28,27,OWNER,,30,Sokolov,west Bohemia,94812,9650.0,3.0,2985.0,0,,0.0,,0.0,Sin Prestamo,Sin Prestamo,2,7772.0,3886.0,157,439119.0,370149.0,38480.675159,900.0,69218.0
4836,M,1952-12-31,46,OWNER,,49,Semily,east Bohemia,75685,8208.0,2.0,1660.0,0,,0.0,,0.0,Sin Prestamo,Sin Prestamo,2,7689.0,3844.5,360,951360.0,893038.0,34420.991666,600.0,73859.0
4837,F,1967-03-13,31,OWNER,,56,Breclav,south Moravia,124605,8772.0,5.0,2854.0,0,,0.0,,0.0,Sin Prestamo,Sin Prestamo,0,0.0,,277,2125570.0,2057140.0,58024.844765,-2865.0,145368.0
4853,M,1939-03-01,59,OWNER,,58,Jihlava,south Moravia,109164,8757.0,3.0,2212.0,0,,0.0,,0.0,Sin Prestamo,Sin Prestamo,3,14949.0,4983.0,144,677896.0,614357.0,46663.430555,700.0,86326.0
4861,F,1977-11-01,21,OWNER,,57,Hodonin,south Moravia,161954,8720.0,4.0,3729.0,1,5790.0,84288.0,48.0,1756.0,C,Vigente,3,6058.0,2019.333333,167,343512.0,305244.0,33258.137724,1000.0,51550.0
4862,F,1943-11-23,55,OWNER,,1,Hl.m. Praha,Prague,1204953,12541.0,0.0,85677.0,0,,0.0,,0.0,Sin Prestamo,Sin Prestamo,0,0.0,,358,541316.0,466448.0,38972.248603,-2995.0,80169.0
4863,F,1974-03-02,24,OWNER,,1,Hl.m. Praha,Prague,1204953,12541.0,0.0,85677.0,0,,0.0,,0.0,Sin Prestamo,Sin Prestamo,0,0.0,,365,2206468.0,2128338.0,51067.504109,-2245.0,122101.0
4877,M,1957-02-19,41,OWNER,,45,Jicin,east Bohemia,77917,8390.0,2.0,2080.0,0,,0.0,,0.0,Sin Prestamo,Sin Prestamo,1,2988.0,2988.0,223,1245041.0,1179382.0,52737.726457,200.0,137367.0
4882,M,1978-12-21,20,OWNER,,36,Liberec,north Bohemia,159617,9198.0,3.0,5796.0,1,5799.0,106128.0,36.0,2948.0,C,Vigente,1,2948.0,2948.0,137,530188.0,493381.0,42200.328467,900.0,86533.0
4886,M,1979-12-09,19,OWNER,,23,Cheb,west Bohemia,87419,8624.0,2.0,2879.0,0,,0.0,,0.0,Sin Prestamo,Sin Prestamo,0,0.0,,349,1575490.0,1548510.0,37752.954154,200.0,75074.0
4892,M,1969-03-08,29,OWNER,,26,Plzen - mesto,west Bohemia,170449,10787.0,3.0,6041.0,0,,0.0,,0.0,Sin Prestamo,Sin Prestamo,1,5652.0,5652.0,106,60173.0,75600.0,11028.471698,-15432.0,25800.0
4901,F,1950-05-08,48,OWNER,,72,Olomouc,north Moravia,226122,8994.0,4.0,9672.0,0,,0.0,,0.0,Sin Prestamo,Sin Prestamo,3,17364.0,5788.0,372,1949475.0,1912118.0,39786.639784,400.0,94408.0
4904,F,1961-04-19,37,OWNER,,38,Louny,north Bohemia,85852,8965.0,7.0,2653.0,0,,0.0,,0.0,Sin Prestamo,Sin Prestamo,0,0.0,,114,167243.0,91500.0,42842.578947,700.0,77732.0
4906,F,1976-10-19,22,OWNER,,64,Zlin,south Moravia,197099,9624.0,2.0,4484.0,0,,0.0,,0.0,Sin Prestamo,Sin Prestamo,2,11350.0,5675.0,154,633458.0,598794.0,29925.62987,1100.0,74890.0
4907,M,1974-05-31,24,DISPONENT,,64,Zlin,south Moravia,197099,9624.0,2.0,4484.0,0,,0.0,,0.0,Sin Prestamo,Sin Prestamo,0,0.0,,0,0.0,0.0,,,
4915,M,1963-07-19,35,OWNER,,40,Teplice,north Bohemia,128118,9317.0,6.0,6949.0,0,,0.0,,0.0,Sin Prestamo,Sin Prestamo,0,0.0,,321,1848936.0,1731390.0,65115.573208,300.0,117994.0
4916,M,1939-01-09,59,OWNER,,52,Usti nad Orlici,east Bohemia,139012,8363.0,3.0,2564.0,1,5804.0,158976.0,48.0,3312.0,C,Vigente,4,8860.0,2215.0,584,2486180.0,2456849.0,51315.477739,600.0,137121.0
4918,M,1968-05-06,30,OWNER,False,11,Praha - zapad,central Bohemia,75637,9622.0,0.0,3475.0,1,5805.0,137904.0,24.0,5746.0,B,Cerrado,1,5746.0,5746.0,215,542576.0,535532.0,10176.706976,-14137.0,53113.0
4919,F,1951-05-26,47,OWNER,,49,Semily,east Bohemia,75685,8208.0,2.0,1660.0,0,,0.0,,0.0,Sin Prestamo,Sin Prestamo,0,0.0,,226,1129078.0,1043978.0,38915.539823,-1388.0,140858.0
4923,M,1962-07-02,36,OWNER,,66,Zdar nad Sazavou,south Moravia,125832,8512.0,4.0,2247.0,0,,0.0,,0.0,Sin Prestamo,Sin Prestamo,0,0.0,,150,1340397.0,1257784.0,50127.726666,700.0,125103.0
4925,M,1951-06-18,47,OWNER,,45,Jicin,east Bohemia,77917,8390.0,2.0,2080.0,0,,0.0,,0.0,Sin Prestamo,Sin Prestamo,4,7891.0,1972.75,251,1020757.0,1005842.0,39533.262948,700.0,141417.0
4927,F,1955-03-16,43,OWNER,,72,Olomouc,north Moravia,226122,8994.0,4.0,9672.0,0,,0.0,,0.0,Sin Prestamo,Sin Prestamo,0,0.0,,28,47703.0,23700.0,18568.178571,200.0,26100.0
4928,M,1976-02-09,22,OWNER,,9,Nymburk,central Bohemia,81344,8899.0,3.0,2987.0,0,,0.0,,0.0,Sin Prestamo,Sin Prestamo,3,5339.0,1779.666666,105,285085.0,238576.0,41581.057142,400.0,58917.0
4929,M,1943-07-30,55,OWNER,,74,Ostrava - mesto,north Moravia,323870,10673.0,5.0,18782.0,0,,0.0,,0.0,Sin Prestamo,Sin Prestamo,0,0.0,,145,439016.0,356200.0,51008.77931,700.0,83926.0
4930,M,1981-07-30,17,OWNER,,1,Hl.m. Praha,Prague,1204953,12541.0,0.0,85677.0,0,,0.0,,0.0,Sin Prestamo,Sin Prestamo,0,0.0,,316,414806.0,395975.0,24469.810126,400.0,73726.0
4937,F,1960-11-09,38,OWNER,,54,Brno - mesto,south Moravia,387570,9897.0,2.0,18721.0,1,5808.0,41856.0,48.0,872.0,C,Vigente,4,4499.0,1124.75,255,622370.0,570843.0,41713.756862,800.0,73519.0
4941,F,1979-02-25,19,OWNER,,60,Prostejov,south Moravia,110643,8441.0,3.0,1879.0,0,,0.0,,0.0,Sin Prestamo,Sin Prestamo,0,0.0,,46,117593.0,65500.0,35978.326086,700.0,78855.0
4942,M,1959-07-05,39,OWNER,,38,Louny,north Bohemia,85852,8965.0,7.0,2653.0,0,,0.0,,0.0,Sin Prestamo,Sin Prestamo,0,0.0,,271,1961569.0,1872120.0,57791.254612,300.0,170119.0
4944,M,1982-04-07,16,OWNER,,58,Jihlava,south Moravia,109164,8757.0,3.0,2212.0,0,,0.0,,0.0,Sin Prestamo,Sin Prestamo,0,0.0,,270,322392.0,273815.0,33245.24074,800.0,79995.0
4949,M,1982-10-20,16,OWNER,,54,Brno - mesto,south Moravia,387570,9897.0,2.0,18721.0,0,,0.0,,0.0,Sin Prestamo,Sin Prestamo,0,0.0,,244,307980.0,275030.0,39288.012295,900.0,76762.0
4956,M,1946-10-10,52,OWNER,,6,Kutna Hora,central Bohemia,77963,8546.0,3.0,2640.0,1,5815.0,151200.0,36.0,4200.0,C,Vigente,2,18648.0,9324.0,94,746342.0,652968.0,52607.5,1000.0,127678.0
4959,M,1979-04-25,19,OWNER,,77,Vsetin,north Moravia,148545,8909.0,4.0,3460.0,0,,0.0,,0.0,Sin Prestamo,Sin Prestamo,0,0.0,,317,337985.0,289205.0,35556.059936,400.0,84856.0
4961,M,1982-07-31,16,OWNER,,54,Brno - mesto,south Moravia,387570,9897.0,2.0,18721.0,0,,0.0,,0.0,Sin Prestamo,Sin Prestamo,0,0.0,,216,333297.0,315785.0,25374.703703,300.0,77780.0
4968,M,1938-05-26,60,OWNER,,50,Svitavy,east Bohemia,102609,8187.0,5.0,2123.0,1,5817.0,100800.0,24.0,4200.0,D,Vigente,4,15595.0,3898.75,142,288501.0,288126.0,17675.40845,-2930.0,92355.0
4969,F,1968-07-20,30,OWNER,,64,Zlin,south Moravia,197099,9624.0,2.0,4484.0,0,,0.0,,0.0,Sin Prestamo,Sin Prestamo,0,0.0,,78,451715.0,384786.0,30748.064102,-12495.0,139002.0
4972,F,1977-07-13,21,OWNER,,70,Karvina,north Moravia,285387,10177.0,7.0,9878.0,0,,0.0,,0.0,Sin Prestamo,Sin Prestamo,0,0.0,,74,406335.0,360600.0,28176.324324,-2759.0,91945.0
4974,F,1962-06-30,36,OWNER,,5,Kolin,central Bohemia,95616,9307.0,4.0,2616.0,0,,0.0,,0.0,Sin Prestamo,Sin Prestamo,3,8190.0,2730.0,436,2661661.0,2580513.0,65316.947247,700.0,151505.0
4975,M,1961-10-21,37,DISPONENT,,5,Kolin,central Bohemia,95616,9307.0,4.0,2616.0,0,,0.0,,0.0,Sin Prestamo,Sin Prestamo,0,0.0,,0,0.0,0.0,,,
4976,M,1981-01-18,17,OWNER,,36,Liberec,north Bohemia,159617,9198.0,3.0,5796.0,0,,0.0,,0.0,Sin Prestamo,Sin Prestamo,0,0.0,,29,84106.0,41400.0,33662.206896,1000.0,79530.0
4979,M,1937-06-28,61,OWNER,,7,Melnik,central Bohemia,94725,9920.0,2.0,4289.0,0,,0.0,,0.0,Sin Prestamo,Sin Prestamo,2,7103.0,3551.5,430,2357203.0,2327406.0,46230.611627,500.0,149382.0
4989,M,1935-09-04,63,OWNER,,28,Plzen - sever,west Bohemia,72541,8594.0,2.0,1580.0,0,,0.0,,0.0,Sin Prestamo,Sin Prestamo,0,0.0,,55,308401.0,259380.0,35513.0,800.0,57337.0
4992,F,1972-07-14,26,OWNER,,55,Brno - venkov,south Moravia,157042,8743.0,2.0,3659.0,0,,0.0,,0.0,Sin Prestamo,Sin Prestamo,1,1896.0,1896.0,61,361507.0,283150.0,60348.114754,1000.0,82828.0
4993,F,1973-06-27,25,OWNER,,1,Hl.m. Praha,Prague,1204953,12541.0,0.0,85677.0,1,5823.0,212976.0,36.0,5916.0,C,Vigente,2,14669.0,7334.5,185,1027947.0,994900.0,47824.545945,1100.0,119288.0
4994,M,1978-06-21,20,DISPONENT,,1,Hl.m. Praha,Prague,1204953,12541.0,0.0,85677.0,0,,0.0,,0.0,Sin Prestamo,Sin Prestamo,0,0.0,,0,0.0,0.0,,,
5002,F,1977-07-17,21,OWNER,,65,Znojmo,south Moravia,114200,8403.0,6.0,2157.0,0,,0.0,,0.0,Sin Prestamo,Sin Prestamo,4,6023.0,1505.75,119,347033.0,282045.0,43661.907563,600.0,70540.0
5010,F,1950-09-08,48,OWNER,,42,Havlickuv Brod,east Bohemia,95907,8388.0,2.0,1658.0,0,,0.0,,0.0,Sin Prestamo,Sin Prestamo,0,0.0,,94,503362.0,477323.0,33453.202127,-404.0,108287.0
5012,F,1972-09-22,26,OWNER,,27,Plzen - jih,west Bohemia,67298,8561.0,1.0,1029.0,0,,0.0,,0.0,Sin Prestamo,Sin Prestamo,0,0.0,,74,463281.0,407397.0,44198.405405,900.0,86575.0
5013,M,1980-09-15,18,OWNER,,1,Hl.m. Praha,Prague,1204953,12541.0,0.0,85677.0,0,,0.0,,0.0,Sin Prestamo,Sin Prestamo,0,0.0,,368,507828.0,454615.0,40096.529891,200.0,91043.0
5016,F,1946-01-05,52,OWNER,,1,Hl.m. Praha,Prague,1204953,12541.0,0.0,85677.0,0,,0.0,,0.0,Sin Prestamo,Sin Prestamo,0,0.0,,218,576710.0,501415.0,42661.279816,500.0,81692.0
5028,M,1976-04-10,22,OWNER,,28,Plzen - sever,west Bohemia,72541,8594.0,2.0,1580.0,0,,0.0,,0.0,Sin Prestamo,Sin Prestamo,2,16948.0,8474.0,359,1998522.0,1966388.0,47685.309192,700.0,134273.0
5030,M,1980-01-15,18,OWNER,,1,Hl.m. Praha,Prague,1204953,12541.0,0.0,85677.0,0,,0.0,,0.0,Sin Prestamo,Sin Prestamo,0,0.0,,196,254857.0,206515.0,22948.464285,700.0,66774.0
5046,M,1937-08-22,61,OWNER,,1,Hl.m. Praha,Prague,1204953,12541.0,0.0,85677.0,0,,0.0,,0.0,Sin Prestamo,Sin Prestamo,2,7922.0,3961.0,155,637998.0,599169.0,29925.858064,900.0,71459.0
5050,M,1951-01-19,47,OWNER,,62,Uherske Hradiste,south Moravia,145688,8544.0,1.0,2719.0,1,5830.0,405780.0,60.0,6763.0,C,Vigente,4,12006.0,3001.5,316,568164.0,546101.0,31995.693037,700.0,54225.0
5056,F,1957-02-04,41,OWNER,,67,Bruntal,north Moravia,106054,8110.0,6.0,3244.0,0,,0.0,,0.0,Sin Prestamo,Sin Prestamo,0,0.0,,350,2580885.0,2531407.0,63157.211428,700.0,150494.0
5067,F,1975-09-10,23,OWNER,,21,Tabor,south Bohemia,103347,9104.0,2.0,2299.0,0,,0.0,,0.0,Sin Prestamo,Sin Prestamo,0,0.0,,57,117260.0,102590.0,22243.157894,600.0,47347.0
5072,F,1981-03-24,17,OWNER,,1,Hl.m. Praha,Prague,1204953,12541.0,0.0,85677.0,0,,0.0,,0.0,Sin Prestamo,Sin Prestamo,0,0.0,,99,92132.0,65655.0,23482.333333,800.0,43144.0
5081,F,1961-10-31,37,OWNER,,1,Hl.m. Praha,Prague,1204953,12541.0,0.0,85677.0,0,,0.0,,0.0,Sin Prestamo,Sin Prestamo,0,0.0,,200,1266044.0,1238255.0,55852.16,-2264.0,154142.0
5093,F,1949-04-12,49,OWNER,,55,Brno - venkov,south Moravia,157042,8743.0,2.0,3659.0,0,,0.0,,0.0,Sin Prestamo,Sin Prestamo,0,0.0,,322,1631200.0,1552430.0,59159.919254,1100.0,110231.0
5107,F,1947-10-06,51,OWNER,,50,Svitavy,east Bohemia,102609,8187.0,5.0,2123.0,0,,0.0,,0.0,Sin Prestamo,Sin Prestamo,1,1961.0,1961.0,267,1863696.0,1834624.0,51824.973782,600.0,146486.0
5108,M,1944-05-22,54,DISPONENT,,50,Svitavy,east Bohemia,102609,8187.0,5.0,2123.0,0,,0.0,,0.0,Sin Prestamo,Sin Prestamo,0,0.0,,0,0.0,0.0,,,
5111,M,1959-12-12,39,OWNER,,50,Svitavy,east Bohemia,102609,8187.0,5.0,2123.0,0,,0.0,,0.0,Sin Prestamo,Sin Prestamo,0,0.0,,362,2164215.0,2119163.0,38776.049723,2866.0,92842.0
5117,M,1975-03-21,23,OWNER,,52,Usti nad Orlici,east Bohemia,139012,8363.0,3.0,2564.0,0,,0.0,,0.0,Sin Prestamo,Sin Prestamo,2,6197.0,3098.5,295,954384.0,899093.0,50844.006779,500.0,79387.0
5126,M,1965-04-03,33,OWNER,,43,Hradec Kralove,east Bohemia,161854,9425.0,2.0,4085.0,0,,0.0,,0.0,Sin Prestamo,Sin Prestamo,2,11469.0,5734.5,205,1580747.0,1521103.0,64453.643902,1000.0,125820.0
5127,F,1975-04-05,23,OWNER,,33,Decin,north Bohemia,133777,8705.0,6.0,4650.0,0,,0.0,,0.0,Sin Prestamo,Sin Prestamo,0,0.0,,310,506098.0,483345.0,26766.612903,500.0,79408.0
5128,M,1963-12-24,35,OWNER,,70,Karvina,north Moravia,285387,10177.0,7.0,9878.0,0,,0.0,,0.0,Sin Prestamo,Sin Prestamo,0,0.0,,340,2356819.0,2251708.0,74434.194117,900.0,144560.0
5132,M,1967-10-21,31,OWNER,,51,Trutnov,east Bohemia,121947,8541.0,3.0,3496.0,0,,0.0,,0.0,Sin Prestamo,Sin Prestamo,0,0.0,,190,1259196.0,1239897.0,55863.636842,300.0,139517.0
5133,F,1959-08-10,39,OWNER,True,66,Zdar nad Sazavou,south Moravia,125832,8512.0,4.0,2247.0,1,5836.0,79632.0,24.0,3318.0,A,Cerrado,3,15089.0,5029.666666,458,2749122.0,2689718.0,55904.032751,900.0,124466.0
5134,F,1967-07-19,31,OWNER,,58,Jihlava,south Moravia,109164,8757.0,3.0,2212.0,1,5837.0,244560.0,60.0,4076.0,C,Vigente,2,16082.0,8041.0,365,1660509.0,1608582.0,30600.567123,1000.0,72513.0
5137,M,1979-05-05,19,OWNER,,5,Kolin,central Bohemia,95616,9307.0,4.0,2616.0,0,,0.0,,0.0,Sin Prestamo,Sin Prestamo,0,0.0,,126,317438.0,277770.0,34497.150793,800.0,86973.0
5138,F,1974-08-05,24,OWNER,,45,Jicin,east Bohemia,77917,8390.0,2.0,2080.0,0,,0.0,,0.0,Sin Prestamo,Sin Prestamo,0,0.0,,295,1444075.0,1354640.0,57765.020338,200.0,94640.0
5141,F,1953-05-19,45,OWNER,,54,Brno - mesto,south Moravia,387570,9897.0,2.0,18721.0,0,,0.0,,0.0,Sin Prestamo,Sin Prestamo,2,9605.0,4802.5,119,425547.0,396032.0,31756.554621,300.0,55766.0
5143,M,1973-03-09,25,OWNER,,77,Vsetin,north Moravia,148545,8909.0,4.0,3460.0,1,5841.0,41988.0,12.0,3499.0,C,Vigente,2,10145.0,5072.5,141,345444.0,283495.0,38957.219858,200.0,66016.0
5144,F,1966-06-07,32,DISPONENT,,77,Vsetin,north Moravia,148545,8909.0,4.0,3460.0,0,,0.0,,0.0,Sin Prestamo,Sin Prestamo,0,0.0,,0,0.0,0.0,,,
5145,F,1950-10-31,48,OWNER,,26,Plzen - mesto,west Bohemia,170449,10787.0,3.0,6041.0,0,,0.0,,0.0,Sin Prestamo,Sin Prestamo,0,0.0,,206,1330857.0,1280772.0,61529.092233,300.0,145427.0
5149,M,1962-12-18,36,OWNER,,15,Cesky Krumlov,south Bohemia,58796,9045.0,3.0,1845.0,0,,0.0,,0.0,Sin Prestamo,Sin Prestamo,2,12804.0,6402.0,140,793441.0,792800.0,37191.421428,646.0,114464.0
5152,F,1975-09-09,23,OWNER,,43,Hradec Kralove,east Bohemia,161854,9425.0,2.0,4085.0,0,,0.0,,0.0,Sin Prestamo,Sin Prestamo,1,2895.0,2895.0,311,2075889.0,1981975.0,63316.495176,900.0,188635.0
5159,M,1964-12-02,34,OWNER,,39,Most,north Bohemia,119895,10446.0,7.0,4947.0,0,,0.0,,0.0,Sin Prestamo,Sin Prestamo,0,0.0,,236,1169616.0,1068995.0,58919.576271,600.0,103241.0
5163,F,1957-10-28,41,OWNER,,43,Hradec Kralove,east Bohemia,161854,9425.0,2.0,4085.0,0,,0.0,,0.0,Sin Prestamo,Sin Prestamo,0,0.0,,100,521093.0,426700.0,41691.45,1100.0,107351.0
5164,M,1971-11-30,27,OWNER,,9,Nymburk,central Bohemia,81344,8899.0,3.0,2987.0,0,,0.0,,0.0,Sin Prestamo,Sin Prestamo,0,0.0,,300,453283.0,437515.0,28277.283333,500.0,43786.0
5171,F,1956-09-23,42,OWNER,,64,Zlin,south Moravia,197099,9624.0,2.0,4484.0,1,5850.0,164196.0,36.0,4561.0,C,Vigente,2,9358.0,4679.0,208,1375249.0,1324315.0,56157.745192,500.0,127752.0
5175,F,1949-09-18,49,OWNER,,63,Vyskov,south Moravia,86513,8288.0,4.0,1562.0,0,,0.0,,0.0,Sin Prestamo,Sin Prestamo,0,0.0,,355,1461963.0,1415010.0,50390.625352,200.0,84574.0
5180,M,1943-12-20,55,OWNER,,1,Hl.m. Praha,Prague,1204953,12541.0,0.0,85677.0,0,,0.0,,0.0,Sin Prestamo,Sin Prestamo,0,0.0,,83,260806.0,223895.0,31611.578313,900.0,53842.0
5189,F,1961-01-10,37,OWNER,,74,Ostrava - mesto,north Moravia,323870,10673.0,5.0,18782.0,0,,0.0,,0.0,Sin Prestamo,Sin Prestamo,1,4825.0,4825.0,38,62734.0,15000.0,38317.789473,400.0,50942.0
5200,F,1960-04-23,38,OWNER,,33,Decin,north Bohemia,133777,8705.0,6.0,4650.0,0,,0.0,,0.0,Sin Prestamo,Sin Prestamo,2,18006.0,9003.0,415,3465208.0,3407160.0,70449.024096,200.0,143019.0
5201,M,1954-04-19,44,DISPONENT,,33,Decin,north Bohemia,133777,8705.0,6.0,4650.0,0,,0.0,,0.0,Sin Prestamo,Sin Prestamo,0,0.0,,0,0.0,0.0,,,
5203,F,1945-09-08,53,OWNER,False,61,Trebic,south Moravia,117897,8814.0,5.0,2112.0,1,5856.0,51360.0,12.0,4280.0,B,Cerrado,1,4280.0,4280.0,196,1458875.0,1418855.0,47434.377551,-5295.0,158634.0
5204,M,1963-01-22,35,OWNER,,47,Pardubice,east Bohemia,162580,9538.0,2.0,6079.0,0,,0.0,,0.0,Sin Prestamo,Sin Prestamo,0,0.0,,448,3313672.0,3200294.0,79906.283482,1000.0,159484.0
5212,F,1946-10-12,52,OWNER,,72,Olomouc,north Moravia,226122,8994.0,4.0,9672.0,0,,0.0,,0.0,Sin Prestamo,Sin Prestamo,0,0.0,,274,407864.0,395835.0,25715.029197,300.0,43285.0
5213,M,1980-10-10,18,OWNER,,1,Hl.m. Praha,Prague,1204953,12541.0,0.0,85677.0,0,,0.0,,0.0,Sin Prestamo,Sin Prestamo,0,0.0,,342,542871.0,519040.0,26854.418128,300.0,119549.0
5214,M,1976-09-12,22,OWNER,,47,Pardubice,east Bohemia,162580,9538.0,2.0,6079.0,0,,0.0,,0.0,Sin Prestamo,Sin Prestamo,3,10536.0,3512.0,250,1386524.0,1309014.0,47000.348,1100.0,152103.0
5215,F,1973-10-15,25,DISPONENT,,47,Pardubice,east Bohemia,162580,9538.0,2.0,6079.0,0,,0.0,,0.0,Sin Prestamo,Sin Prestamo,0,0.0,,0,0.0,0.0,,,
5217,F,1940-07-16,58,OWNER,,74,Ostrava - mesto,north Moravia,323870,10673.0,5.0,18782.0,0,,0.0,,0.0,Sin Prestamo,Sin Prestamo,2,12495.0,6247.5,61,348030.0,310285.0,48030.836065,1000.0,117827.0
5223,F,1977-01-11,21,OWNER,,2,Benesov,central Bohemia,88884,8507.0,2.0,2159.0,0,,0.0,,0.0,Sin Prestamo,Sin Prestamo,2,12872.0,6436.0,109,675929.0,618665.0,58510.944954,200.0,140929.0
5224,M,1949-07-24,49,OWNER,True,29,Rokycany,west Bohemia,45714,8843.0,3.0,818.0,1,5861.0,51408.0,24.0,2142.0,A,Cerrado,1,2142.0,2142.0,407,2564333.0,2511021.0,63675.658476,900.0,140842.0
5232,F,1948-04-06,50,OWNER,,74,Ostrava - mesto,north Moravia,323870,10673.0,5.0,18782.0,1,5862.0,100128.0,24.0,4172.0,C,Vigente,2,10307.0,5153.5,245,1308217.0,1245744.0,68942.987755,700.0,140823.0
5233,M,1967-10-30,31,OWNER,,66,Zdar nad Sazavou,south Moravia,125832,8512.0,4.0,2247.0,0,,0.0,,0.0,Sin Prestamo,Sin Prestamo,0,0.0,,303,1057666.0,956340.0,62243.564356,900.0,104567.0
5236,M,1978-06-03,20,OWNER,,25,Klatovy,west Bohemia,88757,8554.0,2.0,1822.0,0,,0.0,,0.0,Sin Prestamo,Sin Prestamo,3,10785.0,3595.0,255,1596607.0,1527109.0,63301.909803,800.0,145586.0
5237,M,1977-08-03,21,OWNER,,1,Hl.m. Praha,Prague,1204953,12541.0,0.0,85677.0,0,,0.0,,0.0,Sin Prestamo,Sin Prestamo,0,0.0,,349,458588.0,432975.0,25143.954154,700.0,69491.0
5240,M,1940-02-17,58,OWNER,,74,Ostrava - mesto,north Moravia,323870,10673.0,5.0,18782.0,0,,0.0,,0.0,Sin Prestamo,Sin Prestamo,0,0.0,,129,973094.0,887836.0,51518.271317,700.0,91875.0
5241,M,1978-06-26,20,OWNER,,63,Vyskov,south Moravia,86513,8288.0,4.0,1562.0,0,,0.0,,0.0,Sin Prestamo,Sin Prestamo,0,0.0,,354,1689558.0,1580640.0,72505.118644,1000.0,150170.0
5243,M,1970-04-18,28,OWNER,,2,Benesov,central Bohemia,88884,8507.0,2.0,2159.0,0,,0.0,,0.0,Sin Prestamo,Sin Prestamo,2,4216.0,2108.0,353,1752362.0,1687925.0,51545.895184,400.0,86597.0
5245,F,1942-03-18,56,OWNER,,38,Louny,north Bohemia,85852,8965.0,7.0,2653.0,1,5865.0,327660.0,60.0,5461.0,C,Vigente,2,18217.0,9108.5,143,843079.0,789027.0,50955.433566,1000.0,112776.0
5246,M,1982-05-15,16,OWNER,,70,Karvina,north Moravia,285387,10177.0,7.0,9878.0,0,,0.0,,0.0,Sin Prestamo,Sin Prestamo,0,0.0,,408,520313.0,502170.0,26663.323529,800.0,79218.0
5247,M,1943-04-14,55,OWNER,,47,Pardubice,east Bohemia,162580,9538.0,2.0,6079.0,0,,0.0,,0.0,Sin Prestamo,Sin Prestamo,1,1003.0,1003.0,270,435080.0,460917.0,11397.288888,-35457.0,37537.0
5249,F,1971-01-05,27,OWNER,,5,Kolin,central Bohemia,95616,9307.0,4.0,2616.0,0,,0.0,,0.0,Sin Prestamo,Sin Prestamo,1,2542.0,2542.0,133,1083432.0,992951.0,71987.30827,300.0,147074.0
5253,F,1946-10-07,52,OWNER,True,69,Jesenik,north Moravia,42821,8173.0,,,1,5868.0,90156.0,12.0,7513.0,A,Cerrado,1,7513.0,7513.0,208,1716662.0,1613905.0,76110.125,700.0,150627.0
5254,M,1948-09-16,50,DISPONENT,True,69,Jesenik,north Moravia,42821,8173.0,,,0,,0.0,,0.0,Sin Prestamo,Sin Prestamo,0,0.0,,0,0.0,0.0,,,
5263,F,1962-02-27,36,OWNER,,1,Hl.m. Praha,Prague,1204953,12541.0,0.0,85677.0,0,,0.0,,0.0,Sin Prestamo,Sin Prestamo,0,0.0,,228,689564.0,640466.0,43217.315789,500.0,73976.0
5273,M,1959-01-10,39,OWNER,,39,Most,north Bohemia,119895,10446.0,7.0,4947.0,0,,0.0,,0.0,Sin Prestamo,Sin Prestamo,0,0.0,,142,1371957.0,1308203.0,64205.366197,800.0,135944.0
5275,M,1950-05-21,48,OWNER,,28,Plzen - sever,west Bohemia,72541,8594.0,2.0,1580.0,0,,0.0,,0.0,Sin Prestamo,Sin Prestamo,1,4788.0,4788.0,360,2654276.0,2597287.0,56643.180555,500.0,167492.0
5277,F,1968-11-07,30,OWNER,,44,Chrudim,east Bohemia,105606,8254.0,3.0,2166.0,0,,0.0,,0.0,Sin Prestamo,Sin Prestamo,0,0.0,,127,196338.0,183935.0,18316.850393,500.0,33973.0
5281,M,1941-12-24,57,OWNER,,73,Opava,north Moravia,182027,8746.0,3.0,4355.0,0,,0.0,,0.0,Sin Prestamo,Sin Prestamo,3,14157.0,4719.0,184,1138523.0,1064147.0,52131.25,800.0,146652.0
5283,M,1982-03-10,16,OWNER,,17,Pelhrimov,south Bohemia,74062,8114.0,2.0,1003.0,0,,0.0,,0.0,Sin Prestamo,Sin Prestamo,0,0.0,,316,472127.0,444255.0,31863.294303,1000.0,86052.0
5284,F,1971-09-24,27,OWNER,,51,Trutnov,east Bohemia,121947,8541.0,3.0,3496.0,0,,0.0,,0.0,Sin Prestamo,Sin Prestamo,2,13544.0,6772.0,55,273737.0,251929.0,27386.127272,600.0,70742.0
5287,M,1971-01-02,27,OWNER,,77,Vsetin,north Moravia,148545,8909.0,4.0,3460.0,0,,0.0,,0.0,Sin Prestamo,Sin Prestamo,0,0.0,,138,461317.0,411160.0,32984.942028,400.0,60583.0
5308,F,1974-07-09,24,OWNER,,41,Usti nad Labem,north Bohemia,118650,9832.0,3.0,6445.0,0,,0.0,,0.0,Sin Prestamo,Sin Prestamo,0,0.0,,151,784839.0,777963.0,41965.046357,-1619.0,128881.0
5312,M,1947-01-08,51,OWNER,,71,Novy Jicin,north Moravia,161227,8678.0,6.0,4980.0,0,,0.0,,0.0,Sin Prestamo,Sin Prestamo,2,8936.0,4468.0,327,2060810.0,2030584.0,64835.171253,800.0,159528.0
5313,F,1947-01-16,51,DISPONENT,,71,Novy Jicin,north Moravia,161227,8678.0,6.0,4980.0,0,,0.0,,0.0,Sin Prestamo,Sin Prestamo,0,0.0,,0,0.0,0.0,,,
5318,M,1968-03-28,30,OWNER,,74,Ostrava - mesto,north Moravia,323870,10673.0,5.0,18782.0,1,5876.0,221280.0,48.0,4610.0,C,Vigente,2,12412.0,6206.0,387,2151784.0,2127603.0,37825.627906,1100.0,106145.0
5319,F,1964-09-23,34,DISPONENT,,74,Ostrava - mesto,north Moravia,323870,10673.0,5.0,18782.0,0,,0.0,,0.0,Sin Prestamo,Sin Prestamo,0,0.0,,0,0.0,0.0,,,
5320,F,1951-04-07,47,OWNER,True,17,Pelhrimov,south Bohemia,74062,8114.0,2.0,1003.0,1,5877.0,97224.0,24.0,4051.0,A,Cerrado,3,11276.0,3758.666666,478,912599.0,881089.0,34073.244769,1000.0,68273.0
5321,M,1950-02-01,48,DISPONENT,True,17,Pelhrimov,south Bohemia,74062,8114.0,2.0,1003.0,0,,0.0,,0.0,Sin Prestamo,Sin Prestamo,0,0.0,,0,0.0,0.0,,,
5322,F,1956-03-13,42,OWNER,True,73,Opava,north Moravia,182027,8746.0,3.0,4355.0,1,5878.0,74040.0,12.0,6170.0,A,Cerrado,5,14653.0,2930.6,397,1127789.0,1081309.0,49231.224181,600.0,87902.0
5323,F,1976-02-17,22,OWNER,,14,Ceske Budejovice,south Bohemia,177686,10045.0,1.0,6604.0,0,,0.0,,0.0,Sin Prestamo,Sin Prestamo,0,0.0,,368,477710.0,404490.0,50192.744565,800.0,107916.0
5325,F,1970-09-18,28,OWNER,,66,Zdar nad Sazavou,south Moravia,125832,8512.0,4.0,2247.0,0,,0.0,,0.0,Sin Prestamo,Sin Prestamo,5,9359.0,1871.8,463,871533.0,842429.0,21123.427645,200.0,56353.0
5326,M,1967-08-12,31,DISPONENT,,66,Zdar nad Sazavou,south Moravia,125832,8512.0,4.0,2247.0,0,,0.0,,0.0,Sin Prestamo,Sin Prestamo,0,0.0,,0,0.0,0.0,,,
5333,F,1967-05-29,31,OWNER,True,39,Most,north Bohemia,119895,10446.0,7.0,4947.0,1,5880.0,73836.0,36.0,2051.0,A,Cerrado,3,7343.0,2447.666666,335,1390697.0,1321861.0,43375.698507,900.0,129608.0
5334,M,1935-12-29,63,OWNER,,48,Rychnov nad Kneznou,east Bohemia,78955,9060.0,2.0,1655.0,0,,0.0,,0.0,Sin Prestamo,Sin Prestamo,1,720.0,720.0,154,340152.0,260150.0,41934.40909,500.0,80013.0
5337,M,1961-05-02,37,OWNER,True,1,Hl.m. Praha,Prague,1204953,12541.0,0.0,85677.0,1,5882.0,87816.0,12.0,7318.0,A,Cerrado,2,12323.0,6161.5,372,815884.0,801681.0,18739.486559,800.0,43442.0
5338,F,1966-05-25,32,DISPONENT,True,1,Hl.m. Praha,Prague,1204953,12541.0,0.0,85677.0,0,,0.0,,0.0,Sin Prestamo,Sin Prestamo,0,0.0,,0,0.0,0.0,,,
5347,M,1949-03-31,49,OWNER,,41,Usti nad Labem,north Bohemia,118650,9832.0,3.0,6445.0,0,,0.0,,0.0,Sin Prestamo,Sin Prestamo,2,6809.0,3404.5,357,2530641.0,2459083.0,69365.887955,1100.0,156903.0
5352,F,1976-08-18,22,OWNER,,40,Teplice,north Bohemia,128118,9317.0,6.0,6949.0,0,,0.0,,0.0,Sin Prestamo,Sin Prestamo,0,0.0,,370,444441.0,409100.0,29747.629729,600.0,101441.0
5353,F,1967-05-22,31,OWNER,,48,Rychnov nad Kneznou,east Bohemia,78955,9060.0,2.0,1655.0,0,,0.0,,0.0,Sin Prestamo,Sin Prestamo,1,658.0,658.0,137,222830.0,172140.0,31005.124087,500.0,52414.0
5354,F,1967-01-05,31,OWNER,,30,Sokolov,west Bohemia,94812,9650.0,3.0,2985.0,0,,0.0,,0.0,Sin Prestamo,Sin Prestamo,0,0.0,,162,200736.0,167325.0,23390.888888,1100.0,40655.0
5358,M,1942-08-31,56,OWNER,,54,Brno - mesto,south Moravia,387570,9897.0,2.0,18721.0,0,,0.0,,0.0,Sin Prestamo,Sin Prestamo,2,10092.0,5046.0,151,408387.0,378305.0,29730.569536,300.0,50092.0
5362,M,1939-12-09,59,OWNER,,47,Pardubice,east Bohemia,162580,9538.0,2.0,6079.0,0,,0.0,,0.0,Sin Prestamo,Sin Prestamo,0,0.0,,75,224322.0,191365.0,30437.213333,400.0,46823.0
5364,M,1964-03-14,34,OWNER,,62,Uherske Hradiste,south Moravia,145688,8544.0,1.0,2719.0,1,5886.0,192744.0,36.0,5354.0,C,Vigente,1,5354.0,5354.0,187,1011478.0,942123.0,47651.213903,200.0,128779.0
5365,F,1971-05-01,27,DISPONENT,,62,Uherske Hradiste,south Moravia,145688,8544.0,1.0,2719.0,0,,0.0,,0.0,Sin Prestamo,Sin Prestamo,0,0.0,,0,0.0,0.0,,,
5366,F,1971-09-20,27,OWNER,True,60,Prostejov,south Moravia,110643,8441.0,3.0,1879.0,1,5887.0,192744.0,36.0,5354.0,A,Cerrado,1,5354.0,5354.0,431,2383427.0,2306310.0,67194.607888,700.0,157005.0
5367,M,1979-06-06,19,DISPONENT,True,60,Prostejov,south Moravia,110643,8441.0,3.0,1879.0,0,,0.0,,0.0,Sin Prestamo,Sin Prestamo,0,0.0,,0,0.0,0.0,,,
5374,M,1947-11-26,51,OWNER,,63,Vyskov,south Moravia,86513,8288.0,4.0,1562.0,0,,0.0,,0.0,Sin Prestamo,Sin Prestamo,0,0.0,,113,287954.0,228705.0,49091.867256,1100.0,78133.0
5376,M,1970-01-23,28,OWNER,,14,Ceske Budejovice,south Bohemia,177686,10045.0,1.0,6604.0,1,5889.0,321240.0,60.0,5354.0,C,Vigente,1,5354.0,5354.0,192,1131561.0,1075670.0,70889.020833,700.0,141990.0
5379,M,1978-03-20,20,OWNER,,60,Prostejov,south Moravia,110643,8441.0,3.0,1879.0,0,,0.0,,0.0,Sin Prestamo,Sin Prestamo,0,0.0,,86,133397.0,111515.0,26109.232558,900.0,64134.0
5384,M,1935-07-21,63,OWNER,False,73,Opava,north Moravia,182027,8746.0,3.0,4355.0,1,5892.0,66480.0,24.0,2770.0,B,Cerrado,1,2770.0,2770.0,199,982312.0,958524.0,31561.552763,-3073.0,132047.0
5385,M,1974-02-01,24,OWNER,,67,Bruntal,north Moravia,106054,8110.0,6.0,3244.0,0,,0.0,,0.0,Sin Prestamo,Sin Prestamo,0,0.0,,282,548354.0,518085.0,31533.702127,1000.0,48054.0
5389,M,1968-08-31,30,OWNER,,17,Pelhrimov,south Bohemia,74062,8114.0,2.0,1003.0,1,5893.0,86184.0,36.0,2394.0,C,Vigente,2,6951.0,3475.5,113,339426.0,308205.0,28918.522123,300.0,48831.0
5392,F,1955-03-28,43,OWNER,,16,Jindrichuv Hradec,south Bohemia,93931,8427.0,1.0,1874.0,0,,0.0,,0.0,Sin Prestamo,Sin Prestamo,0,0.0,,335,2754038.0,2655905.0,53013.743283,500.0,115094.0
5393,M,1955-12-03,43,OWNER,,4,Kladno,central Bohemia,149893,9753.0,5.0,5244.0,0,,0.0,,0.0,Sin Prestamo,Sin Prestamo,2,14347.0,7173.5,99,595017.0,537718.0,41482.919191,700.0,92749.0
5395,M,1962-06-01,36,OWNER,,45,Jicin,east Bohemia,77917,8390.0,2.0,2080.0,1,5895.0,93960.0,60.0,1566.0,C,Vigente,3,10619.0,3539.666666,283,1023913.0,963233.0,55425.219081,800.0,88247.0
5397,F,1969-07-30,29,OWNER,,72,Olomouc,north Moravia,226122,8994.0,4.0,9672.0,0,,0.0,,0.0,Sin Prestamo,Sin Prestamo,1,1692.0,1692.0,88,379134.0,347055.0,34352.852272,500.0,55513.0
5398,M,1967-03-23,31,DISPONENT,,72,Olomouc,north Moravia,226122,8994.0,4.0,9672.0,0,,0.0,,0.0,Sin Prestamo,Sin Prestamo,0,0.0,,0,0.0,0.0,,,
5399,F,1972-12-27,26,OWNER,True,24,Karlovy Vary,west Bohemia,122603,8991.0,1.0,5198.0,1,5897.0,15192.0,24.0,633.0,A,Cerrado,4,7843.0,1960.75,406,782159.0,757262.0,27463.756157,500.0,48157.0
5402,F,1968-05-29,30,OWNER,,30,Sokolov,west Bohemia,94812,9650.0,3.0,2985.0,0,,0.0,,0.0,Sin Prestamo,Sin Prestamo,1,707.0,707.0,326,1726265.0,1635200.0,61320.886503,800.0,102437.0
5404,F,1976-09-18,22,OWNER,,58,Jihlava,south Moravia,109164,8757.0,3.0,2212.0,0,,0.0,,0.0,Sin Prestamo,Sin Prestamo,0,0.0,,134,253944.0,220245.0,25999.761194,200.0,42740.0
5409,M,1948-03-25,50,OWNER,,15,Cesky Krumlov,south Bohemia,58796,9045.0,3.0,1845.0,0,,0.0,,0.0,Sin Prestamo,Sin Prestamo,0,0.0,,387,2427937.0,2345958.0,60494.325581,700.0,160891.0
5413,M,1946-04-10,52,OWNER,,33,Decin,north Bohemia,133777,8705.0,6.0,4650.0,0,,0.0,,0.0,Sin Prestamo,Sin Prestamo,0,0.0,,156,325892.0,289205.0,27140.557692,600.0,45178.0
5420,M,1935-07-19,63,OWNER,,61,Trebic,south Moravia,117897,8814.0,5.0,2112.0,0,,0.0,,0.0,Sin Prestamo,Sin Prestamo,0,0.0,,122,602664.0,570303.0,52229.311475,200.0,137440.0
5433,M,1975-09-24,23,OWNER,,50,Svitavy,east Bohemia,102609,8187.0,5.0,2123.0,1,5900.0,135360.0,48.0,2820.0,C,Vigente,1,2820.0,2820.0,293,1983397.0,1908984.0,58129.095563,200.0,146480.0
5441,M,1957-01-25,41,OWNER,,18,Pisek,south Bohemia,70699,8968.0,3.0,1740.0,0,,0.0,,0.0,Sin Prestamo,Sin Prestamo,2,4746.0,2373.0,358,510968.0,485754.0,25874.572625,600.0,44316.0
5445,M,1952-09-16,46,OWNER,,69,Jesenik,north Moravia,42821,8173.0,,,0,,0.0,,0.0,Sin Prestamo,Sin Prestamo,0,0.0,,330,3214508.0,3115388.0,65483.324242,300.0,129866.0
5450,M,1940-08-28,58,OWNER,,8,Mlada Boleslav,central Bohemia,112065,11277.0,1.0,5179.0,0,,0.0,,0.0,Sin Prestamo,Sin Prestamo,0,0.0,,92,90781.0,33200.0,43303.315217,200.0,58507.0
5460,M,1961-10-01,37,OWNER,,63,Vyskov,south Moravia,86513,8288.0,4.0,1562.0,0,,0.0,,0.0,Sin Prestamo,Sin Prestamo,0,0.0,,267,840959.0,757940.0,32989.138576,900.0,84856.0
5461,F,1968-09-20,30,OWNER,,9,Nymburk,central Bohemia,81344,8899.0,3.0,2987.0,0,,0.0,,0.0,Sin Prestamo,Sin Prestamo,1,2156.0,2156.0,85,462592.0,438946.0,49232.188235,600.0,105898.0
5462,M,1963-09-08,35,DISPONENT,,9,Nymburk,central Bohemia,81344,8899.0,3.0,2987.0,0,,0.0,,0.0,Sin Prestamo,Sin Prestamo,0,0.0,,0,0.0,0.0,,,
5468,F,1944-05-27,54,OWNER,,68,Frydek - Mistek,north Moravia,228848,9893.0,4.0,5623.0,1,5906.0,81144.0,36.0,2254.0,C,Vigente,2,12733.0,6366.5,119,954193.0,866057.0,63035.193277,200.0,132954.0
5469,F,1979-03-02,19,OWNER,,63,Vyskov,south Moravia,86513,8288.0,4.0,1562.0,0,,0.0,,0.0,Sin Prestamo,Sin Prestamo,0,0.0,,48,123849.0,92200.0,35513.208333,600.0,70911.0
5472,M,1956-05-10,42,OWNER,,53,Blansko,south Moravia,107911,8240.0,3.0,1850.0,0,,0.0,,0.0,Sin Prestamo,Sin Prestamo,1,1352.0,1352.0,157,931045.0,879127.0,60278.904458,600.0,130618.0
5473,F,1968-08-09,30,OWNER,,70,Karvina,north Moravia,285387,10177.0,7.0,9878.0,0,,0.0,,0.0,Sin Prestamo,Sin Prestamo,0,0.0,,69,58863.0,34500.0,33520.89855,300.0,45854.0
5478,M,1945-10-27,53,OWNER,,33,Decin,north Bohemia,133777,8705.0,6.0,4650.0,0,,0.0,,0.0,Sin Prestamo,Sin Prestamo,0,0.0,,280,374833.0,309793.0,39634.842857,-482.0,65061.0
5487,F,1947-09-17,51,OWNER,,56,Breclav,south Moravia,124605,8772.0,5.0,2854.0,1,5909.0,61320.0,60.0,1022.0,C,Vigente,4,4166.0,1041.5,176,227464.0,200290.0,24398.97159,700.0,34807.0
5517,M,1964-03-13,34,OWNER,True,57,Hodonin,south Moravia,161954,8720.0,4.0,3729.0,1,5918.0,300204.0,36.0,8339.0,A,Cerrado,1,8339.0,8339.0,415,1403214.0,1349654.0,35204.224096,300.0,68594.0
5521,F,1973-05-15,25,OWNER,True,9,Nymburk,central Bohemia,81344,8899.0,3.0,2987.0,1,5922.0,20220.0,12.0,1685.0,A,Cerrado,2,10408.0,5204.0,366,1986158.0,1943677.0,50401.450819,500.0,127871.0
5526,M,1947-03-19,51,OWNER,,27,Plzen - jih,west Bohemia,67298,8561.0,1.0,1029.0,1,5923.0,64656.0,48.0,1347.0,C,Vigente,2,5412.0,2706.0,194,461318.0,409207.0,38747.479381,200.0,59121.0
5527,F,1941-11-28,57,DISPONENT,,27,Plzen - jih,west Bohemia,67298,8561.0,1.0,1029.0,0,,0.0,,0.0,Sin Prestamo,Sin Prestamo,0,0.0,,0,0.0,0.0,,,
5530,M,1953-03-29,45,OWNER,,12,Pribram,central Bohemia,107870,8754.0,4.0,3804.0,0,,0.0,,0.0,Sin Prestamo,Sin Prestamo,0,0.0,,126,161866.0,164695.0,8786.246031,-6595.0,33973.0
5531,M,1979-05-15,19,OWNER,,4,Kladno,central Bohemia,149893,9753.0,5.0,5244.0,0,,0.0,,0.0,Sin Prestamo,Sin Prestamo,0,0.0,,210,267800.0,250854.0,20325.133333,-2461.0,37165.0
5539,M,1935-06-05,63,OWNER,,74,Ostrava - mesto,north Moravia,323870,10673.0,5.0,18782.0,0,,0.0,,0.0,Sin Prestamo,Sin Prestamo,0,0.0,,344,1571567.0,1525812.0,45826.982558,-2736.0,153404.0
5563,M,1976-01-01,22,OWNER,,1,Hl.m. Praha,Prague,1204953,12541.0,0.0,85677.0,1,5930.0,66696.0,24.0,2779.0,C,Vigente,2,15039.0,7519.5,124,901530.0,838094.0,75595.653225,1000.0,163270.0
5565,F,1966-12-22,32,OWNER,,3,Beroun,central Bohemia,75232,8980.0,2.0,2824.0,1,5931.0,66696.0,24.0,2779.0,D,Vigente,1,2779.0,2779.0,149,694859.0,700716.0,28485.785234,-7914.0,115745.0
5574,F,1970-09-12,28,OWNER,True,9,Nymburk,central Bohemia,81344,8899.0,3.0,2987.0,1,5932.0,33348.0,12.0,2779.0,A,Cerrado,1,2779.0,2779.0,167,1068015.0,1008381.0,45632.520958,700.0,112215.0
5579,M,1951-02-16,47,OWNER,,77,Vsetin,north Moravia,148545,8909.0,4.0,3460.0,1,5933.0,87528.0,24.0,3647.0,C,Vigente,1,3647.0,3647.0,133,591614.0,514411.0,58287.609022,800.0,105533.0
5580,F,1952-03-01,46,DISPONENT,,77,Vsetin,north Moravia,148545,8909.0,4.0,3460.0,0,,0.0,,0.0,Sin Prestamo,Sin Prestamo,0,0.0,,0,0.0,0.0,,,
5606,M,1980-08-06,18,OWNER,,4,Kladno,central Bohemia,149893,9753.0,5.0,5244.0,1,5938.0,402000.0,60.0,6700.0,C,Vigente,3,10082.0,3360.666666,269,437150.0,395109.0,24344.717472,200.0,52350.0
5617,F,1958-08-01,40,OWNER,,56,Breclav,south Moravia,124605,8772.0,5.0,2854.0,0,,0.0,,0.0,Sin Prestamo,Sin Prestamo,0,0.0,,325,1891378.0,1797938.0,47062.753846,-1116.0,115427.0
5618,F,1953-03-22,45,OWNER,,63,Vyskov,south Moravia,86513,8288.0,4.0,1562.0,1,5940.0,106944.0,24.0,4456.0,C,Vigente,4,7489.0,1872.25,188,824858.0,789702.0,40008.909574,58.0,83933.0
5642,F,1957-11-04,41,OWNER,,70,Karvina,north Moravia,285387,10177.0,7.0,9878.0,1,5942.0,162624.0,48.0,3388.0,C,Vigente,3,12919.0,4306.333333,294,927421.0,873163.0,36298.77551,14512.0,73290.0
5684,F,1955-03-02,43,OWNER,,8,Mlada Boleslav,central Bohemia,112065,11277.0,1.0,5179.0,1,5953.0,97176.0,24.0,4049.0,C,Vigente,1,4049.0,4049.0,153,1313165.0,1279635.0,58575.078431,400.0,119073.0
5699,M,1950-10-08,48,OWNER,,73,Opava,north Moravia,182027,8746.0,3.0,4355.0,1,5956.0,168264.0,36.0,4674.0,C,Vigente,2,18136.0,9068.0,111,619403.0,585953.0,26730.936936,700.0,70586.0
5701,F,1959-11-22,39,OWNER,True,2,Benesov,central Bohemia,88884,8507.0,2.0,2159.0,1,5959.0,107640.0,24.0,4485.0,A,Cerrado,3,9926.0,3308.666666,353,1840069.0,1766013.0,57480.872521,600.0,123789.0
5704,F,1975-10-09,23,OWNER,,66,Zdar nad Sazavou,south Moravia,125832,8512.0,4.0,2247.0,0,,0.0,,0.0,Sin Prestamo,Sin Prestamo,0,0.0,,93,202643.0,189040.0,15288.04301,-1153.0,36383.0
5722,F,1959-10-07,39,OWNER,,64,Zlin,south Moravia,197099,9624.0,2.0,4484.0,0,,0.0,,0.0,Sin Prestamo,Sin Prestamo,0,0.0,,429,2871762.0,2780314.0,69536.452214,-1377.0,173875.0
5727,M,1953-02-24,45,OWNER,,54,Brno - mesto,south Moravia,387570,9897.0,2.0,18721.0,1,5963.0,204780.0,60.0,3413.0,C,Vigente,1,3413.0,3413.0,153,1230029.0,1169324.0,65213.137254,200.0,151002.0
5736,M,1953-05-16,45,OWNER,,1,Hl.m. Praha,Prague,1204953,12541.0,0.0,85677.0,0,,0.0,,0.0,Sin Prestamo,Sin Prestamo,1,1271.0,1271.0,112,291911.0,284125.0,19500.125,-4040.0,48487.0
5753,M,1948-05-23,50,OWNER,,39,Most,north Bohemia,119895,10446.0,7.0,4947.0,0,,0.0,,0.0,Sin Prestamo,Sin Prestamo,0,0.0,,187,1338194.0,1300377.0,44784.251336,-190.0,125262.0
5760,M,1948-05-08,50,OWNER,,66,Zdar nad Sazavou,south Moravia,125832,8512.0,4.0,2247.0,1,5970.0,465072.0,48.0,9689.0,C,Vigente,1,9689.0,9689.0,392,1531319.0,1449648.0,42890.663265,300.0,99235.0
5761,F,1941-05-11,57,DISPONENT,,66,Zdar nad Sazavou,south Moravia,125832,8512.0,4.0,2247.0,0,,0.0,,0.0,Sin Prestamo,Sin Prestamo,0,0.0,,0,0.0,0.0,,,
5774,F,1960-01-15,38,OWNER,,46,Nachod,east Bohemia,112709,8369.0,2.0,2854.0,1,5973.0,219456.0,48.0,4572.0,C,Vigente,1,4572.0,4572.0,84,549778.0,473660.0,63611.190476,400.0,95801.0
5775,M,1955-03-10,43,DISPONENT,,46,Nachod,east Bohemia,112709,8369.0,2.0,2854.0,0,,0.0,,0.0,Sin Prestamo,Sin Prestamo,0,0.0,,0,0.0,0.0,,,
5788,M,1962-05-04,36,OWNER,,72,Olomouc,north Moravia,226122,8994.0,4.0,9672.0,1,5976.0,465504.0,48.0,9698.0,D,Vigente,5,17025.0,3405.0,197,445404.0,439357.0,18703.73604,-1736.0,49947.0
5801,F,1979-12-10,19,OWNER,,26,Plzen - mesto,west Bohemia,170449,10787.0,3.0,6041.0,1,5977.0,59136.0,48.0,1232.0,C,Vigente,1,1232.0,1232.0,175,205738.0,169994.0,25197.96,6620.0,38938.0
5826,M,1968-09-09,30,OWNER,True,15,Cesky Krumlov,south Bohemia,58796,9045.0,3.0,1845.0,1,5980.0,21396.0,12.0,1783.0,A,Cerrado,1,1783.0,1783.0,301,686035.0,664446.0,29748.016611,1000.0,49990.0
5827,F,1975-01-28,23,DISPONENT,True,15,Cesky Krumlov,south Bohemia,58796,9045.0,3.0,1845.0,0,,0.0,,0.0,Sin Prestamo,Sin Prestamo,0,0.0,,0,0.0,0.0,,,
5858,M,1952-07-17,46,OWNER,True,52,Usti nad Orlici,east Bohemia,139012,8363.0,3.0,2564.0,1,5988.0,141648.0,24.0,5902.0,A,Cerrado,2,10187.0,5093.5,232,1459620.0,1361361.0,47859.370689,200.0,144983.0
5859,F,1945-01-29,53,DISPONENT,True,52,Usti nad Orlici,east Bohemia,139012,8363.0,3.0,2564.0,0,,0.0,,0.0,Sin Prestamo,Sin Prestamo,0,0.0,,0,0.0,0.0,,,
5860,M,1964-04-22,34,OWNER,,47,Pardubice,east Bohemia,162580,9538.0,2.0,6079.0,1,5989.0,213300.0,36.0,5925.0,C,Vigente,2,10719.0,5359.5,275,515037.0,492181.0,24255.52,400.0,42444.0
5866,F,1978-04-03,20,OWNER,,67,Bruntal,north Moravia,106054,8110.0,6.0,3244.0,1,5991.0,335184.0,48.0,6983.0,D,Vigente,1,6983.0,6983.0,134,822216.0,789105.0,31331.328358,-6653.0,100571.0
5873,F,1979-04-06,19,OWNER,True,5,Kolin,central Bohemia,95616,9307.0,4.0,2616.0,1,5992.0,76080.0,12.0,6340.0,A,Cerrado,3,15676.0,5225.333333,261,1386177.0,1325314.0,60857.080459,300.0,105699.0
5911,M,1935-10-03,63,OWNER,True,14,Ceske Budejovice,south Bohemia,177686,10045.0,1.0,6604.0,1,5997.0,117024.0,24.0,4876.0,A,Cerrado,1,4876.0,4876.0,410,2159659.0,2078060.0,63274.358536,800.0,135209.0
5928,F,1970-09-10,28,OWNER,,42,Havlickuv Brod,east Bohemia,95907,8388.0,2.0,1658.0,1,5999.0,98832.0,48.0,2059.0,C,Vigente,4,7575.0,1893.75,464,1010910.0,942103.0,28207.450431,500.0,70009.0
5965,M,1951-04-10,47,OWNER,True,50,Svitavy,east Bohemia,102609,8187.0,5.0,2123.0,1,6004.0,143904.0,24.0,5996.0,A,Cerrado,3,9483.0,3161.0,560,2622818.0,2556239.0,56721.033928,700.0,135935.0
5977,M,1979-05-31,19,OWNER,,43,Hradec Kralove,east Bohemia,161854,9425.0,2.0,4085.0,1,6006.0,359760.0,60.0,5996.0,C,Vigente,2,10706.0,5353.0,237,1081944.0,1019640.0,42951.097046,900.0,127808.0
5978,F,1944-01-27,54,OWNER,,33,Decin,north Bohemia,133777,8705.0,6.0,4650.0,1,6007.0,289920.0,48.0,6040.0,C,Vigente,1,6040.0,6040.0,154,1067255.0,1002708.0,64987.025974,400.0,124678.0
6001,M,1937-05-01,61,OWNER,,60,Prostejov,south Moravia,110643,8441.0,3.0,1879.0,1,6010.0,150180.0,60.0,2503.0,C,Vigente,3,11422.0,3807.333333,210,1449686.0,1348167.0,63042.523809,200.0,144323.0
6015,M,1973-11-21,25,OWNER,,54,Brno - mesto,south Moravia,387570,9897.0,2.0,18721.0,1,6011.0,179328.0,48.0,3736.0,C,Vigente,2,8666.0,4333.0,227,894465.0,878700.0,35846.290748,200.0,81615.0
6033,M,1966-05-27,32,OWNER,,1,Hl.m. Praha,Prague,1204953,12541.0,0.0,85677.0,1,6012.0,258444.0,36.0,7179.0,C,Vigente,1,7179.0,7179.0,206,1066531.0,1033803.0,56216.601941,600.0,113565.0
6034,M,1939-08-15,59,OWNER,,20,Strakonice,south Bohemia,70646,8547.0,3.0,1563.0,1,6013.0,128988.0,36.0,3583.0,D,Vigente,1,3583.0,3583.0,308,1569528.0,1527132.0,43608.5,-36.0,140650.0
6039,F,1958-07-03,40,OWNER,,1,Hl.m. Praha,Prague,1204953,12541.0,0.0,85677.0,1,6014.0,165168.0,36.0,4588.0,C,Vigente,3,17944.0,5981.333333,253,1126855.0,1054226.0,46892.703557,300.0,124254.0
6040,M,1963-04-10,35,DISPONENT,,1,Hl.m. Praha,Prague,1204953,12541.0,0.0,85677.0,0,,0.0,,0.0,Sin Prestamo,Sin Prestamo,0,0.0,,0,0.0,0.0,,,
6042,M,1963-10-12,35,OWNER,True,53,Blansko,south Moravia,107911,8240.0,3.0,1850.0,1,6015.0,110112.0,24.0,4588.0,A,Cerrado,2,13881.0,6940.5,254,1558165.0,1542169.0,54492.964566,700.0,135658.0
6052,M,1949-04-06,49,OWNER,,40,Teplice,north Bohemia,128118,9317.0,6.0,6949.0,0,,0.0,,0.0,Sin Prestamo,Sin Prestamo,0,0.0,,407,2433428.0,2433412.0,34518.019656,-16504.0,125712.0
6067,F,1950-03-13,48,OWNER,,70,Karvina,north Moravia,285387,10177.0,7.0,9878.0,0,,0.0,,0.0,Sin Prestamo,Sin Prestamo,0,0.0,,185,389362.0,382905.0,25183.356756,-6605.0,40527.0
6077,F,1980-04-30,18,OWNER,True,54,Brno - mesto,south Moravia,387570,9897.0,2.0,18721.0,1,6019.0,11400.0,12.0,950.0,A,Cerrado,4,5720.0,1430.0,321,350256.0,309176.0,28142.654205,300.0,49934.0
6112,F,1958-12-28,40,OWNER,,43,Hradec Kralove,east Bohemia,161854,9425.0,2.0,4085.0,0,,0.0,,0.0,Sin Prestamo,Sin Prestamo,0,0.0,,172,502867.0,498114.0,24333.866279,-2142.0,113049.0
6114,F,1940-02-15,58,OWNER,,66,Zdar nad Sazavou,south Moravia,125832,8512.0,4.0,2247.0,0,,0.0,,0.0,Sin Prestamo,Sin Prestamo,1,1541.0,1541.0,373,1978758.0,1970082.0,39954.828418,-5.0,141961.0
6115,F,1953-12-25,45,OWNER,False,13,Rakovnik,central Bohemia,53921,8598.0,3.0,1597.0,1,6027.0,61656.0,24.0,2569.0,B,Cerrado,5,9208.0,1841.6,333,1223741.0,1164073.0,43681.726726,-2177.0,122985.0
6122,F,1968-02-16,30,OWNER,,6,Kutna Hora,central Bohemia,77963,8546.0,3.0,2640.0,1,6028.0,317520.0,60.0,5292.0,C,Vigente,5,14894.0,2978.8,299,878339.0,823501.0,47649.816053,1100.0,83424.0
6144,F,1956-12-19,42,OWNER,,54,Brno - mesto,south Moravia,387570,9897.0,2.0,18721.0,0,,0.0,,0.0,Sin Prestamo,Sin Prestamo,0,0.0,,337,269690.0,289829.0,14544.605341,-34521.0,34411.0
6175,M,1964-05-17,34,OWNER,,72,Olomouc,north Moravia,226122,8994.0,4.0,9672.0,1,6037.0,53232.0,48.0,1109.0,C,Vigente,3,4650.0,1550.0,305,412438.0,380651.0,34816.954098,1100.0,50515.0
6178,F,1940-10-15,58,OWNER,True,1,Hl.m. Praha,Prague,1204953,12541.0,0.0,85677.0,1,6038.0,323472.0,48.0,6739.0,A,Cerrado,2,9747.0,4873.5,453,2267420.0,2202269.0,48719.518763,200.0,128939.0
6183,M,1963-11-16,35,OWNER,,1,Hl.m. Praha,Prague,1204953,12541.0,0.0,85677.0,0,,0.0,,0.0,Sin Prestamo,Sin Prestamo,0,0.0,,212,1114783.0,1128228.0,35546.471698,-13433.0,156275.0
6185,F,1948-03-05,50,OWNER,,58,Jihlava,south Moravia,109164,8757.0,3.0,2212.0,1,6043.0,20352.0,48.0,424.0,C,Vigente,2,4632.0,2316.0,292,438692.0,417344.0,25314.84589,400.0,44428.0
6186,M,1952-05-27,46,DISPONENT,,58,Jihlava,south Moravia,109164,8757.0,3.0,2212.0,0,,0.0,,0.0,Sin Prestamo,Sin Prestamo,0,0.0,,0,0.0,0.0,,,
6191,M,1952-12-24,46,OWNER,,74,Ostrava - mesto,north Moravia,323870,10673.0,5.0,18782.0,0,,0.0,,0.0,Sin Prestamo,Sin Prestamo,0,0.0,,496,3490971.0,3448152.0,49626.840725,-13589.0,171917.0
6196,M,1943-03-09,55,OWNER,,68,Frydek - Mistek,north Moravia,228848,9893.0,4.0,5623.0,1,6044.0,57060.0,12.0,4755.0,C,Vigente,4,9366.0,2341.5,196,987395.0,905918.0,50740.806122,900.0,125665.0
6235,M,1940-04-04,58,OWNER,,5,Kolin,central Bohemia,95616,9307.0,4.0,2616.0,1,6052.0,22356.0,36.0,621.0,C,Vigente,2,4882.0,2441.0,104,153274.0,135090.0,22634.721153,6392.0,37213.0
6255,F,1946-01-01,52,OWNER,,54,Brno - mesto,south Moravia,387570,9897.0,2.0,18721.0,1,6054.0,58764.0,12.0,4897.0,C,Vigente,1,4897.0,4897.0,74,459675.0,425559.0,45220.756756,700.0,111219.0
6256,M,1941-05-21,57,DISPONENT,,54,Brno - mesto,south Moravia,387570,9897.0,2.0,18721.0,0,,0.0,,0.0,Sin Prestamo,Sin Prestamo,0,0.0,,0,0.0,0.0,,,
6257,F,1942-08-20,56,OWNER,,75,Prerov,north Moravia,138032,8819.0,5.0,4063.0,1,6055.0,399120.0,60.0,6652.0,C,Vigente,1,6653.0,6653.0,154,523043.0,498962.0,39458.077922,300.0,85656.0
6272,M,1942-10-10,56,OWNER,,1,Hl.m. Praha,Prague,1204953,12541.0,0.0,85677.0,0,,0.0,,0.0,Sin Prestamo,Sin Prestamo,0,0.0,,324,1692727.0,1661389.0,46521.055555,-1349.0,132173.0
6275,M,1956-12-30,42,OWNER,True,13,Rakovnik,central Bohemia,53921,8598.0,3.0,1597.0,1,6059.0,79824.0,12.0,6652.0,A,Cerrado,2,14558.0,7279.0,130,857192.0,840241.0,59206.653846,300.0,130168.0
6299,M,1936-08-09,62,OWNER,,1,Hl.m. Praha,Prague,1204953,12541.0,0.0,85677.0,1,6063.0,320976.0,48.0,6687.0,D,Vigente,1,6687.0,6687.0,301,2061199.0,1972119.0,47205.455149,-2052.0,130775.0
6301,F,1949-03-08,49,OWNER,True,55,Brno - venkov,south Moravia,157042,8743.0,2.0,3659.0,1,6064.0,14628.0,12.0,1219.0,A,Cerrado,5,7778.0,1555.6,637,1147858.0,1078592.0,44652.496075,200.0,78661.0
6317,F,1957-01-27,41,OWNER,True,77,Vsetin,north Moravia,148545,8909.0,4.0,3460.0,1,6066.0,173808.0,24.0,7242.0,A,Cerrado,1,7242.0,7242.0,454,3576922.0,3540608.0,64091.779735,1000.0,142169.0
6318,M,1950-03-05,48,DISPONENT,True,77,Vsetin,north Moravia,148545,8909.0,4.0,3460.0,0,,0.0,,0.0,Sin Prestamo,Sin Prestamo,0,0.0,,0,0.0,0.0,,,
6342,M,1954-06-04,44,OWNER,,8,Mlada Boleslav,central Bohemia,112065,11277.0,1.0,5179.0,0,,0.0,,0.0,Sin Prestamo,Sin Prestamo,0,0.0,,138,966695.0,945317.0,42103.608695,-9559.0,138320.0
6349,M,1972-12-03,26,OWNER,True,72,Olomouc,north Moravia,226122,8994.0,4.0,9672.0,1,6072.0,193968.0,36.0,5388.0,A,Cerrado,1,5389.0,5389.0,408,1843866.0,1798180.0,52787.870098,800.0,152016.0
6359,M,1976-07-06,22,OWNER,,64,Zlin,south Moravia,197099,9624.0,2.0,4484.0,1,6073.0,276300.0,60.0,4605.0,C,Vigente,2,8555.0,4277.5,273,517552.0,450990.0,36227.424908,500.0,73335.0
6363,F,1973-10-20,25,OWNER,,4,Kladno,central Bohemia,149893,9753.0,5.0,5244.0,1,6075.0,129312.0,24.0,5388.0,D,Vigente,1,5389.0,5389.0,233,1456843.0,1411023.0,43748.068669,-8657.0,117299.0
6366,M,1966-02-21,32,OWNER,,49,Semily,east Bohemia,75685,8208.0,2.0,1660.0,1,6076.0,117420.0,60.0,1957.0,C,Vigente,3,10010.0,3336.666666,213,676738.0,617131.0,30180.253521,500.0,68585.0
6367,M,1970-04-28,28,OWNER,True,44,Chrudim,east Bohemia,105606,8254.0,3.0,2166.0,1,6077.0,79608.0,24.0,3317.0,A,Cerrado,1,3317.0,3317.0,462,3516399.0,3421083.0,65773.456709,800.0,136655.0
6383,M,1970-01-07,28,OWNER,,15,Cesky Krumlov,south Bohemia,58796,9045.0,3.0,1845.0,1,6078.0,170832.0,48.0,3559.0,C,Vigente,2,13208.0,6604.0,93,751697.0,693875.0,70556.376344,700.0,141462.0
6391,M,1952-01-30,46,OWNER,,34,Chomutov,north Bohemia,125236,9675.0,6.0,5323.0,0,,0.0,,0.0,Sin Prestamo,Sin Prestamo,4,17411.0,4352.75,130,486853.0,469064.0,34202.461538,-651.0,103618.0
6408,M,1956-06-29,42,OWNER,,47,Pardubice,east Bohemia,162580,9538.0,2.0,6079.0,1,6083.0,240528.0,48.0,5011.0,C,Vigente,1,5011.0,5011.0,149,900837.0,845239.0,39089.234899,600.0,86335.0
6417,M,1950-01-07,48,OWNER,,40,Teplice,north Bohemia,128118,9317.0,6.0,6949.0,1,6087.0,300660.0,60.0,5011.0,C,Vigente,4,12927.0,3231.75,601,2489788.0,2467235.0,49107.372712,800.0,135577.0
6422,M,1960-09-23,38,OWNER,,28,Plzen - sever,west Bohemia,72541,8594.0,2.0,1580.0,1,6088.0,90180.0,36.0,2505.0,C,Vigente,2,6836.0,3418.0,152,437133.0,417207.0,29359.993421,200.0,52787.0
6452,M,1942-07-17,56,OWNER,,64,Zlin,south Moravia,197099,9624.0,2.0,4484.0,0,,0.0,,0.0,Sin Prestamo,Sin Prestamo,0,0.0,,298,938909.0,928962.0,21021.063758,-17623.0,58097.0
6468,M,1944-02-23,54,OWNER,,70,Karvina,north Moravia,285387,10177.0,7.0,9878.0,0,,0.0,,0.0,Sin Prestamo,Sin Prestamo,0,0.0,,231,566993.0,480445.0,48809.155844,-134.0,89940.0
6469,M,1953-03-16,45,OWNER,,4,Kladno,central Bohemia,149893,9753.0,5.0,5244.0,1,6095.0,68340.0,60.0,1139.0,C,Vigente,2,10330.0,5165.0,267,1155603.0,1087365.0,50175.340823,500.0,77351.0
6473,F,1940-09-30,58,OWNER,,76,Sumperk,north Moravia,127369,8369.0,5.0,3736.0,1,6097.0,202848.0,48.0,4226.0,C,Vigente,3,18601.0,6200.333333,192,797095.0,769375.0,29765.375,800.0,82958.0
6474,M,1934-11-30,64,DISPONENT,,76,Sumperk,north Moravia,127369,8369.0,5.0,3736.0,0,,0.0,,0.0,Sin Prestamo,Sin Prestamo,0,0.0,,0,0.0,0.0,,,
6478,M,1951-05-20,47,OWNER,,3,Beroun,central Bohemia,75232,8980.0,2.0,2824.0,0,,0.0,,0.0,Sin Prestamo,Sin Prestamo,0,0.0,,350,2336345.0,2321061.0,33324.197142,-25610.0,143535.0
6481,F,1958-12-24,40,OWNER,,1,Hl.m. Praha,Prague,1204953,12541.0,0.0,85677.0,0,,0.0,,0.0,Sin Prestamo,Sin Prestamo,0,0.0,,358,483515.0,486832.0,19862.835195,-7146.0,41784.0
6485,F,1962-05-21,36,OWNER,,48,Rychnov nad Kneznou,east Bohemia,78955,9060.0,2.0,1655.0,0,,0.0,,0.0,Sin Prestamo,Sin Prestamo,1,2612.0,2612.0,348,2440709.0,2349567.0,68098.126436,-1058.0,167672.0
6499,M,1963-02-01,35,OWNER,,44,Chrudim,east Bohemia,105606,8254.0,3.0,2166.0,1,6103.0,149340.0,60.0,2489.0,C,Vigente,2,11243.0,5621.5,427,1191489.0,1155261.0,35020.355971,500.0,63867.0
6501,M,1970-11-04,28,OWNER,,1,Hl.m. Praha,Prague,1204953,12541.0,0.0,85677.0,0,,0.0,,0.0,Sin Prestamo,Sin Prestamo,0,0.0,,353,713882.0,705805.0,23347.580736,-10714.0,47279.0
6511,M,1953-08-07,45,OWNER,,47,Pardubice,east Bohemia,162580,9538.0,2.0,6079.0,1,6104.0,158184.0,36.0,4394.0,C,Vigente,1,4394.0,4394.0,196,908649.0,870689.0,52628.806122,400.0,140530.0
6544,M,1974-08-04,24,OWNER,,66,Zdar nad Sazavou,south Moravia,125832,8512.0,4.0,2247.0,1,6109.0,368880.0,60.0,6148.0,C,Vigente,4,10735.0,2683.75,480,2361729.0,2324917.0,50416.7875,1100.0,154699.0
6545,F,1978-09-09,20,DISPONENT,,66,Zdar nad Sazavou,south Moravia,125832,8512.0,4.0,2247.0,0,,0.0,,0.0,Sin Prestamo,Sin Prestamo,0,0.0,,0,0.0,0.0,,,
6546,F,1963-08-22,35,OWNER,,1,Hl.m. Praha,Prague,1204953,12541.0,0.0,85677.0,0,,0.0,,0.0,Sin Prestamo,Sin Prestamo,4,14526.0,3631.5,516,1989000.0,1975016.0,39487.222868,-1965.0,138290.0
6551,F,1948-08-12,50,OWNER,False,24,Karlovy Vary,west Bohemia,122603,8991.0,1.0,5198.0,1,6111.0,174744.0,24.0,7281.0,B,Cerrado,1,7281.0,7281.0,458,2378187.0,2283787.0,45002.30131,-3564.0,151180.0
6552,M,1955-02-21,43,OWNER,,71,Novy Jicin,north Moravia,161227,8678.0,6.0,4980.0,0,,0.0,,0.0,Sin Prestamo,Sin Prestamo,0,0.0,,156,388829.0,406062.0,5711.346153,-33223.0,40248.0
6567,F,1978-11-21,20,OWNER,False,5,Kolin,central Bohemia,95616,9307.0,4.0,2616.0,1,6112.0,174744.0,24.0,7281.0,B,Cerrado,4,18478.0,4619.5,530,2211062.0,2127713.0,30542.00566,-6831.0,123222.0
6571,F,1971-03-24,27,OWNER,,72,Olomouc,north Moravia,226122,8994.0,4.0,9672.0,1,6113.0,78696.0,36.0,2186.0,C,Vigente,5,5793.0,1158.6,193,337331.0,315220.0,37644.445595,1000.0,56766.0
6604,M,1948-07-26,50,OWNER,,72,Olomouc,north Moravia,226122,8994.0,4.0,9672.0,0,,0.0,,0.0,Sin Prestamo,Sin Prestamo,0,0.0,,331,375263.0,369052.0,17557.087613,-2376.0,37045.0
6610,M,1954-06-03,44,OWNER,,57,Hodonin,south Moravia,161954,8720.0,4.0,3729.0,1,6118.0,349392.0,48.0,7279.0,C,Vigente,2,13621.0,6810.5,283,1884403.0,1789297.0,68515.360424,900.0,151614.0
6616,M,1953-06-18,45,OWNER,True,1,Hl.m. Praha,Prague,1204953,12541.0,0.0,85677.0,1,6120.0,209184.0,48.0,4358.0,A,Cerrado,1,4358.0,4358.0,403,2552429.0,2456222.0,56543.898263,1000.0,119383.0
6619,F,1943-12-18,55,OWNER,,43,Hradec Kralove,east Bohemia,161854,9425.0,2.0,4085.0,0,,0.0,,0.0,Sin Prestamo,Sin Prestamo,1,1307.0,1307.0,371,1398044.0,1351498.0,36829.557951,-1383.0,85346.0
6644,F,1959-09-06,39,OWNER,,1,Hl.m. Praha,Prague,1204953,12541.0,0.0,85677.0,0,,0.0,,0.0,Sin Prestamo,Sin Prestamo,1,2908.0,2908.0,189,1260844.0,1177025.0,50744.629629,-1879.0,143964.0
6691,M,1942-10-15,56,OWNER,,43,Hradec Kralove,east Bohemia,161854,9425.0,2.0,4085.0,1,6130.0,32640.0,48.0,680.0,C,Vigente,3,4442.0,1480.666666,343,473463.0,408300.0,34800.215743,300.0,65177.0
6698,F,1952-07-13,46,OWNER,,43,Hradec Kralove,east Bohemia,161854,9425.0,2.0,4085.0,0,,0.0,,0.0,Sin Prestamo,Sin Prestamo,1,2537.0,2537.0,369,1892430.0,1831309.0,34740.926829,-655.0,80352.0
6729,M,1957-12-27,41,OWNER,,15,Cesky Krumlov,south Bohemia,58796,9045.0,3.0,1845.0,1,6136.0,140880.0,60.0,2348.0,C,Vigente,2,13662.0,6831.0,94,466625.0,416714.0,41528.319148,800.0,122248.0
6731,M,1943-11-26,55,OWNER,True,13,Rakovnik,central Bohemia,53921,8598.0,3.0,1597.0,1,6137.0,44628.0,12.0,3719.0,A,Cerrado,2,15597.0,7798.5,382,2758471.0,2701249.0,60027.159685,900.0,133875.0
6749,F,1943-09-29,55,OWNER,,9,Nymburk,central Bohemia,81344,8899.0,3.0,2987.0,1,6142.0,221880.0,60.0,3698.0,C,Vigente,5,7240.0,1448.0,299,807483.0,743550.0,51147.896321,1000.0,75663.0
6750,M,1946-06-04,52,DISPONENT,,9,Nymburk,central Bohemia,81344,8899.0,3.0,2987.0,0,,0.0,,0.0,Sin Prestamo,Sin Prestamo,0,0.0,,0,0.0,0.0,,,
6753,M,1962-05-23,36,OWNER,True,15,Cesky Krumlov,south Bohemia,58796,9045.0,3.0,1845.0,1,6144.0,44376.0,12.0,3698.0,A,Cerrado,2,9747.0,4873.5,291,1845991.0,1783333.0,63700.144329,800.0,149337.0
6764,M,1944-04-12,54,OWNER,,19,Prachatice,south Bohemia,51428,8402.0,3.0,999.0,1,6147.0,177504.0,48.0,3698.0,C,Vigente,1,3698.0,3698.0,181,1044817.0,975263.0,54444.37569,14855.0,144178.0
6789,M,1979-03-26,19,OWNER,True,57,Hodonin,south Moravia,161954,8720.0,4.0,3729.0,1,6150.0,83016.0,12.0,6918.0,A,Cerrado,3,13818.0,4606.0,565,2655047.0,2587021.0,61408.329203,700.0,138532.0
6798,F,1948-08-03,50,OWNER,,61,Trebic,south Moravia,117897,8814.0,5.0,2112.0,1,6151.0,225420.0,60.0,3757.0,C,Vigente,1,3757.0,3757.0,313,842982.0,802443.0,34890.916932,200.0,60399.0
6803,F,1980-12-07,18,OWNER,,5,Kolin,central Bohemia,95616,9307.0,4.0,2616.0,1,6153.0,285600.0,60.0,4760.0,C,Vigente,1,4760.0,4760.0,326,2277702.0,2229293.0,58264.659509,1100.0,144826.0
6804,M,1981-06-07,17,DISPONENT,,5,Kolin,central Bohemia,95616,9307.0,4.0,2616.0,0,,0.0,,0.0,Sin Prestamo,Sin Prestamo,0,0.0,,0,0.0,0.0,,,
6827,M,1969-04-28,29,OWNER,,59,Kromeriz,south Moravia,108871,8444.0,3.0,2595.0,0,,0.0,,0.0,Sin Prestamo,Sin Prestamo,0,0.0,,101,899257.0,849596.0,61261.564356,-997.0,124452.0
6829,F,1963-12-24,35,OWNER,True,10,Praha - vychod,central Bohemia,92084,10124.0,1.0,3810.0,1,6157.0,98592.0,24.0,4108.0,A,Cerrado,2,14638.0,7319.0,327,1331972.0,1289187.0,43995.259938,900.0,78714.0
6844,F,1971-09-05,27,OWNER,,53,Blansko,south Moravia,107911,8240.0,3.0,1850.0,0,,0.0,,0.0,Sin Prestamo,Sin Prestamo,1,1654.0,1654.0,199,1287662.0,1275121.0,35439.462311,-24041.0,142074.0
6886,F,1942-03-13,56,OWNER,,66,Zdar nad Sazavou,south Moravia,125832,8512.0,4.0,2247.0,0,,0.0,,0.0,Sin Prestamo,Sin Prestamo,1,1654.0,1654.0,151,561630.0,526921.0,38475.231788,-2346.0,90197.0
6892,F,1951-03-22,47,OWNER,,1,Hl.m. Praha,Prague,1204953,12541.0,0.0,85677.0,1,6168.0,99216.0,36.0,2756.0,C,Vigente,2,12876.0,6438.0,99,647086.0,620391.0,58031.555555,300.0,124072.0
6893,M,1944-01-14,54,DISPONENT,,1,Hl.m. Praha,Prague,1204953,12541.0,0.0,85677.0,0,,0.0,,0.0,Sin Prestamo,Sin Prestamo,0,0.0,,0,0.0,0.0,,,
6895,M,1971-06-24,27,OWNER,,42,Havlickuv Brod,east Bohemia,95907,8388.0,2.0,1658.0,1,6169.0,103680.0,60.0,1728.0,D,Vigente,1,1728.0,1728.0,355,723505.0,728404.0,21089.543661,-19310.0,46520.0
6906,M,1949-09-25,49,OWNER,,64,Zlin,south Moravia,197099,9624.0,2.0,4484.0,0,,0.0,,0.0,Sin Prestamo,Sin Prestamo,0,0.0,,70,480298.0,405003.0,45226.828571,-11871.0,98627.0
6922,F,1939-04-27,59,OWNER,,14,Ceske Budejovice,south Bohemia,177686,10045.0,1.0,6604.0,1,6173.0,232560.0,48.0,4845.0,C,Vigente,5,9599.0,1919.8,417,1418326.0,1356009.0,34838.177458,200.0,79287.0
6924,M,1967-08-23,31,OWNER,,17,Pelhrimov,south Bohemia,74062,8114.0,2.0,1003.0,0,,0.0,,0.0,Sin Prestamo,Sin Prestamo,0,0.0,,168,878443.0,862711.0,34599.35119,-5884.0,99001.0
6936,F,1959-02-27,39,OWNER,,52,Usti nad Orlici,east Bohemia,139012,8363.0,3.0,2564.0,1,6175.0,290700.0,60.0,4845.0,D,Vigente,1,4845.0,4845.0,315,1653143.0,1564132.0,51671.27619,-2825.0,129626.0
6944,M,1970-03-13,28,OWNER,,43,Hradec Kralove,east Bohemia,161854,9425.0,2.0,4085.0,0,,0.0,,0.0,Sin Prestamo,Sin Prestamo,1,2907.0,2907.0,348,1838309.0,1824283.0,33493.626436,-3725.0,133182.0
6946,F,1970-01-29,28,OWNER,,74,Ostrava - mesto,north Moravia,323870,10673.0,5.0,18782.0,1,6178.0,232560.0,48.0,4845.0,C,Vigente,1,4845.0,4845.0,243,1242515.0,1216356.0,49002.106995,600.0,139370.0
6967,M,1953-12-17,45,OWNER,,44,Chrudim,east Bohemia,105606,8254.0,3.0,2166.0,0,,0.0,,0.0,Sin Prestamo,Sin Prestamo,4,19963.0,4990.75,134,639210.0,584617.0,32257.626865,-4197.0,109635.0
6978,M,1965-04-05,33,OWNER,,38,Louny,north Bohemia,85852,8965.0,7.0,2653.0,0,,0.0,,0.0,Sin Prestamo,Sin Prestamo,0,0.0,,434,689857.0,677412.0,22743.829493,-468.0,45844.0
6987,M,1968-01-29,30,OWNER,True,1,Hl.m. Praha,Prague,1204953,12541.0,0.0,85677.0,1,6185.0,31176.0,24.0,1299.0,A,Cerrado,3,9855.0,3285.0,303,929467.0,876254.0,34951.465346,700.0,65770.0
7010,M,1967-06-30,31,OWNER,,70,Karvina,north Moravia,285387,10177.0,7.0,9878.0,1,6190.0,123600.0,60.0,2060.0,C,Vigente,1,2060.0,2060.0,229,998991.0,931986.0,42213.934497,300.0,125562.0
7011,F,1961-04-14,37,DISPONENT,,70,Karvina,north Moravia,285387,10177.0,7.0,9878.0,0,,0.0,,0.0,Sin Prestamo,Sin Prestamo,0,0.0,,0,0.0,0.0,,,
7043,M,1940-06-30,58,OWNER,,77,Vsetin,north Moravia,148545,8909.0,4.0,3460.0,0,,0.0,,0.0,Sin Prestamo,Sin Prestamo,3,16306.0,5435.333333,202,1444772.0,1379922.0,55989.490099,-1225.0,156401.0
7065,F,1971-07-07,27,OWNER,,5,Kolin,central Bohemia,95616,9307.0,4.0,2616.0,1,6196.0,177804.0,36.0,4939.0,C,Vigente,1,4939.0,4939.0,173,917422.0,884549.0,53945.907514,800.0,140728.0
7100,F,1961-09-23,37,OWNER,,30,Sokolov,west Bohemia,94812,9650.0,3.0,2985.0,0,,0.0,,0.0,Sin Prestamo,Sin Prestamo,1,1762.0,1762.0,372,2258015.0,2156063.0,50447.712365,-3370.0,174680.0
7102,F,1967-07-20,31,OWNER,,75,Prerov,north Moravia,138032,8819.0,5.0,4063.0,0,,0.0,,0.0,Sin Prestamo,Sin Prestamo,0,0.0,,80,671529.0,606456.0,60568.45,-1119.0,158654.0
7112,M,1961-06-24,37,OWNER,,76,Sumperk,north Moravia,127369,8369.0,5.0,3736.0,0,,0.0,,0.0,Sin Prestamo,Sin Prestamo,0,0.0,,115,323643.0,241880.0,48039.730434,-137.0,97080.0
7127,M,1957-09-29,41,OWNER,True,3,Beroun,central Bohemia,75232,8980.0,2.0,2824.0,1,6202.0,65184.0,12.0,5432.0,A,Cerrado,1,5432.0,5432.0,464,2620800.0,2513972.0,70233.519396,900.0,159892.0
7150,F,1963-09-16,35,OWNER,,45,Jicin,east Bohemia,77917,8390.0,2.0,2080.0,1,6207.0,184620.0,60.0,3077.0,C,Vigente,2,12923.0,6461.5,153,545564.0,510630.0,34655.895424,1100.0,65518.0
7166,M,1964-05-13,34,OWNER,False,15,Cesky Krumlov,south Bohemia,58796,9045.0,3.0,1845.0,1,6210.0,87216.0,48.0,1817.0,B,Cerrado,1,1817.0,1817.0,502,974975.0,944849.0,17821.67729,-5238.0,47942.0
7186,F,1944-06-01,54,OWNER,,27,Plzen - jih,west Bohemia,67298,8561.0,1.0,1029.0,1,6215.0,78720.0,48.0,1640.0,C,Vigente,2,6325.0,3162.5,112,454673.0,392240.0,47499.169642,1000.0,68640.0
7195,M,1962-09-11,36,OWNER,True,50,Svitavy,east Bohemia,102609,8187.0,5.0,2123.0,1,6216.0,141240.0,24.0,5885.0,A,Cerrado,5,15565.0,3113.0,628,2480271.0,2407954.0,63072.584394,1000.0,114517.0
7234,M,1965-08-04,33,OWNER,,28,Plzen - sever,west Bohemia,72541,8594.0,2.0,1580.0,0,,0.0,,0.0,Sin Prestamo,Sin Prestamo,0,0.0,,304,1073670.0,1062565.0,29238.407894,-1308.0,64375.0
7241,F,1957-09-06,41,OWNER,True,57,Hodonin,south Moravia,161954,8720.0,4.0,3729.0,1,6223.0,61056.0,48.0,1272.0,A,Cerrado,3,7485.0,2495.0,459,1102588.0,1070544.0,33080.690631,900.0,57224.0
7286,F,1970-02-10,28,OWNER,True,47,Pardubice,east Bohemia,162580,9538.0,2.0,6079.0,1,6227.0,28248.0,24.0,1177.0,A,Cerrado,1,1177.0,1177.0,353,1430205.0,1354473.0,60557.291784,400.0,124819.0
7291,F,1940-12-02,58,OWNER,False,77,Vsetin,north Moravia,148545,8909.0,4.0,3460.0,1,6228.0,464520.0,60.0,7742.0,B,Cerrado,1,7742.0,7742.0,441,2266302.0,2202417.0,37420.986394,-5541.0,132074.0
7299,M,1938-09-16,60,OWNER,True,1,Hl.m. Praha,Prague,1204953,12541.0,0.0,85677.0,1,6229.0,11736.0,24.0,489.0,A,Cerrado,4,9460.0,2365.0,580,1645694.0,1623104.0,34715.813793,1100.0,70827.0
7311,M,1949-05-18,49,OWNER,False,56,Breclav,south Moravia,124605,8772.0,5.0,2854.0,1,6232.0,276660.0,36.0,7685.0,B,Cerrado,1,7685.0,7685.0,391,712604.0,701689.0,16486.544757,-4668.0,34012.0
7324,F,1963-03-18,35,OWNER,,1,Hl.m. Praha,Prague,1204953,12541.0,0.0,85677.0,1,6234.0,5148.0,12.0,429.0,C,Vigente,2,8950.0,4475.0,126,497916.0,446779.0,40547.785714,1000.0,66177.0
7325,M,1975-01-24,23,OWNER,,24,Karlovy Vary,west Bohemia,122603,8991.0,1.0,5198.0,1,6235.0,321360.0,60.0,5356.0,C,Vigente,2,15964.0,7982.0,202,1183138.0,1141454.0,53716.386138,700.0,116559.0
7327,M,1959-05-22,39,OWNER,,49,Semily,east Bohemia,75685,8208.0,2.0,1660.0,0,,0.0,,0.0,Sin Prestamo,Sin Prestamo,0,0.0,,107,162666.0,159066.0,14077.252336,-3262.0,34068.0
7339,F,1974-02-28,24,OWNER,,19,Prachatice,south Bohemia,51428,8402.0,3.0,999.0,1,6237.0,407952.0,48.0,8499.0,D,Vigente,1,8499.0,8499.0,128,212914.0,194887.0,14818.539062,-1450.0,29697.0
7348,F,1977-10-26,21,OWNER,,6,Kutna Hora,central Bohemia,77963,8546.0,3.0,2640.0,1,6239.0,360864.0,48.0,7518.0,D,Vigente,1,7518.0,7518.0,220,1252835.0,1247781.0,44139.00909,-18391.0,138401.0
7366,F,1973-04-12,25,OWNER,,29,Rokycany,west Bohemia,45714,8843.0,3.0,818.0,1,6242.0,26208.0,36.0,728.0,C,Vigente,2,3883.0,1941.5,103,175376.0,145777.0,26846.582524,1000.0,45816.0
7390,M,1937-11-04,61,OWNER,False,1,Hl.m. Praha,Prague,1204953,12541.0,0.0,85677.0,1,6244.0,270648.0,36.0,7518.0,B,Cerrado,1,7518.0,7518.0,408,1535471.0,1497450.0,44437.72549,-5141.0,134501.0
7411,F,1963-01-25,35,OWNER,,54,Brno - mesto,south Moravia,387570,9897.0,2.0,18721.0,1,6249.0,67608.0,24.0,2817.0,C,Vigente,2,13686.0,6843.0,115,429794.0,391519.0,23762.547826,200.0,54658.0
7412,M,1955-10-17,43,DISPONENT,,54,Brno - mesto,south Moravia,387570,9897.0,2.0,18721.0,0,,0.0,,0.0,Sin Prestamo,Sin Prestamo,0,0.0,,0,0.0,0.0,,,
7422,M,1958-11-26,40,OWNER,True,74,Ostrava - mesto,north Moravia,323870,10673.0,5.0,18782.0,1,6253.0,59760.0,24.0,2490.0,A,Cerrado,2,10337.0,5168.5,416,1522650.0,1404830.0,62014.105769,300.0,117838.0
7423,F,1964-09-08,34,DISPONENT,True,74,Ostrava - mesto,north Moravia,323870,10673.0,5.0,18782.0,0,,0.0,,0.0,Sin Prestamo,Sin Prestamo,0,0.0,,0,0.0,0.0,,,
7434,F,1942-04-04,56,OWNER,,34,Chomutov,north Bohemia,125236,9675.0,6.0,5323.0,1,6254.0,247920.0,48.0,5165.0,C,Vigente,2,14688.0,7344.0,194,1348408.0,1287180.0,59124.608247,1000.0,133662.0
7435,F,1957-04-16,41,OWNER,,67,Bruntal,north Moravia,106054,8110.0,6.0,3244.0,1,6255.0,247920.0,48.0,5165.0,D,Vigente,1,5165.0,5165.0,111,535620.0,474328.0,48419.522522,-1164.0,126697.0
7521,F,1960-02-09,38,OWNER,,74,Ostrava - mesto,north Moravia,323870,10673.0,5.0,18782.0,1,6272.0,398640.0,60.0,6644.0,C,Vigente,1,6644.0,6644.0,401,2937127.0,2842264.0,67899.074812,400.0,151864.0
7567,M,1937-03-15,61,OWNER,,5,Kolin,central Bohemia,95616,9307.0,4.0,2616.0,1,6278.0,87360.0,24.0,3640.0,C,Vigente,2,10914.0,5457.0,198,1135084.0,1100693.0,55385.646464,200.0,134714.0
7576,M,1962-07-10,36,OWNER,True,38,Louny,north Bohemia,85852,8965.0,7.0,2653.0,1,6279.0,87360.0,24.0,3640.0,A,Cerrado,1,3640.0,3640.0,398,1829763.0,1764153.0,51558.565326,200.0,146350.0
7586,F,1973-01-28,25,OWNER,,56,Breclav,south Moravia,124605,8772.0,5.0,2854.0,0,,0.0,,0.0,Sin Prestamo,Sin Prestamo,0,0.0,,363,928245.0,930020.0,12773.261707,-3369.0,44855.0
7594,F,1949-04-07,49,OWNER,,64,Zlin,south Moravia,197099,9624.0,2.0,4484.0,1,6283.0,85632.0,48.0,1784.0,C,Vigente,1,1785.0,1785.0,280,1776041.0,1702720.0,63959.175,800.0,156504.0
7614,M,1977-03-05,21,OWNER,,64,Zlin,south Moravia,197099,9624.0,2.0,4484.0,0,,0.0,,0.0,Sin Prestamo,Sin Prestamo,0,0.0,,68,245905.0,246100.0,21888.352941,-1597.0,86446.0
7632,M,1948-01-11,50,OWNER,,1,Hl.m. Praha,Prague,1204953,12541.0,0.0,85677.0,0,,0.0,,0.0,Sin Prestamo,Sin Prestamo,0,0.0,,264,1439811.0,1420558.0,41224.564393,-2564.0,129170.0
7672,M,1953-04-05,45,OWNER,,26,Plzen - mesto,west Bohemia,170449,10787.0,3.0,6041.0,1,6294.0,79920.0,60.0,1332.0,C,Vigente,3,7902.0,2634.0,462,1636526.0,1570344.0,45950.926406,700.0,76932.0
7678,M,1962-04-07,36,OWNER,,3,Beroun,central Bohemia,75232,8980.0,2.0,2824.0,1,6296.0,270384.0,48.0,5633.0,C,Vigente,2,18709.0,9354.5,282,1612121.0,1575308.0,47479.659574,700.0,94187.0
7683,M,1946-04-01,52,OWNER,True,12,Pribram,central Bohemia,107870,8754.0,4.0,3804.0,1,6297.0,17508.0,12.0,1459.0,A,Cerrado,1,1459.0,1459.0,354,860230.0,789708.0,51932.279661,900.0,85423.0
7723,F,1966-06-14,32,OWNER,,48,Rychnov nad Kneznou,east Bohemia,78955,9060.0,2.0,1655.0,1,6302.0,181020.0,60.0,3017.0,C,Vigente,1,3017.0,3017.0,264,922921.0,852800.0,41255.25,500.0,79501.0
7724,M,1968-02-23,30,DISPONENT,,48,Rychnov nad Kneznou,east Bohemia,78955,9060.0,2.0,1655.0,0,,0.0,,0.0,Sin Prestamo,Sin Prestamo,0,0.0,,0,0.0,0.0,,,
7727,F,1958-06-13,40,OWNER,False,31,Tachov,west Bohemia,51313,8930.0,4.0,1328.0,1,6303.0,72408.0,24.0,3017.0,B,Cerrado,4,17876.0,4469.0,287,1033442.0,1020054.0,40908.191637,-2334.0,107989.0
7753,F,1978-09-23,20,OWNER,True,70,Karvina,north Moravia,285387,10177.0,7.0,9878.0,1,6306.0,36684.0,12.0,3057.0,A,Cerrado,1,3057.0,3057.0,431,968156.0,940964.0,26750.781902,700.0,50774.0
7765,F,1958-02-24,40,OWNER,True,1,Hl.m. Praha,Prague,1204953,12541.0,0.0,85677.0,1,6309.0,110136.0,24.0,4589.0,A,Cerrado,2,9480.0,4740.0,244,1327180.0,1288476.0,48492.118852,400.0,140543.0
7772,F,1976-12-30,22,OWNER,True,1,Hl.m. Praha,Prague,1204953,12541.0,0.0,85677.0,1,6310.0,34572.0,12.0,2881.0,A,Cerrado,1,2881.0,2881.0,145,730687.0,710804.0,49152.772413,1100.0,141787.0
7787,M,1951-07-10,47,OWNER,,34,Chomutov,north Bohemia,125236,9675.0,6.0,5323.0,1,6312.0,10944.0,36.0,304.0,C,Vigente,4,3054.0,763.5,226,184228.0,163838.0,23022.597345,300.0,35828.0
7796,F,1975-09-27,23,OWNER,,50,Svitavy,east Bohemia,102609,8187.0,5.0,2123.0,1,6313.0,150912.0,36.0,4192.0,C,Vigente,1,4193.0,4193.0,198,998183.0,972664.0,55372.959595,700.0,117063.0
7797,M,1970-07-30,28,DISPONENT,,50,Svitavy,east Bohemia,102609,8187.0,5.0,2123.0,0,,0.0,,0.0,Sin Prestamo,Sin Prestamo,0,0.0,,0,0.0,0.0,,,
7800,F,1957-08-30,41,OWNER,,16,Jindrichuv Hradec,south Bohemia,93931,8427.0,1.0,1874.0,0,,0.0,,0.0,Sin Prestamo,Sin Prestamo,0,0.0,,233,1410638.0,1295027.0,47163.86266,-12017.0,157981.0
7814,F,1976-01-06,22,OWNER,True,61,Trebic,south Moravia,117897,8814.0,5.0,2112.0,1,6315.0,43164.0,12.0,3597.0,A,Cerrado,1,3597.0,3597.0,381,2479735.0,2420762.0,59798.343832,800.0,120071.0
7815,F,1946-01-19,52,OWNER,False,4,Kladno,central Bohemia,149893,9753.0,5.0,5244.0,1,6316.0,76908.0,12.0,6409.0,B,Cerrado,1,6409.0,6409.0,473,2752567.0,2722747.0,46888.488372,-1057.0,128712.0
7843,M,1966-05-11,32,OWNER,,6,Kutna Hora,central Bohemia,77963,8546.0,3.0,2640.0,1,6320.0,104964.0,12.0,8747.0,C,Vigente,2,17353.0,8676.5,177,603323.0,579086.0,38456.909604,500.0,67028.0
7855,F,1964-01-30,34,OWNER,,7,Melnik,central Bohemia,94725,9920.0,2.0,4289.0,1,6321.0,38496.0,12.0,3208.0,C,Vigente,1,3208.0,3208.0,49,209114.0,169184.0,45556.530612,800.0,92238.0
7862,M,1965-10-17,33,OWNER,,74,Ostrava - mesto,north Moravia,323870,10673.0,5.0,18782.0,1,6322.0,76992.0,24.0,3208.0,C,Vigente,1,3208.0,3208.0,164,909386.0,865687.0,48684.378048,900.0,112176.0
7863,M,1959-03-12,39,OWNER,,72,Olomouc,north Moravia,226122,8994.0,4.0,9672.0,0,,0.0,,0.0,Sin Prestamo,Sin Prestamo,1,1925.0,1925.0,276,1530892.0,1521370.0,47291.293478,-585.0,132089.0
7864,M,1935-12-14,63,OWNER,,34,Chomutov,north Bohemia,125236,9675.0,6.0,5323.0,0,,0.0,,0.0,Sin Prestamo,Sin Prestamo,0,0.0,,184,506920.0,492974.0,23558.793478,-3334.0,56541.0
7914,F,1966-10-24,32,OWNER,True,38,Louny,north Bohemia,85852,8965.0,7.0,2653.0,1,6336.0,212400.0,36.0,5900.0,A,Cerrado,1,5900.0,5900.0,438,2152615.0,2090988.0,62403.422374,300.0,155811.0
7959,F,1978-06-29,20,OWNER,,1,Hl.m. Praha,Prague,1204953,12541.0,0.0,85677.0,1,6338.0,390660.0,60.0,6511.0,C,Vigente,2,17266.0,8633.0,224,1697221.0,1609276.0,68033.526785,300.0,164910.0
7970,M,1967-11-20,31,OWNER,,74,Ostrava - mesto,north Moravia,323870,10673.0,5.0,18782.0,0,,0.0,,0.0,Sin Prestamo,Sin Prestamo,1,8523.0,8523.0,99,307704.0,272320.0,26361.989898,-274.0,57728.0
7980,M,1976-08-08,22,OWNER,False,16,Jindrichuv Hradec,south Bohemia,93931,8427.0,1.0,1874.0,1,6342.0,60156.0,36.0,1671.0,B,Cerrado,3,7176.0,2392.0,281,1174444.0,1074470.0,38553.818505,-1449.0,159713.0
8013,M,1942-06-22,56,OWNER,,43,Hradec Kralove,east Bohemia,161854,9425.0,2.0,4085.0,0,,0.0,,0.0,Sin Prestamo,Sin Prestamo,0,0.0,,430,1919887.0,1831243.0,59400.625581,-3259.0,147828.0
8030,M,1967-07-19,31,OWNER,,1,Hl.m. Praha,Prague,1204953,12541.0,0.0,85677.0,1,6346.0,100260.0,60.0,1671.0,C,Vigente,1,1671.0,1671.0,186,1033602.0,974030.0,52747.333333,1000.0,143764.0
8064,F,1966-11-29,32,OWNER,,54,Brno - mesto,south Moravia,387570,9897.0,2.0,18721.0,1,6350.0,294384.0,48.0,6133.0,C,Vigente,1,6133.0,6133.0,274,2064809.0,2039232.0,66044.102189,1100.0,147778.0
8074,M,1958-10-07,40,OWNER,,61,Trebic,south Moravia,117897,8814.0,5.0,2112.0,1,6353.0,116496.0,24.0,4854.0,C,Vigente,1,4854.0,4854.0,188,1083535.0,1061811.0,38920.882978,600.0,84727.0
8076,F,1950-07-27,48,OWNER,,16,Jindrichuv Hradec,south Bohemia,93931,8427.0,1.0,1874.0,1,6354.0,22968.0,36.0,638.0,C,Vigente,4,4243.0,1060.75,249,303180.0,253223.0,39637.273092,1000.0,57999.0
8089,M,1965-04-06,33,OWNER,,35,Jablonec n. Nisou,north Bohemia,88768,8867.0,1.0,3384.0,1,6355.0,127200.0,48.0,2650.0,C,Vigente,3,15457.0,5152.333333,222,723948.0,686421.0,38370.27027,400.0,77515.0
8091,M,1971-02-10,27,OWNER,True,5,Kolin,central Bohemia,95616,9307.0,4.0,2616.0,1,6356.0,95400.0,36.0,2650.0,A,Cerrado,1,2650.0,2650.0,479,3189174.0,3146900.0,68519.108559,200.0,158344.0
8096,F,1979-11-02,19,OWNER,,38,Louny,north Bohemia,85852,8965.0,7.0,2653.0,1,6357.0,64860.0,60.0,1081.0,C,Vigente,4,4549.0,1137.25,180,360148.0,314005.0,44139.766666,200.0,67060.0
8105,M,1963-03-12,35,OWNER,,72,Olomouc,north Moravia,226122,8994.0,4.0,9672.0,1,6358.0,137880.0,60.0,2298.0,D,Vigente,1,2298.0,2298.0,402,1309488.0,1276452.0,33760.873134,-1742.0,78056.0
8130,F,1976-05-08,22,OWNER,True,62,Uherske Hradiste,south Moravia,145688,8544.0,1.0,2719.0,1,6362.0,37908.0,12.0,3159.0,A,Cerrado,1,3159.0,3159.0,288,1100372.0,1053508.0,37719.621527,800.0,71123.0
8200,F,1944-05-31,54,OWNER,True,1,Hl.m. Praha,Prague,1204953,12541.0,0.0,85677.0,1,6377.0,17184.0,12.0,1432.0,A,Cerrado,4,5424.0,1356.0,256,433752.0,392873.0,32435.316406,400.0,47760.0
8217,M,1978-08-02,20,OWNER,,69,Jesenik,north Moravia,42821,8173.0,,,0,,0.0,,0.0,Sin Prestamo,Sin Prestamo,1,2429.0,2429.0,333,1639957.0,1581174.0,43578.561561,-340.0,83779.0
8276,F,1979-06-08,19,OWNER,,43,Hradec Kralove,east Bohemia,161854,9425.0,2.0,4085.0,1,6386.0,124344.0,36.0,3454.0,C,Vigente,4,13770.0,3442.5,319,922224.0,892884.0,32102.037617,321.0,103753.0
8287,M,1936-09-26,62,OWNER,,14,Ceske Budejovice,south Bohemia,177686,10045.0,1.0,6604.0,0,,0.0,,0.0,Sin Prestamo,Sin Prestamo,0,0.0,,75,360515.0,355098.0,22206.76,-986.0,64903.0
8295,F,1951-01-23,47,OWNER,,15,Cesky Krumlov,south Bohemia,58796,9045.0,3.0,1845.0,0,,0.0,,0.0,Sin Prestamo,Sin Prestamo,0,0.0,,220,1019818.0,966932.0,46248.481818,-1424.0,99379.0
8327,F,1945-08-31,53,OWNER,,48,Rychnov nad Kneznou,east Bohemia,78955,9060.0,2.0,1655.0,0,,0.0,,0.0,Sin Prestamo,Sin Prestamo,0,0.0,,386,2422181.0,2328368.0,61916.015544,-534.0,144437.0
8333,M,1966-02-01,32,OWNER,,60,Prostejov,south Moravia,110643,8441.0,3.0,1879.0,1,6399.0,49320.0,36.0,1370.0,C,Vigente,3,5935.0,1978.333333,175,305307.0,287285.0,28553.937142,900.0,49729.0
8342,M,1979-07-30,19,OWNER,,76,Sumperk,north Moravia,127369,8369.0,5.0,3736.0,0,,0.0,,0.0,Sin Prestamo,Sin Prestamo,1,2392.0,2392.0,234,1536359.0,1467347.0,60928.367521,-1239.0,155241.0
8356,M,1969-09-04,29,OWNER,,3,Beroun,central Bohemia,75232,8980.0,2.0,2824.0,1,6402.0,139488.0,24.0,5812.0,C,Vigente,1,5812.0,5812.0,108,753488.0,673550.0,48303.555555,1100.0,100261.0
8359,M,1979-12-06,19,OWNER,,74,Ostrava - mesto,north Moravia,323870,10673.0,5.0,18782.0,1,6403.0,194880.0,48.0,4060.0,C,Vigente,2,8645.0,4322.5,376,1487034.0,1445801.0,38530.353723,300.0,79100.0
8362,F,1975-09-15,23,OWNER,,74,Ostrava - mesto,north Moravia,323870,10673.0,5.0,18782.0,0,,0.0,,0.0,Sin Prestamo,Sin Prestamo,0,0.0,,169,755171.0,704402.0,29699.08284,-319.0,122462.0
8366,F,1960-05-21,38,OWNER,True,41,Usti nad Labem,north Bohemia,118650,9832.0,3.0,6445.0,1,6407.0,25944.0,24.0,1081.0,A,Cerrado,1,1081.0,1081.0,357,1696194.0,1628429.0,52050.960784,600.0,93629.0
8392,F,1966-05-08,32,OWNER,,36,Liberec,north Bohemia,159617,9198.0,3.0,5796.0,1,6415.0,475680.0,48.0,9910.0,C,Vigente,2,18471.0,9235.5,161,712585.0,653497.0,46895.347826,700.0,114953.0
8393,M,1966-05-06,32,DISPONENT,,36,Liberec,north Bohemia,159617,9198.0,3.0,5796.0,0,,0.0,,0.0,Sin Prestamo,Sin Prestamo,0,0.0,,0,0.0,0.0,,,
8432,F,1968-01-06,30,OWNER,,38,Louny,north Bohemia,85852,8965.0,7.0,2653.0,1,6421.0,96768.0,36.0,2688.0,C,Vigente,2,15855.0,7927.5,283,1867212.0,1802283.0,59926.452296,900.0,144652.0
8433,M,1961-09-11,37,DISPONENT,,38,Louny,north Bohemia,85852,8965.0,7.0,2653.0,0,,0.0,,0.0,Sin Prestamo,Sin Prestamo,0,0.0,,0,0.0,0.0,,,
8463,M,1947-09-04,51,OWNER,,75,Prerov,north Moravia,138032,8819.0,5.0,4063.0,0,,0.0,,0.0,Sin Prestamo,Sin Prestamo,0,0.0,,356,1900160.0,1836863.0,52689.289325,-3354.0,153021.0
8489,F,1952-12-27,46,OWNER,,75,Prerov,north Moravia,138032,8819.0,5.0,4063.0,0,,0.0,,0.0,Sin Prestamo,Sin Prestamo,0,0.0,,139,160692.0,163291.0,13169.913669,-9947.0,32983.0
8502,M,1943-04-19,55,OWNER,,51,Trutnov,east Bohemia,121947,8541.0,3.0,3496.0,1,6435.0,288720.0,48.0,6015.0,C,Vigente,1,6015.0,6015.0,142,944445.0,897168.0,62931.295774,400.0,104827.0
8506,F,1979-12-25,19,OWNER,,69,Jesenik,north Moravia,42821,8173.0,,,1,6436.0,495180.0,60.0,8253.0,C,Vigente,1,8253.0,8253.0,76,770790.0,731918.0,54329.25,600.0,126715.0
8510,M,1947-05-24,51,OWNER,,55,Brno - venkov,south Moravia,157042,8743.0,2.0,3659.0,1,6437.0,63972.0,36.0,1777.0,D,Vigente,1,1777.0,1777.0,104,297413.0,266620.0,21967.14423,-1692.0,48470.0
8548,F,1945-05-10,53,OWNER,,57,Hodonin,south Moravia,161954,8720.0,4.0,3729.0,1,6442.0,194160.0,48.0,4045.0,C,Vigente,5,11885.0,2377.0,233,387602.0,365265.0,28162.781115,900.0,48106.0
8568,F,1971-12-03,27,OWNER,,1,Hl.m. Praha,Prague,1204953,12541.0,0.0,85677.0,1,6450.0,234336.0,48.0,4882.0,C,Vigente,4,17413.0,4353.25,223,903611.0,884409.0,40076.520179,1000.0,90491.0
8571,M,1935-10-26,63,OWNER,,54,Brno - mesto,south Moravia,387570,9897.0,2.0,18721.0,0,,0.0,,0.0,Sin Prestamo,Sin Prestamo,0,0.0,,140,502763.0,488613.0,24318.228571,-2653.0,115330.0
8598,F,1957-12-31,41,OWNER,True,46,Nachod,east Bohemia,112709,8369.0,2.0,2854.0,1,6456.0,47016.0,12.0,3918.0,A,Cerrado,2,18499.0,9249.5,470,3201013.0,3125809.0,54667.095744,200.0,157371.0
8610,F,1948-05-02,50,OWNER,True,55,Brno - venkov,south Moravia,157042,8743.0,2.0,3659.0,1,6460.0,48672.0,36.0,1352.0,A,Cerrado,5,4250.0,850.0,567,381412.0,364544.0,18803.14462,300.0,33815.0
8611,M,1948-10-26,50,DISPONENT,True,55,Brno - venkov,south Moravia,157042,8743.0,2.0,3659.0,0,,0.0,,0.0,Sin Prestamo,Sin Prestamo,0,0.0,,0,0.0,0.0,,,
8615,F,1939-04-13,59,OWNER,,12,Pribram,central Bohemia,107870,8754.0,4.0,3804.0,1,6461.0,74124.0,36.0,2059.0,C,Vigente,4,5921.0,1480.25,379,1578964.0,1548598.0,55798.65963,400.0,159766.0
8636,F,1941-11-12,57,OWNER,,71,Novy Jicin,north Moravia,161227,8678.0,6.0,4980.0,1,6464.0,49488.0,24.0,2062.0,C,Vigente,1,2062.0,2062.0,87,400933.0,341177.0,45033.666666,300.0,82684.0
8661,F,1954-05-11,44,OWNER,,1,Hl.m. Praha,Prague,1204953,12541.0,0.0,85677.0,1,6468.0,203940.0,60.0,3399.0,C,Vigente,2,9509.0,4754.5,149,650826.0,593452.0,43275.154362,400.0,72580.0
8666,F,1971-08-28,27,OWNER,,7,Melnik,central Bohemia,94725,9920.0,2.0,4289.0,1,6469.0,99744.0,24.0,4156.0,C,Vigente,2,12246.0,6123.0,111,516359.0,434019.0,43225.468468,700.0,96940.0
8667,F,1967-02-12,31,OWNER,,77,Vsetin,north Moravia,148545,8909.0,4.0,3460.0,1,6470.0,49872.0,12.0,4156.0,C,Vigente,5,10138.0,2027.6,296,1027168.0,943561.0,56545.976351,600.0,148302.0
8670,F,1943-01-07,55,OWNER,True,5,Kolin,central Bohemia,95616,9307.0,4.0,2616.0,1,6471.0,155640.0,24.0,6485.0,A,Cerrado,5,12765.0,2553.0,370,1052152.0,999315.0,37220.172972,500.0,73025.0
8677,M,1955-08-14,43,OWNER,,49,Semily,east Bohemia,75685,8208.0,2.0,1660.0,1,6474.0,63360.0,60.0,1056.0,C,Vigente,2,6450.0,3225.0,401,634499.0,611784.0,29107.094763,700.0,48544.0
8678,F,1962-07-12,36,DISPONENT,,49,Semily,east Bohemia,75685,8208.0,2.0,1660.0,0,,0.0,,0.0,Sin Prestamo,Sin Prestamo,0,0.0,,0,0.0,0.0,,,
8692,F,1953-07-07,45,OWNER,,71,Novy Jicin,north Moravia,161227,8678.0,6.0,4980.0,0,,0.0,,0.0,Sin Prestamo,Sin Prestamo,0,0.0,,271,1017482.0,1027214.0,33781.387453,-10159.0,136358.0
8726,M,1953-08-10,45,OWNER,,10,Praha - vychod,central Bohemia,92084,10124.0,1.0,3810.0,0,,0.0,,0.0,Sin Prestamo,Sin Prestamo,1,2283.0,2283.0,423,2869506.0,2779886.0,51745.349881,-1278.0,143645.0
8737,F,1948-04-11,50,OWNER,,17,Pelhrimov,south Bohemia,74062,8114.0,2.0,1003.0,1,6486.0,152160.0,60.0,2536.0,C,Vigente,2,11672.0,5836.0,187,544828.0,530853.0,24208.149732,500.0,56535.0
8738,M,1948-07-10,50,DISPONENT,,17,Pelhrimov,south Bohemia,74062,8114.0,2.0,1003.0,0,,0.0,,0.0,Sin Prestamo,Sin Prestamo,0,0.0,,0,0.0,0.0,,,
8764,F,1940-07-07,58,OWNER,,70,Karvina,north Moravia,285387,10177.0,7.0,9878.0,1,6490.0,73260.0,60.0,1221.0,C,Vigente,3,9996.0,3332.0,190,533504.0,492653.0,32637.28421,900.0,58295.0
8777,F,1953-04-11,45,OWNER,,11,Praha - zapad,central Bohemia,75637,9622.0,0.0,3475.0,1,6495.0,49044.0,12.0,4087.0,C,Vigente,2,8690.0,4345.0,87,408688.0,378655.0,37358.770114,400.0,105561.0
9173,M,1945-02-04,53,OWNER,True,1,Hl.m. Praha,Prague,1204953,12541.0,0.0,85677.0,1,6499.0,80952.0,24.0,3373.0,A,Cerrado,2,10639.0,5319.5,478,1596694.0,1560959.0,35557.59205,1100.0,69178.0
9174,F,1940-10-09,58,DISPONENT,True,1,Hl.m. Praha,Prague,1204953,12541.0,0.0,85677.0,0,,0.0,,0.0,Sin Prestamo,Sin Prestamo,0,0.0,,0,0.0,0.0,,,
9196,F,1939-04-23,59,OWNER,False,21,Tabor,south Bohemia,103347,9104.0,2.0,2299.0,1,6501.0,30276.0,12.0,2523.0,B,Cerrado,1,2523.0,2523.0,377,795860.0,779076.0,16124.055702,-12205.0,58621.0
9202,M,1962-02-09,36,OWNER,True,68,Frydek - Mistek,north Moravia,228848,9893.0,4.0,5623.0,1,6502.0,30276.0,12.0,2523.0,A,Cerrado,4,10614.0,2653.5,274,1493907.0,1467881.0,53878.963503,900.0,130362.0
9217,F,1940-01-30,58,OWNER,,19,Prachatice,south Bohemia,51428,8402.0,3.0,999.0,1,6508.0,110736.0,48.0,2307.0,C,Vigente,4,9667.0,2416.75,130,308141.0,266486.0,32514.338461,13027.0,55991.0
9226,F,1939-12-25,59,OWNER,True,64,Zlin,south Moravia,197099,9624.0,2.0,4484.0,1,6509.0,55368.0,24.0,2307.0,A,Cerrado,1,2307.0,2307.0,539,2402162.0,2385704.0,42411.901669,134.0,157941.0
9231,F,1972-09-24,26,OWNER,,29,Rokycany,west Bohemia,45714,8843.0,3.0,818.0,0,,0.0,,0.0,Sin Prestamo,Sin Prestamo,0,0.0,,333,436266.0,388334.0,34356.765765,-1356.0,54925.0
9236,F,1956-05-07,42,OWNER,True,31,Tachov,west Bohemia,51313,8930.0,4.0,1328.0,1,6512.0,63312.0,48.0,1319.0,A,Cerrado,3,4096.0,1365.333333,449,358196.0,340799.0,17117.454342,500.0,31463.0
9250,M,1963-01-14,35,OWNER,,1,Hl.m. Praha,Prague,1204953,12541.0,0.0,85677.0,0,,0.0,,0.0,Sin Prestamo,Sin Prestamo,5,8131.0,1626.2,94,333227.0,248251.0,24696.882978,-2316.0,104188.0
9273,F,1955-08-26,43,OWNER,True,39,Most,north Bohemia,119895,10446.0,7.0,4947.0,1,6520.0,91200.0,24.0,3800.0,A,Cerrado,2,14079.0,7039.5,415,1657006.0,1609711.0,32920.479518,700.0,76737.0
9274,M,1958-04-05,40,DISPONENT,True,39,Most,north Bohemia,119895,10446.0,7.0,4947.0,0,,0.0,,0.0,Sin Prestamo,Sin Prestamo,0,0.0,,0,0.0,0.0,,,
9276,M,1946-11-06,52,OWNER,,4,Kladno,central Bohemia,149893,9753.0,5.0,5244.0,0,,0.0,,0.0,Sin Prestamo,Sin Prestamo,3,14401.0,4800.333333,230,1245802.0,1211033.0,41370.147826,-2063.0,140214.0
9313,F,1960-04-17,38,OWNER,,9,Nymburk,central Bohemia,81344,8899.0,3.0,2987.0,0,,0.0,,0.0,Sin Prestamo,Sin Prestamo,0,0.0,,175,592053.0,603079.0,21535.891428,-12777.0,61785.0
9316,F,1958-10-26,40,OWNER,True,63,Vyskov,south Moravia,86513,8288.0,4.0,1562.0,1,6526.0,288468.0,36.0,8013.0,A,Cerrado,1,8013.0,8013.0,386,1186447.0,1152953.0,33971.818652,600.0,71939.0
9340,M,1967-08-22,31,OWNER,,54,Brno - mesto,south Moravia,387570,9897.0,2.0,18721.0,1,6534.0,590820.0,60.0,9847.0,C,Vigente,3,16919.0,5639.666666,220,579715.0,515000.0,37909.695454,300.0,66094.0
9346,M,1972-12-10,26,OWNER,True,43,Hradec Kralove,east Bohemia,161854,9425.0,2.0,4085.0,1,6535.0,41952.0,12.0,3496.0,A,Cerrado,4,7604.0,1901.0,431,1196439.0,1179345.0,34490.408352,500.0,71527.0
9362,F,1973-07-19,25,OWNER,,56,Breclav,south Moravia,124605,8772.0,5.0,2854.0,1,6539.0,12792.0,12.0,1066.0,C,Vigente,2,5178.0,2589.0,114,168494.0,117574.0,35128.403508,900.0,53927.0
9366,M,1975-06-26,23,OWNER,,72,Olomouc,north Moravia,226122,8994.0,4.0,9672.0,1,6540.0,309600.0,48.0,6450.0,C,Vigente,1,6450.0,6450.0,295,1993822.0,1914500.0,66885.874576,400.0,130409.0
9370,M,1975-12-20,23,OWNER,,59,Kromeriz,south Moravia,108871,8444.0,3.0,2595.0,1,6541.0,153504.0,48.0,3198.0,C,Vigente,3,10075.0,3358.333333,224,697032.0,673266.0,31061.450892,300.0,65102.0
9403,M,1974-03-22,24,OWNER,,16,Jindrichuv Hradec,south Bohemia,93931,8427.0,1.0,1874.0,1,6544.0,130464.0,48.0,2718.0,C,Vigente,5,8742.0,1748.4,323,1237102.0,1203488.0,52440.021671,1000.0,132088.0
9417,M,1949-03-08,49,OWNER,,21,Tabor,south Bohemia,103347,9104.0,2.0,2299.0,1,6545.0,191880.0,60.0,3198.0,C,Vigente,3,13322.0,4440.666666,402,2065017.0,2029544.0,55607.912935,400.0,132635.0
9418,M,1950-04-10,48,OWNER,True,1,Hl.m. Praha,Prague,1204953,12541.0,0.0,85677.0,1,6546.0,31728.0,24.0,1322.0,A,Cerrado,2,7342.0,3671.0,433,1074161.0,1020953.0,35077.406466,600.0,59168.0
9419,F,1950-11-09,48,DISPONENT,True,1,Hl.m. Praha,Prague,1204953,12541.0,0.0,85677.0,0,,0.0,,0.0,Sin Prestamo,Sin Prestamo,0,0.0,,0,0.0,0.0,,,
9427,F,1970-11-09,28,OWNER,,62,Uherske Hradiste,south Moravia,145688,8544.0,1.0,2719.0,1,6550.0,320592.0,48.0,6679.0,C,Vigente,1,6679.0,6679.0,283,2016160.0,1959989.0,63984.127208,500.0,127567.0
9428,M,1965-05-09,33,DISPONENT,,62,Uherske Hradiste,south Moravia,145688,8544.0,1.0,2719.0,0,,0.0,,0.0,Sin Prestamo,Sin Prestamo,0,0.0,,0,0.0,0.0,,,
9433,F,1945-03-22,53,OWNER,,72,Olomouc,north Moravia,226122,8994.0,4.0,9672.0,0,,0.0,,0.0,Sin Prestamo,Sin Prestamo,1,2362.0,2362.0,274,1116456.0,1103111.0,28211.266423,-1622.0,73845.0
9450,F,1943-10-11,55,OWNER,,68,Frydek - Mistek,north Moravia,228848,9893.0,4.0,5623.0,1,6552.0,170448.0,48.0,3551.0,C,Vigente,2,13180.0,6590.0,161,663761.0,608020.0,42927.093167,1000.0,73025.0
9451,M,1942-05-05,56,DISPONENT,,68,Frydek - Mistek,north Moravia,228848,9893.0,4.0,5623.0,0,,0.0,,0.0,Sin Prestamo,Sin Prestamo,0,0.0,,0,0.0,0.0,,,
9456,F,1941-12-07,57,OWNER,,40,Teplice,north Bohemia,128118,9317.0,6.0,6949.0,1,6553.0,42384.0,12.0,3532.0,C,Vigente,3,6934.0,2311.333333,205,696493.0,666266.0,43748.814634,700.0,123072.0
9457,M,1978-09-26,20,OWNER,,46,Nachod,east Bohemia,112709,8369.0,2.0,2854.0,1,6554.0,390096.0,48.0,8127.0,C,Vigente,2,17524.0,8762.0,171,766379.0,685937.0,47488.192982,900.0,90452.0
9458,F,1973-11-21,25,DISPONENT,,46,Nachod,east Bohemia,112709,8369.0,2.0,2854.0,0,,0.0,,0.0,Sin Prestamo,Sin Prestamo,0,0.0,,0,0.0,0.0,,,
9505,M,1958-08-21,40,OWNER,,1,Hl.m. Praha,Prague,1204953,12541.0,0.0,85677.0,1,6562.0,94488.0,24.0,3937.0,C,Vigente,3,12797.0,4265.666666,258,1415701.0,1390416.0,61186.658914,800.0,131825.0
9546,F,1955-11-02,43,OWNER,,50,Svitavy,east Bohemia,102609,8187.0,5.0,2123.0,1,6568.0,220440.0,60.0,3674.0,C,Vigente,2,12092.0,6046.0,149,692068.0,605747.0,38540.630872,600.0,106609.0
9555,F,1947-05-15,51,OWNER,,13,Rakovnik,central Bohemia,53921,8598.0,3.0,1597.0,1,6569.0,45456.0,12.0,3788.0,C,Vigente,1,3788.0,3788.0,97,460551.0,395626.0,43457.577319,1000.0,80996.0
9569,F,1950-07-18,48,OWNER,,19,Prachatice,south Bohemia,51428,8402.0,3.0,999.0,1,6571.0,140064.0,24.0,5836.0,C,Vigente,1,5836.0,5836.0,194,1406101.0,1330984.0,67486.716494,200.0,116826.0
9582,F,1942-04-14,56,OWNER,,2,Benesov,central Bohemia,88884,8507.0,2.0,2159.0,1,6574.0,77544.0,36.0,2154.0,C,Vigente,2,12314.0,6157.0,169,1042422.0,991817.0,45833.692307,700.0,129844.0
9593,F,1968-01-28,30,OWNER,True,74,Ostrava - mesto,north Moravia,323870,10673.0,5.0,18782.0,1,6577.0,51696.0,24.0,2154.0,A,Cerrado,1,2154.0,2154.0,500,3203365.0,3143293.0,58674.832,600.0,159122.0
9606,M,1949-02-16,49,OWNER,True,52,Usti nad Orlici,east Bohemia,139012,8363.0,3.0,2564.0,1,6578.0,27984.0,12.0,2332.0,A,Cerrado,2,10549.0,5274.5,327,1530709.0,1476288.0,42331.223241,500.0,119101.0
9611,M,1958-05-27,40,OWNER,True,23,Cheb,west Bohemia,87419,8624.0,2.0,2879.0,1,6580.0,196080.0,48.0,4085.0,A,Cerrado,1,4085.0,4085.0,435,2704290.0,2660384.0,63749.262068,900.0,149947.0
9616,M,1962-09-19,36,OWNER,,74,Ostrava - mesto,north Moravia,323870,10673.0,5.0,18782.0,0,,0.0,,0.0,Sin Prestamo,Sin Prestamo,1,1002.0,1002.0,437,1914510.0,1866861.0,53907.832951,-1941.0,133453.0
9641,M,1945-01-26,53,OWNER,,64,Zlin,south Moravia,197099,9624.0,2.0,4484.0,1,6585.0,372120.0,60.0,6202.0,C,Vigente,1,6202.0,6202.0,355,2535228.0,2462063.0,65701.625352,500.0,145882.0
9642,F,1937-09-03,61,DISPONENT,,64,Zlin,south Moravia,197099,9624.0,2.0,4484.0,0,,0.0,,0.0,Sin Prestamo,Sin Prestamo,0,0.0,,0,0.0,0.0,,,
9663,M,1945-09-24,53,OWNER,True,19,Prachatice,south Bohemia,51428,8402.0,3.0,999.0,1,6589.0,189696.0,24.0,7904.0,A,Cerrado,4,11844.0,2961.0,415,1582645.0,1558926.0,47063.621686,700.0,129118.0
9664,F,1944-11-13,54,DISPONENT,True,19,Prachatice,south Bohemia,51428,8402.0,3.0,999.0,0,,0.0,,0.0,Sin Prestamo,Sin Prestamo,0,0.0,,0,0.0,0.0,,,
9670,M,1948-05-04,50,OWNER,,38,Louny,north Bohemia,85852,8965.0,7.0,2653.0,1,6591.0,20832.0,48.0,434.0,C,Vigente,5,6137.0,1227.4,591,661422.0,637378.0,20476.822335,500.0,41998.0
9675,F,1970-02-19,28,OWNER,False,60,Prostejov,south Moravia,110643,8441.0,3.0,1879.0,1,6594.0,189696.0,24.0,7904.0,B,Cerrado,3,11585.0,3861.666666,339,1717233.0,1688471.0,36164.18879,-2631.0,124557.0
9680,M,1977-08-21,21,OWNER,,36,Liberec,north Bohemia,159617,9198.0,3.0,5796.0,0,,0.0,,0.0,Sin Prestamo,Sin Prestamo,0,0.0,,236,379747.0,326130.0,34803.881355,-3193.0,64507.0
9702,F,1951-11-16,47,OWNER,True,33,Decin,north Bohemia,133777,8705.0,6.0,4650.0,1,6596.0,91584.0,24.0,3816.0,A,Cerrado,1,3816.0,3816.0,366,2138586.0,2070006.0,48070.349726,1000.0,98935.0
9715,F,1977-11-30,21,OWNER,True,35,Jablonec n. Nisou,north Bohemia,88768,8867.0,1.0,3384.0,1,6598.0,68112.0,12.0,5676.0,A,Cerrado,4,15012.0,3753.0,579,2713175.0,2634067.0,53222.272884,300.0,119871.0
9717,F,1952-11-10,46,OWNER,True,52,Usti nad Orlici,east Bohemia,139012,8363.0,3.0,2564.0,1,6599.0,72120.0,12.0,6010.0,A,Cerrado,1,6010.0,6010.0,260,1792178.0,1667645.0,76453.66923,1000.0,146958.0
9718,M,1959-02-03,39,DISPONENT,True,52,Usti nad Orlici,east Bohemia,139012,8363.0,3.0,2564.0,0,,0.0,,0.0,Sin Prestamo,Sin Prestamo,0,0.0,,0,0.0,0.0,,,
9721,M,1954-12-05,44,OWNER,True,34,Chomutov,north Bohemia,125236,9675.0,6.0,5323.0,1,6600.0,21852.0,36.0,607.0,A,Cerrado,5,9564.0,1912.8,414,909238.0,818880.0,56539.461352,700.0,91429.0
9755,F,1951-06-05,47,OWNER,,23,Cheb,west Bohemia,87419,8624.0,2.0,2879.0,1,6605.0,79344.0,48.0,1653.0,C,Vigente,2,5957.0,2978.5,204,333510.0,276078.0,29862.17647,300.0,59170.0
9760,M,1969-02-17,29,OWNER,,27,Plzen - jih,west Bohemia,67298,8561.0,1.0,1029.0,1,6607.0,153144.0,36.0,4254.0,C,Vigente,3,11739.0,3913.0,286,1467097.0,1422509.0,54465.76923,300.0,133012.0
9775,M,1960-06-23,38,OWNER,True,70,Karvina,north Moravia,285387,10177.0,7.0,9878.0,1,6612.0,97392.0,12.0,8116.0,A,Cerrado,2,14443.0,7221.5,203,1064953.0,1006134.0,55253.64532,200.0,145666.0
9776,F,1961-03-05,37,DISPONENT,True,70,Karvina,north Moravia,285387,10177.0,7.0,9878.0,0,,0.0,,0.0,Sin Prestamo,Sin Prestamo,0,0.0,,0,0.0,0.0,,,
9798,F,1950-03-02,48,OWNER,True,69,Jesenik,north Moravia,42821,8173.0,,,1,6613.0,84120.0,24.0,3505.0,A,Cerrado,1,3505.0,3505.0,191,1219493.0,1150360.0,51148.17801,900.0,159343.0
9820,F,1968-01-21,30,OWNER,,59,Kromeriz,south Moravia,108871,8444.0,3.0,2595.0,0,,0.0,,0.0,Sin Prestamo,Sin Prestamo,0,0.0,,331,1368942.0,1254978.0,66889.093655,-1918.0,116055.0
9833,M,1964-09-21,34,OWNER,True,51,Trutnov,east Bohemia,121947,8541.0,3.0,3496.0,1,6621.0,42900.0,12.0,3575.0,A,Cerrado,3,15794.0,5264.666666,346,1864535.0,1796168.0,54697.621387,500.0,155066.0
9834,F,1960-03-17,38,DISPONENT,True,51,Trutnov,east Bohemia,121947,8541.0,3.0,3496.0,0,,0.0,,0.0,Sin Prestamo,Sin Prestamo,0,0.0,,0,0.0,0.0,,,
9844,M,1945-08-03,53,OWNER,True,55,Brno - venkov,south Moravia,157042,8743.0,2.0,3659.0,1,6624.0,71460.0,12.0,5955.0,A,Cerrado,2,13223.0,6611.5,406,1706910.0,1645402.0,40341.019704,200.0,116015.0
9845,F,1943-06-15,55,DISPONENT,True,55,Brno - venkov,south Moravia,157042,8743.0,2.0,3659.0,0,,0.0,,0.0,Sin Prestamo,Sin Prestamo,0,0.0,,0,0.0,0.0,,,
9846,F,1967-07-01,31,OWNER,,54,Brno - mesto,south Moravia,387570,9897.0,2.0,18721.0,1,6625.0,473280.0,60.0,7888.0,D,Vigente,1,7888.0,7888.0,168,714961.0,687359.0,44964.875,-1155.0,131641.0
9872,F,1967-03-17,31,OWNER,,9,Nymburk,central Bohemia,81344,8899.0,3.0,2987.0,1,6632.0,144960.0,48.0,3020.0,C,Vigente,2,10178.0,5089.0,214,1469337.0,1409413.0,67525.144859,700.0,144854.0
9880,F,1970-12-10,28,OWNER,,10,Praha - vychod,central Bohemia,92084,10124.0,1.0,3810.0,1,6633.0,160656.0,24.0,6694.0,C,Vigente,1,6694.0,6694.0,225,1415324.0,1376503.0,52846.88,400.0,173151.0
9914,M,1942-12-08,56,OWNER,,36,Liberec,north Bohemia,159617,9198.0,3.0,5796.0,1,6641.0,128268.0,36.0,3563.0,C,Vigente,1,3563.0,3563.0,108,556392.0,483888.0,63713.111111,700.0,108266.0
9915,M,1967-07-10,31,OWNER,True,27,Plzen - jih,west Bohemia,67298,8561.0,1.0,1029.0,1,6642.0,77640.0,12.0,6470.0,A,Cerrado,1,6470.0,6470.0,403,2760370.0,2713256.0,62552.771712,700.0,128206.0
9929,F,1967-07-19,31,OWNER,,47,Pardubice,east Bohemia,162580,9538.0,2.0,6079.0,1,6643.0,35856.0,24.0,1494.0,C,Vigente,2,6709.0,3354.5,168,683138.0,605864.0,55829.672619,600.0,81470.0
9930,M,1972-06-23,26,OWNER,True,9,Nymburk,central Bohemia,81344,8899.0,3.0,2987.0,1,6644.0,93600.0,24.0,3900.0,A,Cerrado,4,8816.0,2204.0,289,983277.0,918553.0,49513.460207,900.0,118295.0
9933,M,1941-10-15,57,OWNER,True,74,Ostrava - mesto,north Moravia,323870,10673.0,5.0,18782.0,1,6645.0,140400.0,36.0,3900.0,A,Cerrado,1,3901.0,3901.0,442,2851564.0,2749792.0,62794.733031,173.0,155918.0
9945,F,1968-04-14,30,OWNER,True,31,Tachov,west Bohemia,51313,8930.0,4.0,1328.0,1,6647.0,208320.0,48.0,4340.0,A,Cerrado,1,4340.0,4340.0,416,1994934.0,1971140.0,41532.387019,200.0,82982.0
9946,M,1960-04-20,38,DISPONENT,True,31,Tachov,west Bohemia,51313,8930.0,4.0,1328.0,0,,0.0,,0.0,Sin Prestamo,Sin Prestamo,0,0.0,,0,0.0,0.0,,,
9973,F,1945-10-03,53,OWNER,False,24,Karlovy Vary,west Bohemia,122603,8991.0,1.0,5198.0,1,6650.0,49320.0,12.0,4110.0,B,Cerrado,3,16372.0,5457.333333,533,2640102.0,2550030.0,49615.367729,-3068.0,135607.0
9987,F,1950-06-19,48,OWNER,,73,Opava,north Moravia,182027,8746.0,3.0,4355.0,1,6655.0,260400.0,60.0,4340.0,D,Vigente,3,16221.0,5407.0,232,1081584.0,1030459.0,33174.603448,-437.0,111671.0
9995,M,1958-07-07,40,OWNER,,54,Brno - mesto,south Moravia,387570,9897.0,2.0,18721.0,1,6659.0,56100.0,60.0,935.0,C,Vigente,2,7151.0,3575.5,269,490388.0,476588.0,20582.104089,1000.0,46307.0
9997,M,1962-06-07,36,OWNER,,67,Bruntal,north Moravia,106054,8110.0,6.0,3244.0,1,6660.0,220428.0,36.0,6123.0,C,Vigente,2,11788.0,5894.0,161,1270725.0,1241133.0,58814.819875,600.0,114748.0
10023,F,1973-03-20,25,OWNER,,59,Kromeriz,south Moravia,108871,8444.0,3.0,2595.0,1,6665.0,99300.0,60.0,1655.0,C,Vigente,3,8107.0,2702.333333,263,782585.0,734843.0,35984.969581,600.0,60869.0
10040,F,1968-10-30,30,OWNER,True,37,Litomerice,north Bohemia,114006,9065.0,4.0,4147.0,1,6667.0,155880.0,24.0,6495.0,A,Cerrado,2,14800.0,7400.0,392,2452240.0,2346143.0,68465.012755,1000.0,164649.0
10041,M,1968-04-17,30,DISPONENT,True,37,Litomerice,north Bohemia,114006,9065.0,4.0,4147.0,0,,0.0,,0.0,Sin Prestamo,Sin Prestamo,0,0.0,,0,0.0,0.0,,,
10043,M,1965-10-29,33,OWNER,True,45,Jicin,east Bohemia,77917,8390.0,2.0,2080.0,1,6668.0,74736.0,36.0,2076.0,A,Cerrado,2,8260.0,4130.0,413,1485707.0,1427275.0,39672.232445,700.0,67577.0
10046,F,1946-09-17,52,OWNER,,5,Kolin,central Bohemia,95616,9307.0,4.0,2616.0,0,,0.0,,0.0,Sin Prestamo,Sin Prestamo,0,0.0,,432,1949868.0,1825265.0,64725.74074,-1841.0,137532.0
10066,F,1963-05-23,35,OWNER,,64,Zlin,south Moravia,197099,9624.0,2.0,4484.0,0,,0.0,,0.0,Sin Prestamo,Sin Prestamo,1,4190.0,4190.0,140,668220.0,635883.0,38570.492857,-1957.0,123378.0
10070,M,1974-04-23,24,OWNER,,9,Nymburk,central Bohemia,81344,8899.0,3.0,2987.0,0,,0.0,,0.0,Sin Prestamo,Sin Prestamo,1,1994.0,1994.0,135,966652.0,893693.0,56496.281481,-313.0,140271.0
10075,M,1964-07-01,34,OWNER,,48,Rychnov nad Kneznou,east Bohemia,78955,9060.0,2.0,1655.0,1,6675.0,238716.0,36.0,6631.0,C,Vigente,3,18317.0,6105.666666,220,1306293.0,1226999.0,59032.077272,1000.0,115151.0
10076,F,1969-12-25,29,OWNER,True,26,Plzen - mesto,west Bohemia,170449,10787.0,3.0,6041.0,1,6676.0,29784.0,24.0,1241.0,A,Cerrado,3,5827.0,1942.333333,331,593203.0,534351.0,39429.253776,200.0,71406.0
10077,M,1973-06-27,25,DISPONENT,True,26,Plzen - mesto,west Bohemia,170449,10787.0,3.0,6041.0,0,,0.0,,0.0,Sin Prestamo,Sin Prestamo,0,0.0,,0,0.0,0.0,,,
10090,F,1980-03-14,18,OWNER,,29,Rokycany,west Bohemia,45714,8843.0,3.0,818.0,1,6677.0,97980.0,60.0,1633.0,C,Vigente,3,7356.0,2452.0,259,464619.0,434297.0,20668.513513,700.0,46399.0
10095,F,1976-02-06,22,OWNER,True,1,Hl.m. Praha,Prague,1204953,12541.0,0.0,85677.0,1,6678.0,80340.0,12.0,6695.0,A,Cerrado,1,6695.0,6695.0,423,2909191.0,2838380.0,56843.877068,1100.0,122524.0
10096,M,1978-01-05,20,DISPONENT,True,1,Hl.m. Praha,Prague,1204953,12541.0,0.0,85677.0,0,,0.0,,0.0,Sin Prestamo,Sin Prestamo,0,0.0,,0,0.0,0.0,,,
10145,F,1965-07-25,33,OWNER,,4,Kladno,central Bohemia,149893,9753.0,5.0,5244.0,0,,0.0,,0.0,Sin Prestamo,Sin Prestamo,1,1280.0,1280.0,459,2979422.0,2879041.0,81192.816993,-511.0,171860.0
10159,M,1938-01-06,60,OWNER,,50,Svitavy,east Bohemia,102609,8187.0,5.0,2123.0,1,6682.0,36204.0,12.0,3017.0,D,Vigente,1,3017.0,3017.0,196,512305.0,474737.0,26264.663265,-215.0,56084.0
10198,M,1976-05-24,22,OWNER,True,31,Tachov,west Bohemia,51313,8930.0,4.0,1328.0,1,6686.0,224604.0,36.0,6239.0,A,Cerrado,1,6239.0,6239.0,425,3072097.0,3003799.0,68073.484705,200.0,148084.0
10199,F,1979-08-13,19,DISPONENT,True,31,Tachov,west Bohemia,51313,8930.0,4.0,1328.0,0,,0.0,,0.0,Sin Prestamo,Sin Prestamo,0,0.0,,0,0.0,0.0,,,
10200,F,1980-02-16,18,OWNER,True,13,Rakovnik,central Bohemia,53921,8598.0,3.0,1597.0,1,6687.0,87840.0,24.0,3660.0,A,Cerrado,5,8797.0,1759.4,675,1652549.0,1589408.0,30675.878518,500.0,68181.0
10201,M,1985-10-19,13,DISPONENT,True,13,Rakovnik,central Bohemia,53921,8598.0,3.0,1597.0,0,,0.0,,0.0,Sin Prestamo,Sin Prestamo,0,0.0,,0,0.0,0.0,,,
10209,M,1975-10-27,23,OWNER,,59,Kromeriz,south Moravia,108871,8444.0,3.0,2595.0,1,6688.0,8616.0,24.0,359.0,C,Vigente,3,8228.0,2742.666666,210,431289.0,358433.0,37305.166666,400.0,76315.0
10269,F,1940-05-11,58,OWNER,True,70,Karvina,north Moravia,285387,10177.0,7.0,9878.0,1,6694.0,134784.0,24.0,5616.0,A,Cerrado,1,5616.0,5616.0,422,2314967.0,2193152.0,62732.0,900.0,170072.0
10273,F,1958-09-27,40,OWNER,,51,Trutnov,east Bohemia,121947,8541.0,3.0,3496.0,1,6695.0,309660.0,60.0,5161.0,C,Vigente,2,14266.0,7133.0,163,780123.0,743511.0,37136.687116,1100.0,91258.0
10274,M,1956-10-11,42,DISPONENT,,51,Trutnov,east Bohemia,121947,8541.0,3.0,3496.0,0,,0.0,,0.0,Sin Prestamo,Sin Prestamo,0,0.0,,0,0.0,0.0,,,
10275,F,1970-01-25,28,OWNER,,77,Vsetin,north Moravia,148545,8909.0,4.0,3460.0,1,6696.0,89040.0,60.0,1484.0,C,Vigente,2,8525.0,4262.5,535,935310.0,870408.0,36367.314018,800.0,68983.0
10276,M,1976-11-16,22,DISPONENT,,77,Vsetin,north Moravia,148545,8909.0,4.0,3460.0,0,,0.0,,0.0,Sin Prestamo,Sin Prestamo,0,0.0,,0,0.0,0.0,,,
10282,M,1979-06-19,19,OWNER,,1,Hl.m. Praha,Prague,1204953,12541.0,0.0,85677.0,1,6698.0,247728.0,48.0,5161.0,C,Vigente,3,11804.0,3934.666666,339,1300916.0,1271145.0,48589.162241,200.0,126815.0
10287,F,1962-09-03,36,OWNER,True,48,Rychnov nad Kneznou,east Bohemia,78955,9060.0,2.0,1655.0,1,6699.0,7656.0,24.0,319.0,A,Cerrado,2,4027.0,2013.5,525,1605742.0,1531936.0,46877.813333,600.0,83823.0
10288,M,1959-06-07,39,DISPONENT,True,48,Rychnov nad Kneznou,east Bohemia,78955,9060.0,2.0,1655.0,0,,0.0,,0.0,Sin Prestamo,Sin Prestamo,0,0.0,,0,0.0,0.0,,,
10303,M,1962-04-05,36,OWNER,,64,Zlin,south Moravia,197099,9624.0,2.0,4484.0,0,,0.0,,0.0,Sin Prestamo,Sin Prestamo,1,1303.0,1303.0,138,843953.0,816781.0,28935.072463,-21884.0,127536.0
10350,F,1961-09-14,37,OWNER,,29,Rokycany,west Bohemia,45714,8843.0,3.0,818.0,1,6704.0,417060.0,60.0,6951.0,C,Vigente,3,13141.0,4380.333333,423,1426140.0,1370633.0,42368.401891,200.0,128308.0
10351,M,1958-11-10,40,DISPONENT,,29,Rokycany,west Bohemia,45714,8843.0,3.0,818.0,0,,0.0,,0.0,Sin Prestamo,Sin Prestamo,0,0.0,,0,0.0,0.0,,,
10355,F,1976-07-10,22,OWNER,,14,Ceske Budejovice,south Bohemia,177686,10045.0,1.0,6604.0,1,6705.0,333648.0,48.0,6951.0,D,Vigente,3,15730.0,5243.333333,267,1380977.0,1369937.0,49787.872659,-1074.0,152841.0
10382,F,1965-02-17,33,OWNER,,20,Strakonice,south Bohemia,70646,8547.0,3.0,1563.0,1,6712.0,266220.0,60.0,4437.0,C,Vigente,4,12286.0,3071.5,532,1353082.0,1310815.0,36648.234962,900.0,69015.0
10389,F,1943-08-15,55,OWNER,,20,Strakonice,south Bohemia,70646,8547.0,3.0,1563.0,1,6715.0,220620.0,60.0,3677.0,C,Vigente,3,12996.0,4332.0,392,1197085.0,1164413.0,31612.209183,1100.0,70273.0
10459,F,1964-08-09,34,OWNER,True,17,Pelhrimov,south Bohemia,74062,8114.0,2.0,1003.0,1,6721.0,21072.0,24.0,878.0,A,Cerrado,3,5206.0,1735.333333,544,562755.0,526874.0,31828.3125,1100.0,49594.0
10475,F,1948-08-28,50,OWNER,True,51,Trutnov,east Bohemia,121947,8541.0,3.0,3496.0,1,6725.0,265320.0,36.0,7370.0,A,Cerrado,2,11205.0,5602.5,451,1229330.0,1163315.0,39222.478935,700.0,80368.0
10476,M,1950-12-04,48,DISPONENT,True,51,Trutnov,east Bohemia,121947,8541.0,3.0,3496.0,0,,0.0,,0.0,Sin Prestamo,Sin Prestamo,0,0.0,,0,0.0,0.0,,,
10479,F,1955-10-20,43,OWNER,,2,Benesov,central Bohemia,88884,8507.0,2.0,2159.0,1,6726.0,85860.0,60.0,1431.0,C,Vigente,2,5834.0,2917.0,422,737625.0,658082.0,41859.729857,1000.0,84411.0
10492,M,1937-11-11,61,OWNER,True,70,Karvina,north Moravia,285387,10177.0,7.0,9878.0,1,6727.0,42840.0,12.0,3570.0,A,Cerrado,1,3570.0,3570.0,135,362576.0,339720.0,35217.881481,1100.0,57767.0
10510,F,1945-01-26,53,OWNER,True,23,Cheb,west Bohemia,87419,8624.0,2.0,2879.0,1,6729.0,74688.0,12.0,6224.0,A,Cerrado,2,19935.0,9967.5,527,2832167.0,2749617.0,47345.552182,1100.0,104902.0
10511,M,1950-01-15,48,DISPONENT,True,23,Cheb,west Bohemia,87419,8624.0,2.0,2879.0,0,,0.0,,0.0,Sin Prestamo,Sin Prestamo,0,0.0,,0,0.0,0.0,,,
10517,F,1980-09-12,18,OWNER,,54,Brno - mesto,south Moravia,387570,9897.0,2.0,18721.0,1,6730.0,93036.0,12.0,7753.0,C,Vigente,1,7753.0,7753.0,185,1293116.0,1234327.0,55230.837837,400.0,115610.0
10528,F,1952-02-16,46,OWNER,,47,Pardubice,east Bohemia,162580,9538.0,2.0,6079.0,1,6732.0,174048.0,48.0,3626.0,C,Vigente,1,3626.0,3626.0,296,1587714.0,1546334.0,66296.621621,600.0,129179.0
10543,F,1945-02-23,53,OWNER,,14,Ceske Budejovice,south Bohemia,177686,10045.0,1.0,6604.0,1,6734.0,173016.0,36.0,4806.0,C,Vigente,1,4807.0,4807.0,339,1719886.0,1688493.0,55378.005899,300.0,155817.0
10555,M,1935-12-15,63,OWNER,,1,Hl.m. Praha,Prague,1204953,12541.0,0.0,85677.0,1,6736.0,288360.0,60.0,4806.0,C,Vigente,1,4807.0,4807.0,337,1030070.0,1002138.0,37991.922848,800.0,142146.0
10563,M,1949-01-07,49,OWNER,True,68,Frydek - Mistek,north Moravia,228848,9893.0,4.0,5623.0,1,6737.0,76680.0,24.0,3195.0,A,Cerrado,3,15848.0,5282.666666,543,2653225.0,2604943.0,54558.900552,1000.0,104676.0
10564,F,1954-03-19,44,DISPONENT,True,68,Frydek - Mistek,north Moravia,228848,9893.0,4.0,5623.0,0,,0.0,,0.0,Sin Prestamo,Sin Prestamo,0,0.0,,0,0.0,0.0,,,
10566,F,1942-11-09,56,OWNER,False,74,Ostrava - mesto,north Moravia,323870,10673.0,5.0,18782.0,1,6738.0,230220.0,36.0,6395.0,B,Cerrado,3,15844.0,5281.333333,452,1541101.0,1522443.0,32238.699115,-2720.0,135668.0
10636,M,1971-08-03,27,OWNER,True,64,Zlin,south Moravia,197099,9624.0,2.0,4484.0,1,6745.0,47304.0,24.0,1971.0,A,Cerrado,2,10122.0,5061.0,549,3180057.0,3152005.0,65872.047358,400.0,169428.0
10639,M,1954-01-29,44,OWNER,,2,Benesov,central Bohemia,88884,8507.0,2.0,2159.0,0,,0.0,,0.0,Sin Prestamo,Sin Prestamo,0,0.0,,184,793227.0,737043.0,34022.516304,-9206.0,135687.0
10654,F,1962-07-16,36,OWNER,,46,Nachod,east Bohemia,112709,8369.0,2.0,2854.0,1,6746.0,185640.0,60.0,3094.0,C,Vigente,1,3095.0,3095.0,103,330761.0,307199.0,30978.563106,400.0,59524.0
10662,F,1949-08-25,49,OWNER,,60,Prostejov,south Moravia,110643,8441.0,3.0,1879.0,1,6748.0,240900.0,60.0,4015.0,C,Vigente,2,12934.0,6467.0,125,338389.0,300777.0,26573.072,700.0,59731.0
10702,M,1938-05-03,60,OWNER,,17,Pelhrimov,south Bohemia,74062,8114.0,2.0,1003.0,1,6751.0,85716.0,36.0,2381.0,C,Vigente,3,14545.0,4848.333333,250,553061.0,529840.0,21190.644,800.0,52783.0
10703,F,1943-04-28,55,DISPONENT,,17,Pelhrimov,south Bohemia,74062,8114.0,2.0,1003.0,0,,0.0,,0.0,Sin Prestamo,Sin Prestamo,0,0.0,,0,0.0,0.0,,,
10714,F,1946-03-31,52,OWNER,True,66,Zdar nad Sazavou,south Moravia,125832,8512.0,4.0,2247.0,1,6753.0,67980.0,12.0,5665.0,A,Cerrado,1,5665.0,5665.0,162,492988.0,436560.0,44826.969135,400.0,78077.0
10746,M,1971-08-04,27,OWNER,,53,Blansko,south Moravia,107911,8240.0,3.0,1850.0,1,6755.0,170700.0,60.0,2845.0,C,Vigente,1,2845.0,2845.0,131,386428.0,371588.0,32501.458015,400.0,65611.0
10777,F,1980-01-27,18,OWNER,True,70,Karvina,north Moravia,285387,10177.0,7.0,9878.0,1,6758.0,33144.0,12.0,2762.0,A,Cerrado,4,9154.0,2288.5,203,400126.0,378125.0,24695.91133,900.0,61771.0
10778,M,1976-03-19,22,DISPONENT,True,70,Karvina,north Moravia,285387,10177.0,7.0,9878.0,0,,0.0,,0.0,Sin Prestamo,Sin Prestamo,0,0.0,,0,0.0,0.0,,,
10798,F,1980-03-23,18,OWNER,,1,Hl.m. Praha,Prague,1204953,12541.0,0.0,85677.0,0,,0.0,,0.0,Sin Prestamo,Sin Prestamo,1,1562.0,1562.0,420,2117136.0,2081933.0,59481.080952,-739.0,166413.0
10813,F,1979-05-13,19,OWNER,,1,Hl.m. Praha,Prague,1204953,12541.0,0.0,85677.0,1,6763.0,88272.0,48.0,1839.0,C,Vigente,2,9196.0,4598.0,192,383929.0,367331.0,15259.625,800.0,37880.0
10818,M,1972-08-04,26,OWNER,,64,Zlin,south Moravia,197099,9624.0,2.0,4484.0,1,6764.0,33984.0,48.0,708.0,C,Vigente,1,708.0,708.0,359,784749.0,699025.0,51764.988857,600.0,86989.0
10828,F,1957-11-23,41,OWNER,,1,Hl.m. Praha,Prague,1204953,12541.0,0.0,85677.0,1,6766.0,74352.0,24.0,3098.0,C,Vigente,2,10195.0,5097.5,191,1059356.0,992733.0,49901.010471,1100.0,96166.0
10912,M,1963-01-09,35,OWNER,,15,Cesky Krumlov,south Bohemia,58796,9045.0,3.0,1845.0,0,,0.0,,0.0,Sin Prestamo,Sin Prestamo,0,0.0,,393,2156333.0,2018026.0,75910.59033,-8408.0,192663.0
10960,M,1942-02-20,56,OWNER,,28,Plzen - sever,west Bohemia,72541,8594.0,2.0,1580.0,0,,0.0,,0.0,Sin Prestamo,Sin Prestamo,1,2475.0,2475.0,237,1714207.0,1669861.0,52898.49789,-2931.0,131911.0
10963,M,1944-06-15,54,OWNER,,1,Hl.m. Praha,Prague,1204953,12541.0,0.0,85677.0,1,6785.0,125340.0,60.0,2089.0,C,Vigente,2,5802.0,2901.0,471,2364090.0,2299351.0,65644.537154,500.0,157183.0
10987,F,1961-10-03,37,OWNER,,62,Uherske Hradiste,south Moravia,145688,8544.0,1.0,2719.0,1,6790.0,76104.0,24.0,3171.0,C,Vigente,3,6007.0,2002.333333,141,141961.0,125116.0,22085.475177,1000.0,33814.0
10988,M,1964-06-13,34,DISPONENT,,62,Uherske Hradiste,south Moravia,145688,8544.0,1.0,2719.0,0,,0.0,,0.0,Sin Prestamo,Sin Prestamo,0,0.0,,0,0.0,0.0,,,
10997,F,1972-02-06,26,OWNER,,1,Hl.m. Praha,Prague,1204953,12541.0,0.0,85677.0,1,6791.0,566640.0,60.0,9444.0,C,Vigente,5,17216.0,3443.2,200,447173.0,406883.0,37751.47,200.0,61993.0
10998,M,1967-12-19,31,DISPONENT,,1,Hl.m. Praha,Prague,1204953,12541.0,0.0,85677.0,0,,0.0,,0.0,Sin Prestamo,Sin Prestamo,0,0.0,,0,0.0,0.0,,,
11004,M,1947-11-16,51,OWNER,,63,Vyskov,south Moravia,86513,8288.0,4.0,1562.0,1,6793.0,186300.0,60.0,3105.0,C,Vigente,3,11148.0,3716.0,360,1948489.0,1887034.0,61704.902777,200.0,170683.0
11008,F,1969-05-19,29,OWNER,,51,Trutnov,east Bohemia,121947,8541.0,3.0,3496.0,0,,0.0,,0.0,Sin Prestamo,Sin Prestamo,0,0.0,,440,1246955.0,1202999.0,25337.579545,-2133.0,60566.0
11034,M,1972-02-19,26,OWNER,,1,Hl.m. Praha,Prague,1204953,12541.0,0.0,85677.0,0,,0.0,,0.0,Sin Prestamo,Sin Prestamo,1,1209.0,1209.0,391,1745396.0,1683110.0,46236.081841,-2630.0,144392.0
11050,F,1957-05-04,41,OWNER,,70,Karvina,north Moravia,285387,10177.0,7.0,9878.0,1,6805.0,45024.0,48.0,938.0,C,Vigente,3,7713.0,2571.0,247,725967.0,696367.0,40796.1417,800.0,69518.0
11063,F,1955-11-04,43,OWNER,True,64,Zlin,south Moravia,197099,9624.0,2.0,4484.0,1,6808.0,227880.0,36.0,6330.0,A,Cerrado,1,6330.0,6330.0,477,2240625.0,2148600.0,62471.683438,1100.0,153214.0
11064,M,1953-07-09,45,DISPONENT,True,64,Zlin,south Moravia,197099,9624.0,2.0,4484.0,0,,0.0,,0.0,Sin Prestamo,Sin Prestamo,0,0.0,,0,0.0,0.0,,,
11083,M,1953-10-17,45,OWNER,,61,Trebic,south Moravia,117897,8814.0,5.0,2112.0,0,,0.0,,0.0,Sin Prestamo,Sin Prestamo,1,3798.0,3798.0,208,912481.0,923037.0,28371.192307,-13658.0,111157.0
11093,M,1959-01-29,39,OWNER,,40,Teplice,north Bohemia,128118,9317.0,6.0,6949.0,1,6810.0,186384.0,48.0,3883.0,C,Vigente,2,8424.0,4212.0,433,2293536.0,2216265.0,56833.237875,700.0,129557.0
11105,F,1957-02-01,41,OWNER,,70,Karvina,north Moravia,285387,10177.0,7.0,9878.0,1,6816.0,100224.0,48.0,2088.0,D,Vigente,1,2088.0,2088.0,267,519874.0,498471.0,15865.94382,-3770.0,46487.0
11114,M,1952-07-26,46,OWNER,,1,Hl.m. Praha,Prague,1204953,12541.0,0.0,85677.0,1,6817.0,70656.0,48.0,1472.0,C,Vigente,2,7742.0,3871.0,263,593013.0,555859.0,26800.315589,600.0,55343.0
11121,F,1971-04-10,27,OWNER,,72,Olomouc,north Moravia,226122,8994.0,4.0,9672.0,1,6818.0,155616.0,48.0,3242.0,C,Vigente,3,6660.0,2220.0,384,917349.0,859134.0,46860.153645,200.0,75294.0
11122,M,1979-06-10,19,DISPONENT,,72,Olomouc,north Moravia,226122,8994.0,4.0,9672.0,0,,0.0,,0.0,Sin Prestamo,Sin Prestamo,0,0.0,,0,0.0,0.0,,,
11123,M,1948-01-29,50,OWNER,,47,Pardubice,east Bohemia,162580,9538.0,2.0,6079.0,1,6819.0,50112.0,24.0,2088.0,C,Vigente,4,7106.0,1776.5,189,390038.0,371957.0,34675.328042,900.0,103702.0
11126,F,1965-01-22,33,OWNER,True,1,Hl.m. Praha,Prague,1204953,12541.0,0.0,85677.0,1,6820.0,38148.0,12.0,3179.0,A,Cerrado,4,17612.0,4403.0,611,1664848.0,1626044.0,39267.078559,900.0,78748.0
11130,F,1961-04-08,37,OWNER,,1,Hl.m. Praha,Prague,1204953,12541.0,0.0,85677.0,1,6821.0,321936.0,48.0,6707.0,C,Vigente,3,14156.0,4718.666666,206,455886.0,397645.0,35405.34466,400.0,67886.0
11131,M,1957-07-26,41,DISPONENT,,1,Hl.m. Praha,Prague,1204953,12541.0,0.0,85677.0,0,,0.0,,0.0,Sin Prestamo,Sin Prestamo,0,0.0,,0,0.0,0.0,,,
11136,F,1944-07-27,54,OWNER,,3,Beroun,central Bohemia,75232,8980.0,2.0,2824.0,0,,0.0,,0.0,Sin Prestamo,Sin Prestamo,0,0.0,,427,2191112.0,2188871.0,42342.740046,-1644.0,151087.0
11147,F,1972-07-12,26,OWNER,,5,Kolin,central Bohemia,95616,9307.0,4.0,2616.0,0,,0.0,,0.0,Sin Prestamo,Sin Prestamo,0,0.0,,144,419152.0,395964.0,21831.875,-2233.0,124304.0
11149,M,1965-07-14,33,OWNER,,43,Hradec Kralove,east Bohemia,161854,9425.0,2.0,4085.0,1,6824.0,71976.0,24.0,2999.0,D,Vigente,1,2999.0,2999.0,303,1593770.0,1566003.0,45866.597359,-8245.0,196107.0
11195,M,1953-12-05,45,OWNER,,58,Jihlava,south Moravia,109164,8757.0,3.0,2212.0,1,6836.0,189300.0,60.0,3155.0,C,Vigente,3,7083.0,2361.0,580,1382214.0,1323146.0,50215.70862,800.0,96106.0
11208,F,1957-03-05,41,OWNER,True,10,Praha - vychod,central Bohemia,92084,10124.0,1.0,3810.0,1,6841.0,172080.0,48.0,3585.0,A,Cerrado,1,3585.0,3585.0,403,1738498.0,1699413.0,56994.928039,200.0,136137.0
11250,F,1946-09-23,52,OWNER,,26,Plzen - mesto,west Bohemia,170449,10787.0,3.0,6041.0,1,6851.0,272220.0,60.0,4537.0,D,Vigente,3,16722.0,5574.0,214,811056.0,786264.0,35173.107476,-1095.0,123191.0
11252,F,1965-12-08,33,OWNER,,32,Ceska Lipa,north Bohemia,105058,9272.0,3.0,4340.0,1,6852.0,16032.0,48.0,334.0,C,Vigente,4,9673.0,2418.25,135,252212.0,238682.0,22821.851851,500.0,53314.0
11266,M,1938-09-25,60,OWNER,,9,Nymburk,central Bohemia,81344,8899.0,3.0,2987.0,1,6855.0,52236.0,36.0,1451.0,C,Vigente,2,6493.0,3246.5,174,261239.0,207155.0,40892.79885,600.0,63710.0
11267,F,1936-08-26,62,DISPONENT,,9,Nymburk,central Bohemia,81344,8899.0,3.0,2987.0,0,,0.0,,0.0,Sin Prestamo,Sin Prestamo,0,0.0,,0,0.0,0.0,,,
11271,M,1937-12-08,61,OWNER,,18,Pisek,south Bohemia,70699,8968.0,3.0,1740.0,1,6856.0,163332.0,36.0,4537.0,C,Vigente,1,4537.0,4537.0,72,312898.0,281217.0,28793.458333,600.0,69554.0
11274,M,1969-04-14,29,OWNER,,64,Zlin,south Moravia,197099,9624.0,2.0,4484.0,1,6857.0,69600.0,48.0,1450.0,C,Vigente,5,10735.0,2147.0,288,543679.0,480868.0,42855.197916,700.0,71243.0
11275,F,1963-04-18,35,DISPONENT,,64,Zlin,south Moravia,197099,9624.0,2.0,4484.0,0,,0.0,,0.0,Sin Prestamo,Sin Prestamo,0,0.0,,0,0.0,0.0,,,
11286,F,1940-11-27,58,OWNER,,56,Breclav,south Moravia,124605,8772.0,5.0,2854.0,1,6859.0,272220.0,60.0,4537.0,C,Vigente,4,10919.0,2729.75,190,755896.0,684335.0,48846.994736,500.0,128130.0
11304,F,1960-10-20,38,OWNER,,28,Plzen - sever,west Bohemia,72541,8594.0,2.0,1580.0,1,6861.0,215040.0,60.0,3584.0,C,Vigente,1,3584.0,3584.0,151,544783.0,509844.0,42151.337748,1000.0,76321.0
11314,M,1936-06-02,62,OWNER,True,45,Jicin,east Bohemia,77917,8390.0,2.0,2080.0,1,6863.0,127080.0,60.0,2118.0,A,Cerrado,4,10591.0,2647.75,605,998215.0,963761.0,29452.327272,800.0,51359.0
11319,F,1942-04-14,56,OWNER,,1,Hl.m. Praha,Prague,1204953,12541.0,0.0,85677.0,0,,0.0,,0.0,Sin Prestamo,Sin Prestamo,0,0.0,,277,1329674.0,1293899.0,43357.895306,-1551.0,81389.0
11327,M,1947-10-21,51,OWNER,False,72,Olomouc,north Moravia,226122,8994.0,4.0,9672.0,1,6865.0,29448.0,12.0,2454.0,B,Cerrado,1,2455.0,2455.0,221,519507.0,511123.0,13411.633484,-2361.0,43809.0
11329,F,1961-01-31,37,OWNER,,69,Jesenik,north Moravia,42821,8173.0,,,1,6866.0,122472.0,24.0,5103.0,C,Vigente,2,18564.0,9282.0,206,1240771.0,1193068.0,54079.291262,1000.0,110427.0
11331,F,1944-12-14,54,OWNER,,70,Karvina,north Moravia,285387,10177.0,7.0,9878.0,0,,0.0,,0.0,Sin Prestamo,Sin Prestamo,0,0.0,,540,3303297.0,3212923.0,63943.862962,-3167.0,154989.0
11337,M,1969-04-03,29,OWNER,,29,Rokycany,west Bohemia,45714,8843.0,3.0,818.0,1,6868.0,82128.0,24.0,3422.0,C,Vigente,1,3422.0,3422.0,144,450379.0,423281.0,31893.631944,871.0,70376.0
11359,M,1972-08-20,26,OWNER,,11,Praha - zapad,central Bohemia,75637,9622.0,0.0,3475.0,1,6871.0,164256.0,48.0,3422.0,C,Vigente,1,3422.0,3422.0,264,1325582.0,1236735.0,52243.227272,600.0,135697.0
11360,F,1972-04-19,26,DISPONENT,,11,Praha - zapad,central Bohemia,75637,9622.0,0.0,3475.0,0,,0.0,,0.0,Sin Prestamo,Sin Prestamo,0,0.0,,0,0.0,0.0,,,
11362,F,1966-01-11,32,OWNER,,51,Trutnov,east Bohemia,121947,8541.0,3.0,3496.0,1,6872.0,191580.0,60.0,3193.0,C,Vigente,3,6141.0,2047.0,100,111252.0,96059.0,16424.47,900.0,28099.0
11371,F,1941-11-04,57,OWNER,,37,Litomerice,north Bohemia,114006,9065.0,4.0,4147.0,1,6875.0,83280.0,48.0,1735.0,C,Vigente,1,1735.0,1735.0,286,737914.0,662830.0,42475.013986,700.0,80274.0
11372,M,1961-09-28,37,OWNER,True,11,Praha - zapad,central Bohemia,75637,9622.0,0.0,3475.0,1,6876.0,86616.0,12.0,7218.0,A,Cerrado,3,11733.0,3911.0,561,1089848.0,980685.0,55418.885918,800.0,117257.0
11379,M,1952-05-28,46,OWNER,,74,Ostrava - mesto,north Moravia,323870,10673.0,5.0,18782.0,1,6877.0,285240.0,60.0,4754.0,C,Vigente,2,8349.0,4174.5,202,850062.0,822863.0,41142.752475,1100.0,89240.0
11380,F,1951-04-06,47,DISPONENT,,74,Ostrava - mesto,north Moravia,323870,10673.0,5.0,18782.0,0,,0.0,,0.0,Sin Prestamo,Sin Prestamo,0,0.0,,0,0.0,0.0,,,
11381,F,1979-07-26,19,OWNER,True,57,Hodonin,south Moravia,161954,8720.0,4.0,3729.0,1,6878.0,23184.0,12.0,1932.0,A,Cerrado,1,1932.0,1932.0,218,324249.0,279804.0,36277.605504,200.0,53134.0
11405,F,1964-07-29,34,OWNER,True,68,Frydek - Mistek,north Moravia,228848,9893.0,4.0,5623.0,1,6887.0,39576.0,12.0,3298.0,A,Cerrado,3,13234.0,4411.333333,238,681086.0,648856.0,26055.689075,700.0,64870.0
11406,M,1970-11-15,28,DISPONENT,True,68,Frydek - Mistek,north Moravia,228848,9893.0,4.0,5623.0,0,,0.0,,0.0,Sin Prestamo,Sin Prestamo,0,0.0,,0,0.0,0.0,,,
11409,F,1980-05-02,18,OWNER,True,32,Ceska Lipa,north Bohemia,105058,9272.0,3.0,4340.0,1,6888.0,39576.0,12.0,3298.0,A,Cerrado,3,16808.0,5602.666666,643,2838387.0,2752495.0,64095.143079,300.0,160661.0
11461,M,1974-07-08,24,OWNER,True,70,Karvina,north Moravia,285387,10177.0,7.0,9878.0,1,6895.0,41904.0,12.0,3492.0,A,Cerrado,3,10881.0,3627.0,649,2538102.0,2426481.0,58766.85362,900.0,166434.0
11491,F,1958-05-16,40,OWNER,,36,Liberec,north Bohemia,159617,9198.0,3.0,5796.0,0,,0.0,,0.0,Sin Prestamo,Sin Prestamo,0,0.0,,183,1136100.0,1065053.0,60819.278688,-846.0,135671.0
11497,F,1959-07-17,39,OWNER,True,11,Praha - zapad,central Bohemia,75637,9622.0,0.0,3475.0,1,6903.0,52128.0,24.0,2172.0,A,Cerrado,1,2172.0,2172.0,526,1601347.0,1571152.0,45316.009505,144.0,161685.0
11516,M,1938-11-09,60,OWNER,,59,Kromeriz,south Moravia,108871,8444.0,3.0,2595.0,1,6908.0,188616.0,24.0,7859.0,C,Vigente,2,18099.0,9049.5,230,1212827.0,1181171.0,54125.6,900.0,136150.0
11517,F,1940-05-21,58,DISPONENT,,59,Kromeriz,south Moravia,108871,8444.0,3.0,2595.0,0,,0.0,,0.0,Sin Prestamo,Sin Prestamo,0,0.0,,0,0.0,0.0,,,
11545,F,1966-01-22,32,OWNER,,1,Hl.m. Praha,Prague,1204953,12541.0,0.0,85677.0,1,6913.0,99936.0,24.0,4164.0,C,Vigente,3,10905.0,3635.0,347,1415419.0,1372220.0,63444.432276,400.0,127076.0
11574,F,1944-04-20,54,OWNER,True,1,Hl.m. Praha,Prague,1204953,12541.0,0.0,85677.0,1,6919.0,120888.0,36.0,3358.0,A,Cerrado,2,6583.0,3291.5,431,1350621.0,1324397.0,39187.023201,600.0,116468.0
11596,F,1940-12-04,58,OWNER,True,70,Karvina,north Moravia,285387,10177.0,7.0,9878.0,1,6921.0,86184.0,12.0,7182.0,A,Cerrado,3,10426.0,3475.333333,269,1605325.0,1565738.0,50556.866171,300.0,128146.0
11598,F,1977-09-23,21,OWNER,,54,Brno - mesto,south Moravia,387570,9897.0,2.0,18721.0,1,6922.0,83628.0,36.0,2323.0,C,Vigente,1,2323.0,2323.0,128,371312.0,331012.0,26198.53125,500.0,53379.0
11609,M,1957-02-11,41,OWNER,,59,Kromeriz,south Moravia,108871,8444.0,3.0,2595.0,1,6923.0,44640.0,24.0,1860.0,C,Vigente,1,1860.0,1860.0,83,306694.0,271025.0,41047.819277,600.0,65444.0
11637,M,1951-06-12,47,OWNER,,73,Opava,north Moravia,182027,8746.0,3.0,4355.0,1,6926.0,374760.0,60.0,6246.0,C,Vigente,4,17446.0,4361.5,214,1088402.0,1026012.0,54097.462616,1000.0,102667.0
11638,F,1954-08-24,44,DISPONENT,,73,Opava,north Moravia,182027,8746.0,3.0,4355.0,0,,0.0,,0.0,Sin Prestamo,Sin Prestamo,0,0.0,,0,0.0,0.0,,,
11662,M,1972-04-03,26,OWNER,True,76,Sumperk,north Moravia,127369,8369.0,5.0,3736.0,1,6929.0,36396.0,12.0,3033.0,A,Cerrado,2,8152.0,4076.0,454,2269951.0,2216047.0,53966.422907,800.0,131365.0
11676,F,1943-03-12,55,OWNER,,5,Kolin,central Bohemia,95616,9307.0,4.0,2616.0,0,,0.0,,0.0,Sin Prestamo,Sin Prestamo,0,0.0,,116,196293.0,184927.0,16774.913793,-1260.0,40622.0
11683,M,1980-01-28,18,OWNER,,7,Melnik,central Bohemia,94725,9920.0,2.0,4289.0,1,6932.0,225504.0,48.0,4698.0,C,Vigente,4,12519.0,3129.75,235,1389035.0,1338507.0,57743.570212,800.0,127324.0
11685,F,1965-07-23,33,OWNER,,64,Zlin,south Moravia,197099,9624.0,2.0,4484.0,1,6933.0,188688.0,48.0,3931.0,C,Vigente,2,10734.0,5367.0,302,1181534.0,1091852.0,48719.741721,400.0,102792.0
11686,F,1948-10-18,50,OWNER,True,21,Tabor,south Bohemia,103347,9104.0,2.0,2299.0,1,6934.0,116832.0,12.0,9736.0,A,Cerrado,2,14482.0,7241.0,200,551970.0,514285.0,26965.455,400.0,49267.0
11687,M,1945-01-23,53,DISPONENT,True,21,Tabor,south Bohemia,103347,9104.0,2.0,2299.0,0,,0.0,,0.0,Sin Prestamo,Sin Prestamo,0,0.0,,0,0.0,0.0,,,
11701,M,1949-04-14,49,OWNER,,9,Nymburk,central Bohemia,81344,8899.0,3.0,2987.0,1,6938.0,341280.0,60.0,5688.0,C,Vigente,1,5688.0,5688.0,198,1415432.0,1397687.0,44112.353535,700.0,110021.0
11709,M,1961-08-03,37,OWNER,,1,Hl.m. Praha,Prague,1204953,12541.0,0.0,85677.0,1,6940.0,228276.0,36.0,6341.0,C,Vigente,1,6341.0,6341.0,167,521332.0,484995.0,36799.844311,500.0,64281.0
11710,F,1967-06-19,31,DISPONENT,,1,Hl.m. Praha,Prague,1204953,12541.0,0.0,85677.0,0,,0.0,,0.0,Sin Prestamo,Sin Prestamo,0,0.0,,0,0.0,0.0,,,
11713,F,1951-04-11,47,OWNER,True,59,Kromeriz,south Moravia,108871,8444.0,3.0,2595.0,1,6942.0,18324.0,12.0,1527.0,A,Cerrado,2,9846.0,4923.0,196,716402.0,676301.0,29415.30102,700.0,54764.0
11714,M,1945-07-04,53,DISPONENT,True,59,Kromeriz,south Moravia,108871,8444.0,3.0,2595.0,0,,0.0,,0.0,Sin Prestamo,Sin Prestamo,0,0.0,,0,0.0,0.0,,,
11732,F,1957-05-20,41,OWNER,,19,Prachatice,south Bohemia,51428,8402.0,3.0,999.0,0,,0.0,,0.0,Sin Prestamo,Sin Prestamo,0,0.0,,182,814320.0,785626.0,37369.494505,-7247.0,129572.0
11754,M,1966-11-03,32,OWNER,,62,Uherske Hradiste,south Moravia,145688,8544.0,1.0,2719.0,1,6944.0,46176.0,48.0,962.0,C,Vigente,2,10575.0,5287.5,182,604485.0,512663.0,53416.505494,1000.0,102539.0
11755,F,1945-07-16,53,OWNER,,4,Kladno,central Bohemia,149893,9753.0,5.0,5244.0,0,,0.0,,0.0,Sin Prestamo,Sin Prestamo,0,0.0,,177,1129298.0,1076187.0,54013.327683,-1298.0,143284.0
11768,F,1971-09-12,27,OWNER,,1,Hl.m. Praha,Prague,1204953,12541.0,0.0,85677.0,1,6948.0,157068.0,36.0,4363.0,C,Vigente,2,11597.0,5798.5,88,535519.0,479502.0,52712.761363,400.0,136644.0
11794,F,1970-10-07,28,OWNER,True,31,Tachov,west Bohemia,51313,8930.0,4.0,1328.0,1,6949.0,104712.0,24.0,4363.0,A,Cerrado,2,17749.0,8874.5,421,2753033.0,2686537.0,65320.498812,300.0,153981.0
11795,M,1977-02-23,21,DISPONENT,True,31,Tachov,west Bohemia,51313,8930.0,4.0,1328.0,0,,0.0,,0.0,Sin Prestamo,Sin Prestamo,0,0.0,,0,0.0,0.0,,,
11804,M,1944-12-12,54,OWNER,True,74,Ostrava - mesto,north Moravia,323870,10673.0,5.0,18782.0,1,6950.0,104712.0,24.0,4363.0,A,Cerrado,2,8509.0,4254.5,457,2188324.0,2182789.0,45250.455142,400.0,147603.0
11851,M,1970-04-02,28,OWNER,,65,Znojmo,south Moravia,114200,8403.0,6.0,2157.0,1,6955.0,244368.0,48.0,5091.0,C,Vigente,1,5091.0,5091.0,360,2391093.0,2314045.0,63065.947222,200.0,180290.0
11855,M,1957-12-01,41,OWNER,,11,Praha - zapad,central Bohemia,75637,9622.0,0.0,3475.0,1,6956.0,59448.0,24.0,2477.0,C,Vigente,1,2477.0,2477.0,177,509517.0,496365.0,26120.864406,200.0,67122.0
11857,M,1952-08-26,46,OWNER,,70,Karvina,north Moravia,285387,10177.0,7.0,9878.0,1,6959.0,59448.0,24.0,2477.0,D,Vigente,1,2477.0,2477.0,276,1334699.0,1327819.0,48328.894927,-5525.0,127403.0
11860,F,1925-08-30,73,OWNER,,70,Karvina,north Moravia,285387,10177.0,7.0,9878.0,0,,0.0,,0.0,Sin Prestamo,Sin Prestamo,0,0.0,,414,325452.0,318558.0,7298.596618,-2726.0,22860.0
11866,M,1937-09-02,61,OWNER,True,1,Hl.m. Praha,Prague,1204953,12541.0,0.0,85677.0,1,6960.0,76416.0,24.0,3184.0,A,Cerrado,3,17868.0,5956.0,530,1780982.0,1669252.0,40071.024528,7055.0,114034.0
11867,F,1934-11-19,64,DISPONENT,True,1,Hl.m. Praha,Prague,1204953,12541.0,0.0,85677.0,0,,0.0,,0.0,Sin Prestamo,Sin Prestamo,0,0.0,,0,0.0,0.0,,,
11873,F,1963-11-20,35,OWNER,,38,Louny,north Bohemia,85852,8965.0,7.0,2653.0,1,6961.0,176148.0,36.0,4893.0,C,Vigente,2,10076.0,5038.0,230,1335545.0,1309027.0,45596.282608,1100.0,105915.0
11874,M,1969-01-19,29,OWNER,,1,Hl.m. Praha,Prague,1204953,12541.0,0.0,85677.0,1,6962.0,279072.0,48.0,5814.0,C,Vigente,1,5814.0,5814.0,143,920276.0,861032.0,42764.587412,300.0,111246.0
11875,F,1967-06-23,31,DISPONENT,,1,Hl.m. Praha,Prague,1204953,12541.0,0.0,85677.0,0,,0.0,,0.0,Sin Prestamo,Sin Prestamo,0,0.0,,0,0.0,0.0,,,
11886,F,1941-09-13,57,OWNER,True,61,Trebic,south Moravia,117897,8814.0,5.0,2112.0,1,6965.0,139536.0,24.0,5814.0,A,Cerrado,2,16535.0,8267.5,481,2817294.0,2778426.0,56452.704781,800.0,151547.0
11906,M,1944-12-03,54,OWNER,,76,Sumperk,north Moravia,127369,8369.0,5.0,3736.0,1,6969.0,88200.0,36.0,2450.0,C,Vigente,2,6134.0,3067.0,116,331074.0,292223.0,41159.051724,1100.0,75658.0
11907,F,1945-11-16,53,DISPONENT,,76,Sumperk,north Moravia,127369,8369.0,5.0,3736.0,0,,0.0,,0.0,Sin Prestamo,Sin Prestamo,0,0.0,,0,0.0,0.0,,,
11911,M,1939-10-24,59,OWNER,,8,Mlada Boleslav,central Bohemia,112065,11277.0,1.0,5179.0,1,6970.0,31620.0,60.0,527.0,C,Vigente,2,9471.0,4735.5,161,407925.0,370569.0,34813.757763,500.0,59500.0
11943,M,1961-07-09,37,OWNER,,1,Hl.m. Praha,Prague,1204953,12541.0,0.0,85677.0,0,,0.0,,0.0,Sin Prestamo,Sin Prestamo,1,2467.0,2467.0,433,2439203.0,2364900.0,54702.418013,-2728.0,121079.0
11947,M,1964-05-29,34,OWNER,,70,Karvina,north Moravia,285387,10177.0,7.0,9878.0,0,,0.0,,0.0,Sin Prestamo,Sin Prestamo,1,3112.0,3112.0,483,2625262.0,2525410.0,59686.931677,-225.0,162172.0
11976,F,1939-10-27,59,OWNER,,54,Brno - mesto,south Moravia,387570,9897.0,2.0,18721.0,1,6984.0,116040.0,60.0,1934.0,C,Vigente,3,6956.0,2318.666666,157,284073.0,245069.0,25973.54777,900.0,46776.0
11977,M,1944-07-01,54,DISPONENT,,54,Brno - mesto,south Moravia,387570,9897.0,2.0,18721.0,0,,0.0,,0.0,Sin Prestamo,Sin Prestamo,0,0.0,,0,0.0,0.0,,,
11978,M,1971-10-09,27,OWNER,True,54,Brno - mesto,south Moravia,387570,9897.0,2.0,18721.0,1,6985.0,113796.0,36.0,3161.0,A,Cerrado,3,9448.0,3149.333333,346,1025262.0,1006428.0,31905.517341,500.0,58022.0
11979,F,1977-12-09,21,DISPONENT,True,54,Brno - mesto,south Moravia,387570,9897.0,2.0,18721.0,0,,0.0,,0.0,Sin Prestamo,Sin Prestamo,0,0.0,,0,0.0,0.0,,,
12003,M,1976-06-23,22,OWNER,,74,Ostrava - mesto,north Moravia,323870,10673.0,5.0,18782.0,1,6986.0,151728.0,48.0,3161.0,D,Vigente,1,3161.0,3161.0,416,2208028.0,2098936.0,47080.875,-670.0,138621.0
12050,M,1943-05-30,55,OWNER,,52,Usti nad Orlici,east Bohemia,139012,8363.0,3.0,2564.0,1,6992.0,133968.0,48.0,2791.0,C,Vigente,4,15482.0,3870.5,376,1851769.0,1787451.0,55054.662234,200.0,149106.0
12051,F,1936-09-30,62,DISPONENT,,52,Usti nad Orlici,east Bohemia,139012,8363.0,3.0,2564.0,0,,0.0,,0.0,Sin Prestamo,Sin Prestamo,0,0.0,,0,0.0,0.0,,,
12079,F,1972-08-12,26,OWNER,True,64,Zlin,south Moravia,197099,9624.0,2.0,4484.0,1,6995.0,96168.0,12.0,8014.0,A,Cerrado,1,8014.0,8014.0,407,1869485.0,1787877.0,60051.140049,600.0,167778.0
12092,M,1977-05-15,21,OWNER,,68,Frydek - Mistek,north Moravia,228848,9893.0,4.0,5623.0,0,,0.0,,0.0,Sin Prestamo,Sin Prestamo,0,0.0,,191,1043996.0,998339.0,41370.795811,-7582.0,128821.0
12095,M,1939-02-27,59,OWNER,True,47,Pardubice,east Bohemia,162580,9538.0,2.0,6079.0,1,6996.0,126600.0,24.0,5275.0,A,Cerrado,1,5275.0,5275.0,406,2322811.0,2284767.0,45819.174876,400.0,94043.0
12102,F,1968-09-07,30,OWNER,True,21,Tabor,south Bohemia,103347,9104.0,2.0,2299.0,1,6998.0,97632.0,12.0,8136.0,A,Cerrado,3,20582.0,6860.666666,547,3537851.0,3500115.0,59053.062157,1100.0,137627.0
12133,F,1964-06-26,34,OWNER,,27,Plzen - jih,west Bohemia,67298,8561.0,1.0,1029.0,1,7001.0,300600.0,60.0,5010.0,C,Vigente,4,8260.0,2065.0,251,967338.0,918279.0,48721.2749,400.0,104170.0
12144,M,1980-11-23,18,OWNER,,2,Benesov,central Bohemia,88884,8507.0,2.0,2159.0,1,7004.0,331560.0,60.0,5526.0,C,Vigente,3,13911.0,4637.0,465,1565052.0,1479370.0,57196.32043,900.0,102938.0
12145,F,1982-06-25,16,DISPONENT,,2,Benesov,central Bohemia,88884,8507.0,2.0,2159.0,0,,0.0,,0.0,Sin Prestamo,Sin Prestamo,0,0.0,,0,0.0,0.0,,,
12163,M,1954-06-16,44,OWNER,,1,Hl.m. Praha,Prague,1204953,12541.0,0.0,85677.0,0,,0.0,,0.0,Sin Prestamo,Sin Prestamo,4,17766.0,4441.5,489,2267032.0,2221087.0,38741.957055,-1212.0,150917.0
12181,M,1961-08-19,37,OWNER,True,1,Hl.m. Praha,Prague,1204953,12541.0,0.0,85677.0,1,7008.0,36168.0,12.0,3014.0,A,Cerrado,4,15813.0,3953.25,382,1017557.0,971924.0,30307.769633,300.0,64234.0
12220,F,1971-11-12,27,OWNER,,60,Prostejov,south Moravia,110643,8441.0,3.0,1879.0,1,7013.0,89340.0,60.0,1489.0,C,Vigente,2,6505.0,3252.5,249,545961.0,479760.0,54166.136546,500.0,91009.0
12221,M,1971-02-24,27,DISPONENT,,60,Prostejov,south Moravia,110643,8441.0,3.0,1879.0,0,,0.0,,0.0,Sin Prestamo,Sin Prestamo,0,0.0,,0,0.0,0.0,,,
12303,F,1974-04-05,24,OWNER,,24,Karlovy Vary,west Bohemia,122603,8991.0,1.0,5198.0,1,7034.0,19044.0,36.0,529.0,C,Vigente,1,529.0,529.0,248,766746.0,687840.0,56285.205645,600.0,101113.0
12308,M,1978-11-29,20,OWNER,,64,Zlin,south Moravia,197099,9624.0,2.0,4484.0,1,7035.0,210744.0,36.0,5854.0,C,Vigente,2,15005.0,7502.5,73,511790.0,457979.0,46756.616438,200.0,87393.0
12324,M,1978-03-06,20,OWNER,,8,Mlada Boleslav,central Bohemia,112065,11277.0,1.0,5179.0,0,,0.0,,0.0,Sin Prestamo,Sin Prestamo,0,0.0,,326,906592.0,878320.0,23585.634969,-4953.0,68876.0
12325,M,1964-10-30,34,OWNER,,8,Mlada Boleslav,central Bohemia,112065,11277.0,1.0,5179.0,1,7036.0,194940.0,36.0,5415.0,C,Vigente,1,5415.0,5415.0,250,1314297.0,1292648.0,52650.048,600.0,138173.0
12328,F,1944-04-08,54,OWNER,,1,Hl.m. Praha,Prague,1204953,12541.0,0.0,85677.0,1,7037.0,218064.0,48.0,4543.0,C,Vigente,3,16325.0,5441.666666,133,592461.0,526294.0,52006.0,400.0,91971.0
12344,F,1940-06-20,58,OWNER,,26,Plzen - mesto,west Bohemia,170449,10787.0,3.0,6041.0,0,,0.0,,0.0,Sin Prestamo,Sin Prestamo,1,4730.0,4730.0,310,1461455.0,1475893.0,32376.464516,-15019.0,143317.0
12358,M,1943-07-05,55,OWNER,True,17,Pelhrimov,south Bohemia,74062,8114.0,2.0,1003.0,1,7046.0,91632.0,12.0,7636.0,A,Cerrado,3,10526.0,3508.666666,230,370714.0,356273.0,17875.3,300.0,32832.0
12359,F,1935-10-13,63,DISPONENT,True,17,Pelhrimov,south Bohemia,74062,8114.0,2.0,1003.0,0,,0.0,,0.0,Sin Prestamo,Sin Prestamo,0,0.0,,0,0.0,0.0,,,
12376,M,1959-02-17,39,OWNER,,4,Kladno,central Bohemia,149893,9753.0,5.0,5244.0,1,7049.0,233424.0,36.0,6484.0,C,Vigente,5,18247.0,3649.4,232,1123826.0,1073547.0,49418.5,200.0,105025.0
12378,F,1946-08-27,52,OWNER,,76,Sumperk,north Moravia,127369,8369.0,5.0,3736.0,1,7050.0,311232.0,48.0,6484.0,C,Vigente,1,6484.0,6484.0,263,2142225.0,2048811.0,73529.361216,1100.0,144269.0
12382,M,1955-11-29,43,OWNER,True,1,Hl.m. Praha,Prague,1204953,12541.0,0.0,85677.0,1,7051.0,77808.0,12.0,6484.0,A,Cerrado,1,6484.0,6484.0,144,871898.0,848582.0,54901.326388,1000.0,133555.0
12383,F,1963-05-13,35,DISPONENT,True,1,Hl.m. Praha,Prague,1204953,12541.0,0.0,85677.0,0,,0.0,,0.0,Sin Prestamo,Sin Prestamo,0,0.0,,0,0.0,0.0,,,
12396,F,1970-01-17,28,OWNER,,62,Uherske Hradiste,south Moravia,145688,8544.0,1.0,2719.0,1,7055.0,167100.0,60.0,2785.0,C,Vigente,1,2785.0,2785.0,438,2670360.0,2648016.0,56108.468036,1100.0,189714.0
12397,M,1973-06-02,25,DISPONENT,,62,Uherske Hradiste,south Moravia,145688,8544.0,1.0,2719.0,0,,0.0,,0.0,Sin Prestamo,Sin Prestamo,0,0.0,,0,0.0,0.0,,,
12416,M,1973-05-30,25,OWNER,True,1,Hl.m. Praha,Prague,1204953,12541.0,0.0,85677.0,1,7057.0,231696.0,36.0,6436.0,A,Cerrado,4,16611.0,4152.75,470,2375854.0,2320675.0,44400.987234,800.0,108575.0
12417,F,1974-01-03,24,DISPONENT,True,1,Hl.m. Praha,Prague,1204953,12541.0,0.0,85677.0,0,,0.0,,0.0,Sin Prestamo,Sin Prestamo,0,0.0,,0,0.0,0.0,,,
12432,M,1965-03-07,33,OWNER,True,55,Brno - venkov,south Moravia,157042,8743.0,2.0,3659.0,1,7061.0,121896.0,24.0,5079.0,A,Cerrado,1,5079.0,5079.0,499,2988051.0,2915618.0,66951.420841,600.0,160498.0
12464,M,1959-12-17,39,OWNER,False,39,Most,north Bohemia,119895,10446.0,7.0,4947.0,1,7066.0,215388.0,36.0,5983.0,B,Cerrado,1,5983.0,5983.0,399,1453174.0,1440898.0,35553.260651,-864.0,149948.0
12468,M,1969-07-04,29,OWNER,,22,Domazlice,west Bohemia,58400,8620.0,1.0,1089.0,1,7067.0,136368.0,24.0,5682.0,C,Vigente,2,15217.0,7608.5,148,945666.0,891085.0,50507.864864,600.0,119446.0
12485,F,1965-04-10,33,OWNER,,34,Chomutov,north Bohemia,125236,9675.0,6.0,5323.0,1,7072.0,22104.0,12.0,1842.0,C,Vigente,3,7913.0,2637.666666,157,353955.0,289081.0,50943.057324,700.0,74219.0
12490,M,1980-08-14,18,OWNER,,34,Chomutov,north Bohemia,125236,9675.0,6.0,5323.0,0,,0.0,,0.0,Sin Prestamo,Sin Prestamo,0,0.0,,99,412901.0,366177.0,46896.424242,-584.0,127988.0
12547,F,1963-10-13,35,OWNER,,70,Karvina,north Moravia,285387,10177.0,7.0,9878.0,1,7085.0,305424.0,48.0,6363.0,C,Vigente,3,12524.0,4174.666666,213,809758.0,776024.0,42387.596244,300.0,120228.0
12561,M,1966-06-20,32,OWNER,,38,Louny,north Bohemia,85852,8965.0,7.0,2653.0,1,7087.0,44304.0,24.0,1846.0,C,Vigente,3,6120.0,2040.0,234,517856.0,435689.0,57288.286324,300.0,87973.0
12568,F,1956-03-01,42,OWNER,,44,Chrudim,east Bohemia,105606,8254.0,3.0,2166.0,0,,0.0,,0.0,Sin Prestamo,Sin Prestamo,0,0.0,,163,598861.0,560967.0,24463.276073,-492.0,61929.0
12577,F,1950-05-05,48,OWNER,,62,Uherske Hradiste,south Moravia,145688,8544.0,1.0,2719.0,0,,0.0,,0.0,Sin Prestamo,Sin Prestamo,0,0.0,,387,1962206.0,1925880.0,51982.583979,-489.0,148993.0
12586,M,1947-01-30,51,OWNER,,27,Plzen - jih,west Bohemia,67298,8561.0,1.0,1029.0,1,7088.0,239160.0,60.0,3986.0,C,Vigente,5,9741.0,1948.2,291,889662.0,862653.0,33274.261168,500.0,77715.0
12599,M,1956-01-01,42,OWNER,,44,Chrudim,east Bohemia,105606,8254.0,3.0,2166.0,1,7091.0,113436.0,36.0,3151.0,C,Vigente,1,3151.0,3151.0,133,1203157.0,1157299.0,69377.210526,200.0,138293.0
12616,F,1965-01-26,33,OWNER,,27,Plzen - jih,west Bohemia,67298,8561.0,1.0,1029.0,1,7096.0,37812.0,12.0,3151.0,C,Vigente,2,17952.0,8976.0,158,1165612.0,1082418.0,52987.411392,900.0,126763.0
12625,M,1958-12-07,40,OWNER,False,54,Brno - mesto,south Moravia,387570,9897.0,2.0,18721.0,1,7097.0,75624.0,24.0,3151.0,B,Cerrado,1,3151.0,3151.0,453,2208961.0,2191850.0,38446.620309,-2325.0,152954.0
12643,F,1962-07-20,36,OWNER,,69,Jesenik,north Moravia,42821,8173.0,,,1,7100.0,348120.0,60.0,5802.0,C,Vigente,1,5802.0,5802.0,145,964134.0,869928.0,58179.634482,600.0,111160.0
12662,M,1953-06-01,45,OWNER,,14,Ceske Budejovice,south Bohemia,177686,10045.0,1.0,6604.0,1,7101.0,421008.0,48.0,8771.0,C,Vigente,2,18673.0,9336.5,228,898203.0,820527.0,49500.0,600.0,100355.0
12695,M,1979-03-16,19,OWNER,True,68,Frydek - Mistek,north Moravia,228848,9893.0,4.0,5623.0,1,7104.0,259740.0,60.0,4329.0,A,Cerrado,2,16743.0,8371.5,441,1897394.0,1855578.0,38296.120181,800.0,79634.0
12726,F,1945-08-09,53,OWNER,,8,Mlada Boleslav,central Bohemia,112065,11277.0,1.0,5179.0,0,,0.0,,0.0,Sin Prestamo,Sin Prestamo,0,0.0,,112,175424.0,182407.0,7268.375,-9757.0,31312.0
12729,M,1968-03-21,30,OWNER,,36,Liberec,north Bohemia,159617,9198.0,3.0,5796.0,1,7110.0,31260.0,12.0,2605.0,C,Vigente,2,9347.0,4673.5,191,383438.0,362471.0,22276.528795,1000.0,46699.0
12730,F,1964-09-29,34,DISPONENT,,36,Liberec,north Bohemia,159617,9198.0,3.0,5796.0,0,,0.0,,0.0,Sin Prestamo,Sin Prestamo,0,0.0,,0,0.0,0.0,,,
12738,F,1960-10-29,38,OWNER,,23,Cheb,west Bohemia,87419,8624.0,2.0,2879.0,1,7115.0,88704.0,48.0,1848.0,C,Vigente,2,6258.0,3129.0,260,358028.0,343081.0,17325.265384,800.0,32019.0
12739,M,1958-01-17,40,DISPONENT,,23,Cheb,west Bohemia,87419,8624.0,2.0,2879.0,0,,0.0,,0.0,Sin Prestamo,Sin Prestamo,0,0.0,,0,0.0,0.0,,,
12750,F,1940-05-25,58,OWNER,True,21,Tabor,south Bohemia,103347,9104.0,2.0,2299.0,1,7119.0,86880.0,12.0,7240.0,A,Cerrado,1,7240.0,7240.0,160,1416769.0,1403363.0,44567.1,500.0,106369.0
12754,M,1960-08-20,38,OWNER,True,55,Brno - venkov,south Moravia,157042,8743.0,2.0,3659.0,1,7121.0,21924.0,36.0,609.0,A,Cerrado,2,6871.0,3435.5,487,1196371.0,1145397.0,46258.338809,1100.0,116468.0
12755,F,1959-11-01,39,DISPONENT,True,55,Brno - venkov,south Moravia,157042,8743.0,2.0,3659.0,0,,0.0,,0.0,Sin Prestamo,Sin Prestamo,0,0.0,,0,0.0,0.0,,,
12756,F,1949-01-21,49,OWNER,,22,Domazlice,west Bohemia,58400,8620.0,1.0,1089.0,1,7122.0,260640.0,36.0,7240.0,D,Vigente,5,20064.0,4012.8,352,1595921.0,1540655.0,48178.883522,-1608.0,154184.0
12802,M,1969-08-12,29,OWNER,,1,Hl.m. Praha,Prague,1204953,12541.0,0.0,85677.0,1,7129.0,194280.0,60.0,3238.0,C,Vigente,5,7595.0,1519.0,208,644798.0,594465.0,47124.024038,300.0,77920.0
12810,M,1964-10-14,34,OWNER,True,39,Most,north Bohemia,119895,10446.0,7.0,4947.0,1,7130.0,123408.0,24.0,5142.0,A,Cerrado,5,20024.0,4004.8,322,1229179.0,1167172.0,53253.518633,700.0,150941.0
12840,M,1939-07-27,59,OWNER,,60,Prostejov,south Moravia,110643,8441.0,3.0,1879.0,1,7136.0,54396.0,36.0,1511.0,C,Vigente,1,1511.0,1511.0,189,306609.0,221517.0,59367.746031,800.0,88464.0
12843,M,1953-05-05,45,OWNER,True,66,Zdar nad Sazavou,south Moravia,125832,8512.0,4.0,2247.0,1,7137.0,151560.0,24.0,6315.0,A,Cerrado,2,16449.0,8224.5,421,2553804.0,2457085.0,56137.619952,300.0,120008.0
12844,M,1946-10-15,52,OWNER,,45,Jicin,east Bohemia,77917,8390.0,2.0,2080.0,1,7138.0,60000.0,60.0,1000.0,C,Vigente,3,5910.0,1970.0,457,620007.0,571040.0,36819.183807,400.0,66973.0
12850,M,1955-08-26,43,OWNER,,72,Olomouc,north Moravia,226122,8994.0,4.0,9672.0,1,7139.0,23412.0,12.0,1951.0,C,Vigente,2,5185.0,2592.5,205,823683.0,746109.0,60391.89756,800.0,104928.0
12851,F,1957-09-27,41,DISPONENT,,72,Olomouc,north Moravia,226122,8994.0,4.0,9672.0,0,,0.0,,0.0,Sin Prestamo,Sin Prestamo,0,0.0,,0,0.0,0.0,,,
12859,F,1976-05-21,22,OWNER,,1,Hl.m. Praha,Prague,1204953,12541.0,0.0,85677.0,1,7142.0,482940.0,60.0,8049.0,D,Vigente,4,15830.0,3957.5,598,1129282.0,1115600.0,19822.573578,-1131.0,57707.0
12890,F,1958-01-20,40,OWNER,,70,Karvina,north Moravia,285387,10177.0,7.0,9878.0,1,7147.0,267600.0,48.0,5575.0,C,Vigente,1,5575.0,5575.0,193,1169803.0,1138690.0,55270.917098,200.0,137674.0
12908,M,1941-03-12,57,OWNER,,12,Pribram,central Bohemia,107870,8754.0,4.0,3804.0,1,7151.0,133800.0,24.0,5575.0,C,Vigente,3,15011.0,5003.666666,177,871728.0,780030.0,45957.214689,300.0,120475.0
12943,M,1970-10-12,28,OWNER,,55,Brno - venkov,south Moravia,157042,8743.0,2.0,3659.0,1,7154.0,417600.0,60.0,6960.0,C,Vigente,1,6960.0,6960.0,202,1181592.0,1153354.0,56297.757425,200.0,209637.0
12986,F,1973-05-08,25,OWNER,,40,Teplice,north Bohemia,128118,9317.0,6.0,6949.0,0,,0.0,,0.0,Sin Prestamo,Sin Prestamo,0,0.0,,235,1120524.0,1043081.0,53497.87234,-4725.0,147885.0
12991,M,1947-01-16,51,OWNER,,51,Trutnov,east Bohemia,121947,8541.0,3.0,3496.0,0,,0.0,,0.0,Sin Prestamo,Sin Prestamo,0,0.0,,222,1412405.0,1385829.0,66774.851351,-606.0,139237.0
13044,M,1976-03-01,22,OWNER,,52,Usti nad Orlici,east Bohemia,139012,8363.0,3.0,2564.0,0,,0.0,,0.0,Sin Prestamo,Sin Prestamo,0,0.0,,180,1045185.0,962730.0,49262.538888,-875.0,124298.0
13051,M,1965-01-13,33,OWNER,,55,Brno - venkov,south Moravia,157042,8743.0,2.0,3659.0,1,7164.0,249792.0,48.0,5204.0,C,Vigente,1,5204.0,5204.0,77,507857.0,467050.0,51564.168831,700.0,94979.0
13071,M,1956-02-18,42,OWNER,True,41,Usti nad Labem,north Bohemia,118650,9832.0,3.0,6445.0,1,7166.0,198240.0,24.0,8260.0,A,Cerrado,2,15563.0,7781.5,304,826455.0,789739.0,27560.861842,300.0,51947.0
13089,F,1979-02-14,19,OWNER,,16,Jindrichuv Hradec,south Bohemia,93931,8427.0,1.0,1874.0,1,7167.0,269964.0,36.0,7499.0,C,Vigente,2,18552.0,9276.0,120,882606.0,801360.0,61828.4,400.0,120647.0
13090,F,1980-04-18,18,OWNER,,2,Benesov,central Bohemia,88884,8507.0,2.0,2159.0,1,7168.0,208332.0,36.0,5787.0,C,Vigente,2,9527.0,4763.5,163,1286879.0,1244455.0,66259.257668,500.0,134650.0
13095,M,1950-03-16,48,OWNER,,76,Sumperk,north Moravia,127369,8369.0,5.0,3736.0,1,7171.0,196224.0,48.0,4088.0,C,Vigente,2,14444.0,7222.0,94,826277.0,784447.0,75639.627659,300.0,135473.0
13098,F,1978-12-15,20,OWNER,,1,Hl.m. Praha,Prague,1204953,12541.0,0.0,85677.0,1,7172.0,45720.0,12.0,3810.0,C,Vigente,3,7462.0,2487.333333,149,697058.0,652838.0,38910.147651,700.0,87186.0
13102,M,1949-04-15,49,OWNER,,8,Mlada Boleslav,central Bohemia,112065,11277.0,1.0,5179.0,0,,0.0,,0.0,Sin Prestamo,Sin Prestamo,0,0.0,,380,1399179.0,1379668.0,33597.05,-15726.0,78176.0
13113,M,1976-11-25,22,OWNER,True,11,Praha - zapad,central Bohemia,75637,9622.0,0.0,3475.0,1,7176.0,260028.0,36.0,7223.0,A,Cerrado,3,21322.0,7107.333333,473,2848045.0,2810089.0,46606.323467,200.0,124901.0
13123,F,1978-02-17,20,OWNER,,56,Breclav,south Moravia,124605,8772.0,5.0,2854.0,0,,0.0,,0.0,Sin Prestamo,Sin Prestamo,0,0.0,,468,2807142.0,2697201.0,74768.457264,-2352.0,173946.0
13134,F,1962-11-03,36,OWNER,,1,Hl.m. Praha,Prague,1204953,12541.0,0.0,85677.0,1,7181.0,197808.0,24.0,8242.0,C,Vigente,2,14912.0,7456.0,116,1044161.0,992197.0,67736.741379,900.0,134985.0
13151,M,1958-12-22,40,OWNER,,73,Opava,north Moravia,182027,8746.0,3.0,4355.0,0,,0.0,,0.0,Sin Prestamo,Sin Prestamo,0,0.0,,183,625778.0,578462.0,27619.699453,-5975.0,118734.0
13171,F,1950-06-26,48,OWNER,,19,Prachatice,south Bohemia,51428,8402.0,3.0,999.0,0,,0.0,,0.0,Sin Prestamo,Sin Prestamo,0,0.0,,199,721411.0,660677.0,35756.120603,-414.0,129263.0
13172,M,1938-10-19,60,OWNER,,36,Liberec,north Bohemia,159617,9198.0,3.0,5796.0,1,7187.0,24180.0,60.0,403.0,C,Vigente,5,4058.0,811.6,249,707605.0,625591.0,79272.124497,1100.0,98534.0
13190,M,1956-11-28,42,OWNER,,71,Novy Jicin,north Moravia,161227,8678.0,6.0,4980.0,1,7189.0,154656.0,48.0,3222.0,C,Vigente,2,7089.0,3544.5,333,1091014.0,1064151.0,40462.384384,1000.0,75029.0
13201,M,1937-05-17,61,OWNER,True,31,Tachov,west Bohemia,51313,8930.0,4.0,1328.0,1,7192.0,115992.0,36.0,3222.0,A,Cerrado,3,11450.0,3816.666666,550,2573210.0,2518235.0,53153.725454,200.0,154192.0
13231,M,1959-07-01,39,OWNER,,1,Hl.m. Praha,Prague,1204953,12541.0,0.0,85677.0,1,7194.0,68832.0,36.0,1912.0,C,Vigente,2,7347.0,3673.5,245,796272.0,745374.0,36905.795918,700.0,64598.0
13246,F,1942-01-13,56,OWNER,,46,Nachod,east Bohemia,112709,8369.0,2.0,2854.0,1,7195.0,339168.0,48.0,7066.0,C,Vigente,2,10794.0,5397.0,104,231045.0,193395.0,33493.961538,1000.0,52920.0
13260,F,1977-05-27,21,OWNER,True,72,Olomouc,north Moravia,226122,8994.0,4.0,9672.0,1,7198.0,45768.0,12.0,3814.0,A,Cerrado,1,3814.0,3814.0,373,1150753.0,1090875.0,31357.36193,526.0,108909.0
13261,M,1944-08-01,54,OWNER,True,75,Prerov,north Moravia,138032,8819.0,5.0,4063.0,1,7199.0,45768.0,12.0,3814.0,A,Cerrado,4,17757.0,4439.25,286,1669224.0,1593957.0,61220.136363,900.0,150978.0
13262,F,1938-02-09,60,DISPONENT,True,75,Prerov,north Moravia,138032,8819.0,5.0,4063.0,0,,0.0,,0.0,Sin Prestamo,Sin Prestamo,0,0.0,,0,0.0,0.0,,,
13276,M,1977-01-20,21,OWNER,,76,Sumperk,north Moravia,127369,8369.0,5.0,3736.0,1,7200.0,31140.0,60.0,519.0,C,Vigente,1,519.0,519.0,83,121470.0,64779.0,35676.39759,800.0,58488.0
13285,M,1935-12-25,63,OWNER,True,34,Chomutov,north Bohemia,125236,9675.0,6.0,5323.0,1,7201.0,67464.0,12.0,5622.0,A,Cerrado,1,5623.0,5623.0,190,1222856.0,1124051.0,55795.231578,600.0,110281.0
13290,M,1941-06-23,57,OWNER,,16,Jindrichuv Hradec,south Bohemia,93931,8427.0,1.0,1874.0,1,7202.0,140688.0,48.0,2931.0,C,Vigente,1,2931.0,2931.0,114,522791.0,515188.0,45509.447368,300.0,140246.0
13291,F,1940-11-13,58,DISPONENT,,16,Jindrichuv Hradec,south Bohemia,93931,8427.0,1.0,1874.0,0,,0.0,,0.0,Sin Prestamo,Sin Prestamo,0,0.0,,0,0.0,0.0,,,
13346,M,1956-04-15,42,OWNER,,50,Svitavy,east Bohemia,102609,8187.0,5.0,2123.0,1,7209.0,385560.0,60.0,6426.0,D,Vigente,1,6426.0,6426.0,158,671581.0,676884.0,23113.373417,-13833.0,86317.0
13380,M,1942-09-18,56,OWNER,,65,Znojmo,south Moravia,114200,8403.0,6.0,2157.0,1,7213.0,113544.0,36.0,3154.0,C,Vigente,3,8888.0,2962.666666,363,1182623.0,1099309.0,46865.707988,700.0,99289.0
13404,M,1966-09-25,32,OWNER,,48,Rychnov nad Kneznou,east Bohemia,78955,9060.0,2.0,1655.0,0,,0.0,,0.0,Sin Prestamo,Sin Prestamo,1,538.0,538.0,364,408235.0,392730.0,20072.186813,-2152.0,37848.0
13405,M,1958-08-13,40,OWNER,,32,Ceska Lipa,north Bohemia,105058,9272.0,3.0,4340.0,1,7219.0,57120.0,48.0,1190.0,C,Vigente,3,5811.0,1937.0,177,294772.0,230241.0,48050.977401,1000.0,74474.0
13406,F,1978-04-18,20,OWNER,,42,Havlickuv Brod,east Bohemia,95907,8388.0,2.0,1658.0,0,,0.0,,0.0,Sin Prestamo,Sin Prestamo,0,0.0,,389,2146261.0,2044723.0,49015.226221,-280.0,153704.0
13412,M,1954-03-20,44,OWNER,True,1,Hl.m. Praha,Prague,1204953,12541.0,0.0,85677.0,1,7220.0,131292.0,36.0,3647.0,A,Cerrado,2,10959.0,5479.5,460,1667684.0,1619662.0,39886.813043,1000.0,78010.0
13417,F,1951-11-17,47,OWNER,,25,Klatovy,west Bohemia,88757,8554.0,2.0,1822.0,1,7221.0,152460.0,60.0,2541.0,C,Vigente,5,13698.0,2739.6,175,395032.0,373850.0,21450.588571,600.0,52438.0
13447,F,1970-05-05,28,OWNER,True,13,Rakovnik,central Bohemia,53921,8598.0,3.0,1597.0,1,7226.0,197748.0,36.0,5493.0,A,Cerrado,2,13010.0,6505.0,428,1670070.0,1611784.0,47920.058411,300.0,88446.0
13448,M,1968-07-08,30,DISPONENT,True,13,Rakovnik,central Bohemia,53921,8598.0,3.0,1597.0,0,,0.0,,0.0,Sin Prestamo,Sin Prestamo,0,0.0,,0,0.0,0.0,,,
13451,F,1955-11-18,43,OWNER,,44,Chrudim,east Bohemia,105606,8254.0,3.0,2166.0,1,7227.0,314520.0,60.0,5242.0,C,Vigente,2,15714.0,7857.0,441,3162046.0,3113629.0,59423.222222,500.0,140546.0
13468,M,1960-10-31,38,OWNER,,25,Klatovy,west Bohemia,88757,8554.0,2.0,1822.0,1,7230.0,18720.0,60.0,312.0,C,Vigente,1,312.0,312.0,166,415562.0,372412.0,41621.807228,300.0,70246.0
13469,F,1955-12-08,43,DISPONENT,,25,Klatovy,west Bohemia,88757,8554.0,2.0,1822.0,0,,0.0,,0.0,Sin Prestamo,Sin Prestamo,0,0.0,,0,0.0,0.0,,,
13480,M,1953-06-01,45,OWNER,,16,Jindrichuv Hradec,south Bohemia,93931,8427.0,1.0,1874.0,1,7233.0,115812.0,36.0,3217.0,C,Vigente,1,3217.0,3217.0,284,1694242.0,1615203.0,60348.929577,1100.0,156504.0
13490,F,1969-05-25,29,OWNER,True,18,Pisek,south Bohemia,70699,8968.0,3.0,1740.0,1,7235.0,154416.0,48.0,3217.0,A,Cerrado,1,3217.0,3217.0,474,3152249.0,3094622.0,59249.85232,7729.0,175711.0
13539,M,1978-09-07,20,OWNER,True,63,Vyskov,south Moravia,86513,8288.0,4.0,1562.0,1,7240.0,274740.0,60.0,4579.0,A,Cerrado,3,14834.0,4944.666666,571,3230713.0,3145576.0,56912.579684,600.0,122893.0
13548,M,1976-03-18,22,OWNER,False,1,Hl.m. Praha,Prague,1204953,12541.0,0.0,85677.0,1,7241.0,168984.0,24.0,7041.0,B,Cerrado,1,7041.0,7041.0,499,2575104.0,2466699.0,63229.392785,-518.0,165293.0
13556,M,1958-07-19,40,OWNER,,32,Ceska Lipa,north Bohemia,105058,9272.0,3.0,4340.0,1,7242.0,48096.0,24.0,2004.0,C,Vigente,2,5803.0,2901.5,181,452013.0,402237.0,31486.712707,800.0,51010.0
13576,M,1974-07-07,24,OWNER,True,72,Olomouc,north Moravia,226122,8994.0,4.0,9672.0,1,7243.0,217152.0,36.0,6032.0,A,Cerrado,2,14468.0,7234.0,321,1859748.0,1813995.0,56111.06542,400.0,112781.0
13588,M,1974-01-29,24,OWNER,,46,Nachod,east Bohemia,112709,8369.0,2.0,2854.0,0,,0.0,,0.0,Sin Prestamo,Sin Prestamo,1,3619.0,3619.0,131,926518.0,877767.0,56962.763358,-1932.0,174213.0
13590,M,1977-08-03,21,OWNER,,59,Kromeriz,south Moravia,108871,8444.0,3.0,2595.0,1,7246.0,148920.0,60.0,2482.0,C,Vigente,2,13988.0,6994.0,232,765353.0,712299.0,33725.228448,400.0,66825.0
13603,M,1941-07-28,57,OWNER,True,46,Nachod,east Bohemia,112709,8369.0,2.0,2854.0,1,7249.0,69360.0,48.0,1445.0,A,Cerrado,1,1445.0,1445.0,403,905445.0,868465.0,33499.903225,1100.0,56736.0
13608,F,1963-05-15,35,OWNER,,37,Litomerice,north Bohemia,114006,9065.0,4.0,4147.0,1,7250.0,119136.0,48.0,2482.0,C,Vigente,1,2482.0,2482.0,256,1201738.0,1084543.0,54140.855468,1100.0,121370.0
13620,M,1970-07-26,28,OWNER,True,16,Jindrichuv Hradec,south Bohemia,93931,8427.0,1.0,1874.0,1,7253.0,98304.0,12.0,8192.0,A,Cerrado,1,8192.0,8192.0,246,2071826.0,1970086.0,73271.699186,300.0,146540.0
13640,F,1955-06-09,43,OWNER,,28,Plzen - sever,west Bohemia,72541,8594.0,2.0,1580.0,1,7255.0,213300.0,60.0,3555.0,C,Vigente,2,10216.0,5108.0,149,639997.0,575010.0,36255.731543,800.0,74941.0
13657,F,1963-05-12,35,OWNER,True,59,Kromeriz,south Moravia,108871,8444.0,3.0,2595.0,1,7259.0,108144.0,36.0,3004.0,A,Cerrado,2,7741.0,3870.5,492,2830644.0,2721510.0,59002.203252,900.0,155582.0
13658,M,1957-04-23,41,DISPONENT,True,59,Kromeriz,south Moravia,108871,8444.0,3.0,2595.0,0,,0.0,,0.0,Sin Prestamo,Sin Prestamo,0,0.0,,0,0.0,0.0,,,
13673,M,1971-02-20,27,OWNER,,39,Most,north Bohemia,119895,10446.0,7.0,4947.0,0,,0.0,,0.0,Sin Prestamo,Sin Prestamo,0,0.0,,146,521032.0,522578.0,25973.801369,-1535.0,96982.0
13687,M,1959-05-23,39,OWNER,True,75,Prerov,north Moravia,138032,8819.0,5.0,4063.0,1,7262.0,182628.0,36.0,5073.0,A,Cerrado,2,8337.0,4168.5,416,1077097.0,1023411.0,39338.670673,500.0,71488.0
13690,M,1963-05-16,35,OWNER,True,70,Karvina,north Moravia,285387,10177.0,7.0,9878.0,1,7263.0,89880.0,24.0,3745.0,A,Cerrado,1,3745.0,3745.0,325,2713803.0,2657789.0,73259.464615,800.0,168372.0
13694,F,1976-01-20,22,OWNER,True,1,Hl.m. Praha,Prague,1204953,12541.0,0.0,85677.0,1,7264.0,44940.0,12.0,3745.0,A,Cerrado,1,3745.0,3745.0,152,894586.0,801628.0,61940.032894,200.0,144498.0
13750,F,1980-11-13,18,OWNER,,12,Pribram,central Bohemia,107870,8754.0,4.0,3804.0,1,7271.0,392460.0,60.0,6541.0,C,Vigente,2,16351.0,8175.5,339,2153622.0,2068852.0,67157.079646,900.0,139173.0
13751,M,1979-07-20,19,DISPONENT,,12,Pribram,central Bohemia,107870,8754.0,4.0,3804.0,0,,0.0,,0.0,Sin Prestamo,Sin Prestamo,0,0.0,,0,0.0,0.0,,,
13803,M,1947-11-14,51,OWNER,True,1,Hl.m. Praha,Prague,1204953,12541.0,0.0,85677.0,1,7277.0,89280.0,12.0,7440.0,A,Cerrado,3,17453.0,5817.666666,173,1128147.0,1057752.0,50357.601156,900.0,109530.0
13820,F,1948-07-31,50,OWNER,,33,Decin,north Bohemia,133777,8705.0,6.0,4650.0,1,7279.0,155760.0,24.0,6490.0,C,Vigente,2,18645.0,9322.5,170,1016344.0,997307.0,45722.258823,200.0,131320.0
13845,M,1973-02-16,25,OWNER,True,15,Cesky Krumlov,south Bohemia,58796,9045.0,3.0,1845.0,1,7284.0,52788.0,12.0,4399.0,A,Cerrado,3,7512.0,2504.0,484,656156.0,628789.0,22010.194214,1000.0,41469.0
13852,M,1972-01-26,26,OWNER,,5,Kolin,central Bohemia,95616,9307.0,4.0,2616.0,1,7286.0,67320.0,36.0,1870.0,C,Vigente,4,10558.0,2639.5,303,532556.0,512879.0,23287.653465,200.0,43949.0
13886,F,1954-04-12,44,OWNER,,44,Chrudim,east Bohemia,105606,8254.0,3.0,2166.0,0,,0.0,,0.0,Sin Prestamo,Sin Prestamo,0,0.0,,563,1492313.0,1388574.0,55132.898756,-1370.0,110998.0
13912,M,1975-11-20,23,OWNER,,50,Svitavy,east Bohemia,102609,8187.0,5.0,2123.0,1,7292.0,317460.0,60.0,5291.0,C,Vigente,3,11924.0,3974.666666,155,1129291.0,1038792.0,66468.587096,700.0,135890.0
13915,M,1974-11-23,24,OWNER,,77,Vsetin,north Moravia,148545,8909.0,4.0,3460.0,0,,0.0,,0.0,Sin Prestamo,Sin Prestamo,0,0.0,,364,1276945.0,1241674.0,32619.450549,-428.0,66264.0
13921,F,1970-12-20,28,OWNER,,62,Uherske Hradiste,south Moravia,145688,8544.0,1.0,2719.0,0,,0.0,,0.0,Sin Prestamo,Sin Prestamo,0,0.0,,149,489159.0,489251.0,37791.657718,-86.0,114709.0
13923,F,1979-02-22,19,OWNER,,7,Melnik,central Bohemia,94725,9920.0,2.0,4289.0,1,7294.0,39168.0,24.0,1632.0,C,Vigente,2,5325.0,2662.5,75,318616.0,241268.0,56689.613333,300.0,81496.0
13924,F,1952-09-09,46,OWNER,,54,Brno - mesto,south Moravia,387570,9897.0,2.0,18721.0,1,7295.0,280440.0,60.0,4674.0,C,Vigente,1,4674.0,4674.0,146,695204.0,631625.0,46942.369863,1000.0,136153.0
13931,M,1942-01-01,56,OWNER,,8,Mlada Boleslav,central Bohemia,112065,11277.0,1.0,5179.0,0,,0.0,,0.0,Sin Prestamo,Sin Prestamo,1,3287.0,3287.0,368,1677065.0,1618759.0,46304.339673,-1291.0,137043.0
13955,F,1945-10-30,53,OWNER,,1,Hl.m. Praha,Prague,1204953,12541.0,0.0,85677.0,1,7304.0,419880.0,60.0,6998.0,C,Vigente,2,17884.0,8942.0,304,1995681.0,1961697.0,48769.490131,200.0,113679.0
13956,M,1943-04-06,55,DISPONENT,,1,Hl.m. Praha,Prague,1204953,12541.0,0.0,85677.0,0,,0.0,,0.0,Sin Prestamo,Sin Prestamo,0,0.0,,0,0.0,0.0,,,
13968,M,1968-04-13,30,OWNER,True,61,Trebic,south Moravia,117897,8814.0,5.0,2112.0,1,7305.0,54024.0,12.0,4502.0,A,Cerrado,3,9274.0,3091.333333,378,1511642.0,1436455.0,36105.851851,1000.0,81706.0
13971,F,1962-10-19,36,OWNER,True,67,Bruntal,north Moravia,106054,8110.0,6.0,3244.0,1,7308.0,129408.0,24.0,5392.0,A,Cerrado,5,10687.0,2137.4,344,684273.0,645753.0,30470.110465,1000.0,56056.0
13998,F,1953-08-12,45,OWNER,,74,Ostrava - mesto,north Moravia,323870,10673.0,5.0,18782.0,0,,0.0,,0.0,Sin Prestamo,Sin Prestamo,0,0.0,,253,1352423.0,1270759.0,36379.731225,-1037.0,93550.0
