id_orden,id_cuenta,id_cliente,sexo_cliente,edad_cliente,fecha_apertura_cuenta,id_distrito,nombre_distrito,region,bank_to,account_to,k_symbol,categoria_orden,monto_orden
29401,1,1,F,28,1995-03-24,18,Pisek,south Bohemia,YZ,87144583,SIPO,Servicios del Hogar,2452.0
29402,2,2,M,53,1993-02-26,1,Hl.m. Praha,Prague,ST,89597016,UVER,Cuota de Prestamo,3373.0
29403,2,2,M,53,1993-02-26,1,Hl.m. Praha,Prague,QR,13943797,SIPO,Servicios del Hogar,7266.0
29404,3,4,M,42,1997-07-07,5,Kolin,central Bohemia,WX,83084338,SIPO,Servicios del Hogar,1135.0
29405,3,4,M,42,1997-07-07,5,Kolin,central Bohemia,CD,24485939,SIN_ESPECIFICAR,Sin Especificar,327.0
29406,3,4,M,42,1997-07-07,5,Kolin,central Bohemia,AB,59972357,POJISTNE,Pago de Seguros,3539.0
29407,4,6,M,79,1996-02-21,12,Pribram,central Bohemia,UV,26693541,SIPO,Servicios del Hogar,2078.0
29408,4,6,M,79,1996-02-21,12,Pribram,central Bohemia,UV,5848086,SIPO,Servicios del Hogar,1285.0
29409,5,7,M,69,1997-05-30,15,Cesky Krumlov,south Bohemia,GH,37390208,SIPO,Servicios del Hogar,2668.0
29410,6,8,F,60,1994-09-27,51,Trutnov,east Bohemia,AB,44486999,SIPO,Servicios del Hogar,3954.0
29411,7,9,M,63,1996-11-24,60,Prostejov,south Moravia,IJ,34452903,SIPO,Servicios del Hogar,4880.0
29412,8,10,M,55,1995-09-21,57,Hodonin,south Moravia,UV,12510681,SIPO,Servicios del Hogar,2612.0
29413,8,10,M,55,1995-09-21,57,Hodonin,south Moravia,IJ,93210345,SIN_ESPECIFICAR,Sin Especificar,6712.0
29414,10,13,F,24,1996-08-28,54,Brno - mesto,south Moravia,UV,18686104,SIPO,Servicios del Hogar,7033.0
29415,10,13,F,24,1996-08-28,54,Brno - mesto,south Moravia,QR,93182509,LEASING,Arrendamiento / Leasing,1344.0
29416,11,14,F,56,1995-10-10,76,Sumperk,north Moravia,ST,38470870,SIPO,Servicios del Hogar,2132.0
29417,12,15,F,80,1997-04-15,21,Tabor,south Bohemia,CD,23010808,SIPO,Servicios del Hogar,297.0
29418,12,15,F,80,1997-04-15,21,Tabor,south Bohemia,KL,63607060,SIPO,Servicios del Hogar,3295.0
29419,13,17,M,64,1997-08-17,76,Sumperk,north Moravia,EF,35443323,SIPO,Servicios del Hogar,2444.0
29420,14,19,M,56,1996-11-27,47,Pardubice,east Bohemia,WX,11793136,SIPO,Servicios del Hogar,3629.0
29421,15,20,M,19,1993-10-02,70,Karvina,north Moravia,KL,24265569,SIPO,Servicios del Hogar,3072.0
29422,17,22,F,29,1997-01-08,1,Hl.m. Praha,Prague,EF,15076423,SIPO,Servicios del Hogar,4032.0
29423,19,25,F,59,1995-04-07,21,Tabor,south Bohemia,QR,14132368,UVER,Cuota de Prestamo,2523.0
29425,20,26,F,29,1996-08-24,74,Ostrava - mesto,north Moravia,AB,3399968,SIPO,Servicios del Hogar,2003.0
29426,21,27,F,32,1997-12-06,54,Brno - mesto,south Moravia,YZ,60152441,SIPO,Servicios del Hogar,6276.0
29427,22,28,M,53,1994-03-23,1,Hl.m. Praha,Prague,ST,34691494,SIPO,Servicios del Hogar,6352.0
29428,23,29,F,47,1993-05-22,30,Sokolov,west Bohemia,MN,20774019,SIPO,Servicios del Hogar,5807.0
29429,24,30,F,41,1996-12-05,74,Ostrava - mesto,north Moravia,IJ,50810194,SIPO,Servicios del Hogar,221.0
29430,24,30,F,41,1996-12-05,74,Ostrava - mesto,north Moravia,QR,46086388,SIN_ESPECIFICAR,Sin Especificar,7641.0
29431,25,31,M,36,1996-07-28,68,Frydek - Mistek,north Moravia,YZ,1301700,UVER,Cuota de Prestamo,2523.0
29432,25,31,M,36,1996-07-28,68,Frydek - Mistek,north Moravia,IJ,4896235,SIPO,Servicios del Hogar,6817.0
29433,25,31,M,36,1996-07-28,68,Frydek - Mistek,north Moravia,AB,79838293,SIN_ESPECIFICAR,Sin Especificar,1110.0
29434,25,31,M,36,1996-07-28,68,Frydek - Mistek,north Moravia,WX,52864879,POJISTNE,Pago de Seguros,164.0
29435,26,32,M,18,1993-08-08,52,Usti nad Orlici,east Bohemia,EF,12891853,SIPO,Servicios del Hogar,10387.0
29436,27,33,F,50,1993-09-26,73,Opava,north Moravia,CD,28175699,SIPO,Servicios del Hogar,4054.0
29439,29,36,F,20,1994-11-24,7,Melnik,central Bohemia,ST,32924878,SIPO,Servicios del Hogar,6871.0
29440,29,36,F,20,1994-11-24,7,Melnik,central Bohemia,MN,93088209,SIN_ESPECIFICAR,Sin Especificar,829.0
29441,29,36,F,20,1994-11-24,7,Melnik,central Bohemia,UV,41335338,POJISTNE,Pago de Seguros,8.0
29442,30,38,F,25,1995-03-04,36,Liberec,north Bohemia,EF,66168540,LEASING,Arrendamiento / Leasing,2480.0
29443,31,39,M,30,1994-04-27,68,Frydek - Mistek,north Moravia,ST,42430687,SIPO,Servicios del Hogar,10202.0
29444,33,41,M,30,1993-08-26,22,Domazlice,west Bohemia,KL,33047658,SIPO,Servicios del Hogar,3892.0
29445,34,42,M,63,1993-09-17,67,Bruntal,north Moravia,WX,21845197,LEASING,Arrendamiento / Leasing,1479.0
29446,34,42,M,63,1993-09-17,67,Bruntal,north Moravia,GH,19993174,SIPO,Servicios del Hogar,502.0
29447,34,42,M,63,1993-09-17,67,Bruntal,north Moravia,IJ,58999049,SIN_ESPECIFICAR,Sin Especificar,6070.0
29448,35,43,M,78,1993-07-07,75,Prerov,north Moravia,MN,56788617,SIPO,Servicios del Hogar,1022.0
29449,35,43,M,78,1993-07-07,75,Prerov,north Moravia,MN,99848401,SIPO,Servicios del Hogar,1362.0
29450,36,44,F,21,1993-07-01,1,Hl.m. Praha,Prague,CD,80693810,SIPO,Servicios del Hogar,4069.0
29451,37,45,M,46,1997-08-18,20,Strakonice,south Bohemia,QR,71644407,UVER,Cuota de Prestamo,5308.0
29452,37,45,M,46,1997-08-18,20,Strakonice,south Bohemia,IJ,29728555,SIPO,Servicios del Hogar,2317.0
29453,37,45,M,46,1997-08-18,20,Strakonice,south Bohemia,OP,23782724,SIN_ESPECIFICAR,Sin Especificar,2584.0
29454,37,45,M,46,1997-08-18,20,Strakonice,south Bohemia,YZ,89609831,POJISTNE,Pago de Seguros,97.0
29455,38,46,F,58,1997-08-08,19,Prachatice,south Bohemia,QR,79067885,UVER,Cuota de Prestamo,2307.0
29456,38,46,F,58,1997-08-08,19,Prachatice,south Bohemia,EF,2692229,SIPO,Servicios del Hogar,6901.0
29457,38,46,F,58,1997-08-08,19,Prachatice,south Bohemia,KL,83435654,SIN_ESPECIFICAR,Sin Especificar,231.0
29458,38,46,F,58,1997-08-08,19,Prachatice,south Bohemia,OP,64685678,POJISTNE,Pago de Seguros,228.0
29459,39,47,M,64,1993-09-22,36,Liberec,north Bohemia,CD,77015351,SIPO,Servicios del Hogar,145.0
29460,39,47,M,64,1993-09-22,36,Liberec,north Bohemia,WX,949460,SIPO,Servicios del Hogar,2970.0
29461,40,48,M,58,1993-10-25,64,Zlin,south Moravia,ST,31161588,SIPO,Servicios del Hogar,33.0
29462,40,48,M,58,1993-10-25,64,Zlin,south Moravia,MN,96111678,SIN_ESPECIFICAR,Sin Especificar,4301.0
29463,42,50,F,20,1996-08-16,39,Most,north Bohemia,CD,1007766,SIPO,Servicios del Hogar,4239.0
29464,42,50,F,20,1996-08-16,39,Most,north Bohemia,KL,55873340,SIN_ESPECIFICAR,Sin Especificar,239.0
29465,42,50,F,20,1996-08-16,39,Most,north Bohemia,YZ,38318204,POJISTNE,Pago de Seguros,1592.0
29466,43,51,F,19,1994-06-12,36,Liberec,north Bohemia,CD,89718746,SIPO,Servicios del Hogar,6589.0
29467,44,52,M,74,1993-05-10,32,Ceska Lipa,north Bohemia,GH,11344862,SIPO,Servicios del Hogar,2344.0
29470,47,55,F,50,1993-08-08,45,Jicin,east Bohemia,KL,76620852,SIPO,Servicios del Hogar,6940.0
29471,47,55,F,50,1993-08-08,45,Jicin,east Bohemia,KL,37438374,SIN_ESPECIFICAR,Sin Especificar,174.0
29472,47,55,F,50,1993-08-08,45,Jicin,east Bohemia,EF,83359431,POJISTNE,Pago de Seguros,141.0
29473,47,55,F,50,1993-08-08,45,Jicin,east Bohemia,UV,30289006,SIN_ESPECIFICAR,Sin Especificar,9.0
29474,48,56,M,38,1996-11-17,21,Tabor,south Bohemia,AB,50218236,SIPO,Servicios del Hogar,6268.0
29475,48,56,M,38,1996-11-17,21,Tabor,south Bohemia,ST,2071685,SIN_ESPECIFICAR,Sin Especificar,1029.0
29476,49,58,F,71,1997-04-06,1,Hl.m. Praha,Prague,CD,83233099,SIPO,Servicios del Hogar,3102.0
29477,50,59,M,41,1994-05-06,1,Hl.m. Praha,Prague,WX,75148117,SIPO,Servicios del Hogar,269.0
29478,50,59,M,41,1994-05-06,1,Hl.m. Praha,Prague,UV,17270559,SIN_ESPECIFICAR,Sin Especificar,7024.0
29479,51,60,M,18,1996-05-11,67,Bruntal,north Moravia,KL,71050131,SIPO,Servicios del Hogar,2074.0
29480,51,60,M,18,1996-05-11,67,Bruntal,north Moravia,KL,74449389,SIN_ESPECIFICAR,Sin Especificar,2057.0
29481,52,61,F,50,1997-01-29,16,Jindrichuv Hradec,south Bohemia,EF,6008005,SIPO,Servicios del Hogar,560.0
29482,52,61,F,50,1997-01-29,16,Jindrichuv Hradec,south Bohemia,QR,85721850,SIN_ESPECIFICAR,Sin Especificar,3723.0
29483,53,62,M,66,1995-06-07,77,Vsetin,north Moravia,MN,81024360,SIPO,Servicios del Hogar,2851.0
29484,54,63,M,39,1995-05-02,4,Kladno,central Bohemia,IJ,90659772,SIPO,Servicios del Hogar,2280.0
29485,55,64,M,72,1996-02-19,20,Strakonice,south Bohemia,EF,53077900,SIPO,Servicios del Hogar,3086.0
29486,56,65,F,55,1994-05-16,50,Svitavy,east Bohemia,KL,73539948,SIPO,Servicios del Hogar,8080.0
29487,57,66,F,47,1995-05-21,1,Hl.m. Praha,Prague,YZ,55066728,SIPO,Servicios del Hogar,4107.0
29489,59,68,M,52,1994-03-27,43,Hradec Kralove,east Bohemia,IJ,38201576,SIPO,Servicios del Hogar,695.0
29490,59,68,M,52,1994-03-27,43,Hradec Kralove,east Bohemia,ST,65394794,SIN_ESPECIFICAR,Sin Especificar,6190.0
29493,61,70,M,73,1993-12-11,70,Karvina,north Moravia,EF,20533621,SIPO,Servicios del Hogar,1645.0
29494,61,70,M,73,1993-12-11,70,Karvina,north Moravia,IJ,20426410,SIPO,Servicios del Hogar,668.0
29495,62,72,M,75,1993-03-28,47,Pardubice,east Bohemia,EF,80010622,SIPO,Servicios del Hogar,2273.0
29496,63,73,M,74,1996-11-16,22,Domazlice,west Bohemia,CD,85474604,SIPO,Servicios del Hogar,2237.0
29497,63,73,M,74,1996-11-16,22,Domazlice,west Bohemia,EF,8346772,SIPO,Servicios del Hogar,157.0
29498,65,76,F,31,1996-10-29,36,Liberec,north Bohemia,YZ,74934333,SIPO,Servicios del Hogar,686.0
29499,65,76,F,31,1996-10-29,36,Liberec,north Bohemia,CD,20976132,SIN_ESPECIFICAR,Sin Especificar,3315.0
29500,65,76,F,31,1996-10-29,36,Liberec,north Bohemia,GH,7764506,POJISTNE,Pago de Seguros,3401.0
29501,66,77,F,42,1993-12-03,48,Rychnov nad Kneznou,east Bohemia,GH,17993182,LEASING,Arrendamiento / Leasing,4471.0
29502,67,78,F,54,1994-10-19,16,Jindrichuv Hradec,south Bohemia,YZ,45128363,UVER,Cuota de Prestamo,6915.0
29503,67,78,F,54,1994-10-19,16,Jindrichuv Hradec,south Bohemia,YZ,57342255,SIPO,Servicios del Hogar,6393.0
29504,67,78,F,54,1994-10-19,16,Jindrichuv Hradec,south Bohemia,UV,59079301,SIN_ESPECIFICAR,Sin Especificar,445.0
29505,68,79,F,29,1994-12-20,37,Litomerice,north Bohemia,WX,86834001,SIPO,Servicios del Hogar,1705.0
29506,68,79,F,29,1994-12-20,37,Litomerice,north Bohemia,IJ,8292192,SIN_ESPECIFICAR,Sin Especificar,1186.0
29507,68,79,F,29,1994-12-20,37,Litomerice,north Bohemia,ST,34692824,POJISTNE,Pago de Seguros,137.0
29508,68,79,F,29,1994-12-20,37,Litomerice,north Bohemia,MN,92248808,SIN_ESPECIFICAR,Sin Especificar,61.0
29509,70,81,M,22,1995-02-18,8,Mlada Boleslav,central Bohemia,KL,7699788,SIPO,Servicios del Hogar,4150.0
29510,71,83,F,20,1994-03-05,1,Hl.m. Praha,Prague,YZ,53903484,SIPO,Servicios del Hogar,968.0
29511,71,83,F,20,1994-03-05,1,Hl.m. Praha,Prague,IJ,11544728,SIN_ESPECIFICAR,Sin Especificar,1602.0
29512,71,83,F,20,1994-03-05,1,Hl.m. Praha,Prague,OP,9098768,POJISTNE,Pago de Seguros,1011.0
29513,71,83,F,20,1994-03-05,1,Hl.m. Praha,Prague,QR,34794885,SIN_ESPECIFICAR,Sin Especificar,778.0
29514,72,85,M,37,1996-06-20,1,Hl.m. Praha,Prague,OP,43079012,LEASING,Arrendamiento / Leasing,2923.0
29515,72,85,M,37,1996-06-20,1,Hl.m. Praha,Prague,EF,69338589,SIPO,Servicios del Hogar,7109.0
29516,72,85,M,37,1996-06-20,1,Hl.m. Praha,Prague,ST,8297068,SIN_ESPECIFICAR,Sin Especificar,2286.0
29517,73,87,F,52,1993-11-08,72,Olomouc,north Moravia,CD,67077487,SIPO,Servicios del Hogar,6061.0
29522,75,89,F,47,1995-08-13,1,Hl.m. Praha,Prague,IJ,74818038,SIPO,Servicios del Hogar,3369.0
29523,76,90,M,23,1996-05-16,52,Usti nad Orlici,east Bohemia,MN,98325132,SIPO,Servicios del Hogar,5208.0
29524,77,91,M,58,1996-11-19,63,Vyskov,south Moravia,ST,28454154,LEASING,Arrendamiento / Leasing,1709.0
29525,78,92,F,32,1993-07-07,74,Ostrava - mesto,north Moravia,WX,32111394,SIPO,Servicios del Hogar,9039.0
29526,79,93,M,73,1996-11-29,3,Beroun,central Bohemia,CD,15471804,SIPO,Servicios del Hogar,2788.0
29527,80,94,M,51,1995-09-27,43,Hradec Kralove,east Bohemia,IJ,85687774,SIPO,Servicios del Hogar,2252.0
29528,81,96,M,26,1996-07-18,74,Ostrava - mesto,north Moravia,QR,18026441,SIPO,Servicios del Hogar,1765.0
29529,81,96,M,26,1996-07-18,74,Ostrava - mesto,north Moravia,MN,28429049,SIN_ESPECIFICAR,Sin Especificar,62.0
29530,81,96,M,26,1996-07-18,74,Ostrava - mesto,north Moravia,GH,62443947,POJISTNE,Pago de Seguros,229.0
29531,83,98,F,25,1993-04-16,26,Plzen - mesto,west Bohemia,AB,26468819,SIPO,Servicios del Hogar,2210.0
29532,83,98,F,25,1993-04-16,26,Plzen - mesto,west Bohemia,EF,41590857,SIN_ESPECIFICAR,Sin Especificar,3940.0
29533,84,100,F,56,1995-12-25,44,Chrudim,east Bohemia,ST,33353132,LEASING,Arrendamiento / Leasing,1709.0
29534,84,100,F,56,1995-12-25,44,Chrudim,east Bohemia,ST,18454540,SIPO,Servicios del Hogar,12452.0
29535,85,101,M,55,1997-03-23,68,Frydek - Mistek,north Moravia,IJ,65366345,SIPO,Servicios del Hogar,3831.0
29536,85,101,M,55,1997-03-23,68,Frydek - Mistek,north Moravia,OP,81823444,LEASING,Arrendamiento / Leasing,1792.0
29537,86,102,F,40,1993-03-07,54,Brno - mesto,south Moravia,WX,36292475,SIPO,Servicios del Hogar,1002.0
29538,86,102,F,40,1993-03-07,54,Brno - mesto,south Moravia,MN,48764252,SIN_ESPECIFICAR,Sin Especificar,1160.0
29541,88,105,M,18,1996-07-03,31,Tachov,west Bohemia,ST,72993069,SIPO,Servicios del Hogar,2268.0
29542,90,107,M,26,1994-07-13,1,Hl.m. Praha,Prague,ST,68375611,SIPO,Servicios del Hogar,2774.0
29543,90,107,M,26,1994-07-13,1,Hl.m. Praha,Prague,UV,90134667,SIN_ESPECIFICAR,Sin Especificar,2375.0
29544,90,107,M,26,1994-07-13,1,Hl.m. Praha,Prague,MN,89044069,POJISTNE,Pago de Seguros,4372.0
29545,90,107,M,26,1994-07-13,1,Hl.m. Praha,Prague,YZ,2028567,SIN_ESPECIFICAR,Sin Especificar,361.0
29554,96,114,F,29,1993-02-18,68,Frydek - Mistek,north Moravia,CD,62272125,LEASING,Arrendamiento / Leasing,4422.0
29555,96,114,F,29,1993-02-18,68,Frydek - Mistek,north Moravia,QR,83610647,SIPO,Servicios del Hogar,908.0
29556,96,114,F,29,1993-02-18,68,Frydek - Mistek,north Moravia,WX,41707503,SIN_ESPECIFICAR,Sin Especificar,2140.0
29557,96,114,F,29,1993-02-18,68,Frydek - Mistek,north Moravia,EF,49409562,POJISTNE,Pago de Seguros,46.0
29558,96,114,F,29,1993-02-18,68,Frydek - Mistek,north Moravia,EF,66311460,SIN_ESPECIFICAR,Sin Especificar,644.0
29559,97,116,M,56,1996-05-05,74,Ostrava - mesto,north Moravia,ST,69820374,SIPO,Servicios del Hogar,1436.0
29560,97,116,M,56,1996-05-05,74,Ostrava - mesto,north Moravia,CD,33796209,SIN_ESPECIFICAR,Sin Especificar,2411.0
29561,97,116,M,56,1996-05-05,74,Ostrava - mesto,north Moravia,ST,83123987,POJISTNE,Pago de Seguros,3.0
29562,97,116,M,56,1996-05-05,74,Ostrava - mesto,north Moravia,CD,94469666,SIN_ESPECIFICAR,Sin Especificar,15.0
29563,97,116,M,56,1996-05-05,74,Ostrava - mesto,north Moravia,MN,9693319,UVER,Cuota de Prestamo,8573.0
29564,98,118,M,76,1997-05-02,55,Brno - venkov,south Moravia,CD,94078754,SIPO,Servicios del Hogar,1569.0
29565,98,118,M,76,1997-05-02,55,Brno - venkov,south Moravia,WX,95535426,SIPO,Servicios del Hogar,749.0
29566,99,120,M,22,1995-06-27,1,Hl.m. Praha,Prague,CD,38411343,SIPO,Servicios del Hogar,4503.0
29567,99,120,M,22,1995-06-27,1,Hl.m. Praha,Prague,EF,26847303,SIN_ESPECIFICAR,Sin Especificar,4682.0
29568,100,121,F,20,1993-12-28,41,Usti nad Labem,north Bohemia,UV,6381905,SIPO,Servicios del Hogar,598.0
29569,100,121,F,20,1993-12-28,41,Usti nad Labem,north Bohemia,GH,16341108,SIN_ESPECIFICAR,Sin Especificar,7329.0
29570,101,122,F,35,1996-04-16,35,Jablonec n. Nisou,north Bohemia,KL,10926431,SIPO,Servicios del Hogar,8037.0
29571,101,122,F,35,1996-04-16,35,Jablonec n. Nisou,north Bohemia,GH,26152324,SIN_ESPECIFICAR,Sin Especificar,855.0
29572,102,123,M,29,1993-10-16,11,Praha - zapad,central Bohemia,EF,24946403,UVER,Cuota de Prestamo,7370.0
29573,102,123,M,29,1993-10-16,11,Praha - zapad,central Bohemia,KL,63927906,SIPO,Servicios del Hogar,3373.0
29574,102,123,M,29,1993-10-16,11,Praha - zapad,central Bohemia,UV,97521966,SIN_ESPECIFICAR,Sin Especificar,377.0
29575,103,124,M,31,1996-03-10,44,Chrudim,east Bohemia,MN,2646291,UVER,Cuota de Prestamo,7370.0
29576,104,125,M,62,1993-04-15,37,Litomerice,north Bohemia,MN,82782172,SIPO,Servicios del Hogar,578.0
29577,104,125,M,62,1993-04-15,37,Litomerice,north Bohemia,ST,8965999,SIN_ESPECIFICAR,Sin Especificar,1464.0
29578,105,127,F,48,1997-07-10,21,Tabor,south Bohemia,UV,58251345,UVER,Cuota de Prestamo,7348.0
29579,106,128,F,25,1994-11-27,63,Vyskov,south Moravia,WX,46916538,SIPO,Servicios del Hogar,3735.0
29580,107,129,F,51,1993-11-05,64,Zlin,south Moravia,IJ,67744958,SIPO,Servicios del Hogar,2015.0
29581,107,129,F,51,1993-11-05,64,Zlin,south Moravia,IJ,9999049,SIN_ESPECIFICAR,Sin Especificar,1580.0
29582,107,129,F,51,1993-11-05,64,Zlin,south Moravia,QR,80934089,POJISTNE,Pago de Seguros,959.0
29583,108,130,M,56,1995-03-10,53,Blansko,south Moravia,CD,62673318,SIPO,Servicios del Hogar,4803.0
29584,110,132,M,45,1996-07-17,36,Liberec,north Bohemia,OP,24390584,SIPO,Servicios del Hogar,3050.0
29585,110,132,M,45,1996-07-17,36,Liberec,north Bohemia,YZ,18149984,SIN_ESPECIFICAR,Sin Especificar,98.0
29586,110,132,M,45,1996-07-17,36,Liberec,north Bohemia,ST,14772266,UVER,Cuota de Prestamo,4516.0
29589,112,134,M,66,1993-03-12,6,Kutna Hora,central Bohemia,AB,41812431,SIPO,Servicios del Hogar,2051.0
29590,113,136,F,77,1996-07-22,55,Brno - venkov,south Moravia,GH,11191487,SIPO,Servicios del Hogar,3146.0
29591,114,137,M,75,1997-03-14,60,Prostejov,south Moravia,QR,78667527,SIPO,Servicios del Hogar,1590.0
29592,114,137,M,75,1997-03-14,60,Prostejov,south Moravia,MN,90660798,SIPO,Servicios del Hogar,533.0
29593,115,138,F,26,1993-03-19,68,Frydek - Mistek,north Moravia,EF,51975733,SIPO,Servicios del Hogar,5110.0
29594,116,139,F,39,1996-03-21,8,Mlada Boleslav,central Bohemia,KL,99229424,SIPO,Servicios del Hogar,5529.0
29595,116,139,F,39,1996-03-21,8,Mlada Boleslav,central Bohemia,ST,16828024,LEASING,Arrendamiento / Leasing,927.0
29596,117,141,M,73,1993-09-05,31,Tachov,west Bohemia,CD,59419953,SIPO,Servicios del Hogar,2329.0
29597,118,142,M,61,1997-09-18,68,Frydek - Mistek,north Moravia,IJ,51605445,SIPO,Servicios del Hogar,2449.0
29598,119,143,M,20,1993-05-25,27,Plzen - jih,west Bohemia,ST,21662587,SIPO,Servicios del Hogar,8252.0
29599,120,144,M,40,1995-06-16,65,Znojmo,south Moravia,YZ,74934506,LEASING,Arrendamiento / Leasing,1899.0
29600,120,144,M,40,1995-06-16,65,Znojmo,south Moravia,ST,36501592,SIPO,Servicios del Hogar,3965.0
29601,121,145,M,20,1997-10-11,55,Brno - venkov,south Moravia,YZ,81156724,SIPO,Servicios del Hogar,794.0
29602,121,145,M,20,1997-10-11,55,Brno - venkov,south Moravia,UV,93935125,SIN_ESPECIFICAR,Sin Especificar,929.0
29603,121,145,M,20,1997-10-11,55,Brno - venkov,south Moravia,MN,91729092,POJISTNE,Pago de Seguros,393.0
29604,123,147,F,65,1993-03-13,21,Tabor,south Bohemia,KL,97764080,SIPO,Servicios del Hogar,3016.0
29605,124,149,M,50,1997-12-28,55,Brno - venkov,south Moravia,IJ,11366123,SIPO,Servicios del Hogar,447.0
29606,124,149,M,50,1997-12-28,55,Brno - venkov,south Moravia,OP,51247948,SIN_ESPECIFICAR,Sin Especificar,575.0
29607,124,149,M,50,1997-12-28,55,Brno - venkov,south Moravia,OP,34663748,POJISTNE,Pago de Seguros,971.0
29608,125,150,F,18,1996-09-07,2,Benesov,central Bohemia,IJ,14166999,LEASING,Arrendamiento / Leasing,4422.0
29609,126,151,F,27,1993-10-23,5,Kolin,central Bohemia,WX,62923598,SIPO,Servicios del Hogar,7384.0
29610,127,152,F,53,1994-02-02,29,Rokycany,west Bohemia,YZ,11707830,SIPO,Servicios del Hogar,2242.0
29611,129,154,M,65,1997-10-01,74,Ostrava - mesto,north Moravia,IJ,69084489,SIPO,Servicios del Hogar,3417.0
29612,130,156,F,68,1997-02-12,54,Brno - mesto,south Moravia,IJ,2152455,SIPO,Servicios del Hogar,3969.0
29613,131,157,F,55,1995-06-13,52,Usti nad Orlici,east Bohemia,UV,29374742,SIPO,Servicios del Hogar,6904.0
29614,132,158,F,53,1996-05-11,40,Teplice,north Bohemia,WX,80542558,UVER,Cuota de Prestamo,7370.0
29615,133,160,F,56,1997-10-11,64,Zlin,south Moravia,OP,90329002,LEASING,Arrendamiento / Leasing,3094.0
29616,133,160,F,56,1997-10-11,64,Zlin,south Moravia,EF,45379865,SIPO,Servicios del Hogar,4943.0
29617,133,160,F,56,1997-10-11,64,Zlin,south Moravia,CD,30067122,SIN_ESPECIFICAR,Sin Especificar,5123.0
29618,136,163,M,65,1996-05-14,74,Ostrava - mesto,north Moravia,MN,78733890,SIPO,Servicios del Hogar,2932.0
29619,137,164,F,36,1996-07-19,70,Karvina,north Moravia,GH,71138578,SIPO,Servicios del Hogar,3464.0
29620,137,164,F,36,1996-07-19,70,Karvina,north Moravia,UV,34738314,SIN_ESPECIFICAR,Sin Especificar,787.0
29621,141,169,M,45,1996-03-06,38,Louny,north Bohemia,KL,30588215,LEASING,Arrendamiento / Leasing,3017.0
29622,141,169,M,45,1996-03-06,38,Louny,north Bohemia,KL,65986662,SIPO,Servicios del Hogar,3462.0
29623,141,169,M,45,1996-03-06,38,Louny,north Bohemia,WX,71174192,SIN_ESPECIFICAR,Sin Especificar,1791.0
29624,141,169,M,45,1996-03-06,38,Louny,north Bohemia,GH,86448645,POJISTNE,Pago de Seguros,6716.0
29625,142,171,M,69,1993-02-15,51,Trutnov,east Bohemia,YZ,23734498,SIPO,Servicios del Hogar,1845.0
29626,143,173,F,80,1996-11-27,21,Tabor,south Bohemia,YZ,81564402,SIPO,Servicios del Hogar,2272.0
29627,145,175,M,38,1996-01-03,31,Tachov,west Bohemia,GH,81546359,SIPO,Servicios del Hogar,4815.0
29628,146,176,M,69,1993-09-02,4,Kladno,central Bohemia,AB,76565843,SIPO,Servicios del Hogar,3823.0
29631,148,178,M,38,1993-06-21,8,Mlada Boleslav,central Bohemia,KL,29826498,SIPO,Servicios del Hogar,487.0
29632,148,178,M,38,1993-06-21,8,Mlada Boleslav,central Bohemia,GH,99004148,SIN_ESPECIFICAR,Sin Especificar,89.0
29633,148,178,M,38,1993-06-21,8,Mlada Boleslav,central Bohemia,QR,85938459,POJISTNE,Pago de Seguros,1736.0
29634,151,181,M,31,1993-09-06,76,Sumperk,north Moravia,QR,2754378,SIPO,Servicios del Hogar,411.0
29635,151,181,M,31,1993-09-06,76,Sumperk,north Moravia,KL,77260404,SIN_ESPECIFICAR,Sin Especificar,2668.0
29636,152,183,F,20,1996-04-12,1,Hl.m. Praha,Prague,OP,21928644,SIPO,Servicios del Hogar,426.0
29637,152,183,F,20,1996-04-12,1,Hl.m. Praha,Prague,OP,16610890,SIN_ESPECIFICAR,Sin Especificar,2993.0
29638,153,185,M,44,1993-09-19,77,Vsetin,north Moravia,UV,6886673,SIPO,Servicios del Hogar,4544.0
29639,154,186,F,37,1994-06-21,46,Nachod,east Bohemia,MN,1314569,SIPO,Servicios del Hogar,3891.0
29640,155,187,M,56,1995-11-07,58,Jihlava,south Moravia,KL,13971645,SIPO,Servicios del Hogar,2988.0
29641,156,188,M,38,1997-10-22,64,Zlin,south Moravia,QR,93965810,SIPO,Servicios del Hogar,2030.0
29642,157,189,M,79,1997-03-28,11,Praha - zapad,central Bohemia,AB,14697784,SIPO,Servicios del Hogar,3991.0
29643,158,190,F,51,1995-03-15,37,Litomerice,north Bohemia,ST,61129736,SIPO,Servicios del Hogar,3420.0
29644,159,192,M,27,1997-02-11,70,Karvina,north Moravia,GH,1882386,SIPO,Servicios del Hogar,8694.0
29645,160,193,M,36,1993-09-04,23,Cheb,west Bohemia,QR,52787989,SIPO,Servicios del Hogar,2374.0
29646,160,193,M,36,1993-09-04,23,Cheb,west Bohemia,ST,8854127,SIN_ESPECIFICAR,Sin Especificar,5552.0
29647,161,194,F,74,1994-07-04,28,Plzen - sever,west Bohemia,GH,17877823,SIPO,Servicios del Hogar,1389.0
29648,161,194,F,74,1994-07-04,28,Plzen - sever,west Bohemia,WX,62378322,SIPO,Servicios del Hogar,892.0
29649,162,195,M,79,1993-08-25,60,Prostejov,south Moravia,GH,1325488,SIPO,Servicios del Hogar,3458.0
29650,163,197,M,65,1993-01-27,30,Sokolov,west Bohemia,UV,86180990,SIPO,Servicios del Hogar,3116.0
29651,163,197,M,65,1993-01-27,30,Sokolov,west Bohemia,IJ,8512616,SIPO,Servicios del Hogar,612.0
29652,165,199,M,75,1993-06-01,25,Klatovy,west Bohemia,OP,71082353,SIPO,Servicios del Hogar,1788.0
29653,166,201,F,68,1996-08-20,17,Pelhrimov,south Bohemia,QR,26919090,SIPO,Servicios del Hogar,3044.0
29654,168,203,M,36,1993-04-27,31,Tachov,west Bohemia,WX,47454333,SIPO,Servicios del Hogar,2013.0
29655,169,205,F,56,1995-09-28,4,Kladno,central Bohemia,IJ,71273207,SIPO,Servicios del Hogar,4975.0
29656,169,205,F,56,1995-09-28,4,Kladno,central Bohemia,KL,15956706,LEASING,Arrendamiento / Leasing,696.0
29657,171,207,M,66,1996-06-08,46,Nachod,east Bohemia,UV,5356938,SIPO,Servicios del Hogar,3486.0
29658,172,208,F,58,1993-08-30,13,Rakovnik,central Bohemia,OP,11598539,SIPO,Servicios del Hogar,4221.0
29659,173,210,M,59,1993-11-26,66,Zdar nad Sazavou,south Moravia,KL,95605074,SIPO,Servicios del Hogar,6256.0
29660,173,210,M,59,1993-11-26,66,Zdar nad Sazavou,south Moravia,KL,26238835,SIN_ESPECIFICAR,Sin Especificar,1428.0
29661,173,210,M,59,1993-11-26,66,Zdar nad Sazavou,south Moravia,CD,85405385,POJISTNE,Pago de Seguros,735.0
29662,173,210,M,59,1993-11-26,66,Zdar nad Sazavou,south Moravia,CD,50065535,SIN_ESPECIFICAR,Sin Especificar,189.0
29663,173,210,M,59,1993-11-26,66,Zdar nad Sazavou,south Moravia,UV,38819456,UVER,Cuota de Prestamo,8734.0
29664,174,212,M,23,1996-09-04,52,Usti nad Orlici,east Bohemia,QR,73784321,SIPO,Servicios del Hogar,2139.0
29667,176,215,M,31,1996-08-12,71,Novy Jicin,north Moravia,GH,53236597,UVER,Cuota de Prestamo,2288.0
29668,176,215,M,31,1996-08-12,71,Novy Jicin,north Moravia,AB,55640232,SIPO,Servicios del Hogar,4564.0
29669,176,215,M,31,1996-08-12,71,Novy Jicin,north Moravia,OP,90734010,SIN_ESPECIFICAR,Sin Especificar,36.0
29670,176,215,M,31,1996-08-12,71,Novy Jicin,north Moravia,QR,11736327,POJISTNE,Pago de Seguros,97.0
29671,178,217,F,24,1997-09-06,59,Kromeriz,south Moravia,OP,16301811,SIPO,Servicios del Hogar,1482.0
29672,178,217,F,24,1997-09-06,59,Kromeriz,south Moravia,ST,1946038,SIN_ESPECIFICAR,Sin Especificar,505.0
29673,179,218,F,18,1997-09-22,1,Hl.m. Praha,Prague,UV,16450244,SIPO,Servicios del Hogar,7615.0
29674,179,218,F,18,1997-09-22,1,Hl.m. Praha,Prague,IJ,47684144,SIN_ESPECIFICAR,Sin Especificar,1066.0
29675,179,218,F,18,1997-09-22,1,Hl.m. Praha,Prague,AB,11941713,POJISTNE,Pago de Seguros,378.0
29676,179,218,F,18,1997-09-22,1,Hl.m. Praha,Prague,OP,39081686,SIN_ESPECIFICAR,Sin Especificar,4608.0
29677,181,221,F,21,1996-06-11,21,Tabor,south Bohemia,KL,66975450,SIPO,Servicios del Hogar,6780.0
29678,183,223,F,46,1993-12-12,43,Hradec Kralove,east Bohemia,AB,5552345,SIPO,Servicios del Hogar,5202.0
29679,183,223,F,46,1993-12-12,43,Hradec Kralove,east Bohemia,GH,85986530,SIN_ESPECIFICAR,Sin Especificar,752.0
29680,184,224,M,43,1996-02-21,77,Vsetin,north Moravia,IJ,65986150,LEASING,Arrendamiento / Leasing,1623.0
29681,185,225,M,62,1997-07-04,32,Ceska Lipa,north Bohemia,IJ,14592427,SIPO,Servicios del Hogar,6526.0
29682,186,226,M,56,1993-07-29,1,Hl.m. Praha,Prague,GH,83964973,SIPO,Servicios del Hogar,6862.0
29683,187,227,F,72,1993-03-28,5,Kolin,central Bohemia,UV,39898049,SIPO,Servicios del Hogar,2798.0
29684,188,228,F,42,1993-04-20,54,Brno - mesto,south Moravia,AB,26629168,SIPO,Servicios del Hogar,7426.0
29685,189,229,M,29,1997-04-16,76,Sumperk,north Moravia,GH,54808670,SIPO,Servicios del Hogar,4244.0
29686,189,229,M,29,1997-04-16,76,Sumperk,north Moravia,OP,28932172,SIN_ESPECIFICAR,Sin Especificar,750.0
29687,189,229,M,29,1997-04-16,76,Sumperk,north Moravia,MN,76972424,POJISTNE,Pago de Seguros,360.0
29688,190,230,F,31,1995-03-02,74,Ostrava - mesto,north Moravia,YZ,24279922,SIPO,Servicios del Hogar,4519.0
29689,190,230,F,31,1995-03-02,74,Ostrava - mesto,north Moravia,WX,3125066,SIN_ESPECIFICAR,Sin Especificar,3233.0
29690,190,230,F,31,1995-03-02,74,Ostrava - mesto,north Moravia,WX,5304331,POJISTNE,Pago de Seguros,42.0
29691,190,230,F,31,1995-03-02,74,Ostrava - mesto,north Moravia,YZ,50605297,SIN_ESPECIFICAR,Sin Especificar,1316.0
29692,191,231,M,57,1997-03-17,41,Usti nad Labem,north Bohemia,YZ,89219265,LEASING,Arrendamiento / Leasing,4421.0
29693,192,232,F,77,1993-01-08,55,Brno - venkov,south Moravia,IJ,70552640,SIPO,Servicios del Hogar,3583.0
29694,193,233,F,40,1996-12-22,69,Jesenik,north Moravia,QR,21547550,SIPO,Servicios del Hogar,7110.0
29695,194,235,F,55,1996-08-01,44,Chrudim,east Bohemia,CD,39405787,SIPO,Servicios del Hogar,2648.0
29696,195,236,M,37,1997-02-27,70,Karvina,north Moravia,AB,37868559,SIPO,Servicios del Hogar,6260.0
29697,196,238,F,37,1993-11-14,4,Kladno,central Bohemia,MN,84787642,SIPO,Servicios del Hogar,1270.0
29698,196,238,F,37,1993-11-14,4,Kladno,central Bohemia,AB,90261184,SIN_ESPECIFICAR,Sin Especificar,4417.0
29699,196,238,F,37,1993-11-14,4,Kladno,central Bohemia,KL,30200135,POJISTNE,Pago de Seguros,2554.0
29700,196,238,F,37,1993-11-14,4,Kladno,central Bohemia,IJ,21173686,SIN_ESPECIFICAR,Sin Especificar,385.0
29701,197,239,F,24,1993-02-25,1,Hl.m. Praha,Prague,EF,67286312,SIPO,Servicios del Hogar,9454.0
29702,198,240,F,69,1993-10-25,70,Karvina,north Moravia,MN,67775189,SIPO,Servicios del Hogar,700.0
29703,198,240,F,69,1993-10-25,70,Karvina,north Moravia,QR,64557379,SIPO,Servicios del Hogar,2166.0
29704,199,241,M,39,1996-10-26,70,Karvina,north Moravia,CD,15875643,SIPO,Servicios del Hogar,1984.0
29705,201,243,M,44,1994-11-02,63,Vyskov,south Moravia,OP,34061867,SIPO,Servicios del Hogar,9584.0
29711,204,246,F,28,1996-01-13,67,Bruntal,north Moravia,UV,59721839,SIPO,Servicios del Hogar,1950.0
29712,205,247,M,41,1997-10-08,1,Hl.m. Praha,Prague,AB,99149345,SIPO,Servicios del Hogar,4297.0
29713,206,248,F,29,1995-04-08,61,Trebic,south Moravia,KL,75771987,SIPO,Servicios del Hogar,2902.0
29714,207,250,F,19,1993-07-25,2,Benesov,central Bohemia,KL,71656483,SIPO,Servicios del Hogar,403.0
29715,207,250,F,19,1993-07-25,2,Benesov,central Bohemia,GH,4786676,SIN_ESPECIFICAR,Sin Especificar,10.0
29716,207,250,F,19,1993-07-25,2,Benesov,central Bohemia,AB,83722591,POJISTNE,Pago de Seguros,2726.0
29717,208,251,F,22,1996-03-27,54,Brno - mesto,south Moravia,AB,9118587,SIPO,Servicios del Hogar,4148.0
29718,208,251,F,22,1996-03-27,54,Brno - mesto,south Moravia,CD,77937751,SIN_ESPECIFICAR,Sin Especificar,1767.0
29719,208,251,F,22,1996-03-27,54,Brno - mesto,south Moravia,UV,98481541,POJISTNE,Pago de Seguros,986.0
29720,208,251,F,22,1996-03-27,54,Brno - mesto,south Moravia,OP,28241002,SIN_ESPECIFICAR,Sin Especificar,545.0
29721,209,252,F,29,1996-11-24,37,Litomerice,north Bohemia,QR,17469549,SIPO,Servicios del Hogar,483.0
29722,209,252,F,29,1996-11-24,37,Litomerice,north Bohemia,EF,52778792,SIN_ESPECIFICAR,Sin Especificar,41.0
29723,209,252,F,29,1996-11-24,37,Litomerice,north Bohemia,KL,1601225,POJISTNE,Pago de Seguros,1796.0
29724,210,253,F,51,1996-03-17,48,Rychnov nad Kneznou,east Bohemia,IJ,24753552,SIPO,Servicios del Hogar,7534.0
29725,211,254,M,35,1997-07-19,28,Plzen - sever,west Bohemia,IJ,2884138,LEASING,Arrendamiento / Leasing,2394.0
29726,212,255,F,47,1993-01-20,27,Plzen - jih,west Bohemia,EF,58462047,SIPO,Servicios del Hogar,13841.0
29727,213,256,F,35,1995-08-29,73,Opava,north Moravia,EF,4553950,SIPO,Servicios del Hogar,5625.0
29728,214,257,F,56,1997-03-09,22,Domazlice,west Bohemia,EF,26426023,SIPO,Servicios del Hogar,2097.0
29729,215,259,M,32,1997-11-25,31,Tachov,west Bohemia,MN,65896379,SIPO,Servicios del Hogar,2121.0
29730,216,261,F,61,1994-05-16,38,Louny,north Bohemia,KL,85333066,SIPO,Servicios del Hogar,1486.0
29731,216,261,F,61,1994-05-16,38,Louny,north Bohemia,GH,38205874,SIPO,Servicios del Hogar,1513.0
29732,217,262,M,53,1995-01-20,77,Vsetin,north Moravia,CD,23454666,SIPO,Servicios del Hogar,3459.0
29733,217,262,M,53,1995-01-20,77,Vsetin,north Moravia,YZ,55710929,LEASING,Arrendamiento / Leasing,653.0
29734,218,263,M,36,1996-02-06,68,Frydek - Mistek,north Moravia,IJ,10956299,LEASING,Arrendamiento / Leasing,3182.0
29735,219,264,M,20,1995-09-06,28,Plzen - sever,west Bohemia,GH,77167427,SIPO,Servicios del Hogar,2336.0
29736,219,264,M,20,1995-09-06,28,Plzen - sever,west Bohemia,OP,33257001,SIN_ESPECIFICAR,Sin Especificar,2988.0
29737,220,265,F,65,1993-04-09,72,Olomouc,north Moravia,QR,26923066,SIPO,Servicios del Hogar,3095.0
29738,221,266,F,31,1996-10-30,19,Prachatice,south Bohemia,CD,98228793,SIPO,Servicios del Hogar,7896.0
29739,222,267,M,31,1993-03-15,37,Litomerice,north Bohemia,WX,52384513,LEASING,Arrendamiento / Leasing,3441.0
29740,224,269,F,75,1996-10-27,15,Cesky Krumlov,south Bohemia,EF,63218277,SIPO,Servicios del Hogar,3503.0
29741,225,270,M,51,1993-07-28,1,Hl.m. Praha,Prague,MN,74407583,SIPO,Servicios del Hogar,3383.0
29742,225,270,M,51,1993-07-28,1,Hl.m. Praha,Prague,KL,93545496,SIN_ESPECIFICAR,Sin Especificar,2.0
29743,226,272,F,54,1997-02-23,70,Karvina,north Moravia,UV,29971635,SIPO,Servicios del Hogar,8928.0
29744,226,272,F,54,1997-02-23,70,Karvina,north Moravia,GH,39824432,UVER,Cuota de Prestamo,9112.0
29745,227,273,F,26,1995-03-28,27,Plzen - jih,west Bohemia,GH,28972292,SIPO,Servicios del Hogar,9381.0
29746,228,274,F,28,1993-09-28,5,Kolin,central Bohemia,QR,78199761,SIPO,Servicios del Hogar,1946.0
29747,228,274,F,28,1993-09-28,5,Kolin,central Bohemia,EF,26569271,SIN_ESPECIFICAR,Sin Especificar,2158.0
29748,229,275,F,80,1997-06-07,1,Hl.m. Praha,Prague,ST,55160808,SIPO,Servicios del Hogar,2505.0
29749,230,276,M,41,1996-02-26,1,Hl.m. Praha,Prague,ST,66906124,SIPO,Servicios del Hogar,5615.0
29750,230,276,M,41,1996-02-26,1,Hl.m. Praha,Prague,AB,95935326,SIN_ESPECIFICAR,Sin Especificar,1527.0
29751,230,276,M,41,1996-02-26,1,Hl.m. Praha,Prague,KL,3922403,POJISTNE,Pago de Seguros,1058.0
29752,231,278,F,26,1995-04-03,22,Domazlice,west Bohemia,WX,51732343,SIPO,Servicios del Hogar,2073.0
29753,232,280,F,29,1997-11-29,45,Jicin,east Bohemia,KL,62672704,SIPO,Servicios del Hogar,3643.0
29755,234,282,F,60,1993-07-15,73,Opava,north Moravia,MN,20655334,SIPO,Servicios del Hogar,2809.0
29756,235,284,M,24,1993-10-06,41,Usti nad Labem,north Bohemia,MN,79934978,SIPO,Servicios del Hogar,895.0
29757,235,284,M,24,1993-10-06,41,Usti nad Labem,north Bohemia,KL,52539473,SIN_ESPECIFICAR,Sin Especificar,1321.0
29758,237,287,M,18,1994-03-25,50,Svitavy,east Bohemia,AB,13233763,SIPO,Servicios del Hogar,152.0
29759,237,287,M,18,1994-03-25,50,Svitavy,east Bohemia,AB,58324587,SIN_ESPECIFICAR,Sin Especificar,1788.0
29760,238,288,M,36,1993-08-15,6,Kutna Hora,central Bohemia,IJ,39059901,SIPO,Servicios del Hogar,2234.0
29761,239,289,M,40,1993-03-01,69,Jesenik,north Moravia,CD,96977406,SIPO,Servicios del Hogar,1042.0
29762,239,289,M,40,1993-03-01,69,Jesenik,north Moravia,MN,30218410,SIN_ESPECIFICAR,Sin Especificar,5995.0
29763,239,289,M,40,1993-03-01,69,Jesenik,north Moravia,IJ,47741246,POJISTNE,Pago de Seguros,152.0
29764,240,290,M,39,1997-04-28,72,Olomouc,north Moravia,WX,50178039,SIPO,Servicios del Hogar,9621.0
29765,240,290,M,39,1997-04-28,72,Olomouc,north Moravia,OP,22710114,LEASING,Arrendamiento / Leasing,1050.0
29766,241,292,F,40,1996-09-29,15,Cesky Krumlov,south Bohemia,QR,28285497,SIPO,Servicios del Hogar,1344.0
29767,241,292,F,40,1996-09-29,15,Cesky Krumlov,south Bohemia,MN,27381342,SIN_ESPECIFICAR,Sin Especificar,632.0
29768,241,292,F,40,1996-09-29,15,Cesky Krumlov,south Bohemia,EF,14364838,POJISTNE,Pago de Seguros,610.0
29769,242,293,M,55,1996-08-29,69,Jesenik,north Moravia,WX,23104387,SIPO,Servicios del Hogar,1062.0
29770,242,293,M,55,1996-08-29,69,Jesenik,north Moravia,WX,62032568,SIN_ESPECIFICAR,Sin Especificar,2977.0
29771,243,294,M,30,1993-11-06,55,Brno - venkov,south Moravia,KL,55282419,LEASING,Arrendamiento / Leasing,1041.0
29772,243,294,M,30,1993-11-06,55,Brno - venkov,south Moravia,GH,73269855,SIPO,Servicios del Hogar,3067.0
29773,244,295,M,59,1993-02-08,24,Karlovy Vary,west Bohemia,MN,74832015,SIPO,Servicios del Hogar,2190.0
29774,244,295,M,59,1993-02-08,24,Karlovy Vary,west Bohemia,OP,78948193,SIN_ESPECIFICAR,Sin Especificar,226.0
29775,244,295,M,59,1993-02-08,24,Karlovy Vary,west Bohemia,GH,7008588,POJISTNE,Pago de Seguros,232.0
29776,246,297,F,74,1997-12-20,65,Znojmo,south Moravia,YZ,8283996,SIPO,Servicios del Hogar,1970.0
29780,248,300,F,41,1995-04-02,1,Hl.m. Praha,Prague,AB,15760773,LEASING,Arrendamiento / Leasing,2485.0
29781,249,301,M,56,1996-12-03,28,Plzen - sever,west Bohemia,OP,26255619,SIPO,Servicios del Hogar,5618.0
29782,249,301,M,56,1996-12-03,28,Plzen - sever,west Bohemia,GH,99770348,SIN_ESPECIFICAR,Sin Especificar,1876.0
29783,250,302,M,27,1997-05-10,56,Breclav,south Moravia,WX,24246722,SIPO,Servicios del Hogar,3066.0
29784,251,303,M,52,1996-04-06,74,Ostrava - mesto,north Moravia,AB,92959981,SIPO,Servicios del Hogar,3059.0
29785,252,304,F,64,1996-12-26,19,Prachatice,south Bohemia,CD,91842740,SIPO,Servicios del Hogar,1767.0
29788,255,308,F,22,1996-11-03,68,Frydek - Mistek,north Moravia,WX,88934081,SIPO,Servicios del Hogar,5323.0
29789,257,310,M,48,1995-11-05,11,Praha - zapad,central Bohemia,ST,61510014,LEASING,Arrendamiento / Leasing,3817.0
29790,257,310,M,48,1995-11-05,11,Praha - zapad,central Bohemia,GH,22533124,SIPO,Servicios del Hogar,14166.0
29791,258,311,F,68,1997-07-09,64,Zlin,south Moravia,KL,37360865,SIPO,Servicios del Hogar,3737.0
29792,259,312,M,74,1993-10-28,2,Benesov,central Bohemia,MN,86616670,SIPO,Servicios del Hogar,297.0
29793,259,312,M,74,1993-10-28,2,Benesov,central Bohemia,EF,8156723,SIPO,Servicios del Hogar,2857.0
29794,260,313,F,56,1995-10-14,24,Karlovy Vary,west Bohemia,GH,71713226,SIPO,Servicios del Hogar,5247.0
29795,261,315,M,31,1996-10-07,54,Brno - mesto,south Moravia,IJ,49824553,SIPO,Servicios del Hogar,2182.0
29796,261,315,M,31,1996-10-07,54,Brno - mesto,south Moravia,ST,63415229,SIN_ESPECIFICAR,Sin Especificar,371.0
29797,263,317,F,41,1997-01-03,64,Zlin,south Moravia,WX,73582678,SIPO,Servicios del Hogar,6145.0
29798,264,318,F,55,1996-02-09,15,Cesky Krumlov,south Bohemia,YZ,19889706,SIPO,Servicios del Hogar,3307.0
29799,265,319,F,69,1996-07-05,19,Prachatice,south Bohemia,EF,28306174,SIPO,Servicios del Hogar,2900.0
29800,266,321,F,55,1994-05-11,47,Pardubice,east Bohemia,WX,96796440,LEASING,Arrendamiento / Leasing,4975.0
29801,267,322,M,65,1995-04-26,38,Louny,north Bohemia,KL,4520118,SIPO,Servicios del Hogar,3074.0
29802,268,324,M,38,1996-05-29,3,Beroun,central Bohemia,OP,4418570,SIPO,Servicios del Hogar,3121.0
29803,269,325,M,38,1996-08-30,3,Beroun,central Bohemia,QR,7832789,SIPO,Servicios del Hogar,456.0
29804,269,325,M,38,1996-08-30,3,Beroun,central Bohemia,YZ,55865961,SIN_ESPECIFICAR,Sin Especificar,1690.0
29805,270,326,F,31,1995-01-23,27,Plzen - jih,west Bohemia,QR,95370232,SIPO,Servicios del Hogar,5462.0
29806,271,328,F,80,1996-08-13,1,Hl.m. Praha,Prague,QR,67201065,SIPO,Servicios del Hogar,1535.0
29807,272,329,M,34,1996-10-23,11,Praha - zapad,central Bohemia,IJ,15116119,SIPO,Servicios del Hogar,7454.0
29808,273,330,F,54,1993-07-11,24,Karlovy Vary,west Bohemia,ST,77701490,LEASING,Arrendamiento / Leasing,1320.0
29809,273,330,F,54,1993-07-11,24,Karlovy Vary,west Bohemia,OP,80156594,SIPO,Servicios del Hogar,5965.0
29810,273,330,F,54,1993-07-11,24,Karlovy Vary,west Bohemia,EF,85742187,SIN_ESPECIFICAR,Sin Especificar,178.0
29811,273,330,F,54,1993-07-11,24,Karlovy Vary,west Bohemia,YZ,15870309,POJISTNE,Pago de Seguros,1836.0
29812,274,331,M,56,1993-08-20,76,Sumperk,north Moravia,ST,91567790,SIPO,Servicios del Hogar,9886.0
29813,275,332,M,20,1996-01-02,29,Rokycany,west Bohemia,CD,46536463,SIPO,Servicios del Hogar,198.0
29814,275,332,M,20,1996-01-02,29,Rokycany,west Bohemia,UV,60457825,SIN_ESPECIFICAR,Sin Especificar,2062.0
29815,276,333,M,27,1997-12-08,38,Louny,north Bohemia,AB,22070646,UVER,Cuota de Prestamo,4471.0
29816,276,333,M,27,1997-12-08,38,Louny,north Bohemia,EF,80801391,SIPO,Servicios del Hogar,5212.0
29817,277,334,M,29,1994-05-01,32,Ceska Lipa,north Bohemia,ST,67316442,LEASING,Arrendamiento / Leasing,2682.0
29818,278,335,F,31,1996-04-08,73,Opava,north Moravia,IJ,93538832,SIPO,Servicios del Hogar,3362.0
29819,278,335,F,31,1996-04-08,73,Opava,north Moravia,MN,5409831,LEASING,Arrendamiento / Leasing,676.0
29820,279,336,F,34,1993-04-14,39,Most,north Bohemia,EF,46485179,SIPO,Servicios del Hogar,624.0
29821,279,336,F,34,1993-04-14,39,Most,north Bohemia,QR,68556356,SIN_ESPECIFICAR,Sin Especificar,1380.0
29822,280,338,F,47,1993-01-23,25,Klatovy,west Bohemia,KL,10603589,SIPO,Servicios del Hogar,3334.0
29823,280,338,F,47,1993-01-23,25,Klatovy,west Bohemia,UV,1495051,SIN_ESPECIFICAR,Sin Especificar,4694.0
29824,280,338,F,47,1993-01-23,25,Klatovy,west Bohemia,QR,42263525,LEASING,Arrendamiento / Leasing,957.0
29825,281,339,M,32,1996-10-27,1,Hl.m. Praha,Prague,CD,31156671,SIPO,Servicios del Hogar,5578.0
29826,282,341,M,21,1997-05-12,69,Jesenik,north Moravia,GH,6997305,SIPO,Servicios del Hogar,7531.0
29827,282,341,M,21,1997-05-12,69,Jesenik,north Moravia,AB,4248011,SIN_ESPECIFICAR,Sin Especificar,802.0
29828,283,343,M,79,1996-04-18,44,Chrudim,east Bohemia,OP,9780645,SIPO,Servicios del Hogar,2802.0
29829,284,344,F,35,1997-07-18,54,Brno - mesto,south Moravia,EF,34219330,SIPO,Servicios del Hogar,5629.0
29830,285,345,M,45,1995-05-08,17,Pelhrimov,south Bohemia,UV,52409064,LEASING,Arrendamiento / Leasing,667.0
29831,286,347,M,39,1996-03-27,71,Novy Jicin,north Moravia,ST,3664666,SIPO,Servicios del Hogar,9848.0
29832,287,349,F,71,1993-10-27,16,Jindrichuv Hradec,south Bohemia,CD,57389086,SIPO,Servicios del Hogar,772.0
29833,287,349,F,71,1993-10-27,16,Jindrichuv Hradec,south Bohemia,EF,36382317,SIPO,Servicios del Hogar,1572.0
29834,288,350,F,73,1995-03-18,25,Klatovy,west Bohemia,WX,29425543,SIPO,Servicios del Hogar,3257.0
29835,288,350,F,73,1995-03-18,25,Klatovy,west Bohemia,QR,97550320,SIPO,Servicios del Hogar,207.0
29836,289,351,M,25,1994-03-17,1,Hl.m. Praha,Prague,AB,78823619,SIPO,Servicios del Hogar,5745.0
29837,289,351,M,25,1994-03-17,1,Hl.m. Praha,Prague,OP,72798836,SIN_ESPECIFICAR,Sin Especificar,2621.0
29838,290,352,M,58,1993-12-02,56,Breclav,south Moravia,YZ,60961633,UVER,Cuota de Prestamo,2577.0
29839,290,352,M,58,1993-12-02,56,Breclav,south Moravia,UV,10382223,SIPO,Servicios del Hogar,2653.0
29840,290,352,M,58,1993-12-02,56,Breclav,south Moravia,IJ,5267882,SIN_ESPECIFICAR,Sin Especificar,3274.0
29841,291,353,M,33,1997-06-08,7,Melnik,central Bohemia,YZ,46721518,LEASING,Arrendamiento / Leasing,1942.0
29842,291,353,M,33,1997-06-08,7,Melnik,central Bohemia,EF,31507086,SIPO,Servicios del Hogar,62.0
29843,291,353,M,33,1997-06-08,7,Melnik,central Bohemia,YZ,27026367,SIN_ESPECIFICAR,Sin Especificar,12925.0
29844,292,354,F,76,1997-02-26,49,Semily,east Bohemia,KL,722319,SIPO,Servicios del Hogar,1986.0
29845,293,356,F,19,1997-05-04,1,Hl.m. Praha,Prague,QR,11480212,SIPO,Servicios del Hogar,1636.0
29846,293,356,F,19,1997-05-04,1,Hl.m. Praha,Prague,QR,85708903,SIN_ESPECIFICAR,Sin Especificar,845.0
29847,293,356,F,19,1997-05-04,1,Hl.m. Praha,Prague,EF,34143477,POJISTNE,Pago de Seguros,1366.0
29848,294,358,F,39,1997-01-05,7,Melnik,central Bohemia,MN,91239595,SIPO,Servicios del Hogar,5842.0
29849,294,358,F,39,1997-01-05,7,Melnik,central Bohemia,KL,94949411,SIN_ESPECIFICAR,Sin Especificar,145.0
29850,294,358,F,39,1997-01-05,7,Melnik,central Bohemia,IJ,58432865,POJISTNE,Pago de Seguros,430.0
29851,294,358,F,39,1997-01-05,7,Melnik,central Bohemia,UV,58291846,SIN_ESPECIFICAR,Sin Especificar,156.0
29852,295,359,M,28,1997-11-23,66,Zdar nad Sazavou,south Moravia,AB,78368478,SIPO,Servicios del Hogar,6992.0
29853,296,360,M,55,1996-02-14,49,Semily,east Bohemia,AB,63953745,SIPO,Servicios del Hogar,2646.0
29854,300,365,M,68,1993-06-23,1,Hl.m. Praha,Prague,YZ,46045607,SIPO,Servicios del Hogar,1628.0
29855,301,367,F,35,1995-09-10,60,Prostejov,south Moravia,IJ,99728369,SIPO,Servicios del Hogar,1950.0
29856,302,369,F,68,1996-05-09,7,Melnik,central Bohemia,ST,12600803,SIPO,Servicios del Hogar,3236.0
29857,303,370,F,42,1996-07-25,71,Novy Jicin,north Moravia,KL,43664085,SIPO,Servicios del Hogar,3803.0
29858,303,370,F,42,1996-07-25,71,Novy Jicin,north Moravia,UV,25709551,UVER,Cuota de Prestamo,3132.0
29859,304,371,M,56,1997-03-20,4,Kladno,central Bohemia,AB,27760046,SIPO,Servicios del Hogar,14367.0
29860,305,372,M,66,1996-10-18,34,Chomutov,north Bohemia,ST,77063089,SIPO,Servicios del Hogar,2953.0
29861,306,373,M,62,1993-06-08,16,Jindrichuv Hradec,south Bohemia,IJ,70354622,SIPO,Servicios del Hogar,3657.0
29862,308,375,F,29,1995-10-16,61,Trebic,south Moravia,CD,17178321,LEASING,Arrendamiento / Leasing,1284.0
29863,309,376,F,25,1997-04-25,14,Ceske Budejovice,south Bohemia,UV,74396675,UVER,Cuota de Prestamo,1901.0
29865,311,378,M,20,1997-08-08,50,Svitavy,east Bohemia,CD,93944477,SIPO,Servicios del Hogar,4777.0
29866,311,378,M,20,1997-08-08,50,Svitavy,east Bohemia,WX,80353498,SIN_ESPECIFICAR,Sin Especificar,371.0
29867,311,378,M,20,1997-08-08,50,Svitavy,east Bohemia,GH,47159934,POJISTNE,Pago de Seguros,3375.0
29868,311,378,M,20,1997-08-08,50,Svitavy,east Bohemia,YZ,37490087,SIN_ESPECIFICAR,Sin Especificar,355.0
29869,311,378,M,20,1997-08-08,50,Svitavy,east Bohemia,YZ,67794364,UVER,Cuota de Prestamo,422.0
29870,312,380,M,25,1996-01-03,41,Usti nad Labem,north Bohemia,WX,31189668,SIPO,Servicios del Hogar,7814.0
29871,313,381,F,21,1996-07-06,73,Opava,north Moravia,GH,6982702,SIPO,Servicios del Hogar,2294.0
29872,314,383,F,59,1996-01-26,15,Cesky Krumlov,south Bohemia,WX,56231456,UVER,Cuota de Prestamo,2785.0
29873,314,383,F,59,1996-01-26,15,Cesky Krumlov,south Bohemia,KL,99187093,SIPO,Servicios del Hogar,13691.0
29874,315,385,M,50,1997-12-08,45,Jicin,east Bohemia,MN,6354302,UVER,Cuota de Prestamo,3509.0
29875,317,387,M,71,1993-03-10,76,Sumperk,north Moravia,QR,93325268,SIPO,Servicios del Hogar,3068.0
29876,318,388,F,48,1994-09-16,36,Liberec,north Bohemia,GH,74740838,SIPO,Servicios del Hogar,2858.0
29877,319,389,F,24,1995-10-17,47,Pardubice,east Bohemia,GH,41618597,UVER,Cuota de Prestamo,6150.0
29878,319,389,F,24,1995-10-17,47,Pardubice,east Bohemia,KL,87909203,SIPO,Servicios del Hogar,1057.0
29879,319,389,F,24,1995-10-17,47,Pardubice,east Bohemia,KL,32717514,SIN_ESPECIFICAR,Sin Especificar,2196.0
29880,319,389,F,24,1995-10-17,47,Pardubice,east Bohemia,AB,559258,POJISTNE,Pago de Seguros,416.0
29881,321,391,F,65,1993-11-11,47,Pardubice,east Bohemia,UV,44067668,SIPO,Servicios del Hogar,1876.0
29882,322,392,F,48,1993-02-20,1,Hl.m. Praha,Prague,ST,4537106,SIPO,Servicios del Hogar,6550.0
29883,323,394,F,74,1997-02-23,52,Usti nad Orlici,east Bohemia,GH,65761726,SIPO,Servicios del Hogar,3025.0
29884,324,396,M,78,1996-08-23,1,Hl.m. Praha,Prague,OP,83596694,SIPO,Servicios del Hogar,1785.0
29885,324,396,M,78,1996-08-23,1,Hl.m. Praha,Prague,KL,19554490,SIPO,Servicios del Hogar,284.0
29886,325,397,M,68,1996-10-06,75,Prerov,north Moravia,GH,69376104,SIPO,Servicios del Hogar,2741.0
29887,326,398,F,73,1997-08-06,61,Trebic,south Moravia,MN,44978225,SIPO,Servicios del Hogar,1881.0
29888,326,398,F,73,1997-08-06,61,Trebic,south Moravia,EF,63815659,SIPO,Servicios del Hogar,1567.0
29889,327,399,M,46,1993-06-02,54,Brno - mesto,south Moravia,OP,86823993,SIPO,Servicios del Hogar,3252.0
29890,327,399,M,46,1993-06-02,54,Brno - mesto,south Moravia,IJ,47999680,SIN_ESPECIFICAR,Sin Especificar,3805.0
29891,328,400,M,65,1997-09-18,1,Hl.m. Praha,Prague,OP,10446250,SIPO,Servicios del Hogar,1287.0
29892,328,400,M,65,1997-09-18,1,Hl.m. Praha,Prague,GH,3014916,SIPO,Servicios del Hogar,1145.0
29893,329,402,M,55,1996-10-19,3,Beroun,central Bohemia,GH,73389369,SIPO,Servicios del Hogar,792.0
29894,329,402,M,55,1996-10-19,3,Beroun,central Bohemia,UV,23747241,SIN_ESPECIFICAR,Sin Especificar,3110.0
29895,330,403,F,25,1996-11-24,42,Havlickuv Brod,east Bohemia,OP,23515820,UVER,Cuota de Prestamo,6908.0
29896,331,405,F,64,1995-10-02,65,Znojmo,south Moravia,UV,55443829,SIPO,Servicios del Hogar,3528.0
29897,332,406,M,21,1996-01-12,36,Liberec,north Bohemia,MN,6061673,SIPO,Servicios del Hogar,2385.0
29898,333,407,F,23,1996-12-23,73,Opava,north Moravia,QR,71807402,SIPO,Servicios del Hogar,1634.0
29899,333,407,F,23,1996-12-23,73,Opava,north Moravia,QR,42206424,SIN_ESPECIFICAR,Sin Especificar,72.0
29900,333,407,F,23,1996-12-23,73,Opava,north Moravia,AB,13184309,POJISTNE,Pago de Seguros,292.0
29901,334,408,F,20,1993-05-24,1,Hl.m. Praha,Prague,IJ,5579948,SIPO,Servicios del Hogar,2374.0
29902,334,408,F,20,1993-05-24,1,Hl.m. Praha,Prague,MN,37566691,SIN_ESPECIFICAR,Sin Especificar,1168.0
29903,335,409,M,73,1996-01-20,74,Ostrava - mesto,north Moravia,GH,80065911,SIPO,Servicios del Hogar,2697.0
29904,336,410,M,36,1995-10-16,62,Uherske Hradiste,south Moravia,AB,40453487,SIPO,Servicios del Hogar,4067.0
29905,338,413,F,26,1995-11-18,49,Semily,east Bohemia,AB,37576079,SIPO,Servicios del Hogar,2252.0
29906,339,414,F,51,1996-09-11,46,Nachod,east Bohemia,OP,60226070,UVER,Cuota de Prestamo,7801.0
29907,339,414,F,51,1996-09-11,46,Nachod,east Bohemia,WX,52391654,SIPO,Servicios del Hogar,4087.0
29908,339,414,F,51,1996-09-11,46,Nachod,east Bohemia,IJ,21728092,SIN_ESPECIFICAR,Sin Especificar,48.0
29909,340,416,F,66,1993-11-03,1,Hl.m. Praha,Prague,CD,26790029,SIPO,Servicios del Hogar,917.0
29910,340,416,F,66,1993-11-03,1,Hl.m. Praha,Prague,YZ,80708729,SIPO,Servicios del Hogar,901.0
29911,342,419,F,28,1996-10-13,64,Zlin,south Moravia,KL,44861531,SIPO,Servicios del Hogar,2332.0
29912,343,420,M,20,1994-04-26,18,Pisek,south Bohemia,QR,15103727,SIPO,Servicios del Hogar,2505.0
29913,344,421,M,33,1993-12-01,54,Brno - mesto,south Moravia,WX,47483712,SIPO,Servicios del Hogar,4739.0
29914,344,421,M,33,1993-12-01,54,Brno - mesto,south Moravia,CD,77219027,UVER,Cuota de Prestamo,1683.0
29915,345,422,M,52,1993-11-20,5,Kolin,central Bohemia,QR,68522327,SIPO,Servicios del Hogar,8819.0
29916,346,423,M,41,1993-01-11,37,Litomerice,north Bohemia,KL,13685655,SIPO,Servicios del Hogar,7875.0
29917,347,424,M,51,1993-12-13,65,Znojmo,south Moravia,CD,37914210,UVER,Cuota de Prestamo,7801.0
29918,349,426,M,61,1997-06-08,72,Olomouc,north Moravia,ST,83005469,SIPO,Servicios del Hogar,4660.0
29919,349,426,M,61,1997-06-08,72,Olomouc,north Moravia,YZ,66345286,UVER,Cuota de Prestamo,3568.0
29920,350,428,F,79,1996-10-13,47,Pardubice,east Bohemia,AB,77066629,SIPO,Servicios del Hogar,3791.0
29921,352,430,M,78,1994-07-04,39,Most,north Bohemia,KL,56583434,SIPO,Servicios del Hogar,1992.0
29922,353,431,F,71,1995-08-30,24,Karlovy Vary,west Bohemia,UV,38371622,SIPO,Servicios del Hogar,2687.0
29923,353,431,F,71,1995-08-30,24,Karlovy Vary,west Bohemia,CD,53546470,SIPO,Servicios del Hogar,879.0
29924,354,432,F,46,1993-10-28,59,Kromeriz,south Moravia,UV,38533955,SIPO,Servicios del Hogar,4771.0
29925,355,433,M,43,1996-02-01,62,Uherske Hradiste,south Moravia,WX,5620038,SIPO,Servicios del Hogar,5012.0
29926,355,433,M,43,1996-02-01,62,Uherske Hradiste,south Moravia,GH,28271162,SIN_ESPECIFICAR,Sin Especificar,2927.0
29927,356,434,F,55,1996-03-12,70,Karvina,north Moravia,GH,75963014,SIPO,Servicios del Hogar,4188.0
29928,357,435,M,31,1996-03-10,20,Strakonice,south Bohemia,EF,3304052,SIPO,Servicios del Hogar,1788.0
29929,357,435,M,31,1996-03-10,20,Strakonice,south Bohemia,IJ,44572526,SIN_ESPECIFICAR,Sin Especificar,280.0
29930,358,436,M,43,1993-12-09,12,Pribram,central Bohemia,UV,86354624,SIPO,Servicios del Hogar,532.0
29931,358,436,M,43,1993-12-09,12,Pribram,central Bohemia,ST,65233623,SIN_ESPECIFICAR,Sin Especificar,1434.0
29932,358,436,M,43,1993-12-09,12,Pribram,central Bohemia,ST,94764554,POJISTNE,Pago de Seguros,27.0
29933,358,436,M,43,1993-12-09,12,Pribram,central Bohemia,ST,94047659,SIN_ESPECIFICAR,Sin Especificar,73.0
29934,359,437,F,78,1994-12-11,11,Praha - zapad,central Bohemia,UV,86209541,SIPO,Servicios del Hogar,3544.0
29935,361,439,F,30,1993-02-27,51,Trutnov,east Bohemia,YZ,95369791,SIPO,Servicios del Hogar,1941.0
29936,361,439,F,30,1993-02-27,51,Trutnov,east Bohemia,ST,59163767,SIN_ESPECIFICAR,Sin Especificar,1388.0
29937,362,440,F,28,1993-04-04,15,Cesky Krumlov,south Bohemia,ST,76221531,SIPO,Servicios del Hogar,6001.0
29938,362,440,F,28,1993-04-04,15,Cesky Krumlov,south Bohemia,ST,91743081,SIN_ESPECIFICAR,Sin Especificar,292.0
29939,362,440,F,28,1993-04-04,15,Cesky Krumlov,south Bohemia,EF,62852764,POJISTNE,Pago de Seguros,68.0
29940,364,442,F,27,1997-01-20,1,Hl.m. Praha,Prague,ST,39232927,SIPO,Servicios del Hogar,2221.0
29941,365,444,F,38,1993-12-12,74,Ostrava - mesto,north Moravia,YZ,84520810,LEASING,Arrendamiento / Leasing,1766.0
29942,365,444,F,38,1993-12-12,74,Ostrava - mesto,north Moravia,QR,34196335,SIPO,Servicios del Hogar,11528.0
29943,365,444,F,38,1993-12-12,74,Ostrava - mesto,north Moravia,QR,93025660,SIN_ESPECIFICAR,Sin Especificar,1782.0
29944,365,444,F,38,1993-12-12,74,Ostrava - mesto,north Moravia,UV,12044257,POJISTNE,Pago de Seguros,5.0
29945,365,444,F,38,1993-12-12,74,Ostrava - mesto,north Moravia,UV,89672892,SIN_ESPECIFICAR,Sin Especificar,9.0
29946,366,445,F,51,1996-10-23,1,Hl.m. Praha,Prague,IJ,75874721,SIPO,Servicios del Hogar,2442.0
29947,366,445,F,51,1996-10-23,1,Hl.m. Praha,Prague,YZ,11380994,SIN_ESPECIFICAR,Sin Especificar,1914.0
29948,366,445,F,51,1996-10-23,1,Hl.m. Praha,Prague,QR,29283583,POJISTNE,Pago de Seguros,836.0
29949,366,445,F,51,1996-10-23,1,Hl.m. Praha,Prague,ST,68747752,SIN_ESPECIFICAR,Sin Especificar,3188.0
29950,367,447,M,52,1997-05-09,23,Cheb,west Bohemia,KL,59022962,SIPO,Servicios del Hogar,6384.0
29951,368,448,F,28,1993-07-06,77,Vsetin,north Moravia,ST,13122338,SIPO,Servicios del Hogar,4381.0
29952,368,448,F,28,1993-07-06,77,Vsetin,north Moravia,EF,27974027,SIN_ESPECIFICAR,Sin Especificar,742.0
29953,368,448,F,28,1993-07-06,77,Vsetin,north Moravia,UV,35746020,POJISTNE,Pago de Seguros,269.0
29954,368,448,F,28,1993-07-06,77,Vsetin,north Moravia,YZ,33245110,SIN_ESPECIFICAR,Sin Especificar,217.0
29955,368,448,F,28,1993-07-06,77,Vsetin,north Moravia,UV,35739392,LEASING,Arrendamiento / Leasing,1071.0
29959,370,450,M,45,1994-02-18,25,Klatovy,west Bohemia,MN,39040500,SIPO,Servicios del Hogar,215.0
29960,370,450,M,45,1994-02-18,25,Klatovy,west Bohemia,EF,39893967,SIN_ESPECIFICAR,Sin Especificar,1188.0
29961,370,450,M,45,1994-02-18,25,Klatovy,west Bohemia,KL,57786190,POJISTNE,Pago de Seguros,672.0
29962,372,452,F,45,1995-09-10,55,Brno - venkov,south Moravia,ST,65089881,SIPO,Servicios del Hogar,7785.0
29963,372,452,F,45,1995-09-10,55,Brno - venkov,south Moravia,MN,83496254,SIN_ESPECIFICAR,Sin Especificar,2148.0
29964,373,453,M,29,1996-06-20,67,Bruntal,north Moravia,OP,55648291,SIPO,Servicios del Hogar,6452.0
29965,375,455,M,78,1996-06-07,68,Frydek - Mistek,north Moravia,KL,32626718,SIPO,Servicios del Hogar,3824.0
29966,376,456,M,58,1995-03-05,25,Klatovy,west Bohemia,IJ,32540393,SIPO,Servicios del Hogar,7097.0
29967,378,458,M,37,1996-07-22,68,Frydek - Mistek,north Moravia,MN,28203147,UVER,Cuota de Prestamo,3840.0
29968,378,458,M,37,1996-07-22,68,Frydek - Mistek,north Moravia,KL,6934583,SIPO,Servicios del Hogar,8537.0
29969,378,458,M,37,1996-07-22,68,Frydek - Mistek,north Moravia,AB,85313254,SIN_ESPECIFICAR,Sin Especificar,1184.0
29970,378,458,M,37,1996-07-22,68,Frydek - Mistek,north Moravia,ST,70710897,POJISTNE,Pago de Seguros,2.0
29971,378,458,M,37,1996-07-22,68,Frydek - Mistek,north Moravia,KL,23140502,SIN_ESPECIFICAR,Sin Especificar,4.0
29972,379,459,F,31,1996-05-18,32,Ceska Lipa,north Bohemia,CD,35418421,SIPO,Servicios del Hogar,1561.0
29973,379,459,F,31,1996-05-18,32,Ceska Lipa,north Bohemia,CD,30392295,SIN_ESPECIFICAR,Sin Especificar,434.0
29974,379,459,F,31,1996-05-18,32,Ceska Lipa,north Bohemia,GH,42905002,POJISTNE,Pago de Seguros,177.0
29975,379,459,F,31,1996-05-18,32,Ceska Lipa,north Bohemia,IJ,80296814,SIN_ESPECIFICAR,Sin Especificar,312.0
29979,382,462,M,28,1996-08-16,14,Ceske Budejovice,south Bohemia,IJ,24703598,SIPO,Servicios del Hogar,2235.0
29980,382,462,M,28,1996-08-16,14,Ceske Budejovice,south Bohemia,OP,26432061,SIN_ESPECIFICAR,Sin Especificar,27.0
29981,382,462,M,28,1996-08-16,14,Ceske Budejovice,south Bohemia,MN,87132888,POJISTNE,Pago de Seguros,14.0
29982,383,463,M,54,1997-05-15,38,Louny,north Bohemia,EF,90773456,SIPO,Servicios del Hogar,2057.0
29983,384,464,F,39,1997-09-14,24,Karlovy Vary,west Bohemia,MN,48816210,LEASING,Arrendamiento / Leasing,2304.0
29984,385,465,M,46,1993-04-07,5,Kolin,central Bohemia,WX,28537345,SIPO,Servicios del Hogar,2160.0
29985,385,465,M,46,1993-04-07,5,Kolin,central Bohemia,ST,91164779,SIN_ESPECIFICAR,Sin Especificar,31.0
29986,385,465,M,46,1993-04-07,5,Kolin,central Bohemia,GH,79315310,POJISTNE,Pago de Seguros,121.0
29987,386,466,F,51,1997-08-11,1,Hl.m. Praha,Prague,CD,39887976,SIPO,Servicios del Hogar,4711.0
29988,388,469,F,28,1995-02-11,59,Kromeriz,south Moravia,CD,48455613,SIPO,Servicios del Hogar,6524.0
29989,389,470,F,44,1993-08-28,30,Sokolov,west Bohemia,KL,8779210,SIPO,Servicios del Hogar,884.0
29990,389,470,F,44,1993-08-28,30,Sokolov,west Bohemia,WX,25948596,SIN_ESPECIFICAR,Sin Especificar,3280.0
29991,390,471,M,21,1996-02-16,44,Chrudim,east Bohemia,YZ,24210876,SIPO,Servicios del Hogar,4977.0
29992,392,473,F,59,1996-07-14,1,Hl.m. Praha,Prague,GH,99824958,SIPO,Servicios del Hogar,1407.0
29993,392,473,F,59,1996-07-14,1,Hl.m. Praha,Prague,WX,27344715,SIN_ESPECIFICAR,Sin Especificar,5663.0
29994,393,474,M,49,1995-02-04,46,Nachod,east Bohemia,AB,10808188,SIPO,Servicios del Hogar,302.0
29995,393,474,M,49,1995-02-04,46,Nachod,east Bohemia,AB,27135431,SIN_ESPECIFICAR,Sin Especificar,5920.0
30001,395,476,F,51,1993-03-12,1,Hl.m. Praha,Prague,YZ,55113202,SIPO,Servicios del Hogar,3871.0
30002,395,476,F,51,1993-03-12,1,Hl.m. Praha,Prague,GH,73209607,SIN_ESPECIFICAR,Sin Especificar,4036.0
30003,395,476,F,51,1993-03-12,1,Hl.m. Praha,Prague,WX,8607322,LEASING,Arrendamiento / Leasing,828.0
30004,396,478,M,20,1993-03-08,21,Tabor,south Bohemia,UV,71221321,SIPO,Servicios del Hogar,5245.0
30005,396,478,M,20,1993-03-08,21,Tabor,south Bohemia,GH,26179212,SIN_ESPECIFICAR,Sin Especificar,68.0
30006,396,478,M,20,1993-03-08,21,Tabor,south Bohemia,OP,57553499,POJISTNE,Pago de Seguros,308.0
30007,396,478,M,20,1993-03-08,21,Tabor,south Bohemia,YZ,33896279,SIN_ESPECIFICAR,Sin Especificar,261.0
30008,398,481,M,71,1997-10-24,69,Jesenik,north Moravia,IJ,60894626,SIPO,Servicios del Hogar,1702.0
30009,399,483,M,54,1996-08-27,1,Hl.m. Praha,Prague,GH,54855972,LEASING,Arrendamiento / Leasing,3091.0
30010,399,483,M,54,1996-08-27,1,Hl.m. Praha,Prague,IJ,47246265,SIPO,Servicios del Hogar,6009.0
30011,400,484,F,39,1993-07-17,28,Plzen - sever,west Bohemia,WX,99955695,SIPO,Servicios del Hogar,6948.0
30012,401,485,M,20,1993-01-18,32,Ceska Lipa,north Bohemia,AB,66742342,SIPO,Servicios del Hogar,3600.0
30013,401,485,M,20,1993-01-18,32,Ceska Lipa,north Bohemia,EF,88922524,SIN_ESPECIFICAR,Sin Especificar,1769.0
30014,402,486,M,54,1997-09-14,68,Frydek - Mistek,north Moravia,YZ,77129357,SIPO,Servicios del Hogar,2083.0
30015,402,486,M,54,1997-09-14,68,Frydek - Mistek,north Moravia,CD,98438930,SIN_ESPECIFICAR,Sin Especificar,2211.0
30016,403,487,F,76,1993-07-29,1,Hl.m. Praha,Prague,KL,15987736,SIPO,Servicios del Hogar,2401.0
30017,404,489,M,58,1995-04-28,41,Usti nad Labem,north Bohemia,GH,68393963,SIPO,Servicios del Hogar,1563.0
30018,404,489,M,58,1995-04-28,41,Usti nad Labem,north Bohemia,WX,36616319,SIN_ESPECIFICAR,Sin Especificar,3450.0
30019,405,490,M,48,1997-03-13,55,Brno - venkov,south Moravia,EF,24659914,LEASING,Arrendamiento / Leasing,1339.0
30020,405,490,M,48,1997-03-13,55,Brno - venkov,south Moravia,MN,56718403,SIPO,Servicios del Hogar,9632.0
30021,405,490,M,48,1997-03-13,55,Brno - venkov,south Moravia,WX,11276412,SIN_ESPECIFICAR,Sin Especificar,1497.0
30022,405,490,M,48,1997-03-13,55,Brno - venkov,south Moravia,KL,1622963,POJISTNE,Pago de Seguros,3579.0
30023,406,491,M,32,1996-09-03,63,Vyskov,south Moravia,UV,36316532,SIPO,Servicios del Hogar,1800.0
30024,406,491,M,32,1996-09-03,63,Vyskov,south Moravia,KL,28461408,SIN_ESPECIFICAR,Sin Especificar,264.0
30025,407,492,M,63,1997-04-18,72,Olomouc,north Moravia,WX,90311783,SIPO,Servicios del Hogar,5411.0
30026,407,492,M,63,1997-04-18,72,Olomouc,north Moravia,EF,32662862,SIN_ESPECIFICAR,Sin Especificar,14.0
30027,408,493,F,56,1993-07-21,41,Usti nad Labem,north Bohemia,QR,62073033,SIPO,Servicios del Hogar,5042.0
30028,409,494,M,18,1996-06-11,1,Hl.m. Praha,Prague,QR,11262268,SIPO,Servicios del Hogar,6810.0
30029,410,495,F,61,1996-10-15,49,Semily,east Bohemia,WX,85225909,SIPO,Servicios del Hogar,3825.0
30030,411,496,F,47,1993-02-05,70,Karvina,north Moravia,QR,15704101,SIPO,Servicios del Hogar,8499.0
30031,412,497,M,45,1996-01-21,74,Ostrava - mesto,north Moravia,WX,35379701,SIPO,Servicios del Hogar,8727.0
30032,413,499,F,63,1996-07-09,18,Pisek,south Bohemia,CD,49738037,SIPO,Servicios del Hogar,2107.0
30033,414,500,M,27,1996-01-29,1,Hl.m. Praha,Prague,AB,96403741,SIPO,Servicios del Hogar,7870.0
30034,415,501,M,61,1993-03-03,25,Klatovy,west Bohemia,OP,64789080,SIPO,Servicios del Hogar,8740.0
30035,416,502,M,79,1996-08-11,6,Kutna Hora,central Bohemia,ST,30481368,SIPO,Servicios del Hogar,982.0
30036,416,502,M,79,1996-08-11,6,Kutna Hora,central Bohemia,CD,54040610,SIPO,Servicios del Hogar,987.0
30037,418,504,M,19,1995-08-27,36,Liberec,north Bohemia,MN,92404669,SIPO,Servicios del Hogar,9316.0
30038,420,506,M,52,1995-08-26,75,Prerov,north Moravia,KL,49270671,SIPO,Servicios del Hogar,7192.0
30039,421,507,M,44,1997-11-27,75,Prerov,north Moravia,YZ,94967096,SIPO,Servicios del Hogar,5571.0
30040,423,509,M,18,1993-03-28,12,Pribram,central Bohemia,UV,78170078,SIPO,Servicios del Hogar,1942.0
30041,424,510,M,22,1997-02-17,12,Pribram,central Bohemia,WX,64132481,SIPO,Servicios del Hogar,4591.0
30042,425,511,M,39,1993-03-19,9,Nymburk,central Bohemia,ST,21181220,SIPO,Servicios del Hogar,2390.0
30043,425,511,M,39,1993-03-19,9,Nymburk,central Bohemia,OP,54766887,SIN_ESPECIFICAR,Sin Especificar,806.0
30044,425,511,M,39,1993-03-19,9,Nymburk,central Bohemia,GH,30106497,POJISTNE,Pago de Seguros,64.0
30045,426,512,F,33,1993-11-29,1,Hl.m. Praha,Prague,MN,45444989,UVER,Cuota de Prestamo,4201.0
30046,426,512,F,33,1993-11-29,1,Hl.m. Praha,Prague,AB,9528249,SIPO,Servicios del Hogar,7497.0
30047,426,512,F,33,1993-11-29,1,Hl.m. Praha,Prague,GH,34606760,SIN_ESPECIFICAR,Sin Especificar,886.0
30048,427,513,F,24,1994-07-24,8,Mlada Boleslav,central Bohemia,CD,43451237,SIPO,Servicios del Hogar,8166.0
30049,428,515,M,66,1993-02-27,1,Hl.m. Praha,Prague,MN,64758032,SIPO,Servicios del Hogar,3987.0
30050,429,517,M,33,1995-09-03,63,Vyskov,south Moravia,IJ,79427033,SIPO,Servicios del Hogar,5286.0
30051,431,519,M,18,1996-11-05,18,Pisek,south Bohemia,GH,65853184,SIPO,Servicios del Hogar,6482.0
30052,431,519,M,18,1996-11-05,18,Pisek,south Bohemia,KL,66201281,SIN_ESPECIFICAR,Sin Especificar,715.0
30053,434,522,F,42,1996-12-24,1,Hl.m. Praha,Prague,WX,98904990,SIPO,Servicios del Hogar,5666.0
30054,434,522,F,42,1996-12-24,1,Hl.m. Praha,Prague,ST,31071788,SIN_ESPECIFICAR,Sin Especificar,1637.0
30055,435,523,M,76,1993-01-08,38,Louny,north Bohemia,MN,75157016,SIPO,Servicios del Hogar,3189.0
30056,436,524,F,35,1996-08-07,30,Sokolov,west Bohemia,WX,36372977,SIPO,Servicios del Hogar,4885.0
30057,436,524,F,35,1996-08-07,30,Sokolov,west Bohemia,IJ,61715274,SIN_ESPECIFICAR,Sin Especificar,72.0
30058,436,524,F,35,1996-08-07,30,Sokolov,west Bohemia,CD,51325714,POJISTNE,Pago de Seguros,293.0
30059,437,526,M,34,1993-12-03,43,Hradec Kralove,east Bohemia,CD,83092337,SIPO,Servicios del Hogar,2248.0
30060,437,526,M,34,1993-12-03,43,Hradec Kralove,east Bohemia,YZ,18505370,SIN_ESPECIFICAR,Sin Especificar,3106.0
30061,440,530,F,41,1996-12-22,29,Rokycany,west Bohemia,QR,84914481,SIPO,Servicios del Hogar,5825.0
30062,440,530,F,41,1996-12-22,29,Rokycany,west Bohemia,GH,78983664,UVER,Cuota de Prestamo,1756.0
30063,441,531,M,22,1993-12-17,27,Plzen - jih,west Bohemia,OP,58999586,LEASING,Arrendamiento / Leasing,4473.0
30064,441,531,M,22,1993-12-17,27,Plzen - jih,west Bohemia,YZ,91662942,SIPO,Servicios del Hogar,3041.0
30065,441,531,M,22,1993-12-17,27,Plzen - jih,west Bohemia,WX,11125362,SIN_ESPECIFICAR,Sin Especificar,765.0
30066,442,533,F,57,1997-03-30,54,Brno - mesto,south Moravia,EF,55799275,UVER,Cuota de Prestamo,7455.0
30067,442,533,F,57,1997-03-30,54,Brno - mesto,south Moravia,CD,21739507,SIPO,Servicios del Hogar,5606.0
30068,442,533,F,57,1997-03-30,54,Brno - mesto,south Moravia,ST,98938321,SIN_ESPECIFICAR,Sin Especificar,2068.0
30069,443,534,M,41,1993-01-28,64,Zlin,south Moravia,KL,39137601,SIPO,Servicios del Hogar,1508.0
30070,443,534,M,41,1993-01-28,64,Zlin,south Moravia,IJ,32109809,SIN_ESPECIFICAR,Sin Especificar,463.0
30071,443,534,M,41,1993-01-28,64,Zlin,south Moravia,QR,69234090,POJISTNE,Pago de Seguros,67.0
30072,444,535,M,61,1996-05-09,26,Plzen - mesto,west Bohemia,QR,53384882,SIPO,Servicios del Hogar,4469.0
30073,445,536,M,59,1993-07-29,63,Vyskov,south Moravia,QR,65335863,SIPO,Servicios del Hogar,3998.0
30074,445,536,M,59,1993-07-29,63,Vyskov,south Moravia,IJ,49652427,SIN_ESPECIFICAR,Sin Especificar,7567.0
30075,446,537,M,63,1993-06-15,50,Svitavy,east Bohemia,EF,81248056,SIPO,Servicios del Hogar,6941.0
30076,447,538,F,50,1996-08-14,5,Kolin,central Bohemia,GH,35721868,SIPO,Servicios del Hogar,5554.0
30077,447,538,F,50,1996-08-14,5,Kolin,central Bohemia,ST,99847948,LEASING,Arrendamiento / Leasing,554.0
30080,449,540,M,77,1994-11-22,19,Prachatice,south Bohemia,AB,84388368,SIPO,Servicios del Hogar,164.0
30081,449,540,M,77,1994-11-22,19,Prachatice,south Bohemia,WX,77323555,SIPO,Servicios del Hogar,1789.0
30082,450,542,F,77,1996-05-28,59,Kromeriz,south Moravia,QR,70611452,SIPO,Servicios del Hogar,2404.0
30083,451,543,F,40,1994-05-05,11,Praha - zapad,central Bohemia,UV,62285023,UVER,Cuota de Prestamo,7208.0
30084,452,544,M,50,1995-11-29,63,Vyskov,south Moravia,OP,27081912,SIPO,Servicios del Hogar,5058.0
30085,452,544,M,50,1995-11-29,63,Vyskov,south Moravia,OP,33601921,SIN_ESPECIFICAR,Sin Especificar,375.0
30086,453,545,F,25,1997-04-24,75,Prerov,north Moravia,QR,23475498,SIPO,Servicios del Hogar,7012.0
30087,454,546,M,45,1995-05-07,7,Melnik,central Bohemia,GH,80305754,SIPO,Servicios del Hogar,5687.0
30088,455,547,M,49,1995-04-23,54,Brno - mesto,south Moravia,ST,60398054,SIPO,Servicios del Hogar,8339.0
30089,456,548,M,61,1993-01-21,49,Semily,east Bohemia,WX,12626231,LEASING,Arrendamiento / Leasing,4783.0
30092,458,550,M,37,1995-06-16,7,Melnik,central Bohemia,AB,65390032,SIPO,Servicios del Hogar,9586.0
30093,458,550,M,37,1995-06-16,7,Melnik,central Bohemia,CD,51641261,LEASING,Arrendamiento / Leasing,1031.0
30094,460,552,F,64,1994-04-18,1,Hl.m. Praha,Prague,MN,57986551,SIPO,Servicios del Hogar,3554.0
30095,461,554,F,73,1993-02-18,30,Sokolov,west Bohemia,OP,30994916,SIPO,Servicios del Hogar,1530.0
30096,462,556,M,52,1993-11-10,29,Rokycany,west Bohemia,ST,32409316,SIPO,Servicios del Hogar,8325.0
30097,463,557,M,59,1995-05-08,51,Trutnov,east Bohemia,QR,88697516,SIPO,Servicios del Hogar,6385.0
30098,464,558,F,78,1997-05-28,43,Hradec Kralove,east Bohemia,UV,4756558,SIPO,Servicios del Hogar,3509.0
30099,465,559,F,26,1993-02-04,32,Ceska Lipa,north Bohemia,ST,3081554,LEASING,Arrendamiento / Leasing,1279.0
30100,465,559,F,26,1993-02-04,32,Ceska Lipa,north Bohemia,IJ,59340989,SIPO,Servicios del Hogar,11126.0
30101,467,561,F,36,1993-09-24,74,Ostrava - mesto,north Moravia,UV,90201395,SIPO,Servicios del Hogar,3937.0
30102,467,561,F,36,1993-09-24,74,Ostrava - mesto,north Moravia,AB,73301529,SIN_ESPECIFICAR,Sin Especificar,2895.0
30103,468,562,F,23,1996-03-19,49,Semily,east Bohemia,AB,87048482,SIPO,Servicios del Hogar,3735.0
30104,468,562,F,23,1996-03-19,49,Semily,east Bohemia,YZ,30738526,SIN_ESPECIFICAR,Sin Especificar,499.0
30105,469,563,F,37,1997-07-14,72,Olomouc,north Moravia,AB,32004195,SIPO,Servicios del Hogar,2672.0
30106,470,565,F,39,1994-03-23,64,Zlin,south Moravia,AB,41005563,SIPO,Servicios del Hogar,3568.0
30107,470,565,F,39,1994-03-23,64,Zlin,south Moravia,IJ,70524096,SIN_ESPECIFICAR,Sin Especificar,630.0
30108,470,565,F,39,1994-03-23,64,Zlin,south Moravia,OP,43083483,POJISTNE,Pago de Seguros,1078.0
30109,471,566,F,52,1995-06-07,47,Pardubice,east Bohemia,ST,26110238,SIPO,Servicios del Hogar,4695.0
30110,471,566,F,52,1995-06-07,47,Pardubice,east Bohemia,CD,97181409,SIN_ESPECIFICAR,Sin Especificar,931.0
30111,471,566,F,52,1995-06-07,47,Pardubice,east Bohemia,CD,33731478,POJISTNE,Pago de Seguros,253.0
30112,471,566,F,52,1995-06-07,47,Pardubice,east Bohemia,KL,45840859,SIN_ESPECIFICAR,Sin Especificar,202.0
30113,472,568,F,38,1996-10-11,8,Mlada Boleslav,central Bohemia,UV,6824928,UVER,Cuota de Prestamo,8200.0
30114,473,569,M,36,1996-10-20,73,Opava,north Moravia,GH,65049969,SIPO,Servicios del Hogar,4237.0
30115,473,569,M,36,1996-10-20,73,Opava,north Moravia,KL,67095625,SIN_ESPECIFICAR,Sin Especificar,2640.0
30116,473,569,M,36,1996-10-20,73,Opava,north Moravia,QR,76250731,POJISTNE,Pago de Seguros,75.0
30117,473,569,M,36,1996-10-20,73,Opava,north Moravia,YZ,22973603,SIN_ESPECIFICAR,Sin Especificar,333.0
30118,474,570,F,57,1995-12-06,61,Trebic,south Moravia,UV,33440119,SIPO,Servicios del Hogar,694.0
30119,474,570,F,57,1995-12-06,61,Trebic,south Moravia,OP,79647504,SIN_ESPECIFICAR,Sin Especificar,1606.0
30120,475,571,M,74,1997-05-11,3,Beroun,central Bohemia,UV,33983725,SIPO,Servicios del Hogar,2760.0
30121,477,574,M,26,1993-01-25,1,Hl.m. Praha,Prague,CD,7729125,SIPO,Servicios del Hogar,2660.0
30122,477,574,M,26,1993-01-25,1,Hl.m. Praha,Prague,GH,40855217,SIN_ESPECIFICAR,Sin Especificar,254.0
30123,477,574,M,26,1993-01-25,1,Hl.m. Praha,Prague,IJ,25759440,POJISTNE,Pago de Seguros,463.0
30124,478,575,M,28,1994-07-16,58,Jihlava,south Moravia,EF,9013551,SIPO,Servicios del Hogar,8137.0
30125,479,577,F,35,1995-11-05,1,Hl.m. Praha,Prague,YZ,117046,SIPO,Servicios del Hogar,2064.0
30126,480,578,F,21,1997-01-21,23,Cheb,west Bohemia,KL,12772888,SIPO,Servicios del Hogar,4687.0
30127,480,578,F,21,1997-01-21,23,Cheb,west Bohemia,IJ,72983371,LEASING,Arrendamiento / Leasing,827.0
30128,481,579,F,65,1996-04-23,72,Olomouc,north Moravia,GH,50636059,SIPO,Servicios del Hogar,64.0
30129,481,579,F,65,1996-04-23,72,Olomouc,north Moravia,IJ,29175484,SIPO,Servicios del Hogar,1825.0
30134,483,581,F,49,1997-07-15,70,Karvina,north Moravia,GH,70076584,SIPO,Servicios del Hogar,1940.0
30135,484,582,M,48,1995-01-20,1,Hl.m. Praha,Prague,GH,19220835,SIPO,Servicios del Hogar,1652.0
30136,484,582,M,48,1995-01-20,1,Hl.m. Praha,Prague,MN,16825324,SIN_ESPECIFICAR,Sin Especificar,1995.0
30137,484,582,M,48,1995-01-20,1,Hl.m. Praha,Prague,GH,17417866,POJISTNE,Pago de Seguros,108.0
30138,484,582,M,48,1995-01-20,1,Hl.m. Praha,Prague,IJ,31340134,SIN_ESPECIFICAR,Sin Especificar,1412.0
30139,485,583,F,33,1993-01-04,6,Kutna Hora,central Bohemia,AB,58655077,LEASING,Arrendamiento / Leasing,2630.0
30140,485,583,F,33,1993-01-04,6,Kutna Hora,central Bohemia,EF,89687889,SIPO,Servicios del Hogar,7421.0
30141,485,583,F,33,1993-01-04,6,Kutna Hora,central Bohemia,WX,56978738,SIN_ESPECIFICAR,Sin Especificar,1591.0
30142,485,583,F,33,1993-01-04,6,Kutna Hora,central Bohemia,AB,20747721,POJISTNE,Pago de Seguros,3572.0
30143,487,585,F,56,1995-11-14,40,Teplice,north Bohemia,GH,40831804,SIPO,Servicios del Hogar,10684.0
30144,489,588,F,38,1993-05-17,16,Jindrichuv Hradec,south Bohemia,ST,53826928,SIPO,Servicios del Hogar,5608.0
30145,490,589,M,37,1995-05-23,45,Jicin,east Bohemia,UV,89067864,SIPO,Servicios del Hogar,2042.0
30146,491,590,M,49,1996-05-12,44,Chrudim,east Bohemia,EF,26434993,SIPO,Servicios del Hogar,9090.0
30147,494,593,F,44,1993-03-11,60,Prostejov,south Moravia,EF,88363974,LEASING,Arrendamiento / Leasing,2630.0
30148,494,593,F,44,1993-03-11,60,Prostejov,south Moravia,GH,24389368,SIPO,Servicios del Hogar,8728.0
30149,494,593,F,44,1993-03-11,60,Prostejov,south Moravia,ST,62039023,SIN_ESPECIFICAR,Sin Especificar,207.0
30153,496,596,M,50,1993-02-26,69,Jesenik,north Moravia,IJ,60471528,SIPO,Servicios del Hogar,3602.0
30154,497,597,M,55,1993-04-15,55,Brno - venkov,south Moravia,EF,31873262,SIPO,Servicios del Hogar,3405.0
30157,500,601,M,32,1996-04-27,56,Breclav,south Moravia,WX,67136871,LEASING,Arrendamiento / Leasing,2630.0
30158,500,601,M,32,1996-04-27,56,Breclav,south Moravia,MN,57751679,SIPO,Servicios del Hogar,3267.0
30159,500,601,M,32,1996-04-27,56,Breclav,south Moravia,AB,1471186,SIN_ESPECIFICAR,Sin Especificar,539.0
30160,501,603,F,32,1995-10-21,13,Rakovnik,central Bohemia,KL,79491948,UVER,Cuota de Prestamo,4383.0
30161,502,604,F,33,1997-10-13,1,Hl.m. Praha,Prague,ST,27518320,SIPO,Servicios del Hogar,2498.0
30162,503,605,F,28,1996-08-08,1,Hl.m. Praha,Prague,QR,34156501,SIPO,Servicios del Hogar,7175.0
30163,503,605,F,28,1996-08-08,1,Hl.m. Praha,Prague,GH,41920358,LEASING,Arrendamiento / Leasing,1746.0
30164,504,606,F,49,1993-04-21,73,Opava,north Moravia,UV,2230048,SIPO,Servicios del Hogar,2308.0
30165,505,607,M,34,1996-12-16,64,Zlin,south Moravia,QR,6899768,SIPO,Servicios del Hogar,18.0
30166,505,607,M,34,1996-12-16,64,Zlin,south Moravia,OP,5099285,SIN_ESPECIFICAR,Sin Especificar,2203.0
30167,506,608,M,26,1996-07-08,67,Bruntal,north Moravia,GH,21071094,SIPO,Servicios del Hogar,3011.0
30168,506,608,M,26,1996-07-08,67,Bruntal,north Moravia,QR,70163124,SIN_ESPECIFICAR,Sin Especificar,107.0
30169,506,608,M,26,1996-07-08,67,Bruntal,north Moravia,IJ,18590253,POJISTNE,Pago de Seguros,278.0
30170,506,608,M,26,1996-07-08,67,Bruntal,north Moravia,IJ,82022094,SIN_ESPECIFICAR,Sin Especificar,724.0
30171,508,610,F,19,1996-11-19,74,Ostrava - mesto,north Moravia,YZ,41786360,SIPO,Servicios del Hogar,2480.0
30172,509,611,M,46,1997-08-14,36,Liberec,north Bohemia,IJ,50397551,UVER,Cuota de Prestamo,6261.0
30173,510,613,F,21,1993-06-02,1,Hl.m. Praha,Prague,YZ,34629786,SIPO,Servicios del Hogar,2442.0
30174,510,613,F,21,1993-06-02,1,Hl.m. Praha,Prague,UV,64973693,SIN_ESPECIFICAR,Sin Especificar,1319.0
30175,510,613,F,21,1993-06-02,1,Hl.m. Praha,Prague,GH,56986600,POJISTNE,Pago de Seguros,1043.0
30176,511,614,F,51,1996-11-10,14,Ceske Budejovice,south Bohemia,MN,4644132,LEASING,Arrendamiento / Leasing,2630.0
30177,512,615,F,49,1997-01-14,68,Frydek - Mistek,north Moravia,GH,88834064,SIPO,Servicios del Hogar,9449.0
30178,513,616,M,23,1996-11-21,58,Jihlava,south Moravia,EF,99257760,SIPO,Servicios del Hogar,7908.0
30179,514,617,M,24,1996-03-30,70,Karvina,north Moravia,KL,49346691,SIPO,Servicios del Hogar,5760.0
30180,515,618,F,66,1995-02-09,57,Hodonin,south Moravia,CD,6447190,SIPO,Servicios del Hogar,2750.0
30181,516,619,M,78,1996-02-08,6,Kutna Hora,central Bohemia,CD,22182691,SIPO,Servicios del Hogar,3736.0
30182,517,621,M,59,1993-09-22,76,Sumperk,north Moravia,UV,82919829,SIPO,Servicios del Hogar,9255.0
30183,518,622,F,67,1994-09-09,74,Ostrava - mesto,north Moravia,GH,39075994,SIPO,Servicios del Hogar,1338.0
30184,518,622,F,67,1994-09-09,74,Ostrava - mesto,north Moravia,MN,13886338,SIPO,Servicios del Hogar,2015.0
30185,519,623,M,73,1993-11-12,24,Karlovy Vary,west Bohemia,AB,65870404,SIPO,Servicios del Hogar,3245.0
30186,520,625,F,20,1993-11-04,60,Prostejov,south Moravia,MN,67366206,SIPO,Servicios del Hogar,2332.0
30187,521,626,M,18,1995-10-08,9,Nymburk,central Bohemia,IJ,98804980,SIPO,Servicios del Hogar,4234.0
30188,522,627,M,26,1995-12-20,17,Pelhrimov,south Bohemia,WX,31764650,SIPO,Servicios del Hogar,77.0
30189,522,627,M,26,1995-12-20,17,Pelhrimov,south Bohemia,GH,18812161,SIN_ESPECIFICAR,Sin Especificar,4930.0
30190,524,630,M,46,1994-05-03,61,Trebic,south Moravia,AB,71994364,SIPO,Servicios del Hogar,5768.0
30191,525,631,F,42,1996-03-20,70,Karvina,north Moravia,MN,88872944,UVER,Cuota de Prestamo,4383.0
30192,525,631,F,42,1996-03-20,70,Karvina,north Moravia,ST,67853247,SIPO,Servicios del Hogar,6454.0
30193,526,632,M,52,1996-07-16,67,Bruntal,north Moravia,MN,22128474,SIPO,Servicios del Hogar,5074.0
30195,528,635,F,71,1996-12-30,17,Pelhrimov,south Bohemia,IJ,11964172,SIPO,Servicios del Hogar,2916.0
30196,529,637,F,28,1997-08-18,39,Most,north Bohemia,MN,85919022,SIPO,Servicios del Hogar,3344.0
30197,531,639,M,20,1995-08-18,31,Tachov,west Bohemia,OP,48101,SIPO,Servicios del Hogar,2144.0
30198,533,641,F,36,1995-05-07,40,Teplice,north Bohemia,EF,5924845,SIPO,Servicios del Hogar,1319.0
30199,533,641,F,36,1995-05-07,40,Teplice,north Bohemia,IJ,31916600,SIN_ESPECIFICAR,Sin Especificar,3427.0
30200,534,643,F,49,1997-05-26,1,Hl.m. Praha,Prague,KL,26713061,SIPO,Servicios del Hogar,1747.0
30201,534,643,F,49,1997-05-26,1,Hl.m. Praha,Prague,KL,88319682,SIN_ESPECIFICAR,Sin Especificar,713.0
30202,534,643,F,49,1997-05-26,1,Hl.m. Praha,Prague,OP,71464949,POJISTNE,Pago de Seguros,1341.0
30203,535,644,F,37,1994-05-24,35,Jablonec n. Nisou,north Bohemia,OP,26501775,SIPO,Servicios del Hogar,7021.0
30204,535,644,F,37,1994-05-24,35,Jablonec n. Nisou,north Bohemia,UV,15932035,SIN_ESPECIFICAR,Sin Especificar,62.0
30205,535,644,F,37,1994-05-24,35,Jablonec n. Nisou,north Bohemia,MN,70218544,POJISTNE,Pago de Seguros,765.0
30206,536,645,M,73,1996-10-13,14,Ceske Budejovice,south Bohemia,AB,84382724,SIPO,Servicios del Hogar,1742.0
30207,536,645,M,73,1996-10-13,14,Ceske Budejovice,south Bohemia,AB,56864386,SIPO,Servicios del Hogar,827.0
30208,537,646,F,76,1997-01-08,34,Chomutov,north Bohemia,ST,79339456,SIPO,Servicios del Hogar,1848.0
30209,538,648,F,63,1994-06-07,70,Karvina,north Moravia,OP,5225766,SIPO,Servicios del Hogar,2692.0
30210,541,652,M,60,1993-08-12,61,Trebic,south Moravia,IJ,97866481,SIPO,Servicios del Hogar,3030.0
30211,541,652,M,60,1993-08-12,61,Trebic,south Moravia,WX,97620743,SIN_ESPECIFICAR,Sin Especificar,72.0
30212,541,652,M,60,1993-08-12,61,Trebic,south Moravia,AB,50762343,POJISTNE,Pago de Seguros,5626.0
30213,542,653,F,68,1993-11-01,1,Hl.m. Praha,Prague,WX,82309841,SIPO,Servicios del Hogar,2750.0
30214,543,654,F,56,1994-05-03,64,Zlin,south Moravia,EF,10095620,SIPO,Servicios del Hogar,647.0
30215,543,654,F,56,1994-05-03,64,Zlin,south Moravia,QR,32736635,SIN_ESPECIFICAR,Sin Especificar,1086.0
30216,543,654,F,56,1994-05-03,64,Zlin,south Moravia,CD,41006070,POJISTNE,Pago de Seguros,655.0
30217,544,655,M,56,1995-05-15,32,Ceska Lipa,north Bohemia,EF,24082440,UVER,Cuota de Prestamo,3798.0
30218,545,656,M,42,1993-11-24,54,Brno - mesto,south Moravia,YZ,87724715,SIPO,Servicios del Hogar,3306.0
30219,546,657,F,72,1996-11-23,8,Mlada Boleslav,central Bohemia,YZ,87099098,SIPO,Servicios del Hogar,2940.0
30220,547,659,M,33,1997-07-27,24,Karlovy Vary,west Bohemia,EF,48055100,SIPO,Servicios del Hogar,2273.0
30221,548,660,M,75,1994-06-07,16,Jindrichuv Hradec,south Bohemia,EF,87448715,SIPO,Servicios del Hogar,1285.0
30222,548,660,M,75,1994-06-07,16,Jindrichuv Hradec,south Bohemia,AB,56284767,SIPO,Servicios del Hogar,528.0
30223,549,662,M,53,1996-11-27,5,Kolin,central Bohemia,OP,83005940,SIPO,Servicios del Hogar,1067.0
30224,549,662,M,53,1996-11-27,5,Kolin,central Bohemia,CD,87506788,SIN_ESPECIFICAR,Sin Especificar,3024.0
30225,550,663,M,75,1997-10-17,24,Karlovy Vary,west Bohemia,GH,71731483,SIPO,Servicios del Hogar,1247.0
30226,550,663,M,75,1997-10-17,24,Karlovy Vary,west Bohemia,WX,49558728,SIPO,Servicios del Hogar,349.0
30227,552,665,F,66,1993-08-20,14,Ceske Budejovice,south Bohemia,AB,68878775,SIPO,Servicios del Hogar,2097.0
30228,555,668,F,56,1993-05-15,24,Karlovy Vary,west Bohemia,ST,6209928,SIPO,Servicios del Hogar,7218.0
30229,555,668,F,56,1993-05-15,24,Karlovy Vary,west Bohemia,YZ,19875437,SIN_ESPECIFICAR,Sin Especificar,479.0
30230,555,668,F,56,1993-05-15,24,Karlovy Vary,west Bohemia,WX,3315794,POJISTNE,Pago de Seguros,71.0
30231,557,670,M,39,1995-11-26,1,Hl.m. Praha,Prague,MN,88362860,SIPO,Servicios del Hogar,2050.0
30232,558,671,F,27,1996-06-15,10,Praha - vychod,central Bohemia,CD,60158938,SIPO,Servicios del Hogar,4081.0
30233,558,671,F,27,1996-06-15,10,Praha - vychod,central Bohemia,WX,11205697,SIN_ESPECIFICAR,Sin Especificar,1476.0
30234,559,672,F,69,1993-03-05,46,Nachod,east Bohemia,CD,77164244,SIPO,Servicios del Hogar,2175.0
30235,560,673,M,59,1995-08-20,36,Liberec,north Bohemia,QR,17489135,SIPO,Servicios del Hogar,5683.0
30236,561,674,F,71,1996-12-12,11,Praha - zapad,central Bohemia,QR,37346130,SIPO,Servicios del Hogar,343.0
30237,561,674,F,71,1996-12-12,11,Praha - zapad,central Bohemia,WX,77749645,SIPO,Servicios del Hogar,1308.0
30238,563,676,M,45,1993-07-27,53,Blansko,south Moravia,QR,96173613,SIPO,Servicios del Hogar,6245.0
30239,564,677,M,35,1997-12-23,5,Kolin,central Bohemia,YZ,8056086,SIPO,Servicios del Hogar,295.0
30240,564,677,M,35,1997-12-23,5,Kolin,central Bohemia,IJ,56459259,SIN_ESPECIFICAR,Sin Especificar,8713.0
30241,565,678,F,65,1995-11-25,39,Most,north Bohemia,KL,67758250,SIPO,Servicios del Hogar,3509.0
30242,568,682,M,19,1995-03-28,18,Pisek,south Bohemia,CD,60686451,LEASING,Arrendamiento / Leasing,1408.0
30243,569,683,F,53,1996-10-01,76,Sumperk,north Moravia,YZ,87054288,SIPO,Servicios del Hogar,2074.0
30244,570,684,F,22,1996-11-14,3,Beroun,central Bohemia,YZ,48868894,SIPO,Servicios del Hogar,6273.0
30245,571,685,F,68,1996-07-16,72,Olomouc,north Moravia,EF,93711280,SIPO,Servicios del Hogar,3255.0
30246,572,686,F,27,1994-03-27,32,Ceska Lipa,north Bohemia,WX,64459979,SIPO,Servicios del Hogar,5372.0
30247,572,686,F,27,1994-03-27,32,Ceska Lipa,north Bohemia,EF,76923572,SIN_ESPECIFICAR,Sin Especificar,960.0
30248,572,686,F,27,1994-03-27,32,Ceska Lipa,north Bohemia,QR,5563730,POJISTNE,Pago de Seguros,349.0
30249,572,686,F,27,1994-03-27,32,Ceska Lipa,north Bohemia,WX,71732580,LEASING,Arrendamiento / Leasing,1413.0
30250,573,688,M,44,1996-07-11,1,Hl.m. Praha,Prague,CD,80680703,LEASING,Arrendamiento / Leasing,2249.0
30251,575,690,M,56,1994-04-26,38,Louny,north Bohemia,KL,32180041,SIPO,Servicios del Hogar,756.0
30252,575,690,M,56,1994-04-26,38,Louny,north Bohemia,GH,62339043,SIN_ESPECIFICAR,Sin Especificar,5329.0
30253,576,692,F,62,1993-01-01,55,Brno - venkov,south Moravia,OP,71033382,SIPO,Servicios del Hogar,3662.0
30254,577,694,M,62,1994-09-20,29,Rokycany,west Bohemia,QR,92529356,SIPO,Servicios del Hogar,5120.0
30255,578,695,M,43,1997-03-21,28,Plzen - sever,west Bohemia,ST,9104431,SIPO,Servicios del Hogar,5484.0
30256,578,695,M,43,1997-03-21,28,Plzen - sever,west Bohemia,KL,6721955,SIN_ESPECIFICAR,Sin Especificar,601.0
30257,578,695,M,43,1997-03-21,28,Plzen - sever,west Bohemia,KL,88757896,POJISTNE,Pago de Seguros,17.0
30258,578,695,M,43,1997-03-21,28,Plzen - sever,west Bohemia,CD,84361481,SIN_ESPECIFICAR,Sin Especificar,57.0
30259,579,697,M,24,1997-12-16,1,Hl.m. Praha,Prague,OP,19994384,SIPO,Servicios del Hogar,2771.0
30260,579,697,M,24,1997-12-16,1,Hl.m. Praha,Prague,CD,61798560,SIN_ESPECIFICAR,Sin Especificar,1065.0
30261,580,698,M,44,1996-05-20,75,Prerov,north Moravia,KL,18037027,SIPO,Servicios del Hogar,3571.0
30262,580,698,M,44,1996-05-20,75,Prerov,north Moravia,AB,27916240,SIN_ESPECIFICAR,Sin Especificar,1715.0
30263,581,699,F,76,1996-10-13,26,Plzen - mesto,west Bohemia,KL,62047934,SIPO,Servicios del Hogar,1502.0
30264,582,700,M,69,1994-08-05,12,Pribram,central Bohemia,KL,94775294,SIPO,Servicios del Hogar,2812.0
30266,584,702,F,30,1996-07-14,31,Tachov,west Bohemia,MN,76447403,SIPO,Servicios del Hogar,2302.0
30267,588,706,M,50,1993-03-14,66,Zdar nad Sazavou,south Moravia,AB,29001635,SIPO,Servicios del Hogar,3141.0
30268,588,706,M,50,1993-03-14,66,Zdar nad Sazavou,south Moravia,MN,81579917,SIN_ESPECIFICAR,Sin Especificar,1437.0
30269,588,706,M,50,1993-03-14,66,Zdar nad Sazavou,south Moravia,KL,40627336,POJISTNE,Pago de Seguros,511.0
30270,589,707,M,57,1997-04-26,1,Hl.m. Praha,Prague,GH,69257765,SIPO,Servicios del Hogar,5746.0
30271,591,709,M,64,1997-08-12,1,Hl.m. Praha,Prague,WX,33145171,SIPO,Servicios del Hogar,2788.0
30272,592,710,M,73,1996-12-27,23,Cheb,west Bohemia,WX,11703169,SIPO,Servicios del Hogar,1148.0
30273,592,710,M,73,1996-12-27,23,Cheb,west Bohemia,MN,17637676,SIPO,Servicios del Hogar,460.0
30274,594,712,M,36,1994-12-09,54,Brno - mesto,south Moravia,CD,76892024,SIPO,Servicios del Hogar,2054.0
30275,595,713,F,18,1996-12-21,20,Strakonice,south Bohemia,WX,22432470,SIPO,Servicios del Hogar,4702.0
30276,597,715,F,46,1993-12-05,41,Usti nad Labem,north Bohemia,EF,43030637,SIPO,Servicios del Hogar,6135.0
30277,598,716,F,44,1997-02-08,1,Hl.m. Praha,Prague,IJ,36825537,SIPO,Servicios del Hogar,7781.0
30278,599,717,M,30,1996-12-04,54,Brno - mesto,south Moravia,OP,94891345,SIPO,Servicios del Hogar,3118.0
30279,599,717,M,30,1996-12-04,54,Brno - mesto,south Moravia,MN,75048130,SIN_ESPECIFICAR,Sin Especificar,967.0
30280,600,719,M,24,1997-03-13,46,Nachod,east Bohemia,UV,6513369,SIPO,Servicios del Hogar,5952.0
30281,601,720,M,44,1993-08-04,29,Rokycany,west Bohemia,ST,62110066,SIPO,Servicios del Hogar,2230.0
30282,602,721,M,58,1995-10-27,43,Hradec Kralove,east Bohemia,EF,11328745,SIPO,Servicios del Hogar,3191.0
30283,603,722,F,28,1996-06-11,62,Uherske Hradiste,south Moravia,KL,46360403,SIPO,Servicios del Hogar,4361.0
30284,605,724,F,45,1997-02-04,65,Znojmo,south Moravia,CD,93390070,SIPO,Servicios del Hogar,6876.0
30285,606,725,M,42,1997-11-04,75,Prerov,north Moravia,EF,87049013,SIPO,Servicios del Hogar,7140.0
30286,606,725,M,42,1997-11-04,75,Prerov,north Moravia,GH,57793295,SIN_ESPECIFICAR,Sin Especificar,1071.0
30287,607,726,M,63,1995-02-17,16,Jindrichuv Hradec,south Bohemia,KL,5990779,SIPO,Servicios del Hogar,2082.0
30288,608,727,F,68,1995-03-27,32,Ceska Lipa,north Bohemia,AB,57903474,SIPO,Servicios del Hogar,2895.0
30289,609,729,F,29,1994-05-15,63,Vyskov,south Moravia,IJ,28244787,SIPO,Servicios del Hogar,1171.0
30290,609,729,F,29,1994-05-15,63,Vyskov,south Moravia,CD,14562350,SIN_ESPECIFICAR,Sin Especificar,732.0
30291,609,729,F,29,1994-05-15,63,Vyskov,south Moravia,IJ,59537684,POJISTNE,Pago de Seguros,67.0
30292,611,733,M,20,1997-07-21,46,Nachod,east Bohemia,AB,98749815,SIPO,Servicios del Hogar,2284.0
30293,612,735,M,25,1996-05-27,1,Hl.m. Praha,Prague,YZ,28562253,SIPO,Servicios del Hogar,1936.0
30294,614,738,M,78,1997-06-07,25,Klatovy,west Bohemia,YZ,9777558,SIPO,Servicios del Hogar,1664.0
30295,615,739,M,56,1996-04-09,72,Olomouc,north Moravia,UV,30659657,SIPO,Servicios del Hogar,309.0
30296,615,739,M,56,1996-04-09,72,Olomouc,north Moravia,OP,63728749,SIN_ESPECIFICAR,Sin Especificar,1787.0
30297,616,740,M,75,1993-10-14,43,Hradec Kralove,east Bohemia,OP,38012558,SIPO,Servicios del Hogar,1869.0
30298,617,741,M,57,1996-08-23,74,Ostrava - mesto,north Moravia,WX,41264140,LEASING,Arrendamiento / Leasing,2607.0
30299,617,741,M,57,1996-08-23,74,Ostrava - mesto,north Moravia,MN,8556467,SIPO,Servicios del Hogar,13080.0
30300,618,742,F,47,1996-10-02,1,Hl.m. Praha,Prague,ST,52253526,SIPO,Servicios del Hogar,747.0
30301,618,742,F,47,1996-10-02,1,Hl.m. Praha,Prague,WX,93719195,SIN_ESPECIFICAR,Sin Especificar,3035.0
30302,619,743,M,57,1995-09-09,1,Hl.m. Praha,Prague,YZ,51829963,SIPO,Servicios del Hogar,1729.0
30303,619,743,M,57,1995-09-09,1,Hl.m. Praha,Prague,AB,96250706,SIN_ESPECIFICAR,Sin Especificar,6538.0
30304,621,745,F,32,1996-06-01,52,Usti nad Orlici,east Bohemia,GH,21300334,SIPO,Servicios del Hogar,366.0
30305,621,745,F,32,1996-06-01,52,Usti nad Orlici,east Bohemia,QR,32067704,SIN_ESPECIFICAR,Sin Especificar,3043.0
30306,622,747,F,45,1997-06-22,24,Karlovy Vary,west Bohemia,MN,57849115,SIPO,Servicios del Hogar,6255.0
30307,622,747,F,45,1997-06-22,24,Karlovy Vary,west Bohemia,MN,53675001,SIN_ESPECIFICAR,Sin Especificar,594.0
30308,622,747,F,45,1997-06-22,24,Karlovy Vary,west Bohemia,QR,46919482,POJISTNE,Pago de Seguros,2568.0
30309,622,747,F,45,1997-06-22,24,Karlovy Vary,west Bohemia,GH,23822355,SIN_ESPECIFICAR,Sin Especificar,11.0
30310,623,748,M,62,1993-03-24,1,Hl.m. Praha,Prague,ST,73409360,SIPO,Servicios del Hogar,419.0
30311,623,748,M,62,1993-03-24,1,Hl.m. Praha,Prague,IJ,34328079,SIN_ESPECIFICAR,Sin Especificar,1653.0
30312,625,751,M,39,1995-07-12,70,Karvina,north Moravia,CD,76538800,LEASING,Arrendamiento / Leasing,2607.0
30313,625,751,M,39,1995-07-12,70,Karvina,north Moravia,QR,50207537,SIPO,Servicios del Hogar,11457.0
30314,626,752,M,54,1993-11-11,72,Olomouc,north Moravia,WX,22472965,SIPO,Servicios del Hogar,3639.0
30315,627,754,F,51,1993-02-05,63,Vyskov,south Moravia,KL,23483765,SIPO,Servicios del Hogar,8228.0
30316,627,754,F,51,1993-02-05,63,Vyskov,south Moravia,KL,85517316,LEASING,Arrendamiento / Leasing,554.0
30317,628,755,M,51,1994-01-03,72,Olomouc,north Moravia,YZ,24106633,SIPO,Servicios del Hogar,3028.0
30318,629,756,M,78,1994-07-25,31,Tachov,west Bohemia,QR,91464036,SIPO,Servicios del Hogar,1207.0
30319,629,756,M,78,1994-07-25,31,Tachov,west Bohemia,WX,2222919,SIPO,Servicios del Hogar,1500.0
30320,630,757,F,28,1993-06-29,71,Novy Jicin,north Moravia,IJ,662714,SIPO,Servicios del Hogar,2361.0
30321,631,758,F,37,1996-03-25,68,Frydek - Mistek,north Moravia,GH,89184629,SIPO,Servicios del Hogar,2394.0
30322,632,759,M,43,1996-05-14,29,Rokycany,west Bohemia,OP,31188458,SIPO,Servicios del Hogar,842.0
30323,632,759,M,43,1996-05-14,29,Rokycany,west Bohemia,CD,54220384,SIN_ESPECIFICAR,Sin Especificar,199.0
30324,632,759,M,43,1996-05-14,29,Rokycany,west Bohemia,ST,95301532,POJISTNE,Pago de Seguros,1092.0
30325,633,760,F,62,1995-12-06,57,Hodonin,south Moravia,KL,56019914,SIPO,Servicios del Hogar,3177.0
30327,635,762,M,61,1994-08-21,21,Tabor,south Bohemia,OP,12794989,SIPO,Servicios del Hogar,1683.0
30328,635,762,M,61,1994-08-21,21,Tabor,south Bohemia,GH,86240660,SIN_ESPECIFICAR,Sin Especificar,2707.0
30329,635,762,M,61,1994-08-21,21,Tabor,south Bohemia,KL,117952,POJISTNE,Pago de Seguros,2160.0
30330,635,762,M,61,1994-08-21,21,Tabor,south Bohemia,UV,56503492,SIN_ESPECIFICAR,Sin Especificar,1547.0
30331,636,763,F,71,1997-04-24,75,Prerov,north Moravia,YZ,33446622,SIPO,Servicios del Hogar,3056.0
30332,637,764,F,43,1996-08-27,49,Semily,east Bohemia,AB,34624809,SIPO,Servicios del Hogar,1934.0
30333,638,765,M,29,1995-06-28,65,Znojmo,south Moravia,QR,41244357,SIPO,Servicios del Hogar,2487.0
30334,638,765,M,29,1995-06-28,65,Znojmo,south Moravia,AB,77634972,SIN_ESPECIFICAR,Sin Especificar,4668.0
30335,638,765,M,29,1995-06-28,65,Znojmo,south Moravia,GH,45651602,POJISTNE,Pago de Seguros,873.0
30336,639,766,F,72,1997-11-03,1,Hl.m. Praha,Prague,ST,77312248,SIPO,Servicios del Hogar,2046.0
30337,640,768,F,67,1993-06-02,32,Ceska Lipa,north Bohemia,MN,49130755,SIPO,Servicios del Hogar,2891.0
30338,641,769,M,21,1997-06-22,40,Teplice,north Bohemia,WX,41606414,SIPO,Servicios del Hogar,3330.0
30340,644,773,M,63,1997-11-06,4,Kladno,central Bohemia,YZ,15593272,SIPO,Servicios del Hogar,946.0
30341,644,773,M,63,1997-11-06,4,Kladno,central Bohemia,YZ,19007480,SIN_ESPECIFICAR,Sin Especificar,1026.0
30342,645,774,M,25,1997-08-21,70,Karvina,north Moravia,GH,25328028,SIPO,Servicios del Hogar,13466.0
30343,646,775,F,58,1996-01-06,51,Trutnov,east Bohemia,AB,34125185,SIPO,Servicios del Hogar,4876.0
30344,647,776,F,45,1997-04-28,1,Hl.m. Praha,Prague,UV,41266620,SIPO,Servicios del Hogar,6465.0
30345,648,778,M,58,1993-11-09,13,Rakovnik,central Bohemia,OP,81294440,SIPO,Servicios del Hogar,9240.0
30346,649,779,F,54,1994-05-17,69,Jesenik,north Moravia,AB,90564441,LEASING,Arrendamiento / Leasing,3430.0
30347,650,780,M,74,1995-01-28,3,Beroun,central Bohemia,YZ,70699482,SIPO,Servicios del Hogar,1697.0
30348,651,781,M,53,1993-11-28,72,Olomouc,north Moravia,QR,14427155,SIPO,Servicios del Hogar,2652.0
30349,651,781,M,53,1993-11-28,72,Olomouc,north Moravia,CD,54411101,SIN_ESPECIFICAR,Sin Especificar,4062.0
30350,652,782,F,35,1993-01-05,21,Tabor,south Bohemia,YZ,56959491,SIPO,Servicios del Hogar,7591.0
30351,653,783,F,27,1997-08-19,27,Plzen - jih,west Bohemia,IJ,52822631,SIPO,Servicios del Hogar,5397.0
30352,654,785,M,64,1994-10-16,63,Vyskov,south Moravia,AB,49887746,SIPO,Servicios del Hogar,2885.0
30353,655,786,M,20,1993-03-24,53,Blansko,south Moravia,CD,91412663,SIPO,Servicios del Hogar,1899.0
30354,655,786,M,20,1993-03-24,53,Blansko,south Moravia,WX,48714017,SIN_ESPECIFICAR,Sin Especificar,2036.0
30355,655,786,M,20,1993-03-24,53,Blansko,south Moravia,KL,32799506,POJISTNE,Pago de Seguros,193.0
30356,655,786,M,20,1993-03-24,53,Blansko,south Moravia,IJ,19362265,SIN_ESPECIFICAR,Sin Especificar,341.0
30357,656,787,M,51,1996-08-18,3,Beroun,central Bohemia,KL,74315947,SIPO,Servicios del Hogar,5477.0
30358,657,788,M,24,1993-08-08,47,Pardubice,east Bohemia,AB,72237545,SIPO,Servicios del Hogar,1066.0
30359,657,788,M,24,1993-08-08,47,Pardubice,east Bohemia,MN,15075981,SIN_ESPECIFICAR,Sin Especificar,1862.0
30360,658,789,M,67,1996-01-10,4,Kladno,central Bohemia,ST,92509448,SIPO,Servicios del Hogar,2703.0
30361,659,790,F,31,1996-12-14,63,Vyskov,south Moravia,EF,43700408,SIPO,Servicios del Hogar,1833.0
30362,659,790,F,31,1996-12-14,63,Vyskov,south Moravia,CD,72181445,SIN_ESPECIFICAR,Sin Especificar,107.0
30363,660,791,F,48,1996-01-20,68,Frydek - Mistek,north Moravia,EF,56245785,SIPO,Servicios del Hogar,1234.0
30364,660,791,F,48,1996-01-20,68,Frydek - Mistek,north Moravia,WX,50051724,SIN_ESPECIFICAR,Sin Especificar,5338.0
30367,662,793,M,20,1994-07-18,21,Tabor,south Bohemia,UV,32952279,SIPO,Servicios del Hogar,3330.0
30370,664,796,M,79,1996-12-08,1,Hl.m. Praha,Prague,OP,7335311,SIPO,Servicios del Hogar,2997.0
30371,665,797,M,50,1995-09-03,8,Mlada Boleslav,central Bohemia,ST,69178992,SIPO,Servicios del Hogar,4149.0
30372,666,798,F,58,1996-03-15,27,Plzen - jih,west Bohemia,AB,85506128,SIPO,Servicios del Hogar,3936.0
30373,666,798,F,58,1996-03-15,27,Plzen - jih,west Bohemia,ST,70089435,SIN_ESPECIFICAR,Sin Especificar,2282.0
30374,666,798,F,58,1996-03-15,27,Plzen - jih,west Bohemia,GH,93173819,POJISTNE,Pago de Seguros,955.0
30375,666,798,F,58,1996-03-15,27,Plzen - jih,west Bohemia,UV,65873688,UVER,Cuota de Prestamo,1045.0
30386,669,803,M,47,1996-06-07,35,Jablonec n. Nisou,north Bohemia,WX,12925506,SIPO,Servicios del Hogar,1947.0
30390,673,808,M,35,1997-12-08,31,Tachov,west Bohemia,KL,71669763,SIPO,Servicios del Hogar,4586.0
30391,674,809,M,79,1995-09-02,49,Semily,east Bohemia,EF,63081496,SIPO,Servicios del Hogar,2058.0
30392,675,810,F,53,1995-08-03,58,Jihlava,south Moravia,MN,74623369,SIPO,Servicios del Hogar,6358.0
30393,675,810,F,53,1995-08-03,58,Jihlava,south Moravia,MN,56463271,UVER,Cuota de Prestamo,1704.0
30394,676,812,M,58,1995-09-22,39,Most,north Bohemia,GH,72221982,SIPO,Servicios del Hogar,3017.0
30395,678,814,M,39,1993-10-08,17,Pelhrimov,south Bohemia,YZ,20567107,SIPO,Servicios del Hogar,1192.0
30396,678,814,M,39,1993-10-08,17,Pelhrimov,south Bohemia,WX,52606773,SIN_ESPECIFICAR,Sin Especificar,1929.0
30397,678,814,M,39,1993-10-08,17,Pelhrimov,south Bohemia,CD,77998667,POJISTNE,Pago de Seguros,1967.0
30398,679,815,F,34,1997-07-12,22,Domazlice,west Bohemia,OP,91457056,SIPO,Servicios del Hogar,4049.0
30399,679,815,F,34,1997-07-12,22,Domazlice,west Bohemia,KL,27114582,SIN_ESPECIFICAR,Sin Especificar,450.0
30400,679,815,F,34,1997-07-12,22,Domazlice,west Bohemia,UV,84744864,POJISTNE,Pago de Seguros,281.0
30401,680,816,F,40,1997-07-18,17,Pelhrimov,south Bohemia,UV,98674255,SIPO,Servicios del Hogar,4853.0
30404,682,818,M,32,1997-06-08,54,Brno - mesto,south Moravia,QR,39035719,SIPO,Servicios del Hogar,1477.0
30405,682,818,M,32,1997-06-08,54,Brno - mesto,south Moravia,CD,62099003,SIN_ESPECIFICAR,Sin Especificar,537.0
30406,683,819,M,40,1996-07-22,74,Ostrava - mesto,north Moravia,QR,19231844,SIPO,Servicios del Hogar,8578.0
30407,684,821,M,50,1996-05-12,49,Semily,east Bohemia,QR,66230869,SIPO,Servicios del Hogar,1936.0
30408,685,822,F,39,1995-01-04,37,Litomerice,north Bohemia,AB,46590065,LEASING,Arrendamiento / Leasing,3847.0
30409,686,823,M,42,1993-04-04,41,Usti nad Labem,north Bohemia,ST,30570674,SIPO,Servicios del Hogar,2212.0
30410,686,823,M,42,1993-04-04,41,Usti nad Labem,north Bohemia,OP,92192554,SIN_ESPECIFICAR,Sin Especificar,2875.0
30411,686,823,M,42,1993-04-04,41,Usti nad Labem,north Bohemia,AB,65920859,POJISTNE,Pago de Seguros,983.0
30412,687,824,M,46,1996-06-02,27,Plzen - jih,west Bohemia,UV,3712326,SIPO,Servicios del Hogar,1444.0
30413,687,824,M,46,1996-06-02,27,Plzen - jih,west Bohemia,EF,84690487,SIN_ESPECIFICAR,Sin Especificar,3998.0
30414,688,825,M,21,1993-11-25,74,Ostrava - mesto,north Moravia,GH,38275259,SIPO,Servicios del Hogar,2509.0
30415,689,826,M,20,1996-04-24,1,Hl.m. Praha,Prague,IJ,27240383,LEASING,Arrendamiento / Leasing,3847.0
30416,689,826,M,20,1996-04-24,1,Hl.m. Praha,Prague,MN,58262753,SIPO,Servicios del Hogar,4989.0
30417,689,826,M,20,1996-04-24,1,Hl.m. Praha,Prague,QR,99909179,SIN_ESPECIFICAR,Sin Especificar,1388.0
30418,689,826,M,20,1996-04-24,1,Hl.m. Praha,Prague,WX,87462937,POJISTNE,Pago de Seguros,17.0
30419,689,826,M,20,1996-04-24,1,Hl.m. Praha,Prague,IJ,93874132,SIN_ESPECIFICAR,Sin Especificar,16.0
30420,690,827,F,33,1996-07-11,10,Praha - vychod,central Bohemia,ST,19503748,SIPO,Servicios del Hogar,7152.0
30421,690,827,F,33,1996-07-11,10,Praha - vychod,central Bohemia,ST,45288330,LEASING,Arrendamiento / Leasing,1749.0
30422,691,829,M,41,1996-02-21,24,Karlovy Vary,west Bohemia,YZ,42897981,SIPO,Servicios del Hogar,3342.0
30423,692,830,M,50,1996-10-02,69,Jesenik,north Moravia,QR,82628667,SIPO,Servicios del Hogar,4366.0
30424,692,830,M,50,1996-10-02,69,Jesenik,north Moravia,OP,98083799,SIN_ESPECIFICAR,Sin Especificar,137.0
30425,693,831,M,50,1994-06-06,2,Benesov,central Bohemia,IJ,37686020,SIPO,Servicios del Hogar,6329.0
30426,694,832,F,75,1996-09-04,67,Bruntal,north Moravia,QR,91037123,SIPO,Servicios del Hogar,3096.0
30427,695,833,M,38,1996-04-21,5,Kolin,central Bohemia,CD,38325697,SIPO,Servicios del Hogar,9516.0
30428,696,834,M,76,1997-11-09,54,Brno - mesto,south Moravia,IJ,2534234,SIPO,Servicios del Hogar,1299.0
30429,696,834,M,76,1997-11-09,54,Brno - mesto,south Moravia,AB,64442080,SIPO,Servicios del Hogar,280.0
30430,697,835,F,55,1993-02-23,28,Plzen - sever,west Bohemia,ST,77658992,SIPO,Servicios del Hogar,6372.0
30431,698,837,M,24,1996-09-29,71,Novy Jicin,north Moravia,EF,98754322,SIPO,Servicios del Hogar,6177.0
30432,700,840,M,61,1994-06-01,20,Strakonice,south Bohemia,WX,21956253,SIPO,Servicios del Hogar,1116.0
30433,700,840,M,61,1994-06-01,20,Strakonice,south Bohemia,YZ,83101778,SIN_ESPECIFICAR,Sin Especificar,1646.0
30434,702,842,F,65,1993-06-23,12,Pribram,central Bohemia,EF,53787499,SIPO,Servicios del Hogar,2813.0
30435,703,843,F,41,1997-12-21,54,Brno - mesto,south Moravia,QR,41043675,SIPO,Servicios del Hogar,2306.0
30436,704,844,M,53,1993-01-01,55,Brno - venkov,south Moravia,IJ,15132719,SIPO,Servicios del Hogar,2141.0
30437,704,844,M,53,1993-01-01,55,Brno - venkov,south Moravia,UV,96896516,SIN_ESPECIFICAR,Sin Especificar,1197.0
30438,705,846,M,49,1997-07-14,35,Jablonec n. Nisou,north Bohemia,KL,67101108,SIPO,Servicios del Hogar,4161.0
30441,710,851,M,79,1994-09-02,25,Klatovy,west Bohemia,KL,95556771,SIPO,Servicios del Hogar,3200.0
30442,711,853,M,49,1994-07-06,70,Karvina,north Moravia,AB,97111349,SIPO,Servicios del Hogar,3243.0
30443,712,854,F,57,1996-12-01,72,Olomouc,north Moravia,UV,19930512,LEASING,Arrendamiento / Leasing,3847.0
30444,713,855,M,68,1996-10-15,58,Jihlava,south Moravia,QR,13186729,SIPO,Servicios del Hogar,3581.0
30445,714,856,M,79,1996-11-04,23,Cheb,west Bohemia,UV,88810574,SIPO,Servicios del Hogar,3782.0
30446,715,857,M,50,1996-08-08,32,Ceska Lipa,north Bohemia,CD,61029869,SIPO,Servicios del Hogar,2877.0
30447,715,857,M,50,1996-08-08,32,Ceska Lipa,north Bohemia,IJ,30505544,SIN_ESPECIFICAR,Sin Especificar,1808.0
30448,715,857,M,50,1996-08-08,32,Ceska Lipa,north Bohemia,MN,31952321,POJISTNE,Pago de Seguros,1378.0
30449,717,859,F,30,1993-04-24,75,Prerov,north Moravia,KL,48199552,SIPO,Servicios del Hogar,6561.0
30450,718,861,F,42,1996-03-03,1,Hl.m. Praha,Prague,KL,3925556,UVER,Cuota de Prestamo,6412.0
30451,718,861,F,42,1996-03-03,1,Hl.m. Praha,Prague,KL,22049463,SIPO,Servicios del Hogar,726.0
30452,718,861,F,42,1996-03-03,1,Hl.m. Praha,Prague,QR,9956103,SIN_ESPECIFICAR,Sin Especificar,7122.0
30453,718,861,F,42,1996-03-03,1,Hl.m. Praha,Prague,MN,10620361,POJISTNE,Pago de Seguros,6041.0
30454,719,862,M,46,1993-12-21,30,Sokolov,west Bohemia,UV,95629697,SIPO,Servicios del Hogar,1991.0
30455,720,863,F,30,1995-07-20,54,Brno - mesto,south Moravia,GH,57822185,SIPO,Servicios del Hogar,3916.0
30456,721,864,M,45,1993-08-29,76,Sumperk,north Moravia,UV,92811554,SIPO,Servicios del Hogar,2194.0
30466,725,870,M,41,1996-07-08,70,Karvina,north Moravia,OP,86504637,SIPO,Servicios del Hogar,2612.0
30467,726,871,M,24,1994-02-03,76,Sumperk,north Moravia,YZ,22188473,SIPO,Servicios del Hogar,3198.0
30468,728,873,M,54,1995-11-28,60,Prostejov,south Moravia,YZ,24685102,SIPO,Servicios del Hogar,1143.0
30469,728,873,M,54,1995-11-28,60,Prostejov,south Moravia,WX,87029039,SIN_ESPECIFICAR,Sin Especificar,4119.0
30470,728,873,M,54,1995-11-28,60,Prostejov,south Moravia,EF,84884696,LEASING,Arrendamiento / Leasing,1863.0
30471,729,874,F,46,1997-02-15,14,Ceske Budejovice,south Bohemia,AB,49945181,SIPO,Servicios del Hogar,1872.0
30472,729,874,F,46,1997-02-15,14,Ceske Budejovice,south Bohemia,GH,95585292,SIN_ESPECIFICAR,Sin Especificar,114.0
30473,729,874,F,46,1997-02-15,14,Ceske Budejovice,south Bohemia,MN,56525182,POJISTNE,Pago de Seguros,67.0
30474,731,877,F,71,1995-07-11,5,Kolin,central Bohemia,UV,24144953,SIPO,Servicios del Hogar,2706.0
30475,732,879,F,55,1996-06-07,38,Louny,north Bohemia,GH,38898217,SIPO,Servicios del Hogar,5129.0
30476,734,881,F,23,1996-04-08,5,Kolin,central Bohemia,YZ,88755988,SIPO,Servicios del Hogar,2228.0
30477,735,882,F,65,1997-09-17,70,Karvina,north Moravia,EF,74098461,SIPO,Servicios del Hogar,1389.0
30478,735,882,F,65,1997-09-17,70,Karvina,north Moravia,IJ,93383478,SIPO,Servicios del Hogar,2187.0
30479,736,883,F,78,1997-12-07,75,Prerov,north Moravia,GH,78246849,SIPO,Servicios del Hogar,2119.0
30480,737,885,M,75,1993-12-08,34,Chomutov,north Bohemia,WX,70212787,SIPO,Servicios del Hogar,2817.0
30481,738,886,M,50,1993-06-21,34,Chomutov,north Bohemia,EF,52158653,SIPO,Servicios del Hogar,970.0
30482,738,886,M,50,1993-06-21,34,Chomutov,north Bohemia,OP,91551339,SIN_ESPECIFICAR,Sin Especificar,82.0
30483,738,886,M,50,1993-06-21,34,Chomutov,north Bohemia,YZ,99652116,POJISTNE,Pago de Seguros,3671.0
30484,739,887,F,25,1996-03-18,66,Zdar nad Sazavou,south Moravia,CD,15982044,SIPO,Servicios del Hogar,5504.0
30485,742,890,M,79,1994-01-28,77,Vsetin,north Moravia,CD,99545573,SIPO,Servicios del Hogar,2048.0
30486,743,891,M,67,1993-11-05,10,Praha - vychod,central Bohemia,EF,82371133,SIPO,Servicios del Hogar,2691.0
30487,744,892,F,76,1993-03-06,42,Havlickuv Brod,east Bohemia,CD,51830822,SIPO,Servicios del Hogar,2165.0
30488,745,893,F,63,1997-10-09,43,Hradec Kralove,east Bohemia,IJ,29839259,SIPO,Servicios del Hogar,1965.0
30489,746,894,M,64,1995-05-10,75,Prerov,north Moravia,YZ,78167122,SIPO,Servicios del Hogar,3452.0
30490,747,895,M,28,1993-08-09,39,Most,north Bohemia,YZ,4759234,SIPO,Servicios del Hogar,2672.0
30491,748,896,F,25,1993-04-08,10,Praha - vychod,central Bohemia,OP,75135111,SIPO,Servicios del Hogar,6492.0
30492,749,898,F,55,1997-03-23,38,Louny,north Bohemia,WX,49041187,SIPO,Servicios del Hogar,4965.0
30493,749,898,F,55,1997-03-23,38,Louny,north Bohemia,WX,49583470,SIN_ESPECIFICAR,Sin Especificar,226.0
30494,749,898,F,55,1997-03-23,38,Louny,north Bohemia,QR,72902929,POJISTNE,Pago de Seguros,51.0
30495,749,898,F,55,1997-03-23,38,Louny,north Bohemia,UV,44345706,SIN_ESPECIFICAR,Sin Especificar,26.0
30496,750,900,M,21,1993-09-12,73,Opava,north Moravia,YZ,4588097,SIPO,Servicios del Hogar,6615.0
30497,751,901,M,79,1993-05-12,3,Beroun,central Bohemia,GH,74106764,SIPO,Servicios del Hogar,2363.0
30498,752,902,M,48,1997-01-10,23,Cheb,west Bohemia,ST,12794679,SIPO,Servicios del Hogar,139.0
30499,752,902,M,48,1997-01-10,23,Cheb,west Bohemia,UV,44654941,SIN_ESPECIFICAR,Sin Especificar,5568.0
30500,753,903,M,64,1996-08-14,31,Tachov,west Bohemia,AB,81654536,SIPO,Servicios del Hogar,1602.0
30501,754,904,M,66,1995-06-08,1,Hl.m. Praha,Prague,GH,22047943,SIPO,Servicios del Hogar,1454.0
30502,754,904,M,66,1995-06-08,1,Hl.m. Praha,Prague,GH,54826593,SIPO,Servicios del Hogar,1629.0
30503,755,905,M,58,1997-09-27,38,Louny,north Bohemia,CD,65842372,SIPO,Servicios del Hogar,3889.0
30504,755,905,M,58,1997-09-27,38,Louny,north Bohemia,UV,18141162,SIN_ESPECIFICAR,Sin Especificar,1443.0
30505,757,907,M,50,1993-07-19,50,Svitavy,east Bohemia,CD,82420587,SIPO,Servicios del Hogar,810.0
30506,757,907,M,50,1993-07-19,50,Svitavy,east Bohemia,KL,64578419,SIN_ESPECIFICAR,Sin Especificar,2289.0
30507,759,909,M,23,1993-08-01,23,Cheb,west Bohemia,UV,40699601,SIPO,Servicios del Hogar,1952.0
30508,760,910,M,37,1997-05-24,1,Hl.m. Praha,Prague,OP,1005852,SIPO,Servicios del Hogar,3403.0
30509,760,910,M,37,1997-05-24,1,Hl.m. Praha,Prague,OP,88799416,SIN_ESPECIFICAR,Sin Especificar,894.0
30510,760,910,M,37,1997-05-24,1,Hl.m. Praha,Prague,AB,76297777,POJISTNE,Pago de Seguros,909.0
30511,762,912,M,78,1995-10-18,76,Sumperk,north Moravia,GH,26588875,SIPO,Servicios del Hogar,3895.0
30512,763,913,M,60,1995-02-23,1,Hl.m. Praha,Prague,CD,9127396,SIPO,Servicios del Hogar,7417.0
30513,764,914,F,77,1993-01-08,1,Hl.m. Praha,Prague,EF,41232329,SIPO,Servicios del Hogar,2360.0
30514,766,916,M,40,1996-04-21,3,Beroun,central Bohemia,YZ,65254580,SIPO,Servicios del Hogar,7032.0
30515,767,917,F,25,1995-03-26,25,Klatovy,west Bohemia,KL,91866522,SIPO,Servicios del Hogar,3564.0
30516,767,917,F,25,1995-03-26,25,Klatovy,west Bohemia,QR,39504963,SIN_ESPECIFICAR,Sin Especificar,504.0
30517,767,917,F,25,1995-03-26,25,Klatovy,west Bohemia,GH,63160019,POJISTNE,Pago de Seguros,109.0
30518,767,917,F,25,1995-03-26,25,Klatovy,west Bohemia,KL,32800996,SIN_ESPECIFICAR,Sin Especificar,22.0
30519,768,918,M,34,1997-07-03,26,Plzen - mesto,west Bohemia,KL,50946819,SIPO,Servicios del Hogar,2814.0
30523,771,922,F,26,1996-01-22,22,Domazlice,west Bohemia,IJ,54412794,SIPO,Servicios del Hogar,214.0
30524,771,922,F,26,1996-01-22,22,Domazlice,west Bohemia,CD,28503686,SIN_ESPECIFICAR,Sin Especificar,4816.0
30525,772,924,M,45,1993-01-21,45,Jicin,east Bohemia,IJ,69179099,SIPO,Servicios del Hogar,4225.0
30526,772,924,M,45,1993-01-21,45,Jicin,east Bohemia,YZ,62614697,SIN_ESPECIFICAR,Sin Especificar,660.0
30527,772,924,M,45,1993-01-21,45,Jicin,east Bohemia,WX,50320124,POJISTNE,Pago de Seguros,280.0
30530,775,927,M,24,1994-12-18,1,Hl.m. Praha,Prague,EF,6431270,SIPO,Servicios del Hogar,1168.0
30531,775,927,M,24,1994-12-18,1,Hl.m. Praha,Prague,ST,6988245,SIN_ESPECIFICAR,Sin Especificar,2439.0
30532,776,928,F,47,1996-05-18,66,Zdar nad Sazavou,south Moravia,YZ,44794058,SIPO,Servicios del Hogar,2277.0
30533,776,928,F,47,1996-05-18,66,Zdar nad Sazavou,south Moravia,MN,45458602,SIN_ESPECIFICAR,Sin Especificar,1036.0
30534,776,928,F,47,1996-05-18,66,Zdar nad Sazavou,south Moravia,IJ,79007082,POJISTNE,Pago de Seguros,170.0
30535,777,929,M,63,1997-12-28,30,Sokolov,west Bohemia,GH,7662755,UVER,Cuota de Prestamo,6412.0
30536,780,932,M,51,1996-04-26,3,Beroun,central Bohemia,UV,72554701,SIPO,Servicios del Hogar,6220.0
30537,781,933,F,20,1995-02-19,33,Decin,north Bohemia,UV,94061445,SIPO,Servicios del Hogar,2054.0
30538,782,935,F,52,1997-10-30,42,Havlickuv Brod,east Bohemia,IJ,82476073,SIPO,Servicios del Hogar,3094.0
30539,782,935,F,52,1997-10-30,42,Havlickuv Brod,east Bohemia,UV,68542945,SIN_ESPECIFICAR,Sin Especificar,2472.0
30540,783,937,M,67,1997-09-08,1,Hl.m. Praha,Prague,MN,85706555,SIPO,Servicios del Hogar,3242.0
30541,784,938,F,54,1994-04-19,59,Kromeriz,south Moravia,IJ,47865402,SIPO,Servicios del Hogar,1485.0
30542,784,938,F,54,1994-04-19,59,Kromeriz,south Moravia,KL,80516755,SIN_ESPECIFICAR,Sin Especificar,1215.0
30543,784,938,F,54,1994-04-19,59,Kromeriz,south Moravia,GH,98420869,POJISTNE,Pago de Seguros,109.0
30544,784,938,F,54,1994-04-19,59,Kromeriz,south Moravia,AB,51943343,SIN_ESPECIFICAR,Sin Especificar,701.0
30545,785,939,M,46,1997-08-09,21,Tabor,south Bohemia,MN,34928149,UVER,Cuota de Prestamo,4336.0
30546,785,939,M,46,1997-08-09,21,Tabor,south Bohemia,CD,69687145,SIPO,Servicios del Hogar,7395.0
30547,786,940,M,38,1995-08-12,53,Blansko,south Moravia,MN,96078651,SIPO,Servicios del Hogar,4953.0
30548,786,940,M,38,1995-08-12,53,Blansko,south Moravia,IJ,47281622,SIN_ESPECIFICAR,Sin Especificar,365.0
30549,787,941,M,63,1993-11-14,10,Praha - vychod,central Bohemia,GH,43629378,SIPO,Servicios del Hogar,4395.0
30550,787,941,M,63,1993-11-14,10,Praha - vychod,central Bohemia,OP,81038975,SIN_ESPECIFICAR,Sin Especificar,122.0
30551,788,942,F,67,1996-06-25,12,Pribram,central Bohemia,OP,80561762,SIPO,Servicios del Hogar,3096.0
30552,789,944,M,28,1995-02-06,39,Most,north Bohemia,OP,64140730,SIPO,Servicios del Hogar,2153.0
30553,789,944,M,28,1995-02-06,39,Most,north Bohemia,OP,84300315,SIN_ESPECIFICAR,Sin Especificar,1641.0
30554,789,944,M,28,1995-02-06,39,Most,north Bohemia,AB,13870329,UVER,Cuota de Prestamo,1522.0
30555,790,946,M,47,1993-05-11,54,Brno - mesto,south Moravia,MN,86892044,UVER,Cuota de Prestamo,4336.0
30556,791,948,M,74,1995-12-14,49,Semily,east Bohemia,CD,11072284,SIPO,Servicios del Hogar,3054.0
30557,792,949,M,22,1997-08-13,3,Beroun,central Bohemia,AB,75295537,SIPO,Servicios del Hogar,485.0
30558,792,949,M,22,1997-08-13,3,Beroun,central Bohemia,AB,50819605,SIN_ESPECIFICAR,Sin Especificar,1326.0
30559,792,949,M,22,1997-08-13,3,Beroun,central Bohemia,MN,90125488,POJISTNE,Pago de Seguros,588.0
30560,793,950,F,33,1993-01-03,47,Pardubice,east Bohemia,CD,41663390,SIPO,Servicios del Hogar,1212.0
30561,793,950,F,33,1993-01-03,47,Pardubice,east Bohemia,OP,25394970,SIN_ESPECIFICAR,Sin Especificar,204.0
30562,793,950,F,33,1993-01-03,47,Pardubice,east Bohemia,YZ,95059883,POJISTNE,Pago de Seguros,851.0
30563,794,952,F,47,1997-04-24,63,Vyskov,south Moravia,EF,49722951,SIPO,Servicios del Hogar,1107.0
30564,794,952,F,47,1997-04-24,63,Vyskov,south Moravia,YZ,95150184,SIN_ESPECIFICAR,Sin Especificar,907.0
30565,795,953,M,61,1995-01-27,25,Klatovy,west Bohemia,CD,39119124,SIPO,Servicios del Hogar,2976.0
30566,798,956,M,32,1996-04-22,1,Hl.m. Praha,Prague,CD,6413495,SIPO,Servicios del Hogar,2182.0
30567,800,959,F,36,1997-12-06,11,Praha - zapad,central Bohemia,ST,70286303,SIPO,Servicios del Hogar,2203.0
30568,800,959,F,36,1997-12-06,11,Praha - zapad,central Bohemia,IJ,79600321,SIN_ESPECIFICAR,Sin Especificar,299.0
30569,801,960,F,41,1997-07-23,16,Jindrichuv Hradec,south Bohemia,ST,28209829,SIPO,Servicios del Hogar,2565.0
30570,801,960,F,41,1997-07-23,16,Jindrichuv Hradec,south Bohemia,MN,60788422,SIN_ESPECIFICAR,Sin Especificar,767.0
30571,802,961,F,67,1994-12-20,15,Cesky Krumlov,south Bohemia,UV,13280040,SIPO,Servicios del Hogar,1876.0
30572,804,963,F,32,1996-02-06,64,Zlin,south Moravia,KL,68166583,SIPO,Servicios del Hogar,2342.0
30573,804,963,F,32,1996-02-06,64,Zlin,south Moravia,AB,77494382,SIN_ESPECIFICAR,Sin Especificar,682.0
30574,805,964,F,45,1996-12-02,10,Praha - vychod,central Bohemia,EF,11602461,LEASING,Arrendamiento / Leasing,1424.0
30575,806,965,F,26,1996-10-29,13,Rakovnik,central Bohemia,QR,33725094,SIPO,Servicios del Hogar,2298.0
30576,807,967,M,19,1995-06-13,76,Sumperk,north Moravia,IJ,21882123,SIPO,Servicios del Hogar,12579.0
30578,808,968,M,41,1995-06-13,69,Jesenik,north Moravia,QR,95864551,UVER,Cuota de Prestamo,4492.0
30579,809,970,M,41,1995-12-20,36,Liberec,north Bohemia,GH,26098048,SIPO,Servicios del Hogar,8298.0
30580,810,971,F,79,1995-11-11,46,Nachod,east Bohemia,UV,99310320,SIPO,Servicios del Hogar,2076.0
30581,811,973,F,28,1997-08-01,14,Ceske Budejovice,south Bohemia,WX,22673315,UVER,Cuota de Prestamo,5172.0
30582,812,975,F,39,1996-08-30,1,Hl.m. Praha,Prague,ST,41519075,SIPO,Servicios del Hogar,9128.0
30583,813,976,F,43,1993-02-10,16,Jindrichuv Hradec,south Bohemia,IJ,39089608,UVER,Cuota de Prestamo,2026.0
30584,814,977,F,72,1996-10-06,76,Sumperk,north Moravia,GH,1200831,SIPO,Servicios del Hogar,1598.0
30585,814,977,F,72,1996-10-06,76,Sumperk,north Moravia,KL,15360969,SIPO,Servicios del Hogar,632.0
30586,815,978,F,30,1993-08-25,56,Breclav,south Moravia,MN,93358599,SIPO,Servicios del Hogar,1949.0
30587,816,980,M,37,1993-08-05,52,Usti nad Orlici,east Bohemia,OP,35554933,UVER,Cuota de Prestamo,2026.0
30588,816,980,M,37,1993-08-05,52,Usti nad Orlici,east Bohemia,QR,67616367,SIPO,Servicios del Hogar,4514.0
30589,817,981,M,38,1994-03-18,5,Kolin,central Bohemia,GH,53805935,SIPO,Servicios del Hogar,4605.0
30590,817,981,M,38,1994-03-18,5,Kolin,central Bohemia,AB,75855749,UVER,Cuota de Prestamo,8975.0
30594,820,986,M,43,1995-11-04,74,Ostrava - mesto,north Moravia,QR,12900066,SIPO,Servicios del Hogar,210.0
30595,820,986,M,43,1995-11-04,74,Ostrava - mesto,north Moravia,AB,81232100,SIN_ESPECIFICAR,Sin Especificar,5367.0
30596,821,987,M,46,1996-03-16,60,Prostejov,south Moravia,QR,37818032,SIPO,Servicios del Hogar,1436.0
30597,821,987,M,46,1996-03-16,60,Prostejov,south Moravia,AB,89886223,SIN_ESPECIFICAR,Sin Especificar,651.0
30598,822,988,F,59,1996-10-04,40,Teplice,north Bohemia,MN,92287319,SIPO,Servicios del Hogar,1784.0
30599,823,990,M,37,1997-09-19,71,Novy Jicin,north Moravia,CD,43020331,SIPO,Servicios del Hogar,62.0
30600,823,990,M,37,1997-09-19,71,Novy Jicin,north Moravia,WX,75077736,SIN_ESPECIFICAR,Sin Especificar,1515.0
30601,823,990,M,37,1997-09-19,71,Novy Jicin,north Moravia,AB,51397413,POJISTNE,Pago de Seguros,612.0
30602,824,991,M,57,1996-03-21,32,Ceska Lipa,north Bohemia,CD,30595302,SIPO,Servicios del Hogar,5406.0
30603,825,992,M,50,1996-03-06,19,Prachatice,south Bohemia,YZ,35577237,SIPO,Servicios del Hogar,9235.0
30604,825,992,M,50,1996-03-06,19,Prachatice,south Bohemia,YZ,87110560,UVER,Cuota de Prestamo,4423.0
30605,826,993,F,29,1996-10-05,44,Chrudim,east Bohemia,KL,33696842,SIPO,Servicios del Hogar,4550.0
30606,826,993,F,29,1996-10-05,44,Chrudim,east Bohemia,YZ,5275464,SIN_ESPECIFICAR,Sin Especificar,866.0
30607,826,993,F,29,1996-10-05,44,Chrudim,east Bohemia,WX,37950855,POJISTNE,Pago de Seguros,169.0
30608,827,994,M,27,1996-02-23,36,Liberec,north Bohemia,QR,21975636,SIPO,Servicios del Hogar,2260.0
30609,828,996,F,18,1997-02-12,1,Hl.m. Praha,Prague,KL,18580800,SIPO,Servicios del Hogar,8852.0
30610,829,997,M,48,1996-11-10,59,Kromeriz,south Moravia,UV,85781967,SIPO,Servicios del Hogar,2120.0
30611,831,1001,M,51,1996-09-18,44,Chrudim,east Bohemia,QR,94460784,SIPO,Servicios del Hogar,2291.0
30612,832,1002,F,54,1996-05-24,42,Havlickuv Brod,east Bohemia,GH,30598807,SIPO,Servicios del Hogar,2135.0
30613,833,1003,F,61,1996-08-29,31,Tachov,west Bohemia,GH,3151357,SIPO,Servicios del Hogar,3462.0
30614,834,1004,M,41,1997-05-23,3,Beroun,central Bohemia,CD,48387557,SIPO,Servicios del Hogar,2473.0
30617,836,1006,F,56,1996-07-28,46,Nachod,east Bohemia,AB,7416719,SIPO,Servicios del Hogar,125.0
30618,836,1006,F,56,1996-07-28,46,Nachod,east Bohemia,MN,12516117,SIN_ESPECIFICAR,Sin Especificar,2934.0
30619,837,1008,M,42,1993-09-18,46,Nachod,east Bohemia,AB,57949954,SIPO,Servicios del Hogar,9250.0
30620,839,1011,M,59,1995-01-17,16,Jindrichuv Hradec,south Bohemia,GH,73115485,SIPO,Servicios del Hogar,4254.0
30621,840,1012,F,32,1996-03-12,70,Karvina,north Moravia,MN,8011526,SIPO,Servicios del Hogar,4606.0
30622,841,1014,M,67,1993-11-04,1,Hl.m. Praha,Prague,IJ,1747614,SIPO,Servicios del Hogar,2109.0
30623,842,1015,M,64,1995-04-07,62,Uherske Hradiste,south Moravia,IJ,84613001,SIPO,Servicios del Hogar,3278.0
30624,843,1017,F,55,1997-04-09,6,Kutna Hora,central Bohemia,EF,10746133,SIPO,Servicios del Hogar,955.0
30625,843,1017,F,55,1997-04-09,6,Kutna Hora,central Bohemia,WX,32156717,SIN_ESPECIFICAR,Sin Especificar,128.0
30626,843,1017,F,55,1997-04-09,6,Kutna Hora,central Bohemia,WX,16661399,POJISTNE,Pago de Seguros,897.0
30627,844,1018,M,53,1994-04-28,53,Blansko,south Moravia,ST,37441408,SIPO,Servicios del Hogar,1640.0
30628,844,1018,M,53,1994-04-28,53,Blansko,south Moravia,GH,24649799,SIN_ESPECIFICAR,Sin Especificar,12531.0
30629,845,1019,F,52,1997-12-27,14,Ceske Budejovice,south Bohemia,IJ,33191889,SIPO,Servicios del Hogar,9651.0
30630,846,1020,F,21,1996-03-09,72,Olomouc,north Moravia,WX,61563986,UVER,Cuota de Prestamo,7796.0
30631,848,1022,M,58,1996-06-16,31,Tachov,west Bohemia,OP,79923873,SIPO,Servicios del Hogar,3400.0
30632,848,1022,M,58,1996-06-16,31,Tachov,west Bohemia,ST,72638684,SIN_ESPECIFICAR,Sin Especificar,1590.0
30633,848,1022,M,58,1996-06-16,31,Tachov,west Bohemia,UV,7052839,POJISTNE,Pago de Seguros,1025.0
30634,850,1024,M,42,1997-03-07,25,Klatovy,west Bohemia,EF,23098129,SIPO,Servicios del Hogar,14811.0
30635,851,1025,M,34,1994-09-23,15,Cesky Krumlov,south Bohemia,KL,59494537,LEASING,Arrendamiento / Leasing,2090.0
30636,851,1025,M,34,1994-09-23,15,Cesky Krumlov,south Bohemia,GH,75825410,SIPO,Servicios del Hogar,3254.0
30637,851,1025,M,34,1994-09-23,15,Cesky Krumlov,south Bohemia,IJ,26014739,SIN_ESPECIFICAR,Sin Especificar,881.0
30638,852,1026,M,19,1997-10-23,57,Hodonin,south Moravia,GH,3289789,SIPO,Servicios del Hogar,69.0
30639,852,1026,M,19,1997-10-23,57,Hodonin,south Moravia,KL,63201045,SIN_ESPECIFICAR,Sin Especificar,2013.0
30640,853,1027,F,58,1996-03-20,1,Hl.m. Praha,Prague,AB,85631608,SIPO,Servicios del Hogar,4673.0
30641,853,1027,F,58,1996-03-20,1,Hl.m. Praha,Prague,QR,71826153,SIN_ESPECIFICAR,Sin Especificar,1378.0
30642,854,1029,F,44,1993-09-21,62,Uherske Hradiste,south Moravia,AB,21777671,SIPO,Servicios del Hogar,382.0
30643,854,1029,F,44,1993-09-21,62,Uherske Hradiste,south Moravia,KL,41849011,SIN_ESPECIFICAR,Sin Especificar,1105.0
30644,854,1029,F,44,1993-09-21,62,Uherske Hradiste,south Moravia,IJ,6306148,POJISTNE,Pago de Seguros,2843.0
30645,854,1029,F,44,1993-09-21,62,Uherske Hradiste,south Moravia,OP,54977858,UVER,Cuota de Prestamo,1817.0
30646,855,1030,M,51,1994-03-28,1,Hl.m. Praha,Prague,KL,31062770,SIPO,Servicios del Hogar,6608.0
30647,856,1031,F,30,1996-03-03,2,Benesov,central Bohemia,UV,71847098,SIPO,Servicios del Hogar,3625.0
30648,856,1031,F,30,1996-03-03,2,Benesov,central Bohemia,ST,69347637,SIN_ESPECIFICAR,Sin Especificar,571.0
30649,856,1031,F,30,1996-03-03,2,Benesov,central Bohemia,CD,45113939,POJISTNE,Pago de Seguros,137.0
30650,856,1031,F,30,1996-03-03,2,Benesov,central Bohemia,KL,66175556,SIN_ESPECIFICAR,Sin Especificar,1404.0
30651,857,1032,F,60,1993-09-16,77,Vsetin,north Moravia,AB,51452183,SIPO,Servicios del Hogar,3019.0
30652,858,1034,F,24,1996-07-13,52,Usti nad Orlici,east Bohemia,ST,28566694,SIPO,Servicios del Hogar,5456.0
30653,859,1035,F,27,1997-08-26,13,Rakovnik,central Bohemia,ST,87632876,SIPO,Servicios del Hogar,463.0
30654,859,1035,F,27,1997-08-26,13,Rakovnik,central Bohemia,MN,97751479,SIN_ESPECIFICAR,Sin Especificar,855.0
30655,859,1035,F,27,1997-08-26,13,Rakovnik,central Bohemia,AB,76049786,POJISTNE,Pago de Seguros,1657.0
30656,859,1035,F,27,1997-08-26,13,Rakovnik,central Bohemia,IJ,37609326,SIN_ESPECIFICAR,Sin Especificar,955.0
30657,860,1037,F,33,1993-03-19,1,Hl.m. Praha,Prague,AB,19660163,SIPO,Servicios del Hogar,8071.0
30658,861,1038,F,37,1993-09-13,22,Domazlice,west Bohemia,ST,19577122,SIPO,Servicios del Hogar,9105.0
30659,861,1038,F,37,1993-09-13,22,Domazlice,west Bohemia,IJ,36303168,SIN_ESPECIFICAR,Sin Especificar,478.0
30660,862,1039,F,18,1993-02-02,64,Zlin,south Moravia,AB,95404332,SIPO,Servicios del Hogar,3122.0
30661,863,1040,M,38,1993-05-16,71,Novy Jicin,north Moravia,UV,57466894,LEASING,Arrendamiento / Leasing,4433.0
30662,863,1040,M,38,1993-05-16,71,Novy Jicin,north Moravia,CD,35133409,SIPO,Servicios del Hogar,6087.0
30663,864,1041,M,37,1997-07-08,72,Olomouc,north Moravia,MN,78955989,SIPO,Servicios del Hogar,3699.0
30664,865,1042,F,32,1996-03-18,17,Pelhrimov,south Bohemia,QR,38805490,SIPO,Servicios del Hogar,409.0
30665,865,1042,F,32,1996-03-18,17,Pelhrimov,south Bohemia,OP,20329344,SIN_ESPECIFICAR,Sin Especificar,1885.0
30666,866,1044,F,27,1993-01-10,9,Nymburk,central Bohemia,YZ,81990486,SIPO,Servicios del Hogar,465.0
30667,866,1044,F,27,1993-01-10,9,Nymburk,central Bohemia,EF,26753026,SIN_ESPECIFICAR,Sin Especificar,38.0
30668,866,1044,F,27,1993-01-10,9,Nymburk,central Bohemia,CD,94022661,POJISTNE,Pago de Seguros,504.0
30669,866,1044,F,27,1993-01-10,9,Nymburk,central Bohemia,MN,70676672,SIN_ESPECIFICAR,Sin Especificar,3844.0
30670,867,1045,F,51,1997-11-09,60,Prostejov,south Moravia,EF,96948867,SIPO,Servicios del Hogar,9718.0
30671,867,1045,F,51,1997-11-09,60,Prostejov,south Moravia,ST,12128901,SIN_ESPECIFICAR,Sin Especificar,2820.0
30672,867,1045,F,51,1997-11-09,60,Prostejov,south Moravia,IJ,10908985,POJISTNE,Pago de Seguros,405.0
30673,868,1046,M,23,1997-05-26,1,Hl.m. Praha,Prague,ST,6806827,SIPO,Servicios del Hogar,3239.0
30674,868,1046,M,23,1997-05-26,1,Hl.m. Praha,Prague,ST,2121645,SIN_ESPECIFICAR,Sin Especificar,3119.0
30675,870,1048,F,24,1995-03-27,70,Karvina,north Moravia,EF,43178206,SIPO,Servicios del Hogar,4562.0
30676,871,1049,M,56,1996-09-02,1,Hl.m. Praha,Prague,OP,96428060,SIPO,Servicios del Hogar,5168.0
30677,872,1050,F,27,1997-01-18,27,Plzen - jih,west Bohemia,QR,4002279,SIPO,Servicios del Hogar,2762.0
30678,873,1051,F,27,1997-04-26,73,Opava,north Moravia,CD,22322130,SIPO,Servicios del Hogar,878.0
30679,873,1051,F,27,1997-04-26,73,Opava,north Moravia,QR,57947230,SIN_ESPECIFICAR,Sin Especificar,1540.0
30680,873,1051,F,27,1997-04-26,73,Opava,north Moravia,YZ,91838556,POJISTNE,Pago de Seguros,2211.0
30681,873,1051,F,27,1997-04-26,73,Opava,north Moravia,UV,38070190,UVER,Cuota de Prestamo,2975.0
30682,874,1052,M,34,1996-03-23,56,Breclav,south Moravia,YZ,10270870,LEASING,Arrendamiento / Leasing,1642.0
30683,874,1052,M,34,1996-03-23,56,Breclav,south Moravia,OP,10934925,SIPO,Servicios del Hogar,1053.0
30684,874,1052,M,34,1996-03-23,56,Breclav,south Moravia,ST,22497678,SIN_ESPECIFICAR,Sin Especificar,7025.0
30685,875,1054,M,74,1995-05-17,63,Vyskov,south Moravia,OP,9408325,SIPO,Servicios del Hogar,3837.0
30686,876,1055,M,79,1997-10-26,4,Kladno,central Bohemia,OP,8003074,SIPO,Servicios del Hogar,3796.0
30687,877,1056,M,35,1996-05-29,1,Hl.m. Praha,Prague,UV,40519672,SIPO,Servicios del Hogar,2115.0
30688,877,1056,M,35,1996-05-29,1,Hl.m. Praha,Prague,CD,26341355,SIN_ESPECIFICAR,Sin Especificar,1513.0
30689,878,1057,M,59,1996-06-29,52,Usti nad Orlici,east Bohemia,UV,24647236,SIPO,Servicios del Hogar,3943.0
30690,879,1058,F,23,1997-06-04,9,Nymburk,central Bohemia,MN,22161680,SIPO,Servicios del Hogar,2094.0
30691,880,1059,M,38,1996-12-08,26,Plzen - mesto,west Bohemia,WX,69104659,LEASING,Arrendamiento / Leasing,1690.0
30692,880,1059,M,38,1996-12-08,26,Plzen - mesto,west Bohemia,OP,25282103,SIPO,Servicios del Hogar,4840.0
30698,882,1062,M,23,1993-03-06,9,Nymburk,central Bohemia,CD,5837190,SIPO,Servicios del Hogar,3306.0
30699,883,1064,F,47,1993-12-17,1,Hl.m. Praha,Prague,GH,72100633,SIPO,Servicios del Hogar,6195.0
30700,883,1064,F,47,1993-12-17,1,Hl.m. Praha,Prague,EF,91641729,SIN_ESPECIFICAR,Sin Especificar,1756.0
30701,883,1064,F,47,1993-12-17,1,Hl.m. Praha,Prague,QR,20838284,POJISTNE,Pago de Seguros,455.0
30702,884,1065,M,41,1993-12-07,2,Benesov,central Bohemia,AB,15814888,SIPO,Servicios del Hogar,2259.0
30703,885,1066,M,58,1993-06-25,1,Hl.m. Praha,Prague,GH,90082960,SIPO,Servicios del Hogar,872.0
30704,885,1066,M,58,1993-06-25,1,Hl.m. Praha,Prague,UV,97141348,SIN_ESPECIFICAR,Sin Especificar,2420.0
30705,886,1067,M,46,1993-06-23,1,Hl.m. Praha,Prague,AB,44119823,SIPO,Servicios del Hogar,9034.0
30706,887,1068,F,72,1993-05-05,1,Hl.m. Praha,Prague,EF,94832020,SIPO,Servicios del Hogar,3009.0
30707,888,1069,F,60,1996-10-28,54,Brno - mesto,south Moravia,AB,42709922,SIPO,Servicios del Hogar,1592.0
30708,889,1071,M,73,1997-12-22,43,Hradec Kralove,east Bohemia,YZ,22207898,SIPO,Servicios del Hogar,1292.0
30709,889,1071,M,73,1997-12-22,43,Hradec Kralove,east Bohemia,IJ,99116205,SIPO,Servicios del Hogar,1965.0
30710,890,1072,F,32,1993-02-05,14,Ceske Budejovice,south Bohemia,EF,66783034,SIPO,Servicios del Hogar,3136.0
30711,891,1073,M,74,1996-05-23,34,Chomutov,north Bohemia,MN,68707388,SIPO,Servicios del Hogar,1784.0
30712,892,1075,F,64,1993-03-20,70,Karvina,north Moravia,CD,66285890,SIPO,Servicios del Hogar,406.0
30713,892,1075,F,64,1993-03-20,70,Karvina,north Moravia,CD,25392246,SIPO,Servicios del Hogar,2509.0
30714,894,1077,M,78,1995-08-27,46,Nachod,east Bohemia,QR,4965514,SIPO,Servicios del Hogar,2914.0
30715,895,1078,F,20,1996-03-12,24,Karlovy Vary,west Bohemia,CD,87954961,SIPO,Servicios del Hogar,523.0
30716,895,1078,F,20,1996-03-12,24,Karlovy Vary,west Bohemia,QR,84034579,SIN_ESPECIFICAR,Sin Especificar,1454.0
30717,896,1079,M,37,1995-06-11,3,Beroun,central Bohemia,QR,9933358,SIPO,Servicios del Hogar,3220.0
30718,897,1080,F,48,1993-04-26,38,Louny,north Bohemia,GH,76899188,SIPO,Servicios del Hogar,2910.0
30719,897,1080,F,48,1993-04-26,38,Louny,north Bohemia,AB,1613778,SIN_ESPECIFICAR,Sin Especificar,6676.0
30720,898,1081,M,28,1996-03-27,71,Novy Jicin,north Moravia,EF,70056313,SIPO,Servicios del Hogar,2882.0
30721,898,1081,M,28,1996-03-27,71,Novy Jicin,north Moravia,UV,34259772,SIN_ESPECIFICAR,Sin Especificar,1582.0
30722,899,1082,M,31,1993-06-21,72,Olomouc,north Moravia,YZ,59026044,LEASING,Arrendamiento / Leasing,1627.0
30723,900,1083,M,61,1994-04-26,48,Rychnov nad Kneznou,east Bohemia,ST,51806682,SIPO,Servicios del Hogar,5950.0
30724,901,1085,F,66,1994-07-10,60,Prostejov,south Moravia,UV,93629043,SIPO,Servicios del Hogar,1910.0
30725,902,1086,M,25,1993-06-29,74,Ostrava - mesto,north Moravia,EF,83133846,SIPO,Servicios del Hogar,260.0
30726,902,1086,M,25,1993-06-29,74,Ostrava - mesto,north Moravia,OP,54130822,SIN_ESPECIFICAR,Sin Especificar,1869.0
30727,902,1086,M,25,1993-06-29,74,Ostrava - mesto,north Moravia,QR,46706521,POJISTNE,Pago de Seguros,1726.0
30728,903,1088,F,29,1993-12-10,47,Pardubice,east Bohemia,GH,40163380,SIPO,Servicios del Hogar,2580.0
30729,905,1090,F,59,1996-12-11,35,Jablonec n. Nisou,north Bohemia,EF,79027634,SIPO,Servicios del Hogar,6086.0
30730,905,1090,F,59,1996-12-11,35,Jablonec n. Nisou,north Bohemia,IJ,93500333,SIN_ESPECIFICAR,Sin Especificar,37.0
30731,905,1090,F,59,1996-12-11,35,Jablonec n. Nisou,north Bohemia,KL,13783419,POJISTNE,Pago de Seguros,53.0
30732,906,1091,F,58,1997-12-27,59,Kromeriz,south Moravia,AB,85822999,SIPO,Servicios del Hogar,2240.0
30733,907,1092,F,36,1993-07-09,41,Usti nad Labem,north Bohemia,UV,56898051,SIPO,Servicios del Hogar,2118.0
30734,909,1094,F,38,1997-09-02,30,Sokolov,west Bohemia,ST,43062096,SIPO,Servicios del Hogar,1950.0
30735,910,1096,F,72,1997-02-03,1,Hl.m. Praha,Prague,YZ,11557114,SIPO,Servicios del Hogar,1937.0
30736,911,1098,F,50,1996-08-12,60,Prostejov,south Moravia,GH,17067635,SIPO,Servicios del Hogar,9600.0
30737,911,1098,F,50,1996-08-12,60,Prostejov,south Moravia,WX,10116327,SIN_ESPECIFICAR,Sin Especificar,968.0
30738,912,1099,F,19,1997-04-27,65,Znojmo,south Moravia,WX,13603061,SIPO,Servicios del Hogar,2332.0
30739,913,1100,M,47,1996-05-10,59,Kromeriz,south Moravia,EF,87569880,SIPO,Servicios del Hogar,2128.0
30740,913,1100,M,47,1996-05-10,59,Kromeriz,south Moravia,QR,52878284,SIN_ESPECIFICAR,Sin Especificar,2357.0
30741,913,1100,M,47,1996-05-10,59,Kromeriz,south Moravia,KL,91468649,POJISTNE,Pago de Seguros,4499.0
30742,914,1101,M,52,1993-11-14,73,Opava,north Moravia,UV,90846919,SIPO,Servicios del Hogar,2298.0
30743,915,1102,M,63,1995-01-18,72,Olomouc,north Moravia,MN,88686042,UVER,Cuota de Prestamo,6449.0
30744,915,1102,M,63,1995-01-18,72,Olomouc,north Moravia,EF,73569780,SIPO,Servicios del Hogar,14291.0
30745,916,1103,M,47,1996-08-13,1,Hl.m. Praha,Prague,MN,8061987,SIPO,Servicios del Hogar,5299.0
30746,917,1105,M,56,1995-10-13,56,Breclav,south Moravia,YZ,8629411,SIPO,Servicios del Hogar,4669.0
30747,918,1107,M,37,1996-08-23,60,Prostejov,south Moravia,ST,81464928,SIPO,Servicios del Hogar,10076.0
30748,918,1107,M,37,1996-08-23,60,Prostejov,south Moravia,UV,19973844,SIN_ESPECIFICAR,Sin Especificar,2039.0
30749,919,1108,F,43,1997-03-03,62,Uherske Hradiste,south Moravia,KL,87937092,SIPO,Servicios del Hogar,4850.0
30750,920,1109,F,67,1996-09-05,58,Jihlava,south Moravia,MN,34669208,SIPO,Servicios del Hogar,2437.0
30751,921,1110,F,70,1996-10-08,10,Praha - vychod,central Bohemia,QR,13826614,SIPO,Servicios del Hogar,1240.0
30752,921,1110,F,70,1996-10-08,10,Praha - vychod,central Bohemia,YZ,38948452,SIPO,Servicios del Hogar,536.0
30753,922,1111,M,19,1995-04-27,61,Trebic,south Moravia,AB,51777029,SIPO,Servicios del Hogar,898.0
30754,922,1111,M,19,1995-04-27,61,Trebic,south Moravia,WX,73872160,SIN_ESPECIFICAR,Sin Especificar,255.0
30755,922,1111,M,19,1995-04-27,61,Trebic,south Moravia,EF,77783399,POJISTNE,Pago de Seguros,1652.0
30756,923,1112,F,68,1996-02-07,13,Rakovnik,central Bohemia,YZ,9631318,SIPO,Servicios del Hogar,2087.0
30757,924,1113,M,22,1995-12-09,11,Praha - zapad,central Bohemia,MN,21176868,SIPO,Servicios del Hogar,308.0
30758,924,1113,M,22,1995-12-09,11,Praha - zapad,central Bohemia,MN,71253311,SIN_ESPECIFICAR,Sin Especificar,1904.0
30759,925,1114,M,18,1993-02-23,59,Kromeriz,south Moravia,AB,8015108,SIPO,Servicios del Hogar,5395.0
30760,925,1114,M,18,1993-02-23,59,Kromeriz,south Moravia,EF,71048921,LEASING,Arrendamiento / Leasing,1068.0
30761,926,1115,F,78,1996-11-01,36,Liberec,north Bohemia,UV,50076764,SIPO,Servicios del Hogar,1748.0
30762,927,1116,F,25,1997-04-12,69,Jesenik,north Moravia,AB,99075811,SIPO,Servicios del Hogar,1623.0
30763,927,1116,F,25,1997-04-12,69,Jesenik,north Moravia,OP,57618069,SIN_ESPECIFICAR,Sin Especificar,5782.0
30764,928,1117,F,22,1993-04-26,20,Strakonice,south Bohemia,EF,72199558,SIPO,Servicios del Hogar,4561.0
30765,929,1119,F,18,1993-07-03,54,Brno - mesto,south Moravia,ST,61865889,SIPO,Servicios del Hogar,5884.0
30766,930,1120,F,25,1993-08-03,41,Usti nad Labem,north Bohemia,IJ,14144766,SIPO,Servicios del Hogar,9356.0
30767,931,1121,M,59,1993-10-15,59,Kromeriz,south Moravia,QR,69328868,SIPO,Servicios del Hogar,998.0
30768,931,1121,M,59,1993-10-15,59,Kromeriz,south Moravia,OP,98647319,SIN_ESPECIFICAR,Sin Especificar,1151.0
30769,931,1121,M,59,1993-10-15,59,Kromeriz,south Moravia,KL,13773954,POJISTNE,Pago de Seguros,461.0
30770,931,1121,M,59,1993-10-15,59,Kromeriz,south Moravia,MN,2668875,SIN_ESPECIFICAR,Sin Especificar,864.0
30771,932,1122,M,77,1996-07-08,20,Strakonice,south Bohemia,IJ,95952808,SIPO,Servicios del Hogar,2793.0
30772,933,1124,M,70,1995-11-18,21,Tabor,south Bohemia,GH,91725241,SIPO,Servicios del Hogar,2584.0
30773,934,1125,F,64,1997-11-27,9,Nymburk,central Bohemia,MN,80159562,SIPO,Servicios del Hogar,3236.0
30774,935,1127,M,24,1996-12-25,23,Cheb,west Bohemia,OP,14574545,SIPO,Servicios del Hogar,2118.0
30775,936,1128,M,68,1996-03-02,7,Melnik,central Bohemia,ST,95479797,SIPO,Servicios del Hogar,2780.0
30776,936,1128,M,68,1996-03-02,7,Melnik,central Bohemia,YZ,51554924,SIPO,Servicios del Hogar,224.0
30777,937,1129,M,67,1995-08-26,43,Hradec Kralove,east Bohemia,IJ,99500470,SIPO,Servicios del Hogar,1751.0
30778,938,1130,F,58,1997-12-13,70,Karvina,north Moravia,AB,33329439,SIPO,Servicios del Hogar,3282.0
30779,938,1130,F,58,1997-12-13,70,Karvina,north Moravia,GH,56959378,UVER,Cuota de Prestamo,371.0
30780,939,1131,F,51,1994-10-04,55,Brno - venkov,south Moravia,QR,68136739,SIPO,Servicios del Hogar,2108.0
30781,940,1133,F,40,1994-11-15,37,Litomerice,north Bohemia,OP,99014985,UVER,Cuota de Prestamo,4738.0
30782,941,1135,M,46,1994-06-08,8,Mlada Boleslav,central Bohemia,GH,16961235,SIPO,Servicios del Hogar,3871.0
30783,943,1137,F,21,1993-02-03,1,Hl.m. Praha,Prague,AB,8294791,SIPO,Servicios del Hogar,2144.0
30784,944,1138,F,28,1993-03-08,70,Karvina,north Moravia,IJ,46210002,SIPO,Servicios del Hogar,5361.0
30785,945,1140,M,52,1996-08-16,18,Pisek,south Bohemia,YZ,63545399,SIPO,Servicios del Hogar,8215.0
30786,947,1142,F,52,1993-05-17,59,Kromeriz,south Moravia,GH,67947453,SIPO,Servicios del Hogar,1546.0
30787,947,1142,F,52,1993-05-17,59,Kromeriz,south Moravia,EF,99499773,SIN_ESPECIFICAR,Sin Especificar,1143.0
30791,950,1146,M,33,1993-08-26,49,Semily,east Bohemia,CD,13765102,SIPO,Servicios del Hogar,8910.0
30792,951,1147,M,68,1996-04-28,3,Beroun,central Bohemia,KL,47982436,SIPO,Servicios del Hogar,2371.0
30793,952,1148,M,57,1997-11-09,41,Usti nad Labem,north Bohemia,OP,26491993,SIPO,Servicios del Hogar,4946.0
30794,953,1149,F,22,1995-07-22,14,Ceske Budejovice,south Bohemia,OP,93842464,SIPO,Servicios del Hogar,1768.0
30795,953,1149,F,22,1995-07-22,14,Ceske Budejovice,south Bohemia,OP,89555656,SIN_ESPECIFICAR,Sin Especificar,185.0
30796,954,1150,F,53,1996-01-08,74,Ostrava - mesto,north Moravia,WX,698990,SIPO,Servicios del Hogar,357.0
30797,954,1150,F,53,1996-01-08,74,Ostrava - mesto,north Moravia,AB,55569523,SIN_ESPECIFICAR,Sin Especificar,1242.0
30798,954,1150,F,53,1996-01-08,74,Ostrava - mesto,north Moravia,OP,8703875,POJISTNE,Pago de Seguros,1906.0
30799,955,1151,M,25,1996-07-08,59,Kromeriz,south Moravia,MN,52028411,SIPO,Servicios del Hogar,7411.0
30800,957,1153,F,18,1995-12-22,70,Karvina,north Moravia,CD,90061181,SIPO,Servicios del Hogar,2126.0
30801,958,1154,M,74,1996-06-06,72,Olomouc,north Moravia,OP,78640448,SIPO,Servicios del Hogar,3990.0
30802,959,1156,F,65,1996-02-23,1,Hl.m. Praha,Prague,OP,48082047,SIPO,Servicios del Hogar,579.0
30803,959,1156,F,65,1996-02-23,1,Hl.m. Praha,Prague,QR,1625001,SIPO,Servicios del Hogar,2180.0
30804,960,1157,F,40,1994-11-02,4,Kladno,central Bohemia,YZ,8817315,UVER,Cuota de Prestamo,3151.0
30805,960,1157,F,40,1994-11-02,4,Kladno,central Bohemia,CD,19250178,SIPO,Servicios del Hogar,5940.0
30806,961,1158,F,44,1997-10-18,1,Hl.m. Praha,Prague,ST,58554261,SIPO,Servicios del Hogar,8255.0
30807,963,1161,M,25,1996-08-09,7,Melnik,central Bohemia,QR,19417429,SIPO,Servicios del Hogar,3799.0
30808,965,1163,M,34,1993-08-25,20,Strakonice,south Bohemia,GH,43064683,SIPO,Servicios del Hogar,2853.0
30809,966,1164,F,39,1997-10-14,15,Cesky Krumlov,south Bohemia,GH,93294161,SIPO,Servicios del Hogar,2129.0
30810,967,1165,F,56,1996-08-17,15,Cesky Krumlov,south Bohemia,WX,9696704,SIPO,Servicios del Hogar,6824.0
30811,968,1166,M,39,1995-11-11,74,Ostrava - mesto,north Moravia,YZ,47317737,SIPO,Servicios del Hogar,7262.0
30812,970,1169,F,57,1997-07-20,18,Pisek,south Bohemia,OP,78745192,SIPO,Servicios del Hogar,5260.0
30813,971,1170,M,21,1996-07-18,12,Pribram,central Bohemia,YZ,43347799,SIPO,Servicios del Hogar,3860.0
30814,972,1171,F,24,1996-09-29,46,Nachod,east Bohemia,OP,64758044,SIPO,Servicios del Hogar,897.0
30815,972,1171,F,24,1996-09-29,46,Nachod,east Bohemia,YZ,58550822,SIN_ESPECIFICAR,Sin Especificar,1141.0
30816,973,1172,F,75,1994-11-05,54,Brno - mesto,south Moravia,KL,42422169,SIPO,Servicios del Hogar,2909.0
30817,975,1175,M,73,1996-10-19,1,Hl.m. Praha,Prague,CD,35931646,SIPO,Servicios del Hogar,3550.0
30818,976,1177,F,59,1996-01-27,77,Vsetin,north Moravia,OP,17866748,SIPO,Servicios del Hogar,5244.0
30819,977,1178,F,27,1993-04-26,1,Hl.m. Praha,Prague,ST,60977023,SIPO,Servicios del Hogar,6846.0
30820,978,1179,F,68,1993-08-18,73,Opava,north Moravia,UV,70650827,SIPO,Servicios del Hogar,2062.0
30821,979,1180,M,54,1993-02-16,21,Tabor,south Bohemia,KL,75259256,SIPO,Servicios del Hogar,5354.0
30822,980,1181,M,59,1996-12-11,1,Hl.m. Praha,Prague,ST,79582625,SIPO,Servicios del Hogar,3632.0
30823,980,1181,M,59,1996-12-11,1,Hl.m. Praha,Prague,EF,4869163,SIN_ESPECIFICAR,Sin Especificar,2889.0
30824,981,1182,F,52,1995-03-25,66,Zdar nad Sazavou,south Moravia,UV,83665114,SIPO,Servicios del Hogar,1069.0
30825,981,1182,F,52,1995-03-25,66,Zdar nad Sazavou,south Moravia,MN,79798209,SIN_ESPECIFICAR,Sin Especificar,2769.0
30826,982,1183,M,56,1993-02-05,54,Brno - mesto,south Moravia,IJ,6972080,SIPO,Servicios del Hogar,2505.0
30827,982,1183,M,56,1993-02-05,54,Brno - mesto,south Moravia,AB,29559022,SIN_ESPECIFICAR,Sin Especificar,188.0
30828,982,1183,M,56,1993-02-05,54,Brno - mesto,south Moravia,CD,44355207,POJISTNE,Pago de Seguros,148.0
30829,982,1183,M,56,1993-02-05,54,Brno - mesto,south Moravia,OP,19998705,SIN_ESPECIFICAR,Sin Especificar,192.0
30834,984,1186,F,51,1996-07-10,2,Benesov,central Bohemia,QR,37694537,SIPO,Servicios del Hogar,5911.0
30835,985,1187,F,37,1994-05-29,32,Ceska Lipa,north Bohemia,MN,70730441,SIPO,Servicios del Hogar,2227.0
30836,986,1189,F,66,1996-05-02,74,Ostrava - mesto,north Moravia,AB,23655325,SIPO,Servicios del Hogar,2146.0
30837,987,1190,F,22,1996-08-27,15,Cesky Krumlov,south Bohemia,GH,1669747,SIPO,Servicios del Hogar,3528.0
30838,988,1192,F,73,1994-10-22,10,Praha - vychod,central Bohemia,UV,82773095,SIPO,Servicios del Hogar,2512.0
30839,989,1193,M,72,1994-03-14,19,Prachatice,south Bohemia,CD,77140342,SIPO,Servicios del Hogar,2262.0
30840,989,1193,M,72,1994-03-14,19,Prachatice,south Bohemia,KL,78910153,SIPO,Servicios del Hogar,1147.0
30841,990,1194,F,59,1995-10-11,17,Pelhrimov,south Bohemia,YZ,56577050,SIPO,Servicios del Hogar,7538.0
30842,991,1195,F,59,1993-05-18,39,Most,north Bohemia,MN,2995044,SIPO,Servicios del Hogar,6748.0
30843,992,1196,M,55,1995-10-01,22,Domazlice,west Bohemia,QR,63584351,SIPO,Servicios del Hogar,3231.0
30844,992,1196,M,55,1995-10-01,22,Domazlice,west Bohemia,KL,77042627,SIN_ESPECIFICAR,Sin Especificar,1071.0
30845,992,1196,M,55,1995-10-01,22,Domazlice,west Bohemia,IJ,3588748,POJISTNE,Pago de Seguros,335.0
30846,992,1196,M,55,1995-10-01,22,Domazlice,west Bohemia,QR,40572267,SIN_ESPECIFICAR,Sin Especificar,2450.0
30847,993,1197,F,32,1996-11-14,6,Kutna Hora,central Bohemia,WX,89932006,UVER,Cuota de Prestamo,1812.0
30848,995,1199,F,22,1995-08-23,64,Zlin,south Moravia,OP,21824896,SIPO,Servicios del Hogar,2153.0
30849,995,1199,F,22,1995-08-23,64,Zlin,south Moravia,GH,80483859,SIN_ESPECIFICAR,Sin Especificar,143.0
30850,996,1200,F,67,1997-08-18,47,Pardubice,east Bohemia,KL,40804118,SIPO,Servicios del Hogar,1934.0
30851,997,1201,M,53,1997-05-08,54,Brno - mesto,south Moravia,EF,76536661,SIPO,Servicios del Hogar,1046.0
30852,997,1201,M,53,1997-05-08,54,Brno - mesto,south Moravia,AB,37532264,SIN_ESPECIFICAR,Sin Especificar,700.0
30853,997,1201,M,53,1997-05-08,54,Brno - mesto,south Moravia,CD,22804981,POJISTNE,Pago de Seguros,688.0
30854,997,1201,M,53,1997-05-08,54,Brno - mesto,south Moravia,CD,66356766,SIN_ESPECIFICAR,Sin Especificar,36.0
30855,998,1202,F,18,1993-11-11,47,Pardubice,east Bohemia,MN,21143341,SIPO,Servicios del Hogar,7641.0
30859,1000,1204,F,24,1993-01-25,77,Vsetin,north Moravia,YZ,78449135,SIPO,Servicios del Hogar,3179.0
30860,1000,1204,F,24,1993-01-25,77,Vsetin,north Moravia,CD,8467102,SIN_ESPECIFICAR,Sin Especificar,1475.0
30861,1000,1204,F,24,1993-01-25,77,Vsetin,north Moravia,OP,62838387,POJISTNE,Pago de Seguros,2852.0
30864,1002,1206,M,41,1996-09-17,50,Svitavy,east Bohemia,YZ,61809003,SIPO,Servicios del Hogar,1293.0
30865,1002,1206,M,41,1996-09-17,50,Svitavy,east Bohemia,EF,29577315,SIN_ESPECIFICAR,Sin Especificar,1092.0
30866,1002,1206,M,41,1996-09-17,50,Svitavy,east Bohemia,YZ,69410747,POJISTNE,Pago de Seguros,470.0
30867,1003,1207,F,59,1996-10-10,28,Plzen - sever,west Bohemia,IJ,18349242,SIPO,Servicios del Hogar,5276.0
30868,1003,1207,F,59,1996-10-10,28,Plzen - sever,west Bohemia,UV,66745954,SIN_ESPECIFICAR,Sin Especificar,185.0
30869,1004,1208,F,23,1996-07-02,70,Karvina,north Moravia,KL,48386609,UVER,Cuota de Prestamo,5237.0
30870,1005,1209,F,41,1993-02-23,54,Brno - mesto,south Moravia,ST,26423788,LEASING,Arrendamiento / Leasing,3302.0
30871,1005,1209,F,41,1993-02-23,54,Brno - mesto,south Moravia,MN,13424891,SIPO,Servicios del Hogar,7896.0
30872,1006,1210,M,37,1993-02-08,6,Kutna Hora,central Bohemia,YZ,28566903,SIPO,Servicios del Hogar,390.0
30873,1006,1210,M,37,1993-02-08,6,Kutna Hora,central Bohemia,EF,8671278,SIN_ESPECIFICAR,Sin Especificar,2008.0
30874,1006,1210,M,37,1993-02-08,6,Kutna Hora,central Bohemia,EF,76910799,POJISTNE,Pago de Seguros,60.0
30875,1006,1210,M,37,1993-02-08,6,Kutna Hora,central Bohemia,KL,51874184,SIN_ESPECIFICAR,Sin Especificar,33.0
30876,1008,1212,F,71,1996-10-05,13,Rakovnik,central Bohemia,KL,54770183,SIPO,Servicios del Hogar,2691.0
30877,1009,1213,M,32,1995-08-01,1,Hl.m. Praha,Prague,MN,49052566,SIPO,Servicios del Hogar,7521.0
30880,1011,1215,M,54,1994-12-17,45,Jicin,east Bohemia,QR,9464615,UVER,Cuota de Prestamo,3401.0
30881,1011,1215,M,54,1994-12-17,45,Jicin,east Bohemia,WX,17116374,SIPO,Servicios del Hogar,7085.0
30882,1012,1216,F,53,1994-07-09,65,Znojmo,south Moravia,EF,56211417,UVER,Cuota de Prestamo,4091.0
30883,1013,1217,M,61,1996-05-13,59,Kromeriz,south Moravia,ST,88824516,SIPO,Servicios del Hogar,2081.0
30884,1015,1219,M,54,1997-06-14,1,Hl.m. Praha,Prague,KL,18432247,SIPO,Servicios del Hogar,3925.0
30885,1016,1220,F,45,1993-09-29,40,Teplice,north Bohemia,UV,35817569,SIPO,Servicios del Hogar,2619.0
30886,1016,1220,F,45,1993-09-29,40,Teplice,north Bohemia,MN,21620893,SIN_ESPECIFICAR,Sin Especificar,2155.0
30887,1017,1221,F,25,1994-08-11,14,Ceske Budejovice,south Bohemia,IJ,49678987,SIPO,Servicios del Hogar,4492.0
30888,1017,1221,F,25,1994-08-11,14,Ceske Budejovice,south Bohemia,GH,13622379,SIN_ESPECIFICAR,Sin Especificar,477.0
30889,1018,1222,F,59,1993-06-03,7,Melnik,central Bohemia,MN,21977925,SIPO,Servicios del Hogar,1614.0
30890,1018,1222,F,59,1993-06-03,7,Melnik,central Bohemia,GH,98507838,SIN_ESPECIFICAR,Sin Especificar,1028.0
30891,1019,1223,F,43,1993-01-21,52,Usti nad Orlici,east Bohemia,WX,75165712,SIPO,Servicios del Hogar,8127.0
30892,1019,1223,F,43,1993-01-21,52,Usti nad Orlici,east Bohemia,IJ,74068438,SIN_ESPECIFICAR,Sin Especificar,608.0
30893,1019,1223,F,43,1993-01-21,52,Usti nad Orlici,east Bohemia,ST,88047855,POJISTNE,Pago de Seguros,629.0
30894,1020,1224,M,60,1996-04-09,56,Breclav,south Moravia,MN,40117269,SIPO,Servicios del Hogar,1874.0
30895,1020,1224,M,60,1996-04-09,56,Breclav,south Moravia,ST,49670916,SIN_ESPECIFICAR,Sin Especificar,105.0
30896,1020,1224,M,60,1996-04-09,56,Breclav,south Moravia,UV,24497020,POJISTNE,Pago de Seguros,10.0
30897,1021,1225,M,52,1996-11-17,42,Havlickuv Brod,east Bohemia,AB,37461710,SIPO,Servicios del Hogar,2259.0
30898,1024,1229,M,27,1997-05-02,19,Prachatice,south Bohemia,IJ,50779986,SIPO,Servicios del Hogar,2074.0
30905,1026,1231,F,33,1997-09-03,20,Strakonice,south Bohemia,IJ,92388706,SIPO,Servicios del Hogar,8099.0
30906,1026,1231,F,33,1997-09-03,20,Strakonice,south Bohemia,WX,63060033,SIN_ESPECIFICAR,Sin Especificar,335.0
30907,1027,1233,M,56,1997-07-18,68,Frydek - Mistek,north Moravia,ST,91939943,SIPO,Servicios del Hogar,2117.0
30908,1029,1236,F,31,1996-06-25,26,Plzen - mesto,west Bohemia,UV,28123855,SIPO,Servicios del Hogar,8136.0
30909,1029,1236,F,31,1996-06-25,26,Plzen - mesto,west Bohemia,WX,347924,SIN_ESPECIFICAR,Sin Especificar,342.0
30910,1030,1237,M,75,1995-11-12,57,Hodonin,south Moravia,IJ,30616259,SIPO,Servicios del Hogar,664.0
30911,1030,1237,M,75,1995-11-12,57,Hodonin,south Moravia,WX,98720079,SIPO,Servicios del Hogar,1050.0
30912,1031,1238,M,63,1995-06-20,74,Ostrava - mesto,north Moravia,YZ,98259973,SIPO,Servicios del Hogar,6817.0
30913,1031,1238,M,63,1995-06-20,74,Ostrava - mesto,north Moravia,MN,53443789,SIN_ESPECIFICAR,Sin Especificar,747.0
30914,1031,1238,M,63,1995-06-20,74,Ostrava - mesto,north Moravia,OP,61673647,POJISTNE,Pago de Seguros,51.0
30915,1031,1238,M,63,1995-06-20,74,Ostrava - mesto,north Moravia,AB,13939214,LEASING,Arrendamiento / Leasing,551.0
30916,1034,1241,F,56,1997-04-04,73,Opava,north Moravia,EF,54495429,SIPO,Servicios del Hogar,4219.0
30917,1035,1242,F,54,1997-04-18,73,Opava,north Moravia,CD,68746489,SIPO,Servicios del Hogar,2194.0
30918,1035,1242,F,54,1997-04-18,73,Opava,north Moravia,YZ,72017597,SIN_ESPECIFICAR,Sin Especificar,4942.0
30919,1036,1243,F,24,1996-01-18,11,Praha - zapad,central Bohemia,OP,5921757,SIPO,Servicios del Hogar,4095.0
30920,1037,1244,M,34,1997-02-18,1,Hl.m. Praha,Prague,ST,89659267,SIPO,Servicios del Hogar,1062.0
30921,1037,1244,M,34,1997-02-18,1,Hl.m. Praha,Prague,UV,73314934,SIN_ESPECIFICAR,Sin Especificar,940.0
30922,1037,1244,M,34,1997-02-18,1,Hl.m. Praha,Prague,EF,22177893,POJISTNE,Pago de Seguros,1157.0
30923,1037,1244,M,34,1997-02-18,1,Hl.m. Praha,Prague,CD,38512766,SIN_ESPECIFICAR,Sin Especificar,62.0
30924,1038,1245,M,19,1995-04-20,64,Zlin,south Moravia,OP,88674932,SIPO,Servicios del Hogar,2006.0
30925,1038,1245,M,19,1995-04-20,64,Zlin,south Moravia,GH,65748941,SIN_ESPECIFICAR,Sin Especificar,141.0
30926,1040,1248,M,27,1996-05-18,19,Prachatice,south Bohemia,YZ,9653228,LEASING,Arrendamiento / Leasing,2342.0
30927,1040,1248,M,27,1996-05-18,19,Prachatice,south Bohemia,GH,15813100,SIPO,Servicios del Hogar,7008.0
30930,1043,1251,M,39,1997-08-13,1,Hl.m. Praha,Prague,MN,18801582,SIPO,Servicios del Hogar,6433.0
30931,1044,1253,F,31,1995-11-09,14,Ceske Budejovice,south Bohemia,MN,62729650,SIPO,Servicios del Hogar,2880.0
30932,1044,1253,F,31,1995-11-09,14,Ceske Budejovice,south Bohemia,GH,18615305,SIN_ESPECIFICAR,Sin Especificar,188.0
30933,1045,1254,F,59,1996-05-09,3,Beroun,central Bohemia,GH,61220621,SIPO,Servicios del Hogar,1730.0
30934,1046,1255,F,32,1995-04-14,1,Hl.m. Praha,Prague,OP,70391350,SIPO,Servicios del Hogar,7399.0
30935,1047,1256,F,43,1994-06-13,46,Nachod,east Bohemia,KL,74345159,SIPO,Servicios del Hogar,4339.0
30936,1048,1257,F,70,1993-05-05,35,Jablonec n. Nisou,north Bohemia,MN,24886042,SIPO,Servicios del Hogar,3852.0
30937,1049,1259,M,32,1997-12-04,18,Pisek,south Bohemia,EF,93252652,SIPO,Servicios del Hogar,1545.0
30938,1049,1259,M,32,1997-12-04,18,Pisek,south Bohemia,EF,13402939,SIN_ESPECIFICAR,Sin Especificar,954.0
30939,1050,1260,F,53,1993-02-24,57,Hodonin,south Moravia,OP,98150521,SIPO,Servicios del Hogar,5673.0
30940,1053,1265,F,40,1994-05-25,57,Hodonin,south Moravia,YZ,8172607,SIPO,Servicios del Hogar,1043.0
30941,1053,1265,F,40,1994-05-25,57,Hodonin,south Moravia,YZ,46275836,SIN_ESPECIFICAR,Sin Especificar,2439.0
30942,1054,1266,F,46,1993-02-19,10,Praha - vychod,central Bohemia,IJ,38208055,SIPO,Servicios del Hogar,4736.0
30943,1055,1267,F,44,1996-12-12,29,Rokycany,west Bohemia,CD,7340211,SIPO,Servicios del Hogar,2047.0
30944,1056,1269,F,50,1996-12-28,1,Hl.m. Praha,Prague,IJ,50892353,LEASING,Arrendamiento / Leasing,2532.0
30945,1056,1269,F,50,1996-12-28,1,Hl.m. Praha,Prague,EF,26736420,SIPO,Servicios del Hogar,5692.0
30946,1057,1270,M,68,1993-08-23,13,Rakovnik,central Bohemia,QR,44777083,SIPO,Servicios del Hogar,3090.0
30947,1058,1271,M,63,1996-06-11,47,Pardubice,east Bohemia,WX,49857848,SIPO,Servicios del Hogar,4761.0
30948,1058,1271,M,63,1996-06-11,47,Pardubice,east Bohemia,WX,54740381,SIN_ESPECIFICAR,Sin Especificar,408.0
30949,1059,1272,M,54,1995-05-30,8,Mlada Boleslav,central Bohemia,CD,2758771,SIPO,Servicios del Hogar,232.0
30950,1059,1272,M,54,1995-05-30,8,Mlada Boleslav,central Bohemia,ST,66466748,SIN_ESPECIFICAR,Sin Especificar,1914.0
30951,1061,1274,M,22,1997-10-17,44,Chrudim,east Bohemia,YZ,97285127,SIPO,Servicios del Hogar,3790.0
30952,1062,1275,F,47,1993-07-11,6,Kutna Hora,central Bohemia,AB,56361120,SIPO,Servicios del Hogar,7844.0
30953,1064,1277,M,67,1997-09-29,70,Karvina,north Moravia,QR,99262660,SIPO,Servicios del Hogar,2918.0
30954,1067,1280,M,46,1996-09-10,34,Chomutov,north Bohemia,AB,90449589,SIPO,Servicios del Hogar,7811.0
30955,1068,1282,M,62,1997-02-15,52,Usti nad Orlici,east Bohemia,ST,2958560,UVER,Cuota de Prestamo,4220.0
30956,1068,1282,M,62,1997-02-15,52,Usti nad Orlici,east Bohemia,AB,6389087,SIPO,Servicios del Hogar,4737.0
30957,1068,1282,M,62,1997-02-15,52,Usti nad Orlici,east Bohemia,YZ,29813301,SIN_ESPECIFICAR,Sin Especificar,3273.0
30958,1068,1282,M,62,1997-02-15,52,Usti nad Orlici,east Bohemia,CD,73765313,POJISTNE,Pago de Seguros,632.0
30959,1069,1283,F,59,1993-07-24,70,Karvina,north Moravia,YZ,41750836,SIPO,Servicios del Hogar,3080.0
30960,1070,1285,M,59,1996-04-23,62,Uherske Hradiste,south Moravia,MN,65257990,SIPO,Servicios del Hogar,5116.0
30961,1071,1286,F,48,1993-05-10,68,Frydek - Mistek,north Moravia,GH,21432626,UVER,Cuota de Prestamo,4220.0
30962,1072,1287,F,54,1997-12-09,65,Znojmo,south Moravia,OP,47369968,SIPO,Servicios del Hogar,3520.0
30963,1073,1288,M,26,1994-02-27,73,Opava,north Moravia,OP,88794773,SIPO,Servicios del Hogar,3843.0
30964,1074,1289,M,52,1996-05-16,59,Kromeriz,south Moravia,IJ,51158940,LEASING,Arrendamiento / Leasing,1416.0
30965,1075,1290,M,22,1995-07-13,35,Jablonec n. Nisou,north Bohemia,WX,87197690,SIPO,Servicios del Hogar,3868.0
30966,1075,1290,M,22,1995-07-13,35,Jablonec n. Nisou,north Bohemia,UV,90986024,SIN_ESPECIFICAR,Sin Especificar,208.0
30967,1076,1291,F,34,1994-10-30,1,Hl.m. Praha,Prague,KL,42470806,SIPO,Servicios del Hogar,2640.0
30968,1076,1291,F,34,1994-10-30,1,Hl.m. Praha,Prague,YZ,93423914,SIN_ESPECIFICAR,Sin Especificar,4447.0
30969,1078,1293,M,71,1996-07-12,1,Hl.m. Praha,Prague,YZ,33194816,SIPO,Servicios del Hogar,3423.0
30970,1079,1295,F,54,1993-09-14,74,Ostrava - mesto,north Moravia,MN,42747187,SIPO,Servicios del Hogar,10392.0
30971,1080,1296,F,39,1993-12-27,55,Brno - venkov,south Moravia,WX,40894991,SIPO,Servicios del Hogar,6185.0
30972,1081,1297,F,80,1996-12-21,64,Zlin,south Moravia,QR,41841411,SIPO,Servicios del Hogar,2484.0
30973,1082,1299,F,78,1996-06-08,2,Benesov,central Bohemia,WX,8899295,SIPO,Servicios del Hogar,2189.0
30974,1083,1300,M,19,1996-12-06,45,Jicin,east Bohemia,KL,52041840,SIPO,Servicios del Hogar,1930.0
30975,1083,1300,M,19,1996-12-06,45,Jicin,east Bohemia,KL,1474237,SIN_ESPECIFICAR,Sin Especificar,835.0
30976,1083,1300,M,19,1996-12-06,45,Jicin,east Bohemia,YZ,70442372,POJISTNE,Pago de Seguros,4351.0
30977,1083,1300,M,19,1996-12-06,45,Jicin,east Bohemia,EF,96308820,UVER,Cuota de Prestamo,1416.0
30980,1085,1303,F,58,1997-09-11,42,Havlickuv Brod,east Bohemia,MN,39862310,SIPO,Servicios del Hogar,8537.0
30981,1086,1304,M,62,1996-06-17,37,Litomerice,north Bohemia,UV,38448971,SIPO,Servicios del Hogar,1376.0
30982,1086,1304,M,62,1996-06-17,37,Litomerice,north Bohemia,MN,12634462,SIN_ESPECIFICAR,Sin Especificar,474.0
30983,1086,1304,M,62,1996-06-17,37,Litomerice,north Bohemia,EF,44293308,POJISTNE,Pago de Seguros,86.0
30984,1088,1306,F,76,1993-12-19,32,Ceska Lipa,north Bohemia,WX,46244287,SIPO,Servicios del Hogar,3032.0
30985,1089,1307,M,45,1995-10-10,74,Ostrava - mesto,north Moravia,OP,36553853,SIPO,Servicios del Hogar,756.0
30986,1089,1307,M,45,1995-10-10,74,Ostrava - mesto,north Moravia,QR,13997078,SIN_ESPECIFICAR,Sin Especificar,2962.0
30987,1090,1308,M,44,1996-10-19,69,Jesenik,north Moravia,ST,12971461,SIPO,Servicios del Hogar,3317.0
30988,1092,1310,F,21,1995-06-06,41,Usti nad Labem,north Bohemia,ST,40163117,SIPO,Servicios del Hogar,5664.0
30989,1093,1311,F,42,1996-01-14,54,Brno - mesto,south Moravia,ST,99570404,UVER,Cuota de Prestamo,8023.0
30990,1093,1311,F,42,1996-01-14,54,Brno - mesto,south Moravia,EF,21858203,SIPO,Servicios del Hogar,10261.0
30991,1094,1312,F,63,1996-07-10,35,Jablonec n. Nisou,north Bohemia,UV,80894112,SIPO,Servicios del Hogar,1408.0
30992,1094,1312,F,63,1996-07-10,35,Jablonec n. Nisou,north Bohemia,KL,27204376,SIPO,Servicios del Hogar,747.0
30993,1095,1313,M,28,1997-06-18,54,Brno - mesto,south Moravia,MN,98788070,SIPO,Servicios del Hogar,1119.0
30994,1095,1313,M,28,1997-06-18,54,Brno - mesto,south Moravia,KL,77274346,SIN_ESPECIFICAR,Sin Especificar,3773.0
30995,1095,1313,M,28,1997-06-18,54,Brno - mesto,south Moravia,AB,69525956,POJISTNE,Pago de Seguros,896.0
30996,1095,1313,M,28,1997-06-18,54,Brno - mesto,south Moravia,EF,92616253,SIN_ESPECIFICAR,Sin Especificar,1787.0
30997,1096,1315,M,75,1997-03-03,34,Chomutov,north Bohemia,MN,24721879,SIPO,Servicios del Hogar,3488.0
30998,1097,1316,F,52,1996-06-22,67,Bruntal,north Moravia,OP,95009862,SIPO,Servicios del Hogar,7636.0
30999,1097,1316,F,52,1996-06-22,67,Bruntal,north Moravia,OP,33397758,SIN_ESPECIFICAR,Sin Especificar,870.0
31000,1097,1316,F,52,1996-06-22,67,Bruntal,north Moravia,CD,50336754,POJISTNE,Pago de Seguros,577.0
31001,1097,1316,F,52,1996-06-22,67,Bruntal,north Moravia,UV,86982053,SIN_ESPECIFICAR,Sin Especificar,42.0
31002,1098,1318,M,67,1993-12-28,47,Pardubice,east Bohemia,AB,2207518,SIPO,Servicios del Hogar,619.0
31003,1098,1318,M,67,1993-12-28,47,Pardubice,east Bohemia,GH,47811776,SIPO,Servicios del Hogar,1007.0
31009,1100,1321,F,21,1996-09-23,35,Jablonec n. Nisou,north Bohemia,OP,60873585,SIPO,Servicios del Hogar,174.0
31010,1100,1321,F,21,1996-09-23,35,Jablonec n. Nisou,north Bohemia,UV,21850496,SIN_ESPECIFICAR,Sin Especificar,882.0
31011,1100,1321,F,21,1996-09-23,35,Jablonec n. Nisou,north Bohemia,YZ,22059500,POJISTNE,Pago de Seguros,1103.0
31012,1101,1322,F,53,1997-09-22,4,Kladno,central Bohemia,ST,64489167,SIPO,Servicios del Hogar,7553.0
31013,1102,1323,M,54,1996-02-19,70,Karvina,north Moravia,CD,19876456,SIPO,Servicios del Hogar,3559.0
31014,1104,1325,M,53,1995-12-07,39,Most,north Bohemia,EF,72144114,SIPO,Servicios del Hogar,8840.0
31015,1105,1326,F,42,1994-09-01,55,Brno - venkov,south Moravia,EF,96368914,SIPO,Servicios del Hogar,1839.0
31016,1105,1326,F,42,1994-09-01,55,Brno - venkov,south Moravia,WX,69901072,SIN_ESPECIFICAR,Sin Especificar,4015.0
31017,1106,1327,F,35,1993-08-29,20,Strakonice,south Bohemia,WX,7667500,UVER,Cuota de Prestamo,8023.0
31018,1107,1328,F,61,1993-09-08,42,Havlickuv Brod,east Bohemia,ST,55333268,SIPO,Servicios del Hogar,1746.0
31019,1108,1329,M,80,1995-03-09,26,Plzen - mesto,west Bohemia,ST,17273038,SIPO,Servicios del Hogar,31.0
31020,1108,1329,M,80,1995-03-09,26,Plzen - mesto,west Bohemia,OP,30477523,SIPO,Servicios del Hogar,2335.0
31021,1110,1331,M,35,1997-07-10,54,Brno - mesto,south Moravia,CD,84862774,SIPO,Servicios del Hogar,5427.0
31022,1111,1332,F,41,1996-02-16,5,Kolin,central Bohemia,UV,64148080,SIPO,Servicios del Hogar,3962.0
31023,1113,1334,M,20,1996-09-23,8,Mlada Boleslav,central Bohemia,CD,6762576,SIPO,Servicios del Hogar,3837.0
31024,1113,1334,M,20,1996-09-23,8,Mlada Boleslav,central Bohemia,YZ,4878908,SIN_ESPECIFICAR,Sin Especificar,1809.0
31025,1114,1335,F,37,1993-11-13,6,Kutna Hora,central Bohemia,EF,41164273,SIPO,Servicios del Hogar,3350.0
31026,1115,1337,F,19,1993-03-27,34,Chomutov,north Bohemia,OP,13170951,SIPO,Servicios del Hogar,2293.0
31027,1116,1339,M,39,1993-07-20,1,Hl.m. Praha,Prague,ST,41694200,SIPO,Servicios del Hogar,8086.0
31028,1117,1340,F,59,1996-08-29,68,Frydek - Mistek,north Moravia,UV,52116602,SIPO,Servicios del Hogar,1640.0
31029,1117,1340,F,59,1996-08-29,68,Frydek - Mistek,north Moravia,YZ,64481568,SIPO,Servicios del Hogar,1075.0
31030,1118,1341,F,36,1993-07-04,48,Rychnov nad Kneznou,east Bohemia,UV,32868296,SIPO,Servicios del Hogar,3637.0
31031,1118,1341,F,36,1993-07-04,48,Rychnov nad Kneznou,east Bohemia,GH,4071104,SIN_ESPECIFICAR,Sin Especificar,1388.0
31034,1120,1343,F,59,1993-10-05,1,Hl.m. Praha,Prague,GH,5904931,SIPO,Servicios del Hogar,1508.0
31035,1120,1343,F,59,1993-10-05,1,Hl.m. Praha,Prague,KL,15175223,SIPO,Servicios del Hogar,1195.0
31036,1123,1347,M,28,1993-11-01,13,Rakovnik,central Bohemia,YZ,11799949,SIPO,Servicios del Hogar,2444.0
31037,1123,1347,M,28,1993-11-01,13,Rakovnik,central Bohemia,WX,23123979,SIN_ESPECIFICAR,Sin Especificar,6668.0
31038,1124,1349,F,30,1996-06-02,26,Plzen - mesto,west Bohemia,WX,20725280,LEASING,Arrendamiento / Leasing,4814.0
31039,1124,1349,F,30,1996-06-02,26,Plzen - mesto,west Bohemia,YZ,35057538,SIPO,Servicios del Hogar,1030.0
31040,1124,1349,F,30,1996-06-02,26,Plzen - mesto,west Bohemia,GH,54822939,SIN_ESPECIFICAR,Sin Especificar,2739.0
31041,1125,1350,M,39,1997-11-21,1,Hl.m. Praha,Prague,YZ,68780326,UVER,Cuota de Prestamo,7895.0
31042,1125,1350,M,39,1997-11-21,1,Hl.m. Praha,Prague,ST,79252308,SIPO,Servicios del Hogar,11827.0
31043,1125,1350,M,39,1997-11-21,1,Hl.m. Praha,Prague,UV,34524190,SIN_ESPECIFICAR,Sin Especificar,238.0
31044,1125,1350,M,39,1997-11-21,1,Hl.m. Praha,Prague,YZ,64038717,POJISTNE,Pago de Seguros,1.0
31045,1126,1352,F,27,1993-03-08,56,Breclav,south Moravia,WX,12984758,SIPO,Servicios del Hogar,2791.0
31046,1127,1353,M,39,1993-01-27,27,Plzen - jih,west Bohemia,WX,43852061,SIPO,Servicios del Hogar,6260.0
31047,1128,1354,M,77,1993-11-21,74,Ostrava - mesto,north Moravia,QR,14786029,SIPO,Servicios del Hogar,2070.0
31048,1129,1355,F,22,1995-03-03,35,Jablonec n. Nisou,north Bohemia,OP,21761328,SIPO,Servicios del Hogar,4604.0
31049,1129,1355,F,22,1995-03-03,35,Jablonec n. Nisou,north Bohemia,EF,57572519,SIN_ESPECIFICAR,Sin Especificar,2085.0
31050,1130,1356,M,66,1997-05-11,1,Hl.m. Praha,Prague,QR,6974792,SIPO,Servicios del Hogar,2241.0
31053,1133,1361,F,76,1993-11-01,1,Hl.m. Praha,Prague,WX,45995962,SIPO,Servicios del Hogar,2103.0
31054,1133,1361,F,76,1993-11-01,1,Hl.m. Praha,Prague,ST,40755695,SIPO,Servicios del Hogar,895.0
31055,1134,1363,F,19,1993-02-09,6,Kutna Hora,central Bohemia,OP,83356666,SIPO,Servicios del Hogar,1973.0
31056,1134,1363,F,19,1993-02-09,6,Kutna Hora,central Bohemia,ST,64548426,SIN_ESPECIFICAR,Sin Especificar,6007.0
31057,1135,1364,M,65,1995-07-17,1,Hl.m. Praha,Prague,YZ,62011670,SIPO,Servicios del Hogar,1735.0
31058,1136,1366,F,18,1993-08-07,12,Pribram,central Bohemia,IJ,88794064,LEASING,Arrendamiento / Leasing,3082.0
31059,1136,1366,F,18,1993-08-07,12,Pribram,central Bohemia,YZ,58973252,SIPO,Servicios del Hogar,6249.0
31060,1136,1366,F,18,1993-08-07,12,Pribram,central Bohemia,YZ,17459643,SIN_ESPECIFICAR,Sin Especificar,2884.0
31061,1137,1367,F,33,1995-12-19,60,Prostejov,south Moravia,GH,1497954,SIPO,Servicios del Hogar,2121.0
31062,1139,1370,F,33,1996-01-20,34,Chomutov,north Bohemia,MN,67396074,LEASING,Arrendamiento / Leasing,3082.0
31063,1139,1370,F,33,1996-01-20,34,Chomutov,north Bohemia,CD,88400810,SIPO,Servicios del Hogar,1191.0
31064,1139,1370,F,33,1996-01-20,34,Chomutov,north Bohemia,UV,4895151,SIN_ESPECIFICAR,Sin Especificar,3110.0
31065,1139,1370,F,33,1996-01-20,34,Chomutov,north Bohemia,UV,35875827,POJISTNE,Pago de Seguros,2386.0
31066,1139,1370,F,33,1996-01-20,34,Chomutov,north Bohemia,OP,71055465,SIN_ESPECIFICAR,Sin Especificar,479.0
31067,1140,1371,F,50,1997-11-07,49,Semily,east Bohemia,YZ,74234366,SIPO,Servicios del Hogar,2790.0
31068,1141,1372,F,22,1997-02-16,28,Plzen - sever,west Bohemia,OP,42710840,SIPO,Servicios del Hogar,1028.0
31069,1141,1372,F,22,1997-02-16,28,Plzen - sever,west Bohemia,QR,31942546,SIN_ESPECIFICAR,Sin Especificar,907.0
31070,1141,1372,F,22,1997-02-16,28,Plzen - sever,west Bohemia,IJ,44392269,POJISTNE,Pago de Seguros,248.0
31071,1142,1373,F,23,1995-10-19,74,Ostrava - mesto,north Moravia,KL,67380297,SIPO,Servicios del Hogar,2077.0
31075,1144,1375,M,21,1993-01-28,59,Kromeriz,south Moravia,GH,64795172,SIPO,Servicios del Hogar,2250.0
31076,1145,1376,M,40,1993-07-03,31,Tachov,west Bohemia,IJ,24233013,SIPO,Servicios del Hogar,478.0
31077,1145,1376,M,40,1993-07-03,31,Tachov,west Bohemia,KL,38151466,SIN_ESPECIFICAR,Sin Especificar,1469.0
31078,1146,1378,F,57,1993-09-12,67,Bruntal,north Moravia,OP,77362507,SIPO,Servicios del Hogar,3437.0
31079,1146,1378,F,57,1993-09-12,67,Bruntal,north Moravia,QR,46465182,SIN_ESPECIFICAR,Sin Especificar,1384.0
31081,1151,1384,F,45,1995-06-23,40,Teplice,north Bohemia,WX,90602427,SIPO,Servicios del Hogar,3263.0
31082,1152,1385,M,45,1993-04-15,45,Jicin,east Bohemia,GH,77527123,SIPO,Servicios del Hogar,2186.0
31083,1153,1387,F,21,1993-12-29,35,Jablonec n. Nisou,north Bohemia,QR,24663144,SIPO,Servicios del Hogar,4918.0
31084,1153,1387,F,21,1993-12-29,35,Jablonec n. Nisou,north Bohemia,MN,55908048,SIN_ESPECIFICAR,Sin Especificar,1033.0
31085,1154,1388,F,36,1997-08-29,5,Kolin,central Bohemia,IJ,42328703,SIPO,Servicios del Hogar,3475.0
31086,1155,1389,F,71,1996-10-04,43,Hradec Kralove,east Bohemia,QR,81956076,SIPO,Servicios del Hogar,2260.0
31087,1158,1392,M,66,1994-04-03,50,Svitavy,east Bohemia,CD,11980402,SIPO,Servicios del Hogar,2171.0
31088,1159,1394,F,56,1994-02-09,49,Semily,east Bohemia,KL,37861478,SIPO,Servicios del Hogar,6470.0
31089,1160,1396,F,52,1996-07-29,39,Most,north Bohemia,YZ,20354813,SIPO,Servicios del Hogar,3487.0
31090,1160,1396,F,52,1996-07-29,39,Most,north Bohemia,CD,47398275,SIN_ESPECIFICAR,Sin Especificar,171.0
31091,1161,1397,F,77,1993-05-08,66,Zdar nad Sazavou,south Moravia,ST,53418099,SIPO,Servicios del Hogar,3947.0
31096,1165,1402,M,62,1997-03-23,44,Chrudim,east Bohemia,CD,13145977,SIPO,Servicios del Hogar,8270.0
31097,1166,1404,F,30,1993-04-21,11,Praha - zapad,central Bohemia,CD,62584346,UVER,Cuota de Prestamo,3105.0
31098,1166,1404,F,30,1993-04-21,11,Praha - zapad,central Bohemia,EF,69850820,SIPO,Servicios del Hogar,4397.0
31102,1168,1406,F,50,1994-11-03,29,Rokycany,west Bohemia,WX,84145503,SIPO,Servicios del Hogar,2432.0
31103,1168,1406,F,50,1994-11-03,29,Rokycany,west Bohemia,GH,54825097,SIN_ESPECIFICAR,Sin Especificar,1838.0
31104,1168,1406,F,50,1994-11-03,29,Rokycany,west Bohemia,MN,2626044,POJISTNE,Pago de Seguros,48.0
31105,1168,1406,F,50,1994-11-03,29,Rokycany,west Bohemia,WX,34381449,SIN_ESPECIFICAR,Sin Especificar,40.0
31106,1169,1408,M,29,1994-03-02,49,Semily,east Bohemia,EF,74447035,SIPO,Servicios del Hogar,7748.0
31107,1169,1408,M,29,1994-03-02,49,Semily,east Bohemia,WX,2818489,SIN_ESPECIFICAR,Sin Especificar,591.0
31108,1170,1409,M,47,1996-03-26,25,Klatovy,west Bohemia,YZ,66010159,LEASING,Arrendamiento / Leasing,2279.0
31109,1170,1409,M,47,1996-03-26,25,Klatovy,west Bohemia,EF,53990995,SIPO,Servicios del Hogar,13057.0
31110,1171,1410,M,54,1997-12-20,18,Pisek,south Bohemia,AB,8577967,SIPO,Servicios del Hogar,7893.0
31111,1173,1413,F,29,1996-09-22,11,Praha - zapad,central Bohemia,YZ,85918098,SIPO,Servicios del Hogar,950.0
31112,1173,1413,F,29,1996-09-22,11,Praha - zapad,central Bohemia,AB,55954945,SIN_ESPECIFICAR,Sin Especificar,1352.0
31113,1174,1414,F,24,1995-03-21,70,Karvina,north Moravia,GH,72342484,SIPO,Servicios del Hogar,720.0
31114,1174,1414,F,24,1995-03-21,70,Karvina,north Moravia,IJ,14356726,SIN_ESPECIFICAR,Sin Especificar,829.0
31115,1174,1414,F,24,1995-03-21,70,Karvina,north Moravia,IJ,69252133,POJISTNE,Pago de Seguros,3182.0
31119,1176,1416,M,71,1996-10-24,19,Prachatice,south Bohemia,YZ,67840176,SIPO,Servicios del Hogar,2267.0
31120,1177,1417,F,32,1997-12-20,27,Plzen - jih,west Bohemia,YZ,63586568,SIPO,Servicios del Hogar,541.0
31121,1177,1417,F,32,1997-12-20,27,Plzen - jih,west Bohemia,IJ,89210205,SIN_ESPECIFICAR,Sin Especificar,3499.0
31122,1177,1417,F,32,1997-12-20,27,Plzen - jih,west Bohemia,OP,30046618,UVER,Cuota de Prestamo,6306.0
31123,1178,1418,F,24,1997-05-04,41,Usti nad Labem,north Bohemia,GH,17762130,SIPO,Servicios del Hogar,5639.0
31124,1179,1419,F,80,1993-01-23,74,Ostrava - mesto,north Moravia,UV,68278848,SIPO,Servicios del Hogar,2808.0
31125,1181,1422,F,22,1997-08-20,69,Jesenik,north Moravia,OP,84730392,SIPO,Servicios del Hogar,3418.0
31126,1181,1422,F,22,1997-08-20,69,Jesenik,north Moravia,WX,99466686,SIN_ESPECIFICAR,Sin Especificar,329.0
31127,1181,1422,F,22,1997-08-20,69,Jesenik,north Moravia,YZ,73321759,POJISTNE,Pago de Seguros,123.0
31128,1182,1424,M,46,1997-02-11,8,Mlada Boleslav,central Bohemia,UV,22986358,LEASING,Arrendamiento / Leasing,1663.0
31129,1183,1425,M,30,1995-05-08,12,Pribram,central Bohemia,YZ,94248866,SIPO,Servicios del Hogar,1882.0
31130,1183,1425,M,30,1995-05-08,12,Pribram,central Bohemia,QR,47705107,SIN_ESPECIFICAR,Sin Especificar,1046.0
31131,1185,1428,M,78,1997-06-07,12,Pribram,central Bohemia,KL,67108410,SIPO,Servicios del Hogar,2581.0
31132,1185,1428,M,78,1997-06-07,12,Pribram,central Bohemia,ST,46177363,SIPO,Servicios del Hogar,249.0
31133,1187,1431,F,68,1996-07-28,55,Brno - venkov,south Moravia,WX,56067287,SIPO,Servicios del Hogar,2288.0
31134,1188,1432,F,37,1996-07-22,16,Jindrichuv Hradec,south Bohemia,KL,60496938,SIPO,Servicios del Hogar,4421.0
31135,1189,1433,F,39,1993-03-19,59,Kromeriz,south Moravia,GH,69967859,SIPO,Servicios del Hogar,1944.0
31136,1189,1433,F,39,1993-03-19,59,Kromeriz,south Moravia,GH,59060120,SIN_ESPECIFICAR,Sin Especificar,344.0
31137,1190,1435,M,45,1996-09-09,52,Usti nad Orlici,east Bohemia,KL,18257963,SIPO,Servicios del Hogar,8249.0
31142,1193,1439,M,24,1994-01-05,29,Rokycany,west Bohemia,KL,465041,SIPO,Servicios del Hogar,7334.0
31143,1194,1440,M,20,1994-04-15,1,Hl.m. Praha,Prague,WX,70871931,SIPO,Servicios del Hogar,3171.0
31144,1195,1441,F,67,1996-12-27,42,Havlickuv Brod,east Bohemia,IJ,70545512,SIPO,Servicios del Hogar,1890.0
31145,1195,1441,F,67,1996-12-27,42,Havlickuv Brod,east Bohemia,IJ,17328250,SIPO,Servicios del Hogar,453.0
31146,1196,1443,M,63,1996-01-16,29,Rokycany,west Bohemia,GH,66254877,SIPO,Servicios del Hogar,12445.0
31147,1197,1445,M,57,1993-09-07,68,Frydek - Mistek,north Moravia,ST,79359864,SIPO,Servicios del Hogar,2582.0
31148,1199,1448,F,41,1997-03-18,50,Svitavy,east Bohemia,IJ,97586124,SIPO,Servicios del Hogar,1948.0
31149,1199,1448,F,41,1997-03-18,50,Svitavy,east Bohemia,UV,49255633,SIN_ESPECIFICAR,Sin Especificar,762.0
31150,1200,1449,M,49,1993-05-07,33,Decin,north Bohemia,KL,65062272,SIPO,Servicios del Hogar,3743.0
31151,1200,1449,M,49,1993-05-07,33,Decin,north Bohemia,EF,63795244,SIN_ESPECIFICAR,Sin Especificar,525.0
31152,1200,1449,M,49,1993-05-07,33,Decin,north Bohemia,EF,13788360,POJISTNE,Pago de Seguros,3156.0
31153,1201,1450,F,29,1993-07-23,61,Trebic,south Moravia,CD,73948222,SIPO,Servicios del Hogar,5873.0
31154,1201,1450,F,29,1993-07-23,61,Trebic,south Moravia,OP,53580081,SIN_ESPECIFICAR,Sin Especificar,1836.0
31159,1203,1452,F,58,1995-08-09,72,Olomouc,north Moravia,EF,84286474,SIPO,Servicios del Hogar,465.0
31160,1203,1452,F,58,1995-08-09,72,Olomouc,north Moravia,UV,74031829,SIN_ESPECIFICAR,Sin Especificar,3232.0
31161,1203,1452,F,58,1995-08-09,72,Olomouc,north Moravia,AB,89206337,POJISTNE,Pago de Seguros,118.0
31162,1203,1452,F,58,1995-08-09,72,Olomouc,north Moravia,EF,31680542,SIN_ESPECIFICAR,Sin Especificar,346.0
31163,1204,1453,F,32,1993-12-03,29,Rokycany,west Bohemia,WX,46599167,SIPO,Servicios del Hogar,2154.0
31164,1204,1453,F,32,1993-12-03,29,Rokycany,west Bohemia,MN,21313643,SIN_ESPECIFICAR,Sin Especificar,4992.0
31165,1205,1454,M,73,1994-10-08,73,Opava,north Moravia,YZ,8382422,SIPO,Servicios del Hogar,2989.0
31166,1206,1456,M,70,1995-10-21,70,Karvina,north Moravia,KL,50189578,SIPO,Servicios del Hogar,3279.0
31167,1207,1458,M,60,1993-06-08,67,Bruntal,north Moravia,ST,70412289,SIPO,Servicios del Hogar,9252.0
31168,1207,1458,M,60,1993-06-08,67,Bruntal,north Moravia,YZ,3589851,LEASING,Arrendamiento / Leasing,1110.0
31169,1208,1459,M,22,1997-11-09,4,Kladno,central Bohemia,ST,82192122,SIPO,Servicios del Hogar,4426.0
31170,1208,1459,M,22,1997-11-09,4,Kladno,central Bohemia,IJ,36384171,SIN_ESPECIFICAR,Sin Especificar,2126.0
31171,1209,1460,F,65,1997-10-23,23,Cheb,west Bohemia,AB,9581202,SIPO,Servicios del Hogar,3568.0
31172,1211,1462,M,57,1996-08-09,49,Semily,east Bohemia,QR,57585883,SIPO,Servicios del Hogar,3073.0
31173,1211,1462,M,57,1996-08-09,49,Semily,east Bohemia,KL,33158874,SIN_ESPECIFICAR,Sin Especificar,890.0
31174,1211,1462,M,57,1996-08-09,49,Semily,east Bohemia,OP,16959125,POJISTNE,Pago de Seguros,372.0
31175,1212,1463,F,62,1995-12-18,70,Karvina,north Moravia,CD,49310952,SIPO,Servicios del Hogar,2805.0
31176,1213,1464,F,70,1996-05-08,36,Liberec,north Bohemia,AB,19831466,SIPO,Servicios del Hogar,2984.0
31177,1214,1466,M,45,1997-01-19,39,Most,north Bohemia,EF,29751098,SIPO,Servicios del Hogar,4469.0
31178,1215,1467,M,74,1997-03-04,65,Znojmo,south Moravia,QR,60905134,SIPO,Servicios del Hogar,2508.0
31179,1216,1468,F,58,1996-03-01,77,Vsetin,north Moravia,OP,9067219,SIPO,Servicios del Hogar,2349.0
31180,1217,1469,F,32,1993-10-25,69,Jesenik,north Moravia,AB,9696394,SIPO,Servicios del Hogar,151.0
31181,1217,1469,F,32,1993-10-25,69,Jesenik,north Moravia,YZ,58911669,SIN_ESPECIFICAR,Sin Especificar,1956.0
31182,1218,1470,M,56,1996-12-12,1,Hl.m. Praha,Prague,IJ,27704996,LEASING,Arrendamiento / Leasing,3213.0
31183,1219,1472,F,31,1996-06-08,1,Hl.m. Praha,Prague,IJ,86177932,SIPO,Servicios del Hogar,3986.0
31184,1220,1473,F,67,1995-07-15,1,Hl.m. Praha,Prague,CD,48306894,SIPO,Servicios del Hogar,2770.0
31185,1221,1474,F,27,1997-01-02,45,Jicin,east Bohemia,QR,20722085,LEASING,Arrendamiento / Leasing,3213.0
31186,1222,1475,M,66,1993-01-20,66,Zdar nad Sazavou,south Moravia,WX,91109859,SIPO,Servicios del Hogar,1727.0
31187,1223,1476,M,28,1996-08-10,70,Karvina,north Moravia,WX,7625335,SIPO,Servicios del Hogar,1398.0
31188,1223,1476,M,28,1996-08-10,70,Karvina,north Moravia,CD,87986993,SIN_ESPECIFICAR,Sin Especificar,4963.0
31194,1226,1479,M,42,1996-10-23,1,Hl.m. Praha,Prague,CD,52769649,SIPO,Servicios del Hogar,3826.0
31195,1227,1480,M,55,1996-01-13,69,Jesenik,north Moravia,YZ,31759178,SIPO,Servicios del Hogar,5511.0
31196,1227,1480,M,55,1996-01-13,69,Jesenik,north Moravia,GH,57943856,SIN_ESPECIFICAR,Sin Especificar,101.0
31197,1227,1480,M,55,1996-01-13,69,Jesenik,north Moravia,MN,14547312,POJISTNE,Pago de Seguros,980.0
31198,1227,1480,M,55,1996-01-13,69,Jesenik,north Moravia,YZ,39771598,SIN_ESPECIFICAR,Sin Especificar,2344.0
31199,1228,1481,F,65,1995-04-09,62,Uherske Hradiste,south Moravia,AB,34928244,SIPO,Servicios del Hogar,1980.0
31200,1229,1482,F,48,1997-12-10,46,Nachod,east Bohemia,UV,85866784,SIPO,Servicios del Hogar,5505.0
31201,1230,1483,F,47,1997-05-03,1,Hl.m. Praha,Prague,IJ,91985517,LEASING,Arrendamiento / Leasing,3213.0
31202,1231,1485,M,20,1994-01-18,7,Melnik,central Bohemia,GH,5624753,SIPO,Servicios del Hogar,3485.0
31203,1231,1485,M,20,1994-01-18,7,Melnik,central Bohemia,IJ,9577274,LEASING,Arrendamiento / Leasing,665.0
31204,1233,1488,M,37,1996-02-08,31,Tachov,west Bohemia,GH,76341795,SIPO,Servicios del Hogar,2260.0
31205,1234,1489,M,70,1993-09-13,6,Kutna Hora,central Bohemia,WX,71036088,SIPO,Servicios del Hogar,2236.0
31206,1235,1490,M,70,1993-11-23,76,Sumperk,north Moravia,QR,36736953,SIPO,Servicios del Hogar,1843.0
31207,1235,1490,M,70,1993-11-23,76,Sumperk,north Moravia,GH,56642502,SIPO,Servicios del Hogar,1049.0
31208,1238,1493,M,76,1995-10-29,1,Hl.m. Praha,Prague,IJ,28000951,SIPO,Servicios del Hogar,2256.0
31209,1239,1495,F,67,1993-04-10,1,Hl.m. Praha,Prague,KL,83388852,SIPO,Servicios del Hogar,3744.0
31210,1240,1496,F,56,1997-09-11,1,Hl.m. Praha,Prague,MN,14062285,SIPO,Servicios del Hogar,4353.0
31211,1241,1497,F,50,1996-07-02,53,Blansko,south Moravia,EF,97685855,SIPO,Servicios del Hogar,1368.0
31212,1241,1497,F,50,1996-07-02,53,Blansko,south Moravia,IJ,21271294,SIN_ESPECIFICAR,Sin Especificar,2201.0
31213,1241,1497,F,50,1996-07-02,53,Blansko,south Moravia,WX,87002157,POJISTNE,Pago de Seguros,227.0
31214,1242,1499,F,47,1996-11-24,74,Ostrava - mesto,north Moravia,CD,11588836,UVER,Cuota de Prestamo,5356.0
31215,1242,1499,F,47,1996-11-24,74,Ostrava - mesto,north Moravia,GH,12355560,SIPO,Servicios del Hogar,4910.0
31216,1242,1499,F,47,1996-11-24,74,Ostrava - mesto,north Moravia,AB,62675297,SIN_ESPECIFICAR,Sin Especificar,3674.0
31217,1242,1499,F,47,1996-11-24,74,Ostrava - mesto,north Moravia,OP,25744539,POJISTNE,Pago de Seguros,422.0
31218,1242,1499,F,47,1996-11-24,74,Ostrava - mesto,north Moravia,UV,13214141,SIN_ESPECIFICAR,Sin Especificar,38.0
31219,1244,1501,M,52,1996-05-08,68,Frydek - Mistek,north Moravia,EF,22533941,SIPO,Servicios del Hogar,903.0
31220,1244,1501,M,52,1996-05-08,68,Frydek - Mistek,north Moravia,IJ,81744551,SIN_ESPECIFICAR,Sin Especificar,2122.0
31221,1244,1501,M,52,1996-05-08,68,Frydek - Mistek,north Moravia,WX,97042274,POJISTNE,Pago de Seguros,406.0
31222,1244,1501,M,52,1996-05-08,68,Frydek - Mistek,north Moravia,QR,49724513,SIN_ESPECIFICAR,Sin Especificar,54.0
31223,1244,1501,M,52,1996-05-08,68,Frydek - Mistek,north Moravia,AB,67696446,UVER,Cuota de Prestamo,748.0
31224,1245,1502,M,25,1997-11-12,68,Frydek - Mistek,north Moravia,IJ,42008179,SIPO,Servicios del Hogar,3611.0
31225,1246,1503,M,76,1994-08-18,58,Jihlava,south Moravia,AB,34252166,SIPO,Servicios del Hogar,3239.0
31226,1247,1505,F,27,1993-06-08,25,Klatovy,west Bohemia,YZ,9652227,UVER,Cuota de Prestamo,2077.0
31227,1248,1506,M,67,1995-04-29,22,Domazlice,west Bohemia,AB,25126809,SIPO,Servicios del Hogar,3176.0
31228,1249,1508,F,44,1995-03-30,67,Bruntal,north Moravia,ST,91224199,SIPO,Servicios del Hogar,704.0
31229,1249,1508,F,44,1995-03-30,67,Bruntal,north Moravia,GH,65504103,SIN_ESPECIFICAR,Sin Especificar,392.0
31230,1249,1508,F,44,1995-03-30,67,Bruntal,north Moravia,QR,4520500,POJISTNE,Pago de Seguros,1361.0
31231,1250,1509,F,56,1996-03-28,62,Uherske Hradiste,south Moravia,GH,21845096,UVER,Cuota de Prestamo,3805.0
31232,1250,1509,F,56,1996-03-28,62,Uherske Hradiste,south Moravia,YZ,14470041,SIPO,Servicios del Hogar,61.0
31233,1250,1509,F,56,1996-03-28,62,Uherske Hradiste,south Moravia,IJ,49418222,SIN_ESPECIFICAR,Sin Especificar,10069.0
31234,1251,1510,F,50,1995-07-18,34,Chomutov,north Bohemia,UV,78350180,SIPO,Servicios del Hogar,7870.0
31235,1252,1511,F,36,1995-07-26,13,Rakovnik,central Bohemia,UV,84370898,UVER,Cuota de Prestamo,4115.0
31236,1253,1512,F,56,1997-04-13,5,Kolin,central Bohemia,OP,64931833,SIPO,Servicios del Hogar,3865.0
31237,1253,1512,F,56,1997-04-13,5,Kolin,central Bohemia,WX,10639518,SIN_ESPECIFICAR,Sin Especificar,5330.0
31238,1255,1514,M,41,1997-07-02,68,Frydek - Mistek,north Moravia,GH,13613921,UVER,Cuota de Prestamo,4598.0
31239,1256,1516,F,52,1994-04-21,38,Louny,north Bohemia,AB,72944313,SIPO,Servicios del Hogar,1178.0
31240,1256,1516,F,52,1994-04-21,38,Louny,north Bohemia,ST,69528400,SIN_ESPECIFICAR,Sin Especificar,5450.0
31241,1256,1516,F,52,1994-04-21,38,Louny,north Bohemia,IJ,9768981,UVER,Cuota de Prestamo,1974.0
31242,1257,1517,M,42,1995-10-11,66,Zdar nad Sazavou,south Moravia,CD,16047442,SIPO,Servicios del Hogar,4387.0
31243,1258,1518,F,38,1996-09-01,3,Beroun,central Bohemia,AB,56178200,SIPO,Servicios del Hogar,759.0
31244,1258,1518,F,38,1996-09-01,3,Beroun,central Bohemia,OP,77309888,SIN_ESPECIFICAR,Sin Especificar,1174.0
31245,1259,1520,M,42,1997-04-12,72,Olomouc,north Moravia,IJ,29708302,SIPO,Servicios del Hogar,724.0
31246,1259,1520,M,42,1997-04-12,72,Olomouc,north Moravia,MN,46119725,SIN_ESPECIFICAR,Sin Especificar,2108.0
31247,1259,1520,M,42,1997-04-12,72,Olomouc,north Moravia,EF,47106474,POJISTNE,Pago de Seguros,464.0
31248,1259,1520,M,42,1997-04-12,72,Olomouc,north Moravia,WX,87490993,UVER,Cuota de Prestamo,1429.0
31249,1260,1521,M,19,1996-11-17,5,Kolin,central Bohemia,QR,76420205,SIPO,Servicios del Hogar,6594.0
31250,1261,1522,F,30,1995-03-18,52,Usti nad Orlici,east Bohemia,CD,48037660,SIPO,Servicios del Hogar,9222.0
31251,1262,1523,F,67,1997-01-19,29,Rokycany,west Bohemia,EF,16308558,SIPO,Servicios del Hogar,2821.0
31252,1264,1525,M,55,1997-02-16,1,Hl.m. Praha,Prague,YZ,35251403,SIPO,Servicios del Hogar,6605.0
31253,1265,1527,M,64,1996-02-25,49,Semily,east Bohemia,QR,2120972,SIPO,Servicios del Hogar,1870.0
31254,1266,1528,M,34,1996-07-01,57,Hodonin,south Moravia,MN,3816020,SIPO,Servicios del Hogar,9291.0
31255,1267,1529,F,26,1996-08-05,43,Hradec Kralove,east Bohemia,GH,53632640,SIPO,Servicios del Hogar,2271.0
31256,1267,1529,F,26,1996-08-05,43,Hradec Kralove,east Bohemia,YZ,92731403,SIN_ESPECIFICAR,Sin Especificar,867.0
31257,1267,1529,F,26,1996-08-05,43,Hradec Kralove,east Bohemia,OP,38344526,POJISTNE,Pago de Seguros,21.0
31258,1267,1529,F,26,1996-08-05,43,Hradec Kralove,east Bohemia,QR,69378167,SIN_ESPECIFICAR,Sin Especificar,1672.0
31259,1268,1530,F,53,1993-07-25,74,Ostrava - mesto,north Moravia,ST,70287799,SIPO,Servicios del Hogar,2220.0
31260,1269,1531,F,38,1994-03-28,52,Usti nad Orlici,east Bohemia,CD,70135479,SIPO,Servicios del Hogar,6840.0
31261,1269,1531,F,38,1994-03-28,52,Usti nad Orlici,east Bohemia,EF,78545605,SIN_ESPECIFICAR,Sin Especificar,599.0
31262,1270,1533,M,38,1996-06-07,55,Brno - venkov,south Moravia,AB,27904290,UVER,Cuota de Prestamo,2077.0
31263,1270,1533,M,38,1996-06-07,55,Brno - venkov,south Moravia,WX,88882463,SIPO,Servicios del Hogar,4162.0
31264,1271,1534,F,46,1996-06-18,17,Pelhrimov,south Bohemia,EF,44934696,SIPO,Servicios del Hogar,4128.0
31265,1272,1535,M,62,1993-05-25,40,Teplice,north Bohemia,IJ,75666576,LEASING,Arrendamiento / Leasing,1246.0
31266,1273,1536,F,31,1994-03-25,37,Litomerice,north Bohemia,IJ,25406718,SIPO,Servicios del Hogar,3863.0
31267,1275,1539,M,75,1996-06-26,32,Ceska Lipa,north Bohemia,IJ,30025339,SIPO,Servicios del Hogar,1903.0
31268,1276,1540,M,61,1993-01-07,36,Liberec,north Bohemia,OP,19942432,SIPO,Servicios del Hogar,3839.0
31269,1276,1540,M,61,1993-01-07,36,Liberec,north Bohemia,YZ,87970047,SIN_ESPECIFICAR,Sin Especificar,508.0
31270,1276,1540,M,61,1993-01-07,36,Liberec,north Bohemia,AB,23086488,POJISTNE,Pago de Seguros,169.0
31271,1277,1542,M,79,1993-06-20,31,Tachov,west Bohemia,OP,2533764,SIPO,Servicios del Hogar,3175.0
31276,1279,1546,M,68,1997-10-13,28,Plzen - sever,west Bohemia,QR,61846792,SIPO,Servicios del Hogar,3587.0
31277,1280,1548,M,75,1995-05-03,70,Karvina,north Moravia,EF,39353507,SIPO,Servicios del Hogar,2491.0
31282,1284,1554,M,54,1997-07-02,55,Brno - venkov,south Moravia,AB,29951918,UVER,Cuota de Prestamo,4376.0
31283,1285,1555,M,48,1993-06-04,65,Znojmo,south Moravia,YZ,21816671,SIPO,Servicios del Hogar,7213.0
31284,1286,1556,M,48,1993-11-23,66,Zdar nad Sazavou,south Moravia,IJ,38014668,SIPO,Servicios del Hogar,8500.0
31285,1287,1557,F,39,1995-03-04,35,Jablonec n. Nisou,north Bohemia,EF,52661430,SIPO,Servicios del Hogar,2623.0
31286,1287,1557,F,39,1995-03-04,35,Jablonec n. Nisou,north Bohemia,UV,28742987,SIN_ESPECIFICAR,Sin Especificar,6619.0
31287,1287,1557,F,39,1995-03-04,35,Jablonec n. Nisou,north Bohemia,CD,8041507,POJISTNE,Pago de Seguros,525.0
31288,1288,1558,F,71,1993-11-27,11,Praha - zapad,central Bohemia,IJ,87367409,SIPO,Servicios del Hogar,2948.0
31289,1289,1559,M,58,1996-07-07,72,Olomouc,north Moravia,OP,91892945,SIPO,Servicios del Hogar,6950.0
31291,1291,1561,F,75,1994-07-04,1,Hl.m. Praha,Prague,OP,71369182,SIPO,Servicios del Hogar,1333.0
31292,1291,1561,F,75,1994-07-04,1,Hl.m. Praha,Prague,IJ,15883821,SIPO,Servicios del Hogar,335.0
31293,1292,1563,M,20,1994-09-03,3,Beroun,central Bohemia,MN,61391454,SIPO,Servicios del Hogar,1653.0
31294,1292,1563,M,20,1994-09-03,3,Beroun,central Bohemia,UV,43192416,SIN_ESPECIFICAR,Sin Especificar,1457.0
31295,1292,1563,M,20,1994-09-03,3,Beroun,central Bohemia,KL,75588404,POJISTNE,Pago de Seguros,221.0
31296,1293,1564,F,51,1996-09-03,40,Teplice,north Bohemia,MN,91569077,SIPO,Servicios del Hogar,3484.0
31297,1294,1565,M,38,1994-11-27,71,Novy Jicin,north Moravia,ST,59882163,SIPO,Servicios del Hogar,1404.0
31298,1294,1565,M,38,1994-11-27,71,Novy Jicin,north Moravia,UV,31563121,SIN_ESPECIFICAR,Sin Especificar,2177.0
31299,1295,1566,F,32,1994-10-28,15,Cesky Krumlov,south Bohemia,UV,74620097,SIPO,Servicios del Hogar,3282.0
31300,1296,1567,M,68,1996-12-02,50,Svitavy,east Bohemia,GH,57227110,SIPO,Servicios del Hogar,1607.0
31301,1297,1569,F,42,1993-07-27,70,Karvina,north Moravia,IJ,23392784,SIPO,Servicios del Hogar,2878.0
31302,1297,1569,F,42,1993-07-27,70,Karvina,north Moravia,UV,17594236,SIN_ESPECIFICAR,Sin Especificar,3311.0
31303,1298,1571,F,31,1996-01-20,7,Melnik,central Bohemia,MN,11863774,SIPO,Servicios del Hogar,5822.0
31304,1299,1572,F,35,1993-06-21,1,Hl.m. Praha,Prague,CD,17364889,SIPO,Servicios del Hogar,317.0
31305,1299,1572,F,35,1993-06-21,1,Hl.m. Praha,Prague,GH,4791987,SIN_ESPECIFICAR,Sin Especificar,2291.0
31308,1302,1575,F,75,1993-11-21,55,Brno - venkov,south Moravia,UV,38729328,SIPO,Servicios del Hogar,3924.0
31309,1303,1577,M,54,1997-09-08,23,Cheb,west Bohemia,IJ,57378178,SIPO,Servicios del Hogar,3601.0
31310,1304,1578,F,27,1996-04-27,40,Teplice,north Bohemia,CD,84192180,LEASING,Arrendamiento / Leasing,2369.0
31311,1306,1580,F,30,1995-03-22,1,Hl.m. Praha,Prague,YZ,36806219,SIPO,Servicios del Hogar,5023.0
31312,1306,1580,F,30,1995-03-22,1,Hl.m. Praha,Prague,IJ,20391887,SIN_ESPECIFICAR,Sin Especificar,942.0
31313,1306,1580,F,30,1995-03-22,1,Hl.m. Praha,Prague,EF,58231496,POJISTNE,Pago de Seguros,1888.0
31314,1307,1581,F,35,1994-12-05,56,Breclav,south Moravia,OP,88894867,SIPO,Servicios del Hogar,3297.0
31315,1308,1582,M,64,1996-09-25,54,Brno - mesto,south Moravia,CD,27181756,SIPO,Servicios del Hogar,3206.0
31316,1309,1583,F,26,1995-04-15,1,Hl.m. Praha,Prague,AB,95435869,LEASING,Arrendamiento / Leasing,2600.0
31317,1309,1583,F,26,1995-04-15,1,Hl.m. Praha,Prague,YZ,27833730,SIPO,Servicios del Hogar,10199.0
31318,1311,1585,M,63,1996-01-03,60,Prostejov,south Moravia,UV,53567492,SIPO,Servicios del Hogar,9327.0
31319,1312,1587,M,70,1994-10-15,23,Cheb,west Bohemia,ST,56866002,SIPO,Servicios del Hogar,1690.0
31320,1314,1589,F,47,1993-12-03,48,Rychnov nad Kneznou,east Bohemia,IJ,52970862,SIPO,Servicios del Hogar,6889.0
31321,1315,1590,F,58,1995-04-17,13,Rakovnik,central Bohemia,YZ,869143,SIPO,Servicios del Hogar,2813.0
31322,1315,1590,F,58,1995-04-17,13,Rakovnik,central Bohemia,QR,62296283,SIN_ESPECIFICAR,Sin Especificar,299.0
31323,1315,1590,F,58,1995-04-17,13,Rakovnik,central Bohemia,MN,4333562,POJISTNE,Pago de Seguros,3160.0
31324,1316,1591,F,45,1996-12-13,42,Havlickuv Brod,east Bohemia,KL,70345508,SIPO,Servicios del Hogar,1130.0
31325,1316,1591,F,45,1996-12-13,42,Havlickuv Brod,east Bohemia,WX,87733494,SIN_ESPECIFICAR,Sin Especificar,619.0
31326,1316,1591,F,45,1996-12-13,42,Havlickuv Brod,east Bohemia,EF,61034697,POJISTNE,Pago de Seguros,233.0
31327,1317,1592,M,70,1994-02-18,56,Breclav,south Moravia,YZ,54353141,SIPO,Servicios del Hogar,3493.0
31328,1318,1594,M,59,1997-12-22,56,Breclav,south Moravia,ST,77757256,UVER,Cuota de Prestamo,5154.0
31329,1318,1594,M,59,1997-12-22,56,Breclav,south Moravia,AB,10788429,SIPO,Servicios del Hogar,8677.0
31330,1318,1594,M,59,1997-12-22,56,Breclav,south Moravia,AB,50830727,SIN_ESPECIFICAR,Sin Especificar,1762.0
31331,1318,1594,M,59,1997-12-22,56,Breclav,south Moravia,MN,13490295,POJISTNE,Pago de Seguros,2015.0
31332,1318,1594,M,59,1997-12-22,56,Breclav,south Moravia,AB,44717049,SIN_ESPECIFICAR,Sin Especificar,744.0
31333,1319,1595,F,44,1997-08-08,56,Breclav,south Moravia,IJ,20581275,SIPO,Servicios del Hogar,6185.0
31334,1319,1595,F,44,1997-08-08,56,Breclav,south Moravia,YZ,35347509,SIN_ESPECIFICAR,Sin Especificar,884.0
31335,1319,1595,F,44,1997-08-08,56,Breclav,south Moravia,EF,91518568,POJISTNE,Pago de Seguros,1362.0
31336,1320,1596,F,20,1996-11-18,58,Jihlava,south Moravia,EF,72762423,SIPO,Servicios del Hogar,4377.0
31337,1320,1596,F,20,1996-11-18,58,Jihlava,south Moravia,MN,96369796,SIN_ESPECIFICAR,Sin Especificar,907.0
31338,1320,1596,F,20,1996-11-18,58,Jihlava,south Moravia,ST,17258435,POJISTNE,Pago de Seguros,149.0
31339,1320,1596,F,20,1996-11-18,58,Jihlava,south Moravia,KL,99194561,SIN_ESPECIFICAR,Sin Especificar,80.0
31340,1321,1597,M,42,1997-03-27,60,Prostejov,south Moravia,EF,33750575,SIPO,Servicios del Hogar,2683.0
31341,1321,1597,M,42,1997-03-27,60,Prostejov,south Moravia,CD,3041947,LEASING,Arrendamiento / Leasing,636.0
31342,1322,1598,M,73,1993-07-05,17,Pelhrimov,south Bohemia,ST,3167045,SIPO,Servicios del Hogar,1485.0
31343,1322,1598,M,73,1993-07-05,17,Pelhrimov,south Bohemia,OP,6584710,SIPO,Servicios del Hogar,1431.0
31344,1323,1599,M,34,1996-05-20,43,Hradec Kralove,east Bohemia,OP,80685257,SIPO,Servicios del Hogar,9720.0
31345,1324,1601,F,29,1996-11-05,42,Havlickuv Brod,east Bohemia,ST,6513697,SIPO,Servicios del Hogar,2741.0
31346,1324,1601,F,29,1996-11-05,42,Havlickuv Brod,east Bohemia,GH,7442152,SIN_ESPECIFICAR,Sin Especificar,680.0
31347,1325,1603,M,30,1996-08-08,26,Plzen - mesto,west Bohemia,QR,62716066,SIPO,Servicios del Hogar,362.0
31348,1325,1603,M,30,1996-08-08,26,Plzen - mesto,west Bohemia,UV,37066787,SIN_ESPECIFICAR,Sin Especificar,1766.0
31349,1326,1605,F,18,1996-11-11,52,Usti nad Orlici,east Bohemia,YZ,57284325,SIPO,Servicios del Hogar,96.0
31350,1326,1605,F,18,1996-11-11,52,Usti nad Orlici,east Bohemia,QR,42594999,SIN_ESPECIFICAR,Sin Especificar,786.0
31351,1326,1605,F,18,1996-11-11,52,Usti nad Orlici,east Bohemia,ST,57544726,POJISTNE,Pago de Seguros,1207.0
31352,1326,1605,F,18,1996-11-11,52,Usti nad Orlici,east Bohemia,QR,85305046,SIN_ESPECIFICAR,Sin Especificar,954.0
31353,1328,1607,F,57,1996-05-04,8,Mlada Boleslav,central Bohemia,AB,49398750,LEASING,Arrendamiento / Leasing,3250.0
31354,1329,1608,M,57,1996-09-16,53,Blansko,south Moravia,UV,31472492,UVER,Cuota de Prestamo,1960.0
31355,1329,1608,M,57,1996-09-16,53,Blansko,south Moravia,QR,69419830,SIPO,Servicios del Hogar,3368.0
31356,1329,1608,M,57,1996-09-16,53,Blansko,south Moravia,AB,48227208,SIN_ESPECIFICAR,Sin Especificar,5081.0
31358,1331,1611,F,35,1995-01-03,59,Kromeriz,south Moravia,YZ,74847352,SIPO,Servicios del Hogar,1096.0
31359,1331,1611,F,35,1995-01-03,59,Kromeriz,south Moravia,EF,79824220,SIN_ESPECIFICAR,Sin Especificar,3320.0
31360,1332,1613,M,37,1993-03-25,59,Kromeriz,south Moravia,MN,12752318,SIPO,Servicios del Hogar,4755.0
31361,1333,1614,M,60,1994-09-29,21,Tabor,south Bohemia,MN,53933286,SIPO,Servicios del Hogar,6508.0
31362,1335,1616,M,60,1995-09-21,54,Brno - mesto,south Moravia,QR,86276912,SIPO,Servicios del Hogar,5367.0
31363,1335,1616,M,60,1995-09-21,54,Brno - mesto,south Moravia,MN,66854125,SIN_ESPECIFICAR,Sin Especificar,1044.0
31364,1336,1617,F,48,1997-02-26,5,Kolin,central Bohemia,CD,63792580,SIPO,Servicios del Hogar,9426.0
31365,1337,1618,F,19,1993-09-01,23,Cheb,west Bohemia,WX,46227514,SIPO,Servicios del Hogar,3264.0
31366,1338,1619,F,56,1993-01-11,74,Ostrava - mesto,north Moravia,CD,87075221,SIPO,Servicios del Hogar,4545.0
31367,1338,1619,F,56,1993-01-11,74,Ostrava - mesto,north Moravia,OP,42143994,SIN_ESPECIFICAR,Sin Especificar,897.0
31368,1338,1619,F,56,1993-01-11,74,Ostrava - mesto,north Moravia,IJ,85222345,POJISTNE,Pago de Seguros,157.0
31369,1340,1622,M,48,1997-10-28,52,Usti nad Orlici,east Bohemia,KL,25240075,SIPO,Servicios del Hogar,818.0
31370,1340,1622,M,48,1997-10-28,52,Usti nad Orlici,east Bohemia,CD,67103540,SIN_ESPECIFICAR,Sin Especificar,472.0
31371,1340,1622,M,48,1997-10-28,52,Usti nad Orlici,east Bohemia,GH,64112800,POJISTNE,Pago de Seguros,1120.0
31372,1341,1623,M,35,1995-11-21,36,Liberec,north Bohemia,MN,57686775,SIPO,Servicios del Hogar,2098.0
31373,1342,1624,M,33,1997-10-09,9,Nymburk,central Bohemia,YZ,42622768,LEASING,Arrendamiento / Leasing,1079.0
31374,1342,1624,M,33,1997-10-09,9,Nymburk,central Bohemia,EF,75854611,SIPO,Servicios del Hogar,2517.0
31375,1342,1624,M,33,1997-10-09,9,Nymburk,central Bohemia,ST,45400208,SIN_ESPECIFICAR,Sin Especificar,1011.0
31376,1342,1624,M,33,1997-10-09,9,Nymburk,central Bohemia,YZ,30762762,POJISTNE,Pago de Seguros,3665.0
31380,1345,1629,M,32,1993-10-19,28,Plzen - sever,west Bohemia,ST,37129354,SIPO,Servicios del Hogar,3294.0
31381,1345,1629,M,32,1993-10-19,28,Plzen - sever,west Bohemia,AB,89492493,SIN_ESPECIFICAR,Sin Especificar,848.0
31382,1346,1631,M,22,1997-07-01,74,Ostrava - mesto,north Moravia,WX,66261118,SIPO,Servicios del Hogar,1592.0
31383,1346,1631,M,22,1997-07-01,74,Ostrava - mesto,north Moravia,AB,56407761,SIN_ESPECIFICAR,Sin Especificar,475.0
31384,1347,1632,F,55,1996-11-24,8,Mlada Boleslav,central Bohemia,ST,98295950,SIPO,Servicios del Hogar,2066.0
31385,1348,1633,F,26,1997-11-12,55,Brno - venkov,south Moravia,CD,53150421,SIPO,Servicios del Hogar,5025.0
31386,1348,1633,F,26,1997-11-12,55,Brno - venkov,south Moravia,ST,8676511,SIN_ESPECIFICAR,Sin Especificar,17.0
31387,1348,1633,F,26,1997-11-12,55,Brno - venkov,south Moravia,UV,14109647,POJISTNE,Pago de Seguros,492.0
31388,1349,1635,F,68,1996-03-05,75,Prerov,north Moravia,QR,14006042,SIPO,Servicios del Hogar,2292.0
31389,1349,1635,F,68,1996-03-05,75,Prerov,north Moravia,OP,96585589,SIPO,Servicios del Hogar,1521.0
31390,1350,1637,M,55,1996-08-25,21,Tabor,south Bohemia,OP,97355442,LEASING,Arrendamiento / Leasing,1079.0
31391,1350,1637,M,55,1996-08-25,21,Tabor,south Bohemia,MN,23763126,SIPO,Servicios del Hogar,6875.0
31392,1350,1637,M,55,1996-08-25,21,Tabor,south Bohemia,QR,96030205,SIN_ESPECIFICAR,Sin Especificar,3493.0
31393,1351,1638,F,44,1996-03-29,40,Teplice,north Bohemia,QR,55786406,SIPO,Servicios del Hogar,2227.0
31394,1352,1639,F,39,1994-09-23,1,Hl.m. Praha,Prague,GH,58356165,SIPO,Servicios del Hogar,2976.0
31395,1352,1639,F,39,1994-09-23,1,Hl.m. Praha,Prague,WX,39692401,SIN_ESPECIFICAR,Sin Especificar,3445.0
31396,1352,1639,F,39,1994-09-23,1,Hl.m. Praha,Prague,EF,54978299,POJISTNE,Pago de Seguros,370.0
31397,1352,1639,F,39,1994-09-23,1,Hl.m. Praha,Prague,EF,98708682,SIN_ESPECIFICAR,Sin Especificar,213.0
31398,1353,1640,F,45,1994-04-21,51,Trutnov,east Bohemia,QR,64405166,SIPO,Servicios del Hogar,651.0
31399,1353,1640,F,45,1994-04-21,51,Trutnov,east Bohemia,QR,98736470,SIN_ESPECIFICAR,Sin Especificar,6646.0
31400,1354,1641,F,75,1997-06-21,31,Tachov,west Bohemia,QR,24313408,SIPO,Servicios del Hogar,3080.0
31401,1355,1642,F,39,1997-08-16,1,Hl.m. Praha,Prague,WX,64249014,SIPO,Servicios del Hogar,3606.0
31402,1357,1644,M,22,1995-11-20,56,Breclav,south Moravia,EF,34856063,SIPO,Servicios del Hogar,2290.0
31403,1358,1645,F,37,1996-04-21,39,Most,north Bohemia,GH,97084825,SIPO,Servicios del Hogar,2980.0
31404,1361,1648,M,46,1996-12-09,46,Nachod,east Bohemia,AB,67573106,SIPO,Servicios del Hogar,6195.0
31405,1363,1651,F,32,1997-03-23,11,Praha - zapad,central Bohemia,QR,46678805,SIPO,Servicios del Hogar,5046.0
31406,1363,1651,F,32,1997-03-23,11,Praha - zapad,central Bohemia,KL,28982448,SIN_ESPECIFICAR,Sin Especificar,1517.0
31407,1363,1651,F,32,1997-03-23,11,Praha - zapad,central Bohemia,MN,35128331,POJISTNE,Pago de Seguros,82.0
31408,1363,1651,F,32,1997-03-23,11,Praha - zapad,central Bohemia,OP,19618755,SIN_ESPECIFICAR,Sin Especificar,243.0
31411,1365,1653,M,54,1996-03-15,42,Havlickuv Brod,east Bohemia,OP,53364294,SIPO,Servicios del Hogar,2314.0
31412,1366,1654,M,35,1993-02-24,60,Prostejov,south Moravia,GH,26513684,SIPO,Servicios del Hogar,4773.0
31413,1366,1654,M,35,1993-02-24,60,Prostejov,south Moravia,ST,24074399,SIN_ESPECIFICAR,Sin Especificar,310.0
31414,1366,1654,M,35,1993-02-24,60,Prostejov,south Moravia,UV,48775595,POJISTNE,Pago de Seguros,1.0
31415,1367,1655,M,26,1996-08-20,74,Ostrava - mesto,north Moravia,MN,3021765,SIPO,Servicios del Hogar,3872.0
31416,1367,1655,M,26,1996-08-20,74,Ostrava - mesto,north Moravia,ST,41883254,SIN_ESPECIFICAR,Sin Especificar,193.0
31417,1367,1655,M,26,1996-08-20,74,Ostrava - mesto,north Moravia,QR,58902168,POJISTNE,Pago de Seguros,717.0
31418,1367,1655,M,26,1996-08-20,74,Ostrava - mesto,north Moravia,UV,69351130,SIN_ESPECIFICAR,Sin Especificar,431.0
31419,1368,1656,F,30,1996-12-12,22,Domazlice,west Bohemia,CD,10035527,SIPO,Servicios del Hogar,4439.0
31420,1369,1657,M,63,1996-03-23,32,Ceska Lipa,north Bohemia,AB,25008797,SIPO,Servicios del Hogar,6005.0
31421,1369,1657,M,63,1996-03-23,32,Ceska Lipa,north Bohemia,KL,43920379,SIN_ESPECIFICAR,Sin Especificar,1738.0
31422,1370,1658,F,69,1996-09-25,52,Usti nad Orlici,east Bohemia,WX,50552004,SIPO,Servicios del Hogar,1852.0
31423,1371,1659,F,61,1994-04-27,1,Hl.m. Praha,Prague,QR,48874825,SIPO,Servicios del Hogar,3074.0
31424,1373,1661,F,45,1993-06-12,47,Pardubice,east Bohemia,MN,6348324,SIPO,Servicios del Hogar,1628.0
31425,1373,1661,F,45,1993-06-12,47,Pardubice,east Bohemia,CD,9301025,SIN_ESPECIFICAR,Sin Especificar,346.0
31426,1374,1662,M,31,1996-09-26,53,Blansko,south Moravia,WX,38325822,UVER,Cuota de Prestamo,8107.0
31427,1375,1663,M,41,1994-04-27,19,Prachatice,south Bohemia,CD,90090238,SIPO,Servicios del Hogar,5930.0
31428,1375,1663,M,41,1994-04-27,19,Prachatice,south Bohemia,MN,47862768,UVER,Cuota de Prestamo,1889.0
31429,1376,1664,F,80,1995-09-20,64,Zlin,south Moravia,QR,86161052,SIPO,Servicios del Hogar,2731.0
31430,1377,1666,M,57,1996-09-25,1,Hl.m. Praha,Prague,QR,94826453,SIPO,Servicios del Hogar,2272.0
31431,1378,1668,F,49,1993-03-04,59,Kromeriz,south Moravia,QR,81520026,SIPO,Servicios del Hogar,2953.0
31432,1378,1668,F,49,1993-03-04,59,Kromeriz,south Moravia,EF,29417294,SIN_ESPECIFICAR,Sin Especificar,1347.0
31433,1378,1668,F,49,1993-03-04,59,Kromeriz,south Moravia,OP,12318605,POJISTNE,Pago de Seguros,693.0
31434,1378,1668,F,49,1993-03-04,59,Kromeriz,south Moravia,AB,95008945,SIN_ESPECIFICAR,Sin Especificar,881.0
31435,1379,1669,M,46,1997-10-01,47,Pardubice,east Bohemia,AB,47752141,SIPO,Servicios del Hogar,6953.0
31436,1380,1670,M,37,1996-02-19,53,Blansko,south Moravia,KL,34163099,SIPO,Servicios del Hogar,8829.0
31437,1380,1670,M,37,1996-02-19,53,Blansko,south Moravia,CD,91279375,SIN_ESPECIFICAR,Sin Especificar,1100.0
31438,1380,1670,M,37,1996-02-19,53,Blansko,south Moravia,QR,88771873,LEASING,Arrendamiento / Leasing,1200.0
31439,1381,1671,F,67,1993-11-01,57,Hodonin,south Moravia,ST,30807364,SIPO,Servicios del Hogar,2705.0
31440,1382,1673,M,26,1993-08-03,48,Rychnov nad Kneznou,east Bohemia,IJ,22867429,SIPO,Servicios del Hogar,2059.0
31441,1383,1674,F,78,1996-04-15,11,Praha - zapad,central Bohemia,GH,38012504,SIPO,Servicios del Hogar,2173.0
31442,1385,1676,M,45,1997-05-08,53,Blansko,south Moravia,QR,75899833,SIPO,Servicios del Hogar,9834.0
31447,1389,1681,M,58,1997-08-05,34,Chomutov,north Bohemia,IJ,18867123,UVER,Cuota de Prestamo,5228.0
31448,1389,1681,M,58,1997-08-05,34,Chomutov,north Bohemia,WX,71177351,SIPO,Servicios del Hogar,6376.0
31449,1390,1682,M,42,1996-12-30,69,Jesenik,north Moravia,AB,35191500,SIPO,Servicios del Hogar,1011.0
31450,1390,1682,M,42,1996-12-30,69,Jesenik,north Moravia,EF,43511337,SIN_ESPECIFICAR,Sin Especificar,6147.0
31451,1391,1683,F,47,1996-12-21,15,Cesky Krumlov,south Bohemia,QR,42852616,SIPO,Servicios del Hogar,3053.0
31452,1392,1685,F,54,1993-04-28,60,Prostejov,south Moravia,EF,64765941,SIPO,Servicios del Hogar,3081.0
31453,1392,1685,F,54,1993-04-28,60,Prostejov,south Moravia,ST,15265077,SIN_ESPECIFICAR,Sin Especificar,4216.0
31454,1393,1686,F,51,1996-11-24,1,Hl.m. Praha,Prague,IJ,81478815,SIPO,Servicios del Hogar,5254.0
31455,1394,1688,M,75,1994-12-27,32,Ceska Lipa,north Bohemia,YZ,28259659,SIPO,Servicios del Hogar,1454.0
31456,1394,1688,M,75,1994-12-27,32,Ceska Lipa,north Bohemia,ST,14472324,SIPO,Servicios del Hogar,646.0
31457,1395,1689,M,62,1995-11-21,1,Hl.m. Praha,Prague,ST,54942530,SIPO,Servicios del Hogar,3432.0
31458,1396,1690,F,51,1996-06-26,46,Nachod,east Bohemia,AB,60094183,SIPO,Servicios del Hogar,14707.0
31459,1397,1691,F,20,1993-03-22,17,Pelhrimov,south Bohemia,MN,51145178,SIPO,Servicios del Hogar,8319.0
31460,1399,1693,F,18,1996-05-20,45,Jicin,east Bohemia,IJ,36796647,SIPO,Servicios del Hogar,5427.0
31461,1399,1693,F,18,1996-05-20,45,Jicin,east Bohemia,WX,32165342,SIN_ESPECIFICAR,Sin Especificar,13.0
31462,1399,1693,F,18,1996-05-20,45,Jicin,east Bohemia,YZ,87596064,POJISTNE,Pago de Seguros,29.0
31463,1399,1693,F,18,1996-05-20,45,Jicin,east Bohemia,KL,64385211,SIN_ESPECIFICAR,Sin Especificar,345.0
31468,1401,1696,F,75,1993-08-12,1,Hl.m. Praha,Prague,IJ,35891682,SIPO,Servicios del Hogar,2463.0
31469,1402,1697,F,34,1993-03-26,74,Ostrava - mesto,north Moravia,ST,2188045,SIPO,Servicios del Hogar,2073.0
31470,1402,1697,F,34,1993-03-26,74,Ostrava - mesto,north Moravia,IJ,79063850,SIN_ESPECIFICAR,Sin Especificar,2221.0
31471,1402,1697,F,34,1993-03-26,74,Ostrava - mesto,north Moravia,IJ,52195531,POJISTNE,Pago de Seguros,471.0
31472,1402,1697,F,34,1993-03-26,74,Ostrava - mesto,north Moravia,EF,12338292,SIN_ESPECIFICAR,Sin Especificar,374.0
31473,1403,1699,M,43,1995-11-02,17,Pelhrimov,south Bohemia,ST,50271129,SIPO,Servicios del Hogar,9120.0
31474,1404,1700,M,49,1993-09-22,7,Melnik,central Bohemia,IJ,6610733,LEASING,Arrendamiento / Leasing,2121.0
31475,1404,1700,M,49,1993-09-22,7,Melnik,central Bohemia,UV,64530676,SIPO,Servicios del Hogar,6306.0
31476,1404,1700,M,49,1993-09-22,7,Melnik,central Bohemia,CD,76187407,SIN_ESPECIFICAR,Sin Especificar,123.0
31477,1404,1700,M,49,1993-09-22,7,Melnik,central Bohemia,WX,45402222,POJISTNE,Pago de Seguros,53.0
31478,1404,1700,M,49,1993-09-22,7,Melnik,central Bohemia,IJ,96404462,SIN_ESPECIFICAR,Sin Especificar,483.0
31479,1405,1702,F,25,1996-06-04,53,Blansko,south Moravia,GH,27032226,SIPO,Servicios del Hogar,2229.0
31480,1405,1702,F,25,1996-06-04,53,Blansko,south Moravia,ST,63219690,SIN_ESPECIFICAR,Sin Especificar,158.0
31481,1406,1703,M,80,1994-03-04,50,Svitavy,east Bohemia,EF,24323117,SIPO,Servicios del Hogar,2302.0
31482,1406,1703,M,80,1994-03-04,50,Svitavy,east Bohemia,CD,43622702,SIPO,Servicios del Hogar,458.0
31483,1407,1705,F,52,1997-04-11,19,Prachatice,south Bohemia,UV,51198023,UVER,Cuota de Prestamo,5228.0
31484,1407,1705,F,52,1997-04-11,19,Prachatice,south Bohemia,ST,30396717,SIPO,Servicios del Hogar,14882.0
31487,1410,1709,F,46,1993-09-11,74,Ostrava - mesto,north Moravia,KL,63791805,SIPO,Servicios del Hogar,3816.0
31488,1411,1710,M,54,1993-07-09,54,Brno - mesto,south Moravia,CD,50814467,SIPO,Servicios del Hogar,5174.0
31489,1412,1711,F,36,1993-05-18,64,Zlin,south Moravia,OP,20603227,SIPO,Servicios del Hogar,936.0
31490,1412,1711,F,36,1993-05-18,64,Zlin,south Moravia,MN,65591120,SIN_ESPECIFICAR,Sin Especificar,1773.0
31491,1412,1711,F,36,1993-05-18,64,Zlin,south Moravia,ST,86234765,POJISTNE,Pago de Seguros,1110.0
31492,1413,1713,M,63,1995-06-07,65,Znojmo,south Moravia,GH,68355953,SIPO,Servicios del Hogar,2016.0
31493,1413,1713,M,63,1995-06-07,65,Znojmo,south Moravia,AB,67985760,SIN_ESPECIFICAR,Sin Especificar,3477.0
31494,1413,1713,M,63,1995-06-07,65,Znojmo,south Moravia,ST,30746954,POJISTNE,Pago de Seguros,620.0
31495,1414,1714,M,53,1995-01-17,58,Jihlava,south Moravia,AB,31974488,SIPO,Servicios del Hogar,1920.0
31496,1414,1714,M,53,1995-01-17,58,Jihlava,south Moravia,MN,8757979,SIN_ESPECIFICAR,Sin Especificar,5397.0
31497,1414,1714,M,53,1995-01-17,58,Jihlava,south Moravia,YZ,13936388,POJISTNE,Pago de Seguros,1817.0
31500,1416,1717,F,19,1993-07-12,66,Zdar nad Sazavou,south Moravia,GH,1996410,LEASING,Arrendamiento / Leasing,3688.0
31501,1417,1718,M,60,1994-12-20,75,Prerov,north Moravia,QR,84443246,SIPO,Servicios del Hogar,7394.0
31502,1418,1719,M,28,1997-02-09,35,Jablonec n. Nisou,north Bohemia,OP,96634888,SIPO,Servicios del Hogar,6759.0
31503,1419,1720,F,64,1993-12-22,33,Decin,north Bohemia,QR,61356300,SIPO,Servicios del Hogar,3305.0
31504,1420,1722,M,65,1995-06-08,68,Frydek - Mistek,north Moravia,QR,22850889,SIPO,Servicios del Hogar,1794.0
31505,1422,1724,F,64,1993-04-09,68,Frydek - Mistek,north Moravia,UV,24991828,SIPO,Servicios del Hogar,2655.0
31506,1423,1725,F,39,1995-09-08,76,Sumperk,north Moravia,WX,64437407,SIPO,Servicios del Hogar,2394.0
31507,1423,1725,F,39,1995-09-08,76,Sumperk,north Moravia,IJ,50862812,SIN_ESPECIFICAR,Sin Especificar,1213.0
31508,1424,1727,M,47,1997-05-20,32,Ceska Lipa,north Bohemia,YZ,45458507,SIPO,Servicios del Hogar,6224.0
31509,1425,1729,M,51,1993-07-06,76,Sumperk,north Moravia,MN,22342765,SIPO,Servicios del Hogar,4069.0
31510,1426,1730,M,66,1995-10-27,40,Teplice,north Bohemia,GH,15124905,SIPO,Servicios del Hogar,2681.0
31511,1427,1731,F,30,1995-10-08,17,Pelhrimov,south Bohemia,AB,54532253,SIPO,Servicios del Hogar,6046.0
31513,1429,1733,F,24,1993-07-30,57,Hodonin,south Moravia,EF,8150911,SIPO,Servicios del Hogar,2166.0
31514,1430,1734,M,23,1997-02-13,26,Plzen - mesto,west Bohemia,CD,90607785,UVER,Cuota de Prestamo,4127.0
31515,1432,1737,M,43,1997-07-19,27,Plzen - jih,west Bohemia,CD,68369197,LEASING,Arrendamiento / Leasing,3267.0
31516,1432,1737,M,43,1997-07-19,27,Plzen - jih,west Bohemia,IJ,80977028,SIPO,Servicios del Hogar,13590.0
31518,1434,1741,M,66,1997-08-08,70,Karvina,north Moravia,QR,81822454,SIPO,Servicios del Hogar,3214.0
31519,1435,1742,M,44,1996-12-01,1,Hl.m. Praha,Prague,WX,87787443,SIPO,Servicios del Hogar,7949.0
31520,1436,1743,M,39,1994-12-07,3,Beroun,central Bohemia,QR,96351390,SIPO,Servicios del Hogar,3104.0
31521,1437,1744,F,29,1995-01-13,50,Svitavy,east Bohemia,ST,58229595,SIPO,Servicios del Hogar,1753.0
31522,1437,1744,F,29,1995-01-13,50,Svitavy,east Bohemia,OP,22823983,SIN_ESPECIFICAR,Sin Especificar,314.0
31523,1437,1744,F,29,1995-01-13,50,Svitavy,east Bohemia,AB,52723318,POJISTNE,Pago de Seguros,65.0
31524,1437,1744,F,29,1995-01-13,50,Svitavy,east Bohemia,GH,27458155,SIN_ESPECIFICAR,Sin Especificar,29.0
31525,1439,1746,F,39,1996-01-27,11,Praha - zapad,central Bohemia,MN,79379254,SIPO,Servicios del Hogar,2122.0
31526,1440,1748,M,22,1993-09-22,55,Brno - venkov,south Moravia,ST,85377597,SIPO,Servicios del Hogar,56.0
31527,1440,1748,M,22,1993-09-22,55,Brno - venkov,south Moravia,IJ,63291668,SIN_ESPECIFICAR,Sin Especificar,2020.0
31528,1440,1748,M,22,1993-09-22,55,Brno - venkov,south Moravia,IJ,66044574,POJISTNE,Pago de Seguros,56.0
31529,1441,1749,F,70,1994-10-25,50,Svitavy,east Bohemia,IJ,27838117,SIPO,Servicios del Hogar,2425.0
31530,1442,1750,M,34,1993-05-23,23,Cheb,west Bohemia,QR,70648139,SIPO,Servicios del Hogar,5950.0
31531,1443,1751,M,39,1997-09-27,54,Brno - mesto,south Moravia,UV,43636268,SIPO,Servicios del Hogar,7505.0
31532,1444,1752,M,20,1996-06-16,70,Karvina,north Moravia,YZ,56467163,SIPO,Servicios del Hogar,2024.0
31533,1445,1753,F,19,1996-03-16,60,Prostejov,south Moravia,YZ,18387353,SIPO,Servicios del Hogar,1361.0
31534,1445,1753,F,19,1996-03-16,60,Prostejov,south Moravia,AB,68283045,SIN_ESPECIFICAR,Sin Especificar,668.0
31535,1445,1753,F,19,1996-03-16,60,Prostejov,south Moravia,EF,22041118,POJISTNE,Pago de Seguros,1075.0
31536,1445,1753,F,19,1996-03-16,60,Prostejov,south Moravia,IJ,82043331,SIN_ESPECIFICAR,Sin Especificar,1420.0
31537,1446,1754,M,19,1995-01-18,57,Hodonin,south Moravia,GH,83373719,SIPO,Servicios del Hogar,4877.0
31538,1447,1755,F,33,1997-02-20,65,Znojmo,south Moravia,YZ,1155138,UVER,Cuota de Prestamo,2085.0
31539,1447,1755,F,33,1997-02-20,65,Znojmo,south Moravia,OP,54932880,SIPO,Servicios del Hogar,8210.0
31540,1448,1756,M,62,1995-10-07,1,Hl.m. Praha,Prague,CD,82941960,UVER,Cuota de Prestamo,7156.0
31541,1449,1758,M,51,1993-08-26,35,Jablonec n. Nisou,north Bohemia,KL,82136630,SIPO,Servicios del Hogar,2820.0
31542,1449,1758,M,51,1993-08-26,35,Jablonec n. Nisou,north Bohemia,UV,17508918,SIN_ESPECIFICAR,Sin Especificar,320.0
31543,1450,1759,F,75,1996-04-07,63,Vyskov,south Moravia,UV,804383,SIPO,Servicios del Hogar,3103.0
31544,1451,1760,M,75,1993-06-24,64,Zlin,south Moravia,UV,44489443,SIPO,Servicios del Hogar,3734.0
31545,1453,1762,M,42,1993-09-25,61,Trebic,south Moravia,OP,2968991,LEASING,Arrendamiento / Leasing,1251.0
31546,1453,1762,M,42,1993-09-25,61,Trebic,south Moravia,ST,62248831,SIPO,Servicios del Hogar,6820.0
31547,1456,1765,M,23,1996-04-12,9,Nymburk,central Bohemia,CD,25505447,LEASING,Arrendamiento / Leasing,1251.0
31553,1458,1768,M,47,1994-01-03,29,Rokycany,west Bohemia,ST,80573415,SIPO,Servicios del Hogar,3259.0
31554,1459,1769,M,49,1997-03-26,12,Pribram,central Bohemia,EF,28272974,SIPO,Servicios del Hogar,1542.0
31555,1459,1769,M,49,1997-03-26,12,Pribram,central Bohemia,OP,25038093,SIN_ESPECIFICAR,Sin Especificar,582.0
31556,1460,1771,F,71,1996-11-29,54,Brno - mesto,south Moravia,UV,8283299,SIPO,Servicios del Hogar,3417.0
31557,1461,1772,F,19,1996-04-07,73,Opava,north Moravia,MN,76424008,LEASING,Arrendamiento / Leasing,4217.0
31558,1461,1772,F,19,1996-04-07,73,Opava,north Moravia,EF,52034497,SIPO,Servicios del Hogar,8705.0
31560,1463,1774,F,27,1996-09-25,32,Ceska Lipa,north Bohemia,QR,31343501,SIPO,Servicios del Hogar,719.0
31561,1463,1774,F,27,1996-09-25,32,Ceska Lipa,north Bohemia,YZ,71522283,SIN_ESPECIFICAR,Sin Especificar,1505.0
31562,1465,1776,F,44,1995-06-08,30,Sokolov,west Bohemia,WX,32052809,SIPO,Servicios del Hogar,1904.0
31563,1465,1776,F,44,1995-06-08,30,Sokolov,west Bohemia,CD,77944719,SIN_ESPECIFICAR,Sin Especificar,218.0
31564,1466,1777,F,35,1997-03-26,69,Jesenik,north Moravia,ST,82133537,SIPO,Servicios del Hogar,10056.0
31565,1467,1779,M,63,1994-04-27,37,Litomerice,north Bohemia,QR,10475975,SIPO,Servicios del Hogar,6814.0
31566,1468,1780,F,44,1993-10-11,54,Brno - mesto,south Moravia,AB,25955593,SIPO,Servicios del Hogar,439.0
31567,1468,1780,F,44,1993-10-11,54,Brno - mesto,south Moravia,IJ,53378862,SIN_ESPECIFICAR,Sin Especificar,1710.0
31568,1469,1781,M,74,1995-12-15,67,Bruntal,north Moravia,EF,97405832,SIPO,Servicios del Hogar,3574.0
31569,1470,1782,M,50,1994-02-10,19,Prachatice,south Bohemia,AB,72926729,SIPO,Servicios del Hogar,4060.0
31570,1471,1783,F,52,1996-07-21,1,Hl.m. Praha,Prague,CD,85543155,SIPO,Servicios del Hogar,7823.0
31571,1471,1783,F,52,1996-07-21,1,Hl.m. Praha,Prague,YZ,17326855,SIN_ESPECIFICAR,Sin Especificar,12.0
31572,1471,1783,F,52,1996-07-21,1,Hl.m. Praha,Prague,MN,59438282,POJISTNE,Pago de Seguros,176.0
31573,1472,1784,F,18,1995-07-20,2,Benesov,central Bohemia,MN,39937996,SIPO,Servicios del Hogar,3527.0
31574,1472,1784,F,18,1995-07-20,2,Benesov,central Bohemia,OP,3332001,SIN_ESPECIFICAR,Sin Especificar,2375.0
31575,1473,1785,M,23,1996-04-16,39,Most,north Bohemia,QR,28500956,SIPO,Servicios del Hogar,1984.0
31576,1474,1786,F,64,1996-09-14,63,Vyskov,south Moravia,IJ,16386759,SIPO,Servicios del Hogar,2695.0
31577,1476,1789,F,65,1993-04-26,61,Trebic,south Moravia,YZ,33632028,SIPO,Servicios del Hogar,3467.0
31578,1477,1790,M,45,1993-02-08,1,Hl.m. Praha,Prague,OP,39149236,SIPO,Servicios del Hogar,2100.0
31579,1478,1791,F,32,1996-10-30,5,Kolin,central Bohemia,KL,82071739,SIPO,Servicios del Hogar,11931.0
31580,1479,1792,M,23,1995-04-04,54,Brno - mesto,south Moravia,QR,35573202,SIPO,Servicios del Hogar,2162.0
31581,1480,1793,F,53,1996-07-03,41,Usti nad Labem,north Bohemia,WX,70736652,UVER,Cuota de Prestamo,3425.0
31582,1481,1794,F,58,1993-01-17,15,Cesky Krumlov,south Bohemia,EF,82271873,SIPO,Servicios del Hogar,2065.0
31583,1482,1795,F,38,1996-12-08,38,Louny,north Bohemia,KL,43270033,SIPO,Servicios del Hogar,2687.0
31584,1482,1795,F,38,1996-12-08,38,Louny,north Bohemia,KL,10367054,SIN_ESPECIFICAR,Sin Especificar,1766.0
31585,1482,1795,F,38,1996-12-08,38,Louny,north Bohemia,GH,84175443,POJISTNE,Pago de Seguros,335.0
31586,1483,1796,M,60,1996-01-09,10,Praha - vychod,central Bohemia,YZ,92452376,SIPO,Servicios del Hogar,1962.0
31587,1483,1796,M,60,1996-01-09,10,Praha - vychod,central Bohemia,AB,39453744,SIN_ESPECIFICAR,Sin Especificar,2701.0
31588,1484,1798,M,65,1996-09-23,70,Karvina,north Moravia,GH,82517391,SIPO,Servicios del Hogar,2346.0
31589,1484,1798,M,65,1996-09-23,70,Karvina,north Moravia,IJ,29707634,SIPO,Servicios del Hogar,794.0
31590,1485,1799,M,39,1993-10-03,36,Liberec,north Bohemia,MN,47115165,SIPO,Servicios del Hogar,336.0
31591,1485,1799,M,39,1993-10-03,36,Liberec,north Bohemia,EF,43014037,SIN_ESPECIFICAR,Sin Especificar,5949.0
31592,1485,1799,M,39,1993-10-03,36,Liberec,north Bohemia,OP,33874970,LEASING,Arrendamiento / Leasing,1018.0
31593,1486,1800,F,55,1996-01-15,63,Vyskov,south Moravia,KL,50455820,SIPO,Servicios del Hogar,3592.0
31594,1486,1800,F,55,1996-01-15,63,Vyskov,south Moravia,KL,1473415,SIN_ESPECIFICAR,Sin Especificar,2291.0
31595,1486,1800,F,55,1996-01-15,63,Vyskov,south Moravia,MN,12761944,POJISTNE,Pago de Seguros,2235.0
31596,1487,1801,M,28,1993-09-10,66,Zdar nad Sazavou,south Moravia,KL,70317125,SIPO,Servicios del Hogar,2204.0
31597,1488,1803,F,52,1997-04-29,25,Klatovy,west Bohemia,WX,69482773,SIPO,Servicios del Hogar,5850.0
31598,1488,1803,F,52,1997-04-29,25,Klatovy,west Bohemia,CD,64393782,SIN_ESPECIFICAR,Sin Especificar,230.0
31601,1490,1806,M,46,1996-07-25,5,Kolin,central Bohemia,CD,39819097,LEASING,Arrendamiento / Leasing,1658.0
31602,1491,1807,M,63,1997-06-11,47,Pardubice,east Bohemia,OP,94478863,SIPO,Servicios del Hogar,6966.0
31603,1492,1809,M,67,1996-10-17,24,Karlovy Vary,west Bohemia,KL,60810822,SIPO,Servicios del Hogar,1546.0
31604,1493,1810,M,79,1993-01-09,41,Usti nad Labem,north Bohemia,EF,95543610,SIPO,Servicios del Hogar,2264.0
31605,1493,1810,M,79,1993-01-09,41,Usti nad Labem,north Bohemia,GH,85806101,SIPO,Servicios del Hogar,51.0
31606,1495,1812,F,51,1993-11-01,36,Liberec,north Bohemia,IJ,9478509,SIPO,Servicios del Hogar,3059.0
31607,1495,1812,F,51,1993-11-01,36,Liberec,north Bohemia,MN,97259157,SIN_ESPECIFICAR,Sin Especificar,670.0
31608,1496,1814,M,58,1995-02-05,57,Hodonin,south Moravia,AB,4760909,SIPO,Servicios del Hogar,6931.0
31609,1496,1814,M,58,1995-02-05,57,Hodonin,south Moravia,GH,36367225,SIN_ESPECIFICAR,Sin Especificar,161.0
31610,1496,1814,M,58,1995-02-05,57,Hodonin,south Moravia,AB,44200831,POJISTNE,Pago de Seguros,33.0
31611,1497,1815,F,21,1993-07-16,1,Hl.m. Praha,Prague,WX,59296756,SIPO,Servicios del Hogar,261.0
31612,1497,1815,F,21,1993-07-16,1,Hl.m. Praha,Prague,YZ,74438202,SIN_ESPECIFICAR,Sin Especificar,5463.0
31613,1498,1816,M,47,1997-02-07,62,Uherske Hradiste,south Moravia,ST,26674098,UVER,Cuota de Prestamo,2763.0
31614,1499,1817,F,45,1993-11-28,47,Pardubice,east Bohemia,EF,54662084,SIPO,Servicios del Hogar,3666.0
31615,1500,1819,F,19,1996-10-01,43,Hradec Kralove,east Bohemia,GH,4727745,SIPO,Servicios del Hogar,4119.0
31616,1501,1820,F,70,1996-08-11,50,Svitavy,east Bohemia,OP,40921163,SIPO,Servicios del Hogar,2292.0
31617,1502,1821,M,57,1996-10-02,1,Hl.m. Praha,Prague,IJ,11066508,SIPO,Servicios del Hogar,7338.0
31618,1503,1822,F,76,1996-04-10,71,Novy Jicin,north Moravia,OP,11958569,SIPO,Servicios del Hogar,3171.0
31619,1504,1823,F,20,1996-08-26,1,Hl.m. Praha,Prague,UV,29212069,SIPO,Servicios del Hogar,619.0
31620,1504,1823,F,20,1996-08-26,1,Hl.m. Praha,Prague,WX,69836336,SIN_ESPECIFICAR,Sin Especificar,4887.0
31621,1506,1825,F,24,1997-10-13,51,Trutnov,east Bohemia,UV,28518402,UVER,Cuota de Prestamo,9498.0
31622,1507,1826,M,61,1993-08-03,35,Jablonec n. Nisou,north Bohemia,ST,156510,SIPO,Servicios del Hogar,6619.0
31623,1508,1828,M,36,1996-01-22,69,Jesenik,north Moravia,OP,10600459,LEASING,Arrendamiento / Leasing,1658.0
31624,1508,1828,M,36,1996-01-22,69,Jesenik,north Moravia,UV,9055811,SIPO,Servicios del Hogar,8967.0
31625,1509,1829,F,56,1994-05-19,51,Trutnov,east Bohemia,EF,43322950,SIPO,Servicios del Hogar,4943.0
31626,1509,1829,F,56,1994-05-19,51,Trutnov,east Bohemia,QR,20525896,SIN_ESPECIFICAR,Sin Especificar,2320.0
31627,1510,1830,M,46,1996-03-11,33,Decin,north Bohemia,OP,82537191,SIPO,Servicios del Hogar,9985.0
31628,1511,1831,M,22,1994-03-13,51,Trutnov,east Bohemia,OP,43543106,LEASING,Arrendamiento / Leasing,1658.0
31629,1512,1832,F,32,1994-01-08,1,Hl.m. Praha,Prague,YZ,42362171,SIPO,Servicios del Hogar,8822.0
31630,1513,1833,M,32,1993-08-23,30,Sokolov,west Bohemia,AB,52238965,SIPO,Servicios del Hogar,1632.0
31631,1513,1833,M,32,1993-08-23,30,Sokolov,west Bohemia,QR,85800695,SIN_ESPECIFICAR,Sin Especificar,3912.0
31632,1513,1833,M,32,1993-08-23,30,Sokolov,west Bohemia,OP,59476637,POJISTNE,Pago de Seguros,1316.0
31633,1513,1833,M,32,1993-08-23,30,Sokolov,west Bohemia,GH,65290647,SIN_ESPECIFICAR,Sin Especificar,689.0
31634,1514,1834,M,71,1997-07-01,7,Melnik,central Bohemia,ST,47490662,SIPO,Servicios del Hogar,1547.0
31635,1514,1834,M,71,1997-07-01,7,Melnik,central Bohemia,WX,89040159,SIPO,Servicios del Hogar,2234.0
31636,1515,1836,F,54,1993-06-11,11,Praha - zapad,central Bohemia,IJ,74637114,SIPO,Servicios del Hogar,1538.0
31637,1515,1836,F,54,1993-06-11,11,Praha - zapad,central Bohemia,CD,84623413,SIN_ESPECIFICAR,Sin Especificar,774.0
31638,1515,1836,F,54,1993-06-11,11,Praha - zapad,central Bohemia,QR,23320967,POJISTNE,Pago de Seguros,2907.0
31639,1516,1837,M,41,1993-10-08,67,Bruntal,north Moravia,YZ,87859165,SIPO,Servicios del Hogar,2277.0
31640,1517,1839,F,62,1996-08-24,5,Kolin,central Bohemia,ST,15521866,SIPO,Servicios del Hogar,2601.0
31641,1519,1842,M,55,1995-06-14,9,Nymburk,central Bohemia,UV,68640708,SIPO,Servicios del Hogar,3443.0
31642,1520,1843,F,59,1995-08-08,48,Rychnov nad Kneznou,east Bohemia,YZ,12391865,SIPO,Servicios del Hogar,2943.0
31643,1521,1844,F,76,1996-04-04,74,Ostrava - mesto,north Moravia,GH,37432712,SIPO,Servicios del Hogar,3024.0
31644,1523,1847,F,19,1997-11-24,52,Usti nad Orlici,east Bohemia,CD,15318,SIPO,Servicios del Hogar,1684.0
31645,1523,1847,F,19,1997-11-24,52,Usti nad Orlici,east Bohemia,IJ,13058364,SIN_ESPECIFICAR,Sin Especificar,9843.0
31646,1524,1848,F,74,1997-02-20,6,Kutna Hora,central Bohemia,WX,26553452,SIPO,Servicios del Hogar,2705.0
31647,1525,1849,F,76,1996-09-05,57,Hodonin,south Moravia,QR,24106085,SIPO,Servicios del Hogar,1625.0
31648,1526,1850,F,56,1995-01-22,52,Usti nad Orlici,east Bohemia,QR,69354104,SIPO,Servicios del Hogar,4433.0
31649,1527,1851,F,23,1993-11-17,31,Tachov,west Bohemia,EF,27702808,UVER,Cuota de Prestamo,4557.0
31651,1528,1852,M,36,1996-06-08,50,Svitavy,east Bohemia,QR,58779168,UVER,Cuota de Prestamo,3981.0
31652,1529,1853,M,33,1996-04-28,1,Hl.m. Praha,Prague,MN,66372424,SIPO,Servicios del Hogar,1059.0
31653,1529,1853,M,33,1996-04-28,1,Hl.m. Praha,Prague,YZ,86592346,SIN_ESPECIFICAR,Sin Especificar,1463.0
31654,1529,1853,M,33,1996-04-28,1,Hl.m. Praha,Prague,QR,57476818,POJISTNE,Pago de Seguros,77.0
31655,1530,1854,F,66,1995-05-27,70,Karvina,north Moravia,WX,24157417,SIPO,Servicios del Hogar,3700.0
31658,1532,1856,F,30,1996-09-19,54,Brno - mesto,south Moravia,AB,67652118,SIPO,Servicios del Hogar,7903.0
31661,1534,1860,F,34,1993-05-24,1,Hl.m. Praha,Prague,EF,3089267,SIPO,Servicios del Hogar,7451.0
31662,1534,1860,F,34,1993-05-24,1,Hl.m. Praha,Prague,ST,36498439,SIN_ESPECIFICAR,Sin Especificar,2155.0
31663,1535,1861,M,41,1993-03-20,46,Nachod,east Bohemia,UV,60955130,SIPO,Servicios del Hogar,2757.0
31664,1536,1862,F,21,1993-01-22,41,Usti nad Labem,north Bohemia,ST,11303443,SIPO,Servicios del Hogar,13204.0
31665,1538,1864,M,50,1996-09-20,22,Domazlice,west Bohemia,IJ,9744745,SIPO,Servicios del Hogar,10288.0
31668,1540,1867,F,54,1995-03-29,1,Hl.m. Praha,Prague,IJ,33179605,SIPO,Servicios del Hogar,4540.0
31669,1540,1867,F,54,1995-03-29,1,Hl.m. Praha,Prague,UV,76470201,SIN_ESPECIFICAR,Sin Especificar,3057.0
31670,1540,1867,F,54,1995-03-29,1,Hl.m. Praha,Prague,UV,64628779,LEASING,Arrendamiento / Leasing,1164.0
31671,1542,1869,F,65,1996-04-25,1,Hl.m. Praha,Prague,CD,9322101,SIPO,Servicios del Hogar,2655.0
31672,1544,1872,F,35,1993-07-14,69,Jesenik,north Moravia,IJ,71562015,SIPO,Servicios del Hogar,9526.0
31673,1544,1872,F,35,1993-07-14,69,Jesenik,north Moravia,ST,7747644,SIN_ESPECIFICAR,Sin Especificar,189.0
31674,1545,1874,M,52,1993-03-08,1,Hl.m. Praha,Prague,KL,98522644,SIPO,Servicios del Hogar,2625.0
31675,1545,1874,M,52,1993-03-08,1,Hl.m. Praha,Prague,MN,5408674,SIN_ESPECIFICAR,Sin Especificar,1112.0
31676,1546,1875,M,22,1996-11-20,15,Cesky Krumlov,south Bohemia,UV,49245339,SIPO,Servicios del Hogar,4173.0
31677,1548,1877,F,41,1995-01-27,47,Pardubice,east Bohemia,MN,36616581,SIPO,Servicios del Hogar,2106.0
31678,1549,1879,F,54,1996-11-21,21,Tabor,south Bohemia,OP,11773330,SIPO,Servicios del Hogar,4052.0
31679,1550,1880,M,24,1996-04-15,1,Hl.m. Praha,Prague,ST,90144109,SIPO,Servicios del Hogar,4708.0
31680,1551,1881,M,64,1997-06-18,72,Olomouc,north Moravia,AB,436425,SIPO,Servicios del Hogar,747.0
31681,1551,1881,M,64,1997-06-18,72,Olomouc,north Moravia,CD,74171310,SIPO,Servicios del Hogar,2316.0
31682,1552,1883,F,37,1994-01-02,18,Pisek,south Bohemia,MN,57056182,SIPO,Servicios del Hogar,5263.0
31683,1552,1883,F,37,1994-01-02,18,Pisek,south Bohemia,WX,17611515,LEASING,Arrendamiento / Leasing,1021.0
31684,1554,1885,F,28,1994-11-15,47,Pardubice,east Bohemia,OP,93773585,SIPO,Servicios del Hogar,6551.0
31685,1555,1886,M,78,1996-11-10,34,Chomutov,north Bohemia,QR,32593053,SIPO,Servicios del Hogar,3263.0
31686,1556,1887,M,72,1996-09-15,54,Brno - mesto,south Moravia,QR,42585212,SIPO,Servicios del Hogar,1837.0
31687,1557,1888,F,80,1996-12-13,66,Zdar nad Sazavou,south Moravia,EF,82259255,SIPO,Servicios del Hogar,2253.0
31688,1558,1889,F,41,1996-10-06,32,Ceska Lipa,north Bohemia,IJ,10707974,SIPO,Servicios del Hogar,1148.0
31689,1558,1889,F,41,1996-10-06,32,Ceska Lipa,north Bohemia,ST,33069950,SIN_ESPECIFICAR,Sin Especificar,2899.0
31690,1558,1889,F,41,1996-10-06,32,Ceska Lipa,north Bohemia,UV,65272307,LEASING,Arrendamiento / Leasing,1384.0
31691,1559,1890,F,43,1994-10-08,14,Ceske Budejovice,south Bohemia,KL,31869977,SIPO,Servicios del Hogar,8004.0
31692,1560,1891,F,39,1997-04-14,62,Uherske Hradiste,south Moravia,YZ,49192738,SIPO,Servicios del Hogar,3332.0
31693,1560,1891,F,39,1997-04-14,62,Uherske Hradiste,south Moravia,CD,89837598,SIN_ESPECIFICAR,Sin Especificar,244.0
31694,1560,1891,F,39,1997-04-14,62,Uherske Hradiste,south Moravia,UV,97033959,POJISTNE,Pago de Seguros,437.0
31695,1560,1891,F,39,1997-04-14,62,Uherske Hradiste,south Moravia,OP,34151840,LEASING,Arrendamiento / Leasing,1137.0
31696,1561,1892,M,70,1995-04-01,66,Zdar nad Sazavou,south Moravia,CD,91776167,SIPO,Servicios del Hogar,1924.0
31697,1561,1892,M,70,1995-04-01,66,Zdar nad Sazavou,south Moravia,WX,32302445,SIPO,Servicios del Hogar,51.0
31698,1562,1894,F,51,1995-08-30,1,Hl.m. Praha,Prague,EF,14241010,SIPO,Servicios del Hogar,1933.0
31699,1565,1897,F,29,1993-10-20,36,Liberec,north Bohemia,AB,92115938,SIPO,Servicios del Hogar,610.0
31700,1565,1897,F,29,1993-10-20,36,Liberec,north Bohemia,AB,37661731,SIN_ESPECIFICAR,Sin Especificar,2095.0
31701,1565,1897,F,29,1993-10-20,36,Liberec,north Bohemia,OP,85872715,POJISTNE,Pago de Seguros,383.0
31702,1566,1898,M,37,1993-07-07,73,Opava,north Moravia,WX,11077720,SIPO,Servicios del Hogar,4375.0
31703,1566,1898,M,37,1993-07-07,73,Opava,north Moravia,WX,15924412,SIN_ESPECIFICAR,Sin Especificar,1164.0
31704,1566,1898,M,37,1993-07-07,73,Opava,north Moravia,YZ,98447876,POJISTNE,Pago de Seguros,1622.0
31705,1566,1898,M,37,1993-07-07,73,Opava,north Moravia,OP,12450731,SIN_ESPECIFICAR,Sin Especificar,948.0
31706,1567,1899,M,57,1997-08-19,10,Praha - vychod,central Bohemia,UV,14090234,SIPO,Servicios del Hogar,480.0
31707,1567,1899,M,57,1997-08-19,10,Praha - vychod,central Bohemia,CD,53102117,SIN_ESPECIFICAR,Sin Especificar,6000.0
31708,1567,1899,M,57,1997-08-19,10,Praha - vychod,central Bohemia,EF,34027445,POJISTNE,Pago de Seguros,3455.0
31709,1568,1900,M,33,1995-07-15,23,Cheb,west Bohemia,WX,7532716,SIPO,Servicios del Hogar,4399.0
31710,1568,1900,M,33,1995-07-15,23,Cheb,west Bohemia,WX,99360131,SIN_ESPECIFICAR,Sin Especificar,49.0
31711,1568,1900,M,33,1995-07-15,23,Cheb,west Bohemia,YZ,14241963,POJISTNE,Pago de Seguros,1028.0
31712,1568,1900,M,33,1995-07-15,23,Cheb,west Bohemia,UV,54462337,LEASING,Arrendamiento / Leasing,1627.0
31717,1570,1903,F,59,1994-03-12,1,Hl.m. Praha,Prague,UV,20745683,SIPO,Servicios del Hogar,2865.0
31718,1571,1904,M,57,1996-07-29,66,Zdar nad Sazavou,south Moravia,AB,54680818,SIPO,Servicios del Hogar,7692.0
31719,1572,1905,F,49,1997-10-21,72,Olomouc,north Moravia,EF,46670591,SIPO,Servicios del Hogar,7596.0
31720,1573,1906,M,76,1997-12-29,63,Vyskov,south Moravia,IJ,19240260,SIPO,Servicios del Hogar,3638.0
31721,1574,1907,F,70,1997-05-28,75,Prerov,north Moravia,GH,16211796,SIPO,Servicios del Hogar,2390.0
31722,1575,1908,M,78,1993-02-27,1,Hl.m. Praha,Prague,CD,10936338,SIPO,Servicios del Hogar,2998.0
31723,1576,1909,F,54,1996-08-06,35,Jablonec n. Nisou,north Bohemia,WX,88001566,SIPO,Servicios del Hogar,11816.0
31724,1577,1910,M,52,1996-10-16,67,Bruntal,north Moravia,KL,69888543,SIPO,Servicios del Hogar,1282.0
31725,1577,1910,M,52,1996-10-16,67,Bruntal,north Moravia,KL,58483004,SIN_ESPECIFICAR,Sin Especificar,988.0
31726,1577,1910,M,52,1996-10-16,67,Bruntal,north Moravia,QR,87333589,POJISTNE,Pago de Seguros,290.0
31727,1578,1911,F,60,1994-12-01,48,Rychnov nad Kneznou,east Bohemia,UV,44909232,SIPO,Servicios del Hogar,1825.0
31728,1579,1912,M,26,1994-08-09,57,Hodonin,south Moravia,CD,79833501,SIPO,Servicios del Hogar,3377.0
31729,1580,1913,M,30,1996-01-08,69,Jesenik,north Moravia,UV,11339313,UVER,Cuota de Prestamo,8094.0
31730,1581,1914,F,56,1995-10-12,39,Most,north Bohemia,AB,55002999,SIPO,Servicios del Hogar,5758.0
31731,1582,1916,M,72,1996-05-01,28,Plzen - sever,west Bohemia,CD,24857425,SIPO,Servicios del Hogar,1917.0
31732,1583,1917,F,29,1994-11-17,69,Jesenik,north Moravia,QR,49376446,UVER,Cuota de Prestamo,8094.0
31733,1584,1919,M,49,1993-05-27,30,Sokolov,west Bohemia,ST,97312646,SIPO,Servicios del Hogar,1983.0
31734,1586,1921,F,52,1996-10-03,1,Hl.m. Praha,Prague,EF,95375972,SIPO,Servicios del Hogar,5504.0
31735,1588,1924,M,60,1993-12-11,67,Bruntal,north Moravia,KL,66344201,SIPO,Servicios del Hogar,2443.0
31736,1590,1927,M,46,1995-04-07,77,Vsetin,north Moravia,ST,5941856,SIPO,Servicios del Hogar,5847.0
31737,1590,1927,M,46,1995-04-07,77,Vsetin,north Moravia,WX,79533683,SIN_ESPECIFICAR,Sin Especificar,1025.0
31738,1590,1927,M,46,1995-04-07,77,Vsetin,north Moravia,ST,99553811,POJISTNE,Pago de Seguros,551.0
31739,1590,1927,M,46,1995-04-07,77,Vsetin,north Moravia,GH,23429125,SIN_ESPECIFICAR,Sin Especificar,127.0
31740,1591,1929,F,43,1996-01-10,65,Znojmo,south Moravia,AB,70031231,SIPO,Servicios del Hogar,7680.0
31741,1591,1929,F,43,1996-01-10,65,Znojmo,south Moravia,AB,57081830,SIN_ESPECIFICAR,Sin Especificar,26.0
31742,1591,1929,F,43,1996-01-10,65,Znojmo,south Moravia,AB,34176314,POJISTNE,Pago de Seguros,153.0
31743,1592,1930,F,64,1994-08-18,38,Louny,north Bohemia,QR,4900444,SIPO,Servicios del Hogar,224.0
31744,1592,1930,F,64,1994-08-18,38,Louny,north Bohemia,GH,84782951,SIPO,Servicios del Hogar,1613.0
31745,1593,1931,F,56,1996-08-22,16,Jindrichuv Hradec,south Bohemia,MN,35590773,SIPO,Servicios del Hogar,2086.0
31746,1594,1932,F,58,1997-04-06,15,Cesky Krumlov,south Bohemia,WX,15203357,SIPO,Servicios del Hogar,4577.0
31747,1594,1932,F,58,1997-04-06,15,Cesky Krumlov,south Bohemia,AB,37283611,SIN_ESPECIFICAR,Sin Especificar,1596.0
31748,1594,1932,F,58,1997-04-06,15,Cesky Krumlov,south Bohemia,CD,79126387,POJISTNE,Pago de Seguros,54.0
31752,1596,1934,F,65,1997-10-05,70,Karvina,north Moravia,KL,29656684,SIPO,Servicios del Hogar,1306.0
31753,1596,1934,F,65,1997-10-05,70,Karvina,north Moravia,OP,20661324,SIPO,Servicios del Hogar,1997.0
31754,1597,1935,F,69,1995-07-04,68,Frydek - Mistek,north Moravia,GH,13610762,SIPO,Servicios del Hogar,2376.0
31755,1598,1936,F,43,1997-04-12,15,Cesky Krumlov,south Bohemia,CD,36073070,SIPO,Servicios del Hogar,5438.0
31756,1598,1936,F,43,1997-04-12,15,Cesky Krumlov,south Bohemia,WX,12520486,SIN_ESPECIFICAR,Sin Especificar,7384.0
31757,1599,1938,F,59,1995-11-10,57,Hodonin,south Moravia,OP,68704247,SIPO,Servicios del Hogar,1337.0
31758,1599,1938,F,59,1995-11-10,57,Hodonin,south Moravia,WX,99690108,SIN_ESPECIFICAR,Sin Especificar,4004.0
31759,1600,1939,M,73,1996-09-13,1,Hl.m. Praha,Prague,YZ,78760194,SIPO,Servicios del Hogar,3234.0
31760,1601,1941,F,77,1993-02-09,10,Praha - vychod,central Bohemia,AB,43843287,SIPO,Servicios del Hogar,2694.0
31761,1602,1943,M,72,1993-09-19,33,Decin,north Bohemia,GH,6762600,SIPO,Servicios del Hogar,2033.0
31762,1603,1944,F,41,1993-05-09,1,Hl.m. Praha,Prague,WX,92258166,SIPO,Servicios del Hogar,2359.0
31763,1603,1944,F,41,1993-05-09,1,Hl.m. Praha,Prague,MN,3211814,SIN_ESPECIFICAR,Sin Especificar,1187.0
31764,1603,1944,F,41,1993-05-09,1,Hl.m. Praha,Prague,CD,6821167,UVER,Cuota de Prestamo,6578.0
31765,1604,1945,M,44,1993-12-16,54,Brno - mesto,south Moravia,CD,90369587,SIPO,Servicios del Hogar,7088.0
31766,1605,1946,M,63,1993-12-16,72,Olomouc,north Moravia,EF,28789526,SIPO,Servicios del Hogar,3353.0
31767,1607,1948,F,59,1996-04-20,71,Novy Jicin,north Moravia,GH,89174168,SIPO,Servicios del Hogar,9958.0
31768,1608,1950,M,69,1997-10-08,26,Plzen - mesto,west Bohemia,AB,7212549,SIPO,Servicios del Hogar,3425.0
31769,1609,1951,M,27,1996-07-05,41,Usti nad Labem,north Bohemia,KL,83359962,SIPO,Servicios del Hogar,2017.0
31770,1610,1952,F,27,1993-05-17,52,Usti nad Orlici,east Bohemia,UV,10384375,SIPO,Servicios del Hogar,6258.0
31771,1611,1954,M,46,1996-02-11,69,Jesenik,north Moravia,UV,84055351,SIPO,Servicios del Hogar,403.0
31772,1611,1954,M,46,1996-02-11,69,Jesenik,north Moravia,IJ,54032,SIN_ESPECIFICAR,Sin Especificar,3403.0
31773,1613,1956,F,73,1995-09-13,1,Hl.m. Praha,Prague,GH,46822315,SIPO,Servicios del Hogar,3628.0
31774,1614,1957,M,26,1996-05-07,63,Vyskov,south Moravia,CD,41090893,SIPO,Servicios del Hogar,5763.0
31775,1615,1959,M,78,1997-10-20,1,Hl.m. Praha,Prague,QR,27684122,SIPO,Servicios del Hogar,3124.0
31776,1616,1960,M,52,1997-02-07,22,Domazlice,west Bohemia,AB,24604940,SIPO,Servicios del Hogar,2642.0
31777,1617,1961,F,78,1993-06-01,45,Jicin,east Bohemia,AB,40236705,SIPO,Servicios del Hogar,1536.0
31778,1618,1962,M,48,1996-12-18,6,Kutna Hora,central Bohemia,EF,1680028,SIPO,Servicios del Hogar,2265.0
31779,1619,1963,M,53,1997-02-24,38,Louny,north Bohemia,ST,53959548,SIPO,Servicios del Hogar,3220.0
31780,1620,1964,M,67,1995-06-08,17,Pelhrimov,south Bohemia,ST,23482644,SIPO,Servicios del Hogar,1931.0
31781,1621,1965,M,59,1993-12-01,75,Prerov,north Moravia,UV,69087219,SIPO,Servicios del Hogar,7887.0
31782,1622,1966,F,50,1996-04-12,19,Prachatice,south Bohemia,KL,22068381,SIPO,Servicios del Hogar,2357.0
31783,1622,1966,F,50,1996-04-12,19,Prachatice,south Bohemia,IJ,83712011,SIN_ESPECIFICAR,Sin Especificar,1028.0
31784,1623,1967,F,35,1996-02-04,1,Hl.m. Praha,Prague,UV,2717727,SIPO,Servicios del Hogar,9160.0
31785,1624,1969,F,72,1996-04-22,53,Blansko,south Moravia,CD,17034912,SIPO,Servicios del Hogar,1017.0
31786,1624,1969,F,72,1996-04-22,53,Blansko,south Moravia,GH,31993609,SIPO,Servicios del Hogar,1120.0
31787,1625,1970,F,51,1995-01-17,1,Hl.m. Praha,Prague,GH,44850212,SIPO,Servicios del Hogar,185.0
31788,1625,1970,F,51,1995-01-17,1,Hl.m. Praha,Prague,GH,10578328,SIN_ESPECIFICAR,Sin Especificar,1727.0
31789,1625,1970,F,51,1995-01-17,1,Hl.m. Praha,Prague,CD,51059633,POJISTNE,Pago de Seguros,679.0
31790,1625,1970,F,51,1995-01-17,1,Hl.m. Praha,Prague,EF,45131552,SIN_ESPECIFICAR,Sin Especificar,1522.0
31791,1628,1973,F,67,1993-01-10,60,Prostejov,south Moravia,AB,57004982,SIPO,Servicios del Hogar,2850.0
31792,1629,1974,M,80,1995-11-02,10,Praha - vychod,central Bohemia,WX,6837058,SIPO,Servicios del Hogar,3137.0
31793,1630,1976,M,80,1993-07-28,72,Olomouc,north Moravia,WX,99400460,SIPO,Servicios del Hogar,3595.0
31794,1631,1977,F,63,1996-09-27,10,Praha - vychod,central Bohemia,ST,78712355,SIPO,Servicios del Hogar,2743.0
31795,1632,1978,F,46,1996-01-13,18,Pisek,south Bohemia,OP,65521752,LEASING,Arrendamiento / Leasing,1978.0
31796,1633,1979,F,72,1995-02-22,51,Trutnov,east Bohemia,CD,27727192,SIPO,Servicios del Hogar,2145.0
31797,1635,1981,F,28,1993-12-29,19,Prachatice,south Bohemia,EF,72468793,SIPO,Servicios del Hogar,5683.0
31798,1636,1982,M,21,1997-04-08,53,Blansko,south Moravia,ST,93399142,SIPO,Servicios del Hogar,4964.0
31799,1637,1984,M,72,1993-01-08,1,Hl.m. Praha,Prague,KL,47292917,SIPO,Servicios del Hogar,774.0
31800,1637,1984,M,72,1993-01-08,1,Hl.m. Praha,Prague,GH,10736680,SIPO,Servicios del Hogar,2569.0
31801,1638,1985,M,61,1996-11-12,6,Kutna Hora,central Bohemia,AB,8848363,UVER,Cuota de Prestamo,2676.0
31802,1638,1985,M,61,1996-11-12,6,Kutna Hora,central Bohemia,QR,57185012,SIPO,Servicios del Hogar,9749.0
31806,1640,1988,M,46,1995-09-01,13,Rakovnik,central Bohemia,UV,42289441,SIPO,Servicios del Hogar,4783.0
31807,1641,1989,F,59,1996-04-22,50,Svitavy,east Bohemia,UV,82829361,LEASING,Arrendamiento / Leasing,1978.0
31808,1641,1989,F,59,1996-04-22,50,Svitavy,east Bohemia,ST,5037063,SIPO,Servicios del Hogar,7532.0
31809,1641,1989,F,59,1996-04-22,50,Svitavy,east Bohemia,MN,57866871,SIN_ESPECIFICAR,Sin Especificar,1294.0
31810,1641,1989,F,59,1996-04-22,50,Svitavy,east Bohemia,QR,14463842,POJISTNE,Pago de Seguros,423.0
31811,1642,1991,M,80,1995-05-27,64,Zlin,south Moravia,UV,27920514,SIPO,Servicios del Hogar,3597.0
31816,1644,1993,M,23,1993-05-09,1,Hl.m. Praha,Prague,EF,89781009,SIPO,Servicios del Hogar,2534.0
31817,1644,1993,M,23,1993-05-09,1,Hl.m. Praha,Prague,IJ,76071583,SIN_ESPECIFICAR,Sin Especificar,1022.0
31818,1644,1993,M,23,1993-05-09,1,Hl.m. Praha,Prague,GH,66140669,POJISTNE,Pago de Seguros,17.0
31819,1645,1995,F,57,1996-10-16,50,Svitavy,east Bohemia,EF,64568751,SIPO,Servicios del Hogar,9078.0
31820,1646,1996,M,61,1996-05-27,1,Hl.m. Praha,Prague,ST,80997341,SIPO,Servicios del Hogar,6521.0
31821,1646,1996,M,61,1996-05-27,1,Hl.m. Praha,Prague,QR,99677460,SIN_ESPECIFICAR,Sin Especificar,1651.0
31822,1647,1997,F,21,1997-07-09,1,Hl.m. Praha,Prague,OP,55010729,SIPO,Servicios del Hogar,2412.0
31823,1647,1997,F,21,1997-07-09,1,Hl.m. Praha,Prague,GH,78795104,SIN_ESPECIFICAR,Sin Especificar,1199.0
31824,1647,1997,F,21,1997-07-09,1,Hl.m. Praha,Prague,YZ,39877331,POJISTNE,Pago de Seguros,12.0
31825,1650,2000,F,56,1997-12-06,39,Most,north Bohemia,IJ,90931999,SIPO,Servicios del Hogar,3649.0
31826,1650,2000,F,56,1997-12-06,39,Most,north Bohemia,OP,60317361,SIN_ESPECIFICAR,Sin Especificar,9100.0
31827,1651,2001,F,21,1997-01-23,34,Chomutov,north Bohemia,IJ,71805852,LEASING,Arrendamiento / Leasing,1582.0
31828,1652,2002,F,80,1993-05-20,74,Ostrava - mesto,north Moravia,WX,88888269,SIPO,Servicios del Hogar,3422.0
31829,1653,2004,F,24,1994-09-19,1,Hl.m. Praha,Prague,EF,37755870,SIPO,Servicios del Hogar,4656.0
31830,1655,2006,F,36,1996-04-15,41,Usti nad Labem,north Bohemia,IJ,20809352,SIPO,Servicios del Hogar,4277.0
31831,1655,2006,F,36,1996-04-15,41,Usti nad Labem,north Bohemia,GH,90691631,SIN_ESPECIFICAR,Sin Especificar,3827.0
31832,1656,2008,M,58,1997-02-01,47,Pardubice,east Bohemia,IJ,73249953,UVER,Cuota de Prestamo,3954.0
31833,1656,2008,M,58,1997-02-01,47,Pardubice,east Bohemia,YZ,10182565,SIPO,Servicios del Hogar,12113.0
31834,1657,2009,M,62,1997-11-04,12,Pribram,central Bohemia,OP,7076365,SIPO,Servicios del Hogar,2156.0
31835,1658,2010,M,46,1993-05-10,73,Opava,north Moravia,UV,35897404,SIPO,Servicios del Hogar,1950.0
31836,1658,2010,M,46,1993-05-10,73,Opava,north Moravia,AB,35908234,SIN_ESPECIFICAR,Sin Especificar,172.0
31837,1659,2011,F,73,1996-12-25,46,Nachod,east Bohemia,QR,20080882,SIPO,Servicios del Hogar,2806.0
31838,1660,2013,F,58,1995-09-22,1,Hl.m. Praha,Prague,OP,50701344,LEASING,Arrendamiento / Leasing,2373.0
31843,1662,2015,F,30,1997-08-11,1,Hl.m. Praha,Prague,UV,28918445,SIPO,Servicios del Hogar,9626.0
31844,1663,2016,M,64,1996-11-02,55,Brno - venkov,south Moravia,QR,95733749,SIPO,Servicios del Hogar,2220.0
31845,1663,2016,M,64,1996-11-02,55,Brno - venkov,south Moravia,IJ,38020986,SIPO,Servicios del Hogar,420.0
31846,1664,2018,F,53,1993-11-15,56,Breclav,south Moravia,UV,6438845,SIPO,Servicios del Hogar,5454.0
31847,1665,2019,M,66,1997-04-15,73,Opava,north Moravia,EF,15931928,SIPO,Servicios del Hogar,1578.0
31848,1666,2021,M,79,1993-10-30,67,Bruntal,north Moravia,AB,31104207,SIPO,Servicios del Hogar,2164.0
31849,1668,2024,M,64,1997-03-07,62,Uherske Hradiste,south Moravia,IJ,84733837,SIPO,Servicios del Hogar,3275.0
31850,1669,2025,M,57,1996-09-19,39,Most,north Bohemia,UV,35302007,SIPO,Servicios del Hogar,5562.0
31851,1670,2027,M,68,1996-01-02,12,Pribram,central Bohemia,WX,84970950,SIPO,Servicios del Hogar,1242.0
31852,1670,2027,M,68,1996-01-02,12,Pribram,central Bohemia,QR,66763526,SIPO,Servicios del Hogar,1312.0
31853,1671,2029,F,75,1993-05-05,6,Kutna Hora,central Bohemia,AB,10778803,SIPO,Servicios del Hogar,2507.0
31854,1671,2029,F,75,1993-05-05,6,Kutna Hora,central Bohemia,YZ,17247677,SIPO,Servicios del Hogar,502.0
31855,1672,2030,F,18,1996-05-08,5,Kolin,central Bohemia,ST,9213483,SIPO,Servicios del Hogar,3898.0
31856,1673,2031,M,72,1993-12-08,53,Blansko,south Moravia,AB,20515662,SIPO,Servicios del Hogar,2447.0
31857,1674,2032,M,55,1995-09-15,1,Hl.m. Praha,Prague,WX,74642348,SIPO,Servicios del Hogar,3804.0
31858,1675,2034,M,72,1993-02-01,36,Liberec,north Bohemia,GH,17588830,SIPO,Servicios del Hogar,2125.0
31861,1677,2037,F,50,1997-01-08,69,Jesenik,north Moravia,IJ,52726864,SIPO,Servicios del Hogar,5530.0
31862,1678,2038,F,18,1993-02-22,1,Hl.m. Praha,Prague,IJ,72718292,SIPO,Servicios del Hogar,2952.0
31863,1678,2038,F,18,1993-02-22,1,Hl.m. Praha,Prague,OP,54732525,SIN_ESPECIFICAR,Sin Especificar,1778.0
31864,1679,2039,F,29,1996-09-05,68,Frydek - Mistek,north Moravia,ST,49590080,SIPO,Servicios del Hogar,5087.0
31865,1680,2040,M,54,1993-12-10,59,Kromeriz,south Moravia,QR,16704351,SIPO,Servicios del Hogar,5955.0
31866,1681,2041,M,42,1997-07-11,68,Frydek - Mistek,north Moravia,UV,8172750,SIPO,Servicios del Hogar,8550.0
31867,1681,2041,M,42,1997-07-11,68,Frydek - Mistek,north Moravia,AB,76300596,SIN_ESPECIFICAR,Sin Especificar,6.0
31868,1681,2041,M,42,1997-07-11,68,Frydek - Mistek,north Moravia,YZ,66121870,POJISTNE,Pago de Seguros,1032.0
31869,1683,2043,F,44,1996-11-01,77,Vsetin,north Moravia,WX,63649123,SIPO,Servicios del Hogar,1342.0
31870,1683,2043,F,44,1996-11-01,77,Vsetin,north Moravia,UV,73280399,SIN_ESPECIFICAR,Sin Especificar,3239.0
31871,1683,2043,F,44,1996-11-01,77,Vsetin,north Moravia,MN,25822711,POJISTNE,Pago de Seguros,345.0
31872,1684,2044,F,37,1993-07-10,32,Ceska Lipa,north Bohemia,GH,35036838,LEASING,Arrendamiento / Leasing,2123.0
31873,1685,2045,M,42,1995-12-13,28,Plzen - sever,west Bohemia,ST,17528325,SIPO,Servicios del Hogar,7968.0
31874,1686,2047,F,55,1993-11-18,11,Praha - zapad,central Bohemia,UV,27540904,SIPO,Servicios del Hogar,1532.0
31875,1686,2047,F,55,1993-11-18,11,Praha - zapad,central Bohemia,YZ,74546420,SIN_ESPECIFICAR,Sin Especificar,1225.0
31877,1688,2049,M,71,1993-02-27,70,Karvina,north Moravia,OP,80142312,SIPO,Servicios del Hogar,2249.0
31878,1689,2051,F,80,1993-09-07,55,Brno - venkov,south Moravia,MN,89019840,SIPO,Servicios del Hogar,2128.0
31879,1690,2053,M,80,1995-10-07,16,Jindrichuv Hradec,south Bohemia,YZ,11582345,SIPO,Servicios del Hogar,3311.0
31880,1691,2054,M,50,1995-11-08,48,Rychnov nad Kneznou,east Bohemia,EF,22764325,SIPO,Servicios del Hogar,720.0
31881,1691,2054,M,50,1995-11-08,48,Rychnov nad Kneznou,east Bohemia,QR,60282856,SIN_ESPECIFICAR,Sin Especificar,1214.0
31884,1693,2056,M,20,1997-04-29,1,Hl.m. Praha,Prague,WX,14131403,LEASING,Arrendamiento / Leasing,2482.0
31885,1693,2056,M,20,1997-04-29,1,Hl.m. Praha,Prague,AB,38757246,SIPO,Servicios del Hogar,11276.0
31886,1695,2058,M,27,1993-01-03,76,Sumperk,north Moravia,AB,53282368,SIPO,Servicios del Hogar,14658.0
31887,1696,2059,M,26,1995-06-09,43,Hradec Kralove,east Bohemia,QR,41205018,SIPO,Servicios del Hogar,2159.0
31888,1697,2061,M,45,1997-05-17,63,Vyskov,south Moravia,QR,38106852,SIPO,Servicios del Hogar,408.0
31889,1697,2061,M,45,1997-05-17,63,Vyskov,south Moravia,AB,30674797,SIN_ESPECIFICAR,Sin Especificar,1778.0
31890,1697,2061,M,45,1997-05-17,63,Vyskov,south Moravia,CD,36977207,POJISTNE,Pago de Seguros,35.0
31891,1698,2063,F,48,1996-03-14,68,Frydek - Mistek,north Moravia,UV,6397009,SIPO,Servicios del Hogar,9642.0
31892,1698,2063,F,48,1996-03-14,68,Frydek - Mistek,north Moravia,CD,30528074,UVER,Cuota de Prestamo,3943.0
31893,1699,2064,M,72,1993-01-14,53,Blansko,south Moravia,IJ,62475007,SIPO,Servicios del Hogar,3463.0
31894,1699,2064,M,72,1993-01-14,53,Blansko,south Moravia,EF,2504826,SIPO,Servicios del Hogar,19.0
31895,1700,2065,M,20,1995-11-18,64,Zlin,south Moravia,AB,93968033,SIPO,Servicios del Hogar,6765.0
31896,1701,2066,M,26,1993-08-10,1,Hl.m. Praha,Prague,ST,90327703,LEASING,Arrendamiento / Leasing,4425.0
31897,1701,2066,M,26,1993-08-10,1,Hl.m. Praha,Prague,MN,99692040,SIPO,Servicios del Hogar,7571.0
31898,1702,2067,M,19,1995-02-27,56,Breclav,south Moravia,QR,43392902,SIPO,Servicios del Hogar,4689.0
31899,1703,2068,F,68,1997-11-02,72,Olomouc,north Moravia,CD,73302203,SIPO,Servicios del Hogar,3554.0
31900,1704,2069,F,75,1995-09-22,70,Karvina,north Moravia,KL,36175376,SIPO,Servicios del Hogar,3285.0
31901,1705,2070,F,26,1993-09-15,70,Karvina,north Moravia,KL,33791291,SIPO,Servicios del Hogar,5502.0
31902,1706,2071,M,25,1995-01-05,1,Hl.m. Praha,Prague,QR,67938715,SIPO,Servicios del Hogar,2058.0
31903,1707,2072,F,54,1997-01-13,75,Prerov,north Moravia,YZ,25559365,LEASING,Arrendamiento / Leasing,1197.0
31904,1707,2072,F,54,1997-01-13,75,Prerov,north Moravia,KL,16216141,SIPO,Servicios del Hogar,7830.0
31905,1708,2073,M,42,1994-11-21,22,Domazlice,west Bohemia,IJ,89942037,SIPO,Servicios del Hogar,4519.0
31906,1708,2073,M,42,1994-11-21,22,Domazlice,west Bohemia,WX,62805408,SIN_ESPECIFICAR,Sin Especificar,3339.0
31907,1709,2074,F,37,1996-04-23,24,Karlovy Vary,west Bohemia,MN,20695013,SIPO,Servicios del Hogar,3227.0
31908,1710,2075,M,76,1997-05-25,74,Ostrava - mesto,north Moravia,ST,17466086,SIPO,Servicios del Hogar,2071.0
31909,1711,2076,F,41,1996-01-05,63,Vyskov,south Moravia,KL,38527757,SIPO,Servicios del Hogar,183.0
31910,1711,2076,F,41,1996-01-05,63,Vyskov,south Moravia,KL,75510221,SIN_ESPECIFICAR,Sin Especificar,188.0
31911,1711,2076,F,41,1996-01-05,63,Vyskov,south Moravia,CD,58891451,POJISTNE,Pago de Seguros,2158.0
31912,1712,2077,F,68,1996-11-25,44,Chrudim,east Bohemia,WX,3848445,SIPO,Servicios del Hogar,1626.0
31913,1714,2079,F,73,1994-09-08,72,Olomouc,north Moravia,MN,79335272,SIPO,Servicios del Hogar,3028.0
31914,1716,2081,F,26,1996-05-02,46,Nachod,east Bohemia,OP,39169329,SIPO,Servicios del Hogar,3575.0
31915,1716,2081,F,26,1996-05-02,46,Nachod,east Bohemia,ST,972009,SIN_ESPECIFICAR,Sin Especificar,1032.0
31916,1717,2082,M,65,1997-12-02,67,Bruntal,north Moravia,ST,11458802,SIPO,Servicios del Hogar,2500.0
31917,1718,2083,M,55,1997-09-23,71,Novy Jicin,north Moravia,CD,9266335,UVER,Cuota de Prestamo,7178.0
31918,1718,2083,M,55,1997-09-23,71,Novy Jicin,north Moravia,AB,69613939,SIPO,Servicios del Hogar,14456.0
31919,1719,2084,F,69,1993-09-06,1,Hl.m. Praha,Prague,UV,80013709,SIPO,Servicios del Hogar,2768.0
31920,1722,2088,F,50,1996-03-11,32,Ceska Lipa,north Bohemia,EF,3686994,SIPO,Servicios del Hogar,4472.0
31921,1723,2089,F,31,1997-11-04,70,Karvina,north Moravia,AB,25436383,SIPO,Servicios del Hogar,1092.0
31922,1723,2089,F,31,1997-11-04,70,Karvina,north Moravia,YZ,10030848,SIN_ESPECIFICAR,Sin Especificar,3904.0
31923,1723,2089,F,31,1997-11-04,70,Karvina,north Moravia,GH,36498862,POJISTNE,Pago de Seguros,4676.0
31924,1723,2089,F,31,1997-11-04,70,Karvina,north Moravia,ST,47622954,SIN_ESPECIFICAR,Sin Especificar,8.0
31925,1724,2091,F,70,1997-06-07,48,Rychnov nad Kneznou,east Bohemia,QR,97682117,SIPO,Servicios del Hogar,1604.0
31926,1726,2093,M,28,1993-01-03,48,Rychnov nad Kneznou,east Bohemia,AB,99886172,SIPO,Servicios del Hogar,4438.0
31927,1726,2093,M,28,1993-01-03,48,Rychnov nad Kneznou,east Bohemia,OP,61997002,SIN_ESPECIFICAR,Sin Especificar,2082.0
31928,1726,2093,M,28,1993-01-03,48,Rychnov nad Kneznou,east Bohemia,EF,89946835,POJISTNE,Pago de Seguros,74.0
31929,1726,2093,M,28,1993-01-03,48,Rychnov nad Kneznou,east Bohemia,UV,65941238,SIN_ESPECIFICAR,Sin Especificar,115.0
31930,1727,2095,M,24,1997-10-11,9,Nymburk,central Bohemia,QR,62198191,SIPO,Servicios del Hogar,1794.0
31931,1727,2095,M,24,1997-10-11,9,Nymburk,central Bohemia,EF,22698265,SIN_ESPECIFICAR,Sin Especificar,1093.0
31932,1727,2095,M,24,1997-10-11,9,Nymburk,central Bohemia,ST,4687321,POJISTNE,Pago de Seguros,3723.0
31933,1728,2096,F,24,1995-06-23,74,Ostrava - mesto,north Moravia,OP,84701668,SIPO,Servicios del Hogar,4954.0
31934,1729,2097,M,62,1997-09-08,53,Blansko,south Moravia,YZ,10198331,SIPO,Servicios del Hogar,6554.0
31935,1730,2099,M,80,1993-01-09,1,Hl.m. Praha,Prague,WX,42885518,SIPO,Servicios del Hogar,1978.0
31936,1731,2100,F,67,1993-01-14,33,Decin,north Bohemia,QR,29816907,SIPO,Servicios del Hogar,2631.0
31937,1732,2102,M,57,1996-02-20,51,Trutnov,east Bohemia,WX,69793838,SIPO,Servicios del Hogar,8050.0
31938,1733,2103,F,54,1996-04-20,18,Pisek,south Bohemia,UV,52269470,LEASING,Arrendamiento / Leasing,3126.0
31939,1733,2103,F,54,1996-04-20,18,Pisek,south Bohemia,UV,57563334,SIPO,Servicios del Hogar,5808.0
31940,1734,2104,M,50,1997-04-10,37,Litomerice,north Bohemia,UV,77629792,SIPO,Servicios del Hogar,9431.0
31941,1736,2106,F,77,1997-02-26,74,Ostrava - mesto,north Moravia,MN,76685434,SIPO,Servicios del Hogar,3666.0
31942,1737,2108,F,53,1996-02-13,77,Vsetin,north Moravia,GH,66021996,SIPO,Servicios del Hogar,3103.0
31943,1737,2108,F,53,1996-02-13,77,Vsetin,north Moravia,QR,67832314,SIN_ESPECIFICAR,Sin Especificar,2329.0
31944,1738,2109,F,48,1996-08-06,15,Cesky Krumlov,south Bohemia,MN,79240321,SIPO,Servicios del Hogar,1998.0
31945,1739,2110,F,31,1996-07-08,3,Beroun,central Bohemia,GH,76534843,SIPO,Servicios del Hogar,9979.0
31946,1740,2111,F,74,1997-03-13,57,Hodonin,south Moravia,WX,75491714,SIPO,Servicios del Hogar,2713.0
31947,1741,2112,M,71,1995-05-10,21,Tabor,south Bohemia,IJ,79026174,SIPO,Servicios del Hogar,2366.0
31948,1742,2113,M,61,1995-10-08,68,Frydek - Mistek,north Moravia,IJ,12537497,SIPO,Servicios del Hogar,3827.0
31949,1743,2114,M,80,1993-06-04,51,Trutnov,east Bohemia,EF,61555409,SIPO,Servicios del Hogar,2279.0
31950,1744,2116,M,68,1996-02-07,76,Sumperk,north Moravia,KL,26504409,SIPO,Servicios del Hogar,3317.0
31951,1747,2119,F,38,1997-08-14,30,Sokolov,west Bohemia,MN,87503873,SIPO,Servicios del Hogar,871.0
31952,1747,2119,F,38,1997-08-14,30,Sokolov,west Bohemia,MN,40159267,SIN_ESPECIFICAR,Sin Especificar,1118.0
31956,1749,2121,M,19,1995-10-14,64,Zlin,south Moravia,AB,64197915,LEASING,Arrendamiento / Leasing,4561.0
31957,1749,2121,M,19,1995-10-14,64,Zlin,south Moravia,MN,42665183,SIPO,Servicios del Hogar,9678.0
31958,1750,2122,F,28,1993-01-26,1,Hl.m. Praha,Prague,MN,37446361,SIPO,Servicios del Hogar,4028.0
31959,1750,2122,F,28,1993-01-26,1,Hl.m. Praha,Prague,OP,16547310,SIN_ESPECIFICAR,Sin Especificar,5517.0
31964,1756,2128,F,43,1995-10-26,38,Louny,north Bohemia,GH,88401656,SIPO,Servicios del Hogar,6307.0
31965,1758,2130,F,53,1996-07-08,21,Tabor,south Bohemia,IJ,45051741,SIPO,Servicios del Hogar,9384.0
31966,1758,2130,F,53,1996-07-08,21,Tabor,south Bohemia,ST,56174659,SIN_ESPECIFICAR,Sin Especificar,355.0
31967,1759,2131,F,23,1996-01-25,39,Most,north Bohemia,EF,39091742,SIPO,Servicios del Hogar,1856.0
31968,1759,2131,F,23,1996-01-25,39,Most,north Bohemia,WX,8029026,SIN_ESPECIFICAR,Sin Especificar,1866.0
31969,1760,2133,F,77,1995-11-11,53,Blansko,south Moravia,GH,58458250,SIPO,Servicios del Hogar,1458.0
31970,1760,2133,F,77,1995-11-11,53,Blansko,south Moravia,WX,63081288,SIPO,Servicios del Hogar,251.0
31971,1761,2135,F,58,1993-08-24,24,Karlovy Vary,west Bohemia,AB,93704944,SIPO,Servicios del Hogar,3048.0
31972,1761,2135,F,58,1993-08-24,24,Karlovy Vary,west Bohemia,EF,69640517,SIN_ESPECIFICAR,Sin Especificar,3407.0
31973,1761,2135,F,58,1993-08-24,24,Karlovy Vary,west Bohemia,ST,75990485,POJISTNE,Pago de Seguros,294.0
31974,1762,2136,F,58,1993-12-11,28,Plzen - sever,west Bohemia,CD,73894780,SIPO,Servicios del Hogar,853.0
31975,1762,2136,F,58,1993-12-11,28,Plzen - sever,west Bohemia,QR,49858301,SIN_ESPECIFICAR,Sin Especificar,3352.0
31976,1762,2136,F,58,1993-12-11,28,Plzen - sever,west Bohemia,MN,87955689,POJISTNE,Pago de Seguros,1972.0
31977,1762,2136,F,58,1993-12-11,28,Plzen - sever,west Bohemia,QR,76073628,UVER,Cuota de Prestamo,6893.0
31978,1763,2137,F,36,1996-03-06,73,Opava,north Moravia,UV,70918726,SIPO,Servicios del Hogar,1146.0
31979,1763,2137,F,36,1996-03-06,73,Opava,north Moravia,QR,52545648,SIN_ESPECIFICAR,Sin Especificar,5539.0
31980,1764,2138,M,18,1997-09-04,68,Frydek - Mistek,north Moravia,CD,31592887,SIPO,Servicios del Hogar,5270.0
31981,1765,2139,F,66,1996-07-21,18,Pisek,south Bohemia,EF,89295994,SIPO,Servicios del Hogar,2011.0
31982,1766,2141,M,47,1994-09-03,28,Plzen - sever,west Bohemia,KL,85209738,SIPO,Servicios del Hogar,4353.0
31983,1766,2141,M,47,1994-09-03,28,Plzen - sever,west Bohemia,EF,6482232,SIN_ESPECIFICAR,Sin Especificar,43.0
31984,1766,2141,M,47,1994-09-03,28,Plzen - sever,west Bohemia,YZ,88636147,POJISTNE,Pago de Seguros,49.0
31985,1766,2141,M,47,1994-09-03,28,Plzen - sever,west Bohemia,OP,41643542,SIN_ESPECIFICAR,Sin Especificar,2390.0
31986,1766,2141,M,47,1994-09-03,28,Plzen - sever,west Bohemia,CD,41536575,UVER,Cuota de Prestamo,501.0
31987,1767,2142,F,57,1993-10-20,21,Tabor,south Bohemia,ST,54714965,SIPO,Servicios del Hogar,2266.0
31988,1767,2142,F,57,1993-10-20,21,Tabor,south Bohemia,KL,65165352,SIN_ESPECIFICAR,Sin Especificar,1523.0
31989,1767,2142,F,57,1993-10-20,21,Tabor,south Bohemia,IJ,83130889,POJISTNE,Pago de Seguros,1040.0
31990,1770,2146,M,25,1994-02-08,65,Znojmo,south Moravia,EF,27800739,SIPO,Servicios del Hogar,8351.0
31991,1771,2147,F,35,1993-03-28,69,Jesenik,north Moravia,GH,38500511,SIPO,Servicios del Hogar,3052.0
31992,1772,2148,F,45,1995-02-20,31,Tachov,west Bohemia,WX,51707452,UVER,Cuota de Prestamo,5633.0
31993,1772,2148,F,45,1995-02-20,31,Tachov,west Bohemia,IJ,88971179,SIPO,Servicios del Hogar,11994.0
31994,1773,2149,F,75,1993-04-19,33,Decin,north Bohemia,ST,35383325,SIPO,Servicios del Hogar,2877.0
31995,1774,2150,M,57,1996-09-10,61,Trebic,south Moravia,AB,60821378,SIPO,Servicios del Hogar,2170.0
31996,1775,2152,F,69,1993-02-27,17,Pelhrimov,south Bohemia,QR,25300705,SIPO,Servicios del Hogar,2343.0
31997,1776,2153,F,49,1997-07-27,36,Liberec,north Bohemia,YZ,86032962,SIPO,Servicios del Hogar,5710.0
31998,1776,2153,F,49,1997-07-27,36,Liberec,north Bohemia,WX,80855452,UVER,Cuota de Prestamo,1800.0
31999,1777,2154,F,41,1996-10-10,60,Prostejov,south Moravia,YZ,22132706,SIPO,Servicios del Hogar,1240.0
32000,1777,2154,F,41,1996-10-10,60,Prostejov,south Moravia,AB,64771890,SIN_ESPECIFICAR,Sin Especificar,1418.0
32001,1777,2154,F,41,1996-10-10,60,Prostejov,south Moravia,AB,96171360,POJISTNE,Pago de Seguros,1657.0
32002,1778,2155,M,40,1995-02-25,15,Cesky Krumlov,south Bohemia,YZ,55264913,SIPO,Servicios del Hogar,3432.0
32003,1779,2156,F,32,1993-08-15,33,Decin,north Bohemia,KL,92837720,SIPO,Servicios del Hogar,3023.0
32004,1779,2156,F,32,1993-08-15,33,Decin,north Bohemia,EF,47371226,SIN_ESPECIFICAR,Sin Especificar,1230.0
32005,1779,2156,F,32,1993-08-15,33,Decin,north Bohemia,IJ,7877719,POJISTNE,Pago de Seguros,61.0
32006,1780,2157,M,53,1993-04-02,1,Hl.m. Praha,Prague,UV,76511865,SIPO,Servicios del Hogar,5429.0
32007,1782,2159,F,68,1993-05-12,8,Mlada Boleslav,central Bohemia,EF,99716561,SIPO,Servicios del Hogar,3231.0
32008,1783,2160,M,53,1997-09-11,70,Karvina,north Moravia,EF,7060194,SIPO,Servicios del Hogar,6003.0
32009,1784,2161,F,78,1993-05-08,59,Kromeriz,south Moravia,EF,14724040,SIPO,Servicios del Hogar,1785.0
32010,1785,2163,M,80,1996-10-25,52,Usti nad Orlici,east Bohemia,IJ,39795231,SIPO,Servicios del Hogar,1722.0
32011,1786,2164,M,57,1993-05-25,1,Hl.m. Praha,Prague,QR,45089298,SIPO,Servicios del Hogar,8818.0
32012,1787,2166,F,51,1993-03-22,30,Sokolov,west Bohemia,EF,8468449,UVER,Cuota de Prestamo,8033.0
32014,1790,2170,M,56,1997-09-08,70,Karvina,north Moravia,KL,20001995,SIPO,Servicios del Hogar,2096.0
32015,1790,2170,M,56,1997-09-08,70,Karvina,north Moravia,ST,2797884,SIN_ESPECIFICAR,Sin Especificar,1935.0
32016,1791,2171,M,40,1996-02-03,1,Hl.m. Praha,Prague,ST,62828624,SIPO,Servicios del Hogar,6956.0
32017,1792,2172,F,69,1993-12-16,7,Melnik,central Bohemia,IJ,49249744,SIPO,Servicios del Hogar,1712.0
32018,1793,2173,F,47,1995-06-10,56,Breclav,south Moravia,IJ,77564143,SIPO,Servicios del Hogar,5182.0
32019,1793,2173,F,47,1995-06-10,56,Breclav,south Moravia,ST,32010120,LEASING,Arrendamiento / Leasing,1345.0
32020,1794,2174,F,46,1997-07-23,74,Ostrava - mesto,north Moravia,ST,3015161,SIPO,Servicios del Hogar,2867.0
32021,1794,2174,F,46,1997-07-23,74,Ostrava - mesto,north Moravia,MN,76406907,SIN_ESPECIFICAR,Sin Especificar,1890.0
32022,1794,2174,F,46,1997-07-23,74,Ostrava - mesto,north Moravia,CD,95064234,POJISTNE,Pago de Seguros,198.0
32023,1794,2174,F,46,1997-07-23,74,Ostrava - mesto,north Moravia,IJ,75616937,SIN_ESPECIFICAR,Sin Especificar,47.0
32024,1795,2175,F,56,1997-08-21,53,Blansko,south Moravia,MN,78194093,SIPO,Servicios del Hogar,3850.0
32025,1796,2176,M,52,1995-10-14,18,Pisek,south Bohemia,UV,5695713,SIPO,Servicios del Hogar,1809.0
32026,1796,2176,M,52,1995-10-14,18,Pisek,south Bohemia,AB,33720845,SIN_ESPECIFICAR,Sin Especificar,1228.0
32027,1797,2177,F,56,1994-08-01,24,Karlovy Vary,west Bohemia,CD,18348533,SIPO,Servicios del Hogar,3835.0
32028,1797,2177,F,56,1994-08-01,24,Karlovy Vary,west Bohemia,ST,92369353,SIN_ESPECIFICAR,Sin Especificar,4015.0
32029,1798,2178,M,59,1997-11-28,46,Nachod,east Bohemia,AB,9787851,SIPO,Servicios del Hogar,2602.0
32030,1798,2178,M,59,1997-11-28,46,Nachod,east Bohemia,MN,65253668,SIN_ESPECIFICAR,Sin Especificar,1687.0
32031,1798,2178,M,59,1997-11-28,46,Nachod,east Bohemia,YZ,15383804,POJISTNE,Pago de Seguros,4316.0
32032,1799,2179,F,59,1996-09-13,9,Nymburk,central Bohemia,MN,72883474,SIPO,Servicios del Hogar,2514.0
32033,1800,2180,F,26,1996-03-14,51,Trutnov,east Bohemia,KL,54079008,SIPO,Servicios del Hogar,5103.0
32034,1800,2180,F,26,1996-03-14,51,Trutnov,east Bohemia,EF,27750283,SIN_ESPECIFICAR,Sin Especificar,1643.0
32035,1801,2181,M,30,1993-02-13,46,Nachod,east Bohemia,OP,33671474,UVER,Cuota de Prestamo,4610.0
32036,1801,2181,M,30,1993-02-13,46,Nachod,east Bohemia,QR,49547737,SIPO,Servicios del Hogar,4167.0
32037,1801,2181,M,30,1993-02-13,46,Nachod,east Bohemia,YZ,80957543,SIN_ESPECIFICAR,Sin Especificar,3419.0
32038,1801,2181,M,30,1993-02-13,46,Nachod,east Bohemia,AB,73968469,POJISTNE,Pago de Seguros,956.0
32039,1802,2182,F,69,1995-03-10,75,Prerov,north Moravia,UV,57112502,SIPO,Servicios del Hogar,1112.0
32040,1802,2182,F,69,1995-03-10,75,Prerov,north Moravia,CD,33883029,SIPO,Servicios del Hogar,1396.0
32041,1803,2184,M,28,1995-07-29,24,Karlovy Vary,west Bohemia,AB,29663437,SIPO,Servicios del Hogar,1474.0
32042,1803,2184,M,28,1995-07-29,24,Karlovy Vary,west Bohemia,YZ,14515853,SIN_ESPECIFICAR,Sin Especificar,829.0
32043,1805,2186,F,56,1993-02-02,1,Hl.m. Praha,Prague,YZ,56198263,LEASING,Arrendamiento / Leasing,2693.0
32044,1805,2186,F,56,1993-02-02,1,Hl.m. Praha,Prague,OP,38994044,SIPO,Servicios del Hogar,3110.0
32045,1806,2187,M,65,1993-01-19,40,Teplice,north Bohemia,UV,84037089,SIPO,Servicios del Hogar,2552.0
32046,1807,2189,F,36,1997-10-15,21,Tabor,south Bohemia,YZ,25078994,SIPO,Servicios del Hogar,4731.0
32047,1808,2190,M,24,1997-05-16,28,Plzen - sever,west Bohemia,QR,39164525,UVER,Cuota de Prestamo,8033.0
32048,1809,2192,F,42,1993-11-12,1,Hl.m. Praha,Prague,KL,35650015,SIPO,Servicios del Hogar,6269.0
32049,1809,2192,F,42,1993-11-12,1,Hl.m. Praha,Prague,WX,62114232,SIN_ESPECIFICAR,Sin Especificar,183.0
32050,1809,2192,F,42,1993-11-12,1,Hl.m. Praha,Prague,WX,80008905,POJISTNE,Pago de Seguros,6860.0
32051,1810,2194,F,37,1995-09-03,50,Svitavy,east Bohemia,ST,40205115,SIPO,Servicios del Hogar,5925.0
32052,1811,2195,F,56,1993-09-22,40,Teplice,north Bohemia,EF,84066038,UVER,Cuota de Prestamo,3991.0
32053,1811,2195,F,56,1993-09-22,40,Teplice,north Bohemia,ST,37117743,SIPO,Servicios del Hogar,4206.0
32054,1811,2195,F,56,1993-09-22,40,Teplice,north Bohemia,KL,87739562,SIN_ESPECIFICAR,Sin Especificar,6745.0
32055,1812,2196,F,43,1996-10-08,31,Tachov,west Bohemia,KL,96231013,SIPO,Servicios del Hogar,1169.0
32056,1812,2196,F,43,1996-10-08,31,Tachov,west Bohemia,EF,95304095,SIN_ESPECIFICAR,Sin Especificar,1133.0
32057,1813,2197,F,36,1994-02-11,47,Pardubice,east Bohemia,GH,39702093,SIPO,Servicios del Hogar,812.0
32058,1813,2197,F,36,1994-02-11,47,Pardubice,east Bohemia,QR,343406,SIN_ESPECIFICAR,Sin Especificar,4350.0
32059,1814,2198,F,78,1997-09-23,17,Pelhrimov,south Bohemia,QR,75643884,SIPO,Servicios del Hogar,3035.0
32060,1815,2200,M,45,1993-04-17,66,Zdar nad Sazavou,south Moravia,OP,19580573,SIPO,Servicios del Hogar,6037.0
32061,1815,2200,M,45,1993-04-17,66,Zdar nad Sazavou,south Moravia,QR,69614529,SIN_ESPECIFICAR,Sin Especificar,3859.0
32062,1816,2201,M,69,1993-10-08,44,Chrudim,east Bohemia,MN,50690215,SIPO,Servicios del Hogar,2824.0
32063,1817,2203,M,59,1996-12-16,10,Praha - vychod,central Bohemia,CD,57132309,SIPO,Servicios del Hogar,9131.0
32064,1819,2205,M,46,1996-10-21,55,Brno - venkov,south Moravia,UV,82792853,UVER,Cuota de Prestamo,3991.0
32065,1819,2205,M,46,1996-10-21,55,Brno - venkov,south Moravia,OP,78877323,SIPO,Servicios del Hogar,966.0
32066,1819,2205,M,46,1996-10-21,55,Brno - venkov,south Moravia,MN,18223607,SIN_ESPECIFICAR,Sin Especificar,1236.0
32067,1819,2205,M,46,1996-10-21,55,Brno - venkov,south Moravia,UV,82754003,POJISTNE,Pago de Seguros,8253.0
32068,1820,2206,F,34,1994-04-22,10,Praha - vychod,central Bohemia,WX,58238744,SIPO,Servicios del Hogar,7794.0
32069,1821,2207,F,37,1995-04-07,70,Karvina,north Moravia,IJ,23474955,SIPO,Servicios del Hogar,9385.0
32070,1822,2209,F,71,1993-05-05,30,Sokolov,west Bohemia,IJ,19228476,SIPO,Servicios del Hogar,1996.0
32071,1823,2211,F,78,1996-09-28,3,Beroun,central Bohemia,QR,10427672,SIPO,Servicios del Hogar,2347.0
32072,1824,2212,M,26,1994-01-17,52,Usti nad Orlici,east Bohemia,AB,51449030,SIPO,Servicios del Hogar,319.0
32073,1824,2212,M,26,1994-01-17,52,Usti nad Orlici,east Bohemia,CD,62974762,SIN_ESPECIFICAR,Sin Especificar,9515.0
32074,1825,2213,M,30,1995-12-05,3,Beroun,central Bohemia,QR,87801843,SIPO,Servicios del Hogar,1425.0
32075,1825,2213,M,30,1995-12-05,3,Beroun,central Bohemia,ST,42349684,SIN_ESPECIFICAR,Sin Especificar,2688.0
32076,1826,2214,M,52,1994-05-22,5,Kolin,central Bohemia,OP,62603348,SIPO,Servicios del Hogar,9921.0
32077,1827,2215,M,73,1993-09-06,10,Praha - vychod,central Bohemia,EF,47742539,SIPO,Servicios del Hogar,2567.0
32078,1828,2216,F,26,1994-09-28,1,Hl.m. Praha,Prague,KL,22854000,LEASING,Arrendamiento / Leasing,2395.0
32079,1828,2216,F,26,1994-09-28,1,Hl.m. Praha,Prague,EF,60668200,SIPO,Servicios del Hogar,4036.0
32080,1828,2216,F,26,1994-09-28,1,Hl.m. Praha,Prague,UV,98265254,SIN_ESPECIFICAR,Sin Especificar,1613.0
32081,1828,2216,F,26,1994-09-28,1,Hl.m. Praha,Prague,WX,90934735,POJISTNE,Pago de Seguros,153.0
32082,1828,2216,F,26,1994-09-28,1,Hl.m. Praha,Prague,YZ,21647364,SIN_ESPECIFICAR,Sin Especificar,1498.0
32083,1829,2218,M,30,1993-02-27,43,Hradec Kralove,east Bohemia,UV,42750388,SIPO,Servicios del Hogar,3684.0
32084,1830,2220,F,46,1993-02-08,10,Praha - vychod,central Bohemia,YZ,23603689,SIPO,Servicios del Hogar,7692.0
32085,1831,2222,F,64,1993-09-21,1,Hl.m. Praha,Prague,KL,26089942,SIPO,Servicios del Hogar,2047.0
32086,1832,2223,F,55,1996-04-01,70,Karvina,north Moravia,UV,33134043,LEASING,Arrendamiento / Leasing,2072.0
32087,1832,2223,F,55,1996-04-01,70,Karvina,north Moravia,QR,46307826,SIPO,Servicios del Hogar,3275.0
32088,1832,2223,F,55,1996-04-01,70,Karvina,north Moravia,CD,19165534,SIN_ESPECIFICAR,Sin Especificar,139.0
32089,1832,2223,F,55,1996-04-01,70,Karvina,north Moravia,CD,5385864,POJISTNE,Pago de Seguros,581.0
32090,1832,2223,F,55,1996-04-01,70,Karvina,north Moravia,CD,85279571,SIN_ESPECIFICAR,Sin Especificar,5933.0
32091,1833,2224,M,66,1997-11-15,54,Brno - mesto,south Moravia,KL,98189168,SIPO,Servicios del Hogar,1674.0
32092,1834,2225,F,38,1993-08-03,62,Uherske Hradiste,south Moravia,QR,4736280,SIPO,Servicios del Hogar,8084.0
32093,1835,2226,F,34,1994-12-24,74,Ostrava - mesto,north Moravia,GH,45864230,SIPO,Servicios del Hogar,5938.0
32094,1835,2226,F,34,1994-12-24,74,Ostrava - mesto,north Moravia,AB,98761927,SIN_ESPECIFICAR,Sin Especificar,1431.0
32095,1836,2227,M,23,1996-02-15,42,Havlickuv Brod,east Bohemia,YZ,46282643,SIPO,Servicios del Hogar,6666.0
32096,1836,2227,M,23,1996-02-15,42,Havlickuv Brod,east Bohemia,EF,2027774,SIN_ESPECIFICAR,Sin Especificar,1685.0
32097,1837,2228,F,58,1993-06-24,23,Cheb,west Bohemia,GH,47965639,SIPO,Servicios del Hogar,6387.0
32098,1838,2229,M,54,1994-05-26,68,Frydek - Mistek,north Moravia,EF,65023559,LEASING,Arrendamiento / Leasing,2072.0
32099,1838,2229,M,54,1994-05-26,68,Frydek - Mistek,north Moravia,UV,67060506,SIPO,Servicios del Hogar,8940.0
32100,1839,2230,M,29,1997-06-22,5,Kolin,central Bohemia,OP,76028460,SIPO,Servicios del Hogar,3093.0
32101,1841,2232,M,31,1997-06-12,36,Liberec,north Bohemia,MN,89823549,SIPO,Servicios del Hogar,2840.0
32102,1841,2232,M,31,1997-06-12,36,Liberec,north Bohemia,KL,52448677,SIN_ESPECIFICAR,Sin Especificar,259.0
32104,1843,2235,F,58,1993-01-30,12,Pribram,central Bohemia,QR,70984434,UVER,Cuota de Prestamo,2939.0
32105,1843,2235,F,58,1993-01-30,12,Pribram,central Bohemia,QR,62958741,SIPO,Servicios del Hogar,6994.0
32106,1844,2236,F,20,1993-01-06,44,Chrudim,east Bohemia,EF,32871842,SIPO,Servicios del Hogar,2161.0
32107,1845,2237,M,40,1997-08-20,47,Pardubice,east Bohemia,QR,5894870,SIPO,Servicios del Hogar,12537.0
32108,1846,2239,F,22,1995-06-17,6,Kutna Hora,central Bohemia,UV,47556239,SIPO,Servicios del Hogar,2062.0
32109,1847,2240,F,66,1996-04-04,47,Pardubice,east Bohemia,MN,59477126,SIPO,Servicios del Hogar,1815.0
32110,1848,2242,F,22,1994-08-04,1,Hl.m. Praha,Prague,KL,94460415,SIPO,Servicios del Hogar,3473.0
32115,1851,2246,F,45,1993-05-23,55,Brno - venkov,south Moravia,WX,48939102,SIPO,Servicios del Hogar,3649.0
32116,1852,2247,F,20,1993-07-05,35,Jablonec n. Nisou,north Bohemia,ST,43960928,SIPO,Servicios del Hogar,2199.0
32117,1854,2249,F,53,1997-02-02,32,Ceska Lipa,north Bohemia,IJ,67782974,SIPO,Servicios del Hogar,3948.0
32118,1855,2250,F,60,1996-10-27,34,Chomutov,north Bohemia,MN,27503836,SIPO,Servicios del Hogar,2897.0
32119,1856,2251,F,27,1994-06-19,26,Plzen - mesto,west Bohemia,MN,85599320,SIPO,Servicios del Hogar,725.0
32120,1856,2251,F,27,1994-06-19,26,Plzen - mesto,west Bohemia,WX,413990,SIN_ESPECIFICAR,Sin Especificar,1449.0
32121,1857,2252,M,33,1997-08-18,37,Litomerice,north Bohemia,CD,39414250,SIPO,Servicios del Hogar,4295.0
32122,1857,2252,M,33,1997-08-18,37,Litomerice,north Bohemia,GH,97685545,SIN_ESPECIFICAR,Sin Especificar,279.0
32123,1858,2254,F,71,1995-02-18,72,Olomouc,north Moravia,ST,97497385,SIPO,Servicios del Hogar,3764.0
32124,1859,2255,F,75,1996-02-02,50,Svitavy,east Bohemia,WX,63530605,SIPO,Servicios del Hogar,2826.0
32125,1860,2256,M,24,1997-01-02,70,Karvina,north Moravia,GH,54349380,SIPO,Servicios del Hogar,2170.0
32126,1861,2257,F,19,1993-07-02,54,Brno - mesto,south Moravia,QR,9564370,SIPO,Servicios del Hogar,1574.0
32127,1861,2257,F,19,1993-07-02,54,Brno - mesto,south Moravia,AB,86292242,SIN_ESPECIFICAR,Sin Especificar,1519.0
32128,1862,2259,F,48,1995-04-15,19,Prachatice,south Bohemia,YZ,95449792,UVER,Cuota de Prestamo,6602.0
32129,1863,2260,F,36,1997-04-01,62,Uherske Hradiste,south Moravia,GH,79569941,SIPO,Servicios del Hogar,3371.0
32130,1863,2260,F,36,1997-04-01,62,Uherske Hradiste,south Moravia,ST,28247505,SIN_ESPECIFICAR,Sin Especificar,1096.0
32131,1863,2260,F,36,1997-04-01,62,Uherske Hradiste,south Moravia,QR,11498463,POJISTNE,Pago de Seguros,201.0
32133,1865,2263,M,64,1994-05-04,1,Hl.m. Praha,Prague,EF,61108732,SIPO,Servicios del Hogar,1915.0
32134,1866,2264,M,55,1997-11-17,4,Kladno,central Bohemia,IJ,75322639,SIPO,Servicios del Hogar,5051.0
32135,1866,2264,M,55,1997-11-17,4,Kladno,central Bohemia,MN,7592410,UVER,Cuota de Prestamo,1896.0
32136,1868,2266,M,59,1997-11-29,16,Jindrichuv Hradec,south Bohemia,CD,26658559,SIPO,Servicios del Hogar,12111.0
32137,1869,2267,F,32,1996-06-14,1,Hl.m. Praha,Prague,YZ,44563007,UVER,Cuota de Prestamo,1054.0
32138,1872,2270,F,38,1997-09-17,61,Trebic,south Moravia,MN,37390577,SIPO,Servicios del Hogar,5886.0
32139,1872,2270,F,38,1997-09-17,61,Trebic,south Moravia,UV,67046397,SIN_ESPECIFICAR,Sin Especificar,137.0
32141,1874,2274,M,34,1993-03-27,9,Nymburk,central Bohemia,ST,15775823,SIPO,Servicios del Hogar,2100.0
32142,1875,2276,F,66,1993-08-21,44,Chrudim,east Bohemia,OP,47586584,SIPO,Servicios del Hogar,3094.0
32143,1876,2277,M,19,1997-09-20,1,Hl.m. Praha,Prague,IJ,65358716,SIPO,Servicios del Hogar,2329.0
32144,1876,2277,M,19,1997-09-20,1,Hl.m. Praha,Prague,YZ,2049482,SIN_ESPECIFICAR,Sin Especificar,723.0
32145,1876,2277,M,19,1997-09-20,1,Hl.m. Praha,Prague,EF,57234233,UVER,Cuota de Prestamo,8710.0
32146,1877,2278,M,77,1993-12-13,76,Sumperk,north Moravia,AB,71872693,SIPO,Servicios del Hogar,1198.0
32147,1877,2278,M,77,1993-12-13,76,Sumperk,north Moravia,UV,99609601,SIPO,Servicios del Hogar,629.0
32148,1879,2280,F,24,1994-05-13,10,Praha - vychod,central Bohemia,WX,53768026,SIPO,Servicios del Hogar,907.0
32149,1879,2280,F,24,1994-05-13,10,Praha - vychod,central Bohemia,QR,75441211,SIN_ESPECIFICAR,Sin Especificar,1119.0
32150,1881,2282,M,25,1997-08-17,60,Prostejov,south Moravia,AB,4048985,SIPO,Servicios del Hogar,2046.0
32151,1881,2282,M,25,1997-08-17,60,Prostejov,south Moravia,CD,72414660,SIN_ESPECIFICAR,Sin Especificar,3640.0
32152,1882,2283,M,37,1993-12-21,1,Hl.m. Praha,Prague,IJ,5768174,SIPO,Servicios del Hogar,1907.0
32153,1882,2283,M,37,1993-12-21,1,Hl.m. Praha,Prague,AB,81505483,SIN_ESPECIFICAR,Sin Especificar,1936.0
32154,1882,2283,M,37,1993-12-21,1,Hl.m. Praha,Prague,OP,35459327,POJISTNE,Pago de Seguros,60.0
32157,1886,2288,F,41,1996-03-05,32,Ceska Lipa,north Bohemia,QR,56325697,UVER,Cuota de Prestamo,4513.0
32158,1886,2288,F,41,1996-03-05,32,Ceska Lipa,north Bohemia,KL,65109085,SIPO,Servicios del Hogar,4198.0
32159,1887,2290,F,44,1993-05-09,68,Frydek - Mistek,north Moravia,IJ,2468169,SIPO,Servicios del Hogar,5608.0
32160,1888,2291,M,41,1996-10-21,6,Kutna Hora,central Bohemia,KL,40829509,UVER,Cuota de Prestamo,4780.0
32161,1888,2291,M,41,1996-10-21,6,Kutna Hora,central Bohemia,OP,88992631,SIPO,Servicios del Hogar,510.0
32162,1888,2291,M,41,1996-10-21,6,Kutna Hora,central Bohemia,YZ,35539561,SIN_ESPECIFICAR,Sin Especificar,3473.0
32163,1888,2291,M,41,1996-10-21,6,Kutna Hora,central Bohemia,OP,94599204,POJISTNE,Pago de Seguros,3269.0
32164,1889,2292,M,77,1995-02-06,59,Kromeriz,south Moravia,OP,90301942,SIPO,Servicios del Hogar,3298.0
32165,1891,2294,F,46,1993-04-10,32,Ceska Lipa,north Bohemia,OP,32430213,SIPO,Servicios del Hogar,2039.0
32166,1891,2294,F,46,1993-04-10,32,Ceska Lipa,north Bohemia,YZ,43767422,SIN_ESPECIFICAR,Sin Especificar,172.0
32167,1891,2294,F,46,1993-04-10,32,Ceska Lipa,north Bohemia,IJ,13493419,POJISTNE,Pago de Seguros,293.0
32168,1892,2295,F,59,1993-07-13,28,Plzen - sever,west Bohemia,OP,48820698,SIPO,Servicios del Hogar,2398.0
32169,1893,2297,M,33,1996-07-20,48,Rychnov nad Kneznou,east Bohemia,OP,37540984,SIPO,Servicios del Hogar,6289.0
32170,1895,2300,F,37,1996-07-12,35,Jablonec n. Nisou,north Bohemia,IJ,59814214,LEASING,Arrendamiento / Leasing,1792.0
32171,1895,2300,F,37,1996-07-12,35,Jablonec n. Nisou,north Bohemia,YZ,97079294,SIPO,Servicios del Hogar,5810.0
32172,1896,2302,M,41,1993-10-05,74,Ostrava - mesto,north Moravia,AB,37679821,LEASING,Arrendamiento / Leasing,1792.0
32173,1896,2302,M,41,1993-10-05,74,Ostrava - mesto,north Moravia,AB,81584167,SIPO,Servicios del Hogar,9463.0
32174,1897,2303,F,59,1996-03-05,61,Trebic,south Moravia,EF,82123648,LEASING,Arrendamiento / Leasing,1792.0
32175,1897,2303,F,59,1996-03-05,61,Trebic,south Moravia,UV,56447219,SIPO,Servicios del Hogar,8458.0
32176,1897,2303,F,59,1996-03-05,61,Trebic,south Moravia,OP,60395377,SIN_ESPECIFICAR,Sin Especificar,2237.0
32177,1897,2303,F,59,1996-03-05,61,Trebic,south Moravia,WX,10508221,POJISTNE,Pago de Seguros,129.0
32178,1899,2307,M,75,1996-11-05,26,Plzen - mesto,west Bohemia,CD,12900150,SIPO,Servicios del Hogar,3081.0
32179,1900,2308,F,24,1996-07-27,27,Plzen - jih,west Bohemia,KL,4257697,SIPO,Servicios del Hogar,7114.0
32180,1901,2309,F,22,1995-12-01,15,Cesky Krumlov,south Bohemia,ST,11394077,SIPO,Servicios del Hogar,6355.0
32181,1903,2312,F,23,1996-07-05,11,Praha - zapad,central Bohemia,QR,99218499,SIPO,Servicios del Hogar,1878.0
32182,1903,2312,F,23,1996-07-05,11,Praha - zapad,central Bohemia,YZ,5529422,SIN_ESPECIFICAR,Sin Especificar,260.0
32183,1904,2313,M,18,1996-05-18,70,Karvina,north Moravia,WX,72036003,SIPO,Servicios del Hogar,2991.0
32184,1904,2313,M,18,1996-05-18,70,Karvina,north Moravia,KL,63970231,SIN_ESPECIFICAR,Sin Especificar,587.0
32185,1904,2313,M,18,1996-05-18,70,Karvina,north Moravia,OP,62933331,POJISTNE,Pago de Seguros,2257.0
32186,1904,2313,M,18,1996-05-18,70,Karvina,north Moravia,WX,91014575,LEASING,Arrendamiento / Leasing,1116.0
32187,1905,2314,F,39,1996-05-25,34,Chomutov,north Bohemia,AB,28957480,SIPO,Servicios del Hogar,3506.0
32188,1905,2314,F,39,1996-05-25,34,Chomutov,north Bohemia,WX,17456478,SIN_ESPECIFICAR,Sin Especificar,3225.0
32189,1905,2314,F,39,1996-05-25,34,Chomutov,north Bohemia,KL,23034429,POJISTNE,Pago de Seguros,72.0
32190,1906,2316,M,28,1996-08-01,1,Hl.m. Praha,Prague,OP,59762132,UVER,Cuota de Prestamo,1873.0
32191,1906,2316,M,28,1996-08-01,1,Hl.m. Praha,Prague,YZ,62735038,SIPO,Servicios del Hogar,7355.0
32192,1906,2316,M,28,1996-08-01,1,Hl.m. Praha,Prague,YZ,40499287,SIN_ESPECIFICAR,Sin Especificar,158.0
32193,1907,2317,M,22,1997-03-25,1,Hl.m. Praha,Prague,OP,72668206,SIPO,Servicios del Hogar,8181.0
32194,1907,2317,M,22,1997-03-25,1,Hl.m. Praha,Prague,UV,59887331,SIN_ESPECIFICAR,Sin Especificar,594.0
32195,1908,2318,F,75,1994-09-13,20,Strakonice,south Bohemia,UV,45842748,SIPO,Servicios del Hogar,3594.0
32196,1909,2319,F,28,1993-01-12,14,Ceske Budejovice,south Bohemia,AB,56638652,SIPO,Servicios del Hogar,43.0
32197,1909,2319,F,28,1993-01-12,14,Ceske Budejovice,south Bohemia,KL,63000541,SIN_ESPECIFICAR,Sin Especificar,1156.0
32198,1909,2319,F,28,1993-01-12,14,Ceske Budejovice,south Bohemia,KL,81369602,POJISTNE,Pago de Seguros,928.0
32199,1910,2320,M,47,1996-09-06,60,Prostejov,south Moravia,YZ,15554768,SIPO,Servicios del Hogar,851.0
32200,1910,2320,M,47,1996-09-06,60,Prostejov,south Moravia,EF,95706283,SIN_ESPECIFICAR,Sin Especificar,2336.0
32201,1912,2322,M,70,1993-08-15,64,Zlin,south Moravia,AB,72722065,SIPO,Servicios del Hogar,3232.0
32202,1913,2323,F,56,1996-06-06,48,Rychnov nad Kneznou,east Bohemia,GH,53294521,SIPO,Servicios del Hogar,2613.0
32203,1914,2324,M,20,1995-01-24,27,Plzen - jih,west Bohemia,GH,33870774,SIPO,Servicios del Hogar,1289.0
32204,1914,2324,M,20,1995-01-24,27,Plzen - jih,west Bohemia,UV,9548128,SIN_ESPECIFICAR,Sin Especificar,2046.0
32205,1915,2325,F,43,1997-04-14,2,Benesov,central Bohemia,EF,85960626,SIPO,Servicios del Hogar,4052.0
32206,1915,2325,F,43,1997-04-14,2,Benesov,central Bohemia,GH,43997365,SIN_ESPECIFICAR,Sin Especificar,2142.0
32207,1916,2326,F,53,1996-02-16,72,Olomouc,north Moravia,QR,71571534,SIPO,Servicios del Hogar,4269.0
32208,1917,2327,M,79,1995-12-13,73,Opava,north Moravia,YZ,10547238,SIPO,Servicios del Hogar,2943.0
32209,1918,2328,M,30,1994-04-10,24,Karlovy Vary,west Bohemia,CD,53045350,SIPO,Servicios del Hogar,4231.0
32210,1919,2329,M,25,1994-12-04,18,Pisek,south Bohemia,EF,92220371,SIPO,Servicios del Hogar,4545.0
32211,1919,2329,M,25,1994-12-04,18,Pisek,south Bohemia,UV,54287219,SIN_ESPECIFICAR,Sin Especificar,342.0
32212,1920,2330,F,50,1996-04-08,40,Teplice,north Bohemia,GH,77530604,SIPO,Servicios del Hogar,3570.0
32213,1921,2331,F,41,1997-06-27,42,Havlickuv Brod,east Bohemia,MN,40611082,SIPO,Servicios del Hogar,2309.0
32214,1921,2331,F,41,1997-06-27,42,Havlickuv Brod,east Bohemia,KL,97261964,SIN_ESPECIFICAR,Sin Especificar,124.0
32217,1924,2335,F,64,1996-05-16,66,Zdar nad Sazavou,south Moravia,WX,86879318,SIPO,Servicios del Hogar,1962.0
32218,1925,2336,M,76,1993-08-03,12,Pribram,central Bohemia,WX,28522896,SIPO,Servicios del Hogar,3860.0
32219,1926,2338,F,41,1993-01-06,37,Litomerice,north Bohemia,WX,87020074,SIPO,Servicios del Hogar,2643.0
32220,1926,2338,F,41,1993-01-06,37,Litomerice,north Bohemia,QR,66210120,SIN_ESPECIFICAR,Sin Especificar,361.0
32221,1927,2340,M,45,1995-08-04,42,Havlickuv Brod,east Bohemia,ST,54550802,SIPO,Servicios del Hogar,2283.0
32222,1928,2342,M,50,1997-03-02,70,Karvina,north Moravia,GH,84353714,UVER,Cuota de Prestamo,2318.0
32223,1929,2343,M,39,1997-07-06,1,Hl.m. Praha,Prague,IJ,23485905,SIPO,Servicios del Hogar,2027.0
32224,1930,2344,F,74,1993-06-27,3,Beroun,central Bohemia,ST,47185248,SIPO,Servicios del Hogar,3223.0
32225,1931,2345,M,56,1993-11-23,20,Strakonice,south Bohemia,AB,34779352,SIPO,Servicios del Hogar,4898.0
32226,1931,2345,M,56,1993-11-23,20,Strakonice,south Bohemia,CD,16274184,SIN_ESPECIFICAR,Sin Especificar,23.0
32227,1931,2345,M,56,1993-11-23,20,Strakonice,south Bohemia,AB,90722965,POJISTNE,Pago de Seguros,1302.0
32228,1933,2348,M,65,1997-04-04,35,Jablonec n. Nisou,north Bohemia,ST,49145901,SIPO,Servicios del Hogar,3804.0
32229,1934,2349,F,30,1994-10-05,46,Nachod,east Bohemia,CD,78941809,SIPO,Servicios del Hogar,1428.0
32230,1934,2349,F,30,1994-10-05,46,Nachod,east Bohemia,IJ,6592476,SIN_ESPECIFICAR,Sin Especificar,4007.0
32231,1934,2349,F,30,1994-10-05,46,Nachod,east Bohemia,UV,30378473,POJISTNE,Pago de Seguros,720.0
32232,1934,2349,F,30,1994-10-05,46,Nachod,east Bohemia,UV,50147646,SIN_ESPECIFICAR,Sin Especificar,1167.0
32233,1936,2352,F,21,1995-07-18,70,Karvina,north Moravia,UV,58173835,SIPO,Servicios del Hogar,2141.0
32234,1937,2353,F,69,1993-05-18,36,Liberec,north Bohemia,IJ,67964726,SIPO,Servicios del Hogar,2933.0
32235,1938,2354,M,31,1994-06-25,1,Hl.m. Praha,Prague,IJ,28358316,SIPO,Servicios del Hogar,6646.0
32236,1938,2354,M,31,1994-06-25,1,Hl.m. Praha,Prague,UV,41125863,LEASING,Arrendamiento / Leasing,586.0
32237,1939,2355,F,50,1996-04-19,6,Kutna Hora,central Bohemia,CD,50836545,SIPO,Servicios del Hogar,3090.0
32238,1939,2355,F,50,1996-04-19,6,Kutna Hora,central Bohemia,QR,37756449,SIN_ESPECIFICAR,Sin Especificar,893.0
32239,1940,2356,M,68,1993-12-22,52,Usti nad Orlici,east Bohemia,GH,89983695,SIPO,Servicios del Hogar,3106.0
32242,1943,2361,M,30,1996-11-26,9,Nymburk,central Bohemia,EF,34419673,SIPO,Servicios del Hogar,3060.0
32243,1943,2361,M,30,1996-11-26,9,Nymburk,central Bohemia,KL,17804307,SIN_ESPECIFICAR,Sin Especificar,1412.0
32244,1943,2361,M,30,1996-11-26,9,Nymburk,central Bohemia,MN,56432241,POJISTNE,Pago de Seguros,2704.0
32245,1943,2361,M,30,1996-11-26,9,Nymburk,central Bohemia,UV,87436866,SIN_ESPECIFICAR,Sin Especificar,2181.0
32246,1944,2363,M,51,1993-02-12,72,Olomouc,north Moravia,OP,38381874,SIPO,Servicios del Hogar,6741.0
32247,1946,2365,F,45,1997-09-16,46,Nachod,east Bohemia,GH,47834515,SIPO,Servicios del Hogar,7593.0
32248,1947,2366,M,68,1993-11-12,35,Jablonec n. Nisou,north Bohemia,QR,53213423,SIPO,Servicios del Hogar,3448.0
32249,1948,2368,F,55,1996-04-08,64,Zlin,south Moravia,GH,89471458,SIPO,Servicios del Hogar,731.0
32250,1948,2368,F,55,1996-04-08,64,Zlin,south Moravia,OP,4367113,SIN_ESPECIFICAR,Sin Especificar,6569.0
32251,1949,2370,F,42,1994-05-04,41,Usti nad Labem,north Bohemia,GH,62772446,SIPO,Servicios del Hogar,6888.0
32252,1949,2370,F,42,1994-05-04,41,Usti nad Labem,north Bohemia,UV,70580106,SIN_ESPECIFICAR,Sin Especificar,107.0
32253,1949,2370,F,42,1994-05-04,41,Usti nad Labem,north Bohemia,OP,83566981,POJISTNE,Pago de Seguros,43.0
32254,1949,2370,F,42,1994-05-04,41,Usti nad Labem,north Bohemia,IJ,89576708,SIN_ESPECIFICAR,Sin Especificar,487.0
32255,1950,2371,F,42,1997-08-01,70,Karvina,north Moravia,KL,79988079,SIPO,Servicios del Hogar,6943.0
32256,1951,2372,F,27,1997-08-07,23,Cheb,west Bohemia,UV,67909365,SIPO,Servicios del Hogar,709.0
32257,1951,2372,F,27,1997-08-07,23,Cheb,west Bohemia,EF,62647110,SIN_ESPECIFICAR,Sin Especificar,968.0
32258,1951,2372,F,27,1997-08-07,23,Cheb,west Bohemia,GH,34857571,POJISTNE,Pago de Seguros,2441.0
32259,1954,2375,F,33,1996-06-05,72,Olomouc,north Moravia,IJ,85359781,SIPO,Servicios del Hogar,2140.0
32260,1955,2377,M,48,1995-01-07,49,Semily,east Bohemia,KL,37730187,SIPO,Servicios del Hogar,1964.0
32261,1956,2378,F,45,1997-05-23,63,Vyskov,south Moravia,UV,409156,SIPO,Servicios del Hogar,4674.0
32262,1957,2379,F,34,1996-09-18,33,Decin,north Bohemia,UV,19923216,SIPO,Servicios del Hogar,1595.0
32263,1957,2379,F,34,1996-09-18,33,Decin,north Bohemia,QR,27709353,SIN_ESPECIFICAR,Sin Especificar,892.0
32264,1958,2380,M,71,1994-10-24,40,Teplice,north Bohemia,UV,90704673,SIPO,Servicios del Hogar,2934.0
32265,1959,2382,F,71,1993-12-24,62,Uherske Hradiste,south Moravia,YZ,8956242,SIPO,Servicios del Hogar,2975.0
32266,1959,2382,F,71,1993-12-24,62,Uherske Hradiste,south Moravia,QR,89473181,SIPO,Servicios del Hogar,167.0
32267,1960,2383,F,51,1997-12-04,31,Tachov,west Bohemia,YZ,50274485,SIPO,Servicios del Hogar,2103.0
32268,1960,2383,F,51,1997-12-04,31,Tachov,west Bohemia,IJ,14609361,SIN_ESPECIFICAR,Sin Especificar,47.0
32269,1961,2385,M,65,1995-08-30,13,Rakovnik,central Bohemia,QR,5029577,SIPO,Servicios del Hogar,2293.0
32270,1962,2387,F,53,1996-02-24,77,Vsetin,north Moravia,MN,10131866,SIPO,Servicios del Hogar,770.0
32271,1962,2387,F,53,1996-02-24,77,Vsetin,north Moravia,OP,17327452,SIN_ESPECIFICAR,Sin Especificar,1192.0
32272,1962,2387,F,53,1996-02-24,77,Vsetin,north Moravia,MN,43612647,POJISTNE,Pago de Seguros,1771.0
32273,1963,2388,M,27,1996-02-03,42,Havlickuv Brod,east Bohemia,OP,92063742,SIPO,Servicios del Hogar,3175.0
32274,1964,2389,M,74,1996-02-12,25,Klatovy,west Bohemia,CD,4341131,SIPO,Servicios del Hogar,2438.0
32275,1965,2390,M,60,1993-02-08,57,Hodonin,south Moravia,IJ,40902030,SIPO,Servicios del Hogar,9541.0
32276,1966,2391,M,56,1993-02-12,27,Plzen - jih,west Bohemia,EF,77830534,SIPO,Servicios del Hogar,5569.0
32277,1967,2392,M,43,1995-02-13,26,Plzen - mesto,west Bohemia,YZ,88398128,UVER,Cuota de Prestamo,5194.0
32278,1967,2392,M,43,1995-02-13,26,Plzen - mesto,west Bohemia,KL,91595464,SIPO,Servicios del Hogar,14164.0
32280,1969,2394,M,36,1994-04-02,5,Kolin,central Bohemia,QR,67560100,SIPO,Servicios del Hogar,5403.0
32281,1970,2395,M,45,1993-12-08,8,Mlada Boleslav,central Bohemia,EF,44169485,SIPO,Servicios del Hogar,1774.0
32282,1970,2395,M,45,1993-12-08,8,Mlada Boleslav,central Bohemia,GH,16633075,SIN_ESPECIFICAR,Sin Especificar,1916.0
32283,1971,2396,F,49,1995-08-04,41,Usti nad Labem,north Bohemia,GH,27420634,SIPO,Servicios del Hogar,6624.0
32284,1972,2397,M,80,1993-01-02,77,Vsetin,north Moravia,YZ,67027497,SIPO,Servicios del Hogar,2736.0
32285,1973,2398,F,43,1996-06-05,71,Novy Jicin,north Moravia,KL,71021574,SIPO,Servicios del Hogar,847.0
32286,1973,2398,F,43,1996-06-05,71,Novy Jicin,north Moravia,WX,37152791,SIN_ESPECIFICAR,Sin Especificar,1150.0
32287,1975,2400,M,39,1994-09-07,19,Prachatice,south Bohemia,QR,25971132,SIPO,Servicios del Hogar,2625.0
32288,1975,2400,M,39,1994-09-07,19,Prachatice,south Bohemia,GH,22193175,SIN_ESPECIFICAR,Sin Especificar,1480.0
32289,1975,2400,M,39,1994-09-07,19,Prachatice,south Bohemia,ST,98307567,POJISTNE,Pago de Seguros,1711.0
32290,1975,2400,M,39,1994-09-07,19,Prachatice,south Bohemia,ST,13919747,SIN_ESPECIFICAR,Sin Especificar,765.0
32291,1976,2401,F,50,1997-03-25,26,Plzen - mesto,west Bohemia,CD,86137228,SIPO,Servicios del Hogar,3408.0
32292,1976,2401,F,50,1997-03-25,26,Plzen - mesto,west Bohemia,WX,33949554,SIN_ESPECIFICAR,Sin Especificar,2157.0
32293,1978,2403,F,35,1993-06-11,57,Hodonin,south Moravia,KL,82303452,UVER,Cuota de Prestamo,5700.0
32294,1978,2403,F,35,1993-06-11,57,Hodonin,south Moravia,OP,85430520,SIPO,Servicios del Hogar,7001.0
32295,1978,2403,F,35,1993-06-11,57,Hodonin,south Moravia,UV,57071173,SIN_ESPECIFICAR,Sin Especificar,5900.0
32296,1978,2403,F,35,1993-06-11,57,Hodonin,south Moravia,KL,25988853,POJISTNE,Pago de Seguros,356.0
32297,1979,2404,F,21,1993-01-11,26,Plzen - mesto,west Bohemia,UV,32008636,SIPO,Servicios del Hogar,2014.0
32298,1980,2406,F,42,1996-03-16,49,Semily,east Bohemia,KL,11773962,SIPO,Servicios del Hogar,6879.0
32299,1981,2407,M,23,1993-10-08,64,Zlin,south Moravia,OP,11741298,SIPO,Servicios del Hogar,1087.0
32300,1981,2407,M,23,1993-10-08,64,Zlin,south Moravia,GH,1563025,SIN_ESPECIFICAR,Sin Especificar,1097.0
32301,1982,2408,F,58,1997-05-08,6,Kutna Hora,central Bohemia,OP,49496763,SIPO,Servicios del Hogar,3732.0
32302,1986,2413,M,37,1995-04-04,46,Nachod,east Bohemia,ST,67953830,SIPO,Servicios del Hogar,5451.0
32303,1988,2416,F,44,1996-12-30,72,Olomouc,north Moravia,AB,21216631,SIPO,Servicios del Hogar,2671.0
32304,1989,2417,F,60,1994-09-21,48,Rychnov nad Kneznou,east Bohemia,MN,72876500,SIPO,Servicios del Hogar,1982.0
32305,1990,2418,F,45,1993-06-09,1,Hl.m. Praha,Prague,WX,24609065,SIPO,Servicios del Hogar,2168.0
32306,1991,2419,F,44,1996-11-16,1,Hl.m. Praha,Prague,ST,67935246,SIPO,Servicios del Hogar,2857.0
32307,1991,2419,F,44,1996-11-16,1,Hl.m. Praha,Prague,QR,67428964,SIN_ESPECIFICAR,Sin Especificar,4312.0
32308,1991,2419,F,44,1996-11-16,1,Hl.m. Praha,Prague,OP,45115184,POJISTNE,Pago de Seguros,341.0
32309,1992,2420,F,26,1997-09-27,48,Rychnov nad Kneznou,east Bohemia,AB,63505238,SIPO,Servicios del Hogar,4140.0
32310,1993,2422,F,22,1994-10-30,68,Frydek - Mistek,north Moravia,ST,35646581,UVER,Cuota de Prestamo,5700.0
32311,1994,2423,M,41,1995-07-19,42,Havlickuv Brod,east Bohemia,YZ,270581,SIPO,Servicios del Hogar,3962.0
32312,1994,2423,M,41,1995-07-19,42,Havlickuv Brod,east Bohemia,QR,84585159,SIN_ESPECIFICAR,Sin Especificar,706.0
32313,1994,2423,M,41,1995-07-19,42,Havlickuv Brod,east Bohemia,WX,14715516,POJISTNE,Pago de Seguros,18.0
32314,1994,2423,M,41,1995-07-19,42,Havlickuv Brod,east Bohemia,EF,9145510,SIN_ESPECIFICAR,Sin Especificar,43.0
32315,1995,2424,M,78,1997-07-18,54,Brno - mesto,south Moravia,QR,94729518,SIPO,Servicios del Hogar,2944.0
32316,1996,2425,F,21,1996-05-08,6,Kutna Hora,central Bohemia,GH,14449996,LEASING,Arrendamiento / Leasing,2396.0
32317,1997,2426,M,71,1996-09-05,74,Ostrava - mesto,north Moravia,AB,81057321,SIPO,Servicios del Hogar,581.0
32318,1997,2426,M,71,1996-09-05,74,Ostrava - mesto,north Moravia,OP,12751335,SIPO,Servicios del Hogar,1361.0
32319,1999,2429,M,25,1993-06-06,70,Karvina,north Moravia,EF,51544994,SIPO,Servicios del Hogar,2676.0
32320,1999,2429,M,25,1993-06-06,70,Karvina,north Moravia,EF,25691366,SIN_ESPECIFICAR,Sin Especificar,3778.0
32321,2000,2430,M,61,1997-08-06,5,Kolin,central Bohemia,YZ,79359417,SIPO,Servicios del Hogar,3318.0
32322,2000,2430,M,61,1997-08-06,5,Kolin,central Bohemia,GH,21546656,SIN_ESPECIFICAR,Sin Especificar,48.0
32323,2000,2430,M,61,1997-08-06,5,Kolin,central Bohemia,AB,32802260,POJISTNE,Pago de Seguros,14.0
32324,2000,2430,M,61,1997-08-06,5,Kolin,central Bohemia,KL,13970154,UVER,Cuota de Prestamo,4847.0
32325,2001,2431,M,32,1994-05-19,75,Prerov,north Moravia,MN,24125486,SIPO,Servicios del Hogar,12524.0
32326,2002,2432,F,74,1993-04-08,1,Hl.m. Praha,Prague,EF,59535497,SIPO,Servicios del Hogar,3688.0
32327,2003,2433,M,34,1995-11-27,32,Ceska Lipa,north Bohemia,GH,82628261,LEASING,Arrendamiento / Leasing,2127.0
32328,2004,2434,F,53,1996-08-04,42,Havlickuv Brod,east Bohemia,MN,4163760,SIPO,Servicios del Hogar,5472.0
32329,2005,2435,F,55,1997-05-11,16,Jindrichuv Hradec,south Bohemia,ST,7945675,SIPO,Servicios del Hogar,1924.0
32330,2005,2435,F,55,1997-05-11,16,Jindrichuv Hradec,south Bohemia,MN,85910385,SIN_ESPECIFICAR,Sin Especificar,141.0
32331,2005,2435,F,55,1997-05-11,16,Jindrichuv Hradec,south Bohemia,GH,61473250,POJISTNE,Pago de Seguros,209.0
32332,2006,2436,F,64,1997-06-16,25,Klatovy,west Bohemia,WX,41503340,SIPO,Servicios del Hogar,2764.0
32333,2006,2436,F,64,1997-06-16,25,Klatovy,west Bohemia,AB,73561632,SIPO,Servicios del Hogar,371.0
32334,2008,2438,F,52,1993-04-16,52,Usti nad Orlici,east Bohemia,AB,98016315,SIPO,Servicios del Hogar,543.0
32335,2008,2438,F,52,1993-04-16,52,Usti nad Orlici,east Bohemia,EF,16119492,SIN_ESPECIFICAR,Sin Especificar,3655.0
32336,2009,2440,M,63,1994-04-14,17,Pelhrimov,south Bohemia,WX,4761881,SIPO,Servicios del Hogar,2995.0
32337,2009,2440,M,63,1994-04-14,17,Pelhrimov,south Bohemia,MN,55095195,SIN_ESPECIFICAR,Sin Especificar,1268.0
32338,2010,2441,M,70,1993-12-27,1,Hl.m. Praha,Prague,KL,55216366,SIPO,Servicios del Hogar,3876.0
32339,2011,2443,M,49,1993-03-25,75,Prerov,north Moravia,YZ,51488196,SIPO,Servicios del Hogar,1726.0
32340,2011,2443,M,49,1993-03-25,75,Prerov,north Moravia,KL,32849800,SIN_ESPECIFICAR,Sin Especificar,272.0
32341,2011,2443,M,49,1993-03-25,75,Prerov,north Moravia,MN,36082929,POJISTNE,Pago de Seguros,12.0
32342,2012,2444,M,64,1996-04-08,4,Kladno,central Bohemia,IJ,87907689,SIPO,Servicios del Hogar,3844.0
32346,2015,2447,M,26,1995-11-25,68,Frydek - Mistek,north Moravia,UV,45701158,SIPO,Servicios del Hogar,4535.0
32347,2016,2449,M,31,1997-02-23,1,Hl.m. Praha,Prague,WX,59047102,SIPO,Servicios del Hogar,741.0
32348,2016,2449,M,31,1997-02-23,1,Hl.m. Praha,Prague,KL,14798927,SIN_ESPECIFICAR,Sin Especificar,1069.0
32349,2016,2449,M,31,1997-02-23,1,Hl.m. Praha,Prague,ST,81232386,POJISTNE,Pago de Seguros,157.0
32350,2017,2450,F,23,1996-02-21,54,Brno - mesto,south Moravia,UV,15796089,SIPO,Servicios del Hogar,1855.0
32351,2017,2450,F,23,1996-02-21,54,Brno - mesto,south Moravia,IJ,86340266,SIN_ESPECIFICAR,Sin Especificar,816.0
32352,2018,2451,M,59,1995-06-04,42,Havlickuv Brod,east Bohemia,WX,36951273,SIPO,Servicios del Hogar,3115.0
32353,2018,2451,M,59,1995-06-04,42,Havlickuv Brod,east Bohemia,ST,33088541,UVER,Cuota de Prestamo,3210.0
32354,2019,2452,F,46,1997-06-11,64,Zlin,south Moravia,GH,2328062,SIPO,Servicios del Hogar,1422.0
32355,2019,2452,F,46,1997-06-11,64,Zlin,south Moravia,AB,41162085,SIN_ESPECIFICAR,Sin Especificar,265.0
32356,2019,2452,F,46,1997-06-11,64,Zlin,south Moravia,OP,89666372,POJISTNE,Pago de Seguros,415.0
32357,2020,2453,M,74,1993-09-04,13,Rakovnik,central Bohemia,WX,37676316,SIPO,Servicios del Hogar,2329.0
32358,2022,2455,M,79,1993-06-11,72,Olomouc,north Moravia,MN,67742168,SIPO,Servicios del Hogar,1943.0
32359,2023,2457,M,58,1993-01-26,68,Frydek - Mistek,north Moravia,CD,12073362,SIPO,Servicios del Hogar,1687.0
32360,2023,2457,M,58,1993-01-26,68,Frydek - Mistek,north Moravia,YZ,90052854,SIN_ESPECIFICAR,Sin Especificar,4208.0
32361,2023,2457,M,58,1993-01-26,68,Frydek - Mistek,north Moravia,UV,74848830,POJISTNE,Pago de Seguros,1052.0
32362,2023,2457,M,58,1993-01-26,68,Frydek - Mistek,north Moravia,OP,19809311,SIN_ESPECIFICAR,Sin Especificar,1684.0
32363,2024,2459,F,24,1997-03-02,20,Strakonice,south Bohemia,EF,52183383,SIPO,Servicios del Hogar,7024.0
32364,2025,2460,F,35,1994-10-02,19,Prachatice,south Bohemia,OP,27186978,SIPO,Servicios del Hogar,6704.0
32365,2026,2461,M,31,1996-09-14,64,Zlin,south Moravia,WX,61090582,SIPO,Servicios del Hogar,1943.0
32366,2026,2461,M,31,1996-09-14,64,Zlin,south Moravia,YZ,17594266,SIN_ESPECIFICAR,Sin Especificar,3387.0
32367,2027,2462,M,64,1994-11-28,19,Prachatice,south Bohemia,AB,28182983,SIPO,Servicios del Hogar,3476.0
32368,2030,2465,M,25,1994-09-13,51,Trutnov,east Bohemia,CD,8332980,SIPO,Servicios del Hogar,4325.0
32371,2032,2467,F,52,1996-11-14,36,Liberec,north Bohemia,KL,81025844,SIPO,Servicios del Hogar,2873.0
32372,2032,2467,F,52,1996-11-14,36,Liberec,north Bohemia,QR,61507683,SIN_ESPECIFICAR,Sin Especificar,225.0
32373,2032,2467,F,52,1996-11-14,36,Liberec,north Bohemia,KL,53290563,POJISTNE,Pago de Seguros,690.0
32374,2032,2467,F,52,1996-11-14,36,Liberec,north Bohemia,IJ,51595652,SIN_ESPECIFICAR,Sin Especificar,1441.0
32375,2033,2468,M,33,1996-03-20,71,Novy Jicin,north Moravia,MN,78654551,SIPO,Servicios del Hogar,4274.0
32376,2034,2469,F,41,1996-08-21,54,Brno - mesto,south Moravia,OP,92716079,SIPO,Servicios del Hogar,8744.0
32377,2035,2470,M,55,1996-05-10,53,Blansko,south Moravia,WX,13259464,UVER,Cuota de Prestamo,4898.0
32378,2035,2470,M,55,1996-05-10,53,Blansko,south Moravia,GH,67583274,SIPO,Servicios del Hogar,8404.0
32379,2035,2470,M,55,1996-05-10,53,Blansko,south Moravia,CD,27185577,SIN_ESPECIFICAR,Sin Especificar,917.0
32380,2035,2470,M,55,1996-05-10,53,Blansko,south Moravia,EF,38668644,POJISTNE,Pago de Seguros,121.0
32381,2035,2470,M,55,1996-05-10,53,Blansko,south Moravia,WX,54719960,SIN_ESPECIFICAR,Sin Especificar,93.0
32382,2037,2473,F,22,1993-05-06,20,Strakonice,south Bohemia,GH,62236136,SIPO,Servicios del Hogar,762.0
32383,2037,2473,F,22,1993-05-06,20,Strakonice,south Bohemia,CD,40179944,SIN_ESPECIFICAR,Sin Especificar,8535.0
32384,2038,2474,M,41,1993-08-06,42,Havlickuv Brod,east Bohemia,KL,62453108,SIPO,Servicios del Hogar,1580.0
32385,2038,2474,M,41,1993-08-06,42,Havlickuv Brod,east Bohemia,CD,20491111,SIN_ESPECIFICAR,Sin Especificar,2062.0
32386,2040,2476,F,41,1996-06-25,75,Prerov,north Moravia,UV,19336450,SIPO,Servicios del Hogar,5262.0
32387,2042,2479,F,39,1997-02-12,31,Tachov,west Bohemia,YZ,33737266,SIPO,Servicios del Hogar,1258.0
32388,2042,2479,F,39,1997-02-12,31,Tachov,west Bohemia,IJ,24157494,SIN_ESPECIFICAR,Sin Especificar,1008.0
32389,2043,2480,F,22,1995-11-27,46,Nachod,east Bohemia,QR,39356404,SIPO,Servicios del Hogar,4366.0
32390,2044,2481,M,50,1994-11-23,6,Kutna Hora,central Bohemia,IJ,24649983,SIPO,Servicios del Hogar,8417.0
32391,2044,2481,M,50,1994-11-23,6,Kutna Hora,central Bohemia,UV,64375972,LEASING,Arrendamiento / Leasing,861.0
32392,2045,2482,M,73,1996-09-09,34,Chomutov,north Bohemia,EF,65556877,SIPO,Servicios del Hogar,1536.0
32393,2046,2484,M,29,1996-10-17,68,Frydek - Mistek,north Moravia,KL,85085910,SIPO,Servicios del Hogar,426.0
32394,2046,2484,M,29,1996-10-17,68,Frydek - Mistek,north Moravia,EF,49969434,SIN_ESPECIFICAR,Sin Especificar,1647.0
32395,2047,2485,M,65,1995-02-21,20,Strakonice,south Bohemia,AB,49330854,SIPO,Servicios del Hogar,2670.0
32396,2048,2486,F,37,1997-03-30,76,Sumperk,north Moravia,UV,69120418,SIPO,Servicios del Hogar,2525.0
32397,2048,2486,F,37,1997-03-30,76,Sumperk,north Moravia,KL,96522324,SIN_ESPECIFICAR,Sin Especificar,1466.0
32398,2048,2486,F,37,1997-03-30,76,Sumperk,north Moravia,GH,58051741,LEASING,Arrendamiento / Leasing,1017.0
32399,2049,2487,F,31,1997-12-19,67,Bruntal,north Moravia,AB,66625147,SIPO,Servicios del Hogar,4854.0
32400,2049,2487,F,31,1997-12-19,67,Bruntal,north Moravia,GH,14193714,SIN_ESPECIFICAR,Sin Especificar,1037.0
32401,2050,2488,F,18,1993-10-22,1,Hl.m. Praha,Prague,OP,79913246,SIPO,Servicios del Hogar,3564.0
32402,2050,2488,F,18,1993-10-22,1,Hl.m. Praha,Prague,WX,28735864,SIN_ESPECIFICAR,Sin Especificar,5542.0
32403,2050,2488,F,18,1993-10-22,1,Hl.m. Praha,Prague,WX,44012415,POJISTNE,Pago de Seguros,197.0
32404,2050,2488,F,18,1993-10-22,1,Hl.m. Praha,Prague,KL,89135688,SIN_ESPECIFICAR,Sin Especificar,401.0
32405,2051,2489,F,23,1995-11-08,64,Zlin,south Moravia,UV,74274343,UVER,Cuota de Prestamo,4898.0
32406,2052,2490,F,37,1993-10-20,61,Trebic,south Moravia,EF,4608887,SIPO,Servicios del Hogar,4278.0
32407,2052,2490,F,37,1993-10-20,61,Trebic,south Moravia,GH,20415777,SIN_ESPECIFICAR,Sin Especificar,72.0
32408,2052,2490,F,37,1993-10-20,61,Trebic,south Moravia,OP,20428276,POJISTNE,Pago de Seguros,263.0
32409,2052,2490,F,37,1993-10-20,61,Trebic,south Moravia,CD,77256530,LEASING,Arrendamiento / Leasing,1799.0
32410,2053,2491,F,59,1997-10-16,5,Kolin,central Bohemia,UV,22726750,SIPO,Servicios del Hogar,4409.0
32411,2054,2493,M,36,1995-01-24,1,Hl.m. Praha,Prague,ST,18836146,SIPO,Servicios del Hogar,1488.0
32412,2054,2493,M,36,1995-01-24,1,Hl.m. Praha,Prague,CD,30685097,SIN_ESPECIFICAR,Sin Especificar,4448.0
32413,2054,2493,M,36,1995-01-24,1,Hl.m. Praha,Prague,UV,2714741,POJISTNE,Pago de Seguros,2802.0
32414,2055,2494,M,27,1997-04-17,37,Litomerice,north Bohemia,WX,8321655,SIPO,Servicios del Hogar,6844.0
32415,2055,2494,M,27,1997-04-17,37,Litomerice,north Bohemia,KL,87599461,UVER,Cuota de Prestamo,4521.0
32416,2057,2496,M,26,1997-06-20,1,Hl.m. Praha,Prague,OP,70669543,SIPO,Servicios del Hogar,3573.0
32417,2057,2496,M,26,1997-06-20,1,Hl.m. Praha,Prague,YZ,1773274,SIN_ESPECIFICAR,Sin Especificar,970.0
32418,2057,2496,M,26,1997-06-20,1,Hl.m. Praha,Prague,KL,24007451,POJISTNE,Pago de Seguros,769.0
32419,2057,2496,M,26,1997-06-20,1,Hl.m. Praha,Prague,AB,71481627,SIN_ESPECIFICAR,Sin Especificar,102.0
32420,2058,2497,F,36,1996-09-09,34,Chomutov,north Bohemia,ST,74001115,SIPO,Servicios del Hogar,2564.0
32421,2058,2497,F,36,1996-09-09,34,Chomutov,north Bohemia,ST,17455786,SIN_ESPECIFICAR,Sin Especificar,131.0
32422,2058,2497,F,36,1996-09-09,34,Chomutov,north Bohemia,YZ,6131786,POJISTNE,Pago de Seguros,5.0
32423,2058,2497,F,36,1996-09-09,34,Chomutov,north Bohemia,IJ,17472982,SIN_ESPECIFICAR,Sin Especificar,2.0
32424,2060,2499,M,54,1996-12-05,13,Rakovnik,central Bohemia,WX,37982398,SIPO,Servicios del Hogar,7523.0
32425,2061,2500,F,52,1993-05-12,24,Karlovy Vary,west Bohemia,QR,55974131,SIPO,Servicios del Hogar,1994.0
32426,2061,2500,F,52,1993-05-12,24,Karlovy Vary,west Bohemia,OP,78724276,SIN_ESPECIFICAR,Sin Especificar,675.0
32427,2062,2501,F,58,1996-03-06,70,Karvina,north Moravia,QR,97387158,UVER,Cuota de Prestamo,7183.0
32428,2062,2501,F,58,1996-03-06,70,Karvina,north Moravia,ST,30643040,SIPO,Servicios del Hogar,107.0
32429,2062,2501,F,58,1996-03-06,70,Karvina,north Moravia,YZ,28156739,SIN_ESPECIFICAR,Sin Especificar,3136.0
32430,2063,2502,F,63,1993-12-04,1,Hl.m. Praha,Prague,YZ,7305825,SIPO,Servicios del Hogar,1542.0
32431,2064,2503,F,21,1996-12-30,54,Brno - mesto,south Moravia,EF,1838881,UVER,Cuota de Prestamo,2323.0
32432,2065,2504,M,48,1996-08-28,61,Trebic,south Moravia,OP,16683084,SIPO,Servicios del Hogar,3075.0
32433,2066,2505,F,38,1996-08-07,25,Klatovy,west Bohemia,WX,35182011,SIPO,Servicios del Hogar,2319.0
32434,2068,2507,F,46,1993-06-02,21,Tabor,south Bohemia,QR,33975577,SIPO,Servicios del Hogar,172.0
32435,2068,2507,F,46,1993-06-02,21,Tabor,south Bohemia,WX,6661606,SIN_ESPECIFICAR,Sin Especificar,1405.0
32436,2068,2507,F,46,1993-06-02,21,Tabor,south Bohemia,OP,17151004,POJISTNE,Pago de Seguros,1047.0
32437,2069,2508,F,33,1997-10-08,72,Olomouc,north Moravia,YZ,91279679,SIPO,Servicios del Hogar,484.0
32438,2069,2508,F,33,1997-10-08,72,Olomouc,north Moravia,CD,57790952,SIN_ESPECIFICAR,Sin Especificar,2223.0
32439,2069,2508,F,33,1997-10-08,72,Olomouc,north Moravia,MN,75770503,POJISTNE,Pago de Seguros,2108.0
32440,2069,2508,F,33,1997-10-08,72,Olomouc,north Moravia,YZ,80550372,SIN_ESPECIFICAR,Sin Especificar,118.0
32441,2070,2510,F,39,1993-01-29,72,Olomouc,north Moravia,QR,36406797,SIPO,Servicios del Hogar,8092.0
32442,2071,2511,F,23,1997-05-08,35,Jablonec n. Nisou,north Bohemia,ST,19791907,SIPO,Servicios del Hogar,125.0
32443,2071,2511,F,23,1997-05-08,35,Jablonec n. Nisou,north Bohemia,WX,44377255,SIN_ESPECIFICAR,Sin Especificar,3093.0
32444,2072,2513,M,57,1993-10-17,41,Usti nad Labem,north Bohemia,QR,48987203,SIPO,Servicios del Hogar,6746.0
32445,2073,2514,M,41,1997-08-14,59,Kromeriz,south Moravia,KL,67186093,UVER,Cuota de Prestamo,1860.0
32446,2074,2515,M,40,1996-02-18,12,Pribram,central Bohemia,ST,88473778,SIPO,Servicios del Hogar,2354.0
32447,2074,2515,M,40,1996-02-18,12,Pribram,central Bohemia,EF,58509194,SIN_ESPECIFICAR,Sin Especificar,2568.0
32448,2075,2516,F,56,1996-01-01,33,Decin,north Bohemia,KL,26600021,SIPO,Servicios del Hogar,589.0
32449,2075,2516,F,56,1996-01-01,33,Decin,north Bohemia,OP,56678074,SIN_ESPECIFICAR,Sin Especificar,992.0
32450,2075,2516,F,56,1996-01-01,33,Decin,north Bohemia,UV,65491747,POJISTNE,Pago de Seguros,619.0
32451,2076,2517,M,74,1996-09-17,18,Pisek,south Bohemia,OP,71402716,SIPO,Servicios del Hogar,382.0
32452,2076,2517,M,74,1996-09-17,18,Pisek,south Bohemia,OP,3638083,SIPO,Servicios del Hogar,1670.0
32453,2078,2520,M,54,1993-07-08,62,Uherske Hradiste,south Moravia,GH,3833902,SIPO,Servicios del Hogar,3598.0
32454,2080,2522,M,61,1997-04-27,74,Ostrava - mesto,north Moravia,UV,34001827,UVER,Cuota de Prestamo,5961.0
32455,2080,2522,M,61,1997-04-27,74,Ostrava - mesto,north Moravia,UV,62451505,SIPO,Servicios del Hogar,13628.0
32456,2081,2524,M,39,1997-07-02,36,Liberec,north Bohemia,AB,25160008,SIPO,Servicios del Hogar,2028.0
32457,2082,2525,F,46,1993-09-03,36,Liberec,north Bohemia,CD,31757211,SIPO,Servicios del Hogar,822.0
32458,2082,2525,F,46,1993-09-03,36,Liberec,north Bohemia,CD,92538064,SIN_ESPECIFICAR,Sin Especificar,1782.0
32459,2082,2525,F,46,1993-09-03,36,Liberec,north Bohemia,YZ,18167418,POJISTNE,Pago de Seguros,5187.0
32460,2083,2526,M,34,1996-09-28,1,Hl.m. Praha,Prague,WX,89846694,SIPO,Servicios del Hogar,8282.0
32461,2084,2527,F,51,1996-09-08,44,Chrudim,east Bohemia,YZ,30369031,SIPO,Servicios del Hogar,4554.0
32462,2085,2528,M,21,1997-02-13,25,Klatovy,west Bohemia,AB,3505379,SIPO,Servicios del Hogar,2124.0
32463,2085,2528,M,21,1997-02-13,25,Klatovy,west Bohemia,UV,94459324,SIN_ESPECIFICAR,Sin Especificar,305.0
32464,2085,2528,M,21,1997-02-13,25,Klatovy,west Bohemia,IJ,30590856,POJISTNE,Pago de Seguros,4045.0
32465,2087,2530,M,48,1993-01-08,7,Melnik,central Bohemia,IJ,28660744,LEASING,Arrendamiento / Leasing,4620.0
32466,2088,2531,F,44,1993-07-28,4,Kladno,central Bohemia,AB,86339223,SIPO,Servicios del Hogar,3240.0
32469,2090,2533,F,69,1996-11-26,40,Teplice,north Bohemia,UV,78000944,SIPO,Servicios del Hogar,3532.0
32470,2092,2535,M,53,1994-04-29,1,Hl.m. Praha,Prague,KL,8791333,SIPO,Servicios del Hogar,7598.0
32471,2094,2537,M,41,1996-08-23,73,Opava,north Moravia,ST,94971048,SIPO,Servicios del Hogar,2288.0
32472,2096,2539,F,26,1995-06-17,32,Ceska Lipa,north Bohemia,WX,16533756,SIPO,Servicios del Hogar,3731.0
32473,2096,2539,F,26,1995-06-17,32,Ceska Lipa,north Bohemia,UV,38005286,SIN_ESPECIFICAR,Sin Especificar,5441.0
32478,2101,2545,F,45,1996-08-04,9,Nymburk,central Bohemia,MN,28222400,SIPO,Servicios del Hogar,987.0
32479,2101,2545,F,45,1996-08-04,9,Nymburk,central Bohemia,AB,83940368,SIN_ESPECIFICAR,Sin Especificar,600.0
32480,2101,2545,F,45,1996-08-04,9,Nymburk,central Bohemia,IJ,57205212,POJISTNE,Pago de Seguros,722.0
32481,2102,2546,F,37,1996-08-05,41,Usti nad Labem,north Bohemia,KL,57302659,SIPO,Servicios del Hogar,5662.0
32482,2102,2546,F,37,1996-08-05,41,Usti nad Labem,north Bohemia,QR,30830097,SIN_ESPECIFICAR,Sin Especificar,1835.0
32483,2103,2547,F,45,1997-02-01,48,Rychnov nad Kneznou,east Bohemia,IJ,66471505,SIPO,Servicios del Hogar,1482.0
32484,2103,2547,F,45,1997-02-01,48,Rychnov nad Kneznou,east Bohemia,EF,60364776,SIN_ESPECIFICAR,Sin Especificar,2211.0
32485,2104,2548,M,45,1996-06-12,48,Rychnov nad Kneznou,east Bohemia,QR,61960321,SIPO,Servicios del Hogar,6927.0
32486,2105,2549,F,75,1996-03-09,70,Karvina,north Moravia,EF,57194727,SIPO,Servicios del Hogar,1546.0
32487,2106,2550,F,22,1996-02-01,1,Hl.m. Praha,Prague,IJ,64902251,SIPO,Servicios del Hogar,3468.0
32488,2106,2550,F,22,1996-02-01,1,Hl.m. Praha,Prague,KL,14528537,UVER,Cuota de Prestamo,8460.0
32489,2107,2551,F,59,1996-11-09,70,Karvina,north Moravia,YZ,60404908,SIPO,Servicios del Hogar,6395.0
32490,2107,2551,F,59,1996-11-09,70,Karvina,north Moravia,ST,32207316,SIN_ESPECIFICAR,Sin Especificar,663.0
32491,2108,2552,F,34,1996-07-06,74,Ostrava - mesto,north Moravia,WX,52307826,SIPO,Servicios del Hogar,5974.0
32492,2110,2554,M,57,1993-02-23,64,Zlin,south Moravia,OP,16387468,SIPO,Servicios del Hogar,2050.0
32493,2111,2555,M,35,1995-01-25,42,Havlickuv Brod,east Bohemia,AB,14447975,LEASING,Arrendamiento / Leasing,4620.0
32494,2112,2556,F,47,1996-07-12,44,Chrudim,east Bohemia,UV,22188127,SIPO,Servicios del Hogar,4788.0
32495,2114,2558,M,39,1996-08-11,30,Sokolov,west Bohemia,UV,20697045,SIPO,Servicios del Hogar,5102.0
32496,2114,2558,M,39,1996-08-11,30,Sokolov,west Bohemia,CD,42759567,SIN_ESPECIFICAR,Sin Especificar,1742.0
32497,2115,2559,F,33,1996-12-05,8,Mlada Boleslav,central Bohemia,UV,74184041,SIPO,Servicios del Hogar,1940.0
32498,2116,2560,F,24,1996-05-02,70,Karvina,north Moravia,EF,68418848,UVER,Cuota de Prestamo,7700.0
32499,2116,2560,F,24,1996-05-02,70,Karvina,north Moravia,EF,86869412,SIPO,Servicios del Hogar,1307.0
32500,2116,2560,F,24,1996-05-02,70,Karvina,north Moravia,QR,59543710,SIN_ESPECIFICAR,Sin Especificar,3407.0
32501,2117,2561,M,53,1996-08-07,48,Rychnov nad Kneznou,east Bohemia,GH,72168028,SIPO,Servicios del Hogar,7786.0
32502,2118,2562,M,46,1997-05-11,42,Havlickuv Brod,east Bohemia,YZ,74920552,SIPO,Servicios del Hogar,9871.0
32503,2119,2563,M,27,1995-09-21,74,Ostrava - mesto,north Moravia,QR,40626055,SIPO,Servicios del Hogar,5688.0
32509,2121,2565,M,52,1994-12-05,64,Zlin,south Moravia,ST,58488207,SIPO,Servicios del Hogar,2625.0
32510,2121,2565,M,52,1994-12-05,64,Zlin,south Moravia,CD,4398906,SIN_ESPECIFICAR,Sin Especificar,3382.0
32511,2122,2566,F,35,1993-01-08,68,Frydek - Mistek,north Moravia,UV,7883274,SIPO,Servicios del Hogar,7663.0
32512,2123,2567,M,55,1993-07-26,64,Zlin,south Moravia,EF,18685001,SIPO,Servicios del Hogar,2141.0
32513,2124,2569,M,50,1993-02-20,69,Jesenik,north Moravia,QR,46953344,SIPO,Servicios del Hogar,5207.0
32514,2124,2569,M,50,1993-02-20,69,Jesenik,north Moravia,KL,31666642,SIN_ESPECIFICAR,Sin Especificar,287.0
32515,2125,2571,F,19,1997-11-20,43,Hradec Kralove,east Bohemia,UV,70317023,SIPO,Servicios del Hogar,3225.0
32516,2127,2573,F,33,1997-05-09,1,Hl.m. Praha,Prague,EF,24088090,SIPO,Servicios del Hogar,1995.0
32517,2128,2574,F,66,1993-12-10,22,Domazlice,west Bohemia,OP,30310547,SIPO,Servicios del Hogar,3601.0
32522,2131,2577,M,80,1996-07-11,70,Karvina,north Moravia,YZ,249672,SIPO,Servicios del Hogar,2560.0
32523,2131,2577,M,80,1996-07-11,70,Karvina,north Moravia,WX,91249781,SIPO,Servicios del Hogar,957.0
32524,2133,2579,F,63,1997-10-07,11,Praha - zapad,central Bohemia,QR,57979929,SIPO,Servicios del Hogar,2143.0
32525,2134,2581,F,45,1996-08-06,52,Usti nad Orlici,east Bohemia,AB,67233997,SIPO,Servicios del Hogar,3118.0
32526,2134,2581,F,45,1996-08-06,52,Usti nad Orlici,east Bohemia,WX,15210831,SIN_ESPECIFICAR,Sin Especificar,641.0
32527,2134,2581,F,45,1996-08-06,52,Usti nad Orlici,east Bohemia,MN,47395515,UVER,Cuota de Prestamo,637.0
32528,2135,2582,M,60,1997-06-17,51,Trutnov,east Bohemia,KL,89391642,SIPO,Servicios del Hogar,2740.0
32529,2135,2582,M,60,1997-06-17,51,Trutnov,east Bohemia,QR,91295229,SIN_ESPECIFICAR,Sin Especificar,4101.0
32530,2137,2584,F,54,1993-08-17,4,Kladno,central Bohemia,KL,97860681,LEASING,Arrendamiento / Leasing,1959.0
32531,2138,2585,F,27,1997-08-11,75,Prerov,north Moravia,UV,60928738,SIPO,Servicios del Hogar,9788.0
32532,2139,2586,M,32,1995-06-09,8,Mlada Boleslav,central Bohemia,IJ,36101162,SIPO,Servicios del Hogar,2154.0
32533,2139,2586,M,32,1995-06-09,8,Mlada Boleslav,central Bohemia,GH,92438989,SIN_ESPECIFICAR,Sin Especificar,4737.0
32534,2139,2586,M,32,1995-06-09,8,Mlada Boleslav,central Bohemia,MN,30308371,POJISTNE,Pago de Seguros,6275.0
32535,2140,2588,M,40,1993-10-21,75,Prerov,north Moravia,WX,27352017,SIPO,Servicios del Hogar,2318.0
32536,2141,2589,M,35,1997-05-09,21,Tabor,south Bohemia,UV,77834790,SIPO,Servicios del Hogar,5796.0
32537,2142,2590,F,34,1997-09-01,42,Havlickuv Brod,east Bohemia,YZ,3758663,SIPO,Servicios del Hogar,9768.0
32538,2142,2590,F,34,1997-09-01,42,Havlickuv Brod,east Bohemia,OP,47238999,UVER,Cuota de Prestamo,1944.0
32539,2143,2592,F,18,1996-01-13,1,Hl.m. Praha,Prague,MN,66855954,SIPO,Servicios del Hogar,7264.0
32540,2143,2592,F,18,1996-01-13,1,Hl.m. Praha,Prague,OP,18297326,UVER,Cuota de Prestamo,1985.0
32545,2146,2596,M,37,1993-06-05,31,Tachov,west Bohemia,UV,75200062,SIPO,Servicios del Hogar,2400.0
32546,2146,2596,M,37,1993-06-05,31,Tachov,west Bohemia,AB,64262807,SIN_ESPECIFICAR,Sin Especificar,3230.0
32547,2147,2597,F,29,1996-07-10,28,Plzen - sever,west Bohemia,MN,42237263,SIPO,Servicios del Hogar,2965.0
32548,2147,2597,F,29,1996-07-10,28,Plzen - sever,west Bohemia,WX,37541866,LEASING,Arrendamiento / Leasing,1341.0
32549,2148,2599,M,52,1995-09-22,1,Hl.m. Praha,Prague,QR,41176962,SIPO,Servicios del Hogar,2301.0
32550,2148,2599,M,52,1995-09-22,1,Hl.m. Praha,Prague,MN,6842810,SIN_ESPECIFICAR,Sin Especificar,69.0
32551,2149,2600,F,75,1996-08-11,7,Melnik,central Bohemia,MN,14587313,SIPO,Servicios del Hogar,2536.0
32552,2150,2601,M,37,1993-09-12,37,Litomerice,north Bohemia,AB,37624383,SIPO,Servicios del Hogar,2019.0
32553,2151,2603,F,26,1995-02-08,38,Louny,north Bohemia,YZ,35530597,SIPO,Servicios del Hogar,5286.0
32554,2151,2603,F,26,1995-02-08,38,Louny,north Bohemia,GH,97779327,SIN_ESPECIFICAR,Sin Especificar,1227.0
32555,2151,2603,F,26,1995-02-08,38,Louny,north Bohemia,AB,65584575,POJISTNE,Pago de Seguros,223.0
32556,2152,2604,M,72,1997-10-23,22,Domazlice,west Bohemia,QR,56643396,SIPO,Servicios del Hogar,3191.0
32557,2153,2606,M,55,1996-01-07,31,Tachov,west Bohemia,IJ,28541732,UVER,Cuota de Prestamo,5130.0
32558,2153,2606,M,55,1996-01-07,31,Tachov,west Bohemia,KL,60141891,SIPO,Servicios del Hogar,1737.0
32559,2153,2606,M,55,1996-01-07,31,Tachov,west Bohemia,CD,79112446,SIN_ESPECIFICAR,Sin Especificar,10303.0
32560,2153,2606,M,55,1996-01-07,31,Tachov,west Bohemia,AB,94730412,POJISTNE,Pago de Seguros,2223.0
32561,2154,2607,M,55,1994-04-21,63,Vyskov,south Moravia,AB,22301203,SIPO,Servicios del Hogar,2126.0
32562,2155,2608,F,55,1994-06-08,58,Jihlava,south Moravia,IJ,66442948,SIPO,Servicios del Hogar,735.0
32563,2155,2608,F,55,1994-06-08,58,Jihlava,south Moravia,ST,23068177,SIN_ESPECIFICAR,Sin Especificar,1534.0
32564,2156,2609,M,21,1996-09-11,1,Hl.m. Praha,Prague,WX,3410566,SIPO,Servicios del Hogar,9921.0
32565,2157,2611,M,60,1995-11-08,77,Vsetin,north Moravia,EF,96798324,SIPO,Servicios del Hogar,9094.0
32566,2159,2613,M,21,1996-01-01,1,Hl.m. Praha,Prague,CD,89892041,SIPO,Servicios del Hogar,1118.0
32567,2159,2613,M,21,1996-01-01,1,Hl.m. Praha,Prague,AB,91621130,SIN_ESPECIFICAR,Sin Especificar,7601.0
32568,2160,2614,M,52,1996-11-10,72,Olomouc,north Moravia,KL,74125879,SIPO,Servicios del Hogar,6084.0
32569,2161,2615,F,53,1993-12-30,15,Cesky Krumlov,south Bohemia,CD,11111456,SIPO,Servicios del Hogar,2770.0
32570,2161,2615,F,53,1993-12-30,15,Cesky Krumlov,south Bohemia,WX,86137514,SIN_ESPECIFICAR,Sin Especificar,1068.0
32571,2162,2616,M,28,1997-11-21,50,Svitavy,east Bohemia,UV,68998408,SIPO,Servicios del Hogar,8468.0
32572,2163,2618,M,56,1995-01-05,17,Pelhrimov,south Bohemia,KL,45403152,SIPO,Servicios del Hogar,2403.0
32573,2163,2618,M,56,1995-01-05,17,Pelhrimov,south Bohemia,ST,64506924,SIN_ESPECIFICAR,Sin Especificar,2791.0
32574,2164,2619,F,29,1996-09-12,63,Vyskov,south Moravia,WX,68996095,SIPO,Servicios del Hogar,7552.0
32575,2165,2621,M,42,1997-04-08,51,Trutnov,east Bohemia,CD,40212154,UVER,Cuota de Prestamo,3275.0
32576,2165,2621,M,42,1997-04-08,51,Trutnov,east Bohemia,IJ,83407926,SIPO,Servicios del Hogar,12493.0
32577,2166,2622,M,25,1997-04-12,71,Novy Jicin,north Moravia,YZ,4978508,SIPO,Servicios del Hogar,262.0
32578,2166,2622,M,25,1997-04-12,71,Novy Jicin,north Moravia,ST,84241741,SIN_ESPECIFICAR,Sin Especificar,991.0
32579,2166,2622,M,25,1997-04-12,71,Novy Jicin,north Moravia,UV,73421168,POJISTNE,Pago de Seguros,5263.0
32580,2167,2623,F,33,1993-08-08,16,Jindrichuv Hradec,south Bohemia,IJ,18770349,SIPO,Servicios del Hogar,5922.0
32581,2167,2623,F,33,1993-08-08,16,Jindrichuv Hradec,south Bohemia,QR,38404792,UVER,Cuota de Prestamo,7094.0
32586,2169,2625,M,26,1997-07-09,57,Hodonin,south Moravia,AB,49559926,SIPO,Servicios del Hogar,6235.0
32587,2169,2625,M,26,1997-07-09,57,Hodonin,south Moravia,QR,71835785,SIN_ESPECIFICAR,Sin Especificar,875.0
32588,2169,2625,M,26,1997-07-09,57,Hodonin,south Moravia,MN,98909568,LEASING,Arrendamiento / Leasing,1530.0
32589,2170,2626,M,58,1994-05-19,1,Hl.m. Praha,Prague,KL,69894355,SIPO,Servicios del Hogar,4838.0
32590,2170,2626,M,58,1994-05-19,1,Hl.m. Praha,Prague,YZ,60630810,SIN_ESPECIFICAR,Sin Especificar,1468.0
32591,2170,2626,M,58,1994-05-19,1,Hl.m. Praha,Prague,MN,6311643,POJISTNE,Pago de Seguros,6011.0
32594,2172,2628,F,67,1997-09-02,1,Hl.m. Praha,Prague,KL,8108789,SIPO,Servicios del Hogar,3413.0
32595,2173,2630,F,61,1997-05-02,64,Zlin,south Moravia,WX,74140065,SIPO,Servicios del Hogar,1951.0
32596,2174,2631,M,28,1997-10-24,18,Pisek,south Bohemia,OP,97218501,SIPO,Servicios del Hogar,4367.0
32597,2176,2635,F,32,1993-06-06,67,Bruntal,north Moravia,MN,81908911,UVER,Cuota de Prestamo,8308.0
32598,2176,2635,F,32,1993-06-06,67,Bruntal,north Moravia,KL,62845337,SIPO,Servicios del Hogar,1085.0
32599,2176,2635,F,32,1993-06-06,67,Bruntal,north Moravia,EF,57953965,SIN_ESPECIFICAR,Sin Especificar,5135.0
32600,2177,2636,M,80,1993-01-04,62,Uherske Hradiste,south Moravia,QR,5411524,SIPO,Servicios del Hogar,3168.0
32601,2178,2637,M,63,1995-05-15,64,Zlin,south Moravia,ST,96580969,SIPO,Servicios del Hogar,7959.0
32602,2179,2638,M,56,1994-01-14,1,Hl.m. Praha,Prague,CD,2150762,SIPO,Servicios del Hogar,2386.0
32603,2179,2638,M,56,1994-01-14,1,Hl.m. Praha,Prague,OP,48367720,SIN_ESPECIFICAR,Sin Especificar,3650.0
32604,2179,2638,M,56,1994-01-14,1,Hl.m. Praha,Prague,YZ,6092787,POJISTNE,Pago de Seguros,240.0
32605,2179,2638,M,56,1994-01-14,1,Hl.m. Praha,Prague,OP,22667289,SIN_ESPECIFICAR,Sin Especificar,78.0
32609,2182,2642,M,25,1997-07-12,22,Domazlice,west Bohemia,OP,88771032,SIPO,Servicios del Hogar,5262.0
32610,2184,2644,F,34,1997-05-07,6,Kutna Hora,central Bohemia,IJ,59498178,SIPO,Servicios del Hogar,3165.0
32611,2185,2645,M,78,1995-01-18,67,Bruntal,north Moravia,MN,23456716,SIPO,Servicios del Hogar,2004.0
32612,2186,2646,F,61,1993-07-07,63,Vyskov,south Moravia,ST,33835828,SIPO,Servicios del Hogar,2283.0
32613,2187,2647,M,58,1996-02-26,9,Nymburk,central Bohemia,WX,29976457,UVER,Cuota de Prestamo,4456.0
32617,2189,2650,M,23,1993-04-22,75,Prerov,north Moravia,UV,89534949,SIPO,Servicios del Hogar,1449.0
32618,2189,2650,M,23,1993-04-22,75,Prerov,north Moravia,WX,36365342,SIN_ESPECIFICAR,Sin Especificar,704.0
32619,2189,2650,M,23,1993-04-22,75,Prerov,north Moravia,AB,32410866,POJISTNE,Pago de Seguros,2803.0
32620,2190,2652,F,49,1996-06-04,41,Usti nad Labem,north Bohemia,WX,48310,SIPO,Servicios del Hogar,3649.0
32621,2190,2652,F,49,1996-06-04,41,Usti nad Labem,north Bohemia,ST,90605234,SIN_ESPECIFICAR,Sin Especificar,1490.0
32622,2190,2652,F,49,1996-06-04,41,Usti nad Labem,north Bohemia,EF,37804508,POJISTNE,Pago de Seguros,2782.0
32623,2191,2653,M,48,1996-08-08,1,Hl.m. Praha,Prague,MN,83969157,SIPO,Servicios del Hogar,6762.0
32624,2192,2654,F,59,1996-03-22,59,Kromeriz,south Moravia,CD,7238287,SIPO,Servicios del Hogar,5743.0
32625,2192,2654,F,59,1996-03-22,59,Kromeriz,south Moravia,KL,25682276,SIN_ESPECIFICAR,Sin Especificar,7.0
32626,2192,2654,F,59,1996-03-22,59,Kromeriz,south Moravia,ST,21958375,POJISTNE,Pago de Seguros,1428.0
32627,2192,2654,F,59,1996-03-22,59,Kromeriz,south Moravia,AB,96580189,LEASING,Arrendamiento / Leasing,1852.0
32628,2193,2655,M,35,1996-11-03,44,Chrudim,east Bohemia,UV,47578817,SIPO,Servicios del Hogar,3424.0
32629,2194,2656,M,43,1997-02-25,54,Brno - mesto,south Moravia,EF,28507352,SIPO,Servicios del Hogar,9386.0
32630,2196,2658,M,65,1997-07-24,11,Praha - zapad,central Bohemia,IJ,33944320,SIPO,Servicios del Hogar,2160.0
32631,2197,2659,M,57,1997-07-26,46,Nachod,east Bohemia,YZ,97071992,SIPO,Servicios del Hogar,8524.0
32635,2199,2661,F,37,1993-08-04,1,Hl.m. Praha,Prague,UV,58226454,SIPO,Servicios del Hogar,668.0
32636,2199,2661,F,37,1993-08-04,1,Hl.m. Praha,Prague,AB,99790232,SIN_ESPECIFICAR,Sin Especificar,1830.0
32637,2200,2662,M,20,1997-06-26,1,Hl.m. Praha,Prague,GH,7693958,LEASING,Arrendamiento / Leasing,397.0
32638,2201,2663,M,22,1993-10-05,8,Mlada Boleslav,central Bohemia,IJ,47068661,SIPO,Servicios del Hogar,1357.0
32639,2201,2663,M,22,1993-10-05,8,Mlada Boleslav,central Bohemia,CD,42079347,SIN_ESPECIFICAR,Sin Especificar,391.0
32640,2201,2663,M,22,1993-10-05,8,Mlada Boleslav,central Bohemia,EF,16468906,POJISTNE,Pago de Seguros,348.0
32643,2203,2666,F,63,1995-04-04,47,Pardubice,east Bohemia,GH,10702485,SIPO,Servicios del Hogar,2320.0
32644,2204,2667,M,26,1997-07-20,9,Nymburk,central Bohemia,OP,86412846,SIPO,Servicios del Hogar,3954.0
32645,2205,2669,M,71,1996-04-13,51,Trutnov,east Bohemia,EF,4889071,SIPO,Servicios del Hogar,3042.0
32646,2206,2670,M,62,1995-08-10,45,Jicin,east Bohemia,EF,11714333,SIPO,Servicios del Hogar,3930.0
32647,2208,2672,F,58,1997-07-02,7,Melnik,central Bohemia,IJ,50562041,SIPO,Servicios del Hogar,2126.0
32648,2209,2673,M,39,1996-08-15,65,Znojmo,south Moravia,YZ,15201545,SIPO,Servicios del Hogar,5887.0
32649,2209,2673,M,39,1996-08-15,65,Znojmo,south Moravia,ST,68777465,SIN_ESPECIFICAR,Sin Especificar,1418.0
32650,2210,2675,M,74,1996-08-13,31,Tachov,west Bohemia,YZ,10651153,SIPO,Servicios del Hogar,2553.0
32651,2211,2676,M,37,1997-11-10,61,Trebic,south Moravia,IJ,93359732,SIPO,Servicios del Hogar,7863.0
32652,2212,2677,M,76,1996-02-12,33,Decin,north Bohemia,QR,39952963,SIPO,Servicios del Hogar,3206.0
32653,2213,2679,M,60,1993-07-11,68,Frydek - Mistek,north Moravia,IJ,46736180,SIPO,Servicios del Hogar,6273.0
32654,2214,2681,F,27,1996-01-27,45,Jicin,east Bohemia,UV,77339476,LEASING,Arrendamiento / Leasing,948.0
32655,2215,2683,F,69,1997-10-17,48,Rychnov nad Kneznou,east Bohemia,QR,36252600,SIPO,Servicios del Hogar,2348.0
32656,2216,2684,F,45,1993-04-17,74,Ostrava - mesto,north Moravia,AB,73169725,LEASING,Arrendamiento / Leasing,4705.0
32657,2216,2684,F,45,1993-04-17,74,Ostrava - mesto,north Moravia,MN,6210720,SIPO,Servicios del Hogar,5184.0
32658,2218,2686,F,47,1994-11-21,19,Prachatice,south Bohemia,YZ,85124015,UVER,Cuota de Prestamo,3034.0
32659,2219,2688,F,31,1993-03-11,60,Prostejov,south Moravia,ST,13571501,LEASING,Arrendamiento / Leasing,4104.0
32660,2220,2689,M,75,1993-02-10,16,Jindrichuv Hradec,south Bohemia,IJ,17050385,SIPO,Servicios del Hogar,2783.0
32661,2221,2690,F,27,1997-11-15,58,Jihlava,south Moravia,EF,85032087,SIPO,Servicios del Hogar,1455.0
32662,2221,2690,F,27,1997-11-15,58,Jihlava,south Moravia,CD,6097948,SIN_ESPECIFICAR,Sin Especificar,719.0
32663,2222,2691,M,34,1993-05-01,47,Pardubice,east Bohemia,ST,93425368,LEASING,Arrendamiento / Leasing,4104.0
32664,2223,2692,M,73,1996-01-05,44,Chrudim,east Bohemia,IJ,22266888,SIPO,Servicios del Hogar,2930.0
32665,2224,2693,F,22,1997-03-08,46,Nachod,east Bohemia,CD,33305394,LEASING,Arrendamiento / Leasing,2324.0
32666,2225,2694,F,71,1996-01-24,15,Cesky Krumlov,south Bohemia,GH,42774206,SIPO,Servicios del Hogar,1946.0
32667,2226,2696,M,51,1996-02-17,2,Benesov,central Bohemia,QR,54863834,SIPO,Servicios del Hogar,40.0
32668,2226,2696,M,51,1996-02-17,2,Benesov,central Bohemia,GH,53093177,SIN_ESPECIFICAR,Sin Especificar,8042.0
32669,2227,2698,F,28,1994-05-22,31,Tachov,west Bohemia,MN,86397230,UVER,Cuota de Prestamo,3874.0
32670,2227,2698,F,28,1994-05-22,31,Tachov,west Bohemia,EF,69415771,SIPO,Servicios del Hogar,13386.0
32671,2228,2700,M,53,1994-03-19,34,Chomutov,north Bohemia,CD,46155524,UVER,Cuota de Prestamo,3874.0
32672,2228,2700,M,53,1994-03-19,34,Chomutov,north Bohemia,ST,68287300,SIPO,Servicios del Hogar,4625.0
32673,2229,2701,M,46,1997-01-27,1,Hl.m. Praha,Prague,KL,29944843,SIPO,Servicios del Hogar,9605.0
32674,2230,2702,M,79,1996-02-11,7,Melnik,central Bohemia,GH,49185484,SIPO,Servicios del Hogar,2612.0
32675,2231,2703,F,25,1997-10-14,2,Benesov,central Bohemia,AB,8985472,SIPO,Servicios del Hogar,2181.0
32676,2231,2703,F,25,1997-10-14,2,Benesov,central Bohemia,KL,11682016,SIN_ESPECIFICAR,Sin Especificar,1431.0
32677,2232,2704,F,49,1996-05-07,1,Hl.m. Praha,Prague,EF,97103237,SIPO,Servicios del Hogar,4916.0
32678,2233,2705,M,74,1996-01-03,43,Hradec Kralove,east Bohemia,WX,11697030,SIPO,Servicios del Hogar,2028.0
32679,2234,2706,M,31,1996-11-21,3,Beroun,central Bohemia,ST,51482504,SIPO,Servicios del Hogar,1247.0
32680,2234,2706,M,31,1996-11-21,3,Beroun,central Bohemia,AB,54483455,SIN_ESPECIFICAR,Sin Especificar,59.0
32681,2234,2706,M,31,1996-11-21,3,Beroun,central Bohemia,UV,95181035,POJISTNE,Pago de Seguros,811.0
32682,2235,2707,M,29,1995-10-22,45,Jicin,east Bohemia,CD,65763521,SIPO,Servicios del Hogar,3730.0
32683,2236,2708,M,40,1995-08-27,73,Opava,north Moravia,OP,68195986,UVER,Cuota de Prestamo,3874.0
32685,2237,2709,M,52,1995-12-13,26,Plzen - mesto,west Bohemia,IJ,35369825,SIPO,Servicios del Hogar,4876.0
32686,2237,2709,M,52,1995-12-13,26,Plzen - mesto,west Bohemia,KL,87857412,SIN_ESPECIFICAR,Sin Especificar,891.0
32687,2237,2709,M,52,1995-12-13,26,Plzen - mesto,west Bohemia,WX,55064397,POJISTNE,Pago de Seguros,1320.0
32690,2239,2712,M,42,1995-01-05,25,Klatovy,west Bohemia,AB,74974190,SIPO,Servicios del Hogar,7355.0
32691,2239,2712,M,42,1995-01-05,25,Klatovy,west Bohemia,YZ,22235125,SIN_ESPECIFICAR,Sin Especificar,405.0
32692,2240,2713,M,36,1996-10-07,36,Liberec,north Bohemia,IJ,42587310,LEASING,Arrendamiento / Leasing,2324.0
32693,2241,2714,F,28,1993-02-08,6,Kutna Hora,central Bohemia,KL,33408683,SIPO,Servicios del Hogar,6545.0
32694,2241,2714,F,28,1993-02-08,6,Kutna Hora,central Bohemia,KL,37085980,SIN_ESPECIFICAR,Sin Especificar,455.0
32695,2241,2714,F,28,1993-02-08,6,Kutna Hora,central Bohemia,UV,84126734,POJISTNE,Pago de Seguros,16.0
32696,2242,2715,M,41,1993-02-25,7,Melnik,central Bohemia,UV,83031367,SIPO,Servicios del Hogar,5538.0
32697,2243,2716,F,29,1996-01-24,25,Klatovy,west Bohemia,MN,66443806,SIPO,Servicios del Hogar,3890.0
32698,2243,2716,F,29,1996-01-24,25,Klatovy,west Bohemia,YZ,70212971,SIN_ESPECIFICAR,Sin Especificar,547.0
32699,2244,2717,M,68,1995-07-19,46,Nachod,east Bohemia,IJ,61625307,SIPO,Servicios del Hogar,1690.0
32700,2245,2719,F,34,1993-03-30,29,Rokycany,west Bohemia,UV,2059746,UVER,Cuota de Prestamo,7249.0
32701,2246,2720,F,49,1996-04-25,1,Hl.m. Praha,Prague,YZ,72096937,UVER,Cuota de Prestamo,6930.0
32702,2247,2721,F,48,1996-04-13,24,Karlovy Vary,west Bohemia,UV,52448576,UVER,Cuota de Prestamo,3021.0
32703,2247,2721,F,48,1996-04-13,24,Karlovy Vary,west Bohemia,OP,77294456,SIPO,Servicios del Hogar,592.0
32704,2247,2721,F,48,1996-04-13,24,Karlovy Vary,west Bohemia,CD,39011389,SIN_ESPECIFICAR,Sin Especificar,1344.0
32705,2247,2721,F,48,1996-04-13,24,Karlovy Vary,west Bohemia,WX,68231224,POJISTNE,Pago de Seguros,659.0
32706,2247,2721,F,48,1996-04-13,24,Karlovy Vary,west Bohemia,UV,83908128,SIN_ESPECIFICAR,Sin Especificar,1051.0
32711,2250,2724,M,23,1993-11-02,35,Jablonec n. Nisou,north Bohemia,EF,63026058,SIPO,Servicios del Hogar,4182.0
32715,2252,2726,F,25,1996-10-05,1,Hl.m. Praha,Prague,IJ,42469954,SIPO,Servicios del Hogar,637.0
32716,2252,2726,F,25,1996-10-05,1,Hl.m. Praha,Prague,WX,61189848,SIN_ESPECIFICAR,Sin Especificar,1469.0
32717,2253,2728,M,76,1993-07-24,74,Ostrava - mesto,north Moravia,OP,60593241,SIPO,Servicios del Hogar,2944.0
32718,2254,2729,M,32,1996-04-17,1,Hl.m. Praha,Prague,OP,72537737,LEASING,Arrendamiento / Leasing,4349.0
32719,2254,2729,M,32,1996-04-17,1,Hl.m. Praha,Prague,YZ,39556306,SIPO,Servicios del Hogar,8879.0
32720,2254,2729,M,32,1996-04-17,1,Hl.m. Praha,Prague,QR,72738760,SIN_ESPECIFICAR,Sin Especificar,1488.0
32721,2255,2730,M,51,1995-10-14,52,Usti nad Orlici,east Bohemia,WX,25985443,SIPO,Servicios del Hogar,2084.0
32722,2256,2731,M,71,1993-02-06,48,Rychnov nad Kneznou,east Bohemia,UV,65441125,SIPO,Servicios del Hogar,3152.0
32723,2257,2732,F,45,1993-12-21,57,Hodonin,south Moravia,CD,48135429,SIPO,Servicios del Hogar,2005.0
32724,2258,2733,F,71,1996-11-12,3,Beroun,central Bohemia,YZ,34422958,SIPO,Servicios del Hogar,2202.0
32725,2259,2735,M,70,1994-05-14,64,Zlin,south Moravia,CD,94851266,SIPO,Servicios del Hogar,2520.0
32729,2262,2739,M,48,1997-02-08,13,Rakovnik,central Bohemia,CD,77488755,UVER,Cuota de Prestamo,6395.0
32730,2263,2740,F,31,1996-03-12,36,Liberec,north Bohemia,AB,68324535,SIPO,Servicios del Hogar,7927.0
32731,2264,2741,F,68,1996-11-22,41,Usti nad Labem,north Bohemia,EF,60699409,SIPO,Servicios del Hogar,1810.0
32733,2267,2745,F,59,1994-09-20,54,Brno - mesto,south Moravia,KL,57657045,SIPO,Servicios del Hogar,3143.0
32734,2268,2746,M,27,1995-02-11,1,Hl.m. Praha,Prague,ST,1695228,SIPO,Servicios del Hogar,5742.0
32735,2268,2746,M,27,1995-02-11,1,Hl.m. Praha,Prague,AB,38343775,UVER,Cuota de Prestamo,561.0
32736,2269,2747,M,62,1993-11-04,6,Kutna Hora,central Bohemia,ST,9433424,SIPO,Servicios del Hogar,4581.0
32737,2269,2747,M,62,1993-11-04,6,Kutna Hora,central Bohemia,IJ,22943455,LEASING,Arrendamiento / Leasing,512.0
32738,2270,2749,F,77,1997-03-08,14,Ceske Budejovice,south Bohemia,YZ,68958437,SIPO,Servicios del Hogar,3604.0
32739,2271,2751,F,41,1993-11-13,68,Frydek - Mistek,north Moravia,GH,39753556,SIPO,Servicios del Hogar,2032.0
32740,2272,2752,M,27,1997-10-08,48,Rychnov nad Kneznou,east Bohemia,WX,99929630,SIPO,Servicios del Hogar,3986.0
32747,2275,2755,F,28,1996-09-16,1,Hl.m. Praha,Prague,KL,70977097,SIPO,Servicios del Hogar,6531.0
32748,2276,2756,F,79,1993-10-22,31,Tachov,west Bohemia,MN,86481719,SIPO,Servicios del Hogar,1615.0
32751,2278,2758,M,52,1996-08-03,1,Hl.m. Praha,Prague,YZ,28221976,SIPO,Servicios del Hogar,1145.0
32752,2278,2758,M,52,1996-08-03,1,Hl.m. Praha,Prague,MN,48851555,SIN_ESPECIFICAR,Sin Especificar,7377.0
32753,2279,2759,M,24,1996-10-30,2,Benesov,central Bohemia,OP,19501900,UVER,Cuota de Prestamo,6556.0
32754,2280,2760,F,23,1995-08-17,68,Frydek - Mistek,north Moravia,QR,5897534,SIPO,Servicios del Hogar,6841.0
32755,2281,2761,F,21,1995-07-13,1,Hl.m. Praha,Prague,YZ,7258689,SIPO,Servicios del Hogar,5720.0
32756,2282,2762,F,45,1993-09-17,29,Rokycany,west Bohemia,YZ,67707383,SIPO,Servicios del Hogar,4704.0
32764,2286,2766,M,39,1996-12-06,70,Karvina,north Moravia,YZ,68042516,SIPO,Servicios del Hogar,1192.0
32765,2286,2766,M,39,1996-12-06,70,Karvina,north Moravia,CD,33564162,SIN_ESPECIFICAR,Sin Especificar,2109.0
32766,2287,2768,M,34,1996-04-21,1,Hl.m. Praha,Prague,KL,35842073,SIPO,Servicios del Hogar,6275.0
32767,2288,2769,M,61,1996-01-01,69,Jesenik,north Moravia,AB,28359425,SIPO,Servicios del Hogar,5411.0
32768,2289,2770,M,44,1996-03-07,1,Hl.m. Praha,Prague,AB,28453374,SIPO,Servicios del Hogar,5309.0
32769,2290,2771,M,78,1996-10-22,37,Litomerice,north Bohemia,ST,58844083,SIPO,Servicios del Hogar,3965.0
32770,2291,2773,F,79,1996-07-27,49,Semily,east Bohemia,KL,69832765,SIPO,Servicios del Hogar,3825.0
32771,2292,2775,F,20,1995-06-29,41,Usti nad Labem,north Bohemia,CD,71342873,SIPO,Servicios del Hogar,1626.0
32772,2292,2775,F,20,1995-06-29,41,Usti nad Labem,north Bohemia,YZ,37514162,SIN_ESPECIFICAR,Sin Especificar,223.0
32773,2292,2775,F,20,1995-06-29,41,Usti nad Labem,north Bohemia,MN,26075345,POJISTNE,Pago de Seguros,147.0
32774,2293,2776,F,64,1993-02-13,31,Tachov,west Bohemia,IJ,36960655,SIPO,Servicios del Hogar,2332.0
32775,2294,2777,F,28,1996-09-29,46,Nachod,east Bohemia,MN,18471438,SIPO,Servicios del Hogar,4426.0
32776,2296,2779,M,50,1997-11-05,29,Rokycany,west Bohemia,OP,93267988,SIPO,Servicios del Hogar,3531.0
32777,2297,2781,F,38,1995-06-18,46,Nachod,east Bohemia,UV,46263361,SIPO,Servicios del Hogar,819.0
32778,2297,2781,F,38,1995-06-18,46,Nachod,east Bohemia,QR,1093173,SIN_ESPECIFICAR,Sin Especificar,1452.0
32779,2297,2781,F,38,1995-06-18,46,Nachod,east Bohemia,AB,97796540,POJISTNE,Pago de Seguros,689.0
32780,2298,2782,M,58,1993-07-03,31,Tachov,west Bohemia,UV,63721817,SIPO,Servicios del Hogar,4550.0
32781,2301,2785,M,36,1995-10-10,22,Domazlice,west Bohemia,EF,56871384,SIPO,Servicios del Hogar,6907.0
32782,2302,2786,M,47,1993-09-10,24,Karlovy Vary,west Bohemia,YZ,4605699,SIPO,Servicios del Hogar,1989.0
32783,2302,2786,M,47,1993-09-10,24,Karlovy Vary,west Bohemia,MN,49296242,SIN_ESPECIFICAR,Sin Especificar,1838.0
32784,2303,2787,F,22,1996-11-24,41,Usti nad Labem,north Bohemia,KL,25147950,SIPO,Servicios del Hogar,7892.0
32786,2306,2790,M,23,1993-12-08,38,Louny,north Bohemia,ST,79012286,SIPO,Servicios del Hogar,1179.0
32787,2306,2790,M,23,1993-12-08,38,Louny,north Bohemia,KL,42063969,SIN_ESPECIFICAR,Sin Especificar,3586.0
32788,2307,2791,M,77,1995-07-12,60,Prostejov,south Moravia,OP,60090291,SIPO,Servicios del Hogar,3336.0
32789,2307,2791,M,77,1995-07-12,60,Prostejov,south Moravia,YZ,84354322,SIPO,Servicios del Hogar,123.0
32794,2309,2794,M,33,1995-12-03,18,Pisek,south Bohemia,KL,33813035,SIPO,Servicios del Hogar,8604.0
32795,2310,2796,M,24,1995-07-19,15,Cesky Krumlov,south Bohemia,WX,13273746,SIPO,Servicios del Hogar,5259.0
32796,2311,2797,M,48,1997-10-19,28,Plzen - sever,west Bohemia,AB,43163901,SIPO,Servicios del Hogar,6798.0
32797,2312,2798,M,67,1997-09-26,65,Znojmo,south Moravia,CD,88846653,SIPO,Servicios del Hogar,3392.0
32798,2313,2799,F,37,1993-04-13,26,Plzen - mesto,west Bohemia,MN,33568215,SIPO,Servicios del Hogar,5426.0
32799,2313,2799,F,37,1993-04-13,26,Plzen - mesto,west Bohemia,GH,52766847,SIN_ESPECIFICAR,Sin Especificar,1341.0
32800,2315,2801,M,79,1994-02-13,75,Prerov,north Moravia,WX,82363116,SIPO,Servicios del Hogar,1673.0
32801,2316,2802,F,32,1997-07-21,1,Hl.m. Praha,Prague,KL,64642989,SIPO,Servicios del Hogar,2111.0
32802,2316,2802,F,32,1997-07-21,1,Hl.m. Praha,Prague,IJ,96044265,SIN_ESPECIFICAR,Sin Especificar,7.0
32803,2316,2802,F,32,1997-07-21,1,Hl.m. Praha,Prague,MN,51700419,SIN_ESPECIFICAR,Sin Especificar,8.0
32804,2317,2803,M,67,1997-08-28,68,Frydek - Mistek,north Moravia,CD,55275732,SIPO,Servicios del Hogar,195.0
32805,2317,2803,M,67,1997-08-28,68,Frydek - Mistek,north Moravia,AB,58933603,SIPO,Servicios del Hogar,2486.0
32806,2318,2805,M,34,1993-11-08,73,Opava,north Moravia,UV,58512443,SIPO,Servicios del Hogar,3081.0
32807,2318,2805,M,34,1993-11-08,73,Opava,north Moravia,IJ,95490520,SIN_ESPECIFICAR,Sin Especificar,5191.0
32808,2318,2805,M,34,1993-11-08,73,Opava,north Moravia,ST,68937486,POJISTNE,Pago de Seguros,654.0
32809,2318,2805,M,34,1993-11-08,73,Opava,north Moravia,IJ,71377277,SIN_ESPECIFICAR,Sin Especificar,251.0
32810,2319,2806,F,43,1996-07-02,58,Jihlava,south Moravia,ST,46060675,SIPO,Servicios del Hogar,9510.0
32814,2321,2808,F,24,1993-05-13,35,Jablonec n. Nisou,north Bohemia,EF,4345632,LEASING,Arrendamiento / Leasing,1158.0
32815,2322,2809,M,19,1995-01-02,33,Decin,north Bohemia,KL,89574056,UVER,Cuota de Prestamo,1930.0
32816,2322,2809,M,19,1995-01-02,33,Decin,north Bohemia,ST,75713777,SIPO,Servicios del Hogar,3359.0
32817,2322,2809,M,19,1995-01-02,33,Decin,north Bohemia,QR,87459748,SIN_ESPECIFICAR,Sin Especificar,690.0
32818,2322,2809,M,19,1995-01-02,33,Decin,north Bohemia,EF,97367155,POJISTNE,Pago de Seguros,1019.0
32819,2322,2809,M,19,1995-01-02,33,Decin,north Bohemia,ST,14182174,SIN_ESPECIFICAR,Sin Especificar,1612.0
32820,2323,2810,M,27,1995-05-08,72,Olomouc,north Moravia,AB,70839428,SIPO,Servicios del Hogar,6446.0
32821,2324,2811,F,52,1997-05-24,1,Hl.m. Praha,Prague,WX,80225026,SIPO,Servicios del Hogar,4151.0
32822,2325,2812,F,28,1997-02-26,55,Brno - venkov,south Moravia,GH,26319808,SIPO,Servicios del Hogar,1334.0
32823,2325,2812,F,28,1997-02-26,55,Brno - venkov,south Moravia,ST,46773761,SIN_ESPECIFICAR,Sin Especificar,2155.0
32824,2325,2812,F,28,1997-02-26,55,Brno - venkov,south Moravia,MN,86350583,POJISTNE,Pago de Seguros,2270.0
32825,2326,2813,M,57,1994-01-24,70,Karvina,north Moravia,AB,48282474,SIPO,Servicios del Hogar,3422.0
32826,2327,2814,F,25,1993-06-08,19,Prachatice,south Bohemia,WX,58510798,SIPO,Servicios del Hogar,13208.0
32827,2328,2815,M,68,1995-06-14,35,Jablonec n. Nisou,north Bohemia,MN,22747612,SIPO,Servicios del Hogar,1846.0
32828,2329,2817,F,21,1996-08-07,1,Hl.m. Praha,Prague,WX,27642166,SIPO,Servicios del Hogar,4400.0
32829,2330,2818,M,35,1993-01-19,54,Brno - mesto,south Moravia,QR,64704280,SIPO,Servicios del Hogar,1662.0
32830,2330,2818,M,35,1993-01-19,54,Brno - mesto,south Moravia,EF,63786613,SIN_ESPECIFICAR,Sin Especificar,601.0
32831,2331,2819,M,18,1995-04-29,8,Mlada Boleslav,central Bohemia,GH,30773931,SIPO,Servicios del Hogar,667.0
32832,2331,2819,M,18,1995-04-29,8,Mlada Boleslav,central Bohemia,MN,32200968,SIN_ESPECIFICAR,Sin Especificar,1408.0
32833,2332,2820,M,32,1996-09-24,77,Vsetin,north Moravia,EF,63277864,SIPO,Servicios del Hogar,3919.0
32834,2334,2822,M,40,1996-03-19,50,Svitavy,east Bohemia,IJ,17270642,UVER,Cuota de Prestamo,2013.0
32835,2334,2822,M,40,1996-03-19,50,Svitavy,east Bohemia,ST,92322378,SIPO,Servicios del Hogar,10707.0
32836,2335,2823,F,52,1996-04-04,70,Karvina,north Moravia,YZ,25760704,SIPO,Servicios del Hogar,2036.0
32837,2335,2823,F,52,1996-04-04,70,Karvina,north Moravia,EF,61203175,SIN_ESPECIFICAR,Sin Especificar,1069.0
32838,2335,2823,F,52,1996-04-04,70,Karvina,north Moravia,UV,98547273,POJISTNE,Pago de Seguros,485.0
32839,2335,2823,F,52,1996-04-04,70,Karvina,north Moravia,OP,63746511,SIN_ESPECIFICAR,Sin Especificar,1676.0
32840,2335,2823,F,52,1996-04-04,70,Karvina,north Moravia,GH,8226937,UVER,Cuota de Prestamo,9020.0
32841,2336,2824,M,57,1993-07-08,39,Most,north Bohemia,KL,73208963,SIPO,Servicios del Hogar,3058.0
32842,2337,2825,M,40,1997-07-07,65,Znojmo,south Moravia,IJ,18192541,SIPO,Servicios del Hogar,2963.0
32843,2337,2825,M,40,1997-07-07,65,Znojmo,south Moravia,UV,63713687,SIN_ESPECIFICAR,Sin Especificar,927.0
32844,2338,2826,M,63,1997-08-08,59,Kromeriz,south Moravia,GH,76516425,LEASING,Arrendamiento / Leasing,1208.0
32845,2339,2827,M,75,1996-09-22,63,Vyskov,south Moravia,MN,60427570,SIPO,Servicios del Hogar,3893.0
32846,2341,2829,F,59,1995-11-25,33,Decin,north Bohemia,OP,5022091,SIPO,Servicios del Hogar,1583.0
32847,2341,2829,F,59,1995-11-25,33,Decin,north Bohemia,ST,97825383,SIN_ESPECIFICAR,Sin Especificar,464.0
32848,2342,2830,M,24,1993-02-11,51,Trutnov,east Bohemia,AB,54005241,SIPO,Servicios del Hogar,2164.0
32849,2343,2831,F,18,1994-12-09,68,Frydek - Mistek,north Moravia,UV,28312742,SIPO,Servicios del Hogar,4723.0
32850,2343,2831,F,18,1994-12-09,68,Frydek - Mistek,north Moravia,KL,67309921,UVER,Cuota de Prestamo,4139.0
32851,2344,2832,M,71,1996-07-02,13,Rakovnik,central Bohemia,KL,95720600,SIPO,Servicios del Hogar,1002.0
32852,2344,2832,M,71,1996-07-02,13,Rakovnik,central Bohemia,CD,44955593,SIPO,Servicios del Hogar,2019.0
32853,2345,2834,M,49,1993-10-25,5,Kolin,central Bohemia,QR,31917315,UVER,Cuota de Prestamo,3328.0
32854,2345,2834,M,49,1993-10-25,5,Kolin,central Bohemia,QR,16879636,SIPO,Servicios del Hogar,3612.0
32855,2346,2835,M,32,1996-05-08,27,Plzen - jih,west Bohemia,UV,36571818,SIPO,Servicios del Hogar,334.0
32856,2346,2835,M,32,1996-05-08,27,Plzen - jih,west Bohemia,QR,74352502,SIN_ESPECIFICAR,Sin Especificar,1939.0
32857,2346,2835,M,32,1996-05-08,27,Plzen - jih,west Bohemia,WX,92272942,POJISTNE,Pago de Seguros,6970.0
32858,2346,2835,M,32,1996-05-08,27,Plzen - jih,west Bohemia,QR,42005080,SIN_ESPECIFICAR,Sin Especificar,3596.0
32859,2347,2836,F,79,1996-08-30,38,Louny,north Bohemia,WX,25791567,SIPO,Servicios del Hogar,3477.0
32860,2348,2838,M,33,1996-02-05,65,Znojmo,south Moravia,UV,94846903,SIPO,Servicios del Hogar,3057.0
32861,2348,2838,M,33,1996-02-05,65,Znojmo,south Moravia,QR,662106,SIN_ESPECIFICAR,Sin Especificar,3349.0
32862,2349,2839,F,70,1996-09-11,72,Olomouc,north Moravia,ST,98776816,SIPO,Servicios del Hogar,1992.0
32863,2350,2841,F,25,1996-08-04,18,Pisek,south Bohemia,OP,74027311,UVER,Cuota de Prestamo,3328.0
32864,2350,2841,F,25,1996-08-04,18,Pisek,south Bohemia,KL,56521683,SIPO,Servicios del Hogar,575.0
32865,2350,2841,F,25,1996-08-04,18,Pisek,south Bohemia,IJ,98643308,SIN_ESPECIFICAR,Sin Especificar,5263.0
32866,2351,2842,M,40,1997-09-08,74,Ostrava - mesto,north Moravia,QR,91637825,SIPO,Servicios del Hogar,9173.0
32867,2352,2843,F,32,1995-01-21,70,Karvina,north Moravia,MN,33949649,SIPO,Servicios del Hogar,5581.0
32868,2352,2843,F,32,1995-01-21,70,Karvina,north Moravia,GH,79024326,SIN_ESPECIFICAR,Sin Especificar,34.0
32869,2352,2843,F,32,1995-01-21,70,Karvina,north Moravia,EF,61734002,POJISTNE,Pago de Seguros,4.0
32870,2352,2843,F,32,1995-01-21,70,Karvina,north Moravia,AB,25421935,UVER,Cuota de Prestamo,824.0
32871,2353,2844,M,36,1995-09-21,51,Trutnov,east Bohemia,IJ,83465021,SIPO,Servicios del Hogar,7732.0
32872,2353,2844,M,36,1995-09-21,51,Trutnov,east Bohemia,YZ,26668000,SIN_ESPECIFICAR,Sin Especificar,1968.0
32873,2354,2845,M,46,1997-03-17,7,Melnik,central Bohemia,ST,23677683,SIPO,Servicios del Hogar,9071.0
32874,2357,2849,M,70,1993-01-04,19,Prachatice,south Bohemia,KL,58773815,SIPO,Servicios del Hogar,3869.0
32875,2358,2850,M,28,1995-09-13,7,Melnik,central Bohemia,OP,90139603,SIPO,Servicios del Hogar,6114.0
32876,2359,2851,M,59,1996-07-14,54,Brno - mesto,south Moravia,YZ,54163086,SIPO,Servicios del Hogar,3119.0
32877,2360,2852,F,56,1996-08-27,26,Plzen - mesto,west Bohemia,KL,84537815,SIPO,Servicios del Hogar,7580.0
32878,2361,2853,F,42,1994-02-25,28,Plzen - sever,west Bohemia,MN,781095,SIPO,Servicios del Hogar,4613.0
32879,2361,2853,F,42,1994-02-25,28,Plzen - sever,west Bohemia,YZ,17524379,UVER,Cuota de Prestamo,4352.0
32880,2362,2854,M,49,1996-12-30,16,Jindrichuv Hradec,south Bohemia,KL,47032982,SIPO,Servicios del Hogar,2259.0
32881,2363,2856,M,75,1994-10-07,47,Pardubice,east Bohemia,CD,96414541,SIPO,Servicios del Hogar,1525.0
32882,2363,2856,M,75,1994-10-07,47,Pardubice,east Bohemia,YZ,11521917,SIPO,Servicios del Hogar,599.0
32883,2364,2857,M,71,1995-05-03,33,Decin,north Bohemia,CD,33847505,SIPO,Servicios del Hogar,2033.0
32884,2365,2858,F,72,1994-11-04,42,Havlickuv Brod,east Bohemia,KL,22873586,SIPO,Servicios del Hogar,3061.0
32885,2366,2859,F,70,1997-05-20,68,Frydek - Mistek,north Moravia,CD,66497516,SIPO,Servicios del Hogar,388.0
32886,2366,2859,F,70,1997-05-20,68,Frydek - Mistek,north Moravia,QR,30780631,SIPO,Servicios del Hogar,1261.0
32887,2367,2860,M,40,1995-03-04,28,Plzen - sever,west Bohemia,MN,47298574,SIPO,Servicios del Hogar,5601.0
32888,2367,2860,M,40,1995-03-04,28,Plzen - sever,west Bohemia,KL,61017304,SIN_ESPECIFICAR,Sin Especificar,3678.0
32890,2369,2862,F,34,1997-07-19,49,Semily,east Bohemia,YZ,20459878,SIPO,Servicios del Hogar,7292.0
32891,2369,2862,F,34,1997-07-19,49,Semily,east Bohemia,EF,44902819,SIN_ESPECIFICAR,Sin Especificar,207.0
32892,2370,2864,F,46,1997-10-01,51,Trutnov,east Bohemia,MN,28076833,SIPO,Servicios del Hogar,9747.0
32893,2371,2865,M,50,1997-10-23,15,Cesky Krumlov,south Bohemia,UV,10878855,UVER,Cuota de Prestamo,7101.0
32894,2371,2865,M,50,1997-10-23,15,Cesky Krumlov,south Bohemia,YZ,33079290,SIPO,Servicios del Hogar,12510.0
32895,2371,2865,M,50,1997-10-23,15,Cesky Krumlov,south Bohemia,AB,87190907,SIN_ESPECIFICAR,Sin Especificar,793.0
32896,2371,2865,M,50,1997-10-23,15,Cesky Krumlov,south Bohemia,OP,51855623,POJISTNE,Pago de Seguros,1087.0
32897,2371,2865,M,50,1997-10-23,15,Cesky Krumlov,south Bohemia,YZ,45326221,SIN_ESPECIFICAR,Sin Especificar,294.0
32898,2372,2867,F,38,1997-06-15,1,Hl.m. Praha,Prague,KL,46931564,SIPO,Servicios del Hogar,108.0
32899,2372,2867,F,38,1997-06-15,1,Hl.m. Praha,Prague,MN,79875886,SIN_ESPECIFICAR,Sin Especificar,1946.0
32900,2372,2867,F,38,1997-06-15,1,Hl.m. Praha,Prague,GH,21510470,POJISTNE,Pago de Seguros,107.0
32901,2372,2867,F,38,1997-06-15,1,Hl.m. Praha,Prague,MN,9774154,SIN_ESPECIFICAR,Sin Especificar,131.0
32902,2373,2868,M,65,1996-09-29,14,Ceske Budejovice,south Bohemia,GH,19720453,SIPO,Servicios del Hogar,2377.0
32903,2374,2869,M,23,1995-12-07,1,Hl.m. Praha,Prague,UV,11096793,SIPO,Servicios del Hogar,2331.0
32904,2375,2870,M,39,1994-05-16,29,Rokycany,west Bohemia,UV,68029534,SIPO,Servicios del Hogar,279.0
32905,2375,2870,M,39,1994-05-16,29,Rokycany,west Bohemia,KL,35131472,SIN_ESPECIFICAR,Sin Especificar,7022.0
32906,2376,2871,F,31,1996-12-14,71,Novy Jicin,north Moravia,ST,7464963,SIPO,Servicios del Hogar,4428.0
32907,2377,2872,F,65,1994-11-13,77,Vsetin,north Moravia,CD,25924396,SIPO,Servicios del Hogar,305.0
32908,2377,2872,F,65,1994-11-13,77,Vsetin,north Moravia,UV,10629874,SIPO,Servicios del Hogar,1652.0
32909,2378,2873,F,23,1993-01-01,16,Jindrichuv Hradec,south Bohemia,EF,1222903,SIPO,Servicios del Hogar,9612.0
32910,2379,2874,M,26,1993-01-10,44,Chrudim,east Bohemia,AB,13537359,SIPO,Servicios del Hogar,3190.0
32911,2379,2874,M,26,1993-01-10,44,Chrudim,east Bohemia,IJ,3021407,SIN_ESPECIFICAR,Sin Especificar,145.0
32912,2379,2874,M,26,1993-01-10,44,Chrudim,east Bohemia,OP,77863126,POJISTNE,Pago de Seguros,46.0
32913,2380,2875,M,62,1997-02-27,46,Nachod,east Bohemia,QR,25673014,SIPO,Servicios del Hogar,4206.0
32914,2381,2876,M,21,1997-02-13,1,Hl.m. Praha,Prague,WX,94099801,SIPO,Servicios del Hogar,9358.0
32915,2382,2877,M,66,1994-03-08,59,Kromeriz,south Moravia,AB,6405681,SIPO,Servicios del Hogar,3123.0
32916,2383,2878,M,51,1996-08-05,68,Frydek - Mistek,north Moravia,YZ,94815557,SIPO,Servicios del Hogar,1897.0
32917,2383,2878,M,51,1996-08-05,68,Frydek - Mistek,north Moravia,WX,50398296,SIN_ESPECIFICAR,Sin Especificar,3334.0
32918,2383,2878,M,51,1996-08-05,68,Frydek - Mistek,north Moravia,UV,40245962,POJISTNE,Pago de Seguros,139.0
32919,2384,2879,M,21,1994-12-23,40,Teplice,north Bohemia,YZ,37366593,LEASING,Arrendamiento / Leasing,4282.0
32920,2385,2880,M,46,1996-11-15,60,Prostejov,south Moravia,MN,97151100,LEASING,Arrendamiento / Leasing,1305.0
32921,2386,2881,F,31,1996-12-17,12,Pribram,central Bohemia,WX,88837807,SIPO,Servicios del Hogar,2042.0
32922,2386,2881,F,31,1996-12-17,12,Pribram,central Bohemia,KL,16295147,SIN_ESPECIFICAR,Sin Especificar,1797.0
32923,2387,2882,M,67,1996-06-22,70,Karvina,north Moravia,WX,55608665,SIPO,Servicios del Hogar,3414.0
32924,2388,2883,M,45,1993-06-09,30,Sokolov,west Bohemia,QR,54345786,SIPO,Servicios del Hogar,2328.0
32925,2389,2884,F,40,1996-06-02,40,Teplice,north Bohemia,IJ,87516963,SIPO,Servicios del Hogar,3912.0
32926,2390,2885,F,33,1996-02-12,1,Hl.m. Praha,Prague,WX,12861097,LEASING,Arrendamiento / Leasing,2353.0
32927,2390,2885,F,33,1996-02-12,1,Hl.m. Praha,Prague,KL,62916707,SIPO,Servicios del Hogar,2206.0
32928,2390,2885,F,33,1996-02-12,1,Hl.m. Praha,Prague,QR,66811156,SIN_ESPECIFICAR,Sin Especificar,11464.0
32929,2391,2887,F,37,1997-11-07,2,Benesov,central Bohemia,GH,6469798,SIPO,Servicios del Hogar,4959.0
32930,2393,2889,M,55,1993-01-07,10,Praha - vychod,central Bohemia,KL,70831024,SIPO,Servicios del Hogar,4292.0
32931,2393,2889,M,55,1993-01-07,10,Praha - vychod,central Bohemia,AB,73102003,LEASING,Arrendamiento / Leasing,1253.0
32932,2394,2890,M,47,1997-08-23,62,Uherske Hradiste,south Moravia,KL,1669449,UVER,Cuota de Prestamo,3103.0
32933,2394,2890,M,47,1997-08-23,62,Uherske Hradiste,south Moravia,IJ,38287389,SIPO,Servicios del Hogar,3131.0
32934,2394,2890,M,47,1997-08-23,62,Uherske Hradiste,south Moravia,CD,11698562,SIN_ESPECIFICAR,Sin Especificar,182.0
32935,2394,2890,M,47,1997-08-23,62,Uherske Hradiste,south Moravia,WX,93556361,POJISTNE,Pago de Seguros,788.0
32936,2395,2892,F,57,1996-06-24,3,Beroun,central Bohemia,IJ,13785899,SIPO,Servicios del Hogar,3696.0
32937,2396,2893,F,71,1993-02-22,2,Benesov,central Bohemia,AB,75456380,SIPO,Servicios del Hogar,2548.0
32938,2397,2894,F,50,1996-06-14,70,Karvina,north Moravia,YZ,20025152,SIPO,Servicios del Hogar,3113.0
32939,2397,2894,F,50,1996-06-14,70,Karvina,north Moravia,MN,30975151,SIN_ESPECIFICAR,Sin Especificar,16.0
32940,2400,2897,M,73,1996-06-15,40,Teplice,north Bohemia,MN,98761516,SIPO,Servicios del Hogar,1640.0
32941,2401,2899,M,80,1994-08-26,16,Jindrichuv Hradec,south Bohemia,KL,76152759,SIPO,Servicios del Hogar,2782.0
32942,2402,2900,M,75,1997-11-06,18,Pisek,south Bohemia,IJ,65373653,SIPO,Servicios del Hogar,2384.0
32943,2403,2901,F,59,1996-02-20,25,Klatovy,west Bohemia,GH,38700193,SIPO,Servicios del Hogar,3031.0
32944,2404,2902,F,39,1997-06-05,8,Mlada Boleslav,central Bohemia,YZ,50743573,SIPO,Servicios del Hogar,5488.0
32945,2405,2904,F,52,1997-02-27,64,Zlin,south Moravia,KL,9480673,SIPO,Servicios del Hogar,6407.0
32946,2406,2906,M,64,1996-03-22,5,Kolin,central Bohemia,QR,54419815,SIPO,Servicios del Hogar,3186.0
32947,2407,2908,M,27,1996-07-21,1,Hl.m. Praha,Prague,YZ,5476630,SIPO,Servicios del Hogar,7292.0
32948,2408,2909,M,62,1996-12-27,26,Plzen - mesto,west Bohemia,QR,14278769,SIPO,Servicios del Hogar,3017.0
32949,2408,2909,M,62,1996-12-27,26,Plzen - mesto,west Bohemia,ST,51844030,SIN_ESPECIFICAR,Sin Especificar,53.0
32950,2409,2910,M,62,1996-02-13,76,Sumperk,north Moravia,WX,68054622,SIPO,Servicios del Hogar,5028.0
32951,2410,2911,M,66,1993-05-11,54,Brno - mesto,south Moravia,EF,6188935,SIPO,Servicios del Hogar,3410.0
32957,2413,2915,F,44,1997-10-27,33,Decin,north Bohemia,KL,97954469,SIPO,Servicios del Hogar,6448.0
32958,2413,2915,F,44,1997-10-27,33,Decin,north Bohemia,MN,81122290,UVER,Cuota de Prestamo,1496.0
32959,2414,2916,M,26,1995-01-19,1,Hl.m. Praha,Prague,EF,6135642,SIPO,Servicios del Hogar,465.0
32960,2414,2916,M,26,1995-01-19,1,Hl.m. Praha,Prague,EF,64713829,SIN_ESPECIFICAR,Sin Especificar,1501.0
32961,2415,2917,M,58,1997-02-27,16,Jindrichuv Hradec,south Bohemia,OP,65874808,SIPO,Servicios del Hogar,7308.0
32962,2416,2918,M,31,1996-01-23,5,Kolin,central Bohemia,UV,52533727,SIPO,Servicios del Hogar,9425.0
32963,2417,2920,F,36,1993-08-20,44,Chrudim,east Bohemia,YZ,83809387,SIPO,Servicios del Hogar,1319.0
32964,2417,2920,F,36,1993-08-20,44,Chrudim,east Bohemia,OP,93963139,SIN_ESPECIFICAR,Sin Especificar,1843.0
32965,2419,2922,M,58,1993-11-27,24,Karlovy Vary,west Bohemia,ST,79840576,UVER,Cuota de Prestamo,7984.0
32966,2420,2923,F,21,1996-06-25,35,Jablonec n. Nisou,north Bohemia,YZ,71461701,SIPO,Servicios del Hogar,2401.0
32967,2421,2924,F,57,1995-01-11,18,Pisek,south Bohemia,YZ,66208350,SIPO,Servicios del Hogar,1544.0
32968,2421,2924,F,57,1995-01-11,18,Pisek,south Bohemia,MN,93932258,SIN_ESPECIFICAR,Sin Especificar,220.0
32969,2421,2924,F,57,1995-01-11,18,Pisek,south Bohemia,OP,19669050,POJISTNE,Pago de Seguros,363.0
32970,2422,2926,M,64,1997-08-29,27,Plzen - jih,west Bohemia,EF,17186141,SIPO,Servicios del Hogar,2809.0
32971,2423,2928,M,66,1993-02-14,30,Sokolov,west Bohemia,KL,35182595,SIPO,Servicios del Hogar,1494.0
32972,2423,2928,M,66,1993-02-14,30,Sokolov,west Bohemia,AB,66884094,SIPO,Servicios del Hogar,1317.0
32973,2424,2929,M,40,1995-10-13,1,Hl.m. Praha,Prague,EF,92266177,SIPO,Servicios del Hogar,14138.0
32974,2425,2930,M,57,1993-01-23,41,Usti nad Labem,north Bohemia,KL,64028662,SIPO,Servicios del Hogar,5936.0
32978,2427,2932,F,58,1993-10-08,70,Karvina,north Moravia,CD,39447444,SIPO,Servicios del Hogar,5496.0
32979,2427,2932,F,58,1993-10-08,70,Karvina,north Moravia,YZ,61671554,SIN_ESPECIFICAR,Sin Especificar,868.0
32980,2427,2932,F,58,1993-10-08,70,Karvina,north Moravia,UV,48815095,POJISTNE,Pago de Seguros,2342.0
32981,2429,2935,F,54,1993-02-06,61,Trebic,south Moravia,QR,50382167,SIPO,Servicios del Hogar,6786.0
32982,2429,2935,F,54,1993-02-06,61,Trebic,south Moravia,GH,91816699,SIN_ESPECIFICAR,Sin Especificar,369.0
32983,2431,2937,M,49,1995-02-23,74,Ostrava - mesto,north Moravia,KL,96937953,SIPO,Servicios del Hogar,1243.0
32984,2431,2937,M,49,1995-02-23,74,Ostrava - mesto,north Moravia,UV,92502820,SIN_ESPECIFICAR,Sin Especificar,236.0
32985,2431,2937,M,49,1995-02-23,74,Ostrava - mesto,north Moravia,IJ,28942603,POJISTNE,Pago de Seguros,2305.0
32986,2431,2937,M,49,1995-02-23,74,Ostrava - mesto,north Moravia,WX,63151824,LEASING,Arrendamiento / Leasing,1502.0
32987,2432,2938,F,77,1996-04-18,8,Mlada Boleslav,central Bohemia,GH,70597290,SIPO,Servicios del Hogar,2554.0
32988,2433,2939,M,80,1993-02-19,71,Novy Jicin,north Moravia,GH,28003591,SIPO,Servicios del Hogar,1757.0
32989,2434,2940,M,33,1993-02-02,17,Pelhrimov,south Bohemia,CD,94916831,SIPO,Servicios del Hogar,2927.0
32990,2435,2941,M,47,1993-11-01,38,Louny,north Bohemia,UV,85717063,LEASING,Arrendamiento / Leasing,1634.0
32991,2435,2941,M,47,1993-11-01,38,Louny,north Bohemia,WX,21075344,SIPO,Servicios del Hogar,7904.0
32992,2437,2943,F,18,1995-12-04,1,Hl.m. Praha,Prague,OP,10448074,SIPO,Servicios del Hogar,656.0
32993,2437,2943,F,18,1995-12-04,1,Hl.m. Praha,Prague,YZ,65697604,SIN_ESPECIFICAR,Sin Especificar,1338.0
32994,2438,2944,F,55,1997-11-16,71,Novy Jicin,north Moravia,GH,26398313,SIPO,Servicios del Hogar,5817.0
32995,2438,2944,F,55,1997-11-16,71,Novy Jicin,north Moravia,UV,62592428,SIN_ESPECIFICAR,Sin Especificar,705.0
32996,2439,2945,M,77,1996-08-13,74,Ostrava - mesto,north Moravia,ST,16428494,SIPO,Servicios del Hogar,2096.0
32997,2440,2947,F,41,1997-12-18,19,Prachatice,south Bohemia,YZ,19144922,SIPO,Servicios del Hogar,6219.0
32998,2440,2947,F,41,1997-12-18,19,Prachatice,south Bohemia,KL,30988913,SIN_ESPECIFICAR,Sin Especificar,661.0
32999,2440,2947,F,41,1997-12-18,19,Prachatice,south Bohemia,GH,32329070,POJISTNE,Pago de Seguros,1230.0
33000,2441,2948,M,20,1996-12-22,47,Pardubice,east Bohemia,OP,53539413,SIPO,Servicios del Hogar,4719.0
33001,2441,2948,M,20,1996-12-22,47,Pardubice,east Bohemia,ST,57518833,SIN_ESPECIFICAR,Sin Especificar,490.0
33002,2441,2948,M,20,1996-12-22,47,Pardubice,east Bohemia,ST,13103747,POJISTNE,Pago de Seguros,785.0
33003,2442,2949,M,55,1997-08-21,14,Ceske Budejovice,south Bohemia,AB,89339786,SIPO,Servicios del Hogar,540.0
33004,2442,2949,M,55,1997-08-21,14,Ceske Budejovice,south Bohemia,IJ,67963898,SIN_ESPECIFICAR,Sin Especificar,1568.0
33005,2443,2950,M,54,1997-06-25,46,Nachod,east Bohemia,OP,54071068,SIPO,Servicios del Hogar,7034.0
33006,2444,2951,F,48,1997-09-07,76,Sumperk,north Moravia,OP,60390728,LEASING,Arrendamiento / Leasing,2932.0
33007,2445,2952,F,20,1996-07-07,52,Usti nad Orlici,east Bohemia,ST,37553960,UVER,Cuota de Prestamo,4886.0
33008,2446,2953,M,62,1995-01-16,3,Beroun,central Bohemia,KL,93986022,SIPO,Servicios del Hogar,6372.0
33009,2447,2954,F,39,1997-07-14,38,Louny,north Bohemia,WX,57538109,SIPO,Servicios del Hogar,6911.0
33010,2448,2956,M,59,1997-05-11,23,Cheb,west Bohemia,MN,56000006,SIPO,Servicios del Hogar,1067.0
33011,2448,2956,M,59,1997-05-11,23,Cheb,west Bohemia,CD,6193393,SIN_ESPECIFICAR,Sin Especificar,1193.0
33012,2450,2958,M,23,1996-04-10,48,Rychnov nad Kneznou,east Bohemia,OP,34500575,SIPO,Servicios del Hogar,1455.0
33013,2450,2958,M,23,1996-04-10,48,Rychnov nad Kneznou,east Bohemia,KL,21773249,SIN_ESPECIFICAR,Sin Especificar,7915.0
33014,2451,2959,M,41,1997-04-29,54,Brno - mesto,south Moravia,IJ,55826187,SIPO,Servicios del Hogar,6944.0
33015,2452,2960,M,70,1997-07-14,1,Hl.m. Praha,Prague,WX,99223190,SIPO,Servicios del Hogar,3244.0
33016,2453,2962,M,60,1993-03-08,1,Hl.m. Praha,Prague,UV,32186746,SIPO,Servicios del Hogar,2190.0
33017,2455,2965,F,80,1997-02-06,30,Sokolov,west Bohemia,OP,28967535,SIPO,Servicios del Hogar,3262.0
33018,2456,2966,M,43,1995-09-09,65,Znojmo,south Moravia,YZ,58417534,UVER,Cuota de Prestamo,4187.0
33019,2456,2966,M,43,1995-09-09,65,Znojmo,south Moravia,KL,71291804,SIPO,Servicios del Hogar,9554.0
33020,2457,2967,F,37,1993-11-11,76,Sumperk,north Moravia,UV,35646599,SIPO,Servicios del Hogar,3834.0
33021,2459,2969,M,75,1997-09-10,55,Brno - venkov,south Moravia,ST,65574568,SIPO,Servicios del Hogar,1971.0
33022,2460,2971,F,21,1993-11-22,1,Hl.m. Praha,Prague,MN,22791433,LEASING,Arrendamiento / Leasing,435.0
33024,2463,2974,F,47,1994-10-11,56,Breclav,south Moravia,YZ,79603081,SIPO,Servicios del Hogar,3077.0
33025,2464,2975,F,55,1993-07-02,33,Decin,north Bohemia,WX,54447740,LEASING,Arrendamiento / Leasing,2592.0
33026,2464,2975,F,55,1993-07-02,33,Decin,north Bohemia,ST,28556400,SIPO,Servicios del Hogar,5555.0
33027,2464,2975,F,55,1993-07-02,33,Decin,north Bohemia,KL,74763947,SIN_ESPECIFICAR,Sin Especificar,4681.0
33028,2465,2976,F,76,1996-10-06,57,Hodonin,south Moravia,KL,48546957,SIPO,Servicios del Hogar,454.0
33029,2465,2976,F,76,1996-10-06,57,Hodonin,south Moravia,IJ,23477942,SIPO,Servicios del Hogar,3176.0
33030,2466,2977,M,35,1997-04-11,39,Most,north Bohemia,WX,78467875,SIPO,Servicios del Hogar,37.0
33031,2466,2977,M,35,1997-04-11,39,Most,north Bohemia,IJ,40924441,SIN_ESPECIFICAR,Sin Especificar,3733.0
33032,2467,2978,F,50,1993-05-29,33,Decin,north Bohemia,IJ,55811417,SIPO,Servicios del Hogar,5332.0
33033,2468,2979,F,37,1996-07-13,4,Kladno,central Bohemia,QR,32765186,SIPO,Servicios del Hogar,2094.0
33034,2469,2980,M,24,1996-02-05,11,Praha - zapad,central Bohemia,IJ,48410499,SIPO,Servicios del Hogar,2220.0
33035,2470,2981,F,49,1994-07-23,16,Jindrichuv Hradec,south Bohemia,CD,71474998,SIPO,Servicios del Hogar,4511.0
33036,2470,2981,F,49,1994-07-23,16,Jindrichuv Hradec,south Bohemia,GH,17039579,SIN_ESPECIFICAR,Sin Especificar,2105.0
33037,2470,2981,F,49,1994-07-23,16,Jindrichuv Hradec,south Bohemia,IJ,7093429,POJISTNE,Pago de Seguros,1042.0
33038,2471,2982,F,25,1994-07-03,6,Kutna Hora,central Bohemia,CD,40398550,SIPO,Servicios del Hogar,3277.0
33039,2471,2982,F,25,1994-07-03,6,Kutna Hora,central Bohemia,EF,20720190,SIN_ESPECIFICAR,Sin Especificar,1347.0
33040,2471,2982,F,25,1994-07-03,6,Kutna Hora,central Bohemia,UV,61662065,POJISTNE,Pago de Seguros,363.0
33041,2471,2982,F,25,1994-07-03,6,Kutna Hora,central Bohemia,KL,585544,SIN_ESPECIFICAR,Sin Especificar,205.0
33042,2472,2984,F,35,1994-02-08,60,Prostejov,south Moravia,CD,61095434,SIPO,Servicios del Hogar,4109.0
33043,2472,2984,F,35,1994-02-08,60,Prostejov,south Moravia,OP,22120690,LEASING,Arrendamiento / Leasing,1233.0
33044,2473,2986,M,46,1996-02-16,14,Ceske Budejovice,south Bohemia,IJ,16836262,SIPO,Servicios del Hogar,1760.0
33045,2473,2986,M,46,1996-02-16,14,Ceske Budejovice,south Bohemia,IJ,87259512,SIN_ESPECIFICAR,Sin Especificar,236.0
33046,2474,2988,M,37,1996-04-20,33,Decin,north Bohemia,QR,31394452,SIPO,Servicios del Hogar,121.0
33047,2474,2988,M,37,1996-04-20,33,Decin,north Bohemia,AB,28422999,SIN_ESPECIFICAR,Sin Especificar,2251.0
33048,2475,2989,F,49,1996-10-13,17,Pelhrimov,south Bohemia,OP,27521276,SIPO,Servicios del Hogar,166.0
33049,2475,2989,F,49,1996-10-13,17,Pelhrimov,south Bohemia,ST,76343703,SIN_ESPECIFICAR,Sin Especificar,804.0
33050,2475,2989,F,49,1996-10-13,17,Pelhrimov,south Bohemia,AB,198555,POJISTNE,Pago de Seguros,3479.0
33051,2475,2989,F,49,1996-10-13,17,Pelhrimov,south Bohemia,GH,16848689,SIN_ESPECIFICAR,Sin Especificar,3829.0
33052,2476,2990,F,60,1993-12-12,32,Ceska Lipa,north Bohemia,IJ,23237085,SIPO,Servicios del Hogar,2854.0
33053,2477,2992,M,32,1997-02-11,11,Praha - zapad,central Bohemia,EF,3161973,SIPO,Servicios del Hogar,3096.0
33056,2479,2994,M,35,1993-10-09,18,Pisek,south Bohemia,AB,99287282,SIPO,Servicios del Hogar,3022.0
33057,2479,2994,M,35,1993-10-09,18,Pisek,south Bohemia,ST,56431281,SIN_ESPECIFICAR,Sin Especificar,765.0
33058,2479,2994,M,35,1993-10-09,18,Pisek,south Bohemia,KL,86809700,POJISTNE,Pago de Seguros,204.0
33059,2480,2995,F,57,1997-09-07,35,Jablonec n. Nisou,north Bohemia,YZ,46494776,LEASING,Arrendamiento / Leasing,3022.0
33060,2482,2997,F,57,1994-02-23,1,Hl.m. Praha,Prague,AB,35457408,SIPO,Servicios del Hogar,7381.0
33061,2482,2997,F,57,1994-02-23,1,Hl.m. Praha,Prague,KL,67559063,SIN_ESPECIFICAR,Sin Especificar,127.0
33062,2482,2997,F,57,1994-02-23,1,Hl.m. Praha,Prague,AB,8125150,POJISTNE,Pago de Seguros,85.0
33063,2482,2997,F,57,1994-02-23,1,Hl.m. Praha,Prague,CD,27061575,SIN_ESPECIFICAR,Sin Especificar,55.0
33064,2482,2997,F,57,1994-02-23,1,Hl.m. Praha,Prague,WX,51882064,LEASING,Arrendamiento / Leasing,1721.0
33065,2483,2998,M,37,1996-09-29,1,Hl.m. Praha,Prague,KL,97563403,SIPO,Servicios del Hogar,4996.0
33066,2483,2998,M,37,1996-09-29,1,Hl.m. Praha,Prague,GH,9561491,SIN_ESPECIFICAR,Sin Especificar,4926.0
33067,2484,2999,F,19,1993-01-03,74,Ostrava - mesto,north Moravia,OP,3728384,SIPO,Servicios del Hogar,2343.0
33068,2484,2999,F,19,1993-01-03,74,Ostrava - mesto,north Moravia,OP,83567636,SIN_ESPECIFICAR,Sin Especificar,538.0
33069,2484,2999,F,19,1993-01-03,74,Ostrava - mesto,north Moravia,GH,75644820,POJISTNE,Pago de Seguros,599.0
33070,2484,2999,F,19,1993-01-03,74,Ostrava - mesto,north Moravia,ST,72945260,SIN_ESPECIFICAR,Sin Especificar,1390.0
33071,2485,3000,F,70,1997-08-18,41,Usti nad Labem,north Bohemia,UV,69825196,SIPO,Servicios del Hogar,1944.0
33072,2486,3001,M,40,1993-02-27,1,Hl.m. Praha,Prague,OP,68277156,UVER,Cuota de Prestamo,2043.0
33073,2487,3002,F,43,1995-10-22,42,Havlickuv Brod,east Bohemia,GH,18209791,SIPO,Servicios del Hogar,1828.0
33074,2487,3002,F,43,1995-10-22,42,Havlickuv Brod,east Bohemia,CD,60394644,SIN_ESPECIFICAR,Sin Especificar,228.0
33075,2487,3002,F,43,1995-10-22,42,Havlickuv Brod,east Bohemia,OP,9106064,POJISTNE,Pago de Seguros,842.0
33076,2487,3002,F,43,1995-10-22,42,Havlickuv Brod,east Bohemia,OP,85525637,SIN_ESPECIFICAR,Sin Especificar,262.0
33077,2487,3002,F,43,1995-10-22,42,Havlickuv Brod,east Bohemia,ST,90879106,LEASING,Arrendamiento / Leasing,1557.0
33078,2488,3003,F,25,1993-04-06,5,Kolin,central Bohemia,UV,25563156,SIPO,Servicios del Hogar,2030.0
33079,2489,3005,M,67,1993-03-09,72,Olomouc,north Moravia,KL,75944941,SIPO,Servicios del Hogar,3854.0
33080,2490,3006,F,25,1995-02-21,22,Domazlice,west Bohemia,ST,36983788,SIPO,Servicios del Hogar,3526.0
33081,2490,3006,F,25,1995-02-21,22,Domazlice,west Bohemia,MN,39699643,SIN_ESPECIFICAR,Sin Especificar,649.0
33082,2491,3007,M,34,1996-03-01,76,Sumperk,north Moravia,ST,7648384,SIPO,Servicios del Hogar,1.0
33083,2491,3007,M,34,1996-03-01,76,Sumperk,north Moravia,OP,47771161,SIN_ESPECIFICAR,Sin Especificar,3232.0
33084,2492,3008,M,79,1997-09-01,73,Opava,north Moravia,ST,72453939,SIPO,Servicios del Hogar,3235.0
33085,2492,3008,M,79,1997-09-01,73,Opava,north Moravia,GH,49046558,SIPO,Servicios del Hogar,506.0
33086,2493,3009,F,41,1993-03-29,62,Uherske Hradiste,south Moravia,EF,91739165,SIPO,Servicios del Hogar,5375.0
33087,2494,3011,M,43,1994-04-23,74,Ostrava - mesto,north Moravia,AB,82410615,SIPO,Servicios del Hogar,693.0
33088,2494,3011,M,43,1994-04-23,74,Ostrava - mesto,north Moravia,AB,22744047,SIN_ESPECIFICAR,Sin Especificar,4206.0
33089,2494,3011,M,43,1994-04-23,74,Ostrava - mesto,north Moravia,IJ,88460433,POJISTNE,Pago de Seguros,2247.0
33090,2495,3012,F,43,1997-03-19,70,Karvina,north Moravia,MN,76154935,LEASING,Arrendamiento / Leasing,856.0
33091,2496,3013,F,48,1994-05-21,51,Trutnov,east Bohemia,GH,76618009,SIPO,Servicios del Hogar,4982.0
33092,2496,3013,F,48,1994-05-21,51,Trutnov,east Bohemia,MN,51870715,UVER,Cuota de Prestamo,2752.0
33093,2497,3015,M,46,1993-03-16,65,Znojmo,south Moravia,IJ,38673484,SIPO,Servicios del Hogar,3970.0
33094,2497,3015,M,46,1993-03-16,65,Znojmo,south Moravia,ST,83746605,LEASING,Arrendamiento / Leasing,1871.0
33095,2498,3016,M,21,1996-03-01,40,Teplice,north Bohemia,AB,17819351,SIPO,Servicios del Hogar,4223.0
33096,2498,3016,M,21,1996-03-01,40,Teplice,north Bohemia,QR,47083485,LEASING,Arrendamiento / Leasing,1798.0
33097,2499,3017,M,57,1996-02-08,2,Benesov,central Bohemia,EF,26827723,SIPO,Servicios del Hogar,112.0
33098,2499,3017,M,57,1996-02-08,2,Benesov,central Bohemia,ST,97045737,SIN_ESPECIFICAR,Sin Especificar,1933.0
33099,2499,3017,M,57,1996-02-08,2,Benesov,central Bohemia,EF,12857330,POJISTNE,Pago de Seguros,1858.0
33100,2501,3019,M,29,1994-02-26,30,Sokolov,west Bohemia,YZ,82897442,SIPO,Servicios del Hogar,524.0
33101,2501,3019,M,29,1994-02-26,30,Sokolov,west Bohemia,QR,42648118,SIN_ESPECIFICAR,Sin Especificar,3142.0
33102,2501,3019,M,29,1994-02-26,30,Sokolov,west Bohemia,ST,57752704,POJISTNE,Pago de Seguros,745.0
33103,2502,3020,F,56,1996-10-21,32,Ceska Lipa,north Bohemia,QR,18609726,SIPO,Servicios del Hogar,3885.0
33104,2503,3021,M,37,1993-03-05,1,Hl.m. Praha,Prague,CD,10819483,SIPO,Servicios del Hogar,6279.0
33105,2504,3023,M,39,1993-12-09,16,Jindrichuv Hradec,south Bohemia,KL,41117668,SIPO,Servicios del Hogar,5513.0
33106,2505,3024,M,69,1996-05-16,60,Prostejov,south Moravia,WX,57194352,SIPO,Servicios del Hogar,136.0
33107,2505,3024,M,69,1996-05-16,60,Prostejov,south Moravia,KL,87996345,SIPO,Servicios del Hogar,1825.0
33108,2506,3026,M,51,1996-07-12,22,Domazlice,west Bohemia,AB,40525519,SIPO,Servicios del Hogar,10076.0
33109,2507,3027,M,39,1996-12-28,62,Uherske Hradiste,south Moravia,ST,59955376,SIPO,Servicios del Hogar,4556.0
33110,2508,3028,F,66,1993-03-14,34,Chomutov,north Bohemia,GH,89408212,SIPO,Servicios del Hogar,2193.0
33111,2509,3029,M,28,1997-06-13,43,Hradec Kralove,east Bohemia,OP,85724323,SIPO,Servicios del Hogar,7073.0
33112,2509,3029,M,28,1997-06-13,43,Hradec Kralove,east Bohemia,AB,73543202,SIN_ESPECIFICAR,Sin Especificar,4377.0
33113,2509,3029,M,28,1997-06-13,43,Hradec Kralove,east Bohemia,OP,83953725,POJISTNE,Pago de Seguros,1950.0
33114,2510,3030,F,22,1993-08-28,61,Trebic,south Moravia,EF,59125840,SIPO,Servicios del Hogar,6922.0
33115,2510,3030,F,22,1993-08-28,61,Trebic,south Moravia,CD,54819261,SIN_ESPECIFICAR,Sin Especificar,92.0
33116,2510,3030,F,22,1993-08-28,61,Trebic,south Moravia,QR,50671142,POJISTNE,Pago de Seguros,904.0
33117,2511,3031,F,33,1994-05-01,40,Teplice,north Bohemia,KL,56617802,SIPO,Servicios del Hogar,2696.0
33118,2511,3031,F,33,1994-05-01,40,Teplice,north Bohemia,ST,88212847,SIN_ESPECIFICAR,Sin Especificar,3059.0
33121,2513,3035,M,34,1993-07-22,70,Karvina,north Moravia,YZ,17385280,SIPO,Servicios del Hogar,2655.0
33122,2514,3036,F,57,1995-08-13,16,Jindrichuv Hradec,south Bohemia,GH,46998095,SIPO,Servicios del Hogar,4001.0
33123,2516,3038,F,52,1995-11-16,6,Kutna Hora,central Bohemia,AB,61216103,UVER,Cuota de Prestamo,9721.0
33124,2517,3039,F,29,1996-11-10,55,Brno - venkov,south Moravia,CD,67803686,SIPO,Servicios del Hogar,11769.0
33126,2519,3041,F,71,1993-01-15,4,Kladno,central Bohemia,OP,87381881,SIPO,Servicios del Hogar,1599.0
33127,2520,3042,F,30,1995-07-25,18,Pisek,south Bohemia,CD,39163434,SIPO,Servicios del Hogar,2355.0
33128,2521,3043,F,47,1995-05-19,63,Vyskov,south Moravia,ST,64551746,SIPO,Servicios del Hogar,6002.0
33129,2523,3045,F,48,1993-05-11,10,Praha - vychod,central Bohemia,OP,19635182,SIPO,Servicios del Hogar,1819.0
33130,2523,3045,F,48,1993-05-11,10,Praha - vychod,central Bohemia,UV,19039827,SIN_ESPECIFICAR,Sin Especificar,82.0
33131,2523,3045,F,48,1993-05-11,10,Praha - vychod,central Bohemia,KL,57632476,POJISTNE,Pago de Seguros,41.0
33132,2523,3045,F,48,1993-05-11,10,Praha - vychod,central Bohemia,GH,1038826,SIN_ESPECIFICAR,Sin Especificar,73.0
33133,2524,3046,F,73,1994-12-19,1,Hl.m. Praha,Prague,ST,64186239,SIPO,Servicios del Hogar,2550.0
33134,2525,3047,M,23,1995-05-08,45,Jicin,east Bohemia,ST,21251112,SIPO,Servicios del Hogar,2408.0
33135,2525,3047,M,23,1995-05-08,45,Jicin,east Bohemia,GH,99278032,SIN_ESPECIFICAR,Sin Especificar,2929.0
33136,2526,3048,F,75,1996-07-04,16,Jindrichuv Hradec,south Bohemia,EF,82399522,SIPO,Servicios del Hogar,3964.0
33137,2527,3049,M,31,1993-03-19,38,Louny,north Bohemia,YZ,75348806,LEASING,Arrendamiento / Leasing,2323.0
33138,2527,3049,M,31,1993-03-19,38,Louny,north Bohemia,CD,27758234,SIPO,Servicios del Hogar,5774.0
33139,2528,3051,M,70,1993-03-25,65,Znojmo,south Moravia,UV,51561528,SIPO,Servicios del Hogar,2824.0
33143,2530,3054,M,40,1996-07-02,74,Ostrava - mesto,north Moravia,KL,33356398,SIPO,Servicios del Hogar,99.0
33144,2530,3054,M,40,1996-07-02,74,Ostrava - mesto,north Moravia,KL,76112597,SIN_ESPECIFICAR,Sin Especificar,4379.0
33145,2530,3054,M,40,1996-07-02,74,Ostrava - mesto,north Moravia,GH,66858243,POJISTNE,Pago de Seguros,3698.0
33146,2531,3055,M,67,1996-12-21,51,Trutnov,east Bohemia,KL,74343323,SIPO,Servicios del Hogar,1614.0
33147,2532,3056,F,39,1996-12-24,38,Louny,north Bohemia,GH,75780755,SIPO,Servicios del Hogar,12133.0
33148,2534,3059,M,21,1993-06-03,61,Trebic,south Moravia,CD,6917608,SIPO,Servicios del Hogar,2190.0
33149,2534,3059,M,21,1993-06-03,61,Trebic,south Moravia,MN,32907408,SIN_ESPECIFICAR,Sin Especificar,1220.0
33150,2535,3060,M,38,1997-01-21,61,Trebic,south Moravia,OP,1460,SIPO,Servicios del Hogar,4273.0
33151,2535,3060,M,38,1997-01-21,61,Trebic,south Moravia,QR,20700508,SIN_ESPECIFICAR,Sin Especificar,90.0
33152,2535,3060,M,38,1997-01-21,61,Trebic,south Moravia,QR,5892384,POJISTNE,Pago de Seguros,153.0
33153,2536,3062,F,68,1994-10-28,41,Usti nad Labem,north Bohemia,WX,6038499,SIPO,Servicios del Hogar,3136.0
33154,2537,3063,M,27,1997-02-09,27,Plzen - jih,west Bohemia,UV,70319515,SIPO,Servicios del Hogar,13540.0
33155,2538,3064,M,68,1994-01-30,42,Havlickuv Brod,east Bohemia,EF,79103833,SIPO,Servicios del Hogar,3689.0
33156,2539,3065,F,77,1997-04-24,24,Karlovy Vary,west Bohemia,MN,2063680,SIPO,Servicios del Hogar,1919.0
33157,2539,3065,F,77,1997-04-24,24,Karlovy Vary,west Bohemia,MN,22129971,SIPO,Servicios del Hogar,1904.0
33158,2541,3067,F,46,1994-11-08,57,Hodonin,south Moravia,IJ,5857146,SIPO,Servicios del Hogar,1822.0
33159,2541,3067,F,46,1994-11-08,57,Hodonin,south Moravia,ST,76871382,SIN_ESPECIFICAR,Sin Especificar,2238.0
33160,2541,3067,F,46,1994-11-08,57,Hodonin,south Moravia,GH,47231644,POJISTNE,Pago de Seguros,1897.0
33161,2542,3069,M,55,1993-08-07,21,Tabor,south Bohemia,UV,28103435,SIPO,Servicios del Hogar,435.0
33162,2542,3069,M,55,1993-08-07,21,Tabor,south Bohemia,AB,12512219,SIN_ESPECIFICAR,Sin Especificar,2637.0
33163,2542,3069,M,55,1993-08-07,21,Tabor,south Bohemia,YZ,40178102,POJISTNE,Pago de Seguros,308.0
33164,2543,3070,M,78,1993-02-13,68,Frydek - Mistek,north Moravia,GH,60684478,SIPO,Servicios del Hogar,2145.0
33165,2544,3071,F,31,1996-12-04,38,Louny,north Bohemia,ST,91578411,SIPO,Servicios del Hogar,2920.0
33166,2544,3071,F,31,1996-12-04,38,Louny,north Bohemia,GH,94170903,SIN_ESPECIFICAR,Sin Especificar,556.0
33167,2544,3071,F,31,1996-12-04,38,Louny,north Bohemia,EF,9338546,POJISTNE,Pago de Seguros,33.0
33168,2544,3071,F,31,1996-12-04,38,Louny,north Bohemia,YZ,63550382,SIN_ESPECIFICAR,Sin Especificar,5.0
33169,2545,3072,M,62,1996-12-04,1,Hl.m. Praha,Prague,AB,584811,SIPO,Servicios del Hogar,2637.0
33170,2545,3072,M,62,1996-12-04,1,Hl.m. Praha,Prague,ST,28254646,SIN_ESPECIFICAR,Sin Especificar,671.0
33171,2545,3072,M,62,1996-12-04,1,Hl.m. Praha,Prague,GH,74550294,POJISTNE,Pago de Seguros,713.0
33172,2545,3072,M,62,1996-12-04,1,Hl.m. Praha,Prague,ST,49701792,UVER,Cuota de Prestamo,8933.0
33173,2546,3074,M,40,1994-12-08,1,Hl.m. Praha,Prague,ST,27307683,LEASING,Arrendamiento / Leasing,4897.0
33174,2546,3074,M,40,1994-12-08,1,Hl.m. Praha,Prague,YZ,65769809,SIPO,Servicios del Hogar,2985.0
33175,2546,3074,M,40,1994-12-08,1,Hl.m. Praha,Prague,KL,17094719,SIN_ESPECIFICAR,Sin Especificar,1152.0
33176,2546,3074,M,40,1994-12-08,1,Hl.m. Praha,Prague,MN,91997658,POJISTNE,Pago de Seguros,480.0
33177,2547,3075,M,57,1995-04-28,74,Ostrava - mesto,north Moravia,KL,21153784,SIPO,Servicios del Hogar,5492.0
33178,2549,3077,F,64,1993-11-12,74,Ostrava - mesto,north Moravia,YZ,75947034,SIPO,Servicios del Hogar,2085.0
33179,2550,3079,M,55,1995-11-11,67,Bruntal,north Moravia,AB,94691901,SIPO,Servicios del Hogar,6828.0
33180,2550,3079,M,55,1995-11-11,67,Bruntal,north Moravia,MN,80567723,SIN_ESPECIFICAR,Sin Especificar,403.0
33181,2550,3079,M,55,1995-11-11,67,Bruntal,north Moravia,GH,78013139,POJISTNE,Pago de Seguros,67.0
33182,2550,3079,M,55,1995-11-11,67,Bruntal,north Moravia,ST,71683752,SIN_ESPECIFICAR,Sin Especificar,49.0
33183,2551,3080,F,47,1996-02-08,5,Kolin,central Bohemia,AB,68646061,LEASING,Arrendamiento / Leasing,2390.0
33184,2551,3080,F,47,1996-02-08,5,Kolin,central Bohemia,WX,58459019,SIPO,Servicios del Hogar,11601.0
33185,2551,3080,F,47,1996-02-08,5,Kolin,central Bohemia,WX,38843870,SIN_ESPECIFICAR,Sin Especificar,2818.0
33186,2552,3082,F,19,1993-07-01,52,Usti nad Orlici,east Bohemia,GH,17411059,SIPO,Servicios del Hogar,7035.0
33187,2553,3083,M,27,1995-07-24,41,Usti nad Labem,north Bohemia,YZ,41427993,SIPO,Servicios del Hogar,9687.0
33188,2554,3084,F,47,1993-06-18,36,Liberec,north Bohemia,CD,41483783,SIPO,Servicios del Hogar,7607.0
33189,2555,3085,F,52,1993-03-10,53,Blansko,south Moravia,QR,57132226,SIPO,Servicios del Hogar,5464.0
33190,2555,3085,F,52,1993-03-10,53,Blansko,south Moravia,AB,73481118,SIN_ESPECIFICAR,Sin Especificar,2261.0
33191,2556,3087,F,39,1997-10-19,46,Nachod,east Bohemia,WX,2889705,SIPO,Servicios del Hogar,2006.0
33192,2557,3088,M,48,1993-11-17,40,Teplice,north Bohemia,YZ,31457412,SIPO,Servicios del Hogar,2806.0
33193,2558,3089,M,24,1997-08-04,46,Nachod,east Bohemia,CD,46043479,SIPO,Servicios del Hogar,1982.0
33194,2559,3090,M,30,1995-06-01,32,Ceska Lipa,north Bohemia,AB,54144173,SIPO,Servicios del Hogar,5123.0
33195,2560,3091,F,32,1997-06-20,15,Cesky Krumlov,south Bohemia,CD,63472384,SIPO,Servicios del Hogar,1146.0
33196,2560,3091,F,32,1997-06-20,15,Cesky Krumlov,south Bohemia,IJ,44398903,SIN_ESPECIFICAR,Sin Especificar,4445.0
33197,2561,3092,F,31,1996-09-29,59,Kromeriz,south Moravia,CD,62003558,SIPO,Servicios del Hogar,7764.0
33198,2562,3093,M,32,1995-08-15,35,Jablonec n. Nisou,north Bohemia,EF,27375477,SIPO,Servicios del Hogar,2235.0
33199,2563,3094,M,48,1995-01-17,48,Rychnov nad Kneznou,east Bohemia,YZ,67025834,SIPO,Servicios del Hogar,2984.0
33200,2564,3095,M,45,1997-06-03,36,Liberec,north Bohemia,GH,96319454,SIPO,Servicios del Hogar,8086.0
33201,2567,3098,M,60,1996-01-07,17,Pelhrimov,south Bohemia,OP,14598107,SIPO,Servicios del Hogar,2574.0
33202,2568,3099,M,33,1994-03-02,17,Pelhrimov,south Bohemia,KL,34637659,SIPO,Servicios del Hogar,5228.0
33203,2568,3099,M,33,1994-03-02,17,Pelhrimov,south Bohemia,MN,1379150,SIN_ESPECIFICAR,Sin Especificar,1086.0
33204,2568,3099,M,33,1994-03-02,17,Pelhrimov,south Bohemia,OP,99602746,POJISTNE,Pago de Seguros,306.0
33205,2569,3100,M,67,1994-06-10,2,Benesov,central Bohemia,OP,55144518,SIPO,Servicios del Hogar,463.0
33206,2569,3100,M,67,1994-06-10,2,Benesov,central Bohemia,IJ,14173150,SIPO,Servicios del Hogar,1871.0
33207,2570,3101,M,57,1995-12-19,1,Hl.m. Praha,Prague,KL,48350596,SIPO,Servicios del Hogar,2051.0
33208,2572,3103,F,25,1994-11-13,64,Zlin,south Moravia,ST,86283236,UVER,Cuota de Prestamo,7500.0
33209,2574,3105,M,51,1993-02-02,68,Frydek - Mistek,north Moravia,ST,61405271,SIPO,Servicios del Hogar,9546.0
33210,2575,3106,F,70,1997-04-13,72,Olomouc,north Moravia,ST,15963220,SIPO,Servicios del Hogar,407.0
33211,2575,3106,F,70,1997-04-13,72,Olomouc,north Moravia,UV,83146077,SIPO,Servicios del Hogar,2171.0
33212,2576,3107,M,38,1993-09-02,1,Hl.m. Praha,Prague,IJ,24689656,SIPO,Servicios del Hogar,8106.0
33213,2577,3109,F,66,1995-07-30,7,Melnik,central Bohemia,QR,745589,SIPO,Servicios del Hogar,3347.0
33214,2578,3110,M,67,1996-03-25,54,Brno - mesto,south Moravia,EF,27696168,SIPO,Servicios del Hogar,2846.0
33215,2579,3112,M,59,1997-10-18,24,Karlovy Vary,west Bohemia,OP,96343248,SIPO,Servicios del Hogar,2688.0
33216,2580,3113,F,27,1995-11-09,60,Prostejov,south Moravia,AB,96968262,SIPO,Servicios del Hogar,5016.0
33217,2580,3113,F,27,1995-11-09,60,Prostejov,south Moravia,KL,10807258,UVER,Cuota de Prestamo,1489.0
33218,2581,3115,M,37,1993-03-11,72,Olomouc,north Moravia,OP,81132262,SIPO,Servicios del Hogar,4769.0
33219,2582,3116,M,47,1993-11-01,28,Plzen - sever,west Bohemia,EF,97059088,SIPO,Servicios del Hogar,1381.0
33220,2582,3116,M,47,1993-11-01,28,Plzen - sever,west Bohemia,ST,12887466,SIN_ESPECIFICAR,Sin Especificar,1748.0
33221,2583,3117,F,57,1993-05-11,62,Uherske Hradiste,south Moravia,YZ,60918307,LEASING,Arrendamiento / Leasing,415.0
33222,2584,3119,F,62,1993-07-08,50,Svitavy,east Bohemia,OP,90582960,SIPO,Servicios del Hogar,994.0
33223,2584,3119,F,62,1993-07-08,50,Svitavy,east Bohemia,ST,98448490,SIPO,Servicios del Hogar,582.0
33224,2588,3124,F,40,1993-12-04,5,Kolin,central Bohemia,MN,69929891,SIPO,Servicios del Hogar,6509.0
33225,2589,3125,F,76,1996-12-04,10,Praha - vychod,central Bohemia,YZ,35212731,SIPO,Servicios del Hogar,2236.0
33226,2589,3125,F,76,1996-12-04,10,Praha - vychod,central Bohemia,AB,55523544,SIPO,Servicios del Hogar,1458.0
33227,2590,3126,M,60,1996-12-04,47,Pardubice,east Bohemia,YZ,34911799,SIPO,Servicios del Hogar,1300.0
33228,2590,3126,M,60,1996-12-04,47,Pardubice,east Bohemia,KL,50073719,SIN_ESPECIFICAR,Sin Especificar,660.0
33229,2590,3126,M,60,1996-12-04,47,Pardubice,east Bohemia,MN,76566916,POJISTNE,Pago de Seguros,60.0
33230,2591,3127,F,78,1996-05-06,1,Hl.m. Praha,Prague,OP,4184359,SIPO,Servicios del Hogar,3301.0
33231,2592,3128,F,54,1993-09-01,69,Jesenik,north Moravia,KL,8464664,SIPO,Servicios del Hogar,5129.0
33232,2593,3129,F,52,1996-07-06,5,Kolin,central Bohemia,MN,41153532,SIPO,Servicios del Hogar,7300.0
33233,2594,3130,F,43,1997-05-03,19,Prachatice,south Bohemia,GH,34011191,LEASING,Arrendamiento / Leasing,1189.0
33234,2594,3130,F,43,1997-05-03,19,Prachatice,south Bohemia,CD,21398240,SIPO,Servicios del Hogar,10912.0
33235,2594,3130,F,43,1997-05-03,19,Prachatice,south Bohemia,OP,75519376,SIN_ESPECIFICAR,Sin Especificar,506.0
33236,2595,3131,F,63,1997-08-17,1,Hl.m. Praha,Prague,ST,2264398,SIPO,Servicios del Hogar,3481.0
33237,2596,3132,F,23,1994-09-02,1,Hl.m. Praha,Prague,EF,34919470,SIPO,Servicios del Hogar,2285.0
33238,2597,3133,F,25,1997-03-16,31,Tachov,west Bohemia,YZ,16589868,SIPO,Servicios del Hogar,1398.0
33239,2597,3133,F,25,1997-03-16,31,Tachov,west Bohemia,MN,7596224,SIN_ESPECIFICAR,Sin Especificar,1957.0
33241,2600,3136,M,35,1996-02-13,1,Hl.m. Praha,Prague,AB,15214342,SIPO,Servicios del Hogar,4379.0
33242,2602,3139,F,42,1996-06-17,46,Nachod,east Bohemia,QR,62890523,SIPO,Servicios del Hogar,1332.0
33243,2602,3139,F,42,1996-06-17,46,Nachod,east Bohemia,WX,59156989,SIN_ESPECIFICAR,Sin Especificar,4073.0
33244,2603,3141,F,73,1996-06-14,9,Nymburk,central Bohemia,ST,30168819,SIPO,Servicios del Hogar,3210.0
33245,2604,3142,M,79,1996-07-04,68,Frydek - Mistek,north Moravia,OP,53184521,SIPO,Servicios del Hogar,3965.0
33246,2605,3143,F,54,1996-01-10,21,Tabor,south Bohemia,WX,47577834,SIPO,Servicios del Hogar,4245.0
33247,2606,3144,M,79,1994-07-27,1,Hl.m. Praha,Prague,AB,91720389,SIPO,Servicios del Hogar,31.0
33248,2606,3144,M,79,1994-07-27,1,Hl.m. Praha,Prague,GH,97712260,SIPO,Servicios del Hogar,2443.0
33249,2607,3146,M,50,1997-08-19,1,Hl.m. Praha,Prague,IJ,86115359,SIPO,Servicios del Hogar,1433.0
33250,2607,3146,M,50,1997-08-19,1,Hl.m. Praha,Prague,GH,82425427,SIN_ESPECIFICAR,Sin Especificar,755.0
33251,2607,3146,M,50,1997-08-19,1,Hl.m. Praha,Prague,EF,72089344,POJISTNE,Pago de Seguros,882.0
33252,2607,3146,M,50,1997-08-19,1,Hl.m. Praha,Prague,UV,50356459,LEASING,Arrendamiento / Leasing,1570.0
33253,2608,3147,F,34,1995-08-09,19,Prachatice,south Bohemia,OP,78614222,SIPO,Servicios del Hogar,4788.0
33254,2609,3148,M,56,1993-05-03,73,Opava,north Moravia,WX,66515242,LEASING,Arrendamiento / Leasing,4882.0
33255,2610,3150,F,66,1996-12-20,54,Brno - mesto,south Moravia,QR,8855772,SIPO,Servicios del Hogar,1842.0
33256,2612,3152,M,62,1997-04-29,1,Hl.m. Praha,Prague,WX,2631092,LEASING,Arrendamiento / Leasing,2260.0
33257,2613,3153,M,74,1993-10-03,26,Plzen - mesto,west Bohemia,ST,6268191,SIPO,Servicios del Hogar,941.0
33258,2613,3153,M,74,1993-10-03,26,Plzen - mesto,west Bohemia,GH,49477297,SIPO,Servicios del Hogar,2154.0
33259,2614,3155,F,25,1996-09-11,44,Chrudim,east Bohemia,UV,83787446,SIPO,Servicios del Hogar,2152.0
33260,2616,3157,F,56,1993-08-17,1,Hl.m. Praha,Prague,IJ,7358169,SIPO,Servicios del Hogar,8188.0
33261,2617,3158,F,58,1993-09-24,1,Hl.m. Praha,Prague,QR,48354953,SIPO,Servicios del Hogar,166.0
33262,2617,3158,F,58,1993-09-24,1,Hl.m. Praha,Prague,OP,4205275,SIN_ESPECIFICAR,Sin Especificar,1867.0
33263,2618,3159,M,68,1993-03-21,60,Prostejov,south Moravia,WX,72358518,SIPO,Servicios del Hogar,3223.0
33264,2619,3160,M,47,1996-05-13,20,Strakonice,south Bohemia,AB,54822903,SIPO,Servicios del Hogar,5454.0
33265,2620,3161,M,18,1993-08-03,22,Domazlice,west Bohemia,YZ,32839107,SIPO,Servicios del Hogar,3855.0
33266,2621,3162,M,38,1995-10-29,55,Brno - venkov,south Moravia,AB,59638219,SIPO,Servicios del Hogar,2819.0
33267,2622,3163,F,34,1996-08-21,1,Hl.m. Praha,Prague,YZ,32006168,SIPO,Servicios del Hogar,7067.0
33268,2622,3163,F,34,1996-08-21,1,Hl.m. Praha,Prague,EF,66704517,UVER,Cuota de Prestamo,5681.0
33269,2623,3165,F,22,1993-10-09,58,Jihlava,south Moravia,EF,52708911,SIPO,Servicios del Hogar,2891.0
33270,2624,3166,M,43,1996-03-28,31,Tachov,west Bohemia,AB,69800835,SIPO,Servicios del Hogar,10744.0
33271,2625,3167,F,55,1996-07-09,48,Rychnov nad Kneznou,east Bohemia,CD,57670444,LEASING,Arrendamiento / Leasing,1922.0
33272,2625,3167,F,55,1996-07-09,48,Rychnov nad Kneznou,east Bohemia,OP,68053567,SIPO,Servicios del Hogar,4978.0
33275,2627,3170,M,77,1994-10-02,76,Sumperk,north Moravia,KL,30658924,SIPO,Servicios del Hogar,1579.0
33276,2627,3170,M,77,1994-10-02,76,Sumperk,north Moravia,YZ,29709238,SIPO,Servicios del Hogar,561.0
33277,2628,3172,M,47,1994-02-06,64,Zlin,south Moravia,GH,64364433,LEASING,Arrendamiento / Leasing,3090.0
33278,2631,3176,M,61,1996-03-29,1,Hl.m. Praha,Prague,CD,16949427,SIPO,Servicios del Hogar,2125.0
33279,2632,3177,M,60,1993-01-02,24,Karlovy Vary,west Bohemia,EF,40250009,SIPO,Servicios del Hogar,2042.0
33280,2632,3177,M,60,1993-01-02,24,Karlovy Vary,west Bohemia,IJ,73459928,SIN_ESPECIFICAR,Sin Especificar,41.0
33281,2632,3177,M,60,1993-01-02,24,Karlovy Vary,west Bohemia,IJ,36942219,POJISTNE,Pago de Seguros,2300.0
33282,2636,3182,F,73,1996-11-26,18,Pisek,south Bohemia,KL,24701452,SIPO,Servicios del Hogar,3254.0
33283,2637,3183,M,18,1997-01-01,70,Karvina,north Moravia,IJ,16977686,SIPO,Servicios del Hogar,5194.0
33284,2638,3184,F,39,1994-06-02,5,Kolin,central Bohemia,IJ,93051498,SIPO,Servicios del Hogar,1018.0
33285,2638,3184,F,39,1994-06-02,5,Kolin,central Bohemia,AB,13954824,SIN_ESPECIFICAR,Sin Especificar,728.0
33286,2638,3184,F,39,1994-06-02,5,Kolin,central Bohemia,UV,68702125,POJISTNE,Pago de Seguros,4538.0
33287,2639,3185,F,26,1993-04-26,17,Pelhrimov,south Bohemia,MN,93859052,SIPO,Servicios del Hogar,8633.0
33288,2640,3186,F,43,1996-09-21,1,Hl.m. Praha,Prague,ST,20136499,SIPO,Servicios del Hogar,8872.0
33289,2641,3187,M,46,1993-05-02,7,Melnik,central Bohemia,WX,13973546,SIPO,Servicios del Hogar,5126.0
33290,2642,3188,F,22,1995-06-05,68,Frydek - Mistek,north Moravia,IJ,2104819,SIPO,Servicios del Hogar,792.0
33291,2642,3188,F,22,1995-06-05,68,Frydek - Mistek,north Moravia,IJ,37776649,SIN_ESPECIFICAR,Sin Especificar,571.0
33292,2642,3188,F,22,1995-06-05,68,Frydek - Mistek,north Moravia,EF,64703529,POJISTNE,Pago de Seguros,2536.0
33295,2644,3190,F,78,1997-08-08,1,Hl.m. Praha,Prague,CD,72787970,SIPO,Servicios del Hogar,2563.0
33296,2644,3190,F,78,1997-08-08,1,Hl.m. Praha,Prague,IJ,61139798,SIPO,Servicios del Hogar,124.0
33297,2645,3191,F,23,1993-05-22,54,Brno - mesto,south Moravia,IJ,14088654,SIPO,Servicios del Hogar,389.0
33298,2645,3191,F,23,1993-05-22,54,Brno - mesto,south Moravia,OP,46016168,SIN_ESPECIFICAR,Sin Especificar,631.0
33299,2645,3191,F,23,1993-05-22,54,Brno - mesto,south Moravia,WX,18570590,POJISTNE,Pago de Seguros,5457.0
33300,2645,3191,F,23,1993-05-22,54,Brno - mesto,south Moravia,ST,91531282,SIN_ESPECIFICAR,Sin Especificar,1010.0
33301,2645,3191,F,23,1993-05-22,54,Brno - mesto,south Moravia,OP,4627538,LEASING,Arrendamiento / Leasing,725.0
33302,2646,3192,M,59,1997-07-24,6,Kutna Hora,central Bohemia,EF,53211688,LEASING,Arrendamiento / Leasing,3006.0
33303,2646,3192,M,59,1997-07-24,6,Kutna Hora,central Bohemia,MN,34138214,SIPO,Servicios del Hogar,6232.0
33304,2646,3192,M,59,1997-07-24,6,Kutna Hora,central Bohemia,OP,72267347,SIN_ESPECIFICAR,Sin Especificar,528.0
33305,2646,3192,M,59,1997-07-24,6,Kutna Hora,central Bohemia,QR,99920969,POJISTNE,Pago de Seguros,300.0
33306,2647,3193,F,48,1993-02-08,73,Opava,north Moravia,YZ,4161513,SIPO,Servicios del Hogar,5303.0
33307,2649,3195,F,27,1993-09-08,2,Benesov,central Bohemia,GH,28252244,SIPO,Servicios del Hogar,5799.0
33308,2649,3195,F,27,1993-09-08,2,Benesov,central Bohemia,QR,38579416,SIN_ESPECIFICAR,Sin Especificar,320.0
33309,2649,3195,F,27,1993-09-08,2,Benesov,central Bohemia,ST,86506151,POJISTNE,Pago de Seguros,177.0
33310,2649,3195,F,27,1993-09-08,2,Benesov,central Bohemia,AB,33442980,SIN_ESPECIFICAR,Sin Especificar,655.0
33311,2650,3196,F,20,1996-03-26,72,Olomouc,north Moravia,AB,6979340,SIPO,Servicios del Hogar,4563.0
33312,2651,3197,M,40,1993-03-21,2,Benesov,central Bohemia,YZ,2372819,LEASING,Arrendamiento / Leasing,3593.0
33313,2651,3197,M,40,1993-03-21,2,Benesov,central Bohemia,IJ,13021684,SIPO,Servicios del Hogar,10862.0
33314,2652,3199,F,41,1996-07-22,1,Hl.m. Praha,Prague,CD,2992314,SIPO,Servicios del Hogar,1735.0
33315,2652,3199,F,41,1996-07-22,1,Hl.m. Praha,Prague,QR,98601030,SIN_ESPECIFICAR,Sin Especificar,6351.0
33316,2653,3201,F,45,1997-01-08,66,Zdar nad Sazavou,south Moravia,YZ,49173659,SIPO,Servicios del Hogar,6280.0
33317,2653,3201,F,45,1997-01-08,66,Zdar nad Sazavou,south Moravia,CD,82124638,SIN_ESPECIFICAR,Sin Especificar,2310.0
33318,2654,3202,M,76,1994-07-21,56,Breclav,south Moravia,MN,88949298,SIPO,Servicios del Hogar,3861.0
33319,2655,3203,F,39,1996-09-07,1,Hl.m. Praha,Prague,WX,94447552,LEASING,Arrendamiento / Leasing,2216.0
33320,2655,3203,F,39,1996-09-07,1,Hl.m. Praha,Prague,QR,637197,SIPO,Servicios del Hogar,2900.0
33321,2655,3203,F,39,1996-09-07,1,Hl.m. Praha,Prague,WX,4603857,SIN_ESPECIFICAR,Sin Especificar,89.0
33322,2655,3203,F,39,1996-09-07,1,Hl.m. Praha,Prague,KL,9168452,POJISTNE,Pago de Seguros,1339.0
33323,2656,3205,F,77,1997-02-18,1,Hl.m. Praha,Prague,OP,41066408,SIPO,Servicios del Hogar,409.0
33324,2656,3205,F,77,1997-02-18,1,Hl.m. Praha,Prague,OP,42664700,SIPO,Servicios del Hogar,1718.0
33325,2657,3207,F,73,1996-10-07,55,Brno - venkov,south Moravia,QR,74292081,SIPO,Servicios del Hogar,2174.0
33326,2658,3208,M,51,1997-11-14,27,Plzen - jih,west Bohemia,WX,70099252,SIPO,Servicios del Hogar,486.0
33327,2658,3208,M,51,1997-11-14,27,Plzen - jih,west Bohemia,MN,3748625,SIN_ESPECIFICAR,Sin Especificar,1367.0
33328,2658,3208,M,51,1997-11-14,27,Plzen - jih,west Bohemia,CD,91022419,POJISTNE,Pago de Seguros,417.0
33331,2661,3213,M,57,1997-02-25,1,Hl.m. Praha,Prague,GH,84294449,SIPO,Servicios del Hogar,4764.0
33332,2662,3214,M,76,1994-05-24,71,Novy Jicin,north Moravia,OP,1110756,SIPO,Servicios del Hogar,3625.0
33333,2663,3215,F,62,1995-01-25,64,Zlin,south Moravia,KL,81498741,SIPO,Servicios del Hogar,3877.0
33334,2664,3216,M,39,1994-01-20,58,Jihlava,south Moravia,UV,60040694,SIPO,Servicios del Hogar,3453.0
33335,2664,3216,M,39,1994-01-20,58,Jihlava,south Moravia,QR,12188804,SIN_ESPECIFICAR,Sin Especificar,475.0
33336,2666,3218,M,33,1993-03-08,49,Semily,east Bohemia,UV,53003144,SIPO,Servicios del Hogar,647.0
33337,2666,3218,M,33,1993-03-08,49,Semily,east Bohemia,EF,41393333,SIN_ESPECIFICAR,Sin Especificar,1287.0
33338,2667,3220,M,41,1993-10-23,23,Cheb,west Bohemia,ST,2693307,SIPO,Servicios del Hogar,2180.0
33339,2668,3222,M,21,1997-05-20,21,Tabor,south Bohemia,YZ,53599059,SIPO,Servicios del Hogar,9884.0
33344,2670,3225,M,41,1993-01-27,13,Rakovnik,central Bohemia,AB,38848883,SIPO,Servicios del Hogar,3978.0
33345,2670,3225,M,41,1993-01-27,13,Rakovnik,central Bohemia,CD,70427286,SIN_ESPECIFICAR,Sin Especificar,4754.0
33346,2671,3226,M,47,1993-09-15,1,Hl.m. Praha,Prague,QR,40581232,SIPO,Servicios del Hogar,1984.0
33347,2672,3227,F,48,1997-03-14,59,Kromeriz,south Moravia,OP,87283455,SIPO,Servicios del Hogar,2111.0
33348,2672,3227,F,48,1997-03-14,59,Kromeriz,south Moravia,IJ,41447466,SIN_ESPECIFICAR,Sin Especificar,211.0
33349,2673,3228,M,41,1994-01-04,34,Chomutov,north Bohemia,QR,44548678,SIPO,Servicios del Hogar,1759.0
33350,2673,3228,M,41,1994-01-04,34,Chomutov,north Bohemia,MN,7310396,SIN_ESPECIFICAR,Sin Especificar,4111.0
33351,2676,3231,M,37,1993-01-22,73,Opava,north Moravia,OP,32712727,SIPO,Servicios del Hogar,1510.0
33352,2676,3231,M,37,1993-01-22,73,Opava,north Moravia,IJ,56445985,SIN_ESPECIFICAR,Sin Especificar,1339.0
33353,2676,3231,M,37,1993-01-22,73,Opava,north Moravia,ST,71575033,POJISTNE,Pago de Seguros,2348.0
33354,2677,3232,M,22,1996-08-28,5,Kolin,central Bohemia,QR,72427195,SIPO,Servicios del Hogar,3926.0
33355,2677,3232,M,22,1996-08-28,5,Kolin,central Bohemia,KL,17019027,SIN_ESPECIFICAR,Sin Especificar,641.0
33356,2677,3232,M,22,1996-08-28,5,Kolin,central Bohemia,YZ,61867588,POJISTNE,Pago de Seguros,1599.0
33357,2677,3232,M,22,1996-08-28,5,Kolin,central Bohemia,YZ,80062365,SIN_ESPECIFICAR,Sin Especificar,158.0
33358,2678,3233,M,18,1997-07-15,1,Hl.m. Praha,Prague,EF,97883551,LEASING,Arrendamiento / Leasing,3793.0
33359,2679,3234,F,79,1997-07-24,67,Bruntal,north Moravia,AB,25353056,SIPO,Servicios del Hogar,3842.0
33360,2681,3236,F,38,1995-01-19,28,Plzen - sever,west Bohemia,ST,19728160,SIPO,Servicios del Hogar,4662.0
33361,2681,3236,F,38,1995-01-19,28,Plzen - sever,west Bohemia,IJ,27633780,LEASING,Arrendamiento / Leasing,1560.0
33370,2685,3240,F,61,1996-11-01,67,Bruntal,north Moravia,CD,35602325,SIPO,Servicios del Hogar,2576.0
33371,2686,3241,M,64,1996-01-11,26,Plzen - mesto,west Bohemia,OP,79690658,SIPO,Servicios del Hogar,1996.0
33372,2687,3243,F,78,1993-07-01,76,Sumperk,north Moravia,EF,74690037,SIPO,Servicios del Hogar,3830.0
33373,2688,3244,M,65,1995-02-20,72,Olomouc,north Moravia,YZ,18395823,SIPO,Servicios del Hogar,2802.0
33374,2689,3245,M,46,1997-01-01,70,Karvina,north Moravia,YZ,50778090,SIPO,Servicios del Hogar,2727.0
33375,2689,3245,M,46,1997-01-01,70,Karvina,north Moravia,UV,36906784,SIN_ESPECIFICAR,Sin Especificar,2121.0
33376,2690,3246,M,67,1997-03-19,66,Zdar nad Sazavou,south Moravia,YZ,55287820,SIPO,Servicios del Hogar,2017.0
33377,2691,3247,F,40,1993-09-08,69,Jesenik,north Moravia,OP,20484054,UVER,Cuota de Prestamo,1370.0
33378,2692,3248,F,69,1995-12-08,28,Plzen - sever,west Bohemia,GH,59398072,SIPO,Servicios del Hogar,3386.0
33379,2693,3249,M,39,1997-11-17,17,Pelhrimov,south Bohemia,IJ,79708873,SIPO,Servicios del Hogar,5852.0
33380,2694,3251,F,36,1993-03-08,7,Melnik,central Bohemia,ST,95437645,SIPO,Servicios del Hogar,3532.0
33381,2694,3251,F,36,1993-03-08,7,Melnik,central Bohemia,GH,45261365,UVER,Cuota de Prestamo,7636.0
33382,2695,3253,M,52,1993-09-16,16,Jindrichuv Hradec,south Bohemia,ST,45832115,SIPO,Servicios del Hogar,3923.0
33383,2696,3254,M,68,1997-01-19,1,Hl.m. Praha,Prague,OP,90366512,SIPO,Servicios del Hogar,3115.0
33384,2697,3255,F,28,1993-06-26,8,Mlada Boleslav,central Bohemia,GH,87258666,SIPO,Servicios del Hogar,378.0
33385,2697,3255,F,28,1993-06-26,8,Mlada Boleslav,central Bohemia,GH,34090870,SIN_ESPECIFICAR,Sin Especificar,3142.0
33386,2697,3255,F,28,1993-06-26,8,Mlada Boleslav,central Bohemia,EF,3080630,POJISTNE,Pago de Seguros,629.0
33387,2699,3257,F,20,1996-12-25,73,Opava,north Moravia,AB,41725951,UVER,Cuota de Prestamo,4816.0
33388,2699,3257,F,20,1996-12-25,73,Opava,north Moravia,IJ,10817695,SIPO,Servicios del Hogar,3743.0
33389,2699,3257,F,20,1996-12-25,73,Opava,north Moravia,CD,32435608,SIN_ESPECIFICAR,Sin Especificar,662.0
33390,2700,3258,F,38,1993-11-08,74,Ostrava - mesto,north Moravia,GH,2221990,SIPO,Servicios del Hogar,5221.0
33391,2700,3258,F,38,1993-11-08,74,Ostrava - mesto,north Moravia,YZ,95353859,SIN_ESPECIFICAR,Sin Especificar,6129.0
33392,2700,3258,F,38,1993-11-08,74,Ostrava - mesto,north Moravia,QR,52413690,POJISTNE,Pago de Seguros,1123.0
33393,2700,3258,F,38,1993-11-08,74,Ostrava - mesto,north Moravia,OP,33791315,SIN_ESPECIFICAR,Sin Especificar,2323.0
33394,2701,3259,M,48,1993-07-27,71,Novy Jicin,north Moravia,MN,46385306,SIPO,Servicios del Hogar,489.0
33395,2701,3259,M,48,1993-07-27,71,Novy Jicin,north Moravia,MN,24402356,SIN_ESPECIFICAR,Sin Especificar,5761.0
33396,2702,3260,F,56,1996-02-01,74,Ostrava - mesto,north Moravia,WX,31848305,SIPO,Servicios del Hogar,3537.0
33397,2702,3260,F,56,1996-02-01,74,Ostrava - mesto,north Moravia,WX,90875982,SIN_ESPECIFICAR,Sin Especificar,29.0
33398,2703,3262,F,57,1997-10-28,61,Trebic,south Moravia,AB,7336545,SIPO,Servicios del Hogar,2082.0
33401,2705,3264,F,48,1993-07-05,63,Vyskov,south Moravia,YZ,50098043,UVER,Cuota de Prestamo,2608.0
33402,2705,3264,F,48,1993-07-05,63,Vyskov,south Moravia,GH,33252960,SIPO,Servicios del Hogar,10723.0
33403,2707,3267,M,47,1994-11-27,61,Trebic,south Moravia,QR,17847508,SIPO,Servicios del Hogar,3032.0
33404,2707,3267,M,47,1994-11-27,61,Trebic,south Moravia,GH,63447183,SIN_ESPECIFICAR,Sin Especificar,2546.0
33405,2709,3269,M,24,1996-10-18,2,Benesov,central Bohemia,CD,63955408,SIPO,Servicios del Hogar,1969.0
33406,2709,3269,M,24,1996-10-18,2,Benesov,central Bohemia,UV,79388266,SIN_ESPECIFICAR,Sin Especificar,39.0
33407,2709,3269,M,24,1996-10-18,2,Benesov,central Bohemia,KL,95859038,POJISTNE,Pago de Seguros,16.0
33408,2711,3271,F,56,1993-05-19,58,Jihlava,south Moravia,MN,40865373,SIPO,Servicios del Hogar,7300.0
33409,2711,3271,F,56,1993-05-19,58,Jihlava,south Moravia,ST,19293779,LEASING,Arrendamiento / Leasing,871.0
33410,2712,3272,F,78,1993-03-12,9,Nymburk,central Bohemia,EF,14783954,SIPO,Servicios del Hogar,2976.0
33411,2713,3274,M,69,1994-04-03,26,Plzen - mesto,west Bohemia,UV,34315210,SIPO,Servicios del Hogar,3387.0
33412,2715,3277,M,32,1997-10-06,42,Havlickuv Brod,east Bohemia,WX,67997187,SIPO,Servicios del Hogar,1707.0
33413,2715,3277,M,32,1997-10-06,42,Havlickuv Brod,east Bohemia,CD,56625884,SIN_ESPECIFICAR,Sin Especificar,216.0
33414,2715,3277,M,32,1997-10-06,42,Havlickuv Brod,east Bohemia,KL,7159662,POJISTNE,Pago de Seguros,296.0
33415,2716,3279,F,44,1996-01-08,66,Zdar nad Sazavou,south Moravia,QR,36398339,SIPO,Servicios del Hogar,989.0
33416,2716,3279,F,44,1996-01-08,66,Zdar nad Sazavou,south Moravia,UV,78199630,SIN_ESPECIFICAR,Sin Especificar,7456.0
33417,2717,3281,M,48,1996-07-25,74,Ostrava - mesto,north Moravia,MN,72128897,SIPO,Servicios del Hogar,2271.0
33418,2719,3283,M,65,1996-02-08,10,Praha - vychod,central Bohemia,AB,84430861,SIPO,Servicios del Hogar,2889.0
33419,2720,3284,M,62,1997-06-16,2,Benesov,central Bohemia,ST,27251911,UVER,Cuota de Prestamo,2608.0
33420,2720,3284,M,62,1997-06-16,2,Benesov,central Bohemia,YZ,96241729,SIPO,Servicios del Hogar,6206.0
33421,2720,3284,M,62,1997-06-16,2,Benesov,central Bohemia,AB,33301061,SIN_ESPECIFICAR,Sin Especificar,4719.0
33422,2721,3286,F,26,1997-11-14,74,Ostrava - mesto,north Moravia,QR,69068598,SIPO,Servicios del Hogar,1544.0
33423,2721,3286,F,26,1997-11-14,74,Ostrava - mesto,north Moravia,QR,48024463,SIN_ESPECIFICAR,Sin Especificar,2200.0
33424,2721,3286,F,26,1997-11-14,74,Ostrava - mesto,north Moravia,MN,20500302,POJISTNE,Pago de Seguros,179.0
33425,2721,3286,F,26,1997-11-14,74,Ostrava - mesto,north Moravia,ST,69458347,SIN_ESPECIFICAR,Sin Especificar,73.0
33426,2722,3288,M,72,1997-07-24,69,Jesenik,north Moravia,KL,4174536,SIPO,Servicios del Hogar,1671.0
33427,2723,3289,F,21,1995-03-12,75,Prerov,north Moravia,KL,3428757,SIPO,Servicios del Hogar,5546.0
33428,2724,3290,F,29,1996-08-09,11,Praha - zapad,central Bohemia,ST,4672384,SIPO,Servicios del Hogar,6399.0
33429,2725,3291,M,51,1997-04-02,52,Usti nad Orlici,east Bohemia,CD,59237199,SIPO,Servicios del Hogar,3197.0
33430,2725,3291,M,51,1997-04-02,52,Usti nad Orlici,east Bohemia,WX,80807143,SIN_ESPECIFICAR,Sin Especificar,66.0
33431,2725,3291,M,51,1997-04-02,52,Usti nad Orlici,east Bohemia,IJ,64775931,POJISTNE,Pago de Seguros,461.0
33432,2725,3291,M,51,1997-04-02,52,Usti nad Orlici,east Bohemia,WX,31665891,UVER,Cuota de Prestamo,1934.0
33433,2726,3292,M,58,1995-04-20,18,Pisek,south Bohemia,EF,2342153,SIPO,Servicios del Hogar,5297.0
33434,2728,3294,M,41,1997-07-06,52,Usti nad Orlici,east Bohemia,OP,99268948,UVER,Cuota de Prestamo,2607.0
33435,2728,3294,M,41,1997-07-06,52,Usti nad Orlici,east Bohemia,EF,96346175,SIPO,Servicios del Hogar,11222.0
33436,2729,3295,F,32,1995-01-16,40,Teplice,north Bohemia,AB,18292260,SIPO,Servicios del Hogar,8733.0
33437,2730,3296,M,29,1996-05-02,23,Cheb,west Bohemia,YZ,36823308,SIPO,Servicios del Hogar,2284.0
33438,2731,3297,M,30,1995-09-26,1,Hl.m. Praha,Prague,CD,94928621,SIPO,Servicios del Hogar,5044.0
33439,2732,3298,F,56,1993-07-27,5,Kolin,central Bohemia,ST,11633754,LEASING,Arrendamiento / Leasing,1565.0
33440,2733,3299,F,37,1993-12-22,76,Sumperk,north Moravia,QR,12963968,SIPO,Servicios del Hogar,780.0
33441,2733,3299,F,37,1993-12-22,76,Sumperk,north Moravia,EF,39144194,SIN_ESPECIFICAR,Sin Especificar,1545.0
33442,2734,3300,M,48,1996-12-16,53,Blansko,south Moravia,YZ,90248888,SIPO,Servicios del Hogar,883.0
33443,2734,3300,M,48,1996-12-16,53,Blansko,south Moravia,UV,86357444,SIN_ESPECIFICAR,Sin Especificar,3310.0
33444,2734,3300,M,48,1996-12-16,53,Blansko,south Moravia,UV,25696611,POJISTNE,Pago de Seguros,1293.0
33447,2736,3302,F,34,1993-07-02,72,Olomouc,north Moravia,ST,28956604,SIPO,Servicios del Hogar,4604.0
33448,2737,3304,M,59,1996-07-06,69,Jesenik,north Moravia,WX,2289492,SIPO,Servicios del Hogar,4456.0
33449,2738,3305,F,27,1993-11-12,41,Usti nad Labem,north Bohemia,CD,1114500,SIPO,Servicios del Hogar,7762.0
33450,2738,3305,F,27,1993-11-12,41,Usti nad Labem,north Bohemia,YZ,48380392,SIN_ESPECIFICAR,Sin Especificar,1152.0
33451,2739,3306,M,50,1993-11-29,59,Kromeriz,south Moravia,WX,92235922,SIPO,Servicios del Hogar,414.0
33452,2739,3306,M,50,1993-11-29,59,Kromeriz,south Moravia,AB,56375890,SIN_ESPECIFICAR,Sin Especificar,4173.0
33453,2742,3310,M,44,1994-10-15,23,Cheb,west Bohemia,KL,76674633,SIPO,Servicios del Hogar,128.0
33454,2742,3310,M,44,1994-10-15,23,Cheb,west Bohemia,ST,59019696,SIN_ESPECIFICAR,Sin Especificar,4878.0
33455,2743,3311,M,44,1997-05-22,51,Trutnov,east Bohemia,ST,1417857,SIPO,Servicios del Hogar,3330.0
33456,2743,3311,M,44,1997-05-22,51,Trutnov,east Bohemia,GH,18241173,SIN_ESPECIFICAR,Sin Especificar,2811.0
33457,2743,3311,M,44,1997-05-22,51,Trutnov,east Bohemia,QR,20341313,POJISTNE,Pago de Seguros,1870.0
33458,2744,3312,F,27,1997-04-19,70,Karvina,north Moravia,ST,49756062,SIPO,Servicios del Hogar,14384.0
33459,2745,3313,F,52,1997-09-28,60,Prostejov,south Moravia,AB,76602530,SIPO,Servicios del Hogar,1076.0
33460,2745,3313,F,52,1997-09-28,60,Prostejov,south Moravia,UV,59444808,SIN_ESPECIFICAR,Sin Especificar,3461.0
33461,2745,3313,F,52,1997-09-28,60,Prostejov,south Moravia,KL,40470147,POJISTNE,Pago de Seguros,1465.0
33462,2745,3313,F,52,1997-09-28,60,Prostejov,south Moravia,GH,33104568,SIN_ESPECIFICAR,Sin Especificar,3525.0
33463,2746,3314,F,67,1996-08-23,24,Karlovy Vary,west Bohemia,QR,11944139,SIPO,Servicios del Hogar,2404.0
33464,2747,3316,F,51,1994-08-14,1,Hl.m. Praha,Prague,IJ,7507563,SIPO,Servicios del Hogar,3826.0
33466,2749,3319,F,19,1994-05-23,1,Hl.m. Praha,Prague,QR,23250580,SIPO,Servicios del Hogar,14520.0
33467,2750,3321,F,29,1995-04-13,13,Rakovnik,central Bohemia,UV,35031116,SIPO,Servicios del Hogar,1750.0
33468,2750,3321,F,29,1995-04-13,13,Rakovnik,central Bohemia,YZ,25649327,SIN_ESPECIFICAR,Sin Especificar,2229.0
33469,2751,3322,M,50,1995-04-28,31,Tachov,west Bohemia,MN,89055364,SIPO,Servicios del Hogar,826.0
33470,2751,3322,M,50,1995-04-28,31,Tachov,west Bohemia,WX,57857632,SIN_ESPECIFICAR,Sin Especificar,2957.0
33471,2753,3324,F,27,1996-02-13,26,Plzen - mesto,west Bohemia,GH,41750717,UVER,Cuota de Prestamo,2768.0
33472,2753,3324,F,27,1996-02-13,26,Plzen - mesto,west Bohemia,MN,97449540,SIPO,Servicios del Hogar,6869.0
33473,2754,3326,F,46,1996-01-26,57,Hodonin,south Moravia,WX,6736475,UVER,Cuota de Prestamo,6985.0
33474,2754,3326,F,46,1996-01-26,57,Hodonin,south Moravia,MN,10118246,SIPO,Servicios del Hogar,2882.0
33475,2754,3326,F,46,1996-01-26,57,Hodonin,south Moravia,QR,77635740,SIN_ESPECIFICAR,Sin Especificar,226.0
33476,2755,3327,F,61,1995-01-26,20,Strakonice,south Bohemia,MN,81284296,SIPO,Servicios del Hogar,504.0
33477,2755,3327,F,61,1995-01-26,20,Strakonice,south Bohemia,AB,13263649,SIPO,Servicios del Hogar,3263.0
33478,2756,3328,M,32,1997-10-21,24,Karlovy Vary,west Bohemia,YZ,94753807,SIPO,Servicios del Hogar,8702.0
33479,2757,3329,M,37,1996-05-14,54,Brno - mesto,south Moravia,QR,31494546,SIPO,Servicios del Hogar,2077.0
33480,2758,3331,F,28,1993-05-19,70,Karvina,north Moravia,QR,46158099,SIPO,Servicios del Hogar,4692.0
33481,2759,3332,F,29,1996-10-23,46,Nachod,east Bohemia,MN,6377709,SIPO,Servicios del Hogar,12692.0
33482,2760,3333,F,49,1997-03-14,10,Praha - vychod,central Bohemia,OP,87346362,SIPO,Servicios del Hogar,5369.0
33483,2760,3333,F,49,1997-03-14,10,Praha - vychod,central Bohemia,IJ,9268027,SIN_ESPECIFICAR,Sin Especificar,4476.0
33484,2761,3334,M,31,1996-12-26,1,Hl.m. Praha,Prague,IJ,99762063,SIPO,Servicios del Hogar,6238.0
33485,2762,3335,M,31,1993-03-20,19,Prachatice,south Bohemia,EF,73534762,UVER,Cuota de Prestamo,4641.0
33486,2762,3335,M,31,1993-03-20,19,Prachatice,south Bohemia,UV,85078340,SIPO,Servicios del Hogar,6892.0
33487,2762,3335,M,31,1993-03-20,19,Prachatice,south Bohemia,CD,75502043,SIN_ESPECIFICAR,Sin Especificar,733.0
33488,2763,3336,F,47,1993-02-11,64,Zlin,south Moravia,MN,62060552,LEASING,Arrendamiento / Leasing,4191.0
33489,2763,3336,F,47,1993-02-11,64,Zlin,south Moravia,AB,90810441,SIPO,Servicios del Hogar,9480.0
33490,2764,3337,M,46,1996-08-15,53,Blansko,south Moravia,ST,22728401,SIPO,Servicios del Hogar,1024.0
33491,2764,3337,M,46,1996-08-15,53,Blansko,south Moravia,ST,93326770,SIN_ESPECIFICAR,Sin Especificar,2382.0
33492,2765,3338,F,56,1997-09-20,69,Jesenik,north Moravia,CD,33376592,SIPO,Servicios del Hogar,5254.0
33493,2766,3339,F,22,1997-02-20,31,Tachov,west Bohemia,QR,91327929,SIPO,Servicios del Hogar,3498.0
33494,2767,3340,M,22,1996-03-23,54,Brno - mesto,south Moravia,UV,37215685,SIPO,Servicios del Hogar,4664.0
33495,2767,3340,M,22,1996-03-23,54,Brno - mesto,south Moravia,OP,32782268,SIN_ESPECIFICAR,Sin Especificar,1333.0
33496,2767,3340,M,22,1996-03-23,54,Brno - mesto,south Moravia,GH,97537642,POJISTNE,Pago de Seguros,1275.0
33497,2768,3342,M,25,1993-12-20,73,Opava,north Moravia,MN,62968182,SIPO,Servicios del Hogar,2155.0
33501,2770,3344,M,37,1993-12-25,42,Havlickuv Brod,east Bohemia,YZ,10137910,SIPO,Servicios del Hogar,494.0
33502,2770,3344,M,37,1993-12-25,42,Havlickuv Brod,east Bohemia,OP,52641576,SIN_ESPECIFICAR,Sin Especificar,1582.0
33503,2770,3344,M,37,1993-12-25,42,Havlickuv Brod,east Bohemia,GH,41737938,POJISTNE,Pago de Seguros,494.0
33504,2771,3345,F,57,1993-08-18,37,Litomerice,north Bohemia,IJ,67174297,SIPO,Servicios del Hogar,7288.0
33505,2771,3345,F,57,1993-08-18,37,Litomerice,north Bohemia,IJ,73423743,LEASING,Arrendamiento / Leasing,1479.0
33506,2772,3347,M,62,1996-02-24,11,Praha - zapad,central Bohemia,ST,65062320,SIPO,Servicios del Hogar,7594.0
33507,2773,3348,F,20,1996-06-23,38,Louny,north Bohemia,WX,54261672,SIPO,Servicios del Hogar,3354.0
33508,2773,3348,F,20,1996-06-23,38,Louny,north Bohemia,UV,95782577,SIN_ESPECIFICAR,Sin Especificar,154.0
33509,2773,3348,F,20,1996-06-23,38,Louny,north Bohemia,WX,5557954,POJISTNE,Pago de Seguros,36.0
33510,2773,3348,F,20,1996-06-23,38,Louny,north Bohemia,IJ,16981333,SIN_ESPECIFICAR,Sin Especificar,59.0
33511,2774,3349,M,35,1996-02-05,42,Havlickuv Brod,east Bohemia,WX,60773050,SIPO,Servicios del Hogar,3628.0
33512,2775,3350,M,48,1997-12-08,30,Sokolov,west Bohemia,EF,66799968,LEASING,Arrendamiento / Leasing,3456.0
33513,2775,3350,M,48,1997-12-08,30,Sokolov,west Bohemia,AB,56198441,SIPO,Servicios del Hogar,8691.0
33514,2776,3352,M,79,1997-08-10,23,Cheb,west Bohemia,QR,40267509,SIPO,Servicios del Hogar,1647.0
33515,2778,3355,M,45,1993-12-30,38,Louny,north Bohemia,OP,72472995,SIPO,Servicios del Hogar,192.0
33516,2778,3355,M,45,1993-12-30,38,Louny,north Bohemia,YZ,18643141,SIN_ESPECIFICAR,Sin Especificar,5821.0
33517,2779,3356,M,24,1993-06-15,73,Opava,north Moravia,UV,95626550,SIPO,Servicios del Hogar,8262.0
33518,2779,3356,M,24,1993-06-15,73,Opava,north Moravia,QR,69750815,SIN_ESPECIFICAR,Sin Especificar,34.0
33519,2779,3356,M,24,1993-06-15,73,Opava,north Moravia,YZ,93445163,POJISTNE,Pago de Seguros,10.0
33520,2779,3356,M,24,1993-06-15,73,Opava,north Moravia,ST,87464,SIN_ESPECIFICAR,Sin Especificar,5.0
33521,2782,3359,M,53,1997-02-27,1,Hl.m. Praha,Prague,IJ,16703307,LEASING,Arrendamiento / Leasing,2603.0
33522,2784,3361,F,68,1997-10-30,40,Teplice,north Bohemia,MN,51967656,SIPO,Servicios del Hogar,3307.0
33526,2787,3365,F,32,1997-12-07,1,Hl.m. Praha,Prague,QR,19312352,SIPO,Servicios del Hogar,8356.0
33527,2788,3366,F,39,1994-10-12,54,Brno - mesto,south Moravia,OP,74001586,SIPO,Servicios del Hogar,3803.0
33528,2789,3368,F,46,1994-01-01,14,Ceske Budejovice,south Bohemia,WX,94019633,SIPO,Servicios del Hogar,2965.0
33529,2789,3368,F,46,1994-01-01,14,Ceske Budejovice,south Bohemia,YZ,53360038,SIN_ESPECIFICAR,Sin Especificar,229.0
33530,2789,3368,F,46,1994-01-01,14,Ceske Budejovice,south Bohemia,WX,51038181,POJISTNE,Pago de Seguros,762.0
33531,2790,3369,M,46,1994-10-18,1,Hl.m. Praha,Prague,WX,30340635,SIPO,Servicios del Hogar,8862.0
33532,2791,3370,M,79,1997-12-19,25,Klatovy,west Bohemia,GH,13939756,SIPO,Servicios del Hogar,3215.0
33533,2792,3372,M,28,1996-08-26,1,Hl.m. Praha,Prague,QR,24712276,SIPO,Servicios del Hogar,2327.0
33534,2793,3373,M,46,1993-10-09,47,Pardubice,east Bohemia,EF,41871547,SIPO,Servicios del Hogar,2301.0
33535,2795,3376,F,53,1996-08-20,11,Praha - zapad,central Bohemia,AB,62608569,SIPO,Servicios del Hogar,1722.0
33536,2795,3376,F,53,1996-08-20,11,Praha - zapad,central Bohemia,EF,22198647,SIN_ESPECIFICAR,Sin Especificar,6366.0
33537,2795,3376,F,53,1996-08-20,11,Praha - zapad,central Bohemia,WX,57666754,POJISTNE,Pago de Seguros,1869.0
33538,2796,3378,M,41,1997-12-08,5,Kolin,central Bohemia,ST,33603441,SIPO,Servicios del Hogar,3381.0
33539,2796,3378,M,41,1997-12-08,5,Kolin,central Bohemia,MN,37211978,SIN_ESPECIFICAR,Sin Especificar,5291.0
33540,2798,3381,F,33,1994-08-24,70,Karvina,north Moravia,WX,61733460,SIPO,Servicios del Hogar,6094.0
33541,2799,3382,M,44,1994-04-03,54,Brno - mesto,south Moravia,GH,12735343,SIPO,Servicios del Hogar,1043.0
33542,2799,3382,M,44,1994-04-03,54,Brno - mesto,south Moravia,WX,8040637,SIN_ESPECIFICAR,Sin Especificar,4870.0
33543,2799,3382,M,44,1994-04-03,54,Brno - mesto,south Moravia,CD,2489036,POJISTNE,Pago de Seguros,2493.0
33544,2800,3384,F,56,1997-05-08,41,Usti nad Labem,north Bohemia,OP,95347153,SIPO,Servicios del Hogar,8740.0
33545,2801,3385,F,74,1996-09-23,11,Praha - zapad,central Bohemia,OP,87508368,SIPO,Servicios del Hogar,3524.0
33546,2802,3386,F,58,1993-09-16,1,Hl.m. Praha,Prague,ST,44960343,SIPO,Servicios del Hogar,2412.0
33547,2803,3387,M,55,1995-12-01,58,Jihlava,south Moravia,KL,18263268,LEASING,Arrendamiento / Leasing,1904.0
33548,2805,3389,F,31,1996-05-20,39,Most,north Bohemia,IJ,21232450,SIPO,Servicios del Hogar,2017.0
33549,2806,3390,F,26,1997-06-26,53,Blansko,south Moravia,MN,74175697,SIPO,Servicios del Hogar,5068.0
33550,2809,3393,F,44,1994-12-08,73,Opava,north Moravia,OP,88213985,SIPO,Servicios del Hogar,1764.0
33551,2809,3393,F,44,1994-12-08,73,Opava,north Moravia,ST,59529948,SIN_ESPECIFICAR,Sin Especificar,6339.0
33552,2810,3394,F,18,1995-03-16,66,Zdar nad Sazavou,south Moravia,ST,38680678,SIPO,Servicios del Hogar,392.0
33553,2810,3394,F,18,1995-03-16,66,Zdar nad Sazavou,south Moravia,WX,72857814,SIN_ESPECIFICAR,Sin Especificar,5828.0
33554,2810,3394,F,18,1995-03-16,66,Zdar nad Sazavou,south Moravia,WX,18647271,POJISTNE,Pago de Seguros,977.0
33555,2810,3394,F,18,1995-03-16,66,Zdar nad Sazavou,south Moravia,IJ,18043649,SIN_ESPECIFICAR,Sin Especificar,411.0
33556,2811,3395,M,36,1996-01-02,4,Kladno,central Bohemia,EF,28944403,LEASING,Arrendamiento / Leasing,1981.0
33557,2811,3395,M,36,1996-01-02,4,Kladno,central Bohemia,WX,92551469,SIPO,Servicios del Hogar,14584.0
33558,2812,3396,F,21,1996-07-05,18,Pisek,south Bohemia,MN,76939731,SIPO,Servicios del Hogar,8211.0
33559,2813,3397,F,24,1993-12-15,24,Karlovy Vary,west Bohemia,OP,75464439,SIPO,Servicios del Hogar,798.0
33560,2813,3397,F,24,1993-12-15,24,Karlovy Vary,west Bohemia,GH,57591462,SIN_ESPECIFICAR,Sin Especificar,4789.0
33561,2813,3397,F,24,1993-12-15,24,Karlovy Vary,west Bohemia,AB,7243586,POJISTNE,Pago de Seguros,227.0
33562,2813,3397,F,24,1993-12-15,24,Karlovy Vary,west Bohemia,OP,607473,SIN_ESPECIFICAR,Sin Especificar,957.0
33563,2814,3399,M,66,1993-04-25,72,Olomouc,north Moravia,QR,14418357,SIPO,Servicios del Hogar,2627.0
33567,2816,3402,F,46,1997-05-04,74,Ostrava - mesto,north Moravia,IJ,98916184,SIPO,Servicios del Hogar,3933.0
33568,2816,3402,F,46,1997-05-04,74,Ostrava - mesto,north Moravia,KL,33418482,SIN_ESPECIFICAR,Sin Especificar,644.0
33569,2818,3405,M,49,1993-07-21,40,Teplice,north Bohemia,KL,61242389,LEASING,Arrendamiento / Leasing,1194.0
33570,2818,3405,M,49,1993-07-21,40,Teplice,north Bohemia,OP,17903107,SIPO,Servicios del Hogar,8947.0
33571,2819,3407,F,25,1994-07-16,35,Jablonec n. Nisou,north Bohemia,AB,7996678,SIPO,Servicios del Hogar,8713.0
33572,2819,3407,F,25,1994-07-16,35,Jablonec n. Nisou,north Bohemia,OP,41235882,SIN_ESPECIFICAR,Sin Especificar,748.0
33573,2820,3409,M,79,1997-12-11,36,Liberec,north Bohemia,WX,69806456,SIPO,Servicios del Hogar,1645.0
33574,2820,3409,M,79,1997-12-11,36,Liberec,north Bohemia,KL,91463666,SIPO,Servicios del Hogar,1322.0
33575,2821,3410,M,33,1996-07-12,54,Brno - mesto,south Moravia,EF,85205876,SIPO,Servicios del Hogar,3933.0
33576,2821,3410,M,33,1996-07-12,54,Brno - mesto,south Moravia,YZ,58186644,SIN_ESPECIFICAR,Sin Especificar,2122.0
33580,2823,3412,M,23,1993-04-18,57,Hodonin,south Moravia,GH,22294932,SIPO,Servicios del Hogar,2210.0
33581,2824,3414,F,51,1993-10-20,11,Praha - zapad,central Bohemia,EF,94259202,SIPO,Servicios del Hogar,7289.0
33582,2824,3414,F,51,1993-10-20,11,Praha - zapad,central Bohemia,YZ,96265625,UVER,Cuota de Prestamo,841.0
33583,2825,3415,F,25,1996-07-10,54,Brno - mesto,south Moravia,OP,31306642,SIPO,Servicios del Hogar,5284.0
33584,2826,3416,M,20,1996-11-20,35,Jablonec n. Nisou,north Bohemia,EF,23213660,SIPO,Servicios del Hogar,5240.0
33585,2827,3418,F,35,1996-12-18,70,Karvina,north Moravia,UV,61289268,LEASING,Arrendamiento / Leasing,1756.0
33591,2830,3421,M,51,1995-08-04,20,Strakonice,south Bohemia,AB,33658105,SIPO,Servicios del Hogar,6981.0
33592,2830,3421,M,51,1995-08-04,20,Strakonice,south Bohemia,CD,94782387,SIN_ESPECIFICAR,Sin Especificar,2150.0
33593,2831,3422,F,47,1997-11-10,1,Hl.m. Praha,Prague,MN,83744406,SIPO,Servicios del Hogar,3586.0
33594,2831,3422,F,47,1997-11-10,1,Hl.m. Praha,Prague,IJ,53561782,SIN_ESPECIFICAR,Sin Especificar,793.0
33595,2831,3422,F,47,1997-11-10,1,Hl.m. Praha,Prague,IJ,29570031,POJISTNE,Pago de Seguros,363.0
33596,2831,3422,F,47,1997-11-10,1,Hl.m. Praha,Prague,GH,48501449,SIN_ESPECIFICAR,Sin Especificar,414.0
33597,2832,3423,F,27,1997-11-22,12,Pribram,central Bohemia,WX,70201998,SIPO,Servicios del Hogar,2122.0
33598,2833,3424,M,80,1995-08-30,64,Zlin,south Moravia,CD,87006002,SIPO,Servicios del Hogar,2970.0
33599,2834,3425,M,28,1995-10-14,70,Karvina,north Moravia,OP,24967217,SIPO,Servicios del Hogar,2515.0
33600,2834,3425,M,28,1995-10-14,70,Karvina,north Moravia,GH,82648515,SIN_ESPECIFICAR,Sin Especificar,1907.0
33601,2834,3425,M,28,1995-10-14,70,Karvina,north Moravia,MN,78759455,POJISTNE,Pago de Seguros,431.0
33602,2834,3425,M,28,1995-10-14,70,Karvina,north Moravia,WX,58814722,SIN_ESPECIFICAR,Sin Especificar,2726.0
33603,2836,3427,M,18,1995-11-18,42,Havlickuv Brod,east Bohemia,CD,56261038,SIPO,Servicios del Hogar,9472.0
33604,2838,3430,M,47,1993-04-13,3,Beroun,central Bohemia,KL,44696366,LEASING,Arrendamiento / Leasing,2802.0
33605,2838,3430,M,47,1993-04-13,3,Beroun,central Bohemia,YZ,46153497,SIPO,Servicios del Hogar,1948.0
33606,2838,3430,M,47,1993-04-13,3,Beroun,central Bohemia,IJ,42194247,SIN_ESPECIFICAR,Sin Especificar,1370.0
33607,2839,3431,F,19,1995-04-04,70,Karvina,north Moravia,CD,85834467,SIPO,Servicios del Hogar,3157.0
33608,2839,3431,F,19,1995-04-04,70,Karvina,north Moravia,KL,46831309,SIN_ESPECIFICAR,Sin Especificar,4885.0
33609,2839,3431,F,19,1995-04-04,70,Karvina,north Moravia,MN,26345074,POJISTNE,Pago de Seguros,369.0
33610,2839,3431,F,19,1995-04-04,70,Karvina,north Moravia,CD,79972260,SIN_ESPECIFICAR,Sin Especificar,166.0
33611,2840,3432,M,25,1994-10-09,15,Cesky Krumlov,south Bohemia,QR,79565185,LEASING,Arrendamiento / Leasing,3557.0
33612,2840,3432,M,25,1994-10-09,15,Cesky Krumlov,south Bohemia,EF,9861410,SIPO,Servicios del Hogar,11282.0
33613,2841,3433,M,36,1993-07-27,71,Novy Jicin,north Moravia,AB,5304688,SIPO,Servicios del Hogar,3536.0
33614,2842,3435,F,53,1993-12-29,14,Ceske Budejovice,south Bohemia,MN,19413084,SIPO,Servicios del Hogar,358.0
33615,2842,3435,F,53,1993-12-29,14,Ceske Budejovice,south Bohemia,UV,64184588,SIN_ESPECIFICAR,Sin Especificar,930.0
33616,2842,3435,F,53,1993-12-29,14,Ceske Budejovice,south Bohemia,AB,97435020,POJISTNE,Pago de Seguros,862.0
33617,2843,3436,M,40,1997-03-29,30,Sokolov,west Bohemia,KL,70247077,SIPO,Servicios del Hogar,7746.0
33618,2845,3439,M,31,1997-08-21,62,Uherske Hradiste,south Moravia,EF,94221847,SIPO,Servicios del Hogar,6559.0
33619,2846,3440,F,60,1997-09-27,1,Hl.m. Praha,Prague,GH,17155772,SIPO,Servicios del Hogar,2457.0
33620,2847,3441,M,40,1994-05-08,75,Prerov,north Moravia,QR,9167498,SIPO,Servicios del Hogar,5185.0
33625,2849,3443,F,64,1993-09-16,1,Hl.m. Praha,Prague,UV,46355319,SIPO,Servicios del Hogar,2704.0
33626,2850,3444,M,21,1997-11-22,57,Hodonin,south Moravia,QR,60242688,SIPO,Servicios del Hogar,2038.0
33627,2853,3447,F,49,1995-09-08,54,Brno - mesto,south Moravia,UV,25895470,SIPO,Servicios del Hogar,2472.0
33628,2854,3448,M,44,1997-01-18,1,Hl.m. Praha,Prague,UV,42156320,SIPO,Servicios del Hogar,4186.0
33629,2855,3449,M,70,1995-08-21,27,Plzen - jih,west Bohemia,ST,19678038,SIPO,Servicios del Hogar,1589.0
33630,2856,3450,M,22,1995-03-18,25,Klatovy,west Bohemia,YZ,3529602,SIPO,Servicios del Hogar,6599.0
33631,2857,3451,M,24,1997-04-28,19,Prachatice,south Bohemia,WX,60526561,SIPO,Servicios del Hogar,6317.0
33632,2858,3453,M,48,1995-08-22,56,Breclav,south Moravia,UV,57180392,SIPO,Servicios del Hogar,5333.0
33633,2858,3453,M,48,1995-08-22,56,Breclav,south Moravia,YZ,67071980,SIN_ESPECIFICAR,Sin Especificar,786.0
33634,2858,3453,M,48,1995-08-22,56,Breclav,south Moravia,YZ,6062734,LEASING,Arrendamiento / Leasing,500.0
33635,2861,3457,F,75,1993-02-10,38,Louny,north Bohemia,GH,70139986,SIPO,Servicios del Hogar,2613.0
33636,2862,3458,M,45,1993-06-07,33,Decin,north Bohemia,AB,80541097,SIPO,Servicios del Hogar,1371.0
33637,2862,3458,M,45,1993-06-07,33,Decin,north Bohemia,CD,24443286,SIN_ESPECIFICAR,Sin Especificar,5728.0
33638,2863,3459,F,34,1996-01-21,14,Ceske Budejovice,south Bohemia,YZ,43436944,SIPO,Servicios del Hogar,945.0
33639,2863,3459,F,34,1996-01-21,14,Ceske Budejovice,south Bohemia,QR,88193910,SIN_ESPECIFICAR,Sin Especificar,5223.0
33640,2864,3461,M,40,1996-03-16,54,Brno - mesto,south Moravia,GH,51518619,SIPO,Servicios del Hogar,890.0
33641,2864,3461,M,40,1996-03-16,54,Brno - mesto,south Moravia,KL,14610875,SIN_ESPECIFICAR,Sin Especificar,413.0
33642,2864,3461,M,40,1996-03-16,54,Brno - mesto,south Moravia,WX,47772210,POJISTNE,Pago de Seguros,6308.0
33643,2865,3463,F,19,1995-03-03,1,Hl.m. Praha,Prague,QR,75203019,SIPO,Servicios del Hogar,3482.0
33644,2865,3463,F,19,1995-03-03,1,Hl.m. Praha,Prague,OP,5581480,SIN_ESPECIFICAR,Sin Especificar,8.0
33645,2865,3463,F,19,1995-03-03,1,Hl.m. Praha,Prague,ST,96803217,POJISTNE,Pago de Seguros,2.0
33646,2865,3463,F,19,1995-03-03,1,Hl.m. Praha,Prague,OP,25167072,SIN_ESPECIFICAR,Sin Especificar,1.0
33647,2866,3464,M,45,1995-09-13,43,Hradec Kralove,east Bohemia,EF,53555941,SIPO,Servicios del Hogar,5711.0
33648,2867,3465,M,56,1993-11-04,30,Sokolov,west Bohemia,EF,91818844,SIPO,Servicios del Hogar,7523.0
33649,2868,3466,F,62,1994-06-15,1,Hl.m. Praha,Prague,IJ,78688722,SIPO,Servicios del Hogar,3306.0
33650,2869,3468,F,65,1996-09-27,68,Frydek - Mistek,north Moravia,UV,37169212,SIPO,Servicios del Hogar,2562.0
33651,2870,3469,F,23,1996-06-18,1,Hl.m. Praha,Prague,WX,9366387,SIPO,Servicios del Hogar,5851.0
33652,2871,3470,F,61,1995-10-30,52,Usti nad Orlici,east Bohemia,ST,62647694,SIPO,Servicios del Hogar,3829.0
33653,2872,3471,F,46,1996-09-04,1,Hl.m. Praha,Prague,CD,99307715,SIPO,Servicios del Hogar,4040.0
33654,2872,3471,F,46,1996-09-04,1,Hl.m. Praha,Prague,ST,89302223,SIN_ESPECIFICAR,Sin Especificar,4059.0
33655,2872,3471,F,46,1996-09-04,1,Hl.m. Praha,Prague,EF,76374816,UVER,Cuota de Prestamo,4472.0
33656,2873,3472,F,52,1996-12-13,70,Karvina,north Moravia,WX,11313259,SIPO,Servicios del Hogar,3615.0
33657,2873,3472,F,52,1996-12-13,70,Karvina,north Moravia,EF,63152539,SIN_ESPECIFICAR,Sin Especificar,2925.0
33658,2873,3472,F,52,1996-12-13,70,Karvina,north Moravia,EF,4028761,POJISTNE,Pago de Seguros,761.0
33659,2873,3472,F,52,1996-12-13,70,Karvina,north Moravia,OP,80315440,SIN_ESPECIFICAR,Sin Especificar,693.0
33660,2874,3474,F,44,1997-04-02,32,Ceska Lipa,north Bohemia,EF,91025083,SIPO,Servicios del Hogar,2066.0
33661,2876,3476,F,30,1993-04-22,52,Usti nad Orlici,east Bohemia,IJ,30939269,SIPO,Servicios del Hogar,5231.0
33662,2877,3477,M,33,1995-06-04,37,Litomerice,north Bohemia,OP,94405835,SIPO,Servicios del Hogar,5305.0
33663,2878,3478,M,72,1997-06-14,1,Hl.m. Praha,Prague,IJ,92538761,SIPO,Servicios del Hogar,3192.0
33664,2879,3480,F,47,1997-10-14,15,Cesky Krumlov,south Bohemia,WX,51897668,SIPO,Servicios del Hogar,7193.0
33665,2880,3482,F,57,1993-06-16,71,Novy Jicin,north Moravia,AB,74414473,SIPO,Servicios del Hogar,7501.0
33666,2881,3483,M,58,1993-01-04,70,Karvina,north Moravia,YZ,90429490,SIPO,Servicios del Hogar,4639.0
33667,2882,3484,M,26,1996-07-20,44,Chrudim,east Bohemia,MN,48702168,LEASING,Arrendamiento / Leasing,4441.0
33668,2882,3484,M,26,1996-07-20,44,Chrudim,east Bohemia,WX,76007932,SIPO,Servicios del Hogar,8002.0
33669,2883,3485,M,76,1997-06-29,77,Vsetin,north Moravia,IJ,75625574,SIPO,Servicios del Hogar,2497.0
33670,2884,3486,M,36,1993-02-08,1,Hl.m. Praha,Prague,UV,41624492,SIPO,Servicios del Hogar,3854.0
33671,2885,3487,M,39,1996-09-04,1,Hl.m. Praha,Prague,IJ,81014710,SIPO,Servicios del Hogar,7905.0
33672,2886,3488,M,43,1994-04-08,1,Hl.m. Praha,Prague,ST,55240148,SIPO,Servicios del Hogar,3472.0
33673,2887,3489,M,32,1996-07-13,76,Sumperk,north Moravia,KL,73852997,SIPO,Servicios del Hogar,5645.0
33674,2888,3490,M,78,1996-05-23,19,Prachatice,south Bohemia,CD,40461963,SIPO,Servicios del Hogar,305.0
33675,2888,3490,M,78,1996-05-23,19,Prachatice,south Bohemia,MN,60675382,SIPO,Servicios del Hogar,2087.0
33676,2889,3492,F,28,1996-03-23,8,Mlada Boleslav,central Bohemia,UV,95314317,LEASING,Arrendamiento / Leasing,3292.0
33677,2889,3492,F,28,1996-03-23,8,Mlada Boleslav,central Bohemia,OP,81463575,SIPO,Servicios del Hogar,5038.0
33678,2890,3493,F,33,1996-02-07,69,Jesenik,north Moravia,AB,53374159,SIPO,Servicios del Hogar,2661.0
33679,2890,3493,F,33,1996-02-07,69,Jesenik,north Moravia,ST,74552196,SIN_ESPECIFICAR,Sin Especificar,2992.0
33680,2891,3494,M,29,1997-05-28,42,Havlickuv Brod,east Bohemia,QR,1952332,SIPO,Servicios del Hogar,4614.0
33681,2891,3494,M,29,1997-05-28,42,Havlickuv Brod,east Bohemia,ST,74825072,SIN_ESPECIFICAR,Sin Especificar,4928.0
33682,2891,3494,M,29,1997-05-28,42,Havlickuv Brod,east Bohemia,AB,25900477,LEASING,Arrendamiento / Leasing,1756.0
33683,2893,3497,F,28,1996-02-08,39,Most,north Bohemia,QR,48678463,SIPO,Servicios del Hogar,1503.0
33684,2893,3497,F,28,1996-02-08,39,Most,north Bohemia,GH,98864054,SIN_ESPECIFICAR,Sin Especificar,751.0
33685,2894,3498,M,60,1993-08-28,17,Pelhrimov,south Bohemia,CD,24206251,LEASING,Arrendamiento / Leasing,3736.0
33686,2895,3499,M,29,1993-03-09,19,Prachatice,south Bohemia,CD,10887700,SIPO,Servicios del Hogar,5598.0
33687,2896,3500,M,38,1993-03-30,29,Rokycany,west Bohemia,OP,14075744,SIPO,Servicios del Hogar,1852.0
33688,2896,3500,M,38,1993-03-30,29,Rokycany,west Bohemia,WX,62635773,SIN_ESPECIFICAR,Sin Especificar,295.0
33689,2897,3501,M,34,1997-10-11,51,Trutnov,east Bohemia,UV,27572107,SIPO,Servicios del Hogar,5751.0
33690,2898,3502,M,46,1996-11-23,54,Brno - mesto,south Moravia,CD,96764617,SIPO,Servicios del Hogar,6655.0
33691,2899,3504,M,46,1997-04-03,40,Teplice,north Bohemia,GH,887281,SIPO,Servicios del Hogar,7503.0
33692,2901,3506,F,37,1997-04-09,1,Hl.m. Praha,Prague,MN,42160421,SIPO,Servicios del Hogar,4936.0
33693,2902,3507,F,52,1993-01-28,32,Ceska Lipa,north Bohemia,QR,5844581,SIPO,Servicios del Hogar,825.0
33694,2902,3507,F,52,1993-01-28,32,Ceska Lipa,north Bohemia,ST,44056862,SIN_ESPECIFICAR,Sin Especificar,5465.0
33695,2903,3508,M,28,1994-05-19,38,Louny,north Bohemia,AB,77294861,SIPO,Servicios del Hogar,7826.0
33696,2906,3512,M,52,1996-09-20,49,Semily,east Bohemia,IJ,29248845,SIPO,Servicios del Hogar,2454.0
33697,2906,3512,M,52,1996-09-20,49,Semily,east Bohemia,QR,22673285,SIN_ESPECIFICAR,Sin Especificar,6863.0
33698,2906,3512,M,52,1996-09-20,49,Semily,east Bohemia,EF,13827365,POJISTNE,Pago de Seguros,341.0
33699,2907,3513,M,76,1993-09-09,70,Karvina,north Moravia,KL,17701733,SIPO,Servicios del Hogar,3983.0
33700,2908,3515,F,23,1997-03-16,61,Trebic,south Moravia,YZ,40506255,SIPO,Servicios del Hogar,3207.0
33701,2909,3516,F,27,1996-04-04,58,Jihlava,south Moravia,KL,14482391,SIPO,Servicios del Hogar,7036.0
33702,2910,3517,F,45,1997-10-21,68,Frydek - Mistek,north Moravia,UV,32031208,UVER,Cuota de Prestamo,7291.0
33703,2910,3517,F,45,1997-10-21,68,Frydek - Mistek,north Moravia,UV,77491187,SIPO,Servicios del Hogar,6778.0
33704,2910,3517,F,45,1997-10-21,68,Frydek - Mistek,north Moravia,OP,4570603,SIN_ESPECIFICAR,Sin Especificar,7656.0
33705,2911,3518,F,43,1995-02-25,33,Decin,north Bohemia,YZ,52539229,SIPO,Servicios del Hogar,617.0
33706,2911,3518,F,43,1995-02-25,33,Decin,north Bohemia,CD,6411171,SIN_ESPECIFICAR,Sin Especificar,4389.0
33707,2911,3518,F,43,1995-02-25,33,Decin,north Bohemia,UV,28014308,POJISTNE,Pago de Seguros,2572.0
33708,2911,3518,F,43,1995-02-25,33,Decin,north Bohemia,KL,26874399,LEASING,Arrendamiento / Leasing,1051.0
33709,2912,3519,M,49,1994-07-30,74,Ostrava - mesto,north Moravia,GH,80799913,UVER,Cuota de Prestamo,6336.0
33710,2913,3520,F,70,1993-12-28,8,Mlada Boleslav,central Bohemia,OP,76905709,SIPO,Servicios del Hogar,499.0
33711,2913,3520,F,70,1993-12-28,8,Mlada Boleslav,central Bohemia,GH,18112695,SIPO,Servicios del Hogar,2481.0
33712,2914,3521,M,34,1996-09-08,4,Kladno,central Bohemia,WX,71556800,SIPO,Servicios del Hogar,1822.0
33713,2914,3521,M,34,1996-09-08,4,Kladno,central Bohemia,YZ,60860872,SIN_ESPECIFICAR,Sin Especificar,3367.0
33714,2916,3523,M,34,1996-12-03,6,Kutna Hora,central Bohemia,YZ,28176665,SIPO,Servicios del Hogar,2096.0
33715,2916,3523,M,34,1996-12-03,6,Kutna Hora,central Bohemia,YZ,12730980,SIN_ESPECIFICAR,Sin Especificar,635.0
33716,2916,3523,M,34,1996-12-03,6,Kutna Hora,central Bohemia,YZ,94931244,POJISTNE,Pago de Seguros,3630.0
33717,2916,3523,M,34,1996-12-03,6,Kutna Hora,central Bohemia,WX,87459617,SIN_ESPECIFICAR,Sin Especificar,2.0
33718,2917,3524,F,53,1996-08-08,68,Frydek - Mistek,north Moravia,KL,62685650,SIPO,Servicios del Hogar,6157.0
33719,2918,3525,M,24,1997-12-05,15,Cesky Krumlov,south Bohemia,QR,30644363,UVER,Cuota de Prestamo,7997.0
33720,2918,3525,M,24,1997-12-05,15,Cesky Krumlov,south Bohemia,AB,49901193,SIPO,Servicios del Hogar,10487.0
33721,2919,3527,M,20,1995-05-10,77,Vsetin,north Moravia,ST,15447330,SIPO,Servicios del Hogar,7331.0
33722,2920,3528,F,28,1997-11-13,73,Opava,north Moravia,EF,16727841,SIPO,Servicios del Hogar,5493.0
33723,2921,3529,M,25,1996-09-21,54,Brno - mesto,south Moravia,YZ,71265828,SIPO,Servicios del Hogar,6797.0
33724,2923,3531,M,78,1995-01-10,43,Hradec Kralove,east Bohemia,GH,9396666,SIPO,Servicios del Hogar,2786.0
33725,2925,3533,F,35,1993-01-10,1,Hl.m. Praha,Prague,QR,35286706,SIPO,Servicios del Hogar,4297.0
33726,2926,3534,F,27,1993-01-14,50,Svitavy,east Bohemia,WX,66115546,SIPO,Servicios del Hogar,1348.0
33727,2926,3534,F,27,1993-01-14,50,Svitavy,east Bohemia,WX,11561584,SIN_ESPECIFICAR,Sin Especificar,1093.0
33728,2926,3534,F,27,1993-01-14,50,Svitavy,east Bohemia,GH,88491463,POJISTNE,Pago de Seguros,868.0
33729,2926,3534,F,27,1993-01-14,50,Svitavy,east Bohemia,UV,98638396,SIN_ESPECIFICAR,Sin Especificar,699.0
33730,2927,3535,M,25,1997-08-04,37,Litomerice,north Bohemia,YZ,20619231,LEASING,Arrendamiento / Leasing,2025.0
33731,2928,3536,M,76,1993-12-14,55,Brno - venkov,south Moravia,UV,24262804,SIPO,Servicios del Hogar,3566.0
33732,2929,3537,M,52,1996-04-06,51,Trutnov,east Bohemia,KL,11338740,LEASING,Arrendamiento / Leasing,3658.0
33733,2929,3537,M,52,1996-04-06,51,Trutnov,east Bohemia,ST,1906198,SIPO,Servicios del Hogar,226.0
33734,2929,3537,M,52,1996-04-06,51,Trutnov,east Bohemia,QR,86361235,SIN_ESPECIFICAR,Sin Especificar,11789.0
33735,2930,3538,F,54,1996-08-24,1,Hl.m. Praha,Prague,UV,40203636,SIPO,Servicios del Hogar,12032.0
33736,2931,3539,M,78,1995-05-04,36,Liberec,north Bohemia,QR,47281336,SIPO,Servicios del Hogar,2884.0
33737,2932,3540,M,62,1993-05-04,72,Olomouc,north Moravia,IJ,13324618,LEASING,Arrendamiento / Leasing,3658.0
33738,2932,3540,M,62,1993-05-04,72,Olomouc,north Moravia,QR,17844856,SIPO,Servicios del Hogar,4920.0
33739,2932,3540,M,62,1993-05-04,72,Olomouc,north Moravia,KL,90025215,SIN_ESPECIFICAR,Sin Especificar,26.0
33740,2932,3540,M,62,1993-05-04,72,Olomouc,north Moravia,UV,90010833,POJISTNE,Pago de Seguros,4.0
33741,2932,3540,M,62,1993-05-04,72,Olomouc,north Moravia,QR,33505654,SIN_ESPECIFICAR,Sin Especificar,7.0
33742,2933,3542,M,59,1993-06-18,10,Praha - vychod,central Bohemia,YZ,92012846,UVER,Cuota de Prestamo,4542.0
33743,2933,3542,M,59,1993-06-18,10,Praha - vychod,central Bohemia,MN,29096329,SIPO,Servicios del Hogar,5907.0
33744,2935,3545,M,32,1995-05-15,68,Frydek - Mistek,north Moravia,UV,54752987,SIPO,Servicios del Hogar,2100.0
33745,2936,3546,M,27,1996-03-27,3,Beroun,central Bohemia,GH,70934575,SIPO,Servicios del Hogar,4247.0
33746,2936,3546,M,27,1996-03-27,3,Beroun,central Bohemia,OP,93174194,UVER,Cuota de Prestamo,8400.0
33747,2937,3547,F,74,1997-02-25,1,Hl.m. Praha,Prague,IJ,18161338,SIPO,Servicios del Hogar,3230.0
33748,2938,3548,M,23,1993-08-04,1,Hl.m. Praha,Prague,ST,98826944,LEASING,Arrendamiento / Leasing,3658.0
33749,2938,3548,M,23,1993-08-04,1,Hl.m. Praha,Prague,MN,35517573,SIPO,Servicios del Hogar,1996.0
33750,2938,3548,M,23,1993-08-04,1,Hl.m. Praha,Prague,AB,20103186,SIN_ESPECIFICAR,Sin Especificar,2288.0
33751,2938,3548,M,23,1993-08-04,1,Hl.m. Praha,Prague,KL,39321178,POJISTNE,Pago de Seguros,6758.0
33752,2939,3549,F,61,1997-06-28,5,Kolin,central Bohemia,GH,76236229,SIPO,Servicios del Hogar,2882.0
33753,2940,3550,F,29,1993-06-24,54,Brno - mesto,south Moravia,ST,12957185,SIPO,Servicios del Hogar,7156.0
33756,2942,3552,M,58,1997-09-24,44,Chrudim,east Bohemia,QR,93897425,SIPO,Servicios del Hogar,2451.0
33757,2942,3552,M,58,1997-09-24,44,Chrudim,east Bohemia,UV,81376140,SIN_ESPECIFICAR,Sin Especificar,1072.0
33760,2944,3554,F,33,1996-01-11,22,Domazlice,west Bohemia,QR,674886,SIPO,Servicios del Hogar,2984.0
33761,2944,3554,F,33,1996-01-11,22,Domazlice,west Bohemia,MN,7655978,SIN_ESPECIFICAR,Sin Especificar,615.0
33762,2945,3556,M,71,1996-07-11,6,Kutna Hora,central Bohemia,AB,32185286,SIPO,Servicios del Hogar,1854.0
33763,2946,3558,F,70,1996-05-07,54,Brno - mesto,south Moravia,WX,52027302,SIPO,Servicios del Hogar,2672.0
33764,2947,3559,F,59,1996-08-09,57,Hodonin,south Moravia,QR,70519995,SIPO,Servicios del Hogar,2228.0
33767,2949,3562,M,67,1994-10-21,1,Hl.m. Praha,Prague,UV,79491674,SIPO,Servicios del Hogar,783.0
33768,2949,3562,M,67,1994-10-21,1,Hl.m. Praha,Prague,QR,82074588,SIPO,Servicios del Hogar,1268.0
33769,2950,3564,M,50,1996-06-28,62,Uherske Hradiste,south Moravia,QR,59668195,SIPO,Servicios del Hogar,8653.0
33770,2951,3565,M,36,1993-09-06,44,Chrudim,east Bohemia,YZ,2752936,SIPO,Servicios del Hogar,743.0
33771,2951,3565,M,36,1993-09-06,44,Chrudim,east Bohemia,QR,88711630,SIN_ESPECIFICAR,Sin Especificar,1810.0
33772,2951,3565,M,36,1993-09-06,44,Chrudim,east Bohemia,QR,71099632,POJISTNE,Pago de Seguros,462.0
33773,2952,3566,F,66,1997-04-28,65,Znojmo,south Moravia,YZ,60263645,SIPO,Servicios del Hogar,1629.0
33774,2952,3566,F,66,1997-04-28,65,Znojmo,south Moravia,QR,47959893,SIPO,Servicios del Hogar,750.0
33775,2953,3567,M,50,1996-09-02,1,Hl.m. Praha,Prague,MN,9888029,SIPO,Servicios del Hogar,580.0
33776,2953,3567,M,50,1996-09-02,1,Hl.m. Praha,Prague,UV,53719216,SIN_ESPECIFICAR,Sin Especificar,2848.0
33777,2953,3567,M,50,1996-09-02,1,Hl.m. Praha,Prague,KL,50650024,LEASING,Arrendamiento / Leasing,1515.0
33778,2954,3568,M,57,1997-04-08,1,Hl.m. Praha,Prague,WX,47941517,SIPO,Servicios del Hogar,8306.0
33779,2955,3569,M,65,1996-09-27,67,Bruntal,north Moravia,QR,2700269,SIPO,Servicios del Hogar,3386.0
33780,2956,3570,F,53,1997-06-10,15,Cesky Krumlov,south Bohemia,MN,21069139,SIPO,Servicios del Hogar,9042.0
33781,2957,3571,M,28,1995-07-28,25,Klatovy,west Bohemia,UV,65183514,SIPO,Servicios del Hogar,4640.0
33782,2958,3572,F,70,1993-09-19,48,Rychnov nad Kneznou,east Bohemia,EF,63280850,SIPO,Servicios del Hogar,3261.0
33783,2960,3574,F,52,1994-09-20,19,Prachatice,south Bohemia,WX,53651827,SIPO,Servicios del Hogar,8884.0
33784,2961,3575,F,61,1996-07-12,9,Nymburk,central Bohemia,AB,60457706,SIPO,Servicios del Hogar,606.0
33785,2961,3575,F,61,1996-07-12,9,Nymburk,central Bohemia,AB,11433631,SIPO,Servicios del Hogar,1055.0
33786,2962,3576,F,59,1993-05-30,1,Hl.m. Praha,Prague,YZ,75064962,UVER,Cuota de Prestamo,2605.0
33787,2963,3577,F,56,1996-12-09,31,Tachov,west Bohemia,IJ,31752610,SIPO,Servicios del Hogar,5101.0
33788,2964,3578,M,71,1997-01-09,72,Olomouc,north Moravia,QR,96140092,SIPO,Servicios del Hogar,2306.0
33789,2965,3580,F,69,1995-10-10,6,Kutna Hora,central Bohemia,MN,62399500,SIPO,Servicios del Hogar,2648.0
33790,2966,3581,M,31,1997-03-27,33,Decin,north Bohemia,EF,86442154,SIPO,Servicios del Hogar,4560.0
33791,2967,3582,M,43,1996-11-13,38,Louny,north Bohemia,QR,98696469,SIPO,Servicios del Hogar,2666.0
33792,2967,3582,M,43,1996-11-13,38,Louny,north Bohemia,YZ,72003149,SIN_ESPECIFICAR,Sin Especificar,1042.0
33793,2967,3582,M,43,1996-11-13,38,Louny,north Bohemia,KL,50707632,POJISTNE,Pago de Seguros,4489.0
33794,2968,3583,F,56,1995-02-05,15,Cesky Krumlov,south Bohemia,AB,52683812,SIPO,Servicios del Hogar,1394.0
33795,2968,3583,F,56,1995-02-05,15,Cesky Krumlov,south Bohemia,YZ,56916338,SIN_ESPECIFICAR,Sin Especificar,2284.0
33796,2971,3588,F,45,1993-12-23,76,Sumperk,north Moravia,IJ,96314990,LEASING,Arrendamiento / Leasing,3555.0
33797,2972,3589,F,37,1993-11-23,12,Pribram,central Bohemia,QR,68329626,LEASING,Arrendamiento / Leasing,3555.0
33798,2973,3590,F,22,1996-08-15,23,Cheb,west Bohemia,IJ,8758783,SIPO,Servicios del Hogar,4373.0
33799,2973,3590,F,22,1996-08-15,23,Cheb,west Bohemia,CD,26884633,SIN_ESPECIFICAR,Sin Especificar,212.0
33800,2974,3591,M,68,1993-03-13,9,Nymburk,central Bohemia,MN,42395120,SIPO,Servicios del Hogar,1546.0
33807,2976,3594,F,37,1996-08-19,13,Rakovnik,central Bohemia,IJ,31364357,SIPO,Servicios del Hogar,8473.0
33808,2977,3595,M,33,1996-06-20,28,Plzen - sever,west Bohemia,UV,10316992,LEASING,Arrendamiento / Leasing,1727.0
33809,2977,3595,M,33,1996-06-20,28,Plzen - sever,west Bohemia,IJ,47011393,SIPO,Servicios del Hogar,3055.0
33810,2978,3596,M,23,1995-01-06,74,Ostrava - mesto,north Moravia,MN,20491338,SIPO,Servicios del Hogar,3212.0
33811,2979,3597,F,65,1997-11-22,10,Praha - vychod,central Bohemia,QR,8953369,SIPO,Servicios del Hogar,3494.0
33812,2980,3598,M,75,1993-12-09,66,Zdar nad Sazavou,south Moravia,GH,92280965,SIPO,Servicios del Hogar,3316.0
33813,2981,3600,F,55,1997-01-11,46,Nachod,east Bohemia,CD,49108111,SIPO,Servicios del Hogar,2022.0
33814,2982,3601,M,60,1996-06-04,19,Prachatice,south Bohemia,AB,34302795,UVER,Cuota de Prestamo,3438.0
33815,2982,3601,M,60,1996-06-04,19,Prachatice,south Bohemia,KL,40149122,SIPO,Servicios del Hogar,8143.0
33816,2982,3601,M,60,1996-06-04,19,Prachatice,south Bohemia,EF,48207306,SIN_ESPECIFICAR,Sin Especificar,164.0
33817,2982,3601,M,60,1996-06-04,19,Prachatice,south Bohemia,OP,37620991,POJISTNE,Pago de Seguros,226.0
33818,2982,3601,M,60,1996-06-04,19,Prachatice,south Bohemia,ST,51036828,SIN_ESPECIFICAR,Sin Especificar,23.0
33823,2985,3605,M,64,1993-04-06,71,Novy Jicin,north Moravia,YZ,80860942,SIPO,Servicios del Hogar,2113.0
33824,2986,3606,M,40,1996-04-09,63,Vyskov,south Moravia,MN,61638289,SIPO,Servicios del Hogar,3301.0
33825,2986,3606,M,40,1996-04-09,63,Vyskov,south Moravia,CD,64366233,SIN_ESPECIFICAR,Sin Especificar,1390.0
33826,2986,3606,M,40,1996-04-09,63,Vyskov,south Moravia,WX,94623159,UVER,Cuota de Prestamo,1033.0
33827,2987,3607,F,52,1993-09-16,18,Pisek,south Bohemia,QR,71831965,SIPO,Servicios del Hogar,5569.0
33828,2988,3608,M,51,1996-10-14,66,Zdar nad Sazavou,south Moravia,IJ,47759002,UVER,Cuota de Prestamo,7384.0
33829,2989,3610,M,79,1993-11-28,4,Kladno,central Bohemia,QR,70749723,SIPO,Servicios del Hogar,3395.0
33830,2990,3611,F,26,1996-09-16,30,Sokolov,west Bohemia,KL,10709649,SIPO,Servicios del Hogar,22.0
33831,2990,3611,F,26,1996-09-16,30,Sokolov,west Bohemia,GH,22984445,SIN_ESPECIFICAR,Sin Especificar,2704.0
33832,2991,3612,F,36,1993-05-22,19,Prachatice,south Bohemia,EF,62427842,SIPO,Servicios del Hogar,9220.0
33833,2991,3612,F,36,1993-05-22,19,Prachatice,south Bohemia,CD,47281420,SIN_ESPECIFICAR,Sin Especificar,121.0
33834,2991,3612,F,36,1993-05-22,19,Prachatice,south Bohemia,MN,70128237,POJISTNE,Pago de Seguros,7.0
33835,2991,3612,F,36,1993-05-22,19,Prachatice,south Bohemia,IJ,62011402,SIN_ESPECIFICAR,Sin Especificar,107.0
33836,2992,3614,F,27,1997-07-11,43,Hradec Kralove,east Bohemia,OP,59211057,SIPO,Servicios del Hogar,5396.0
33837,2994,3616,F,34,1996-05-03,77,Vsetin,north Moravia,WX,20186478,SIPO,Servicios del Hogar,3217.0
33838,2994,3616,F,34,1996-05-03,77,Vsetin,north Moravia,WX,65474504,UVER,Cuota de Prestamo,1354.0
33840,2996,3618,M,45,1994-05-17,54,Brno - mesto,south Moravia,ST,55056405,SIPO,Servicios del Hogar,7282.0
33841,2996,3618,M,45,1994-05-17,54,Brno - mesto,south Moravia,WX,21435213,SIN_ESPECIFICAR,Sin Especificar,15.0
33842,2996,3618,M,45,1994-05-17,54,Brno - mesto,south Moravia,MN,47044444,POJISTNE,Pago de Seguros,99.0
33843,2996,3618,M,45,1994-05-17,54,Brno - mesto,south Moravia,EF,27229410,SIN_ESPECIFICAR,Sin Especificar,402.0
33844,2997,3619,M,43,1997-09-09,40,Teplice,north Bohemia,MN,27474618,SIPO,Servicios del Hogar,1978.0
33845,2998,3620,M,61,1997-11-09,21,Tabor,south Bohemia,OP,27213704,SIPO,Servicios del Hogar,3170.0
33846,2998,3620,M,61,1997-11-09,21,Tabor,south Bohemia,MN,53139364,SIN_ESPECIFICAR,Sin Especificar,28.0
33847,2998,3620,M,61,1997-11-09,21,Tabor,south Bohemia,EF,11165088,POJISTNE,Pago de Seguros,3.0
33848,2999,3621,M,59,1996-10-08,66,Zdar nad Sazavou,south Moravia,KL,27672302,SIPO,Servicios del Hogar,2806.0
33851,3004,3628,F,71,1996-08-22,11,Praha - zapad,central Bohemia,YZ,61573129,SIPO,Servicios del Hogar,1522.0
33852,3004,3628,F,71,1996-08-22,11,Praha - zapad,central Bohemia,GH,60290586,SIPO,Servicios del Hogar,1572.0
33853,3005,3629,M,51,1997-01-11,42,Havlickuv Brod,east Bohemia,CD,95518534,UVER,Cuota de Prestamo,8125.0
33854,3005,3629,M,51,1997-01-11,42,Havlickuv Brod,east Bohemia,IJ,33958757,SIPO,Servicios del Hogar,6883.0
33855,3005,3629,M,51,1997-01-11,42,Havlickuv Brod,east Bohemia,AB,44410479,SIN_ESPECIFICAR,Sin Especificar,7696.0
33856,3006,3630,F,75,1995-01-01,64,Zlin,south Moravia,YZ,98815863,SIPO,Servicios del Hogar,3783.0
33857,3007,3632,F,55,1993-02-02,16,Jindrichuv Hradec,south Bohemia,CD,27930361,SIPO,Servicios del Hogar,983.0
33858,3007,3632,F,55,1993-02-02,16,Jindrichuv Hradec,south Bohemia,KL,5890685,SIN_ESPECIFICAR,Sin Especificar,1405.0
33859,3007,3632,F,55,1993-02-02,16,Jindrichuv Hradec,south Bohemia,UV,2805859,POJISTNE,Pago de Seguros,5596.0
33860,3007,3632,F,55,1993-02-02,16,Jindrichuv Hradec,south Bohemia,ST,61215889,SIN_ESPECIFICAR,Sin Especificar,997.0
33861,3008,3633,M,65,1993-02-27,72,Olomouc,north Moravia,QR,79819476,SIPO,Servicios del Hogar,2120.0
33862,3009,3634,M,75,1996-01-26,1,Hl.m. Praha,Prague,OP,71009987,SIPO,Servicios del Hogar,2739.0
33863,3011,3637,M,39,1993-09-01,64,Zlin,south Moravia,GH,88863443,SIPO,Servicios del Hogar,2042.0
33864,3011,3637,M,39,1993-09-01,64,Zlin,south Moravia,WX,47335153,SIN_ESPECIFICAR,Sin Especificar,138.0
33865,3012,3638,F,55,1997-04-18,49,Semily,east Bohemia,YZ,76434039,SIPO,Servicios del Hogar,2601.0
33866,3013,3639,M,70,1997-12-09,73,Opava,north Moravia,YZ,42602026,SIPO,Servicios del Hogar,3064.0
33867,3014,3640,M,20,1995-03-03,75,Prerov,north Moravia,OP,52151411,LEASING,Arrendamiento / Leasing,4187.0
33868,3015,3642,M,37,1996-06-15,19,Prachatice,south Bohemia,WX,49125337,SIPO,Servicios del Hogar,18.0
33869,3015,3642,M,37,1996-06-15,19,Prachatice,south Bohemia,WX,854856,SIN_ESPECIFICAR,Sin Especificar,2130.0
33870,3016,3643,M,18,1996-02-23,26,Plzen - mesto,west Bohemia,AB,78590231,SIPO,Servicios del Hogar,8517.0
33871,3017,3644,M,47,1994-08-12,75,Prerov,north Moravia,QR,89721834,SIPO,Servicios del Hogar,3019.0
33872,3017,3644,M,47,1994-08-12,75,Prerov,north Moravia,AB,12489307,SIN_ESPECIFICAR,Sin Especificar,879.0
33873,3017,3644,M,47,1994-08-12,75,Prerov,north Moravia,GH,57924091,POJISTNE,Pago de Seguros,1173.0
33874,3017,3644,M,47,1994-08-12,75,Prerov,north Moravia,MN,8393472,SIN_ESPECIFICAR,Sin Especificar,1877.0
33875,3021,3649,F,39,1996-04-20,10,Praha - vychod,central Bohemia,AB,86677175,UVER,Cuota de Prestamo,3242.0
33876,3022,3650,M,80,1996-10-30,64,Zlin,south Moravia,GH,24765986,SIPO,Servicios del Hogar,3170.0
33877,3023,3651,M,80,1997-10-14,35,Jablonec n. Nisou,north Bohemia,OP,15459257,SIPO,Servicios del Hogar,2213.0
33878,3024,3652,M,78,1996-12-18,1,Hl.m. Praha,Prague,OP,72384530,SIPO,Servicios del Hogar,611.0
33879,3024,3652,M,78,1996-12-18,1,Hl.m. Praha,Prague,EF,13622033,SIPO,Servicios del Hogar,1650.0
33880,3025,3654,F,74,1997-12-27,25,Klatovy,west Bohemia,EF,14488661,SIPO,Servicios del Hogar,3354.0
33881,3026,3655,M,30,1993-02-18,24,Karlovy Vary,west Bohemia,OP,60199838,SIPO,Servicios del Hogar,8024.0
33882,3027,3656,F,73,1996-04-29,62,Uherske Hradiste,south Moravia,MN,37909793,SIPO,Servicios del Hogar,2631.0
33883,3028,3658,M,74,1993-09-15,27,Plzen - jih,west Bohemia,ST,81761723,SIPO,Servicios del Hogar,2200.0
33884,3029,3659,F,68,1996-12-24,42,Havlickuv Brod,east Bohemia,ST,89893799,SIPO,Servicios del Hogar,1514.0
33885,3030,3660,M,24,1994-06-22,65,Znojmo,south Moravia,GH,12182104,SIPO,Servicios del Hogar,293.0
33886,3030,3660,M,24,1994-06-22,65,Znojmo,south Moravia,AB,24432987,SIN_ESPECIFICAR,Sin Especificar,1795.0
33887,3031,3661,M,66,1997-03-10,51,Trutnov,east Bohemia,KL,53394967,SIPO,Servicios del Hogar,2789.0
33888,3032,3662,M,67,1993-06-07,5,Kolin,central Bohemia,OP,14357602,SIPO,Servicios del Hogar,2858.0
33889,3033,3663,F,51,1997-12-10,69,Jesenik,north Moravia,YZ,42934656,SIPO,Servicios del Hogar,605.0
33890,3033,3663,F,51,1997-12-10,69,Jesenik,north Moravia,OP,9593081,SIN_ESPECIFICAR,Sin Especificar,192.0
33891,3033,3663,F,51,1997-12-10,69,Jesenik,north Moravia,UV,11267763,POJISTNE,Pago de Seguros,1137.0
33895,3035,3667,M,27,1993-08-16,15,Cesky Krumlov,south Bohemia,KL,58785599,SIPO,Servicios del Hogar,7524.0
33896,3035,3667,M,27,1993-08-16,15,Cesky Krumlov,south Bohemia,OP,22791952,SIN_ESPECIFICAR,Sin Especificar,4919.0
33897,3037,3670,F,18,1994-05-26,44,Chrudim,east Bohemia,KL,19517636,UVER,Cuota de Prestamo,7719.0
33899,3039,3673,F,47,1993-12-10,1,Hl.m. Praha,Prague,YZ,29247951,SIPO,Servicios del Hogar,5035.0
33900,3039,3673,F,47,1993-12-10,1,Hl.m. Praha,Prague,YZ,32417327,SIN_ESPECIFICAR,Sin Especificar,1233.0
33901,3040,3674,F,18,1996-08-03,17,Pelhrimov,south Bohemia,ST,27743059,SIPO,Servicios del Hogar,2202.0
33902,3041,3675,M,46,1996-04-04,70,Karvina,north Moravia,KL,96395837,SIPO,Servicios del Hogar,130.0
33903,3041,3675,M,46,1996-04-04,70,Karvina,north Moravia,EF,49177348,SIN_ESPECIFICAR,Sin Especificar,1827.0
33904,3041,3675,M,46,1996-04-04,70,Karvina,north Moravia,MN,11865109,POJISTNE,Pago de Seguros,743.0
33905,3042,3676,F,33,1993-09-16,10,Praha - vychod,central Bohemia,UV,51078170,SIPO,Servicios del Hogar,2884.0
33906,3042,3676,F,33,1993-09-16,10,Praha - vychod,central Bohemia,WX,17494821,SIN_ESPECIFICAR,Sin Especificar,3459.0
33907,3043,3678,F,64,1996-12-29,1,Hl.m. Praha,Prague,QR,90735184,SIPO,Servicios del Hogar,2768.0
33908,3044,3679,M,67,1996-09-14,72,Olomouc,north Moravia,MN,65354591,SIPO,Servicios del Hogar,2756.0
33909,3045,3681,M,77,1995-06-08,1,Hl.m. Praha,Prague,WX,59194171,SIPO,Servicios del Hogar,2366.0
33910,3046,3683,F,21,1997-08-11,74,Ostrava - mesto,north Moravia,IJ,27034569,SIPO,Servicios del Hogar,1889.0
33911,3046,3683,F,21,1997-08-11,74,Ostrava - mesto,north Moravia,MN,23135692,SIN_ESPECIFICAR,Sin Especificar,613.0
33912,3047,3684,F,37,1993-02-17,16,Jindrichuv Hradec,south Bohemia,IJ,75409131,SIPO,Servicios del Hogar,2316.0
33913,3048,3685,M,24,1997-12-26,74,Ostrava - mesto,north Moravia,UV,57049596,LEASING,Arrendamiento / Leasing,4631.0
33914,3049,3686,F,36,1994-09-08,61,Trebic,south Moravia,OP,65114086,SIPO,Servicios del Hogar,1961.0
33915,3050,3687,M,26,1993-05-08,60,Prostejov,south Moravia,AB,71189987,UVER,Cuota de Prestamo,6908.0
33916,3050,3687,M,26,1993-05-08,60,Prostejov,south Moravia,AB,72762232,SIPO,Servicios del Hogar,9716.0
33917,3050,3687,M,26,1993-05-08,60,Prostejov,south Moravia,AB,62503671,SIN_ESPECIFICAR,Sin Especificar,119.0
33918,3050,3687,M,26,1993-05-08,60,Prostejov,south Moravia,CD,93120836,POJISTNE,Pago de Seguros,41.0
33919,3051,3689,F,19,1996-01-01,9,Nymburk,central Bohemia,WX,89318686,SIPO,Servicios del Hogar,4104.0
33920,3051,3689,F,19,1996-01-01,9,Nymburk,central Bohemia,GH,55203390,SIN_ESPECIFICAR,Sin Especificar,184.0
33921,3051,3689,F,19,1996-01-01,9,Nymburk,central Bohemia,WX,73282408,POJISTNE,Pago de Seguros,623.0
33922,3052,3690,M,38,1997-04-26,44,Chrudim,east Bohemia,MN,81194168,LEASING,Arrendamiento / Leasing,4145.0
33923,3052,3690,M,38,1997-04-26,44,Chrudim,east Bohemia,MN,40350818,SIPO,Servicios del Hogar,6175.0
33924,3053,3691,M,33,1993-08-23,11,Praha - zapad,central Bohemia,OP,23890793,SIPO,Servicios del Hogar,3790.0
33925,3053,3691,M,33,1993-08-23,11,Praha - zapad,central Bohemia,KL,38718313,SIN_ESPECIFICAR,Sin Especificar,3675.0
33928,3055,3693,M,76,1996-05-26,15,Cesky Krumlov,south Bohemia,KL,99765395,SIPO,Servicios del Hogar,1279.0
33929,3055,3693,M,76,1996-05-26,15,Cesky Krumlov,south Bohemia,WX,24442416,SIPO,Servicios del Hogar,1140.0
33930,3056,3695,M,64,1993-12-22,55,Brno - venkov,south Moravia,AB,36077541,SIPO,Servicios del Hogar,868.0
33931,3056,3695,M,64,1993-12-22,55,Brno - venkov,south Moravia,ST,67921972,SIPO,Servicios del Hogar,2033.0
33932,3057,3697,F,44,1997-07-23,9,Nymburk,central Bohemia,WX,53154373,SIPO,Servicios del Hogar,4646.0
33933,3059,3699,M,30,1997-02-15,1,Hl.m. Praha,Prague,AB,37264526,SIPO,Servicios del Hogar,1433.0
33934,3059,3699,M,30,1997-02-15,1,Hl.m. Praha,Prague,IJ,42451202,SIN_ESPECIFICAR,Sin Especificar,1758.0
33935,3059,3699,M,30,1997-02-15,1,Hl.m. Praha,Prague,QR,52040380,POJISTNE,Pago de Seguros,529.0
33936,3060,3701,F,44,1997-06-09,73,Opava,north Moravia,IJ,55676627,SIPO,Servicios del Hogar,3960.0
33937,3061,3702,M,46,1995-11-08,76,Sumperk,north Moravia,WX,62345623,SIPO,Servicios del Hogar,1978.0
33938,3062,3703,M,67,1997-08-15,17,Pelhrimov,south Bohemia,AB,21810698,SIPO,Servicios del Hogar,2638.0
33939,3063,3704,M,36,1993-05-26,72,Olomouc,north Moravia,YZ,83163529,SIPO,Servicios del Hogar,2330.0
33940,3064,3705,F,33,1993-05-23,40,Teplice,north Bohemia,IJ,63995122,SIPO,Servicios del Hogar,1455.0
33941,3064,3705,F,33,1993-05-23,40,Teplice,north Bohemia,EF,30132371,SIN_ESPECIFICAR,Sin Especificar,4714.0
33942,3064,3705,F,33,1993-05-23,40,Teplice,north Bohemia,ST,35513132,UVER,Cuota de Prestamo,1285.0
33945,3066,3707,M,57,1996-08-12,74,Ostrava - mesto,north Moravia,CD,50533449,SIPO,Servicios del Hogar,3241.0
33946,3067,3708,F,40,1997-01-30,46,Nachod,east Bohemia,EF,14703780,SIPO,Servicios del Hogar,2604.0
33947,3067,3708,F,40,1997-01-30,46,Nachod,east Bohemia,AB,61285483,SIN_ESPECIFICAR,Sin Especificar,1330.0
33948,3068,3710,M,70,1993-04-25,59,Kromeriz,south Moravia,YZ,6201172,SIPO,Servicios del Hogar,3878.0
33949,3069,3711,M,30,1993-03-20,66,Zdar nad Sazavou,south Moravia,ST,27829212,SIPO,Servicios del Hogar,6704.0
33950,3070,3712,F,29,1997-08-21,56,Breclav,south Moravia,UV,28481227,SIPO,Servicios del Hogar,3374.0
33951,3071,3713,F,54,1996-10-03,41,Usti nad Labem,north Bohemia,MN,64606320,SIPO,Servicios del Hogar,5122.0
33952,3071,3713,F,54,1996-10-03,41,Usti nad Labem,north Bohemia,ST,5976218,SIN_ESPECIFICAR,Sin Especificar,4268.0
33953,3072,3714,F,45,1993-06-05,8,Mlada Boleslav,central Bohemia,WX,249654,SIPO,Servicios del Hogar,5268.0
33958,3075,3717,M,73,1997-06-25,71,Novy Jicin,north Moravia,KL,50335317,SIPO,Servicios del Hogar,1523.0
33959,3076,3719,M,68,1993-03-27,54,Brno - mesto,south Moravia,WX,67460548,SIPO,Servicios del Hogar,2715.0
33960,3077,3721,F,44,1997-04-16,64,Zlin,south Moravia,OP,91859578,SIPO,Servicios del Hogar,3698.0
33961,3078,3722,F,42,1993-07-16,1,Hl.m. Praha,Prague,KL,30277490,SIPO,Servicios del Hogar,2232.0
33962,3079,3723,M,30,1996-02-26,18,Pisek,south Bohemia,IJ,45304375,SIPO,Servicios del Hogar,234.0
33963,3079,3723,M,30,1996-02-26,18,Pisek,south Bohemia,WX,63926827,SIN_ESPECIFICAR,Sin Especificar,2065.0
33964,3080,3724,F,73,1995-10-29,57,Hodonin,south Moravia,UV,4152691,SIPO,Servicios del Hogar,3359.0
33967,3082,3727,M,28,1997-11-16,33,Decin,north Bohemia,OP,12562770,SIPO,Servicios del Hogar,7496.0
33968,3084,3730,F,53,1996-01-28,59,Kromeriz,south Moravia,MN,37864983,UVER,Cuota de Prestamo,7042.0
33970,3085,3732,M,52,1997-07-03,66,Zdar nad Sazavou,south Moravia,OP,55201452,SIPO,Servicios del Hogar,5723.0
33971,3085,3732,M,52,1997-07-03,66,Zdar nad Sazavou,south Moravia,MN,41444516,SIN_ESPECIFICAR,Sin Especificar,907.0
33972,3086,3733,F,52,1993-11-02,1,Hl.m. Praha,Prague,GH,59381639,SIPO,Servicios del Hogar,5022.0
33973,3087,3734,M,55,1993-12-04,15,Cesky Krumlov,south Bohemia,WX,48730450,SIPO,Servicios del Hogar,845.0
33974,3087,3734,M,55,1993-12-04,15,Cesky Krumlov,south Bohemia,MN,59350305,SIN_ESPECIFICAR,Sin Especificar,395.0
33975,3087,3734,M,55,1993-12-04,15,Cesky Krumlov,south Bohemia,GH,32416212,POJISTNE,Pago de Seguros,693.0
33976,3088,3735,M,60,1996-03-08,18,Pisek,south Bohemia,IJ,76251017,SIPO,Servicios del Hogar,5866.0
33977,3090,3738,F,20,1996-12-10,1,Hl.m. Praha,Prague,UV,1940066,LEASING,Arrendamiento / Leasing,4225.0
33978,3090,3738,F,20,1996-12-10,1,Hl.m. Praha,Prague,GH,47624367,SIPO,Servicios del Hogar,6829.0
33979,3090,3738,F,20,1996-12-10,1,Hl.m. Praha,Prague,YZ,75680291,SIN_ESPECIFICAR,Sin Especificar,722.0
33980,3090,3738,F,20,1996-12-10,1,Hl.m. Praha,Prague,AB,18386042,POJISTNE,Pago de Seguros,640.0
33981,3091,3739,F,42,1993-11-11,3,Beroun,central Bohemia,GH,49400448,SIPO,Servicios del Hogar,4922.0
33982,3091,3739,F,42,1993-11-11,3,Beroun,central Bohemia,QR,20404392,SIN_ESPECIFICAR,Sin Especificar,3387.0
33983,3092,3740,M,69,1995-12-20,46,Nachod,east Bohemia,EF,57711619,SIPO,Servicios del Hogar,2311.0
33984,3093,3741,M,62,1996-11-21,16,Jindrichuv Hradec,south Bohemia,CD,40338969,SIPO,Servicios del Hogar,4238.0
33985,3094,3742,F,37,1993-12-20,56,Breclav,south Moravia,MN,54152226,SIPO,Servicios del Hogar,5421.0
33986,3094,3742,F,37,1993-12-20,56,Breclav,south Moravia,WX,36868620,SIN_ESPECIFICAR,Sin Especificar,10.0
33987,3094,3742,F,37,1993-12-20,56,Breclav,south Moravia,IJ,79572272,POJISTNE,Pago de Seguros,21.0
33988,3094,3742,F,37,1993-12-20,56,Breclav,south Moravia,IJ,4935080,SIN_ESPECIFICAR,Sin Especificar,17.0
33994,3096,3745,F,27,1993-06-29,68,Frydek - Mistek,north Moravia,CD,81572884,SIPO,Servicios del Hogar,6446.0
33995,3096,3745,F,27,1993-06-29,68,Frydek - Mistek,north Moravia,KL,64655774,SIN_ESPECIFICAR,Sin Especificar,65.0
33996,3096,3745,F,27,1993-06-29,68,Frydek - Mistek,north Moravia,EF,74155062,POJISTNE,Pago de Seguros,8.0
33997,3096,3745,F,27,1993-06-29,68,Frydek - Mistek,north Moravia,KL,85654091,SIN_ESPECIFICAR,Sin Especificar,1619.0
33998,3097,3746,M,23,1997-08-14,66,Zdar nad Sazavou,south Moravia,EF,18871748,SIPO,Servicios del Hogar,403.0
33999,3097,3746,M,23,1997-08-14,66,Zdar nad Sazavou,south Moravia,ST,70961040,SIN_ESPECIFICAR,Sin Especificar,2119.0
34000,3098,3747,M,34,1996-09-16,1,Hl.m. Praha,Prague,WX,95756363,SIPO,Servicios del Hogar,4605.0
34001,3099,3748,F,68,1993-05-20,70,Karvina,north Moravia,OP,30212110,SIPO,Servicios del Hogar,3205.0
34002,3100,3749,F,55,1997-06-22,65,Znojmo,south Moravia,AB,66114073,SIPO,Servicios del Hogar,222.0
34003,3100,3749,F,55,1997-06-22,65,Znojmo,south Moravia,CD,8754432,SIN_ESPECIFICAR,Sin Especificar,6275.0
34004,3101,3750,M,60,1994-02-27,1,Hl.m. Praha,Prague,EF,52626574,SIPO,Servicios del Hogar,1938.0
34005,3102,3751,M,32,1997-11-23,33,Decin,north Bohemia,ST,24365711,SIPO,Servicios del Hogar,6722.0
34006,3103,3753,F,39,1997-09-21,1,Hl.m. Praha,Prague,GH,71421909,SIPO,Servicios del Hogar,9388.0
34007,3103,3753,F,39,1997-09-21,1,Hl.m. Praha,Prague,EF,57580989,SIN_ESPECIFICAR,Sin Especificar,776.0
34008,3103,3753,F,39,1997-09-21,1,Hl.m. Praha,Prague,AB,37620896,POJISTNE,Pago de Seguros,4244.0
34009,3104,3754,F,51,1997-04-29,1,Hl.m. Praha,Prague,OP,58133125,SIPO,Servicios del Hogar,2004.0
34010,3105,3755,F,47,1997-11-21,37,Litomerice,north Bohemia,ST,35257673,SIPO,Servicios del Hogar,2145.0
34011,3107,3757,M,76,1993-11-20,5,Kolin,central Bohemia,EF,71699601,SIPO,Servicios del Hogar,2642.0
34012,3108,3758,F,35,1993-03-14,53,Blansko,south Moravia,UV,40014571,SIPO,Servicios del Hogar,1560.0
34013,3108,3758,F,35,1993-03-14,53,Blansko,south Moravia,UV,61451268,SIN_ESPECIFICAR,Sin Especificar,482.0
34014,3111,3762,F,39,1995-11-08,60,Prostejov,south Moravia,EF,58687466,SIPO,Servicios del Hogar,3641.0
34015,3112,3763,F,21,1994-08-12,38,Louny,north Bohemia,IJ,66820907,UVER,Cuota de Prestamo,2567.0
34016,3112,3763,F,21,1994-08-12,38,Louny,north Bohemia,OP,66618603,SIPO,Servicios del Hogar,1468.0
34017,3112,3763,F,21,1994-08-12,38,Louny,north Bohemia,KL,83437150,SIN_ESPECIFICAR,Sin Especificar,1584.0
34018,3113,3765,F,42,1993-08-16,67,Bruntal,north Moravia,CD,35737115,SIPO,Servicios del Hogar,8001.0
34019,3113,3765,F,42,1993-08-16,67,Bruntal,north Moravia,WX,14441299,SIN_ESPECIFICAR,Sin Especificar,4043.0
34020,3113,3765,F,42,1993-08-16,67,Bruntal,north Moravia,ST,47521537,POJISTNE,Pago de Seguros,367.0
34021,3113,3765,F,42,1993-08-16,67,Bruntal,north Moravia,GH,11477154,SIN_ESPECIFICAR,Sin Especificar,355.0
34022,3115,3767,M,62,1996-03-27,14,Ceske Budejovice,south Bohemia,UV,94811379,UVER,Cuota de Prestamo,5353.0
34023,3115,3767,M,62,1996-03-27,14,Ceske Budejovice,south Bohemia,IJ,68203913,SIPO,Servicios del Hogar,14723.0
34024,3116,3769,M,41,1996-04-05,54,Brno - mesto,south Moravia,CD,74016618,SIPO,Servicios del Hogar,9037.0
34025,3117,3770,F,73,1993-02-24,33,Decin,north Bohemia,OP,41120845,SIPO,Servicios del Hogar,3570.0
34026,3118,3771,M,56,1996-03-10,48,Rychnov nad Kneznou,east Bohemia,GH,73266708,SIPO,Servicios del Hogar,8886.0
34027,3119,3773,F,34,1997-05-02,33,Decin,north Bohemia,AB,77515130,SIPO,Servicios del Hogar,1144.0
34028,3119,3773,F,34,1997-05-02,33,Decin,north Bohemia,MN,30850821,SIN_ESPECIFICAR,Sin Especificar,84.0
34029,3119,3773,F,34,1997-05-02,33,Decin,north Bohemia,MN,80588805,POJISTNE,Pago de Seguros,884.0
34030,3120,3774,M,76,1996-06-20,1,Hl.m. Praha,Prague,CD,21733200,SIPO,Servicios del Hogar,2904.0
34031,3121,3775,M,70,1996-03-08,46,Nachod,east Bohemia,CD,63130450,SIPO,Servicios del Hogar,2902.0
34032,3122,3776,M,20,1997-05-12,74,Ostrava - mesto,north Moravia,AB,14967674,SIPO,Servicios del Hogar,4944.0
34035,3124,3779,M,49,1995-06-13,6,Kutna Hora,central Bohemia,KL,29770392,SIPO,Servicios del Hogar,3649.0
34036,3124,3779,M,49,1995-06-13,6,Kutna Hora,central Bohemia,ST,56739848,SIN_ESPECIFICAR,Sin Especificar,811.0
34037,3124,3779,M,49,1995-06-13,6,Kutna Hora,central Bohemia,ST,274038,POJISTNE,Pago de Seguros,876.0
34038,3125,3780,M,21,1996-12-16,37,Litomerice,north Bohemia,CD,77198278,SIPO,Servicios del Hogar,4245.0
34039,3126,3781,F,23,1996-09-03,17,Pelhrimov,south Bohemia,QR,39072895,SIPO,Servicios del Hogar,3992.0
34040,3127,3782,M,18,1993-08-08,66,Zdar nad Sazavou,south Moravia,YZ,63558506,SIPO,Servicios del Hogar,7334.0
34041,3129,3785,F,78,1993-12-05,5,Kolin,central Bohemia,GH,18722367,SIPO,Servicios del Hogar,2707.0
34042,3130,3786,M,78,1996-03-20,13,Rakovnik,central Bohemia,ST,47109222,SIPO,Servicios del Hogar,1546.0
34043,3131,3787,F,20,1995-10-23,21,Tabor,south Bohemia,GH,1389563,SIPO,Servicios del Hogar,9131.0
34044,3132,3788,F,43,1995-10-08,56,Breclav,south Moravia,ST,49754077,SIPO,Servicios del Hogar,3520.0
34045,3132,3788,F,43,1995-10-08,56,Breclav,south Moravia,OP,96756225,SIN_ESPECIFICAR,Sin Especificar,855.0
34046,3132,3788,F,43,1995-10-08,56,Breclav,south Moravia,OP,68989574,POJISTNE,Pago de Seguros,13.0
34047,3133,3789,M,34,1993-06-14,66,Zdar nad Sazavou,south Moravia,IJ,62989395,SIPO,Servicios del Hogar,3191.0
34048,3133,3789,M,34,1993-06-14,66,Zdar nad Sazavou,south Moravia,ST,98308729,SIN_ESPECIFICAR,Sin Especificar,6327.0
34049,3134,3790,M,62,1994-04-29,48,Rychnov nad Kneznou,east Bohemia,WX,32364529,SIPO,Servicios del Hogar,3268.0
34050,3135,3791,M,59,1993-12-27,72,Olomouc,north Moravia,CD,78418945,SIPO,Servicios del Hogar,6814.0
34051,3136,3792,M,26,1993-08-07,69,Jesenik,north Moravia,CD,66834139,SIPO,Servicios del Hogar,2655.0
34052,3136,3792,M,26,1993-08-07,69,Jesenik,north Moravia,UV,29040438,SIN_ESPECIFICAR,Sin Especificar,3489.0
34053,3137,3793,F,47,1996-12-15,39,Most,north Bohemia,ST,85610150,UVER,Cuota de Prestamo,4227.0
34054,3140,3796,M,45,1997-05-13,3,Beroun,central Bohemia,OP,56121855,SIPO,Servicios del Hogar,2376.0
34055,3140,3796,M,45,1997-05-13,3,Beroun,central Bohemia,WX,26200568,SIN_ESPECIFICAR,Sin Especificar,1978.0
34056,3141,3798,F,44,1995-01-06,1,Hl.m. Praha,Prague,OP,82784348,LEASING,Arrendamiento / Leasing,1087.0
34057,3141,3798,F,44,1995-01-06,1,Hl.m. Praha,Prague,QR,83041977,SIPO,Servicios del Hogar,9905.0
34058,3142,3799,M,69,1994-09-14,2,Benesov,central Bohemia,MN,52314406,SIPO,Servicios del Hogar,1974.0
34059,3142,3799,M,69,1994-09-14,2,Benesov,central Bohemia,WX,91892325,SIPO,Servicios del Hogar,1254.0
34060,3143,3800,F,44,1996-10-18,38,Louny,north Bohemia,IJ,86599880,SIPO,Servicios del Hogar,4474.0
34061,3143,3800,F,44,1996-10-18,38,Louny,north Bohemia,OP,92271554,UVER,Cuota de Prestamo,5454.0
34062,3144,3802,M,73,1996-03-09,67,Bruntal,north Moravia,KL,24305564,SIPO,Servicios del Hogar,3786.0
34063,3145,3803,M,68,1993-12-03,4,Kladno,central Bohemia,ST,71322232,SIPO,Servicios del Hogar,2527.0
34064,3146,3805,M,56,1993-10-26,68,Frydek - Mistek,north Moravia,OP,91693257,SIPO,Servicios del Hogar,2122.0
34065,3147,3806,F,31,1995-04-05,54,Brno - mesto,south Moravia,ST,93076461,SIPO,Servicios del Hogar,7729.0
34066,3147,3806,F,31,1995-04-05,54,Brno - mesto,south Moravia,MN,78769749,SIN_ESPECIFICAR,Sin Especificar,28.0
34067,3147,3806,F,31,1995-04-05,54,Brno - mesto,south Moravia,CD,85648721,POJISTNE,Pago de Seguros,33.0
34068,3147,3806,F,31,1995-04-05,54,Brno - mesto,south Moravia,AB,80525493,SIN_ESPECIFICAR,Sin Especificar,37.0
34069,3148,3807,F,51,1995-11-19,33,Decin,north Bohemia,ST,29701394,SIPO,Servicios del Hogar,2478.0
34072,3151,3811,M,46,1996-02-21,6,Kutna Hora,central Bohemia,IJ,53186309,SIPO,Servicios del Hogar,363.0
34073,3151,3811,M,46,1996-02-21,6,Kutna Hora,central Bohemia,EF,48056763,SIN_ESPECIFICAR,Sin Especificar,4081.0
34074,3152,3812,M,31,1993-07-16,1,Hl.m. Praha,Prague,KL,22302586,SIPO,Servicios del Hogar,6339.0
34075,3153,3813,F,20,1996-07-05,2,Benesov,central Bohemia,WX,47472262,SIPO,Servicios del Hogar,3175.0
34076,3153,3813,F,20,1996-07-05,2,Benesov,central Bohemia,OP,43252468,SIN_ESPECIFICAR,Sin Especificar,2001.0
34077,3154,3814,M,53,1997-07-02,1,Hl.m. Praha,Prague,WX,76435845,SIPO,Servicios del Hogar,3609.0
34078,3154,3814,M,53,1997-07-02,1,Hl.m. Praha,Prague,KL,5445003,SIN_ESPECIFICAR,Sin Especificar,515.0
34079,3155,3815,F,29,1996-08-29,28,Plzen - sever,west Bohemia,KL,66843986,SIPO,Servicios del Hogar,8704.0
34080,3156,3816,M,32,1997-11-16,1,Hl.m. Praha,Prague,KL,10083705,LEASING,Arrendamiento / Leasing,1087.0
34081,3157,3817,F,61,1993-09-10,77,Vsetin,north Moravia,EF,12642550,SIPO,Servicios del Hogar,694.0
34082,3157,3817,F,61,1993-09-10,77,Vsetin,north Moravia,YZ,78150850,SIPO,Servicios del Hogar,1740.0
34083,3158,3818,M,56,1996-10-03,71,Novy Jicin,north Moravia,UV,24583161,SIPO,Servicios del Hogar,2100.0
34087,3160,3821,M,59,1994-06-19,22,Domazlice,west Bohemia,IJ,5269879,SIPO,Servicios del Hogar,8364.0
34088,3161,3822,M,45,1996-08-26,48,Rychnov nad Kneznou,east Bohemia,CD,21771204,UVER,Cuota de Prestamo,2501.0
34089,3162,3823,M,42,1996-05-18,63,Vyskov,south Moravia,IJ,32623553,SIPO,Servicios del Hogar,9350.0
34090,3163,3824,M,27,1997-05-24,41,Usti nad Labem,north Bohemia,WX,2153873,LEASING,Arrendamiento / Leasing,2222.0
34091,3163,3824,M,27,1997-05-24,41,Usti nad Labem,north Bohemia,MN,79781448,SIPO,Servicios del Hogar,2350.0
34092,3163,3824,M,27,1997-05-24,41,Usti nad Labem,north Bohemia,OP,11820799,SIN_ESPECIFICAR,Sin Especificar,6514.0
34093,3163,3824,M,27,1997-05-24,41,Usti nad Labem,north Bohemia,UV,83438044,POJISTNE,Pago de Seguros,1620.0
34094,3164,3826,M,77,1993-12-24,33,Decin,north Bohemia,UV,53459769,SIPO,Servicios del Hogar,2971.0
34095,3164,3826,M,77,1993-12-24,33,Decin,north Bohemia,WX,37334716,SIPO,Servicios del Hogar,433.0
34098,3166,3829,M,26,1993-08-10,71,Novy Jicin,north Moravia,UV,16657728,UVER,Cuota de Prestamo,3703.0
34099,3168,3831,M,80,1993-02-20,39,Most,north Bohemia,YZ,85804390,SIPO,Servicios del Hogar,3292.0
34100,3169,3833,M,63,1997-12-19,19,Prachatice,south Bohemia,YZ,57548916,SIPO,Servicios del Hogar,836.0
34101,3169,3833,M,63,1997-12-19,19,Prachatice,south Bohemia,OP,67546647,SIN_ESPECIFICAR,Sin Especificar,6674.0
34102,3170,3834,F,22,1996-01-12,1,Hl.m. Praha,Prague,CD,79496711,SIPO,Servicios del Hogar,4187.0
34103,3171,3835,F,67,1993-09-28,61,Trebic,south Moravia,QR,49371123,SIPO,Servicios del Hogar,3102.0
34104,3172,3836,M,50,1997-05-27,77,Vsetin,north Moravia,ST,38317006,SIPO,Servicios del Hogar,1899.0
34105,3172,3836,M,50,1997-05-27,77,Vsetin,north Moravia,EF,26548195,SIN_ESPECIFICAR,Sin Especificar,43.0
34106,3173,3837,F,77,1993-05-15,39,Most,north Bohemia,EF,9030479,SIPO,Servicios del Hogar,2189.0
34107,3173,3837,F,77,1993-05-15,39,Most,north Bohemia,IJ,2587175,SIPO,Servicios del Hogar,634.0
34108,3174,3838,M,69,1997-12-10,65,Znojmo,south Moravia,IJ,69832593,SIPO,Servicios del Hogar,2859.0
34109,3175,3840,F,65,1996-10-08,50,Svitavy,east Bohemia,AB,73805624,SIPO,Servicios del Hogar,3280.0
34110,3176,3841,M,79,1997-03-26,26,Plzen - mesto,west Bohemia,WX,84174042,SIPO,Servicios del Hogar,2464.0
34111,3178,3843,F,56,1996-04-27,4,Kladno,central Bohemia,EF,10611677,SIPO,Servicios del Hogar,1665.0
34112,3178,3843,F,56,1996-04-27,4,Kladno,central Bohemia,OP,35352593,SIN_ESPECIFICAR,Sin Especificar,287.0
34113,3179,3844,F,35,1996-09-20,71,Novy Jicin,north Moravia,ST,29653591,SIPO,Servicios del Hogar,2556.0
34114,3179,3844,F,35,1996-09-20,71,Novy Jicin,north Moravia,WX,81993627,SIN_ESPECIFICAR,Sin Especificar,1015.0
34115,3180,3845,M,39,1996-06-18,1,Hl.m. Praha,Prague,EF,50436025,SIPO,Servicios del Hogar,1210.0
34116,3180,3845,M,39,1996-06-18,1,Hl.m. Praha,Prague,CD,25152552,SIN_ESPECIFICAR,Sin Especificar,1954.0
34117,3182,3847,F,39,1996-12-20,6,Kutna Hora,central Bohemia,AB,83704822,SIPO,Servicios del Hogar,6455.0
34118,3183,3848,F,60,1994-04-01,45,Jicin,east Bohemia,QR,52212673,SIPO,Servicios del Hogar,3024.0
34119,3184,3849,F,66,1994-02-18,1,Hl.m. Praha,Prague,OP,29959482,SIPO,Servicios del Hogar,3410.0
34120,3185,3850,F,41,1997-07-29,45,Jicin,east Bohemia,AB,90867876,SIPO,Servicios del Hogar,6404.0
34121,3185,3850,F,41,1997-07-29,45,Jicin,east Bohemia,ST,46145159,SIN_ESPECIFICAR,Sin Especificar,2041.0
34122,3186,3852,F,46,1995-05-28,10,Praha - vychod,central Bohemia,KL,13502067,SIPO,Servicios del Hogar,7456.0
34123,3188,3854,M,39,1997-02-20,24,Karlovy Vary,west Bohemia,AB,82353186,SIPO,Servicios del Hogar,7623.0
34124,3189,3855,M,59,1995-11-29,29,Rokycany,west Bohemia,WX,75490885,UVER,Cuota de Prestamo,3703.0
34125,3190,3856,F,54,1996-12-30,1,Hl.m. Praha,Prague,ST,96924554,SIPO,Servicios del Hogar,3085.0
34126,3191,3857,F,46,1996-09-17,72,Olomouc,north Moravia,ST,18965119,SIPO,Servicios del Hogar,2774.0
34127,3191,3857,F,46,1996-09-17,72,Olomouc,north Moravia,ST,47511076,SIN_ESPECIFICAR,Sin Especificar,3606.0
34128,3192,3858,F,50,1996-07-28,18,Pisek,south Bohemia,GH,66663372,SIPO,Servicios del Hogar,1272.0
34129,3192,3858,F,50,1996-07-28,18,Pisek,south Bohemia,AB,36690706,SIN_ESPECIFICAR,Sin Especificar,2518.0
34130,3193,3860,M,60,1996-02-27,74,Ostrava - mesto,north Moravia,GH,24848491,SIPO,Servicios del Hogar,9641.0
34131,3194,3861,F,47,1997-04-19,11,Praha - zapad,central Bohemia,OP,46890920,SIPO,Servicios del Hogar,7584.0
34132,3195,3862,F,51,1993-09-02,40,Teplice,north Bohemia,KL,48782503,SIPO,Servicios del Hogar,1599.0
34133,3195,3862,F,51,1993-09-02,40,Teplice,north Bohemia,QR,58903491,SIN_ESPECIFICAR,Sin Especificar,1253.0
34134,3195,3862,F,51,1993-09-02,40,Teplice,north Bohemia,WX,79532688,POJISTNE,Pago de Seguros,218.0
34135,3196,3863,F,59,1993-12-13,1,Hl.m. Praha,Prague,QR,20193255,SIPO,Servicios del Hogar,2389.0
34136,3197,3865,M,21,1993-12-25,1,Hl.m. Praha,Prague,QR,34224891,SIPO,Servicios del Hogar,2008.0
34140,3199,3868,M,36,1996-06-06,66,Zdar nad Sazavou,south Moravia,QR,90896355,SIPO,Servicios del Hogar,1571.0
34141,3199,3868,M,36,1996-06-06,66,Zdar nad Sazavou,south Moravia,WX,75887262,SIN_ESPECIFICAR,Sin Especificar,2164.0
34142,3201,3870,F,27,1994-04-17,4,Kladno,central Bohemia,YZ,11025113,SIPO,Servicios del Hogar,3352.0
34143,3201,3870,F,27,1994-04-17,4,Kladno,central Bohemia,AB,88160776,SIN_ESPECIFICAR,Sin Especificar,2898.0
34144,3202,3872,M,68,1997-06-04,8,Mlada Boleslav,central Bohemia,ST,94148736,SIPO,Servicios del Hogar,1613.0
34145,3202,3872,M,68,1997-06-04,8,Mlada Boleslav,central Bohemia,CD,62389814,SIPO,Servicios del Hogar,908.0
34146,3203,3873,F,38,1995-08-07,23,Cheb,west Bohemia,YZ,15327358,SIPO,Servicios del Hogar,2111.0
34147,3205,3875,F,68,1995-12-17,1,Hl.m. Praha,Prague,WX,31185347,SIPO,Servicios del Hogar,1564.0
34148,3206,3877,F,42,1996-06-22,38,Louny,north Bohemia,EF,56025850,SIPO,Servicios del Hogar,2434.0
34149,3206,3877,F,42,1996-06-22,38,Louny,north Bohemia,YZ,59108871,SIN_ESPECIFICAR,Sin Especificar,677.0
34152,3209,3881,F,51,1997-12-10,45,Jicin,east Bohemia,QR,59829372,SIPO,Servicios del Hogar,5659.0
34153,3210,3883,M,33,1993-05-17,1,Hl.m. Praha,Prague,WX,29783749,SIPO,Servicios del Hogar,7388.0
34154,3211,3884,M,35,1997-06-09,72,Olomouc,north Moravia,WX,11110592,SIPO,Servicios del Hogar,2012.0
34155,3212,3885,F,58,1993-07-25,70,Karvina,north Moravia,KL,87521946,SIPO,Servicios del Hogar,2112.0
34156,3212,3885,F,58,1993-07-25,70,Karvina,north Moravia,MN,77462422,SIN_ESPECIFICAR,Sin Especificar,68.0
34157,3212,3885,F,58,1993-07-25,70,Karvina,north Moravia,YZ,17035544,POJISTNE,Pago de Seguros,95.0
34158,3212,3885,F,58,1993-07-25,70,Karvina,north Moravia,QR,12530750,SIN_ESPECIFICAR,Sin Especificar,47.0
34159,3213,3886,F,33,1993-04-12,51,Trutnov,east Bohemia,AB,80640691,SIPO,Servicios del Hogar,1483.0
34160,3213,3886,F,33,1993-04-12,51,Trutnov,east Bohemia,GH,67793083,SIN_ESPECIFICAR,Sin Especificar,562.0
34161,3214,3887,M,78,1997-05-10,67,Bruntal,north Moravia,EF,20723015,SIPO,Servicios del Hogar,2679.0
34164,3216,3890,M,40,1995-08-11,3,Beroun,central Bohemia,YZ,22704035,LEASING,Arrendamiento / Leasing,1951.0
34165,3216,3890,M,40,1995-08-11,3,Beroun,central Bohemia,QR,76364105,SIPO,Servicios del Hogar,2712.0
34166,3216,3890,M,40,1995-08-11,3,Beroun,central Bohemia,KL,29463476,SIN_ESPECIFICAR,Sin Especificar,6634.0
34167,3217,3891,M,40,1997-04-23,75,Prerov,north Moravia,MN,98874544,LEASING,Arrendamiento / Leasing,1951.0
34168,3217,3891,M,40,1997-04-23,75,Prerov,north Moravia,GH,66272967,SIPO,Servicios del Hogar,8196.0
34169,3218,3892,M,19,1993-11-14,41,Usti nad Labem,north Bohemia,AB,79115420,SIPO,Servicios del Hogar,1449.0
34170,3218,3892,M,19,1993-11-14,41,Usti nad Labem,north Bohemia,UV,42386043,SIN_ESPECIFICAR,Sin Especificar,667.0
34171,3219,3893,M,29,1996-03-26,1,Hl.m. Praha,Prague,CD,53001368,SIPO,Servicios del Hogar,8811.0
34172,3220,3894,M,57,1993-08-14,29,Rokycany,west Bohemia,KL,21290225,LEASING,Arrendamiento / Leasing,1882.0
34173,3221,3896,M,75,1993-08-17,5,Kolin,central Bohemia,ST,23888492,SIPO,Servicios del Hogar,148.0
34174,3221,3896,M,75,1993-08-17,5,Kolin,central Bohemia,OP,83177405,SIPO,Servicios del Hogar,2038.0
34175,3222,3897,F,47,1993-07-21,4,Kladno,central Bohemia,UV,18331057,SIPO,Servicios del Hogar,674.0
34176,3222,3897,F,47,1993-07-21,4,Kladno,central Bohemia,ST,34597045,SIN_ESPECIFICAR,Sin Especificar,859.0
34177,3222,3897,F,47,1993-07-21,4,Kladno,central Bohemia,EF,51901710,POJISTNE,Pago de Seguros,590.0
34178,3224,3899,F,79,1996-11-10,55,Brno - venkov,south Moravia,IJ,12458819,SIPO,Servicios del Hogar,2583.0
34179,3224,3899,F,79,1996-11-10,55,Brno - venkov,south Moravia,WX,54968285,SIPO,Servicios del Hogar,1375.0
34180,3225,3900,M,55,1993-11-01,1,Hl.m. Praha,Prague,CD,58175218,SIPO,Servicios del Hogar,8030.0
34181,3226,3902,F,49,1994-08-28,65,Znojmo,south Moravia,CD,54645806,SIPO,Servicios del Hogar,450.0
34182,3226,3902,F,49,1994-08-28,65,Znojmo,south Moravia,UV,33583200,SIN_ESPECIFICAR,Sin Especificar,2348.0
34183,3227,3903,F,50,1996-06-24,1,Hl.m. Praha,Prague,IJ,27954143,SIPO,Servicios del Hogar,2743.0
34184,3227,3903,F,50,1996-06-24,1,Hl.m. Praha,Prague,IJ,5033845,SIN_ESPECIFICAR,Sin Especificar,1662.0
34185,3227,3903,F,50,1996-06-24,1,Hl.m. Praha,Prague,KL,1780486,POJISTNE,Pago de Seguros,4742.0
34186,3227,3903,F,50,1996-06-24,1,Hl.m. Praha,Prague,UV,62453669,LEASING,Arrendamiento / Leasing,1721.0
34187,3228,3904,F,59,1996-10-30,29,Rokycany,west Bohemia,CD,86360150,SIPO,Servicios del Hogar,3847.0
34188,3229,3906,M,62,1995-11-18,64,Zlin,south Moravia,QR,63988697,UVER,Cuota de Prestamo,3252.0
34189,3229,3906,M,62,1995-11-18,64,Zlin,south Moravia,YZ,97103529,SIPO,Servicios del Hogar,6828.0
34190,3229,3906,M,62,1995-11-18,64,Zlin,south Moravia,WX,5108792,SIN_ESPECIFICAR,Sin Especificar,6411.0
34191,3230,3907,F,44,1995-03-11,1,Hl.m. Praha,Prague,YZ,9279585,UVER,Cuota de Prestamo,2144.0
34192,3231,3908,M,69,1995-04-18,73,Opava,north Moravia,UV,8378410,SIPO,Servicios del Hogar,2636.0
34193,3232,3910,F,79,1996-10-02,37,Litomerice,north Bohemia,IJ,7032335,SIPO,Servicios del Hogar,2413.0
34194,3233,3911,F,46,1995-03-03,31,Tachov,west Bohemia,GH,33019089,SIPO,Servicios del Hogar,9044.0
34195,3234,3912,F,53,1995-09-16,1,Hl.m. Praha,Prague,UV,99641459,SIPO,Servicios del Hogar,2659.0
34196,3235,3913,M,47,1995-01-26,8,Mlada Boleslav,central Bohemia,EF,74219459,SIPO,Servicios del Hogar,6149.0
34197,3236,3914,F,78,1997-02-20,52,Usti nad Orlici,east Bohemia,GH,61162030,SIPO,Servicios del Hogar,350.0
34198,3236,3914,F,78,1997-02-20,52,Usti nad Orlici,east Bohemia,KL,52487677,SIPO,Servicios del Hogar,2038.0
34199,3237,3915,M,21,1993-10-02,20,Strakonice,south Bohemia,QR,85631554,SIPO,Servicios del Hogar,9095.0
34200,3238,3916,F,28,1996-01-07,47,Pardubice,east Bohemia,EF,11093372,SIPO,Servicios del Hogar,8109.0
34201,3238,3916,F,28,1996-01-07,47,Pardubice,east Bohemia,ST,45814847,SIN_ESPECIFICAR,Sin Especificar,793.0
34202,3239,3918,M,24,1996-06-19,5,Kolin,central Bohemia,QR,42712515,SIPO,Servicios del Hogar,8838.0
34203,3240,3919,M,56,1996-05-29,35,Jablonec n. Nisou,north Bohemia,WX,70950943,LEASING,Arrendamiento / Leasing,1951.0
34204,3240,3919,M,56,1996-05-29,35,Jablonec n. Nisou,north Bohemia,UV,58338659,SIPO,Servicios del Hogar,5110.0
34205,3240,3919,M,56,1996-05-29,35,Jablonec n. Nisou,north Bohemia,YZ,77722441,SIN_ESPECIFICAR,Sin Especificar,21.0
34206,3240,3919,M,56,1996-05-29,35,Jablonec n. Nisou,north Bohemia,OP,47667419,POJISTNE,Pago de Seguros,298.0
34207,3241,3920,F,73,1993-07-16,44,Chrudim,east Bohemia,YZ,69585042,SIPO,Servicios del Hogar,3034.0
34208,3242,3921,F,40,1997-03-02,28,Plzen - sever,west Bohemia,MN,17684483,SIPO,Servicios del Hogar,5838.0
34209,3242,3921,F,40,1997-03-02,28,Plzen - sever,west Bohemia,UV,96171485,UVER,Cuota de Prestamo,1551.0
34210,3243,3922,F,70,1993-11-10,1,Hl.m. Praha,Prague,OP,9595072,SIPO,Servicios del Hogar,3886.0
34211,3244,3924,M,27,1995-01-14,56,Breclav,south Moravia,AB,53532010,SIPO,Servicios del Hogar,1858.0
34212,3244,3924,M,27,1995-01-14,56,Breclav,south Moravia,EF,55354916,SIN_ESPECIFICAR,Sin Especificar,219.0
34213,3245,3925,F,62,1997-06-26,45,Jicin,east Bohemia,WX,34591257,SIPO,Servicios del Hogar,3878.0
34214,3246,3926,M,26,1993-06-14,54,Brno - mesto,south Moravia,OP,1907498,SIPO,Servicios del Hogar,4621.0
34215,3247,3927,F,50,1996-04-11,61,Trebic,south Moravia,MN,78002387,SIPO,Servicios del Hogar,974.0
34216,3247,3927,F,50,1996-04-11,61,Trebic,south Moravia,IJ,72730910,SIN_ESPECIFICAR,Sin Especificar,3032.0
34217,3248,3928,F,70,1996-05-11,77,Vsetin,north Moravia,AB,45627826,SIPO,Servicios del Hogar,2793.0
34218,3248,3928,F,70,1996-05-11,77,Vsetin,north Moravia,GH,9478331,SIPO,Servicios del Hogar,466.0
34219,3249,3929,M,41,1996-10-11,74,Ostrava - mesto,north Moravia,YZ,65147852,SIPO,Servicios del Hogar,8197.0
34220,3249,3929,M,41,1996-10-11,74,Ostrava - mesto,north Moravia,GH,63599234,UVER,Cuota de Prestamo,5677.0
34221,3250,3930,M,77,1995-01-06,1,Hl.m. Praha,Prague,QR,95726948,SIPO,Servicios del Hogar,1880.0
34222,3251,3932,M,59,1995-05-18,59,Kromeriz,south Moravia,GH,12013626,SIPO,Servicios del Hogar,2021.0
34223,3252,3934,M,30,1995-06-12,12,Pribram,central Bohemia,YZ,22094863,SIPO,Servicios del Hogar,1406.0
34224,3252,3934,M,30,1995-06-12,12,Pribram,central Bohemia,IJ,76135319,SIN_ESPECIFICAR,Sin Especificar,483.0
34225,3252,3934,M,30,1995-06-12,12,Pribram,central Bohemia,WX,6552386,POJISTNE,Pago de Seguros,155.0
34226,3253,3935,M,59,1994-03-15,71,Novy Jicin,north Moravia,GH,16544443,LEASING,Arrendamiento / Leasing,1951.0
34227,3254,3936,F,36,1995-08-27,36,Liberec,north Bohemia,QR,69699191,SIPO,Servicios del Hogar,5119.0
34228,3256,3939,M,45,1996-11-19,40,Teplice,north Bohemia,EF,87682252,SIPO,Servicios del Hogar,2232.0
34229,3256,3939,M,45,1996-11-19,40,Teplice,north Bohemia,WX,73508322,SIN_ESPECIFICAR,Sin Especificar,4490.0
34231,3258,3942,M,46,1993-06-05,53,Blansko,south Moravia,IJ,40508979,LEASING,Arrendamiento / Leasing,1646.0
34232,3258,3942,M,46,1993-06-05,53,Blansko,south Moravia,IJ,52715402,SIPO,Servicios del Hogar,8565.0
34233,3258,3942,M,46,1993-06-05,53,Blansko,south Moravia,GH,98635321,SIN_ESPECIFICAR,Sin Especificar,213.0
34234,3259,3943,M,53,1994-04-11,1,Hl.m. Praha,Prague,OP,14523250,SIPO,Servicios del Hogar,912.0
34235,3259,3943,M,53,1994-04-11,1,Hl.m. Praha,Prague,YZ,45163714,SIN_ESPECIFICAR,Sin Especificar,1350.0
34236,3260,3944,M,62,1993-03-25,68,Frydek - Mistek,north Moravia,AB,89460461,SIPO,Servicios del Hogar,8462.0
34237,3260,3944,M,62,1993-03-25,68,Frydek - Mistek,north Moravia,MN,83334749,SIN_ESPECIFICAR,Sin Especificar,40.0
34238,3261,3946,M,23,1993-07-07,1,Hl.m. Praha,Prague,WX,93776452,SIPO,Servicios del Hogar,3647.0
34239,3261,3946,M,23,1993-07-07,1,Hl.m. Praha,Prague,OP,53245943,SIN_ESPECIFICAR,Sin Especificar,2197.0
34240,3262,3947,M,31,1997-06-22,23,Cheb,west Bohemia,IJ,79490107,SIPO,Servicios del Hogar,8340.0
34241,3264,3950,M,74,1993-10-23,70,Karvina,north Moravia,MN,52467608,SIPO,Servicios del Hogar,1886.0
34243,3266,3953,F,73,1997-03-29,14,Ceske Budejovice,south Bohemia,UV,53358691,SIPO,Servicios del Hogar,119.0
34244,3266,3953,F,73,1997-03-29,14,Ceske Budejovice,south Bohemia,GH,81213712,SIPO,Servicios del Hogar,1528.0
34245,3267,3954,M,41,1993-07-21,64,Zlin,south Moravia,QR,85891317,SIPO,Servicios del Hogar,6403.0
34246,3268,3956,F,23,1993-09-20,21,Tabor,south Bohemia,OP,86191415,SIPO,Servicios del Hogar,1395.0
34247,3268,3956,F,23,1993-09-20,21,Tabor,south Bohemia,WX,36828112,SIN_ESPECIFICAR,Sin Especificar,634.0
34248,3268,3956,F,23,1993-09-20,21,Tabor,south Bohemia,GH,1312548,POJISTNE,Pago de Seguros,251.0
34249,3269,3958,F,52,1995-09-03,37,Litomerice,north Bohemia,GH,47857588,LEASING,Arrendamiento / Leasing,1951.0
34250,3270,3959,F,28,1995-08-08,30,Sokolov,west Bohemia,ST,24160874,SIPO,Servicios del Hogar,7806.0
34251,3271,3960,M,34,1996-10-12,8,Mlada Boleslav,central Bohemia,CD,83911329,SIPO,Servicios del Hogar,2527.0
34252,3272,3961,F,55,1996-08-30,53,Blansko,south Moravia,CD,31408977,SIPO,Servicios del Hogar,466.0
34253,3272,3961,F,55,1996-08-30,53,Blansko,south Moravia,QR,1989675,SIN_ESPECIFICAR,Sin Especificar,1531.0
34254,3272,3961,F,55,1996-08-30,53,Blansko,south Moravia,WX,47639417,POJISTNE,Pago de Seguros,1126.0
34255,3272,3961,F,55,1996-08-30,53,Blansko,south Moravia,EF,16072351,SIN_ESPECIFICAR,Sin Especificar,342.0
34256,3273,3962,M,46,1995-12-29,74,Ostrava - mesto,north Moravia,GH,14236212,UVER,Cuota de Prestamo,7876.0
34257,3274,3963,M,24,1997-09-17,76,Sumperk,north Moravia,IJ,82867139,SIPO,Servicios del Hogar,5775.0
34258,3275,3964,M,56,1994-06-29,74,Ostrava - mesto,north Moravia,GH,91385793,SIPO,Servicios del Hogar,120.0
34259,3275,3964,M,56,1994-06-29,74,Ostrava - mesto,north Moravia,CD,69099885,SIN_ESPECIFICAR,Sin Especificar,3056.0
34260,3276,3965,M,35,1997-12-29,1,Hl.m. Praha,Prague,IJ,54098749,SIPO,Servicios del Hogar,1722.0
34261,3276,3965,M,35,1997-12-29,1,Hl.m. Praha,Prague,CD,4509616,SIN_ESPECIFICAR,Sin Especificar,929.0
34262,3276,3965,M,35,1997-12-29,1,Hl.m. Praha,Prague,WX,88365083,POJISTNE,Pago de Seguros,1017.0
34263,3279,3970,F,18,1994-12-17,46,Nachod,east Bohemia,MN,28563004,SIPO,Servicios del Hogar,11462.0
34264,3280,3971,M,32,1996-04-24,1,Hl.m. Praha,Prague,WX,41357261,SIPO,Servicios del Hogar,1726.0
34265,3280,3971,M,32,1996-04-24,1,Hl.m. Praha,Prague,QR,41446197,SIN_ESPECIFICAR,Sin Especificar,2671.0
34266,3281,3972,M,68,1997-08-06,1,Hl.m. Praha,Prague,CD,23259127,SIPO,Servicios del Hogar,3594.0
34267,3283,3974,M,60,1993-03-26,68,Frydek - Mistek,north Moravia,KL,5958080,SIPO,Servicios del Hogar,8720.0
34268,3284,3975,F,44,1993-05-17,64,Zlin,south Moravia,MN,95121895,SIPO,Servicios del Hogar,4872.0
34269,3285,3976,M,31,1996-05-12,43,Hradec Kralove,east Bohemia,UV,32551253,SIPO,Servicios del Hogar,2100.0
34270,3286,3977,M,23,1996-02-26,8,Mlada Boleslav,central Bohemia,KL,7226884,SIPO,Servicios del Hogar,11785.0
34271,3287,3978,M,28,1993-07-26,18,Pisek,south Bohemia,AB,77842962,SIPO,Servicios del Hogar,6968.0
34272,3288,3979,F,70,1994-09-15,54,Brno - mesto,south Moravia,EF,29007971,SIPO,Servicios del Hogar,2471.0
34273,3289,3980,M,45,1994-06-02,1,Hl.m. Praha,Prague,ST,95194470,SIPO,Servicios del Hogar,3419.0
34274,3289,3980,M,45,1994-06-02,1,Hl.m. Praha,Prague,GH,75018042,SIN_ESPECIFICAR,Sin Especificar,3841.0
34275,3291,3982,F,79,1996-11-16,45,Jicin,east Bohemia,YZ,36294978,SIPO,Servicios del Hogar,2505.0
34276,3292,3983,F,72,1993-12-21,1,Hl.m. Praha,Prague,QR,24686056,SIPO,Servicios del Hogar,3170.0
34277,3293,3984,F,34,1997-08-08,1,Hl.m. Praha,Prague,AB,78677373,UVER,Cuota de Prestamo,7669.0
34278,3293,3984,F,34,1997-08-08,1,Hl.m. Praha,Prague,MN,12542009,SIPO,Servicios del Hogar,3231.0
34279,3293,3984,F,34,1997-08-08,1,Hl.m. Praha,Prague,EF,86246293,SIN_ESPECIFICAR,Sin Especificar,567.0
34280,3293,3984,F,34,1997-08-08,1,Hl.m. Praha,Prague,WX,16846144,POJISTNE,Pago de Seguros,58.0
34281,3293,3984,F,34,1997-08-08,1,Hl.m. Praha,Prague,CD,46667754,SIN_ESPECIFICAR,Sin Especificar,221.0
34282,3294,3985,F,19,1996-04-09,75,Prerov,north Moravia,QR,51399004,SIPO,Servicios del Hogar,6369.0
34287,3296,3987,M,38,1996-03-15,67,Bruntal,north Moravia,CD,53869980,SIPO,Servicios del Hogar,5091.0
34288,3296,3987,M,38,1996-03-15,67,Bruntal,north Moravia,GH,2751821,SIN_ESPECIFICAR,Sin Especificar,9248.0
34289,3299,3991,M,31,1997-05-16,11,Praha - zapad,central Bohemia,QR,50097662,UVER,Cuota de Prestamo,4676.0
34290,3300,3992,F,50,1997-09-19,71,Novy Jicin,north Moravia,UV,49339282,UVER,Cuota de Prestamo,7787.0
34291,3300,3992,F,50,1997-09-19,71,Novy Jicin,north Moravia,UV,88663518,SIPO,Servicios del Hogar,6632.0
34292,3301,3993,F,18,1996-04-25,14,Ceske Budejovice,south Bohemia,AB,16176736,SIPO,Servicios del Hogar,4956.0
34293,3302,3994,F,33,1993-03-02,21,Tabor,south Bohemia,YZ,76450466,SIPO,Servicios del Hogar,1376.0
34294,3302,3994,F,33,1993-03-02,21,Tabor,south Bohemia,UV,73494863,SIN_ESPECIFICAR,Sin Especificar,572.0
34295,3302,3994,F,33,1993-03-02,21,Tabor,south Bohemia,GH,28717500,POJISTNE,Pago de Seguros,57.0
34296,3304,3996,F,51,1997-01-16,36,Liberec,north Bohemia,OP,36187023,SIPO,Servicios del Hogar,4660.0
34297,3305,3997,F,71,1995-12-09,13,Rakovnik,central Bohemia,EF,18376934,SIPO,Servicios del Hogar,22.0
34298,3305,3997,F,71,1995-12-09,13,Rakovnik,central Bohemia,YZ,41987031,SIPO,Servicios del Hogar,2858.0
34299,3306,3998,F,48,1993-08-24,75,Prerov,north Moravia,KL,23961645,SIPO,Servicios del Hogar,5454.0
34300,3306,3998,F,48,1993-08-24,75,Prerov,north Moravia,EF,82538950,SIN_ESPECIFICAR,Sin Especificar,59.0
34301,3309,4001,M,42,1993-11-20,66,Zdar nad Sazavou,south Moravia,OP,15451962,SIPO,Servicios del Hogar,2430.0
34302,3309,4001,M,42,1993-11-20,66,Zdar nad Sazavou,south Moravia,EF,46898156,SIN_ESPECIFICAR,Sin Especificar,2991.0
34303,3309,4001,M,42,1993-11-20,66,Zdar nad Sazavou,south Moravia,IJ,73238503,POJISTNE,Pago de Seguros,731.0
34304,3310,4002,F,78,1993-09-15,25,Klatovy,west Bohemia,WX,15485203,SIPO,Servicios del Hogar,3277.0
34305,3311,4003,M,49,1996-08-18,8,Mlada Boleslav,central Bohemia,QR,95109635,LEASING,Arrendamiento / Leasing,4672.0
34306,3311,4003,M,49,1996-08-18,8,Mlada Boleslav,central Bohemia,IJ,92903273,SIPO,Servicios del Hogar,4035.0
34307,3311,4003,M,49,1996-08-18,8,Mlada Boleslav,central Bohemia,QR,81377613,SIN_ESPECIFICAR,Sin Especificar,666.0
34308,3311,4003,M,49,1996-08-18,8,Mlada Boleslav,central Bohemia,OP,18833959,POJISTNE,Pago de Seguros,3455.0
34309,3312,4004,F,41,1996-12-04,30,Sokolov,west Bohemia,MN,34514337,SIPO,Servicios del Hogar,813.0
34310,3312,4004,F,41,1996-12-04,30,Sokolov,west Bohemia,MN,91536551,SIN_ESPECIFICAR,Sin Especificar,789.0
34311,3312,4004,F,41,1996-12-04,30,Sokolov,west Bohemia,AB,79964786,POJISTNE,Pago de Seguros,330.0
34312,3312,4004,F,41,1996-12-04,30,Sokolov,west Bohemia,MN,21088898,SIN_ESPECIFICAR,Sin Especificar,32.0
34317,3316,4009,M,32,1993-05-06,28,Plzen - sever,west Bohemia,IJ,74230772,SIPO,Servicios del Hogar,9655.0
34318,3317,4010,F,50,1995-10-04,4,Kladno,central Bohemia,KL,89721625,SIPO,Servicios del Hogar,2166.0
34319,3318,4011,F,41,1996-06-25,62,Uherske Hradiste,south Moravia,EF,97567843,SIPO,Servicios del Hogar,667.0
34320,3318,4011,F,41,1996-06-25,62,Uherske Hradiste,south Moravia,EF,6951642,SIN_ESPECIFICAR,Sin Especificar,771.0
34321,3318,4011,F,41,1996-06-25,62,Uherske Hradiste,south Moravia,GH,73162799,POJISTNE,Pago de Seguros,511.0
34322,3319,4012,F,42,1993-08-29,56,Breclav,south Moravia,AB,20696419,SIPO,Servicios del Hogar,66.0
34323,3319,4012,F,42,1993-08-29,56,Breclav,south Moravia,UV,77133154,SIN_ESPECIFICAR,Sin Especificar,2154.0
34324,3320,4013,F,47,1995-12-01,1,Hl.m. Praha,Prague,AB,62426316,SIPO,Servicios del Hogar,2075.0
34325,3322,4015,F,26,1996-03-20,65,Znojmo,south Moravia,OP,67021620,SIPO,Servicios del Hogar,3421.0
34326,3323,4016,F,27,1993-09-08,13,Rakovnik,central Bohemia,UV,78556829,SIPO,Servicios del Hogar,3498.0
34327,3324,4018,F,18,1997-10-17,3,Beroun,central Bohemia,ST,36944615,SIPO,Servicios del Hogar,2471.0
34328,3324,4018,F,18,1997-10-17,3,Beroun,central Bohemia,OP,46396940,SIN_ESPECIFICAR,Sin Especificar,2146.0
34329,3327,4021,M,50,1993-04-16,45,Jicin,east Bohemia,AB,65687149,SIPO,Servicios del Hogar,1923.0
34330,3327,4021,M,50,1993-04-16,45,Jicin,east Bohemia,EF,12969375,SIN_ESPECIFICAR,Sin Especificar,4270.0
34331,3328,4022,M,72,1997-03-17,1,Hl.m. Praha,Prague,AB,72908800,SIPO,Servicios del Hogar,3300.0
34332,3329,4024,M,34,1996-10-12,3,Beroun,central Bohemia,GH,58081787,SIPO,Servicios del Hogar,9249.0
34333,3329,4024,M,34,1996-10-12,3,Beroun,central Bohemia,YZ,25896650,UVER,Cuota de Prestamo,1604.0
34334,3330,4026,F,53,1995-07-08,76,Sumperk,north Moravia,IJ,47722655,LEASING,Arrendamiento / Leasing,3652.0
34335,3330,4026,F,53,1995-07-08,76,Sumperk,north Moravia,AB,93315863,SIPO,Servicios del Hogar,5713.0
34336,3331,4027,F,33,1997-02-20,16,Jindrichuv Hradec,south Bohemia,EF,11893606,SIPO,Servicios del Hogar,3832.0
34337,3331,4027,F,33,1997-02-20,16,Jindrichuv Hradec,south Bohemia,YZ,15388948,SIN_ESPECIFICAR,Sin Especificar,1436.0
34338,3335,4032,F,34,1996-02-18,35,Jablonec n. Nisou,north Bohemia,IJ,89511143,SIPO,Servicios del Hogar,2170.0
34339,3336,4033,M,73,1994-09-19,51,Trutnov,east Bohemia,IJ,52481698,SIPO,Servicios del Hogar,2974.0
34340,3337,4034,M,61,1997-02-22,58,Jihlava,south Moravia,KL,54129630,SIPO,Servicios del Hogar,5743.0
34341,3338,4036,F,22,1995-12-24,25,Klatovy,west Bohemia,QR,71534847,SIPO,Servicios del Hogar,7531.0
34342,3339,4037,F,32,1996-09-27,1,Hl.m. Praha,Prague,YZ,87395226,SIPO,Servicios del Hogar,3354.0
34346,3342,4040,F,37,1997-10-06,59,Kromeriz,south Moravia,EF,71651464,SIPO,Servicios del Hogar,8335.0
34347,3343,4042,M,59,1997-08-03,1,Hl.m. Praha,Prague,MN,51401966,SIPO,Servicios del Hogar,2212.0
34348,3343,4042,M,59,1997-08-03,1,Hl.m. Praha,Prague,QR,27868533,SIN_ESPECIFICAR,Sin Especificar,7661.0
34349,3344,4043,F,45,1997-05-15,70,Karvina,north Moravia,KL,21086722,SIPO,Servicios del Hogar,8537.0
34351,3346,4046,F,54,1997-07-25,1,Hl.m. Praha,Prague,IJ,52659970,SIPO,Servicios del Hogar,2276.0
34352,3346,4046,F,54,1997-07-25,1,Hl.m. Praha,Prague,WX,56243741,SIN_ESPECIFICAR,Sin Especificar,4930.0
34353,3347,4048,M,75,1996-08-19,4,Kladno,central Bohemia,ST,24763751,SIPO,Servicios del Hogar,2624.0
34354,3348,4049,M,53,1994-12-08,4,Kladno,central Bohemia,GH,18148541,SIPO,Servicios del Hogar,5787.0
34355,3349,4050,M,50,1996-03-28,47,Pardubice,east Bohemia,MN,26473224,SIPO,Servicios del Hogar,7601.0
34356,3350,4051,M,49,1996-07-13,74,Ostrava - mesto,north Moravia,QR,79860478,SIPO,Servicios del Hogar,3661.0
34357,3351,4053,F,69,1996-03-08,70,Karvina,north Moravia,WX,48346024,SIPO,Servicios del Hogar,2700.0
34358,3352,4054,F,39,1993-11-08,42,Havlickuv Brod,east Bohemia,IJ,76645076,SIPO,Servicios del Hogar,2360.0
34359,3352,4054,F,39,1993-11-08,42,Havlickuv Brod,east Bohemia,YZ,16720837,SIN_ESPECIFICAR,Sin Especificar,578.0
34360,3353,4055,F,45,1996-08-27,74,Ostrava - mesto,north Moravia,AB,20473671,UVER,Cuota de Prestamo,6086.0
34361,3353,4055,F,45,1996-08-27,74,Ostrava - mesto,north Moravia,WX,11269444,SIPO,Servicios del Hogar,10616.0
34362,3353,4055,F,45,1996-08-27,74,Ostrava - mesto,north Moravia,CD,19594610,SIN_ESPECIFICAR,Sin Especificar,58.0
34363,3353,4055,F,45,1996-08-27,74,Ostrava - mesto,north Moravia,UV,21930182,POJISTNE,Pago de Seguros,414.0
34364,3354,4056,F,46,1993-11-05,63,Vyskov,south Moravia,IJ,6930423,SIPO,Servicios del Hogar,489.0
34365,3354,4056,F,46,1993-11-05,63,Vyskov,south Moravia,WX,12488460,SIN_ESPECIFICAR,Sin Especificar,2704.0
34366,3354,4056,F,46,1993-11-05,63,Vyskov,south Moravia,KL,6017333,POJISTNE,Pago de Seguros,1540.0
34367,3354,4056,F,46,1993-11-05,63,Vyskov,south Moravia,GH,34654396,UVER,Cuota de Prestamo,415.0
34368,3355,4057,F,76,1994-02-26,70,Karvina,north Moravia,OP,52532029,SIPO,Servicios del Hogar,2575.0
34372,3357,4059,M,74,1995-07-26,54,Brno - mesto,south Moravia,UV,28360057,SIPO,Servicios del Hogar,1841.0
34373,3358,4060,F,44,1996-02-21,44,Chrudim,east Bohemia,MN,14699524,SIPO,Servicios del Hogar,1740.0
34374,3358,4060,F,44,1996-02-21,44,Chrudim,east Bohemia,QR,15025878,SIN_ESPECIFICAR,Sin Especificar,446.0
34375,3359,4061,M,20,1996-07-30,8,Mlada Boleslav,central Bohemia,MN,58614808,SIPO,Servicios del Hogar,2038.0
34376,3360,4062,M,48,1997-11-10,71,Novy Jicin,north Moravia,OP,85336076,SIPO,Servicios del Hogar,9194.0
34377,3361,4063,F,32,1993-08-26,45,Jicin,east Bohemia,EF,34121233,SIPO,Servicios del Hogar,6154.0
34378,3362,4065,M,56,1995-01-25,73,Opava,north Moravia,UV,25993234,SIPO,Servicios del Hogar,7294.0
34379,3363,4066,F,62,1995-06-24,30,Sokolov,west Bohemia,OP,95549660,SIPO,Servicios del Hogar,2463.0
34380,3364,4067,F,39,1994-12-08,21,Tabor,south Bohemia,EF,15549332,LEASING,Arrendamiento / Leasing,3652.0
34381,3364,4067,F,39,1994-12-08,21,Tabor,south Bohemia,ST,86091345,SIPO,Servicios del Hogar,5491.0
34382,3364,4067,F,39,1994-12-08,21,Tabor,south Bohemia,MN,21862072,SIN_ESPECIFICAR,Sin Especificar,699.0
34383,3365,4068,M,74,1997-11-18,11,Praha - zapad,central Bohemia,YZ,10983294,SIPO,Servicios del Hogar,2298.0
34384,3365,4068,M,74,1997-11-18,11,Praha - zapad,central Bohemia,WX,74494957,SIPO,Servicios del Hogar,677.0
34385,3366,4069,M,39,1996-03-02,68,Frydek - Mistek,north Moravia,UV,81127321,SIPO,Servicios del Hogar,3964.0
34386,3366,4069,M,39,1996-03-02,68,Frydek - Mistek,north Moravia,GH,24337905,SIN_ESPECIFICAR,Sin Especificar,1608.0
34387,3367,4071,F,56,1993-04-01,1,Hl.m. Praha,Prague,KL,62753373,SIPO,Servicios del Hogar,904.0
34388,3367,4071,F,56,1993-04-01,1,Hl.m. Praha,Prague,CD,63311707,SIN_ESPECIFICAR,Sin Especificar,2119.0
34389,3368,4073,M,43,1995-09-14,24,Karlovy Vary,west Bohemia,UV,71638446,SIPO,Servicios del Hogar,4389.0
34390,3368,4073,M,43,1995-09-14,24,Karlovy Vary,west Bohemia,CD,59722214,SIN_ESPECIFICAR,Sin Especificar,3343.0
34391,3368,4073,M,43,1995-09-14,24,Karlovy Vary,west Bohemia,UV,2184236,POJISTNE,Pago de Seguros,176.0
34392,3369,4075,F,54,1994-12-01,8,Mlada Boleslav,central Bohemia,QR,57075303,SIPO,Servicios del Hogar,26.0
34393,3369,4075,F,54,1994-12-01,8,Mlada Boleslav,central Bohemia,CD,76031207,SIN_ESPECIFICAR,Sin Especificar,3007.0
34394,3370,4076,M,29,1993-11-15,49,Semily,east Bohemia,KL,51196622,LEASING,Arrendamiento / Leasing,2386.0
34395,3371,4077,F,43,1993-11-04,68,Frydek - Mistek,north Moravia,ST,31096357,SIPO,Servicios del Hogar,11549.0
34396,3372,4078,M,47,1994-05-26,23,Cheb,west Bohemia,OP,54498982,SIPO,Servicios del Hogar,9838.0
34397,3373,4079,M,43,1996-01-18,27,Plzen - jih,west Bohemia,YZ,67776107,SIPO,Servicios del Hogar,5776.0
34398,3373,4079,M,43,1996-01-18,27,Plzen - jih,west Bohemia,EF,60809451,SIN_ESPECIFICAR,Sin Especificar,3435.0
34401,3376,4082,F,37,1996-11-17,58,Jihlava,south Moravia,MN,78656208,SIPO,Servicios del Hogar,6794.0
34402,3377,4083,F,30,1996-12-02,74,Ostrava - mesto,north Moravia,QR,72621738,SIPO,Servicios del Hogar,3240.0
34403,3378,4084,M,41,1994-03-14,55,Brno - venkov,south Moravia,KL,76775717,SIPO,Servicios del Hogar,6387.0
34404,3380,4087,F,52,1993-12-10,64,Zlin,south Moravia,AB,38360536,SIPO,Servicios del Hogar,4376.0
34405,3381,4088,F,50,1997-08-02,68,Frydek - Mistek,north Moravia,WX,40119654,SIPO,Servicios del Hogar,9971.0
34406,3382,4090,M,27,1997-11-20,23,Cheb,west Bohemia,GH,87277590,UVER,Cuota de Prestamo,3976.0
34407,3384,4092,F,65,1995-11-05,14,Ceske Budejovice,south Bohemia,GH,22978300,SIPO,Servicios del Hogar,2935.0
34408,3385,4093,M,52,1997-12-21,1,Hl.m. Praha,Prague,UV,84957164,SIPO,Servicios del Hogar,3454.0
34411,3389,4098,M,60,1996-01-30,13,Rakovnik,central Bohemia,IJ,52682036,SIPO,Servicios del Hogar,4882.0
34412,3390,4099,F,53,1996-12-22,12,Pribram,central Bohemia,WX,72620779,UVER,Cuota de Prestamo,3386.0
34413,3390,4099,F,53,1996-12-22,12,Pribram,central Bohemia,IJ,88170289,SIPO,Servicios del Hogar,850.0
34414,3390,4099,F,53,1996-12-22,12,Pribram,central Bohemia,IJ,12870973,SIN_ESPECIFICAR,Sin Especificar,2004.0
34415,3390,4099,F,53,1996-12-22,12,Pribram,central Bohemia,KL,2908385,POJISTNE,Pago de Seguros,105.0
34416,3390,4099,F,53,1996-12-22,12,Pribram,central Bohemia,KL,97396742,SIN_ESPECIFICAR,Sin Especificar,560.0
34417,3391,4100,M,43,1993-04-01,74,Ostrava - mesto,north Moravia,UV,31342697,SIPO,Servicios del Hogar,813.0
34418,3391,4100,M,43,1993-04-01,74,Ostrava - mesto,north Moravia,WX,58574038,SIN_ESPECIFICAR,Sin Especificar,6082.0
34419,3391,4100,M,43,1993-04-01,74,Ostrava - mesto,north Moravia,EF,97930192,LEASING,Arrendamiento / Leasing,620.0
34420,3392,4101,F,28,1995-06-08,1,Hl.m. Praha,Prague,GH,6041044,SIPO,Servicios del Hogar,6139.0
34421,3393,4102,F,29,1996-12-22,4,Kladno,central Bohemia,KL,5670416,SIPO,Servicios del Hogar,7993.0
34422,3394,4104,M,79,1996-10-09,23,Cheb,west Bohemia,GH,46189069,SIPO,Servicios del Hogar,191.0
34423,3394,4104,M,79,1996-10-09,23,Cheb,west Bohemia,WX,18512994,SIPO,Servicios del Hogar,1698.0
34424,3395,4105,F,18,1997-11-05,16,Jindrichuv Hradec,south Bohemia,OP,31348461,SIPO,Servicios del Hogar,3712.0
34425,3397,4107,M,44,1996-08-04,49,Semily,east Bohemia,UV,22606748,SIPO,Servicios del Hogar,9400.0
34426,3398,4108,F,72,1997-04-15,43,Hradec Kralove,east Bohemia,CD,52684825,SIPO,Servicios del Hogar,1990.0
34427,3399,4109,M,45,1996-09-26,63,Vyskov,south Moravia,ST,23485142,SIPO,Servicios del Hogar,4748.0
34428,3399,4109,M,45,1996-09-26,63,Vyskov,south Moravia,OP,54617005,SIN_ESPECIFICAR,Sin Especificar,784.0
34429,3399,4109,M,45,1996-09-26,63,Vyskov,south Moravia,WX,61551862,POJISTNE,Pago de Seguros,261.0
34430,3399,4109,M,45,1996-09-26,63,Vyskov,south Moravia,OP,58814012,SIN_ESPECIFICAR,Sin Especificar,1753.0
34433,3401,4112,M,24,1997-10-04,38,Louny,north Bohemia,OP,90434562,SIPO,Servicios del Hogar,4247.0
34434,3402,4113,F,51,1995-03-16,76,Sumperk,north Moravia,CD,36531198,LEASING,Arrendamiento / Leasing,1197.0
34435,3402,4113,F,51,1995-03-16,76,Sumperk,north Moravia,CD,91337632,SIPO,Servicios del Hogar,3656.0
34436,3402,4113,F,51,1995-03-16,76,Sumperk,north Moravia,WX,85702967,SIN_ESPECIFICAR,Sin Especificar,4324.0
34437,3403,4114,M,34,1997-05-20,63,Vyskov,south Moravia,QR,57706224,UVER,Cuota de Prestamo,1995.0
34438,3405,4116,M,62,1994-03-07,36,Liberec,north Bohemia,KL,12718767,SIPO,Servicios del Hogar,7543.0
34439,3406,4117,F,80,1997-12-08,53,Blansko,south Moravia,EF,9910709,SIPO,Servicios del Hogar,2820.0
34440,3409,4121,M,75,1996-03-01,23,Cheb,west Bohemia,QR,37438416,SIPO,Servicios del Hogar,3167.0
34441,3410,4122,M,29,1995-07-03,39,Most,north Bohemia,WX,46270674,SIPO,Servicios del Hogar,3505.0
34442,3410,4122,M,29,1995-07-03,39,Most,north Bohemia,ST,77840584,POJISTNE,Pago de Seguros,169.0
34443,3410,4122,M,29,1995-07-03,39,Most,north Bohemia,AB,6115699,SIN_ESPECIFICAR,Sin Especificar,120.0
34444,3411,4124,F,35,1996-12-17,19,Prachatice,south Bohemia,ST,92270415,SIPO,Servicios del Hogar,6443.0
34445,3412,4125,F,76,1996-12-20,31,Tachov,west Bohemia,OP,26138603,SIPO,Servicios del Hogar,670.0
34446,3412,4125,F,76,1996-12-20,31,Tachov,west Bohemia,CD,72363370,SIPO,Servicios del Hogar,1033.0
34447,3413,4126,M,23,1993-07-13,70,Karvina,north Moravia,ST,21769154,SIPO,Servicios del Hogar,4359.0
34448,3413,4126,M,23,1993-07-13,70,Karvina,north Moravia,IJ,9298742,SIN_ESPECIFICAR,Sin Especificar,242.0
34449,3413,4126,M,23,1993-07-13,70,Karvina,north Moravia,WX,78589880,POJISTNE,Pago de Seguros,247.0
34450,3413,4126,M,23,1993-07-13,70,Karvina,north Moravia,KL,48610538,SIN_ESPECIFICAR,Sin Especificar,139.0
34456,3415,4129,F,46,1997-12-06,75,Prerov,north Moravia,QR,59051889,SIPO,Servicios del Hogar,4178.0
34459,3418,4132,M,36,1996-09-02,42,Havlickuv Brod,east Bohemia,ST,23146361,UVER,Cuota de Prestamo,4318.0
34460,3419,4134,F,44,1994-10-29,1,Hl.m. Praha,Prague,QR,75110560,SIPO,Servicios del Hogar,4910.0
34461,3419,4134,F,44,1994-10-29,1,Hl.m. Praha,Prague,QR,88912635,SIN_ESPECIFICAR,Sin Especificar,532.0
34462,3419,4134,F,44,1994-10-29,1,Hl.m. Praha,Prague,OP,5571186,POJISTNE,Pago de Seguros,2456.0
34466,3421,4136,M,39,1995-02-01,31,Tachov,west Bohemia,AB,66145115,SIPO,Servicios del Hogar,8640.0
34467,3422,4137,M,49,1996-03-28,21,Tabor,south Bohemia,CD,16984451,SIPO,Servicios del Hogar,9212.0
34468,3423,4138,F,30,1997-11-10,11,Praha - zapad,central Bohemia,UV,56754469,SIPO,Servicios del Hogar,1110.0
34469,3423,4138,F,30,1997-11-10,11,Praha - zapad,central Bohemia,GH,76289182,SIN_ESPECIFICAR,Sin Especificar,2685.0
34470,3424,4139,M,29,1993-02-16,74,Ostrava - mesto,north Moravia,ST,26565379,LEASING,Arrendamiento / Leasing,1379.0
34471,3424,4139,M,29,1993-02-16,74,Ostrava - mesto,north Moravia,OP,73358708,SIPO,Servicios del Hogar,4979.0
34472,3424,4139,M,29,1993-02-16,74,Ostrava - mesto,north Moravia,AB,4327679,SIN_ESPECIFICAR,Sin Especificar,2264.0
34473,3424,4139,M,29,1993-02-16,74,Ostrava - mesto,north Moravia,MN,83404469,POJISTNE,Pago de Seguros,1463.0
34474,3425,4140,M,35,1994-08-24,70,Karvina,north Moravia,CD,15378684,SIPO,Servicios del Hogar,2646.0
34475,3426,4141,M,28,1996-07-13,9,Nymburk,central Bohemia,MN,59809923,SIPO,Servicios del Hogar,13088.0
34476,3426,4141,M,28,1996-07-13,9,Nymburk,central Bohemia,CD,44458460,SIN_ESPECIFICAR,Sin Especificar,488.0
34477,3427,4142,M,38,1996-08-23,36,Liberec,north Bohemia,YZ,62610715,SIPO,Servicios del Hogar,9843.0
34478,3429,4145,F,76,1993-12-17,73,Opava,north Moravia,UV,41107934,SIPO,Servicios del Hogar,538.0
34479,3429,4145,F,76,1993-12-17,73,Opava,north Moravia,MN,25704860,SIPO,Servicios del Hogar,1326.0
34480,3430,4146,F,43,1996-12-10,9,Nymburk,central Bohemia,GH,59314578,SIPO,Servicios del Hogar,2426.0
34481,3431,4147,M,26,1996-09-21,64,Zlin,south Moravia,QR,92135792,SIPO,Servicios del Hogar,8649.0
34482,3432,4149,M,19,1996-06-25,1,Hl.m. Praha,Prague,QR,78206079,SIPO,Servicios del Hogar,2734.0
34483,3433,4151,F,72,1997-07-07,73,Opava,north Moravia,IJ,6368720,SIPO,Servicios del Hogar,2303.0
34484,3434,4153,M,42,1996-05-13,32,Ceska Lipa,north Bohemia,ST,31012535,SIPO,Servicios del Hogar,983.0
34485,3434,4153,M,42,1996-05-13,32,Ceska Lipa,north Bohemia,YZ,23543101,SIN_ESPECIFICAR,Sin Especificar,988.0
34486,3435,4155,M,75,1993-07-01,59,Kromeriz,south Moravia,WX,24808752,SIPO,Servicios del Hogar,3090.0
34487,3436,4156,F,36,1995-06-24,5,Kolin,central Bohemia,GH,61714267,SIPO,Servicios del Hogar,2243.0
34488,3437,4157,M,26,1996-11-13,1,Hl.m. Praha,Prague,OP,91245090,SIPO,Servicios del Hogar,478.0
34489,3437,4157,M,26,1996-11-13,1,Hl.m. Praha,Prague,WX,29037130,SIN_ESPECIFICAR,Sin Especificar,6761.0
34490,3438,4158,F,78,1996-12-21,35,Jablonec n. Nisou,north Bohemia,KL,6888103,SIPO,Servicios del Hogar,2857.0
34491,3439,4160,F,29,1996-02-16,16,Jindrichuv Hradec,south Bohemia,EF,41336739,SIPO,Servicios del Hogar,7541.0
34492,3440,4161,F,26,1995-09-22,22,Domazlice,west Bohemia,GH,44665473,SIPO,Servicios del Hogar,7623.0
34493,3440,4161,F,26,1995-09-22,22,Domazlice,west Bohemia,UV,62948483,SIN_ESPECIFICAR,Sin Especificar,2066.0
34494,3440,4161,F,26,1995-09-22,22,Domazlice,west Bohemia,MN,47094911,POJISTNE,Pago de Seguros,20.0
34495,3440,4161,F,26,1995-09-22,22,Domazlice,west Bohemia,AB,76361179,SIN_ESPECIFICAR,Sin Especificar,5.0
34497,3442,4163,M,47,1996-01-16,4,Kladno,central Bohemia,GH,78622638,SIPO,Servicios del Hogar,2230.0
34498,3443,4164,F,74,1996-07-26,45,Jicin,east Bohemia,KL,53761804,SIPO,Servicios del Hogar,2755.0
34499,3446,4167,F,49,1996-09-27,6,Kutna Hora,central Bohemia,UV,46330589,SIPO,Servicios del Hogar,12659.0
34502,3448,4169,F,18,1996-06-06,58,Jihlava,south Moravia,AB,16375589,UVER,Cuota de Prestamo,2861.0
34503,3451,4173,F,20,1996-04-27,52,Usti nad Orlici,east Bohemia,UV,61476659,SIPO,Servicios del Hogar,7097.0
34504,3452,4174,M,71,1996-12-13,63,Vyskov,south Moravia,CD,27763378,SIPO,Servicios del Hogar,3129.0
34505,3453,4175,F,33,1995-06-08,13,Rakovnik,central Bohemia,EF,53012669,SIPO,Servicios del Hogar,7062.0
34506,3454,4176,M,76,1996-10-17,32,Ceska Lipa,north Bohemia,CD,20250928,SIPO,Servicios del Hogar,3208.0
34507,3455,4177,M,63,1996-03-13,34,Chomutov,north Bohemia,EF,29934013,UVER,Cuota de Prestamo,5623.0
34508,3456,4178,M,72,1993-09-06,32,Ceska Lipa,north Bohemia,YZ,52054703,SIPO,Servicios del Hogar,1500.0
34509,3457,4179,M,78,1994-10-01,54,Brno - mesto,south Moravia,YZ,68303775,SIPO,Servicios del Hogar,2796.0
34510,3458,4180,M,66,1995-07-07,63,Vyskov,south Moravia,QR,59860581,SIPO,Servicios del Hogar,1153.0
34511,3458,4180,M,66,1995-07-07,63,Vyskov,south Moravia,KL,39817977,SIPO,Servicios del Hogar,1525.0
34512,3460,4182,M,57,1997-04-08,16,Jindrichuv Hradec,south Bohemia,IJ,5287313,UVER,Cuota de Prestamo,2931.0
34513,3462,4185,F,34,1996-03-04,51,Trutnov,east Bohemia,GH,61501145,SIPO,Servicios del Hogar,1491.0
34514,3462,4185,F,34,1996-03-04,51,Trutnov,east Bohemia,KL,83431678,SIN_ESPECIFICAR,Sin Especificar,4743.0
34515,3463,4186,M,20,1997-09-21,38,Louny,north Bohemia,QR,23059034,SIPO,Servicios del Hogar,646.0
34516,3463,4186,M,20,1997-09-21,38,Louny,north Bohemia,AB,65683340,SIN_ESPECIFICAR,Sin Especificar,5186.0
34517,3463,4186,M,20,1997-09-21,38,Louny,north Bohemia,GH,85014348,POJISTNE,Pago de Seguros,2552.0
34518,3464,4187,F,31,1995-05-05,25,Klatovy,west Bohemia,ST,96288322,SIPO,Servicios del Hogar,2802.0
34519,3464,4187,F,31,1995-05-05,25,Klatovy,west Bohemia,IJ,61951309,SIN_ESPECIFICAR,Sin Especificar,1852.0
34520,3465,4188,M,22,1993-07-16,1,Hl.m. Praha,Prague,EF,47699880,SIPO,Servicios del Hogar,4543.0
34521,3466,4189,M,57,1995-02-16,64,Zlin,south Moravia,KL,45041459,SIPO,Servicios del Hogar,2499.0
34522,3466,4189,M,57,1995-02-16,64,Zlin,south Moravia,MN,77973669,SIN_ESPECIFICAR,Sin Especificar,105.0
34523,3466,4189,M,57,1995-02-16,64,Zlin,south Moravia,KL,32844662,POJISTNE,Pago de Seguros,742.0
34524,3467,4190,M,56,1996-08-25,17,Pelhrimov,south Bohemia,YZ,23836910,LEASING,Arrendamiento / Leasing,2274.0
34525,3467,4190,M,56,1996-08-25,17,Pelhrimov,south Bohemia,IJ,66278958,SIPO,Servicios del Hogar,2899.0
34526,3467,4190,M,56,1996-08-25,17,Pelhrimov,south Bohemia,IJ,69940155,SIN_ESPECIFICAR,Sin Especificar,618.0
34527,3467,4190,M,56,1996-08-25,17,Pelhrimov,south Bohemia,MN,3529680,POJISTNE,Pago de Seguros,40.0
34528,3467,4190,M,56,1996-08-25,17,Pelhrimov,south Bohemia,ST,92155229,SIN_ESPECIFICAR,Sin Especificar,5.0
34529,3468,4191,F,41,1996-02-14,32,Ceska Lipa,north Bohemia,QR,38282466,SIPO,Servicios del Hogar,3907.0
34530,3468,4191,F,41,1996-02-14,32,Ceska Lipa,north Bohemia,QR,18880945,SIN_ESPECIFICAR,Sin Especificar,149.0
34531,3468,4191,F,41,1996-02-14,32,Ceska Lipa,north Bohemia,AB,32682919,LEASING,Arrendamiento / Leasing,1629.0
34532,3469,4192,M,67,1993-05-22,76,Sumperk,north Moravia,MN,92487829,SIPO,Servicios del Hogar,2554.0
34533,3470,4193,F,61,1997-01-12,8,Mlada Boleslav,central Bohemia,EF,60161107,SIPO,Servicios del Hogar,2492.0
34534,3471,4194,F,58,1997-01-22,63,Vyskov,south Moravia,WX,495654,SIPO,Servicios del Hogar,5446.0
34535,3471,4194,F,58,1997-01-22,63,Vyskov,south Moravia,YZ,42072856,SIN_ESPECIFICAR,Sin Especificar,846.0
34536,3472,4196,F,47,1996-07-21,55,Brno - venkov,south Moravia,WX,49463623,SIPO,Servicios del Hogar,9623.0
34537,3472,4196,F,47,1996-07-21,55,Brno - venkov,south Moravia,OP,78649419,SIN_ESPECIFICAR,Sin Especificar,138.0
34538,3472,4196,F,47,1996-07-21,55,Brno - venkov,south Moravia,YZ,91869926,POJISTNE,Pago de Seguros,227.0
34542,3474,4198,F,44,1995-07-12,23,Cheb,west Bohemia,QR,94945477,SIPO,Servicios del Hogar,915.0
34543,3474,4198,F,44,1995-07-12,23,Cheb,west Bohemia,YZ,72860312,SIN_ESPECIFICAR,Sin Especificar,240.0
34544,3474,4198,F,44,1995-07-12,23,Cheb,west Bohemia,ST,32642370,POJISTNE,Pago de Seguros,1047.0
34547,3476,4201,M,21,1995-12-16,3,Beroun,central Bohemia,CD,45791339,SIPO,Servicios del Hogar,860.0
34548,3476,4201,M,21,1995-12-16,3,Beroun,central Bohemia,YZ,55472403,SIN_ESPECIFICAR,Sin Especificar,5447.0
34549,3477,4203,F,31,1993-08-22,71,Novy Jicin,north Moravia,YZ,4360360,SIPO,Servicios del Hogar,2132.0
34550,3478,4205,M,63,1994-09-04,30,Sokolov,west Bohemia,QR,47389072,SIPO,Servicios del Hogar,4906.0
34551,3479,4206,M,56,1994-06-14,22,Domazlice,west Bohemia,QR,1348793,SIPO,Servicios del Hogar,7650.0
34552,3479,4206,M,56,1994-06-14,22,Domazlice,west Bohemia,UV,59266370,SIN_ESPECIFICAR,Sin Especificar,1506.0
34558,3482,4209,F,65,1995-01-03,70,Karvina,north Moravia,OP,48705834,SIPO,Servicios del Hogar,3026.0
34559,3483,4210,M,19,1993-10-12,40,Teplice,north Bohemia,ST,56916624,SIPO,Servicios del Hogar,2173.0
34560,3484,4211,F,25,1994-06-01,22,Domazlice,west Bohemia,IJ,28239637,SIPO,Servicios del Hogar,6634.0
34561,3485,4212,M,53,1996-06-19,53,Blansko,south Moravia,OP,78194117,SIPO,Servicios del Hogar,399.0
34562,3485,4212,M,53,1996-06-19,53,Blansko,south Moravia,GH,6110102,SIN_ESPECIFICAR,Sin Especificar,5428.0
34563,3486,4213,F,73,1995-10-09,64,Zlin,south Moravia,EF,56069827,SIPO,Servicios del Hogar,2084.0
34564,3487,4215,F,46,1993-01-08,41,Usti nad Labem,north Bohemia,IJ,68540710,SIPO,Servicios del Hogar,324.0
34565,3487,4215,F,46,1993-01-08,41,Usti nad Labem,north Bohemia,QR,94053124,SIN_ESPECIFICAR,Sin Especificar,7951.0
34568,3489,4217,F,47,1994-12-08,9,Nymburk,central Bohemia,YZ,33276313,SIPO,Servicios del Hogar,3373.0
34569,3489,4217,F,47,1994-12-08,9,Nymburk,central Bohemia,ST,2520353,UVER,Cuota de Prestamo,1837.0
34570,3491,4219,F,54,1996-07-27,51,Trutnov,east Bohemia,YZ,90553646,SIPO,Servicios del Hogar,1542.0
34571,3491,4219,F,54,1996-07-27,51,Trutnov,east Bohemia,QR,61091714,SIN_ESPECIFICAR,Sin Especificar,776.0
34572,3491,4219,F,54,1996-07-27,51,Trutnov,east Bohemia,AB,50632536,POJISTNE,Pago de Seguros,4953.0
34573,3492,4220,M,35,1995-09-10,33,Decin,north Bohemia,ST,20670485,SIPO,Servicios del Hogar,4485.0
34574,3492,4220,M,35,1995-09-10,33,Decin,north Bohemia,AB,556761,SIN_ESPECIFICAR,Sin Especificar,4962.0
34575,3493,4221,F,57,1993-07-22,63,Vyskov,south Moravia,WX,38925045,SIPO,Servicios del Hogar,2277.0
34576,3494,4222,M,70,1996-07-22,60,Prostejov,south Moravia,KL,69196706,SIPO,Servicios del Hogar,3599.0
34577,3495,4223,M,28,1996-05-17,54,Brno - mesto,south Moravia,UV,9359574,SIPO,Servicios del Hogar,5079.0
34578,3497,4225,M,21,1994-08-02,76,Sumperk,north Moravia,QR,2248609,SIPO,Servicios del Hogar,1611.0
34579,3497,4225,M,21,1994-08-02,76,Sumperk,north Moravia,KL,58310377,SIN_ESPECIFICAR,Sin Especificar,5650.0
34580,3497,4225,M,21,1994-08-02,76,Sumperk,north Moravia,KL,42836803,POJISTNE,Pago de Seguros,118.0
34581,3498,4226,M,41,1996-11-12,31,Tachov,west Bohemia,IJ,27484888,SIPO,Servicios del Hogar,884.0
34582,3498,4226,M,41,1996-11-12,31,Tachov,west Bohemia,GH,43527126,SIN_ESPECIFICAR,Sin Especificar,2347.0
34585,3501,4229,M,37,1997-12-13,36,Liberec,north Bohemia,UV,83109223,SIPO,Servicios del Hogar,7590.0
34586,3501,4229,M,37,1997-12-13,36,Liberec,north Bohemia,OP,60597056,SIN_ESPECIFICAR,Sin Especificar,2225.0
34587,3501,4229,M,37,1997-12-13,36,Liberec,north Bohemia,EF,31481027,UVER,Cuota de Prestamo,7304.0
34588,3502,4230,F,37,1996-03-08,74,Ostrava - mesto,north Moravia,GH,40998464,SIPO,Servicios del Hogar,5258.0
34589,3504,4232,M,27,1996-08-30,70,Karvina,north Moravia,QR,46586519,SIPO,Servicios del Hogar,3360.0
34590,3505,4233,M,60,1993-09-23,46,Nachod,east Bohemia,KL,66976618,SIPO,Servicios del Hogar,3823.0
34591,3506,4234,F,26,1997-05-08,70,Karvina,north Moravia,MN,58155363,SIPO,Servicios del Hogar,3562.0
34592,3506,4234,F,26,1997-05-08,70,Karvina,north Moravia,GH,59540486,SIN_ESPECIFICAR,Sin Especificar,4084.0
34593,3507,4235,F,23,1996-12-01,9,Nymburk,central Bohemia,WX,42998218,SIPO,Servicios del Hogar,557.0
34594,3507,4235,F,23,1996-12-01,9,Nymburk,central Bohemia,QR,75874447,SIN_ESPECIFICAR,Sin Especificar,2700.0
34595,3509,4237,F,75,1993-09-05,2,Benesov,central Bohemia,IJ,59559762,SIPO,Servicios del Hogar,3027.0
34596,3511,4239,M,78,1996-07-23,70,Karvina,north Moravia,WX,58378344,SIPO,Servicios del Hogar,2313.0
34597,3512,4240,F,38,1996-05-11,46,Nachod,east Bohemia,QR,92828630,UVER,Cuota de Prestamo,2063.0
34598,3513,4241,F,48,1993-03-03,20,Strakonice,south Bohemia,KL,91703849,SIPO,Servicios del Hogar,4507.0
34599,3513,4241,F,48,1993-03-03,20,Strakonice,south Bohemia,YZ,20442784,SIN_ESPECIFICAR,Sin Especificar,2185.0
34600,3514,4243,M,40,1993-02-03,7,Melnik,central Bohemia,QR,48036253,SIPO,Servicios del Hogar,2266.0
34601,3515,4244,F,76,1996-06-16,68,Frydek - Mistek,north Moravia,WX,37745529,SIPO,Servicios del Hogar,2563.0
34602,3518,4248,F,23,1996-07-22,9,Nymburk,central Bohemia,EF,53048187,SIPO,Servicios del Hogar,3438.0
34603,3522,4253,F,62,1996-06-07,16,Jindrichuv Hradec,south Bohemia,IJ,26984930,SIPO,Servicios del Hogar,2423.0
34604,3524,4255,F,73,1997-06-28,66,Zdar nad Sazavou,south Moravia,WX,74303066,SIPO,Servicios del Hogar,3060.0
34605,3525,4256,M,41,1995-12-01,70,Karvina,north Moravia,UV,81389748,SIPO,Servicios del Hogar,3084.0
34606,3526,4257,F,30,1996-07-22,1,Hl.m. Praha,Prague,AB,66721755,SIPO,Servicios del Hogar,4559.0
34607,3527,4258,F,32,1997-01-11,44,Chrudim,east Bohemia,YZ,67898595,SIPO,Servicios del Hogar,3414.0
34608,3528,4259,F,49,1994-03-05,10,Praha - vychod,central Bohemia,WX,97499405,SIPO,Servicios del Hogar,7655.0
34609,3530,4261,F,74,1996-01-03,34,Chomutov,north Bohemia,KL,75893652,SIPO,Servicios del Hogar,1977.0
34610,3531,4262,F,73,1996-05-03,59,Kromeriz,south Moravia,OP,70772456,SIPO,Servicios del Hogar,2868.0
34611,3533,4264,F,27,1994-08-29,74,Ostrava - mesto,north Moravia,EF,91321044,SIPO,Servicios del Hogar,2127.0
34612,3534,4265,M,20,1996-04-08,59,Kromeriz,south Moravia,UV,3138167,SIPO,Servicios del Hogar,2189.0
34613,3534,4265,M,20,1996-04-08,59,Kromeriz,south Moravia,GH,64108812,SIN_ESPECIFICAR,Sin Especificar,4075.0
34614,3535,4266,F,24,1993-10-05,1,Hl.m. Praha,Prague,CD,947845,SIPO,Servicios del Hogar,2131.0
34615,3536,4267,F,62,1994-08-11,24,Karlovy Vary,west Bohemia,AB,57065409,SIPO,Servicios del Hogar,2589.0
34616,3537,4269,F,43,1997-08-22,45,Jicin,east Bohemia,KL,60367298,SIPO,Servicios del Hogar,646.0
34617,3537,4269,F,43,1997-08-22,45,Jicin,east Bohemia,KL,1519895,SIN_ESPECIFICAR,Sin Especificar,3772.0
34618,3537,4269,F,43,1997-08-22,45,Jicin,east Bohemia,WX,75993489,POJISTNE,Pago de Seguros,50.0
34619,3537,4269,F,43,1997-08-22,45,Jicin,east Bohemia,ST,5785829,SIN_ESPECIFICAR,Sin Especificar,27.0
34620,3540,4273,F,22,1997-01-03,18,Pisek,south Bohemia,UV,51321852,SIPO,Servicios del Hogar,2565.0
34621,3541,4274,F,61,1997-03-02,70,Karvina,north Moravia,OP,69823670,SIPO,Servicios del Hogar,1691.0
34622,3542,4275,F,41,1993-06-11,49,Semily,east Bohemia,ST,15109885,SIPO,Servicios del Hogar,2267.0
34623,3543,4276,F,25,1996-07-21,74,Ostrava - mesto,north Moravia,WX,77653699,SIPO,Servicios del Hogar,2094.0
34624,3544,4278,M,49,1997-04-07,33,Decin,north Bohemia,AB,94637792,SIPO,Servicios del Hogar,10975.0
34625,3545,4279,M,49,1993-02-17,51,Trutnov,east Bohemia,OP,99964111,SIPO,Servicios del Hogar,7358.0
34626,3546,4280,F,54,1997-02-03,55,Brno - venkov,south Moravia,ST,93214726,SIPO,Servicios del Hogar,1658.0
34627,3546,4280,F,54,1997-02-03,55,Brno - venkov,south Moravia,ST,36442333,SIN_ESPECIFICAR,Sin Especificar,4795.0
34628,3547,4281,M,67,1993-08-07,54,Brno - mesto,south Moravia,AB,35709709,SIPO,Servicios del Hogar,2684.0
34629,3548,4282,M,66,1993-11-11,23,Cheb,west Bohemia,KL,35372984,SIPO,Servicios del Hogar,3586.0
34630,3549,4283,M,74,1996-08-14,27,Plzen - jih,west Bohemia,AB,58160090,SIPO,Servicios del Hogar,3265.0
34631,3550,4284,M,52,1996-07-04,68,Frydek - Mistek,north Moravia,CD,42492997,SIPO,Servicios del Hogar,5262.0
34632,3550,4284,M,52,1996-07-04,68,Frydek - Mistek,north Moravia,AB,16933977,SIN_ESPECIFICAR,Sin Especificar,936.0
34633,3550,4284,M,52,1996-07-04,68,Frydek - Mistek,north Moravia,QR,33730071,POJISTNE,Pago de Seguros,2564.0
34634,3551,4286,F,33,1993-10-17,6,Kutna Hora,central Bohemia,QR,9448177,SIPO,Servicios del Hogar,1769.0
34635,3551,4286,F,33,1993-10-17,6,Kutna Hora,central Bohemia,EF,54634529,SIN_ESPECIFICAR,Sin Especificar,133.0
34636,3551,4286,F,33,1993-10-17,6,Kutna Hora,central Bohemia,GH,22486317,POJISTNE,Pago de Seguros,290.0
34637,3552,4287,F,45,1995-09-06,62,Uherske Hradiste,south Moravia,GH,97242187,SIPO,Servicios del Hogar,6694.0
34638,3552,4287,F,45,1995-09-06,62,Uherske Hradiste,south Moravia,OP,15827417,SIN_ESPECIFICAR,Sin Especificar,352.0
34639,3552,4287,F,45,1995-09-06,62,Uherske Hradiste,south Moravia,QR,57125264,POJISTNE,Pago de Seguros,602.0
34640,3555,4290,M,51,1994-09-26,32,Ceska Lipa,north Bohemia,MN,13329792,LEASING,Arrendamiento / Leasing,2055.0
34641,3555,4290,M,51,1994-09-26,32,Ceska Lipa,north Bohemia,AB,19062775,SIPO,Servicios del Hogar,12578.0
34642,3556,4291,F,47,1997-08-29,58,Jihlava,south Moravia,AB,15446061,UVER,Cuota de Prestamo,2914.0
34643,3556,4291,F,47,1997-08-29,58,Jihlava,south Moravia,OP,63096010,SIPO,Servicios del Hogar,4240.0
34644,3556,4291,F,47,1997-08-29,58,Jihlava,south Moravia,AB,8922565,SIN_ESPECIFICAR,Sin Especificar,984.0
34645,3557,4292,M,46,1996-11-02,72,Olomouc,north Moravia,QR,45131135,SIPO,Servicios del Hogar,2262.0
34646,3558,4293,F,39,1993-05-23,4,Kladno,central Bohemia,YZ,68742489,SIPO,Servicios del Hogar,1580.0
34647,3558,4293,F,39,1993-05-23,4,Kladno,central Bohemia,KL,9583253,SIN_ESPECIFICAR,Sin Especificar,152.0
34648,3558,4293,F,39,1993-05-23,4,Kladno,central Bohemia,GH,98339360,POJISTNE,Pago de Seguros,3231.0
34649,3559,4295,M,38,1995-12-30,18,Pisek,south Bohemia,ST,75172489,SIPO,Servicios del Hogar,4418.0
34650,3560,4296,M,73,1996-11-10,57,Hodonin,south Moravia,UV,69438946,SIPO,Servicios del Hogar,3350.0
34651,3561,4298,M,78,1997-10-15,33,Decin,north Bohemia,AB,87848221,SIPO,Servicios del Hogar,1789.0
34652,3562,4299,F,21,1996-07-19,50,Svitavy,east Bohemia,MN,34374082,UVER,Cuota de Prestamo,7291.0
34653,3565,4302,F,54,1997-02-12,30,Sokolov,west Bohemia,QR,59281444,SIPO,Servicios del Hogar,492.0
34654,3565,4302,F,54,1997-02-12,30,Sokolov,west Bohemia,QR,37784505,SIN_ESPECIFICAR,Sin Especificar,1494.0
34655,3565,4302,F,54,1997-02-12,30,Sokolov,west Bohemia,AB,17042690,POJISTNE,Pago de Seguros,410.0
34656,3566,4303,F,20,1993-06-09,21,Tabor,south Bohemia,QR,38624727,SIPO,Servicios del Hogar,294.0
34657,3566,4303,F,20,1993-06-09,21,Tabor,south Bohemia,MN,22689193,SIN_ESPECIFICAR,Sin Especificar,3276.0
34658,3566,4303,F,20,1993-06-09,21,Tabor,south Bohemia,KL,72305500,LEASING,Arrendamiento / Leasing,479.0
34659,3567,4304,F,53,1994-12-20,5,Kolin,central Bohemia,EF,92374240,LEASING,Arrendamiento / Leasing,4374.0
34660,3567,4304,F,53,1994-12-20,5,Kolin,central Bohemia,QR,29068303,SIPO,Servicios del Hogar,1156.0
34661,3567,4304,F,53,1994-12-20,5,Kolin,central Bohemia,GH,86320829,SIN_ESPECIFICAR,Sin Especificar,6943.0
34662,3568,4305,F,59,1996-04-11,40,Teplice,north Bohemia,EF,83231448,SIPO,Servicios del Hogar,2626.0
34663,3570,4308,F,28,1993-11-29,44,Chrudim,east Bohemia,EF,1657617,SIPO,Servicios del Hogar,3836.0
34664,3571,4309,F,19,1993-11-21,39,Most,north Bohemia,ST,3029764,SIPO,Servicios del Hogar,3224.0
34665,3571,4309,F,19,1993-11-21,39,Most,north Bohemia,AB,82703417,SIN_ESPECIFICAR,Sin Especificar,222.0
34666,3572,4310,F,73,1995-11-12,65,Znojmo,south Moravia,GH,82395380,SIPO,Servicios del Hogar,2964.0
34667,3574,4312,F,19,1997-03-08,72,Olomouc,north Moravia,WX,11223960,SIPO,Servicios del Hogar,2328.0
34668,3575,4313,F,30,1993-09-08,7,Melnik,central Bohemia,IJ,97652846,SIPO,Servicios del Hogar,5070.0
34669,3576,4314,F,73,1994-11-07,58,Jihlava,south Moravia,EF,38732874,SIPO,Servicios del Hogar,1213.0
34670,3576,4314,F,73,1994-11-07,58,Jihlava,south Moravia,IJ,62933295,SIPO,Servicios del Hogar,455.0
34671,3577,4315,F,39,1997-05-11,74,Ostrava - mesto,north Moravia,IJ,28108173,SIPO,Servicios del Hogar,7964.0
34672,3578,4316,F,55,1996-02-17,1,Hl.m. Praha,Prague,KL,34134709,SIPO,Servicios del Hogar,4051.0
34673,3579,4317,F,20,1994-09-02,53,Blansko,south Moravia,IJ,50074374,SIPO,Servicios del Hogar,3460.0
34674,3580,4318,F,56,1993-08-01,43,Hradec Kralove,east Bohemia,EF,31000817,SIPO,Servicios del Hogar,3430.0
34675,3580,4318,F,56,1993-08-01,43,Hradec Kralove,east Bohemia,AB,9052366,SIN_ESPECIFICAR,Sin Especificar,335.0
34676,3581,4320,F,40,1997-03-26,66,Zdar nad Sazavou,south Moravia,EF,78509592,SIPO,Servicios del Hogar,3663.0
34677,3581,4320,F,40,1997-03-26,66,Zdar nad Sazavou,south Moravia,IJ,1107889,SIN_ESPECIFICAR,Sin Especificar,2846.0
34678,3582,4321,F,25,1995-08-26,19,Prachatice,south Bohemia,MN,35781991,SIPO,Servicios del Hogar,1961.0
34679,3583,4323,M,74,1995-02-03,40,Teplice,north Bohemia,ST,18402582,SIPO,Servicios del Hogar,3084.0
34680,3584,4325,M,51,1996-06-12,55,Brno - venkov,south Moravia,ST,47541791,LEASING,Arrendamiento / Leasing,3383.0
34681,3584,4325,M,51,1996-06-12,55,Brno - venkov,south Moravia,EF,46564525,SIPO,Servicios del Hogar,12078.0
34682,3584,4325,M,51,1996-06-12,55,Brno - venkov,south Moravia,OP,3099793,SIN_ESPECIFICAR,Sin Especificar,98.0
34683,3585,4326,M,68,1996-06-23,1,Hl.m. Praha,Prague,CD,78560203,SIPO,Servicios del Hogar,2862.0
34684,3587,4329,F,51,1995-12-24,64,Zlin,south Moravia,KL,50633436,SIPO,Servicios del Hogar,1108.0
34685,3587,4329,F,51,1995-12-24,64,Zlin,south Moravia,QR,68455278,SIN_ESPECIFICAR,Sin Especificar,1059.0
34686,3588,4330,M,77,1996-06-28,33,Decin,north Bohemia,OP,51301729,SIPO,Servicios del Hogar,1563.0
34687,3589,4331,M,39,1996-11-13,5,Kolin,central Bohemia,KL,9368139,SIPO,Servicios del Hogar,7843.0
34688,3590,4332,M,62,1996-06-02,57,Hodonin,south Moravia,ST,36574792,SIPO,Servicios del Hogar,8939.0
34689,3591,4333,M,40,1996-06-09,1,Hl.m. Praha,Prague,IJ,9111011,SIPO,Servicios del Hogar,4261.0
34690,3592,4335,F,74,1993-01-08,54,Brno - mesto,south Moravia,KL,88522523,SIPO,Servicios del Hogar,3360.0
34691,3593,4336,F,29,1993-02-18,1,Hl.m. Praha,Prague,UV,49978005,SIPO,Servicios del Hogar,4524.0
34692,3593,4336,F,29,1993-02-18,1,Hl.m. Praha,Prague,ST,40100878,SIN_ESPECIFICAR,Sin Especificar,986.0
34693,3594,4337,M,32,1993-12-30,29,Rokycany,west Bohemia,MN,15711051,SIPO,Servicios del Hogar,3483.0
34694,3595,4338,M,54,1994-05-01,30,Sokolov,west Bohemia,CD,30129873,SIPO,Servicios del Hogar,7868.0
34695,3597,4340,F,49,1996-02-11,1,Hl.m. Praha,Prague,EF,18808675,LEASING,Arrendamiento / Leasing,3383.0
34696,3597,4340,F,49,1996-02-11,1,Hl.m. Praha,Prague,EF,46205991,SIPO,Servicios del Hogar,3134.0
34697,3598,4341,M,34,1997-11-02,76,Sumperk,north Moravia,MN,9772658,SIPO,Servicios del Hogar,6435.0
34698,3599,4342,F,80,1994-03-20,63,Vyskov,south Moravia,GH,53911006,SIPO,Servicios del Hogar,3257.0
34699,3600,4343,F,69,1993-08-10,27,Plzen - jih,west Bohemia,OP,30949759,SIPO,Servicios del Hogar,1537.0
34700,3601,4344,M,73,1995-06-13,54,Brno - mesto,south Moravia,EF,22016549,SIPO,Servicios del Hogar,1794.0
34701,3603,4346,F,25,1997-09-17,3,Beroun,central Bohemia,UV,31472325,SIPO,Servicios del Hogar,7883.0
34702,3604,4347,F,72,1993-12-22,75,Prerov,north Moravia,ST,88427799,SIPO,Servicios del Hogar,3893.0
34703,3605,4348,F,20,1996-03-24,3,Beroun,central Bohemia,AB,77193778,SIPO,Servicios del Hogar,4410.0
34704,3605,4348,F,20,1996-03-24,3,Beroun,central Bohemia,MN,2428693,SIN_ESPECIFICAR,Sin Especificar,269.0
34705,3605,4348,F,20,1996-03-24,3,Beroun,central Bohemia,OP,40185999,POJISTNE,Pago de Seguros,803.0
34710,3608,4352,M,27,1994-08-30,72,Olomouc,north Moravia,QR,97533720,UVER,Cuota de Prestamo,4486.0
34711,3608,4352,M,27,1994-08-30,72,Olomouc,north Moravia,AB,49062126,SIPO,Servicios del Hogar,3124.0
34712,3609,4353,F,19,1993-08-03,28,Plzen - sever,west Bohemia,GH,7829064,SIPO,Servicios del Hogar,2128.0
34713,3609,4353,F,19,1993-08-03,28,Plzen - sever,west Bohemia,WX,36661124,SIN_ESPECIFICAR,Sin Especificar,4238.0
34714,3610,4355,F,60,1997-09-22,1,Hl.m. Praha,Prague,IJ,97961097,SIPO,Servicios del Hogar,1502.0
34715,3610,4355,F,60,1997-09-22,1,Hl.m. Praha,Prague,MN,83137714,SIPO,Servicios del Hogar,1133.0
34721,3612,4358,M,56,1994-08-27,70,Karvina,north Moravia,UV,61390018,SIPO,Servicios del Hogar,676.0
34722,3612,4358,M,56,1994-08-27,70,Karvina,north Moravia,WX,4672742,SIN_ESPECIFICAR,Sin Especificar,2410.0
34723,3612,4358,M,56,1994-08-27,70,Karvina,north Moravia,IJ,65161853,POJISTNE,Pago de Seguros,4262.0
34724,3612,4358,M,56,1994-08-27,70,Karvina,north Moravia,KL,64986586,LEASING,Arrendamiento / Leasing,819.0
34725,3613,4359,M,48,1993-08-10,43,Hradec Kralove,east Bohemia,AB,67434847,SIPO,Servicios del Hogar,4030.0
34726,3613,4359,M,48,1993-08-10,43,Hradec Kralove,east Bohemia,MN,62003463,SIN_ESPECIFICAR,Sin Especificar,2144.0
34727,3614,4360,F,33,1996-08-07,19,Prachatice,south Bohemia,WX,95418405,LEASING,Arrendamiento / Leasing,3383.0
34728,3614,4360,F,33,1996-08-07,19,Prachatice,south Bohemia,MN,28523504,SIPO,Servicios del Hogar,1214.0
34729,3614,4360,F,33,1996-08-07,19,Prachatice,south Bohemia,OP,19014889,SIN_ESPECIFICAR,Sin Especificar,1081.0
34730,3614,4360,F,33,1996-08-07,19,Prachatice,south Bohemia,MN,4245263,POJISTNE,Pago de Seguros,2886.0
34731,3615,4361,M,43,1996-11-05,46,Nachod,east Bohemia,UV,28111076,SIPO,Servicios del Hogar,3781.0
34732,3617,4364,M,21,1993-11-15,22,Domazlice,west Bohemia,AB,52725309,SIPO,Servicios del Hogar,57.0
34733,3617,4364,M,21,1993-11-15,22,Domazlice,west Bohemia,AB,46849840,SIN_ESPECIFICAR,Sin Especificar,1797.0
34734,3617,4364,M,21,1993-11-15,22,Domazlice,west Bohemia,GH,6879449,POJISTNE,Pago de Seguros,1389.0
34735,3618,4365,M,37,1993-09-29,29,Rokycany,west Bohemia,KL,91105961,SIPO,Servicios del Hogar,8812.0
34736,3618,4365,M,37,1993-09-29,29,Rokycany,west Bohemia,CD,40253979,SIN_ESPECIFICAR,Sin Especificar,826.0
34740,3621,4368,F,21,1994-12-25,32,Ceska Lipa,north Bohemia,WX,1515150,SIPO,Servicios del Hogar,5319.0
34741,3622,4369,M,33,1994-10-15,53,Blansko,south Moravia,EF,48173946,SIPO,Servicios del Hogar,9698.0
34742,3622,4369,M,33,1994-10-15,53,Blansko,south Moravia,YZ,19400376,SIN_ESPECIFICAR,Sin Especificar,2286.0
34743,3623,4370,M,59,1995-02-12,59,Kromeriz,south Moravia,OP,63441431,SIPO,Servicios del Hogar,2490.0
34744,3623,4370,M,59,1995-02-12,59,Kromeriz,south Moravia,YZ,12989753,SIN_ESPECIFICAR,Sin Especificar,105.0
34745,3624,4371,M,30,1995-05-30,32,Ceska Lipa,north Bohemia,GH,76964914,SIPO,Servicios del Hogar,11953.0
34746,3625,4372,M,65,1994-08-22,3,Beroun,central Bohemia,CD,78479534,SIPO,Servicios del Hogar,1544.0
34747,3625,4372,M,65,1994-08-22,3,Beroun,central Bohemia,YZ,6307900,SIPO,Servicios del Hogar,467.0
34748,3626,4373,M,47,1996-11-05,51,Trutnov,east Bohemia,ST,53192520,SIPO,Servicios del Hogar,3068.0
34749,3626,4373,M,47,1996-11-05,51,Trutnov,east Bohemia,CD,85035067,SIN_ESPECIFICAR,Sin Especificar,5156.0
34751,3628,4376,M,44,1995-09-12,70,Karvina,north Moravia,WX,48774606,SIPO,Servicios del Hogar,1791.0
34752,3628,4376,M,44,1995-09-12,70,Karvina,north Moravia,CD,23473745,SIN_ESPECIFICAR,Sin Especificar,189.0
34753,3628,4376,M,44,1995-09-12,70,Karvina,north Moravia,GH,50009119,POJISTNE,Pago de Seguros,1343.0
34754,3629,4377,M,20,1993-07-27,48,Rychnov nad Kneznou,east Bohemia,MN,36472505,UVER,Cuota de Prestamo,2646.0
34755,3629,4377,M,20,1993-07-27,48,Rychnov nad Kneznou,east Bohemia,CD,72661483,SIPO,Servicios del Hogar,1894.0
34756,3629,4377,M,20,1993-07-27,48,Rychnov nad Kneznou,east Bohemia,QR,11967546,SIN_ESPECIFICAR,Sin Especificar,368.0
34757,3629,4377,M,20,1993-07-27,48,Rychnov nad Kneznou,east Bohemia,UV,21008116,POJISTNE,Pago de Seguros,8742.0
34763,3631,4380,M,67,1995-08-13,1,Hl.m. Praha,Prague,QR,14763951,SIPO,Servicios del Hogar,3407.0
34764,3632,4381,M,39,1996-04-06,56,Breclav,south Moravia,UV,62396734,LEASING,Arrendamiento / Leasing,2544.0
34765,3633,4382,M,18,1997-02-06,18,Pisek,south Bohemia,AB,84880846,SIPO,Servicios del Hogar,7037.0
34766,3633,4382,M,18,1997-02-06,18,Pisek,south Bohemia,AB,61292290,SIN_ESPECIFICAR,Sin Especificar,799.0
34767,3634,4383,M,35,1997-04-16,21,Tabor,south Bohemia,GH,31865799,LEASING,Arrendamiento / Leasing,4851.0
34768,3635,4384,F,25,1997-05-04,10,Praha - vychod,central Bohemia,KL,61182141,SIPO,Servicios del Hogar,2045.0
34769,3635,4384,F,25,1997-05-04,10,Praha - vychod,central Bohemia,MN,61283069,SIN_ESPECIFICAR,Sin Especificar,493.0
34770,3636,4385,F,26,1994-05-22,21,Tabor,south Bohemia,GH,45862406,SIPO,Servicios del Hogar,40.0
34771,3636,4385,F,26,1994-05-22,21,Tabor,south Bohemia,IJ,68396133,SIN_ESPECIFICAR,Sin Especificar,1731.0
34772,3636,4385,F,26,1994-05-22,21,Tabor,south Bohemia,EF,19441080,POJISTNE,Pago de Seguros,4744.0
34773,3637,4386,F,53,1995-10-28,53,Blansko,south Moravia,YZ,98685901,SIPO,Servicios del Hogar,4877.0
34774,3637,4386,F,53,1995-10-28,53,Blansko,south Moravia,ST,57452273,SIN_ESPECIFICAR,Sin Especificar,219.0
34775,3637,4386,F,53,1995-10-28,53,Blansko,south Moravia,MN,80355101,UVER,Cuota de Prestamo,1169.0
34776,3638,4387,M,52,1996-01-10,52,Usti nad Orlici,east Bohemia,IJ,81354158,SIPO,Servicios del Hogar,14417.0
34777,3639,4388,F,62,1997-01-08,4,Kladno,central Bohemia,OP,74130224,SIPO,Servicios del Hogar,3358.0
34778,3640,4389,F,72,1993-11-05,10,Praha - vychod,central Bohemia,AB,21871125,SIPO,Servicios del Hogar,2040.0
34779,3641,4390,F,26,1995-01-09,7,Melnik,central Bohemia,KL,67058944,SIPO,Servicios del Hogar,2163.0
34783,3644,4394,F,23,1993-04-13,38,Louny,north Bohemia,IJ,34674823,SIPO,Servicios del Hogar,2304.0
34784,3645,4395,F,40,1996-06-18,36,Liberec,north Bohemia,UV,37983209,SIPO,Servicios del Hogar,7021.0
34785,3645,4395,F,40,1996-06-18,36,Liberec,north Bohemia,AB,95973336,SIN_ESPECIFICAR,Sin Especificar,2651.0
34786,3646,4396,F,24,1995-10-20,63,Vyskov,south Moravia,AB,43066799,SIPO,Servicios del Hogar,2855.0
34787,3646,4396,F,24,1995-10-20,63,Vyskov,south Moravia,IJ,47689282,SIN_ESPECIFICAR,Sin Especificar,3182.0
34788,3647,4398,M,40,1996-06-17,77,Vsetin,north Moravia,OP,97101318,SIPO,Servicios del Hogar,5842.0
34789,3648,4399,F,31,1996-05-06,61,Trebic,south Moravia,YZ,23132455,SIPO,Servicios del Hogar,1812.0
34790,3648,4399,F,31,1996-05-06,61,Trebic,south Moravia,ST,57323801,SIN_ESPECIFICAR,Sin Especificar,640.0
34791,3648,4399,F,31,1996-05-06,61,Trebic,south Moravia,QR,19181388,POJISTNE,Pago de Seguros,17.0
34792,3649,4400,F,39,1993-05-14,54,Brno - mesto,south Moravia,WX,57693803,SIPO,Servicios del Hogar,6468.0
34793,3649,4400,F,39,1993-05-14,54,Brno - mesto,south Moravia,ST,17516535,SIN_ESPECIFICAR,Sin Especificar,4.0
34794,3650,4401,M,30,1994-06-05,8,Mlada Boleslav,central Bohemia,MN,85858434,SIPO,Servicios del Hogar,7858.0
34795,3651,4402,M,69,1993-02-27,23,Cheb,west Bohemia,YZ,29599017,SIPO,Servicios del Hogar,2728.0
34796,3652,4403,F,60,1997-03-02,36,Liberec,north Bohemia,GH,31254297,SIPO,Servicios del Hogar,3005.0
34797,3653,4404,F,47,1994-05-03,31,Tachov,west Bohemia,IJ,41153007,SIPO,Servicios del Hogar,4128.0
34798,3653,4404,F,47,1994-05-03,31,Tachov,west Bohemia,ST,80628025,SIN_ESPECIFICAR,Sin Especificar,1208.0
34799,3654,4405,F,39,1993-07-13,47,Pardubice,east Bohemia,QR,71955466,SIPO,Servicios del Hogar,6946.0
34800,3655,4406,M,44,1995-12-24,1,Hl.m. Praha,Prague,QR,35052341,SIPO,Servicios del Hogar,2945.0
34801,3655,4406,M,44,1995-12-24,1,Hl.m. Praha,Prague,EF,63581627,SIN_ESPECIFICAR,Sin Especificar,2927.0
34802,3655,4406,M,44,1995-12-24,1,Hl.m. Praha,Prague,KL,28216910,POJISTNE,Pago de Seguros,1124.0
34803,3657,4408,M,75,1997-09-19,62,Uherske Hradiste,south Moravia,AB,71329426,SIPO,Servicios del Hogar,1533.0
34804,3659,4411,M,48,1997-02-01,54,Brno - mesto,south Moravia,WX,60077226,SIPO,Servicios del Hogar,1672.0
34805,3659,4411,M,48,1997-02-01,54,Brno - mesto,south Moravia,AB,66256487,SIN_ESPECIFICAR,Sin Especificar,2862.0
34806,3659,4411,M,48,1997-02-01,54,Brno - mesto,south Moravia,ST,66483676,POJISTNE,Pago de Seguros,2205.0
34807,3659,4411,M,48,1997-02-01,54,Brno - mesto,south Moravia,ST,8070820,SIN_ESPECIFICAR,Sin Especificar,955.0
34808,3661,4414,M,65,1996-01-11,50,Svitavy,east Bohemia,OP,83624249,SIPO,Servicios del Hogar,3310.0
34809,3663,4416,M,28,1994-11-06,67,Bruntal,north Moravia,OP,84084528,SIPO,Servicios del Hogar,7862.0
34810,3664,4417,M,22,1996-04-28,1,Hl.m. Praha,Prague,GH,3468728,UVER,Cuota de Prestamo,5658.0
34811,3665,4418,M,28,1997-06-28,28,Plzen - sever,west Bohemia,OP,36443472,LEASING,Arrendamiento / Leasing,3395.0
34812,3665,4418,M,28,1997-06-28,28,Plzen - sever,west Bohemia,ST,18253863,SIPO,Servicios del Hogar,4351.0
34813,3665,4418,M,28,1997-06-28,28,Plzen - sever,west Bohemia,QR,84521090,SIN_ESPECIFICAR,Sin Especificar,2465.0
34816,3667,4420,M,41,1994-01-26,55,Brno - venkov,south Moravia,GH,41246616,SIPO,Servicios del Hogar,2975.0
34817,3669,4422,F,55,1993-12-22,76,Sumperk,north Moravia,WX,63851803,SIPO,Servicios del Hogar,2057.0
34818,3669,4422,F,55,1993-12-22,76,Sumperk,north Moravia,AB,20263856,SIN_ESPECIFICAR,Sin Especificar,1298.0
34819,3669,4422,F,55,1993-12-22,76,Sumperk,north Moravia,CD,75799655,POJISTNE,Pago de Seguros,2087.0
34820,3670,4423,M,80,1993-06-04,27,Plzen - jih,west Bohemia,UV,46954530,SIPO,Servicios del Hogar,2961.0
34821,3671,4424,M,65,1997-09-17,21,Tabor,south Bohemia,ST,62767541,SIPO,Servicios del Hogar,2777.0
34822,3672,4426,F,29,1996-03-19,26,Plzen - mesto,west Bohemia,AB,42041498,SIPO,Servicios del Hogar,2388.0
34823,3672,4426,F,29,1996-03-19,26,Plzen - mesto,west Bohemia,KL,33347761,SIN_ESPECIFICAR,Sin Especificar,2957.0
34824,3673,4427,M,58,1996-01-12,30,Sokolov,west Bohemia,MN,41758221,SIPO,Servicios del Hogar,1939.0
34825,3674,4428,M,44,1993-03-12,38,Louny,north Bohemia,EF,94948046,UVER,Cuota de Prestamo,1969.0
34826,3674,4428,M,44,1993-03-12,38,Louny,north Bohemia,EF,25279706,SIPO,Servicios del Hogar,9503.0
34827,3675,4429,M,53,1993-03-20,64,Zlin,south Moravia,YZ,27985441,SIPO,Servicios del Hogar,7824.0
34828,3676,4431,M,68,1996-06-08,58,Jihlava,south Moravia,ST,76132893,SIPO,Servicios del Hogar,3319.0
34829,3677,4432,F,34,1995-10-04,1,Hl.m. Praha,Prague,MN,83299553,SIPO,Servicios del Hogar,2283.0
34831,3678,4433,M,30,1993-03-24,1,Hl.m. Praha,Prague,CD,68775540,UVER,Cuota de Prestamo,5269.0
34832,3679,4434,M,34,1995-08-15,64,Zlin,south Moravia,CD,36547637,SIPO,Servicios del Hogar,3869.0
34833,3679,4434,M,34,1995-08-15,64,Zlin,south Moravia,OP,62108045,SIN_ESPECIFICAR,Sin Especificar,5148.0
34834,3679,4434,M,34,1995-08-15,64,Zlin,south Moravia,KL,30865085,UVER,Cuota de Prestamo,9268.0
34835,3680,4436,M,78,1996-02-16,27,Plzen - jih,west Bohemia,MN,24556887,SIPO,Servicios del Hogar,1030.0
34836,3680,4436,M,78,1996-02-16,27,Plzen - jih,west Bohemia,UV,42364639,SIPO,Servicios del Hogar,2470.0
34837,3681,4437,F,37,1997-01-25,70,Karvina,north Moravia,AB,62512141,SIPO,Servicios del Hogar,7797.0
34838,3682,4439,M,23,1993-06-07,70,Karvina,north Moravia,UV,41079390,SIPO,Servicios del Hogar,2761.0
34839,3683,4440,M,50,1993-08-13,33,Decin,north Bohemia,AB,55347096,SIPO,Servicios del Hogar,3114.0
34840,3684,4442,F,77,1994-03-04,23,Cheb,west Bohemia,WX,86708855,SIPO,Servicios del Hogar,3365.0
34842,3686,4444,M,29,1997-08-03,77,Vsetin,north Moravia,OP,22078037,SIPO,Servicios del Hogar,2054.0
34843,3687,4446,F,48,1993-11-06,71,Novy Jicin,north Moravia,KL,44689565,SIPO,Servicios del Hogar,5106.0
34844,3689,4449,M,49,1995-11-29,8,Mlada Boleslav,central Bohemia,WX,69802808,LEASING,Arrendamiento / Leasing,4610.0
34845,3690,4450,F,49,1996-10-18,67,Bruntal,north Moravia,MN,84757935,SIPO,Servicios del Hogar,4514.0
34846,3691,4451,F,71,1993-02-19,50,Svitavy,east Bohemia,AB,56120270,SIPO,Servicios del Hogar,3267.0
34847,3692,4452,F,74,1997-04-21,70,Karvina,north Moravia,ST,73999780,SIPO,Servicios del Hogar,3263.0
34848,3693,4453,F,22,1993-01-29,61,Trebic,south Moravia,GH,36411053,SIPO,Servicios del Hogar,8992.0
34849,3694,4455,M,22,1996-07-06,70,Karvina,north Moravia,OP,90951615,SIPO,Servicios del Hogar,4492.0
34850,3695,4456,M,62,1997-04-02,30,Sokolov,west Bohemia,EF,65356701,SIPO,Servicios del Hogar,8101.0
34851,3696,4457,M,55,1996-06-22,1,Hl.m. Praha,Prague,KL,77298909,SIPO,Servicios del Hogar,3581.0
34852,3696,4457,M,55,1996-06-22,1,Hl.m. Praha,Prague,YZ,33187008,LEASING,Arrendamiento / Leasing,1133.0
34853,3697,4458,F,48,1993-04-29,45,Jicin,east Bohemia,GH,99985640,SIPO,Servicios del Hogar,300.0
34854,3697,4458,F,48,1993-04-29,45,Jicin,east Bohemia,KL,90743112,SIN_ESPECIFICAR,Sin Especificar,5632.0
34855,3699,4461,F,41,1993-08-05,50,Svitavy,east Bohemia,WX,57787090,SIPO,Servicios del Hogar,7085.0
34856,3700,4462,M,21,1997-06-03,1,Hl.m. Praha,Prague,GH,41282796,SIPO,Servicios del Hogar,5230.0
34857,3701,4463,M,75,1993-10-06,76,Sumperk,north Moravia,MN,4635501,SIPO,Servicios del Hogar,2844.0
34858,3702,4464,M,34,1995-04-13,53,Blansko,south Moravia,ST,45320862,SIPO,Servicios del Hogar,9650.0
34859,3702,4464,M,34,1995-04-13,53,Blansko,south Moravia,YZ,10236680,LEASING,Arrendamiento / Leasing,418.0
34860,3703,4465,M,61,1997-06-18,74,Ostrava - mesto,north Moravia,QR,89147013,SIPO,Servicios del Hogar,1820.0
34861,3703,4465,M,61,1997-06-18,74,Ostrava - mesto,north Moravia,GH,25207352,SIN_ESPECIFICAR,Sin Especificar,192.0
34862,3704,4466,F,76,1993-01-24,75,Prerov,north Moravia,YZ,11861372,SIPO,Servicios del Hogar,3046.0
34863,3706,4469,F,25,1996-04-04,8,Mlada Boleslav,central Bohemia,EF,51997315,SIPO,Servicios del Hogar,4298.0
34865,3709,4472,M,33,1996-03-05,74,Ostrava - mesto,north Moravia,KL,96639173,SIPO,Servicios del Hogar,5579.0
34866,3709,4472,M,33,1996-03-05,74,Ostrava - mesto,north Moravia,MN,33267444,SIN_ESPECIFICAR,Sin Especificar,1317.0
34867,3709,4472,M,33,1996-03-05,74,Ostrava - mesto,north Moravia,EF,39317482,POJISTNE,Pago de Seguros,255.0
34868,3709,4472,M,33,1996-03-05,74,Ostrava - mesto,north Moravia,EF,22020697,SIN_ESPECIFICAR,Sin Especificar,474.0
34869,3710,4473,M,54,1995-02-25,1,Hl.m. Praha,Prague,CD,59793263,SIPO,Servicios del Hogar,4633.0
34870,3711,4474,F,34,1997-05-08,3,Beroun,central Bohemia,CD,24353820,UVER,Cuota de Prestamo,7683.0
34872,3712,4476,M,71,1994-09-13,3,Beroun,central Bohemia,CD,80358522,SIPO,Servicios del Hogar,2499.0
34873,3714,4479,F,40,1994-04-21,2,Benesov,central Bohemia,WX,44852805,SIPO,Servicios del Hogar,3217.0
34874,3714,4479,F,40,1994-04-21,2,Benesov,central Bohemia,AB,69903582,SIN_ESPECIFICAR,Sin Especificar,513.0
34875,3714,4479,F,40,1994-04-21,2,Benesov,central Bohemia,EF,64223658,POJISTNE,Pago de Seguros,77.0
34876,3714,4479,F,40,1994-04-21,2,Benesov,central Bohemia,IJ,5437863,SIN_ESPECIFICAR,Sin Especificar,426.0
34877,3717,4482,M,19,1994-05-20,56,Breclav,south Moravia,MN,97482406,LEASING,Arrendamiento / Leasing,1558.0
34878,3717,4482,M,19,1994-05-20,56,Breclav,south Moravia,MN,95008021,SIPO,Servicios del Hogar,10727.0
34879,3718,4483,F,32,1994-04-16,63,Vyskov,south Moravia,WX,79798763,SIPO,Servicios del Hogar,2107.0
34880,3719,4484,M,43,1997-06-19,37,Litomerice,north Bohemia,QR,49360007,SIPO,Servicios del Hogar,3197.0
34881,3720,4485,M,79,1993-07-30,36,Liberec,north Bohemia,UV,84661042,SIPO,Servicios del Hogar,2957.0
34882,3721,4487,M,24,1996-02-21,22,Domazlice,west Bohemia,WX,69870853,SIPO,Servicios del Hogar,2128.0
34883,3721,4487,M,24,1996-02-21,22,Domazlice,west Bohemia,AB,86966162,SIN_ESPECIFICAR,Sin Especificar,132.0
34884,3722,4489,M,50,1997-12-07,76,Sumperk,north Moravia,QR,71472602,SIPO,Servicios del Hogar,8123.0
34885,3724,4492,F,33,1997-08-06,16,Jindrichuv Hradec,south Bohemia,YZ,86384850,UVER,Cuota de Prestamo,2597.0
34886,3725,4493,M,51,1995-06-11,33,Decin,north Bohemia,KL,24855488,SIPO,Servicios del Hogar,7642.0
34887,3726,4494,M,46,1996-07-14,54,Brno - mesto,south Moravia,MN,64175748,SIPO,Servicios del Hogar,6785.0
34888,3726,4494,M,46,1996-07-14,54,Brno - mesto,south Moravia,WX,41449713,SIN_ESPECIFICAR,Sin Especificar,2588.0
34889,3727,4495,M,19,1996-01-19,66,Zdar nad Sazavou,south Moravia,OP,1811063,SIPO,Servicios del Hogar,6598.0
34890,3727,4495,M,19,1996-01-19,66,Zdar nad Sazavou,south Moravia,ST,36931669,SIN_ESPECIFICAR,Sin Especificar,836.0
34891,3727,4495,M,19,1996-01-19,66,Zdar nad Sazavou,south Moravia,QR,60296291,POJISTNE,Pago de Seguros,1030.0
34892,3729,4498,M,67,1995-04-14,31,Tachov,west Bohemia,OP,52811223,SIPO,Servicios del Hogar,2941.0
34893,3730,4500,M,74,1994-09-08,17,Pelhrimov,south Bohemia,OP,83157652,SIPO,Servicios del Hogar,1944.0
34894,3731,4501,F,51,1996-05-20,70,Karvina,north Moravia,QR,48735064,SIPO,Servicios del Hogar,1974.0
34895,3732,4502,M,66,1997-05-25,21,Tabor,south Bohemia,ST,31681299,SIPO,Servicios del Hogar,1668.0
34896,3733,4504,F,33,1996-07-22,33,Decin,north Bohemia,YZ,74489986,SIPO,Servicios del Hogar,11123.0
34897,3735,4507,M,28,1995-04-27,1,Hl.m. Praha,Prague,IJ,95204364,SIPO,Servicios del Hogar,6302.0
34898,3735,4507,M,28,1995-04-27,1,Hl.m. Praha,Prague,GH,60675847,SIN_ESPECIFICAR,Sin Especificar,1173.0
34899,3736,4508,M,77,1996-05-08,54,Brno - mesto,south Moravia,EF,75976282,SIPO,Servicios del Hogar,3500.0
34900,3737,4510,F,60,1995-03-01,34,Chomutov,north Bohemia,CD,48756384,SIPO,Servicios del Hogar,3805.0
34901,3737,4510,F,60,1995-03-01,34,Chomutov,north Bohemia,CD,26807791,SIPO,Servicios del Hogar,29.0
34902,3738,4511,F,53,1993-08-01,51,Trutnov,east Bohemia,EF,91961931,SIPO,Servicios del Hogar,5750.0
34906,3741,4514,M,58,1996-08-18,65,Znojmo,south Moravia,QR,55627053,SIPO,Servicios del Hogar,4228.0
34907,3742,4515,F,78,1997-05-11,59,Kromeriz,south Moravia,UV,34186905,SIPO,Servicios del Hogar,2969.0
34908,3743,4516,F,37,1996-03-22,1,Hl.m. Praha,Prague,GH,70616876,SIPO,Servicios del Hogar,5478.0
34909,3743,4516,F,37,1996-03-22,1,Hl.m. Praha,Prague,QR,71234905,POJISTNE,Pago de Seguros,757.0
34910,3743,4516,F,37,1996-03-22,1,Hl.m. Praha,Prague,OP,7009309,SIN_ESPECIFICAR,Sin Especificar,390.0
34911,3743,4516,F,37,1996-03-22,1,Hl.m. Praha,Prague,ST,40573942,LEASING,Arrendamiento / Leasing,885.0
34915,3745,4518,F,46,1993-08-04,5,Kolin,central Bohemia,ST,65273123,SIPO,Servicios del Hogar,11469.0
34916,3745,4518,F,46,1993-08-04,5,Kolin,central Bohemia,UV,77627140,SIN_ESPECIFICAR,Sin Especificar,841.0
34917,3746,4519,F,47,1996-06-04,70,Karvina,north Moravia,KL,13736939,SIPO,Servicios del Hogar,4353.0
34918,3746,4519,F,47,1996-06-04,70,Karvina,north Moravia,KL,7049614,SIN_ESPECIFICAR,Sin Especificar,556.0
34919,3746,4519,F,47,1996-06-04,70,Karvina,north Moravia,YZ,4717898,LEASING,Arrendamiento / Leasing,1333.0
34920,3747,4520,F,41,1994-05-01,1,Hl.m. Praha,Prague,IJ,82686203,SIPO,Servicios del Hogar,2389.0
34921,3747,4520,F,41,1994-05-01,1,Hl.m. Praha,Prague,IJ,93115895,SIN_ESPECIFICAR,Sin Especificar,1827.0
34922,3747,4520,F,41,1994-05-01,1,Hl.m. Praha,Prague,UV,1665688,POJISTNE,Pago de Seguros,1500.0
34923,3747,4520,F,41,1994-05-01,1,Hl.m. Praha,Prague,MN,80613380,UVER,Cuota de Prestamo,6365.0
34924,3748,4521,M,55,1993-07-10,1,Hl.m. Praha,Prague,QR,77061086,SIPO,Servicios del Hogar,308.0
34925,3748,4521,M,55,1993-07-10,1,Hl.m. Praha,Prague,EF,10963404,SIN_ESPECIFICAR,Sin Especificar,1820.0
34926,3749,4522,F,48,1996-08-10,68,Frydek - Mistek,north Moravia,CD,99050771,SIPO,Servicios del Hogar,3904.0
34927,3750,4524,M,41,1995-03-18,77,Vsetin,north Moravia,UV,81509756,SIPO,Servicios del Hogar,7774.0
34928,3751,4526,F,28,1993-09-15,9,Nymburk,central Bohemia,UV,58641087,SIPO,Servicios del Hogar,110.0
34929,3751,4526,F,28,1993-09-15,9,Nymburk,central Bohemia,YZ,49654692,SIN_ESPECIFICAR,Sin Especificar,3046.0
34930,3752,4527,F,35,1994-11-25,1,Hl.m. Praha,Prague,IJ,56390714,SIPO,Servicios del Hogar,3218.0
34931,3752,4527,F,35,1994-11-25,1,Hl.m. Praha,Prague,YZ,34449517,UVER,Cuota de Prestamo,1547.0
34932,3753,4528,M,76,1995-02-24,28,Plzen - sever,west Bohemia,IJ,9330445,SIPO,Servicios del Hogar,1540.0
34933,3754,4529,M,22,1996-02-19,37,Litomerice,north Bohemia,GH,72773557,UVER,Cuota de Prestamo,2856.0
34934,3754,4529,M,22,1996-02-19,37,Litomerice,north Bohemia,YZ,10911417,SIPO,Servicios del Hogar,3976.0
34935,3754,4529,M,22,1996-02-19,37,Litomerice,north Bohemia,OP,52597421,SIN_ESPECIFICAR,Sin Especificar,1184.0
34936,3754,4529,M,22,1996-02-19,37,Litomerice,north Bohemia,MN,55045568,POJISTNE,Pago de Seguros,913.0
34937,3754,4529,M,22,1996-02-19,37,Litomerice,north Bohemia,UV,27539909,SIN_ESPECIFICAR,Sin Especificar,900.0
34938,3755,4531,F,34,1996-01-20,64,Zlin,south Moravia,IJ,221682,LEASING,Arrendamiento / Leasing,2956.0
34939,3755,4531,F,34,1996-01-20,64,Zlin,south Moravia,YZ,53685873,SIPO,Servicios del Hogar,13500.0
34940,3756,4532,M,45,1994-10-17,39,Most,north Bohemia,YZ,82284283,SIPO,Servicios del Hogar,9023.0
34941,3757,4533,M,18,1997-09-24,64,Zlin,south Moravia,KL,350499,SIPO,Servicios del Hogar,987.0
34942,3757,4533,M,18,1997-09-24,64,Zlin,south Moravia,ST,43094796,SIN_ESPECIFICAR,Sin Especificar,1229.0
34943,3757,4533,M,18,1997-09-24,64,Zlin,south Moravia,EF,59959924,POJISTNE,Pago de Seguros,803.0
34944,3757,4533,M,18,1997-09-24,64,Zlin,south Moravia,OP,41911280,SIN_ESPECIFICAR,Sin Especificar,3933.0
34945,3758,4534,M,44,1995-09-19,38,Louny,north Bohemia,YZ,62182962,SIPO,Servicios del Hogar,4009.0
34946,3759,4535,F,67,1993-12-29,1,Hl.m. Praha,Prague,AB,45222652,SIPO,Servicios del Hogar,1642.0
34947,3760,4536,M,51,1993-01-13,44,Chrudim,east Bohemia,YZ,4517555,LEASING,Arrendamiento / Leasing,2948.0
34951,3763,4539,M,56,1995-08-23,55,Brno - venkov,south Moravia,AB,57082331,SIPO,Servicios del Hogar,3232.0
34952,3763,4539,M,56,1995-08-23,55,Brno - venkov,south Moravia,IJ,55779212,SIN_ESPECIFICAR,Sin Especificar,3623.0
34953,3764,4540,M,62,1995-11-05,69,Jesenik,north Moravia,CD,8085334,SIPO,Servicios del Hogar,2506.0
34954,3765,4541,F,27,1996-11-14,32,Ceska Lipa,north Bohemia,QR,73058956,SIPO,Servicios del Hogar,617.0
34955,3765,4541,F,27,1996-11-14,32,Ceska Lipa,north Bohemia,QR,28543275,SIN_ESPECIFICAR,Sin Especificar,762.0
34956,3765,4541,F,27,1996-11-14,32,Ceska Lipa,north Bohemia,EF,11630344,POJISTNE,Pago de Seguros,691.0
34957,3766,4542,M,44,1996-10-18,29,Rokycany,west Bohemia,CD,36534357,SIPO,Servicios del Hogar,9546.0
34958,3767,4543,M,57,1995-11-15,1,Hl.m. Praha,Prague,ST,48275125,SIPO,Servicios del Hogar,881.0
34959,3767,4543,M,57,1995-11-15,1,Hl.m. Praha,Prague,EF,4828662,SIN_ESPECIFICAR,Sin Especificar,3655.0
34960,3769,4545,F,62,1996-05-14,3,Beroun,central Bohemia,CD,98724436,SIPO,Servicios del Hogar,2050.0
34961,3770,4546,F,47,1995-09-20,23,Cheb,west Bohemia,YZ,32996630,SIPO,Servicios del Hogar,9060.0
34962,3771,4547,F,55,1993-06-11,22,Domazlice,west Bohemia,IJ,77776777,LEASING,Arrendamiento / Leasing,1152.0
34963,3772,4548,M,40,1995-11-20,7,Melnik,central Bohemia,QR,93521964,SIPO,Servicios del Hogar,7775.0
34964,3773,4549,F,78,1997-05-04,10,Praha - vychod,central Bohemia,MN,19248593,SIPO,Servicios del Hogar,3146.0
34965,3774,4550,F,56,1996-08-30,72,Olomouc,north Moravia,CD,61108714,SIPO,Servicios del Hogar,5745.0
34966,3774,4550,F,56,1996-08-30,72,Olomouc,north Moravia,AB,76028048,SIN_ESPECIFICAR,Sin Especificar,2881.0
34967,3775,4551,M,74,1993-06-27,19,Prachatice,south Bohemia,KL,93404399,SIPO,Servicios del Hogar,2448.0
34968,3776,4553,F,53,1996-10-16,1,Hl.m. Praha,Prague,IJ,41931992,SIPO,Servicios del Hogar,4739.0
34969,3776,4553,F,53,1996-10-16,1,Hl.m. Praha,Prague,ST,93457734,SIN_ESPECIFICAR,Sin Especificar,2261.0
34970,3777,4554,M,61,1995-01-19,70,Karvina,north Moravia,QR,6119949,SIPO,Servicios del Hogar,1039.0
34971,3777,4554,M,61,1995-01-19,70,Karvina,north Moravia,AB,91688686,SIN_ESPECIFICAR,Sin Especificar,1007.0
34972,3777,4554,M,61,1995-01-19,70,Karvina,north Moravia,YZ,87551414,POJISTNE,Pago de Seguros,102.0
34973,3778,4555,M,38,1993-07-04,52,Usti nad Orlici,east Bohemia,CD,941700,SIPO,Servicios del Hogar,3035.0
34974,3778,4555,M,38,1993-07-04,52,Usti nad Orlici,east Bohemia,WX,62903511,LEASING,Arrendamiento / Leasing,1515.0
34975,3779,4556,M,28,1995-07-08,74,Ostrava - mesto,north Moravia,CD,38576167,SIPO,Servicios del Hogar,159.0
34976,3779,4556,M,28,1995-07-08,74,Ostrava - mesto,north Moravia,KL,79480331,SIN_ESPECIFICAR,Sin Especificar,853.0
34977,3779,4556,M,28,1995-07-08,74,Ostrava - mesto,north Moravia,ST,6959701,POJISTNE,Pago de Seguros,2969.0
34978,3780,4557,F,66,1995-11-25,44,Chrudim,east Bohemia,YZ,29958713,SIPO,Servicios del Hogar,370.0
34979,3780,4557,F,66,1995-11-25,44,Chrudim,east Bohemia,AB,77057331,SIPO,Servicios del Hogar,1241.0
34980,3781,4559,F,40,1993-03-26,31,Tachov,west Bohemia,GH,78370004,SIPO,Servicios del Hogar,7701.0
34981,3782,4560,M,35,1997-03-17,9,Nymburk,central Bohemia,UV,93482148,SIPO,Servicios del Hogar,553.0
34982,3782,4560,M,35,1997-03-17,9,Nymburk,central Bohemia,UV,43415004,SIN_ESPECIFICAR,Sin Especificar,2790.0
34983,3782,4560,M,35,1997-03-17,9,Nymburk,central Bohemia,AB,96572547,POJISTNE,Pago de Seguros,10608.0
34984,3783,4561,F,30,1995-11-29,40,Teplice,north Bohemia,WX,49779665,SIPO,Servicios del Hogar,3041.0
34985,3784,4562,M,33,1996-01-22,25,Klatovy,west Bohemia,IJ,70703857,SIPO,Servicios del Hogar,1583.0
34986,3784,4562,M,33,1996-01-22,25,Klatovy,west Bohemia,GH,35721373,SIN_ESPECIFICAR,Sin Especificar,3360.0
34987,3785,4563,F,27,1993-03-24,10,Praha - vychod,central Bohemia,UV,21385729,SIPO,Servicios del Hogar,6502.0
34988,3787,4567,M,61,1993-02-19,70,Karvina,north Moravia,EF,96782379,SIPO,Servicios del Hogar,4407.0
34989,3787,4567,M,61,1993-02-19,70,Karvina,north Moravia,ST,13449669,LEASING,Arrendamiento / Leasing,1953.0
34990,3789,4569,F,27,1996-08-18,6,Kutna Hora,central Bohemia,QR,43976020,SIPO,Servicios del Hogar,11244.0
34991,3791,4571,M,31,1996-05-03,1,Hl.m. Praha,Prague,WX,1958173,SIPO,Servicios del Hogar,3682.0
34992,3791,4571,M,31,1996-05-03,1,Hl.m. Praha,Prague,YZ,15558588,SIN_ESPECIFICAR,Sin Especificar,3147.0
34993,3791,4571,M,31,1996-05-03,1,Hl.m. Praha,Prague,MN,4485118,POJISTNE,Pago de Seguros,1033.0
34994,3792,4572,F,62,1993-08-11,10,Praha - vychod,central Bohemia,OP,13595378,SIPO,Servicios del Hogar,3518.0
34995,3793,4573,F,43,1996-06-28,5,Kolin,central Bohemia,YZ,82695603,SIPO,Servicios del Hogar,5706.0
34996,3794,4574,F,32,1997-02-03,20,Strakonice,south Bohemia,KL,83359801,SIPO,Servicios del Hogar,4536.0
34997,3795,4575,F,34,1996-03-18,36,Liberec,north Bohemia,WX,49257469,SIPO,Servicios del Hogar,2419.0
34998,3795,4575,F,34,1996-03-18,36,Liberec,north Bohemia,CD,41867381,SIN_ESPECIFICAR,Sin Especificar,6679.0
34999,3796,4576,M,40,1993-05-25,53,Blansko,south Moravia,QR,12162918,SIPO,Servicios del Hogar,8301.0
35000,3798,4578,M,22,1997-08-27,15,Cesky Krumlov,south Bohemia,MN,51615589,SIPO,Servicios del Hogar,1258.0
35001,3798,4578,M,22,1997-08-27,15,Cesky Krumlov,south Bohemia,MN,28350711,SIN_ESPECIFICAR,Sin Especificar,8637.0
35002,3799,4579,F,59,1996-11-29,74,Ostrava - mesto,north Moravia,AB,1355666,SIPO,Servicios del Hogar,4673.0
35003,3799,4579,F,59,1996-11-29,74,Ostrava - mesto,north Moravia,MN,9053272,SIN_ESPECIFICAR,Sin Especificar,1290.0
35004,3799,4579,F,59,1996-11-29,74,Ostrava - mesto,north Moravia,EF,71719521,POJISTNE,Pago de Seguros,136.0
35005,3799,4579,F,59,1996-11-29,74,Ostrava - mesto,north Moravia,UV,23728156,SIN_ESPECIFICAR,Sin Especificar,213.0
35006,3800,4580,F,54,1996-09-16,30,Sokolov,west Bohemia,AB,68339317,SIPO,Servicios del Hogar,1294.0
35007,3800,4580,F,54,1996-09-16,30,Sokolov,west Bohemia,OP,90384268,SIN_ESPECIFICAR,Sin Especificar,3634.0
35008,3802,4582,M,80,1996-04-18,44,Chrudim,east Bohemia,MN,36424207,SIPO,Servicios del Hogar,3276.0
35009,3803,4583,F,57,1996-01-26,61,Trebic,south Moravia,IJ,73056244,SIPO,Servicios del Hogar,5188.0
35010,3804,4584,F,49,1994-04-07,7,Melnik,central Bohemia,KL,84903490,UVER,Cuota de Prestamo,5271.0
35011,3804,4584,F,49,1994-04-07,7,Melnik,central Bohemia,WX,32746297,SIPO,Servicios del Hogar,643.0
35012,3804,4584,F,49,1994-04-07,7,Melnik,central Bohemia,CD,46665102,SIN_ESPECIFICAR,Sin Especificar,4458.0
35013,3805,4585,F,50,1994-07-02,9,Nymburk,central Bohemia,KL,33937186,SIPO,Servicios del Hogar,5908.0
35014,3806,4587,F,20,1996-04-18,36,Liberec,north Bohemia,WX,51833760,SIPO,Servicios del Hogar,3216.0
35015,3806,4587,F,20,1996-04-18,36,Liberec,north Bohemia,AB,66113912,SIN_ESPECIFICAR,Sin Especificar,2478.0
35016,3806,4587,F,20,1996-04-18,36,Liberec,north Bohemia,ST,6164783,POJISTNE,Pago de Seguros,18.0
35017,3807,4588,F,22,1995-09-05,53,Blansko,south Moravia,GH,5179399,SIPO,Servicios del Hogar,4828.0
35018,3808,4589,F,22,1993-08-11,38,Louny,north Bohemia,AB,7896417,SIPO,Servicios del Hogar,1966.0
35019,3808,4589,F,22,1993-08-11,38,Louny,north Bohemia,GH,27884578,SIN_ESPECIFICAR,Sin Especificar,4767.0
35020,3809,4590,M,62,1996-11-21,1,Hl.m. Praha,Prague,WX,10469216,SIPO,Servicios del Hogar,1965.0
35021,3809,4590,M,62,1996-11-21,1,Hl.m. Praha,Prague,OP,52133649,SIN_ESPECIFICAR,Sin Especificar,1619.0
35022,3809,4590,M,62,1996-11-21,1,Hl.m. Praha,Prague,YZ,9162903,POJISTNE,Pago de Seguros,2.0
35023,3810,4591,M,65,1995-06-22,43,Hradec Kralove,east Bohemia,KL,25770914,SIPO,Servicios del Hogar,2862.0
35024,3811,4592,F,43,1996-10-26,1,Hl.m. Praha,Prague,KL,13080460,SIPO,Servicios del Hogar,2515.0
35025,3812,4593,M,66,1995-01-16,72,Olomouc,north Moravia,GH,23986679,SIPO,Servicios del Hogar,2125.0
35026,3813,4594,M,58,1997-10-09,1,Hl.m. Praha,Prague,EF,81887119,SIPO,Servicios del Hogar,5645.0
35027,3813,4594,M,58,1997-10-09,1,Hl.m. Praha,Prague,KL,81905740,SIN_ESPECIFICAR,Sin Especificar,895.0
35028,3813,4594,M,58,1997-10-09,1,Hl.m. Praha,Prague,EF,20648479,POJISTNE,Pago de Seguros,333.0
35029,3815,4597,F,46,1996-03-24,1,Hl.m. Praha,Prague,QR,94093620,LEASING,Arrendamiento / Leasing,3162.0
35030,3817,4600,M,31,1995-02-10,70,Karvina,north Moravia,MN,93542521,SIPO,Servicios del Hogar,6529.0
35031,3818,4601,M,63,1993-01-01,74,Ostrava - mesto,north Moravia,QR,35474443,SIPO,Servicios del Hogar,3596.0
35032,3818,4601,M,63,1993-01-01,74,Ostrava - mesto,north Moravia,OP,32659602,SIN_ESPECIFICAR,Sin Especificar,1474.0
35033,3818,4601,M,63,1993-01-01,74,Ostrava - mesto,north Moravia,CD,34760767,POJISTNE,Pago de Seguros,4065.0
35034,3819,4603,F,52,1996-11-11,69,Jesenik,north Moravia,CD,89256637,SIPO,Servicios del Hogar,7102.0
35035,3820,4604,M,30,1993-11-14,1,Hl.m. Praha,Prague,UV,41454017,SIPO,Servicios del Hogar,8054.0
35036,3822,4606,M,61,1993-09-22,8,Mlada Boleslav,central Bohemia,GH,32954842,SIPO,Servicios del Hogar,11657.0
35037,3824,4608,M,53,1994-03-20,41,Usti nad Labem,north Bohemia,UV,61468034,SIPO,Servicios del Hogar,6198.0
35038,3826,4610,F,32,1995-03-05,34,Chomutov,north Bohemia,GH,788856,SIPO,Servicios del Hogar,4518.0
35039,3828,4612,F,38,1997-08-28,44,Chrudim,east Bohemia,GH,80965399,SIPO,Servicios del Hogar,2010.0
35044,3830,4615,M,47,1997-04-20,56,Breclav,south Moravia,EF,9319293,SIPO,Servicios del Hogar,5498.0
35046,3832,4617,M,21,1996-01-22,45,Jicin,east Bohemia,IJ,97227751,SIPO,Servicios del Hogar,160.0
35047,3832,4617,M,21,1996-01-22,45,Jicin,east Bohemia,UV,41750305,SIN_ESPECIFICAR,Sin Especificar,4176.0
35048,3833,4619,F,57,1997-07-13,77,Vsetin,north Moravia,MN,68814772,SIPO,Servicios del Hogar,6760.0
35049,3834,4620,F,58,1993-01-19,54,Brno - mesto,south Moravia,KL,49577087,SIPO,Servicios del Hogar,3114.0
35050,3834,4620,F,58,1993-01-19,54,Brno - mesto,south Moravia,YZ,63132923,SIN_ESPECIFICAR,Sin Especificar,375.0
35051,3834,4620,F,58,1993-01-19,54,Brno - mesto,south Moravia,MN,51878350,POJISTNE,Pago de Seguros,3189.0
35052,3834,4620,F,58,1993-01-19,54,Brno - mesto,south Moravia,YZ,52872371,SIN_ESPECIFICAR,Sin Especificar,262.0
35053,3834,4620,F,58,1993-01-19,54,Brno - mesto,south Moravia,WX,34075695,UVER,Cuota de Prestamo,1921.0
35054,3835,4622,F,26,1993-03-16,50,Svitavy,east Bohemia,IJ,1018590,SIPO,Servicios del Hogar,6337.0
35055,3835,4622,F,26,1993-03-16,50,Svitavy,east Bohemia,AB,19860339,SIN_ESPECIFICAR,Sin Especificar,1247.0
35056,3836,4623,M,31,1997-12-09,68,Frydek - Mistek,north Moravia,QR,24936366,SIPO,Servicios del Hogar,2676.0
35057,3836,4623,M,31,1997-12-09,68,Frydek - Mistek,north Moravia,MN,95188617,SIN_ESPECIFICAR,Sin Especificar,1011.0
35058,3836,4623,M,31,1997-12-09,68,Frydek - Mistek,north Moravia,YZ,32683402,POJISTNE,Pago de Seguros,5308.0
35059,3837,4624,F,32,1993-08-26,48,Rychnov nad Kneznou,east Bohemia,YZ,24419355,LEASING,Arrendamiento / Leasing,1378.0
35060,3839,4627,M,56,1995-02-21,1,Hl.m. Praha,Prague,YZ,94504993,LEASING,Arrendamiento / Leasing,3072.0
35061,3840,4629,M,75,1994-02-19,76,Sumperk,north Moravia,CD,87679588,SIPO,Servicios del Hogar,2559.0
35062,3841,4631,F,65,1995-01-22,8,Mlada Boleslav,central Bohemia,ST,99752336,SIPO,Servicios del Hogar,440.0
35063,3841,4631,F,65,1995-01-22,8,Mlada Boleslav,central Bohemia,MN,55037939,SIPO,Servicios del Hogar,1223.0
35064,3842,4632,M,70,1997-03-12,1,Hl.m. Praha,Prague,ST,627255,SIPO,Servicios del Hogar,2776.0
35065,3844,4634,F,58,1993-05-23,67,Bruntal,north Moravia,UV,74524152,SIPO,Servicios del Hogar,2260.0
35066,3845,4636,M,21,1995-05-14,48,Rychnov nad Kneznou,east Bohemia,WX,31715512,SIPO,Servicios del Hogar,8866.0
35067,3846,4637,M,29,1997-04-27,61,Trebic,south Moravia,GH,312638,SIPO,Servicios del Hogar,2016.0
35068,3847,4638,F,30,1995-06-13,33,Decin,north Bohemia,YZ,2573502,SIPO,Servicios del Hogar,5500.0
35069,3847,4638,F,30,1995-06-13,33,Decin,north Bohemia,YZ,83747803,SIN_ESPECIFICAR,Sin Especificar,7.0
35070,3847,4638,F,30,1995-06-13,33,Decin,north Bohemia,QR,36324137,POJISTNE,Pago de Seguros,883.0
35071,3848,4639,M,18,1996-07-10,20,Strakonice,south Bohemia,YZ,42658120,SIPO,Servicios del Hogar,7241.0
35072,3849,4640,F,42,1994-10-21,75,Prerov,north Moravia,IJ,72727924,SIPO,Servicios del Hogar,4447.0
35073,3850,4641,M,40,1993-08-09,8,Mlada Boleslav,central Bohemia,IJ,3844541,SIPO,Servicios del Hogar,2037.0
35074,3850,4641,M,40,1993-08-09,8,Mlada Boleslav,central Bohemia,CD,34453201,SIN_ESPECIFICAR,Sin Especificar,5120.0
35075,3851,4643,F,29,1997-02-27,1,Hl.m. Praha,Prague,MN,52305114,SIPO,Servicios del Hogar,1294.0
35076,3851,4643,F,29,1997-02-27,1,Hl.m. Praha,Prague,KL,91988861,SIN_ESPECIFICAR,Sin Especificar,9505.0
35077,3852,4644,M,67,1997-09-14,20,Strakonice,south Bohemia,CD,38480061,SIPO,Servicios del Hogar,220.0
35078,3852,4644,M,67,1997-09-14,20,Strakonice,south Bohemia,CD,24416232,SIPO,Servicios del Hogar,3144.0
35080,3854,4647,M,20,1996-04-18,8,Mlada Boleslav,central Bohemia,QR,36950737,SIPO,Servicios del Hogar,1290.0
35081,3854,4647,M,20,1996-04-18,8,Mlada Boleslav,central Bohemia,OP,59714329,SIN_ESPECIFICAR,Sin Especificar,930.0
35082,3855,4648,M,34,1995-09-04,33,Decin,north Bohemia,ST,32587927,SIPO,Servicios del Hogar,950.0
35083,3855,4648,M,34,1995-09-04,33,Decin,north Bohemia,IJ,38085216,SIN_ESPECIFICAR,Sin Especificar,5578.0
35084,3855,4648,M,34,1995-09-04,33,Decin,north Bohemia,MN,78167867,POJISTNE,Pago de Seguros,795.0
35085,3856,4649,F,70,1996-12-03,45,Jicin,east Bohemia,UV,91998385,SIPO,Servicios del Hogar,2280.0
35086,3857,4650,F,33,1997-10-22,54,Brno - mesto,south Moravia,ST,18218005,SIPO,Servicios del Hogar,2183.0
35087,3859,4652,M,36,1996-04-23,53,Blansko,south Moravia,WX,17110729,UVER,Cuota de Prestamo,5120.0
35088,3860,4653,F,52,1994-10-11,4,Kladno,central Bohemia,AB,27327156,LEASING,Arrendamiento / Leasing,1249.0
35089,3860,4653,F,52,1994-10-11,4,Kladno,central Bohemia,ST,88340824,SIPO,Servicios del Hogar,8323.0
35090,3861,4654,F,48,1997-01-30,2,Benesov,central Bohemia,EF,32061487,SIPO,Servicios del Hogar,4227.0
35091,3862,4656,M,56,1996-11-23,1,Hl.m. Praha,Prague,MN,12050682,UVER,Cuota de Prestamo,2081.0
35092,3862,4656,M,56,1996-11-23,1,Hl.m. Praha,Prague,UV,37094020,SIPO,Servicios del Hogar,3508.0
35093,3862,4656,M,56,1996-11-23,1,Hl.m. Praha,Prague,YZ,17165685,SIN_ESPECIFICAR,Sin Especificar,7824.0
35094,3863,4657,M,57,1993-09-14,15,Cesky Krumlov,south Bohemia,QR,88157391,SIPO,Servicios del Hogar,8504.0
35095,3864,4658,M,63,1996-07-01,33,Decin,north Bohemia,KL,59408056,SIPO,Servicios del Hogar,347.0
35096,3864,4658,M,63,1996-07-01,33,Decin,north Bohemia,GH,67975002,SIN_ESPECIFICAR,Sin Especificar,5960.0
35097,3864,4658,M,63,1996-07-01,33,Decin,north Bohemia,GH,15961814,POJISTNE,Pago de Seguros,511.0
35098,3864,4658,M,63,1996-07-01,33,Decin,north Bohemia,QR,75671767,SIN_ESPECIFICAR,Sin Especificar,1419.0
35099,3865,4659,F,39,1995-02-09,50,Svitavy,east Bohemia,OP,62146550,SIPO,Servicios del Hogar,5947.0
35100,3867,4661,F,54,1997-07-19,1,Hl.m. Praha,Prague,AB,21799749,SIPO,Servicios del Hogar,5476.0
35101,3868,4662,F,71,1993-08-21,43,Hradec Kralove,east Bohemia,CD,47142148,SIPO,Servicios del Hogar,3259.0
35102,3869,4663,M,56,1994-09-13,72,Olomouc,north Moravia,GH,43038785,LEASING,Arrendamiento / Leasing,1249.0
35103,3869,4663,M,56,1994-09-13,72,Olomouc,north Moravia,UV,88817554,SIPO,Servicios del Hogar,6360.0
35104,3870,4664,M,77,1997-01-08,38,Louny,north Bohemia,AB,91396879,SIPO,Servicios del Hogar,3673.0
35105,3871,4665,F,72,1993-01-08,26,Plzen - mesto,west Bohemia,UV,55483001,SIPO,Servicios del Hogar,153.0
35106,3871,4665,F,72,1993-01-08,26,Plzen - mesto,west Bohemia,AB,64580011,SIPO,Servicios del Hogar,1505.0
35107,3872,4667,M,57,1997-05-21,25,Klatovy,west Bohemia,UV,37346983,UVER,Cuota de Prestamo,2502.0
35108,3872,4667,M,57,1997-05-21,25,Klatovy,west Bohemia,GH,39719027,SIPO,Servicios del Hogar,1691.0
35109,3872,4667,M,57,1997-05-21,25,Klatovy,west Bohemia,QR,66648661,SIN_ESPECIFICAR,Sin Especificar,923.0
35110,3872,4667,M,57,1997-05-21,25,Klatovy,west Bohemia,KL,84313565,POJISTNE,Pago de Seguros,5301.0
35111,3872,4667,M,57,1997-05-21,25,Klatovy,west Bohemia,MN,8770090,SIN_ESPECIFICAR,Sin Especificar,2908.0
35115,3874,4670,F,30,1995-06-02,51,Trutnov,east Bohemia,CD,51856213,SIPO,Servicios del Hogar,5861.0
35116,3875,4672,M,49,1997-10-18,44,Chrudim,east Bohemia,IJ,93942355,UVER,Cuota de Prestamo,6414.0
35117,3876,4673,M,46,1994-02-13,69,Jesenik,north Moravia,UV,60230421,SIPO,Servicios del Hogar,12056.0
35118,3877,4674,F,20,1996-10-22,59,Kromeriz,south Moravia,QR,32653641,SIPO,Servicios del Hogar,3711.0
35119,3878,4675,M,23,1994-10-07,23,Cheb,west Bohemia,OP,23655247,SIPO,Servicios del Hogar,216.0
35120,3878,4675,M,23,1994-10-07,23,Cheb,west Bohemia,YZ,38488340,SIN_ESPECIFICAR,Sin Especificar,1648.0
35121,3878,4675,M,23,1994-10-07,23,Cheb,west Bohemia,YZ,35417062,POJISTNE,Pago de Seguros,70.0
35126,3880,4677,F,77,1996-07-28,3,Beroun,central Bohemia,CD,74985646,SIPO,Servicios del Hogar,1942.0
35127,3881,4678,M,30,1996-03-04,21,Tabor,south Bohemia,EF,91738003,SIPO,Servicios del Hogar,1319.0
35128,3881,4678,M,30,1996-03-04,21,Tabor,south Bohemia,IJ,58912730,SIN_ESPECIFICAR,Sin Especificar,3188.0
35129,3882,4679,M,50,1993-07-09,10,Praha - vychod,central Bohemia,KL,49302369,SIPO,Servicios del Hogar,1608.0
35130,3882,4679,M,50,1993-07-09,10,Praha - vychod,central Bohemia,QR,87316327,SIN_ESPECIFICAR,Sin Especificar,379.0
35131,3882,4679,M,50,1993-07-09,10,Praha - vychod,central Bohemia,ST,72013407,POJISTNE,Pago de Seguros,77.0
35132,3882,4679,M,50,1993-07-09,10,Praha - vychod,central Bohemia,IJ,12070072,SIN_ESPECIFICAR,Sin Especificar,100.0
35133,3884,4681,F,49,1996-11-14,1,Hl.m. Praha,Prague,YZ,5279612,SIPO,Servicios del Hogar,5011.0
35134,3885,4683,M,42,1997-04-01,51,Trutnov,east Bohemia,GH,4249543,LEASING,Arrendamiento / Leasing,1176.0
35135,3887,4685,M,34,1996-05-08,62,Uherske Hradiste,south Moravia,MN,51578915,SIPO,Servicios del Hogar,2013.0
35136,3889,4687,F,51,1997-07-03,16,Jindrichuv Hradec,south Bohemia,KL,70547342,SIPO,Servicios del Hogar,173.0
35137,3889,4687,F,51,1997-07-03,16,Jindrichuv Hradec,south Bohemia,GH,94921665,SIN_ESPECIFICAR,Sin Especificar,1767.0
35138,3890,4689,M,35,1996-02-10,50,Svitavy,east Bohemia,MN,11023718,SIPO,Servicios del Hogar,5467.0
35139,3891,4690,F,36,1993-08-18,1,Hl.m. Praha,Prague,GH,80522375,SIPO,Servicios del Hogar,3172.0
35140,3892,4692,F,43,1993-10-25,43,Hradec Kralove,east Bohemia,GH,29015290,SIPO,Servicios del Hogar,2238.0
35141,3893,4693,M,55,1996-12-13,42,Havlickuv Brod,east Bohemia,QR,80644279,SIPO,Servicios del Hogar,1501.0
35142,3893,4693,M,55,1996-12-13,42,Havlickuv Brod,east Bohemia,MN,44051182,SIN_ESPECIFICAR,Sin Especificar,1534.0
35143,3894,4695,M,73,1996-09-25,52,Usti nad Orlici,east Bohemia,OP,98407303,SIPO,Servicios del Hogar,2745.0
35144,3894,4695,M,73,1996-09-25,52,Usti nad Orlici,east Bohemia,YZ,15127009,SIPO,Servicios del Hogar,621.0
35145,3895,4697,F,41,1995-07-14,27,Plzen - jih,west Bohemia,OP,23516989,SIPO,Servicios del Hogar,4414.0
35146,3896,4698,M,35,1995-08-17,45,Jicin,east Bohemia,EF,45272469,SIPO,Servicios del Hogar,2602.0
35147,3896,4698,M,35,1995-08-17,45,Jicin,east Bohemia,MN,53936433,SIN_ESPECIFICAR,Sin Especificar,1642.0
35148,3897,4699,F,35,1997-04-16,13,Rakovnik,central Bohemia,MN,68786066,SIPO,Servicios del Hogar,5350.0
35149,3898,4700,F,61,1994-02-07,70,Karvina,north Moravia,WX,33097869,SIPO,Servicios del Hogar,2650.0
35150,3899,4701,M,57,1996-06-25,22,Domazlice,west Bohemia,IJ,84541290,SIPO,Servicios del Hogar,3069.0
35153,3901,4704,F,43,1997-08-30,12,Pribram,central Bohemia,GH,92254411,LEASING,Arrendamiento / Leasing,932.0
35154,3902,4705,M,43,1995-08-08,1,Hl.m. Praha,Prague,WX,38989275,SIPO,Servicios del Hogar,1016.0
35155,3902,4705,M,43,1995-08-08,1,Hl.m. Praha,Prague,ST,77708458,SIN_ESPECIFICAR,Sin Especificar,5419.0
35156,3903,4706,F,55,1994-12-19,58,Jihlava,south Moravia,CD,41765970,SIPO,Servicios del Hogar,6583.0
35157,3904,4708,M,48,1996-10-05,18,Pisek,south Bohemia,UV,63099199,SIPO,Servicios del Hogar,2075.0
35158,3905,4709,M,20,1997-05-28,54,Brno - mesto,south Moravia,YZ,45596945,SIPO,Servicios del Hogar,7689.0
35159,3906,4710,F,37,1997-07-08,52,Usti nad Orlici,east Bohemia,EF,96055197,UVER,Cuota de Prestamo,5577.0
35160,3907,4712,F,38,1996-04-18,37,Litomerice,north Bohemia,CD,56403291,UVER,Cuota de Prestamo,5577.0
35161,3908,4713,F,80,1997-01-16,13,Rakovnik,central Bohemia,KL,49593687,SIPO,Servicios del Hogar,1630.0
35162,3908,4713,F,80,1997-01-16,13,Rakovnik,central Bohemia,QR,26197701,SIPO,Servicios del Hogar,1008.0
35163,3909,4715,F,22,1993-01-14,1,Hl.m. Praha,Prague,YZ,4480547,SIPO,Servicios del Hogar,8279.0
35164,3909,4715,F,22,1993-01-14,1,Hl.m. Praha,Prague,QR,5039710,SIN_ESPECIFICAR,Sin Especificar,713.0
35165,3909,4715,F,22,1993-01-14,1,Hl.m. Praha,Prague,YZ,73936581,POJISTNE,Pago de Seguros,617.0
35166,3910,4716,F,65,1997-01-19,10,Praha - vychod,central Bohemia,YZ,79231428,SIPO,Servicios del Hogar,2673.0
35167,3911,4717,M,54,1997-12-16,32,Ceska Lipa,north Bohemia,EF,83345818,SIPO,Servicios del Hogar,1946.0
35168,3912,4718,M,66,1994-05-04,2,Benesov,central Bohemia,UV,99253552,SIPO,Servicios del Hogar,1177.0
35169,3912,4718,M,66,1994-05-04,2,Benesov,central Bohemia,KL,95519256,SIPO,Servicios del Hogar,1551.0
35170,3913,4719,M,61,1996-10-04,23,Cheb,west Bohemia,OP,66400325,SIPO,Servicios del Hogar,7333.0
35171,3914,4720,F,52,1995-09-05,33,Decin,north Bohemia,AB,39802485,SIPO,Servicios del Hogar,6118.0
35172,3915,4721,F,42,1993-04-02,65,Znojmo,south Moravia,GH,25808733,SIPO,Servicios del Hogar,9510.0
35173,3916,4722,M,26,1997-09-28,8,Mlada Boleslav,central Bohemia,EF,91283201,UVER,Cuota de Prestamo,2694.0
35174,3916,4722,M,26,1997-09-28,8,Mlada Boleslav,central Bohemia,UV,38921874,SIPO,Servicios del Hogar,10900.0
35175,3916,4722,M,26,1997-09-28,8,Mlada Boleslav,central Bohemia,UV,51592075,SIN_ESPECIFICAR,Sin Especificar,1078.0
35176,3916,4722,M,26,1997-09-28,8,Mlada Boleslav,central Bohemia,AB,23392904,POJISTNE,Pago de Seguros,2570.0
35177,3917,4723,F,57,1996-03-30,1,Hl.m. Praha,Prague,CD,89179288,SIPO,Servicios del Hogar,2362.0
35178,3917,4723,F,57,1996-03-30,1,Hl.m. Praha,Prague,QR,63465010,SIN_ESPECIFICAR,Sin Especificar,2833.0
35179,3917,4723,F,57,1996-03-30,1,Hl.m. Praha,Prague,YZ,75628006,POJISTNE,Pago de Seguros,789.0
35180,3917,4723,F,57,1996-03-30,1,Hl.m. Praha,Prague,OP,9782308,SIN_ESPECIFICAR,Sin Especificar,272.0
35181,3918,4724,F,25,1993-12-09,53,Blansko,south Moravia,ST,11387104,SIPO,Servicios del Hogar,4865.0
35182,3919,4725,M,53,1997-10-18,34,Chomutov,north Bohemia,KL,81950729,SIPO,Servicios del Hogar,3521.0
35183,3922,4730,M,78,1997-10-22,68,Frydek - Mistek,north Moravia,MN,27645427,SIPO,Servicios del Hogar,2953.0
35184,3923,4731,F,25,1993-03-30,52,Usti nad Orlici,east Bohemia,ST,4434031,SIPO,Servicios del Hogar,5037.0
35185,3924,4732,M,80,1996-02-24,70,Karvina,north Moravia,KL,47621411,SIPO,Servicios del Hogar,3093.0
35186,3925,4733,M,43,1995-09-05,1,Hl.m. Praha,Prague,WX,61645322,SIPO,Servicios del Hogar,4256.0
35187,3925,4733,M,43,1995-09-05,1,Hl.m. Praha,Prague,OP,25474483,SIN_ESPECIFICAR,Sin Especificar,2247.0
35188,3926,4734,M,73,1994-09-11,72,Olomouc,north Moravia,IJ,55667674,SIPO,Servicios del Hogar,2232.0
35189,3927,4736,F,55,1993-10-22,56,Breclav,south Moravia,CD,14631736,SIPO,Servicios del Hogar,1926.0
35190,3927,4736,F,55,1993-10-22,56,Breclav,south Moravia,YZ,35319298,SIN_ESPECIFICAR,Sin Especificar,1400.0
35196,3930,4739,F,38,1995-04-25,37,Litomerice,north Bohemia,YZ,79120719,SIPO,Servicios del Hogar,9101.0
35197,3932,4741,F,69,1996-07-25,74,Ostrava - mesto,north Moravia,UV,38860297,SIPO,Servicios del Hogar,1593.0
35198,3933,4742,F,49,1996-02-11,61,Trebic,south Moravia,YZ,1246595,LEASING,Arrendamiento / Leasing,1616.0
35199,3934,4744,M,69,1997-12-23,6,Kutna Hora,central Bohemia,MN,96072834,SIPO,Servicios del Hogar,2396.0
35200,3935,4745,F,50,1993-03-08,23,Cheb,west Bohemia,WX,62539005,LEASING,Arrendamiento / Leasing,1184.0
35201,3935,4745,F,50,1993-03-08,23,Cheb,west Bohemia,MN,30181229,SIPO,Servicios del Hogar,2648.0
35202,3935,4745,F,50,1993-03-08,23,Cheb,west Bohemia,GH,11549193,SIN_ESPECIFICAR,Sin Especificar,5908.0
35203,3935,4745,F,50,1993-03-08,23,Cheb,west Bohemia,YZ,3849626,POJISTNE,Pago de Seguros,652.0
35204,3935,4745,F,50,1993-03-08,23,Cheb,west Bohemia,MN,46342325,SIN_ESPECIFICAR,Sin Especificar,1070.0
35205,3936,4746,F,57,1995-05-04,39,Most,north Bohemia,CD,59733676,SIPO,Servicios del Hogar,1859.0
35206,3936,4746,F,57,1995-05-04,39,Most,north Bohemia,ST,98634075,SIN_ESPECIFICAR,Sin Especificar,127.0
35207,3936,4746,F,57,1995-05-04,39,Most,north Bohemia,AB,8674580,POJISTNE,Pago de Seguros,432.0
35208,3937,4747,F,76,1996-01-10,76,Sumperk,north Moravia,KL,92072844,SIPO,Servicios del Hogar,3385.0
35209,3938,4749,F,50,1993-11-17,57,Hodonin,south Moravia,CD,83267962,SIPO,Servicios del Hogar,3869.0
35210,3939,4750,M,36,1993-07-08,70,Karvina,north Moravia,MN,57331061,SIPO,Servicios del Hogar,5177.0
35211,3941,4752,M,59,1996-12-26,7,Melnik,central Bohemia,MN,7649010,SIPO,Servicios del Hogar,1510.0
35212,3941,4752,M,59,1996-12-26,7,Melnik,central Bohemia,WX,13397574,SIN_ESPECIFICAR,Sin Especificar,599.0
35213,3942,4754,F,59,1996-05-10,27,Plzen - jih,west Bohemia,YZ,11209202,UVER,Cuota de Prestamo,2983.0
35214,3942,4754,F,59,1996-05-10,27,Plzen - jih,west Bohemia,ST,34098577,SIPO,Servicios del Hogar,13428.0
35215,3943,4755,F,44,1996-03-06,71,Novy Jicin,north Moravia,YZ,50228506,SIPO,Servicios del Hogar,1942.0
35216,3944,4756,F,48,1995-10-08,22,Domazlice,west Bohemia,QR,78422194,SIPO,Servicios del Hogar,1165.0
35217,3944,4756,F,48,1995-10-08,22,Domazlice,west Bohemia,EF,65107047,SIN_ESPECIFICAR,Sin Especificar,3338.0
35218,3946,4760,M,63,1996-07-16,70,Karvina,north Moravia,GH,72052663,SIPO,Servicios del Hogar,4832.0
35219,3946,4760,M,63,1996-07-16,70,Karvina,north Moravia,AB,14122963,SIN_ESPECIFICAR,Sin Especificar,4607.0
35220,3947,4762,F,27,1996-01-23,76,Sumperk,north Moravia,CD,13642275,SIPO,Servicios del Hogar,2469.0
35221,3947,4762,F,27,1996-01-23,76,Sumperk,north Moravia,YZ,94871657,SIN_ESPECIFICAR,Sin Especificar,619.0
35222,3948,4763,F,54,1993-11-09,1,Hl.m. Praha,Prague,YZ,3428841,SIPO,Servicios del Hogar,314.0
35223,3948,4763,F,54,1993-11-09,1,Hl.m. Praha,Prague,EF,58645462,SIN_ESPECIFICAR,Sin Especificar,2780.0
35224,3948,4763,F,54,1993-11-09,1,Hl.m. Praha,Prague,YZ,3555155,POJISTNE,Pago de Seguros,1969.0
35225,3948,4763,F,54,1993-11-09,1,Hl.m. Praha,Prague,EF,3710729,SIN_ESPECIFICAR,Sin Especificar,210.0
35226,3950,4765,M,63,1997-09-01,48,Rychnov nad Kneznou,east Bohemia,EF,8577830,SIPO,Servicios del Hogar,6955.0
35227,3950,4765,M,63,1997-09-01,48,Rychnov nad Kneznou,east Bohemia,WX,71886944,LEASING,Arrendamiento / Leasing,1185.0
35228,3951,4766,M,31,1997-06-02,22,Domazlice,west Bohemia,OP,7565194,UVER,Cuota de Prestamo,7284.0
35229,3952,4767,F,80,1996-03-08,26,Plzen - mesto,west Bohemia,GH,72330528,SIPO,Servicios del Hogar,367.0
35230,3952,4767,F,80,1996-03-08,26,Plzen - mesto,west Bohemia,GH,22428715,SIPO,Servicios del Hogar,1138.0
35231,3953,4768,F,38,1997-06-16,1,Hl.m. Praha,Prague,AB,85838764,UVER,Cuota de Prestamo,5298.0
35232,3954,4769,F,75,1993-06-25,22,Domazlice,west Bohemia,MN,77104884,SIPO,Servicios del Hogar,2014.0
35233,3955,4771,F,37,1993-07-14,64,Zlin,south Moravia,EF,9654927,SIPO,Servicios del Hogar,4129.0
35234,3955,4771,F,37,1993-07-14,64,Zlin,south Moravia,GH,24978786,SIN_ESPECIFICAR,Sin Especificar,997.0
35235,3956,4772,F,48,1996-10-28,6,Kutna Hora,central Bohemia,ST,20439923,SIPO,Servicios del Hogar,6035.0
35236,3956,4772,F,48,1996-10-28,6,Kutna Hora,central Bohemia,IJ,23786348,SIN_ESPECIFICAR,Sin Especificar,892.0
35237,3959,4776,M,24,1997-02-15,1,Hl.m. Praha,Prague,AB,40621632,LEASING,Arrendamiento / Leasing,1681.0
35238,3960,4777,F,69,1993-02-06,64,Zlin,south Moravia,CD,74252974,SIPO,Servicios del Hogar,3204.0
35239,3961,4779,M,20,1997-01-24,52,Usti nad Orlici,east Bohemia,AB,38375651,SIPO,Servicios del Hogar,2309.0
35240,3963,4781,F,32,1997-10-27,9,Nymburk,central Bohemia,IJ,27212840,SIPO,Servicios del Hogar,3477.0
35241,3963,4781,F,32,1997-10-27,9,Nymburk,central Bohemia,WX,88884788,SIN_ESPECIFICAR,Sin Especificar,95.0
35242,3963,4781,F,32,1997-10-27,9,Nymburk,central Bohemia,EF,42651188,POJISTNE,Pago de Seguros,70.0
35243,3964,4782,M,32,1997-01-25,25,Klatovy,west Bohemia,UV,49043488,SIPO,Servicios del Hogar,2146.0
35244,3966,4784,F,78,1996-01-09,42,Havlickuv Brod,east Bohemia,IJ,59096312,SIPO,Servicios del Hogar,1754.0
35245,3967,4786,M,60,1996-09-22,54,Brno - mesto,south Moravia,AB,28307140,UVER,Cuota de Prestamo,2350.0
35246,3969,4788,F,18,1993-06-20,39,Most,north Bohemia,QR,24362379,SIPO,Servicios del Hogar,4299.0
35247,3970,4789,F,58,1995-11-28,24,Karlovy Vary,west Bohemia,ST,15046972,SIPO,Servicios del Hogar,8957.0
35248,3971,4790,M,52,1997-03-13,75,Prerov,north Moravia,KL,30010575,SIPO,Servicios del Hogar,9510.0
35249,3971,4790,M,52,1997-03-13,75,Prerov,north Moravia,UV,54464662,SIN_ESPECIFICAR,Sin Especificar,1026.0
35250,3971,4790,M,52,1997-03-13,75,Prerov,north Moravia,WX,30132991,POJISTNE,Pago de Seguros,857.0
35251,3971,4790,M,52,1997-03-13,75,Prerov,north Moravia,MN,55104500,SIN_ESPECIFICAR,Sin Especificar,402.0
35252,3972,4791,M,62,1993-10-11,51,Trutnov,east Bohemia,GH,4039895,SIPO,Servicios del Hogar,7012.0
35253,3972,4791,M,62,1993-10-11,51,Trutnov,east Bohemia,AB,33554858,SIN_ESPECIFICAR,Sin Especificar,2012.0
35254,3973,4792,F,41,1995-11-27,20,Strakonice,south Bohemia,IJ,58564495,SIPO,Servicios del Hogar,6941.0
35255,3974,4793,F,52,1996-03-08,55,Brno - venkov,south Moravia,QR,35360241,SIPO,Servicios del Hogar,4670.0
35256,3975,4794,F,53,1994-10-02,20,Strakonice,south Bohemia,YZ,22444594,SIPO,Servicios del Hogar,2269.0
35257,3976,4795,F,73,1996-04-15,74,Ostrava - mesto,north Moravia,ST,59522145,SIPO,Servicios del Hogar,967.0
35258,3976,4795,F,73,1996-04-15,74,Ostrava - mesto,north Moravia,ST,8696937,SIPO,Servicios del Hogar,1447.0
35259,3977,4796,M,70,1993-09-25,7,Melnik,central Bohemia,ST,51005125,SIPO,Servicios del Hogar,2974.0
35260,3978,4797,F,58,1995-02-18,59,Kromeriz,south Moravia,WX,59417921,SIPO,Servicios del Hogar,3616.0
35261,3978,4797,F,58,1995-02-18,59,Kromeriz,south Moravia,UV,2867442,SIN_ESPECIFICAR,Sin Especificar,692.0
35262,3978,4797,F,58,1995-02-18,59,Kromeriz,south Moravia,QR,18854892,POJISTNE,Pago de Seguros,1997.0
35263,3979,4798,F,36,1996-02-14,37,Litomerice,north Bohemia,WX,51212304,SIPO,Servicios del Hogar,6256.0
35264,3980,4799,F,52,1993-04-03,75,Prerov,north Moravia,ST,74249100,SIPO,Servicios del Hogar,1367.0
35265,3980,4799,F,52,1993-04-03,75,Prerov,north Moravia,QR,32205635,SIN_ESPECIFICAR,Sin Especificar,2264.0
35266,3981,4801,M,20,1995-01-15,23,Cheb,west Bohemia,AB,83879112,SIPO,Servicios del Hogar,1383.0
35267,3981,4801,M,20,1995-01-15,23,Cheb,west Bohemia,EF,20137071,SIN_ESPECIFICAR,Sin Especificar,336.0
35268,3981,4801,M,20,1995-01-15,23,Cheb,west Bohemia,MN,9709912,POJISTNE,Pago de Seguros,545.0
35269,3982,4802,M,27,1993-07-27,26,Plzen - mesto,west Bohemia,OP,15246630,SIPO,Servicios del Hogar,2153.0
35270,3984,4804,F,68,1996-12-14,51,Trutnov,east Bohemia,AB,94890266,SIPO,Servicios del Hogar,1803.0
35271,3985,4805,F,63,1997-07-13,1,Hl.m. Praha,Prague,GH,17921477,SIPO,Servicios del Hogar,2007.0
35272,3986,4806,F,54,1997-06-20,19,Prachatice,south Bohemia,AB,78493797,SIPO,Servicios del Hogar,3960.0
35273,3986,4806,F,54,1997-06-20,19,Prachatice,south Bohemia,WX,87679379,SIN_ESPECIFICAR,Sin Especificar,2649.0
35274,3987,4807,M,50,1997-09-14,25,Klatovy,west Bohemia,WX,32697832,SIPO,Servicios del Hogar,4992.0
35275,3987,4807,M,50,1997-09-14,25,Klatovy,west Bohemia,QR,86586814,LEASING,Arrendamiento / Leasing,1526.0
35276,3989,4809,M,68,1995-03-11,19,Prachatice,south Bohemia,CD,242722,SIPO,Servicios del Hogar,2097.0
35277,3990,4811,F,27,1997-02-04,77,Vsetin,north Moravia,YZ,18163431,SIPO,Servicios del Hogar,10312.0
35278,3991,4812,M,73,1996-12-28,1,Hl.m. Praha,Prague,IJ,95958947,SIPO,Servicios del Hogar,1937.0
35279,3992,4813,M,30,1997-12-16,43,Hradec Kralove,east Bohemia,ST,15884882,SIPO,Servicios del Hogar,6738.0
35280,3993,4814,M,36,1996-01-24,54,Brno - mesto,south Moravia,ST,54010170,SIPO,Servicios del Hogar,7616.0
35281,3995,4817,M,29,1995-08-27,12,Pribram,central Bohemia,KL,10419178,SIPO,Servicios del Hogar,3601.0
35282,3995,4817,M,29,1995-08-27,12,Pribram,central Bohemia,UV,18222165,SIN_ESPECIFICAR,Sin Especificar,415.0
35283,3995,4817,M,29,1995-08-27,12,Pribram,central Bohemia,YZ,70030551,POJISTNE,Pago de Seguros,983.0
35284,3996,4818,M,66,1997-06-22,1,Hl.m. Praha,Prague,YZ,29565316,SIPO,Servicios del Hogar,1511.0
35285,3998,4820,F,29,1996-04-20,2,Benesov,central Bohemia,QR,26202184,SIPO,Servicios del Hogar,2364.0
35286,3998,4820,F,29,1996-04-20,2,Benesov,central Bohemia,KL,25096166,SIN_ESPECIFICAR,Sin Especificar,1519.0
35287,3999,4821,F,59,1993-05-06,35,Jablonec n. Nisou,north Bohemia,IJ,35235697,SIPO,Servicios del Hogar,4806.0
35288,3999,4821,F,59,1993-05-06,35,Jablonec n. Nisou,north Bohemia,AB,48404151,SIN_ESPECIFICAR,Sin Especificar,2332.0
35289,3999,4821,F,59,1993-05-06,35,Jablonec n. Nisou,north Bohemia,KL,77352034,POJISTNE,Pago de Seguros,563.0
35291,4003,4826,F,21,1997-08-22,25,Klatovy,west Bohemia,OP,382733,LEASING,Arrendamiento / Leasing,3816.0
35292,4003,4826,F,21,1997-08-22,25,Klatovy,west Bohemia,YZ,76160329,SIPO,Servicios del Hogar,3786.0
35297,4010,4833,F,27,1996-08-19,30,Sokolov,west Bohemia,ST,6746900,SIPO,Servicios del Hogar,5948.0
35298,4010,4833,F,27,1996-08-19,30,Sokolov,west Bohemia,MN,19982749,LEASING,Arrendamiento / Leasing,1824.0
35303,4013,4836,M,46,1993-10-08,73,Opava,north Moravia,MN,22217119,LEASING,Arrendamiento / Leasing,1003.0
35304,4013,4836,M,46,1993-10-08,73,Opava,north Moravia,EF,83890586,SIPO,Servicios del Hogar,6686.0
35317,4026,4853,M,59,1997-02-06,58,Jihlava,south Moravia,ST,76516663,LEASING,Arrendamiento / Leasing,2620.0
35318,4026,4853,M,59,1997-02-06,58,Jihlava,south Moravia,IJ,95854043,SIPO,Servicios del Hogar,2618.0
35319,4026,4853,M,59,1997-02-06,58,Jihlava,south Moravia,QR,60125994,SIN_ESPECIFICAR,Sin Especificar,9711.0
35334,4033,4861,F,21,1996-11-19,57,Hodonin,south Moravia,MN,70536905,SIPO,Servicios del Hogar,1494.0
35335,4033,4861,F,21,1996-11-19,57,Hodonin,south Moravia,OP,86237394,SIN_ESPECIFICAR,Sin Especificar,2808.0
35336,4033,4861,F,21,1996-11-19,57,Hodonin,south Moravia,OP,46252030,UVER,Cuota de Prestamo,1756.0
35352,4047,4877,M,41,1995-09-29,45,Jicin,east Bohemia,MN,39103245,LEASING,Arrendamiento / Leasing,2988.0
35364,4052,4882,M,20,1997-01-25,36,Liberec,north Bohemia,IJ,25790983,UVER,Cuota de Prestamo,2948.0
35372,4059,4892,M,29,1993-10-08,34,Chomutov,north Bohemia,WX,58010673,UVER,Cuota de Prestamo,5652.0
35381,4066,4901,F,48,1994-05-24,72,Olomouc,north Moravia,YZ,54565942,LEASING,Arrendamiento / Leasing,3225.0
35382,4066,4901,F,48,1994-05-24,72,Olomouc,north Moravia,CD,35107851,SIPO,Servicios del Hogar,6893.0
35383,4066,4901,F,48,1994-05-24,72,Olomouc,north Moravia,WX,20153117,SIN_ESPECIFICAR,Sin Especificar,7246.0
35391,4071,4906,F,22,1996-08-03,64,Zlin,south Moravia,EF,53343808,LEASING,Arrendamiento / Leasing,1078.0
35392,4071,4906,F,22,1996-08-03,64,Zlin,south Moravia,WX,88639789,SIPO,Servicios del Hogar,10272.0
35402,4079,4916,M,59,1993-11-03,52,Usti nad Orlici,east Bohemia,WX,16481298,UVER,Cuota de Prestamo,3312.0
35403,4079,4916,M,59,1993-11-03,52,Usti nad Orlici,east Bohemia,AB,19063937,SIPO,Servicios del Hogar,5009.0
35404,4079,4916,M,59,1993-11-03,52,Usti nad Orlici,east Bohemia,QR,7362539,SIN_ESPECIFICAR,Sin Especificar,218.0
35405,4079,4916,M,59,1993-11-03,52,Usti nad Orlici,east Bohemia,ST,81205659,POJISTNE,Pago de Seguros,321.0
35409,4081,4918,M,30,1995-07-22,11,Praha - zapad,central Bohemia,YZ,22211885,UVER,Cuota de Prestamo,5746.0
35417,4088,4925,M,47,1996-03-01,45,Jicin,east Bohemia,UV,18712330,LEASING,Arrendamiento / Leasing,4236.0
35418,4088,4925,M,47,1996-03-01,45,Jicin,east Bohemia,YZ,76793396,SIPO,Servicios del Hogar,3315.0
35419,4088,4925,M,47,1996-03-01,45,Jicin,east Bohemia,KL,26589399,SIN_ESPECIFICAR,Sin Especificar,337.0
35420,4088,4925,M,47,1996-03-01,45,Jicin,east Bohemia,WX,65632182,POJISTNE,Pago de Seguros,3.0
35422,4091,4928,M,22,1997-08-04,9,Nymburk,central Bohemia,YZ,45072424,SIPO,Servicios del Hogar,4247.0
35423,4091,4928,M,22,1997-08-04,9,Nymburk,central Bohemia,ST,12956852,SIN_ESPECIFICAR,Sin Especificar,185.0
35424,4091,4928,M,22,1997-08-04,9,Nymburk,central Bohemia,CD,73299705,LEASING,Arrendamiento / Leasing,907.0
35433,4099,4937,F,38,1996-05-26,54,Brno - mesto,south Moravia,AB,31954735,SIPO,Servicios del Hogar,1926.0
35434,4099,4937,F,38,1996-05-26,54,Brno - mesto,south Moravia,IJ,40898221,SIN_ESPECIFICAR,Sin Especificar,403.0
35435,4099,4937,F,38,1996-05-26,54,Brno - mesto,south Moravia,QR,6660080,POJISTNE,Pago de Seguros,1298.0
35436,4099,4937,F,38,1996-05-26,54,Brno - mesto,south Moravia,GH,75250422,UVER,Cuota de Prestamo,872.0
35462,4116,4956,M,52,1997-10-05,6,Kutna Hora,central Bohemia,MN,92376952,UVER,Cuota de Prestamo,4200.0
35463,4116,4956,M,52,1997-10-05,6,Kutna Hora,central Bohemia,IJ,69320016,SIPO,Servicios del Hogar,14448.0
35472,4127,4968,M,60,1996-05-03,50,Svitavy,east Bohemia,CD,6366193,UVER,Cuota de Prestamo,4200.0
35473,4127,4968,M,60,1996-05-03,50,Svitavy,east Bohemia,QR,34589725,SIPO,Servicios del Hogar,11105.0
35474,4127,4968,M,60,1996-05-03,50,Svitavy,east Bohemia,GH,77216887,SIN_ESPECIFICAR,Sin Especificar,221.0
35475,4127,4968,M,60,1996-05-03,50,Svitavy,east Bohemia,QR,28738975,POJISTNE,Pago de Seguros,69.0
35478,4131,4974,F,36,1994-08-19,5,Kolin,central Bohemia,YZ,77345645,LEASING,Arrendamiento / Leasing,2520.0
35479,4131,4974,F,36,1994-08-19,5,Kolin,central Bohemia,OP,66005611,SIPO,Servicios del Hogar,974.0
35480,4131,4974,F,36,1994-08-19,5,Kolin,central Bohemia,UV,18379521,SIN_ESPECIFICAR,Sin Especificar,4696.0
35482,4134,4979,M,61,1993-03-03,7,Melnik,central Bohemia,OP,98212933,LEASING,Arrendamiento / Leasing,1171.0
35483,4134,4979,M,61,1993-03-03,7,Melnik,central Bohemia,WX,37454885,SIPO,Servicios del Hogar,5932.0
35493,4143,4992,F,26,1997-10-07,55,Brno - venkov,south Moravia,OP,86283540,LEASING,Arrendamiento / Leasing,1896.0
35494,4144,4993,F,25,1996-08-19,1,Hl.m. Praha,Prague,QR,13202494,UVER,Cuota de Prestamo,5916.0
35495,4144,4993,F,25,1996-08-19,1,Hl.m. Praha,Prague,WX,44854801,SIPO,Servicios del Hogar,8753.0
35503,4150,5002,F,21,1997-07-05,65,Znojmo,south Moravia,ST,41463971,SIPO,Servicios del Hogar,3006.0
35504,4150,5002,F,21,1997-07-05,65,Znojmo,south Moravia,WX,91151189,SIN_ESPECIFICAR,Sin Especificar,1669.0
35505,4150,5002,F,21,1997-07-05,65,Znojmo,south Moravia,QR,82856064,POJISTNE,Pago de Seguros,75.0
35506,4150,5002,F,21,1997-07-05,65,Znojmo,south Moravia,CD,57309913,LEASING,Arrendamiento / Leasing,1273.0
35532,4171,5028,M,22,1993-06-12,28,Plzen - sever,west Bohemia,WX,22916323,LEASING,Arrendamiento / Leasing,2612.0
35533,4171,5028,M,22,1993-06-12,28,Plzen - sever,west Bohemia,GH,90027188,SIPO,Servicios del Hogar,14336.0
35557,4186,5046,M,61,1996-08-25,1,Hl.m. Praha,Prague,EF,54694455,SIPO,Servicios del Hogar,7028.0
35558,4186,5046,M,61,1996-08-25,1,Hl.m. Praha,Prague,UV,72907602,LEASING,Arrendamiento / Leasing,894.0
35565,4190,5050,M,47,1995-10-04,62,Uherske Hradiste,south Moravia,QR,51522499,SIPO,Servicios del Hogar,2901.0
35566,4190,5050,M,47,1995-10-04,62,Uherske Hradiste,south Moravia,MN,24471074,SIN_ESPECIFICAR,Sin Especificar,1100.0
35567,4190,5050,M,47,1995-10-04,62,Uherske Hradiste,south Moravia,IJ,72617375,POJISTNE,Pago de Seguros,1242.0
35568,4190,5050,M,47,1995-10-04,62,Uherske Hradiste,south Moravia,QR,57476657,UVER,Cuota de Prestamo,6763.0
35639,4237,5107,F,51,1993-11-29,18,Pisek,south Bohemia,GH,65168309,LEASING,Arrendamiento / Leasing,1961.0
35649,4245,5117,M,23,1994-05-02,52,Usti nad Orlici,east Bohemia,CD,5514008,SIPO,Servicios del Hogar,4534.0
35650,4245,5117,M,23,1994-05-02,52,Usti nad Orlici,east Bohemia,OP,46815562,LEASING,Arrendamiento / Leasing,1663.0
35663,4253,5126,M,33,1996-01-16,43,Hradec Kralove,east Bohemia,UV,53549736,LEASING,Arrendamiento / Leasing,4125.0
35664,4253,5126,M,33,1996-01-16,43,Hradec Kralove,east Bohemia,WX,66295969,SIPO,Servicios del Hogar,7344.0
35668,4259,5133,F,39,1994-04-08,66,Zdar nad Sazavou,south Moravia,ST,4058731,UVER,Cuota de Prestamo,3318.0
35669,4259,5133,F,39,1994-04-08,66,Zdar nad Sazavou,south Moravia,CD,73520475,SIPO,Servicios del Hogar,9516.0
35670,4259,5133,F,39,1994-04-08,66,Zdar nad Sazavou,south Moravia,AB,40486842,SIN_ESPECIFICAR,Sin Especificar,2255.0
35671,4260,5134,F,31,1993-10-14,56,Breclav,south Moravia,EF,42941677,UVER,Cuota de Prestamo,4076.0
35672,4260,5134,F,31,1993-10-14,56,Breclav,south Moravia,OP,18079054,SIPO,Servicios del Hogar,12006.0
35680,4266,5141,F,45,1997-02-05,54,Brno - mesto,south Moravia,MN,21157777,SIPO,Servicios del Hogar,9098.0
35681,4266,5141,F,45,1997-02-05,54,Brno - mesto,south Moravia,QR,92455988,LEASING,Arrendamiento / Leasing,507.0
35683,4268,5143,M,25,1997-02-20,77,Vsetin,north Moravia,IJ,24499589,SIPO,Servicios del Hogar,6646.0
35684,4268,5143,M,25,1997-02-20,77,Vsetin,north Moravia,AB,28338015,UVER,Cuota de Prestamo,3499.0
35690,4273,5149,M,36,1996-03-11,15,Cesky Krumlov,south Bohemia,QR,39798104,LEASING,Arrendamiento / Leasing,2895.0
35691,4273,5149,M,36,1996-03-11,15,Cesky Krumlov,south Bohemia,UV,91834884,SIPO,Servicios del Hogar,9909.0
35695,4276,5152,F,23,1994-07-09,43,Hradec Kralove,east Bohemia,IJ,57985192,LEASING,Arrendamiento / Leasing,2895.0
35718,4293,5171,F,42,1996-02-04,64,Zlin,south Moravia,GH,89613037,UVER,Cuota de Prestamo,4561.0
35719,4293,5171,F,42,1996-02-04,64,Zlin,south Moravia,IJ,75312357,SIPO,Servicios del Hogar,4797.0
35737,4309,5189,F,37,1997-06-25,74,Ostrava - mesto,north Moravia,UV,97354483,UVER,Cuota de Prestamo,4825.0
35748,4318,5200,F,38,1993-04-13,33,Decin,north Bohemia,YZ,59831583,LEASING,Arrendamiento / Leasing,4610.0
35749,4318,5200,F,38,1993-04-13,33,Decin,north Bohemia,KL,13522321,SIPO,Servicios del Hogar,13396.0
35752,4320,5203,F,53,1996-07-23,61,Trebic,south Moravia,GH,15082747,UVER,Cuota de Prestamo,4280.0
35763,4330,5214,M,22,1995-07-05,47,Pardubice,east Bohemia,KL,9958225,LEASING,Arrendamiento / Leasing,4610.0
35764,4330,5214,M,22,1995-07-05,47,Pardubice,east Bohemia,CD,5012721,SIPO,Servicios del Hogar,4140.0
35765,4330,5214,M,22,1995-07-05,47,Pardubice,east Bohemia,OP,83009093,SIN_ESPECIFICAR,Sin Especificar,1786.0
35767,4332,5217,F,58,1997-12-23,74,Ostrava - mesto,north Moravia,WX,43657523,LEASING,Arrendamiento / Leasing,4610.0
35768,4332,5217,F,58,1997-12-23,74,Ostrava - mesto,north Moravia,GH,21178984,SIPO,Servicios del Hogar,7885.0
35772,4336,5223,F,21,1997-07-08,2,Benesov,central Bohemia,CD,16882026,LEASING,Arrendamiento / Leasing,4556.0
35773,4336,5223,F,21,1997-07-08,2,Benesov,central Bohemia,WX,30210501,SIPO,Servicios del Hogar,8316.0
35774,4337,5224,M,49,1993-11-16,29,Rokycany,west Bohemia,IJ,15837014,UVER,Cuota de Prestamo,2142.0
35781,4342,5232,F,50,1996-04-29,74,Ostrava - mesto,north Moravia,AB,4569364,UVER,Cuota de Prestamo,4172.0
35782,4342,5232,F,50,1996-04-29,74,Ostrava - mesto,north Moravia,KL,52346587,SIPO,Servicios del Hogar,6135.0
35785,4346,5236,M,20,1996-03-15,25,Klatovy,west Bohemia,EF,11365098,LEASING,Arrendamiento / Leasing,2329.0
35786,4346,5236,M,20,1996-03-15,25,Klatovy,west Bohemia,KL,97406702,SIPO,Servicios del Hogar,5389.0
35787,4346,5236,M,20,1996-03-15,25,Klatovy,west Bohemia,AB,19900185,SIN_ESPECIFICAR,Sin Especificar,3067.0
35791,4352,5243,M,28,1993-07-05,2,Benesov,central Bohemia,EF,6195903,SIPO,Servicios del Hogar,3710.0
35792,4352,5243,M,28,1993-07-05,2,Benesov,central Bohemia,MN,5816001,LEASING,Arrendamiento / Leasing,506.0
35794,4354,5245,F,56,1997-01-08,38,Louny,north Bohemia,MN,33371013,UVER,Cuota de Prestamo,5461.0
35795,4354,5245,F,56,1997-01-08,38,Louny,north Bohemia,CD,23047155,SIPO,Servicios del Hogar,12756.0
35796,4356,5247,M,55,1994-01-26,47,Pardubice,east Bohemia,AB,75449079,LEASING,Arrendamiento / Leasing,1003.0
35798,4358,5249,F,27,1997-02-12,5,Kolin,central Bohemia,IJ,36673987,LEASING,Arrendamiento / Leasing,2542.0
35802,4361,5253,F,52,1996-03-11,69,Jesenik,north Moravia,AB,55740487,UVER,Cuota de Prestamo,7513.0
35820,4377,5275,M,48,1993-04-24,28,Plzen - sever,west Bohemia,OP,46991014,LEASING,Arrendamiento / Leasing,4788.0
35825,4383,5281,M,57,1996-11-10,73,Opava,north Moravia,IJ,71792411,LEASING,Arrendamiento / Leasing,1540.0
35826,4383,5281,M,57,1996-11-10,73,Opava,north Moravia,AB,54309666,SIPO,Servicios del Hogar,8352.0
35827,4383,5281,M,57,1996-11-10,73,Opava,north Moravia,KL,99767720,SIN_ESPECIFICAR,Sin Especificar,4265.0
35829,4386,5284,F,27,1997-11-29,51,Trutnov,east Bohemia,ST,24428779,LEASING,Arrendamiento / Leasing,1590.0
35830,4386,5284,F,27,1997-11-29,51,Trutnov,east Bohemia,OP,82197737,SIPO,Servicios del Hogar,11954.0
35865,4408,5312,M,51,1994-04-11,71,Novy Jicin,north Moravia,YZ,89509248,LEASING,Arrendamiento / Leasing,3780.0
35866,4408,5312,M,51,1994-04-11,71,Novy Jicin,north Moravia,GH,93220632,SIPO,Servicios del Hogar,5156.0
35874,4413,5318,M,30,1994-01-15,74,Ostrava - mesto,north Moravia,QR,63660216,UVER,Cuota de Prestamo,4610.0
35875,4413,5318,M,30,1994-01-15,74,Ostrava - mesto,north Moravia,UV,8759522,SIPO,Servicios del Hogar,7802.0
35876,4414,5320,F,47,1993-09-10,24,Karlovy Vary,west Bohemia,ST,75805902,SIPO,Servicios del Hogar,3716.0
35877,4414,5320,F,47,1993-09-10,24,Karlovy Vary,west Bohemia,ST,35362416,SIN_ESPECIFICAR,Sin Especificar,3509.0
35878,4414,5320,F,47,1993-09-10,24,Karlovy Vary,west Bohemia,EF,88424551,UVER,Cuota de Prestamo,4051.0
35879,4415,5322,F,42,1995-07-05,73,Opava,north Moravia,AB,8593738,SIPO,Servicios del Hogar,4601.0
35880,4415,5322,F,42,1995-07-05,73,Opava,north Moravia,MN,61133015,SIN_ESPECIFICAR,Sin Especificar,3408.0
35881,4415,5322,F,42,1995-07-05,73,Opava,north Moravia,QR,19646489,POJISTNE,Pago de Seguros,77.0
35882,4415,5322,F,42,1995-07-05,73,Opava,north Moravia,OP,67352598,SIN_ESPECIFICAR,Sin Especificar,397.0
35883,4415,5322,F,42,1995-07-05,73,Opava,north Moravia,EF,42558240,UVER,Cuota de Prestamo,6170.0
35887,4418,5325,F,28,1994-02-09,66,Zdar nad Sazavou,south Moravia,ST,50905704,SIPO,Servicios del Hogar,5951.0
35888,4418,5325,F,28,1994-02-09,66,Zdar nad Sazavou,south Moravia,ST,36693310,SIN_ESPECIFICAR,Sin Especificar,186.0
35889,4418,5325,F,28,1994-02-09,66,Zdar nad Sazavou,south Moravia,UV,51602697,POJISTNE,Pago de Seguros,906.0
35890,4418,5325,F,28,1994-02-09,66,Zdar nad Sazavou,south Moravia,ST,76446610,SIN_ESPECIFICAR,Sin Especificar,1435.0
35891,4418,5325,F,28,1994-02-09,66,Zdar nad Sazavou,south Moravia,ST,73401069,LEASING,Arrendamiento / Leasing,881.0
35899,4423,5333,F,31,1995-04-26,39,Most,north Bohemia,GH,47825217,UVER,Cuota de Prestamo,2051.0
35900,4423,5333,F,31,1995-04-26,39,Most,north Bohemia,CD,4275078,SIPO,Servicios del Hogar,1277.0
35901,4423,5333,F,31,1995-04-26,39,Most,north Bohemia,QR,21013897,SIN_ESPECIFICAR,Sin Especificar,4015.0
35902,4424,5334,M,63,1996-01-29,48,Rychnov nad Kneznou,east Bohemia,MN,62918054,LEASING,Arrendamiento / Leasing,720.0
35905,4427,5337,M,37,1993-06-07,32,Ceska Lipa,north Bohemia,KL,17050731,SIPO,Servicios del Hogar,5005.0
35906,4427,5337,M,37,1993-06-07,32,Ceska Lipa,north Bohemia,CD,55410188,UVER,Cuota de Prestamo,7318.0
35917,4434,5347,M,49,1994-12-09,41,Usti nad Labem,north Bohemia,GH,7346713,LEASING,Arrendamiento / Leasing,2314.0
35918,4434,5347,M,49,1994-12-09,41,Usti nad Labem,north Bohemia,OP,390536,SIPO,Servicios del Hogar,4495.0
35922,4438,5353,F,31,1996-08-04,48,Rychnov nad Kneznou,east Bohemia,ST,41293668,LEASING,Arrendamiento / Leasing,658.0
35925,4442,5358,M,56,1996-08-08,54,Brno - mesto,south Moravia,CD,2065778,SIPO,Servicios del Hogar,8590.0
35926,4442,5358,M,56,1996-08-08,54,Brno - mesto,south Moravia,GH,64758652,LEASING,Arrendamiento / Leasing,1502.0
35931,4447,5364,M,34,1996-06-16,62,Uherske Hradiste,south Moravia,WX,55297768,UVER,Cuota de Prestamo,5354.0
35932,4448,5366,F,27,1993-06-02,60,Prostejov,south Moravia,WX,57328462,UVER,Cuota de Prestamo,5354.0
35941,4456,5376,M,28,1996-09-03,14,Ceske Budejovice,south Bohemia,IJ,41103047,UVER,Cuota de Prestamo,5354.0
35951,4462,5384,M,63,1995-12-27,73,Opava,north Moravia,AB,98249196,UVER,Cuota de Prestamo,2770.0
35956,4467,5389,M,30,1997-04-13,17,Pelhrimov,south Bohemia,UV,25870239,UVER,Cuota de Prestamo,2395.0
35957,4467,5389,M,30,1997-04-13,17,Pelhrimov,south Bohemia,QR,66281664,SIPO,Servicios del Hogar,4556.0
35964,4471,5393,M,43,1997-06-09,4,Kladno,central Bohemia,CD,9000087,LEASING,Arrendamiento / Leasing,3029.0
35965,4471,5393,M,43,1997-06-09,4,Kladno,central Bohemia,AB,60353129,SIPO,Servicios del Hogar,11318.0
35967,4473,5395,M,36,1995-10-09,45,Jicin,east Bohemia,EF,96544521,SIPO,Servicios del Hogar,5528.0
35968,4473,5395,M,36,1995-10-09,45,Jicin,east Bohemia,KL,69761729,SIN_ESPECIFICAR,Sin Especificar,3525.0
35969,4473,5395,M,36,1995-10-09,45,Jicin,east Bohemia,KL,75815641,UVER,Cuota de Prestamo,1566.0
35971,4475,5397,F,29,1997-04-16,72,Olomouc,north Moravia,YZ,70522868,LEASING,Arrendamiento / Leasing,1692.0
35972,4476,5399,F,26,1994-11-10,24,Karlovy Vary,west Bohemia,YZ,51957607,SIPO,Servicios del Hogar,3195.0
35973,4476,5399,F,26,1994-11-10,24,Karlovy Vary,west Bohemia,EF,27366185,SIN_ESPECIFICAR,Sin Especificar,912.0
35974,4476,5399,F,26,1994-11-10,24,Karlovy Vary,west Bohemia,GH,96384197,POJISTNE,Pago de Seguros,3103.0
35975,4476,5399,F,26,1994-11-10,24,Karlovy Vary,west Bohemia,UV,18494886,UVER,Cuota de Prestamo,633.0
35978,4478,5402,F,30,1993-07-23,70,Karvina,north Moravia,CD,49646252,LEASING,Arrendamiento / Leasing,707.0
36008,4503,5433,M,23,1995-01-03,50,Svitavy,east Bohemia,YZ,21099597,UVER,Cuota de Prestamo,2820.0
36020,4511,5441,M,41,1993-09-26,33,Decin,north Bohemia,WX,95965677,SIPO,Servicios del Hogar,3948.0
36021,4511,5441,M,41,1993-09-26,33,Decin,north Bohemia,EF,87421154,LEASING,Arrendamiento / Leasing,798.0
36042,4527,5461,F,30,1997-06-01,9,Nymburk,central Bohemia,QR,12378204,UVER,Cuota de Prestamo,2156.0
36048,4533,5468,F,54,1997-08-03,68,Frydek - Mistek,north Moravia,CD,10384428,UVER,Cuota de Prestamo,2254.0
36049,4533,5468,F,54,1997-08-03,68,Frydek - Mistek,north Moravia,OP,65046036,SIPO,Servicios del Hogar,10479.0
36053,4537,5472,M,42,1996-07-18,53,Blansko,south Moravia,EF,82846194,LEASING,Arrendamiento / Leasing,1352.0
36066,4550,5487,F,51,1997-02-06,56,Breclav,south Moravia,IJ,71980470,SIPO,Servicios del Hogar,1113.0
36067,4550,5487,F,51,1997-02-06,56,Breclav,south Moravia,EF,95971029,SIN_ESPECIFICAR,Sin Especificar,1607.0
36068,4550,5487,F,51,1997-02-06,56,Breclav,south Moravia,ST,19181561,POJISTNE,Pago de Seguros,424.0
36069,4550,5487,F,51,1997-02-06,56,Breclav,south Moravia,WX,30900681,UVER,Cuota de Prestamo,1022.0
36110,4576,5517,M,34,1993-06-05,27,Plzen - jih,west Bohemia,UV,20694566,UVER,Cuota de Prestamo,8339.0
36115,4580,5521,F,25,1994-08-27,9,Nymburk,central Bohemia,ST,99807279,UVER,Cuota de Prestamo,1685.0
36116,4580,5521,F,25,1994-08-27,9,Nymburk,central Bohemia,AB,90886467,SIPO,Servicios del Hogar,8723.0
36124,4585,5526,M,51,1996-06-08,27,Plzen - jih,west Bohemia,YZ,64408206,SIPO,Servicios del Hogar,4065.0
36125,4585,5526,M,51,1996-06-08,27,Plzen - jih,west Bohemia,GH,3908431,UVER,Cuota de Prestamo,1347.0
36166,4616,5563,M,22,1997-09-24,1,Hl.m. Praha,Prague,GH,74167519,UVER,Cuota de Prestamo,2779.0
36167,4616,5563,M,22,1997-09-24,1,Hl.m. Praha,Prague,WX,88828020,SIPO,Servicios del Hogar,12260.0
36170,4618,5565,F,32,1996-07-21,3,Beroun,central Bohemia,WX,54633820,UVER,Cuota de Prestamo,2779.0
36181,4626,5574,F,28,1996-06-15,9,Nymburk,central Bohemia,IJ,69861972,UVER,Cuota de Prestamo,2779.0
36189,4631,5579,M,47,1996-12-12,77,Vsetin,north Moravia,KL,39618468,UVER,Cuota de Prestamo,3647.0
36217,4650,5606,M,18,1995-10-15,4,Kladno,central Bohemia,YZ,59294611,SIPO,Servicios del Hogar,554.0
36218,4650,5606,M,18,1995-10-15,4,Kladno,central Bohemia,KL,6576216,SIN_ESPECIFICAR,Sin Especificar,2828.0
36219,4650,5606,M,18,1995-10-15,4,Kladno,central Bohemia,ST,50796478,UVER,Cuota de Prestamo,6700.0
36230,4660,5618,F,45,1997-01-03,63,Vyskov,south Moravia,QR,35342312,UVER,Cuota de Prestamo,4456.0
36231,4660,5618,F,45,1997-01-03,63,Vyskov,south Moravia,QR,85892647,SIPO,Servicios del Hogar,2121.0
36232,4660,5618,F,45,1997-01-03,63,Vyskov,south Moravia,UV,85081994,SIN_ESPECIFICAR,Sin Especificar,475.0
36233,4660,5618,F,45,1997-01-03,63,Vyskov,south Moravia,MN,76798975,POJISTNE,Pago de Seguros,437.0
36263,4681,5642,F,41,1995-08-08,70,Karvina,north Moravia,ST,8383214,UVER,Cuota de Prestamo,3388.0
36264,4681,5642,F,41,1995-08-08,70,Karvina,north Moravia,CD,50554043,SIPO,Servicios del Hogar,5016.0
36265,4681,5642,F,41,1995-08-08,70,Karvina,north Moravia,OP,30791741,SIN_ESPECIFICAR,Sin Especificar,4515.0
36325,4715,5684,F,43,1996-10-28,8,Mlada Boleslav,central Bohemia,AB,94525420,UVER,Cuota de Prestamo,4049.0
36341,4725,5699,M,48,1997-04-14,73,Opava,north Moravia,KL,46966421,UVER,Cuota de Prestamo,4674.0
36342,4725,5699,M,48,1997-04-14,73,Opava,north Moravia,KL,77940284,SIPO,Servicios del Hogar,13462.0
36345,4727,5701,F,39,1995-02-13,2,Benesov,central Bohemia,YZ,36371326,UVER,Cuota de Prestamo,4485.0
36346,4727,5701,F,39,1995-02-13,2,Benesov,central Bohemia,QR,30821961,SIPO,Servicios del Hogar,3580.0
36347,4727,5701,F,39,1995-02-13,2,Benesov,central Bohemia,UV,87424748,SIN_ESPECIFICAR,Sin Especificar,1861.0
36371,4746,5727,M,45,1997-02-21,54,Brno - mesto,south Moravia,UV,51417624,UVER,Cuota de Prestamo,3413.0
36378,4753,5736,M,45,1996-11-07,1,Hl.m. Praha,Prague,UV,96378469,LEASING,Arrendamiento / Leasing,1271.0
36413,4774,5760,M,50,1994-01-14,66,Zdar nad Sazavou,south Moravia,EF,85673802,UVER,Cuota de Prestamo,9689.0
36424,4784,5774,F,38,1997-08-08,46,Nachod,east Bohemia,CD,68459832,UVER,Cuota de Prestamo,4572.0
36443,4794,5788,M,36,1996-12-18,72,Olomouc,north Moravia,MN,92189216,SIPO,Servicios del Hogar,1922.0
36444,4794,5788,M,36,1996-12-18,72,Olomouc,north Moravia,EF,60735916,SIN_ESPECIFICAR,Sin Especificar,603.0
36445,4794,5788,M,36,1996-12-18,72,Olomouc,north Moravia,UV,85381936,POJISTNE,Pago de Seguros,3142.0
36446,4794,5788,M,36,1996-12-18,72,Olomouc,north Moravia,CD,91262608,SIN_ESPECIFICAR,Sin Especificar,1660.0
36447,4794,5788,M,36,1996-12-18,72,Olomouc,north Moravia,KL,80407201,UVER,Cuota de Prestamo,9698.0
36454,4803,5801,F,19,1996-06-08,26,Plzen - mesto,west Bohemia,UV,17711252,UVER,Cuota de Prestamo,1232.0
36489,4825,5826,M,30,1994-06-04,15,Cesky Krumlov,south Bohemia,OP,74436640,UVER,Cuota de Prestamo,1783.0
36529,4851,5858,M,46,1996-02-04,52,Usti nad Orlici,east Bohemia,MN,12253350,UVER,Cuota de Prestamo,5902.0
36530,4851,5858,M,46,1996-02-04,52,Usti nad Orlici,east Bohemia,YZ,40565508,SIPO,Servicios del Hogar,4285.0
36531,4852,5860,M,34,1995-04-13,47,Pardubice,east Bohemia,QR,23212576,SIPO,Servicios del Hogar,4794.0
36532,4852,5860,M,34,1995-04-13,47,Pardubice,east Bohemia,YZ,98242383,UVER,Cuota de Prestamo,5925.0
36539,4858,5866,F,20,1997-06-21,67,Bruntal,north Moravia,AB,67520165,UVER,Cuota de Prestamo,6983.0
36547,4863,5873,F,19,1996-03-12,5,Kolin,central Bohemia,MN,69927233,UVER,Cuota de Prestamo,6340.0
36548,4863,5873,F,19,1996-03-12,5,Kolin,central Bohemia,OP,70381557,SIPO,Servicios del Hogar,3300.0
36549,4863,5873,F,19,1996-03-12,5,Kolin,central Bohemia,QR,66434705,SIN_ESPECIFICAR,Sin Especificar,6036.0
36599,4894,5911,M,63,1993-06-20,14,Ceske Budejovice,south Bohemia,ST,81512897,UVER,Cuota de Prestamo,4876.0
36618,4907,5928,F,28,1994-02-06,42,Havlickuv Brod,east Bohemia,YZ,25638538,SIPO,Servicios del Hogar,3938.0
36619,4907,5928,F,28,1994-02-06,42,Havlickuv Brod,east Bohemia,AB,5604631,SIN_ESPECIFICAR,Sin Especificar,1253.0
36620,4907,5928,F,28,1994-02-06,42,Havlickuv Brod,east Bohemia,QR,82890259,POJISTNE,Pago de Seguros,325.0
36621,4907,5928,F,28,1994-02-06,42,Havlickuv Brod,east Bohemia,IJ,5619949,UVER,Cuota de Prestamo,2059.0
36665,4937,5965,M,47,1993-02-20,12,Pribram,central Bohemia,ST,47568672,UVER,Cuota de Prestamo,5996.0
36666,4937,5965,M,47,1993-02-20,12,Pribram,central Bohemia,OP,13841212,SIPO,Servicios del Hogar,2687.0
36667,4937,5965,M,47,1993-02-20,12,Pribram,central Bohemia,OP,43502605,SIN_ESPECIFICAR,Sin Especificar,800.0
36679,4948,5977,M,19,1995-07-29,43,Hradec Kralove,east Bohemia,KL,70243751,UVER,Cuota de Prestamo,5996.0
36680,4948,5977,M,19,1995-07-29,43,Hradec Kralove,east Bohemia,WX,39958155,SIPO,Servicios del Hogar,4710.0
36681,4949,5978,F,54,1996-10-14,33,Decin,north Bohemia,WX,44724160,UVER,Cuota de Prestamo,6040.0
36709,4969,6001,M,61,1996-08-19,60,Prostejov,south Moravia,ST,80888122,UVER,Cuota de Prestamo,2503.0
36710,4969,6001,M,61,1996-08-19,60,Prostejov,south Moravia,UV,87679707,SIPO,Servicios del Hogar,8309.0
36711,4969,6001,M,61,1996-08-19,60,Prostejov,south Moravia,AB,94635641,SIN_ESPECIFICAR,Sin Especificar,610.0
36729,4981,6015,M,25,1996-01-22,54,Brno - mesto,south Moravia,YZ,61511546,SIPO,Servicios del Hogar,4930.0
36730,4981,6015,M,25,1996-01-22,54,Brno - mesto,south Moravia,GH,9506047,UVER,Cuota de Prestamo,3736.0
36748,4994,6033,M,32,1996-01-11,1,Hl.m. Praha,Prague,MN,80840283,UVER,Cuota de Prestamo,7179.0
36749,4995,6034,M,59,1994-08-01,20,Strakonice,south Bohemia,QR,68653625,UVER,Cuota de Prestamo,3583.0
36754,4999,6039,F,40,1996-02-12,1,Hl.m. Praha,Prague,GH,95365690,UVER,Cuota de Prestamo,4589.0
36755,4999,6039,F,40,1996-02-12,1,Hl.m. Praha,Prague,WX,20009368,SIPO,Servicios del Hogar,7028.0
36756,4999,6039,F,40,1996-02-12,1,Hl.m. Praha,Prague,MN,71272724,SIN_ESPECIFICAR,Sin Especificar,6327.0
36758,5001,6042,M,35,1995-12-15,53,Blansko,south Moravia,OP,7923072,UVER,Cuota de Prestamo,4589.0
36759,5001,6042,M,35,1995-12-15,53,Blansko,south Moravia,OP,11451143,SIPO,Servicios del Hogar,9292.0
36799,5033,6077,F,18,1995-08-03,54,Brno - mesto,south Moravia,CD,73070150,SIPO,Servicios del Hogar,1820.0
36800,5033,6077,F,18,1995-08-03,54,Brno - mesto,south Moravia,QR,93854265,SIN_ESPECIFICAR,Sin Especificar,754.0
36801,5033,6077,F,18,1995-08-03,54,Brno - mesto,south Moravia,EF,12796581,POJISTNE,Pago de Seguros,2196.0
36802,5033,6077,F,18,1995-08-03,54,Brno - mesto,south Moravia,EF,25932383,UVER,Cuota de Prestamo,950.0
36851,5065,6114,F,58,1993-01-24,66,Zdar nad Sazavou,south Moravia,GH,31354725,LEASING,Arrendamiento / Leasing,1541.0
36852,5066,6115,F,45,1995-08-27,13,Rakovnik,central Bohemia,CD,56157791,UVER,Cuota de Prestamo,2569.0
36853,5066,6115,F,45,1995-08-27,13,Rakovnik,central Bohemia,OP,2258235,SIPO,Servicios del Hogar,4206.0
36854,5066,6115,F,45,1995-08-27,13,Rakovnik,central Bohemia,EF,39506387,SIN_ESPECIFICAR,Sin Especificar,1018.0
36855,5066,6115,F,45,1995-08-27,13,Rakovnik,central Bohemia,YZ,10269540,POJISTNE,Pago de Seguros,132.0
36856,5066,6115,F,45,1995-08-27,13,Rakovnik,central Bohemia,KL,45041960,SIN_ESPECIFICAR,Sin Especificar,1283.0
36866,5072,6122,F,30,1996-04-12,6,Kutna Hora,central Bohemia,CD,10877579,SIPO,Servicios del Hogar,1863.0
36867,5072,6122,F,30,1996-04-12,6,Kutna Hora,central Bohemia,EF,85992329,SIN_ESPECIFICAR,Sin Especificar,5869.0
36868,5072,6122,F,30,1996-04-12,6,Kutna Hora,central Bohemia,OP,62572306,POJISTNE,Pago de Seguros,1065.0
36869,5072,6122,F,30,1996-04-12,6,Kutna Hora,central Bohemia,OP,5224442,SIN_ESPECIFICAR,Sin Especificar,805.0
36870,5072,6122,F,30,1996-04-12,6,Kutna Hora,central Bohemia,IJ,38607579,UVER,Cuota de Prestamo,5292.0
36928,5118,6175,M,34,1995-08-05,72,Olomouc,north Moravia,GH,99441033,SIPO,Servicios del Hogar,3095.0
36929,5118,6175,M,34,1995-08-05,72,Olomouc,north Moravia,CD,97549569,SIN_ESPECIFICAR,Sin Especificar,446.0
36930,5118,6175,M,34,1995-08-05,72,Olomouc,north Moravia,CD,59396386,UVER,Cuota de Prestamo,1109.0
36934,5120,6178,F,58,1993-06-21,1,Hl.m. Praha,Prague,MN,4935771,UVER,Cuota de Prestamo,6739.0
36935,5120,6178,F,58,1993-06-21,1,Hl.m. Praha,Prague,YZ,26903707,SIPO,Servicios del Hogar,3008.0
36946,5126,6185,F,50,1995-04-03,58,Jihlava,south Moravia,YZ,63854801,SIPO,Servicios del Hogar,4208.0
36947,5126,6185,F,50,1995-04-03,58,Jihlava,south Moravia,GH,96935939,UVER,Cuota de Prestamo,424.0
36956,5133,6196,M,55,1996-12-08,68,Frydek - Mistek,north Moravia,MN,16182625,UVER,Cuota de Prestamo,4755.0
36957,5133,6196,M,55,1996-12-08,68,Frydek - Mistek,north Moravia,AB,50449115,SIPO,Servicios del Hogar,286.0
36958,5133,6196,M,55,1996-12-08,68,Frydek - Mistek,north Moravia,IJ,35177278,SIN_ESPECIFICAR,Sin Especificar,412.0
36959,5133,6196,M,55,1996-12-08,68,Frydek - Mistek,north Moravia,QR,97651743,POJISTNE,Pago de Seguros,3913.0
37012,5164,6235,M,58,1997-05-13,5,Kolin,central Bohemia,EF,54096066,SIPO,Servicios del Hogar,4261.0
37013,5164,6235,M,58,1997-05-13,5,Kolin,central Bohemia,UV,10503888,UVER,Cuota de Prestamo,621.0
37032,5180,6255,F,52,1997-02-24,54,Brno - mesto,south Moravia,WX,41377508,UVER,Cuota de Prestamo,4897.0
37033,5181,6257,F,56,1996-02-03,75,Prerov,north Moravia,WX,47686052,UVER,Cuota de Prestamo,6653.0
37059,5196,6275,M,42,1997-06-29,13,Rakovnik,central Bohemia,YZ,95793395,UVER,Cuota de Prestamo,6653.0
37060,5196,6275,M,42,1997-06-29,13,Rakovnik,central Bohemia,CD,22101694,SIPO,Servicios del Hogar,7905.0
37085,5213,6299,M,62,1995-08-18,1,Hl.m. Praha,Prague,OP,46268802,UVER,Cuota de Prestamo,6687.0
37087,5215,6301,F,49,1993-07-01,55,Brno - venkov,south Moravia,KL,58698618,SIPO,Servicios del Hogar,2.0
37088,5215,6301,F,49,1993-07-01,55,Brno - venkov,south Moravia,QR,81640040,SIN_ESPECIFICAR,Sin Especificar,5315.0
37089,5215,6301,F,49,1993-07-01,55,Brno - venkov,south Moravia,KL,3664792,POJISTNE,Pago de Seguros,372.0
37090,5215,6301,F,49,1993-07-01,55,Brno - venkov,south Moravia,QR,71636765,SIN_ESPECIFICAR,Sin Especificar,870.0
37091,5215,6301,F,49,1993-07-01,55,Brno - venkov,south Moravia,KL,79302054,UVER,Cuota de Prestamo,1219.0
37108,5228,6317,F,41,1993-06-23,77,Vsetin,north Moravia,OP,7177615,UVER,Cuota de Prestamo,7242.0
37154,5256,6349,M,26,1993-10-25,72,Olomouc,north Moravia,KL,11066365,UVER,Cuota de Prestamo,5389.0
37167,5263,6359,M,22,1995-07-14,64,Zlin,south Moravia,GH,63990634,SIPO,Servicios del Hogar,3950.0
37168,5263,6359,M,22,1995-07-14,64,Zlin,south Moravia,MN,57356619,UVER,Cuota de Prestamo,4605.0
37173,5267,6363,F,25,1996-01-12,4,Kladno,central Bohemia,MN,56727522,UVER,Cuota de Prestamo,5389.0
37177,5269,6366,M,32,1996-07-04,49,Semily,east Bohemia,UV,7043707,SIPO,Servicios del Hogar,793.0
37178,5269,6366,M,32,1996-07-04,49,Semily,east Bohemia,OP,84263461,SIN_ESPECIFICAR,Sin Especificar,7260.0
37179,5269,6366,M,32,1996-07-04,49,Semily,east Bohemia,OP,61308646,UVER,Cuota de Prestamo,1957.0
37180,5270,6367,M,28,1993-01-13,44,Chrudim,east Bohemia,CD,13973260,UVER,Cuota de Prestamo,3317.0
37196,5283,6383,M,28,1997-09-18,15,Cesky Krumlov,south Bohemia,KL,94041960,UVER,Cuota de Prestamo,3559.0
37197,5283,6383,M,28,1997-09-18,15,Cesky Krumlov,south Bohemia,YZ,67168420,SIPO,Servicios del Hogar,9649.0
37213,5290,6391,M,46,1997-07-21,34,Chomutov,north Bohemia,YZ,96250020,UVER,Cuota de Prestamo,7537.0
37214,5290,6391,M,46,1997-07-21,34,Chomutov,north Bohemia,UV,29544717,SIPO,Servicios del Hogar,6293.0
37215,5290,6391,M,46,1997-07-21,34,Chomutov,north Bohemia,WX,1615906,SIN_ESPECIFICAR,Sin Especificar,2245.0
37216,5290,6391,M,46,1997-07-21,34,Chomutov,north Bohemia,QR,95391487,POJISTNE,Pago de Seguros,1336.0
37238,5305,6408,M,42,1996-09-16,47,Pardubice,east Bohemia,MN,81407129,UVER,Cuota de Prestamo,5011.0
37251,5313,6417,M,48,1993-04-29,40,Teplice,north Bohemia,QR,80564933,UVER,Cuota de Prestamo,5011.0
37252,5313,6417,M,48,1993-04-29,40,Teplice,north Bohemia,MN,60921382,SIPO,Servicios del Hogar,5791.0
37253,5313,6417,M,48,1993-04-29,40,Teplice,north Bohemia,UV,15263599,SIN_ESPECIFICAR,Sin Especificar,1167.0
37254,5313,6417,M,48,1993-04-29,40,Teplice,north Bohemia,AB,62256020,POJISTNE,Pago de Seguros,958.0
37257,5317,6422,M,38,1996-10-20,28,Plzen - sever,west Bohemia,AB,69538569,UVER,Cuota de Prestamo,2505.0
37258,5317,6422,M,38,1996-10-20,28,Plzen - sever,west Bohemia,KL,53978085,SIPO,Servicios del Hogar,4331.0
37317,5358,6469,M,45,1995-05-18,4,Kladno,central Bohemia,ST,89332604,SIPO,Servicios del Hogar,9191.0
37318,5358,6469,M,45,1995-05-18,4,Kladno,central Bohemia,MN,3237545,UVER,Cuota de Prestamo,1139.0
37323,5362,6473,F,58,1996-09-06,76,Sumperk,north Moravia,OP,24749118,UVER,Cuota de Prestamo,4226.0
37324,5362,6473,F,58,1996-09-06,76,Sumperk,north Moravia,UV,18269801,SIPO,Servicios del Hogar,6413.0
37325,5362,6473,F,58,1996-09-06,76,Sumperk,north Moravia,IJ,23946857,SIN_ESPECIFICAR,Sin Especificar,7962.0
37339,5372,6485,F,36,1993-05-08,48,Rychnov nad Kneznou,east Bohemia,QR,4785913,LEASING,Arrendamiento / Leasing,2612.0
37361,5385,6499,M,35,1993-05-21,44,Chrudim,east Bohemia,KL,92821448,UVER,Cuota de Prestamo,2489.0
37362,5385,6499,M,35,1993-05-21,44,Chrudim,east Bohemia,YZ,67199128,SIPO,Servicios del Hogar,8754.0
37378,5395,6511,M,45,1996-04-26,47,Pardubice,east Bohemia,WX,43853229,UVER,Cuota de Prestamo,4394.0
37421,5422,6544,M,24,1994-10-22,66,Zdar nad Sazavou,south Moravia,YZ,91485505,UVER,Cuota de Prestamo,6148.0
37422,5422,6544,M,24,1994-10-22,66,Zdar nad Sazavou,south Moravia,AB,38885069,SIPO,Servicios del Hogar,832.0
37423,5422,6544,M,24,1994-10-22,66,Zdar nad Sazavou,south Moravia,WX,95722668,SIN_ESPECIFICAR,Sin Especificar,2320.0
37424,5422,6544,M,24,1994-10-22,66,Zdar nad Sazavou,south Moravia,EF,40573519,POJISTNE,Pago de Seguros,1435.0
37425,5423,6546,F,35,1993-05-02,15,Cesky Krumlov,south Bohemia,MN,48649221,LEASING,Arrendamiento / Leasing,1394.0
37426,5423,6546,F,35,1993-05-02,15,Cesky Krumlov,south Bohemia,MN,5680722,SIPO,Servicios del Hogar,446.0
37427,5423,6546,F,35,1993-05-02,15,Cesky Krumlov,south Bohemia,QR,82146298,SIN_ESPECIFICAR,Sin Especificar,8618.0
37428,5423,6546,F,35,1993-05-02,15,Cesky Krumlov,south Bohemia,AB,59710752,POJISTNE,Pago de Seguros,4068.0
37435,5428,6551,F,50,1993-04-14,24,Karlovy Vary,west Bohemia,MN,55829697,UVER,Cuota de Prestamo,7281.0
37456,5442,6567,F,20,1993-03-22,34,Chomutov,north Bohemia,CD,26435643,UVER,Cuota de Prestamo,7281.0
37457,5442,6567,F,20,1993-03-22,34,Chomutov,north Bohemia,EF,14627766,SIPO,Servicios del Hogar,8110.0
37458,5442,6567,F,20,1993-03-22,34,Chomutov,north Bohemia,MN,10828179,SIN_ESPECIFICAR,Sin Especificar,2070.0
37459,5442,6567,F,20,1993-03-22,34,Chomutov,north Bohemia,IJ,7772154,POJISTNE,Pago de Seguros,1017.0
37462,5445,6571,F,27,1997-02-19,72,Olomouc,north Moravia,QR,10110479,UVER,Cuota de Prestamo,2186.0
37463,5445,6571,F,27,1997-02-19,72,Olomouc,north Moravia,UV,2227068,SIPO,Servicios del Hogar,685.0
37464,5445,6571,F,27,1997-02-19,72,Olomouc,north Moravia,IJ,80277055,SIN_ESPECIFICAR,Sin Especificar,1439.0
37465,5445,6571,F,27,1997-02-19,72,Olomouc,north Moravia,OP,4871046,POJISTNE,Pago de Seguros,624.0
37466,5445,6571,F,27,1997-02-19,72,Olomouc,north Moravia,KL,26684844,SIN_ESPECIFICAR,Sin Especificar,859.0
37516,5477,6610,M,44,1995-12-17,57,Hodonin,south Moravia,UV,48098021,UVER,Cuota de Prestamo,7279.0
37517,5477,6610,M,44,1995-12-17,57,Hodonin,south Moravia,UV,40210610,SIPO,Servicios del Hogar,6342.0
37520,5481,6616,M,45,1993-08-16,52,Usti nad Orlici,east Bohemia,IJ,17114121,UVER,Cuota de Prestamo,4358.0
37522,5483,6619,F,55,1993-03-28,13,Rakovnik,central Bohemia,KL,24862456,LEASING,Arrendamiento / Leasing,1307.0
37560,5505,6644,F,39,1996-04-26,1,Hl.m. Praha,Prague,WX,15837931,LEASING,Arrendamiento / Leasing,2908.0
37616,5541,6691,M,56,1995-03-24,43,Hradec Kralove,east Bohemia,UV,59490781,SIPO,Servicios del Hogar,3114.0
37617,5541,6691,M,56,1995-03-24,43,Hradec Kralove,east Bohemia,QR,48447573,SIN_ESPECIFICAR,Sin Especificar,648.0
37618,5541,6691,M,56,1995-03-24,43,Hradec Kralove,east Bohemia,WX,66726541,UVER,Cuota de Prestamo,680.0
37625,5546,6698,F,46,1993-05-28,43,Hradec Kralove,east Bohemia,IJ,97723727,LEASING,Arrendamiento / Leasing,2537.0
37665,5572,6729,M,41,1997-08-11,15,Cesky Krumlov,south Bohemia,IJ,85013025,UVER,Cuota de Prestamo,2348.0
37666,5572,6729,M,41,1997-08-11,15,Cesky Krumlov,south Bohemia,KL,53127735,SIPO,Servicios del Hogar,11314.0
37668,5574,6731,M,55,1994-07-14,13,Rakovnik,central Bohemia,CD,52011740,UVER,Cuota de Prestamo,3719.0
37669,5574,6731,M,55,1994-07-14,13,Rakovnik,central Bohemia,QR,36525643,SIPO,Servicios del Hogar,11878.0
37699,5591,6749,F,55,1996-03-16,9,Nymburk,central Bohemia,ST,19205475,UVER,Cuota de Prestamo,3698.0
37700,5591,6749,F,55,1996-03-16,9,Nymburk,central Bohemia,GH,38603085,SIPO,Servicios del Hogar,323.0
37701,5591,6749,F,55,1996-03-16,9,Nymburk,central Bohemia,UV,44512021,SIN_ESPECIFICAR,Sin Especificar,2872.0
37702,5591,6749,F,55,1996-03-16,9,Nymburk,central Bohemia,OP,87980109,POJISTNE,Pago de Seguros,345.0
37703,5591,6749,F,55,1996-03-16,9,Nymburk,central Bohemia,YZ,30955463,SIN_ESPECIFICAR,Sin Especificar,2.0
37706,5593,6753,M,36,1996-02-27,15,Cesky Krumlov,south Bohemia,GH,67515390,UVER,Cuota de Prestamo,3698.0
37707,5593,6753,M,36,1996-02-27,15,Cesky Krumlov,south Bohemia,EF,48020237,SIPO,Servicios del Hogar,6049.0
37716,5602,6764,M,54,1996-07-10,19,Prachatice,south Bohemia,EF,42234236,UVER,Cuota de Prestamo,3698.0
37740,5622,6789,M,19,1993-02-08,70,Karvina,north Moravia,UV,45906978,UVER,Cuota de Prestamo,6918.0
37741,5622,6789,M,19,1993-02-08,70,Karvina,north Moravia,ST,24175644,SIPO,Servicios del Hogar,6327.0
37742,5622,6789,M,19,1993-02-08,70,Karvina,north Moravia,EF,71167778,SIN_ESPECIFICAR,Sin Especificar,573.0
37748,5628,6798,F,50,1994-06-17,61,Trebic,south Moravia,QR,30017256,UVER,Cuota de Prestamo,3757.0
37755,5632,6803,F,18,1994-11-15,5,Kolin,central Bohemia,ST,84198254,UVER,Cuota de Prestamo,4760.0
37782,5650,6829,F,35,1995-01-08,10,Praha - vychod,central Bohemia,EF,10689866,UVER,Cuota de Prestamo,4108.0
37783,5650,6829,F,35,1995-01-08,10,Praha - vychod,central Bohemia,GH,29767215,SIPO,Servicios del Hogar,10530.0
37795,5661,6844,F,27,1995-12-20,53,Blansko,south Moravia,MN,80939536,LEASING,Arrendamiento / Leasing,1654.0
37838,5692,6886,F,56,1996-02-25,66,Zdar nad Sazavou,south Moravia,AB,42425257,LEASING,Arrendamiento / Leasing,1654.0
37847,5698,6892,F,47,1997-09-04,1,Hl.m. Praha,Prague,OP,81442999,UVER,Cuota de Prestamo,2756.0
37848,5698,6892,F,47,1997-09-04,1,Hl.m. Praha,Prague,QR,64414620,SIPO,Servicios del Hogar,10120.0
37850,5700,6895,M,27,1993-07-20,42,Havlickuv Brod,east Bohemia,UV,47866308,UVER,Cuota de Prestamo,1728.0
37888,5724,6922,F,59,1995-04-19,14,Ceske Budejovice,south Bohemia,WX,9607071,UVER,Cuota de Prestamo,4845.0
37889,5724,6922,F,59,1995-04-19,14,Ceske Budejovice,south Bohemia,IJ,5197179,SIPO,Servicios del Hogar,2692.0
37890,5724,6922,F,59,1995-04-19,14,Ceske Budejovice,south Bohemia,MN,30744582,SIN_ESPECIFICAR,Sin Especificar,561.0
37891,5724,6922,F,59,1995-04-19,14,Ceske Budejovice,south Bohemia,YZ,83046674,POJISTNE,Pago de Seguros,281.0
37892,5724,6922,F,59,1995-04-19,14,Ceske Budejovice,south Bohemia,WX,21557212,SIN_ESPECIFICAR,Sin Especificar,1220.0
37906,5735,6936,F,39,1995-01-25,52,Usti nad Orlici,east Bohemia,MN,1054633,UVER,Cuota de Prestamo,4845.0
37912,5740,6944,M,28,1993-04-16,43,Hradec Kralove,east Bohemia,OP,3078049,LEASING,Arrendamiento / Leasing,2907.0
37915,5742,6946,F,28,1995-07-05,74,Ostrava - mesto,north Moravia,GH,19201743,UVER,Cuota de Prestamo,4845.0
37937,5758,6967,M,45,1997-07-28,44,Chrudim,east Bohemia,KL,97891717,UVER,Cuota de Prestamo,5701.0
37938,5758,6967,M,45,1997-07-28,44,Chrudim,east Bohemia,IJ,690603,SIPO,Servicios del Hogar,3063.0
37939,5758,6967,M,45,1997-07-28,44,Chrudim,east Bohemia,WX,15063757,SIN_ESPECIFICAR,Sin Especificar,3203.0
37940,5758,6967,M,45,1997-07-28,44,Chrudim,east Bohemia,UV,75170343,POJISTNE,Pago de Seguros,7996.0
37964,5774,6987,M,30,1995-06-08,1,Hl.m. Praha,Prague,UV,69220012,SIPO,Servicios del Hogar,1413.0
37965,5774,6987,M,30,1995-06-08,1,Hl.m. Praha,Prague,OP,39872121,SIN_ESPECIFICAR,Sin Especificar,7143.0
37966,5774,6987,M,30,1995-06-08,1,Hl.m. Praha,Prague,ST,4440504,UVER,Cuota de Prestamo,1299.0
37995,5794,7010,M,31,1995-07-14,70,Karvina,north Moravia,CD,1848161,UVER,Cuota de Prestamo,2060.0
38026,5817,7043,M,58,1996-12-10,77,Vsetin,north Moravia,WX,72341751,LEASING,Arrendamiento / Leasing,3849.0
38027,5817,7043,M,58,1996-12-10,77,Vsetin,north Moravia,QR,90788304,SIPO,Servicios del Hogar,3105.0
38028,5817,7043,M,58,1996-12-10,77,Vsetin,north Moravia,WX,85494482,SIN_ESPECIFICAR,Sin Especificar,9352.0
38053,5837,7065,F,27,1996-07-18,5,Kolin,central Bohemia,KL,80529534,UVER,Cuota de Prestamo,4939.0
38091,5868,7100,F,37,1993-02-02,44,Chrudim,east Bohemia,CD,64549314,LEASING,Arrendamiento / Leasing,1762.0
38118,5891,7127,M,41,1993-01-25,54,Brno - mesto,south Moravia,EF,95617645,UVER,Cuota de Prestamo,5432.0
38151,5912,7150,F,35,1996-10-25,45,Jicin,east Bohemia,CD,6367522,UVER,Cuota de Prestamo,3077.0
38152,5912,7150,F,35,1996-10-25,45,Jicin,east Bohemia,OP,65154915,SIPO,Servicios del Hogar,9846.0
38166,5927,7166,M,34,1993-11-26,15,Cesky Krumlov,south Bohemia,OP,95520770,UVER,Cuota de Prestamo,1817.0
38190,5944,7186,F,54,1997-06-06,27,Plzen - jih,west Bohemia,AB,49417829,SIPO,Servicios del Hogar,4685.0
38191,5944,7186,F,54,1997-06-06,27,Plzen - jih,west Bohemia,AB,50435006,UVER,Cuota de Prestamo,1640.0
38198,5952,7195,M,36,1993-09-07,50,Svitavy,east Bohemia,EF,22068012,UVER,Cuota de Prestamo,5885.0
38199,5952,7195,M,36,1993-09-07,50,Svitavy,east Bohemia,GH,68812089,SIPO,Servicios del Hogar,3028.0
38200,5952,7195,M,36,1993-09-07,50,Svitavy,east Bohemia,MN,40625691,SIN_ESPECIFICAR,Sin Especificar,1374.0
38201,5952,7195,M,36,1993-09-07,50,Svitavy,east Bohemia,YZ,2707452,POJISTNE,Pago de Seguros,3684.0
38202,5952,7195,M,36,1993-09-07,50,Svitavy,east Bohemia,WX,37493223,SIN_ESPECIFICAR,Sin Especificar,1594.0
38263,5991,7241,F,41,1993-11-21,1,Hl.m. Praha,Prague,UV,6799704,SIPO,Servicios del Hogar,1978.0
38264,5991,7241,F,41,1993-11-21,1,Hl.m. Praha,Prague,KL,83801996,SIN_ESPECIFICAR,Sin Especificar,4235.0
38265,5991,7241,F,41,1993-11-21,1,Hl.m. Praha,Prague,MN,49866914,UVER,Cuota de Prestamo,1272.0
38326,6030,7286,F,28,1993-08-24,47,Pardubice,east Bohemia,WX,18410075,UVER,Cuota de Prestamo,1177.0
38328,6034,7291,F,58,1993-03-19,6,Kutna Hora,central Bohemia,MN,6834680,UVER,Cuota de Prestamo,7742.0
38338,6040,7299,M,60,1993-04-22,1,Hl.m. Praha,Prague,UV,45750951,SIPO,Servicios del Hogar,2635.0
38339,6040,7299,M,60,1993-04-22,1,Hl.m. Praha,Prague,EF,96697401,SIN_ESPECIFICAR,Sin Especificar,1321.0
38340,6040,7299,M,60,1993-04-22,1,Hl.m. Praha,Prague,GH,15017515,POJISTNE,Pago de Seguros,5015.0
38341,6040,7299,M,60,1993-04-22,1,Hl.m. Praha,Prague,QR,12242263,UVER,Cuota de Prestamo,489.0
38359,6051,7311,M,49,1993-08-28,56,Breclav,south Moravia,AB,22275466,UVER,Cuota de Prestamo,7685.0
38373,6061,7324,F,35,1997-03-08,1,Hl.m. Praha,Prague,YZ,38191717,SIPO,Servicios del Hogar,8521.0
38374,6061,7324,F,35,1997-03-08,1,Hl.m. Praha,Prague,KL,92930179,UVER,Cuota de Prestamo,429.0
38375,6062,7325,M,23,1996-08-28,24,Karlovy Vary,west Bohemia,OP,96754401,UVER,Cuota de Prestamo,5356.0
38376,6062,7325,M,23,1996-08-28,24,Karlovy Vary,west Bohemia,KL,65052980,SIPO,Servicios del Hogar,10608.0
38395,6075,7339,F,24,1996-09-15,19,Prachatice,south Bohemia,ST,38067519,UVER,Cuota de Prestamo,8499.0
38408,6083,7348,F,21,1996-09-19,6,Kutna Hora,central Bohemia,MN,44330716,UVER,Cuota de Prestamo,7518.0
38431,6097,7366,F,25,1997-06-15,29,Rokycany,west Bohemia,WX,87940978,SIPO,Servicios del Hogar,3155.0
38432,6097,7366,F,25,1997-06-15,29,Rokycany,west Bohemia,KL,34494578,UVER,Cuota de Prestamo,728.0
38462,6118,7390,M,61,1994-03-07,1,Hl.m. Praha,Prague,UV,16368747,UVER,Cuota de Prestamo,7518.0
38500,6138,7411,F,35,1997-01-22,54,Brno - mesto,south Moravia,EF,68264150,UVER,Cuota de Prestamo,2817.0
38501,6138,7411,F,35,1997-01-22,54,Brno - mesto,south Moravia,WX,42320823,SIPO,Servicios del Hogar,10869.0
38519,6148,7422,M,40,1993-12-27,74,Ostrava - mesto,north Moravia,YZ,26888096,SIPO,Servicios del Hogar,7847.0
38520,6148,7422,M,40,1993-12-27,74,Ostrava - mesto,north Moravia,QR,40286940,UVER,Cuota de Prestamo,2490.0
38539,6157,7434,F,56,1996-11-11,34,Chomutov,north Bohemia,GH,85308313,UVER,Cuota de Prestamo,5165.0
38540,6157,7434,F,56,1996-11-11,34,Chomutov,north Bohemia,MN,97978877,SIPO,Servicios del Hogar,9523.0
38541,6158,7435,F,41,1996-05-13,67,Bruntal,north Moravia,ST,22791475,UVER,Cuota de Prestamo,5165.0
38649,6226,7521,F,38,1993-07-26,74,Ostrava - mesto,north Moravia,KL,83721154,UVER,Cuota de Prestamo,6644.0
38694,6265,7567,M,61,1996-11-01,5,Kolin,central Bohemia,WX,43599933,UVER,Cuota de Prestamo,3640.0
38695,6265,7567,M,61,1996-11-01,5,Kolin,central Bohemia,EF,11553663,SIPO,Servicios del Hogar,7274.0
38708,6273,7576,M,36,1993-07-21,38,Louny,north Bohemia,QR,34498596,UVER,Cuota de Prestamo,3640.0
38729,6289,7594,F,49,1995-04-05,64,Zlin,south Moravia,GH,34028458,UVER,Cuota de Prestamo,1785.0
38820,6353,7672,M,45,1993-11-26,26,Plzen - mesto,west Bohemia,EF,55760598,SIPO,Servicios del Hogar,586.0
38821,6353,7672,M,45,1993-11-26,26,Plzen - mesto,west Bohemia,OP,1903015,SIN_ESPECIFICAR,Sin Especificar,5984.0
38822,6353,7672,M,45,1993-11-26,26,Plzen - mesto,west Bohemia,CD,62611573,UVER,Cuota de Prestamo,1332.0
38829,6358,7678,M,36,1995-05-27,3,Beroun,central Bohemia,GH,31235045,UVER,Cuota de Prestamo,5633.0
38830,6358,7678,M,36,1995-05-27,3,Beroun,central Bohemia,EF,69701927,SIPO,Servicios del Hogar,13076.0
38837,6363,7683,M,52,1993-08-01,74,Ostrava - mesto,north Moravia,UV,2478039,UVER,Cuota de Prestamo,1459.0
38885,6397,7723,F,32,1995-03-15,48,Rychnov nad Kneznou,east Bohemia,GH,75494760,UVER,Cuota de Prestamo,3017.0
38888,6400,7727,F,40,1995-10-09,31,Tachov,west Bohemia,OP,68610131,UVER,Cuota de Prestamo,3017.0
38889,6400,7727,F,40,1995-10-09,31,Tachov,west Bohemia,OP,10098511,SIPO,Servicios del Hogar,7320.0
38890,6400,7727,F,40,1995-10-09,31,Tachov,west Bohemia,QR,30437541,SIN_ESPECIFICAR,Sin Especificar,143.0
38891,6400,7727,F,40,1995-10-09,31,Tachov,west Bohemia,EF,79846286,POJISTNE,Pago de Seguros,7396.0
38921,6425,7753,F,20,1993-03-29,31,Tachov,west Bohemia,KL,41016417,UVER,Cuota de Prestamo,3057.0
38930,6434,7765,F,40,1995-05-08,1,Hl.m. Praha,Prague,GH,56125944,UVER,Cuota de Prestamo,4589.0
38931,6434,7765,F,40,1995-05-08,1,Hl.m. Praha,Prague,EF,10144585,SIPO,Servicios del Hogar,4891.0
38936,6440,7772,F,22,1996-11-01,1,Hl.m. Praha,Prague,UV,75896376,UVER,Cuota de Prestamo,2881.0
38955,6453,7787,M,47,1996-07-27,34,Chomutov,north Bohemia,MN,92548077,SIPO,Servicios del Hogar,1514.0
38956,6453,7787,M,47,1996-07-27,34,Chomutov,north Bohemia,KL,17806643,SIN_ESPECIFICAR,Sin Especificar,695.0
38957,6453,7787,M,47,1996-07-27,34,Chomutov,north Bohemia,EF,98467659,POJISTNE,Pago de Seguros,541.0
38958,6453,7787,M,47,1996-07-27,34,Chomutov,north Bohemia,KL,10349285,UVER,Cuota de Prestamo,304.0
38965,6461,7796,F,23,1996-07-17,50,Svitavy,east Bohemia,MN,30961704,UVER,Cuota de Prestamo,4193.0
38982,6472,7814,F,22,1994-02-08,61,Trebic,south Moravia,QR,3375345,UVER,Cuota de Prestamo,3597.0
38983,6473,7815,F,52,1993-01-26,12,Pribram,central Bohemia,KL,93282901,UVER,Cuota de Prestamo,6409.0
39014,6495,7843,M,32,1996-07-23,6,Kutna Hora,central Bohemia,OP,70482468,SIPO,Servicios del Hogar,8606.0
39015,6495,7843,M,32,1996-07-23,6,Kutna Hora,central Bohemia,EF,70085698,UVER,Cuota de Prestamo,8747.0
39027,6505,7855,F,34,1997-09-13,7,Melnik,central Bohemia,WX,49671936,UVER,Cuota de Prestamo,3208.0
39032,6510,7862,M,33,1996-12-18,74,Ostrava - mesto,north Moravia,EF,50882208,UVER,Cuota de Prestamo,3208.0
39033,6511,7863,M,39,1994-06-10,72,Olomouc,north Moravia,KL,72078418,LEASING,Arrendamiento / Leasing,1925.0
39102,6555,7914,F,32,1993-03-05,38,Louny,north Bohemia,UV,80658405,UVER,Cuota de Prestamo,5900.0
39151,6592,7959,F,20,1996-10-20,1,Hl.m. Praha,Prague,QR,62818646,UVER,Cuota de Prestamo,6511.0
39152,6592,7959,F,20,1996-10-20,1,Hl.m. Praha,Prague,QR,16516280,SIPO,Servicios del Hogar,10755.0
39167,6602,7970,M,31,1997-08-04,74,Ostrava - mesto,north Moravia,GH,94580405,UVER,Cuota de Prestamo,8523.0
39177,6609,7980,M,22,1995-03-27,16,Jindrichuv Hradec,south Bohemia,ST,70020216,UVER,Cuota de Prestamo,1671.0
39178,6609,7980,M,22,1995-03-27,16,Jindrichuv Hradec,south Bohemia,UV,11188424,SIPO,Servicios del Hogar,3881.0
39179,6609,7980,M,22,1995-03-27,16,Jindrichuv Hradec,south Bohemia,GH,27650201,SIN_ESPECIFICAR,Sin Especificar,1624.0
39241,6649,8030,M,31,1995-07-08,1,Hl.m. Praha,Prague,CD,71315157,UVER,Cuota de Prestamo,1671.0
39284,6678,8064,F,32,1996-01-03,54,Brno - mesto,south Moravia,AB,46673387,UVER,Cuota de Prestamo,6133.0
39303,6686,8074,M,40,1996-02-10,61,Trebic,south Moravia,ST,36217254,UVER,Cuota de Prestamo,4854.0
39305,6688,8076,F,48,1996-06-25,16,Jindrichuv Hradec,south Bohemia,AB,1844835,SIPO,Servicios del Hogar,1753.0
39306,6688,8076,F,48,1996-06-25,16,Jindrichuv Hradec,south Bohemia,OP,24286341,SIN_ESPECIFICAR,Sin Especificar,1282.0
39307,6688,8076,F,48,1996-06-25,16,Jindrichuv Hradec,south Bohemia,AB,44432550,POJISTNE,Pago de Seguros,570.0
39308,6688,8076,F,48,1996-06-25,16,Jindrichuv Hradec,south Bohemia,EF,9123272,UVER,Cuota de Prestamo,638.0
39324,6699,8089,M,33,1996-06-08,35,Jablonec n. Nisou,north Bohemia,AB,40932357,UVER,Cuota de Prestamo,2650.0
39325,6699,8089,M,33,1996-06-08,35,Jablonec n. Nisou,north Bohemia,UV,79769712,SIPO,Servicios del Hogar,7303.0
39326,6699,8089,M,33,1996-06-08,35,Jablonec n. Nisou,north Bohemia,EF,81050043,SIN_ESPECIFICAR,Sin Especificar,5504.0
39328,6701,8091,M,27,1993-03-15,49,Semily,east Bohemia,CD,54543888,UVER,Cuota de Prestamo,2650.0
39337,6706,8096,F,19,1996-12-28,38,Louny,north Bohemia,ST,63843142,SIPO,Servicios del Hogar,1982.0
39338,6706,8096,F,19,1996-12-28,38,Louny,north Bohemia,IJ,19147312,SIN_ESPECIFICAR,Sin Especificar,671.0
39339,6706,8096,F,19,1996-12-28,38,Louny,north Bohemia,CD,23725885,POJISTNE,Pago de Seguros,815.0
39340,6706,8096,F,19,1996-12-28,38,Louny,north Bohemia,WX,83129149,UVER,Cuota de Prestamo,1081.0
39352,6715,8105,M,35,1993-09-15,48,Rychnov nad Kneznou,east Bohemia,GH,85509657,UVER,Cuota de Prestamo,2298.0
39380,6738,8130,F,22,1994-07-28,62,Uherske Hradiste,south Moravia,ST,11352903,UVER,Cuota de Prestamo,3159.0
39463,6792,8200,F,54,1996-05-11,1,Hl.m. Praha,Prague,GH,65384101,SIPO,Servicios del Hogar,3520.0
39464,6792,8200,F,54,1996-05-11,1,Hl.m. Praha,Prague,AB,20771622,SIN_ESPECIFICAR,Sin Especificar,49.0
39465,6792,8200,F,54,1996-05-11,1,Hl.m. Praha,Prague,YZ,5785042,POJISTNE,Pago de Seguros,423.0
39466,6792,8200,F,54,1996-05-11,1,Hl.m. Praha,Prague,YZ,76593392,UVER,Cuota de Prestamo,1432.0
39483,6806,8217,M,20,1993-11-26,1,Hl.m. Praha,Prague,IJ,24762851,LEASING,Arrendamiento / Leasing,2429.0
39555,6856,8276,F,19,1995-08-19,43,Hradec Kralove,east Bohemia,CD,38296979,UVER,Cuota de Prestamo,3454.0
39556,6856,8276,F,19,1995-08-19,43,Hradec Kralove,east Bohemia,CD,71201121,SIPO,Servicios del Hogar,2557.0
39557,6856,8276,F,19,1995-08-19,43,Hradec Kralove,east Bohemia,YZ,61659604,SIN_ESPECIFICAR,Sin Especificar,794.0
39558,6856,8276,F,19,1995-08-19,43,Hradec Kralove,east Bohemia,WX,70674234,POJISTNE,Pago de Seguros,6965.0
39617,6902,8333,M,32,1996-10-22,60,Prostejov,south Moravia,OP,39091980,SIPO,Servicios del Hogar,3738.0
39618,6902,8333,M,32,1996-10-22,60,Prostejov,south Moravia,YZ,4458135,SIN_ESPECIFICAR,Sin Especificar,827.0
39619,6902,8333,M,32,1996-10-22,60,Prostejov,south Moravia,ST,86353617,UVER,Cuota de Prestamo,1370.0
39629,6910,8342,M,19,1995-04-04,76,Sumperk,north Moravia,AB,23767364,LEASING,Arrendamiento / Leasing,2392.0
39646,6922,8356,M,29,1997-05-12,3,Beroun,central Bohemia,UV,54632151,UVER,Cuota de Prestamo,5812.0
39648,6924,8359,M,19,1994-06-01,74,Ostrava - mesto,north Moravia,UV,50566107,UVER,Cuota de Prestamo,4060.0
39649,6924,8359,M,19,1994-06-01,74,Ostrava - mesto,north Moravia,CD,76091629,SIPO,Servicios del Hogar,4585.0
39661,6930,8366,F,38,1993-09-08,41,Usti nad Labem,north Bohemia,WX,22201913,UVER,Cuota de Prestamo,1081.0
39689,6950,8392,F,32,1996-10-12,36,Liberec,north Bohemia,ST,88771885,SIPO,Servicios del Hogar,8561.0
39690,6950,8392,F,32,1996-10-12,36,Liberec,north Bohemia,IJ,13666057,UVER,Cuota de Prestamo,9910.0
39741,6985,8432,F,30,1995-07-27,38,Louny,north Bohemia,ST,77922910,UVER,Cuota de Prestamo,2688.0
39742,6985,8432,F,30,1995-07-27,38,Louny,north Bohemia,ST,73746818,SIPO,Servicios del Hogar,13167.0
39830,7045,8502,M,55,1996-12-26,51,Trutnov,east Bohemia,MN,36153978,UVER,Cuota de Prestamo,6015.0
39835,7049,8506,F,19,1997-10-12,69,Jesenik,north Moravia,GH,52499610,UVER,Cuota de Prestamo,8253.0
39841,7052,8510,M,51,1997-07-17,55,Brno - venkov,south Moravia,AB,10413468,UVER,Cuota de Prestamo,1777.0
39890,7082,8548,F,53,1996-09-06,57,Hodonin,south Moravia,CD,91626292,SIPO,Servicios del Hogar,6359.0
39891,7082,8548,F,53,1996-09-06,57,Hodonin,south Moravia,AB,93874412,SIN_ESPECIFICAR,Sin Especificar,1204.0
39892,7082,8548,F,53,1996-09-06,57,Hodonin,south Moravia,CD,47163563,POJISTNE,Pago de Seguros,15.0
39893,7082,8548,F,53,1996-09-06,57,Hodonin,south Moravia,AB,18123281,SIN_ESPECIFICAR,Sin Especificar,262.0
39894,7082,8548,F,53,1996-09-06,57,Hodonin,south Moravia,YZ,25515216,UVER,Cuota de Prestamo,4045.0
39924,7099,8568,F,27,1996-08-20,1,Hl.m. Praha,Prague,AB,75017177,UVER,Cuota de Prestamo,4883.0
39925,7099,8568,F,27,1996-08-20,1,Hl.m. Praha,Prague,UV,96372824,SIPO,Servicios del Hogar,236.0
39926,7099,8568,F,27,1996-08-20,1,Hl.m. Praha,Prague,QR,8235311,SIN_ESPECIFICAR,Sin Especificar,11766.0
39927,7099,8568,F,27,1996-08-20,1,Hl.m. Praha,Prague,AB,62618040,POJISTNE,Pago de Seguros,528.0
39966,7123,8598,F,41,1993-04-14,64,Zlin,south Moravia,WX,42583918,UVER,Cuota de Prestamo,3918.0
39967,7123,8598,F,41,1993-04-14,64,Zlin,south Moravia,KL,42013669,SIPO,Servicios del Hogar,14581.0
39986,7133,8610,F,50,1993-09-17,1,Hl.m. Praha,Prague,CD,49628651,SIPO,Servicios del Hogar,2683.0
39987,7133,8610,F,50,1993-09-17,1,Hl.m. Praha,Prague,YZ,28418004,SIN_ESPECIFICAR,Sin Especificar,44.0
39988,7133,8610,F,50,1993-09-17,1,Hl.m. Praha,Prague,IJ,89750158,POJISTNE,Pago de Seguros,115.0
39989,7133,8610,F,50,1993-09-17,1,Hl.m. Praha,Prague,ST,56658023,SIN_ESPECIFICAR,Sin Especificar,56.0
39990,7133,8610,F,50,1993-09-17,1,Hl.m. Praha,Prague,AB,27370810,UVER,Cuota de Prestamo,1352.0
39994,7136,8615,F,59,1995-04-09,12,Pribram,central Bohemia,ST,16474801,UVER,Cuota de Prestamo,2059.0
39995,7136,8615,F,59,1995-04-09,12,Pribram,central Bohemia,ST,35699868,SIPO,Servicios del Hogar,1080.0
39996,7136,8615,F,59,1995-04-09,12,Pribram,central Bohemia,UV,45092648,SIN_ESPECIFICAR,Sin Especificar,2235.0
39997,7136,8615,F,59,1995-04-09,12,Pribram,central Bohemia,AB,13272279,POJISTNE,Pago de Seguros,547.0
40034,7156,8636,F,57,1997-09-11,71,Novy Jicin,north Moravia,MN,60879224,UVER,Cuota de Prestamo,2062.0
40065,7176,8661,F,44,1996-12-07,1,Hl.m. Praha,Prague,KL,12137484,SIPO,Servicios del Hogar,6110.0
40066,7176,8661,F,44,1996-12-07,1,Hl.m. Praha,Prague,CD,11141997,UVER,Cuota de Prestamo,3399.0
40071,7180,8666,F,27,1997-06-12,7,Melnik,central Bohemia,YZ,5624032,UVER,Cuota de Prestamo,4157.0
40072,7180,8666,F,27,1997-06-12,7,Melnik,central Bohemia,ST,71244883,SIPO,Servicios del Hogar,8089.0
40073,7181,8667,F,31,1996-07-02,77,Vsetin,north Moravia,KL,76611220,UVER,Cuota de Prestamo,4157.0
40074,7181,8667,F,31,1996-07-02,77,Vsetin,north Moravia,UV,66605192,SIPO,Servicios del Hogar,5030.0
40075,7181,8667,F,31,1996-07-02,77,Vsetin,north Moravia,OP,86960434,SIN_ESPECIFICAR,Sin Especificar,421.0
40076,7181,8667,F,31,1996-07-02,77,Vsetin,north Moravia,IJ,99126499,POJISTNE,Pago de Seguros,16.0
40077,7181,8667,F,31,1996-07-02,77,Vsetin,north Moravia,OP,40795511,SIN_ESPECIFICAR,Sin Especificar,514.0
40084,7184,8670,F,55,1995-06-19,5,Kolin,central Bohemia,GH,64944064,SIPO,Servicios del Hogar,3434.0
40085,7184,8670,F,55,1995-06-19,5,Kolin,central Bohemia,AB,5196965,SIN_ESPECIFICAR,Sin Especificar,1879.0
40086,7184,8670,F,55,1995-06-19,5,Kolin,central Bohemia,QR,43513906,POJISTNE,Pago de Seguros,691.0
40087,7184,8670,F,55,1995-06-19,5,Kolin,central Bohemia,EF,15510481,SIN_ESPECIFICAR,Sin Especificar,276.0
40088,7184,8670,F,55,1995-06-19,5,Kolin,central Bohemia,AB,95096921,UVER,Cuota de Prestamo,6485.0
40099,7190,8677,M,43,1993-09-06,49,Semily,east Bohemia,WX,11074567,SIPO,Servicios del Hogar,5394.0
40100,7190,8677,M,43,1993-09-06,49,Semily,east Bohemia,MN,63233262,UVER,Cuota de Prestamo,1056.0
40158,7231,8726,M,45,1993-03-14,10,Praha - vychod,central Bohemia,CD,3170419,LEASING,Arrendamiento / Leasing,2283.0
40169,7240,8737,F,50,1996-04-23,17,Pelhrimov,south Bohemia,WX,51813179,UVER,Cuota de Prestamo,2536.0
40170,7240,8737,F,50,1996-04-23,17,Pelhrimov,south Bohemia,QR,38210588,SIPO,Servicios del Hogar,9136.0
40207,7262,8764,F,58,1996-08-30,70,Karvina,north Moravia,EF,83855402,SIPO,Servicios del Hogar,1900.0
40208,7262,8764,F,58,1996-08-30,70,Karvina,north Moravia,UV,4781288,SIN_ESPECIFICAR,Sin Especificar,6875.0
40209,7262,8764,F,58,1996-08-30,70,Karvina,north Moravia,UV,99959164,UVER,Cuota de Prestamo,1221.0
40226,7274,8777,F,45,1997-09-28,11,Praha - zapad,central Bohemia,WX,91164630,UVER,Cuota de Prestamo,4087.0
40227,7274,8777,F,45,1997-09-28,11,Praha - zapad,central Bohemia,WX,33532422,SIPO,Servicios del Hogar,4603.0
40328,7401,9173,M,53,1993-02-26,1,Hl.m. Praha,Prague,ST,89597016,UVER,Cuota de Prestamo,3373.0
40329,7401,9173,M,53,1993-02-26,1,Hl.m. Praha,Prague,QR,13943797,SIPO,Servicios del Hogar,7266.0
40349,7418,9196,F,59,1995-04-07,21,Tabor,south Bohemia,QR,14132368,UVER,Cuota de Prestamo,2523.0
40357,7424,9202,M,36,1996-07-28,68,Frydek - Mistek,north Moravia,YZ,1301700,UVER,Cuota de Prestamo,2523.0
40358,7424,9202,M,36,1996-07-28,68,Frydek - Mistek,north Moravia,IJ,4896235,SIPO,Servicios del Hogar,6817.0
40359,7424,9202,M,36,1996-07-28,68,Frydek - Mistek,north Moravia,AB,79838293,SIN_ESPECIFICAR,Sin Especificar,1110.0
40360,7424,9202,M,36,1996-07-28,68,Frydek - Mistek,north Moravia,WX,52864879,POJISTNE,Pago de Seguros,164.0
40381,7437,9217,F,58,1997-08-08,19,Prachatice,south Bohemia,QR,79067885,UVER,Cuota de Prestamo,2307.0
40382,7437,9217,F,58,1997-08-08,19,Prachatice,south Bohemia,EF,2692229,SIPO,Servicios del Hogar,6901.0
40383,7437,9217,F,58,1997-08-08,19,Prachatice,south Bohemia,KL,83435654,SIN_ESPECIFICAR,Sin Especificar,231.0
40384,7437,9217,F,58,1997-08-08,19,Prachatice,south Bohemia,OP,64685678,POJISTNE,Pago de Seguros,228.0
40395,7445,9226,F,59,1993-03-18,64,Zlin,south Moravia,WX,21391058,UVER,Cuota de Prestamo,2307.0
40410,7454,9236,F,42,1993-04-19,4,Kladno,central Bohemia,QR,96140414,SIPO,Servicios del Hogar,2306.0
40411,7454,9236,F,42,1993-04-19,4,Kladno,central Bohemia,AB,52242457,SIN_ESPECIFICAR,Sin Especificar,471.0
40412,7454,9236,F,42,1993-04-19,4,Kladno,central Bohemia,QR,90570520,UVER,Cuota de Prestamo,1319.0
40429,7465,9250,M,35,1996-12-19,1,Hl.m. Praha,Prague,ST,28778660,LEASING,Arrendamiento / Leasing,1061.0
40430,7465,9250,M,35,1996-12-19,1,Hl.m. Praha,Prague,ST,29852605,SIPO,Servicios del Hogar,1391.0
40431,7465,9250,M,35,1996-12-19,1,Hl.m. Praha,Prague,CD,49864357,SIN_ESPECIFICAR,Sin Especificar,2850.0
40432,7465,9250,M,35,1996-12-19,1,Hl.m. Praha,Prague,OP,112665,POJISTNE,Pago de Seguros,302.0
40433,7465,9250,M,35,1996-12-19,1,Hl.m. Praha,Prague,MN,72408258,SIN_ESPECIFICAR,Sin Especificar,2527.0
40462,7485,9273,F,43,1993-07-28,39,Most,north Bohemia,OP,40248417,UVER,Cuota de Prestamo,3800.0
40463,7485,9273,F,43,1993-07-28,39,Most,north Bohemia,UV,56684088,SIPO,Servicios del Hogar,10279.0
40465,7487,9276,M,52,1995-10-01,4,Kladno,central Bohemia,ST,72582745,LEASING,Arrendamiento / Leasing,2280.0
40466,7487,9276,M,52,1995-10-01,4,Kladno,central Bohemia,IJ,21018159,SIPO,Servicios del Hogar,7329.0
40467,7487,9276,M,52,1995-10-01,4,Kladno,central Bohemia,KL,47784578,SIN_ESPECIFICAR,Sin Especificar,4792.0
40524,7523,9316,F,40,1994-08-29,63,Vyskov,south Moravia,QR,92478555,UVER,Cuota de Prestamo,8013.0
40559,7542,9340,M,31,1996-05-16,54,Brno - mesto,south Moravia,OP,63780206,SIPO,Servicios del Hogar,3683.0
40560,7542,9340,M,31,1996-05-16,54,Brno - mesto,south Moravia,UV,94022273,SIN_ESPECIFICAR,Sin Especificar,3389.0
40561,7542,9340,M,31,1996-05-16,54,Brno - mesto,south Moravia,CD,1739269,UVER,Cuota de Prestamo,9847.0
40565,7546,9346,M,26,1994-09-03,43,Hradec Kralove,east Bohemia,AB,36362540,UVER,Cuota de Prestamo,3496.0
40566,7546,9346,M,26,1994-09-03,43,Hradec Kralove,east Bohemia,EF,8914953,SIPO,Servicios del Hogar,3861.0
40567,7546,9346,M,26,1994-09-03,43,Hradec Kralove,east Bohemia,ST,87915062,SIN_ESPECIFICAR,Sin Especificar,198.0
40568,7546,9346,M,26,1994-09-03,43,Hradec Kralove,east Bohemia,ST,3298998,POJISTNE,Pago de Seguros,49.0
40588,7559,9362,F,25,1997-05-24,56,Breclav,south Moravia,YZ,78349375,SIPO,Servicios del Hogar,4112.0
40589,7559,9362,F,25,1997-05-24,56,Breclav,south Moravia,GH,48709929,UVER,Cuota de Prestamo,1066.0
40593,7562,9366,M,23,1995-01-17,72,Olomouc,north Moravia,YZ,13822353,UVER,Cuota de Prestamo,6450.0
40597,7565,9370,M,23,1996-04-02,59,Kromeriz,south Moravia,EF,61455482,UVER,Cuota de Prestamo,3198.0
40598,7565,9370,M,23,1996-04-02,59,Kromeriz,south Moravia,GH,98498379,SIPO,Servicios del Hogar,6649.0
40599,7565,9370,M,23,1996-04-02,59,Kromeriz,south Moravia,MN,24854338,SIN_ESPECIFICAR,Sin Especificar,228.0
40635,7594,9403,M,24,1996-02-16,16,Jindrichuv Hradec,south Bohemia,QR,61969953,UVER,Cuota de Prestamo,2718.0
40636,7594,9403,M,24,1996-02-16,16,Jindrichuv Hradec,south Bohemia,YZ,48485803,SIPO,Servicios del Hogar,2302.0
40637,7594,9403,M,24,1996-02-16,16,Jindrichuv Hradec,south Bohemia,MN,40380853,SIN_ESPECIFICAR,Sin Especificar,2165.0
40638,7594,9403,M,24,1996-02-16,16,Jindrichuv Hradec,south Bohemia,WX,62343466,POJISTNE,Pago de Seguros,1347.0
40639,7594,9403,M,24,1996-02-16,16,Jindrichuv Hradec,south Bohemia,IJ,4607093,SIN_ESPECIFICAR,Sin Especificar,210.0
40654,7606,9417,M,49,1995-03-15,21,Tabor,south Bohemia,MN,80371361,UVER,Cuota de Prestamo,3198.0
40655,7606,9417,M,49,1995-03-15,21,Tabor,south Bohemia,AB,99149345,SIPO,Servicios del Hogar,4268.0
40656,7606,9417,M,49,1995-03-15,21,Tabor,south Bohemia,CD,41400957,SIN_ESPECIFICAR,Sin Especificar,5856.0
40657,7607,9418,M,48,1993-09-05,1,Hl.m. Praha,Prague,KL,40659213,SIPO,Servicios del Hogar,6020.0
40658,7607,9418,M,48,1993-09-05,1,Hl.m. Praha,Prague,GH,90159475,UVER,Cuota de Prestamo,1322.0
40671,7614,9427,F,28,1995-02-08,62,Uherske Hradiste,south Moravia,WX,54133033,UVER,Cuota de Prestamo,6679.0
40675,7618,9433,F,53,1995-06-13,72,Olomouc,north Moravia,AB,12091774,LEASING,Arrendamiento / Leasing,2362.0
40694,7632,9450,F,55,1996-09-22,68,Frydek - Mistek,north Moravia,KL,82218134,SIPO,Servicios del Hogar,9629.0
40695,7632,9450,F,55,1996-09-22,68,Frydek - Mistek,north Moravia,WX,61472195,UVER,Cuota de Prestamo,3551.0
40702,7636,9456,F,57,1996-10-08,40,Teplice,north Bohemia,KL,97231417,UVER,Cuota de Prestamo,3532.0
40703,7636,9456,F,57,1996-10-08,40,Teplice,north Bohemia,CD,96037745,SIPO,Servicios del Hogar,3077.0
40704,7636,9456,F,57,1996-10-08,40,Teplice,north Bohemia,CD,10650349,SIN_ESPECIFICAR,Sin Especificar,325.0
40705,7637,9457,M,20,1996-08-19,46,Nachod,east Bohemia,GH,40997958,SIPO,Servicios del Hogar,9397.0
40706,7637,9457,M,20,1996-08-19,46,Nachod,east Bohemia,YZ,40161162,UVER,Cuota de Prestamo,8127.0
40758,7674,9505,M,40,1996-07-21,1,Hl.m. Praha,Prague,GH,13693094,UVER,Cuota de Prestamo,3937.0
40759,7674,9505,M,40,1996-07-21,1,Hl.m. Praha,Prague,ST,57784575,SIPO,Servicios del Hogar,1477.0
40760,7674,9505,M,40,1996-07-21,1,Hl.m. Praha,Prague,YZ,18857425,SIN_ESPECIFICAR,Sin Especificar,7383.0
40815,7713,9546,F,43,1996-05-25,50,Svitavy,east Bohemia,UV,76325124,UVER,Cuota de Prestamo,3674.0
40816,7713,9546,F,43,1996-05-25,50,Svitavy,east Bohemia,ST,45360702,SIPO,Servicios del Hogar,8418.0
40827,7721,9555,F,51,1997-07-03,13,Rakovnik,central Bohemia,IJ,35142588,UVER,Cuota de Prestamo,3788.0
40846,7733,9569,F,48,1996-07-08,19,Prachatice,south Bohemia,EF,37232846,UVER,Cuota de Prestamo,5836.0
40865,7745,9582,F,56,1996-11-29,2,Benesov,central Bohemia,WX,97571604,UVER,Cuota de Prestamo,2154.0
40866,7745,9582,F,56,1996-11-29,2,Benesov,central Bohemia,WX,99381535,SIPO,Servicios del Hogar,10160.0
40883,7753,9593,F,30,1993-02-08,74,Ostrava - mesto,north Moravia,GH,62899923,UVER,Cuota de Prestamo,2154.0
40897,7765,9606,M,49,1994-07-10,52,Usti nad Orlici,east Bohemia,IJ,74587321,UVER,Cuota de Prestamo,2332.0
40898,7765,9606,M,49,1994-07-10,52,Usti nad Orlici,east Bohemia,EF,75713848,SIPO,Servicios del Hogar,8217.0
40906,7769,9611,M,40,1993-10-03,23,Cheb,west Bohemia,OP,57404768,UVER,Cuota de Prestamo,4085.0
40910,7774,9616,M,36,1993-09-14,74,Ostrava - mesto,north Moravia,KL,75218081,LEASING,Arrendamiento / Leasing,1002.0
40947,7795,9641,M,53,1995-01-05,64,Zlin,south Moravia,AB,32384473,UVER,Cuota de Prestamo,6202.0
40975,7815,9663,M,53,1995-04-09,19,Prachatice,south Bohemia,MN,67844575,UVER,Cuota de Prestamo,7904.0
40976,7815,9663,M,53,1995-04-09,19,Prachatice,south Bohemia,KL,1201522,SIPO,Servicios del Hogar,1475.0
40977,7815,9663,M,53,1995-04-09,19,Prachatice,south Bohemia,ST,1738054,SIN_ESPECIFICAR,Sin Especificar,268.0
40978,7815,9663,M,53,1995-04-09,19,Prachatice,south Bohemia,IJ,92419248,POJISTNE,Pago de Seguros,2197.0
40987,7819,9670,M,50,1993-08-01,38,Louny,north Bohemia,KL,64831554,SIPO,Servicios del Hogar,1953.0
40988,7819,9670,M,50,1993-08-01,38,Louny,north Bohemia,MN,77821957,SIN_ESPECIFICAR,Sin Especificar,733.0
40989,7819,9670,M,50,1993-08-01,38,Louny,north Bohemia,CD,46939146,POJISTNE,Pago de Seguros,1296.0
40990,7819,9670,M,50,1993-08-01,38,Louny,north Bohemia,WX,14313167,SIN_ESPECIFICAR,Sin Especificar,1721.0
40991,7819,9670,M,50,1993-08-01,38,Louny,north Bohemia,UV,847703,UVER,Cuota de Prestamo,434.0
40999,7824,9675,F,28,1994-05-17,60,Prostejov,south Moravia,KL,63899862,UVER,Cuota de Prestamo,7904.0
41000,7824,9675,F,28,1994-05-17,60,Prostejov,south Moravia,ST,63655739,SIPO,Servicios del Hogar,2156.0
41001,7824,9675,F,28,1994-05-17,60,Prostejov,south Moravia,GH,44470602,SIN_ESPECIFICAR,Sin Especificar,1525.0
41042,7844,9702,F,47,1993-11-26,1,Hl.m. Praha,Prague,UV,97729610,UVER,Cuota de Prestamo,3816.0
41059,7857,9715,F,21,1993-08-04,75,Prerov,north Moravia,WX,74962877,UVER,Cuota de Prestamo,5676.0
41060,7857,9715,F,21,1993-08-04,75,Prerov,north Moravia,EF,68440097,SIPO,Servicios del Hogar,8157.0
41061,7857,9715,F,21,1993-08-04,75,Prerov,north Moravia,MN,40089714,SIN_ESPECIFICAR,Sin Especificar,1042.0
41062,7857,9715,F,21,1993-08-04,75,Prerov,north Moravia,KL,92092263,POJISTNE,Pago de Seguros,137.0
41064,7859,9717,F,46,1995-03-14,52,Usti nad Orlici,east Bohemia,UV,4752576,UVER,Cuota de Prestamo,6010.0
41066,7861,9721,M,44,1995-04-22,34,Chomutov,north Bohemia,GH,21743178,SIPO,Servicios del Hogar,8400.0
41067,7861,9721,M,44,1995-04-22,34,Chomutov,north Bohemia,OP,58806037,SIN_ESPECIFICAR,Sin Especificar,400.0
41068,7861,9721,M,44,1995-04-22,34,Chomutov,north Bohemia,WX,69198441,POJISTNE,Pago de Seguros,26.0
41069,7861,9721,M,44,1995-04-22,34,Chomutov,north Bohemia,MN,77948432,SIN_ESPECIFICAR,Sin Especificar,131.0
41070,7861,9721,M,44,1995-04-22,34,Chomutov,north Bohemia,WX,68080514,UVER,Cuota de Prestamo,607.0
41106,7890,9755,F,47,1996-03-26,23,Cheb,west Bohemia,ST,40316993,SIPO,Servicios del Hogar,4304.0
41107,7890,9755,F,47,1996-03-26,23,Cheb,west Bohemia,WX,15278214,UVER,Cuota de Prestamo,1653.0
41111,7894,9760,M,29,1996-04-09,27,Plzen - jih,west Bohemia,CD,54257065,UVER,Cuota de Prestamo,4254.0
41112,7894,9760,M,29,1996-04-09,27,Plzen - jih,west Bohemia,ST,28510761,SIPO,Servicios del Hogar,4780.0
41113,7894,9760,M,29,1996-04-09,27,Plzen - jih,west Bohemia,ST,49265408,SIN_ESPECIFICAR,Sin Especificar,2705.0
41131,7907,9775,M,38,1996-07-27,70,Karvina,north Moravia,EF,4643744,UVER,Cuota de Prestamo,8116.0
41132,7907,9775,M,38,1996-07-27,70,Karvina,north Moravia,IJ,24488801,SIPO,Servicios del Hogar,6327.0
41168,7926,9798,F,48,1996-06-09,69,Jesenik,north Moravia,GH,19511139,UVER,Cuota de Prestamo,3505.0
41214,7957,9833,M,34,1995-09-07,51,Trutnov,east Bohemia,YZ,74890845,UVER,Cuota de Prestamo,3575.0
41215,7957,9833,M,34,1995-09-07,51,Trutnov,east Bohemia,WX,45545804,SIPO,Servicios del Hogar,6164.0
41216,7957,9833,M,34,1995-09-07,51,Trutnov,east Bohemia,EF,66945707,SIN_ESPECIFICAR,Sin Especificar,6055.0
41230,7965,9844,M,53,1993-11-08,55,Brno - venkov,south Moravia,YZ,98081868,UVER,Cuota de Prestamo,5955.0
41231,7965,9844,M,53,1993-11-08,55,Brno - venkov,south Moravia,IJ,47610610,SIPO,Servicios del Hogar,7268.0
41232,7966,9846,F,31,1996-12-27,54,Brno - mesto,south Moravia,MN,70140522,UVER,Cuota de Prestamo,7888.0
41266,7990,9872,F,31,1996-08-30,9,Nymburk,central Bohemia,AB,48107528,UVER,Cuota de Prestamo,3020.0
41267,7990,9872,F,31,1996-08-30,9,Nymburk,central Bohemia,IJ,79489946,SIPO,Servicios del Hogar,7158.0
41276,7997,9880,F,28,1996-04-25,10,Praha - vychod,central Bohemia,ST,41260135,UVER,Cuota de Prestamo,6694.0
41316,8026,9914,M,56,1997-03-23,36,Liberec,north Bohemia,GH,42597097,UVER,Cuota de Prestamo,3563.0
41317,8027,9915,M,31,1993-07-07,44,Chrudim,east Bohemia,CD,58650100,UVER,Cuota de Prestamo,6470.0
41332,8038,9929,F,31,1996-08-17,47,Pardubice,east Bohemia,AB,66150927,SIPO,Servicios del Hogar,5215.0
41333,8038,9929,F,31,1996-08-17,47,Pardubice,east Bohemia,QR,85338079,UVER,Cuota de Prestamo,1494.0
41334,8039,9930,M,26,1995-12-17,9,Nymburk,central Bohemia,UV,23606485,UVER,Cuota de Prestamo,3901.0
41335,8039,9930,M,26,1995-12-17,9,Nymburk,central Bohemia,AB,63169944,SIPO,Servicios del Hogar,1074.0
41336,8039,9930,M,26,1995-12-17,9,Nymburk,central Bohemia,MN,52981835,SIN_ESPECIFICAR,Sin Especificar,610.0
41337,8039,9930,M,26,1995-12-17,9,Nymburk,central Bohemia,IJ,3321844,POJISTNE,Pago de Seguros,3231.0
41339,8041,9933,M,57,1993-10-10,1,Hl.m. Praha,Prague,UV,52271634,UVER,Cuota de Prestamo,3901.0
41351,8051,9945,F,30,1993-02-07,1,Hl.m. Praha,Prague,AB,43162244,UVER,Cuota de Prestamo,4340.0
41380,8073,9973,F,53,1993-09-03,24,Karlovy Vary,west Bohemia,OP,7434404,UVER,Cuota de Prestamo,4110.0
41381,8073,9973,F,53,1993-09-03,24,Karlovy Vary,west Bohemia,GH,14566856,SIPO,Servicios del Hogar,695.0
41382,8073,9973,F,53,1993-09-03,24,Karlovy Vary,west Bohemia,IJ,4501516,SIN_ESPECIFICAR,Sin Especificar,11567.0
41406,8085,9987,F,48,1996-04-08,73,Opava,north Moravia,ST,4945105,UVER,Cuota de Prestamo,4340.0
41407,8085,9987,F,48,1996-04-08,73,Opava,north Moravia,KL,18004334,SIPO,Servicios del Hogar,916.0
41408,8085,9987,F,48,1996-04-08,73,Opava,north Moravia,KL,82082688,SIN_ESPECIFICAR,Sin Especificar,10965.0
41415,8092,9995,M,40,1995-01-11,54,Brno - mesto,south Moravia,ST,92639082,SIPO,Servicios del Hogar,6216.0
41416,8092,9995,M,40,1995-01-11,54,Brno - mesto,south Moravia,QR,98730998,UVER,Cuota de Prestamo,935.0
41418,8094,9997,M,36,1996-11-24,67,Bruntal,north Moravia,UV,16097522,UVER,Cuota de Prestamo,6123.0
41419,8094,9997,M,36,1996-11-24,67,Bruntal,north Moravia,CD,81951832,SIPO,Servicios del Hogar,5665.0
41452,8114,10023,F,25,1995-10-14,59,Kromeriz,south Moravia,MN,69633596,SIPO,Servicios del Hogar,5958.0
41453,8114,10023,F,25,1995-10-14,59,Kromeriz,south Moravia,GH,65448498,SIN_ESPECIFICAR,Sin Especificar,494.0
41454,8114,10023,F,25,1995-10-14,59,Kromeriz,south Moravia,EF,93537979,UVER,Cuota de Prestamo,1655.0
41468,8127,10040,F,30,1994-10-13,37,Litomerice,north Bohemia,AB,15843767,UVER,Cuota de Prestamo,6495.0
41469,8127,10040,F,30,1994-10-13,37,Litomerice,north Bohemia,IJ,10767406,SIPO,Servicios del Hogar,8305.0
41471,8129,10043,M,33,1993-06-26,45,Jicin,east Bohemia,AB,67742585,SIPO,Servicios del Hogar,6184.0
41472,8129,10043,M,33,1993-06-26,45,Jicin,east Bohemia,KL,34254557,UVER,Cuota de Prestamo,2076.0
41501,8149,10066,F,35,1997-05-14,64,Zlin,south Moravia,IJ,85080247,UVER,Cuota de Prestamo,4190.0
41507,8153,10070,M,24,1997-07-02,9,Nymburk,central Bohemia,IJ,48735177,LEASING,Arrendamiento / Leasing,1994.0
41512,8158,10075,M,34,1996-06-16,48,Rychnov nad Kneznou,east Bohemia,QR,37226617,UVER,Cuota de Prestamo,6631.0
41513,8158,10075,M,34,1996-06-16,48,Rychnov nad Kneznou,east Bohemia,UV,88843780,SIPO,Servicios del Hogar,9538.0
41514,8158,10075,M,34,1996-06-16,48,Rychnov nad Kneznou,east Bohemia,OP,99838619,SIN_ESPECIFICAR,Sin Especificar,2148.0
41515,8159,10076,F,29,1995-02-08,26,Plzen - mesto,west Bohemia,WX,6845528,SIPO,Servicios del Hogar,3034.0
41516,8159,10076,F,29,1995-02-08,26,Plzen - mesto,west Bohemia,QR,17476857,SIN_ESPECIFICAR,Sin Especificar,1552.0
41517,8159,10076,F,29,1995-02-08,26,Plzen - mesto,west Bohemia,GH,50695323,UVER,Cuota de Prestamo,1241.0
41532,8169,10090,F,18,1995-11-28,29,Rokycany,west Bohemia,WX,75957637,SIPO,Servicios del Hogar,2148.0
41533,8169,10090,F,18,1995-11-28,29,Rokycany,west Bohemia,GH,17758477,SIN_ESPECIFICAR,Sin Especificar,3575.0
41534,8169,10090,F,18,1995-11-28,29,Rokycany,west Bohemia,IJ,33620470,UVER,Cuota de Prestamo,1633.0
41538,8173,10095,F,22,1993-07-05,11,Praha - zapad,central Bohemia,MN,9593391,UVER,Cuota de Prestamo,6695.0
41592,8212,10145,F,33,1993-08-21,52,Usti nad Orlici,east Bohemia,AB,97101723,LEASING,Arrendamiento / Leasing,1280.0
41606,8225,10159,M,60,1996-12-07,50,Svitavy,east Bohemia,ST,69110774,UVER,Cuota de Prestamo,3017.0
41652,8260,10198,M,22,1993-03-24,31,Tachov,west Bohemia,QR,25747537,UVER,Cuota de Prestamo,6239.0
41653,8261,10200,F,18,1993-05-12,13,Rakovnik,central Bohemia,AB,89613669,UVER,Cuota de Prestamo,3660.0
41654,8261,10200,F,18,1993-05-12,13,Rakovnik,central Bohemia,GH,72995984,SIPO,Servicios del Hogar,1915.0
41655,8261,10200,F,18,1993-05-12,13,Rakovnik,central Bohemia,YZ,66767722,SIN_ESPECIFICAR,Sin Especificar,413.0
41656,8261,10200,F,18,1993-05-12,13,Rakovnik,central Bohemia,OP,24150228,POJISTNE,Pago de Seguros,646.0
41657,8261,10200,F,18,1993-05-12,13,Rakovnik,central Bohemia,KL,89226317,SIN_ESPECIFICAR,Sin Especificar,2163.0
41666,8268,10209,M,23,1996-09-19,59,Kromeriz,south Moravia,YZ,74354535,SIPO,Servicios del Hogar,1999.0
41667,8268,10209,M,23,1996-09-19,59,Kromeriz,south Moravia,UV,88068616,SIN_ESPECIFICAR,Sin Especificar,5870.0
41668,8268,10209,M,23,1996-09-19,59,Kromeriz,south Moravia,ST,69461178,UVER,Cuota de Prestamo,359.0
41742,8316,10269,F,58,1994-06-04,70,Karvina,north Moravia,ST,47769522,UVER,Cuota de Prestamo,5616.0
41746,8320,10273,F,40,1997-01-19,51,Trutnov,east Bohemia,UV,30686378,UVER,Cuota de Prestamo,5161.0
41747,8320,10273,F,40,1997-01-19,51,Trutnov,east Bohemia,KL,9010935,SIPO,Servicios del Hogar,9105.0
41748,8321,10275,F,28,1993-04-12,77,Vsetin,north Moravia,WX,27547550,SIPO,Servicios del Hogar,7041.0
41749,8321,10275,F,28,1993-04-12,77,Vsetin,north Moravia,AB,48114669,UVER,Cuota de Prestamo,1484.0
41754,8327,10282,M,19,1995-08-08,1,Hl.m. Praha,Prague,IJ,33872771,UVER,Cuota de Prestamo,5161.0
41755,8327,10282,M,19,1995-08-08,1,Hl.m. Praha,Prague,UV,66402190,SIPO,Servicios del Hogar,4104.0
41756,8327,10282,M,19,1995-08-08,1,Hl.m. Praha,Prague,QR,54091328,SIN_ESPECIFICAR,Sin Especificar,2539.0
41760,8330,10287,F,36,1993-03-28,48,Rychnov nad Kneznou,east Bohemia,EF,78180604,SIPO,Servicios del Hogar,3708.0
41761,8330,10287,F,36,1993-03-28,48,Rychnov nad Kneznou,east Bohemia,EF,4814380,UVER,Cuota de Prestamo,319.0
41778,8341,10303,M,36,1996-12-27,64,Zlin,south Moravia,OP,92974847,LEASING,Arrendamiento / Leasing,1303.0
41827,8377,10350,F,37,1993-11-20,29,Rokycany,west Bohemia,QR,64508902,UVER,Cuota de Prestamo,6951.0
41828,8377,10350,F,37,1993-11-20,29,Rokycany,west Bohemia,QR,50940710,SIPO,Servicios del Hogar,1172.0
41829,8377,10350,F,37,1993-11-20,29,Rokycany,west Bohemia,MN,65432101,SIN_ESPECIFICAR,Sin Especificar,5018.0
41834,8381,10355,F,22,1996-09-17,14,Ceske Budejovice,south Bohemia,IJ,59746819,UVER,Cuota de Prestamo,6951.0
41835,8381,10355,F,22,1996-09-17,14,Ceske Budejovice,south Bohemia,AB,88732933,SIPO,Servicios del Hogar,740.0
41836,8381,10355,F,22,1996-09-17,14,Ceske Budejovice,south Bohemia,QR,19546556,SIN_ESPECIFICAR,Sin Especificar,8039.0
41881,8405,10382,F,33,1994-05-10,20,Strakonice,south Bohemia,YZ,84832042,SIPO,Servicios del Hogar,410.0
41882,8405,10382,F,33,1994-05-10,20,Strakonice,south Bohemia,ST,21518677,SIN_ESPECIFICAR,Sin Especificar,4095.0
41883,8405,10382,F,33,1994-05-10,20,Strakonice,south Bohemia,UV,41846251,POJISTNE,Pago de Seguros,3344.0
41884,8405,10382,F,33,1994-05-10,20,Strakonice,south Bohemia,OP,25666362,UVER,Cuota de Prestamo,4437.0
41894,8411,10389,F,55,1994-12-02,20,Strakonice,south Bohemia,GH,55101638,UVER,Cuota de Prestamo,3677.0
41895,8411,10389,F,55,1994-12-02,20,Strakonice,south Bohemia,CD,50854969,SIPO,Servicios del Hogar,5812.0
41896,8411,10389,F,55,1994-12-02,20,Strakonice,south Bohemia,OP,18521237,SIN_ESPECIFICAR,Sin Especificar,3507.0
41989,8475,10459,F,34,1993-09-08,4,Kladno,central Bohemia,EF,54853975,SIPO,Servicios del Hogar,495.0
41990,8475,10459,F,34,1993-09-08,4,Kladno,central Bohemia,WX,90749495,SIN_ESPECIFICAR,Sin Especificar,3833.0
41991,8475,10459,F,34,1993-09-08,4,Kladno,central Bohemia,AB,42267400,UVER,Cuota de Prestamo,878.0
42003,8489,10475,F,50,1993-09-18,19,Prachatice,south Bohemia,ST,2885187,SIPO,Servicios del Hogar,3835.0
42004,8489,10475,F,50,1993-09-18,19,Prachatice,south Bohemia,GH,20661109,UVER,Cuota de Prestamo,7370.0
42008,8492,10479,F,43,1994-06-29,2,Benesov,central Bohemia,ST,72004610,SIPO,Servicios del Hogar,4403.0
42009,8492,10479,F,43,1994-06-29,2,Benesov,central Bohemia,EF,88451617,UVER,Cuota de Prestamo,1431.0
42029,8505,10492,M,61,1997-03-20,70,Karvina,north Moravia,UV,92435764,UVER,Cuota de Prestamo,3570.0
42047,8519,10510,F,53,1993-04-02,23,Cheb,west Bohemia,KL,62055730,UVER,Cuota de Prestamo,6224.0
42048,8519,10510,F,53,1993-04-02,23,Cheb,west Bohemia,IJ,12003517,SIPO,Servicios del Hogar,13711.0
42056,8523,10517,F,18,1996-11-25,54,Brno - mesto,south Moravia,AB,52086591,UVER,Cuota de Prestamo,7753.0
42068,8533,10528,F,46,1995-10-10,47,Pardubice,east Bohemia,YZ,84493583,UVER,Cuota de Prestamo,3626.0
42084,8547,10543,F,53,1995-07-17,14,Ceske Budejovice,south Bohemia,AB,64253020,UVER,Cuota de Prestamo,4807.0
42104,8558,10555,M,63,1994-02-27,1,Hl.m. Praha,Prague,OP,72949552,UVER,Cuota de Prestamo,4807.0
42115,8564,10563,M,49,1993-09-12,68,Frydek - Mistek,north Moravia,ST,88073575,UVER,Cuota de Prestamo,3195.0
42116,8564,10563,M,49,1993-09-12,68,Frydek - Mistek,north Moravia,UV,59670215,SIPO,Servicios del Hogar,7170.0
42117,8564,10563,M,49,1993-09-12,68,Frydek - Mistek,north Moravia,EF,30920487,SIN_ESPECIFICAR,Sin Especificar,5483.0
42119,8566,10566,F,56,1993-10-08,74,Ostrava - mesto,north Moravia,MN,44048529,UVER,Cuota de Prestamo,6395.0
42120,8566,10566,F,56,1993-10-08,74,Ostrava - mesto,north Moravia,AB,72264265,SIPO,Servicios del Hogar,555.0
42121,8566,10566,F,56,1993-10-08,74,Ostrava - mesto,north Moravia,OP,72889137,SIN_ESPECIFICAR,Sin Especificar,8894.0
42200,8625,10636,M,27,1993-11-10,64,Zlin,south Moravia,UV,74800854,UVER,Cuota de Prestamo,1971.0
42201,8625,10636,M,27,1993-11-10,64,Zlin,south Moravia,YZ,85545950,SIPO,Servicios del Hogar,8151.0
42221,8639,10654,F,36,1997-08-22,46,Nachod,east Bohemia,MN,67667299,UVER,Cuota de Prestamo,3095.0
42234,8645,10662,F,49,1997-06-23,60,Prostejov,south Moravia,KL,37808364,SIPO,Servicios del Hogar,8919.0
42235,8645,10662,F,49,1997-06-23,60,Prostejov,south Moravia,CD,50500750,UVER,Cuota de Prestamo,4015.0
42274,8680,10702,M,60,1996-02-12,17,Pelhrimov,south Bohemia,UV,42112159,UVER,Cuota de Prestamo,2381.0
42275,8680,10702,M,60,1996-02-12,17,Pelhrimov,south Bohemia,ST,96207493,SIPO,Servicios del Hogar,3598.0
42276,8680,10702,M,60,1996-02-12,17,Pelhrimov,south Bohemia,OP,23105997,SIN_ESPECIFICAR,Sin Especificar,8566.0
42286,8688,10714,F,52,1996-11-22,66,Zdar nad Sazavou,south Moravia,WX,81943165,UVER,Cuota de Prestamo,5665.0
42322,8713,10746,M,27,1997-05-18,53,Blansko,south Moravia,ST,10424369,UVER,Cuota de Prestamo,2845.0
42360,8742,10777,F,18,1997-01-28,70,Karvina,north Moravia,MN,70177709,SIPO,Servicios del Hogar,68.0
42361,8742,10777,F,18,1997-01-28,70,Karvina,north Moravia,EF,59493338,SIN_ESPECIFICAR,Sin Especificar,235.0
42362,8742,10777,F,18,1997-01-28,70,Karvina,north Moravia,YZ,45149773,POJISTNE,Pago de Seguros,6089.0
42363,8742,10777,F,18,1997-01-28,70,Karvina,north Moravia,GH,12393570,UVER,Cuota de Prestamo,2762.0
42392,8759,10798,F,18,1993-09-18,1,Hl.m. Praha,Prague,ST,60727876,LEASING,Arrendamiento / Leasing,1562.0
42414,8772,10813,F,19,1996-05-16,1,Hl.m. Praha,Prague,KL,85151469,UVER,Cuota de Prestamo,1839.0
42415,8772,10813,F,19,1996-05-16,1,Hl.m. Praha,Prague,CD,19611203,SIPO,Servicios del Hogar,7357.0
42420,8776,10818,M,26,1994-08-24,64,Zlin,south Moravia,CD,88153653,UVER,Cuota de Prestamo,708.0
42431,8784,10828,F,41,1996-10-16,1,Hl.m. Praha,Prague,UV,10770130,UVER,Cuota de Prestamo,3098.0
42432,8784,10828,F,41,1996-10-16,1,Hl.m. Praha,Prague,KL,68974447,SIPO,Servicios del Hogar,7097.0
42581,8896,10960,M,56,1996-05-02,28,Plzen - sever,west Bohemia,AB,6663299,LEASING,Arrendamiento / Leasing,2475.0
42584,8899,10963,M,54,1994-09-05,1,Hl.m. Praha,Prague,CD,16985112,UVER,Cuota de Prestamo,2089.0
42585,8899,10963,M,54,1994-09-05,1,Hl.m. Praha,Prague,OP,23646956,SIPO,Servicios del Hogar,3713.0
42612,8919,10987,F,37,1997-07-03,62,Uherske Hradiste,south Moravia,KL,55111950,SIPO,Servicios del Hogar,166.0
42613,8919,10987,F,37,1997-07-03,62,Uherske Hradiste,south Moravia,ST,41956782,SIN_ESPECIFICAR,Sin Especificar,2670.0
42614,8919,10987,F,37,1997-07-03,62,Uherske Hradiste,south Moravia,IJ,5126792,UVER,Cuota de Prestamo,3171.0
42625,8926,10997,F,26,1997-03-21,1,Hl.m. Praha,Prague,ST,35869842,SIPO,Servicios del Hogar,3912.0
42626,8926,10997,F,26,1997-03-21,1,Hl.m. Praha,Prague,WX,2699643,SIN_ESPECIFICAR,Sin Especificar,2693.0
42627,8926,10997,F,26,1997-03-21,1,Hl.m. Praha,Prague,MN,94917398,POJISTNE,Pago de Seguros,1142.0
42628,8926,10997,F,26,1997-03-21,1,Hl.m. Praha,Prague,UV,49839079,SIN_ESPECIFICAR,Sin Especificar,25.0
42629,8926,10997,F,26,1997-03-21,1,Hl.m. Praha,Prague,CD,21242875,UVER,Cuota de Prestamo,9444.0
42633,8931,11004,M,51,1996-01-01,63,Vyskov,south Moravia,KL,7974166,UVER,Cuota de Prestamo,3105.0
42634,8931,11004,M,51,1996-01-01,63,Vyskov,south Moravia,WX,9704506,SIPO,Servicios del Hogar,1749.0
42635,8931,11004,M,51,1996-01-01,63,Vyskov,south Moravia,MN,66827905,SIN_ESPECIFICAR,Sin Especificar,6294.0
42674,8957,11034,M,26,1993-11-13,1,Hl.m. Praha,Prague,IJ,80486869,LEASING,Arrendamiento / Leasing,1209.0
42697,8972,11050,F,41,1996-05-21,70,Karvina,north Moravia,EF,61556398,SIPO,Servicios del Hogar,4719.0
42698,8972,11050,F,41,1996-05-21,70,Karvina,north Moravia,YZ,5877823,SIN_ESPECIFICAR,Sin Especificar,2056.0
42699,8972,11050,F,41,1996-05-21,70,Karvina,north Moravia,CD,75504857,UVER,Cuota de Prestamo,938.0
42713,8982,11063,F,43,1993-09-25,64,Zlin,south Moravia,OP,77285653,UVER,Cuota de Prestamo,6330.0
42734,8998,11083,M,45,1995-05-24,61,Trebic,south Moravia,IJ,51931607,LEASING,Arrendamiento / Leasing,3798.0
42743,9006,11093,M,39,1994-09-02,40,Teplice,north Bohemia,YZ,28411376,UVER,Cuota de Prestamo,3883.0
42744,9006,11093,M,39,1994-09-02,40,Teplice,north Bohemia,UV,73640763,SIPO,Servicios del Hogar,4541.0
42763,9017,11105,F,41,1995-11-22,70,Karvina,north Moravia,IJ,66171890,UVER,Cuota de Prestamo,2088.0
42771,9024,11114,M,46,1996-01-05,1,Hl.m. Praha,Prague,AB,4807711,SIPO,Servicios del Hogar,6270.0
42772,9024,11114,M,46,1996-01-05,1,Hl.m. Praha,Prague,GH,77119290,UVER,Cuota de Prestamo,1472.0
42779,9030,11121,F,27,1995-01-21,72,Olomouc,north Moravia,UV,55505740,SIPO,Servicios del Hogar,2587.0
42780,9030,11121,F,27,1995-01-21,72,Olomouc,north Moravia,YZ,49006336,SIN_ESPECIFICAR,Sin Especificar,831.0
42781,9030,11121,F,27,1995-01-21,72,Olomouc,north Moravia,UV,13342953,UVER,Cuota de Prestamo,3242.0
42782,9031,11123,M,50,1997-01-15,47,Pardubice,east Bohemia,UV,95826726,UVER,Cuota de Prestamo,2088.0
42783,9031,11123,M,50,1997-01-15,47,Pardubice,east Bohemia,AB,35263872,SIPO,Servicios del Hogar,4228.0
42784,9031,11123,M,50,1997-01-15,47,Pardubice,east Bohemia,AB,50771135,SIN_ESPECIFICAR,Sin Especificar,145.0
42785,9031,11123,M,50,1997-01-15,47,Pardubice,east Bohemia,IJ,85827368,POJISTNE,Pago de Seguros,645.0
42787,9034,11126,F,33,1993-06-28,1,Hl.m. Praha,Prague,UV,53641200,UVER,Cuota de Prestamo,3179.0
42788,9034,11126,F,33,1993-06-28,1,Hl.m. Praha,Prague,YZ,1820415,SIPO,Servicios del Hogar,4697.0
42789,9034,11126,F,33,1993-06-28,1,Hl.m. Praha,Prague,ST,92149078,SIN_ESPECIFICAR,Sin Especificar,621.0
42790,9034,11126,F,33,1993-06-28,1,Hl.m. Praha,Prague,AB,22182023,POJISTNE,Pago de Seguros,9115.0
42796,9037,11130,F,37,1996-10-22,1,Hl.m. Praha,Prague,QR,79376786,SIPO,Servicios del Hogar,3416.0
42797,9037,11130,F,37,1996-10-22,1,Hl.m. Praha,Prague,QR,77797412,SIN_ESPECIFICAR,Sin Especificar,4033.0
42798,9037,11130,F,37,1996-10-22,1,Hl.m. Praha,Prague,YZ,68518405,UVER,Cuota de Prestamo,6707.0
42813,9052,11149,M,33,1995-08-30,43,Hradec Kralove,east Bohemia,QR,10905218,UVER,Cuota de Prestamo,2999.0
42874,9093,11195,M,45,1993-06-16,47,Pardubice,east Bohemia,AB,28652066,SIPO,Servicios del Hogar,1311.0
42875,9093,11195,M,45,1993-06-16,47,Pardubice,east Bohemia,QR,62233042,SIN_ESPECIFICAR,Sin Especificar,2617.0
42876,9093,11195,M,45,1993-06-16,47,Pardubice,east Bohemia,OP,60554724,UVER,Cuota de Prestamo,3155.0
42889,9104,11208,F,41,1994-01-21,10,Praha - vychod,central Bohemia,AB,10966873,UVER,Cuota de Prestamo,3585.0
42942,9138,11250,F,52,1996-07-18,26,Plzen - mesto,west Bohemia,ST,11258626,UVER,Cuota de Prestamo,4537.0
42943,9138,11250,F,52,1996-07-18,26,Plzen - mesto,west Bohemia,IJ,72567075,SIPO,Servicios del Hogar,9519.0
42944,9138,11250,F,52,1996-07-18,26,Plzen - mesto,west Bohemia,ST,63407915,SIN_ESPECIFICAR,Sin Especificar,2666.0
42946,9140,11252,F,33,1997-08-18,32,Ceska Lipa,north Bohemia,CD,64458685,SIPO,Servicios del Hogar,9264.0
42947,9140,11252,F,33,1997-08-18,32,Ceska Lipa,north Bohemia,UV,6970173,SIN_ESPECIFICAR,Sin Especificar,19.0
42948,9140,11252,F,33,1997-08-18,32,Ceska Lipa,north Bohemia,WX,30615341,POJISTNE,Pago de Seguros,56.0
42949,9140,11252,F,33,1997-08-18,32,Ceska Lipa,north Bohemia,MN,91346168,UVER,Cuota de Prestamo,334.0
42965,9153,11266,M,60,1996-12-12,9,Nymburk,central Bohemia,GH,1709419,SIPO,Servicios del Hogar,5042.0
42966,9153,11266,M,60,1996-12-12,9,Nymburk,central Bohemia,ST,27339548,UVER,Cuota de Prestamo,1451.0
42971,9156,11271,M,61,1997-09-14,18,Pisek,south Bohemia,WX,22888767,UVER,Cuota de Prestamo,4537.0
42976,9159,11274,M,29,1996-08-02,64,Zlin,south Moravia,EF,35698783,SIPO,Servicios del Hogar,6869.0
42977,9159,11274,M,29,1996-08-02,64,Zlin,south Moravia,QR,61719810,SIN_ESPECIFICAR,Sin Especificar,1847.0
42978,9159,11274,M,29,1996-08-02,64,Zlin,south Moravia,YZ,78505074,POJISTNE,Pago de Seguros,253.0
42979,9159,11274,M,29,1996-08-02,64,Zlin,south Moravia,IJ,98776262,SIN_ESPECIFICAR,Sin Especificar,316.0
42980,9159,11274,M,29,1996-08-02,64,Zlin,south Moravia,ST,70977645,UVER,Cuota de Prestamo,1450.0
42990,9167,11286,F,58,1997-04-02,56,Breclav,south Moravia,MN,98049097,UVER,Cuota de Prestamo,4537.0
42991,9167,11286,F,58,1997-04-02,56,Breclav,south Moravia,QR,15502429,SIPO,Servicios del Hogar,4950.0
42992,9167,11286,F,58,1997-04-02,56,Breclav,south Moravia,WX,99994199,SIN_ESPECIFICAR,Sin Especificar,887.0
42993,9167,11286,F,58,1997-04-02,56,Breclav,south Moravia,AB,40962070,POJISTNE,Pago de Seguros,545.0
43002,9179,11304,F,38,1997-01-21,28,Plzen - sever,west Bohemia,CD,47917145,UVER,Cuota de Prestamo,3584.0
43009,9188,11314,M,62,1993-02-08,45,Jicin,east Bohemia,GH,22466057,UVER,Cuota de Prestamo,2118.0
43010,9188,11314,M,62,1993-02-08,45,Jicin,east Bohemia,OP,94166147,SIPO,Servicios del Hogar,7936.0
43011,9188,11314,M,62,1993-02-08,45,Jicin,east Bohemia,GH,11309677,SIN_ESPECIFICAR,Sin Especificar,471.0
43012,9188,11314,M,62,1993-02-08,45,Jicin,east Bohemia,OP,96138745,POJISTNE,Pago de Seguros,66.0
43023,9199,11327,M,51,1996-05-15,72,Olomouc,north Moravia,WX,42162633,UVER,Cuota de Prestamo,2455.0
43025,9201,11329,F,37,1996-10-28,69,Jesenik,north Moravia,AB,85031735,UVER,Cuota de Prestamo,5103.0
43026,9201,11329,F,37,1996-10-28,69,Jesenik,north Moravia,CD,29740798,SIPO,Servicios del Hogar,13461.0
43034,9208,11337,M,29,1997-05-24,29,Rokycany,west Bohemia,WX,63637012,UVER,Cuota de Prestamo,3422.0
43055,9225,11359,M,26,1996-01-01,11,Praha - zapad,central Bohemia,YZ,44963038,UVER,Cuota de Prestamo,3422.0
43056,9227,11362,F,32,1997-11-04,51,Trutnov,east Bohemia,IJ,23946523,SIPO,Servicios del Hogar,1784.0
43057,9227,11362,F,32,1997-11-04,51,Trutnov,east Bohemia,AB,54022675,SIN_ESPECIFICAR,Sin Especificar,1164.0
43058,9227,11362,F,32,1997-11-04,51,Trutnov,east Bohemia,GH,92207109,UVER,Cuota de Prestamo,3193.0
43068,9235,11371,F,57,1995-06-24,37,Litomerice,north Bohemia,UV,2864957,UVER,Cuota de Prestamo,1735.0
43069,9236,11372,M,37,1993-08-18,11,Praha - zapad,central Bohemia,YZ,16537583,SIPO,Servicios del Hogar,2239.0
43070,9236,11372,M,37,1993-08-18,11,Praha - zapad,central Bohemia,AB,10692495,SIN_ESPECIFICAR,Sin Especificar,2276.0
43071,9236,11372,M,37,1993-08-18,11,Praha - zapad,central Bohemia,KL,67995285,UVER,Cuota de Prestamo,7218.0
43081,9241,11379,M,46,1996-09-25,74,Ostrava - mesto,north Moravia,ST,73753130,UVER,Cuota de Prestamo,4754.0
43082,9241,11379,M,46,1996-09-25,74,Ostrava - mesto,north Moravia,WX,9130680,SIPO,Servicios del Hogar,3595.0
43083,9242,11381,F,19,1996-03-15,57,Hodonin,south Moravia,IJ,54940307,UVER,Cuota de Prestamo,1932.0
43117,9263,11405,F,34,1996-06-04,68,Frydek - Mistek,north Moravia,YZ,8448315,UVER,Cuota de Prestamo,3298.0
43118,9263,11405,F,34,1996-06-04,68,Frydek - Mistek,north Moravia,IJ,66611260,SIPO,Servicios del Hogar,9874.0
43119,9263,11405,F,34,1996-06-04,68,Frydek - Mistek,north Moravia,ST,63701718,SIN_ESPECIFICAR,Sin Especificar,62.0
43122,9265,11409,F,18,1993-02-04,1,Hl.m. Praha,Prague,IJ,81887966,UVER,Cuota de Prestamo,3298.0
43123,9265,11409,F,18,1993-02-04,1,Hl.m. Praha,Prague,EF,98678969,SIPO,Servicios del Hogar,9493.0
43124,9265,11409,F,18,1993-02-04,1,Hl.m. Praha,Prague,EF,84062218,SIN_ESPECIFICAR,Sin Especificar,4017.0
43182,9307,11461,M,24,1993-01-24,68,Frydek - Mistek,north Moravia,EF,53406888,UVER,Cuota de Prestamo,3492.0
43183,9307,11461,M,24,1993-01-24,68,Frydek - Mistek,north Moravia,EF,84733318,SIPO,Servicios del Hogar,4654.0
43184,9307,11461,M,24,1993-01-24,68,Frydek - Mistek,north Moravia,AB,52218389,SIN_ESPECIFICAR,Sin Especificar,2735.0
43228,9337,11497,F,39,1993-09-13,30,Sokolov,west Bohemia,CD,56037777,UVER,Cuota de Prestamo,2172.0
43248,9353,11516,M,60,1995-11-03,59,Kromeriz,south Moravia,WX,95570617,UVER,Cuota de Prestamo,7859.0
43249,9353,11516,M,60,1995-11-03,59,Kromeriz,south Moravia,GH,35453134,SIPO,Servicios del Hogar,10240.0
43294,9377,11545,F,32,1995-09-17,1,Hl.m. Praha,Prague,QR,64104062,UVER,Cuota de Prestamo,4164.0
43295,9377,11545,F,32,1995-09-17,1,Hl.m. Praha,Prague,QR,54912304,SIPO,Servicios del Hogar,2758.0
43296,9377,11545,F,32,1995-09-17,1,Hl.m. Praha,Prague,AB,52341222,SIN_ESPECIFICAR,Sin Especificar,3983.0
43327,9403,11574,F,54,1993-03-27,1,Hl.m. Praha,Prague,GH,93069415,UVER,Cuota de Prestamo,3358.0
43328,9403,11574,F,54,1993-03-27,1,Hl.m. Praha,Prague,IJ,75850492,SIPO,Servicios del Hogar,3225.0
43357,9422,11596,F,58,1996-03-06,70,Karvina,north Moravia,QR,97387158,UVER,Cuota de Prestamo,7183.0
43358,9422,11596,F,58,1996-03-06,70,Karvina,north Moravia,ST,30643040,SIPO,Servicios del Hogar,107.0
43359,9422,11596,F,58,1996-03-06,70,Karvina,north Moravia,YZ,28156739,SIN_ESPECIFICAR,Sin Especificar,3136.0
43361,9424,11598,F,21,1996-12-30,54,Brno - mesto,south Moravia,EF,1838881,UVER,Cuota de Prestamo,2323.0
43375,9433,11609,M,41,1997-08-14,59,Kromeriz,south Moravia,KL,67186093,UVER,Cuota de Prestamo,1860.0
43405,9455,11637,M,47,1996-11-03,73,Opava,north Moravia,YZ,28933072,UVER,Cuota de Prestamo,6246.0
43406,9455,11637,M,47,1996-11-03,73,Opava,north Moravia,KL,21014684,SIPO,Servicios del Hogar,2789.0
43407,9455,11637,M,47,1996-11-03,73,Opava,north Moravia,IJ,47912371,SIN_ESPECIFICAR,Sin Especificar,618.0
43408,9455,11637,M,47,1996-11-03,73,Opava,north Moravia,IJ,93110262,POJISTNE,Pago de Seguros,7793.0
43436,9472,11662,M,26,1993-07-06,1,Hl.m. Praha,Prague,AB,21299124,UVER,Cuota de Prestamo,3033.0
43437,9472,11662,M,26,1993-07-06,1,Hl.m. Praha,Prague,KL,17279625,SIPO,Servicios del Hogar,5119.0
43465,9491,11683,M,18,1996-08-08,7,Melnik,central Bohemia,ST,8897775,UVER,Cuota de Prestamo,4698.0
43466,9491,11683,M,18,1996-08-08,7,Melnik,central Bohemia,GH,6734550,SIPO,Servicios del Hogar,4704.0
43467,9491,11683,M,18,1996-08-08,7,Melnik,central Bohemia,GH,42563897,SIN_ESPECIFICAR,Sin Especificar,2245.0
43468,9491,11683,M,18,1996-08-08,7,Melnik,central Bohemia,QR,50093847,POJISTNE,Pago de Seguros,872.0
43469,9493,11685,F,33,1995-04-02,64,Zlin,south Moravia,AB,57428258,UVER,Cuota de Prestamo,3931.0
43470,9493,11685,F,33,1995-04-02,64,Zlin,south Moravia,WX,47398895,SIPO,Servicios del Hogar,6803.0
43471,9494,11686,F,50,1996-05-10,21,Tabor,south Bohemia,IJ,95319723,SIPO,Servicios del Hogar,4746.0
43472,9494,11686,F,50,1996-05-10,21,Tabor,south Bohemia,GH,66095858,UVER,Cuota de Prestamo,9736.0
43489,9504,11701,M,49,1996-01-29,9,Nymburk,central Bohemia,KL,22714406,UVER,Cuota de Prestamo,5688.0
43501,9510,11709,M,37,1996-06-09,1,Hl.m. Praha,Prague,EF,56462389,UVER,Cuota de Prestamo,6341.0
43508,9513,11713,F,47,1996-05-12,59,Kromeriz,south Moravia,WX,64432430,SIPO,Servicios del Hogar,8319.0
43509,9513,11713,F,47,1996-05-12,59,Kromeriz,south Moravia,WX,37582862,UVER,Cuota de Prestamo,1527.0
43561,9548,11754,M,32,1996-06-07,62,Uherske Hradiste,south Moravia,YZ,97789895,SIPO,Servicios del Hogar,9613.0
43562,9548,11754,M,32,1996-06-07,62,Uherske Hradiste,south Moravia,OP,54906487,UVER,Cuota de Prestamo,962.0
43573,9560,11768,F,27,1997-07-13,1,Hl.m. Praha,Prague,OP,86154901,UVER,Cuota de Prestamo,4363.0
43574,9560,11768,F,27,1997-07-13,1,Hl.m. Praha,Prague,EF,53716289,SIPO,Servicios del Hogar,7234.0
43600,9583,11794,F,28,1994-05-22,31,Tachov,west Bohemia,MN,86397230,UVER,Cuota de Prestamo,4363.0
43601,9583,11794,F,28,1994-05-22,31,Tachov,west Bohemia,EF,69415771,SIPO,Servicios del Hogar,13386.0
43610,9591,11804,M,54,1993-05-20,74,Ostrava - mesto,north Moravia,WX,37543189,UVER,Cuota de Prestamo,4363.0
43611,9591,11804,M,54,1993-05-20,74,Ostrava - mesto,north Moravia,QR,26528680,SIPO,Servicios del Hogar,4146.0
43664,9627,11851,M,28,1994-07-22,65,Znojmo,south Moravia,KL,63660836,UVER,Cuota de Prestamo,5091.0
43669,9631,11855,M,41,1996-06-25,11,Praha - zapad,central Bohemia,MN,51593184,UVER,Cuota de Prestamo,2477.0
43673,9633,11857,M,46,1996-01-08,70,Karvina,north Moravia,ST,67566084,UVER,Cuota de Prestamo,2477.0
43683,9640,11866,M,61,1993-03-13,1,Hl.m. Praha,Prague,WX,56319099,UVER,Cuota de Prestamo,3184.0
43684,9640,11866,M,61,1993-03-13,1,Hl.m. Praha,Prague,QR,35819530,SIPO,Servicios del Hogar,10597.0
43685,9640,11866,M,61,1993-03-13,1,Hl.m. Praha,Prague,GH,37369465,SIN_ESPECIFICAR,Sin Especificar,4087.0
43692,9645,11873,F,35,1996-01-23,38,Louny,north Bohemia,EF,71165287,UVER,Cuota de Prestamo,4893.0
43693,9645,11873,F,35,1996-01-23,38,Louny,north Bohemia,KL,32246267,SIPO,Servicios del Hogar,5183.0
43694,9646,11874,M,29,1996-07-30,1,Hl.m. Praha,Prague,QR,71861016,UVER,Cuota de Prestamo,5814.0
43708,9656,11886,F,57,1993-11-14,61,Trebic,south Moravia,EF,27695667,UVER,Cuota de Prestamo,5814.0
43709,9656,11886,F,57,1993-11-14,61,Trebic,south Moravia,OP,12446082,SIPO,Servicios del Hogar,10721.0
43737,9673,11906,M,54,1997-06-07,76,Sumperk,north Moravia,QR,70481157,UVER,Cuota de Prestamo,2450.0
43738,9673,11906,M,54,1997-06-07,76,Sumperk,north Moravia,GH,96695422,SIPO,Servicios del Hogar,3684.0
43746,9677,11911,M,59,1996-10-13,8,Mlada Boleslav,central Bohemia,WX,83789282,SIPO,Servicios del Hogar,8944.0
43747,9677,11911,M,59,1996-10-13,8,Mlada Boleslav,central Bohemia,AB,25327652,UVER,Cuota de Prestamo,527.0
43789,9703,11943,M,37,1993-07-15,68,Frydek - Mistek,north Moravia,KL,62426549,LEASING,Arrendamiento / Leasing,2467.0
43796,9707,11947,M,34,1993-04-24,70,Karvina,north Moravia,IJ,75120967,LEASING,Arrendamiento / Leasing,3112.0
43821,9730,11976,F,59,1997-01-01,54,Brno - mesto,south Moravia,WX,53964394,SIPO,Servicios del Hogar,258.0
43822,9730,11976,F,59,1997-01-01,54,Brno - mesto,south Moravia,AB,9366584,SIN_ESPECIFICAR,Sin Especificar,4764.0
43823,9730,11976,F,59,1997-01-01,54,Brno - mesto,south Moravia,WX,82324945,UVER,Cuota de Prestamo,1934.0
43824,9731,11978,M,27,1994-12-01,54,Brno - mesto,south Moravia,IJ,58578437,UVER,Cuota de Prestamo,3161.0
43825,9731,11978,M,27,1994-12-01,54,Brno - mesto,south Moravia,AB,50025022,SIPO,Servicios del Hogar,4967.0
43826,9731,11978,M,27,1994-12-01,54,Brno - mesto,south Moravia,OP,14137328,SIN_ESPECIFICAR,Sin Especificar,1320.0
43849,9750,12003,M,22,1994-05-16,74,Ostrava - mesto,north Moravia,OP,14637118,UVER,Cuota de Prestamo,3161.0
43912,9790,12050,M,55,1995-11-09,52,Usti nad Orlici,east Bohemia,UV,22918135,UVER,Cuota de Prestamo,2791.0
43913,9790,12050,M,55,1995-11-09,52,Usti nad Orlici,east Bohemia,EF,28873682,SIPO,Servicios del Hogar,9210.0
43914,9790,12050,M,55,1995-11-09,52,Usti nad Orlici,east Bohemia,AB,42063897,SIN_ESPECIFICAR,Sin Especificar,993.0
43915,9790,12050,M,55,1995-11-09,52,Usti nad Orlici,east Bohemia,QR,93822401,POJISTNE,Pago de Seguros,2488.0
43945,9814,12079,F,26,1995-01-19,64,Zlin,south Moravia,QR,6911552,UVER,Cuota de Prestamo,8014.0
43962,9828,12095,M,59,1993-05-20,11,Praha - zapad,central Bohemia,UV,86956995,UVER,Cuota de Prestamo,5275.0
43972,9833,12102,F,30,1993-07-24,20,Strakonice,south Bohemia,OP,18851059,UVER,Cuota de Prestamo,8136.0
43973,9833,12102,F,30,1993-07-24,20,Strakonice,south Bohemia,ST,35473787,SIPO,Servicios del Hogar,6531.0
43974,9833,12102,F,30,1993-07-24,20,Strakonice,south Bohemia,EF,18397510,SIN_ESPECIFICAR,Sin Especificar,5915.0
44009,9859,12133,F,34,1996-07-08,27,Plzen - jih,west Bohemia,EF,18163144,UVER,Cuota de Prestamo,5011.0
44010,9859,12133,F,34,1996-07-08,27,Plzen - jih,west Bohemia,QR,24650532,SIPO,Servicios del Hogar,1008.0
44011,9859,12133,F,34,1996-07-08,27,Plzen - jih,west Bohemia,KL,16269088,SIN_ESPECIFICAR,Sin Especificar,1476.0
44012,9859,12133,F,34,1996-07-08,27,Plzen - jih,west Bohemia,KL,56029701,POJISTNE,Pago de Seguros,765.0
44027,9869,12144,M,18,1993-08-21,12,Pribram,central Bohemia,YZ,58726429,SIPO,Servicios del Hogar,5887.0
44028,9869,12144,M,18,1993-08-21,12,Pribram,central Bohemia,MN,41454464,SIN_ESPECIFICAR,Sin Especificar,2498.0
44029,9869,12144,M,18,1993-08-21,12,Pribram,central Bohemia,CD,29203164,UVER,Cuota de Prestamo,5526.0
44048,9883,12163,M,44,1993-03-19,1,Hl.m. Praha,Prague,MN,98655610,LEASING,Arrendamiento / Leasing,2769.0
44049,9883,12163,M,44,1993-03-19,1,Hl.m. Praha,Prague,CD,27317208,SIPO,Servicios del Hogar,713.0
44050,9883,12163,M,44,1993-03-19,1,Hl.m. Praha,Prague,CD,12663782,SIN_ESPECIFICAR,Sin Especificar,1780.0
44051,9883,12163,M,44,1993-03-19,1,Hl.m. Praha,Prague,WX,85923730,POJISTNE,Pago de Seguros,12504.0
44070,9897,12181,M,37,1995-03-04,1,Hl.m. Praha,Prague,IJ,58063542,UVER,Cuota de Prestamo,3014.0
44071,9897,12181,M,37,1995-03-04,1,Hl.m. Praha,Prague,ST,84057002,SIPO,Servicios del Hogar,1507.0
44072,9897,12181,M,37,1995-03-04,1,Hl.m. Praha,Prague,IJ,22879386,SIN_ESPECIFICAR,Sin Especificar,4339.0
44073,9897,12181,M,37,1995-03-04,1,Hl.m. Praha,Prague,YZ,57870101,POJISTNE,Pago de Seguros,6953.0
44112,9928,12220,F,27,1995-11-09,60,Prostejov,south Moravia,AB,96968262,SIPO,Servicios del Hogar,5016.0
44113,9928,12220,F,27,1995-11-09,60,Prostejov,south Moravia,KL,10807258,UVER,Cuota de Prestamo,1489.0
44226,10001,12303,F,24,1995-05-28,24,Karlovy Vary,west Bohemia,WX,77369373,UVER,Cuota de Prestamo,529.0
44232,10005,12308,M,20,1997-11-29,64,Zlin,south Moravia,WX,1889122,UVER,Cuota de Prestamo,5854.0
44233,10005,12308,M,20,1997-11-29,64,Zlin,south Moravia,WX,9563577,SIPO,Servicios del Hogar,9151.0
44247,10019,12325,M,34,1995-06-15,8,Mlada Boleslav,central Bohemia,QR,87297737,UVER,Cuota de Prestamo,5415.0
44249,10022,12328,F,54,1997-05-07,1,Hl.m. Praha,Prague,OP,56197208,UVER,Cuota de Prestamo,4543.0
44250,10022,12328,F,54,1997-05-07,1,Hl.m. Praha,Prague,MN,25915658,SIPO,Servicios del Hogar,7678.0
44251,10022,12328,F,54,1997-05-07,1,Hl.m. Praha,Prague,MN,82763254,SIN_ESPECIFICAR,Sin Especificar,4104.0
44272,10036,12344,F,58,1993-09-13,1,Hl.m. Praha,Prague,EF,60250908,LEASING,Arrendamiento / Leasing,4730.0
44297,10049,12358,M,55,1996-03-28,17,Pelhrimov,south Bohemia,CD,7603472,SIPO,Servicios del Hogar,1609.0
44298,10049,12358,M,55,1996-03-28,17,Pelhrimov,south Bohemia,ST,95437645,SIN_ESPECIFICAR,Sin Especificar,1281.0
44299,10049,12358,M,55,1996-03-28,17,Pelhrimov,south Bohemia,GH,45261365,UVER,Cuota de Prestamo,7636.0
44321,10063,12376,M,39,1996-10-13,4,Kladno,central Bohemia,UV,42204785,UVER,Cuota de Prestamo,6484.0
44322,10063,12376,M,39,1996-10-13,4,Kladno,central Bohemia,GH,12242025,SIPO,Servicios del Hogar,90.0
44323,10063,12376,M,39,1996-10-13,4,Kladno,central Bohemia,UV,1152956,SIN_ESPECIFICAR,Sin Especificar,7601.0
44324,10063,12376,M,39,1996-10-13,4,Kladno,central Bohemia,YZ,79726081,POJISTNE,Pago de Seguros,2746.0
44325,10063,12376,M,39,1996-10-13,4,Kladno,central Bohemia,ST,68336278,SIN_ESPECIFICAR,Sin Especificar,1326.0
44328,10065,12378,F,52,1996-03-30,76,Sumperk,north Moravia,CD,54091745,UVER,Cuota de Prestamo,6484.0
44330,10068,12382,M,43,1997-04-02,1,Hl.m. Praha,Prague,WX,81110077,UVER,Cuota de Prestamo,6484.0
44345,10079,12396,F,28,1993-05-06,62,Uherske Hradiste,south Moravia,YZ,33228176,UVER,Cuota de Prestamo,2785.0
44355,10093,12416,M,25,1994-07-01,1,Hl.m. Praha,Prague,GH,24015391,UVER,Cuota de Prestamo,6436.0
44356,10093,12416,M,25,1994-07-01,1,Hl.m. Praha,Prague,EF,14110547,SIPO,Servicios del Hogar,2762.0
44357,10093,12416,M,25,1994-07-01,1,Hl.m. Praha,Prague,WX,57294940,SIN_ESPECIFICAR,Sin Especificar,331.0
44358,10093,12416,M,25,1994-07-01,1,Hl.m. Praha,Prague,EF,80783962,POJISTNE,Pago de Seguros,7082.0
44373,10105,12432,M,33,1993-04-28,55,Brno - venkov,south Moravia,OP,27668351,UVER,Cuota de Prestamo,5079.0
44408,10131,12464,M,39,1993-11-27,1,Hl.m. Praha,Prague,YZ,64831644,UVER,Cuota de Prestamo,5983.0
44412,10134,12468,M,29,1997-04-26,22,Domazlice,west Bohemia,EF,12704295,UVER,Cuota de Prestamo,5682.0
44413,10134,12468,M,29,1997-04-26,22,Domazlice,west Bohemia,QR,69918125,SIPO,Servicios del Hogar,9535.0
44435,10148,12485,F,33,1997-01-13,34,Chomutov,north Bohemia,UV,70086633,SIPO,Servicios del Hogar,4205.0
44436,10148,12485,F,33,1997-01-13,34,Chomutov,north Bohemia,UV,85131781,SIN_ESPECIFICAR,Sin Especificar,1866.0
44437,10148,12485,F,33,1997-01-13,34,Chomutov,north Bohemia,ST,5157071,UVER,Cuota de Prestamo,1842.0
44523,10202,12547,F,35,1996-07-08,70,Karvina,north Moravia,AB,31367302,UVER,Cuota de Prestamo,6363.0
44524,10202,12547,F,35,1996-07-08,70,Karvina,north Moravia,QR,56383961,SIPO,Servicios del Hogar,1281.0
44525,10202,12547,F,35,1996-07-08,70,Karvina,north Moravia,CD,86462396,SIN_ESPECIFICAR,Sin Especificar,4880.0
44536,10215,12561,M,32,1996-04-12,38,Louny,north Bohemia,UV,65958177,SIPO,Servicios del Hogar,152.0
44537,10215,12561,M,32,1996-04-12,38,Louny,north Bohemia,GH,18670410,SIN_ESPECIFICAR,Sin Especificar,4122.0
44538,10215,12561,M,32,1996-04-12,38,Louny,north Bohemia,WX,33332234,UVER,Cuota de Prestamo,1846.0
44562,10233,12586,M,51,1996-02-21,27,Plzen - jih,west Bohemia,MN,72738069,UVER,Cuota de Prestamo,3986.0
44563,10233,12586,M,51,1996-02-21,27,Plzen - jih,west Bohemia,WX,6003463,SIPO,Servicios del Hogar,456.0
44564,10233,12586,M,51,1996-02-21,27,Plzen - jih,west Bohemia,CD,70803910,SIN_ESPECIFICAR,Sin Especificar,53.0
44565,10233,12586,M,51,1996-02-21,27,Plzen - jih,west Bohemia,OP,53952217,POJISTNE,Pago de Seguros,986.0
44566,10233,12586,M,51,1996-02-21,27,Plzen - jih,west Bohemia,MN,69788956,SIN_ESPECIFICAR,Sin Especificar,4260.0
44578,10243,12599,M,42,1997-09-03,44,Chrudim,east Bohemia,GH,33131796,UVER,Cuota de Prestamo,3151.0
44598,10257,12616,F,33,1997-05-01,27,Plzen - jih,west Bohemia,IJ,7045454,UVER,Cuota de Prestamo,3151.0
44599,10257,12616,F,33,1997-05-01,27,Plzen - jih,west Bohemia,YZ,6128639,SIPO,Servicios del Hogar,14801.0
44611,10266,12625,M,40,1993-06-10,54,Brno - mesto,south Moravia,EF,72682583,UVER,Cuota de Prestamo,3151.0
44634,10280,12643,F,36,1996-12-01,69,Jesenik,north Moravia,EF,13051045,UVER,Cuota de Prestamo,5802.0
44665,10297,12662,M,45,1996-01-19,14,Ceske Budejovice,south Bohemia,CD,53796619,SIPO,Servicios del Hogar,9902.0
44666,10297,12662,M,45,1996-01-19,14,Ceske Budejovice,south Bohemia,WX,2840400,UVER,Cuota de Prestamo,8771.0
44698,10320,12695,M,19,1993-07-11,68,Frydek - Mistek,north Moravia,KL,11919367,UVER,Cuota de Prestamo,4329.0
44699,10320,12695,M,19,1993-07-11,68,Frydek - Mistek,north Moravia,KL,6873333,SIPO,Servicios del Hogar,12414.0
44732,10345,12729,M,30,1996-04-07,36,Liberec,north Bohemia,UV,98083507,SIPO,Servicios del Hogar,6742.0
44733,10345,12729,M,30,1996-04-07,36,Liberec,north Bohemia,UV,38070029,UVER,Cuota de Prestamo,2605.0
44743,10351,12738,F,38,1995-05-04,23,Cheb,west Bohemia,CD,99277340,SIPO,Servicios del Hogar,4410.0
44744,10351,12738,F,38,1995-05-04,23,Cheb,west Bohemia,GH,66402935,UVER,Cuota de Prestamo,1848.0
44765,10361,12750,F,58,1996-06-21,21,Tabor,south Bohemia,CD,64321249,UVER,Cuota de Prestamo,7240.0
44769,10364,12754,M,38,1993-01-17,55,Brno - venkov,south Moravia,EF,67477196,SIPO,Servicios del Hogar,6262.0
44770,10364,12754,M,38,1993-01-17,55,Brno - venkov,south Moravia,IJ,11477667,UVER,Cuota de Prestamo,609.0
44771,10365,12756,F,49,1995-09-02,22,Domazlice,west Bohemia,OP,35377323,UVER,Cuota de Prestamo,7240.0
44772,10365,12756,F,49,1995-09-02,22,Domazlice,west Bohemia,MN,91104155,SIPO,Servicios del Hogar,4325.0
44773,10365,12756,F,49,1995-09-02,22,Domazlice,west Bohemia,GH,19185972,SIN_ESPECIFICAR,Sin Especificar,6395.0
44774,10365,12756,F,49,1995-09-02,22,Domazlice,west Bohemia,OP,23228162,POJISTNE,Pago de Seguros,331.0
44775,10365,12756,F,49,1995-09-02,22,Domazlice,west Bohemia,YZ,81018465,SIN_ESPECIFICAR,Sin Especificar,1773.0
44836,10404,12802,M,29,1996-12-30,1,Hl.m. Praha,Prague,AB,3621232,SIPO,Servicios del Hogar,2171.0
44837,10404,12802,M,29,1996-12-30,1,Hl.m. Praha,Prague,AB,74571001,SIN_ESPECIFICAR,Sin Especificar,1203.0
44838,10404,12802,M,29,1996-12-30,1,Hl.m. Praha,Prague,AB,21209323,POJISTNE,Pago de Seguros,100.0
44839,10404,12802,M,29,1996-12-30,1,Hl.m. Praha,Prague,UV,60165852,SIN_ESPECIFICAR,Sin Especificar,883.0
44840,10404,12802,M,29,1996-12-30,1,Hl.m. Praha,Prague,ST,55139064,UVER,Cuota de Prestamo,3238.0
44850,10411,12810,M,34,1995-11-23,39,Most,north Bohemia,GH,82482695,UVER,Cuota de Prestamo,5142.0
44851,10411,12810,M,34,1995-11-23,39,Most,north Bohemia,ST,41324371,SIPO,Servicios del Hogar,3020.0
44852,10411,12810,M,34,1995-11-23,39,Most,north Bohemia,GH,93566715,SIN_ESPECIFICAR,Sin Especificar,1807.0
44853,10411,12810,M,34,1995-11-23,39,Most,north Bohemia,CD,33192354,POJISTNE,Pago de Seguros,2323.0
44854,10411,12810,M,34,1995-11-23,39,Most,north Bohemia,ST,47737151,SIN_ESPECIFICAR,Sin Especificar,7732.0
44894,10436,12840,M,59,1996-03-21,60,Prostejov,south Moravia,AB,4855519,UVER,Cuota de Prestamo,1511.0
44899,10439,12843,M,45,1993-11-21,66,Zdar nad Sazavou,south Moravia,AB,78703766,UVER,Cuota de Prestamo,6315.0
44900,10439,12843,M,45,1993-11-21,66,Zdar nad Sazavou,south Moravia,WX,55833750,SIPO,Servicios del Hogar,10134.0
44901,10440,12844,M,52,1993-09-13,72,Olomouc,north Moravia,YZ,4957092,SIPO,Servicios del Hogar,2960.0
44902,10440,12844,M,52,1993-09-13,72,Olomouc,north Moravia,IJ,96339386,SIN_ESPECIFICAR,Sin Especificar,1950.0
44903,10440,12844,M,52,1993-09-13,72,Olomouc,north Moravia,AB,1623732,UVER,Cuota de Prestamo,1000.0
44909,10445,12850,M,43,1996-05-29,72,Olomouc,north Moravia,MN,24684030,SIPO,Servicios del Hogar,3234.0
44910,10445,12850,M,43,1996-05-29,72,Olomouc,north Moravia,EF,399,UVER,Cuota de Prestamo,1951.0
44923,10451,12859,F,22,1993-08-29,1,Hl.m. Praha,Prague,CD,58286762,SIPO,Servicios del Hogar,2439.0
44924,10451,12859,F,22,1993-08-29,1,Hl.m. Praha,Prague,QR,73621487,SIN_ESPECIFICAR,Sin Especificar,4653.0
44925,10451,12859,F,22,1993-08-29,1,Hl.m. Praha,Prague,MN,92217593,POJISTNE,Pago de Seguros,689.0
44926,10451,12859,F,22,1993-08-29,1,Hl.m. Praha,Prague,YZ,10042131,UVER,Cuota de Prestamo,8049.0
44966,10478,12890,F,40,1996-02-24,70,Karvina,north Moravia,MN,41004979,UVER,Cuota de Prestamo,5575.0
44983,10493,12908,M,57,1997-01-09,12,Pribram,central Bohemia,UV,88460844,UVER,Cuota de Prestamo,5575.0
44984,10493,12908,M,57,1997-01-09,12,Pribram,central Bohemia,YZ,11884606,SIPO,Servicios del Hogar,8594.0
44985,10493,12908,M,57,1997-01-09,12,Pribram,central Bohemia,AB,16853463,SIN_ESPECIFICAR,Sin Especificar,842.0
45022,10520,12943,M,28,1995-10-24,55,Brno - venkov,south Moravia,MN,4994863,UVER,Cuota de Prestamo,6960.0
45167,10613,13051,M,33,1997-11-04,55,Brno - venkov,south Moravia,MN,57666522,UVER,Cuota de Prestamo,5204.0
45189,10630,13071,M,42,1995-01-15,41,Usti nad Labem,north Bohemia,UV,65871029,SIPO,Servicios del Hogar,7303.0
45190,10630,13071,M,42,1995-01-15,41,Usti nad Labem,north Bohemia,OP,6516325,UVER,Cuota de Prestamo,8260.0
45210,10644,13089,F,19,1997-07-12,16,Jindrichuv Hradec,south Bohemia,ST,68935322,UVER,Cuota de Prestamo,7499.0
45211,10644,13089,F,19,1997-07-12,16,Jindrichuv Hradec,south Bohemia,GH,87092184,SIPO,Servicios del Hogar,11053.0
45212,10645,13090,F,18,1996-12-21,2,Benesov,central Bohemia,AB,62736219,UVER,Cuota de Prestamo,5787.0
45213,10645,13090,F,18,1996-12-21,2,Benesov,central Bohemia,MN,86990302,SIPO,Servicios del Hogar,3740.0
45221,10650,13095,M,48,1997-09-09,76,Sumperk,north Moravia,QR,49945110,UVER,Cuota de Prestamo,4088.0
45222,10650,13095,M,48,1997-09-09,76,Sumperk,north Moravia,WX,40695470,SIPO,Servicios del Hogar,10356.0
45224,10652,13098,F,20,1997-03-18,1,Hl.m. Praha,Prague,UV,59188014,UVER,Cuota de Prestamo,3810.0
45225,10652,13098,F,20,1997-03-18,1,Hl.m. Praha,Prague,MN,74468493,SIPO,Servicios del Hogar,1290.0
45226,10652,13098,F,20,1997-03-18,1,Hl.m. Praha,Prague,QR,87759685,SIN_ESPECIFICAR,Sin Especificar,2362.0
45244,10663,13113,M,22,1993-12-08,11,Praha - zapad,central Bohemia,MN,48801767,UVER,Cuota de Prestamo,7223.0
45245,10663,13113,M,22,1993-12-08,11,Praha - zapad,central Bohemia,YZ,75102978,SIPO,Servicios del Hogar,4782.0
45246,10663,13113,M,22,1993-12-08,11,Praha - zapad,central Bohemia,YZ,54900079,SIN_ESPECIFICAR,Sin Especificar,9317.0
45271,10679,13134,F,36,1997-05-30,1,Hl.m. Praha,Prague,AB,88228171,UVER,Cuota de Prestamo,8242.0
45272,10679,13134,F,36,1997-05-30,1,Hl.m. Praha,Prague,UV,90083878,SIPO,Servicios del Hogar,6670.0
45324,10711,13172,M,60,1996-07-08,36,Liberec,north Bohemia,MN,4543543,SIPO,Servicios del Hogar,2714.0
45325,10711,13172,M,60,1996-07-08,36,Liberec,north Bohemia,OP,49912905,SIN_ESPECIFICAR,Sin Especificar,413.0
45326,10711,13172,M,60,1996-07-08,36,Liberec,north Bohemia,WX,75319576,POJISTNE,Pago de Seguros,85.0
45327,10711,13172,M,60,1996-07-08,36,Liberec,north Bohemia,EF,39264708,SIN_ESPECIFICAR,Sin Especificar,443.0
45328,10711,13172,M,60,1996-07-08,36,Liberec,north Bohemia,GH,56366127,UVER,Cuota de Prestamo,403.0
45347,10728,13190,M,42,1994-12-23,71,Novy Jicin,north Moravia,QR,3507805,UVER,Cuota de Prestamo,3222.0
45348,10728,13190,M,42,1994-12-23,71,Novy Jicin,north Moravia,UV,56014490,SIPO,Servicios del Hogar,3867.0
45363,10738,13201,M,61,1993-04-17,45,Jicin,east Bohemia,UV,56781524,UVER,Cuota de Prestamo,3222.0
45364,10738,13201,M,61,1993-04-17,45,Jicin,east Bohemia,CD,73939931,SIPO,Servicios del Hogar,186.0
45365,10738,13201,M,61,1993-04-17,45,Jicin,east Bohemia,CD,41088736,SIN_ESPECIFICAR,Sin Especificar,8042.0
45401,10762,13231,M,39,1995-10-23,1,Hl.m. Praha,Prague,WX,41995155,SIPO,Servicios del Hogar,5435.0
45402,10762,13231,M,39,1995-10-23,1,Hl.m. Praha,Prague,YZ,96996306,UVER,Cuota de Prestamo,1912.0
45417,10774,13246,F,56,1997-07-05,46,Nachod,east Bohemia,AB,56546854,SIPO,Servicios del Hogar,3728.0
45418,10774,13246,F,56,1997-07-05,46,Nachod,east Bohemia,QR,93903570,UVER,Cuota de Prestamo,7066.0
45433,10788,13260,F,21,1993-11-22,67,Bruntal,north Moravia,EF,82111698,UVER,Cuota de Prestamo,3814.0
45435,10789,13261,M,54,1996-09-18,75,Prerov,north Moravia,IJ,33691179,UVER,Cuota de Prestamo,3814.0
45436,10789,13261,M,54,1996-09-18,75,Prerov,north Moravia,GH,34503346,SIPO,Servicios del Hogar,10340.0
45437,10789,13261,M,54,1996-09-18,75,Prerov,north Moravia,GH,94227504,SIN_ESPECIFICAR,Sin Especificar,933.0
45438,10789,13261,M,54,1996-09-18,75,Prerov,north Moravia,AB,38727879,POJISTNE,Pago de Seguros,2670.0
45448,10799,13276,M,21,1997-08-19,76,Sumperk,north Moravia,UV,80825555,UVER,Cuota de Prestamo,519.0
45455,10807,13285,M,63,1996-03-13,34,Chomutov,north Bohemia,EF,29934013,UVER,Cuota de Prestamo,5623.0
45460,10812,13290,M,57,1997-04-08,16,Jindrichuv Hradec,south Bohemia,IJ,5287313,UVER,Cuota de Prestamo,2931.0
45536,10857,13346,M,42,1996-10-02,50,Svitavy,east Bohemia,UV,47286009,UVER,Cuota de Prestamo,6426.0
45575,10884,13380,M,56,1995-02-20,65,Znojmo,south Moravia,IJ,46969729,UVER,Cuota de Prestamo,3154.0
45576,10884,13380,M,56,1995-02-20,65,Znojmo,south Moravia,EF,72628474,SIPO,Servicios del Hogar,1326.0
45577,10884,13380,M,56,1995-02-20,65,Znojmo,south Moravia,QR,42624378,SIN_ESPECIFICAR,Sin Especificar,4408.0
45605,10904,13404,M,32,1993-11-26,48,Rychnov nad Kneznou,east Bohemia,IJ,77286952,LEASING,Arrendamiento / Leasing,538.0
45606,10905,13405,M,40,1996-11-21,32,Ceska Lipa,north Bohemia,AB,20420891,SIPO,Servicios del Hogar,2939.0
45607,10905,13405,M,40,1996-11-21,32,Ceska Lipa,north Bohemia,EF,13832676,SIN_ESPECIFICAR,Sin Especificar,1682.0
45608,10905,13405,M,40,1996-11-21,32,Ceska Lipa,north Bohemia,KL,88619136,UVER,Cuota de Prestamo,1190.0
45612,10911,13412,M,44,1993-05-29,1,Hl.m. Praha,Prague,QR,35383486,UVER,Cuota de Prestamo,3647.0
45613,10911,13412,M,44,1993-05-29,1,Hl.m. Praha,Prague,YZ,70292973,SIPO,Servicios del Hogar,7312.0
45618,10915,13417,F,47,1997-02-15,25,Klatovy,west Bohemia,AB,40481370,UVER,Cuota de Prestamo,2541.0
45619,10915,13417,F,47,1997-02-15,25,Klatovy,west Bohemia,CD,80617797,SIPO,Servicios del Hogar,2596.0
45620,10915,13417,F,47,1997-02-15,25,Klatovy,west Bohemia,GH,27411347,SIN_ESPECIFICAR,Sin Especificar,390.0
45621,10915,13417,F,47,1997-02-15,25,Klatovy,west Bohemia,IJ,40923118,POJISTNE,Pago de Seguros,3651.0
45622,10915,13417,F,47,1997-02-15,25,Klatovy,west Bohemia,WX,53494477,SIN_ESPECIFICAR,Sin Especificar,4520.0
45666,10940,13447,F,28,1993-09-13,50,Svitavy,east Bohemia,KL,1789451,SIPO,Servicios del Hogar,7517.0
45667,10940,13447,F,28,1993-09-13,50,Svitavy,east Bohemia,YZ,91803866,UVER,Cuota de Prestamo,5493.0
45669,10942,13451,F,43,1994-06-05,44,Chrudim,east Bohemia,IJ,35088640,UVER,Cuota de Prestamo,5242.0
45670,10942,13451,F,43,1994-06-05,44,Chrudim,east Bohemia,AB,71402126,SIPO,Servicios del Hogar,10472.0
45688,10954,13468,M,38,1996-07-29,25,Klatovy,west Bohemia,ST,11468434,UVER,Cuota de Prestamo,312.0
45704,10963,13480,M,45,1995-05-20,16,Jindrichuv Hradec,south Bohemia,AB,61788761,UVER,Cuota de Prestamo,3217.0
45717,10973,13490,F,29,1993-04-20,18,Pisek,south Bohemia,OP,88414823,UVER,Cuota de Prestamo,3217.0
45776,11013,13539,M,20,1993-02-14,1,Hl.m. Praha,Prague,YZ,91721045,UVER,Cuota de Prestamo,4579.0
45777,11013,13539,M,20,1993-02-14,1,Hl.m. Praha,Prague,CD,27690512,SIPO,Servicios del Hogar,756.0
45778,11013,13539,M,20,1993-02-14,1,Hl.m. Praha,Prague,IJ,43103534,SIN_ESPECIFICAR,Sin Especificar,9499.0
45793,11021,13548,M,22,1993-08-10,1,Hl.m. Praha,Prague,KL,1485199,UVER,Cuota de Prestamo,7041.0
45800,11027,13556,M,40,1996-07-26,32,Ceska Lipa,north Bohemia,QR,81596547,UVER,Cuota de Prestamo,2004.0
45801,11027,13556,M,40,1996-07-26,32,Ceska Lipa,north Bohemia,GH,23646575,SIPO,Servicios del Hogar,3799.0
45826,11042,13576,M,24,1995-01-29,72,Olomouc,north Moravia,EF,86233681,UVER,Cuota de Prestamo,6032.0
45827,11042,13576,M,24,1995-01-29,72,Olomouc,north Moravia,UV,59894961,SIPO,Servicios del Hogar,8436.0
45845,11053,13588,M,24,1997-05-27,46,Nachod,east Bohemia,KL,79624074,LEASING,Arrendamiento / Leasing,3619.0
45846,11054,13590,M,21,1996-02-01,59,Kromeriz,south Moravia,KL,99520563,UVER,Cuota de Prestamo,2482.0
45847,11054,13590,M,21,1996-02-01,59,Kromeriz,south Moravia,EF,28344845,SIPO,Servicios del Hogar,11506.0
45868,11065,13603,M,57,1993-03-19,11,Praha - zapad,central Bohemia,MN,13170600,UVER,Cuota de Prestamo,1445.0
45873,11069,13608,F,35,1995-06-02,37,Litomerice,north Bohemia,QR,55347859,UVER,Cuota de Prestamo,2482.0
45885,11079,13620,M,28,1995-11-10,16,Jindrichuv Hradec,south Bohemia,UV,40114671,UVER,Cuota de Prestamo,8192.0
45902,11096,13640,F,43,1996-12-10,28,Plzen - sever,west Bohemia,QR,41980844,SIPO,Servicios del Hogar,6661.0
45903,11096,13640,F,43,1996-12-10,28,Plzen - sever,west Bohemia,WX,43682754,UVER,Cuota de Prestamo,3555.0
45922,11111,13657,F,35,1993-05-20,1,Hl.m. Praha,Prague,MN,63972902,UVER,Cuota de Prestamo,3005.0
45923,11111,13657,F,35,1993-05-20,1,Hl.m. Praha,Prague,CD,17909336,SIPO,Servicios del Hogar,4736.0
45969,11135,13687,M,39,1993-10-10,75,Prerov,north Moravia,OP,24313068,SIPO,Servicios del Hogar,3264.0
45970,11135,13687,M,39,1993-10-10,75,Prerov,north Moravia,UV,31748539,UVER,Cuota de Prestamo,5073.0
45974,11138,13690,M,35,1995-08-18,70,Karvina,north Moravia,YZ,73215025,UVER,Cuota de Prestamo,3745.0
45978,11141,13694,F,22,1997-02-11,1,Hl.m. Praha,Prague,QR,68096905,UVER,Cuota de Prestamo,3745.0
46055,11186,13750,F,18,1994-11-24,12,Pribram,central Bohemia,UV,92339318,UVER,Cuota de Prestamo,6541.0
46056,11186,13750,F,18,1994-11-24,12,Pribram,central Bohemia,WX,55896991,SIPO,Servicios del Hogar,9810.0
46125,11231,13803,M,51,1997-02-05,1,Hl.m. Praha,Prague,CD,69176065,UVER,Cuota de Prestamo,7441.0
46126,11231,13803,M,51,1997-02-05,1,Hl.m. Praha,Prague,AB,4824811,SIPO,Servicios del Hogar,9783.0
46127,11231,13803,M,51,1997-02-05,1,Hl.m. Praha,Prague,UV,15493494,SIN_ESPECIFICAR,Sin Especificar,229.0
46149,11244,13820,F,50,1997-01-12,33,Decin,north Bohemia,KL,40766275,UVER,Cuota de Prestamo,6491.0
46150,11244,13820,F,50,1997-01-12,33,Decin,north Bohemia,EF,90770136,SIPO,Servicios del Hogar,12154.0
46184,11265,13845,M,25,1993-01-14,15,Cesky Krumlov,south Bohemia,KL,37816989,SIPO,Servicios del Hogar,506.0
46185,11265,13845,M,25,1993-01-14,15,Cesky Krumlov,south Bohemia,WX,80508869,SIN_ESPECIFICAR,Sin Especificar,2607.0
46186,11265,13845,M,25,1993-01-14,15,Cesky Krumlov,south Bohemia,KL,33709621,UVER,Cuota de Prestamo,4399.0
46193,11271,13852,M,26,1995-09-20,5,Kolin,central Bohemia,QR,24716264,UVER,Cuota de Prestamo,1870.0
46194,11271,13852,M,26,1995-09-20,5,Kolin,central Bohemia,EF,69184708,SIPO,Servicios del Hogar,5808.0
46195,11271,13852,M,26,1995-09-20,5,Kolin,central Bohemia,AB,31909245,SIN_ESPECIFICAR,Sin Especificar,2364.0
46196,11271,13852,M,26,1995-09-20,5,Kolin,central Bohemia,IJ,36822885,POJISTNE,Pago de Seguros,516.0
46258,11317,13912,M,23,1997-07-11,50,Svitavy,east Bohemia,CD,66904526,UVER,Cuota de Prestamo,5291.0
46259,11317,13912,M,23,1997-07-11,50,Svitavy,east Bohemia,KL,72136521,SIPO,Servicios del Hogar,3849.0
46260,11317,13912,M,23,1997-07-11,50,Svitavy,east Bohemia,YZ,43205881,SIN_ESPECIFICAR,Sin Especificar,2784.0
46273,11327,13923,F,19,1997-10-15,7,Melnik,central Bohemia,YZ,5815422,SIPO,Servicios del Hogar,3693.0
46274,11327,13923,F,19,1997-10-15,7,Melnik,central Bohemia,CD,61814498,UVER,Cuota de Prestamo,1632.0
46275,11328,13924,F,46,1996-11-05,54,Brno - mesto,south Moravia,YZ,75745355,UVER,Cuota de Prestamo,4674.0
46289,11333,13931,M,56,1994-05-26,8,Mlada Boleslav,central Bohemia,IJ,99705963,LEASING,Arrendamiento / Leasing,3287.0
46311,11349,13955,F,53,1995-05-26,1,Hl.m. Praha,Prague,KL,66436326,UVER,Cuota de Prestamo,6998.0
46312,11349,13955,F,53,1995-05-26,1,Hl.m. Praha,Prague,GH,57291018,SIPO,Servicios del Hogar,10886.0
46328,11359,13968,M,30,1994-10-01,61,Trebic,south Moravia,EF,37834555,UVER,Cuota de Prestamo,4502.0
46329,11359,13968,M,30,1994-10-01,61,Trebic,south Moravia,OP,33080721,SIPO,Servicios del Hogar,4518.0
46330,11359,13968,M,30,1994-10-01,61,Trebic,south Moravia,AB,90330576,SIN_ESPECIFICAR,Sin Especificar,254.0
46334,11362,13971,F,36,1995-10-14,67,Bruntal,north Moravia,YZ,70641225,SIPO,Servicios del Hogar,4780.0
46335,11362,13971,F,36,1995-10-14,67,Bruntal,north Moravia,MN,78507822,SIN_ESPECIFICAR,Sin Especificar,56.0
46336,11362,13971,F,36,1995-10-14,67,Bruntal,north Moravia,ST,40799850,POJISTNE,Pago de Seguros,330.0
46337,11362,13971,F,36,1995-10-14,67,Bruntal,north Moravia,KL,20009470,SIN_ESPECIFICAR,Sin Especificar,129.0
46338,11362,13971,F,36,1995-10-14,67,Bruntal,north Moravia,MN,61540514,UVER,Cuota de Prestamo,5392.0
