id_prestamo,fecha_otorgamiento,anio_otorgamiento,mes_otorgamiento,id_cliente,sexo_cliente,edad_cliente,tipo_disposicion,id_cuenta,frecuencia_emision_estado,id_distrito,nombre_distrito,region,poblacion_distrito,salario_distrito,desempleo_distrito,crimen_distrito,estado_prestamo,condicion_prestamo,descripcion_estado,monto_prestamo,plazo_meses,pago_mensual,saldo_pendiente_estimado
4959,1994-01-05,1994,1,2,M,53,OWNER,2,POPLATEK MESICNE,1,Hl.m. Praha,Prague,1204953,12541.0,0.0,85677.0,A,Cerrado,Pagado sin problemas,80952.0,24,3373.0,0.0
4961,1996-04-29,1996,4,25,F,59,OWNER,19,POPLATEK MESICNE,21,Tabor,south Bohemia,103347,9104.0,2.0,2299.0,B,Cerrado,"Pagado, contrato terminado con deuda",30276.0,12,2523.0,30276.0
4962,1997-12-08,1997,12,31,M,36,OWNER,25,POPLATEK MESICNE,68,Frydek - Mistek,north Moravia,228848,9893.0,4.0,5623.0,A,Cerrado,Pagado sin problemas,30276.0,12,2523.0,0.0
4967,1998-10-14,1998,10,45,M,46,OWNER,37,POPLATEK MESICNE,20,Strakonice,south Bohemia,70646,8547.0,3.0,1563.0,D,Vigente,"En curso, en mora",318480.0,60,5308.0,318480.0
4968,1998-04-19,1998,4,46,F,58,OWNER,38,POPLATEK TYDNE,19,Prachatice,south Bohemia,51428,8402.0,3.0,999.0,C,Vigente,"En curso, al dia",110736.0,48,2307.0,110736.0
4973,1996-05-02,1996,5,78,F,54,OWNER,67,POPLATEK MESICNE,16,Jindrichuv Hradec,south Bohemia,93931,8427.0,1.0,1874.0,A,Cerrado,Pagado sin problemas,165960.0,24,6915.0,0.0
4986,1997-08-10,1997,8,116,M,56,OWNER,97,POPLATEK MESICNE,74,Ostrava - mesto,north Moravia,323870,10673.0,5.0,18782.0,A,Cerrado,Pagado sin problemas,102876.0,12,8573.0,0.0
4988,1997-12-06,1997,12,124,M,31,OWNER,103,POPLATEK MESICNE,44,Chrudim,east Bohemia,105606,8254.0,3.0,2166.0,D,Vigente,"En curso, en mora",265320.0,36,7370.0,265320.0
4989,1998-12-05,1998,12,127,F,48,OWNER,105,POPLATEK MESICNE,21,Tabor,south Bohemia,103347,9104.0,2.0,2299.0,C,Vigente,"En curso, al dia",352704.0,48,7348.0,352704.0
4990,1997-09-08,1997,9,132,M,45,OWNER,110,POPLATEK MESICNE,36,Liberec,north Bohemia,159617,9198.0,3.0,5796.0,C,Vigente,"En curso, al dia",162576.0,36,4516.0,162576.0
4996,1996-11-06,1996,11,158,F,53,OWNER,132,POPLATEK PO OBRATU,40,Teplice,north Bohemia,128118,9317.0,6.0,6949.0,A,Cerrado,Pagado sin problemas,88440.0,12,7370.0,0.0
5002,1994-05-31,1994,5,210,M,59,OWNER,173,POPLATEK MESICNE,66,Zdar nad Sazavou,south Moravia,125832,8512.0,4.0,2247.0,A,Cerrado,Pagado sin problemas,104808.0,12,8734.0,0.0
5005,1997-04-10,1997,4,215,M,31,OWNER,176,POPLATEK TYDNE,71,Novy Jicin,north Moravia,161227,8678.0,6.0,4980.0,A,Cerrado,Pagado sin problemas,27456.0,12,2288.0,0.0
5015,1998-07-12,1998,7,272,F,54,OWNER,226,POPLATEK MESICNE,70,Karvina,north Moravia,285387,10177.0,7.0,9878.0,C,Vigente,"En curso, al dia",109344.0,12,9112.0,109344.0
5027,1998-12-02,1998,12,333,M,27,OWNER,276,POPLATEK MESICNE,38,Louny,north Bohemia,85852,8965.0,7.0,2653.0,C,Vigente,"En curso, al dia",160920.0,36,4470.0,160920.0
5032,1994-11-03,1994,11,352,M,58,OWNER,290,POPLATEK MESICNE,56,Breclav,south Moravia,124605,8772.0,5.0,2854.0,A,Cerrado,Pagado sin problemas,123696.0,48,2577.0,0.0
5034,1998-05-30,1998,5,370,F,42,OWNER,303,POPLATEK MESICNE,71,Novy Jicin,north Moravia,161227,8678.0,6.0,4980.0,C,Vigente,"En curso, al dia",112752.0,36,3132.0,112752.0
5036,1998-11-25,1998,11,376,F,25,OWNER,309,POPLATEK MESICNE,14,Ceske Budejovice,south Bohemia,177686,10045.0,1.0,6604.0,C,Vigente,"En curso, al dia",91248.0,48,1901.0,91248.0
5039,1997-05-03,1997,5,383,F,59,OWNER,314,POPLATEK PO OBRATU,15,Cesky Krumlov,south Bohemia,58796,9045.0,3.0,1845.0,C,Vigente,"En curso, al dia",66840.0,24,2785.0,66840.0
5041,1997-07-11,1997,7,389,F,24,OWNER,319,POPLATEK TYDNE,47,Pardubice,east Bohemia,162580,9538.0,2.0,6079.0,C,Vigente,"En curso, al dia",369000.0,60,6150.0,369000.0
5042,1998-07-12,1998,7,403,F,25,OWNER,330,POPLATEK MESICNE,42,Havlickuv Brod,east Bohemia,95907,8388.0,2.0,1658.0,C,Vigente,"En curso, al dia",331584.0,48,6908.0,331584.0
5043,1997-12-25,1997,12,414,F,51,OWNER,339,POPLATEK TYDNE,46,Nachod,east Bohemia,112709,8369.0,2.0,2854.0,C,Vigente,"En curso, al dia",468060.0,60,7801.0,468060.0
5044,1994-12-21,1994,12,421,M,33,OWNER,344,POPLATEK MESICNE,54,Brno - mesto,south Moravia,387570,9897.0,2.0,18721.0,C,Vigente,"En curso, al dia",100980.0,60,1683.0,100980.0
5045,1995-05-01,1995,5,424,M,51,OWNER,347,POPLATEK MESICNE,65,Znojmo,south Moravia,114200,8403.0,6.0,2157.0,B,Cerrado,"Pagado, contrato terminado con deuda",187224.0,24,7801.0,187224.0
5046,1998-09-09,1998,9,426,M,61,OWNER,349,POPLATEK MESICNE,72,Olomouc,north Moravia,226122,8994.0,4.0,9672.0,C,Vigente,"En curso, al dia",42816.0,12,3568.0,42816.0
5051,1997-10-11,1997,10,458,M,37,OWNER,378,POPLATEK MESICNE,68,Frydek - Mistek,north Moravia,228848,9893.0,4.0,5623.0,C,Vigente,"En curso, al dia",230400.0,60,3840.0,230400.0
5060,1994-07-19,1994,7,512,F,33,OWNER,426,POPLATEK MESICNE,1,Hl.m. Praha,Prague,1204953,12541.0,0.0,85677.0,D,Vigente,"En curso, en mora",252060.0,60,4201.0,252060.0
5061,1998-03-13,1998,3,530,F,41,OWNER,440,POPLATEK MESICNE,29,Rokycany,west Bohemia,45714,8843.0,3.0,818.0,C,Vigente,"En curso, al dia",84288.0,48,1756.0,84288.0
5063,1997-07-10,1997,7,533,F,57,OWNER,442,POPLATEK MESICNE,54,Brno - mesto,south Moravia,387570,9897.0,2.0,18721.0,D,Vigente,"En curso, en mora",357840.0,48,7455.0,357840.0
5072,1997-04-28,1997,4,568,F,38,OWNER,472,POPLATEK MESICNE,8,Mlada Boleslav,central Bohemia,112065,11277.0,1.0,5179.0,D,Vigente,"En curso, en mora",196800.0,24,8200.0,196800.0
5082,1996-10-24,1996,10,603,F,32,OWNER,501,POPLATEK MESICNE,13,Rakovnik,central Bohemia,53921,8598.0,3.0,1597.0,C,Vigente,"En curso, al dia",262980.0,60,4383.0,262980.0
5086,1997-07-16,1997,7,631,F,42,OWNER,525,POPLATEK MESICNE,70,Karvina,north Moravia,285387,10177.0,7.0,9878.0,C,Vigente,"En curso, al dia",210384.0,48,4383.0,210384.0
5088,1996-08-22,1996,8,655,M,56,OWNER,544,POPLATEK MESICNE,32,Ceska Lipa,north Bohemia,105058,9272.0,3.0,4340.0,A,Cerrado,Pagado sin problemas,91152.0,24,3798.0,0.0
5103,1997-11-28,1997,11,798,F,58,OWNER,666,POPLATEK MESICNE,27,Plzen - jih,west Bohemia,67298,8561.0,1.0,1029.0,A,Cerrado,Pagado sin problemas,12540.0,12,1045.0,0.0
5110,1997-04-01,1997,4,810,F,53,OWNER,675,POPLATEK MESICNE,58,Jihlava,south Moravia,109164,8757.0,3.0,2212.0,C,Vigente,"En curso, al dia",102240.0,60,1704.0,102240.0
5117,1997-08-20,1997,8,861,F,42,OWNER,718,POPLATEK MESICNE,1,Hl.m. Praha,Prague,1204953,12541.0,0.0,85677.0,A,Cerrado,Pagado sin problemas,76944.0,12,6412.0,0.0
5124,1998-02-12,1998,2,939,M,46,OWNER,785,POPLATEK TYDNE,21,Tabor,south Bohemia,103347,9104.0,2.0,2299.0,C,Vigente,"En curso, al dia",156096.0,36,4336.0,156096.0
5125,1995-11-23,1995,11,944,M,28,OWNER,789,POPLATEK MESICNE,39,Most,north Bohemia,119895,10446.0,7.0,4947.0,C,Vigente,"En curso, al dia",73056.0,48,1522.0,73056.0
5126,1994-07-24,1994,7,946,M,47,OWNER,790,POPLATEK MESICNE,54,Brno - mesto,south Moravia,387570,9897.0,2.0,18721.0,B,Cerrado,"Pagado, contrato terminado con deuda",208128.0,48,4336.0,208128.0
5128,1996-04-11,1996,4,968,M,41,OWNER,808,POPLATEK MESICNE,69,Jesenik,north Moravia,42821,8173.0,,,D,Vigente,"En curso, en mora",215616.0,48,4492.0,215616.0
5130,1994-05-11,1994,5,976,F,43,OWNER,813,POPLATEK MESICNE,16,Jindrichuv Hradec,south Bohemia,93931,8427.0,1.0,1874.0,A,Cerrado,Pagado sin problemas,24312.0,12,2026.0,0.0
5131,1995-01-08,1995,1,980,M,37,OWNER,816,POPLATEK MESICNE,52,Usti nad Orlici,east Bohemia,139012,8363.0,3.0,2564.0,A,Cerrado,Pagado sin problemas,48624.0,24,2026.0,0.0
5132,1995-02-17,1995,2,981,M,38,OWNER,817,POPLATEK MESICNE,5,Kolin,central Bohemia,95616,9307.0,4.0,2616.0,C,Vigente,"En curso, al dia",538500.0,60,8975.0,538500.0
5134,1997-02-02,1997,2,992,M,50,OWNER,825,POPLATEK MESICNE,19,Prachatice,south Bohemia,51428,8402.0,3.0,999.0,A,Cerrado,Pagado sin problemas,53076.0,12,4423.0,0.0
5136,1996-07-28,1996,7,1020,F,21,OWNER,846,POPLATEK MESICNE,72,Olomouc,north Moravia,226122,8994.0,4.0,9672.0,A,Cerrado,Pagado sin problemas,187104.0,24,7796.0,0.0
5138,1995-05-30,1995,5,1029,F,44,OWNER,854,POPLATEK MESICNE,62,Uherske Hradiste,south Moravia,145688,8544.0,1.0,2719.0,C,Vigente,"En curso, al dia",87216.0,48,1817.0,87216.0
5140,1998-02-24,1998,2,1051,F,27,OWNER,873,POPLATEK MESICNE,73,Opava,north Moravia,182027,8746.0,3.0,4355.0,C,Vigente,"En curso, al dia",178500.0,60,2975.0,178500.0
5145,1995-09-16,1995,9,1102,M,63,OWNER,915,POPLATEK MESICNE,72,Olomouc,north Moravia,226122,8994.0,4.0,9672.0,C,Vigente,"En curso, al dia",309552.0,48,6449.0,309552.0
5147,1998-05-21,1998,5,1130,F,58,OWNER,938,POPLATEK MESICNE,70,Karvina,north Moravia,285387,10177.0,7.0,9878.0,C,Vigente,"En curso, al dia",22260.0,60,371.0,22260.0
5148,1996-05-29,1996,5,1133,F,40,OWNER,940,POPLATEK MESICNE,37,Litomerice,north Bohemia,114006,9065.0,4.0,4147.0,C,Vigente,"En curso, al dia",284280.0,60,4738.0,284280.0
5151,1995-05-24,1995,5,1157,F,40,OWNER,960,POPLATEK PO OBRATU,4,Kladno,central Bohemia,149893,9753.0,5.0,5244.0,C,Vigente,"En curso, al dia",189060.0,60,3151.0,189060.0
5154,1998-07-01,1998,7,1197,F,32,OWNER,993,POPLATEK MESICNE,6,Kutna Hora,central Bohemia,77963,8546.0,3.0,2640.0,C,Vigente,"En curso, al dia",108720.0,60,1812.0,108720.0
5158,1998-04-11,1998,4,1208,F,23,OWNER,1004,POPLATEK MESICNE,70,Karvina,north Moravia,285387,10177.0,7.0,9878.0,C,Vigente,"En curso, al dia",188532.0,36,5237.0,188532.0
5160,1995-12-18,1995,12,1215,M,54,OWNER,1011,POPLATEK MESICNE,45,Jicin,east Bohemia,77917,8390.0,2.0,2080.0,C,Vigente,"En curso, al dia",204000.0,60,3400.0,204000.0
5161,1994-10-28,1994,10,1216,F,53,OWNER,1012,POPLATEK MESICNE,65,Znojmo,south Moravia,114200,8403.0,6.0,2157.0,A,Cerrado,Pagado sin problemas,98184.0,24,4091.0,0.0
5169,1998-09-24,1998,9,1282,M,62,OWNER,1068,POPLATEK MESICNE,52,Usti nad Orlici,east Bohemia,139012,8363.0,3.0,2564.0,C,Vigente,"En curso, al dia",253200.0,60,4220.0,253200.0
5170,1994-01-20,1994,1,1286,F,48,OWNER,1071,POPLATEK TYDNE,68,Frydek - Mistek,north Moravia,228848,9893.0,4.0,5623.0,C,Vigente,"En curso, al dia",253200.0,60,4220.0,253200.0
5172,1998-04-16,1998,4,1300,M,19,OWNER,1083,POPLATEK MESICNE,45,Jicin,east Bohemia,77917,8390.0,2.0,2080.0,C,Vigente,"En curso, al dia",50976.0,36,1416.0,50976.0
5174,1997-06-13,1997,6,1311,F,42,OWNER,1093,POPLATEK MESICNE,54,Brno - mesto,south Moravia,387570,9897.0,2.0,18721.0,C,Vigente,"En curso, al dia",385104.0,48,8023.0,385104.0
5176,1994-11-12,1994,11,1327,F,35,OWNER,1106,POPLATEK TYDNE,20,Strakonice,south Bohemia,70646,8547.0,3.0,1563.0,B,Cerrado,"Pagado, contrato terminado con deuda",192552.0,24,8023.0,192552.0
5189,1994-02-07,1994,2,1404,F,30,OWNER,1166,POPLATEK MESICNE,11,Praha - zapad,central Bohemia,75637,9622.0,0.0,3475.0,A,Cerrado,Pagado sin problemas,149040.0,48,3105.0,0.0
5206,1997-09-07,1997,9,1499,F,47,OWNER,1242,POPLATEK PO OBRATU,74,Ostrava - mesto,north Moravia,323870,10673.0,5.0,18782.0,C,Vigente,"En curso, al dia",128544.0,24,5356.0,128544.0
5207,1997-02-28,1997,2,1501,M,52,OWNER,1244,POPLATEK MESICNE,68,Frydek - Mistek,north Moravia,228848,9893.0,4.0,5623.0,C,Vigente,"En curso, al dia",35904.0,48,748.0,35904.0
5208,1995-03-16,1995,3,1505,F,27,OWNER,1247,POPLATEK MESICNE,25,Klatovy,west Bohemia,88757,8554.0,2.0,1822.0,D,Vigente,"En curso, en mora",99696.0,48,2077.0,99696.0
5209,1996-11-25,1996,11,1509,F,56,OWNER,1250,POPLATEK MESICNE,62,Uherske Hradiste,south Moravia,145688,8544.0,1.0,2719.0,C,Vigente,"En curso, al dia",182640.0,48,3805.0,182640.0
5210,1997-04-01,1997,4,1511,F,36,OWNER,1252,POPLATEK TYDNE,13,Rakovnik,central Bohemia,53921,8598.0,3.0,1597.0,C,Vigente,"En curso, al dia",148140.0,36,4115.0,148140.0
5212,1995-05-29,1995,5,1516,F,52,OWNER,1256,POPLATEK MESICNE,38,Louny,north Bohemia,85852,8965.0,7.0,2653.0,A,Cerrado,Pagado sin problemas,71064.0,36,1974.0,0.0
5214,1997-07-01,1997,7,1533,M,38,OWNER,1270,POPLATEK PO OBRATU,55,Brno - venkov,south Moravia,157042,8743.0,2.0,3659.0,C,Vigente,"En curso, al dia",74772.0,36,2077.0,74772.0
5221,1998-12-05,1998,12,1554,M,54,OWNER,1284,POPLATEK MESICNE,55,Brno - venkov,south Moravia,157042,8743.0,2.0,3659.0,C,Vigente,"En curso, al dia",52512.0,12,4376.0,52512.0
5226,1998-10-11,1998,10,1594,M,59,OWNER,1318,POPLATEK MESICNE,56,Breclav,south Moravia,124605,8772.0,5.0,2854.0,C,Vigente,"En curso, al dia",185544.0,36,5154.0,185544.0
5229,1997-09-06,1997,9,1608,M,57,OWNER,1329,POPLATEK MESICNE,53,Blansko,south Moravia,107911,8240.0,3.0,1850.0,A,Cerrado,Pagado sin problemas,23520.0,12,1960.0,0.0
5236,1997-09-15,1997,9,1662,M,31,OWNER,1374,POPLATEK MESICNE,53,Blansko,south Moravia,107911,8240.0,3.0,1850.0,C,Vigente,"En curso, al dia",389136.0,48,8107.0,389136.0
5237,1995-08-29,1995,8,1663,M,41,OWNER,1375,POPLATEK MESICNE,19,Prachatice,south Bohemia,51428,8402.0,3.0,999.0,A,Cerrado,Pagado sin problemas,45336.0,24,1889.0,0.0
5241,1998-09-02,1998,9,1681,M,58,OWNER,1389,POPLATEK MESICNE,34,Chomutov,north Bohemia,125236,9675.0,6.0,5323.0,C,Vigente,"En curso, al dia",125472.0,24,5228.0,125472.0
5245,1998-01-17,1998,1,1705,F,52,OWNER,1407,POPLATEK PO OBRATU,19,Prachatice,south Bohemia,51428,8402.0,3.0,999.0,C,Vigente,"En curso, al dia",125472.0,24,5228.0,125472.0
5253,1997-06-03,1997,6,1755,F,33,OWNER,1447,POPLATEK MESICNE,65,Znojmo,south Moravia,114200,8403.0,6.0,2157.0,C,Vigente,"En curso, al dia",100080.0,48,2085.0,100080.0
5260,1998-01-19,1998,1,1793,F,53,OWNER,1480,POPLATEK TYDNE,41,Usti nad Labem,north Bohemia,118650,9832.0,3.0,6445.0,C,Vigente,"En curso, al dia",123300.0,36,3425.0,123300.0
5265,1998-10-07,1998,10,1816,M,47,OWNER,1498,POPLATEK TYDNE,62,Uherske Hradiste,south Moravia,145688,8544.0,1.0,2719.0,C,Vigente,"En curso, al dia",165780.0,60,2763.0,165780.0
5269,1994-11-19,1994,11,1851,F,23,OWNER,1527,POPLATEK PO OBRATU,31,Tachov,west Bohemia,51313,8930.0,4.0,1328.0,B,Cerrado,"Pagado, contrato terminado con deuda",164052.0,36,4557.0,164052.0
5270,1997-07-21,1997,7,1852,M,36,OWNER,1528,POPLATEK MESICNE,50,Svitavy,east Bohemia,102609,8187.0,5.0,2123.0,C,Vigente,"En curso, al dia",191088.0,48,3981.0,191088.0
5281,1997-11-27,1997,11,1913,M,30,OWNER,1580,POPLATEK MESICNE,69,Jesenik,north Moravia,42821,8173.0,,,C,Vigente,"En curso, al dia",194256.0,24,8094.0,194256.0
5282,1996-08-24,1996,8,1917,F,29,OWNER,1583,POPLATEK PO OBRATU,69,Jesenik,north Moravia,42821,8173.0,,,D,Vigente,"En curso, en mora",388512.0,48,8094.0,388512.0
5285,1994-02-06,1994,2,1944,F,41,OWNER,1603,POPLATEK MESICNE,1,Hl.m. Praha,Prague,1204953,12541.0,0.0,85677.0,A,Cerrado,Pagado sin problemas,78936.0,12,6578.0,0.0
5287,1998-01-26,1998,1,1985,M,61,OWNER,1638,POPLATEK TYDNE,6,Kutna Hora,central Bohemia,77963,8546.0,3.0,2640.0,C,Vigente,"En curso, al dia",64224.0,24,2676.0,64224.0
5293,1998-10-29,1998,10,2008,M,58,OWNER,1656,POPLATEK MESICNE,47,Pardubice,east Bohemia,162580,9538.0,2.0,6079.0,C,Vigente,"En curso, al dia",189792.0,48,3954.0,189792.0
5301,1996-07-06,1996,7,2063,F,48,OWNER,1698,POPLATEK MESICNE,68,Frydek - Mistek,north Moravia,228848,9893.0,4.0,5623.0,C,Vigente,"En curso, al dia",141948.0,36,3943.0,141948.0
5304,1998-08-20,1998,8,2083,M,55,OWNER,1718,POPLATEK MESICNE,71,Novy Jicin,north Moravia,161227,8678.0,6.0,4980.0,C,Vigente,"En curso, al dia",172272.0,24,7178.0,172272.0
5310,1995-04-28,1995,4,2136,F,58,OWNER,1762,POPLATEK MESICNE,28,Plzen - sever,west Bohemia,72541,8594.0,2.0,1580.0,A,Cerrado,Pagado sin problemas,248148.0,36,6893.0,0.0
5311,1996-06-15,1996,6,2141,M,47,OWNER,1766,POPLATEK MESICNE,28,Plzen - sever,west Bohemia,72541,8594.0,2.0,1580.0,C,Vigente,"En curso, al dia",30060.0,60,501.0,30060.0
5312,1996-03-13,1996,3,2148,F,45,OWNER,1772,POPLATEK TYDNE,31,Tachov,west Bohemia,51313,8930.0,4.0,1328.0,C,Vigente,"En curso, al dia",202788.0,36,5633.0,202788.0
5313,1998-05-27,1998,5,2153,F,49,OWNER,1776,POPLATEK MESICNE,36,Liberec,north Bohemia,159617,9198.0,3.0,5796.0,C,Vigente,"En curso, al dia",43200.0,24,1800.0,43200.0
5314,1993-07-05,1993,7,2166,F,51,OWNER,1787,POPLATEK TYDNE,30,Sokolov,west Bohemia,94812,9650.0,3.0,2985.0,B,Cerrado,"Pagado, contrato terminado con deuda",96396.0,12,8033.0,96396.0
5316,1993-07-11,1993,7,2181,M,30,OWNER,1801,POPLATEK MESICNE,46,Nachod,east Bohemia,112709,8369.0,2.0,2854.0,A,Cerrado,Pagado sin problemas,165960.0,36,4610.0,0.0
5318,1998-09-30,1998,9,2190,M,24,OWNER,1808,POPLATEK MESICNE,28,Plzen - sever,west Bohemia,72541,8594.0,2.0,1580.0,C,Vigente,"En curso, al dia",385584.0,48,8033.0,385584.0
5319,1994-06-23,1994,6,2195,F,56,OWNER,1811,POPLATEK MESICNE,40,Teplice,north Bohemia,128118,9317.0,6.0,6949.0,C,Vigente,"En curso, al dia",239460.0,60,3991.0,239460.0
5320,1998-01-11,1998,1,2205,M,46,OWNER,1819,POPLATEK TYDNE,55,Brno - venkov,south Moravia,157042,8743.0,2.0,3659.0,C,Vigente,"En curso, al dia",143676.0,36,3991.0,143676.0
5325,1993-08-03,1993,8,2235,F,58,OWNER,1843,POPLATEK MESICNE,12,Pribram,central Bohemia,107870,8754.0,4.0,3804.0,A,Cerrado,Pagado sin problemas,105804.0,36,2939.0,0.0
5329,1996-10-16,1996,10,2259,F,48,OWNER,1862,POPLATEK TYDNE,19,Prachatice,south Bohemia,51428,8402.0,3.0,999.0,C,Vigente,"En curso, al dia",396120.0,60,6602.0,396120.0
5332,1998-01-29,1998,1,2267,F,32,OWNER,1869,POPLATEK MESICNE,1,Hl.m. Praha,Prague,1204953,12541.0,0.0,85677.0,C,Vigente,"En curso, al dia",37944.0,36,1054.0,37944.0
5334,1998-09-10,1998,9,2277,M,19,OWNER,1876,POPLATEK MESICNE,1,Hl.m. Praha,Prague,1204953,12541.0,0.0,85677.0,C,Vigente,"En curso, al dia",209040.0,24,8710.0,209040.0
5337,1996-07-31,1996,7,2288,F,41,OWNER,1886,POPLATEK MESICNE,32,Ceska Lipa,north Bohemia,105058,9272.0,3.0,4340.0,C,Vigente,"En curso, al dia",162468.0,36,4513.0,162468.0
5338,1997-08-30,1997,8,2291,M,41,OWNER,1888,POPLATEK MESICNE,6,Kutna Hora,central Bohemia,77963,8546.0,3.0,2640.0,B,Cerrado,"Pagado, contrato terminado con deuda",57360.0,12,4780.0,57360.0
5343,1997-10-08,1997,10,2316,M,28,OWNER,1906,POPLATEK MESICNE,1,Hl.m. Praha,Prague,1204953,12541.0,0.0,85677.0,C,Vigente,"En curso, al dia",44952.0,24,1873.0,44952.0
5346,1998-12-06,1998,12,2342,M,50,OWNER,1928,POPLATEK MESICNE,70,Karvina,north Moravia,285387,10177.0,7.0,9878.0,C,Vigente,"En curso, al dia",55632.0,24,2318.0,55632.0
5350,1996-04-21,1996,4,2392,M,43,OWNER,1967,POPLATEK TYDNE,26,Plzen - mesto,west Bohemia,170449,10787.0,3.0,6041.0,C,Vigente,"En curso, al dia",249312.0,48,5194.0,249312.0
5351,1994-12-04,1994,12,2403,F,35,OWNER,1978,POPLATEK TYDNE,57,Hodonin,south Moravia,161954,8720.0,4.0,3729.0,A,Cerrado,Pagado sin problemas,205200.0,36,5700.0,0.0
5352,1995-04-15,1995,4,2422,F,22,OWNER,1993,POPLATEK MESICNE,68,Frydek - Mistek,north Moravia,228848,9893.0,4.0,5623.0,B,Cerrado,"Pagado, contrato terminado con deuda",68400.0,12,5700.0,68400.0
5354,1998-07-14,1998,7,2430,M,61,OWNER,2000,POPLATEK MESICNE,5,Kolin,central Bohemia,95616,9307.0,4.0,2616.0,C,Vigente,"En curso, al dia",290820.0,60,4847.0,290820.0
5358,1997-01-21,1997,1,2451,M,59,OWNER,2018,POPLATEK MESICNE,42,Havlickuv Brod,east Bohemia,95907,8388.0,2.0,1658.0,A,Cerrado,Pagado sin problemas,38520.0,12,3210.0,0.0
5360,1998-01-25,1998,1,2470,M,55,OWNER,2035,POPLATEK MESICNE,53,Blansko,south Moravia,107911,8240.0,3.0,1850.0,C,Vigente,"En curso, al dia",176328.0,36,4898.0,176328.0
5363,1997-04-22,1997,4,2489,F,23,OWNER,2051,POPLATEK TYDNE,64,Zlin,south Moravia,197099,9624.0,2.0,4484.0,D,Vigente,"En curso, en mora",293880.0,60,4898.0,293880.0
5365,1998-07-19,1998,7,2494,M,27,OWNER,2055,POPLATEK MESICNE,37,Litomerice,north Bohemia,114006,9065.0,4.0,4147.0,C,Vigente,"En curso, al dia",271260.0,60,4521.0,271260.0
5366,1996-10-29,1996,10,2501,F,58,OWNER,2062,POPLATEK MESICNE,70,Karvina,north Moravia,285387,10177.0,7.0,9878.0,A,Cerrado,Pagado sin problemas,86184.0,12,7182.0,0.0
5367,1997-08-26,1997,8,2503,F,21,OWNER,2064,POPLATEK MESICNE,54,Brno - mesto,south Moravia,387570,9897.0,2.0,18721.0,C,Vigente,"En curso, al dia",83628.0,36,2323.0,83628.0
5368,1998-10-05,1998,10,2514,M,41,OWNER,2073,POPLATEK MESICNE,59,Kromeriz,south Moravia,108871,8444.0,3.0,2595.0,C,Vigente,"En curso, al dia",44640.0,24,1860.0,44640.0
5369,1997-09-12,1997,9,2522,M,61,OWNER,2080,POPLATEK MESICNE,74,Ostrava - mesto,north Moravia,323870,10673.0,5.0,18782.0,C,Vigente,"En curso, al dia",214596.0,36,5961.0,214596.0
5375,1996-10-03,1996,10,2550,F,22,OWNER,2106,POPLATEK MESICNE,1,Hl.m. Praha,Prague,1204953,12541.0,0.0,85677.0,A,Cerrado,Pagado sin problemas,101520.0,12,8460.0,0.0
5377,1997-08-04,1997,8,2560,F,24,OWNER,2116,POPLATEK MESICNE,70,Karvina,north Moravia,285387,10177.0,7.0,9878.0,A,Cerrado,Pagado sin problemas,92400.0,12,7700.0,0.0
5382,1997-03-17,1997,3,2581,F,45,OWNER,2134,POPLATEK MESICNE,52,Usti nad Orlici,east Bohemia,139012,8363.0,3.0,2564.0,C,Vigente,"En curso, al dia",22932.0,36,637.0,22932.0
5384,1998-03-07,1998,3,2590,F,34,OWNER,2142,POPLATEK MESICNE,42,Havlickuv Brod,east Bohemia,95907,8388.0,2.0,1658.0,C,Vigente,"En curso, al dia",23328.0,12,1944.0,23328.0
5385,1996-09-09,1996,9,2592,F,18,OWNER,2143,POPLATEK MESICNE,1,Hl.m. Praha,Prague,1204953,12541.0,0.0,85677.0,C,Vigente,"En curso, al dia",71460.0,36,1985.0,71460.0
5388,1996-11-28,1996,11,2606,M,55,OWNER,2153,POPLATEK TYDNE,31,Tachov,west Bohemia,51313,8930.0,4.0,1328.0,A,Cerrado,Pagado sin problemas,61560.0,12,5130.0,0.0
5389,1997-08-22,1997,8,2621,M,42,OWNER,2165,POPLATEK MESICNE,51,Trutnov,east Bohemia,121947,8541.0,3.0,3496.0,C,Vigente,"En curso, al dia",78600.0,24,3275.0,78600.0
5390,1994-10-30,1994,10,2623,F,33,OWNER,2167,POPLATEK MESICNE,16,Jindrichuv Hradec,south Bohemia,93931,8427.0,1.0,1874.0,A,Cerrado,Pagado sin problemas,170256.0,24,7094.0,0.0
5395,1994-07-30,1994,7,2635,F,32,OWNER,2176,POPLATEK MESICNE,67,Bruntal,north Moravia,106054,8110.0,6.0,3244.0,B,Cerrado,"Pagado, contrato terminado con deuda",299088.0,36,8308.0,299088.0
5398,1997-11-04,1997,11,2647,M,58,OWNER,2187,POPLATEK TYDNE,9,Nymburk,central Bohemia,81344,8899.0,3.0,2987.0,A,Cerrado,Pagado sin problemas,53472.0,12,4456.0,0.0
5409,1995-11-18,1995,11,2686,F,47,OWNER,2218,POPLATEK MESICNE,19,Prachatice,south Bohemia,51428,8402.0,3.0,999.0,C,Vigente,"En curso, al dia",182040.0,60,3034.0,182040.0
5413,1995-12-12,1995,12,2698,F,28,OWNER,2227,POPLATEK TYDNE,31,Tachov,west Bohemia,51313,8930.0,4.0,1328.0,A,Cerrado,Pagado sin problemas,92976.0,24,3874.0,0.0
5414,1995-03-29,1995,3,2700,M,53,OWNER,2228,POPLATEK MESICNE,34,Chomutov,north Bohemia,125236,9675.0,6.0,5323.0,C,Vigente,"En curso, al dia",185952.0,48,3874.0,185952.0
5415,1996-09-26,1996,9,2708,M,40,OWNER,2236,POPLATEK MESICNE,73,Opava,north Moravia,182027,8746.0,3.0,4355.0,D,Vigente,"En curso, en mora",139464.0,36,3874.0,139464.0
5418,1995-01-16,1995,1,2719,F,34,OWNER,2245,POPLATEK MESICNE,29,Rokycany,west Bohemia,45714,8843.0,3.0,818.0,C,Vigente,"En curso, al dia",347952.0,48,7249.0,347952.0
5419,1997-02-05,1997,2,2720,F,49,OWNER,2246,POPLATEK MESICNE,1,Hl.m. Praha,Prague,1204953,12541.0,0.0,85677.0,C,Vigente,"En curso, al dia",415800.0,60,6930.0,415800.0
5420,1997-02-24,1997,2,2721,F,48,OWNER,2247,POPLATEK MESICNE,24,Karlovy Vary,west Bohemia,122603,8991.0,1.0,5198.0,C,Vigente,"En curso, al dia",72504.0,24,3021.0,72504.0
5428,1998-12-02,1998,12,2739,M,48,OWNER,2262,POPLATEK MESICNE,13,Rakovnik,central Bohemia,53921,8598.0,3.0,1597.0,C,Vigente,"En curso, al dia",230220.0,36,6395.0,230220.0
5429,1996-07-18,1996,7,2746,M,27,OWNER,2268,POPLATEK MESICNE,1,Hl.m. Praha,Prague,1204953,12541.0,0.0,85677.0,C,Vigente,"En curso, al dia",20196.0,36,561.0,20196.0
5435,1998-06-01,1998,6,2759,M,24,OWNER,2279,POPLATEK TYDNE,2,Benesov,central Bohemia,88884,8507.0,2.0,2159.0,C,Vigente,"En curso, al dia",314688.0,48,6556.0,314688.0
5445,1996-06-29,1996,6,2809,M,19,OWNER,2322,POPLATEK MESICNE,33,Decin,north Bohemia,133777,8705.0,6.0,4650.0,A,Cerrado,Pagado sin problemas,46320.0,24,1930.0,0.0
5446,1997-08-04,1997,8,2822,M,40,OWNER,2334,POPLATEK MESICNE,50,Svitavy,east Bohemia,102609,8187.0,5.0,2123.0,C,Vigente,"En curso, al dia",48312.0,24,2013.0,48312.0
5447,1997-11-12,1997,11,2823,F,52,OWNER,2335,POPLATEK MESICNE,70,Karvina,north Moravia,285387,10177.0,7.0,9878.0,D,Vigente,"En curso, en mora",541200.0,60,9020.0,541200.0
5449,1995-11-04,1995,11,2831,F,18,OWNER,2343,POPLATEK MESICNE,68,Frydek - Mistek,north Moravia,228848,9893.0,4.0,5623.0,A,Cerrado,Pagado sin problemas,99336.0,24,4139.0,0.0
5450,1994-12-11,1994,12,2834,M,49,OWNER,2345,POPLATEK MESICNE,5,Kolin,central Bohemia,95616,9307.0,4.0,2616.0,C,Vigente,"En curso, al dia",199680.0,60,3328.0,199680.0
5451,1997-05-11,1997,5,2841,F,25,OWNER,2350,POPLATEK MESICNE,18,Pisek,south Bohemia,70699,8968.0,3.0,1740.0,C,Vigente,"En curso, al dia",159744.0,48,3328.0,159744.0
5452,1996-04-29,1996,4,2843,F,32,OWNER,2352,POPLATEK MESICNE,70,Karvina,north Moravia,285387,10177.0,7.0,9878.0,C,Vigente,"En curso, al dia",49440.0,60,824.0,49440.0
5453,1995-04-01,1995,4,2853,F,42,OWNER,2361,POPLATEK MESICNE,28,Plzen - sever,west Bohemia,72541,8594.0,2.0,1580.0,A,Cerrado,Pagado sin problemas,156672.0,36,4352.0,0.0
5463,1998-10-06,1998,10,2915,F,44,OWNER,2413,POPLATEK MESICNE,33,Decin,north Bohemia,133777,8705.0,6.0,4650.0,C,Vigente,"En curso, al dia",17952.0,12,1496.0,17952.0
5464,1995-01-30,1995,1,2922,M,58,OWNER,2419,POPLATEK MESICNE,24,Karlovy Vary,west Bohemia,122603,8991.0,1.0,5198.0,A,Cerrado,Pagado sin problemas,95808.0,12,7984.0,0.0
5469,1997-12-26,1997,12,2952,F,20,OWNER,2445,POPLATEK MESICNE,52,Usti nad Orlici,east Bohemia,139012,8363.0,3.0,2564.0,C,Vigente,"En curso, al dia",293160.0,60,4886.0,293160.0
5470,1996-04-15,1996,4,2966,M,43,OWNER,2456,POPLATEK MESICNE,65,Znojmo,south Moravia,114200,8403.0,6.0,2157.0,C,Vigente,"En curso, al dia",200976.0,48,4187.0,200976.0
5479,1994-01-10,1994,1,3001,M,40,OWNER,2486,POPLATEK MESICNE,1,Hl.m. Praha,Prague,1204953,12541.0,0.0,85677.0,A,Cerrado,Pagado sin problemas,24516.0,12,2043.0,0.0
5482,1996-01-12,1996,1,3013,F,48,OWNER,2496,POPLATEK MESICNE,51,Trutnov,east Bohemia,121947,8541.0,3.0,3496.0,C,Vigente,"En curso, al dia",165120.0,60,2752.0,165120.0
5486,1997-06-13,1997,6,3038,F,52,OWNER,2516,POPLATEK MESICNE,6,Kutna Hora,central Bohemia,77963,8546.0,3.0,2640.0,C,Vigente,"En curso, al dia",466608.0,48,9721.0,466608.0
5491,1998-02-13,1998,2,3072,M,62,OWNER,2545,POPLATEK MESICNE,1,Hl.m. Praha,Prague,1204953,12541.0,0.0,85677.0,C,Vigente,"En curso, al dia",428784.0,48,8933.0,428784.0
5494,1996-06-13,1996,6,3103,F,25,OWNER,2572,POPLATEK PO OBRATU,64,Zlin,south Moravia,197099,9624.0,2.0,4484.0,C,Vigente,"En curso, al dia",360000.0,48,7500.0,360000.0
5495,1996-08-02,1996,8,3113,F,27,OWNER,2580,POPLATEK MESICNE,60,Prostejov,south Moravia,110643,8441.0,3.0,1879.0,C,Vigente,"En curso, al dia",89340.0,60,1489.0,89340.0
5501,1998-05-21,1998,5,3163,F,34,OWNER,2622,POPLATEK MESICNE,1,Hl.m. Praha,Prague,1204953,12541.0,0.0,85677.0,C,Vigente,"En curso, al dia",136344.0,24,5681.0,136344.0
5519,1994-03-08,1994,3,3251,F,36,OWNER,2694,POPLATEK MESICNE,7,Melnik,central Bohemia,94725,9920.0,2.0,4289.0,A,Cerrado,Pagado sin problemas,91632.0,12,7636.0,0.0
5520,1998-08-30,1998,8,3257,F,20,OWNER,2699,POPLATEK MESICNE,73,Opava,north Moravia,182027,8746.0,3.0,4355.0,C,Vigente,"En curso, al dia",231168.0,48,4816.0,231168.0
5523,1993-12-08,1993,12,3264,F,48,OWNER,2705,POPLATEK PO OBRATU,63,Vyskov,south Moravia,86513,8288.0,4.0,1562.0,A,Cerrado,Pagado sin problemas,93888.0,36,2608.0,0.0
5525,1998-04-27,1998,4,3284,M,62,OWNER,2720,POPLATEK TYDNE,2,Benesov,central Bohemia,88884,8507.0,2.0,2159.0,C,Vigente,"En curso, al dia",93888.0,36,2608.0,93888.0
5526,1998-11-08,1998,11,3291,M,51,OWNER,2725,POPLATEK MESICNE,52,Usti nad Orlici,east Bohemia,139012,8363.0,3.0,2564.0,C,Vigente,"En curso, al dia",69624.0,36,1934.0,69624.0
5527,1998-06-15,1998,6,3294,M,41,OWNER,2728,POPLATEK TYDNE,52,Usti nad Orlici,east Bohemia,139012,8363.0,3.0,2564.0,C,Vigente,"En curso, al dia",156420.0,60,2607.0,156420.0
5531,1997-09-30,1997,9,3324,F,27,OWNER,2753,POPLATEK MESICNE,26,Plzen - mesto,west Bohemia,170449,10787.0,3.0,6041.0,C,Vigente,"En curso, al dia",66432.0,24,2768.0,66432.0
5532,1997-05-04,1997,5,3326,F,46,OWNER,2754,POPLATEK TYDNE,57,Hodonin,south Moravia,161954,8720.0,4.0,3729.0,C,Vigente,"En curso, al dia",335280.0,48,6985.0,335280.0
5533,1994-07-05,1994,7,3335,M,31,OWNER,2762,POPLATEK MESICNE,19,Prachatice,south Bohemia,51428,8402.0,3.0,999.0,A,Cerrado,Pagado sin problemas,111384.0,24,4641.0,0.0
5549,1994-07-16,1994,7,3414,F,51,OWNER,2824,POPLATEK MESICNE,11,Praha - zapad,central Bohemia,75637,9622.0,0.0,3475.0,C,Vigente,"En curso, al dia",50460.0,60,841.0,50460.0
5556,1997-05-19,1997,5,3471,F,46,OWNER,2872,POPLATEK MESICNE,1,Hl.m. Praha,Prague,1204953,12541.0,0.0,85677.0,C,Vigente,"En curso, al dia",268320.0,60,4472.0,268320.0
5561,1998-08-29,1998,8,3517,F,45,OWNER,2910,POPLATEK MESICNE,68,Frydek - Mistek,north Moravia,228848,9893.0,4.0,5623.0,C,Vigente,"En curso, al dia",437460.0,60,7291.0,437460.0
5563,1996-02-29,1996,2,3519,M,49,OWNER,2912,POPLATEK MESICNE,74,Ostrava - mesto,north Moravia,323870,10673.0,5.0,18782.0,C,Vigente,"En curso, al dia",380160.0,60,6336.0,380160.0
5568,1994-05-17,1994,5,3542,M,59,OWNER,2933,POPLATEK MESICNE,10,Praha - vychod,central Bohemia,92084,10124.0,1.0,3810.0,C,Vigente,"En curso, al dia",272520.0,60,4542.0,272520.0
5569,1998-01-20,1998,1,3546,M,27,OWNER,2936,POPLATEK MESICNE,3,Beroun,central Bohemia,75232,8980.0,2.0,2824.0,C,Vigente,"En curso, al dia",504000.0,60,8400.0,504000.0
5576,1994-12-21,1994,12,3576,F,59,OWNER,2962,POPLATEK MESICNE,1,Hl.m. Praha,Prague,1204953,12541.0,0.0,85677.0,A,Cerrado,Pagado sin problemas,31248.0,12,2604.0,0.0
5582,1998-04-17,1998,4,3601,M,60,OWNER,2982,POPLATEK MESICNE,19,Prachatice,south Bohemia,51428,8402.0,3.0,999.0,C,Vigente,"En curso, al dia",41256.0,12,3438.0,41256.0
5584,1997-12-06,1997,12,3606,M,40,OWNER,2986,POPLATEK MESICNE,63,Vyskov,south Moravia,86513,8288.0,4.0,1562.0,C,Vigente,"En curso, al dia",24792.0,24,1033.0,24792.0
5585,1998-07-08,1998,7,3608,M,51,OWNER,2988,POPLATEK PO OBRATU,66,Zdar nad Sazavou,south Moravia,125832,8512.0,4.0,2247.0,C,Vigente,"En curso, al dia",88608.0,12,7384.0,88608.0
5586,1996-09-14,1996,9,3616,F,34,OWNER,2994,POPLATEK MESICNE,77,Vsetin,north Moravia,148545,8909.0,4.0,3460.0,C,Vigente,"En curso, al dia",48744.0,36,1354.0,48744.0
5589,1998-06-05,1998,6,3629,M,51,OWNER,3005,POPLATEK PO OBRATU,42,Havlickuv Brod,east Bohemia,95907,8388.0,2.0,1658.0,C,Vigente,"En curso, al dia",390000.0,48,8125.0,390000.0
5591,1996-12-04,1996,12,3649,F,39,OWNER,3021,POPLATEK MESICNE,10,Praha - vychod,central Bohemia,92084,10124.0,1.0,3810.0,C,Vigente,"En curso, al dia",155616.0,48,3242.0,155616.0
5593,1996-04-18,1996,4,3670,F,18,OWNER,3037,POPLATEK MESICNE,44,Chrudim,east Bohemia,105606,8254.0,3.0,2166.0,D,Vigente,"En curso, en mora",277884.0,36,7719.0,277884.0
5595,1994-09-02,1994,9,3687,M,26,OWNER,3050,POPLATEK MESICNE,60,Prostejov,south Moravia,110643,8441.0,3.0,1879.0,A,Cerrado,Pagado sin problemas,82896.0,12,6908.0,0.0
5599,1995-03-21,1995,3,3705,F,33,OWNER,3064,POPLATEK MESICNE,40,Teplice,north Bohemia,128118,9317.0,6.0,6949.0,A,Cerrado,Pagado sin problemas,15420.0,12,1285.0,0.0
5606,1996-08-28,1996,8,3730,F,53,OWNER,3084,POPLATEK TYDNE,59,Kromeriz,south Moravia,108871,8444.0,3.0,2595.0,D,Vigente,"En curso, en mora",253512.0,36,7042.0,253512.0
5610,1996-02-24,1996,2,3763,F,21,OWNER,3112,POPLATEK MESICNE,38,Louny,north Bohemia,85852,8965.0,7.0,2653.0,C,Vigente,"En curso, al dia",123216.0,48,2567.0,123216.0
5611,1996-11-15,1996,11,3767,M,62,OWNER,3115,POPLATEK MESICNE,14,Ceske Budejovice,south Bohemia,177686,10045.0,1.0,6604.0,C,Vigente,"En curso, al dia",321180.0,60,5353.0,321180.0
5614,1998-09-21,1998,9,3793,F,47,OWNER,3137,POPLATEK MESICNE,39,Most,north Bohemia,119895,10446.0,7.0,4947.0,C,Vigente,"En curso, al dia",253560.0,60,4226.0,253560.0
5616,1998-05-15,1998,5,3800,F,44,OWNER,3143,POPLATEK MESICNE,38,Louny,north Bohemia,85852,8965.0,7.0,2653.0,C,Vigente,"En curso, al dia",130896.0,24,5454.0,130896.0
5620,1998-06-16,1998,6,3822,M,45,OWNER,3161,POPLATEK MESICNE,48,Rychnov nad Kneznou,east Bohemia,78955,9060.0,2.0,1655.0,C,Vigente,"En curso, al dia",30012.0,12,2501.0,30012.0
5624,1995-01-03,1995,1,3829,M,26,OWNER,3166,POPLATEK MESICNE,71,Novy Jicin,north Moravia,161227,8678.0,6.0,4980.0,D,Vigente,"En curso, en mora",177744.0,48,3703.0,177744.0
5625,1996-12-15,1996,12,3855,M,59,OWNER,3189,POPLATEK MESICNE,29,Rokycany,west Bohemia,45714,8843.0,3.0,818.0,D,Vigente,"En curso, en mora",222180.0,60,3703.0,222180.0
5634,1997-05-01,1997,5,3906,M,62,OWNER,3229,POPLATEK MESICNE,64,Zlin,south Moravia,197099,9624.0,2.0,4484.0,A,Cerrado,Pagado sin problemas,39024.0,12,3252.0,0.0
5635,1996-10-04,1996,10,3907,F,44,OWNER,3230,POPLATEK MESICNE,1,Hl.m. Praha,Prague,1204953,12541.0,0.0,85677.0,C,Vigente,"En curso, al dia",77184.0,36,2144.0,77184.0
5638,1997-08-27,1997,8,3929,M,41,OWNER,3249,POPLATEK MESICNE,74,Ostrava - mesto,north Moravia,323870,10673.0,5.0,18782.0,A,Cerrado,Pagado sin problemas,68124.0,12,5677.0,0.0
5643,1997-09-21,1997,9,3962,M,46,OWNER,3273,POPLATEK MESICNE,74,Ostrava - mesto,north Moravia,323870,10673.0,5.0,18782.0,B,Cerrado,"Pagado, contrato terminado con deuda",94512.0,12,7876.0,94512.0
5644,1998-11-27,1998,11,3984,F,34,OWNER,3293,POPLATEK MESICNE,1,Hl.m. Praha,Prague,1204953,12541.0,0.0,85677.0,C,Vigente,"En curso, al dia",276084.0,36,7669.0,276084.0
5651,1997-12-08,1997,12,4024,M,34,OWNER,3329,POPLATEK MESICNE,3,Beroun,central Bohemia,75232,8980.0,2.0,2824.0,A,Cerrado,Pagado sin problemas,19248.0,12,1604.0,0.0
5656,1997-02-09,1997,2,4055,F,45,OWNER,3353,POPLATEK MESICNE,74,Ostrava - mesto,north Moravia,323870,10673.0,5.0,18782.0,C,Vigente,"En curso, al dia",146064.0,24,6086.0,146064.0
5657,1994-07-05,1994,7,4056,F,46,OWNER,3354,POPLATEK MESICNE,63,Vyskov,south Moravia,86513,8288.0,4.0,1562.0,A,Cerrado,Pagado sin problemas,4980.0,12,415.0,0.0
5665,1998-03-11,1998,3,4099,F,53,OWNER,3390,POPLATEK TYDNE,12,Pribram,central Bohemia,107870,8754.0,4.0,3804.0,C,Vigente,"En curso, al dia",40632.0,12,3386.0,40632.0
5669,1998-06-27,1998,6,4114,M,34,OWNER,3403,POPLATEK MESICNE,63,Vyskov,south Moravia,86513,8288.0,4.0,1562.0,C,Vigente,"En curso, al dia",71820.0,36,1995.0,71820.0
5674,1997-06-10,1997,6,4132,M,36,OWNER,3418,POPLATEK PO OBRATU,42,Havlickuv Brod,east Bohemia,95907,8388.0,2.0,1658.0,C,Vigente,"En curso, al dia",207264.0,48,4318.0,207264.0
5681,1997-10-20,1997,10,4169,F,18,OWNER,3448,POPLATEK TYDNE,58,Jihlava,south Moravia,109164,8757.0,3.0,2212.0,C,Vigente,"En curso, al dia",68664.0,24,2861.0,68664.0
5682,1997-03-07,1997,3,4177,M,63,OWNER,3455,POPLATEK MESICNE,34,Chomutov,north Bohemia,125236,9675.0,6.0,5323.0,A,Cerrado,Pagado sin problemas,67464.0,12,5622.0,0.0
5683,1998-05-29,1998,5,4182,M,57,OWNER,3460,POPLATEK MESICNE,16,Jindrichuv Hradec,south Bohemia,93931,8427.0,1.0,1874.0,C,Vigente,"En curso, al dia",140688.0,48,2931.0,140688.0
5693,1995-08-01,1995,8,4217,F,47,OWNER,3489,POPLATEK MESICNE,9,Nymburk,central Bohemia,81344,8899.0,3.0,2987.0,A,Cerrado,Pagado sin problemas,44088.0,24,1837.0,0.0
5698,1998-09-22,1998,9,4291,F,47,OWNER,3556,POPLATEK MESICNE,58,Jihlava,south Moravia,109164,8757.0,3.0,2212.0,C,Vigente,"En curso, al dia",174840.0,60,2914.0,174840.0
5699,1998-05-24,1998,5,4299,F,21,OWNER,3562,POPLATEK MESICNE,50,Svitavy,east Bohemia,102609,8187.0,5.0,2123.0,C,Vigente,"En curso, al dia",174960.0,24,7290.0,174960.0
5706,1996-05-24,1996,5,4352,M,27,OWNER,3608,POPLATEK TYDNE,72,Olomouc,north Moravia,226122,8994.0,4.0,9672.0,C,Vigente,"En curso, al dia",161496.0,36,4486.0,161496.0
5713,1995-05-30,1995,5,4377,M,20,OWNER,3629,POPLATEK MESICNE,48,Rychnov nad Kneznou,east Bohemia,78955,9060.0,2.0,1655.0,C,Vigente,"En curso, al dia",158760.0,60,2646.0,158760.0
5718,1997-09-01,1997,9,4386,F,53,OWNER,3637,POPLATEK MESICNE,53,Blansko,south Moravia,107911,8240.0,3.0,1850.0,A,Cerrado,Pagado sin problemas,14028.0,12,1169.0,0.0
5719,1997-09-20,1997,9,4417,M,22,OWNER,3664,POPLATEK MESICNE,1,Hl.m. Praha,Prague,1204953,12541.0,0.0,85677.0,C,Vigente,"En curso, al dia",271584.0,48,5658.0,271584.0
5723,1994-09-10,1994,9,4428,M,44,OWNER,3674,POPLATEK MESICNE,38,Louny,north Bohemia,85852,8965.0,7.0,2653.0,A,Cerrado,Pagado sin problemas,23628.0,12,1969.0,0.0
5724,1995-02-05,1995,2,4433,M,30,OWNER,3678,POPLATEK MESICNE,1,Hl.m. Praha,Prague,1204953,12541.0,0.0,85677.0,D,Vigente,"En curso, en mora",316140.0,60,5269.0,316140.0
5725,1996-07-23,1996,7,4434,M,34,OWNER,3679,POPLATEK MESICNE,64,Zlin,south Moravia,197099,9624.0,2.0,4484.0,C,Vigente,"En curso, al dia",444864.0,48,9268.0,444864.0
5731,1997-11-05,1997,11,4474,F,34,OWNER,3711,POPLATEK MESICNE,3,Beroun,central Bohemia,75232,8980.0,2.0,2824.0,D,Vigente,"En curso, en mora",460980.0,60,7683.0,460980.0
5739,1995-01-02,1995,1,4520,F,41,OWNER,3747,POPLATEK MESICNE,1,Hl.m. Praha,Prague,1204953,12541.0,0.0,85677.0,A,Cerrado,Pagado sin problemas,76380.0,12,6365.0,0.0
5740,1995-04-02,1995,4,4527,F,35,OWNER,3752,POPLATEK MESICNE,1,Hl.m. Praha,Prague,1204953,12541.0,0.0,85677.0,A,Cerrado,Pagado sin problemas,18564.0,12,1547.0,0.0
5741,1996-11-03,1996,11,4529,M,22,OWNER,3754,POPLATEK TYDNE,37,Litomerice,north Bohemia,114006,9065.0,4.0,4147.0,A,Cerrado,Pagado sin problemas,68544.0,24,2856.0,0.0
5750,1996-02-08,1996,2,4584,F,49,OWNER,3804,POPLATEK MESICNE,7,Melnik,central Bohemia,94725,9920.0,2.0,4289.0,A,Cerrado,Pagado sin problemas,63252.0,12,5271.0,0.0
5754,1994-09-28,1994,9,4620,F,58,OWNER,3834,POPLATEK MESICNE,54,Brno - mesto,south Moravia,387570,9897.0,2.0,18721.0,A,Cerrado,Pagado sin problemas,23052.0,12,1921.0,0.0
5758,1997-05-02,1997,5,4652,M,36,OWNER,3859,POPLATEK MESICNE,53,Blansko,south Moravia,107911,8240.0,3.0,1850.0,D,Vigente,"En curso, en mora",307200.0,60,5120.0,307200.0
5760,1998-09-18,1998,9,4656,M,56,OWNER,3862,POPLATEK MESICNE,1,Hl.m. Praha,Prague,1204953,12541.0,0.0,85677.0,C,Vigente,"En curso, al dia",74916.0,36,2081.0,74916.0
5765,1998-02-10,1998,2,4672,M,49,OWNER,3875,POPLATEK MESICNE,44,Chrudim,east Bohemia,105606,8254.0,3.0,2166.0,C,Vigente,"En curso, al dia",153936.0,24,6414.0,153936.0
5772,1998-03-08,1998,3,4710,F,37,OWNER,3906,POPLATEK MESICNE,52,Usti nad Orlici,east Bohemia,139012,8363.0,3.0,2564.0,C,Vigente,"En curso, al dia",334620.0,60,5577.0,334620.0
5773,1998-03-16,1998,3,4712,F,38,OWNER,3907,POPLATEK MESICNE,37,Litomerice,north Bohemia,114006,9065.0,4.0,4147.0,C,Vigente,"En curso, al dia",133848.0,24,5577.0,133848.0
5774,1998-07-12,1998,7,4722,M,26,OWNER,3916,POPLATEK MESICNE,8,Mlada Boleslav,central Bohemia,112065,11277.0,1.0,5179.0,C,Vigente,"En curso, al dia",96984.0,36,2694.0,96984.0
5779,1997-10-14,1997,10,4754,F,59,OWNER,3942,POPLATEK TYDNE,27,Plzen - jih,west Bohemia,67298,8561.0,1.0,1029.0,C,Vigente,"En curso, al dia",107352.0,36,2982.0,107352.0
5782,1998-01-04,1998,1,4768,F,38,OWNER,3953,POPLATEK MESICNE,1,Hl.m. Praha,Prague,1204953,12541.0,0.0,85677.0,C,Vigente,"En curso, al dia",63576.0,12,5298.0,63576.0
5784,1997-03-29,1997,3,4786,M,60,OWNER,3967,POPLATEK MESICNE,54,Brno - mesto,south Moravia,387570,9897.0,2.0,18721.0,D,Vigente,"En curso, en mora",84600.0,36,2350.0,84600.0
5790,1997-03-20,1997,3,4861,F,21,OWNER,4033,POPLATEK MESICNE,57,Hodonin,south Moravia,161954,8720.0,4.0,3729.0,C,Vigente,"En curso, al dia",84288.0,48,1756.0,84288.0
5799,1997-12-28,1997,12,4882,M,20,OWNER,4052,POPLATEK TYDNE,36,Liberec,north Bohemia,159617,9198.0,3.0,5796.0,C,Vigente,"En curso, al dia",106128.0,36,2948.0,106128.0
5804,1995-04-05,1995,4,4916,M,59,OWNER,4079,POPLATEK MESICNE,52,Usti nad Orlici,east Bohemia,139012,8363.0,3.0,2564.0,C,Vigente,"En curso, al dia",158976.0,48,3312.0,158976.0
5805,1995-11-28,1995,11,4918,M,30,OWNER,4081,POPLATEK MESICNE,11,Praha - zapad,central Bohemia,75637,9622.0,0.0,3475.0,B,Cerrado,"Pagado, contrato terminado con deuda",137904.0,24,5746.0,137904.0
5808,1997-07-31,1997,7,4937,F,38,OWNER,4099,POPLATEK MESICNE,54,Brno - mesto,south Moravia,387570,9897.0,2.0,18721.0,C,Vigente,"En curso, al dia",41856.0,48,872.0,41856.0
5815,1998-06-03,1998,6,4956,M,52,OWNER,4116,POPLATEK MESICNE,6,Kutna Hora,central Bohemia,77963,8546.0,3.0,2640.0,C,Vigente,"En curso, al dia",151200.0,36,4200.0,151200.0
5817,1997-08-15,1997,8,4968,M,60,OWNER,4127,POPLATEK MESICNE,50,Svitavy,east Bohemia,102609,8187.0,5.0,2123.0,D,Vigente,"En curso, en mora",100800.0,24,4200.0,100800.0
5823,1998-06-21,1998,6,4993,F,25,OWNER,4144,POPLATEK MESICNE,1,Hl.m. Praha,Prague,1204953,12541.0,0.0,85677.0,C,Vigente,"En curso, al dia",212976.0,36,5916.0,212976.0
5830,1997-08-28,1997,8,5050,M,47,OWNER,4190,POPLATEK MESICNE,62,Uherske Hradiste,south Moravia,145688,8544.0,1.0,2719.0,C,Vigente,"En curso, al dia",405780.0,60,6763.0,405780.0
5836,1994-08-27,1994,8,5133,F,39,OWNER,4259,POPLATEK MESICNE,66,Zdar nad Sazavou,south Moravia,125832,8512.0,4.0,2247.0,A,Cerrado,Pagado sin problemas,79632.0,24,3318.0,0.0
5837,1994-06-29,1994,6,5134,F,31,OWNER,4260,POPLATEK MESICNE,56,Breclav,south Moravia,124605,8772.0,5.0,2854.0,C,Vigente,"En curso, al dia",244560.0,60,4076.0,244560.0
5841,1998-11-04,1998,11,5143,M,25,OWNER,4268,POPLATEK MESICNE,77,Vsetin,north Moravia,148545,8909.0,4.0,3460.0,C,Vigente,"En curso, al dia",41988.0,12,3499.0,41988.0
5850,1997-05-22,1997,5,5171,F,42,OWNER,4293,POPLATEK PO OBRATU,64,Zlin,south Moravia,197099,9624.0,2.0,4484.0,C,Vigente,"En curso, al dia",164196.0,36,4561.0,164196.0
5856,1997-08-09,1997,8,5203,F,53,OWNER,4320,POPLATEK MESICNE,61,Trebic,south Moravia,117897,8814.0,5.0,2112.0,B,Cerrado,"Pagado, contrato terminado con deuda",51360.0,12,4280.0,51360.0
5861,1994-12-08,1994,12,5224,M,49,OWNER,4337,POPLATEK MESICNE,29,Rokycany,west Bohemia,45714,8843.0,3.0,818.0,A,Cerrado,Pagado sin problemas,51408.0,24,2142.0,0.0
5862,1997-12-09,1997,12,5232,F,50,OWNER,4342,POPLATEK MESICNE,74,Ostrava - mesto,north Moravia,323870,10673.0,5.0,18782.0,C,Vigente,"En curso, al dia",100128.0,24,4172.0,100128.0
5865,1998-10-30,1998,10,5245,F,56,OWNER,4354,POPLATEK MESICNE,38,Louny,north Bohemia,85852,8965.0,7.0,2653.0,C,Vigente,"En curso, al dia",327660.0,60,5461.0,327660.0
5868,1997-03-29,1997,3,5253,F,52,OWNER,4361,POPLATEK MESICNE,69,Jesenik,north Moravia,42821,8173.0,,,A,Cerrado,Pagado sin problemas,90156.0,12,7513.0,0.0
5876,1995-02-08,1995,2,5318,M,30,OWNER,4413,POPLATEK TYDNE,74,Ostrava - mesto,north Moravia,323870,10673.0,5.0,18782.0,C,Vigente,"En curso, al dia",221280.0,48,4610.0,221280.0
5877,1995-02-23,1995,2,5320,F,47,OWNER,4414,POPLATEK MESICNE,24,Karlovy Vary,west Bohemia,122603,8991.0,1.0,5198.0,A,Cerrado,Pagado sin problemas,97224.0,24,4051.0,0.0
5878,1997-04-01,1997,4,5322,F,42,OWNER,4415,POPLATEK MESICNE,73,Opava,north Moravia,182027,8746.0,3.0,4355.0,A,Cerrado,Pagado sin problemas,74040.0,12,6170.0,0.0
5880,1995-10-31,1995,10,5333,F,31,OWNER,4423,POPLATEK MESICNE,39,Most,north Bohemia,119895,10446.0,7.0,4947.0,A,Cerrado,Pagado sin problemas,73836.0,36,2051.0,0.0
5882,1994-09-26,1994,9,5337,M,37,OWNER,4427,POPLATEK MESICNE,32,Ceska Lipa,north Bohemia,105058,9272.0,3.0,4340.0,A,Cerrado,Pagado sin problemas,87816.0,12,7318.0,0.0
5886,1996-10-31,1996,10,5364,M,34,OWNER,4447,POPLATEK MESICNE,62,Uherske Hradiste,south Moravia,145688,8544.0,1.0,2719.0,C,Vigente,"En curso, al dia",192744.0,36,5354.0,192744.0
5887,1994-10-03,1994,10,5366,F,27,OWNER,4448,POPLATEK MESICNE,60,Prostejov,south Moravia,110643,8441.0,3.0,1879.0,A,Cerrado,Pagado sin problemas,192744.0,36,5354.0,0.0
5889,1998-02-09,1998,2,5376,M,28,OWNER,4456,POPLATEK MESICNE,14,Ceske Budejovice,south Bohemia,177686,10045.0,1.0,6604.0,C,Vigente,"En curso, al dia",321240.0,60,5354.0,321240.0
5892,1996-05-14,1996,5,5384,M,63,OWNER,4462,POPLATEK TYDNE,73,Opava,north Moravia,182027,8746.0,3.0,4355.0,B,Cerrado,"Pagado, contrato terminado con deuda",66480.0,24,2770.0,66480.0
5893,1998-08-03,1998,8,5389,M,30,OWNER,4467,POPLATEK TYDNE,17,Pelhrimov,south Bohemia,74062,8114.0,2.0,1003.0,C,Vigente,"En curso, al dia",86184.0,36,2394.0,86184.0
5895,1997-01-03,1997,1,5395,M,36,OWNER,4473,POPLATEK MESICNE,45,Jicin,east Bohemia,77917,8390.0,2.0,2080.0,C,Vigente,"En curso, al dia",93960.0,60,1566.0,93960.0
5897,1996-09-25,1996,9,5399,F,26,OWNER,4476,POPLATEK MESICNE,24,Karlovy Vary,west Bohemia,122603,8991.0,1.0,5198.0,A,Cerrado,Pagado sin problemas,15192.0,24,633.0,0.0
5900,1996-01-01,1996,1,5433,M,23,OWNER,4503,POPLATEK MESICNE,50,Svitavy,east Bohemia,102609,8187.0,5.0,2123.0,C,Vigente,"En curso, al dia",135360.0,48,2820.0,135360.0
5906,1998-05-05,1998,5,5468,F,54,OWNER,4533,POPLATEK MESICNE,68,Frydek - Mistek,north Moravia,228848,9893.0,4.0,5623.0,C,Vigente,"En curso, al dia",81144.0,36,2254.0,81144.0
5909,1998-01-03,1998,1,5487,F,51,OWNER,4550,POPLATEK MESICNE,56,Breclav,south Moravia,124605,8772.0,5.0,2854.0,C,Vigente,"En curso, al dia",61320.0,60,1022.0,61320.0
5918,1994-06-04,1994,6,5517,M,34,OWNER,4576,POPLATEK MESICNE,27,Plzen - jih,west Bohemia,67298,8561.0,1.0,1029.0,A,Cerrado,Pagado sin problemas,300204.0,36,8339.0,0.0
5922,1995-08-05,1995,8,5521,F,25,OWNER,4580,POPLATEK MESICNE,9,Nymburk,central Bohemia,81344,8899.0,3.0,2987.0,A,Cerrado,Pagado sin problemas,20220.0,12,1685.0,0.0
5923,1996-10-10,1996,10,5526,M,51,OWNER,4585,POPLATEK MESICNE,27,Plzen - jih,west Bohemia,67298,8561.0,1.0,1029.0,C,Vigente,"En curso, al dia",64656.0,48,1347.0,64656.0
5930,1998-01-12,1998,1,5563,M,22,OWNER,4616,POPLATEK MESICNE,1,Hl.m. Praha,Prague,1204953,12541.0,0.0,85677.0,C,Vigente,"En curso, al dia",66696.0,24,2779.0,66696.0
5931,1997-03-17,1997,3,5565,F,32,OWNER,4618,POPLATEK MESICNE,3,Beroun,central Bohemia,75232,8980.0,2.0,2824.0,D,Vigente,"En curso, en mora",66696.0,24,2779.0,66696.0
5932,1997-06-18,1997,6,5574,F,28,OWNER,4626,POPLATEK MESICNE,9,Nymburk,central Bohemia,81344,8899.0,3.0,2987.0,A,Cerrado,Pagado sin problemas,33348.0,12,2779.0,0.0
5933,1997-12-13,1997,12,5579,M,47,OWNER,4631,POPLATEK PO OBRATU,77,Vsetin,north Moravia,148545,8909.0,4.0,3460.0,C,Vigente,"En curso, al dia",87528.0,24,3647.0,87528.0
5938,1996-08-25,1996,8,5606,M,18,OWNER,4650,POPLATEK MESICNE,4,Kladno,central Bohemia,149893,9753.0,5.0,5244.0,C,Vigente,"En curso, al dia",402000.0,60,6700.0,402000.0
5940,1997-05-28,1997,5,5618,F,45,OWNER,4660,POPLATEK MESICNE,63,Vyskov,south Moravia,86513,8288.0,4.0,1562.0,C,Vigente,"En curso, al dia",106944.0,24,4456.0,106944.0
5942,1997-03-15,1997,3,5642,F,41,OWNER,4681,POPLATEK MESICNE,70,Karvina,north Moravia,285387,10177.0,7.0,9878.0,C,Vigente,"En curso, al dia",162624.0,48,3388.0,162624.0
5953,1997-03-14,1997,3,5684,F,43,OWNER,4715,POPLATEK MESICNE,8,Mlada Boleslav,central Bohemia,112065,11277.0,1.0,5179.0,C,Vigente,"En curso, al dia",97176.0,24,4049.0,97176.0
5956,1997-11-04,1997,11,5699,M,48,OWNER,4725,POPLATEK MESICNE,73,Opava,north Moravia,182027,8746.0,3.0,4355.0,C,Vigente,"En curso, al dia",168264.0,36,4674.0,168264.0
5959,1995-08-11,1995,8,5701,F,39,OWNER,4727,POPLATEK MESICNE,2,Benesov,central Bohemia,88884,8507.0,2.0,2159.0,A,Cerrado,Pagado sin problemas,107640.0,24,4485.0,0.0
5963,1997-09-07,1997,9,5727,M,45,OWNER,4746,POPLATEK MESICNE,54,Brno - mesto,south Moravia,387570,9897.0,2.0,18721.0,C,Vigente,"En curso, al dia",204780.0,60,3413.0,204780.0
5970,1995-07-09,1995,7,5760,M,50,OWNER,4774,POPLATEK MESICNE,66,Zdar nad Sazavou,south Moravia,125832,8512.0,4.0,2247.0,C,Vigente,"En curso, al dia",465072.0,48,9689.0,465072.0
5973,1997-11-24,1997,11,5774,F,38,OWNER,4784,POPLATEK MESICNE,46,Nachod,east Bohemia,112709,8369.0,2.0,2854.0,C,Vigente,"En curso, al dia",219456.0,48,4572.0,219456.0
5976,1997-12-27,1997,12,5788,M,36,OWNER,4794,POPLATEK MESICNE,72,Olomouc,north Moravia,226122,8994.0,4.0,9672.0,D,Vigente,"En curso, en mora",465504.0,48,9698.0,465504.0
5977,1997-02-25,1997,2,5801,F,19,OWNER,4803,POPLATEK MESICNE,26,Plzen - mesto,west Bohemia,170449,10787.0,3.0,6041.0,C,Vigente,"En curso, al dia",59136.0,48,1232.0,59136.0
5980,1995-08-18,1995,8,5826,M,30,OWNER,4825,POPLATEK MESICNE,15,Cesky Krumlov,south Bohemia,58796,9045.0,3.0,1845.0,A,Cerrado,Pagado sin problemas,21396.0,12,1783.0,0.0
5988,1996-08-22,1996,8,5858,M,46,OWNER,4851,POPLATEK MESICNE,52,Usti nad Orlici,east Bohemia,139012,8363.0,3.0,2564.0,A,Cerrado,Pagado sin problemas,141648.0,24,5902.0,0.0
5989,1996-03-04,1996,3,5860,M,34,OWNER,4852,POPLATEK MESICNE,47,Pardubice,east Bohemia,162580,9538.0,2.0,6079.0,C,Vigente,"En curso, al dia",213300.0,36,5925.0,213300.0
5991,1998-07-27,1998,7,5866,F,20,OWNER,4858,POPLATEK MESICNE,67,Bruntal,north Moravia,106054,8110.0,6.0,3244.0,D,Vigente,"En curso, en mora",335184.0,48,6983.0,335184.0
5992,1997-03-18,1997,3,5873,F,19,OWNER,4863,POPLATEK MESICNE,5,Kolin,central Bohemia,95616,9307.0,4.0,2616.0,A,Cerrado,Pagado sin problemas,76080.0,12,6340.0,0.0
5997,1993-11-04,1993,11,5911,M,63,OWNER,4894,POPLATEK MESICNE,14,Ceske Budejovice,south Bohemia,177686,10045.0,1.0,6604.0,A,Cerrado,Pagado sin problemas,117024.0,24,4876.0,0.0
5999,1996-01-03,1996,1,5928,F,28,OWNER,4907,POPLATEK MESICNE,42,Havlickuv Brod,east Bohemia,95907,8388.0,2.0,1658.0,C,Vigente,"En curso, al dia",98832.0,48,2059.0,98832.0
6004,1994-07-23,1994,7,5965,M,47,OWNER,4937,POPLATEK MESICNE,12,Pribram,central Bohemia,107870,8754.0,4.0,3804.0,A,Cerrado,Pagado sin problemas,143904.0,24,5996.0,0.0
6006,1996-11-15,1996,11,5977,M,19,OWNER,4948,POPLATEK MESICNE,43,Hradec Kralove,east Bohemia,161854,9425.0,2.0,4085.0,C,Vigente,"En curso, al dia",359760.0,60,5996.0,359760.0
6007,1997-08-30,1997,8,5978,F,54,OWNER,4949,POPLATEK MESICNE,33,Decin,north Bohemia,133777,8705.0,6.0,4650.0,C,Vigente,"En curso, al dia",289920.0,48,6040.0,289920.0
6010,1997-03-06,1997,3,6001,M,61,OWNER,4969,POPLATEK TYDNE,60,Prostejov,south Moravia,110643,8441.0,3.0,1879.0,C,Vigente,"En curso, al dia",150180.0,60,2503.0,150180.0
6011,1996-11-28,1996,11,6015,M,25,OWNER,4981,POPLATEK MESICNE,54,Brno - mesto,south Moravia,387570,9897.0,2.0,18721.0,C,Vigente,"En curso, al dia",179328.0,48,3736.0,179328.0
6012,1996-08-03,1996,8,6033,M,32,OWNER,4994,POPLATEK TYDNE,1,Hl.m. Praha,Prague,1204953,12541.0,0.0,85677.0,C,Vigente,"En curso, al dia",258444.0,36,7179.0,258444.0
6013,1996-02-03,1996,2,6034,M,59,OWNER,4995,POPLATEK TYDNE,20,Strakonice,south Bohemia,70646,8547.0,3.0,1563.0,D,Vigente,"En curso, en mora",128988.0,36,3583.0,128988.0
6014,1997-05-18,1997,5,6039,F,40,OWNER,4999,POPLATEK MESICNE,1,Hl.m. Praha,Prague,1204953,12541.0,0.0,85677.0,C,Vigente,"En curso, al dia",165168.0,36,4588.0,165168.0
6015,1996-11-09,1996,11,6042,M,35,OWNER,5001,POPLATEK MESICNE,53,Blansko,south Moravia,107911,8240.0,3.0,1850.0,A,Cerrado,Pagado sin problemas,110112.0,24,4588.0,0.0
6019,1996-07-25,1996,7,6077,F,18,OWNER,5033,POPLATEK MESICNE,54,Brno - mesto,south Moravia,387570,9897.0,2.0,18721.0,A,Cerrado,Pagado sin problemas,11400.0,12,950.0,0.0
6027,1996-02-10,1996,2,6115,F,45,OWNER,5066,POPLATEK TYDNE,13,Rakovnik,central Bohemia,53921,8598.0,3.0,1597.0,B,Cerrado,"Pagado, contrato terminado con deuda",61656.0,24,2569.0,61656.0
6028,1997-02-09,1997,2,6122,F,30,OWNER,5072,POPLATEK MESICNE,6,Kutna Hora,central Bohemia,77963,8546.0,3.0,2640.0,C,Vigente,"En curso, al dia",317520.0,60,5292.0,317520.0
6037,1997-05-04,1997,5,6175,M,34,OWNER,5118,POPLATEK MESICNE,72,Olomouc,north Moravia,226122,8994.0,4.0,9672.0,C,Vigente,"En curso, al dia",53232.0,48,1109.0,53232.0
6038,1994-08-10,1994,8,6178,F,58,OWNER,5120,POPLATEK MESICNE,1,Hl.m. Praha,Prague,1204953,12541.0,0.0,85677.0,A,Cerrado,Pagado sin problemas,323472.0,48,6739.0,0.0
6043,1996-01-11,1996,1,6185,F,50,OWNER,5126,POPLATEK MESICNE,58,Jihlava,south Moravia,109164,8757.0,3.0,2212.0,C,Vigente,"En curso, al dia",20352.0,48,424.0,20352.0
6044,1998-01-27,1998,1,6196,M,55,OWNER,5133,POPLATEK TYDNE,68,Frydek - Mistek,north Moravia,228848,9893.0,4.0,5623.0,C,Vigente,"En curso, al dia",57060.0,12,4755.0,57060.0
6052,1998-03-23,1998,3,6235,M,58,OWNER,5164,POPLATEK MESICNE,5,Kolin,central Bohemia,95616,9307.0,4.0,2616.0,C,Vigente,"En curso, al dia",22356.0,36,621.0,22356.0
6054,1998-07-16,1998,7,6255,F,52,OWNER,5180,POPLATEK MESICNE,54,Brno - mesto,south Moravia,387570,9897.0,2.0,18721.0,C,Vigente,"En curso, al dia",58764.0,12,4897.0,58764.0
6055,1997-04-28,1997,4,6257,F,56,OWNER,5181,POPLATEK MESICNE,75,Prerov,north Moravia,138032,8819.0,5.0,4063.0,C,Vigente,"En curso, al dia",399120.0,60,6652.0,399120.0
6059,1997-12-28,1997,12,6275,M,42,OWNER,5196,POPLATEK TYDNE,13,Rakovnik,central Bohemia,53921,8598.0,3.0,1597.0,A,Cerrado,Pagado sin problemas,79824.0,12,6652.0,0.0
6063,1996-04-25,1996,4,6299,M,62,OWNER,5213,POPLATEK MESICNE,1,Hl.m. Praha,Prague,1204953,12541.0,0.0,85677.0,D,Vigente,"En curso, en mora",320976.0,48,6687.0,320976.0
6064,1994-08-04,1994,8,6301,F,49,OWNER,5215,POPLATEK MESICNE,55,Brno - venkov,south Moravia,157042,8743.0,2.0,3659.0,A,Cerrado,Pagado sin problemas,14628.0,12,1219.0,0.0
6066,1994-07-11,1994,7,6317,F,41,OWNER,5228,POPLATEK PO OBRATU,77,Vsetin,north Moravia,148545,8909.0,4.0,3460.0,A,Cerrado,Pagado sin problemas,173808.0,24,7242.0,0.0
6072,1994-05-10,1994,5,6349,M,26,OWNER,5256,POPLATEK PO OBRATU,72,Olomouc,north Moravia,226122,8994.0,4.0,9672.0,A,Cerrado,Pagado sin problemas,193968.0,36,5388.0,0.0
6073,1996-11-12,1996,11,6359,M,22,OWNER,5263,POPLATEK MESICNE,64,Zlin,south Moravia,197099,9624.0,2.0,4484.0,C,Vigente,"En curso, al dia",276300.0,60,4605.0,276300.0
6075,1997-11-26,1997,11,6363,F,25,OWNER,5267,POPLATEK MESICNE,4,Kladno,central Bohemia,149893,9753.0,5.0,5244.0,D,Vigente,"En curso, en mora",129312.0,24,5388.0,129312.0
6076,1997-02-02,1997,2,6366,M,32,OWNER,5269,POPLATEK MESICNE,49,Semily,east Bohemia,75685,8208.0,2.0,1660.0,C,Vigente,"En curso, al dia",117420.0,60,1957.0,117420.0
6077,1993-11-22,1993,11,6367,M,28,OWNER,5270,POPLATEK MESICNE,44,Chrudim,east Bohemia,105606,8254.0,3.0,2166.0,A,Cerrado,Pagado sin problemas,79608.0,24,3317.0,0.0
6078,1998-09-09,1998,9,6383,M,28,OWNER,5283,POPLATEK MESICNE,15,Cesky Krumlov,south Bohemia,58796,9045.0,3.0,1845.0,C,Vigente,"En curso, al dia",170832.0,48,3559.0,170832.0
6083,1998-03-31,1998,3,6408,M,42,OWNER,5305,POPLATEK MESICNE,47,Pardubice,east Bohemia,162580,9538.0,2.0,6079.0,C,Vigente,"En curso, al dia",240528.0,48,5011.0,240528.0
6087,1994-02-27,1994,2,6417,M,48,OWNER,5313,POPLATEK MESICNE,40,Teplice,north Bohemia,128118,9317.0,6.0,6949.0,C,Vigente,"En curso, al dia",300660.0,60,5011.0,300660.0
6088,1997-03-07,1997,3,6422,M,38,OWNER,5317,POPLATEK MESICNE,28,Plzen - sever,west Bohemia,72541,8594.0,2.0,1580.0,C,Vigente,"En curso, al dia",90180.0,36,2505.0,90180.0
6095,1997-01-24,1997,1,6469,M,45,OWNER,5358,POPLATEK MESICNE,4,Kladno,central Bohemia,149893,9753.0,5.0,5244.0,C,Vigente,"En curso, al dia",68340.0,60,1139.0,68340.0
6097,1997-08-21,1997,8,6473,F,58,OWNER,5362,POPLATEK TYDNE,76,Sumperk,north Moravia,127369,8369.0,5.0,3736.0,C,Vigente,"En curso, al dia",202848.0,48,4226.0,202848.0
6103,1994-04-07,1994,4,6499,M,35,OWNER,5385,POPLATEK TYDNE,44,Chrudim,east Bohemia,105606,8254.0,3.0,2166.0,C,Vigente,"En curso, al dia",149340.0,60,2489.0,149340.0
6104,1997-09-05,1997,9,6511,M,45,OWNER,5395,POPLATEK MESICNE,47,Pardubice,east Bohemia,162580,9538.0,2.0,6079.0,C,Vigente,"En curso, al dia",158184.0,36,4394.0,158184.0
6109,1996-06-03,1996,6,6544,M,24,OWNER,5422,POPLATEK MESICNE,66,Zdar nad Sazavou,south Moravia,125832,8512.0,4.0,2247.0,C,Vigente,"En curso, al dia",368880.0,60,6148.0,368880.0
6111,1993-09-24,1993,9,6551,F,50,OWNER,5428,POPLATEK MESICNE,24,Karlovy Vary,west Bohemia,122603,8991.0,1.0,5198.0,B,Cerrado,"Pagado, contrato terminado con deuda",174744.0,24,7281.0,174744.0
6112,1994-06-17,1994,6,6567,F,20,OWNER,5442,POPLATEK MESICNE,34,Chomutov,north Bohemia,125236,9675.0,6.0,5323.0,B,Cerrado,"Pagado, contrato terminado con deuda",174744.0,24,7281.0,174744.0
6113,1997-10-01,1997,10,6571,F,27,OWNER,5445,POPLATEK MESICNE,72,Olomouc,north Moravia,226122,8994.0,4.0,9672.0,C,Vigente,"En curso, al dia",78696.0,36,2186.0,78696.0
6118,1997-10-04,1997,10,6610,M,44,OWNER,5477,POPLATEK MESICNE,57,Hodonin,south Moravia,161954,8720.0,4.0,3729.0,C,Vigente,"En curso, al dia",349392.0,48,7279.0,349392.0
6120,1994-09-11,1994,9,6616,M,45,OWNER,5481,POPLATEK MESICNE,52,Usti nad Orlici,east Bohemia,139012,8363.0,3.0,2564.0,A,Cerrado,Pagado sin problemas,209184.0,48,4358.0,0.0
6130,1996-07-18,1996,7,6691,M,56,OWNER,5541,POPLATEK MESICNE,43,Hradec Kralove,east Bohemia,161854,9425.0,2.0,4085.0,C,Vigente,"En curso, al dia",32640.0,48,680.0,32640.0
6136,1998-04-19,1998,4,6729,M,41,OWNER,5572,POPLATEK MESICNE,15,Cesky Krumlov,south Bohemia,58796,9045.0,3.0,1845.0,C,Vigente,"En curso, al dia",140880.0,60,2348.0,140880.0
6137,1996-04-10,1996,4,6731,M,55,OWNER,5574,POPLATEK TYDNE,13,Rakovnik,central Bohemia,53921,8598.0,3.0,1597.0,A,Cerrado,Pagado sin problemas,44628.0,12,3719.0,0.0
6142,1997-01-21,1997,1,6749,F,55,OWNER,5591,POPLATEK MESICNE,9,Nymburk,central Bohemia,81344,8899.0,3.0,2987.0,C,Vigente,"En curso, al dia",221880.0,60,3698.0,221880.0
6144,1996-08-09,1996,8,6753,M,36,OWNER,5593,POPLATEK MESICNE,15,Cesky Krumlov,south Bohemia,58796,9045.0,3.0,1845.0,A,Cerrado,Pagado sin problemas,44376.0,12,3698.0,0.0
6147,1997-12-28,1997,12,6764,M,54,OWNER,5602,POPLATEK PO OBRATU,19,Prachatice,south Bohemia,51428,8402.0,3.0,999.0,C,Vigente,"En curso, al dia",177504.0,48,3698.0,177504.0
6150,1994-11-02,1994,11,6789,M,19,OWNER,5622,POPLATEK MESICNE,70,Karvina,north Moravia,285387,10177.0,7.0,9878.0,A,Cerrado,Pagado sin problemas,83016.0,12,6918.0,0.0
6151,1995-04-25,1995,4,6798,F,50,OWNER,5628,POPLATEK MESICNE,61,Trebic,south Moravia,117897,8814.0,5.0,2112.0,C,Vigente,"En curso, al dia",225420.0,60,3757.0,225420.0
6153,1995-07-25,1995,7,6803,F,18,OWNER,5632,POPLATEK TYDNE,5,Kolin,central Bohemia,95616,9307.0,4.0,2616.0,C,Vigente,"En curso, al dia",285600.0,60,4760.0,285600.0
6157,1995-07-10,1995,7,6829,F,35,OWNER,5650,POPLATEK PO OBRATU,10,Praha - vychod,central Bohemia,92084,10124.0,1.0,3810.0,A,Cerrado,Pagado sin problemas,98592.0,24,4108.0,0.0
6168,1998-11-21,1998,11,6892,F,47,OWNER,5698,POPLATEK MESICNE,1,Hl.m. Praha,Prague,1204953,12541.0,0.0,85677.0,C,Vigente,"En curso, al dia",99216.0,36,2756.0,99216.0
6169,1995-03-16,1995,3,6895,M,27,OWNER,5700,POPLATEK MESICNE,42,Havlickuv Brod,east Bohemia,95907,8388.0,2.0,1658.0,D,Vigente,"En curso, en mora",103680.0,60,1728.0,103680.0
6173,1997-01-08,1997,1,6922,F,59,OWNER,5724,POPLATEK PO OBRATU,14,Ceske Budejovice,south Bohemia,177686,10045.0,1.0,6604.0,C,Vigente,"En curso, al dia",232560.0,48,4845.0,232560.0
6175,1996-02-21,1996,2,6936,F,39,OWNER,5735,POPLATEK MESICNE,52,Usti nad Orlici,east Bohemia,139012,8363.0,3.0,2564.0,D,Vigente,"En curso, en mora",290700.0,60,4845.0,290700.0
6178,1995-12-16,1995,12,6946,F,28,OWNER,5742,POPLATEK PO OBRATU,74,Ostrava - mesto,north Moravia,323870,10673.0,5.0,18782.0,C,Vigente,"En curso, al dia",232560.0,48,4845.0,232560.0
6185,1995-11-28,1995,11,6987,M,30,OWNER,5774,POPLATEK MESICNE,1,Hl.m. Praha,Prague,1204953,12541.0,0.0,85677.0,A,Cerrado,Pagado sin problemas,31176.0,24,1299.0,0.0
6190,1996-05-06,1996,5,7010,M,31,OWNER,5794,POPLATEK MESICNE,70,Karvina,north Moravia,285387,10177.0,7.0,9878.0,C,Vigente,"En curso, al dia",123600.0,60,2060.0,123600.0
6196,1997-09-14,1997,9,7065,F,27,OWNER,5837,POPLATEK MESICNE,5,Kolin,central Bohemia,95616,9307.0,4.0,2616.0,C,Vigente,"En curso, al dia",177804.0,36,4939.0,177804.0
6202,1994-04-18,1994,4,7127,M,41,OWNER,5891,POPLATEK MESICNE,54,Brno - mesto,south Moravia,387570,9897.0,2.0,18721.0,A,Cerrado,Pagado sin problemas,65184.0,12,5432.0,0.0
6207,1998-06-23,1998,6,7150,F,35,OWNER,5912,POPLATEK MESICNE,45,Jicin,east Bohemia,77917,8390.0,2.0,2080.0,C,Vigente,"En curso, al dia",184620.0,60,3077.0,184620.0
6210,1994-06-06,1994,6,7166,M,34,OWNER,5927,POPLATEK MESICNE,15,Cesky Krumlov,south Bohemia,58796,9045.0,3.0,1845.0,B,Cerrado,"Pagado, contrato terminado con deuda",87216.0,48,1817.0,87216.0
6215,1998-06-18,1998,6,7186,F,54,OWNER,5944,POPLATEK MESICNE,27,Plzen - jih,west Bohemia,67298,8561.0,1.0,1029.0,C,Vigente,"En curso, al dia",78720.0,48,1640.0,78720.0
6216,1994-09-30,1994,9,7195,M,36,OWNER,5952,POPLATEK MESICNE,50,Svitavy,east Bohemia,102609,8187.0,5.0,2123.0,A,Cerrado,Pagado sin problemas,141240.0,24,5885.0,0.0
6223,1994-11-03,1994,11,7241,F,41,OWNER,5991,POPLATEK MESICNE,1,Hl.m. Praha,Prague,1204953,12541.0,0.0,85677.0,A,Cerrado,Pagado sin problemas,61056.0,48,1272.0,0.0
6227,1995-03-04,1995,3,7286,F,28,OWNER,6030,POPLATEK MESICNE,47,Pardubice,east Bohemia,162580,9538.0,2.0,6079.0,A,Cerrado,Pagado sin problemas,28248.0,24,1177.0,0.0
6228,1993-12-01,1993,12,7291,F,58,OWNER,6034,POPLATEK TYDNE,6,Kutna Hora,central Bohemia,77963,8546.0,3.0,2640.0,B,Cerrado,"Pagado, contrato terminado con deuda",464520.0,60,7742.0,464520.0
6229,1994-10-02,1994,10,7299,M,60,OWNER,6040,POPLATEK MESICNE,1,Hl.m. Praha,Prague,1204953,12541.0,0.0,85677.0,A,Cerrado,Pagado sin problemas,11736.0,24,489.0,0.0
6232,1994-07-08,1994,7,7311,M,49,OWNER,6051,POPLATEK MESICNE,56,Breclav,south Moravia,124605,8772.0,5.0,2854.0,B,Cerrado,"Pagado, contrato terminado con deuda",276660.0,36,7685.0,276660.0
6234,1998-05-28,1998,5,7324,F,35,OWNER,6061,POPLATEK MESICNE,1,Hl.m. Praha,Prague,1204953,12541.0,0.0,85677.0,C,Vigente,"En curso, al dia",5148.0,12,429.0,5148.0
6235,1998-04-19,1998,4,7325,M,23,OWNER,6062,POPLATEK MESICNE,24,Karlovy Vary,west Bohemia,122603,8991.0,1.0,5198.0,C,Vigente,"En curso, al dia",321360.0,60,5356.0,321360.0
6237,1998-01-06,1998,1,7339,F,24,OWNER,6075,POPLATEK MESICNE,19,Prachatice,south Bohemia,51428,8402.0,3.0,999.0,D,Vigente,"En curso, en mora",407952.0,48,8499.0,407952.0
6239,1997-09-28,1997,9,7348,F,21,OWNER,6083,POPLATEK TYDNE,6,Kutna Hora,central Bohemia,77963,8546.0,3.0,2640.0,D,Vigente,"En curso, en mora",360864.0,48,7518.0,360864.0
6242,1997-10-22,1997,10,7366,F,25,OWNER,6097,POPLATEK MESICNE,29,Rokycany,west Bohemia,45714,8843.0,3.0,818.0,C,Vigente,"En curso, al dia",26208.0,36,728.0,26208.0
6244,1995-01-08,1995,1,7390,M,61,OWNER,6118,POPLATEK TYDNE,1,Hl.m. Praha,Prague,1204953,12541.0,0.0,85677.0,B,Cerrado,"Pagado, contrato terminado con deuda",270648.0,36,7518.0,270648.0
6249,1997-07-30,1997,7,7411,F,35,OWNER,6138,POPLATEK MESICNE,54,Brno - mesto,south Moravia,387570,9897.0,2.0,18721.0,C,Vigente,"En curso, al dia",67608.0,24,2817.0,67608.0
6253,1994-11-04,1994,11,7422,M,40,OWNER,6148,POPLATEK MESICNE,74,Ostrava - mesto,north Moravia,323870,10673.0,5.0,18782.0,A,Cerrado,Pagado sin problemas,59760.0,24,2490.0,0.0
6254,1997-12-28,1997,12,7434,F,56,OWNER,6157,POPLATEK MESICNE,34,Chomutov,north Bohemia,125236,9675.0,6.0,5323.0,C,Vigente,"En curso, al dia",247920.0,48,5165.0,247920.0
6255,1997-02-08,1997,2,7435,F,41,OWNER,6158,POPLATEK MESICNE,67,Bruntal,north Moravia,106054,8110.0,6.0,3244.0,D,Vigente,"En curso, en mora",247920.0,48,5165.0,247920.0
6272,1994-12-20,1994,12,7521,F,38,OWNER,6226,POPLATEK TYDNE,74,Ostrava - mesto,north Moravia,323870,10673.0,5.0,18782.0,C,Vigente,"En curso, al dia",398640.0,60,6644.0,398640.0
6278,1997-06-10,1997,6,7567,M,61,OWNER,6265,POPLATEK MESICNE,5,Kolin,central Bohemia,95616,9307.0,4.0,2616.0,C,Vigente,"En curso, al dia",87360.0,24,3640.0,87360.0
6279,1994-06-07,1994,6,7576,M,36,OWNER,6273,POPLATEK MESICNE,38,Louny,north Bohemia,85852,8965.0,7.0,2653.0,A,Cerrado,Pagado sin problemas,87360.0,24,3640.0,0.0
6283,1996-08-11,1996,8,7594,F,49,OWNER,6289,POPLATEK MESICNE,64,Zlin,south Moravia,197099,9624.0,2.0,4484.0,C,Vigente,"En curso, al dia",85632.0,48,1784.0,85632.0
6294,1995-02-12,1995,2,7672,M,45,OWNER,6353,POPLATEK MESICNE,26,Plzen - mesto,west Bohemia,170449,10787.0,3.0,6041.0,C,Vigente,"En curso, al dia",79920.0,60,1332.0,79920.0
6296,1996-08-06,1996,8,7678,M,36,OWNER,6358,POPLATEK MESICNE,3,Beroun,central Bohemia,75232,8980.0,2.0,2824.0,C,Vigente,"En curso, al dia",270384.0,48,5633.0,270384.0
6297,1994-10-25,1994,10,7683,M,52,OWNER,6363,POPLATEK MESICNE,74,Ostrava - mesto,north Moravia,323870,10673.0,5.0,18782.0,A,Cerrado,Pagado sin problemas,17508.0,12,1459.0,0.0
6302,1996-09-16,1996,9,7723,F,32,OWNER,6397,POPLATEK MESICNE,48,Rychnov nad Kneznou,east Bohemia,78955,9060.0,2.0,1655.0,C,Vigente,"En curso, al dia",181020.0,60,3017.0,181020.0
6303,1996-02-12,1996,2,7727,F,40,OWNER,6400,POPLATEK PO OBRATU,31,Tachov,west Bohemia,51313,8930.0,4.0,1328.0,B,Cerrado,"Pagado, contrato terminado con deuda",72408.0,24,3017.0,72408.0
6306,1994-12-20,1994,12,7753,F,20,OWNER,6425,POPLATEK MESICNE,31,Tachov,west Bohemia,51313,8930.0,4.0,1328.0,A,Cerrado,Pagado sin problemas,36684.0,12,3057.0,0.0
6309,1996-11-11,1996,11,7765,F,40,OWNER,6434,POPLATEK MESICNE,1,Hl.m. Praha,Prague,1204953,12541.0,0.0,85677.0,A,Cerrado,Pagado sin problemas,110136.0,24,4589.0,0.0
6310,1997-06-17,1997,6,7772,F,22,OWNER,6440,POPLATEK MESICNE,1,Hl.m. Praha,Prague,1204953,12541.0,0.0,85677.0,A,Cerrado,Pagado sin problemas,34572.0,12,2881.0,0.0
6312,1998-05-17,1998,5,7787,M,47,OWNER,6453,POPLATEK MESICNE,34,Chomutov,north Bohemia,125236,9675.0,6.0,5323.0,C,Vigente,"En curso, al dia",10944.0,36,304.0,10944.0
6313,1997-06-15,1997,6,7796,F,23,OWNER,6461,POPLATEK MESICNE,50,Svitavy,east Bohemia,102609,8187.0,5.0,2123.0,C,Vigente,"En curso, al dia",150912.0,36,4192.0,150912.0
6315,1995-02-06,1995,2,7814,F,22,OWNER,6472,POPLATEK MESICNE,61,Trebic,south Moravia,117897,8814.0,5.0,2112.0,A,Cerrado,Pagado sin problemas,43164.0,12,3597.0,0.0
6316,1994-05-26,1994,5,7815,F,52,OWNER,6473,POPLATEK MESICNE,12,Pribram,central Bohemia,107870,8754.0,4.0,3804.0,B,Cerrado,"Pagado, contrato terminado con deuda",76908.0,12,6409.0,76908.0
6320,1998-04-28,1998,4,7843,M,32,OWNER,6495,POPLATEK MESICNE,6,Kutna Hora,central Bohemia,77963,8546.0,3.0,2640.0,C,Vigente,"En curso, al dia",104964.0,12,8747.0,104964.0
6321,1998-10-08,1998,10,7855,F,34,OWNER,6505,POPLATEK MESICNE,7,Melnik,central Bohemia,94725,9920.0,2.0,4289.0,C,Vigente,"En curso, al dia",38496.0,12,3208.0,38496.0
6322,1997-05-06,1997,5,7862,M,33,OWNER,6510,POPLATEK MESICNE,74,Ostrava - mesto,north Moravia,323870,10673.0,5.0,18782.0,C,Vigente,"En curso, al dia",76992.0,24,3208.0,76992.0
6336,1994-03-31,1994,3,7914,F,32,OWNER,6555,POPLATEK TYDNE,38,Louny,north Bohemia,85852,8965.0,7.0,2653.0,A,Cerrado,Pagado sin problemas,212400.0,36,5900.0,0.0
6338,1997-08-24,1997,8,7959,F,20,OWNER,6592,POPLATEK MESICNE,1,Hl.m. Praha,Prague,1204953,12541.0,0.0,85677.0,C,Vigente,"En curso, al dia",390660.0,60,6511.0,390660.0
6342,1995-11-12,1995,11,7980,M,22,OWNER,6609,POPLATEK MESICNE,16,Jindrichuv Hradec,south Bohemia,93931,8427.0,1.0,1874.0,B,Cerrado,"Pagado, contrato terminado con deuda",60156.0,36,1671.0,60156.0
6346,1997-05-22,1997,5,8030,M,31,OWNER,6649,POPLATEK MESICNE,1,Hl.m. Praha,Prague,1204953,12541.0,0.0,85677.0,C,Vigente,"En curso, al dia",100260.0,60,1671.0,100260.0
6350,1997-07-09,1997,7,8064,F,32,OWNER,6678,POPLATEK MESICNE,54,Brno - mesto,south Moravia,387570,9897.0,2.0,18721.0,C,Vigente,"En curso, al dia",294384.0,48,6133.0,294384.0
6353,1997-12-25,1997,12,8074,M,40,OWNER,6686,POPLATEK MESICNE,61,Trebic,south Moravia,117897,8814.0,5.0,2112.0,C,Vigente,"En curso, al dia",116496.0,24,4854.0,116496.0
6354,1996-10-23,1996,10,8076,F,48,OWNER,6688,POPLATEK MESICNE,16,Jindrichuv Hradec,south Bohemia,93931,8427.0,1.0,1874.0,C,Vigente,"En curso, al dia",22968.0,36,638.0,22968.0
6355,1997-09-24,1997,9,8089,M,33,OWNER,6699,POPLATEK MESICNE,35,Jablonec n. Nisou,north Bohemia,88768,8867.0,1.0,3384.0,C,Vigente,"En curso, al dia",127200.0,48,2650.0,127200.0
6356,1993-12-08,1993,12,8091,M,27,OWNER,6701,POPLATEK TYDNE,49,Semily,east Bohemia,75685,8208.0,2.0,1660.0,A,Cerrado,Pagado sin problemas,95400.0,36,2650.0,0.0
6357,1998-07-12,1998,7,8096,F,19,OWNER,6706,POPLATEK MESICNE,38,Louny,north Bohemia,85852,8965.0,7.0,2653.0,C,Vigente,"En curso, al dia",64860.0,60,1081.0,64860.0
6358,1995-01-14,1995,1,8105,M,35,OWNER,6715,POPLATEK TYDNE,48,Rychnov nad Kneznou,east Bohemia,78955,9060.0,2.0,1655.0,D,Vigente,"En curso, en mora",137880.0,60,2298.0,137880.0
6362,1995-10-31,1995,10,8130,F,22,OWNER,6738,POPLATEK MESICNE,62,Uherske Hradiste,south Moravia,145688,8544.0,1.0,2719.0,A,Cerrado,Pagado sin problemas,37908.0,12,3159.0,0.0
6377,1997-03-17,1997,3,8200,F,54,OWNER,6792,POPLATEK MESICNE,1,Hl.m. Praha,Prague,1204953,12541.0,0.0,85677.0,A,Cerrado,Pagado sin problemas,17184.0,12,1432.0,0.0
6386,1997-04-30,1997,4,8276,F,19,OWNER,6856,POPLATEK MESICNE,43,Hradec Kralove,east Bohemia,161854,9425.0,2.0,4085.0,C,Vigente,"En curso, al dia",124344.0,36,3454.0,124344.0
6399,1997-12-21,1997,12,8333,M,32,OWNER,6902,POPLATEK MESICNE,60,Prostejov,south Moravia,110643,8441.0,3.0,1879.0,C,Vigente,"En curso, al dia",49320.0,36,1370.0,49320.0
6402,1998-12-06,1998,12,8356,M,29,OWNER,6922,POPLATEK TYDNE,3,Beroun,central Bohemia,75232,8980.0,2.0,2824.0,C,Vigente,"En curso, al dia",139488.0,24,5812.0,139488.0
6403,1995-12-05,1995,12,8359,M,19,OWNER,6924,POPLATEK MESICNE,74,Ostrava - mesto,north Moravia,323870,10673.0,5.0,18782.0,C,Vigente,"En curso, al dia",194880.0,48,4060.0,194880.0
6407,1994-05-26,1994,5,8366,F,38,OWNER,6930,POPLATEK MESICNE,41,Usti nad Labem,north Bohemia,118650,9832.0,3.0,6445.0,A,Cerrado,Pagado sin problemas,25944.0,24,1081.0,0.0
6415,1997-02-12,1997,2,8392,F,32,OWNER,6950,POPLATEK MESICNE,36,Liberec,north Bohemia,159617,9198.0,3.0,5796.0,C,Vigente,"En curso, al dia",475680.0,48,9910.0,475680.0
6421,1996-07-25,1996,7,8432,F,30,OWNER,6985,POPLATEK MESICNE,38,Louny,north Bohemia,85852,8965.0,7.0,2653.0,C,Vigente,"En curso, al dia",96768.0,36,2688.0,96768.0
6435,1997-06-16,1997,6,8502,M,55,OWNER,7045,POPLATEK MESICNE,51,Trutnov,east Bohemia,121947,8541.0,3.0,3496.0,C,Vigente,"En curso, al dia",288720.0,48,6015.0,288720.0
6436,1998-05-22,1998,5,8506,F,19,OWNER,7049,POPLATEK MESICNE,69,Jesenik,north Moravia,42821,8173.0,,,C,Vigente,"En curso, al dia",495180.0,60,8253.0,495180.0
6437,1997-11-09,1997,11,8510,M,51,OWNER,7052,POPLATEK PO OBRATU,55,Brno - venkov,south Moravia,157042,8743.0,2.0,3659.0,D,Vigente,"En curso, en mora",63972.0,36,1777.0,63972.0
6442,1998-02-08,1998,2,8548,F,53,OWNER,7082,POPLATEK MESICNE,57,Hodonin,south Moravia,161954,8720.0,4.0,3729.0,C,Vigente,"En curso, al dia",194160.0,48,4045.0,194160.0
6450,1998-06-10,1998,6,8568,F,27,OWNER,7099,POPLATEK MESICNE,1,Hl.m. Praha,Prague,1204953,12541.0,0.0,85677.0,C,Vigente,"En curso, al dia",234336.0,48,4882.0,234336.0
6456,1993-12-09,1993,12,8598,F,41,OWNER,7123,POPLATEK PO OBRATU,64,Zlin,south Moravia,197099,9624.0,2.0,4484.0,A,Cerrado,Pagado sin problemas,47016.0,12,3918.0,0.0
6460,1994-11-06,1994,11,8610,F,50,OWNER,7133,POPLATEK MESICNE,1,Hl.m. Praha,Prague,1204953,12541.0,0.0,85677.0,A,Cerrado,Pagado sin problemas,48672.0,36,1352.0,0.0
6461,1996-09-19,1996,9,8615,F,59,OWNER,7136,POPLATEK TYDNE,12,Pribram,central Bohemia,107870,8754.0,4.0,3804.0,C,Vigente,"En curso, al dia",74124.0,36,2059.0,74124.0
6464,1998-04-16,1998,4,8636,F,57,OWNER,7156,POPLATEK MESICNE,71,Novy Jicin,north Moravia,161227,8678.0,6.0,4980.0,C,Vigente,"En curso, al dia",49488.0,24,2062.0,49488.0
6468,1997-11-30,1997,11,8661,F,44,OWNER,7176,POPLATEK MESICNE,1,Hl.m. Praha,Prague,1204953,12541.0,0.0,85677.0,C,Vigente,"En curso, al dia",203940.0,60,3399.0,203940.0
6469,1998-11-17,1998,11,8666,F,27,OWNER,7180,POPLATEK TYDNE,7,Melnik,central Bohemia,94725,9920.0,2.0,4289.0,C,Vigente,"En curso, al dia",99744.0,24,4156.0,99744.0
6470,1998-05-17,1998,5,8667,F,31,OWNER,7181,POPLATEK PO OBRATU,77,Vsetin,north Moravia,148545,8909.0,4.0,3460.0,C,Vigente,"En curso, al dia",49872.0,12,4156.0,49872.0
6471,1996-08-04,1996,8,8670,F,55,OWNER,7184,POPLATEK MESICNE,5,Kolin,central Bohemia,95616,9307.0,4.0,2616.0,A,Cerrado,Pagado sin problemas,155640.0,24,6485.0,0.0
6474,1995-06-06,1995,6,8677,M,43,OWNER,7190,POPLATEK MESICNE,49,Semily,east Bohemia,75685,8208.0,2.0,1660.0,C,Vigente,"En curso, al dia",63360.0,60,1056.0,63360.0
6486,1998-01-15,1998,1,8737,F,50,OWNER,7240,POPLATEK MESICNE,17,Pelhrimov,south Bohemia,74062,8114.0,2.0,1003.0,C,Vigente,"En curso, al dia",152160.0,60,2536.0,152160.0
6490,1997-02-10,1997,2,8764,F,58,OWNER,7262,POPLATEK MESICNE,70,Karvina,north Moravia,285387,10177.0,7.0,9878.0,C,Vigente,"En curso, al dia",73260.0,60,1221.0,73260.0
6495,1998-03-12,1998,3,8777,F,45,OWNER,7274,POPLATEK MESICNE,11,Praha - zapad,central Bohemia,75637,9622.0,0.0,3475.0,C,Vigente,"En curso, al dia",49044.0,12,4087.0,49044.0
6499,1994-01-05,1994,1,9173,M,53,OWNER,7401,POPLATEK MESICNE,1,Hl.m. Praha,Prague,1204953,12541.0,0.0,85677.0,A,Cerrado,Pagado sin problemas,80952.0,24,3373.0,0.0
6501,1996-04-29,1996,4,9196,F,59,OWNER,7418,POPLATEK MESICNE,21,Tabor,south Bohemia,103347,9104.0,2.0,2299.0,B,Cerrado,"Pagado, contrato terminado con deuda",30276.0,12,2523.0,30276.0
6502,1997-12-08,1997,12,9202,M,36,OWNER,7424,POPLATEK MESICNE,68,Frydek - Mistek,north Moravia,228848,9893.0,4.0,5623.0,A,Cerrado,Pagado sin problemas,30276.0,12,2523.0,0.0
6508,1998-04-19,1998,4,9217,F,58,OWNER,7437,POPLATEK TYDNE,19,Prachatice,south Bohemia,51428,8402.0,3.0,999.0,C,Vigente,"En curso, al dia",110736.0,48,2307.0,110736.0
6509,1994-03-15,1994,3,9226,F,59,OWNER,7445,POPLATEK MESICNE,64,Zlin,south Moravia,197099,9624.0,2.0,4484.0,A,Cerrado,Pagado sin problemas,55368.0,24,2307.0,0.0
6512,1994-05-26,1994,5,9236,F,42,OWNER,7454,POPLATEK MESICNE,4,Kladno,central Bohemia,149893,9753.0,5.0,5244.0,A,Cerrado,Pagado sin problemas,63312.0,48,1319.0,0.0
6520,1994-03-16,1994,3,9273,F,43,OWNER,7485,POPLATEK MESICNE,39,Most,north Bohemia,119895,10446.0,7.0,4947.0,A,Cerrado,Pagado sin problemas,91200.0,24,3800.0,0.0
6526,1995-01-03,1995,1,9316,F,40,OWNER,7523,POPLATEK MESICNE,63,Vyskov,south Moravia,86513,8288.0,4.0,1562.0,A,Cerrado,Pagado sin problemas,288468.0,36,8013.0,0.0
6534,1997-10-19,1997,10,9340,M,31,OWNER,7542,POPLATEK MESICNE,54,Brno - mesto,south Moravia,387570,9897.0,2.0,18721.0,C,Vigente,"En curso, al dia",590820.0,60,9847.0,590820.0
6535,1995-11-02,1995,11,9346,M,26,OWNER,7546,POPLATEK MESICNE,43,Hradec Kralove,east Bohemia,161854,9425.0,2.0,4085.0,A,Cerrado,Pagado sin problemas,41952.0,12,3496.0,0.0
6539,1998-07-11,1998,7,9362,F,25,OWNER,7559,POPLATEK MESICNE,56,Breclav,south Moravia,124605,8772.0,5.0,2854.0,C,Vigente,"En curso, al dia",12792.0,12,1066.0,12792.0
6540,1995-12-31,1995,12,9366,M,23,OWNER,7562,POPLATEK TYDNE,72,Olomouc,north Moravia,226122,8994.0,4.0,9672.0,C,Vigente,"En curso, al dia",309600.0,48,6450.0,309600.0
6541,1997-08-17,1997,8,9370,M,23,OWNER,7565,POPLATEK MESICNE,59,Kromeriz,south Moravia,108871,8444.0,3.0,2595.0,C,Vigente,"En curso, al dia",153504.0,48,3198.0,153504.0
6544,1997-12-11,1997,12,9403,M,24,OWNER,7594,POPLATEK MESICNE,16,Jindrichuv Hradec,south Bohemia,93931,8427.0,1.0,1874.0,C,Vigente,"En curso, al dia",130464.0,48,2718.0,130464.0
6545,1995-12-12,1995,12,9417,M,49,OWNER,7606,POPLATEK MESICNE,21,Tabor,south Bohemia,103347,9104.0,2.0,2299.0,C,Vigente,"En curso, al dia",191880.0,60,3198.0,191880.0
6546,1995-03-27,1995,3,9418,M,48,OWNER,7607,POPLATEK MESICNE,1,Hl.m. Praha,Prague,1204953,12541.0,0.0,85677.0,A,Cerrado,Pagado sin problemas,31728.0,24,1322.0,0.0
6550,1996-05-18,1996,5,9427,F,28,OWNER,7614,POPLATEK MESICNE,62,Uherske Hradiste,south Moravia,145688,8544.0,1.0,2719.0,C,Vigente,"En curso, al dia",320592.0,48,6679.0,320592.0
6552,1998-01-08,1998,1,9450,F,55,OWNER,7632,POPLATEK MESICNE,68,Frydek - Mistek,north Moravia,228848,9893.0,4.0,5623.0,C,Vigente,"En curso, al dia",170448.0,48,3551.0,170448.0
6553,1998-01-26,1998,1,9456,F,57,OWNER,7636,POPLATEK MESICNE,40,Teplice,north Bohemia,128118,9317.0,6.0,6949.0,C,Vigente,"En curso, al dia",42384.0,12,3532.0,42384.0
6554,1997-01-29,1997,1,9457,M,20,OWNER,7637,POPLATEK MESICNE,46,Nachod,east Bohemia,112709,8369.0,2.0,2854.0,C,Vigente,"En curso, al dia",390096.0,48,8127.0,390096.0
6562,1997-03-21,1997,3,9505,M,40,OWNER,7674,POPLATEK MESICNE,1,Hl.m. Praha,Prague,1204953,12541.0,0.0,85677.0,C,Vigente,"En curso, al dia",94488.0,24,3937.0,94488.0
6568,1998-02-25,1998,2,9546,F,43,OWNER,7713,POPLATEK TYDNE,50,Svitavy,east Bohemia,102609,8187.0,5.0,2123.0,C,Vigente,"En curso, al dia",220440.0,60,3674.0,220440.0
6569,1998-05-28,1998,5,9555,F,51,OWNER,7721,POPLATEK MESICNE,13,Rakovnik,central Bohemia,53921,8598.0,3.0,1597.0,C,Vigente,"En curso, al dia",45456.0,12,3788.0,45456.0
6571,1998-05-12,1998,5,9569,F,48,OWNER,7733,POPLATEK TYDNE,19,Prachatice,south Bohemia,51428,8402.0,3.0,999.0,C,Vigente,"En curso, al dia",140064.0,24,5836.0,140064.0
6574,1997-12-20,1997,12,9582,F,56,OWNER,7745,POPLATEK MESICNE,2,Benesov,central Bohemia,88884,8507.0,2.0,2159.0,C,Vigente,"En curso, al dia",77544.0,36,2154.0,77544.0
6577,1994-03-11,1994,3,9593,F,30,OWNER,7753,POPLATEK MESICNE,74,Ostrava - mesto,north Moravia,323870,10673.0,5.0,18782.0,A,Cerrado,Pagado sin problemas,51696.0,24,2154.0,0.0
6578,1995-12-11,1995,12,9606,M,49,OWNER,7765,POPLATEK TYDNE,52,Usti nad Orlici,east Bohemia,139012,8363.0,3.0,2564.0,A,Cerrado,Pagado sin problemas,27984.0,12,2332.0,0.0
6580,1994-05-22,1994,5,9611,M,40,OWNER,7769,POPLATEK MESICNE,23,Cheb,west Bohemia,87419,8624.0,2.0,2879.0,A,Cerrado,Pagado sin problemas,196080.0,48,4085.0,0.0
6585,1996-10-29,1996,10,9641,M,53,OWNER,7795,POPLATEK MESICNE,64,Zlin,south Moravia,197099,9624.0,2.0,4484.0,C,Vigente,"En curso, al dia",372120.0,60,6202.0,372120.0
6589,1996-01-01,1996,1,9663,M,53,OWNER,7815,POPLATEK TYDNE,19,Prachatice,south Bohemia,51428,8402.0,3.0,999.0,A,Cerrado,Pagado sin problemas,189696.0,24,7904.0,0.0
6591,1995-02-02,1995,2,9670,M,50,OWNER,7819,POPLATEK MESICNE,38,Louny,north Bohemia,85852,8965.0,7.0,2653.0,C,Vigente,"En curso, al dia",20832.0,48,434.0,20832.0
6594,1994-09-28,1994,9,9675,F,28,OWNER,7824,POPLATEK MESICNE,60,Prostejov,south Moravia,110643,8441.0,3.0,1879.0,B,Cerrado,"Pagado, contrato terminado con deuda",189696.0,24,7904.0,189696.0
6596,1994-06-25,1994,6,9702,F,47,OWNER,7844,POPLATEK MESICNE,1,Hl.m. Praha,Prague,1204953,12541.0,0.0,85677.0,A,Cerrado,Pagado sin problemas,91584.0,24,3816.0,0.0
6598,1995-01-18,1995,1,9715,F,21,OWNER,7857,POPLATEK MESICNE,75,Prerov,north Moravia,138032,8819.0,5.0,4063.0,A,Cerrado,Pagado sin problemas,68112.0,12,5676.0,0.0
6599,1996-11-19,1996,11,9717,F,46,OWNER,7859,POPLATEK MESICNE,52,Usti nad Orlici,east Bohemia,139012,8363.0,3.0,2564.0,A,Cerrado,Pagado sin problemas,72120.0,12,6010.0,0.0
6600,1995-10-08,1995,10,9721,M,44,OWNER,7861,POPLATEK MESICNE,34,Chomutov,north Bohemia,125236,9675.0,6.0,5323.0,A,Cerrado,Pagado sin problemas,21852.0,36,607.0,0.0
6605,1997-10-14,1997,10,9755,F,47,OWNER,7890,POPLATEK MESICNE,23,Cheb,west Bohemia,87419,8624.0,2.0,2879.0,C,Vigente,"En curso, al dia",79344.0,48,1653.0,79344.0
6607,1997-10-21,1997,10,9760,M,29,OWNER,7894,POPLATEK MESICNE,27,Plzen - jih,west Bohemia,67298,8561.0,1.0,1029.0,C,Vigente,"En curso, al dia",153144.0,36,4254.0,153144.0
6612,1997-08-31,1997,8,9775,M,38,OWNER,7907,POPLATEK MESICNE,70,Karvina,north Moravia,285387,10177.0,7.0,9878.0,A,Cerrado,Pagado sin problemas,97392.0,12,8116.0,0.0
6613,1996-09-22,1996,9,9798,F,48,OWNER,7926,POPLATEK TYDNE,69,Jesenik,north Moravia,42821,8173.0,,,A,Cerrado,Pagado sin problemas,84120.0,24,3505.0,0.0
6621,1997-06-14,1997,6,9833,M,34,OWNER,7957,POPLATEK MESICNE,51,Trutnov,east Bohemia,121947,8541.0,3.0,3496.0,A,Cerrado,Pagado sin problemas,42900.0,12,3575.0,0.0
6624,1994-09-30,1994,9,9844,M,53,OWNER,7965,POPLATEK MESICNE,55,Brno - venkov,south Moravia,157042,8743.0,2.0,3659.0,A,Cerrado,Pagado sin problemas,71460.0,12,5955.0,0.0
6625,1997-09-07,1997,9,9846,F,31,OWNER,7966,POPLATEK MESICNE,54,Brno - mesto,south Moravia,387570,9897.0,2.0,18721.0,D,Vigente,"En curso, en mora",473280.0,60,7888.0,473280.0
6632,1998-04-23,1998,4,9872,F,31,OWNER,7990,POPLATEK MESICNE,9,Nymburk,central Bohemia,81344,8899.0,3.0,2987.0,C,Vigente,"En curso, al dia",144960.0,48,3020.0,144960.0
6633,1998-02-05,1998,2,9880,F,28,OWNER,7997,POPLATEK MESICNE,10,Praha - vychod,central Bohemia,92084,10124.0,1.0,3810.0,C,Vigente,"En curso, al dia",160656.0,24,6694.0,160656.0
6641,1997-09-09,1997,9,9914,M,56,OWNER,8026,POPLATEK MESICNE,36,Liberec,north Bohemia,159617,9198.0,3.0,5796.0,C,Vigente,"En curso, al dia",128268.0,36,3563.0,128268.0
6642,1994-06-05,1994,6,9915,M,31,OWNER,8027,POPLATEK TYDNE,44,Chrudim,east Bohemia,105606,8254.0,3.0,2166.0,A,Cerrado,Pagado sin problemas,77640.0,12,6470.0,0.0
6643,1998-01-18,1998,1,9929,F,31,OWNER,8038,POPLATEK MESICNE,47,Pardubice,east Bohemia,162580,9538.0,2.0,6079.0,C,Vigente,"En curso, al dia",35856.0,24,1494.0,35856.0
6644,1996-10-20,1996,10,9930,M,26,OWNER,8039,POPLATEK MESICNE,9,Nymburk,central Bohemia,81344,8899.0,3.0,2987.0,A,Cerrado,Pagado sin problemas,93600.0,24,3900.0,0.0
6645,1994-11-06,1994,11,9933,M,57,OWNER,8041,POPLATEK MESICNE,1,Hl.m. Praha,Prague,1204953,12541.0,0.0,85677.0,A,Cerrado,Pagado sin problemas,140400.0,36,3900.0,0.0
6647,1994-06-01,1994,6,9945,F,30,OWNER,8051,POPLATEK TYDNE,1,Hl.m. Praha,Prague,1204953,12541.0,0.0,85677.0,A,Cerrado,Pagado sin problemas,208320.0,48,4340.0,0.0
6650,1994-02-17,1994,2,9973,F,53,OWNER,8073,POPLATEK PO OBRATU,24,Karlovy Vary,west Bohemia,122603,8991.0,1.0,5198.0,B,Cerrado,"Pagado, contrato terminado con deuda",49320.0,12,4110.0,49320.0
6655,1997-10-17,1997,10,9987,F,48,OWNER,8085,POPLATEK MESICNE,73,Opava,north Moravia,182027,8746.0,3.0,4355.0,D,Vigente,"En curso, en mora",260400.0,60,4340.0,260400.0
6659,1996-02-20,1996,2,9995,M,40,OWNER,8092,POPLATEK MESICNE,54,Brno - mesto,south Moravia,387570,9897.0,2.0,18721.0,C,Vigente,"En curso, al dia",56100.0,60,935.0,56100.0
6660,1997-05-09,1997,5,9997,M,36,OWNER,8094,POPLATEK MESICNE,67,Bruntal,north Moravia,106054,8110.0,6.0,3244.0,C,Vigente,"En curso, al dia",220428.0,36,6123.0,220428.0
6665,1997-08-15,1997,8,10023,F,25,OWNER,8114,POPLATEK MESICNE,59,Kromeriz,south Moravia,108871,8444.0,3.0,2595.0,C,Vigente,"En curso, al dia",99300.0,60,1655.0,99300.0
6667,1996-07-15,1996,7,10040,F,30,OWNER,8127,POPLATEK MESICNE,37,Litomerice,north Bohemia,114006,9065.0,4.0,4147.0,A,Cerrado,Pagado sin problemas,155880.0,24,6495.0,0.0
6668,1994-07-30,1994,7,10043,M,33,OWNER,8129,POPLATEK MESICNE,45,Jicin,east Bohemia,77917,8390.0,2.0,2080.0,A,Cerrado,Pagado sin problemas,74736.0,36,2076.0,0.0
6675,1997-11-01,1997,11,10075,M,34,OWNER,8158,POPLATEK TYDNE,48,Rychnov nad Kneznou,east Bohemia,78955,9060.0,2.0,1655.0,C,Vigente,"En curso, al dia",238716.0,36,6631.0,238716.0
6676,1995-06-13,1995,6,10076,F,29,OWNER,8159,POPLATEK MESICNE,26,Plzen - mesto,west Bohemia,170449,10787.0,3.0,6041.0,A,Cerrado,Pagado sin problemas,29784.0,24,1241.0,0.0
6677,1997-08-12,1997,8,10090,F,18,OWNER,8169,POPLATEK MESICNE,29,Rokycany,west Bohemia,45714,8843.0,3.0,818.0,C,Vigente,"En curso, al dia",97980.0,60,1633.0,97980.0
6678,1994-05-20,1994,5,10095,F,22,OWNER,8173,POPLATEK MESICNE,11,Praha - zapad,central Bohemia,75637,9622.0,0.0,3475.0,A,Cerrado,Pagado sin problemas,80340.0,12,6695.0,0.0
6682,1998-03-30,1998,3,10159,M,60,OWNER,8225,POPLATEK MESICNE,50,Svitavy,east Bohemia,102609,8187.0,5.0,2123.0,D,Vigente,"En curso, en mora",36204.0,12,3017.0,36204.0
6686,1994-08-25,1994,8,10198,M,22,OWNER,8260,POPLATEK MESICNE,31,Tachov,west Bohemia,51313,8930.0,4.0,1328.0,A,Cerrado,Pagado sin problemas,224604.0,36,6239.0,0.0
6687,1993-09-13,1993,9,10200,F,18,OWNER,8261,POPLATEK MESICNE,13,Rakovnik,central Bohemia,53921,8598.0,3.0,1597.0,A,Cerrado,Pagado sin problemas,87840.0,24,3660.0,0.0
6688,1997-09-26,1997,9,10209,M,23,OWNER,8268,POPLATEK MESICNE,59,Kromeriz,south Moravia,108871,8444.0,3.0,2595.0,C,Vigente,"En curso, al dia",8616.0,24,359.0,8616.0
6694,1995-03-19,1995,3,10269,F,58,OWNER,8316,POPLATEK MESICNE,70,Karvina,north Moravia,285387,10177.0,7.0,9878.0,A,Cerrado,Pagado sin problemas,134784.0,24,5616.0,0.0
6695,1997-06-04,1997,6,10273,F,40,OWNER,8320,POPLATEK MESICNE,51,Trutnov,east Bohemia,121947,8541.0,3.0,3496.0,C,Vigente,"En curso, al dia",309660.0,60,5161.0,309660.0
6696,1994-05-09,1994,5,10275,F,28,OWNER,8321,POPLATEK MESICNE,77,Vsetin,north Moravia,148545,8909.0,4.0,3460.0,C,Vigente,"En curso, al dia",89040.0,60,1484.0,89040.0
6698,1996-03-10,1996,3,10282,M,19,OWNER,8327,POPLATEK TYDNE,1,Hl.m. Praha,Prague,1204953,12541.0,0.0,85677.0,C,Vigente,"En curso, al dia",247728.0,48,5161.0,247728.0
6699,1994-03-30,1994,3,10287,F,36,OWNER,8330,POPLATEK MESICNE,48,Rychnov nad Kneznou,east Bohemia,78955,9060.0,2.0,1655.0,A,Cerrado,Pagado sin problemas,7656.0,24,319.0,0.0
6704,1995-06-01,1995,6,10350,F,37,OWNER,8377,POPLATEK MESICNE,29,Rokycany,west Bohemia,45714,8843.0,3.0,818.0,C,Vigente,"En curso, al dia",417060.0,60,6951.0,417060.0
6705,1997-07-25,1997,7,10355,F,22,OWNER,8381,POPLATEK MESICNE,14,Ceske Budejovice,south Bohemia,177686,10045.0,1.0,6604.0,D,Vigente,"En curso, en mora",333648.0,48,6951.0,333648.0
6712,1995-10-14,1995,10,10382,F,33,OWNER,8405,POPLATEK MESICNE,20,Strakonice,south Bohemia,70646,8547.0,3.0,1563.0,C,Vigente,"En curso, al dia",266220.0,60,4437.0,266220.0
6715,1996-05-06,1996,5,10389,F,55,OWNER,8411,POPLATEK MESICNE,20,Strakonice,south Bohemia,70646,8547.0,3.0,1563.0,C,Vigente,"En curso, al dia",220620.0,60,3677.0,220620.0
6721,1994-01-21,1994,1,10459,F,34,OWNER,8475,POPLATEK MESICNE,4,Kladno,central Bohemia,149893,9753.0,5.0,5244.0,A,Cerrado,Pagado sin problemas,21072.0,24,878.0,0.0
6725,1995-06-23,1995,6,10475,F,50,OWNER,8489,POPLATEK MESICNE,19,Prachatice,south Bohemia,51428,8402.0,3.0,999.0,A,Cerrado,Pagado sin problemas,265320.0,36,7370.0,0.0
6726,1995-09-03,1995,9,10479,F,43,OWNER,8492,POPLATEK MESICNE,2,Benesov,central Bohemia,88884,8507.0,2.0,2159.0,C,Vigente,"En curso, al dia",85860.0,60,1431.0,85860.0
6727,1997-12-10,1997,12,10492,M,61,OWNER,8505,POPLATEK MESICNE,70,Karvina,north Moravia,285387,10177.0,7.0,9878.0,A,Cerrado,Pagado sin problemas,42840.0,12,3570.0,0.0
6729,1994-08-11,1994,8,10510,F,53,OWNER,8519,POPLATEK MESICNE,23,Cheb,west Bohemia,87419,8624.0,2.0,2879.0,A,Cerrado,Pagado sin problemas,74688.0,12,6224.0,0.0
6730,1998-02-15,1998,2,10517,F,18,OWNER,8523,POPLATEK MESICNE,54,Brno - mesto,south Moravia,387570,9897.0,2.0,18721.0,C,Vigente,"En curso, al dia",93036.0,12,7753.0,93036.0
6732,1996-09-19,1996,9,10528,F,46,OWNER,8533,POPLATEK MESICNE,47,Pardubice,east Bohemia,162580,9538.0,2.0,6079.0,C,Vigente,"En curso, al dia",174048.0,48,3626.0,174048.0
6734,1996-05-30,1996,5,10543,F,53,OWNER,8547,POPLATEK TYDNE,14,Ceske Budejovice,south Bohemia,177686,10045.0,1.0,6604.0,C,Vigente,"En curso, al dia",173016.0,36,4806.0,173016.0
6736,1994-06-14,1994,6,10555,M,63,OWNER,8558,POPLATEK PO OBRATU,1,Hl.m. Praha,Prague,1204953,12541.0,0.0,85677.0,C,Vigente,"En curso, al dia",288360.0,60,4806.0,288360.0
6737,1995-03-11,1995,3,10563,M,49,OWNER,8564,POPLATEK MESICNE,68,Frydek - Mistek,north Moravia,228848,9893.0,4.0,5623.0,A,Cerrado,Pagado sin problemas,76680.0,24,3195.0,0.0
6738,1994-09-29,1994,9,10566,F,56,OWNER,8566,POPLATEK MESICNE,74,Ostrava - mesto,north Moravia,323870,10673.0,5.0,18782.0,B,Cerrado,"Pagado, contrato terminado con deuda",230220.0,36,6395.0,230220.0
6745,1995-04-10,1995,4,10636,M,27,OWNER,8625,POPLATEK MESICNE,64,Zlin,south Moravia,197099,9624.0,2.0,4484.0,A,Cerrado,Pagado sin problemas,47304.0,24,1971.0,0.0
6746,1998-06-06,1998,6,10654,F,36,OWNER,8639,POPLATEK MESICNE,46,Nachod,east Bohemia,112709,8369.0,2.0,2854.0,C,Vigente,"En curso, al dia",185640.0,60,3094.0,185640.0
6748,1998-12-08,1998,12,10662,F,49,OWNER,8645,POPLATEK MESICNE,60,Prostejov,south Moravia,110643,8441.0,3.0,1879.0,C,Vigente,"En curso, al dia",240900.0,60,4015.0,240900.0
6751,1996-07-14,1996,7,10702,M,60,OWNER,8680,POPLATEK MESICNE,17,Pelhrimov,south Bohemia,74062,8114.0,2.0,1003.0,C,Vigente,"En curso, al dia",85716.0,36,2381.0,85716.0
6753,1997-03-20,1997,3,10714,F,52,OWNER,8688,POPLATEK MESICNE,66,Zdar nad Sazavou,south Moravia,125832,8512.0,4.0,2247.0,A,Cerrado,Pagado sin problemas,67980.0,12,5665.0,0.0
6755,1998-07-24,1998,7,10746,M,27,OWNER,8713,POPLATEK MESICNE,53,Blansko,south Moravia,107911,8240.0,3.0,1850.0,C,Vigente,"En curso, al dia",170700.0,60,2845.0,170700.0
6758,1997-07-29,1997,7,10777,F,18,OWNER,8742,POPLATEK MESICNE,70,Karvina,north Moravia,285387,10177.0,7.0,9878.0,A,Cerrado,Pagado sin problemas,33144.0,12,2762.0,0.0
6763,1997-06-19,1997,6,10813,F,19,OWNER,8772,POPLATEK MESICNE,1,Hl.m. Praha,Prague,1204953,12541.0,0.0,85677.0,C,Vigente,"En curso, al dia",88272.0,48,1839.0,88272.0
6764,1995-08-26,1995,8,10818,M,26,OWNER,8776,POPLATEK MESICNE,64,Zlin,south Moravia,197099,9624.0,2.0,4484.0,C,Vigente,"En curso, al dia",33984.0,48,708.0,33984.0
6766,1998-04-28,1998,4,10828,F,41,OWNER,8784,POPLATEK MESICNE,1,Hl.m. Praha,Prague,1204953,12541.0,0.0,85677.0,C,Vigente,"En curso, al dia",74352.0,24,3098.0,74352.0
6785,1995-12-25,1995,12,10963,M,54,OWNER,8899,POPLATEK TYDNE,1,Hl.m. Praha,Prague,1204953,12541.0,0.0,85677.0,C,Vigente,"En curso, al dia",125340.0,60,2089.0,125340.0
6790,1998-06-08,1998,6,10987,F,37,OWNER,8919,POPLATEK MESICNE,62,Uherske Hradiste,south Moravia,145688,8544.0,1.0,2719.0,C,Vigente,"En curso, al dia",76104.0,24,3171.0,76104.0
6791,1998-01-23,1998,1,10997,F,26,OWNER,8926,POPLATEK MESICNE,1,Hl.m. Praha,Prague,1204953,12541.0,0.0,85677.0,C,Vigente,"En curso, al dia",566640.0,60,9444.0,566640.0
6793,1997-01-30,1997,1,11004,M,51,OWNER,8931,POPLATEK TYDNE,63,Vyskov,south Moravia,86513,8288.0,4.0,1562.0,C,Vigente,"En curso, al dia",186300.0,60,3105.0,186300.0
6805,1996-12-21,1996,12,11050,F,41,OWNER,8972,POPLATEK MESICNE,70,Karvina,north Moravia,285387,10177.0,7.0,9878.0,C,Vigente,"En curso, al dia",45024.0,48,938.0,45024.0
6808,1994-10-12,1994,10,11063,F,43,OWNER,8982,POPLATEK MESICNE,64,Zlin,south Moravia,197099,9624.0,2.0,4484.0,A,Cerrado,Pagado sin problemas,227880.0,36,6330.0,0.0
6810,1996-06-08,1996,6,11093,M,39,OWNER,9006,POPLATEK TYDNE,40,Teplice,north Bohemia,128118,9317.0,6.0,6949.0,C,Vigente,"En curso, al dia",186384.0,48,3883.0,186384.0
6816,1996-03-26,1996,3,11105,F,41,OWNER,9017,POPLATEK MESICNE,70,Karvina,north Moravia,285387,10177.0,7.0,9878.0,D,Vigente,"En curso, en mora",100224.0,48,2088.0,100224.0
6817,1996-10-04,1996,10,11114,M,46,OWNER,9024,POPLATEK MESICNE,1,Hl.m. Praha,Prague,1204953,12541.0,0.0,85677.0,C,Vigente,"En curso, al dia",70656.0,48,1472.0,70656.0
6818,1996-12-12,1996,12,11121,F,27,OWNER,9030,POPLATEK MESICNE,72,Olomouc,north Moravia,226122,8994.0,4.0,9672.0,C,Vigente,"En curso, al dia",155616.0,48,3242.0,155616.0
6819,1997-05-03,1997,5,11123,M,50,OWNER,9031,POPLATEK MESICNE,47,Pardubice,east Bohemia,162580,9538.0,2.0,6079.0,C,Vigente,"En curso, al dia",50112.0,24,2088.0,50112.0
6820,1993-12-16,1993,12,11126,F,33,OWNER,9034,POPLATEK MESICNE,1,Hl.m. Praha,Prague,1204953,12541.0,0.0,85677.0,A,Cerrado,Pagado sin problemas,38148.0,12,3179.0,0.0
6821,1998-09-15,1998,9,11130,F,37,OWNER,9037,POPLATEK MESICNE,1,Hl.m. Praha,Prague,1204953,12541.0,0.0,85677.0,C,Vigente,"En curso, al dia",321936.0,48,6707.0,321936.0
6824,1997-02-26,1997,2,11149,M,33,OWNER,9052,POPLATEK PO OBRATU,43,Hradec Kralove,east Bohemia,161854,9425.0,2.0,4085.0,D,Vigente,"En curso, en mora",71976.0,24,2999.0,71976.0
6836,1994-08-03,1994,8,11195,M,45,OWNER,9093,POPLATEK MESICNE,47,Pardubice,east Bohemia,162580,9538.0,2.0,6079.0,C,Vigente,"En curso, al dia",189300.0,60,3155.0,189300.0
6841,1994-08-07,1994,8,11208,F,41,OWNER,9104,POPLATEK MESICNE,10,Praha - vychod,central Bohemia,92084,10124.0,1.0,3810.0,A,Cerrado,Pagado sin problemas,172080.0,48,3585.0,0.0
6851,1997-06-03,1997,6,11250,F,52,OWNER,9138,POPLATEK MESICNE,26,Plzen - mesto,west Bohemia,170449,10787.0,3.0,6041.0,D,Vigente,"En curso, en mora",272220.0,60,4537.0,272220.0
6852,1998-11-10,1998,11,11252,F,33,OWNER,9140,POPLATEK MESICNE,32,Ceska Lipa,north Bohemia,105058,9272.0,3.0,4340.0,C,Vigente,"En curso, al dia",16032.0,48,334.0,16032.0
6855,1998-03-01,1998,3,11266,M,60,OWNER,9153,POPLATEK MESICNE,9,Nymburk,central Bohemia,81344,8899.0,3.0,2987.0,C,Vigente,"En curso, al dia",52236.0,36,1451.0,52236.0
6856,1998-12-01,1998,12,11271,M,61,OWNER,9156,POPLATEK MESICNE,18,Pisek,south Bohemia,70699,8968.0,3.0,1740.0,C,Vigente,"En curso, al dia",163332.0,36,4537.0,163332.0
6857,1998-06-08,1998,6,11274,M,29,OWNER,9159,POPLATEK MESICNE,64,Zlin,south Moravia,197099,9624.0,2.0,4484.0,C,Vigente,"En curso, al dia",69600.0,48,1450.0,69600.0
6859,1998-03-07,1998,3,11286,F,58,OWNER,9167,POPLATEK MESICNE,56,Breclav,south Moravia,124605,8772.0,5.0,2854.0,C,Vigente,"En curso, al dia",272220.0,60,4537.0,272220.0
6861,1998-02-28,1998,2,11304,F,38,OWNER,9179,POPLATEK MESICNE,28,Plzen - sever,west Bohemia,72541,8594.0,2.0,1580.0,C,Vigente,"En curso, al dia",215040.0,60,3584.0,215040.0
6863,1993-07-28,1993,7,11314,M,62,OWNER,9188,POPLATEK MESICNE,45,Jicin,east Bohemia,77917,8390.0,2.0,2080.0,A,Cerrado,Pagado sin problemas,127080.0,60,2118.0,0.0
6865,1996-09-11,1996,9,11327,M,51,OWNER,9199,POPLATEK MESICNE,72,Olomouc,north Moravia,226122,8994.0,4.0,9672.0,B,Cerrado,"Pagado, contrato terminado con deuda",29448.0,12,2454.0,29448.0
6866,1998-02-05,1998,2,11329,F,37,OWNER,9201,POPLATEK MESICNE,69,Jesenik,north Moravia,42821,8173.0,,,C,Vigente,"En curso, al dia",122472.0,24,5103.0,122472.0
6868,1998-10-12,1998,10,11337,M,29,OWNER,9208,POPLATEK MESICNE,29,Rokycany,west Bohemia,45714,8843.0,3.0,818.0,C,Vigente,"En curso, al dia",82128.0,24,3422.0,82128.0
6871,1997-04-13,1997,4,11359,M,26,OWNER,9225,POPLATEK MESICNE,11,Praha - zapad,central Bohemia,75637,9622.0,0.0,3475.0,C,Vigente,"En curso, al dia",164256.0,48,3422.0,164256.0
6872,1998-04-29,1998,4,11362,F,32,OWNER,9227,POPLATEK MESICNE,51,Trutnov,east Bohemia,121947,8541.0,3.0,3496.0,C,Vigente,"En curso, al dia",191580.0,60,3193.0,191580.0
6875,1997-03-13,1997,3,11371,F,57,OWNER,9235,POPLATEK MESICNE,37,Litomerice,north Bohemia,114006,9065.0,4.0,4147.0,C,Vigente,"En curso, al dia",83280.0,48,1735.0,83280.0
6876,1993-12-21,1993,12,11372,M,37,OWNER,9236,POPLATEK MESICNE,11,Praha - zapad,central Bohemia,75637,9622.0,0.0,3475.0,A,Cerrado,Pagado sin problemas,86616.0,12,7218.0,0.0
6877,1997-06-19,1997,6,11379,M,46,OWNER,9241,POPLATEK MESICNE,74,Ostrava - mesto,north Moravia,323870,10673.0,5.0,18782.0,C,Vigente,"En curso, al dia",285240.0,60,4754.0,285240.0
6878,1997-01-24,1997,1,11381,F,19,OWNER,9242,POPLATEK MESICNE,57,Hodonin,south Moravia,161954,8720.0,4.0,3729.0,A,Cerrado,Pagado sin problemas,23184.0,12,1932.0,0.0
6887,1997-05-08,1997,5,11405,F,34,OWNER,9263,POPLATEK MESICNE,68,Frydek - Mistek,north Moravia,228848,9893.0,4.0,5623.0,A,Cerrado,Pagado sin problemas,39576.0,12,3298.0,0.0
6888,1994-07-11,1994,7,11409,F,18,OWNER,9265,POPLATEK MESICNE,1,Hl.m. Praha,Prague,1204953,12541.0,0.0,85677.0,A,Cerrado,Pagado sin problemas,39576.0,12,3298.0,0.0
6895,1994-09-19,1994,9,11461,M,24,OWNER,9307,POPLATEK MESICNE,68,Frydek - Mistek,north Moravia,228848,9893.0,4.0,5623.0,A,Cerrado,Pagado sin problemas,41904.0,12,3492.0,0.0
6903,1994-06-04,1994,6,11497,F,39,OWNER,9337,POPLATEK MESICNE,30,Sokolov,west Bohemia,94812,9650.0,3.0,2985.0,A,Cerrado,Pagado sin problemas,52128.0,24,2172.0,0.0
6908,1997-06-08,1997,6,11516,M,60,OWNER,9353,POPLATEK MESICNE,59,Kromeriz,south Moravia,108871,8444.0,3.0,2595.0,C,Vigente,"En curso, al dia",188616.0,24,7859.0,188616.0
6913,1997-04-29,1997,4,11545,F,32,OWNER,9377,POPLATEK MESICNE,1,Hl.m. Praha,Prague,1204953,12541.0,0.0,85677.0,C,Vigente,"En curso, al dia",99936.0,24,4164.0,99936.0
6919,1994-08-05,1994,8,11574,F,54,OWNER,9403,POPLATEK TYDNE,1,Hl.m. Praha,Prague,1204953,12541.0,0.0,85677.0,A,Cerrado,Pagado sin problemas,120888.0,36,3358.0,0.0
6921,1996-10-29,1996,10,11596,F,58,OWNER,9422,POPLATEK MESICNE,70,Karvina,north Moravia,285387,10177.0,7.0,9878.0,A,Cerrado,Pagado sin problemas,86184.0,12,7182.0,0.0
6922,1997-08-26,1997,8,11598,F,21,OWNER,9424,POPLATEK MESICNE,54,Brno - mesto,south Moravia,387570,9897.0,2.0,18721.0,C,Vigente,"En curso, al dia",83628.0,36,2323.0,83628.0
6923,1998-10-05,1998,10,11609,M,41,OWNER,9433,POPLATEK MESICNE,59,Kromeriz,south Moravia,108871,8444.0,3.0,2595.0,C,Vigente,"En curso, al dia",44640.0,24,1860.0,44640.0
6926,1998-02-07,1998,2,11637,M,47,OWNER,9455,POPLATEK MESICNE,73,Opava,north Moravia,182027,8746.0,3.0,4355.0,C,Vigente,"En curso, al dia",374760.0,60,6246.0,374760.0
6929,1995-05-08,1995,5,11662,M,26,OWNER,9472,POPLATEK TYDNE,1,Hl.m. Praha,Prague,1204953,12541.0,0.0,85677.0,A,Cerrado,Pagado sin problemas,36396.0,12,3033.0,0.0
6932,1998-06-25,1998,6,11683,M,18,OWNER,9491,POPLATEK TYDNE,7,Melnik,central Bohemia,94725,9920.0,2.0,4289.0,C,Vigente,"En curso, al dia",225504.0,48,4698.0,225504.0
6933,1995-09-09,1995,9,11685,F,33,OWNER,9493,POPLATEK MESICNE,64,Zlin,south Moravia,197099,9624.0,2.0,4484.0,C,Vigente,"En curso, al dia",188688.0,48,3931.0,188688.0
6934,1997-02-09,1997,2,11686,F,50,OWNER,9494,POPLATEK MESICNE,21,Tabor,south Bohemia,103347,9104.0,2.0,2299.0,A,Cerrado,Pagado sin problemas,116832.0,12,9736.0,0.0
6938,1997-03-10,1997,3,11701,M,49,OWNER,9504,POPLATEK MESICNE,9,Nymburk,central Bohemia,81344,8899.0,3.0,2987.0,C,Vigente,"En curso, al dia",341280.0,60,5688.0,341280.0
6940,1996-11-22,1996,11,11709,M,37,OWNER,9510,POPLATEK MESICNE,1,Hl.m. Praha,Prague,1204953,12541.0,0.0,85677.0,C,Vigente,"En curso, al dia",228276.0,36,6341.0,228276.0
6942,1997-07-16,1997,7,11713,F,47,OWNER,9513,POPLATEK MESICNE,59,Kromeriz,south Moravia,108871,8444.0,3.0,2595.0,A,Cerrado,Pagado sin problemas,18324.0,12,1527.0,0.0
6944,1996-11-15,1996,11,11754,M,32,OWNER,9548,POPLATEK MESICNE,62,Uherske Hradiste,south Moravia,145688,8544.0,1.0,2719.0,C,Vigente,"En curso, al dia",46176.0,48,962.0,46176.0
6948,1998-03-15,1998,3,11768,F,27,OWNER,9560,POPLATEK MESICNE,1,Hl.m. Praha,Prague,1204953,12541.0,0.0,85677.0,C,Vigente,"En curso, al dia",157068.0,36,4363.0,157068.0
6949,1995-12-12,1995,12,11794,F,28,OWNER,9583,POPLATEK TYDNE,31,Tachov,west Bohemia,51313,8930.0,4.0,1328.0,A,Cerrado,Pagado sin problemas,104712.0,24,4363.0,0.0
6950,1995-04-11,1995,4,11804,M,54,OWNER,9591,POPLATEK MESICNE,74,Ostrava - mesto,north Moravia,323870,10673.0,5.0,18782.0,A,Cerrado,Pagado sin problemas,104712.0,24,4363.0,0.0
6955,1995-11-22,1995,11,11851,M,28,OWNER,9627,POPLATEK PO OBRATU,65,Znojmo,south Moravia,114200,8403.0,6.0,2157.0,C,Vigente,"En curso, al dia",244368.0,48,5091.0,244368.0
6956,1997-11-09,1997,11,11855,M,41,OWNER,9631,POPLATEK MESICNE,11,Praha - zapad,central Bohemia,75637,9622.0,0.0,3475.0,C,Vigente,"En curso, al dia",59448.0,24,2477.0,59448.0
6959,1997-06-30,1997,6,11857,M,46,OWNER,9633,POPLATEK MESICNE,70,Karvina,north Moravia,285387,10177.0,7.0,9878.0,D,Vigente,"En curso, en mora",59448.0,24,2477.0,59448.0
6960,1995-01-11,1995,1,11866,M,61,OWNER,9640,POPLATEK MESICNE,1,Hl.m. Praha,Prague,1204953,12541.0,0.0,85677.0,A,Cerrado,Pagado sin problemas,76416.0,24,3184.0,0.0
6961,1996-06-06,1996,6,11873,F,35,OWNER,9645,POPLATEK MESICNE,38,Louny,north Bohemia,85852,8965.0,7.0,2653.0,C,Vigente,"En curso, al dia",176148.0,36,4893.0,176148.0
6962,1998-04-02,1998,4,11874,M,29,OWNER,9646,POPLATEK TYDNE,1,Hl.m. Praha,Prague,1204953,12541.0,0.0,85677.0,C,Vigente,"En curso, al dia",279072.0,48,5814.0,279072.0
6965,1995-06-13,1995,6,11886,F,57,OWNER,9656,POPLATEK MESICNE,61,Trebic,south Moravia,117897,8814.0,5.0,2112.0,A,Cerrado,Pagado sin problemas,139536.0,24,5814.0,0.0
6969,1998-09-12,1998,9,11906,M,54,OWNER,9673,POPLATEK MESICNE,76,Sumperk,north Moravia,127369,8369.0,5.0,3736.0,C,Vigente,"En curso, al dia",88200.0,36,2450.0,88200.0
6970,1997-06-17,1997,6,11911,M,59,OWNER,9677,POPLATEK MESICNE,8,Mlada Boleslav,central Bohemia,112065,11277.0,1.0,5179.0,C,Vigente,"En curso, al dia",31620.0,60,527.0,31620.0
6984,1997-08-15,1997,8,11976,F,59,OWNER,9730,POPLATEK MESICNE,54,Brno - mesto,south Moravia,387570,9897.0,2.0,18721.0,C,Vigente,"En curso, al dia",116040.0,60,1934.0,116040.0
6985,1995-11-22,1995,11,11978,M,27,OWNER,9731,POPLATEK PO OBRATU,54,Brno - mesto,south Moravia,387570,9897.0,2.0,18721.0,A,Cerrado,Pagado sin problemas,113796.0,36,3161.0,0.0
6986,1995-02-11,1995,2,12003,M,22,OWNER,9750,POPLATEK MESICNE,74,Ostrava - mesto,north Moravia,323870,10673.0,5.0,18782.0,D,Vigente,"En curso, en mora",151728.0,48,3161.0,151728.0
6992,1996-07-27,1996,7,12050,M,55,OWNER,9790,POPLATEK MESICNE,52,Usti nad Orlici,east Bohemia,139012,8363.0,3.0,2564.0,C,Vigente,"En curso, al dia",133968.0,48,2791.0,133968.0
6995,1996-09-26,1996,9,12079,F,26,OWNER,9814,POPLATEK TYDNE,64,Zlin,south Moravia,197099,9624.0,2.0,4484.0,A,Cerrado,Pagado sin problemas,96168.0,12,8014.0,0.0
6996,1995-04-13,1995,4,12095,M,59,OWNER,9828,POPLATEK MESICNE,11,Praha - zapad,central Bohemia,75637,9622.0,0.0,3475.0,A,Cerrado,Pagado sin problemas,126600.0,24,5275.0,0.0
6998,1994-05-21,1994,5,12102,F,30,OWNER,9833,POPLATEK MESICNE,20,Strakonice,south Bohemia,70646,8547.0,3.0,1563.0,A,Cerrado,Pagado sin problemas,97632.0,12,8136.0,0.0
7001,1997-08-10,1997,8,12133,F,34,OWNER,9859,POPLATEK MESICNE,27,Plzen - jih,west Bohemia,67298,8561.0,1.0,1029.0,C,Vigente,"En curso, al dia",300600.0,60,5010.0,300600.0
7004,1995-03-15,1995,3,12144,M,18,OWNER,9869,POPLATEK MESICNE,12,Pribram,central Bohemia,107870,8754.0,4.0,3804.0,C,Vigente,"En curso, al dia",331560.0,60,5526.0,331560.0
7008,1995-09-22,1995,9,12181,M,37,OWNER,9897,POPLATEK MESICNE,1,Hl.m. Praha,Prague,1204953,12541.0,0.0,85677.0,A,Cerrado,Pagado sin problemas,36168.0,12,3014.0,0.0
7013,1996-08-02,1996,8,12220,F,27,OWNER,9928,POPLATEK MESICNE,60,Prostejov,south Moravia,110643,8441.0,3.0,1879.0,C,Vigente,"En curso, al dia",89340.0,60,1489.0,89340.0
7034,1996-07-11,1996,7,12303,F,24,OWNER,10001,POPLATEK MESICNE,24,Karlovy Vary,west Bohemia,122603,8991.0,1.0,5198.0,C,Vigente,"En curso, al dia",19044.0,36,529.0,19044.0
7035,1998-07-29,1998,7,12308,M,20,OWNER,10005,POPLATEK MESICNE,64,Zlin,south Moravia,197099,9624.0,2.0,4484.0,C,Vigente,"En curso, al dia",210744.0,36,5854.0,210744.0
7036,1996-09-25,1996,9,12325,M,34,OWNER,10019,POPLATEK MESICNE,8,Mlada Boleslav,central Bohemia,112065,11277.0,1.0,5179.0,C,Vigente,"En curso, al dia",194940.0,36,5415.0,194940.0
7037,1998-01-03,1998,1,12328,F,54,OWNER,10022,POPLATEK MESICNE,1,Hl.m. Praha,Prague,1204953,12541.0,0.0,85677.0,C,Vigente,"En curso, al dia",218064.0,48,4543.0,218064.0
7046,1997-03-28,1997,3,12358,M,55,OWNER,10049,POPLATEK MESICNE,17,Pelhrimov,south Bohemia,74062,8114.0,2.0,1003.0,A,Cerrado,Pagado sin problemas,91632.0,12,7636.0,0.0
7049,1997-06-24,1997,6,12376,M,39,OWNER,10063,POPLATEK TYDNE,4,Kladno,central Bohemia,149893,9753.0,5.0,5244.0,C,Vigente,"En curso, al dia",233424.0,36,6484.0,233424.0
7050,1997-09-23,1997,9,12378,F,52,OWNER,10065,POPLATEK MESICNE,76,Sumperk,north Moravia,127369,8369.0,5.0,3736.0,C,Vigente,"En curso, al dia",311232.0,48,6484.0,311232.0
7051,1997-07-28,1997,7,12382,M,43,OWNER,10068,POPLATEK MESICNE,1,Hl.m. Praha,Prague,1204953,12541.0,0.0,85677.0,A,Cerrado,Pagado sin problemas,77808.0,12,6484.0,0.0
7055,1994-04-06,1994,4,12396,F,28,OWNER,10079,POPLATEK MESICNE,62,Uherske Hradiste,south Moravia,145688,8544.0,1.0,2719.0,C,Vigente,"En curso, al dia",167100.0,60,2785.0,167100.0
7057,1995-10-20,1995,10,12416,M,25,OWNER,10093,POPLATEK TYDNE,1,Hl.m. Praha,Prague,1204953,12541.0,0.0,85677.0,A,Cerrado,Pagado sin problemas,231696.0,36,6436.0,0.0
7061,1994-08-27,1994,8,12432,M,33,OWNER,10105,POPLATEK MESICNE,55,Brno - venkov,south Moravia,157042,8743.0,2.0,3659.0,A,Cerrado,Pagado sin problemas,121896.0,24,5079.0,0.0
7066,1994-05-02,1994,5,12464,M,39,OWNER,10131,POPLATEK MESICNE,1,Hl.m. Praha,Prague,1204953,12541.0,0.0,85677.0,B,Cerrado,"Pagado, contrato terminado con deuda",215388.0,36,5983.0,215388.0
7067,1998-01-11,1998,1,12468,M,29,OWNER,10134,POPLATEK MESICNE,22,Domazlice,west Bohemia,58400,8620.0,1.0,1089.0,C,Vigente,"En curso, al dia",136368.0,24,5682.0,136368.0
7072,1998-01-27,1998,1,12485,F,33,OWNER,10148,POPLATEK MESICNE,34,Chomutov,north Bohemia,125236,9675.0,6.0,5323.0,C,Vigente,"En curso, al dia",22104.0,12,1842.0,22104.0
7085,1997-06-19,1997,6,12547,F,35,OWNER,10202,POPLATEK MESICNE,70,Karvina,north Moravia,285387,10177.0,7.0,9878.0,C,Vigente,"En curso, al dia",305424.0,48,6363.0,305424.0
7087,1997-02-20,1997,2,12561,M,32,OWNER,10215,POPLATEK MESICNE,38,Louny,north Bohemia,85852,8965.0,7.0,2653.0,C,Vigente,"En curso, al dia",44304.0,24,1846.0,44304.0
7088,1997-05-03,1997,5,12586,M,51,OWNER,10233,POPLATEK MESICNE,27,Plzen - jih,west Bohemia,67298,8561.0,1.0,1029.0,C,Vigente,"En curso, al dia",239160.0,60,3986.0,239160.0
7091,1998-09-22,1998,9,12599,M,42,OWNER,10243,POPLATEK MESICNE,44,Chrudim,east Bohemia,105606,8254.0,3.0,2166.0,C,Vigente,"En curso, al dia",113436.0,36,3151.0,113436.0
7096,1998-09-02,1998,9,12616,F,33,OWNER,10257,POPLATEK MESICNE,27,Plzen - jih,west Bohemia,67298,8561.0,1.0,1029.0,C,Vigente,"En curso, al dia",37812.0,12,3151.0,37812.0
7097,1993-12-23,1993,12,12625,M,40,OWNER,10266,POPLATEK MESICNE,54,Brno - mesto,south Moravia,387570,9897.0,2.0,18721.0,B,Cerrado,"Pagado, contrato terminado con deuda",75624.0,24,3151.0,75624.0
7100,1997-12-31,1997,12,12643,F,36,OWNER,10280,POPLATEK MESICNE,69,Jesenik,north Moravia,42821,8173.0,,,C,Vigente,"En curso, al dia",348120.0,60,5802.0,348120.0
7101,1996-11-18,1996,11,12662,M,45,OWNER,10297,POPLATEK MESICNE,14,Ceske Budejovice,south Bohemia,177686,10045.0,1.0,6604.0,C,Vigente,"En curso, al dia",421008.0,48,8771.0,421008.0
7104,1993-12-13,1993,12,12695,M,19,OWNER,10320,POPLATEK MESICNE,68,Frydek - Mistek,north Moravia,228848,9893.0,4.0,5623.0,A,Cerrado,Pagado sin problemas,259740.0,60,4329.0,0.0
7110,1998-01-21,1998,1,12729,M,30,OWNER,10345,POPLATEK MESICNE,36,Liberec,north Bohemia,159617,9198.0,3.0,5796.0,C,Vigente,"En curso, al dia",31260.0,12,2605.0,31260.0
7115,1997-03-04,1997,3,12738,F,38,OWNER,10351,POPLATEK MESICNE,23,Cheb,west Bohemia,87419,8624.0,2.0,2879.0,C,Vigente,"En curso, al dia",88704.0,48,1848.0,88704.0
7119,1997-06-02,1997,6,12750,F,58,OWNER,10361,POPLATEK MESICNE,21,Tabor,south Bohemia,103347,9104.0,2.0,2299.0,A,Cerrado,Pagado sin problemas,86880.0,12,7240.0,0.0
7121,1993-11-10,1993,11,12754,M,38,OWNER,10364,POPLATEK MESICNE,55,Brno - venkov,south Moravia,157042,8743.0,2.0,3659.0,A,Cerrado,Pagado sin problemas,21924.0,36,609.0,0.0
7122,1997-01-04,1997,1,12756,F,49,OWNER,10365,POPLATEK MESICNE,22,Domazlice,west Bohemia,58400,8620.0,1.0,1089.0,D,Vigente,"En curso, en mora",260640.0,36,7240.0,260640.0
7129,1998-03-01,1998,3,12802,M,29,OWNER,10404,POPLATEK MESICNE,1,Hl.m. Praha,Prague,1204953,12541.0,0.0,85677.0,C,Vigente,"En curso, al dia",194280.0,60,3238.0,194280.0
7130,1996-12-11,1996,12,12810,M,34,OWNER,10411,POPLATEK PO OBRATU,39,Most,north Bohemia,119895,10446.0,7.0,4947.0,A,Cerrado,Pagado sin problemas,123408.0,24,5142.0,0.0
7136,1996-09-28,1996,9,12840,M,59,OWNER,10436,POPLATEK MESICNE,60,Prostejov,south Moravia,110643,8441.0,3.0,1879.0,C,Vigente,"En curso, al dia",54396.0,36,1511.0,54396.0
7137,1994-06-03,1994,6,12843,M,45,OWNER,10439,POPLATEK MESICNE,66,Zdar nad Sazavou,south Moravia,125832,8512.0,4.0,2247.0,A,Cerrado,Pagado sin problemas,151560.0,24,6315.0,0.0
7138,1995-07-03,1995,7,12844,M,52,OWNER,10440,POPLATEK MESICNE,72,Olomouc,north Moravia,226122,8994.0,4.0,9672.0,C,Vigente,"En curso, al dia",60000.0,60,1000.0,60000.0
7139,1998-01-22,1998,1,12850,M,43,OWNER,10445,POPLATEK MESICNE,72,Olomouc,north Moravia,226122,8994.0,4.0,9672.0,C,Vigente,"En curso, al dia",23412.0,12,1951.0,23412.0
7142,1994-12-19,1994,12,12859,F,22,OWNER,10451,POPLATEK MESICNE,1,Hl.m. Praha,Prague,1204953,12541.0,0.0,85677.0,D,Vigente,"En curso, en mora",482940.0,60,8049.0,482940.0
7147,1998-01-02,1998,1,12890,F,40,OWNER,10478,POPLATEK TYDNE,70,Karvina,north Moravia,285387,10177.0,7.0,9878.0,C,Vigente,"En curso, al dia",267600.0,48,5575.0,267600.0
7151,1998-02-18,1998,2,12908,M,57,OWNER,10493,POPLATEK MESICNE,12,Pribram,central Bohemia,107870,8754.0,4.0,3804.0,C,Vigente,"En curso, al dia",133800.0,24,5575.0,133800.0
7154,1996-12-05,1996,12,12943,M,28,OWNER,10520,POPLATEK PO OBRATU,55,Brno - venkov,south Moravia,157042,8743.0,2.0,3659.0,C,Vigente,"En curso, al dia",417600.0,60,6960.0,417600.0
7164,1998-08-15,1998,8,13051,M,33,OWNER,10613,POPLATEK MESICNE,55,Brno - venkov,south Moravia,157042,8743.0,2.0,3659.0,C,Vigente,"En curso, al dia",249792.0,48,5204.0,249792.0
7166,1995-06-24,1995,6,13071,M,42,OWNER,10630,POPLATEK MESICNE,41,Usti nad Labem,north Bohemia,118650,9832.0,3.0,6445.0,A,Cerrado,Pagado sin problemas,198240.0,24,8260.0,0.0
7167,1998-06-18,1998,6,13089,F,19,OWNER,10644,POPLATEK MESICNE,16,Jindrichuv Hradec,south Bohemia,93931,8427.0,1.0,1874.0,C,Vigente,"En curso, al dia",269964.0,36,7499.0,269964.0
7168,1998-07-05,1998,7,13090,F,18,OWNER,10645,POPLATEK MESICNE,2,Benesov,central Bohemia,88884,8507.0,2.0,2159.0,C,Vigente,"En curso, al dia",208332.0,36,5787.0,208332.0
7171,1998-02-24,1998,2,13095,M,48,OWNER,10650,POPLATEK MESICNE,76,Sumperk,north Moravia,127369,8369.0,5.0,3736.0,C,Vigente,"En curso, al dia",196224.0,48,4088.0,196224.0
7172,1998-05-07,1998,5,13098,F,20,OWNER,10652,POPLATEK MESICNE,1,Hl.m. Praha,Prague,1204953,12541.0,0.0,85677.0,C,Vigente,"En curso, al dia",45720.0,12,3810.0,45720.0
7176,1995-10-28,1995,10,13113,M,22,OWNER,10663,POPLATEK MESICNE,11,Praha - zapad,central Bohemia,75637,9622.0,0.0,3475.0,A,Cerrado,Pagado sin problemas,260028.0,36,7223.0,0.0
7181,1997-10-02,1997,10,13134,F,36,OWNER,10679,POPLATEK MESICNE,1,Hl.m. Praha,Prague,1204953,12541.0,0.0,85677.0,C,Vigente,"En curso, al dia",197808.0,24,8242.0,197808.0
7187,1997-12-24,1997,12,13172,M,60,OWNER,10711,POPLATEK MESICNE,36,Liberec,north Bohemia,159617,9198.0,3.0,5796.0,C,Vigente,"En curso, al dia",24180.0,60,403.0,24180.0
7189,1996-03-21,1996,3,13190,M,42,OWNER,10728,POPLATEK MESICNE,71,Novy Jicin,north Moravia,161227,8678.0,6.0,4980.0,C,Vigente,"En curso, al dia",154656.0,48,3222.0,154656.0
7192,1994-12-21,1994,12,13201,M,61,OWNER,10738,POPLATEK TYDNE,45,Jicin,east Bohemia,77917,8390.0,2.0,2080.0,A,Cerrado,Pagado sin problemas,115992.0,36,3222.0,0.0
7194,1996-09-17,1996,9,13231,M,39,OWNER,10762,POPLATEK MESICNE,1,Hl.m. Praha,Prague,1204953,12541.0,0.0,85677.0,C,Vigente,"En curso, al dia",68832.0,36,1912.0,68832.0
7195,1998-04-23,1998,4,13246,F,56,OWNER,10774,POPLATEK MESICNE,46,Nachod,east Bohemia,112709,8369.0,2.0,2854.0,C,Vigente,"En curso, al dia",339168.0,48,7066.0,339168.0
7198,1994-08-23,1994,8,13260,F,21,OWNER,10788,POPLATEK TYDNE,67,Bruntal,north Moravia,106054,8110.0,6.0,3244.0,A,Cerrado,Pagado sin problemas,45768.0,12,3814.0,0.0
7199,1997-12-09,1997,12,13261,M,54,OWNER,10789,POPLATEK MESICNE,75,Prerov,north Moravia,138032,8819.0,5.0,4063.0,A,Cerrado,Pagado sin problemas,45768.0,12,3814.0,0.0
7200,1998-07-11,1998,7,13276,M,21,OWNER,10799,POPLATEK MESICNE,76,Sumperk,north Moravia,127369,8369.0,5.0,3736.0,C,Vigente,"En curso, al dia",31140.0,60,519.0,31140.0
7201,1997-03-07,1997,3,13285,M,63,OWNER,10807,POPLATEK MESICNE,34,Chomutov,north Bohemia,125236,9675.0,6.0,5323.0,A,Cerrado,Pagado sin problemas,67464.0,12,5622.0,0.0
7202,1998-05-29,1998,5,13290,M,57,OWNER,10812,POPLATEK MESICNE,16,Jindrichuv Hradec,south Bohemia,93931,8427.0,1.0,1874.0,C,Vigente,"En curso, al dia",140688.0,48,2931.0,140688.0
7209,1997-11-30,1997,11,13346,M,42,OWNER,10857,POPLATEK MESICNE,50,Svitavy,east Bohemia,102609,8187.0,5.0,2123.0,D,Vigente,"En curso, en mora",385560.0,60,6426.0,385560.0
7213,1996-02-13,1996,2,13380,M,56,OWNER,10884,POPLATEK MESICNE,65,Znojmo,south Moravia,114200,8403.0,6.0,2157.0,C,Vigente,"En curso, al dia",113544.0,36,3154.0,113544.0
7219,1997-08-23,1997,8,13405,M,40,OWNER,10905,POPLATEK MESICNE,32,Ceska Lipa,north Bohemia,105058,9272.0,3.0,4340.0,C,Vigente,"En curso, al dia",57120.0,48,1190.0,57120.0
7220,1994-07-28,1994,7,13412,M,44,OWNER,10911,POPLATEK TYDNE,1,Hl.m. Praha,Prague,1204953,12541.0,0.0,85677.0,A,Cerrado,Pagado sin problemas,131292.0,36,3647.0,0.0
7221,1998-06-11,1998,6,13417,F,47,OWNER,10915,POPLATEK TYDNE,25,Klatovy,west Bohemia,88757,8554.0,2.0,1822.0,C,Vigente,"En curso, al dia",152460.0,60,2541.0,152460.0
7226,1994-02-23,1994,2,13447,F,28,OWNER,10940,POPLATEK MESICNE,50,Svitavy,east Bohemia,102609,8187.0,5.0,2123.0,A,Cerrado,Pagado sin problemas,197748.0,36,5493.0,0.0
7227,1995-10-02,1995,10,13451,F,43,OWNER,10942,POPLATEK TYDNE,44,Chrudim,east Bohemia,105606,8254.0,3.0,2166.0,C,Vigente,"En curso, al dia",314520.0,60,5242.0,314520.0
7230,1997-04-02,1997,4,13468,M,38,OWNER,10954,POPLATEK MESICNE,25,Klatovy,west Bohemia,88757,8554.0,2.0,1822.0,C,Vigente,"En curso, al dia",18720.0,60,312.0,18720.0
7233,1996-12-25,1996,12,13480,M,45,OWNER,10963,POPLATEK MESICNE,16,Jindrichuv Hradec,south Bohemia,93931,8427.0,1.0,1874.0,C,Vigente,"En curso, al dia",115812.0,36,3217.0,115812.0
7235,1993-10-13,1993,10,13490,F,29,OWNER,10973,POPLATEK TYDNE,18,Pisek,south Bohemia,70699,8968.0,3.0,1740.0,A,Cerrado,Pagado sin problemas,154416.0,48,3217.0,0.0
7240,1993-09-06,1993,9,13539,M,20,OWNER,11013,POPLATEK TYDNE,1,Hl.m. Praha,Prague,1204953,12541.0,0.0,85677.0,A,Cerrado,Pagado sin problemas,274740.0,60,4579.0,0.0
7241,1995-03-04,1995,3,13548,M,22,OWNER,11021,POPLATEK MESICNE,1,Hl.m. Praha,Prague,1204953,12541.0,0.0,85677.0,B,Cerrado,"Pagado, contrato terminado con deuda",168984.0,24,7041.0,168984.0
7242,1997-10-23,1997,10,13556,M,40,OWNER,11027,POPLATEK TYDNE,32,Ceska Lipa,north Bohemia,105058,9272.0,3.0,4340.0,C,Vigente,"En curso, al dia",48096.0,24,2004.0,48096.0
7243,1995-12-04,1995,12,13576,M,24,OWNER,11042,POPLATEK MESICNE,72,Olomouc,north Moravia,226122,8994.0,4.0,9672.0,A,Cerrado,Pagado sin problemas,217152.0,36,6032.0,0.0
7246,1996-08-20,1996,8,13590,M,21,OWNER,11054,POPLATEK TYDNE,59,Kromeriz,south Moravia,108871,8444.0,3.0,2595.0,C,Vigente,"En curso, al dia",148920.0,60,2482.0,148920.0
7249,1994-06-12,1994,6,13603,M,57,OWNER,11065,POPLATEK MESICNE,11,Praha - zapad,central Bohemia,75637,9622.0,0.0,3475.0,A,Cerrado,Pagado sin problemas,69360.0,48,1445.0,0.0
7250,1997-03-04,1997,3,13608,F,35,OWNER,11069,POPLATEK MESICNE,37,Litomerice,north Bohemia,114006,9065.0,4.0,4147.0,C,Vigente,"En curso, al dia",119136.0,48,2482.0,119136.0
7253,1997-04-26,1997,4,13620,M,28,OWNER,11079,POPLATEK MESICNE,16,Jindrichuv Hradec,south Bohemia,93931,8427.0,1.0,1874.0,A,Cerrado,Pagado sin problemas,98304.0,12,8192.0,0.0
7255,1997-06-09,1997,6,13640,F,43,OWNER,11096,POPLATEK MESICNE,28,Plzen - sever,west Bohemia,72541,8594.0,2.0,1580.0,C,Vigente,"En curso, al dia",213300.0,60,3555.0,213300.0
7259,1994-01-31,1994,1,13657,F,35,OWNER,11111,POPLATEK MESICNE,1,Hl.m. Praha,Prague,1204953,12541.0,0.0,85677.0,A,Cerrado,Pagado sin problemas,108144.0,36,3004.0,0.0
7262,1994-03-01,1994,3,13687,M,39,OWNER,11135,POPLATEK MESICNE,75,Prerov,north Moravia,138032,8819.0,5.0,4063.0,A,Cerrado,Pagado sin problemas,182628.0,36,5073.0,0.0
7263,1996-01-19,1996,1,13690,M,35,OWNER,11138,POPLATEK TYDNE,70,Karvina,north Moravia,285387,10177.0,7.0,9878.0,A,Cerrado,Pagado sin problemas,89880.0,24,3745.0,0.0
7264,1997-10-07,1997,10,13694,F,22,OWNER,11141,POPLATEK TYDNE,1,Hl.m. Praha,Prague,1204953,12541.0,0.0,85677.0,A,Cerrado,Pagado sin problemas,44940.0,12,3745.0,0.0
7271,1996-10-02,1996,10,13750,F,18,OWNER,11186,POPLATEK MESICNE,12,Pribram,central Bohemia,107870,8754.0,4.0,3804.0,C,Vigente,"En curso, al dia",392460.0,60,6541.0,392460.0
7277,1997-10-24,1997,10,13803,M,51,OWNER,11231,POPLATEK MESICNE,1,Hl.m. Praha,Prague,1204953,12541.0,0.0,85677.0,A,Cerrado,Pagado sin problemas,89280.0,12,7440.0,0.0
7279,1997-12-11,1997,12,13820,F,50,OWNER,11244,POPLATEK MESICNE,33,Decin,north Bohemia,133777,8705.0,6.0,4650.0,C,Vigente,"En curso, al dia",155760.0,24,6490.0,155760.0
7284,1993-09-15,1993,9,13845,M,25,OWNER,11265,POPLATEK MESICNE,15,Cesky Krumlov,south Bohemia,58796,9045.0,3.0,1845.0,A,Cerrado,Pagado sin problemas,52788.0,12,4399.0,0.0
7286,1997-01-31,1997,1,13852,M,26,OWNER,11271,POPLATEK MESICNE,5,Kolin,central Bohemia,95616,9307.0,4.0,2616.0,C,Vigente,"En curso, al dia",67320.0,36,1870.0,67320.0
7292,1998-11-22,1998,11,13912,M,23,OWNER,11317,POPLATEK MESICNE,50,Svitavy,east Bohemia,102609,8187.0,5.0,2123.0,C,Vigente,"En curso, al dia",317460.0,60,5291.0,317460.0
7294,1998-09-27,1998,9,13923,F,19,OWNER,11327,POPLATEK MESICNE,7,Melnik,central Bohemia,94725,9920.0,2.0,4289.0,C,Vigente,"En curso, al dia",39168.0,24,1632.0,39168.0
7295,1998-07-18,1998,7,13924,F,46,OWNER,11328,POPLATEK MESICNE,54,Brno - mesto,south Moravia,387570,9897.0,2.0,18721.0,C,Vigente,"En curso, al dia",280440.0,60,4674.0,280440.0
7304,1995-10-29,1995,10,13955,F,53,OWNER,11349,POPLATEK TYDNE,1,Hl.m. Praha,Prague,1204953,12541.0,0.0,85677.0,C,Vigente,"En curso, al dia",419880.0,60,6998.0,419880.0
7305,1996-08-06,1996,8,13968,M,30,OWNER,11359,POPLATEK MESICNE,61,Trebic,south Moravia,117897,8814.0,5.0,2112.0,A,Cerrado,Pagado sin problemas,54024.0,12,4502.0,0.0
7308,1996-12-27,1996,12,13971,F,36,OWNER,11362,POPLATEK MESICNE,67,Bruntal,north Moravia,106054,8110.0,6.0,3244.0,A,Cerrado,Pagado sin problemas,129408.0,24,5392.0,0.0
