id_prestamo,fecha_otorgamiento,anio_otorgamiento,mes_otorgamiento,id_cliente,sexo_cliente,edad_cliente,tipo_disposicion,id_cuenta,frecuencia_emision_estado,id_distrito,nombre_distrito,region,poblacion_distrito,salario_distrito,desempleo_distrito,crimen_distrito,estado_prestamo,condicion_prestamo,descripcion_estado,monto_prestamo,plazo_meses,pago_mensual,saldo_pendiente_estimado,meses_transcurridos_al_corte,saldo_promedio_previo,ratio_cuota_saldo_previo,banda_capacidad
4959,1994-01-05,1994,1,2,M,53,OWNER,2,Extracto mensual,1,Hl.m. Praha,Prague,1204953,12541.0,0.0,85677.0,A,Cerrado,Pagado sin problemas,80952.0,24,3373.0,0.0,59,32590.76,0.1035,Media-alta
4961,1996-04-29,1996,4,25,F,59,OWNER,19,Extracto mensual,21,Tabor,south Bohemia,103347,9104.0,2.0,2299.0,B,Cerrado,"Pagado, contrato terminado con deuda",30276.0,12,2523.0,0.0,32,25197.14,0.1001,Media-alta
4962,1997-12-08,1997,12,31,M,36,OWNER,25,Extracto mensual,68,Frydek - Mistek,north Moravia,228848,9893.0,4.0,5623.0,A,Cerrado,Pagado sin problemas,30276.0,12,2523.0,0.0,12,62991.41,0.0401,Baja
4967,1998-10-14,1998,10,45,M,46,OWNER,37,Extracto mensual,20,Strakonice,south Bohemia,70646,8547.0,3.0,1563.0,D,Vigente,"En curso, en mora",318480.0,60,5308.0,307864.0,2,39954.03,0.1329,Alta
4968,1998-04-19,1998,4,46,F,58,OWNER,38,Extracto semanal,19,Prachatice,south Bohemia,51428,8402.0,3.0,999.0,C,Vigente,"En curso, al dia",110736.0,48,2307.0,92280.0,8,31383.58,0.0735,Media-baja
4973,1996-05-02,1996,5,78,F,54,OWNER,67,Extracto mensual,16,Jindrichuv Hradec,south Bohemia,93931,8427.0,1.0,1874.0,A,Cerrado,Pagado sin problemas,165960.0,24,6915.0,0.0,31,52523.34,0.1317,Alta
4986,1997-08-10,1997,8,116,M,56,OWNER,97,Extracto mensual,74,Ostrava - mesto,north Moravia,323870,10673.0,5.0,18782.0,A,Cerrado,Pagado sin problemas,102876.0,12,8573.0,0.0,16,33057.46,0.2593,Alta
4988,1997-12-06,1997,12,124,M,31,OWNER,103,Extracto mensual,44,Chrudim,east Bohemia,105606,8254.0,3.0,2166.0,D,Vigente,"En curso, en mora",265320.0,36,7370.0,176880.0,12,46266.58,0.1593,Alta
4989,1998-12-05,1998,12,127,F,48,OWNER,105,Extracto mensual,21,Tabor,south Bohemia,103347,9104.0,2.0,2299.0,C,Vigente,"En curso, al dia",352704.0,48,7348.0,352704.0,0,30797.54,0.2386,Alta
4990,1997-09-08,1997,9,132,M,45,OWNER,110,Extracto mensual,36,Liberec,north Bohemia,159617,9198.0,3.0,5796.0,C,Vigente,"En curso, al dia",162576.0,36,4516.0,94836.0,15,46148.27,0.0979,Media-alta
4996,1996-11-06,1996,11,158,F,53,OWNER,132,Extracto despues de cada transaccion,40,Teplice,north Bohemia,128118,9317.0,6.0,6949.0,A,Cerrado,Pagado sin problemas,88440.0,12,7370.0,0.0,25,62778.1,0.1174,Media-alta
5002,1994-05-31,1994,5,210,M,59,OWNER,173,Extracto mensual,66,Zdar nad Sazavou,south Moravia,125832,8512.0,4.0,2247.0,A,Cerrado,Pagado sin problemas,104808.0,12,8734.0,0.0,55,38709.7,0.2256,Alta
5005,1997-04-10,1997,4,215,M,31,OWNER,176,Extracto semanal,71,Novy Jicin,north Moravia,161227,8678.0,6.0,4980.0,A,Cerrado,Pagado sin problemas,27456.0,12,2288.0,0.0,20,48780.09,0.0469,Baja
5015,1998-07-12,1998,7,272,F,54,OWNER,226,Extracto mensual,70,Karvina,north Moravia,285387,10177.0,7.0,9878.0,C,Vigente,"En curso, al dia",109344.0,12,9112.0,63784.0,5,48376.23,0.1884,Alta
5027,1998-12-02,1998,12,333,M,27,OWNER,276,Extracto mensual,38,Louny,north Bohemia,85852,8965.0,7.0,2653.0,C,Vigente,"En curso, al dia",160920.0,36,4470.0,160920.0,0,51649.44,0.0865,Media-baja
5032,1994-11-03,1994,11,352,M,58,OWNER,290,Extracto mensual,56,Breclav,south Moravia,124605,8772.0,5.0,2854.0,A,Cerrado,Pagado sin problemas,123696.0,48,2577.0,0.0,49,49084.51,0.0525,Baja
5034,1998-05-30,1998,5,370,F,42,OWNER,303,Extracto mensual,71,Novy Jicin,north Moravia,161227,8678.0,6.0,4980.0,C,Vigente,"En curso, al dia",112752.0,36,3132.0,90828.0,7,44659.69,0.0701,Media-baja
5036,1998-11-25,1998,11,376,F,25,OWNER,309,Extracto mensual,14,Ceske Budejovice,south Bohemia,177686,10045.0,1.0,6604.0,C,Vigente,"En curso, al dia",91248.0,48,1901.0,89347.0,1,30173.13,0.063,Media-baja
5039,1997-05-03,1997,5,383,F,59,OWNER,314,Extracto despues de cada transaccion,15,Cesky Krumlov,south Bohemia,58796,9045.0,3.0,1845.0,C,Vigente,"En curso, al dia",66840.0,24,2785.0,13925.0,19,38819.24,0.0717,Media-baja
5041,1997-07-11,1997,7,389,F,24,OWNER,319,Extracto semanal,47,Pardubice,east Bohemia,162580,9538.0,2.0,6079.0,C,Vigente,"En curso, al dia",369000.0,60,6150.0,264450.0,17,48648.36,0.1264,Alta
5042,1998-07-12,1998,7,403,F,25,OWNER,330,Extracto mensual,42,Havlickuv Brod,east Bohemia,95907,8388.0,2.0,1658.0,C,Vigente,"En curso, al dia",331584.0,48,6908.0,297044.0,5,42007.44,0.1644,Alta
5043,1997-12-25,1997,12,414,F,51,OWNER,339,Extracto semanal,46,Nachod,east Bohemia,112709,8369.0,2.0,2854.0,C,Vigente,"En curso, al dia",468060.0,60,7801.0,374448.0,12,59623.33,0.1308,Alta
5044,1994-12-21,1994,12,421,M,33,OWNER,344,Extracto mensual,54,Brno - mesto,south Moravia,387570,9897.0,2.0,18721.0,C,Vigente,"En curso, al dia",100980.0,60,1683.0,20196.0,48,35614.81,0.0473,Baja
5045,1995-05-01,1995,5,424,M,51,OWNER,347,Extracto mensual,65,Znojmo,south Moravia,114200,8403.0,6.0,2157.0,B,Cerrado,"Pagado, contrato terminado con deuda",187224.0,24,7801.0,0.0,43,42084.39,0.1854,Alta
5046,1998-09-09,1998,9,426,M,61,OWNER,349,Extracto mensual,72,Olomouc,north Moravia,226122,8994.0,4.0,9672.0,C,Vigente,"En curso, al dia",42816.0,12,3568.0,32112.0,3,17076.86,0.2089,Alta
5051,1997-10-11,1997,10,458,M,37,OWNER,378,Extracto mensual,68,Frydek - Mistek,north Moravia,228848,9893.0,4.0,5623.0,C,Vigente,"En curso, al dia",230400.0,60,3840.0,176640.0,14,79500.53,0.0483,Baja
5060,1994-07-19,1994,7,512,F,33,OWNER,426,Extracto mensual,1,Hl.m. Praha,Prague,1204953,12541.0,0.0,85677.0,D,Vigente,"En curso, en mora",252060.0,60,4201.0,29407.0,53,57340.69,0.0733,Media-baja
5061,1998-03-13,1998,3,530,F,41,OWNER,440,Extracto mensual,29,Rokycany,west Bohemia,45714,8843.0,3.0,818.0,C,Vigente,"En curso, al dia",84288.0,48,1756.0,68484.0,9,25727.46,0.0683,Media-baja
5063,1997-07-10,1997,7,533,F,57,OWNER,442,Extracto mensual,54,Brno - mesto,south Moravia,387570,9897.0,2.0,18721.0,D,Vigente,"En curso, en mora",357840.0,48,7455.0,231105.0,17,5350.0,1.3935,Alta
5072,1997-04-28,1997,4,568,F,38,OWNER,472,Extracto mensual,8,Mlada Boleslav,central Bohemia,112065,11277.0,1.0,5179.0,D,Vigente,"En curso, en mora",196800.0,24,8200.0,32800.0,20,58669.57,0.1398,Alta
5082,1996-10-24,1996,10,603,F,32,OWNER,501,Extracto mensual,13,Rakovnik,central Bohemia,53921,8598.0,3.0,1597.0,C,Vigente,"En curso, al dia",262980.0,60,4383.0,149022.0,26,41729.64,0.105,Media-alta
5086,1997-07-16,1997,7,631,F,42,OWNER,525,Extracto mensual,70,Karvina,north Moravia,285387,10177.0,7.0,9878.0,C,Vigente,"En curso, al dia",210384.0,48,4383.0,135873.0,17,45912.32,0.0955,Media-alta
5088,1996-08-22,1996,8,655,M,56,OWNER,544,Extracto mensual,32,Ceska Lipa,north Bohemia,105058,9272.0,3.0,4340.0,A,Cerrado,Pagado sin problemas,91152.0,24,3798.0,0.0,28,44829.6,0.0847,Media-baja
5103,1997-11-28,1997,11,798,F,58,OWNER,666,Extracto mensual,27,Plzen - jih,west Bohemia,67298,8561.0,1.0,1029.0,A,Cerrado,Pagado sin problemas,12540.0,12,1045.0,0.0,13,41922.12,0.0249,Baja
5110,1997-04-01,1997,4,810,F,53,OWNER,675,Extracto mensual,58,Jihlava,south Moravia,109164,8757.0,3.0,2212.0,C,Vigente,"En curso, al dia",102240.0,60,1704.0,68160.0,20,29947.1,0.0569,Baja
5117,1997-08-20,1997,8,861,F,42,OWNER,718,Extracto mensual,1,Hl.m. Praha,Prague,1204953,12541.0,0.0,85677.0,A,Cerrado,Pagado sin problemas,76944.0,12,6412.0,0.0,16,40141.86,0.1597,Alta
5124,1998-02-12,1998,2,939,M,46,OWNER,785,Extracto semanal,21,Tabor,south Bohemia,103347,9104.0,2.0,2299.0,C,Vigente,"En curso, al dia",156096.0,36,4336.0,112736.0,10,51641.73,0.084,Media-baja
5125,1995-11-23,1995,11,944,M,28,OWNER,789,Extracto mensual,39,Most,north Bohemia,119895,10446.0,7.0,4947.0,C,Vigente,"En curso, al dia",73056.0,48,1522.0,16742.0,37,23255.25,0.0654,Media-baja
5126,1994-07-24,1994,7,946,M,47,OWNER,790,Extracto mensual,54,Brno - mesto,south Moravia,387570,9897.0,2.0,18721.0,B,Cerrado,"Pagado, contrato terminado con deuda",208128.0,48,4336.0,0.0,53,36370.0,0.1192,Media-alta
5128,1996-04-11,1996,4,968,M,41,OWNER,808,Extracto mensual,69,Jesenik,north Moravia,42821,8173.0,5.83,1326.0,D,Vigente,"En curso, en mora",215616.0,48,4492.0,71872.0,32,21447.59,0.2094,Alta
5130,1994-05-11,1994,5,976,F,43,OWNER,813,Extracto mensual,16,Jindrichuv Hradec,south Bohemia,93931,8427.0,1.0,1874.0,A,Cerrado,Pagado sin problemas,24312.0,12,2026.0,0.0,55,29380.88,0.069,Media-baja
5131,1995-01-08,1995,1,980,M,37,OWNER,816,Extracto mensual,52,Usti nad Orlici,east Bohemia,139012,8363.0,3.0,2564.0,A,Cerrado,Pagado sin problemas,48624.0,24,2026.0,0.0,47,63857.3,0.0317,Baja
5132,1995-02-17,1995,2,981,M,38,OWNER,817,Extracto mensual,5,Kolin,central Bohemia,95616,9307.0,4.0,2616.0,C,Vigente,"En curso, al dia",538500.0,60,8975.0,125650.0,46,33687.84,0.2664,Alta
5134,1997-02-02,1997,2,992,M,50,OWNER,825,Extracto mensual,19,Prachatice,south Bohemia,51428,8402.0,3.0,999.0,A,Cerrado,Pagado sin problemas,53076.0,12,4423.0,0.0,22,33129.48,0.1335,Alta
5136,1996-07-28,1996,7,1020,F,21,OWNER,846,Extracto mensual,72,Olomouc,north Moravia,226122,8994.0,4.0,9672.0,A,Cerrado,Pagado sin problemas,187104.0,24,7796.0,0.0,29,66292.68,0.1176,Media-alta
5138,1995-05-30,1995,5,1029,F,44,OWNER,854,Extracto mensual,62,Uherske Hradiste,south Moravia,145688,8544.0,1.0,2719.0,C,Vigente,"En curso, al dia",87216.0,48,1817.0,9085.0,43,30847.18,0.0589,Media-baja
5140,1998-02-24,1998,2,1051,F,27,OWNER,873,Extracto mensual,73,Opava,north Moravia,182027,8746.0,3.0,4355.0,C,Vigente,"En curso, al dia",178500.0,60,2975.0,148750.0,10,21491.94,0.1384,Alta
5145,1995-09-16,1995,9,1102,M,63,OWNER,915,Extracto mensual,72,Olomouc,north Moravia,226122,8994.0,4.0,9672.0,C,Vigente,"En curso, al dia",309552.0,48,6449.0,58041.0,39,56105.46,0.1149,Media-alta
5147,1998-05-21,1998,5,1130,F,58,OWNER,938,Extracto mensual,70,Karvina,north Moravia,285387,10177.0,7.0,9878.0,C,Vigente,"En curso, al dia",22260.0,60,371.0,19663.0,7,23066.73,0.0161,Baja
5148,1996-05-29,1996,5,1133,F,40,OWNER,940,Extracto mensual,37,Litomerice,north Bohemia,114006,9065.0,4.0,4147.0,C,Vigente,"En curso, al dia",284280.0,60,4738.0,137402.0,31,64182.66,0.0738,Media-baja
5151,1995-05-24,1995,5,1157,F,40,OWNER,960,Extracto despues de cada transaccion,4,Kladno,central Bohemia,149893,9753.0,5.0,5244.0,C,Vigente,"En curso, al dia",189060.0,60,3151.0,53567.0,43,72243.0,0.0436,Baja
5154,1998-07-01,1998,7,1197,F,32,OWNER,993,Extracto mensual,6,Kutna Hora,central Bohemia,77963,8546.0,3.0,2640.0,C,Vigente,"En curso, al dia",108720.0,60,1812.0,99660.0,5,50883.27,0.0356,Baja
5158,1998-04-11,1998,4,1208,F,23,OWNER,1004,Extracto mensual,70,Karvina,north Moravia,285387,10177.0,7.0,9878.0,C,Vigente,"En curso, al dia",188532.0,36,5237.0,146636.0,8,64193.45,0.0816,Media-baja
5160,1995-12-18,1995,12,1215,M,54,OWNER,1011,Extracto mensual,45,Jicin,east Bohemia,77917,8390.0,2.0,2080.0,C,Vigente,"En curso, al dia",204000.0,60,3400.0,81600.0,36,37809.4,0.0899,Media-baja
5161,1994-10-28,1994,10,1216,F,53,OWNER,1012,Extracto mensual,65,Znojmo,south Moravia,114200,8403.0,6.0,2157.0,A,Cerrado,Pagado sin problemas,98184.0,24,4091.0,0.0,50,41660.29,0.0982,Media-alta
5169,1998-09-24,1998,9,1282,M,62,OWNER,1068,Extracto mensual,52,Usti nad Orlici,east Bohemia,139012,8363.0,3.0,2564.0,C,Vigente,"En curso, al dia",253200.0,60,4220.0,240540.0,3,34086.19,0.1238,Alta
5170,1994-01-20,1994,1,1286,F,48,OWNER,1071,Extracto semanal,68,Frydek - Mistek,north Moravia,228848,9893.0,4.0,5623.0,C,Vigente,"En curso, al dia",253200.0,60,4220.0,4220.0,59,47302.66,0.0892,Media-baja
5172,1998-04-16,1998,4,1300,M,19,OWNER,1083,Extracto mensual,45,Jicin,east Bohemia,77917,8390.0,2.0,2080.0,C,Vigente,"En curso, al dia",50976.0,36,1416.0,39648.0,8,28050.41,0.0505,Baja
5174,1997-06-13,1997,6,1311,F,42,OWNER,1093,Extracto mensual,54,Brno - mesto,south Moravia,387570,9897.0,2.0,18721.0,C,Vigente,"En curso, al dia",385104.0,48,8023.0,240690.0,18,47433.52,0.1691,Alta
5176,1994-11-12,1994,11,1327,F,35,OWNER,1106,Extracto semanal,20,Strakonice,south Bohemia,70646,8547.0,3.0,1563.0,B,Cerrado,"Pagado, contrato terminado con deuda",192552.0,24,8023.0,0.0,49,23979.06,0.3346,Alta
5189,1994-02-07,1994,2,1404,F,30,OWNER,1166,Extracto mensual,11,Praha - zapad,central Bohemia,75637,9622.0,0.0,3475.0,A,Cerrado,Pagado sin problemas,149040.0,48,3105.0,0.0,58,36845.85,0.0843,Media-baja
5206,1997-09-07,1997,9,1499,F,47,OWNER,1242,Extracto despues de cada transaccion,74,Ostrava - mesto,north Moravia,323870,10673.0,5.0,18782.0,C,Vigente,"En curso, al dia",128544.0,24,5356.0,48204.0,15,40526.55,0.1322,Alta
5207,1997-02-28,1997,2,1501,M,52,OWNER,1244,Extracto mensual,68,Frydek - Mistek,north Moravia,228848,9893.0,4.0,5623.0,C,Vigente,"En curso, al dia",35904.0,48,748.0,19448.0,22,22981.05,0.0325,Baja
5208,1995-03-16,1995,3,1505,F,27,OWNER,1247,Extracto mensual,25,Klatovy,west Bohemia,88757,8554.0,2.0,1822.0,D,Vigente,"En curso, en mora",99696.0,48,2077.0,6231.0,45,46341.42,0.0448,Baja
5209,1996-11-25,1996,11,1509,F,56,OWNER,1250,Extracto mensual,62,Uherske Hradiste,south Moravia,145688,8544.0,1.0,2719.0,C,Vigente,"En curso, al dia",182640.0,48,3805.0,87515.0,25,37802.3,0.1007,Media-alta
5210,1997-04-01,1997,4,1511,F,36,OWNER,1252,Extracto semanal,13,Rakovnik,central Bohemia,53921,8598.0,3.0,1597.0,C,Vigente,"En curso, al dia",148140.0,36,4115.0,65840.0,20,40688.42,0.1011,Media-alta
5212,1995-05-29,1995,5,1516,F,52,OWNER,1256,Extracto mensual,38,Louny,north Bohemia,85852,8965.0,7.0,2653.0,A,Cerrado,Pagado sin problemas,71064.0,36,1974.0,0.0,43,34577.28,0.0571,Media-baja
5214,1997-07-01,1997,7,1533,M,38,OWNER,1270,Extracto despues de cada transaccion,55,Brno - venkov,south Moravia,157042,8743.0,2.0,3659.0,C,Vigente,"En curso, al dia",74772.0,36,2077.0,39463.0,17,24872.3,0.0835,Media-baja
5221,1998-12-05,1998,12,1554,M,54,OWNER,1284,Extracto mensual,55,Brno - venkov,south Moravia,157042,8743.0,2.0,3659.0,C,Vigente,"En curso, al dia",52512.0,12,4376.0,52512.0,0,59684.4,0.0733,Media-baja
5226,1998-10-11,1998,10,1594,M,59,OWNER,1318,Extracto mensual,56,Breclav,south Moravia,124605,8772.0,5.0,2854.0,C,Vigente,"En curso, al dia",185544.0,36,5154.0,175236.0,2,27729.86,0.1859,Alta
5229,1997-09-06,1997,9,1608,M,57,OWNER,1329,Extracto mensual,53,Blansko,south Moravia,107911,8240.0,3.0,1850.0,A,Cerrado,Pagado sin problemas,23520.0,12,1960.0,0.0,15,25967.62,0.0755,Media-baja
5236,1997-09-15,1997,9,1662,M,31,OWNER,1374,Extracto mensual,53,Blansko,south Moravia,107911,8240.0,3.0,1850.0,C,Vigente,"En curso, al dia",389136.0,48,8107.0,267531.0,15,59750.02,0.1357,Alta
5237,1995-08-29,1995,8,1663,M,41,OWNER,1375,Extracto mensual,19,Prachatice,south Bohemia,51428,8402.0,3.0,999.0,A,Cerrado,Pagado sin problemas,45336.0,24,1889.0,0.0,40,48153.01,0.0392,Baja
5241,1998-09-02,1998,9,1681,M,58,OWNER,1389,Extracto mensual,34,Chomutov,north Bohemia,125236,9675.0,6.0,5323.0,C,Vigente,"En curso, al dia",125472.0,24,5228.0,109788.0,3,48989.18,0.1067,Media-alta
5245,1998-01-17,1998,1,1705,F,52,OWNER,1407,Extracto despues de cada transaccion,19,Prachatice,south Bohemia,51428,8402.0,3.0,999.0,C,Vigente,"En curso, al dia",125472.0,24,5228.0,67964.0,11,71376.03,0.0732,Media-baja
5253,1997-06-03,1997,6,1755,F,33,OWNER,1447,Extracto mensual,65,Znojmo,south Moravia,114200,8403.0,6.0,2157.0,C,Vigente,"En curso, al dia",100080.0,48,2085.0,62550.0,18,22604.4,0.0922,Media-alta
5260,1998-01-19,1998,1,1793,F,53,OWNER,1480,Extracto semanal,41,Usti nad Labem,north Bohemia,118650,9832.0,3.0,6445.0,C,Vigente,"En curso, al dia",123300.0,36,3425.0,85625.0,11,55026.64,0.0622,Media-baja
5265,1998-10-07,1998,10,1816,M,47,OWNER,1498,Extracto semanal,62,Uherske Hradiste,south Moravia,145688,8544.0,1.0,2719.0,C,Vigente,"En curso, al dia",165780.0,60,2763.0,160254.0,2,45342.29,0.0609,Media-baja
5269,1994-11-19,1994,11,1851,F,23,OWNER,1527,Extracto despues de cada transaccion,31,Tachov,west Bohemia,51313,8930.0,4.0,1328.0,B,Cerrado,"Pagado, contrato terminado con deuda",164052.0,36,4557.0,0.0,49,41752.11,0.1091,Media-alta
5270,1997-07-21,1997,7,1852,M,36,OWNER,1528,Extracto mensual,50,Svitavy,east Bohemia,102609,8187.0,5.0,2123.0,C,Vigente,"En curso, al dia",191088.0,48,3981.0,123411.0,17,32688.01,0.1218,Media-alta
5281,1997-11-27,1997,11,1913,M,30,OWNER,1580,Extracto mensual,69,Jesenik,north Moravia,42821,8173.0,5.83,1326.0,C,Vigente,"En curso, al dia",194256.0,24,8094.0,89034.0,13,51370.57,0.1576,Alta
5282,1996-08-24,1996,8,1917,F,29,OWNER,1583,Extracto despues de cada transaccion,69,Jesenik,north Moravia,42821,8173.0,5.83,1326.0,D,Vigente,"En curso, en mora",388512.0,48,8094.0,161880.0,28,21371.28,0.3787,Alta
5285,1994-02-06,1994,2,1944,F,41,OWNER,1603,Extracto mensual,1,Hl.m. Praha,Prague,1204953,12541.0,0.0,85677.0,A,Cerrado,Pagado sin problemas,78936.0,12,6578.0,0.0,58,25900.31,0.254,Alta
5287,1998-01-26,1998,1,1985,M,61,OWNER,1638,Extracto semanal,6,Kutna Hora,central Bohemia,77963,8546.0,3.0,2640.0,C,Vigente,"En curso, al dia",64224.0,24,2676.0,34788.0,11,45735.89,0.0585,Media-baja
5293,1998-10-29,1998,10,2008,M,58,OWNER,1656,Extracto mensual,47,Pardubice,east Bohemia,162580,9538.0,2.0,6079.0,C,Vigente,"En curso, al dia",189792.0,48,3954.0,181884.0,2,34760.27,0.1138,Media-alta
5301,1996-07-06,1996,7,2063,F,48,OWNER,1698,Extracto mensual,68,Frydek - Mistek,north Moravia,228848,9893.0,4.0,5623.0,C,Vigente,"En curso, al dia",141948.0,36,3943.0,27601.0,29,32592.8,0.121,Media-alta
5304,1998-08-20,1998,8,2083,M,55,OWNER,1718,Extracto mensual,71,Novy Jicin,north Moravia,161227,8678.0,6.0,4980.0,C,Vigente,"En curso, al dia",172272.0,24,7178.0,143560.0,4,61146.47,0.1174,Media-alta
5310,1995-04-28,1995,4,2136,F,58,OWNER,1762,Extracto mensual,28,Plzen - sever,west Bohemia,72541,8594.0,2.0,1580.0,A,Cerrado,Pagado sin problemas,248148.0,36,6893.0,0.0,44,36063.86,0.1911,Alta
5311,1996-06-15,1996,6,2141,M,47,OWNER,1766,Extracto mensual,28,Plzen - sever,west Bohemia,72541,8594.0,2.0,1580.0,C,Vigente,"En curso, al dia",30060.0,60,501.0,15030.0,30,37213.42,0.0135,Baja
5312,1996-03-13,1996,3,2148,F,45,OWNER,1772,Extracto semanal,31,Tachov,west Bohemia,51313,8930.0,4.0,1328.0,C,Vigente,"En curso, al dia",202788.0,36,5633.0,16899.0,33,57124.29,0.0986,Media-alta
5313,1998-05-27,1998,5,2153,F,49,OWNER,1776,Extracto mensual,36,Liberec,north Bohemia,159617,9198.0,3.0,5796.0,C,Vigente,"En curso, al dia",43200.0,24,1800.0,30600.0,7,36159.7,0.0498,Baja
5314,1993-07-05,1993,7,2166,F,51,OWNER,1787,Extracto semanal,30,Sokolov,west Bohemia,94812,9650.0,3.0,2985.0,B,Cerrado,"Pagado, contrato terminado con deuda",96396.0,12,8033.0,0.0,65,12250.0,0.6558,Alta
5316,1993-07-11,1993,7,2181,M,30,OWNER,1801,Extracto mensual,46,Nachod,east Bohemia,112709,8369.0,2.0,2854.0,A,Cerrado,Pagado sin problemas,165960.0,36,4610.0,0.0,65,52083.92,0.0885,Media-baja
5318,1998-09-30,1998,9,2190,M,24,OWNER,1808,Extracto mensual,28,Plzen - sever,west Bohemia,72541,8594.0,2.0,1580.0,C,Vigente,"En curso, al dia",385584.0,48,8033.0,361485.0,3,69656.49,0.1153,Media-alta
5319,1994-06-23,1994,6,2195,F,56,OWNER,1811,Extracto mensual,40,Teplice,north Bohemia,128118,9317.0,6.0,6949.0,C,Vigente,"En curso, al dia",239460.0,60,3991.0,23946.0,54,40061.5,0.0996,Media-alta
5320,1998-01-11,1998,1,2205,M,46,OWNER,1819,Extracto semanal,55,Brno - venkov,south Moravia,157042,8743.0,2.0,3659.0,C,Vigente,"En curso, al dia",143676.0,36,3991.0,99775.0,11,28370.56,0.1407,Alta
5325,1993-08-03,1993,8,2235,F,58,OWNER,1843,Extracto mensual,12,Pribram,central Bohemia,107870,8754.0,4.0,3804.0,A,Cerrado,Pagado sin problemas,105804.0,36,2939.0,0.0,64,41297.64,0.0712,Media-baja
5329,1996-10-16,1996,10,2259,F,48,OWNER,1862,Extracto semanal,19,Prachatice,south Bohemia,51428,8402.0,3.0,999.0,C,Vigente,"En curso, al dia",396120.0,60,6602.0,224468.0,26,58855.27,0.1122,Media-alta
5332,1998-01-29,1998,1,2267,F,32,OWNER,1869,Extracto mensual,1,Hl.m. Praha,Prague,1204953,12541.0,0.0,85677.0,C,Vigente,"En curso, al dia",37944.0,36,1054.0,26350.0,11,61296.12,0.0172,Baja
5334,1998-09-10,1998,9,2277,M,19,OWNER,1876,Extracto mensual,1,Hl.m. Praha,Prague,1204953,12541.0,0.0,85677.0,C,Vigente,"En curso, al dia",209040.0,24,8710.0,182910.0,3,44982.42,0.1936,Alta
5337,1996-07-31,1996,7,2288,F,41,OWNER,1886,Extracto mensual,32,Ceska Lipa,north Bohemia,105058,9272.0,3.0,4340.0,C,Vigente,"En curso, al dia",162468.0,36,4513.0,31591.0,29,51279.67,0.088,Media-baja
5338,1997-08-30,1997,8,2291,M,41,OWNER,1888,Extracto mensual,6,Kutna Hora,central Bohemia,77963,8546.0,3.0,2640.0,B,Cerrado,"Pagado, contrato terminado con deuda",57360.0,12,4780.0,0.0,16,36887.07,0.1296,Alta
5343,1997-10-08,1997,10,2316,M,28,OWNER,1906,Extracto mensual,1,Hl.m. Praha,Prague,1204953,12541.0,0.0,85677.0,C,Vigente,"En curso, al dia",44952.0,24,1873.0,18730.0,14,51453.91,0.0364,Baja
5346,1998-12-06,1998,12,2342,M,50,OWNER,1928,Extracto mensual,70,Karvina,north Moravia,285387,10177.0,7.0,9878.0,C,Vigente,"En curso, al dia",55632.0,24,2318.0,55632.0,0,29645.32,0.0782,Media-baja
5350,1996-04-21,1996,4,2392,M,43,OWNER,1967,Extracto semanal,26,Plzen - mesto,west Bohemia,170449,10787.0,3.0,6041.0,C,Vigente,"En curso, al dia",249312.0,48,5194.0,83104.0,32,35914.83,0.1446,Alta
5351,1994-12-04,1994,12,2403,F,35,OWNER,1978,Extracto semanal,57,Hodonin,south Moravia,161954,8720.0,4.0,3729.0,A,Cerrado,Pagado sin problemas,205200.0,36,5700.0,0.0,48,58336.29,0.0977,Media-alta
5352,1995-04-15,1995,4,2422,F,22,OWNER,1993,Extracto mensual,68,Frydek - Mistek,north Moravia,228848,9893.0,4.0,5623.0,B,Cerrado,"Pagado, contrato terminado con deuda",68400.0,12,5700.0,0.0,44,31793.64,0.1793,Alta
5354,1998-07-14,1998,7,2430,M,61,OWNER,2000,Extracto mensual,5,Kolin,central Bohemia,95616,9307.0,4.0,2616.0,C,Vigente,"En curso, al dia",290820.0,60,4847.0,266585.0,5,44617.17,0.1086,Media-alta
5358,1997-01-21,1997,1,2451,M,59,OWNER,2018,Extracto mensual,42,Havlickuv Brod,east Bohemia,95907,8388.0,2.0,1658.0,A,Cerrado,Pagado sin problemas,38520.0,12,3210.0,0.0,23,20231.31,0.1587,Alta
5360,1998-01-25,1998,1,2470,M,55,OWNER,2035,Extracto mensual,53,Blansko,south Moravia,107911,8240.0,3.0,1850.0,C,Vigente,"En curso, al dia",176328.0,36,4898.0,122450.0,11,47165.02,0.1038,Media-alta
5363,1997-04-22,1997,4,2489,F,23,OWNER,2051,Extracto semanal,64,Zlin,south Moravia,197099,9624.0,2.0,4484.0,D,Vigente,"En curso, en mora",293880.0,60,4898.0,195920.0,20,53227.2,0.092,Media-alta
5365,1998-07-19,1998,7,2494,M,27,OWNER,2055,Extracto mensual,37,Litomerice,north Bohemia,114006,9065.0,4.0,4147.0,C,Vigente,"En curso, al dia",271260.0,60,4521.0,248655.0,5,14873.41,0.304,Alta
5366,1996-10-29,1996,10,2501,F,58,OWNER,2062,Extracto mensual,70,Karvina,north Moravia,285387,10177.0,7.0,9878.0,A,Cerrado,Pagado sin problemas,86184.0,12,7182.0,0.0,26,60273.74,0.1192,Media-alta
5367,1997-08-26,1997,8,2503,F,21,OWNER,2064,Extracto mensual,54,Brno - mesto,south Moravia,387570,9897.0,2.0,18721.0,C,Vigente,"En curso, al dia",83628.0,36,2323.0,46460.0,16,29052.76,0.08,Media-baja
5368,1998-10-05,1998,10,2514,M,41,OWNER,2073,Extracto mensual,59,Kromeriz,south Moravia,108871,8444.0,3.0,2595.0,C,Vigente,"En curso, al dia",44640.0,24,1860.0,40920.0,2,41154.39,0.0452,Baja
5369,1997-09-12,1997,9,2522,M,61,OWNER,2080,Extracto mensual,74,Ostrava - mesto,north Moravia,323870,10673.0,5.0,18782.0,C,Vigente,"En curso, al dia",214596.0,36,5961.0,125181.0,15,62852.76,0.0948,Media-alta
5375,1996-10-03,1996,10,2550,F,22,OWNER,2106,Extracto mensual,1,Hl.m. Praha,Prague,1204953,12541.0,0.0,85677.0,A,Cerrado,Pagado sin problemas,101520.0,12,8460.0,0.0,26,26449.29,0.3199,Alta
5377,1997-08-04,1997,8,2560,F,24,OWNER,2116,Extracto mensual,70,Karvina,north Moravia,285387,10177.0,7.0,9878.0,A,Cerrado,Pagado sin problemas,92400.0,12,7700.0,0.0,16,42291.3,0.1821,Alta
5382,1997-03-17,1997,3,2581,F,45,OWNER,2134,Extracto mensual,52,Usti nad Orlici,east Bohemia,139012,8363.0,3.0,2564.0,C,Vigente,"En curso, al dia",22932.0,36,637.0,9555.0,21,42536.83,0.015,Baja
5384,1998-03-07,1998,3,2590,F,34,OWNER,2142,Extracto mensual,42,Havlickuv Brod,east Bohemia,95907,8388.0,2.0,1658.0,C,Vigente,"En curso, al dia",23328.0,12,1944.0,5832.0,9,40311.56,0.0482,Baja
5385,1996-09-09,1996,9,2592,F,18,OWNER,2143,Extracto mensual,1,Hl.m. Praha,Prague,1204953,12541.0,0.0,85677.0,C,Vigente,"En curso, al dia",71460.0,36,1985.0,17865.0,27,49221.03,0.0403,Baja
5388,1996-11-28,1996,11,2606,M,55,OWNER,2153,Extracto semanal,31,Tachov,west Bohemia,51313,8930.0,4.0,1328.0,A,Cerrado,Pagado sin problemas,61560.0,12,5130.0,0.0,25,32967.62,0.1556,Alta
5389,1997-08-22,1997,8,2621,M,42,OWNER,2165,Extracto mensual,51,Trutnov,east Bohemia,121947,8541.0,3.0,3496.0,C,Vigente,"En curso, al dia",78600.0,24,3275.0,26200.0,16,42902.43,0.0763,Media-baja
5390,1994-10-30,1994,10,2623,F,33,OWNER,2167,Extracto mensual,16,Jindrichuv Hradec,south Bohemia,93931,8427.0,1.0,1874.0,A,Cerrado,Pagado sin problemas,170256.0,24,7094.0,0.0,50,40091.3,0.1769,Alta
5395,1994-07-30,1994,7,2635,F,32,OWNER,2176,Extracto mensual,67,Bruntal,north Moravia,106054,8110.0,6.0,3244.0,B,Cerrado,"Pagado, contrato terminado con deuda",299088.0,36,8308.0,0.0,53,51992.94,0.1598,Alta
5398,1997-11-04,1997,11,2647,M,58,OWNER,2187,Extracto semanal,9,Nymburk,central Bohemia,81344,8899.0,3.0,2987.0,A,Cerrado,Pagado sin problemas,53472.0,12,4456.0,0.0,13,64144.54,0.0695,Media-baja
5409,1995-11-18,1995,11,2686,F,47,OWNER,2218,Extracto mensual,19,Prachatice,south Bohemia,51428,8402.0,3.0,999.0,C,Vigente,"En curso, al dia",182040.0,60,3034.0,69782.0,37,67475.97,0.045,Baja
5413,1995-12-12,1995,12,2698,F,28,OWNER,2227,Extracto semanal,31,Tachov,west Bohemia,51313,8930.0,4.0,1328.0,A,Cerrado,Pagado sin problemas,92976.0,24,3874.0,0.0,36,50436.53,0.0768,Media-baja
5414,1995-03-29,1995,3,2700,M,53,OWNER,2228,Extracto mensual,34,Chomutov,north Bohemia,125236,9675.0,6.0,5323.0,C,Vigente,"En curso, al dia",185952.0,48,3874.0,11622.0,45,50113.18,0.0773,Media-baja
5415,1996-09-26,1996,9,2708,M,40,OWNER,2236,Extracto mensual,73,Opava,north Moravia,182027,8746.0,3.0,4355.0,D,Vigente,"En curso, en mora",139464.0,36,3874.0,34866.0,27,31532.65,0.1229,Media-alta
5418,1995-01-16,1995,1,2719,F,34,OWNER,2245,Extracto mensual,29,Rokycany,west Bohemia,45714,8843.0,3.0,818.0,C,Vigente,"En curso, al dia",347952.0,48,7249.0,7249.0,47,54157.12,0.1339,Alta
5419,1997-02-05,1997,2,2720,F,49,OWNER,2246,Extracto mensual,1,Hl.m. Praha,Prague,1204953,12541.0,0.0,85677.0,C,Vigente,"En curso, al dia",415800.0,60,6930.0,263340.0,22,44265.38,0.1566,Alta
5420,1997-02-24,1997,2,2721,F,48,OWNER,2247,Extracto mensual,24,Karlovy Vary,west Bohemia,122603,8991.0,1.0,5198.0,C,Vigente,"En curso, al dia",72504.0,24,3021.0,6042.0,22,45374.55,0.0666,Media-baja
5428,1998-12-02,1998,12,2739,M,48,OWNER,2262,Extracto mensual,13,Rakovnik,central Bohemia,53921,8598.0,3.0,1597.0,C,Vigente,"En curso, al dia",230220.0,36,6395.0,230220.0,0,64923.22,0.0985,Media-alta
5429,1996-07-18,1996,7,2746,M,27,OWNER,2268,Extracto mensual,1,Hl.m. Praha,Prague,1204953,12541.0,0.0,85677.0,C,Vigente,"En curso, al dia",20196.0,36,561.0,3927.0,29,52636.69,0.0107,Baja
5435,1998-06-01,1998,6,2759,M,24,OWNER,2279,Extracto semanal,2,Benesov,central Bohemia,88884,8507.0,2.0,2159.0,C,Vigente,"En curso, al dia",314688.0,48,6556.0,275352.0,6,53094.44,0.1235,Alta
5445,1996-06-29,1996,6,2809,M,19,OWNER,2322,Extracto mensual,33,Decin,north Bohemia,133777,8705.0,6.0,4650.0,A,Cerrado,Pagado sin problemas,46320.0,24,1930.0,0.0,30,43657.88,0.0442,Baja
5446,1997-08-04,1997,8,2822,M,40,OWNER,2334,Extracto mensual,50,Svitavy,east Bohemia,102609,8187.0,5.0,2123.0,C,Vigente,"En curso, al dia",48312.0,24,2013.0,16104.0,16,31897.57,0.0631,Media-baja
5447,1997-11-12,1997,11,2823,F,52,OWNER,2335,Extracto mensual,70,Karvina,north Moravia,285387,10177.0,7.0,9878.0,D,Vigente,"En curso, en mora",541200.0,60,9020.0,423940.0,13,12006.44,0.7513,Alta
5449,1995-11-04,1995,11,2831,F,18,OWNER,2343,Extracto mensual,68,Frydek - Mistek,north Moravia,228848,9893.0,4.0,5623.0,A,Cerrado,Pagado sin problemas,99336.0,24,4139.0,0.0,37,27019.63,0.1532,Alta
5450,1994-12-11,1994,12,2834,M,49,OWNER,2345,Extracto mensual,5,Kolin,central Bohemia,95616,9307.0,4.0,2616.0,C,Vigente,"En curso, al dia",199680.0,60,3328.0,39936.0,48,33658.74,0.0989,Media-alta
5451,1997-05-11,1997,5,2841,F,25,OWNER,2350,Extracto mensual,18,Pisek,south Bohemia,70699,8968.0,3.0,1740.0,C,Vigente,"En curso, al dia",159744.0,48,3328.0,96512.0,19,56388.79,0.059,Media-baja
5452,1996-04-29,1996,4,2843,F,32,OWNER,2352,Extracto mensual,70,Karvina,north Moravia,285387,10177.0,7.0,9878.0,C,Vigente,"En curso, al dia",49440.0,60,824.0,23072.0,32,47798.9,0.0172,Baja
5453,1995-04-01,1995,4,2853,F,42,OWNER,2361,Extracto mensual,28,Plzen - sever,west Bohemia,72541,8594.0,2.0,1580.0,A,Cerrado,Pagado sin problemas,156672.0,36,4352.0,0.0,44,22927.51,0.1898,Alta
5463,1998-10-06,1998,10,2915,F,44,OWNER,2413,Extracto mensual,33,Decin,north Bohemia,133777,8705.0,6.0,4650.0,C,Vigente,"En curso, al dia",17952.0,12,1496.0,14960.0,2,28597.9,0.0523,Baja
5464,1995-01-30,1995,1,2922,M,58,OWNER,2419,Extracto mensual,24,Karlovy Vary,west Bohemia,122603,8991.0,1.0,5198.0,A,Cerrado,Pagado sin problemas,95808.0,12,7984.0,0.0,47,59701.72,0.1337,Alta
5469,1997-12-26,1997,12,2952,F,20,OWNER,2445,Extracto mensual,52,Usti nad Orlici,east Bohemia,139012,8363.0,3.0,2564.0,C,Vigente,"En curso, al dia",293160.0,60,4886.0,234528.0,12,49740.71,0.0982,Media-alta
5470,1996-04-15,1996,4,2966,M,43,OWNER,2456,Extracto mensual,65,Znojmo,south Moravia,114200,8403.0,6.0,2157.0,C,Vigente,"En curso, al dia",200976.0,48,4187.0,66992.0,32,47938.11,0.0873,Media-baja
5479,1994-01-10,1994,1,3001,M,40,OWNER,2486,Extracto mensual,1,Hl.m. Praha,Prague,1204953,12541.0,0.0,85677.0,A,Cerrado,Pagado sin problemas,24516.0,12,2043.0,0.0,59,55582.33,0.0368,Baja
5482,1996-01-12,1996,1,3013,F,48,OWNER,2496,Extracto mensual,51,Trutnov,east Bohemia,121947,8541.0,3.0,3496.0,C,Vigente,"En curso, al dia",165120.0,60,2752.0,68800.0,35,24377.39,0.1129,Media-alta
5486,1997-06-13,1997,6,3038,F,52,OWNER,2516,Extracto mensual,6,Kutna Hora,central Bohemia,77963,8546.0,3.0,2640.0,C,Vigente,"En curso, al dia",466608.0,48,9721.0,291630.0,18,36161.01,0.2688,Alta
5491,1998-02-13,1998,2,3072,M,62,OWNER,2545,Extracto mensual,1,Hl.m. Praha,Prague,1204953,12541.0,0.0,85677.0,C,Vigente,"En curso, al dia",428784.0,48,8933.0,339454.0,10,22133.89,0.4036,Alta
5494,1996-06-13,1996,6,3103,F,25,OWNER,2572,Extracto despues de cada transaccion,64,Zlin,south Moravia,197099,9624.0,2.0,4484.0,C,Vigente,"En curso, al dia",360000.0,48,7500.0,135000.0,30,51149.67,0.1466,Alta
5495,1996-08-02,1996,8,3113,F,27,OWNER,2580,Extracto mensual,60,Prostejov,south Moravia,110643,8441.0,3.0,1879.0,C,Vigente,"En curso, al dia",89340.0,60,1489.0,47648.0,28,39644.84,0.0376,Baja
5501,1998-05-21,1998,5,3163,F,34,OWNER,2622,Extracto mensual,1,Hl.m. Praha,Prague,1204953,12541.0,0.0,85677.0,C,Vigente,"En curso, al dia",136344.0,24,5681.0,96577.0,7,31673.95,0.1794,Alta
5519,1994-03-08,1994,3,3251,F,36,OWNER,2694,Extracto mensual,7,Melnik,central Bohemia,94725,9920.0,2.0,4289.0,A,Cerrado,Pagado sin problemas,91632.0,12,7636.0,0.0,57,40977.01,0.1863,Alta
5520,1998-08-30,1998,8,3257,F,20,OWNER,2699,Extracto mensual,73,Opava,north Moravia,182027,8746.0,3.0,4355.0,C,Vigente,"En curso, al dia",231168.0,48,4816.0,211904.0,4,54599.01,0.0882,Media-baja
5523,1993-12-08,1993,12,3264,F,48,OWNER,2705,Extracto despues de cada transaccion,63,Vyskov,south Moravia,86513,8288.0,4.0,1562.0,A,Cerrado,Pagado sin problemas,93888.0,36,2608.0,0.0,60,37510.32,0.0695,Media-baja
5525,1998-04-27,1998,4,3284,M,62,OWNER,2720,Extracto semanal,2,Benesov,central Bohemia,88884,8507.0,2.0,2159.0,C,Vigente,"En curso, al dia",93888.0,36,2608.0,73024.0,8,69554.36,0.0375,Baja
5526,1998-11-08,1998,11,3291,M,51,OWNER,2725,Extracto mensual,52,Usti nad Orlici,east Bohemia,139012,8363.0,3.0,2564.0,C,Vigente,"En curso, al dia",69624.0,36,1934.0,67690.0,1,49145.65,0.0394,Baja
5527,1998-06-15,1998,6,3294,M,41,OWNER,2728,Extracto semanal,52,Usti nad Orlici,east Bohemia,139012,8363.0,3.0,2564.0,C,Vigente,"En curso, al dia",156420.0,60,2607.0,140778.0,6,49909.24,0.0522,Baja
5531,1997-09-30,1997,9,3324,F,27,OWNER,2753,Extracto mensual,26,Plzen - mesto,west Bohemia,170449,10787.0,3.0,6041.0,C,Vigente,"En curso, al dia",66432.0,24,2768.0,24912.0,15,33039.88,0.0838,Media-baja
5532,1997-05-04,1997,5,3326,F,46,OWNER,2754,Extracto semanal,57,Hodonin,south Moravia,161954,8720.0,4.0,3729.0,C,Vigente,"En curso, al dia",335280.0,48,6985.0,202565.0,19,43629.52,0.1601,Alta
5533,1994-07-05,1994,7,3335,M,31,OWNER,2762,Extracto mensual,19,Prachatice,south Bohemia,51428,8402.0,3.0,999.0,A,Cerrado,Pagado sin problemas,111384.0,24,4641.0,0.0,53,65097.3,0.0713,Media-baja
5549,1994-07-16,1994,7,3414,F,51,OWNER,2824,Extracto mensual,11,Praha - zapad,central Bohemia,75637,9622.0,0.0,3475.0,C,Vigente,"En curso, al dia",50460.0,60,841.0,5887.0,53,37570.65,0.0224,Baja
5556,1997-05-19,1997,5,3471,F,46,OWNER,2872,Extracto mensual,1,Hl.m. Praha,Prague,1204953,12541.0,0.0,85677.0,C,Vigente,"En curso, al dia",268320.0,60,4472.0,183352.0,19,24411.4,0.1832,Alta
5561,1998-08-29,1998,8,3517,F,45,OWNER,2910,Extracto mensual,68,Frydek - Mistek,north Moravia,228848,9893.0,4.0,5623.0,C,Vigente,"En curso, al dia",437460.0,60,7291.0,408296.0,4,48935.43,0.149,Alta
5563,1996-02-29,1996,2,3519,M,49,OWNER,2912,Extracto mensual,74,Ostrava - mesto,north Moravia,323870,10673.0,5.0,18782.0,C,Vigente,"En curso, al dia",380160.0,60,6336.0,164736.0,34,64777.17,0.0978,Media-alta
5568,1994-05-17,1994,5,3542,M,59,OWNER,2933,Extracto mensual,10,Praha - vychod,central Bohemia,92084,10124.0,1.0,3810.0,C,Vigente,"En curso, al dia",272520.0,60,4542.0,22710.0,55,44602.65,0.1018,Media-alta
5569,1998-01-20,1998,1,3546,M,27,OWNER,2936,Extracto mensual,3,Beroun,central Bohemia,75232,8980.0,2.0,2824.0,C,Vigente,"En curso, al dia",504000.0,60,8400.0,411600.0,11,20942.6,0.4011,Alta
5576,1994-12-21,1994,12,3576,F,59,OWNER,2962,Extracto mensual,1,Hl.m. Praha,Prague,1204953,12541.0,0.0,85677.0,A,Cerrado,Pagado sin problemas,31248.0,12,2604.0,0.0,48,64493.26,0.0404,Baja
5582,1998-04-17,1998,4,3601,M,60,OWNER,2982,Extracto mensual,19,Prachatice,south Bohemia,51428,8402.0,3.0,999.0,C,Vigente,"En curso, al dia",41256.0,12,3438.0,13752.0,8,63500.52,0.0541,Baja
5584,1997-12-06,1997,12,3606,M,40,OWNER,2986,Extracto mensual,63,Vyskov,south Moravia,86513,8288.0,4.0,1562.0,C,Vigente,"En curso, al dia",24792.0,24,1033.0,12396.0,12,47061.87,0.0219,Baja
5585,1998-07-08,1998,7,3608,M,51,OWNER,2988,Extracto despues de cada transaccion,66,Zdar nad Sazavou,south Moravia,125832,8512.0,4.0,2247.0,C,Vigente,"En curso, al dia",88608.0,12,7384.0,51688.0,5,51249.07,0.1441,Alta
5586,1996-09-14,1996,9,3616,F,34,OWNER,2994,Extracto mensual,77,Vsetin,north Moravia,148545,8909.0,4.0,3460.0,C,Vigente,"En curso, al dia",48744.0,36,1354.0,12186.0,27,42930.0,0.0315,Baja
5589,1998-06-05,1998,6,3629,M,51,OWNER,3005,Extracto despues de cada transaccion,42,Havlickuv Brod,east Bohemia,95907,8388.0,2.0,1658.0,C,Vigente,"En curso, al dia",390000.0,48,8125.0,341250.0,6,48798.84,0.1665,Alta
5591,1996-12-04,1996,12,3649,F,39,OWNER,3021,Extracto mensual,10,Praha - vychod,central Bohemia,92084,10124.0,1.0,3810.0,C,Vigente,"En curso, al dia",155616.0,48,3242.0,77808.0,24,39426.13,0.0822,Media-baja
5593,1996-04-18,1996,4,3670,F,18,OWNER,3037,Extracto mensual,44,Chrudim,east Bohemia,105606,8254.0,3.0,2166.0,D,Vigente,"En curso, en mora",277884.0,36,7719.0,30876.0,32,46487.04,0.166,Alta
5595,1994-09-02,1994,9,3687,M,26,OWNER,3050,Extracto mensual,60,Prostejov,south Moravia,110643,8441.0,3.0,1879.0,A,Cerrado,Pagado sin problemas,82896.0,12,6908.0,0.0,51,57141.8,0.1209,Media-alta
5599,1995-03-21,1995,3,3705,F,33,OWNER,3064,Extracto mensual,40,Teplice,north Bohemia,128118,9317.0,6.0,6949.0,A,Cerrado,Pagado sin problemas,15420.0,12,1285.0,0.0,45,24577.23,0.0523,Baja
5606,1996-08-28,1996,8,3730,F,53,OWNER,3084,Extracto semanal,59,Kromeriz,south Moravia,108871,8444.0,3.0,2595.0,D,Vigente,"En curso, en mora",253512.0,36,7042.0,56336.0,28,37095.69,0.1898,Alta
5610,1996-02-24,1996,2,3763,F,21,OWNER,3112,Extracto mensual,38,Louny,north Bohemia,85852,8965.0,7.0,2653.0,C,Vigente,"En curso, al dia",123216.0,48,2567.0,35938.0,34,70622.99,0.0363,Baja
5611,1996-11-15,1996,11,3767,M,62,OWNER,3115,Extracto mensual,14,Ceske Budejovice,south Bohemia,177686,10045.0,1.0,6604.0,C,Vigente,"En curso, al dia",321180.0,60,5353.0,187355.0,25,40524.37,0.1321,Alta
5614,1998-09-21,1998,9,3793,F,47,OWNER,3137,Extracto mensual,39,Most,north Bohemia,119895,10446.0,7.0,4947.0,C,Vigente,"En curso, al dia",253560.0,60,4226.0,240882.0,3,39822.71,0.1061,Media-alta
5616,1998-05-15,1998,5,3800,F,44,OWNER,3143,Extracto mensual,38,Louny,north Bohemia,85852,8965.0,7.0,2653.0,C,Vigente,"En curso, al dia",130896.0,24,5454.0,92718.0,7,31685.18,0.1721,Alta
5620,1998-06-16,1998,6,3822,M,45,OWNER,3161,Extracto mensual,48,Rychnov nad Kneznou,east Bohemia,78955,9060.0,2.0,1655.0,C,Vigente,"En curso, al dia",30012.0,12,2501.0,15006.0,6,46609.44,0.0537,Baja
5624,1995-01-03,1995,1,3829,M,26,OWNER,3166,Extracto mensual,71,Novy Jicin,north Moravia,161227,8678.0,6.0,4980.0,D,Vigente,"En curso, en mora",177744.0,48,3703.0,3703.0,47,26746.59,0.1384,Alta
5625,1996-12-15,1996,12,3855,M,59,OWNER,3189,Extracto mensual,29,Rokycany,west Bohemia,45714,8843.0,3.0,818.0,D,Vigente,"En curso, en mora",222180.0,60,3703.0,133308.0,24,55230.46,0.067,Media-baja
5634,1997-05-01,1997,5,3906,M,62,OWNER,3229,Extracto mensual,64,Zlin,south Moravia,197099,9624.0,2.0,4484.0,A,Cerrado,Pagado sin problemas,39024.0,12,3252.0,0.0,19,60290.06,0.0539,Baja
5635,1996-10-04,1996,10,3907,F,44,OWNER,3230,Extracto mensual,1,Hl.m. Praha,Prague,1204953,12541.0,0.0,85677.0,C,Vigente,"En curso, al dia",77184.0,36,2144.0,21440.0,26,50722.35,0.0423,Baja
5638,1997-08-27,1997,8,3929,M,41,OWNER,3249,Extracto mensual,74,Ostrava - mesto,north Moravia,323870,10673.0,5.0,18782.0,A,Cerrado,Pagado sin problemas,68124.0,12,5677.0,0.0,16,28808.98,0.1971,Alta
5643,1997-09-21,1997,9,3962,M,46,OWNER,3273,Extracto mensual,74,Ostrava - mesto,north Moravia,323870,10673.0,5.0,18782.0,B,Cerrado,"Pagado, contrato terminado con deuda",94512.0,12,7876.0,0.0,15,48061.84,0.1639,Alta
5644,1998-11-27,1998,11,3984,F,34,OWNER,3293,Extracto mensual,1,Hl.m. Praha,Prague,1204953,12541.0,0.0,85677.0,C,Vigente,"En curso, al dia",276084.0,36,7669.0,268415.0,1,58466.31,0.1312,Alta
5651,1997-12-08,1997,12,4024,M,34,OWNER,3329,Extracto mensual,3,Beroun,central Bohemia,75232,8980.0,2.0,2824.0,A,Cerrado,Pagado sin problemas,19248.0,12,1604.0,0.0,12,36066.17,0.0445,Baja
5656,1997-02-09,1997,2,4055,F,45,OWNER,3353,Extracto mensual,74,Ostrava - mesto,north Moravia,323870,10673.0,5.0,18782.0,C,Vigente,"En curso, al dia",146064.0,24,6086.0,12172.0,22,44355.09,0.1372,Alta
5657,1994-07-05,1994,7,4056,F,46,OWNER,3354,Extracto mensual,63,Vyskov,south Moravia,86513,8288.0,4.0,1562.0,A,Cerrado,Pagado sin problemas,4980.0,12,415.0,0.0,53,30533.28,0.0136,Baja
5665,1998-03-11,1998,3,4099,F,53,OWNER,3390,Extracto semanal,12,Pribram,central Bohemia,107870,8754.0,4.0,3804.0,C,Vigente,"En curso, al dia",40632.0,12,3386.0,10158.0,9,48478.61,0.0698,Media-baja
5669,1998-06-27,1998,6,4114,M,34,OWNER,3403,Extracto mensual,63,Vyskov,south Moravia,86513,8288.0,4.0,1562.0,C,Vigente,"En curso, al dia",71820.0,36,1995.0,59850.0,6,54293.62,0.0367,Baja
5674,1997-06-10,1997,6,4132,M,36,OWNER,3418,Extracto despues de cada transaccion,42,Havlickuv Brod,east Bohemia,95907,8388.0,2.0,1658.0,C,Vigente,"En curso, al dia",207264.0,48,4318.0,129540.0,18,61345.03,0.0704,Media-baja
5681,1997-10-20,1997,10,4169,F,18,OWNER,3448,Extracto semanal,58,Jihlava,south Moravia,109164,8757.0,3.0,2212.0,C,Vigente,"En curso, al dia",68664.0,24,2861.0,28610.0,14,36855.81,0.0776,Media-baja
5682,1997-03-07,1997,3,4177,M,63,OWNER,3455,Extracto mensual,34,Chomutov,north Bohemia,125236,9675.0,6.0,5323.0,A,Cerrado,Pagado sin problemas,67464.0,12,5622.0,0.0,21,46016.28,0.1222,Media-alta
5683,1998-05-29,1998,5,4182,M,57,OWNER,3460,Extracto mensual,16,Jindrichuv Hradec,south Bohemia,93931,8427.0,1.0,1874.0,C,Vigente,"En curso, al dia",140688.0,48,2931.0,120171.0,7,57514.45,0.051,Baja
5693,1995-08-01,1995,8,4217,F,47,OWNER,3489,Extracto mensual,9,Nymburk,central Bohemia,81344,8899.0,3.0,2987.0,A,Cerrado,Pagado sin problemas,44088.0,24,1837.0,0.0,40,36548.97,0.0503,Baja
5698,1998-09-22,1998,9,4291,F,47,OWNER,3556,Extracto mensual,58,Jihlava,south Moravia,109164,8757.0,3.0,2212.0,C,Vigente,"En curso, al dia",174840.0,60,2914.0,166098.0,3,34822.49,0.0837,Media-baja
5699,1998-05-24,1998,5,4299,F,21,OWNER,3562,Extracto mensual,50,Svitavy,east Bohemia,102609,8187.0,5.0,2123.0,C,Vigente,"En curso, al dia",174960.0,24,7290.0,123930.0,7,58926.36,0.1237,Alta
5706,1996-05-24,1996,5,4352,M,27,OWNER,3608,Extracto semanal,72,Olomouc,north Moravia,226122,8994.0,4.0,9672.0,C,Vigente,"En curso, al dia",161496.0,36,4486.0,22430.0,31,33219.98,0.135,Alta
5713,1995-05-30,1995,5,4377,M,20,OWNER,3629,Extracto mensual,48,Rychnov nad Kneznou,east Bohemia,78955,9060.0,2.0,1655.0,C,Vigente,"En curso, al dia",158760.0,60,2646.0,44982.0,43,24908.8,0.1062,Media-alta
5718,1997-09-01,1997,9,4386,F,53,OWNER,3637,Extracto mensual,53,Blansko,south Moravia,107911,8240.0,3.0,1850.0,A,Cerrado,Pagado sin problemas,14028.0,12,1169.0,0.0,15,51802.11,0.0226,Baja
5719,1997-09-20,1997,9,4417,M,22,OWNER,3664,Extracto mensual,1,Hl.m. Praha,Prague,1204953,12541.0,0.0,85677.0,C,Vigente,"En curso, al dia",271584.0,48,5658.0,186714.0,15,62387.08,0.0907,Media-alta
5723,1994-09-10,1994,9,4428,M,44,OWNER,3674,Extracto mensual,38,Louny,north Bohemia,85852,8965.0,7.0,2653.0,A,Cerrado,Pagado sin problemas,23628.0,12,1969.0,0.0,51,47421.0,0.0415,Baja
5724,1995-02-05,1995,2,4433,M,30,OWNER,3678,Extracto mensual,1,Hl.m. Praha,Prague,1204953,12541.0,0.0,85677.0,D,Vigente,"En curso, en mora",316140.0,60,5269.0,73766.0,46,18632.97,0.2828,Alta
5725,1996-07-23,1996,7,4434,M,34,OWNER,3679,Extracto mensual,64,Zlin,south Moravia,197099,9624.0,2.0,4484.0,C,Vigente,"En curso, al dia",444864.0,48,9268.0,176092.0,29,32404.94,0.286,Alta
5731,1997-11-05,1997,11,4474,F,34,OWNER,3711,Extracto mensual,3,Beroun,central Bohemia,75232,8980.0,2.0,2824.0,D,Vigente,"En curso, en mora",460980.0,60,7683.0,361101.0,13,45410.27,0.1692,Alta
5739,1995-01-02,1995,1,4520,F,41,OWNER,3747,Extracto mensual,1,Hl.m. Praha,Prague,1204953,12541.0,0.0,85677.0,A,Cerrado,Pagado sin problemas,76380.0,12,6365.0,0.0,47,26122.73,0.2437,Alta
5740,1995-04-02,1995,4,4527,F,35,OWNER,3752,Extracto mensual,1,Hl.m. Praha,Prague,1204953,12541.0,0.0,85677.0,A,Cerrado,Pagado sin problemas,18564.0,12,1547.0,0.0,44,35538.08,0.0435,Baja
5741,1996-11-03,1996,11,4529,M,22,OWNER,3754,Extracto semanal,37,Litomerice,north Bohemia,114006,9065.0,4.0,4147.0,A,Cerrado,Pagado sin problemas,68544.0,24,2856.0,0.0,25,44948.8,0.0635,Media-baja
5750,1996-02-08,1996,2,4584,F,49,OWNER,3804,Extracto mensual,7,Melnik,central Bohemia,94725,9920.0,2.0,4289.0,A,Cerrado,Pagado sin problemas,63252.0,12,5271.0,0.0,34,49291.84,0.1069,Media-alta
5754,1994-09-28,1994,9,4620,F,58,OWNER,3834,Extracto mensual,54,Brno - mesto,south Moravia,387570,9897.0,2.0,18721.0,A,Cerrado,Pagado sin problemas,23052.0,12,1921.0,0.0,51,23772.04,0.0808,Media-baja
5758,1997-05-02,1997,5,4652,M,36,OWNER,3859,Extracto mensual,53,Blansko,south Moravia,107911,8240.0,3.0,1850.0,D,Vigente,"En curso, en mora",307200.0,60,5120.0,209920.0,19,44484.25,0.1151,Media-alta
5760,1998-09-18,1998,9,4656,M,56,OWNER,3862,Extracto mensual,1,Hl.m. Praha,Prague,1204953,12541.0,0.0,85677.0,C,Vigente,"En curso, al dia",74916.0,36,2081.0,68673.0,3,56133.82,0.0371,Baja
5765,1998-02-10,1998,2,4672,M,49,OWNER,3875,Extracto mensual,44,Chrudim,east Bohemia,105606,8254.0,3.0,2166.0,C,Vigente,"En curso, al dia",153936.0,24,6414.0,89796.0,10,58031.36,0.1105,Media-alta
5772,1998-03-08,1998,3,4710,F,37,OWNER,3906,Extracto mensual,52,Usti nad Orlici,east Bohemia,139012,8363.0,3.0,2564.0,C,Vigente,"En curso, al dia",334620.0,60,5577.0,284427.0,9,64864.06,0.086,Media-baja
5773,1998-03-16,1998,3,4712,F,38,OWNER,3907,Extracto mensual,37,Litomerice,north Bohemia,114006,9065.0,4.0,4147.0,C,Vigente,"En curso, al dia",133848.0,24,5577.0,83655.0,9,42220.15,0.1321,Alta
5774,1998-07-12,1998,7,4722,M,26,OWNER,3916,Extracto mensual,8,Mlada Boleslav,central Bohemia,112065,11277.0,1.0,5179.0,C,Vigente,"En curso, al dia",96984.0,36,2694.0,83514.0,5,21298.75,0.1265,Alta
5779,1997-10-14,1997,10,4754,F,59,OWNER,3942,Extracto semanal,27,Plzen - jih,west Bohemia,67298,8561.0,1.0,1029.0,C,Vigente,"En curso, al dia",107352.0,36,2982.0,65604.0,14,57995.18,0.0514,Baja
5782,1998-01-04,1998,1,4768,F,38,OWNER,3953,Extracto mensual,1,Hl.m. Praha,Prague,1204953,12541.0,0.0,85677.0,C,Vigente,"En curso, al dia",63576.0,12,5298.0,5298.0,11,59128.59,0.0896,Media-baja
5784,1997-03-29,1997,3,4786,M,60,OWNER,3967,Extracto mensual,54,Brno - mesto,south Moravia,387570,9897.0,2.0,18721.0,D,Vigente,"En curso, en mora",84600.0,36,2350.0,35250.0,21,41766.91,0.0563,Baja
5790,1997-03-20,1997,3,4861,F,21,OWNER,4033,Extracto mensual,57,Hodonin,south Moravia,161954,8720.0,4.0,3729.0,C,Vigente,"En curso, al dia",84288.0,48,1756.0,47412.0,21,29824.25,0.0589,Media-baja
5799,1997-12-28,1997,12,4882,M,20,OWNER,4052,Extracto semanal,36,Liberec,north Bohemia,159617,9198.0,3.0,5796.0,C,Vigente,"En curso, al dia",106128.0,36,2948.0,70752.0,12,36071.94,0.0817,Media-baja
5804,1995-04-05,1995,4,4916,M,59,OWNER,4079,Extracto mensual,52,Usti nad Orlici,east Bohemia,139012,8363.0,3.0,2564.0,C,Vigente,"En curso, al dia",158976.0,48,3312.0,13248.0,44,49916.13,0.0664,Media-baja
5805,1995-11-28,1995,11,4918,M,30,OWNER,4081,Extracto mensual,11,Praha - zapad,central Bohemia,75637,9622.0,0.0,3475.0,B,Cerrado,"Pagado, contrato terminado con deuda",137904.0,24,5746.0,0.0,37,26886.17,0.2137,Alta
5808,1997-07-31,1997,7,4937,F,38,OWNER,4099,Extracto mensual,54,Brno - mesto,south Moravia,387570,9897.0,2.0,18721.0,C,Vigente,"En curso, al dia",41856.0,48,872.0,27032.0,17,38559.4,0.0226,Baja
5815,1998-06-03,1998,6,4956,M,52,OWNER,4116,Extracto mensual,6,Kutna Hora,central Bohemia,77963,8546.0,3.0,2640.0,C,Vigente,"En curso, al dia",151200.0,36,4200.0,126000.0,6,66345.7,0.0633,Media-baja
5817,1997-08-15,1997,8,4968,M,60,OWNER,4127,Extracto mensual,50,Svitavy,east Bohemia,102609,8187.0,5.0,2123.0,D,Vigente,"En curso, en mora",100800.0,24,4200.0,33600.0,16,26649.88,0.1576,Alta
5823,1998-06-21,1998,6,4993,F,25,OWNER,4144,Extracto mensual,1,Hl.m. Praha,Prague,1204953,12541.0,0.0,85677.0,C,Vigente,"En curso, al dia",212976.0,36,5916.0,177480.0,6,49635.72,0.1192,Media-alta
5830,1997-08-28,1997,8,5050,M,47,OWNER,4190,Extracto mensual,62,Uherske Hradiste,south Moravia,145688,8544.0,1.0,2719.0,C,Vigente,"En curso, al dia",405780.0,60,6763.0,297572.0,16,34044.47,0.1987,Alta
5836,1994-08-27,1994,8,5133,F,39,OWNER,4259,Extracto mensual,66,Zdar nad Sazavou,south Moravia,125832,8512.0,4.0,2247.0,A,Cerrado,Pagado sin problemas,79632.0,24,3318.0,0.0,52,63494.56,0.0523,Baja
5837,1994-06-29,1994,6,5134,F,31,OWNER,4260,Extracto mensual,56,Breclav,south Moravia,124605,8772.0,5.0,2854.0,C,Vigente,"En curso, al dia",244560.0,60,4076.0,24456.0,54,38426.67,0.1061,Media-alta
5841,1998-11-04,1998,11,5143,M,25,OWNER,4268,Extracto mensual,77,Vsetin,north Moravia,148545,8909.0,4.0,3460.0,C,Vigente,"En curso, al dia",41988.0,12,3499.0,38489.0,1,37122.51,0.0943,Media-alta
5850,1997-05-22,1997,5,5171,F,42,OWNER,4293,Extracto despues de cada transaccion,64,Zlin,south Moravia,197099,9624.0,2.0,4484.0,C,Vigente,"En curso, al dia",164196.0,36,4561.0,77537.0,19,49558.76,0.092,Media-alta
5856,1997-08-09,1997,8,5203,F,53,OWNER,4320,Extracto mensual,61,Trebic,south Moravia,117897,8814.0,5.0,2112.0,B,Cerrado,"Pagado, contrato terminado con deuda",51360.0,12,4280.0,0.0,16,53636.43,0.0798,Media-baja
5861,1994-12-08,1994,12,5224,M,49,OWNER,4337,Extracto mensual,29,Rokycany,west Bohemia,45714,8843.0,3.0,818.0,A,Cerrado,Pagado sin problemas,51408.0,24,2142.0,0.0,48,52299.22,0.041,Baja
5862,1997-12-09,1997,12,5232,F,50,OWNER,4342,Extracto mensual,74,Ostrava - mesto,north Moravia,323870,10673.0,5.0,18782.0,C,Vigente,"En curso, al dia",100128.0,24,4172.0,50064.0,12,56496.55,0.0738,Media-baja
5865,1998-10-30,1998,10,5245,F,56,OWNER,4354,Extracto mensual,38,Louny,north Bohemia,85852,8965.0,7.0,2653.0,C,Vigente,"En curso, al dia",327660.0,60,5461.0,316738.0,2,49281.9,0.1108,Media-alta
5868,1997-03-29,1997,3,5253,F,52,OWNER,4361,Extracto mensual,69,Jesenik,north Moravia,42821,8173.0,5.83,1326.0,A,Cerrado,Pagado sin problemas,90156.0,12,7513.0,0.0,21,77525.17,0.0969,Media-alta
5876,1995-02-08,1995,2,5318,M,30,OWNER,4413,Extracto semanal,74,Ostrava - mesto,north Moravia,323870,10673.0,5.0,18782.0,C,Vigente,"En curso, al dia",221280.0,48,4610.0,9220.0,46,37597.0,0.1226,Media-alta
5877,1995-02-23,1995,2,5320,F,47,OWNER,4414,Extracto mensual,24,Karlovy Vary,west Bohemia,122603,8991.0,1.0,5198.0,A,Cerrado,Pagado sin problemas,97224.0,24,4051.0,0.0,46,22360.56,0.1812,Alta
5878,1997-04-01,1997,4,5322,F,42,OWNER,4415,Extracto mensual,73,Opava,north Moravia,182027,8746.0,3.0,4355.0,A,Cerrado,Pagado sin problemas,74040.0,12,6170.0,0.0,20,44234.81,0.1395,Alta
5880,1995-10-31,1995,10,5333,F,31,OWNER,4423,Extracto mensual,39,Most,north Bohemia,119895,10446.0,7.0,4947.0,A,Cerrado,Pagado sin problemas,73836.0,36,2051.0,0.0,38,55315.26,0.0371,Baja
5882,1994-09-26,1994,9,5337,M,37,OWNER,4427,Extracto mensual,32,Ceska Lipa,north Bohemia,105058,9272.0,3.0,4340.0,A,Cerrado,Pagado sin problemas,87816.0,12,7318.0,0.0,51,25533.31,0.2866,Alta
5886,1996-10-31,1996,10,5364,M,34,OWNER,4447,Extracto mensual,62,Uherske Hradiste,south Moravia,145688,8544.0,1.0,2719.0,C,Vigente,"En curso, al dia",192744.0,36,5354.0,53540.0,26,62590.54,0.0855,Media-baja
5887,1994-10-03,1994,10,5366,F,27,OWNER,4448,Extracto mensual,60,Prostejov,south Moravia,110643,8441.0,3.0,1879.0,A,Cerrado,Pagado sin problemas,192744.0,36,5354.0,0.0,50,37265.68,0.1437,Alta
5889,1998-02-09,1998,2,5376,M,28,OWNER,4456,Extracto mensual,14,Ceske Budejovice,south Bohemia,177686,10045.0,1.0,6604.0,C,Vigente,"En curso, al dia",321240.0,60,5354.0,267700.0,10,76826.5,0.0697,Media-baja
5892,1996-05-14,1996,5,5384,M,63,OWNER,4462,Extracto semanal,73,Opava,north Moravia,182027,8746.0,3.0,4355.0,B,Cerrado,"Pagado, contrato terminado con deuda",66480.0,24,2770.0,0.0,31,34798.3,0.0796,Media-baja
5893,1998-08-03,1998,8,5389,M,30,OWNER,4467,Extracto semanal,17,Pelhrimov,south Bohemia,74062,8114.0,2.0,1003.0,C,Vigente,"En curso, al dia",86184.0,36,2394.0,76608.0,4,28459.77,0.0841,Media-baja
5895,1997-01-03,1997,1,5395,M,36,OWNER,4473,Extracto mensual,45,Jicin,east Bohemia,77917,8390.0,2.0,2080.0,C,Vigente,"En curso, al dia",93960.0,60,1566.0,57942.0,23,54520.26,0.0287,Baja
5897,1996-09-25,1996,9,5399,F,26,OWNER,4476,Extracto mensual,24,Karlovy Vary,west Bohemia,122603,8991.0,1.0,5198.0,A,Cerrado,Pagado sin problemas,15192.0,24,633.0,0.0,27,29941.98,0.0211,Baja
5900,1996-01-01,1996,1,5433,M,23,OWNER,4503,Extracto mensual,50,Svitavy,east Bohemia,102609,8187.0,5.0,2123.0,C,Vigente,"En curso, al dia",135360.0,48,2820.0,36660.0,35,64881.44,0.0435,Baja
5906,1998-05-05,1998,5,5468,F,54,OWNER,4533,Extracto mensual,68,Frydek - Mistek,north Moravia,228848,9893.0,4.0,5623.0,C,Vigente,"En curso, al dia",81144.0,36,2254.0,65366.0,7,67815.22,0.0332,Baja
5909,1998-01-03,1998,1,5487,F,51,OWNER,4550,Extracto mensual,56,Breclav,south Moravia,124605,8772.0,5.0,2854.0,C,Vigente,"En curso, al dia",61320.0,60,1022.0,50078.0,11,23137.23,0.0442,Baja
5918,1994-06-04,1994,6,5517,M,34,OWNER,4576,Extracto mensual,27,Plzen - jih,west Bohemia,67298,8561.0,1.0,1029.0,A,Cerrado,Pagado sin problemas,300204.0,36,8339.0,0.0,54,34084.54,0.2447,Alta
5922,1995-08-05,1995,8,5521,F,25,OWNER,4580,Extracto mensual,9,Nymburk,central Bohemia,81344,8899.0,3.0,2987.0,A,Cerrado,Pagado sin problemas,20220.0,12,1685.0,0.0,40,41077.57,0.041,Baja
5923,1996-10-10,1996,10,5526,M,51,OWNER,4585,Extracto mensual,27,Plzen - jih,west Bohemia,67298,8561.0,1.0,1029.0,C,Vigente,"En curso, al dia",64656.0,48,1347.0,29634.0,26,25896.42,0.052,Baja
5930,1998-01-12,1998,1,5563,M,22,OWNER,4616,Extracto mensual,1,Hl.m. Praha,Prague,1204953,12541.0,0.0,85677.0,C,Vigente,"En curso, al dia",66696.0,24,2779.0,36127.0,11,58360.81,0.0476,Baja
5931,1997-03-17,1997,3,5565,F,32,OWNER,4618,Extracto mensual,3,Beroun,central Bohemia,75232,8980.0,2.0,2824.0,D,Vigente,"En curso, en mora",66696.0,24,2779.0,8337.0,21,51945.44,0.0535,Baja
5932,1997-06-18,1997,6,5574,F,28,OWNER,4626,Extracto mensual,9,Nymburk,central Bohemia,81344,8899.0,3.0,2987.0,A,Cerrado,Pagado sin problemas,33348.0,12,2779.0,0.0,18,45807.21,0.0607,Media-baja
5933,1997-12-13,1997,12,5579,M,47,OWNER,4631,Extracto despues de cada transaccion,77,Vsetin,north Moravia,148545,8909.0,4.0,3460.0,C,Vigente,"En curso, al dia",87528.0,24,3647.0,43764.0,12,42729.04,0.0854,Media-baja
5938,1996-08-25,1996,8,5606,M,18,OWNER,4650,Extracto mensual,4,Kladno,central Bohemia,149893,9753.0,5.0,5244.0,C,Vigente,"En curso, al dia",402000.0,60,6700.0,214400.0,28,21568.81,0.3106,Alta
5940,1997-05-28,1997,5,5618,F,45,OWNER,4660,Extracto mensual,63,Vyskov,south Moravia,86513,8288.0,4.0,1562.0,C,Vigente,"En curso, al dia",106944.0,24,4456.0,22280.0,19,57324.28,0.0777,Media-baja
5942,1997-03-15,1997,3,5642,F,41,OWNER,4681,Extracto mensual,70,Karvina,north Moravia,285387,10177.0,7.0,9878.0,C,Vigente,"En curso, al dia",162624.0,48,3388.0,91476.0,21,37092.99,0.0913,Media-alta
5953,1997-03-14,1997,3,5684,F,43,OWNER,4715,Extracto mensual,8,Mlada Boleslav,central Bohemia,112065,11277.0,1.0,5179.0,C,Vigente,"En curso, al dia",97176.0,24,4049.0,12147.0,21,66376.88,0.061,Media-baja
5956,1997-11-04,1997,11,5699,M,48,OWNER,4725,Extracto mensual,73,Opava,north Moravia,182027,8746.0,3.0,4355.0,C,Vigente,"En curso, al dia",168264.0,36,4674.0,107502.0,13,40044.64,0.1167,Media-alta
5959,1995-08-11,1995,8,5701,F,39,OWNER,4727,Extracto mensual,2,Benesov,central Bohemia,88884,8507.0,2.0,2159.0,A,Cerrado,Pagado sin problemas,107640.0,24,4485.0,0.0,40,50214.52,0.0893,Media-baja
5963,1997-09-07,1997,9,5727,M,45,OWNER,4746,Extracto mensual,54,Brno - mesto,south Moravia,387570,9897.0,2.0,18721.0,C,Vigente,"En curso, al dia",204780.0,60,3413.0,153585.0,15,48890.35,0.0698,Media-baja
5970,1995-07-09,1995,7,5760,M,50,OWNER,4774,Extracto mensual,66,Zdar nad Sazavou,south Moravia,125832,8512.0,4.0,2247.0,C,Vigente,"En curso, al dia",465072.0,48,9689.0,67823.0,41,27778.81,0.3488,Alta
5973,1997-11-24,1997,11,5774,F,38,OWNER,4784,Extracto mensual,46,Nachod,east Bohemia,112709,8369.0,2.0,2854.0,C,Vigente,"En curso, al dia",219456.0,48,4572.0,160020.0,13,44366.0,0.1031,Media-alta
5976,1997-12-27,1997,12,5788,M,36,OWNER,4794,Extracto mensual,72,Olomouc,north Moravia,226122,8994.0,4.0,9672.0,D,Vigente,"En curso, en mora",465504.0,48,9698.0,349128.0,12,26347.12,0.3681,Alta
5977,1997-02-25,1997,2,5801,F,19,OWNER,4803,Extracto mensual,26,Plzen - mesto,west Bohemia,170449,10787.0,3.0,6041.0,C,Vigente,"En curso, al dia",59136.0,48,1232.0,32032.0,22,23023.73,0.0535,Baja
5980,1995-08-18,1995,8,5826,M,30,OWNER,4825,Extracto mensual,15,Cesky Krumlov,south Bohemia,58796,9045.0,3.0,1845.0,A,Cerrado,Pagado sin problemas,21396.0,12,1783.0,0.0,40,30813.0,0.0579,Media-baja
5988,1996-08-22,1996,8,5858,M,46,OWNER,4851,Extracto mensual,52,Usti nad Orlici,east Bohemia,139012,8363.0,3.0,2564.0,A,Cerrado,Pagado sin problemas,141648.0,24,5902.0,0.0,28,45100.39,0.1309,Alta
5989,1996-03-04,1996,3,5860,M,34,OWNER,4852,Extracto mensual,47,Pardubice,east Bohemia,162580,9538.0,2.0,6079.0,C,Vigente,"En curso, al dia",213300.0,36,5925.0,17775.0,33,27951.88,0.212,Alta
5991,1998-07-27,1998,7,5866,F,20,OWNER,4858,Extracto mensual,67,Bruntal,north Moravia,106054,8110.0,6.0,3244.0,D,Vigente,"En curso, en mora",335184.0,48,6983.0,300269.0,5,38710.08,0.1804,Alta
5992,1997-03-18,1997,3,5873,F,19,OWNER,4863,Extracto mensual,5,Kolin,central Bohemia,95616,9307.0,4.0,2616.0,A,Cerrado,Pagado sin problemas,76080.0,12,6340.0,0.0,21,50621.12,0.1252,Alta
5997,1993-11-04,1993,11,5911,M,63,OWNER,4894,Extracto mensual,14,Ceske Budejovice,south Bohemia,177686,10045.0,1.0,6604.0,A,Cerrado,Pagado sin problemas,117024.0,24,4876.0,0.0,61,44131.23,0.1105,Media-alta
5999,1996-01-03,1996,1,5928,F,28,OWNER,4907,Extracto mensual,42,Havlickuv Brod,east Bohemia,95907,8388.0,2.0,1658.0,C,Vigente,"En curso, al dia",98832.0,48,2059.0,26767.0,35,31814.34,0.0647,Media-baja
6004,1994-07-23,1994,7,5965,M,47,OWNER,4937,Extracto mensual,12,Pribram,central Bohemia,107870,8754.0,4.0,3804.0,A,Cerrado,Pagado sin problemas,143904.0,24,5996.0,0.0,53,49727.55,0.1206,Media-alta
6006,1996-11-15,1996,11,5977,M,19,OWNER,4948,Extracto mensual,43,Hradec Kralove,east Bohemia,161854,9425.0,2.0,4085.0,C,Vigente,"En curso, al dia",359760.0,60,5996.0,209860.0,25,32434.73,0.1849,Alta
6007,1997-08-30,1997,8,5978,F,54,OWNER,4949,Extracto mensual,33,Decin,north Bohemia,133777,8705.0,6.0,4650.0,C,Vigente,"En curso, al dia",289920.0,48,6040.0,193280.0,16,58959.27,0.1024,Media-alta
6010,1997-03-06,1997,3,6001,M,61,OWNER,4969,Extracto semanal,60,Prostejov,south Moravia,110643,8441.0,3.0,1879.0,C,Vigente,"En curso, al dia",150180.0,60,2503.0,97617.0,21,50892.0,0.0492,Baja
6011,1996-11-28,1996,11,6015,M,25,OWNER,4981,Extracto mensual,54,Brno - mesto,south Moravia,387570,9897.0,2.0,18721.0,C,Vigente,"En curso, al dia",179328.0,48,3736.0,85928.0,25,44094.04,0.0847,Media-baja
6012,1996-08-03,1996,8,6033,M,32,OWNER,4994,Extracto semanal,1,Hl.m. Praha,Prague,1204953,12541.0,0.0,85677.0,C,Vigente,"En curso, al dia",258444.0,36,7179.0,57432.0,28,40688.06,0.1764,Alta
6013,1996-02-03,1996,2,6034,M,59,OWNER,4995,Extracto semanal,20,Strakonice,south Bohemia,70646,8547.0,3.0,1563.0,D,Vigente,"En curso, en mora",128988.0,36,3583.0,7166.0,34,34740.79,0.1031,Media-alta
6014,1997-05-18,1997,5,6039,F,40,OWNER,4999,Extracto mensual,1,Hl.m. Praha,Prague,1204953,12541.0,0.0,85677.0,C,Vigente,"En curso, al dia",165168.0,36,4588.0,77996.0,19,35478.79,0.1293,Alta
6015,1996-11-09,1996,11,6042,M,35,OWNER,5001,Extracto mensual,53,Blansko,south Moravia,107911,8240.0,3.0,1850.0,A,Cerrado,Pagado sin problemas,110112.0,24,4588.0,0.0,25,76232.85,0.0602,Media-baja
6019,1996-07-25,1996,7,6077,F,18,OWNER,5033,Extracto mensual,54,Brno - mesto,south Moravia,387570,9897.0,2.0,18721.0,A,Cerrado,Pagado sin problemas,11400.0,12,950.0,0.0,29,27533.73,0.0345,Baja
6027,1996-02-10,1996,2,6115,F,45,OWNER,5066,Extracto semanal,13,Rakovnik,central Bohemia,53921,8598.0,3.0,1597.0,B,Cerrado,"Pagado, contrato terminado con deuda",61656.0,24,2569.0,0.0,34,44763.5,0.0574,Media-baja
6028,1997-02-09,1997,2,6122,F,30,OWNER,5072,Extracto mensual,6,Kutna Hora,central Bohemia,77963,8546.0,3.0,2640.0,C,Vigente,"En curso, al dia",317520.0,60,5292.0,201096.0,22,56757.44,0.0932,Media-alta
6037,1997-05-04,1997,5,6175,M,34,OWNER,5118,Extracto mensual,72,Olomouc,north Moravia,226122,8994.0,4.0,9672.0,C,Vigente,"En curso, al dia",53232.0,48,1109.0,32161.0,19,30896.05,0.0359,Baja
6038,1994-08-10,1994,8,6178,F,58,OWNER,5120,Extracto mensual,1,Hl.m. Praha,Prague,1204953,12541.0,0.0,85677.0,A,Cerrado,Pagado sin problemas,323472.0,48,6739.0,0.0,52,45414.04,0.1484,Alta
6043,1996-01-11,1996,1,6185,F,50,OWNER,5126,Extracto mensual,58,Jihlava,south Moravia,109164,8757.0,3.0,2212.0,C,Vigente,"En curso, al dia",20352.0,48,424.0,5512.0,35,31814.46,0.0133,Baja
6044,1998-01-27,1998,1,6196,M,55,OWNER,5133,Extracto semanal,68,Frydek - Mistek,north Moravia,228848,9893.0,4.0,5623.0,C,Vigente,"En curso, al dia",57060.0,12,4755.0,4755.0,11,46000.55,0.1034,Media-alta
6052,1998-03-23,1998,3,6235,M,58,OWNER,5164,Extracto mensual,5,Kolin,central Bohemia,95616,9307.0,4.0,2616.0,C,Vigente,"En curso, al dia",22356.0,36,621.0,16767.0,9,25151.11,0.0247,Baja
6054,1998-07-16,1998,7,6255,F,52,OWNER,5180,Extracto mensual,54,Brno - mesto,south Moravia,387570,9897.0,2.0,18721.0,C,Vigente,"En curso, al dia",58764.0,12,4897.0,34279.0,5,32543.41,0.1505,Alta
6055,1997-04-28,1997,4,6257,F,56,OWNER,5181,Extracto mensual,75,Prerov,north Moravia,138032,8819.0,5.0,4063.0,C,Vigente,"En curso, al dia",399120.0,60,6652.0,266080.0,20,42435.27,0.1568,Alta
6059,1997-12-28,1997,12,6275,M,42,OWNER,5196,Extracto semanal,13,Rakovnik,central Bohemia,53921,8598.0,3.0,1597.0,A,Cerrado,Pagado sin problemas,79824.0,12,6652.0,0.0,12,49309.23,0.1349,Alta
6063,1996-04-25,1996,4,6299,M,62,OWNER,5213,Extracto mensual,1,Hl.m. Praha,Prague,1204953,12541.0,0.0,85677.0,D,Vigente,"En curso, en mora",320976.0,48,6687.0,106992.0,32,49482.92,0.1351,Alta
6064,1994-08-04,1994,8,6301,F,49,OWNER,5215,Extracto mensual,55,Brno - venkov,south Moravia,157042,8743.0,2.0,3659.0,A,Cerrado,Pagado sin problemas,14628.0,12,1219.0,0.0,52,32788.24,0.0372,Baja
6066,1994-07-11,1994,7,6317,F,41,OWNER,5228,Extracto despues de cada transaccion,77,Vsetin,north Moravia,148545,8909.0,4.0,3460.0,A,Cerrado,Pagado sin problemas,173808.0,24,7242.0,0.0,53,61218.79,0.1183,Media-alta
6072,1994-05-10,1994,5,6349,M,26,OWNER,5256,Extracto despues de cada transaccion,72,Olomouc,north Moravia,226122,8994.0,4.0,9672.0,A,Cerrado,Pagado sin problemas,193968.0,36,5388.0,0.0,55,63579.14,0.0847,Media-baja
6073,1996-11-12,1996,11,6359,M,22,OWNER,5263,Extracto mensual,64,Zlin,south Moravia,197099,9624.0,2.0,4484.0,C,Vigente,"En curso, al dia",276300.0,60,4605.0,161175.0,25,25997.53,0.1771,Alta
6075,1997-11-26,1997,11,6363,F,25,OWNER,5267,Extracto mensual,4,Kladno,central Bohemia,149893,9753.0,5.0,5244.0,D,Vigente,"En curso, en mora",129312.0,24,5388.0,59268.0,13,45331.05,0.1189,Media-alta
6076,1997-02-02,1997,2,6366,M,32,OWNER,5269,Extracto mensual,49,Semily,east Bohemia,75685,8208.0,2.0,1660.0,C,Vigente,"En curso, al dia",117420.0,60,1957.0,74366.0,22,40841.88,0.0479,Baja
6077,1993-11-22,1993,11,6367,M,28,OWNER,5270,Extracto mensual,44,Chrudim,east Bohemia,105606,8254.0,3.0,2166.0,A,Cerrado,Pagado sin problemas,79608.0,24,3317.0,0.0,61,69954.62,0.0474,Baja
6078,1998-09-09,1998,9,6383,M,28,OWNER,5283,Extracto mensual,15,Cesky Krumlov,south Bohemia,58796,9045.0,3.0,1845.0,C,Vigente,"En curso, al dia",170832.0,48,3559.0,160155.0,3,65037.97,0.0547,Baja
6083,1998-03-31,1998,3,6408,M,42,OWNER,5305,Extracto mensual,47,Pardubice,east Bohemia,162580,9538.0,2.0,6079.0,C,Vigente,"En curso, al dia",240528.0,48,5011.0,195429.0,9,41135.13,0.1218,Media-alta
6087,1994-02-27,1994,2,6417,M,48,OWNER,5313,Extracto mensual,40,Teplice,north Bohemia,128118,9317.0,6.0,6949.0,C,Vigente,"En curso, al dia",300660.0,60,5011.0,10022.0,58,45854.79,0.1093,Media-alta
6088,1997-03-07,1997,3,6422,M,38,OWNER,5317,Extracto mensual,28,Plzen - sever,west Bohemia,72541,8594.0,2.0,1580.0,C,Vigente,"En curso, al dia",90180.0,36,2505.0,37575.0,21,31516.23,0.0795,Media-baja
6095,1997-01-24,1997,1,6469,M,45,OWNER,5358,Extracto mensual,4,Kladno,central Bohemia,149893,9753.0,5.0,5244.0,C,Vigente,"En curso, al dia",68340.0,60,1139.0,42143.0,23,41735.5,0.0273,Baja
6097,1997-08-21,1997,8,6473,F,58,OWNER,5362,Extracto semanal,76,Sumperk,north Moravia,127369,8369.0,5.0,3736.0,C,Vigente,"En curso, al dia",202848.0,48,4226.0,135232.0,16,37200.54,0.1136,Media-alta
6103,1994-04-07,1994,4,6499,M,35,OWNER,5385,Extracto semanal,44,Chrudim,east Bohemia,105606,8254.0,3.0,2166.0,C,Vigente,"En curso, al dia",149340.0,60,2489.0,9956.0,56,29069.0,0.0856,Media-baja
6104,1997-09-05,1997,9,6511,M,45,OWNER,5395,Extracto mensual,47,Pardubice,east Bohemia,162580,9538.0,2.0,6079.0,C,Vigente,"En curso, al dia",158184.0,36,4394.0,92274.0,15,47679.99,0.0922,Media-alta
6109,1996-06-03,1996,6,6544,M,24,OWNER,5422,Extracto mensual,66,Zdar nad Sazavou,south Moravia,125832,8512.0,4.0,2247.0,C,Vigente,"En curso, al dia",368880.0,60,6148.0,184440.0,30,60030.73,0.1024,Media-alta
6111,1993-09-24,1993,9,6551,F,50,OWNER,5428,Extracto mensual,24,Karlovy Vary,west Bohemia,122603,8991.0,1.0,5198.0,B,Cerrado,"Pagado, contrato terminado con deuda",174744.0,24,7281.0,0.0,63,37485.53,0.1942,Alta
6112,1994-06-17,1994,6,6567,F,20,OWNER,5442,Extracto mensual,34,Chomutov,north Bohemia,125236,9675.0,6.0,5323.0,B,Cerrado,"Pagado, contrato terminado con deuda",174744.0,24,7281.0,0.0,54,26252.89,0.2773,Alta
6113,1997-10-01,1997,10,6571,F,27,OWNER,5445,Extracto mensual,72,Olomouc,north Moravia,226122,8994.0,4.0,9672.0,C,Vigente,"En curso, al dia",78696.0,36,2186.0,48092.0,14,40292.56,0.0543,Baja
6118,1997-10-04,1997,10,6610,M,44,OWNER,5477,Extracto mensual,57,Hodonin,south Moravia,161954,8720.0,4.0,3729.0,C,Vigente,"En curso, al dia",349392.0,48,7279.0,247486.0,14,59951.15,0.1214,Media-alta
6120,1994-09-11,1994,9,6616,M,45,OWNER,5481,Extracto mensual,52,Usti nad Orlici,east Bohemia,139012,8363.0,3.0,2564.0,A,Cerrado,Pagado sin problemas,209184.0,48,4358.0,0.0,51,46230.43,0.0943,Media-alta
6130,1996-07-18,1996,7,6691,M,56,OWNER,5541,Extracto mensual,43,Hradec Kralove,east Bohemia,161854,9425.0,2.0,4085.0,C,Vigente,"En curso, al dia",32640.0,48,680.0,12920.0,29,25906.54,0.0262,Baja
6136,1998-04-19,1998,4,6729,M,41,OWNER,5572,Extracto mensual,15,Cesky Krumlov,south Bohemia,58796,9045.0,3.0,1845.0,C,Vigente,"En curso, al dia",140880.0,60,2348.0,122096.0,8,45160.56,0.052,Baja
6137,1996-04-10,1996,4,6731,M,55,OWNER,5574,Extracto semanal,13,Rakovnik,central Bohemia,53921,8598.0,3.0,1597.0,A,Cerrado,Pagado sin problemas,44628.0,12,3719.0,0.0,32,49477.42,0.0752,Media-baja
6142,1997-01-21,1997,1,6749,F,55,OWNER,5591,Extracto mensual,9,Nymburk,central Bohemia,81344,8899.0,3.0,2987.0,C,Vigente,"En curso, al dia",221880.0,60,3698.0,136826.0,23,44440.73,0.0832,Media-baja
6144,1996-08-09,1996,8,6753,M,36,OWNER,5593,Extracto mensual,15,Cesky Krumlov,south Bohemia,58796,9045.0,3.0,1845.0,A,Cerrado,Pagado sin problemas,44376.0,12,3698.0,0.0,28,53505.36,0.0691,Media-baja
6147,1997-12-28,1997,12,6764,M,54,OWNER,5602,Extracto despues de cada transaccion,19,Prachatice,south Bohemia,51428,8402.0,3.0,999.0,C,Vigente,"En curso, al dia",177504.0,48,3698.0,133128.0,12,44723.23,0.0827,Media-baja
6150,1994-11-02,1994,11,6789,M,19,OWNER,5622,Extracto mensual,70,Karvina,north Moravia,285387,10177.0,7.0,9878.0,A,Cerrado,Pagado sin problemas,83016.0,12,6918.0,0.0,49,67891.94,0.1019,Media-alta
6151,1995-04-25,1995,4,6798,F,50,OWNER,5628,Extracto mensual,61,Trebic,south Moravia,117897,8814.0,5.0,2112.0,C,Vigente,"En curso, al dia",225420.0,60,3757.0,60112.0,44,31185.16,0.1205,Media-alta
6153,1995-07-25,1995,7,6803,F,18,OWNER,5632,Extracto semanal,5,Kolin,central Bohemia,95616,9307.0,4.0,2616.0,C,Vigente,"En curso, al dia",285600.0,60,4760.0,90440.0,41,49651.8,0.0959,Media-alta
6157,1995-07-10,1995,7,6829,F,35,OWNER,5650,Extracto despues de cada transaccion,10,Praha - vychod,central Bohemia,92084,10124.0,1.0,3810.0,A,Cerrado,Pagado sin problemas,98592.0,24,4108.0,0.0,41,54128.77,0.0759,Media-baja
6168,1998-11-21,1998,11,6892,F,47,OWNER,5698,Extracto mensual,1,Hl.m. Praha,Prague,1204953,12541.0,0.0,85677.0,C,Vigente,"En curso, al dia",99216.0,36,2756.0,96460.0,1,57018.62,0.0483,Baja
6169,1995-03-16,1995,3,6895,M,27,OWNER,5700,Extracto mensual,42,Havlickuv Brod,east Bohemia,95907,8388.0,2.0,1658.0,D,Vigente,"En curso, en mora",103680.0,60,1728.0,25920.0,45,28250.06,0.0612,Media-baja
6173,1997-01-08,1997,1,6922,F,59,OWNER,5724,Extracto despues de cada transaccion,14,Ceske Budejovice,south Bohemia,177686,10045.0,1.0,6604.0,C,Vigente,"En curso, al dia",232560.0,48,4845.0,121125.0,23,40175.63,0.1206,Media-alta
6175,1996-02-21,1996,2,6936,F,39,OWNER,5735,Extracto mensual,52,Usti nad Orlici,east Bohemia,139012,8363.0,3.0,2564.0,D,Vigente,"En curso, en mora",290700.0,60,4845.0,125970.0,34,59647.43,0.0812,Media-baja
6178,1995-12-16,1995,12,6946,F,28,OWNER,5742,Extracto despues de cada transaccion,74,Ostrava - mesto,north Moravia,323870,10673.0,5.0,18782.0,C,Vigente,"En curso, al dia",232560.0,48,4845.0,58140.0,36,63188.74,0.0767,Media-baja
6185,1995-11-28,1995,11,6987,M,30,OWNER,5774,Extracto mensual,1,Hl.m. Praha,Prague,1204953,12541.0,0.0,85677.0,A,Cerrado,Pagado sin problemas,31176.0,24,1299.0,0.0,37,46304.22,0.0281,Baja
6190,1996-05-06,1996,5,7010,M,31,OWNER,5794,Extracto mensual,70,Karvina,north Moravia,285387,10177.0,7.0,9878.0,C,Vigente,"En curso, al dia",123600.0,60,2060.0,59740.0,31,39514.88,0.0521,Baja
6196,1997-09-14,1997,9,7065,F,27,OWNER,5837,Extracto mensual,5,Kolin,central Bohemia,95616,9307.0,4.0,2616.0,C,Vigente,"En curso, al dia",177804.0,36,4939.0,103719.0,15,54375.08,0.0908,Media-alta
6202,1994-04-18,1994,4,7127,M,41,OWNER,5891,Extracto mensual,54,Brno - mesto,south Moravia,387570,9897.0,2.0,18721.0,A,Cerrado,Pagado sin problemas,65184.0,12,5432.0,0.0,56,47426.49,0.1145,Media-alta
6207,1998-06-23,1998,6,7150,F,35,OWNER,5912,Extracto mensual,45,Jicin,east Bohemia,77917,8390.0,2.0,2080.0,C,Vigente,"En curso, al dia",184620.0,60,3077.0,166158.0,6,34785.54,0.0885,Media-baja
6210,1994-06-06,1994,6,7166,M,34,OWNER,5927,Extracto mensual,15,Cesky Krumlov,south Bohemia,58796,9045.0,3.0,1845.0,B,Cerrado,"Pagado, contrato terminado con deuda",87216.0,48,1817.0,0.0,54,28362.3,0.0641,Media-baja
6215,1998-06-18,1998,6,7186,F,54,OWNER,5944,Extracto mensual,27,Plzen - jih,west Bohemia,67298,8561.0,1.0,1029.0,C,Vigente,"En curso, al dia",78720.0,48,1640.0,68880.0,6,45921.17,0.0357,Baja
6216,1994-09-30,1994,9,7195,M,36,OWNER,5952,Extracto mensual,50,Svitavy,east Bohemia,102609,8187.0,5.0,2123.0,A,Cerrado,Pagado sin problemas,141240.0,24,5885.0,0.0,51,57219.71,0.1028,Media-alta
6223,1994-11-03,1994,11,7241,F,41,OWNER,5991,Extracto mensual,1,Hl.m. Praha,Prague,1204953,12541.0,0.0,85677.0,A,Cerrado,Pagado sin problemas,61056.0,48,1272.0,0.0,49,36039.14,0.0353,Baja
6227,1995-03-04,1995,3,7286,F,28,OWNER,6030,Extracto mensual,47,Pardubice,east Bohemia,162580,9538.0,2.0,6079.0,A,Cerrado,Pagado sin problemas,28248.0,24,1177.0,0.0,45,45582.4,0.0258,Baja
6228,1993-12-01,1993,12,7291,F,58,OWNER,6034,Extracto semanal,6,Kutna Hora,central Bohemia,77963,8546.0,3.0,2640.0,B,Cerrado,"Pagado, contrato terminado con deuda",464520.0,60,7742.0,0.0,60,51760.09,0.1496,Alta
6229,1994-10-02,1994,10,7299,M,60,OWNER,6040,Extracto mensual,1,Hl.m. Praha,Prague,1204953,12541.0,0.0,85677.0,A,Cerrado,Pagado sin problemas,11736.0,24,489.0,0.0,50,42224.49,0.0116,Baja
6232,1994-07-08,1994,7,7311,M,49,OWNER,6051,Extracto mensual,56,Breclav,south Moravia,124605,8772.0,5.0,2854.0,B,Cerrado,"Pagado, contrato terminado con deuda",276660.0,36,7685.0,0.0,53,19257.0,0.3991,Alta
6234,1998-05-28,1998,5,7324,F,35,OWNER,6061,Extracto mensual,1,Hl.m. Praha,Prague,1204953,12541.0,0.0,85677.0,C,Vigente,"En curso, al dia",5148.0,12,429.0,2145.0,7,43197.26,0.0099,Baja
6235,1998-04-19,1998,4,7325,M,23,OWNER,6062,Extracto mensual,24,Karlovy Vary,west Bohemia,122603,8991.0,1.0,5198.0,C,Vigente,"En curso, al dia",321360.0,60,5356.0,278512.0,8,52905.48,0.1012,Media-alta
6237,1998-01-06,1998,1,7339,F,24,OWNER,6075,Extracto mensual,19,Prachatice,south Bohemia,51428,8402.0,3.0,999.0,D,Vigente,"En curso, en mora",407952.0,48,8499.0,314463.0,11,14785.71,0.5748,Alta
6239,1997-09-28,1997,9,7348,F,21,OWNER,6083,Extracto semanal,6,Kutna Hora,central Bohemia,77963,8546.0,3.0,2640.0,D,Vigente,"En curso, en mora",360864.0,48,7518.0,248094.0,15,52871.53,0.1422,Alta
6242,1997-10-22,1997,10,7366,F,25,OWNER,6097,Extracto mensual,29,Rokycany,west Bohemia,45714,8843.0,3.0,818.0,C,Vigente,"En curso, al dia",26208.0,36,728.0,16016.0,14,27419.75,0.0266,Baja
6244,1995-01-08,1995,1,7390,M,61,OWNER,6118,Extracto semanal,1,Hl.m. Praha,Prague,1204953,12541.0,0.0,85677.0,B,Cerrado,"Pagado, contrato terminado con deuda",270648.0,36,7518.0,0.0,47,60819.97,0.1236,Alta
6249,1997-07-30,1997,7,7411,F,35,OWNER,6138,Extracto mensual,54,Brno - mesto,south Moravia,387570,9897.0,2.0,18721.0,C,Vigente,"En curso, al dia",67608.0,24,2817.0,19719.0,17,30181.35,0.0933,Media-alta
6253,1994-11-04,1994,11,7422,M,40,OWNER,6148,Extracto mensual,74,Ostrava - mesto,north Moravia,323870,10673.0,5.0,18782.0,A,Cerrado,Pagado sin problemas,59760.0,24,2490.0,0.0,49,40204.46,0.0619,Media-baja
6254,1997-12-28,1997,12,7434,F,56,OWNER,6157,Extracto mensual,34,Chomutov,north Bohemia,125236,9675.0,6.0,5323.0,C,Vigente,"En curso, al dia",247920.0,48,5165.0,185940.0,12,54799.9,0.0943,Media-alta
6255,1997-02-08,1997,2,7435,F,41,OWNER,6158,Extracto mensual,67,Bruntal,north Moravia,106054,8110.0,6.0,3244.0,D,Vigente,"En curso, en mora",247920.0,48,5165.0,134290.0,22,23594.27,0.2189,Alta
6272,1994-12-20,1994,12,7521,F,38,OWNER,6226,Extracto semanal,74,Ostrava - mesto,north Moravia,323870,10673.0,5.0,18782.0,C,Vigente,"En curso, al dia",398640.0,60,6644.0,79728.0,48,63383.55,0.1048,Media-alta
6278,1997-06-10,1997,6,7567,M,61,OWNER,6265,Extracto mensual,5,Kolin,central Bohemia,95616,9307.0,4.0,2616.0,C,Vigente,"En curso, al dia",87360.0,24,3640.0,21840.0,18,69963.55,0.052,Baja
6279,1994-06-07,1994,6,7576,M,36,OWNER,6273,Extracto mensual,38,Louny,north Bohemia,85852,8965.0,7.0,2653.0,A,Cerrado,Pagado sin problemas,87360.0,24,3640.0,0.0,54,36783.97,0.099,Media-alta
6283,1996-08-11,1996,8,7594,F,49,OWNER,6289,Extracto mensual,64,Zlin,south Moravia,197099,9624.0,2.0,4484.0,C,Vigente,"En curso, al dia",85632.0,48,1784.0,35680.0,28,65066.87,0.0274,Baja
6294,1995-02-12,1995,2,7672,M,45,OWNER,6353,Extracto mensual,26,Plzen - mesto,west Bohemia,170449,10787.0,3.0,6041.0,C,Vigente,"En curso, al dia",79920.0,60,1332.0,18648.0,46,43847.11,0.0304,Baja
6296,1996-08-06,1996,8,7678,M,36,OWNER,6358,Extracto mensual,3,Beroun,central Bohemia,75232,8980.0,2.0,2824.0,C,Vigente,"En curso, al dia",270384.0,48,5633.0,112660.0,28,47654.37,0.1182,Media-alta
6297,1994-10-25,1994,10,7683,M,52,OWNER,6363,Extracto mensual,74,Ostrava - mesto,north Moravia,323870,10673.0,5.0,18782.0,A,Cerrado,Pagado sin problemas,17508.0,12,1459.0,0.0,50,39290.62,0.0371,Baja
6302,1996-09-16,1996,9,7723,F,32,OWNER,6397,Extracto mensual,48,Rychnov nad Kneznou,east Bohemia,78955,9060.0,2.0,1655.0,C,Vigente,"En curso, al dia",181020.0,60,3017.0,99561.0,27,34005.97,0.0887,Media-baja
6303,1996-02-12,1996,2,7727,F,40,OWNER,6400,Extracto despues de cada transaccion,31,Tachov,west Bohemia,51313,8930.0,4.0,1328.0,B,Cerrado,"Pagado, contrato terminado con deuda",72408.0,24,3017.0,0.0,34,45099.46,0.0669,Media-baja
6306,1994-12-20,1994,12,7753,F,20,OWNER,6425,Extracto mensual,31,Tachov,west Bohemia,51313,8930.0,4.0,1328.0,A,Cerrado,Pagado sin problemas,36684.0,12,3057.0,0.0,48,30229.94,0.1011,Media-alta
6309,1996-11-11,1996,11,7765,F,40,OWNER,6434,Extracto mensual,1,Hl.m. Praha,Prague,1204953,12541.0,0.0,85677.0,A,Cerrado,Pagado sin problemas,110136.0,24,4589.0,0.0,25,50815.78,0.0903,Media-alta
6310,1997-06-17,1997,6,7772,F,22,OWNER,6440,Extracto mensual,1,Hl.m. Praha,Prague,1204953,12541.0,0.0,85677.0,A,Cerrado,Pagado sin problemas,34572.0,12,2881.0,0.0,18,60619.4,0.0475,Baja
6312,1998-05-17,1998,5,7787,M,47,OWNER,6453,Extracto mensual,34,Chomutov,north Bohemia,125236,9675.0,6.0,5323.0,C,Vigente,"En curso, al dia",10944.0,36,304.0,8816.0,7,22935.05,0.0133,Baja
6313,1997-06-15,1997,6,7796,F,23,OWNER,6461,Extracto mensual,50,Svitavy,east Bohemia,102609,8187.0,5.0,2123.0,C,Vigente,"En curso, al dia",150912.0,36,4192.0,75456.0,18,52250.27,0.0802,Media-baja
6315,1995-02-06,1995,2,7814,F,22,OWNER,6472,Extracto mensual,61,Trebic,south Moravia,117897,8814.0,5.0,2112.0,A,Cerrado,Pagado sin problemas,43164.0,12,3597.0,0.0,46,68376.94,0.0526,Baja
6316,1994-05-26,1994,5,7815,F,52,OWNER,6473,Extracto mensual,12,Pribram,central Bohemia,107870,8754.0,4.0,3804.0,B,Cerrado,"Pagado, contrato terminado con deuda",76908.0,12,6409.0,0.0,55,52890.52,0.1212,Media-alta
6320,1998-04-28,1998,4,7843,M,32,OWNER,6495,Extracto mensual,6,Kutna Hora,central Bohemia,77963,8546.0,3.0,2640.0,C,Vigente,"En curso, al dia",104964.0,12,8747.0,34988.0,8,41026.32,0.2132,Alta
6321,1998-10-08,1998,10,7855,F,34,OWNER,6505,Extracto mensual,7,Melnik,central Bohemia,94725,9920.0,2.0,4289.0,C,Vigente,"En curso, al dia",38496.0,12,3208.0,32080.0,2,42732.36,0.0751,Media-baja
6322,1997-05-06,1997,5,7862,M,33,OWNER,6510,Extracto mensual,74,Ostrava - mesto,north Moravia,323870,10673.0,5.0,18782.0,C,Vigente,"En curso, al dia",76992.0,24,3208.0,16040.0,19,61992.46,0.0517,Baja
6336,1994-03-31,1994,3,7914,F,32,OWNER,6555,Extracto semanal,38,Louny,north Bohemia,85852,8965.0,7.0,2653.0,A,Cerrado,Pagado sin problemas,212400.0,36,5900.0,0.0,57,51034.37,0.1156,Media-alta
6338,1997-08-24,1997,8,7959,F,20,OWNER,6592,Extracto mensual,1,Hl.m. Praha,Prague,1204953,12541.0,0.0,85677.0,C,Vigente,"En curso, al dia",390660.0,60,6511.0,286484.0,16,63544.77,0.1025,Media-alta
6342,1995-11-12,1995,11,7980,M,22,OWNER,6609,Extracto mensual,16,Jindrichuv Hradec,south Bohemia,93931,8427.0,1.0,1874.0,B,Cerrado,"Pagado, contrato terminado con deuda",60156.0,36,1671.0,0.0,37,72667.5,0.023,Baja
6346,1997-05-22,1997,5,8030,M,31,OWNER,6649,Extracto mensual,1,Hl.m. Praha,Prague,1204953,12541.0,0.0,85677.0,C,Vigente,"En curso, al dia",100260.0,60,1671.0,68511.0,19,40047.24,0.0417,Baja
6350,1997-07-09,1997,7,8064,F,32,OWNER,6678,Extracto mensual,54,Brno - mesto,south Moravia,387570,9897.0,2.0,18721.0,C,Vigente,"En curso, al dia",294384.0,48,6133.0,190123.0,17,61692.2,0.0994,Media-alta
6353,1997-12-25,1997,12,8074,M,40,OWNER,6686,Extracto mensual,61,Trebic,south Moravia,117897,8814.0,5.0,2112.0,C,Vigente,"En curso, al dia",116496.0,24,4854.0,58248.0,12,41285.21,0.1176,Media-alta
6354,1996-10-23,1996,10,8076,F,48,OWNER,6688,Extracto mensual,16,Jindrichuv Hradec,south Bohemia,93931,8427.0,1.0,1874.0,C,Vigente,"En curso, al dia",22968.0,36,638.0,6380.0,26,23324.91,0.0274,Baja
6355,1997-09-24,1997,9,8089,M,33,OWNER,6699,Extracto mensual,35,Jablonec n. Nisou,north Bohemia,88768,8867.0,1.0,3384.0,C,Vigente,"En curso, al dia",127200.0,48,2650.0,87450.0,15,28863.11,0.0918,Media-alta
6356,1993-12-08,1993,12,8091,M,27,OWNER,6701,Extracto semanal,49,Semily,east Bohemia,75685,8208.0,2.0,1660.0,A,Cerrado,Pagado sin problemas,95400.0,36,2650.0,0.0,60,41562.51,0.0638,Media-baja
6357,1998-07-12,1998,7,8096,F,19,OWNER,6706,Extracto mensual,38,Louny,north Bohemia,85852,8965.0,7.0,2653.0,C,Vigente,"En curso, al dia",64860.0,60,1081.0,59455.0,5,44890.21,0.0241,Baja
6358,1995-01-14,1995,1,8105,M,35,OWNER,6715,Extracto semanal,48,Rychnov nad Kneznou,east Bohemia,78955,9060.0,2.0,1655.0,D,Vigente,"En curso, en mora",137880.0,60,2298.0,29874.0,47,24523.03,0.0937,Media-alta
6362,1995-10-31,1995,10,8130,F,22,OWNER,6738,Extracto mensual,62,Uherske Hradiste,south Moravia,145688,8544.0,1.0,2719.0,A,Cerrado,Pagado sin problemas,37908.0,12,3159.0,0.0,38,42164.05,0.0749,Media-baja
6377,1997-03-17,1997,3,8200,F,54,OWNER,6792,Extracto mensual,1,Hl.m. Praha,Prague,1204953,12541.0,0.0,85677.0,A,Cerrado,Pagado sin problemas,17184.0,12,1432.0,0.0,21,29906.66,0.0479,Baja
6386,1997-04-30,1997,4,8276,F,19,OWNER,6856,Extracto mensual,43,Hradec Kralove,east Bohemia,161854,9425.0,2.0,4085.0,C,Vigente,"En curso, al dia",124344.0,36,3454.0,55264.0,20,25654.45,0.1346,Alta
6399,1997-12-21,1997,12,8333,M,32,OWNER,6902,Extracto mensual,60,Prostejov,south Moravia,110643,8441.0,3.0,1879.0,C,Vigente,"En curso, al dia",49320.0,36,1370.0,32880.0,12,35987.37,0.0381,Baja
6402,1998-12-06,1998,12,8356,M,29,OWNER,6922,Extracto semanal,3,Beroun,central Bohemia,75232,8980.0,2.0,2824.0,C,Vigente,"En curso, al dia",139488.0,24,5812.0,139488.0,0,46755.43,0.1243,Alta
6403,1995-12-05,1995,12,8359,M,19,OWNER,6924,Extracto mensual,74,Ostrava - mesto,north Moravia,323870,10673.0,5.0,18782.0,C,Vigente,"En curso, al dia",194880.0,48,4060.0,48720.0,36,36421.46,0.1115,Media-alta
6407,1994-05-26,1994,5,8366,F,38,OWNER,6930,Extracto mensual,41,Usti nad Labem,north Bohemia,118650,9832.0,3.0,6445.0,A,Cerrado,Pagado sin problemas,25944.0,24,1081.0,0.0,55,56927.54,0.019,Baja
6415,1997-02-12,1997,2,8392,F,32,OWNER,6950,Extracto mensual,36,Liberec,north Bohemia,159617,9198.0,3.0,5796.0,C,Vigente,"En curso, al dia",475680.0,48,9910.0,257660.0,22,40812.42,0.2428,Alta
6421,1996-07-25,1996,7,8432,F,30,OWNER,6985,Extracto mensual,38,Louny,north Bohemia,85852,8965.0,7.0,2653.0,C,Vigente,"En curso, al dia",96768.0,36,2688.0,18816.0,29,51611.33,0.0521,Baja
6435,1997-06-16,1997,6,8502,M,55,OWNER,7045,Extracto mensual,51,Trutnov,east Bohemia,121947,8541.0,3.0,3496.0,C,Vigente,"En curso, al dia",288720.0,48,6015.0,180450.0,18,54677.33,0.11,Media-alta
6436,1998-05-22,1998,5,8506,F,19,OWNER,7049,Extracto mensual,69,Jesenik,north Moravia,42821,8173.0,5.83,1326.0,C,Vigente,"En curso, al dia",495180.0,60,8253.0,437409.0,7,44813.32,0.1842,Alta
6437,1997-11-09,1997,11,8510,M,51,OWNER,7052,Extracto despues de cada transaccion,55,Brno - venkov,south Moravia,157042,8743.0,2.0,3659.0,D,Vigente,"En curso, en mora",63972.0,36,1777.0,40871.0,13,21532.45,0.0825,Media-baja
6442,1998-02-08,1998,2,8548,F,53,OWNER,7082,Extracto mensual,57,Hodonin,south Moravia,161954,8720.0,4.0,3729.0,C,Vigente,"En curso, al dia",194160.0,48,4045.0,153710.0,10,28548.45,0.1417,Alta
6450,1998-06-10,1998,6,8568,F,27,OWNER,7099,Extracto mensual,1,Hl.m. Praha,Prague,1204953,12541.0,0.0,85677.0,C,Vigente,"En curso, al dia",234336.0,48,4882.0,205044.0,6,42818.54,0.114,Media-alta
6456,1993-12-09,1993,12,8598,F,41,OWNER,7123,Extracto despues de cada transaccion,64,Zlin,south Moravia,197099,9624.0,2.0,4484.0,A,Cerrado,Pagado sin problemas,47016.0,12,3918.0,0.0,60,60382.24,0.0649,Media-baja
6460,1994-11-06,1994,11,8610,F,50,OWNER,7133,Extracto mensual,1,Hl.m. Praha,Prague,1204953,12541.0,0.0,85677.0,A,Cerrado,Pagado sin problemas,48672.0,36,1352.0,0.0,49,23050.23,0.0587,Media-baja
6461,1996-09-19,1996,9,8615,F,59,OWNER,7136,Extracto semanal,12,Pribram,central Bohemia,107870,8754.0,4.0,3804.0,C,Vigente,"En curso, al dia",74124.0,36,2059.0,18531.0,27,54371.32,0.0379,Baja
6464,1998-04-16,1998,4,8636,F,57,OWNER,7156,Extracto mensual,71,Novy Jicin,north Moravia,161227,8678.0,6.0,4980.0,C,Vigente,"En curso, al dia",49488.0,24,2062.0,32992.0,8,50541.62,0.0408,Baja
6468,1997-11-30,1997,11,8661,F,44,OWNER,7176,Extracto mensual,1,Hl.m. Praha,Prague,1204953,12541.0,0.0,85677.0,C,Vigente,"En curso, al dia",203940.0,60,3399.0,159753.0,13,42000.72,0.0809,Media-baja
6469,1998-11-17,1998,11,8666,F,27,OWNER,7180,Extracto semanal,7,Melnik,central Bohemia,94725,9920.0,2.0,4289.0,C,Vigente,"En curso, al dia",99744.0,24,4156.0,95588.0,1,40126.96,0.1036,Media-alta
6470,1998-05-17,1998,5,8667,F,31,OWNER,7181,Extracto despues de cada transaccion,77,Vsetin,north Moravia,148545,8909.0,4.0,3460.0,C,Vigente,"En curso, al dia",49872.0,12,4156.0,20780.0,7,50265.46,0.0827,Media-baja
6471,1996-08-04,1996,8,8670,F,55,OWNER,7184,Extracto mensual,5,Kolin,central Bohemia,95616,9307.0,4.0,2616.0,A,Cerrado,Pagado sin problemas,155640.0,24,6485.0,0.0,28,45183.33,0.1435,Alta
6474,1995-06-06,1995,6,8677,M,43,OWNER,7190,Extracto mensual,49,Semily,east Bohemia,75685,8208.0,2.0,1660.0,C,Vigente,"En curso, al dia",63360.0,60,1056.0,19008.0,42,29108.45,0.0363,Baja
6486,1998-01-15,1998,1,8737,F,50,OWNER,7240,Extracto mensual,17,Pelhrimov,south Bohemia,74062,8114.0,2.0,1003.0,C,Vigente,"En curso, al dia",152160.0,60,2536.0,124264.0,11,28077.79,0.0903,Media-alta
6490,1997-02-10,1997,2,8764,F,58,OWNER,7262,Extracto mensual,70,Karvina,north Moravia,285387,10177.0,7.0,9878.0,C,Vigente,"En curso, al dia",73260.0,60,1221.0,46398.0,22,33927.1,0.036,Baja
6495,1998-03-12,1998,3,8777,F,45,OWNER,7274,Extracto mensual,11,Praha - zapad,central Bohemia,75637,9622.0,0.0,3475.0,C,Vigente,"En curso, al dia",49044.0,12,4087.0,12261.0,9,49296.5,0.0829,Media-baja
6499,1994-01-05,1994,1,9173,M,53,OWNER,7401,Extracto mensual,1,Hl.m. Praha,Prague,1204953,12541.0,0.0,85677.0,A,Cerrado,Pagado sin problemas,80952.0,24,3373.0,0.0,59,33312.67,0.1013,Media-alta
6501,1996-04-29,1996,4,9196,F,59,OWNER,7418,Extracto mensual,21,Tabor,south Bohemia,103347,9104.0,2.0,2299.0,B,Cerrado,"Pagado, contrato terminado con deuda",30276.0,12,2523.0,0.0,32,31318.9,0.0806,Media-baja
6502,1997-12-08,1997,12,9202,M,36,OWNER,7424,Extracto mensual,68,Frydek - Mistek,north Moravia,228848,9893.0,4.0,5623.0,A,Cerrado,Pagado sin problemas,30276.0,12,2523.0,0.0,12,61588.4,0.041,Baja
6508,1998-04-19,1998,4,9217,F,58,OWNER,7437,Extracto semanal,19,Prachatice,south Bohemia,51428,8402.0,3.0,999.0,C,Vigente,"En curso, al dia",110736.0,48,2307.0,92280.0,8,30696.24,0.0752,Media-baja
6509,1994-03-15,1994,3,9226,F,59,OWNER,7445,Extracto mensual,64,Zlin,south Moravia,197099,9624.0,2.0,4484.0,A,Cerrado,Pagado sin problemas,55368.0,24,2307.0,0.0,57,46061.38,0.0501,Baja
6512,1994-05-26,1994,5,9236,F,42,OWNER,7454,Extracto mensual,4,Kladno,central Bohemia,149893,9753.0,5.0,5244.0,A,Cerrado,Pagado sin problemas,63312.0,48,1319.0,0.0,55,22551.84,0.0585,Media-baja
6520,1994-03-16,1994,3,9273,F,43,OWNER,7485,Extracto mensual,39,Most,north Bohemia,119895,10446.0,7.0,4947.0,A,Cerrado,Pagado sin problemas,91200.0,24,3800.0,0.0,57,32558.61,0.1167,Media-alta
6526,1995-01-03,1995,1,9316,F,40,OWNER,7523,Extracto mensual,63,Vyskov,south Moravia,86513,8288.0,4.0,1562.0,A,Cerrado,Pagado sin problemas,288468.0,36,8013.0,0.0,47,36999.41,0.2166,Alta
6534,1997-10-19,1997,10,9340,M,31,OWNER,7542,Extracto mensual,54,Brno - mesto,south Moravia,387570,9897.0,2.0,18721.0,C,Vigente,"En curso, al dia",590820.0,60,9847.0,452962.0,14,27938.0,0.3525,Alta
6535,1995-11-02,1995,11,9346,M,26,OWNER,7546,Extracto mensual,43,Hradec Kralove,east Bohemia,161854,9425.0,2.0,4085.0,A,Cerrado,Pagado sin problemas,41952.0,12,3496.0,0.0,37,41502.03,0.0842,Media-baja
6539,1998-07-11,1998,7,9362,F,25,OWNER,7559,Extracto mensual,56,Breclav,south Moravia,124605,8772.0,5.0,2854.0,C,Vigente,"En curso, al dia",12792.0,12,1066.0,7462.0,5,28534.87,0.0374,Baja
6540,1995-12-31,1995,12,9366,M,23,OWNER,7562,Extracto semanal,72,Olomouc,north Moravia,226122,8994.0,4.0,9672.0,C,Vigente,"En curso, al dia",309600.0,48,6450.0,77400.0,36,58185.73,0.1109,Media-alta
6541,1997-08-17,1997,8,9370,M,23,OWNER,7565,Extracto mensual,59,Kromeriz,south Moravia,108871,8444.0,3.0,2595.0,C,Vigente,"En curso, al dia",153504.0,48,3198.0,102336.0,16,33651.09,0.095,Media-alta
6544,1997-12-11,1997,12,9403,M,24,OWNER,7594,Extracto mensual,16,Jindrichuv Hradec,south Bohemia,93931,8427.0,1.0,1874.0,C,Vigente,"En curso, al dia",130464.0,48,2718.0,97848.0,12,53546.79,0.0508,Baja
6545,1995-12-12,1995,12,9417,M,49,OWNER,7606,Extracto mensual,21,Tabor,south Bohemia,103347,9104.0,2.0,2299.0,C,Vigente,"En curso, al dia",191880.0,60,3198.0,76752.0,36,53685.62,0.0596,Media-baja
6546,1995-03-27,1995,3,9418,M,48,OWNER,7607,Extracto mensual,1,Hl.m. Praha,Prague,1204953,12541.0,0.0,85677.0,A,Cerrado,Pagado sin problemas,31728.0,24,1322.0,0.0,45,31139.8,0.0425,Baja
6550,1996-05-18,1996,5,9427,F,28,OWNER,7614,Extracto mensual,62,Uherske Hradiste,south Moravia,145688,8544.0,1.0,2719.0,C,Vigente,"En curso, al dia",320592.0,48,6679.0,113543.0,31,60781.34,0.1099,Media-alta
6552,1998-01-08,1998,1,9450,F,55,OWNER,7632,Extracto mensual,68,Frydek - Mistek,north Moravia,228848,9893.0,4.0,5623.0,C,Vigente,"En curso, al dia",170448.0,48,3551.0,131387.0,11,39297.44,0.0904,Media-alta
6553,1998-01-26,1998,1,9456,F,57,OWNER,7636,Extracto mensual,40,Teplice,north Bohemia,128118,9317.0,6.0,6949.0,C,Vigente,"En curso, al dia",42384.0,12,3532.0,3532.0,11,48865.94,0.0723,Media-baja
6554,1997-01-29,1997,1,9457,M,20,OWNER,7637,Extracto mensual,46,Nachod,east Bohemia,112709,8369.0,2.0,2854.0,C,Vigente,"En curso, al dia",390096.0,48,8127.0,203175.0,23,44346.25,0.1833,Alta
6562,1997-03-21,1997,3,9505,M,40,OWNER,7674,Extracto mensual,1,Hl.m. Praha,Prague,1204953,12541.0,0.0,85677.0,C,Vigente,"En curso, al dia",94488.0,24,3937.0,11811.0,21,60311.82,0.0653,Media-baja
6568,1998-02-25,1998,2,9546,F,43,OWNER,7713,Extracto semanal,50,Svitavy,east Bohemia,102609,8187.0,5.0,2123.0,C,Vigente,"En curso, al dia",220440.0,60,3674.0,183700.0,10,38280.19,0.096,Media-alta
6569,1998-05-28,1998,5,9555,F,51,OWNER,7721,Extracto mensual,13,Rakovnik,central Bohemia,53921,8598.0,3.0,1597.0,C,Vigente,"En curso, al dia",45456.0,12,3788.0,18940.0,7,39247.41,0.0965,Media-alta
6571,1998-05-12,1998,5,9569,F,48,OWNER,7733,Extracto semanal,19,Prachatice,south Bohemia,51428,8402.0,3.0,999.0,C,Vigente,"En curso, al dia",140064.0,24,5836.0,99212.0,7,66052.02,0.0884,Media-baja
6574,1997-12-20,1997,12,9582,F,56,OWNER,7745,Extracto mensual,2,Benesov,central Bohemia,88884,8507.0,2.0,2159.0,C,Vigente,"En curso, al dia",77544.0,36,2154.0,51696.0,12,37934.95,0.0568,Baja
6577,1994-03-11,1994,3,9593,F,30,OWNER,7753,Extracto mensual,74,Ostrava - mesto,north Moravia,323870,10673.0,5.0,18782.0,A,Cerrado,Pagado sin problemas,51696.0,24,2154.0,0.0,57,58226.52,0.037,Baja
6578,1995-12-11,1995,12,9606,M,49,OWNER,7765,Extracto semanal,52,Usti nad Orlici,east Bohemia,139012,8363.0,3.0,2564.0,A,Cerrado,Pagado sin problemas,27984.0,12,2332.0,0.0,36,30639.97,0.0761,Media-baja
6580,1994-05-22,1994,5,9611,M,40,OWNER,7769,Extracto mensual,23,Cheb,west Bohemia,87419,8624.0,2.0,2879.0,A,Cerrado,Pagado sin problemas,196080.0,48,4085.0,0.0,55,49143.79,0.0831,Media-baja
6585,1996-10-29,1996,10,9641,M,53,OWNER,7795,Extracto mensual,64,Zlin,south Moravia,197099,9624.0,2.0,4484.0,C,Vigente,"En curso, al dia",372120.0,60,6202.0,210868.0,26,64044.1,0.0968,Media-alta
6589,1996-01-01,1996,1,9663,M,53,OWNER,7815,Extracto semanal,19,Prachatice,south Bohemia,51428,8402.0,3.0,999.0,A,Cerrado,Pagado sin problemas,189696.0,24,7904.0,0.0,35,54136.97,0.146,Alta
6591,1995-02-02,1995,2,9670,M,50,OWNER,7819,Extracto mensual,38,Louny,north Bohemia,85852,8965.0,7.0,2653.0,C,Vigente,"En curso, al dia",20832.0,48,434.0,868.0,46,21368.87,0.0203,Baja
6594,1994-09-28,1994,9,9675,F,28,OWNER,7824,Extracto mensual,60,Prostejov,south Moravia,110643,8441.0,3.0,1879.0,B,Cerrado,"Pagado, contrato terminado con deuda",189696.0,24,7904.0,0.0,51,14900.0,0.5305,Alta
6596,1994-06-25,1994,6,9702,F,47,OWNER,7844,Extracto mensual,1,Hl.m. Praha,Prague,1204953,12541.0,0.0,85677.0,A,Cerrado,Pagado sin problemas,91584.0,24,3816.0,0.0,54,50765.26,0.0752,Media-baja
6598,1995-01-18,1995,1,9715,F,21,OWNER,7857,Extracto mensual,75,Prerov,north Moravia,138032,8819.0,5.0,4063.0,A,Cerrado,Pagado sin problemas,68112.0,12,5676.0,0.0,47,47220.14,0.1202,Media-alta
6599,1996-11-19,1996,11,9717,F,46,OWNER,7859,Extracto mensual,52,Usti nad Orlici,east Bohemia,139012,8363.0,3.0,2564.0,A,Cerrado,Pagado sin problemas,72120.0,12,6010.0,0.0,25,75686.09,0.0794,Media-baja
6600,1995-10-08,1995,10,9721,M,44,OWNER,7861,Extracto mensual,34,Chomutov,north Bohemia,125236,9675.0,6.0,5323.0,A,Cerrado,Pagado sin problemas,21852.0,36,607.0,0.0,38,38508.83,0.0158,Baja
6605,1997-10-14,1997,10,9755,F,47,OWNER,7890,Extracto mensual,23,Cheb,west Bohemia,87419,8624.0,2.0,2879.0,C,Vigente,"En curso, al dia",79344.0,48,1653.0,56202.0,14,23918.51,0.0691,Media-baja
6607,1997-10-21,1997,10,9760,M,29,OWNER,7894,Extracto mensual,27,Plzen - jih,west Bohemia,67298,8561.0,1.0,1029.0,C,Vigente,"En curso, al dia",153144.0,36,4254.0,93588.0,14,58553.77,0.0727,Media-baja
6612,1997-08-31,1997,8,9775,M,38,OWNER,7907,Extracto mensual,70,Karvina,north Moravia,285387,10177.0,7.0,9878.0,A,Cerrado,Pagado sin problemas,97392.0,12,8116.0,0.0,16,36685.11,0.2212,Alta
6613,1996-09-22,1996,9,9798,F,48,OWNER,7926,Extracto semanal,69,Jesenik,north Moravia,42821,8173.0,5.83,1326.0,A,Cerrado,Pagado sin problemas,84120.0,24,3505.0,0.0,27,56910.79,0.0616,Media-baja
6621,1997-06-14,1997,6,9833,M,34,OWNER,7957,Extracto mensual,51,Trutnov,east Bohemia,121947,8541.0,3.0,3496.0,A,Cerrado,Pagado sin problemas,42900.0,12,3575.0,0.0,18,50590.62,0.0707,Media-baja
6624,1994-09-30,1994,9,9844,M,53,OWNER,7965,Extracto mensual,55,Brno - venkov,south Moravia,157042,8743.0,2.0,3659.0,A,Cerrado,Pagado sin problemas,71460.0,12,5955.0,0.0,51,47991.47,0.1241,Alta
6625,1997-09-07,1997,9,9846,F,31,OWNER,7966,Extracto mensual,54,Brno - mesto,south Moravia,387570,9897.0,2.0,18721.0,D,Vigente,"En curso, en mora",473280.0,60,7888.0,354960.0,15,52777.26,0.1495,Alta
6632,1998-04-23,1998,4,9872,F,31,OWNER,7990,Extracto mensual,9,Nymburk,central Bohemia,81344,8899.0,3.0,2987.0,C,Vigente,"En curso, al dia",144960.0,48,3020.0,120800.0,8,64162.77,0.0471,Baja
6633,1998-02-05,1998,2,9880,F,28,OWNER,7997,Extracto mensual,10,Praha - vychod,central Bohemia,92084,10124.0,1.0,3810.0,C,Vigente,"En curso, al dia",160656.0,24,6694.0,93716.0,10,52422.58,0.1277,Alta
6641,1997-09-09,1997,9,9914,M,56,OWNER,8026,Extracto mensual,36,Liberec,north Bohemia,159617,9198.0,3.0,5796.0,C,Vigente,"En curso, al dia",128268.0,36,3563.0,74823.0,15,47029.61,0.0758,Media-baja
6642,1994-06-05,1994,6,9915,M,31,OWNER,8027,Extracto semanal,44,Chrudim,east Bohemia,105606,8254.0,3.0,2166.0,A,Cerrado,Pagado sin problemas,77640.0,12,6470.0,0.0,54,55570.32,0.1164,Media-alta
6643,1998-01-18,1998,1,9929,F,31,OWNER,8038,Extracto mensual,47,Pardubice,east Bohemia,162580,9538.0,2.0,6079.0,C,Vigente,"En curso, al dia",35856.0,24,1494.0,19422.0,11,55660.62,0.0268,Baja
6644,1996-10-20,1996,10,9930,M,26,OWNER,8039,Extracto mensual,9,Nymburk,central Bohemia,81344,8899.0,3.0,2987.0,A,Cerrado,Pagado sin problemas,93600.0,24,3900.0,0.0,26,40078.76,0.0973,Media-alta
6645,1994-11-06,1994,11,9933,M,57,OWNER,8041,Extracto mensual,1,Hl.m. Praha,Prague,1204953,12541.0,0.0,85677.0,A,Cerrado,Pagado sin problemas,140400.0,36,3900.0,0.0,49,43563.6,0.0895,Media-baja
6647,1994-06-01,1994,6,9945,F,30,OWNER,8051,Extracto semanal,1,Hl.m. Praha,Prague,1204953,12541.0,0.0,85677.0,A,Cerrado,Pagado sin problemas,208320.0,48,4340.0,0.0,54,43945.05,0.0988,Media-alta
6650,1994-02-17,1994,2,9973,F,53,OWNER,8073,Extracto despues de cada transaccion,24,Karlovy Vary,west Bohemia,122603,8991.0,1.0,5198.0,B,Cerrado,"Pagado, contrato terminado con deuda",49320.0,12,4110.0,0.0,58,46576.31,0.0882,Media-baja
6655,1997-10-17,1997,10,9987,F,48,OWNER,8085,Extracto mensual,73,Opava,north Moravia,182027,8746.0,3.0,4355.0,D,Vigente,"En curso, en mora",260400.0,60,4340.0,199640.0,14,37448.5,0.1159,Media-alta
6659,1996-02-20,1996,2,9995,M,40,OWNER,8092,Extracto mensual,54,Brno - mesto,south Moravia,387570,9897.0,2.0,18721.0,C,Vigente,"En curso, al dia",56100.0,60,935.0,24310.0,34,20158.06,0.0464,Baja
6660,1997-05-09,1997,5,9997,M,36,OWNER,8094,Extracto mensual,67,Bruntal,north Moravia,106054,8110.0,6.0,3244.0,C,Vigente,"En curso, al dia",220428.0,36,6123.0,104091.0,19,60165.6,0.1018,Media-alta
6665,1997-08-15,1997,8,10023,F,25,OWNER,8114,Extracto mensual,59,Kromeriz,south Moravia,108871,8444.0,3.0,2595.0,C,Vigente,"En curso, al dia",99300.0,60,1655.0,72820.0,16,39110.68,0.0423,Baja
6667,1996-07-15,1996,7,10040,F,30,OWNER,8127,Extracto mensual,37,Litomerice,north Bohemia,114006,9065.0,4.0,4147.0,A,Cerrado,Pagado sin problemas,155880.0,24,6495.0,0.0,29,63263.23,0.1027,Media-alta
6668,1994-07-30,1994,7,10043,M,33,OWNER,8129,Extracto mensual,45,Jicin,east Bohemia,77917,8390.0,2.0,2080.0,A,Cerrado,Pagado sin problemas,74736.0,36,2076.0,0.0,53,37913.12,0.0548,Baja
6675,1997-11-01,1997,11,10075,M,34,OWNER,8158,Extracto semanal,48,Rychnov nad Kneznou,east Bohemia,78955,9060.0,2.0,1655.0,C,Vigente,"En curso, al dia",238716.0,36,6631.0,152513.0,13,65133.61,0.1018,Media-alta
6676,1995-06-13,1995,6,10076,F,29,OWNER,8159,Extracto mensual,26,Plzen - mesto,west Bohemia,170449,10787.0,3.0,6041.0,A,Cerrado,Pagado sin problemas,29784.0,24,1241.0,0.0,42,27625.83,0.0449,Baja
6677,1997-08-12,1997,8,10090,F,18,OWNER,8169,Extracto mensual,29,Rokycany,west Bohemia,45714,8843.0,3.0,818.0,C,Vigente,"En curso, al dia",97980.0,60,1633.0,71852.0,16,24067.39,0.0679,Media-baja
6678,1994-05-20,1994,5,10095,F,22,OWNER,8173,Extracto mensual,11,Praha - zapad,central Bohemia,75637,9622.0,0.0,3475.0,A,Cerrado,Pagado sin problemas,80340.0,12,6695.0,0.0,55,61531.67,0.1088,Media-alta
6682,1998-03-30,1998,3,10159,M,60,OWNER,8225,Extracto mensual,50,Svitavy,east Bohemia,102609,8187.0,5.0,2123.0,D,Vigente,"En curso, en mora",36204.0,12,3017.0,9051.0,9,31916.99,0.0945,Media-alta
6686,1994-08-25,1994,8,10198,M,22,OWNER,8260,Extracto mensual,31,Tachov,west Bohemia,51313,8930.0,4.0,1328.0,A,Cerrado,Pagado sin problemas,224604.0,36,6239.0,0.0,52,57496.88,0.1085,Media-alta
6687,1993-09-13,1993,9,10200,F,18,OWNER,8261,Extracto mensual,13,Rakovnik,central Bohemia,53921,8598.0,3.0,1597.0,A,Cerrado,Pagado sin problemas,87840.0,24,3660.0,0.0,63,46318.65,0.079,Media-baja
6688,1997-09-26,1997,9,10209,M,23,OWNER,8268,Extracto mensual,59,Kromeriz,south Moravia,108871,8444.0,3.0,2595.0,C,Vigente,"En curso, al dia",8616.0,24,359.0,3231.0,15,24946.61,0.0144,Baja
6694,1995-03-19,1995,3,10269,F,58,OWNER,8316,Extracto mensual,70,Karvina,north Moravia,285387,10177.0,7.0,9878.0,A,Cerrado,Pagado sin problemas,134784.0,24,5616.0,0.0,45,44005.16,0.1276,Alta
6695,1997-06-04,1997,6,10273,F,40,OWNER,8320,Extracto mensual,51,Trutnov,east Bohemia,121947,8541.0,3.0,3496.0,C,Vigente,"En curso, al dia",309660.0,60,5161.0,216762.0,18,40151.71,0.1285,Alta
6696,1994-05-09,1994,5,10275,F,28,OWNER,8321,Extracto mensual,77,Vsetin,north Moravia,148545,8909.0,4.0,3460.0,C,Vigente,"En curso, al dia",89040.0,60,1484.0,7420.0,55,30045.41,0.0494,Baja
6698,1996-03-10,1996,3,10282,M,19,OWNER,8327,Extracto semanal,1,Hl.m. Praha,Prague,1204953,12541.0,0.0,85677.0,C,Vigente,"En curso, al dia",247728.0,48,5161.0,77415.0,33,60054.68,0.0859,Media-baja
6699,1994-03-30,1994,3,10287,F,36,OWNER,8330,Extracto mensual,48,Rychnov nad Kneznou,east Bohemia,78955,9060.0,2.0,1655.0,A,Cerrado,Pagado sin problemas,7656.0,24,319.0,0.0,57,46444.78,0.0069,Baja
6704,1995-06-01,1995,6,10350,F,37,OWNER,8377,Extracto mensual,29,Rokycany,west Bohemia,45714,8843.0,3.0,818.0,C,Vigente,"En curso, al dia",417060.0,60,6951.0,125118.0,42,58445.15,0.1189,Media-alta
6705,1997-07-25,1997,7,10355,F,22,OWNER,8381,Extracto mensual,14,Ceske Budejovice,south Bohemia,177686,10045.0,1.0,6604.0,D,Vigente,"En curso, en mora",333648.0,48,6951.0,215481.0,17,61748.69,0.1126,Media-alta
6712,1995-10-14,1995,10,10382,F,33,OWNER,8405,Extracto mensual,20,Strakonice,south Bohemia,70646,8547.0,3.0,1563.0,C,Vigente,"En curso, al dia",266220.0,60,4437.0,97614.0,38,34922.92,0.1271,Alta
6715,1996-05-06,1996,5,10389,F,55,OWNER,8411,Extracto mensual,20,Strakonice,south Bohemia,70646,8547.0,3.0,1563.0,C,Vigente,"En curso, al dia",220620.0,60,3677.0,106633.0,31,36907.5,0.0996,Media-alta
6721,1994-01-21,1994,1,10459,F,34,OWNER,8475,Extracto mensual,4,Kladno,central Bohemia,149893,9753.0,5.0,5244.0,A,Cerrado,Pagado sin problemas,21072.0,24,878.0,0.0,59,21575.6,0.0407,Baja
6725,1995-06-23,1995,6,10475,F,50,OWNER,8489,Extracto mensual,19,Prachatice,south Bohemia,51428,8402.0,3.0,999.0,A,Cerrado,Pagado sin problemas,265320.0,36,7370.0,0.0,42,35566.97,0.2072,Alta
6726,1995-09-03,1995,9,10479,F,43,OWNER,8492,Extracto mensual,2,Benesov,central Bohemia,88884,8507.0,2.0,2159.0,C,Vigente,"En curso, al dia",85860.0,60,1431.0,30051.0,39,30461.58,0.047,Baja
6727,1997-12-10,1997,12,10492,M,61,OWNER,8505,Extracto mensual,70,Karvina,north Moravia,285387,10177.0,7.0,9878.0,A,Cerrado,Pagado sin problemas,42840.0,12,3570.0,0.0,12,35642.22,0.1002,Media-alta
6729,1994-08-11,1994,8,10510,F,53,OWNER,8519,Extracto mensual,23,Cheb,west Bohemia,87419,8624.0,2.0,2879.0,A,Cerrado,Pagado sin problemas,74688.0,12,6224.0,0.0,52,48484.69,0.1284,Alta
6730,1998-02-15,1998,2,10517,F,18,OWNER,8523,Extracto mensual,54,Brno - mesto,south Moravia,387570,9897.0,2.0,18721.0,C,Vigente,"En curso, al dia",93036.0,12,7753.0,15506.0,10,53890.66,0.1439,Alta
6732,1996-09-19,1996,9,10528,F,46,OWNER,8533,Extracto mensual,47,Pardubice,east Bohemia,162580,9538.0,2.0,6079.0,C,Vigente,"En curso, al dia",174048.0,48,3626.0,76146.0,27,72968.51,0.0497,Baja
6734,1996-05-30,1996,5,10543,F,53,OWNER,8547,Extracto semanal,14,Ceske Budejovice,south Bohemia,177686,10045.0,1.0,6604.0,C,Vigente,"En curso, al dia",173016.0,36,4806.0,24030.0,31,61799.34,0.0778,Media-baja
6736,1994-06-14,1994,6,10555,M,63,OWNER,8558,Extracto despues de cada transaccion,1,Hl.m. Praha,Prague,1204953,12541.0,0.0,85677.0,C,Vigente,"En curso, al dia",288360.0,60,4806.0,28836.0,54,33211.8,0.1447,Alta
6737,1995-03-11,1995,3,10563,M,49,OWNER,8564,Extracto mensual,68,Frydek - Mistek,north Moravia,228848,9893.0,4.0,5623.0,A,Cerrado,Pagado sin problemas,76680.0,24,3195.0,0.0,45,62933.54,0.0508,Baja
6738,1994-09-29,1994,9,10566,F,56,OWNER,8566,Extracto mensual,74,Ostrava - mesto,north Moravia,323870,10673.0,5.0,18782.0,B,Cerrado,"Pagado, contrato terminado con deuda",230220.0,36,6395.0,0.0,51,27658.49,0.2312,Alta
6745,1995-04-10,1995,4,10636,M,27,OWNER,8625,Extracto mensual,64,Zlin,south Moravia,197099,9624.0,2.0,4484.0,A,Cerrado,Pagado sin problemas,47304.0,24,1971.0,0.0,44,68740.11,0.0287,Baja
6746,1998-06-06,1998,6,10654,F,36,OWNER,8639,Extracto mensual,46,Nachod,east Bohemia,112709,8369.0,2.0,2854.0,C,Vigente,"En curso, al dia",185640.0,60,3094.0,167076.0,6,29159.62,0.1061,Media-alta
6748,1998-12-08,1998,12,10662,F,49,OWNER,8645,Extracto mensual,60,Prostejov,south Moravia,110643,8441.0,3.0,1879.0,C,Vigente,"En curso, al dia",240900.0,60,4015.0,240900.0,0,26268.26,0.1528,Alta
6751,1996-07-14,1996,7,10702,M,60,OWNER,8680,Extracto mensual,17,Pelhrimov,south Bohemia,74062,8114.0,2.0,1003.0,C,Vigente,"En curso, al dia",85716.0,36,2381.0,16667.0,29,31337.37,0.076,Media-baja
6753,1997-03-20,1997,3,10714,F,52,OWNER,8688,Extracto mensual,66,Zdar nad Sazavou,south Moravia,125832,8512.0,4.0,2247.0,A,Cerrado,Pagado sin problemas,67980.0,12,5665.0,0.0,21,34806.86,0.1628,Alta
6755,1998-07-24,1998,7,10746,M,27,OWNER,8713,Extracto mensual,53,Blansko,south Moravia,107911,8240.0,3.0,1850.0,C,Vigente,"En curso, al dia",170700.0,60,2845.0,156475.0,5,28620.38,0.0994,Media-alta
6758,1997-07-29,1997,7,10777,F,18,OWNER,8742,Extracto mensual,70,Karvina,north Moravia,285387,10177.0,7.0,9878.0,A,Cerrado,Pagado sin problemas,33144.0,12,2762.0,0.0,17,32407.62,0.0852,Media-baja
6763,1997-06-19,1997,6,10813,F,19,OWNER,8772,Extracto mensual,1,Hl.m. Praha,Prague,1204953,12541.0,0.0,85677.0,C,Vigente,"En curso, al dia",88272.0,48,1839.0,55170.0,18,17535.71,0.1049,Media-alta
6764,1995-08-26,1995,8,10818,M,26,OWNER,8776,Extracto mensual,64,Zlin,south Moravia,197099,9624.0,2.0,4484.0,C,Vigente,"En curso, al dia",33984.0,48,708.0,5664.0,40,38587.71,0.0183,Baja
6766,1998-04-28,1998,4,10828,F,41,OWNER,8784,Extracto mensual,1,Hl.m. Praha,Prague,1204953,12541.0,0.0,85677.0,C,Vigente,"En curso, al dia",74352.0,24,3098.0,49568.0,8,45497.83,0.0681,Media-baja
6785,1995-12-25,1995,12,10963,M,54,OWNER,8899,Extracto semanal,1,Hl.m. Praha,Prague,1204953,12541.0,0.0,85677.0,C,Vigente,"En curso, al dia",125340.0,60,2089.0,50136.0,36,51145.46,0.0408,Baja
6790,1998-06-08,1998,6,10987,F,37,OWNER,8919,Extracto mensual,62,Uherske Hradiste,south Moravia,145688,8544.0,1.0,2719.0,C,Vigente,"En curso, al dia",76104.0,24,3171.0,57078.0,6,20237.28,0.1567,Alta
6791,1998-01-23,1998,1,10997,F,26,OWNER,8926,Extracto mensual,1,Hl.m. Praha,Prague,1204953,12541.0,0.0,85677.0,C,Vigente,"En curso, al dia",566640.0,60,9444.0,462756.0,11,36640.38,0.2577,Alta
6793,1997-01-30,1997,1,11004,M,51,OWNER,8931,Extracto semanal,63,Vyskov,south Moravia,86513,8288.0,4.0,1562.0,C,Vigente,"En curso, al dia",186300.0,60,3105.0,114885.0,23,62766.02,0.0495,Baja
6805,1996-12-21,1996,12,11050,F,41,OWNER,8972,Extracto mensual,70,Karvina,north Moravia,285387,10177.0,7.0,9878.0,C,Vigente,"En curso, al dia",45024.0,48,938.0,22512.0,24,41994.97,0.0223,Baja
6808,1994-10-12,1994,10,11063,F,43,OWNER,8982,Extracto mensual,64,Zlin,south Moravia,197099,9624.0,2.0,4484.0,A,Cerrado,Pagado sin problemas,227880.0,36,6330.0,0.0,50,45134.78,0.1402,Alta
6810,1996-06-08,1996,6,11093,M,39,OWNER,9006,Extracto semanal,40,Teplice,north Bohemia,128118,9317.0,6.0,6949.0,C,Vigente,"En curso, al dia",186384.0,48,3883.0,69894.0,30,61578.39,0.0631,Media-baja
6816,1996-03-26,1996,3,11105,F,41,OWNER,9017,Extracto mensual,70,Karvina,north Moravia,285387,10177.0,7.0,9878.0,D,Vigente,"En curso, en mora",100224.0,48,2088.0,31320.0,33,28124.89,0.0742,Media-baja
6817,1996-10-04,1996,10,11114,M,46,OWNER,9024,Extracto mensual,1,Hl.m. Praha,Prague,1204953,12541.0,0.0,85677.0,C,Vigente,"En curso, al dia",70656.0,48,1472.0,32384.0,26,32646.94,0.0451,Baja
6818,1996-12-12,1996,12,11121,F,27,OWNER,9030,Extracto mensual,72,Olomouc,north Moravia,226122,8994.0,4.0,9672.0,C,Vigente,"En curso, al dia",155616.0,48,3242.0,77808.0,24,44197.56,0.0734,Media-baja
6819,1997-05-03,1997,5,11123,M,50,OWNER,9031,Extracto mensual,47,Pardubice,east Bohemia,162580,9538.0,2.0,6079.0,C,Vigente,"En curso, al dia",50112.0,24,2088.0,10440.0,19,46214.25,0.0452,Baja
6820,1993-12-16,1993,12,11126,F,33,OWNER,9034,Extracto mensual,1,Hl.m. Praha,Prague,1204953,12541.0,0.0,85677.0,A,Cerrado,Pagado sin problemas,38148.0,12,3179.0,0.0,60,37462.17,0.0849,Media-baja
6821,1998-09-15,1998,9,11130,F,37,OWNER,9037,Extracto mensual,1,Hl.m. Praha,Prague,1204953,12541.0,0.0,85677.0,C,Vigente,"En curso, al dia",321936.0,48,6707.0,301815.0,3,32014.65,0.2095,Alta
6824,1997-02-26,1997,2,11149,M,33,OWNER,9052,Extracto despues de cada transaccion,43,Hradec Kralove,east Bohemia,161854,9425.0,2.0,4085.0,D,Vigente,"En curso, en mora",71976.0,24,2999.0,5998.0,22,39870.47,0.0752,Media-baja
6836,1994-08-03,1994,8,11195,M,45,OWNER,9093,Extracto mensual,47,Pardubice,east Bohemia,162580,9538.0,2.0,6079.0,C,Vigente,"En curso, al dia",189300.0,60,3155.0,25240.0,52,32353.92,0.0975,Media-alta
6841,1994-08-07,1994,8,11208,F,41,OWNER,9104,Extracto mensual,10,Praha - vychod,central Bohemia,92084,10124.0,1.0,3810.0,A,Cerrado,Pagado sin problemas,172080.0,48,3585.0,0.0,52,60744.12,0.059,Media-baja
6851,1997-06-03,1997,6,11250,F,52,OWNER,9138,Extracto mensual,26,Plzen - mesto,west Bohemia,170449,10787.0,3.0,6041.0,D,Vigente,"En curso, en mora",272220.0,60,4537.0,190554.0,18,36907.37,0.1229,Media-alta
6852,1998-11-10,1998,11,11252,F,33,OWNER,9140,Extracto mensual,32,Ceska Lipa,north Bohemia,105058,9272.0,3.0,4340.0,C,Vigente,"En curso, al dia",16032.0,48,334.0,15698.0,1,23124.17,0.0144,Baja
6855,1998-03-01,1998,3,11266,M,60,OWNER,9153,Extracto mensual,9,Nymburk,central Bohemia,81344,8899.0,3.0,2987.0,C,Vigente,"En curso, al dia",52236.0,36,1451.0,39177.0,9,33782.15,0.043,Baja
6856,1998-12-01,1998,12,11271,M,61,OWNER,9156,Extracto mensual,18,Pisek,south Bohemia,70699,8968.0,3.0,1740.0,C,Vigente,"En curso, al dia",163332.0,36,4537.0,163332.0,0,29463.7,0.154,Alta
6857,1998-06-08,1998,6,11274,M,29,OWNER,9159,Extracto mensual,64,Zlin,south Moravia,197099,9624.0,2.0,4484.0,C,Vigente,"En curso, al dia",69600.0,48,1450.0,60900.0,6,40349.89,0.0359,Baja
6859,1998-03-07,1998,3,11286,F,58,OWNER,9167,Extracto mensual,56,Breclav,south Moravia,124605,8772.0,5.0,2854.0,C,Vigente,"En curso, al dia",272220.0,60,4537.0,231387.0,9,39041.91,0.1162,Media-alta
6861,1998-02-28,1998,2,11304,F,38,OWNER,9179,Extracto mensual,28,Plzen - sever,west Bohemia,72541,8594.0,2.0,1580.0,C,Vigente,"En curso, al dia",215040.0,60,3584.0,179200.0,10,37189.82,0.0964,Media-alta
6863,1993-07-28,1993,7,11314,M,62,OWNER,9188,Extracto mensual,45,Jicin,east Bohemia,77917,8390.0,2.0,2080.0,A,Cerrado,Pagado sin problemas,127080.0,60,2118.0,0.0,65,30061.04,0.0705,Media-baja
6865,1996-09-11,1996,9,11327,M,51,OWNER,9199,Extracto mensual,72,Olomouc,north Moravia,226122,8994.0,4.0,9672.0,B,Cerrado,"Pagado, contrato terminado con deuda",29448.0,12,2454.0,0.0,27,28977.45,0.0847,Media-baja
6866,1998-02-05,1998,2,11329,F,37,OWNER,9201,Extracto mensual,69,Jesenik,north Moravia,42821,8173.0,5.83,1326.0,C,Vigente,"En curso, al dia",122472.0,24,5103.0,71442.0,10,48396.01,0.1054,Media-alta
6868,1998-10-12,1998,10,11337,M,29,OWNER,9208,Extracto mensual,29,Rokycany,west Bohemia,45714,8843.0,3.0,818.0,C,Vigente,"En curso, al dia",82128.0,24,3422.0,75284.0,2,33221.25,0.103,Media-alta
6871,1997-04-13,1997,4,11359,M,26,OWNER,9225,Extracto mensual,11,Praha - zapad,central Bohemia,75637,9622.0,0.0,3475.0,C,Vigente,"En curso, al dia",164256.0,48,3422.0,95816.0,20,42341.7,0.0808,Media-baja
6872,1998-04-29,1998,4,11362,F,32,OWNER,9227,Extracto mensual,51,Trutnov,east Bohemia,121947,8541.0,3.0,3496.0,C,Vigente,"En curso, al dia",191580.0,60,3193.0,166036.0,8,18241.53,0.175,Alta
6875,1997-03-13,1997,3,11371,F,57,OWNER,9235,Extracto mensual,37,Litomerice,north Bohemia,114006,9065.0,4.0,4147.0,C,Vigente,"En curso, al dia",83280.0,48,1735.0,46845.0,21,39962.46,0.0434,Baja
6876,1993-12-21,1993,12,11372,M,37,OWNER,9236,Extracto mensual,11,Praha - zapad,central Bohemia,75637,9622.0,0.0,3475.0,A,Cerrado,Pagado sin problemas,86616.0,12,7218.0,0.0,60,25714.13,0.2807,Alta
6877,1997-06-19,1997,6,11379,M,46,OWNER,9241,Extracto mensual,74,Ostrava - mesto,north Moravia,323870,10673.0,5.0,18782.0,C,Vigente,"En curso, al dia",285240.0,60,4754.0,199668.0,18,49699.67,0.0957,Media-alta
6878,1997-01-24,1997,1,11381,F,19,OWNER,9242,Extracto mensual,57,Hodonin,south Moravia,161954,8720.0,4.0,3729.0,A,Cerrado,Pagado sin problemas,23184.0,12,1932.0,0.0,23,36729.78,0.0526,Baja
6887,1997-05-08,1997,5,11405,F,34,OWNER,9263,Extracto mensual,68,Frydek - Mistek,north Moravia,228848,9893.0,4.0,5623.0,A,Cerrado,Pagado sin problemas,39576.0,12,3298.0,0.0,19,30719.69,0.1074,Media-alta
6888,1994-07-11,1994,7,11409,F,18,OWNER,9265,Extracto mensual,1,Hl.m. Praha,Prague,1204953,12541.0,0.0,85677.0,A,Cerrado,Pagado sin problemas,39576.0,12,3298.0,0.0,53,48944.83,0.0674,Media-baja
6895,1994-09-19,1994,9,11461,M,24,OWNER,9307,Extracto mensual,68,Frydek - Mistek,north Moravia,228848,9893.0,4.0,5623.0,A,Cerrado,Pagado sin problemas,41904.0,12,3492.0,0.0,51,36080.38,0.0968,Media-alta
6903,1994-06-04,1994,6,11497,F,39,OWNER,9337,Extracto mensual,30,Sokolov,west Bohemia,94812,9650.0,3.0,2985.0,A,Cerrado,Pagado sin problemas,52128.0,24,2172.0,0.0,54,33459.65,0.0649,Media-baja
6908,1997-06-08,1997,6,11516,M,60,OWNER,9353,Extracto mensual,59,Kromeriz,south Moravia,108871,8444.0,3.0,2595.0,C,Vigente,"En curso, al dia",188616.0,24,7859.0,47154.0,18,45805.48,0.1716,Alta
6913,1997-04-29,1997,4,11545,F,32,OWNER,9377,Extracto mensual,1,Hl.m. Praha,Prague,1204953,12541.0,0.0,85677.0,C,Vigente,"En curso, al dia",99936.0,24,4164.0,16656.0,20,55851.85,0.0746,Media-baja
6919,1994-08-05,1994,8,11574,F,54,OWNER,9403,Extracto semanal,1,Hl.m. Praha,Prague,1204953,12541.0,0.0,85677.0,A,Cerrado,Pagado sin problemas,120888.0,36,3358.0,0.0,52,40838.74,0.0822,Media-baja
6921,1996-10-29,1996,10,11596,F,58,OWNER,9422,Extracto mensual,70,Karvina,north Moravia,285387,10177.0,7.0,9878.0,A,Cerrado,Pagado sin problemas,86184.0,12,7182.0,0.0,26,59935.52,0.1198,Media-alta
6922,1997-08-26,1997,8,11598,F,21,OWNER,9424,Extracto mensual,54,Brno - mesto,south Moravia,387570,9897.0,2.0,18721.0,C,Vigente,"En curso, al dia",83628.0,36,2323.0,46460.0,16,29077.91,0.0799,Media-baja
6923,1998-10-05,1998,10,11609,M,41,OWNER,9433,Extracto mensual,59,Kromeriz,south Moravia,108871,8444.0,3.0,2595.0,C,Vigente,"En curso, al dia",44640.0,24,1860.0,40920.0,2,41961.46,0.0443,Baja
6926,1998-02-07,1998,2,11637,M,47,OWNER,9455,Extracto mensual,73,Opava,north Moravia,182027,8746.0,3.0,4355.0,C,Vigente,"En curso, al dia",374760.0,60,6246.0,312300.0,10,56102.5,0.1113,Media-alta
6929,1995-05-08,1995,5,11662,M,26,OWNER,9472,Extracto semanal,1,Hl.m. Praha,Prague,1204953,12541.0,0.0,85677.0,A,Cerrado,Pagado sin problemas,36396.0,12,3033.0,0.0,43,57977.04,0.0523,Baja
6932,1998-06-25,1998,6,11683,M,18,OWNER,9491,Extracto semanal,7,Melnik,central Bohemia,94725,9920.0,2.0,4289.0,C,Vigente,"En curso, al dia",225504.0,48,4698.0,197316.0,6,57411.57,0.0818,Media-baja
6933,1995-09-09,1995,9,11685,F,33,OWNER,9493,Extracto mensual,64,Zlin,south Moravia,197099,9624.0,2.0,4484.0,C,Vigente,"En curso, al dia",188688.0,48,3931.0,35379.0,39,42203.45,0.0931,Media-alta
6934,1997-02-09,1997,2,11686,F,50,OWNER,9494,Extracto mensual,21,Tabor,south Bohemia,103347,9104.0,2.0,2299.0,A,Cerrado,Pagado sin problemas,116832.0,12,9736.0,0.0,22,23391.8,0.4162,Alta
6938,1997-03-10,1997,3,11701,M,49,OWNER,9504,Extracto mensual,9,Nymburk,central Bohemia,81344,8899.0,3.0,2987.0,C,Vigente,"En curso, al dia",341280.0,60,5688.0,221832.0,21,49678.49,0.1145,Media-alta
6940,1996-11-22,1996,11,11709,M,37,OWNER,9510,Extracto mensual,1,Hl.m. Praha,Prague,1204953,12541.0,0.0,85677.0,C,Vigente,"En curso, al dia",228276.0,36,6341.0,69751.0,25,41402.35,0.1532,Alta
6942,1997-07-16,1997,7,11713,F,47,OWNER,9513,Extracto mensual,59,Kromeriz,south Moravia,108871,8444.0,3.0,2595.0,A,Cerrado,Pagado sin problemas,18324.0,12,1527.0,0.0,17,31402.23,0.0486,Baja
6944,1996-11-15,1996,11,11754,M,32,OWNER,9548,Extracto mensual,62,Uherske Hradiste,south Moravia,145688,8544.0,1.0,2719.0,C,Vigente,"En curso, al dia",46176.0,48,962.0,22126.0,25,33613.24,0.0286,Baja
6948,1998-03-15,1998,3,11768,F,27,OWNER,9560,Extracto mensual,1,Hl.m. Praha,Prague,1204953,12541.0,0.0,85677.0,C,Vigente,"En curso, al dia",157068.0,36,4363.0,117801.0,9,38743.0,0.1126,Media-alta
6949,1995-12-12,1995,12,11794,F,28,OWNER,9583,Extracto semanal,31,Tachov,west Bohemia,51313,8930.0,4.0,1328.0,A,Cerrado,Pagado sin problemas,104712.0,24,4363.0,0.0,36,52379.16,0.0833,Media-baja
6950,1995-04-11,1995,4,11804,M,54,OWNER,9591,Extracto mensual,74,Ostrava - mesto,north Moravia,323870,10673.0,5.0,18782.0,A,Cerrado,Pagado sin problemas,104712.0,24,4363.0,0.0,44,57357.86,0.0761,Media-baja
6955,1995-11-22,1995,11,11851,M,28,OWNER,9627,Extracto despues de cada transaccion,65,Znojmo,south Moravia,114200,8403.0,6.0,2157.0,C,Vigente,"En curso, al dia",244368.0,48,5091.0,56001.0,37,75924.26,0.0671,Media-baja
6956,1997-11-09,1997,11,11855,M,41,OWNER,9631,Extracto mensual,11,Praha - zapad,central Bohemia,75637,9622.0,0.0,3475.0,C,Vigente,"En curso, al dia",59448.0,24,2477.0,27247.0,13,29114.58,0.0851,Media-baja
6959,1997-06-30,1997,6,11857,M,46,OWNER,9633,Extracto mensual,70,Karvina,north Moravia,285387,10177.0,7.0,9878.0,D,Vigente,"En curso, en mora",59448.0,24,2477.0,14862.0,18,45016.62,0.055,Baja
6960,1995-01-11,1995,1,11866,M,61,OWNER,9640,Extracto mensual,1,Hl.m. Praha,Prague,1204953,12541.0,0.0,85677.0,A,Cerrado,Pagado sin problemas,76416.0,24,3184.0,0.0,47,31375.2,0.1015,Media-alta
6961,1996-06-06,1996,6,11873,F,35,OWNER,9645,Extracto mensual,38,Louny,north Bohemia,85852,8965.0,7.0,2653.0,C,Vigente,"En curso, al dia",176148.0,36,4893.0,29358.0,30,47154.54,0.1038,Media-alta
6962,1998-04-02,1998,4,11874,M,29,OWNER,9646,Extracto semanal,1,Hl.m. Praha,Prague,1204953,12541.0,0.0,85677.0,C,Vigente,"En curso, al dia",279072.0,48,5814.0,232560.0,8,43095.57,0.1349,Alta
6965,1995-06-13,1995,6,11886,F,57,OWNER,9656,Extracto mensual,61,Trebic,south Moravia,117897,8814.0,5.0,2112.0,A,Cerrado,Pagado sin problemas,139536.0,24,5814.0,0.0,42,63889.92,0.091,Media-alta
6969,1998-09-12,1998,9,11906,M,54,OWNER,9673,Extracto mensual,76,Sumperk,north Moravia,127369,8369.0,5.0,3736.0,C,Vigente,"En curso, al dia",88200.0,36,2450.0,80850.0,3,37386.92,0.0655,Media-baja
6970,1997-06-17,1997,6,11911,M,59,OWNER,9677,Extracto mensual,8,Mlada Boleslav,central Bohemia,112065,11277.0,1.0,5179.0,C,Vigente,"En curso, al dia",31620.0,60,527.0,22134.0,18,27522.95,0.0191,Baja
6984,1997-08-15,1997,8,11976,F,59,OWNER,9730,Extracto mensual,54,Brno - mesto,south Moravia,387570,9897.0,2.0,18721.0,C,Vigente,"En curso, al dia",116040.0,60,1934.0,85096.0,16,29865.18,0.0648,Media-baja
6985,1995-11-22,1995,11,11978,M,27,OWNER,9731,Extracto despues de cada transaccion,54,Brno - mesto,south Moravia,387570,9897.0,2.0,18721.0,A,Cerrado,Pagado sin problemas,113796.0,36,3161.0,0.0,37,36840.46,0.0858,Media-baja
6986,1995-02-11,1995,2,12003,M,22,OWNER,9750,Extracto mensual,74,Ostrava - mesto,north Moravia,323870,10673.0,5.0,18782.0,D,Vigente,"En curso, en mora",151728.0,48,3161.0,6322.0,46,30491.11,0.1037,Media-alta
6992,1996-07-27,1996,7,12050,M,55,OWNER,9790,Extracto mensual,52,Usti nad Orlici,east Bohemia,139012,8363.0,3.0,2564.0,C,Vigente,"En curso, al dia",133968.0,48,2791.0,53029.0,29,46772.49,0.0597,Media-baja
6995,1996-09-26,1996,9,12079,F,26,OWNER,9814,Extracto semanal,64,Zlin,south Moravia,197099,9624.0,2.0,4484.0,A,Cerrado,Pagado sin problemas,96168.0,12,8014.0,0.0,27,50492.8,0.1587,Alta
6996,1995-04-13,1995,4,12095,M,59,OWNER,9828,Extracto mensual,11,Praha - zapad,central Bohemia,75637,9622.0,0.0,3475.0,A,Cerrado,Pagado sin problemas,126600.0,24,5275.0,0.0,44,47119.07,0.112,Media-alta
6998,1994-05-21,1994,5,12102,F,30,OWNER,9833,Extracto mensual,20,Strakonice,south Bohemia,70646,8547.0,3.0,1563.0,A,Cerrado,Pagado sin problemas,97632.0,12,8136.0,0.0,55,53379.29,0.1524,Alta
7001,1997-08-10,1997,8,12133,F,34,OWNER,9859,Extracto mensual,27,Plzen - jih,west Bohemia,67298,8561.0,1.0,1029.0,C,Vigente,"En curso, al dia",300600.0,60,5010.0,220440.0,16,53217.73,0.0941,Media-alta
7004,1995-03-15,1995,3,12144,M,18,OWNER,9869,Extracto mensual,12,Pribram,central Bohemia,107870,8754.0,4.0,3804.0,C,Vigente,"En curso, al dia",331560.0,60,5526.0,82890.0,45,36942.08,0.1496,Alta
7008,1995-09-22,1995,9,12181,M,37,OWNER,9897,Extracto mensual,1,Hl.m. Praha,Prague,1204953,12541.0,0.0,85677.0,A,Cerrado,Pagado sin problemas,36168.0,12,3014.0,0.0,39,39063.69,0.0772,Media-baja
7013,1996-08-02,1996,8,12220,F,27,OWNER,9928,Extracto mensual,60,Prostejov,south Moravia,110643,8441.0,3.0,1879.0,C,Vigente,"En curso, al dia",89340.0,60,1489.0,47648.0,28,40005.48,0.0372,Baja
7034,1996-07-11,1996,7,12303,F,24,OWNER,10001,Extracto mensual,24,Karlovy Vary,west Bohemia,122603,8991.0,1.0,5198.0,C,Vigente,"En curso, al dia",19044.0,36,529.0,3703.0,29,43121.78,0.0123,Baja
7035,1998-07-29,1998,7,12308,M,20,OWNER,10005,Extracto mensual,64,Zlin,south Moravia,197099,9624.0,2.0,4484.0,C,Vigente,"En curso, al dia",210744.0,36,5854.0,181474.0,5,51175.23,0.1144,Media-alta
7036,1996-09-25,1996,9,12325,M,34,OWNER,10019,Extracto mensual,8,Mlada Boleslav,central Bohemia,112065,11277.0,1.0,5179.0,C,Vigente,"En curso, al dia",194940.0,36,5415.0,48735.0,27,56669.74,0.0956,Media-alta
7037,1998-01-03,1998,1,12328,F,54,OWNER,10022,Extracto mensual,1,Hl.m. Praha,Prague,1204953,12541.0,0.0,85677.0,C,Vigente,"En curso, al dia",218064.0,48,4543.0,168091.0,11,54315.49,0.0836,Media-baja
7046,1997-03-28,1997,3,12358,M,55,OWNER,10049,Extracto mensual,17,Pelhrimov,south Bohemia,74062,8114.0,2.0,1003.0,A,Cerrado,Pagado sin problemas,91632.0,12,7636.0,0.0,21,17625.34,0.4332,Alta
7049,1997-06-24,1997,6,12376,M,39,OWNER,10063,Extracto semanal,4,Kladno,central Bohemia,149893,9753.0,5.0,5244.0,C,Vigente,"En curso, al dia",233424.0,36,6484.0,116712.0,18,54477.02,0.119,Media-alta
7050,1997-09-23,1997,9,12378,F,52,OWNER,10065,Extracto mensual,76,Sumperk,north Moravia,127369,8369.0,5.0,3736.0,C,Vigente,"En curso, al dia",311232.0,48,6484.0,213972.0,15,72885.77,0.089,Media-baja
7051,1997-07-28,1997,7,12382,M,43,OWNER,10068,Extracto mensual,1,Hl.m. Praha,Prague,1204953,12541.0,0.0,85677.0,A,Cerrado,Pagado sin problemas,77808.0,12,6484.0,0.0,17,68874.65,0.0941,Media-alta
7055,1994-04-06,1994,4,12396,F,28,OWNER,10079,Extracto mensual,62,Uherske Hradiste,south Moravia,145688,8544.0,1.0,2719.0,C,Vigente,"En curso, al dia",167100.0,60,2785.0,11140.0,56,63707.65,0.0437,Baja
7057,1995-10-20,1995,10,12416,M,25,OWNER,10093,Extracto semanal,1,Hl.m. Praha,Prague,1204953,12541.0,0.0,85677.0,A,Cerrado,Pagado sin problemas,231696.0,36,6436.0,0.0,38,45873.69,0.1403,Alta
7061,1994-08-27,1994,8,12432,M,33,OWNER,10105,Extracto mensual,55,Brno - venkov,south Moravia,157042,8743.0,2.0,3659.0,A,Cerrado,Pagado sin problemas,121896.0,24,5079.0,0.0,52,54422.59,0.0933,Media-alta
7066,1994-05-02,1994,5,12464,M,39,OWNER,10131,Extracto mensual,1,Hl.m. Praha,Prague,1204953,12541.0,0.0,85677.0,B,Cerrado,"Pagado, contrato terminado con deuda",215388.0,36,5983.0,0.0,55,32703.0,0.1829,Alta
7067,1998-01-11,1998,1,12468,M,29,OWNER,10134,Extracto mensual,22,Domazlice,west Bohemia,58400,8620.0,1.0,1089.0,C,Vigente,"En curso, al dia",136368.0,24,5682.0,73866.0,11,60593.98,0.0938,Media-alta
7072,1998-01-27,1998,1,12485,F,33,OWNER,10148,Extracto mensual,34,Chomutov,north Bohemia,125236,9675.0,6.0,5323.0,C,Vigente,"En curso, al dia",22104.0,12,1842.0,1842.0,11,44135.95,0.0417,Baja
7085,1997-06-19,1997,6,12547,F,35,OWNER,10202,Extracto mensual,70,Karvina,north Moravia,285387,10177.0,7.0,9878.0,C,Vigente,"En curso, al dia",305424.0,48,6363.0,190890.0,18,46147.59,0.1379,Alta
7087,1997-02-20,1997,2,12561,M,32,OWNER,10215,Extracto mensual,38,Louny,north Bohemia,85852,8965.0,7.0,2653.0,C,Vigente,"En curso, al dia",44304.0,24,1846.0,3692.0,22,42830.97,0.0431,Baja
7088,1997-05-03,1997,5,12586,M,51,OWNER,10233,Extracto mensual,27,Plzen - jih,west Bohemia,67298,8561.0,1.0,1029.0,C,Vigente,"En curso, al dia",239160.0,60,3986.0,163426.0,19,37233.35,0.1071,Media-alta
7091,1998-09-22,1998,9,12599,M,42,OWNER,10243,Extracto mensual,44,Chrudim,east Bohemia,105606,8254.0,3.0,2166.0,C,Vigente,"En curso, al dia",113436.0,36,3151.0,103983.0,3,68510.37,0.046,Baja
7096,1998-09-02,1998,9,12616,F,33,OWNER,10257,Extracto mensual,27,Plzen - jih,west Bohemia,67298,8561.0,1.0,1029.0,C,Vigente,"En curso, al dia",37812.0,12,3151.0,28359.0,3,54062.13,0.0583,Media-baja
7097,1993-12-23,1993,12,12625,M,40,OWNER,10266,Extracto mensual,54,Brno - mesto,south Moravia,387570,9897.0,2.0,18721.0,B,Cerrado,"Pagado, contrato terminado con deuda",75624.0,24,3151.0,0.0,60,50010.0,0.063,Media-baja
7100,1997-12-31,1997,12,12643,F,36,OWNER,10280,Extracto mensual,69,Jesenik,north Moravia,42821,8173.0,5.83,1326.0,C,Vigente,"En curso, al dia",348120.0,60,5802.0,278496.0,12,58819.6,0.0986,Media-alta
7101,1996-11-18,1996,11,12662,M,45,OWNER,10297,Extracto mensual,14,Ceske Budejovice,south Bohemia,177686,10045.0,1.0,6604.0,C,Vigente,"En curso, al dia",421008.0,48,8771.0,201733.0,25,37436.4,0.2343,Alta
7104,1993-12-13,1993,12,12695,M,19,OWNER,10320,Extracto mensual,68,Frydek - Mistek,north Moravia,228848,9893.0,4.0,5623.0,A,Cerrado,Pagado sin problemas,259740.0,60,4329.0,0.0,60,45198.18,0.0958,Media-alta
7110,1998-01-21,1998,1,12729,M,30,OWNER,10345,Extracto mensual,36,Liberec,north Bohemia,159617,9198.0,3.0,5796.0,C,Vigente,"En curso, al dia",31260.0,12,2605.0,2605.0,11,25084.43,0.1038,Media-alta
7115,1997-03-04,1997,3,12738,F,38,OWNER,10351,Extracto mensual,23,Cheb,west Bohemia,87419,8624.0,2.0,2879.0,C,Vigente,"En curso, al dia",88704.0,48,1848.0,49896.0,21,18675.1,0.099,Media-alta
7119,1997-06-02,1997,6,12750,F,58,OWNER,10361,Extracto mensual,21,Tabor,south Bohemia,103347,9104.0,2.0,2299.0,A,Cerrado,Pagado sin problemas,86880.0,12,7240.0,0.0,18,56531.84,0.1281,Alta
7121,1993-11-10,1993,11,12754,M,38,OWNER,10364,Extracto mensual,55,Brno - venkov,south Moravia,157042,8743.0,2.0,3659.0,A,Cerrado,Pagado sin problemas,21924.0,36,609.0,0.0,61,34272.16,0.0178,Baja
7122,1997-01-04,1997,1,12756,F,49,OWNER,10365,Extracto mensual,22,Domazlice,west Bohemia,58400,8620.0,1.0,1089.0,D,Vigente,"En curso, en mora",260640.0,36,7240.0,94120.0,23,31518.21,0.2297,Alta
7129,1998-03-01,1998,3,12802,M,29,OWNER,10404,Extracto mensual,1,Hl.m. Praha,Prague,1204953,12541.0,0.0,85677.0,C,Vigente,"En curso, al dia",194280.0,60,3238.0,165138.0,9,48180.41,0.0672,Media-baja
7130,1996-12-11,1996,12,12810,M,34,OWNER,10411,Extracto despues de cada transaccion,39,Most,north Bohemia,119895,10446.0,7.0,4947.0,A,Cerrado,Pagado sin problemas,123408.0,24,5142.0,0.0,24,28359.37,0.1813,Alta
7136,1996-09-28,1996,9,12840,M,59,OWNER,10436,Extracto mensual,60,Prostejov,south Moravia,110643,8441.0,3.0,1879.0,C,Vigente,"En curso, al dia",54396.0,36,1511.0,13599.0,27,30293.78,0.0499,Baja
7137,1994-06-03,1994,6,12843,M,45,OWNER,10439,Extracto mensual,66,Zdar nad Sazavou,south Moravia,125832,8512.0,4.0,2247.0,A,Cerrado,Pagado sin problemas,151560.0,24,6315.0,0.0,54,53976.21,0.117,Media-alta
7138,1995-07-03,1995,7,12844,M,52,OWNER,10440,Extracto mensual,72,Olomouc,north Moravia,226122,8994.0,4.0,9672.0,C,Vigente,"En curso, al dia",60000.0,60,1000.0,19000.0,41,24643.28,0.0406,Baja
7139,1998-01-22,1998,1,12850,M,43,OWNER,10445,Extracto mensual,72,Olomouc,north Moravia,226122,8994.0,4.0,9672.0,C,Vigente,"En curso, al dia",23412.0,12,1951.0,1951.0,11,54304.6,0.0359,Baja
7142,1994-12-19,1994,12,12859,F,22,OWNER,10451,Extracto mensual,1,Hl.m. Praha,Prague,1204953,12541.0,0.0,85677.0,D,Vigente,"En curso, en mora",482940.0,60,8049.0,96588.0,48,26358.8,0.3054,Alta
7147,1998-01-02,1998,1,12890,F,40,OWNER,10478,Extracto semanal,70,Karvina,north Moravia,285387,10177.0,7.0,9878.0,C,Vigente,"En curso, al dia",267600.0,48,5575.0,206275.0,11,62460.43,0.0893,Media-baja
7151,1998-02-18,1998,2,12908,M,57,OWNER,10493,Extracto mensual,12,Pribram,central Bohemia,107870,8754.0,4.0,3804.0,C,Vigente,"En curso, al dia",133800.0,24,5575.0,78050.0,10,45733.53,0.1219,Media-alta
7154,1996-12-05,1996,12,12943,M,28,OWNER,10520,Extracto despues de cada transaccion,55,Brno - venkov,south Moravia,157042,8743.0,2.0,3659.0,C,Vigente,"En curso, al dia",417600.0,60,6960.0,250560.0,24,43196.79,0.1611,Alta
7164,1998-08-15,1998,8,13051,M,33,OWNER,10613,Extracto mensual,55,Brno - venkov,south Moravia,157042,8743.0,2.0,3659.0,C,Vigente,"En curso, al dia",249792.0,48,5204.0,228976.0,4,58128.16,0.0895,Media-baja
7166,1995-06-24,1995,6,13071,M,42,OWNER,10630,Extracto mensual,41,Usti nad Labem,north Bohemia,118650,9832.0,3.0,6445.0,A,Cerrado,Pagado sin problemas,198240.0,24,8260.0,0.0,42,30953.19,0.2669,Alta
7167,1998-06-18,1998,6,13089,F,19,OWNER,10644,Extracto mensual,16,Jindrichuv Hradec,south Bohemia,93931,8427.0,1.0,1874.0,C,Vigente,"En curso, al dia",269964.0,36,7499.0,224970.0,6,61366.97,0.1222,Media-alta
7168,1998-07-05,1998,7,13090,F,18,OWNER,10645,Extracto mensual,2,Benesov,central Bohemia,88884,8507.0,2.0,2159.0,C,Vigente,"En curso, al dia",208332.0,36,5787.0,179397.0,5,64087.09,0.0903,Media-alta
7171,1998-02-24,1998,2,13095,M,48,OWNER,10650,Extracto mensual,76,Sumperk,north Moravia,127369,8369.0,5.0,3736.0,C,Vigente,"En curso, al dia",196224.0,48,4088.0,155344.0,10,72465.74,0.0564,Baja
7172,1998-05-07,1998,5,13098,F,20,OWNER,10652,Extracto mensual,1,Hl.m. Praha,Prague,1204953,12541.0,0.0,85677.0,C,Vigente,"En curso, al dia",45720.0,12,3810.0,19050.0,7,41690.69,0.0914,Media-alta
7176,1995-10-28,1995,10,13113,M,22,OWNER,10663,Extracto mensual,11,Praha - zapad,central Bohemia,75637,9622.0,0.0,3475.0,A,Cerrado,Pagado sin problemas,260028.0,36,7223.0,0.0,38,50676.87,0.1425,Alta
7181,1997-10-02,1997,10,13134,F,36,OWNER,10679,Extracto mensual,1,Hl.m. Praha,Prague,1204953,12541.0,0.0,85677.0,C,Vigente,"En curso, al dia",197808.0,24,8242.0,82420.0,14,64942.8,0.1269,Alta
7187,1997-12-24,1997,12,13172,M,60,OWNER,10711,Extracto mensual,36,Liberec,north Bohemia,159617,9198.0,3.0,5796.0,C,Vigente,"En curso, al dia",24180.0,60,403.0,19344.0,12,78724.3,0.0051,Baja
7189,1996-03-21,1996,3,13190,M,42,OWNER,10728,Extracto mensual,71,Novy Jicin,north Moravia,161227,8678.0,6.0,4980.0,C,Vigente,"En curso, al dia",154656.0,48,3222.0,48330.0,33,31791.36,0.1013,Media-alta
7192,1994-12-21,1994,12,13201,M,61,OWNER,10738,Extracto semanal,45,Jicin,east Bohemia,77917,8390.0,2.0,2080.0,A,Cerrado,Pagado sin problemas,115992.0,36,3222.0,0.0,48,25666.36,0.1255,Alta
7194,1996-09-17,1996,9,13231,M,39,OWNER,10762,Extracto mensual,1,Hl.m. Praha,Prague,1204953,12541.0,0.0,85677.0,C,Vigente,"En curso, al dia",68832.0,36,1912.0,17208.0,27,37557.02,0.0509,Baja
7195,1998-04-23,1998,4,13246,F,56,OWNER,10774,Extracto mensual,46,Nachod,east Bohemia,112709,8369.0,2.0,2854.0,C,Vigente,"En curso, al dia",339168.0,48,7066.0,282640.0,8,28634.22,0.2468,Alta
7198,1994-08-23,1994,8,13260,F,21,OWNER,10788,Extracto semanal,67,Bruntal,north Moravia,106054,8110.0,6.0,3244.0,A,Cerrado,Pagado sin problemas,45768.0,12,3814.0,0.0,52,32555.85,0.1172,Media-alta
7199,1997-12-09,1997,12,13261,M,54,OWNER,10789,Extracto mensual,75,Prerov,north Moravia,138032,8819.0,5.0,4063.0,A,Cerrado,Pagado sin problemas,45768.0,12,3814.0,0.0,12,59138.51,0.0645,Media-baja
7200,1998-07-11,1998,7,13276,M,21,OWNER,10799,Extracto mensual,76,Sumperk,north Moravia,127369,8369.0,5.0,3736.0,C,Vigente,"En curso, al dia",31140.0,60,519.0,28545.0,5,28375.86,0.0183,Baja
7201,1997-03-07,1997,3,13285,M,63,OWNER,10807,Extracto mensual,34,Chomutov,north Bohemia,125236,9675.0,6.0,5323.0,A,Cerrado,Pagado sin problemas,67464.0,12,5622.0,0.0,21,48557.42,0.1158,Media-alta
7202,1998-05-29,1998,5,13290,M,57,OWNER,10812,Extracto mensual,16,Jindrichuv Hradec,south Bohemia,93931,8427.0,1.0,1874.0,C,Vigente,"En curso, al dia",140688.0,48,2931.0,120171.0,7,54575.45,0.0537,Baja
7209,1997-11-30,1997,11,13346,M,42,OWNER,10857,Extracto mensual,50,Svitavy,east Bohemia,102609,8187.0,5.0,2123.0,D,Vigente,"En curso, en mora",385560.0,60,6426.0,302022.0,13,29028.34,0.2214,Alta
7213,1996-02-13,1996,2,13380,M,56,OWNER,10884,Extracto mensual,65,Znojmo,south Moravia,114200,8403.0,6.0,2157.0,C,Vigente,"En curso, al dia",113544.0,36,3154.0,6308.0,34,33990.38,0.0928,Media-alta
7219,1997-08-23,1997,8,13405,M,40,OWNER,10905,Extracto mensual,32,Ceska Lipa,north Bohemia,105058,9272.0,3.0,4340.0,C,Vigente,"En curso, al dia",57120.0,48,1190.0,38080.0,16,41985.73,0.0283,Baja
7220,1994-07-28,1994,7,13412,M,44,OWNER,10911,Extracto semanal,1,Hl.m. Praha,Prague,1204953,12541.0,0.0,85677.0,A,Cerrado,Pagado sin problemas,131292.0,36,3647.0,0.0,53,36635.22,0.0995,Media-alta
7221,1998-06-11,1998,6,13417,F,47,OWNER,10915,Extracto semanal,25,Klatovy,west Bohemia,88757,8554.0,2.0,1822.0,C,Vigente,"En curso, al dia",152460.0,60,2541.0,137214.0,6,20874.14,0.1217,Media-alta
7226,1994-02-23,1994,2,13447,F,28,OWNER,10940,Extracto mensual,50,Svitavy,east Bohemia,102609,8187.0,5.0,2123.0,A,Cerrado,Pagado sin problemas,197748.0,36,5493.0,0.0,58,44735.5,0.1228,Media-alta
7227,1995-10-02,1995,10,13451,F,43,OWNER,10942,Extracto semanal,44,Chrudim,east Bohemia,105606,8254.0,3.0,2166.0,C,Vigente,"En curso, al dia",314520.0,60,5242.0,115324.0,38,63527.42,0.0825,Media-baja
7230,1997-04-02,1997,4,13468,M,38,OWNER,10954,Extracto mensual,25,Klatovy,west Bohemia,88757,8554.0,2.0,1822.0,C,Vigente,"En curso, al dia",18720.0,60,312.0,12480.0,20,40748.45,0.0077,Baja
7233,1996-12-25,1996,12,13480,M,45,OWNER,10963,Extracto mensual,16,Jindrichuv Hradec,south Bohemia,93931,8427.0,1.0,1874.0,C,Vigente,"En curso, al dia",115812.0,36,3217.0,38604.0,24,56646.61,0.0568,Baja
7235,1993-10-13,1993,10,13490,F,29,OWNER,10973,Extracto semanal,18,Pisek,south Bohemia,70699,8968.0,3.0,1740.0,A,Cerrado,Pagado sin problemas,154416.0,48,3217.0,0.0,62,46716.16,0.0689,Media-baja
7240,1993-09-06,1993,9,13539,M,20,OWNER,11013,Extracto semanal,1,Hl.m. Praha,Prague,1204953,12541.0,0.0,85677.0,A,Cerrado,Pagado sin problemas,274740.0,60,4579.0,0.0,63,57188.19,0.0801,Media-baja
7241,1995-03-04,1995,3,13548,M,22,OWNER,11021,Extracto mensual,1,Hl.m. Praha,Prague,1204953,12541.0,0.0,85677.0,B,Cerrado,"Pagado, contrato terminado con deuda",168984.0,24,7041.0,0.0,45,56053.89,0.1256,Alta
7242,1997-10-23,1997,10,13556,M,40,OWNER,11027,Extracto semanal,32,Ceska Lipa,north Bohemia,105058,9272.0,3.0,4340.0,C,Vigente,"En curso, al dia",48096.0,24,2004.0,20040.0,14,33044.08,0.0606,Media-baja
7243,1995-12-04,1995,12,13576,M,24,OWNER,11042,Extracto mensual,72,Olomouc,north Moravia,226122,8994.0,4.0,9672.0,A,Cerrado,Pagado sin problemas,217152.0,36,6032.0,0.0,36,49107.05,0.1228,Media-alta
7246,1996-08-20,1996,8,13590,M,21,OWNER,11054,Extracto semanal,59,Kromeriz,south Moravia,108871,8444.0,3.0,2595.0,C,Vigente,"En curso, al dia",148920.0,60,2482.0,79424.0,28,32435.45,0.0765,Media-baja
7249,1994-06-12,1994,6,13603,M,57,OWNER,11065,Extracto mensual,11,Praha - zapad,central Bohemia,75637,9622.0,0.0,3475.0,A,Cerrado,Pagado sin problemas,69360.0,48,1445.0,0.0,54,33857.21,0.0427,Baja
7250,1997-03-04,1997,3,13608,F,35,OWNER,11069,Extracto mensual,37,Litomerice,north Bohemia,114006,9065.0,4.0,4147.0,C,Vigente,"En curso, al dia",119136.0,48,2482.0,67014.0,21,42572.44,0.0583,Media-baja
7253,1997-04-26,1997,4,13620,M,28,OWNER,11079,Extracto mensual,16,Jindrichuv Hradec,south Bohemia,93931,8427.0,1.0,1874.0,A,Cerrado,Pagado sin problemas,98304.0,12,8192.0,0.0,20,66405.05,0.1234,Alta
7255,1997-06-09,1997,6,13640,F,43,OWNER,11096,Extracto mensual,28,Plzen - sever,west Bohemia,72541,8594.0,2.0,1580.0,C,Vigente,"En curso, al dia",213300.0,60,3555.0,149310.0,18,37525.18,0.0947,Media-alta
7259,1994-01-31,1994,1,13657,F,35,OWNER,11111,Extracto mensual,1,Hl.m. Praha,Prague,1204953,12541.0,0.0,85677.0,A,Cerrado,Pagado sin problemas,108144.0,36,3004.0,0.0,59,54652.91,0.055,Baja
7262,1994-03-01,1994,3,13687,M,39,OWNER,11135,Extracto mensual,75,Prerov,north Moravia,138032,8819.0,5.0,4063.0,A,Cerrado,Pagado sin problemas,182628.0,36,5073.0,0.0,57,33229.0,0.1527,Alta
7263,1996-01-19,1996,1,13690,M,35,OWNER,11138,Extracto semanal,70,Karvina,north Moravia,285387,10177.0,7.0,9878.0,A,Cerrado,Pagado sin problemas,89880.0,24,3745.0,0.0,35,62571.34,0.0599,Media-baja
7264,1997-10-07,1997,10,13694,F,22,OWNER,11141,Extracto semanal,1,Hl.m. Praha,Prague,1204953,12541.0,0.0,85677.0,A,Cerrado,Pagado sin problemas,44940.0,12,3745.0,0.0,14,52484.9,0.0714,Media-baja
7271,1996-10-02,1996,10,13750,F,18,OWNER,11186,Extracto mensual,12,Pribram,central Bohemia,107870,8754.0,4.0,3804.0,C,Vigente,"En curso, al dia",392460.0,60,6541.0,222394.0,26,57131.79,0.1145,Media-alta
7277,1997-10-24,1997,10,13803,M,51,OWNER,11231,Extracto mensual,1,Hl.m. Praha,Prague,1204953,12541.0,0.0,85677.0,A,Cerrado,Pagado sin problemas,89280.0,12,7440.0,0.0,14,60522.13,0.1229,Media-alta
7279,1997-12-11,1997,12,13820,F,50,OWNER,11244,Extracto mensual,33,Decin,north Bohemia,133777,8705.0,6.0,4650.0,C,Vigente,"En curso, al dia",155760.0,24,6490.0,77880.0,12,51964.07,0.1249,Alta
7284,1993-09-15,1993,9,13845,M,25,OWNER,11265,Extracto mensual,15,Cesky Krumlov,south Bohemia,58796,9045.0,3.0,1845.0,A,Cerrado,Pagado sin problemas,52788.0,12,4399.0,0.0,63,22198.16,0.1982,Alta
7286,1997-01-31,1997,1,13852,M,26,OWNER,11271,Extracto mensual,5,Kolin,central Bohemia,95616,9307.0,4.0,2616.0,C,Vigente,"En curso, al dia",67320.0,36,1870.0,24310.0,23,26491.82,0.0706,Media-baja
7292,1998-11-22,1998,11,13912,M,23,OWNER,11317,Extracto mensual,50,Svitavy,east Bohemia,102609,8187.0,5.0,2123.0,C,Vigente,"En curso, al dia",317460.0,60,5291.0,312169.0,1,64978.17,0.0814,Media-baja
7294,1998-09-27,1998,9,13923,F,19,OWNER,11327,Extracto mensual,7,Melnik,central Bohemia,94725,9920.0,2.0,4289.0,C,Vigente,"En curso, al dia",39168.0,24,1632.0,34272.0,3,55438.81,0.0294,Baja
7295,1998-07-18,1998,7,13924,F,46,OWNER,11328,Extracto mensual,54,Brno - mesto,south Moravia,387570,9897.0,2.0,18721.0,C,Vigente,"En curso, al dia",280440.0,60,4674.0,257070.0,5,38619.08,0.121,Media-alta
7304,1995-10-29,1995,10,13955,F,53,OWNER,11349,Extracto semanal,1,Hl.m. Praha,Prague,1204953,12541.0,0.0,85677.0,C,Vigente,"En curso, al dia",419880.0,60,6998.0,153956.0,38,59352.67,0.1179,Media-alta
7305,1996-08-06,1996,8,13968,M,30,OWNER,11359,Extracto mensual,61,Trebic,south Moravia,117897,8814.0,5.0,2112.0,A,Cerrado,Pagado sin problemas,54024.0,12,4502.0,0.0,28,36480.24,0.1234,Alta
7308,1996-12-27,1996,12,13971,F,36,OWNER,11362,Extracto mensual,67,Bruntal,north Moravia,106054,8110.0,6.0,3244.0,A,Cerrado,Pagado sin problemas,129408.0,24,5392.0,0.0,24,30870.02,0.1747,Alta
