id_cuenta,id_cliente,sexo,edad_corte,region,macro_region,segmento_edad,arquetipo,salario_promedio,tasa_desempleo,meses_vida,deposito_mensual,retiro_mensual,saldo_promedio,sanciones_sobregiro,calificacion_pago
1,1,F,28,south Bohemia,Bohemia,Joven (<30),Bohemia - Joven (<30),8968.0,3.0,45.27,567.7,1815.55,15994.08,0,Sin evaluar
2,2,M,53,Prague,Praga,Adulto Mayor (>50),Praga - Adulto Mayor (>50),12541.0,0.0,70.11,690.34,14266.75,36540.78,0,Buen Pagador
3,4,M,42,central Bohemia,Bohemia,Adulto (30-50),Bohemia - Adulto (30-50),9307.0,4.0,17.81,9600.73,3186.97,26973.53,0,Sin evaluar
4,6,M,79,central Bohemia,Bohemia,Adulto Mayor (>50),Bohemia - Adulto Mayor (>50),8754.0,4.0,34.3,23.32,1731.49,21753.53,0,Sin evaluar
5,7,M,69,south Bohemia,Bohemia,Adulto Mayor (>50),Bohemia - Adulto Mayor (>50),9045.0,3.0,19.06,31.48,1670.51,25090.02,0,Sin evaluar
6,8,F,60,east Bohemia,Bohemia,Adulto Mayor (>50),Bohemia - Adulto Mayor (>50),8541.0,3.0,51.12,17.61,2219.09,34547.35,0,Sin evaluar
7,9,M,63,south Moravia,Moravia,Adulto Mayor (>50),Moravia - Adulto Mayor (>50),8441.0,3.0,25.2,24752.98,18173.81,62598.6,0,Sin evaluar
8,10,M,55,south Moravia,Moravia,Adulto Mayor (>50),Moravia - Adulto Mayor (>50),8720.0,4.0,39.33,22504.04,12713.45,46819.43,0,Sin evaluar
9,12,M,17,north Bohemia,Bohemia,Joven (<30),Bohemia - Joven (<30),9317.0,6.0,71.1,4958.61,4715.89,26625.31,0,Sin evaluar
10,13,F,24,south Moravia,Moravia,Joven (<30),Moravia - Joven (<30),9897.0,2.0,28.09,19381.38,11696.69,47792.21,0,Sin evaluar
11,14,F,56,north Moravia,Moravia,Adulto Mayor (>50),Moravia - Adulto Mayor (>50),8369.0,5.0,38.7,7.75,1094.06,27834.63,0,Sin evaluar
12,15,F,80,south Bohemia,Bohemia,Adulto Mayor (>50),Bohemia - Adulto Mayor (>50),9104.0,2.0,20.53,53.58,2007.79,20142.7,0,Sin evaluar
13,17,M,64,north Moravia,Moravia,Adulto Mayor (>50),Moravia - Adulto Mayor (>50),8369.0,5.0,16.46,60.75,4280.07,15120.55,0,Sin evaluar
14,19,M,56,east Bohemia,Bohemia,Adulto Mayor (>50),Bohemia - Adulto Mayor (>50),9538.0,2.0,25.1,16272.71,11450.2,39603.73,0,Sin evaluar
15,20,M,19,east Bohemia,Bohemia,Joven (<30),Bohemia - Joven (<30),8369.0,2.0,62.95,18720.54,15234.0,38645.3,0,Sin evaluar
16,21,F,46,central Bohemia,Bohemia,Adulto (30-50),Bohemia - Adulto (30-50),8754.0,4.0,15.24,22682.28,20606.3,29600.77,0,Sin evaluar
17,22,F,29,Prague,Praga,Joven (<30),Praga - Joven (<30),12541.0,0.0,23.72,10592.07,6302.99,50791.65,0,Sin evaluar
18,24,F,59,east Bohemia,Bohemia,Adulto Mayor (>50),Bohemia - Adulto Mayor (>50),9425.0,2.0,67.19,28175.74,27115.94,52267.48,0,Sin evaluar
19,25,F,59,south Bohemia,Bohemia,Adulto Mayor (>50),Bohemia - Adulto Mayor (>50),9104.0,2.0,44.81,1022.09,6259.63,16253.07,8,Mal Pagador
20,26,F,29,north Moravia,Moravia,Joven (<30),Moravia - Joven (<30),10673.0,5.0,28.22,17.72,712.97,15604.12,0,Sin evaluar
21,27,F,32,south Moravia,Moravia,Adulto (30-50),Moravia - Adulto (30-50),9897.0,2.0,12.81,13584.62,5152.22,35286.29,0,Sin evaluar
22,28,M,53,Prague,Praga,Adulto Mayor (>50),Praga - Adulto Mayor (>50),12541.0,0.0,57.3,18457.78,12230.37,40694.51,0,Sin evaluar
23,29,F,47,west Bohemia,Bohemia,Adulto (30-50),Bohemia - Adulto (30-50),9650.0,3.0,67.32,24126.92,17757.58,52316.2,0,Sin evaluar
24,30,F,41,north Moravia,Moravia,Adulto (30-50),Moravia - Adulto (30-50),10673.0,5.0,24.84,14169.48,6758.45,27687.62,0,Sin evaluar
25,31,M,36,north Moravia,Moravia,Adulto (30-50),Moravia - Adulto (30-50),9893.0,4.0,29.11,51122.36,41740.23,56279.24,0,Buen Pagador
26,32,M,18,east Bohemia,Bohemia,Joven (<30),Bohemia - Joven (<30),8363.0,3.0,64.76,50.96,16762.46,32862.66,0,Sin evaluar
27,33,F,50,north Moravia,Moravia,Adulto Mayor (>50),Moravia - Adulto Mayor (>50),8746.0,3.0,63.15,9696.66,5548.69,22750.4,0,Sin evaluar
29,36,F,20,central Bohemia,Bohemia,Joven (<30),Bohemia - Joven (<30),9920.0,2.0,49.22,19407.21,11856.16,32130.41,0,Sin evaluar
30,38,F,25,north Bohemia,Bohemia,Joven (<30),Bohemia - Joven (<30),9198.0,3.0,45.93,49961.94,49166.04,56750.23,0,Sin evaluar
31,39,M,30,north Moravia,Moravia,Adulto (30-50),Moravia - Adulto (30-50),9893.0,4.0,56.15,51627.66,41953.61,57445.59,0,Sin evaluar
32,40,F,41,central Bohemia,Bohemia,Adulto (30-50),Bohemia - Adulto (30-50),9307.0,4.0,40.11,18093.69,16058.34,55656.97,0,Sin evaluar
33,41,M,30,west Bohemia,Bohemia,Adulto (30-50),Bohemia - Adulto (30-50),8620.0,1.0,64.16,25753.44,19761.53,72337.56,0,Sin evaluar
34,42,M,63,north Moravia,Moravia,Adulto Mayor (>50),Moravia - Adulto Mayor (>50),9893.0,4.0,63.44,9.46,27638.27,53975.89,0,Sin evaluar
35,43,M,78,north Moravia,Moravia,Adulto Mayor (>50),Moravia - Adulto Mayor (>50),8819.0,5.0,65.81,9.12,2922.2,19932.32,0,Sin evaluar
36,44,F,21,north Bohemia,Bohemia,Joven (<30),Bohemia - Joven (<30),8965.0,7.0,66.0,21574.52,16723.64,44958.03,0,Sin evaluar
37,45,M,46,south Bohemia,Bohemia,Adulto (30-50),Bohemia - Adulto (30-50),8547.0,3.0,16.43,30097.02,22863.97,37547.48,1,Sin evaluar
38,46,F,58,south Bohemia,Bohemia,Adulto Mayor (>50),Bohemia - Adulto Mayor (>50),8402.0,3.0,16.76,2965.39,9326.91,34462.38,0,Sin evaluar
39,47,M,64,north Moravia,Moravia,Adulto Mayor (>50),Moravia - Adulto Mayor (>50),8369.0,5.0,63.28,17.38,3381.48,24918.15,0,Sin evaluar
40,48,M,58,south Bohemia,Bohemia,Adulto Mayor (>50),Bohemia - Adulto Mayor (>50),8427.0,1.0,62.19,7385.19,3039.07,23698.27,0,Sin evaluar
41,49,F,39,north Moravia,Moravia,Adulto (30-50),Moravia - Adulto (30-50),8994.0,4.0,16.95,19126.96,13392.33,58751.8,0,Sin evaluar
42,50,F,20,north Bohemia,Bohemia,Joven (<30),Bohemia - Joven (<30),10446.0,7.0,28.48,10787.68,4926.97,29084.14,0,Sin evaluar
43,51,F,19,north Bohemia,Bohemia,Joven (<30),Bohemia - Joven (<30),9198.0,3.0,54.64,26297.22,18068.81,60897.22,0,Sin evaluar
44,52,M,74,north Bohemia,Bohemia,Adulto Mayor (>50),Bohemia - Adulto Mayor (>50),9272.0,3.0,67.71,5.91,1686.75,19124.76,0,Sin evaluar
45,53,M,21,south Moravia,Moravia,Joven (<30),Moravia - Joven (<30),9624.0,2.0,15.93,4892.09,3364.72,27239.8,0,Sin evaluar
47,55,F,50,east Bohemia,Bohemia,Adulto Mayor (>50),Bohemia - Adulto Mayor (>50),8390.0,2.0,64.76,131.25,30634.71,45139.16,0,Sin evaluar
48,56,M,38,south Bohemia,Bohemia,Adulto (30-50),Bohemia - Adulto (30-50),9104.0,2.0,25.43,24730.04,16190.33,49740.44,0,Sin evaluar
49,58,F,71,Prague,Praga,Adulto Mayor (>50),Praga - Adulto Mayor (>50),12541.0,0.0,20.83,14.4,1635.14,15599.06,0,Sin evaluar
50,59,M,41,Prague,Praga,Adulto (30-50),Praga - Adulto (30-50),12541.0,0.0,55.85,17767.77,9717.1,37433.42,0,Sin evaluar
51,60,M,18,north Moravia,Moravia,Joven (<30),Moravia - Joven (<30),8110.0,6.0,31.67,22176.35,15443.64,59944.59,0,Sin evaluar
52,61,F,50,south Bohemia,Bohemia,Adulto Mayor (>50),Bohemia - Adulto Mayor (>50),8427.0,1.0,23.03,47.76,23453.41,39730.83,0,Sin evaluar
53,62,M,66,north Moravia,Moravia,Adulto Mayor (>50),Moravia - Adulto Mayor (>50),8909.0,4.0,42.81,16.35,1419.06,18613.87,0,Sin evaluar
54,63,M,39,central Bohemia,Bohemia,Adulto (30-50),Bohemia - Adulto (30-50),9753.0,5.0,43.99,22.73,823.14,18798.23,0,Sin evaluar
55,64,M,72,south Bohemia,Bohemia,Adulto Mayor (>50),Bohemia - Adulto Mayor (>50),8547.0,3.0,34.37,8.73,1424.5,16824.97,0,Sin evaluar
56,65,F,55,east Bohemia,Bohemia,Adulto Mayor (>50),Bohemia - Adulto Mayor (>50),8187.0,5.0,55.52,16249.73,7913.54,34957.84,0,Sin evaluar
57,66,F,47,Prague,Praga,Adulto (30-50),Praga - Adulto (30-50),12541.0,0.0,43.37,23107.59,18116.21,43838.76,0,Sin evaluar
58,67,F,66,west Bohemia,Bohemia,Adulto Mayor (>50),Bohemia - Adulto Mayor (>50),8843.0,3.0,28.25,21.24,3654.87,12628.88,2,Sin evaluar
59,68,M,52,east Bohemia,Bohemia,Adulto Mayor (>50),Bohemia - Adulto Mayor (>50),9425.0,2.0,57.17,16281.98,8669.23,45484.73,0,Sin evaluar
61,70,M,73,north Moravia,Moravia,Adulto Mayor (>50),Moravia - Adulto Mayor (>50),10177.0,7.0,60.65,11.54,1622.59,19932.36,0,Sin evaluar
62,72,M,75,east Bohemia,Bohemia,Adulto Mayor (>50),Bohemia - Adulto Mayor (>50),9538.0,2.0,69.13,15.91,2783.02,23603.6,0,Sin evaluar
63,73,M,74,west Bohemia,Bohemia,Adulto Mayor (>50),Bohemia - Adulto Mayor (>50),8620.0,1.0,25.46,23.57,1798.51,26384.81,0,Sin evaluar
64,75,F,21,south Moravia,Moravia,Joven (<30),Moravia - Joven (<30),9624.0,2.0,21.68,5403.51,4524.91,24198.57,0,Sin evaluar
65,76,F,31,north Bohemia,Bohemia,Adulto (30-50),Bohemia - Adulto (30-50),9198.0,3.0,26.05,26925.72,17785.03,53423.3,0,Sin evaluar
66,77,F,42,Prague,Praga,Adulto (30-50),Praga - Adulto (30-50),12541.0,0.0,60.91,6.57,47111.02,64825.6,0,Sin evaluar
67,78,F,54,south Bohemia,Bohemia,Adulto Mayor (>50),Bohemia - Adulto Mayor (>50),8427.0,1.0,50.4,134.92,34882.18,56893.41,0,Buen Pagador
68,79,F,29,north Bohemia,Bohemia,Joven (<30),Bohemia - Joven (<30),9065.0,4.0,48.36,186.1,32582.57,65934.17,0,Sin evaluar
69,80,F,19,south Moravia,Moravia,Joven (<30),Moravia - Joven (<30),9624.0,2.0,35.61,7806.82,6131.7,29508.93,0,Sin evaluar
70,81,M,22,central Bohemia,Bohemia,Joven (<30),Bohemia - Joven (<30),11277.0,1.0,46.39,10171.29,5636.99,38459.75,0,Sin evaluar
71,83,F,20,Prague,Praga,Joven (<30),Praga - Joven (<30),12541.0,0.0,57.89,23658.25,17864.92,51627.15,0,Sin evaluar
72,85,M,37,Prague,Praga,Adulto (30-50),Praga - Adulto (30-50),12541.0,0.0,30.36,54311.79,44769.73,55671.1,0,Sin evaluar
73,87,F,52,north Moravia,Moravia,Adulto Mayor (>50),Moravia - Adulto Mayor (>50),8994.0,4.0,61.73,21078.86,12795.4,48022.07,0,Sin evaluar
75,89,F,47,Prague,Praga,Adulto (30-50),Praga - Adulto (30-50),12541.0,0.0,40.61,13581.01,10059.1,24760.17,0,Sin evaluar
76,90,M,23,east Bohemia,Bohemia,Joven (<30),Bohemia - Joven (<30),8363.0,3.0,31.51,9401.62,4420.82,29175.97,0,Sin evaluar
77,91,M,58,south Moravia,Moravia,Adulto Mayor (>50),Moravia - Adulto Mayor (>50),8288.0,4.0,25.36,43.38,17902.68,29181.38,0,Sin evaluar
78,92,F,32,north Moravia,Moravia,Adulto (30-50),Moravia - Adulto (30-50),10673.0,5.0,65.81,19195.82,9778.15,35816.95,0,Sin evaluar
79,93,M,73,central Bohemia,Bohemia,Adulto Mayor (>50),Bohemia - Adulto Mayor (>50),8980.0,2.0,25.03,23.97,1041.95,19563.52,0,Sin evaluar
80,94,M,51,east Bohemia,Bohemia,Adulto Mayor (>50),Bohemia - Adulto Mayor (>50),9425.0,2.0,39.13,23.0,795.04,19465.24,0,Sin evaluar
81,96,M,26,north Moravia,Moravia,Joven (<30),Moravia - Joven (<30),10673.0,5.0,29.44,1467.39,1625.34,26561.59,0,Sin evaluar
82,97,M,33,west Bohemia,Bohemia,Adulto (30-50),Bohemia - Adulto (30-50),10787.0,3.0,55.95,43781.88,42496.91,61863.47,0,Sin evaluar
83,98,F,25,north Bohemia,Bohemia,Joven (<30),Bohemia - Joven (<30),8705.0,6.0,68.5,10498.16,4348.03,24506.53,0,Sin evaluar
84,100,F,56,east Bohemia,Bohemia,Adulto Mayor (>50),Bohemia - Adulto Mayor (>50),8254.0,3.0,36.21,34061.94,19916.6,47136.4,0,Sin evaluar
85,101,M,55,north Moravia,Moravia,Adulto Mayor (>50),Moravia - Adulto Mayor (>50),9893.0,4.0,21.29,8414.8,3016.44,29104.95,0,Sin evaluar
86,102,F,40,north Moravia,Moravia,Adulto (30-50),Moravia - Adulto (30-50),10673.0,5.0,69.82,11.46,985.68,20226.52,0,Sin evaluar
88,105,M,18,west Bohemia,Bohemia,Joven (<30),Bohemia - Joven (<30),8930.0,4.0,29.93,10.02,694.62,19335.36,0,Sin evaluar
89,106,F,30,north Moravia,Moravia,Adulto (30-50),Moravia - Adulto (30-50),9893.0,4.0,15.18,6380.57,3985.51,29212.61,0,Sin evaluar
90,107,M,26,Prague,Praga,Joven (<30),Praga - Joven (<30),12541.0,0.0,53.62,26551.68,17212.23,31181.63,0,Sin evaluar
91,108,M,35,south Bohemia,Bohemia,Adulto (30-50),Bohemia - Adulto (30-50),8114.0,2.0,25.79,10262.16,6942.69,21705.57,4,Sin evaluar
93,110,F,31,central Bohemia,Bohemia,Adulto (30-50),Bohemia - Adulto (30-50),8507.0,2.0,30.62,8425.6,7413.46,26405.22,0,Sin evaluar
95,112,M,63,Prague,Praga,Adulto Mayor (>50),Praga - Adulto Mayor (>50),12541.0,0.0,45.08,26018.61,23143.3,54172.37,0,Sin evaluar
96,114,F,29,north Moravia,Moravia,Joven (<30),Moravia - Joven (<30),10673.0,5.0,70.37,515.84,43242.55,75665.5,0,Sin evaluar
97,116,M,56,north Moravia,Moravia,Adulto Mayor (>50),Moravia - Adulto Mayor (>50),10673.0,5.0,31.87,19939.76,11455.91,39814.63,0,Buen Pagador
98,118,M,76,south Moravia,Moravia,Adulto Mayor (>50),Moravia - Adulto Mayor (>50),8743.0,2.0,19.98,55.06,2123.12,15575.69,0,Sin evaluar
99,120,M,22,Prague,Praga,Joven (<30),Praga - Joven (<30),12541.0,0.0,42.15,29677.86,22809.4,48417.24,0,Sin evaluar
100,121,F,20,north Bohemia,Bohemia,Joven (<30),Bohemia - Joven (<30),9832.0,3.0,60.09,14531.87,6051.92,42188.22,0,Sin evaluar
101,122,F,35,north Bohemia,Bohemia,Adulto (30-50),Bohemia - Adulto (30-50),8867.0,1.0,32.49,20619.88,10893.2,47642.28,0,Sin evaluar
102,123,M,29,central Bohemia,Bohemia,Joven (<30),Bohemia - Joven (<30),9622.0,0.0,62.49,14408.48,11625.54,30807.82,2,Sin evaluar
103,124,M,31,east Bohemia,Bohemia,Adulto (30-50),Bohemia - Adulto (30-50),8254.0,3.0,33.71,25744.47,22454.46,48288.85,8,Sin evaluar
104,125,M,62,north Bohemia,Bohemia,Adulto Mayor (>50),Bohemia - Adulto Mayor (>50),9065.0,4.0,68.53,7.3,830.0,20608.27,0,Sin evaluar
105,127,F,48,south Bohemia,Bohemia,Adulto (30-50),Bohemia - Adulto (30-50),9104.0,2.0,17.71,14276.28,13033.26,30200.63,0,Sin evaluar
106,128,F,25,south Moravia,Moravia,Joven (<30),Moravia - Joven (<30),8288.0,4.0,49.12,19359.36,13446.66,45592.53,0,Sin evaluar
107,129,F,51,south Moravia,Moravia,Adulto Mayor (>50),Moravia - Adulto Mayor (>50),9624.0,2.0,61.83,8776.65,3937.89,32995.53,0,Sin evaluar
108,130,M,56,south Moravia,Moravia,Adulto Mayor (>50),Moravia - Adulto Mayor (>50),8240.0,3.0,45.73,17158.34,11410.89,52509.63,0,Sin evaluar
109,131,F,21,south Moravia,Moravia,Joven (<30),Moravia - Joven (<30),8240.0,3.0,20.37,5885.47,3789.89,34065.26,0,Sin evaluar
110,132,M,45,north Bohemia,Bohemia,Adulto (30-50),Bohemia - Adulto (30-50),9198.0,3.0,29.47,25310.38,17468.61,45365.33,0,Sin evaluar
112,134,M,66,central Bohemia,Bohemia,Adulto Mayor (>50),Bohemia - Adulto Mayor (>50),8546.0,3.0,69.65,2.87,4051.4,24899.38,0,Sin evaluar
113,136,F,77,south Moravia,Moravia,Adulto Mayor (>50),Moravia - Adulto Mayor (>50),8743.0,2.0,29.31,20.47,2845.45,20808.89,0,Sin evaluar
114,137,M,75,south Moravia,Moravia,Adulto Mayor (>50),Moravia - Adulto Mayor (>50),8441.0,3.0,21.59,23.16,1392.77,20649.59,0,Sin evaluar
115,138,F,26,south Moravia,Moravia,Joven (<30),Moravia - Joven (<30),9897.0,2.0,69.42,9011.54,3238.26,32952.45,0,Sin evaluar
116,139,F,39,central Bohemia,Bohemia,Adulto (30-50),Bohemia - Adulto (30-50),11277.0,1.0,33.35,25059.4,18202.7,35364.65,0,Sin evaluar
117,141,M,73,west Bohemia,Bohemia,Adulto Mayor (>50),Bohemia - Adulto Mayor (>50),8930.0,4.0,63.84,14.1,2549.5,21606.0,0,Sin evaluar
118,142,M,61,north Moravia,Moravia,Adulto Mayor (>50),Moravia - Adulto Mayor (>50),9893.0,4.0,15.41,1635.3,1810.51,27678.08,0,Sin evaluar
119,143,M,20,west Bohemia,Bohemia,Joven (<30),Bohemia - Joven (<30),8561.0,1.0,67.22,23387.85,15083.31,39911.21,0,Sin evaluar
120,144,M,40,south Moravia,Moravia,Adulto (30-50),Moravia - Adulto (30-50),8403.0,6.0,42.51,25163.0,20964.95,45758.21,0,Sin evaluar
121,145,M,20,south Moravia,Moravia,Joven (<30),Moravia - Joven (<30),8743.0,2.0,14.65,1829.35,1350.17,27489.52,0,Sin evaluar
122,146,F,37,west Bohemia,Bohemia,Adulto (30-50),Bohemia - Adulto (30-50),8930.0,4.0,26.02,24790.81,22763.26,55008.65,0,Sin evaluar
123,147,F,65,south Bohemia,Bohemia,Adulto Mayor (>50),Bohemia - Adulto Mayor (>50),9104.0,2.0,69.62,2.87,1702.82,17649.03,0,Sin evaluar
124,149,M,50,south Moravia,Moravia,Adulto Mayor (>50),Moravia - Adulto Mayor (>50),8743.0,2.0,12.09,1224.15,1930.52,17890.73,0,Sin evaluar
125,150,F,18,central Bohemia,Bohemia,Joven (<30),Bohemia - Joven (<30),8507.0,2.0,27.76,35254.65,33016.71,48176.63,0,Sin evaluar
126,151,F,27,east Bohemia,Bohemia,Joven (<30),Bohemia - Joven (<30),8541.0,3.0,62.26,25674.51,18370.54,44559.35,0,Sin evaluar
127,152,F,53,west Bohemia,Bohemia,Adulto Mayor (>50),Bohemia - Adulto Mayor (>50),8843.0,3.0,58.91,10.19,1034.63,15760.39,0,Sin evaluar
128,153,F,17,central Bohemia,Bohemia,Joven (<30),Bohemia - Joven (<30),8598.0,3.0,70.34,6140.83,4215.24,43410.67,0,Sin evaluar
129,154,M,65,north Moravia,Moravia,Adulto Mayor (>50),Moravia - Adulto Mayor (>50),10673.0,5.0,14.98,40.05,3517.36,21630.48,0,Sin evaluar
130,156,F,68,south Moravia,Moravia,Adulto Mayor (>50),Moravia - Adulto Mayor (>50),9897.0,2.0,22.57,13.29,2455.47,26258.51,0,Sin evaluar
131,157,F,55,east Bohemia,Bohemia,Adulto Mayor (>50),Bohemia - Adulto Mayor (>50),8363.0,3.0,42.61,11530.91,4618.63,25011.85,0,Sin evaluar
132,158,F,53,north Bohemia,Bohemia,Adulto Mayor (>50),Bohemia - Adulto Mayor (>50),9317.0,6.0,31.67,40377.99,36370.6,52603.12,0,Buen Pagador
133,160,F,56,south Moravia,Moravia,Adulto Mayor (>50),Moravia - Adulto Mayor (>50),9624.0,2.0,14.65,47210.78,35253.04,49742.03,0,Sin evaluar
134,161,F,55,north Bohemia,Bohemia,Adulto Mayor (>50),Bohemia - Adulto Mayor (>50),9675.0,6.0,12.68,10946.53,7318.61,36312.21,0,Sin evaluar
135,162,M,57,south Moravia,Moravia,Adulto Mayor (>50),Moravia - Adulto Mayor (>50),8403.0,6.0,66.53,5970.86,5012.78,40000.69,0,Sin evaluar
136,163,M,65,north Moravia,Moravia,Adulto Mayor (>50),Moravia - Adulto Mayor (>50),10673.0,5.0,31.57,19.01,3077.29,20929.48,0,Sin evaluar
137,164,F,36,north Moravia,Moravia,Adulto (30-50),Moravia - Adulto (30-50),10177.0,7.0,29.4,24897.48,19847.62,37759.46,0,Sin evaluar
138,165,M,30,west Bohemia,Bohemia,Adulto (30-50),Bohemia - Adulto (30-50),8620.0,1.0,39.39,954.56,416.35,15608.33,0,Sin evaluar
139,167,F,20,north Bohemia,Bohemia,Joven (<30),Bohemia - Joven (<30),8965.0,7.0,19.55,51.15,32716.27,58606.57,0,Sin evaluar
140,168,F,22,west Bohemia,Bohemia,Joven (<30),Bohemia - Joven (<30),8991.0,1.0,30.19,6117.82,4730.04,36272.0,0,Sin evaluar
141,169,M,45,north Bohemia,Bohemia,Adulto (30-50),Bohemia - Adulto (30-50),8965.0,7.0,33.84,26.6,21128.84,36935.94,0,Sin evaluar
142,171,M,69,east Bohemia,Bohemia,Adulto Mayor (>50),Bohemia - Adulto Mayor (>50),8541.0,3.0,70.47,12.77,2564.5,22251.62,0,Sin evaluar
143,173,F,80,south Bohemia,Bohemia,Adulto Mayor (>50),Bohemia - Adulto Mayor (>50),9104.0,2.0,25.1,19.92,2163.35,17934.61,0,Sin evaluar
144,174,M,20,central Bohemia,Bohemia,Joven (<30),Bohemia - Joven (<30),10124.0,1.0,20.93,38442.19,34316.77,53206.25,1,Sin evaluar
145,175,M,38,west Bohemia,Bohemia,Adulto (30-50),Bohemia - Adulto (30-50),8930.0,4.0,35.91,9863.38,3998.89,43671.19,0,Sin evaluar
146,176,M,69,central Bohemia,Bohemia,Adulto Mayor (>50),Bohemia - Adulto Mayor (>50),9753.0,5.0,63.93,7.82,2257.31,22958.24,0,Sin evaluar
148,178,M,38,central Bohemia,Bohemia,Adulto (30-50),Bohemia - Adulto (30-50),11277.0,1.0,66.33,7.54,977.99,17584.51,0,Sin evaluar
149,179,M,18,east Bohemia,Bohemia,Joven (<30),Bohemia - Joven (<30),9425.0,2.0,13.47,6421.9,2550.11,36291.26,0,Sin evaluar
150,180,M,16,north Moravia,Moravia,Joven (<30),Moravia - Joven (<30),8746.0,3.0,45.54,6036.3,5746.6,39392.95,0,Sin evaluar
151,181,M,31,north Moravia,Moravia,Adulto (30-50),Moravia - Adulto (30-50),8369.0,5.0,63.8,5777.84,2563.01,19095.84,0,Sin evaluar
152,183,F,20,Prague,Praga,Joven (<30),Praga - Joven (<30),12541.0,0.0,32.62,6358.61,2921.52,19915.86,0,Sin evaluar
153,185,M,44,north Moravia,Moravia,Adulto (30-50),Moravia - Adulto (30-50),8909.0,4.0,63.38,119.91,10465.84,27760.5,0,Sin evaluar
154,186,F,37,east Bohemia,Bohemia,Adulto (30-50),Bohemia - Adulto (30-50),8369.0,2.0,54.34,15291.61,10296.28,53880.91,0,Sin evaluar
155,187,M,56,south Moravia,Moravia,Adulto Mayor (>50),Moravia - Adulto Mayor (>50),8757.0,3.0,37.78,6298.25,3256.75,25613.39,0,Sin evaluar
156,188,M,38,south Moravia,Moravia,Adulto (30-50),Moravia - Adulto (30-50),9624.0,2.0,14.29,69.98,1095.17,15670.02,0,Sin evaluar
157,189,M,79,central Bohemia,Bohemia,Adulto Mayor (>50),Bohemia - Adulto Mayor (>50),9622.0,0.0,21.13,9.47,2136.77,23814.25,0,Sin evaluar
158,190,F,51,north Bohemia,Bohemia,Adulto Mayor (>50),Bohemia - Adulto Mayor (>50),9065.0,4.0,45.57,26411.06,23113.01,43642.6,0,Sin evaluar
159,192,M,27,north Moravia,Moravia,Joven (<30),Moravia - Joven (<30),10177.0,7.0,22.6,23601.59,12300.88,48505.82,0,Sin evaluar
160,193,M,36,Prague,Praga,Adulto (30-50),Praga - Adulto (30-50),12541.0,0.0,63.87,14629.58,6659.78,53673.34,0,Sin evaluar
161,194,F,74,west Bohemia,Bohemia,Adulto Mayor (>50),Bohemia - Adulto Mayor (>50),8594.0,2.0,53.91,16.69,2145.8,20418.71,0,Sin evaluar
162,195,M,79,north Moravia,Moravia,Adulto Mayor (>50),Moravia - Adulto Mayor (>50),10673.0,5.0,64.2,3.12,1691.12,26178.89,0,Sin evaluar
163,197,M,65,west Bohemia,Bohemia,Adulto Mayor (>50),Bohemia - Adulto Mayor (>50),9650.0,3.0,71.1,12.66,2753.16,27620.76,0,Sin evaluar
164,198,M,22,south Moravia,Moravia,Joven (<30),Moravia - Joven (<30),8441.0,3.0,27.56,5577.1,4510.16,26588.59,0,Sin evaluar
165,199,M,75,west Bohemia,Bohemia,Adulto Mayor (>50),Bohemia - Adulto Mayor (>50),8843.0,3.0,66.99,14.93,4427.23,32643.99,0,Sin evaluar
166,201,F,68,south Bohemia,Bohemia,Adulto Mayor (>50),Bohemia - Adulto Mayor (>50),8114.0,2.0,28.35,28.22,1268.08,24419.13,0,Sin evaluar
167,202,F,22,west Bohemia,Bohemia,Joven (<30),Bohemia - Joven (<30),8843.0,3.0,34.14,40898.77,39467.6,65461.58,0,Sin evaluar
168,203,M,36,west Bohemia,Bohemia,Adulto (30-50),Bohemia - Adulto (30-50),8930.0,4.0,68.14,7.34,950.98,17309.82,0,Sin evaluar
169,205,F,56,central Bohemia,Bohemia,Adulto Mayor (>50),Bohemia - Adulto Mayor (>50),9753.0,5.0,39.1,14134.53,8289.0,52138.62,0,Sin evaluar
170,206,F,35,south Moravia,Moravia,Adulto (30-50),Moravia - Adulto (30-50),8444.0,3.0,29.96,18786.55,17096.13,48522.92,0,Sin evaluar
171,207,M,66,east Bohemia,Bohemia,Adulto Mayor (>50),Bohemia - Adulto Mayor (>50),8369.0,2.0,30.75,16.26,2560.98,19808.85,0,Sin evaluar
172,208,F,58,central Bohemia,Bohemia,Adulto Mayor (>50),Bohemia - Adulto Mayor (>50),8598.0,3.0,64.03,24403.26,19563.64,45636.99,0,Sin evaluar
173,210,M,59,south Moravia,Moravia,Adulto Mayor (>50),Moravia - Adulto Mayor (>50),8512.0,4.0,61.14,21493.62,10834.81,37433.91,0,Buen Pagador
174,212,M,23,east Bohemia,Bohemia,Joven (<30),Bohemia - Joven (<30),8363.0,3.0,27.86,32.3,956.93,15298.26,0,Sin evaluar
176,215,M,31,north Moravia,Moravia,Adulto (30-50),Moravia - Adulto (30-50),8678.0,6.0,28.62,51555.42,43993.26,49256.14,0,Buen Pagador
177,216,M,38,Prague,Praga,Adulto (30-50),Praga - Adulto (30-50),12541.0,0.0,15.15,21321.78,17359.74,45481.31,0,Sin evaluar
178,217,F,24,south Moravia,Moravia,Joven (<30),Moravia - Joven (<30),8444.0,3.0,15.8,63.29,592.41,13331.34,0,Sin evaluar
179,218,F,18,Prague,Praga,Joven (<30),Praga - Joven (<30),12541.0,0.0,15.28,41907.4,29321.07,53200.08,0,Sin evaluar
180,219,F,34,south Moravia,Moravia,Adulto (30-50),Moravia - Adulto (30-50),8441.0,3.0,60.55,1861.27,25829.64,49759.63,3,Sin evaluar
181,221,F,21,south Bohemia,Bohemia,Joven (<30),Bohemia - Joven (<30),9104.0,2.0,30.65,11967.05,4150.08,35269.3,0,Sin evaluar
182,222,F,26,east Bohemia,Bohemia,Joven (<30),Bohemia - Joven (<30),9538.0,2.0,28.22,698.09,343.73,11966.67,0,Sin evaluar
183,223,F,46,east Bohemia,Bohemia,Adulto (30-50),Bohemia - Adulto (30-50),9425.0,2.0,60.62,15874.79,9747.61,35486.01,0,Sin evaluar
184,224,M,43,north Moravia,Moravia,Adulto (30-50),Moravia - Adulto (30-50),8909.0,4.0,34.3,21302.97,19513.12,46222.42,0,Sin evaluar
185,225,M,62,north Bohemia,Bohemia,Adulto Mayor (>50),Bohemia - Adulto Mayor (>50),9272.0,3.0,17.91,20994.03,12311.56,53162.89,0,Sin evaluar
186,226,M,56,Prague,Praga,Adulto Mayor (>50),Praga - Adulto Mayor (>50),12541.0,0.0,65.08,39759.68,32616.87,66521.72,0,Sin evaluar
187,227,F,72,east Bohemia,Bohemia,Adulto Mayor (>50),Bohemia - Adulto Mayor (>50),8363.0,3.0,69.13,2.89,1293.65,17630.6,0,Sin evaluar
188,228,F,42,east Bohemia,Bohemia,Adulto (30-50),Bohemia - Adulto (30-50),9060.0,2.0,68.37,21095.04,13014.77,56413.68,0,Sin evaluar
189,229,M,29,north Moravia,Moravia,Joven (<30),Moravia - Joven (<30),8369.0,5.0,20.5,22621.46,15120.0,45002.87,0,Sin evaluar
190,230,F,31,north Moravia,Moravia,Adulto (30-50),Moravia - Adulto (30-50),10673.0,5.0,46.0,19371.74,9876.09,32975.64,0,Sin evaluar
191,231,M,57,north Bohemia,Bohemia,Adulto Mayor (>50),Bohemia - Adulto Mayor (>50),9832.0,3.0,21.49,27.92,43225.78,60468.9,0,Sin evaluar
192,232,F,77,south Moravia,Moravia,Adulto Mayor (>50),Moravia - Adulto Mayor (>50),8743.0,2.0,71.72,4.18,2123.26,26035.75,0,Sin evaluar
193,233,F,40,north Moravia,Moravia,Adulto (30-50),Moravia - Adulto (30-50),8173.0,5.83,24.28,11878.75,5069.19,24383.26,0,Sin evaluar
194,235,F,55,east Bohemia,Bohemia,Adulto Mayor (>50),Bohemia - Adulto Mayor (>50),8254.0,3.0,28.98,1300.9,2294.69,26973.26,0,Sin evaluar
195,236,M,37,north Moravia,Moravia,Adulto (30-50),Moravia - Adulto (30-50),10177.0,7.0,22.08,16050.0,8727.36,38871.89,0,Sin evaluar
196,238,F,37,central Bohemia,Bohemia,Adulto (30-50),Bohemia - Adulto (30-50),8546.0,3.0,61.54,14711.37,4658.76,49601.3,0,Sin evaluar
197,239,F,24,Prague,Praga,Joven (<30),Praga - Joven (<30),12541.0,0.0,70.14,23598.06,14105.22,42000.84,0,Sin evaluar
198,240,F,69,north Bohemia,Bohemia,Adulto Mayor (>50),Bohemia - Adulto Mayor (>50),9675.0,6.0,62.19,14.47,1371.28,21220.65,0,Sin evaluar
199,241,M,39,north Moravia,Moravia,Adulto (30-50),Moravia - Adulto (30-50),10177.0,7.0,26.15,26.77,352.2,21014.92,0,Sin evaluar
200,242,F,37,south Bohemia,Bohemia,Adulto (30-50),Bohemia - Adulto (30-50),8114.0,2.0,53.95,10309.9,7812.79,68127.96,0,Sin evaluar
201,243,M,44,south Moravia,Moravia,Adulto (30-50),Moravia - Adulto (30-50),8288.0,4.0,49.94,17477.03,7891.47,34994.01,0,Sin evaluar
204,246,F,28,north Moravia,Moravia,Joven (<30),Moravia - Joven (<30),8110.0,6.0,35.58,16.86,540.47,17153.36,0,Sin evaluar
205,247,M,41,Prague,Praga,Adulto (30-50),Praga - Adulto (30-50),12541.0,0.0,14.75,8912.47,3069.83,35806.04,0,Sin evaluar
206,248,F,29,south Moravia,Moravia,Joven (<30),Moravia - Joven (<30),8814.0,5.0,44.78,6491.76,3208.58,26727.88,0,Sin evaluar
207,250,F,19,central Bohemia,Bohemia,Joven (<30),Bohemia - Joven (<30),11277.0,1.0,65.22,6387.96,3178.47,22454.23,0,Sin evaluar
208,251,F,22,south Moravia,Moravia,Joven (<30),Moravia - Joven (<30),9897.0,2.0,33.15,16499.43,9529.41,34084.47,0,Sin evaluar
209,252,F,29,north Bohemia,Bohemia,Joven (<30),Bohemia - Joven (<30),9065.0,4.0,25.2,1666.67,1532.54,23741.01,0,Sin evaluar
210,253,F,51,east Bohemia,Bohemia,Adulto Mayor (>50),Bohemia - Adulto Mayor (>50),9060.0,2.0,33.48,18201.64,11119.47,29675.12,0,Sin evaluar
211,254,M,35,west Bohemia,Bohemia,Adulto (30-50),Bohemia - Adulto (30-50),8594.0,2.0,17.41,42358.93,38681.79,75988.22,0,Sin evaluar
212,255,F,47,west Bohemia,Bohemia,Adulto (30-50),Bohemia - Adulto (30-50),8561.0,1.0,71.33,281.79,39761.1,58325.04,0,Sin evaluar
213,256,F,35,north Moravia,Moravia,Adulto (30-50),Moravia - Adulto (30-50),8746.0,3.0,40.08,26368.06,20054.89,51679.3,0,Sin evaluar
214,257,F,56,west Bohemia,Bohemia,Adulto Mayor (>50),Bohemia - Adulto Mayor (>50),8620.0,1.0,21.75,22.99,762.3,13476.96,0,Sin evaluar
215,259,M,32,west Bohemia,Bohemia,Adulto (30-50),Bohemia - Adulto (30-50),8930.0,4.0,13.17,75.93,653.76,14534.02,0,Sin evaluar
216,261,F,61,north Bohemia,Bohemia,Adulto Mayor (>50),Bohemia - Adulto Mayor (>50),8965.0,7.0,55.52,9.01,3396.43,25681.68,0,Sin evaluar
217,262,M,53,north Moravia,Moravia,Adulto Mayor (>50),Moravia - Adulto Mayor (>50),8909.0,4.0,47.34,12052.72,8567.81,25752.57,0,Sin evaluar
218,263,M,36,north Moravia,Moravia,Adulto (30-50),Moravia - Adulto (30-50),9893.0,4.0,34.79,52197.67,51648.84,50781.88,3,Sin evaluar
219,264,M,20,west Bohemia,Bohemia,Joven (<30),Bohemia - Joven (<30),8594.0,2.0,39.82,19064.67,13334.51,54036.63,0,Sin evaluar
220,265,F,65,north Moravia,Moravia,Adulto Mayor (>50),Moravia - Adulto Mayor (>50),8994.0,4.0,68.73,5.82,1984.43,19962.82,0,Sin evaluar
221,266,F,31,south Bohemia,Bohemia,Adulto (30-50),Bohemia - Adulto (30-50),8402.0,3.0,26.02,23572.98,14800.15,42831.71,0,Sin evaluar
222,267,M,31,north Bohemia,Bohemia,Adulto (30-50),Bohemia - Adulto (30-50),9065.0,4.0,69.55,31.63,36419.55,54980.81,0,Sin evaluar
223,268,F,16,north Bohemia,Bohemia,Joven (<30),Bohemia - Joven (<30),10446.0,7.0,42.61,7484.14,6181.65,37356.45,0,Sin evaluar
224,269,F,75,south Bohemia,Bohemia,Adulto Mayor (>50),Bohemia - Adulto Mayor (>50),9045.0,3.0,26.12,42.11,2151.99,18627.07,0,Sin evaluar
225,270,M,51,east Bohemia,Bohemia,Adulto Mayor (>50),Bohemia - Adulto Mayor (>50),8369.0,2.0,65.12,8498.14,4093.67,37172.83,0,Sin evaluar
226,272,F,54,north Moravia,Moravia,Adulto Mayor (>50),Moravia - Adulto Mayor (>50),10177.0,7.0,22.21,21824.13,9644.3,49699.02,0,Sin evaluar
227,273,F,26,west Bohemia,Bohemia,Joven (<30),Bohemia - Joven (<30),8561.0,1.0,45.14,15.51,38526.69,48098.79,0,Sin evaluar
228,274,F,28,south Bohemia,Bohemia,Joven (<30),Bohemia - Joven (<30),8114.0,2.0,63.08,23481.88,18784.08,41301.86,0,Sin evaluar
229,275,F,80,Prague,Praga,Adulto Mayor (>50),Praga - Adulto Mayor (>50),12541.0,0.0,18.79,58.54,2386.91,20885.11,0,Sin evaluar
230,276,M,41,Prague,Praga,Adulto (30-50),Praga - Adulto (30-50),12541.0,0.0,34.14,19066.9,11632.1,37089.09,0,Sin evaluar
231,278,F,26,west Bohemia,Bohemia,Joven (<30),Bohemia - Joven (<30),8620.0,1.0,44.94,20.03,911.66,16568.84,0,Sin evaluar
232,280,F,29,east Bohemia,Bohemia,Joven (<30),Bohemia - Joven (<30),8390.0,2.0,13.04,25158.9,16320.55,50509.7,0,Sin evaluar
234,282,F,60,north Moravia,Moravia,Adulto Mayor (>50),Moravia - Adulto Mayor (>50),8746.0,3.0,65.54,7.63,3009.46,16960.35,0,Sin evaluar
235,284,M,24,central Bohemia,Bohemia,Joven (<30),Bohemia - Joven (<30),10124.0,1.0,62.82,15.92,1074.98,20774.41,0,Sin evaluar
236,285,M,44,north Moravia,Moravia,Adulto (30-50),Moravia - Adulto (30-50),8994.0,4.0,33.51,1184.72,796.78,16650.0,0,Sin evaluar
237,287,M,18,east Bohemia,Bohemia,Joven (<30),Bohemia - Joven (<30),8187.0,5.0,57.23,15.73,937.62,14020.76,0,Sin evaluar
238,288,M,36,central Bohemia,Bohemia,Adulto (30-50),Bohemia - Adulto (30-50),8546.0,3.0,64.53,7.75,1047.42,16704.8,0,Sin evaluar
239,289,M,40,south Moravia,Moravia,Adulto (30-50),Moravia - Adulto (30-50),9897.0,2.0,70.01,35930.67,28946.28,56790.66,0,Sin evaluar
240,290,M,39,north Moravia,Moravia,Adulto (30-50),Moravia - Adulto (30-50),8994.0,4.0,20.11,24738.14,16343.11,35963.84,0,Sin evaluar
241,292,F,40,south Bohemia,Bohemia,Adulto (30-50),Bohemia - Adulto (30-50),9045.0,3.0,27.04,1479.29,1825.81,27634.72,0,Sin evaluar
242,293,M,55,north Moravia,Moravia,Adulto Mayor (>50),Moravia - Adulto Mayor (>50),8173.0,5.83,28.06,25432.75,20259.44,34692.61,0,Sin evaluar
243,294,M,30,south Moravia,Moravia,Adulto (30-50),Moravia - Adulto (30-50),8757.0,3.0,61.8,39785.15,36970.76,55187.64,0,Sin evaluar
244,295,M,59,central Bohemia,Bohemia,Adulto Mayor (>50),Bohemia - Adulto Mayor (>50),8754.0,4.0,70.7,1168.32,1931.97,39882.72,0,Sin evaluar
245,296,M,24,south Moravia,Moravia,Joven (<30),Moravia - Joven (<30),8403.0,6.0,61.17,26298.46,25697.78,39687.97,3,Sin evaluar
246,297,F,74,south Moravia,Moravia,Adulto Mayor (>50),Moravia - Adulto Mayor (>50),8403.0,6.0,12.35,56.68,1940.08,13092.78,0,Sin evaluar
248,300,F,41,Prague,Praga,Adulto (30-50),Praga - Adulto (30-50),12541.0,0.0,44.98,15.56,26440.06,40076.23,0,Sin evaluar
249,301,M,56,west Bohemia,Bohemia,Adulto Mayor (>50),Bohemia - Adulto Mayor (>50),8594.0,2.0,24.9,19506.43,12521.29,34107.03,0,Sin evaluar
250,302,M,27,south Moravia,Moravia,Joven (<30),Moravia - Joven (<30),8772.0,5.0,19.71,7429.17,2775.24,39411.2,0,Sin evaluar
251,303,M,52,north Moravia,Moravia,Adulto Mayor (>50),Moravia - Adulto Mayor (>50),10673.0,5.0,32.82,10909.66,7280.93,40080.15,0,Sin evaluar
252,304,F,64,south Bohemia,Bohemia,Adulto Mayor (>50),Bohemia - Adulto Mayor (>50),8402.0,3.0,24.15,41.41,2370.6,38602.77,0,Sin evaluar
253,305,M,60,east Bohemia,Bohemia,Adulto Mayor (>50),Bohemia - Adulto Mayor (>50),8369.0,2.0,36.86,24542.0,21275.09,60816.12,1,Sin evaluar
255,308,F,22,north Moravia,Moravia,Joven (<30),Moravia - Joven (<30),9893.0,4.0,25.89,34.76,34059.68,50203.08,0,Sin evaluar
256,309,F,29,north Bohemia,Bohemia,Joven (<30),Bohemia - Joven (<30),9065.0,4.0,43.6,20463.76,19713.3,45544.37,0,Sin evaluar
257,310,M,48,central Bohemia,Bohemia,Adulto (30-50),Bohemia - Adulto (30-50),9622.0,0.0,37.85,21452.73,12053.58,38104.78,0,Sin evaluar
258,311,F,68,south Moravia,Moravia,Adulto Mayor (>50),Moravia - Adulto Mayor (>50),9624.0,2.0,17.74,50.73,2070.46,27550.65,0,Sin evaluar
259,312,M,74,central Bohemia,Bohemia,Adulto Mayor (>50),Bohemia - Adulto Mayor (>50),8507.0,2.0,62.09,9.66,3390.08,22133.3,0,Sin evaluar
260,313,F,56,west Bohemia,Bohemia,Adulto Mayor (>50),Bohemia - Adulto Mayor (>50),8991.0,1.0,38.57,10843.92,5298.42,37700.06,0,Sin evaluar
261,315,M,31,south Moravia,Moravia,Adulto (30-50),Moravia - Adulto (30-50),9897.0,2.0,26.78,429.42,1460.42,17089.38,0,Sin evaluar
262,316,M,43,north Moravia,Moravia,Adulto (30-50),Moravia - Adulto (30-50),8819.0,5.0,35.12,1164.58,521.07,14104.76,0,Sin evaluar
263,317,F,41,south Moravia,Moravia,Adulto (30-50),Moravia - Adulto (30-50),9624.0,2.0,23.89,35805.06,27961.07,59608.39,0,Sin evaluar
264,318,F,55,south Bohemia,Bohemia,Adulto Mayor (>50),Bohemia - Adulto Mayor (>50),9045.0,3.0,34.69,7533.04,3771.12,31264.37,0,Sin evaluar
265,319,F,69,south Bohemia,Bohemia,Adulto Mayor (>50),Bohemia - Adulto Mayor (>50),8402.0,3.0,29.86,20.09,2922.97,16747.94,0,Sin evaluar
266,321,F,55,east Bohemia,Bohemia,Adulto Mayor (>50),Bohemia - Adulto Mayor (>50),9538.0,2.0,55.69,35.91,53372.71,69207.57,0,Sin evaluar
267,322,M,65,north Bohemia,Bohemia,Adulto Mayor (>50),Bohemia - Adulto Mayor (>50),8965.0,7.0,44.19,11.31,1729.12,19586.52,0,Sin evaluar
268,324,M,38,central Bohemia,Bohemia,Adulto (30-50),Bohemia - Adulto (30-50),8980.0,2.0,31.08,28852.96,25354.89,42255.36,0,Sin evaluar
269,325,M,38,central Bohemia,Bohemia,Adulto (30-50),Bohemia - Adulto (30-50),8980.0,2.0,28.02,1763.03,1797.64,27663.53,0,Sin evaluar
270,326,F,31,west Bohemia,Bohemia,Adulto (30-50),Bohemia - Adulto (30-50),8561.0,1.0,47.24,25732.66,18882.3,63277.7,0,Sin evaluar
271,328,F,80,Prague,Praga,Adulto Mayor (>50),Praga - Adulto Mayor (>50),12541.0,0.0,28.58,14.0,3829.95,44847.72,0,Sin evaluar
272,329,M,34,central Bohemia,Bohemia,Adulto (30-50),Bohemia - Adulto (30-50),9622.0,0.0,26.25,21583.66,14320.0,24846.12,0,Sin evaluar
273,330,F,54,south Moravia,Moravia,Adulto Mayor (>50),Moravia - Adulto Mayor (>50),8403.0,6.0,65.68,1464.68,7644.58,33734.6,0,Sin evaluar
274,331,M,56,Prague,Praga,Adulto Mayor (>50),Praga - Adulto Mayor (>50),12541.0,0.0,64.36,22137.37,12555.62,35641.47,0,Sin evaluar
275,332,M,20,west Bohemia,Bohemia,Joven (<30),Bohemia - Joven (<30),8843.0,3.0,35.94,22.26,1020.87,17578.75,0,Sin evaluar
276,333,M,27,north Bohemia,Bohemia,Joven (<30),Bohemia - Joven (<30),8965.0,7.0,12.75,54.9,22226.9,50293.48,0,Sin evaluar
277,334,M,29,north Bohemia,Bohemia,Joven (<30),Bohemia - Joven (<30),9272.0,3.0,56.02,29567.64,27779.03,61413.68,0,Sin evaluar
278,335,F,31,north Moravia,Moravia,Adulto (30-50),Moravia - Adulto (30-50),8746.0,3.0,32.76,22822.56,16898.66,58476.74,0,Sin evaluar
279,336,F,34,north Bohemia,Bohemia,Adulto (30-50),Bohemia - Adulto (30-50),10446.0,7.0,68.57,5.83,733.85,20671.73,0,Sin evaluar
280,338,F,47,central Bohemia,Bohemia,Adulto (30-50),Bohemia - Adulto (30-50),11277.0,1.0,71.23,13613.88,5329.78,32434.23,0,Sin evaluar
281,339,M,32,Prague,Praga,Adulto (30-50),Praga - Adulto (30-50),12541.0,0.0,26.12,13470.79,6516.08,46495.52,0,Sin evaluar
282,341,M,21,north Moravia,Moravia,Joven (<30),Moravia - Joven (<30),8173.0,5.83,19.65,22090.74,13624.43,40323.3,0,Sin evaluar
283,343,M,79,east Bohemia,Bohemia,Adulto Mayor (>50),Bohemia - Adulto Mayor (>50),8254.0,3.0,32.43,24.67,1671.29,22839.89,0,Sin evaluar
284,344,F,35,south Moravia,Moravia,Adulto (30-50),Moravia - Adulto (30-50),9897.0,2.0,17.45,1421.2,16510.37,35316.53,0,Sin evaluar
285,345,M,45,south Bohemia,Bohemia,Adulto (30-50),Bohemia - Adulto (30-50),8114.0,2.0,43.79,21723.22,19675.73,66899.88,0,Sin evaluar
286,347,M,39,north Moravia,Moravia,Adulto (30-50),Moravia - Adulto (30-50),8678.0,6.0,33.15,25459.88,15224.13,37723.67,0,Sin evaluar
287,349,F,71,north Bohemia,Bohemia,Adulto Mayor (>50),Bohemia - Adulto Mayor (>50),10446.0,7.0,62.13,9.66,2183.81,18808.02,0,Sin evaluar
288,350,F,73,west Bohemia,Bohemia,Adulto Mayor (>50),Bohemia - Adulto Mayor (>50),8554.0,2.0,45.47,19.79,1671.87,23997.89,0,Sin evaluar
289,351,M,25,Prague,Praga,Joven (<30),Praga - Joven (<30),12541.0,0.0,57.49,18861.99,10530.53,40959.14,0,Sin evaluar
290,352,M,58,south Moravia,Moravia,Adulto Mayor (>50),Moravia - Adulto Mayor (>50),8772.0,5.0,60.94,34336.28,26438.45,53456.67,0,Buen Pagador
291,353,M,33,central Bohemia,Bohemia,Adulto (30-50),Bohemia - Adulto (30-50),9920.0,2.0,18.76,71372.44,55460.5,62776.84,0,Sin evaluar
292,354,F,76,east Bohemia,Bohemia,Adulto Mayor (>50),Bohemia - Adulto Mayor (>50),8208.0,2.0,22.11,18.09,2291.72,14987.04,0,Sin evaluar
293,356,F,19,Prague,Praga,Joven (<30),Praga - Joven (<30),12541.0,0.0,19.91,12588.65,8971.37,33167.35,0,Sin evaluar
294,358,F,39,central Bohemia,Bohemia,Adulto (30-50),Bohemia - Adulto (30-50),9920.0,2.0,23.82,16803.11,8837.11,55644.12,0,Sin evaluar
295,359,M,28,south Moravia,Moravia,Joven (<30),Moravia - Joven (<30),8512.0,4.0,13.24,22974.17,16596.68,34182.19,0,Sin evaluar
296,360,M,55,east Bohemia,Bohemia,Adulto Mayor (>50),Bohemia - Adulto Mayor (>50),8208.0,2.0,34.53,457.57,1710.98,15898.72,0,Sin evaluar
297,361,F,21,north Moravia,Moravia,Joven (<30),Moravia - Joven (<30),10673.0,5.0,27.73,7812.69,5692.39,25512.43,0,Sin evaluar
298,362,F,48,north Bohemia,Bohemia,Adulto (30-50),Bohemia - Adulto (30-50),8867.0,1.0,12.94,14204.1,11964.45,28743.54,0,Sin evaluar
299,364,F,56,south Moravia,Moravia,Adulto Mayor (>50),Moravia - Adulto Mayor (>50),9897.0,2.0,68.86,39487.74,38517.62,71413.01,0,Sin evaluar
300,365,M,68,Prague,Praga,Adulto Mayor (>50),Praga - Adulto Mayor (>50),12541.0,0.0,66.27,6.04,3919.57,36365.52,0,Sin evaluar
301,367,F,35,south Moravia,Moravia,Adulto (30-50),Moravia - Adulto (30-50),8441.0,3.0,39.69,7.56,653.82,17132.13,0,Sin evaluar
302,369,F,68,central Bohemia,Bohemia,Adulto Mayor (>50),Bohemia - Adulto Mayor (>50),9920.0,2.0,31.74,34.66,3180.21,22883.18,0,Sin evaluar
303,370,F,42,north Moravia,Moravia,Adulto (30-50),Moravia - Adulto (30-50),8678.0,6.0,29.21,17266.69,11776.79,47716.66,0,Sin evaluar
304,371,M,56,central Bohemia,Bohemia,Adulto Mayor (>50),Bohemia - Adulto Mayor (>50),9753.0,5.0,21.39,32.73,23325.95,43233.32,0,Sin evaluar
305,372,M,66,north Bohemia,Bohemia,Adulto Mayor (>50),Bohemia - Adulto Mayor (>50),9675.0,6.0,26.41,7.57,1334.72,16317.96,0,Sin evaluar
306,373,M,62,south Bohemia,Bohemia,Adulto Mayor (>50),Bohemia - Adulto Mayor (>50),8427.0,1.0,66.76,6581.46,2764.53,19537.88,0,Sin evaluar
307,374,M,31,west Bohemia,Bohemia,Adulto (30-50),Bohemia - Adulto (30-50),10787.0,3.0,16.79,24370.46,20154.85,53375.48,0,Sin evaluar
308,375,F,29,south Moravia,Moravia,Joven (<30),Moravia - Joven (<30),8814.0,5.0,38.51,1763.18,716.7,25313.29,0,Sin evaluar
309,376,F,25,south Bohemia,Bohemia,Joven (<30),Bohemia - Joven (<30),10045.0,1.0,20.21,21079.66,19890.15,29792.64,0,Sin evaluar
311,378,M,20,east Bohemia,Bohemia,Joven (<30),Bohemia - Joven (<30),8187.0,5.0,16.76,18326.49,6694.51,44686.38,0,Sin evaluar
312,380,M,25,north Bohemia,Bohemia,Joven (<30),Bohemia - Joven (<30),9832.0,3.0,35.91,13457.81,4940.13,33743.76,0,Sin evaluar
313,381,F,21,north Moravia,Moravia,Joven (<30),Moravia - Joven (<30),8746.0,3.0,29.83,23.47,686.22,17431.52,0,Sin evaluar
314,383,F,59,south Bohemia,Bohemia,Adulto Mayor (>50),Bohemia - Adulto Mayor (>50),9045.0,3.0,35.15,236.13,25793.4,39265.51,0,Sin evaluar
315,385,M,50,east Bohemia,Bohemia,Adulto Mayor (>50),Bohemia - Adulto Mayor (>50),8390.0,2.0,12.75,2054.9,878.43,17081.82,0,Sin evaluar
316,386,M,18,south Moravia,Moravia,Joven (<30),Moravia - Joven (<30),8544.0,1.0,19.78,7593.02,6678.46,35108.05,0,Sin evaluar
317,387,M,71,north Moravia,Moravia,Adulto Mayor (>50),Moravia - Adulto Mayor (>50),8369.0,5.0,69.72,11.47,2631.96,25474.3,0,Sin evaluar
318,388,F,48,north Bohemia,Bohemia,Adulto (30-50),Bohemia - Adulto (30-50),9198.0,3.0,51.48,6831.47,3622.77,30734.21,0,Sin evaluar
319,389,F,24,east Bohemia,Bohemia,Joven (<30),Bohemia - Joven (<30),9538.0,2.0,38.47,44544.63,36392.88,63669.2,0,Sin evaluar
320,390,F,21,east Bohemia,Bohemia,Joven (<30),Bohemia - Joven (<30),9538.0,2.0,23.23,7227.77,5432.63,30730.6,0,Sin evaluar
321,391,F,65,east Bohemia,Bohemia,Adulto Mayor (>50),Bohemia - Adulto Mayor (>50),9538.0,2.0,61.63,17.85,3215.15,24106.06,0,Sin evaluar
322,392,F,48,north Moravia,Moravia,Adulto (30-50),Moravia - Adulto (30-50),10673.0,5.0,70.31,18094.1,11662.07,32810.62,0,Sin evaluar
323,394,F,74,east Bohemia,Bohemia,Adulto Mayor (>50),Bohemia - Adulto Mayor (>50),8363.0,3.0,22.21,9.0,3500.23,22181.52,0,Sin evaluar
324,396,M,78,Prague,Praga,Adulto Mayor (>50),Praga - Adulto Mayor (>50),12541.0,0.0,28.25,17.7,2213.81,23448.44,0,Sin evaluar
325,397,M,68,north Moravia,Moravia,Adulto Mayor (>50),Moravia - Adulto Mayor (>50),8819.0,5.0,26.81,11.19,2865.72,17230.71,0,Sin evaluar
326,398,F,73,south Moravia,Moravia,Adulto Mayor (>50),Moravia - Adulto Mayor (>50),8814.0,5.0,16.82,59.45,1791.32,16929.59,0,Sin evaluar
327,399,M,46,east Bohemia,Bohemia,Adulto (30-50),Bohemia - Adulto (30-50),8390.0,2.0,66.96,17377.3,9956.69,49392.16,0,Sin evaluar
328,400,M,65,Prague,Praga,Adulto Mayor (>50),Praga - Adulto Mayor (>50),12541.0,0.0,15.41,38.94,4292.02,19064.75,0,Sin evaluar
329,402,M,55,central Bohemia,Bohemia,Adulto Mayor (>50),Bohemia - Adulto Mayor (>50),8980.0,2.0,26.38,25799.73,19767.25,52718.48,0,Sin evaluar
330,403,F,25,east Bohemia,Bohemia,Joven (<30),Bohemia - Joven (<30),8388.0,2.0,25.2,24452.78,21894.44,42020.44,0,Sin evaluar
331,405,F,64,south Moravia,Moravia,Adulto Mayor (>50),Moravia - Adulto Mayor (>50),8403.0,6.0,38.97,28.23,3314.34,21008.32,0,Sin evaluar
332,406,M,21,north Bohemia,Bohemia,Joven (<30),Bohemia - Joven (<30),9198.0,3.0,35.61,1128.9,2174.11,31728.95,0,Sin evaluar
333,407,F,23,north Moravia,Moravia,Joven (<30),Moravia - Joven (<30),8746.0,3.0,24.25,28.87,561.65,17382.92,0,Sin evaluar
334,408,F,20,north Bohemia,Bohemia,Joven (<30),Bohemia - Joven (<30),8867.0,1.0,67.25,20127.23,15661.86,58941.18,0,Sin evaluar
335,409,M,73,north Moravia,Moravia,Adulto Mayor (>50),Moravia - Adulto Mayor (>50),10673.0,5.0,35.35,28.29,2576.24,23439.53,0,Sin evaluar
336,410,M,36,south Moravia,Moravia,Adulto (30-50),Moravia - Adulto (30-50),8544.0,1.0,38.51,19941.39,15014.28,33134.37,0,Sin evaluar
337,411,F,57,south Bohemia,Bohemia,Adulto Mayor (>50),Bohemia - Adulto Mayor (>50),8114.0,2.0,37.19,29324.42,27925.6,45959.17,0,Sin evaluar
338,413,F,26,east Bohemia,Bohemia,Joven (<30),Bohemia - Joven (<30),8208.0,2.0,37.42,483.7,1484.77,16108.96,0,Sin evaluar
339,414,F,51,east Bohemia,Bohemia,Adulto Mayor (>50),Bohemia - Adulto Mayor (>50),8369.0,2.0,27.63,144.77,41498.41,65889.81,0,Sin evaluar
340,416,F,66,Prague,Praga,Adulto Mayor (>50),Praga - Adulto Mayor (>50),12541.0,0.0,61.9,16.16,3587.56,27949.99,0,Sin evaluar
341,418,M,32,west Bohemia,Bohemia,Adulto (30-50),Bohemia - Adulto (30-50),8594.0,2.0,25.36,16646.69,16155.36,23828.11,0,Sin evaluar
342,419,F,28,south Moravia,Moravia,Joven (<30),Moravia - Joven (<30),9624.0,2.0,26.58,37.62,830.7,18770.03,0,Sin evaluar
343,420,M,20,south Bohemia,Bohemia,Joven (<30),Bohemia - Joven (<30),8968.0,3.0,56.18,736.92,1946.07,18922.34,0,Sin evaluar
344,421,M,33,south Moravia,Moravia,Adulto (30-50),Moravia - Adulto (30-50),9897.0,2.0,60.98,15404.1,8866.84,41086.67,0,Sin evaluar
345,422,M,52,north Moravia,Moravia,Adulto Mayor (>50),Moravia - Adulto Mayor (>50),8173.0,5.83,61.34,18240.23,9005.54,42126.19,0,Sin evaluar
346,423,M,41,north Bohemia,Bohemia,Adulto (30-50),Bohemia - Adulto (30-50),9065.0,4.0,71.62,21551.26,13631.95,47816.79,0,Sin evaluar
347,424,M,51,Prague,Praga,Adulto Mayor (>50),Praga - Adulto Mayor (>50),12541.0,0.0,60.58,32853.52,29258.55,43980.7,8,Mal Pagador
348,425,M,50,west Bohemia,Bohemia,Adulto Mayor (>50),Bohemia - Adulto Mayor (>50),8554.0,2.0,37.52,19770.34,17897.12,43054.63,0,Sin evaluar
349,426,M,61,north Moravia,Moravia,Adulto Mayor (>50),Moravia - Adulto Mayor (>50),8994.0,4.0,18.76,9472.76,4410.45,17055.17,0,Sin evaluar
350,428,F,79,east Bohemia,Bohemia,Adulto Mayor (>50),Bohemia - Adulto Mayor (>50),9538.0,2.0,26.58,18.81,2424.0,19069.09,0,Sin evaluar
351,429,F,17,east Bohemia,Bohemia,Joven (<30),Bohemia - Joven (<30),8187.0,5.0,22.41,7907.99,6684.52,26681.38,0,Sin evaluar
352,430,M,78,north Bohemia,Bohemia,Adulto Mayor (>50),Bohemia - Adulto Mayor (>50),10446.0,7.0,53.91,3.71,2250.23,20656.44,0,Sin evaluar
353,431,F,71,west Bohemia,Bohemia,Adulto Mayor (>50),Bohemia - Adulto Mayor (>50),8991.0,1.0,40.05,24.97,1886.89,45227.25,0,Sin evaluar
354,432,F,46,south Moravia,Moravia,Adulto (30-50),Moravia - Adulto (30-50),8444.0,3.0,62.09,12891.85,7257.21,41640.44,0,Sin evaluar
355,433,M,43,south Moravia,Moravia,Adulto (30-50),Moravia - Adulto (30-50),8544.0,1.0,34.96,2983.41,8377.89,34587.42,0,Sin evaluar
356,434,F,55,north Moravia,Moravia,Adulto Mayor (>50),Moravia - Adulto Mayor (>50),10177.0,7.0,33.64,19812.01,13686.09,56427.62,0,Sin evaluar
357,435,M,31,south Bohemia,Bohemia,Adulto (30-50),Bohemia - Adulto (30-50),8547.0,3.0,33.71,29.66,674.58,20034.49,0,Sin evaluar
358,436,M,43,central Bohemia,Bohemia,Adulto (30-50),Bohemia - Adulto (30-50),8507.0,2.0,60.71,304.73,1227.8,18326.2,0,Sin evaluar
359,437,F,78,central Bohemia,Bohemia,Adulto Mayor (>50),Bohemia - Adulto Mayor (>50),9622.0,0.0,48.66,8.22,1596.79,18520.56,0,Sin evaluar
360,438,M,60,north Bohemia,Bohemia,Adulto Mayor (>50),Bohemia - Adulto Mayor (>50),9272.0,3.0,31.57,26101.87,24281.91,50332.56,0,Sin evaluar
361,439,F,30,east Bohemia,Bohemia,Adulto (30-50),Bohemia - Adulto (30-50),8541.0,3.0,70.08,25666.21,20890.41,52632.59,0,Sin evaluar
362,440,F,28,south Bohemia,Bohemia,Joven (<30),Bohemia - Joven (<30),9045.0,3.0,68.9,11857.04,5180.55,31552.26,0,Sin evaluar
363,441,M,39,Prague,Praga,Adulto (30-50),Praga - Adulto (30-50),12541.0,0.0,55.85,42432.32,40704.48,68598.11,0,Sin evaluar
364,442,F,27,Prague,Praga,Joven (<30),Praga - Joven (<30),12541.0,0.0,23.33,47.15,529.79,21623.59,0,Sin evaluar
365,444,F,38,north Moravia,Moravia,Adulto (30-50),Moravia - Adulto (30-50),10673.0,5.0,60.62,374.46,6715.98,24414.51,0,Sin evaluar
366,445,F,51,Prague,Praga,Adulto Mayor (>50),Praga - Adulto Mayor (>50),12541.0,0.0,26.25,23596.57,15248.76,50881.01,0,Sin evaluar
367,447,M,52,west Bohemia,Bohemia,Adulto Mayor (>50),Bohemia - Adulto Mayor (>50),8624.0,2.0,19.75,15620.05,7815.7,48166.19,0,Sin evaluar
368,448,F,28,north Moravia,Moravia,Joven (<30),Moravia - Joven (<30),8909.0,4.0,65.84,9371.22,3784.93,20285.78,0,Sin evaluar
370,450,M,45,west Bohemia,Bohemia,Adulto (30-50),Bohemia - Adulto (30-50),8554.0,2.0,58.38,11.99,926.52,19719.11,0,Sin evaluar
371,451,M,19,central Bohemia,Bohemia,Joven (<30),Bohemia - Joven (<30),8754.0,4.0,28.94,6014.58,3771.6,39709.31,0,Sin evaluar
372,452,F,45,south Moravia,Moravia,Adulto (30-50),Moravia - Adulto (30-50),8743.0,2.0,39.69,24719.73,15013.86,32375.04,0,Sin evaluar
373,453,M,29,north Moravia,Moravia,Joven (<30),Moravia - Joven (<30),8110.0,6.0,30.36,12367.26,4995.39,36551.93,0,Sin evaluar
374,454,F,49,north Bohemia,Bohemia,Adulto (30-50),Bohemia - Adulto (30-50),8965.0,7.0,71.69,340.35,24619.17,45743.13,0,Sin evaluar
375,455,M,78,north Moravia,Moravia,Adulto Mayor (>50),Moravia - Adulto Mayor (>50),9893.0,4.0,30.78,35.74,2052.96,20389.09,0,Sin evaluar
376,456,M,58,west Bohemia,Bohemia,Adulto Mayor (>50),Bohemia - Adulto Mayor (>50),8554.0,2.0,45.9,26722.31,19057.08,40557.62,0,Sin evaluar
377,457,M,48,north Moravia,Moravia,Adulto (30-50),Moravia - Adulto (30-50),10177.0,7.0,52.4,42112.14,39985.65,51442.56,2,Sin evaluar
378,458,M,37,north Moravia,Moravia,Adulto (30-50),Moravia - Adulto (30-50),9893.0,4.0,29.31,67381.24,55052.88,68190.48,0,Sin evaluar
379,459,F,31,north Bohemia,Bohemia,Adulto (30-50),Bohemia - Adulto (30-50),9272.0,3.0,31.44,636.13,1783.08,15533.01,0,Sin evaluar
381,461,F,28,north Moravia,Moravia,Joven (<30),Moravia - Joven (<30),9893.0,4.0,65.91,9166.27,8537.7,32042.55,0,Sin evaluar
382,462,M,28,south Bohemia,Bohemia,Joven (<30),Bohemia - Joven (<30),10045.0,1.0,28.48,24.58,624.65,22705.86,0,Sin evaluar
383,463,M,54,north Bohemia,Bohemia,Adulto Mayor (>50),Bohemia - Adulto Mayor (>50),8965.0,7.0,19.55,30.69,665.47,13878.71,0,Sin evaluar
384,464,F,39,west Bohemia,Bohemia,Adulto (30-50),Bohemia - Adulto (30-50),8991.0,1.0,15.54,54390.93,49909.4,66721.64,0,Sin evaluar
385,465,M,46,central Bohemia,Bohemia,Adulto (30-50),Bohemia - Adulto (30-50),9307.0,4.0,68.8,14.53,964.97,23664.03,0,Sin evaluar
386,466,F,51,Prague,Praga,Adulto Mayor (>50),Praga - Adulto Mayor (>50),12541.0,0.0,16.66,20012.36,11701.08,61541.28,0,Sin evaluar
387,468,M,39,north Moravia,Moravia,Adulto (30-50),Moravia - Adulto (30-50),8994.0,4.0,15.38,23489.27,20430.56,41791.79,0,Sin evaluar
388,469,F,28,south Moravia,Moravia,Joven (<30),Moravia - Joven (<30),8444.0,3.0,46.62,13070.66,5199.49,39764.8,0,Sin evaluar
389,470,F,44,west Bohemia,Bohemia,Adulto (30-50),Bohemia - Adulto (30-50),9650.0,3.0,64.1,7476.94,3389.08,20996.05,0,Sin evaluar
390,471,M,21,east Bohemia,Bohemia,Joven (<30),Bohemia - Joven (<30),8254.0,3.0,34.46,66967.73,59201.94,73060.61,0,Sin evaluar
391,472,M,17,north Bohemia,Bohemia,Joven (<30),Bohemia - Joven (<30),9198.0,3.0,60.65,6710.72,6516.08,31497.56,0,Sin evaluar
392,473,F,59,Prague,Praga,Adulto Mayor (>50),Praga - Adulto Mayor (>50),12541.0,0.0,29.57,15822.76,7706.46,41576.86,0,Sin evaluar
393,474,M,49,east Bohemia,Bohemia,Adulto (30-50),Bohemia - Adulto (30-50),8369.0,2.0,46.85,26983.27,20215.58,40424.95,0,Sin evaluar
395,476,F,51,Prague,Praga,Adulto Mayor (>50),Praga - Adulto Mayor (>50),12541.0,0.0,69.65,23762.38,16203.59,43937.56,0,Sin evaluar
396,478,M,20,south Bohemia,Bohemia,Joven (<30),Bohemia - Joven (<30),9104.0,2.0,69.78,25038.69,18970.48,51178.05,0,Sin evaluar
397,479,M,51,central Bohemia,Bohemia,Adulto Mayor (>50),Bohemia - Adulto Mayor (>50),9622.0,0.0,62.16,329.79,32429.39,60707.05,0,Sin evaluar
398,481,M,71,north Moravia,Moravia,Adulto Mayor (>50),Moravia - Adulto Mayor (>50),8173.0,5.83,14.23,21.08,2635.98,17874.28,0,Sin evaluar
399,483,M,54,Prague,Praga,Adulto Mayor (>50),Praga - Adulto Mayor (>50),12541.0,0.0,28.12,31976.46,25957.75,53489.68,0,Sin evaluar
400,484,F,39,west Bohemia,Bohemia,Adulto (30-50),Bohemia - Adulto (30-50),8594.0,2.0,65.48,15106.66,7997.86,42425.39,0,Sin evaluar
401,485,M,20,north Bohemia,Bohemia,Joven (<30),Bohemia - Joven (<30),9272.0,3.0,71.39,13939.14,8482.14,31682.41,0,Sin evaluar
402,486,M,54,north Moravia,Moravia,Adulto Mayor (>50),Moravia - Adulto Mayor (>50),9893.0,4.0,15.54,21487.52,16492.92,37383.9,0,Sin evaluar
403,487,F,76,Prague,Praga,Adulto Mayor (>50),Praga - Adulto Mayor (>50),12541.0,0.0,65.08,9.22,1584.51,45554.75,0,Sin evaluar
404,489,M,58,north Bohemia,Bohemia,Adulto Mayor (>50),Bohemia - Adulto Mayor (>50),9832.0,3.0,44.12,523.57,29398.73,58681.04,0,Sin evaluar
405,490,M,48,south Moravia,Moravia,Adulto (30-50),Moravia - Adulto (30-50),8743.0,2.0,21.62,36705.69,25322.43,41453.3,3,Sin evaluar
406,491,M,32,south Moravia,Moravia,Adulto (30-50),Moravia - Adulto (30-50),8288.0,4.0,27.89,25.1,863.75,16781.15,0,Sin evaluar
407,492,M,63,north Moravia,Moravia,Adulto Mayor (>50),Moravia - Adulto Mayor (>50),8994.0,4.0,20.44,19283.66,13638.85,34935.21,0,Sin evaluar
408,493,F,56,north Bohemia,Bohemia,Adulto Mayor (>50),Bohemia - Adulto Mayor (>50),9832.0,3.0,65.35,14783.96,7956.54,43477.65,0,Sin evaluar
409,494,M,18,Prague,Praga,Joven (<30),Praga - Joven (<30),12541.0,0.0,30.65,11425.29,4427.41,32468.71,0,Sin evaluar
410,495,F,61,east Bohemia,Bohemia,Adulto Mayor (>50),Bohemia - Adulto Mayor (>50),8208.0,2.0,26.51,7.54,1989.82,19442.18,0,Sin evaluar
411,496,F,47,north Moravia,Moravia,Adulto (30-50),Moravia - Adulto (30-50),10177.0,7.0,70.8,20359.82,10805.08,47322.1,0,Sin evaluar
412,497,M,45,north Moravia,Moravia,Adulto (30-50),Moravia - Adulto (30-50),10673.0,5.0,35.32,32268.4,23030.15,58670.56,0,Sin evaluar
413,499,F,63,south Bohemia,Bohemia,Adulto Mayor (>50),Bohemia - Adulto Mayor (>50),8968.0,3.0,29.73,6.73,2615.2,16827.08,0,Sin evaluar
414,500,M,27,Prague,Praga,Joven (<30),Praga - Joven (<30),12541.0,0.0,35.06,19728.58,11252.14,31386.54,0,Sin evaluar
415,501,M,61,south Moravia,Moravia,Adulto Mayor (>50),Moravia - Adulto Mayor (>50),8544.0,1.0,69.95,14639.89,5953.97,29433.37,0,Sin evaluar
416,502,M,79,central Bohemia,Bohemia,Adulto Mayor (>50),Bohemia - Adulto Mayor (>50),8546.0,3.0,28.65,17.45,2595.46,19124.41,0,Sin evaluar
417,503,M,39,north Moravia,Moravia,Adulto (30-50),Moravia - Adulto (30-50),8746.0,3.0,35.12,35140.63,34783.51,54334.04,0,Sin evaluar
418,504,M,19,north Bohemia,Bohemia,Joven (<30),Bohemia - Joven (<30),9198.0,3.0,40.15,22720.62,13069.49,46730.53,0,Sin evaluar
419,505,M,21,central Bohemia,Bohemia,Joven (<30),Bohemia - Joven (<30),8598.0,3.0,62.19,5795.14,5457.47,25225.65,0,Sin evaluar
420,506,M,52,north Moravia,Moravia,Adulto Mayor (>50),Moravia - Adulto Mayor (>50),8819.0,5.0,40.18,13205.65,5154.31,44537.79,0,Sin evaluar
421,507,M,44,north Moravia,Moravia,Adulto (30-50),Moravia - Adulto (30-50),8819.0,5.0,13.11,9548.28,4210.53,21029.59,0,Sin evaluar
422,508,M,27,south Moravia,Moravia,Joven (<30),Moravia - Joven (<30),8240.0,3.0,52.07,7.68,25475.0,43172.47,0,Sin evaluar
423,509,M,18,north Moravia,Moravia,Joven (<30),Moravia - Joven (<30),8746.0,3.0,69.13,7.23,835.38,18728.47,0,Sin evaluar
424,510,M,22,central Bohemia,Bohemia,Joven (<30),Bohemia - Joven (<30),8754.0,4.0,22.41,25219.72,17989.29,46491.81,0,Sin evaluar
425,511,M,39,central Bohemia,Bohemia,Adulto (30-50),Bohemia - Adulto (30-50),8899.0,3.0,69.42,7585.44,4211.47,28657.92,0,Sin evaluar
426,512,F,33,south Moravia,Moravia,Adulto (30-50),Moravia - Adulto (30-50),8441.0,3.0,61.04,25571.38,13972.3,34002.16,2,Sin evaluar
427,513,F,24,central Bohemia,Bohemia,Joven (<30),Bohemia - Joven (<30),11277.0,1.0,53.26,25104.43,15715.73,54020.12,0,Sin evaluar
428,515,M,66,Prague,Praga,Adulto Mayor (>50),Praga - Adulto Mayor (>50),12541.0,0.0,70.08,2.85,2240.3,33741.18,0,Sin evaluar
429,517,M,33,south Moravia,Moravia,Adulto (30-50),Moravia - Adulto (30-50),8288.0,4.0,39.92,20076.98,13957.92,43523.13,0,Sin evaluar
430,518,F,19,south Moravia,Moravia,Joven (<30),Moravia - Joven (<30),9897.0,2.0,39.95,1902.38,382.98,39824.65,0,Sin evaluar
431,519,M,18,south Bohemia,Bohemia,Joven (<30),Bohemia - Joven (<30),8968.0,3.0,25.82,20319.79,12979.86,36026.06,0,Sin evaluar
432,520,F,51,east Bohemia,Bohemia,Adulto Mayor (>50),Bohemia - Adulto Mayor (>50),8369.0,2.0,66.5,7844.38,7535.34,24818.61,0,Sin evaluar
433,521,M,23,north Moravia,Moravia,Joven (<30),Moravia - Joven (<30),8173.0,5.83,66.63,5223.55,5078.79,27942.27,0,Sin evaluar
434,522,F,42,Prague,Praga,Adulto (30-50),Praga - Adulto (30-50),12541.0,0.0,24.21,11942.5,4989.67,16086.16,0,Sin evaluar
435,523,M,76,north Bohemia,Bohemia,Adulto Mayor (>50),Bohemia - Adulto Mayor (>50),8965.0,7.0,71.72,5.58,1761.29,23390.31,0,Sin evaluar
436,524,F,35,west Bohemia,Bohemia,Adulto (30-50),Bohemia - Adulto (30-50),9650.0,3.0,28.78,8971.3,4124.39,17747.6,0,Sin evaluar
437,526,M,34,east Bohemia,Bohemia,Adulto (30-50),Bohemia - Adulto (30-50),9425.0,2.0,60.91,25889.97,19858.48,78104.24,0,Sin evaluar
438,528,M,21,north Bohemia,Bohemia,Joven (<30),Bohemia - Joven (<30),9065.0,4.0,18.27,6554.3,5610.29,28480.47,0,Sin evaluar
439,529,M,20,north Moravia,Moravia,Joven (<30),Moravia - Joven (<30),8173.0,5.83,32.53,6594.87,5817.71,29111.4,0,Sin evaluar
440,530,F,41,west Bohemia,Bohemia,Adulto (30-50),Bohemia - Adulto (30-50),8843.0,3.0,24.28,17934.1,10383.03,34672.18,0,Sin evaluar
441,531,M,22,west Bohemia,Bohemia,Joven (<30),Bohemia - Joven (<30),8561.0,1.0,60.45,977.67,43474.04,70891.31,0,Sin evaluar
442,533,F,57,south Moravia,Moravia,Adulto Mayor (>50),Moravia - Adulto Mayor (>50),9897.0,2.0,21.06,20296.44,12777.78,31241.49,1,Sin evaluar
443,534,M,41,north Moravia,Moravia,Adulto (30-50),Moravia - Adulto (30-50),10673.0,5.0,71.06,7.04,930.06,22156.96,0,Sin evaluar
444,535,M,61,west Bohemia,Bohemia,Adulto Mayor (>50),Bohemia - Adulto Mayor (>50),10787.0,3.0,31.74,8555.14,3412.1,34242.18,0,Sin evaluar
445,536,M,59,east Bohemia,Bohemia,Adulto Mayor (>50),Bohemia - Adulto Mayor (>50),9538.0,2.0,65.08,184.39,9694.76,34265.04,0,Sin evaluar
446,537,M,63,Prague,Praga,Adulto Mayor (>50),Praga - Adulto Mayor (>50),12541.0,0.0,66.53,25981.36,17930.86,46774.86,0,Sin evaluar
447,538,F,50,central Bohemia,Bohemia,Adulto Mayor (>50),Bohemia - Adulto Mayor (>50),9307.0,4.0,28.55,22077.58,14900.88,55889.67,0,Sin evaluar
449,540,M,77,south Bohemia,Bohemia,Adulto Mayor (>50),Bohemia - Adulto Mayor (>50),8402.0,3.0,49.28,18.26,2422.08,18029.05,0,Sin evaluar
450,542,F,77,south Moravia,Moravia,Adulto Mayor (>50),Moravia - Adulto Mayor (>50),8444.0,3.0,31.11,35.36,1845.07,14416.99,0,Sin evaluar
451,543,F,40,central Bohemia,Bohemia,Adulto (30-50),Bohemia - Adulto (30-50),9622.0,0.0,55.89,1157.63,960.82,22842.95,0,Sin evaluar
452,544,M,50,south Moravia,Moravia,Adulto Mayor (>50),Moravia - Adulto Mayor (>50),8288.0,4.0,37.06,34796.17,28407.15,57335.95,0,Sin evaluar
453,545,F,25,north Moravia,Moravia,Joven (<30),Moravia - Joven (<30),8819.0,5.0,20.24,26404.94,16788.54,58550.92,0,Sin evaluar
454,546,M,45,central Bohemia,Bohemia,Adulto (30-50),Bohemia - Adulto (30-50),9920.0,2.0,43.83,10672.17,4991.1,29028.65,0,Sin evaluar
455,547,M,49,south Moravia,Moravia,Adulto (30-50),Moravia - Adulto (30-50),9897.0,2.0,44.29,13983.65,6047.87,26006.71,0,Sin evaluar
456,548,M,61,east Bohemia,Bohemia,Adulto Mayor (>50),Bohemia - Adulto Mayor (>50),8208.0,2.0,71.29,9.82,49892.09,64888.41,0,Sin evaluar
458,550,M,37,central Bohemia,Bohemia,Adulto (30-50),Bohemia - Adulto (30-50),9920.0,2.0,42.51,18157.28,8271.0,44652.89,0,Sin evaluar
459,551,F,22,east Bohemia,Bohemia,Joven (<30),Bohemia - Joven (<30),9538.0,2.0,71.29,642.45,528.83,17059.18,0,Sin evaluar
460,552,F,64,Prague,Praga,Adulto Mayor (>50),Praga - Adulto Mayor (>50),12541.0,0.0,56.44,19.49,1927.89,23475.24,0,Sin evaluar
461,554,F,73,west Bohemia,Bohemia,Adulto Mayor (>50),Bohemia - Adulto Mayor (>50),9650.0,3.0,70.37,8.53,4015.77,39952.21,0,Sin evaluar
462,556,M,52,west Bohemia,Bohemia,Adulto Mayor (>50),Bohemia - Adulto Mayor (>50),8843.0,3.0,61.67,22538.4,14430.03,43138.75,0,Sin evaluar
463,557,M,59,east Bohemia,Bohemia,Adulto Mayor (>50),Bohemia - Adulto Mayor (>50),8541.0,3.0,43.79,25275.63,17465.63,67593.22,0,Sin evaluar
464,558,F,78,east Bohemia,Bohemia,Adulto Mayor (>50),Bohemia - Adulto Mayor (>50),9425.0,2.0,19.12,31.38,1674.16,17508.61,0,Sin evaluar
465,559,F,26,north Bohemia,Bohemia,Joven (<30),Bohemia - Joven (<30),9272.0,3.0,70.83,1029.22,4193.9,25612.69,0,Sin evaluar
466,560,F,31,north Moravia,Moravia,Adulto (30-50),Moravia - Adulto (30-50),8678.0,6.0,34.4,2244.19,479.65,44535.29,0,Sin evaluar
467,561,F,36,north Moravia,Moravia,Adulto (30-50),Moravia - Adulto (30-50),10673.0,5.0,63.21,11983.26,5246.01,27693.18,0,Sin evaluar
468,562,F,23,east Bohemia,Bohemia,Joven (<30),Bohemia - Joven (<30),8208.0,2.0,33.41,24581.86,18428.02,65306.02,0,Sin evaluar
469,563,F,37,north Moravia,Moravia,Adulto (30-50),Moravia - Adulto (30-50),8994.0,4.0,17.58,5366.78,2773.61,17570.89,0,Sin evaluar
470,565,F,39,south Moravia,Moravia,Adulto (30-50),Moravia - Adulto (30-50),9624.0,2.0,57.3,9536.21,4144.85,27593.07,0,Sin evaluar
471,566,F,52,east Bohemia,Bohemia,Adulto Mayor (>50),Bohemia - Adulto Mayor (>50),9538.0,2.0,42.81,11530.51,4575.1,36267.94,0,Sin evaluar
472,568,F,38,central Bohemia,Bohemia,Adulto (30-50),Bohemia - Adulto (30-50),11277.0,1.0,26.64,90.09,45946.13,58574.15,2,Sin evaluar
473,569,M,36,north Moravia,Moravia,Adulto (30-50),Moravia - Adulto (30-50),8746.0,3.0,26.35,12837.53,5749.53,29675.96,0,Sin evaluar
474,570,F,57,south Moravia,Moravia,Adulto Mayor (>50),Moravia - Adulto Mayor (>50),8814.0,5.0,36.83,1411.89,2005.97,22503.77,0,Sin evaluar
475,571,M,74,central Bohemia,Bohemia,Adulto Mayor (>50),Bohemia - Adulto Mayor (>50),8980.0,2.0,19.68,10.16,1485.77,15962.81,0,Sin evaluar
476,573,M,31,north Moravia,Moravia,Adulto (30-50),Moravia - Adulto (30-50),8173.0,5.83,20.67,1775.52,614.42,17647.37,0,Sin evaluar
477,574,M,26,Prague,Praga,Joven (<30),Praga - Joven (<30),12541.0,0.0,71.16,17763.97,14118.89,39776.74,0,Sin evaluar
478,575,M,28,south Moravia,Moravia,Joven (<30),Moravia - Joven (<30),8757.0,3.0,53.52,25476.08,16628.92,48300.87,0,Sin evaluar
479,577,F,35,Prague,Praga,Adulto (30-50),Praga - Adulto (30-50),12541.0,0.0,37.85,29.06,1001.85,12564.91,0,Sin evaluar
480,578,F,21,west Bohemia,Bohemia,Joven (<30),Bohemia - Joven (<30),8624.0,2.0,23.29,26136.84,21124.09,39238.52,0,Sin evaluar
481,579,F,65,north Moravia,Moravia,Adulto Mayor (>50),Moravia - Adulto Mayor (>50),8994.0,4.0,32.26,21.7,3362.68,40692.78,0,Sin evaluar
483,581,F,49,north Moravia,Moravia,Adulto (30-50),Moravia - Adulto (30-50),10177.0,7.0,17.54,57.01,738.31,14371.79,0,Sin evaluar
484,582,M,48,Prague,Praga,Adulto (30-50),Praga - Adulto (30-50),12541.0,0.0,47.34,10434.37,5308.41,25523.2,0,Sin evaluar
485,583,F,33,north Moravia,Moravia,Adulto (30-50),Moravia - Adulto (30-50),8819.0,5.0,71.85,38979.47,25698.14,49558.09,0,Sin evaluar
486,584,F,22,north Bohemia,Bohemia,Joven (<30),Bohemia - Joven (<30),8705.0,6.0,37.32,8440.65,4658.36,42942.92,0,Sin evaluar
487,585,F,56,north Bohemia,Bohemia,Adulto Mayor (>50),Bohemia - Adulto Mayor (>50),9317.0,6.0,37.55,26404.05,16086.9,36656.69,0,Sin evaluar
488,587,F,53,west Bohemia,Bohemia,Adulto Mayor (>50),Bohemia - Adulto Mayor (>50),8554.0,2.0,30.36,2098.16,434.78,36687.1,0,Sin evaluar
489,588,F,38,south Moravia,Moravia,Adulto (30-50),Moravia - Adulto (30-50),8814.0,5.0,67.48,17731.68,10462.06,28792.97,0,Sin evaluar
490,589,M,37,east Bohemia,Bohemia,Adulto (30-50),Bohemia - Adulto (30-50),8390.0,2.0,43.3,11.55,907.85,15076.91,0,Sin evaluar
491,590,M,49,east Bohemia,Bohemia,Adulto (30-50),Bohemia - Adulto (30-50),8254.0,3.0,31.64,21533.41,11270.54,45288.08,0,Sin evaluar
492,591,F,24,south Moravia,Moravia,Joven (<30),Moravia - Joven (<30),8403.0,6.0,62.69,6468.11,6301.8,27381.82,0,Sin evaluar
493,592,M,33,west Bohemia,Bohemia,Adulto (30-50),Bohemia - Adulto (30-50),10787.0,3.0,56.87,18779.73,17315.98,46759.52,0,Sin evaluar
494,593,F,44,south Moravia,Moravia,Adulto (30-50),Moravia - Adulto (30-50),8441.0,3.0,69.68,31199.57,21886.01,47283.04,0,Sin evaluar
496,596,M,50,north Moravia,Moravia,Adulto Mayor (>50),Moravia - Adulto Mayor (>50),8173.0,5.83,70.11,7359.92,3531.88,25268.37,0,Sin evaluar
497,597,M,55,south Moravia,Moravia,Adulto Mayor (>50),Moravia - Adulto Mayor (>50),8743.0,2.0,68.53,23293.86,19390.92,50913.82,0,Sin evaluar
498,598,M,28,Prague,Praga,Joven (<30),Praga - Joven (<30),12541.0,0.0,61.31,23796.82,22431.9,70417.64,0,Sin evaluar
500,601,M,32,south Moravia,Moravia,Adulto (30-50),Moravia - Adulto (30-50),8772.0,5.0,32.13,31834.67,27764.92,45944.98,0,Sin evaluar
501,603,F,32,central Bohemia,Bohemia,Adulto (30-50),Bohemia - Adulto (30-50),8598.0,3.0,38.34,34750.6,29867.24,63325.55,0,Sin evaluar
502,604,F,33,Prague,Praga,Adulto (30-50),Praga - Adulto (30-50),12541.0,0.0,14.59,1891.71,1781.36,25469.5,0,Sin evaluar
503,605,F,28,Prague,Praga,Joven (<30),Praga - Joven (<30),12541.0,0.0,28.75,16131.62,8309.57,44335.21,0,Sin evaluar
504,606,F,49,central Bohemia,Bohemia,Adulto (30-50),Bohemia - Adulto (30-50),10124.0,1.0,68.34,16.1,986.54,25333.28,0,Sin evaluar
505,607,M,34,south Moravia,Moravia,Adulto (30-50),Moravia - Adulto (30-50),9624.0,2.0,24.48,12.25,792.89,14564.71,0,Sin evaluar
506,608,M,26,north Moravia,Moravia,Joven (<30),Moravia - Joven (<30),8110.0,6.0,29.77,18286.87,11985.22,48421.69,0,Sin evaluar
507,609,M,36,east Bohemia,Bohemia,Adulto (30-50),Bohemia - Adulto (30-50),8363.0,3.0,30.46,6614.25,6965.2,15537.53,3,Sin evaluar
508,610,F,19,north Moravia,Moravia,Joven (<30),Moravia - Joven (<30),10673.0,5.0,25.36,1033.12,2215.3,30664.76,0,Sin evaluar
509,611,M,46,north Bohemia,Bohemia,Adulto (30-50),Bohemia - Adulto (30-50),9198.0,3.0,16.56,16729.53,14239.13,35046.51,0,Sin evaluar
510,613,F,21,Prague,Praga,Joven (<30),Praga - Joven (<30),12541.0,0.0,66.96,24962.2,19836.26,41170.09,0,Sin evaluar
511,614,F,51,south Bohemia,Bohemia,Adulto Mayor (>50),Bohemia - Adulto Mayor (>50),10045.0,1.0,25.66,18234.26,17392.83,45330.82,0,Sin evaluar
512,615,F,49,north Moravia,Moravia,Adulto (30-50),Moravia - Adulto (30-50),9893.0,4.0,23.52,23234.4,12882.65,48764.78,0,Sin evaluar
513,616,M,23,south Moravia,Moravia,Joven (<30),Moravia - Joven (<30),8757.0,3.0,25.3,15257.11,6162.06,43848.3,0,Sin evaluar
514,617,M,24,north Moravia,Moravia,Joven (<30),Moravia - Joven (<30),10177.0,7.0,33.05,13435.31,7430.56,21552.97,0,Sin evaluar
515,618,F,66,south Moravia,Moravia,Adulto Mayor (>50),Moravia - Adulto Mayor (>50),8720.0,4.0,46.69,4.28,1288.71,15523.77,0,Sin evaluar
516,619,M,78,central Bohemia,Bohemia,Adulto Mayor (>50),Bohemia - Adulto Mayor (>50),8546.0,3.0,34.73,14.4,2714.37,30491.13,0,Sin evaluar
517,621,M,59,south Moravia,Moravia,Adulto Mayor (>50),Moravia - Adulto Mayor (>50),9897.0,2.0,63.28,25949.94,16124.53,54080.82,0,Sin evaluar
518,622,F,67,north Moravia,Moravia,Adulto Mayor (>50),Moravia - Adulto Mayor (>50),10673.0,5.0,51.71,3.87,2467.8,21464.43,0,Sin evaluar
519,623,M,73,west Bohemia,Bohemia,Adulto Mayor (>50),Bohemia - Adulto Mayor (>50),8991.0,1.0,61.6,3.25,3632.79,25775.06,0,Sin evaluar
520,625,F,20,south Moravia,Moravia,Joven (<30),Moravia - Joven (<30),8441.0,3.0,61.86,16.17,901.88,22336.13,0,Sin evaluar
521,626,M,18,central Bohemia,Bohemia,Joven (<30),Bohemia - Joven (<30),8899.0,3.0,38.77,67680.06,61525.92,73448.75,0,Sin evaluar
522,627,M,26,south Bohemia,Bohemia,Joven (<30),Bohemia - Joven (<30),8114.0,2.0,36.37,11908.83,6850.15,24365.76,0,Sin evaluar
523,629,M,22,south Bohemia,Bohemia,Joven (<30),Bohemia - Joven (<30),8427.0,1.0,64.66,12872.8,10709.87,57271.0,0,Sin evaluar
524,630,M,46,south Moravia,Moravia,Adulto (30-50),Moravia - Adulto (30-50),8814.0,5.0,55.95,21198.68,14439.68,35618.53,0,Sin evaluar
525,631,F,42,north Moravia,Moravia,Adulto (30-50),Moravia - Adulto (30-50),10177.0,7.0,33.38,28424.24,18951.95,47845.27,0,Sin evaluar
526,632,M,52,north Moravia,Moravia,Adulto Mayor (>50),Moravia - Adulto Mayor (>50),8110.0,6.0,29.5,17436.14,12302.37,35124.62,0,Sin evaluar
528,635,F,71,south Bohemia,Bohemia,Adulto Mayor (>50),Bohemia - Adulto Mayor (>50),8114.0,2.0,24.02,12.49,1337.22,17446.39,0,Sin evaluar
529,637,F,28,north Bohemia,Bohemia,Joven (<30),Bohemia - Joven (<30),10446.0,7.0,16.43,7740.72,3376.75,26948.84,0,Sin evaluar
530,638,F,37,south Moravia,Moravia,Adulto (30-50),Moravia - Adulto (30-50),9897.0,2.0,25.36,114.35,25107.73,40348.87,0,Sin evaluar
531,639,M,20,west Bohemia,Bohemia,Joven (<30),Bohemia - Joven (<30),8930.0,4.0,40.44,24.73,534.87,22526.63,0,Sin evaluar
532,640,M,19,west Bohemia,Bohemia,Joven (<30),Bohemia - Joven (<30),10787.0,3.0,39.95,42402.13,40766.68,66248.94,0,Sin evaluar
533,641,F,36,north Bohemia,Bohemia,Adulto (30-50),Bohemia - Adulto (30-50),9317.0,6.0,43.83,8779.92,3961.21,18931.97,0,Sin evaluar
534,643,F,49,Prague,Praga,Adulto (30-50),Praga - Adulto (30-50),12541.0,0.0,19.19,15787.29,10665.97,39387.62,0,Sin evaluar
535,644,F,37,north Bohemia,Bohemia,Adulto (30-50),Bohemia - Adulto (30-50),8867.0,1.0,55.26,22460.82,14643.5,38178.37,0,Sin evaluar
536,645,M,73,south Bohemia,Bohemia,Adulto Mayor (>50),Bohemia - Adulto Mayor (>50),10045.0,1.0,26.58,33.86,1911.59,21572.64,0,Sin evaluar
537,646,F,76,north Bohemia,Bohemia,Adulto Mayor (>50),Bohemia - Adulto Mayor (>50),9675.0,6.0,23.72,21.08,1853.71,39441.53,0,Sin evaluar
538,648,F,63,north Moravia,Moravia,Adulto Mayor (>50),Moravia - Adulto Mayor (>50),10177.0,7.0,54.8,14.6,1229.2,16910.13,0,Sin evaluar
539,649,F,20,central Bohemia,Bohemia,Joven (<30),Bohemia - Joven (<30),8598.0,3.0,70.44,28971.28,28742.02,52795.39,2,Sin evaluar
540,651,F,22,south Moravia,Moravia,Joven (<30),Moravia - Joven (<30),9897.0,2.0,62.49,9291.74,9024.64,30033.78,0,Sin evaluar
541,652,M,60,south Moravia,Moravia,Adulto Mayor (>50),Moravia - Adulto Mayor (>50),8814.0,5.0,64.62,21644.49,12761.99,31253.83,0,Sin evaluar
542,653,F,68,Prague,Praga,Adulto Mayor (>50),Praga - Adulto Mayor (>50),12541.0,0.0,61.96,14.53,1332.96,18303.03,0,Sin evaluar
543,654,F,56,south Moravia,Moravia,Adulto Mayor (>50),Moravia - Adulto Mayor (>50),9624.0,2.0,55.95,734.58,1891.33,17506.76,0,Sin evaluar
544,655,M,56,north Bohemia,Bohemia,Adulto Mayor (>50),Bohemia - Adulto Mayor (>50),9272.0,3.0,43.56,1629.94,21585.33,53438.34,0,Buen Pagador
545,656,M,42,Prague,Praga,Adulto (30-50),Praga - Adulto (30-50),12541.0,0.0,61.21,12701.5,8379.35,41791.3,0,Sin evaluar
546,657,F,72,central Bohemia,Bohemia,Adulto Mayor (>50),Bohemia - Adulto Mayor (>50),11277.0,1.0,25.23,43.6,1462.15,17768.08,0,Sin evaluar
547,659,M,33,west Bohemia,Bohemia,Adulto (30-50),Bohemia - Adulto (30-50),8991.0,1.0,17.15,52.48,727.7,14844.23,0,Sin evaluar
548,660,M,75,south Bohemia,Bohemia,Adulto Mayor (>50),Bohemia - Adulto Mayor (>50),8427.0,1.0,54.8,3.65,4585.4,23899.9,0,Sin evaluar
549,662,M,53,central Bohemia,Bohemia,Adulto Mayor (>50),Bohemia - Adulto Mayor (>50),9307.0,4.0,25.1,15444.62,9998.41,36123.95,0,Sin evaluar
550,663,M,75,west Bohemia,Bohemia,Adulto Mayor (>50),Bohemia - Adulto Mayor (>50),8991.0,1.0,14.46,13.83,3415.63,19771.84,0,Sin evaluar
551,664,F,18,north Moravia,Moravia,Joven (<30),Moravia - Joven (<30),8909.0,4.0,67.81,5564.14,5036.13,25202.69,0,Sin evaluar
552,665,F,66,south Moravia,Moravia,Adulto Mayor (>50),Moravia - Adulto Mayor (>50),8544.0,1.0,64.36,13.98,2987.26,21029.14,0,Sin evaluar
553,666,M,16,west Bohemia,Bohemia,Joven (<30),Bohemia - Joven (<30),10787.0,3.0,42.84,6277.82,4270.54,29640.64,0,Sin evaluar
554,667,F,17,west Bohemia,Bohemia,Joven (<30),Bohemia - Joven (<30),10787.0,3.0,35.15,6558.29,5285.92,34221.4,0,Sin evaluar
555,668,F,56,Prague,Praga,Adulto Mayor (>50),Praga - Adulto Mayor (>50),12541.0,0.0,67.55,24501.32,17154.7,33309.0,0,Sin evaluar
556,669,F,42,central Bohemia,Bohemia,Adulto (30-50),Bohemia - Adulto (30-50),8754.0,4.0,18.17,20112.22,17145.84,32532.31,0,Sin evaluar
557,670,M,39,Prague,Praga,Adulto (30-50),Praga - Adulto (30-50),12541.0,0.0,37.16,16.15,786.33,17630.48,0,Sin evaluar
558,671,F,27,central Bohemia,Bohemia,Joven (<30),Bohemia - Joven (<30),10124.0,1.0,30.52,10485.58,4445.61,27584.48,0,Sin evaluar
559,672,F,69,east Bohemia,Bohemia,Adulto Mayor (>50),Bohemia - Adulto Mayor (>50),8369.0,2.0,69.88,4.29,3351.17,21083.77,0,Sin evaluar
560,673,M,59,north Bohemia,Bohemia,Adulto Mayor (>50),Bohemia - Adulto Mayor (>50),9198.0,3.0,40.38,11143.26,5445.77,29609.71,0,Sin evaluar
561,674,F,71,central Bohemia,Bohemia,Adulto Mayor (>50),Bohemia - Adulto Mayor (>50),9622.0,0.0,24.61,16.25,3720.44,24914.25,0,Sin evaluar
562,675,M,23,east Bohemia,Bohemia,Joven (<30),Bohemia - Joven (<30),8187.0,5.0,70.14,9442.86,8639.15,35228.29,0,Sin evaluar
563,676,M,45,north Moravia,Moravia,Adulto (30-50),Moravia - Adulto (30-50),10177.0,7.0,65.15,10447.34,4405.22,27911.06,0,Sin evaluar
564,677,M,35,central Bohemia,Bohemia,Adulto (30-50),Bohemia - Adulto (30-50),9307.0,4.0,12.25,20235.1,12555.1,33693.44,0,Sin evaluar
565,678,F,65,north Bohemia,Bohemia,Adulto Mayor (>50),Bohemia - Adulto Mayor (>50),10446.0,7.0,37.19,18.82,1103.52,31733.53,0,Sin evaluar
566,679,M,58,central Bohemia,Bohemia,Adulto Mayor (>50),Bohemia - Adulto Mayor (>50),11277.0,1.0,13.57,53437.44,48139.5,57980.74,0,Sin evaluar
567,681,M,21,south Bohemia,Bohemia,Joven (<30),Bohemia - Joven (<30),9045.0,3.0,30.39,7463.71,5816.06,27968.86,0,Sin evaluar
568,682,M,19,south Bohemia,Bohemia,Joven (<30),Bohemia - Joven (<30),8968.0,3.0,45.14,13472.68,12146.65,34869.1,0,Sin evaluar
569,683,F,53,north Moravia,Moravia,Adulto Mayor (>50),Moravia - Adulto Mayor (>50),8369.0,5.0,26.97,1620.32,2342.6,25954.55,0,Sin evaluar
570,684,F,22,central Bohemia,Bohemia,Joven (<30),Bohemia - Joven (<30),8980.0,2.0,25.53,10375.05,4637.68,27798.43,0,Sin evaluar
571,685,F,68,north Moravia,Moravia,Adulto Mayor (>50),Moravia - Adulto Mayor (>50),8994.0,4.0,29.5,6.78,1232.54,18207.34,0,Sin evaluar
572,686,F,27,north Bohemia,Bohemia,Joven (<30),Bohemia - Joven (<30),9272.0,3.0,57.17,21648.14,14381.67,44188.89,0,Sin evaluar
573,688,M,44,Prague,Praga,Adulto (30-50),Praga - Adulto (30-50),12541.0,0.0,29.67,14914.22,13376.04,38956.74,0,Sin evaluar
574,689,M,34,north Moravia,Moravia,Adulto (30-50),Moravia - Adulto (30-50),10177.0,7.0,65.05,1066.87,43576.1,58038.35,0,Sin evaluar
575,690,M,56,north Bohemia,Bohemia,Adulto Mayor (>50),Bohemia - Adulto Mayor (>50),8965.0,7.0,56.18,10167.46,4090.42,22192.63,0,Sin evaluar
576,692,F,62,north Moravia,Moravia,Adulto Mayor (>50),Moravia - Adulto Mayor (>50),10673.0,5.0,71.95,12.51,2363.31,28105.42,0,Sin evaluar
577,694,M,62,west Bohemia,Bohemia,Adulto Mayor (>50),Bohemia - Adulto Mayor (>50),8843.0,3.0,51.35,12989.02,6881.4,39538.14,0,Sin evaluar
578,695,M,43,west Bohemia,Bohemia,Adulto (30-50),Bohemia - Adulto (30-50),8594.0,2.0,21.36,131.09,14352.06,38343.55,0,Sin evaluar
579,697,M,24,Prague,Praga,Joven (<30),Praga - Joven (<30),12541.0,0.0,12.48,7581.25,3157.05,22485.52,0,Sin evaluar
580,698,M,44,north Moravia,Moravia,Adulto (30-50),Moravia - Adulto (30-50),8819.0,5.0,31.38,9608.67,4259.4,26553.26,0,Sin evaluar
581,699,F,76,west Bohemia,Bohemia,Adulto Mayor (>50),Bohemia - Adulto Mayor (>50),10787.0,3.0,26.58,18.81,1779.16,33195.17,0,Sin evaluar
582,700,M,69,central Bohemia,Bohemia,Adulto Mayor (>50),Bohemia - Adulto Mayor (>50),8754.0,4.0,52.86,20.81,1292.28,16796.55,0,Sin evaluar
584,702,F,30,west Bohemia,Bohemia,Adulto (30-50),Bohemia - Adulto (30-50),8930.0,4.0,29.57,463.31,1446.4,16070.55,0,Sin evaluar
585,703,M,39,central Bohemia,Bohemia,Adulto (30-50),Bohemia - Adulto (30-50),9753.0,5.0,15.87,2243.23,1247.64,21718.3,0,Sin evaluar
586,704,M,23,south Moravia,Moravia,Joven (<30),Moravia - Joven (<30),9897.0,2.0,45.54,7108.12,6722.66,31055.31,0,Sin evaluar
587,705,M,60,south Bohemia,Bohemia,Adulto Mayor (>50),Bohemia - Adulto Mayor (>50),8402.0,3.0,30.32,1724.93,606.86,18635.71,0,Sin evaluar
588,706,M,50,Prague,Praga,Adulto Mayor (>50),Praga - Adulto Mayor (>50),12541.0,0.0,69.59,8660.01,3719.79,24841.0,0,Sin evaluar
589,707,M,57,Prague,Praga,Adulto Mayor (>50),Praga - Adulto Mayor (>50),12541.0,0.0,20.17,22427.57,15144.27,49459.11,0,Sin evaluar
590,708,F,21,east Bohemia,Bohemia,Joven (<30),Bohemia - Joven (<30),8187.0,5.0,34.2,13291.11,11704.68,39951.47,0,Sin evaluar
591,709,M,64,Prague,Praga,Adulto Mayor (>50),Praga - Adulto Mayor (>50),12541.0,0.0,16.62,42.12,728.04,17651.73,0,Sin evaluar
592,710,M,73,west Bohemia,Bohemia,Adulto Mayor (>50),Bohemia - Adulto Mayor (>50),8624.0,2.0,24.11,12.44,3725.43,18150.23,0,Sin evaluar
593,711,F,35,east Bohemia,Bohemia,Adulto (30-50),Bohemia - Adulto (30-50),9060.0,2.0,29.5,15208.71,13040.68,47019.45,0,Sin evaluar
594,712,M,36,south Moravia,Moravia,Adulto (30-50),Moravia - Adulto (30-50),9897.0,2.0,48.72,10.26,785.71,19196.77,0,Sin evaluar
595,713,F,18,south Bohemia,Bohemia,Joven (<30),Bohemia - Joven (<30),8547.0,3.0,24.31,41517.4,34226.7,54248.23,0,Sin evaluar
596,714,M,28,west Bohemia,Bohemia,Joven (<30),Bohemia - Joven (<30),8930.0,4.0,50.6,20909.98,18344.66,71175.19,0,Sin evaluar
597,715,F,46,Prague,Praga,Adulto (30-50),Praga - Adulto (30-50),12541.0,0.0,60.85,21323.75,15502.05,34850.96,0,Sin evaluar
598,716,F,44,Prague,Praga,Adulto (30-50),Praga - Adulto (30-50),12541.0,0.0,22.7,13785.37,4666.96,39364.07,0,Sin evaluar
599,717,M,30,south Moravia,Moravia,Adulto (30-50),Moravia - Adulto (30-50),9897.0,2.0,24.87,13184.96,8788.9,24132.72,0,Sin evaluar
600,719,M,24,east Bohemia,Bohemia,Joven (<30),Bohemia - Joven (<30),8369.0,2.0,21.62,18470.54,11907.49,40800.23,0,Sin evaluar
601,720,M,44,west Bohemia,Bohemia,Adulto (30-50),Bohemia - Adulto (30-50),8843.0,3.0,64.89,4.62,1060.1,17694.33,0,Sin evaluar
602,721,M,58,east Bohemia,Bohemia,Adulto Mayor (>50),Bohemia - Adulto Mayor (>50),9425.0,2.0,38.14,5570.45,2286.31,15403.24,0,Sin evaluar
603,722,F,28,south Moravia,Moravia,Joven (<30),Moravia - Joven (<30),8544.0,1.0,30.65,14130.11,7029.04,48956.22,0,Sin evaluar
604,723,F,41,central Bohemia,Bohemia,Adulto (30-50),Bohemia - Adulto (30-50),8754.0,4.0,61.14,9311.38,8675.17,38392.07,0,Sin evaluar
605,724,F,45,south Moravia,Moravia,Adulto (30-50),Moravia - Adulto (30-50),8403.0,6.0,22.83,11580.25,4814.72,20186.6,0,Sin evaluar
606,725,M,42,north Moravia,Moravia,Adulto (30-50),Moravia - Adulto (30-50),8819.0,5.0,13.86,25892.64,15036.08,51253.79,0,Sin evaluar
607,726,M,63,south Bohemia,Bohemia,Adulto Mayor (>50),Bohemia - Adulto Mayor (>50),8427.0,1.0,46.42,12.93,1000.86,16281.18,0,Sin evaluar
608,727,F,68,north Bohemia,Bohemia,Adulto Mayor (>50),Bohemia - Adulto Mayor (>50),9272.0,3.0,45.17,13.28,1594.64,17494.12,0,Sin evaluar
609,729,F,29,south Moravia,Moravia,Joven (<30),Moravia - Joven (<30),8288.0,4.0,55.56,12.6,761.16,20332.58,0,Sin evaluar
610,731,F,19,north Moravia,Moravia,Joven (<30),Moravia - Joven (<30),10673.0,5.0,52.67,208.85,26716.59,67671.11,0,Sin evaluar
611,733,M,20,east Bohemia,Bohemia,Joven (<30),Bohemia - Joven (<30),8369.0,2.0,17.35,57.64,1059.37,12295.12,0,Sin evaluar
612,735,M,25,Prague,Praga,Joven (<30),Praga - Joven (<30),12541.0,0.0,31.15,9.63,677.69,14442.86,0,Sin evaluar
613,737,M,46,north Moravia,Moravia,Adulto (30-50),Moravia - Adulto (30-50),10673.0,5.0,28.68,289.4,12398.99,29306.05,0,Sin evaluar
614,738,M,78,west Bohemia,Bohemia,Adulto Mayor (>50),Bohemia - Adulto Mayor (>50),8554.0,2.0,18.79,10.64,2604.58,28516.39,0,Sin evaluar
615,739,M,56,north Moravia,Moravia,Adulto Mayor (>50),Moravia - Adulto Mayor (>50),8994.0,4.0,32.72,24.45,627.75,20140.69,0,Sin evaluar
616,740,M,75,south Moravia,Moravia,Adulto Mayor (>50),Moravia - Adulto Mayor (>50),8743.0,2.0,62.55,17.59,4720.7,23468.84,0,Sin evaluar
617,741,M,57,north Moravia,Moravia,Adulto Mayor (>50),Moravia - Adulto Mayor (>50),10673.0,5.0,28.25,205.31,16828.92,38592.98,0,Sin evaluar
618,742,F,47,Prague,Praga,Adulto (30-50),Praga - Adulto (30-50),12541.0,0.0,26.94,27287.75,22607.28,55944.32,0,Sin evaluar
619,743,M,57,Prague,Praga,Adulto Mayor (>50),Praga - Adulto Mayor (>50),12541.0,0.0,39.72,27609.87,18859.52,42212.18,0,Sin evaluar
620,744,M,58,west Bohemia,Bohemia,Adulto Mayor (>50),Bohemia - Adulto Mayor (>50),10787.0,3.0,34.4,1386.63,1034.88,17991.43,0,Sin evaluar
621,745,F,32,east Bohemia,Bohemia,Adulto (30-50),Bohemia - Adulto (30-50),8363.0,3.0,30.98,26973.66,22508.72,43956.37,0,Sin evaluar
622,747,F,45,west Bohemia,Bohemia,Adulto (30-50),Bohemia - Adulto (30-50),8991.0,1.0,18.3,26086.83,16234.97,28841.6,0,Sin evaluar
623,748,M,62,west Bohemia,Bohemia,Adulto Mayor (>50),Bohemia - Adulto Mayor (>50),8554.0,2.0,69.26,2.89,977.19,20226.22,0,Sin evaluar
624,750,F,42,north Moravia,Moravia,Adulto (30-50),Moravia - Adulto (30-50),10177.0,7.0,62.65,45106.1,44728.81,61773.32,0,Sin evaluar
625,751,M,39,north Moravia,Moravia,Adulto (30-50),Moravia - Adulto (30-50),10177.0,7.0,41.66,38984.97,30075.9,48645.11,0,Sin evaluar
626,752,M,54,north Moravia,Moravia,Adulto Mayor (>50),Moravia - Adulto Mayor (>50),8994.0,4.0,61.63,8613.16,4803.18,32379.37,0,Sin evaluar
627,754,F,51,south Moravia,Moravia,Adulto Mayor (>50),Moravia - Adulto Mayor (>50),8288.0,4.0,70.8,24402.25,15543.79,54594.19,0,Sin evaluar
628,755,M,51,north Moravia,Moravia,Adulto Mayor (>50),Moravia - Adulto Mayor (>50),8994.0,4.0,59.89,5909.17,2715.65,32757.18,0,Sin evaluar
629,756,M,78,west Bohemia,Bohemia,Adulto Mayor (>50),Bohemia - Adulto Mayor (>50),8930.0,4.0,53.22,9.39,1781.85,16270.07,0,Sin evaluar
630,757,F,28,north Moravia,Moravia,Joven (<30),Moravia - Joven (<30),8678.0,6.0,66.07,511.58,1442.41,18563.76,0,Sin evaluar
631,758,F,37,north Moravia,Moravia,Adulto (30-50),Moravia - Adulto (30-50),9893.0,4.0,33.22,1526.19,1893.14,25283.66,0,Sin evaluar
632,759,M,43,west Bohemia,Bohemia,Adulto (30-50),Bohemia - Adulto (30-50),8843.0,3.0,31.57,12.67,749.76,17630.88,0,Sin evaluar
633,760,F,62,south Moravia,Moravia,Adulto Mayor (>50),Moravia - Adulto Mayor (>50),8720.0,4.0,36.83,19.01,1854.47,16885.1,0,Sin evaluar
635,762,M,61,south Bohemia,Bohemia,Adulto Mayor (>50),Bohemia - Adulto Mayor (>50),9104.0,2.0,52.34,33785.86,27041.82,44246.19,6,Sin evaluar
636,763,F,71,north Moravia,Moravia,Adulto Mayor (>50),Moravia - Adulto Mayor (>50),8819.0,5.0,20.24,49.41,1502.47,15821.69,0,Sin evaluar
637,764,F,43,east Bohemia,Bohemia,Adulto (30-50),Bohemia - Adulto (30-50),8208.0,2.0,28.12,931.72,1731.15,14262.92,0,Sin evaluar
638,765,M,29,south Moravia,Moravia,Joven (<30),Moravia - Joven (<30),8403.0,6.0,42.12,18784.12,11128.21,29503.01,0,Sin evaluar
639,766,F,72,Prague,Praga,Adulto Mayor (>50),Praga - Adulto Mayor (>50),12541.0,0.0,13.9,35.97,1287.05,20117.16,0,Sin evaluar
640,768,F,67,north Bohemia,Bohemia,Adulto Mayor (>50),Bohemia - Adulto Mayor (>50),9272.0,3.0,66.96,16.43,1186.68,26865.96,0,Sin evaluar
641,769,M,21,north Bohemia,Bohemia,Joven (<30),Bohemia - Joven (<30),9317.0,6.0,18.3,26330.77,21217.49,50108.33,0,Sin evaluar
643,772,M,54,south Moravia,Moravia,Adulto Mayor (>50),Moravia - Adulto Mayor (>50),9624.0,2.0,14.09,8535.63,6095.1,32525.4,0,Sin evaluar
644,773,M,63,central Bohemia,Bohemia,Adulto Mayor (>50),Bohemia - Adulto Mayor (>50),9753.0,5.0,13.8,21.74,554.35,12911.66,0,Sin evaluar
645,774,M,25,north Moravia,Moravia,Joven (<30),Moravia - Joven (<30),10177.0,7.0,16.33,56509.55,42115.8,72096.22,0,Sin evaluar
646,775,F,58,east Bohemia,Bohemia,Adulto Mayor (>50),Bohemia - Adulto Mayor (>50),8541.0,3.0,35.81,10477.91,5811.23,24151.93,0,Sin evaluar
647,776,F,45,Prague,Praga,Adulto (30-50),Praga - Adulto (30-50),12541.0,0.0,20.11,14671.71,7653.9,39326.79,0,Sin evaluar
648,778,M,58,central Bohemia,Bohemia,Adulto Mayor (>50),Bohemia - Adulto Mayor (>50),8598.0,3.0,61.7,21523.24,10269.04,65589.17,0,Sin evaluar
649,779,F,54,north Moravia,Moravia,Adulto Mayor (>50),Moravia - Adulto Mayor (>50),8173.0,5.83,55.49,36126.76,35376.32,53507.55,1,Sin evaluar
650,780,M,74,central Bohemia,Bohemia,Adulto Mayor (>50),Bohemia - Adulto Mayor (>50),8980.0,2.0,47.08,23.36,4915.68,25178.71,0,Sin evaluar
651,781,M,53,north Moravia,Moravia,Adulto Mayor (>50),Moravia - Adulto Mayor (>50),8994.0,4.0,61.08,21940.93,15247.87,59517.97,0,Sin evaluar
652,782,F,35,central Bohemia,Bohemia,Adulto (30-50),Bohemia - Adulto (30-50),9307.0,4.0,71.82,15736.17,7768.87,46711.4,0,Sin evaluar
653,783,F,27,west Bohemia,Bohemia,Joven (<30),Bohemia - Joven (<30),8561.0,1.0,16.39,16388.65,11033.56,37904.68,0,Sin evaluar
654,785,M,64,south Moravia,Moravia,Adulto Mayor (>50),Moravia - Adulto Mayor (>50),8288.0,4.0,50.5,3.96,2696.44,31426.05,0,Sin evaluar
655,786,M,20,south Moravia,Moravia,Joven (<30),Moravia - Joven (<30),8240.0,3.0,69.26,25597.47,20199.25,58873.92,0,Sin evaluar
656,787,M,51,central Bohemia,Bohemia,Adulto Mayor (>50),Bohemia - Adulto Mayor (>50),8980.0,2.0,28.42,14740.04,8688.95,41172.67,0,Sin evaluar
657,788,M,24,east Bohemia,Bohemia,Joven (<30),Bohemia - Joven (<30),9538.0,2.0,64.76,6976.71,3414.76,34546.24,0,Sin evaluar
658,789,M,67,central Bohemia,Bohemia,Adulto Mayor (>50),Bohemia - Adulto Mayor (>50),9753.0,5.0,35.68,16.82,1627.24,20773.71,0,Sin evaluar
659,790,F,31,south Moravia,Moravia,Adulto (30-50),Moravia - Adulto (30-50),8288.0,4.0,24.54,1532.19,2080.28,31359.33,0,Sin evaluar
660,791,F,48,north Moravia,Moravia,Adulto (30-50),Moravia - Adulto (30-50),9893.0,4.0,35.35,18261.3,10337.2,40718.75,0,Sin evaluar
662,793,M,20,south Bohemia,Bohemia,Joven (<30),Bohemia - Joven (<30),9104.0,2.0,53.45,5806.51,2495.79,23848.69,0,Sin evaluar
664,796,M,79,Prague,Praga,Adulto Mayor (>50),Praga - Adulto Mayor (>50),12541.0,0.0,24.74,8.08,3101.46,22811.59,0,Sin evaluar
665,797,M,50,central Bohemia,Bohemia,Adulto Mayor (>50),Bohemia - Adulto Mayor (>50),11277.0,1.0,39.92,11127.61,4205.91,56126.6,0,Sin evaluar
666,798,F,58,west Bohemia,Bohemia,Adulto Mayor (>50),Bohemia - Adulto Mayor (>50),8561.0,1.0,33.54,17003.22,7254.03,47634.97,0,Buen Pagador
669,803,M,47,north Bohemia,Bohemia,Adulto (30-50),Bohemia - Adulto (30-50),8867.0,1.0,30.78,22.74,676.41,15483.19,0,Sin evaluar
671,806,M,18,south Moravia,Moravia,Joven (<30),Moravia - Joven (<30),8441.0,3.0,14.06,6223.76,5412.52,18036.25,0,Sin evaluar
672,807,F,29,south Moravia,Moravia,Joven (<30),Moravia - Joven (<30),8240.0,3.0,18.27,2599.89,574.71,27588.89,0,Sin evaluar
673,808,M,35,west Bohemia,Bohemia,Adulto (30-50),Bohemia - Adulto (30-50),8930.0,4.0,12.75,17544.39,11593.73,37460.08,0,Sin evaluar
674,809,M,79,east Bohemia,Bohemia,Adulto Mayor (>50),Bohemia - Adulto Mayor (>50),8208.0,2.0,39.95,7.51,2487.11,23867.6,0,Sin evaluar
675,810,F,53,south Moravia,Moravia,Adulto Mayor (>50),Moravia - Adulto Mayor (>50),8757.0,3.0,40.94,12719.61,4540.79,38258.06,0,Sin evaluar
676,812,M,58,north Bohemia,Bohemia,Adulto Mayor (>50),Bohemia - Adulto Mayor (>50),10446.0,7.0,39.29,6823.26,3160.6,29227.73,0,Sin evaluar
677,813,M,34,north Moravia,Moravia,Adulto (30-50),Moravia - Adulto (30-50),10177.0,7.0,15.57,23416.89,20552.34,41015.24,0,Sin evaluar
678,814,M,39,south Bohemia,Bohemia,Adulto (30-50),Bohemia - Adulto (30-50),8402.0,3.0,62.75,8402.55,3566.53,20618.91,0,Sin evaluar
679,815,F,34,west Bohemia,Bohemia,Adulto (30-50),Bohemia - Adulto (30-50),8620.0,1.0,17.64,17855.33,11065.76,44634.23,0,Sin evaluar
680,816,F,40,south Bohemia,Bohemia,Adulto (30-50),Bohemia - Adulto (30-50),8114.0,2.0,17.45,15860.29,10355.3,39524.6,0,Sin evaluar
682,818,M,32,south Moravia,Moravia,Adulto (30-50),Moravia - Adulto (30-50),9897.0,2.0,18.76,42.64,527.19,14887.93,0,Sin evaluar
683,819,M,40,north Moravia,Moravia,Adulto (30-50),Moravia - Adulto (30-50),10673.0,5.0,29.31,25035.38,15361.31,37947.25,0,Sin evaluar
684,821,M,50,east Bohemia,Bohemia,Adulto Mayor (>50),Bohemia - Adulto Mayor (>50),8208.0,2.0,31.64,6.32,722.5,13567.18,0,Sin evaluar
685,822,F,39,north Bohemia,Bohemia,Adulto (30-50),Bohemia - Adulto (30-50),9065.0,4.0,47.87,30046.25,28473.68,59456.53,0,Sin evaluar
686,823,M,42,north Bohemia,Bohemia,Adulto (30-50),Bohemia - Adulto (30-50),9832.0,3.0,68.9,11764.6,5786.36,23619.83,0,Sin evaluar
687,824,M,46,west Bohemia,Bohemia,Adulto (30-50),Bohemia - Adulto (30-50),8561.0,1.0,30.95,14040.61,8903.39,20487.98,0,Sin evaluar
688,825,M,21,north Moravia,Moravia,Joven (<30),Moravia - Joven (<30),10673.0,5.0,61.17,706.23,1927.91,24107.02,0,Sin evaluar
689,826,M,20,Prague,Praga,Joven (<30),Praga - Joven (<30),12541.0,0.0,32.23,38348.53,31304.9,54603.28,0,Sin evaluar
690,827,F,33,central Bohemia,Bohemia,Adulto (30-50),Bohemia - Adulto (30-50),10124.0,1.0,29.67,20268.15,12842.6,32770.77,0,Sin evaluar
691,829,M,41,west Bohemia,Bohemia,Adulto (30-50),Bohemia - Adulto (30-50),8991.0,1.0,34.3,5740.06,2319.53,17262.67,0,Sin evaluar
692,830,M,50,north Moravia,Moravia,Adulto Mayor (>50),Moravia - Adulto Mayor (>50),8173.0,5.83,26.94,19712.03,15485.52,28644.52,0,Sin evaluar
693,831,M,50,central Bohemia,Bohemia,Adulto Mayor (>50),Bohemia - Adulto Mayor (>50),8507.0,2.0,54.83,19119.84,13146.82,36272.38,0,Sin evaluar
694,832,F,75,north Moravia,Moravia,Adulto Mayor (>50),Moravia - Adulto Mayor (>50),8110.0,6.0,27.86,17.95,2403.09,29717.42,0,Sin evaluar
695,833,M,38,central Bohemia,Bohemia,Adulto (30-50),Bohemia - Adulto (30-50),9307.0,4.0,32.33,25077.95,16418.19,33253.67,0,Sin evaluar
696,834,M,76,south Moravia,Moravia,Adulto Mayor (>50),Moravia - Adulto Mayor (>50),9897.0,2.0,13.7,51.09,1160.58,40343.55,0,Sin evaluar
697,835,F,55,west Bohemia,Bohemia,Adulto Mayor (>50),Bohemia - Adulto Mayor (>50),8594.0,2.0,70.21,23975.19,16876.51,54673.24,0,Sin evaluar
698,837,M,24,north Moravia,Moravia,Joven (<30),Moravia - Joven (<30),8678.0,6.0,27.04,17069.6,10255.18,36685.8,0,Sin evaluar
699,839,F,43,east Bohemia,Bohemia,Adulto (30-50),Bohemia - Adulto (30-50),9538.0,2.0,63.44,39151.15,37606.98,67500.68,0,Sin evaluar
700,840,M,61,south Bohemia,Bohemia,Adulto Mayor (>50),Bohemia - Adulto Mayor (>50),8547.0,3.0,55.0,6026.18,2645.45,24723.13,0,Sin evaluar
701,841,M,17,north Moravia,Moravia,Joven (<30),Moravia - Joven (<30),8173.0,5.83,66.76,6648.52,6109.2,33108.15,0,Sin evaluar
702,842,F,65,central Bohemia,Bohemia,Adulto Mayor (>50),Bohemia - Adulto Mayor (>50),8754.0,4.0,66.27,12.07,1368.34,15539.1,0,Sin evaluar
703,843,F,41,south Moravia,Moravia,Adulto (30-50),Moravia - Adulto (30-50),9897.0,2.0,12.32,2159.09,1461.85,30467.33,0,Sin evaluar
704,844,M,53,west Bohemia,Bohemia,Adulto Mayor (>50),Bohemia - Adulto Mayor (>50),8620.0,1.0,71.95,19000.86,14898.96,35043.23,0,Sin evaluar
705,846,M,49,north Bohemia,Bohemia,Adulto (30-50),Bohemia - Adulto (30-50),8867.0,1.0,17.58,7547.04,3708.76,21846.64,0,Sin evaluar
706,847,M,19,east Bohemia,Bohemia,Joven (<30),Bohemia - Joven (<30),8208.0,2.0,31.8,20043.08,18579.25,35887.61,0,Sin evaluar
708,849,F,59,west Bohemia,Bohemia,Adulto Mayor (>50),Bohemia - Adulto Mayor (>50),10787.0,3.0,33.05,1204.24,937.97,17973.33,0,Sin evaluar
709,850,M,29,south Bohemia,Bohemia,Joven (<30),Bohemia - Joven (<30),8402.0,3.0,53.22,27307.4,26390.53,48613.23,0,Sin evaluar
710,851,M,79,west Bohemia,Bohemia,Adulto Mayor (>50),Bohemia - Adulto Mayor (>50),8554.0,2.0,51.94,3.85,1487.87,17883.02,0,Sin evaluar
711,853,M,49,north Moravia,Moravia,Adulto (30-50),Moravia - Adulto (30-50),10177.0,7.0,53.85,12031.46,8552.27,36338.1,0,Sin evaluar
712,854,F,57,north Moravia,Moravia,Adulto Mayor (>50),Moravia - Adulto Mayor (>50),8994.0,4.0,24.97,46444.41,43416.54,67648.61,0,Sin evaluar
713,855,M,68,south Moravia,Moravia,Adulto Mayor (>50),Moravia - Adulto Mayor (>50),8757.0,3.0,26.51,18.86,2162.2,12688.44,0,Sin evaluar
714,856,M,79,west Bohemia,Bohemia,Adulto Mayor (>50),Bohemia - Adulto Mayor (>50),8624.0,2.0,25.86,23.2,2006.19,17237.28,0,Sin evaluar
715,857,M,50,north Bohemia,Bohemia,Adulto Mayor (>50),Bohemia - Adulto Mayor (>50),9272.0,3.0,28.75,17172.35,11057.39,33159.22,0,Sin evaluar
716,858,F,39,east Bohemia,Bohemia,Adulto (30-50),Bohemia - Adulto (30-50),9538.0,2.0,51.19,21326.16,19716.74,44171.92,0,Sin evaluar
717,859,F,30,Prague,Praga,Adulto (30-50),Praga - Adulto (30-50),12541.0,0.0,68.24,22134.76,15152.4,41267.71,0,Sin evaluar
718,861,F,42,Prague,Praga,Adulto (30-50),Praga - Adulto (30-50),12541.0,0.0,33.94,41463.02,26949.23,48722.73,0,Buen Pagador
719,862,M,46,west Bohemia,Bohemia,Adulto (30-50),Bohemia - Adulto (30-50),9650.0,3.0,60.32,1501.99,1757.29,29596.49,0,Sin evaluar
720,863,F,30,south Moravia,Moravia,Adulto (30-50),Moravia - Adulto (30-50),9897.0,2.0,41.4,6954.93,3171.98,22278.11,0,Sin evaluar
721,864,M,45,central Bohemia,Bohemia,Adulto (30-50),Bohemia - Adulto (30-50),9622.0,0.0,64.07,7.8,975.65,20868.01,0,Sin evaluar
722,866,F,23,north Bohemia,Bohemia,Joven (<30),Bohemia - Joven (<30),8965.0,7.0,19.91,23368.66,17734.81,32983.96,3,Sin evaluar
725,870,M,41,north Moravia,Moravia,Adulto (30-50),Moravia - Adulto (30-50),10177.0,7.0,29.77,1145.45,1706.75,29742.07,0,Sin evaluar
726,871,M,24,north Moravia,Moravia,Joven (<30),Moravia - Joven (<30),8369.0,5.0,58.87,6498.11,3249.53,24484.05,0,Sin evaluar
727,872,M,35,north Bohemia,Bohemia,Adulto (30-50),Bohemia - Adulto (30-50),8867.0,1.0,12.19,2789.17,114.85,21936.36,0,Sin evaluar
728,873,M,54,south Moravia,Moravia,Adulto Mayor (>50),Moravia - Adulto Mayor (>50),8441.0,3.0,37.09,9079.54,4033.43,20078.85,0,Sin evaluar
729,874,F,46,south Bohemia,Bohemia,Adulto (30-50),Bohemia - Adulto (30-50),10045.0,1.0,22.47,40.05,514.46,19270.99,0,Sin evaluar
730,876,M,38,Prague,Praga,Adulto (30-50),Praga - Adulto (30-50),12541.0,0.0,64.1,44709.14,43026.76,60558.83,0,Sin evaluar
731,877,F,71,central Bohemia,Bohemia,Adulto Mayor (>50),Bohemia - Adulto Mayor (>50),9307.0,4.0,41.69,14.39,1337.97,14619.78,0,Sin evaluar
732,879,F,55,north Bohemia,Bohemia,Adulto Mayor (>50),Bohemia - Adulto Mayor (>50),8965.0,7.0,30.78,18724.01,13119.56,31568.34,0,Sin evaluar
733,880,M,38,east Bohemia,Bohemia,Adulto (30-50),Bohemia - Adulto (30-50),8208.0,2.0,43.5,45970.28,44249.59,65133.33,0,Sin evaluar
734,881,F,23,central Bohemia,Bohemia,Joven (<30),Bohemia - Joven (<30),9307.0,4.0,32.76,9.16,1056.78,16445.02,0,Sin evaluar
735,882,F,65,north Moravia,Moravia,Adulto Mayor (>50),Moravia - Adulto Mayor (>50),10177.0,7.0,15.44,32.38,1698.19,24550.06,0,Sin evaluar
736,883,F,78,north Moravia,Moravia,Adulto Mayor (>50),Moravia - Adulto Mayor (>50),8819.0,5.0,12.78,39.12,1057.9,17893.51,0,Sin evaluar
737,885,M,75,north Bohemia,Bohemia,Adulto Mayor (>50),Bohemia - Adulto Mayor (>50),9675.0,6.0,60.75,11.52,1638.35,22374.24,0,Sin evaluar
738,886,M,50,north Bohemia,Bohemia,Adulto Mayor (>50),Bohemia - Adulto Mayor (>50),9675.0,6.0,66.33,25213.4,19614.05,67680.5,0,Sin evaluar
739,887,F,25,south Moravia,Moravia,Joven (<30),Moravia - Joven (<30),8512.0,4.0,33.45,25456.86,18737.22,47890.59,0,Sin evaluar
740,888,M,25,west Bohemia,Bohemia,Joven (<30),Bohemia - Joven (<30),8594.0,2.0,56.9,1181.02,848.86,21545.45,0,Sin evaluar
741,889,F,17,south Moravia,Moravia,Joven (<30),Moravia - Joven (<30),9897.0,2.0,53.59,9548.37,8671.39,46339.13,0,Sin evaluar
742,890,M,79,north Moravia,Moravia,Adulto Mayor (>50),Moravia - Adulto Mayor (>50),8909.0,4.0,59.07,6.77,2008.46,20934.33,0,Sin evaluar
743,891,M,67,north Bohemia,Bohemia,Adulto Mayor (>50),Bohemia - Adulto Mayor (>50),8705.0,6.0,61.83,8.09,1617.82,23065.71,0,Sin evaluar
744,892,F,76,east Bohemia,Bohemia,Adulto Mayor (>50),Bohemia - Adulto Mayor (>50),8388.0,2.0,69.85,5.73,3250.68,24064.18,0,Sin evaluar
745,893,F,63,east Bohemia,Bohemia,Adulto Mayor (>50),Bohemia - Adulto Mayor (>50),9425.0,2.0,14.72,74.73,1779.21,23091.41,0,Sin evaluar
746,894,M,64,north Moravia,Moravia,Adulto Mayor (>50),Moravia - Adulto Mayor (>50),8819.0,5.0,43.73,11.43,1302.54,24459.42,0,Sin evaluar
747,895,M,28,north Bohemia,Bohemia,Joven (<30),Bohemia - Joven (<30),10446.0,7.0,64.72,5709.83,3027.81,21247.6,0,Sin evaluar
748,896,F,25,north Bohemia,Bohemia,Joven (<30),Bohemia - Joven (<30),9198.0,3.0,68.76,12683.42,5420.59,46380.91,0,Sin evaluar
749,898,F,55,north Bohemia,Bohemia,Adulto Mayor (>50),Bohemia - Adulto Mayor (>50),8965.0,7.0,21.29,10444.48,5173.32,33483.64,0,Sin evaluar
750,900,M,21,north Moravia,Moravia,Joven (<30),Moravia - Joven (<30),8746.0,3.0,63.61,18290.27,11113.03,45727.63,0,Sin evaluar
751,901,M,79,north Bohemia,Bohemia,Adulto Mayor (>50),Bohemia - Adulto Mayor (>50),10446.0,7.0,67.65,13.3,1904.21,21817.8,0,Sin evaluar
752,902,M,48,west Bohemia,Bohemia,Adulto (30-50),Bohemia - Adulto (30-50),8624.0,2.0,23.66,12465.22,6891.8,18005.58,0,Sin evaluar
753,903,M,64,west Bohemia,Bohemia,Adulto Mayor (>50),Bohemia - Adulto Mayor (>50),8930.0,4.0,28.55,38.53,4640.98,20683.06,0,Sin evaluar
754,904,M,66,Prague,Praga,Adulto Mayor (>50),Praga - Adulto Mayor (>50),12541.0,0.0,42.78,18.7,2983.64,26045.42,0,Sin evaluar
755,905,M,58,north Bohemia,Bohemia,Adulto Mayor (>50),Bohemia - Adulto Mayor (>50),8965.0,7.0,15.11,27162.14,19323.63,46849.6,0,Sin evaluar
756,906,M,20,south Moravia,Moravia,Joven (<30),Moravia - Joven (<30),8403.0,6.0,47.57,1990.75,210.22,55140.28,0,Sin evaluar
757,907,M,50,east Bohemia,Bohemia,Adulto Mayor (>50),Bohemia - Adulto Mayor (>50),8541.0,3.0,65.41,8607.77,3854.15,48415.38,0,Sin evaluar
758,908,F,37,east Bohemia,Bohemia,Adulto (30-50),Bohemia - Adulto (30-50),8541.0,3.0,12.39,2808.72,645.68,20166.67,0,Sin evaluar
759,909,M,23,west Bohemia,Bohemia,Joven (<30),Bohemia - Joven (<30),8624.0,2.0,64.99,1988.0,1613.48,49171.71,0,Sin evaluar
760,910,M,37,Prague,Praga,Adulto (30-50),Praga - Adulto (30-50),12541.0,0.0,19.25,11939.69,6329.35,28263.77,0,Sin evaluar
761,911,M,59,east Bohemia,Bohemia,Adulto Mayor (>50),Bohemia - Adulto Mayor (>50),9425.0,2.0,56.74,1737.75,585.13,40521.49,0,Sin evaluar
762,912,M,78,north Moravia,Moravia,Adulto Mayor (>50),Moravia - Adulto Mayor (>50),8369.0,5.0,38.44,23.41,2277.58,16803.3,0,Sin evaluar
763,913,M,60,Prague,Praga,Adulto Mayor (>50),Praga - Adulto Mayor (>50),12541.0,0.0,46.23,13119.19,5780.23,30904.73,0,Sin evaluar
764,914,F,77,Prague,Praga,Adulto Mayor (>50),Praga - Adulto Mayor (>50),12541.0,0.0,71.72,15.34,3766.03,24556.53,0,Sin evaluar
765,915,M,23,central Bohemia,Bohemia,Joven (<30),Bohemia - Joven (<30),8754.0,4.0,24.34,6096.59,4073.54,45080.52,0,Sin evaluar
766,916,M,40,central Bohemia,Bohemia,Adulto (30-50),Bohemia - Adulto (30-50),8980.0,2.0,32.33,22184.91,13693.78,53803.17,0,Sin evaluar
767,917,F,25,west Bohemia,Bohemia,Joven (<30),Bohemia - Joven (<30),8554.0,2.0,45.21,20380.71,16238.89,36148.49,0,Sin evaluar
768,918,M,34,west Bohemia,Bohemia,Adulto (30-50),Bohemia - Adulto (30-50),10787.0,3.0,17.94,6656.13,2552.95,25844.27,0,Sin evaluar
770,921,F,44,central Bohemia,Bohemia,Adulto (30-50),Bohemia - Adulto (30-50),9920.0,2.0,27.2,10640.88,9029.41,33352.37,0,Sin evaluar
771,922,F,26,west Bohemia,Bohemia,Joven (<30),Bohemia - Joven (<30),8620.0,1.0,35.29,21604.08,16299.23,35725.28,0,Sin evaluar
772,924,M,45,Prague,Praga,Adulto (30-50),Praga - Adulto (30-50),12541.0,0.0,71.29,25939.11,20377.33,59372.86,0,Sin evaluar
773,925,M,39,south Moravia,Moravia,Adulto (30-50),Moravia - Adulto (30-50),9897.0,2.0,66.4,14519.89,9218.37,37451.89,2,Sin evaluar
774,926,M,17,Prague,Praga,Joven (<30),Praga - Joven (<30),12541.0,0.0,66.76,7816.63,6963.75,32809.6,0,Sin evaluar
775,927,M,24,Prague,Praga,Joven (<30),Praga - Joven (<30),12541.0,0.0,48.43,21841.26,17016.31,56600.59,0,Sin evaluar
776,928,F,47,south Moravia,Moravia,Adulto (30-50),Moravia - Adulto (30-50),8512.0,4.0,31.44,21062.47,15273.54,61756.32,0,Sin evaluar
777,929,M,63,west Bohemia,Bohemia,Adulto Mayor (>50),Bohemia - Adulto Mayor (>50),9650.0,3.0,12.09,54550.79,48985.61,73277.68,0,Sin evaluar
778,930,F,39,north Moravia,Moravia,Adulto (30-50),Moravia - Adulto (30-50),9893.0,4.0,26.15,2195.03,780.11,26496.3,0,Sin evaluar
779,931,M,30,south Bohemia,Bohemia,Adulto (30-50),Bohemia - Adulto (30-50),8427.0,1.0,28.58,16933.59,15864.94,30518.25,0,Sin evaluar
780,932,M,51,central Bohemia,Bohemia,Adulto Mayor (>50),Bohemia - Adulto Mayor (>50),8980.0,2.0,32.16,22187.87,15505.6,35394.79,0,Sin evaluar
781,933,F,20,north Bohemia,Bohemia,Joven (<30),Bohemia - Joven (<30),8705.0,6.0,46.36,15.1,963.33,15405.03,0,Sin evaluar
782,935,F,52,east Bohemia,Bohemia,Adulto Mayor (>50),Bohemia - Adulto Mayor (>50),8388.0,2.0,14.03,27326.66,20001.43,58221.51,0,Sin evaluar
783,937,M,67,Prague,Praga,Adulto Mayor (>50),Praga - Adulto Mayor (>50),12541.0,0.0,15.74,63.53,987.29,22333.72,0,Sin evaluar
784,938,F,54,south Moravia,Moravia,Adulto Mayor (>50),Moravia - Adulto Mayor (>50),8444.0,3.0,56.41,24983.23,21577.03,34567.51,0,Sin evaluar
785,939,M,46,south Bohemia,Bohemia,Adulto (30-50),Bohemia - Adulto (30-50),9104.0,2.0,16.72,610.05,18684.27,43870.56,0,Sin evaluar
786,940,M,38,south Moravia,Moravia,Adulto (30-50),Moravia - Adulto (30-50),8240.0,3.0,40.64,18809.5,12676.18,55283.25,0,Sin evaluar
787,941,M,63,central Bohemia,Bohemia,Adulto Mayor (>50),Bohemia - Adulto Mayor (>50),10124.0,1.0,61.54,7715.37,3158.92,20832.14,0,Sin evaluar
788,942,F,67,central Bohemia,Bohemia,Adulto Mayor (>50),Bohemia - Adulto Mayor (>50),8754.0,4.0,30.19,29.81,1971.18,23447.28,0,Sin evaluar
789,944,M,28,north Bohemia,Bohemia,Joven (<30),Bohemia - Joven (<30),10446.0,7.0,46.78,6498.33,1508.76,17913.54,0,Sin evaluar
790,946,M,47,south Moravia,Moravia,Adulto (30-50),Moravia - Adulto (30-50),9897.0,2.0,67.68,27894.12,24491.18,45511.28,0,Mal Pagador
791,948,M,74,east Bohemia,Bohemia,Adulto Mayor (>50),Bohemia - Adulto Mayor (>50),8208.0,2.0,36.57,19.14,1504.51,18546.52,0,Sin evaluar
792,949,M,22,central Bohemia,Bohemia,Joven (<30),Bohemia - Joven (<30),8980.0,2.0,16.59,1205.55,2011.45,26996.46,0,Sin evaluar
793,950,F,33,north Moravia,Moravia,Adulto (30-50),Moravia - Adulto (30-50),8369.0,5.0,71.89,11.13,1078.31,23180.92,0,Sin evaluar
794,952,F,47,south Moravia,Moravia,Adulto (30-50),Moravia - Adulto (30-50),8288.0,4.0,20.24,44.47,687.75,15629.79,0,Sin evaluar
795,953,M,61,west Bohemia,Bohemia,Adulto Mayor (>50),Bohemia - Adulto Mayor (>50),8554.0,2.0,47.11,7551.77,3451.5,42123.47,0,Sin evaluar
796,954,F,56,Prague,Praga,Adulto Mayor (>50),Praga - Adulto Mayor (>50),12541.0,0.0,22.54,8656.03,7690.95,37247.28,0,Sin evaluar
797,955,M,28,south Moravia,Moravia,Joven (<30),Moravia - Joven (<30),8720.0,4.0,25.33,35.53,35871.46,50339.29,0,Sin evaluar
798,956,M,32,Prague,Praga,Adulto (30-50),Praga - Adulto (30-50),12541.0,0.0,32.3,1659.44,1669.35,34400.42,0,Sin evaluar
799,957,F,57,south Moravia,Moravia,Adulto Mayor (>50),Moravia - Adulto Mayor (>50),8772.0,5.0,62.69,638.06,496.09,16012.05,0,Sin evaluar
800,959,F,36,central Bohemia,Bohemia,Adulto (30-50),Bohemia - Adulto (30-50),9622.0,0.0,12.81,2732.24,2370.8,26059.0,0,Sin evaluar
801,960,F,41,south Bohemia,Bohemia,Adulto (30-50),Bohemia - Adulto (30-50),8427.0,1.0,17.28,7169.21,3847.22,17121.15,0,Sin evaluar
802,961,F,67,south Bohemia,Bohemia,Adulto Mayor (>50),Bohemia - Adulto Mayor (>50),9045.0,3.0,48.36,6.2,2866.0,34624.86,0,Sin evaluar
803,962,M,32,south Bohemia,Bohemia,Adulto (30-50),Bohemia - Adulto (30-50),8402.0,3.0,39.72,32562.79,32354.71,40520.67,6,Sin evaluar
804,963,F,32,south Moravia,Moravia,Adulto (30-50),Moravia - Adulto (30-50),9624.0,2.0,34.79,9723.71,4815.75,44129.97,0,Sin evaluar
805,964,F,45,central Bohemia,Bohemia,Adulto (30-50),Bohemia - Adulto (30-50),10124.0,1.0,24.94,1623.9,17060.95,28132.73,1,Sin evaluar
806,965,F,26,central Bohemia,Bohemia,Joven (<30),Bohemia - Joven (<30),8598.0,3.0,26.05,11.52,824.57,18147.66,0,Sin evaluar
807,967,M,19,north Moravia,Moravia,Joven (<30),Moravia - Joven (<30),8369.0,5.0,42.61,3083.78,12247.52,37471.64,0,Sin evaluar
808,968,M,41,north Moravia,Moravia,Adulto (30-50),Moravia - Adulto (30-50),8173.0,5.83,42.61,16503.4,4378.78,18051.92,10,Sin evaluar
809,970,M,41,north Bohemia,Bohemia,Adulto (30-50),Bohemia - Adulto (30-50),9198.0,3.0,36.37,21061.37,12982.68,23151.01,0,Sin evaluar
810,971,F,79,east Bohemia,Bohemia,Adulto Mayor (>50),Bohemia - Adulto Mayor (>50),8369.0,2.0,37.65,5.31,2284.46,19535.35,0,Sin evaluar
811,973,F,28,south Bohemia,Bohemia,Joven (<30),Bohemia - Joven (<30),10045.0,1.0,16.99,23.54,30723.96,56389.11,0,Sin evaluar
812,975,F,39,Prague,Praga,Adulto (30-50),Praga - Adulto (30-50),12541.0,0.0,28.02,21607.67,13010.71,35422.38,0,Sin evaluar
813,976,F,43,south Bohemia,Bohemia,Adulto (30-50),Bohemia - Adulto (30-50),8427.0,1.0,70.64,458.66,12999.04,36158.44,0,Buen Pagador
814,977,F,72,north Moravia,Moravia,Adulto Mayor (>50),Moravia - Adulto Mayor (>50),8369.0,5.0,26.81,11.19,4344.27,23310.55,0,Sin evaluar
815,978,F,30,south Moravia,Moravia,Adulto (30-50),Moravia - Adulto (30-50),8772.0,5.0,64.2,4.67,927.73,16400.69,0,Sin evaluar
816,980,M,37,north Bohemia,Bohemia,Adulto (30-50),Bohemia - Adulto (30-50),9317.0,6.0,64.85,43305.6,37148.64,70446.05,0,Buen Pagador
817,981,M,38,central Bohemia,Bohemia,Adulto (30-50),Bohemia - Adulto (30-50),9307.0,4.0,57.46,23081.38,11000.7,31340.38,0,Sin evaluar
819,984,M,49,south Bohemia,Bohemia,Adulto (30-50),Bohemia - Adulto (30-50),8547.0,3.0,44.32,20928.97,18371.39,43749.05,0,Sin evaluar
820,986,M,43,north Moravia,Moravia,Adulto (30-50),Moravia - Adulto (30-50),10673.0,5.0,37.88,13935.67,7533.26,44325.31,0,Sin evaluar
821,987,M,46,south Moravia,Moravia,Adulto (30-50),Moravia - Adulto (30-50),8441.0,3.0,33.51,835.57,2312.15,21006.3,0,Sin evaluar
822,988,F,59,north Bohemia,Bohemia,Adulto Mayor (>50),Bohemia - Adulto Mayor (>50),9317.0,6.0,26.87,18.61,4426.5,20201.44,0,Sin evaluar
823,990,M,37,north Moravia,Moravia,Adulto (30-50),Moravia - Adulto (30-50),8678.0,6.0,15.38,71.52,273.08,19544.4,0,Sin evaluar
824,991,M,57,north Bohemia,Bohemia,Adulto Mayor (>50),Bohemia - Adulto Mayor (>50),9272.0,3.0,33.35,9941.83,3904.05,32081.78,0,Sin evaluar
825,992,M,50,south Bohemia,Bohemia,Adulto Mayor (>50),Bohemia - Adulto Mayor (>50),8402.0,3.0,33.84,18288.59,7549.65,33872.56,0,Buen Pagador
826,993,F,29,east Bohemia,Bohemia,Joven (<30),Bohemia - Joven (<30),8254.0,3.0,26.84,9789.53,4347.24,21462.63,0,Sin evaluar
827,994,M,27,north Bohemia,Bohemia,Joven (<30),Bohemia - Joven (<30),9198.0,3.0,34.23,29.21,632.78,20692.42,0,Sin evaluar
828,996,F,18,Prague,Praga,Joven (<30),Praga - Joven (<30),12541.0,0.0,22.57,14871.51,6302.17,27986.95,0,Sin evaluar
829,997,M,48,south Moravia,Moravia,Adulto (30-50),Moravia - Adulto (30-50),8444.0,3.0,25.66,31.18,287.61,22422.57,0,Sin evaluar
830,999,F,32,north Moravia,Moravia,Adulto (30-50),Moravia - Adulto (30-50),10673.0,5.0,70.7,17901.75,16733.52,56565.07,0,Sin evaluar
831,1001,M,51,east Bohemia,Bohemia,Adulto Mayor (>50),Bohemia - Adulto Mayor (>50),8254.0,3.0,27.4,36.5,910.95,15526.76,0,Sin evaluar
832,1002,F,54,east Bohemia,Bohemia,Adulto Mayor (>50),Bohemia - Adulto Mayor (>50),8388.0,2.0,31.24,16.01,777.53,15932.39,0,Sin evaluar
833,1003,F,61,west Bohemia,Bohemia,Adulto Mayor (>50),Bohemia - Adulto Mayor (>50),8930.0,4.0,28.06,32.07,1719.17,18987.66,0,Sin evaluar
834,1004,M,41,central Bohemia,Bohemia,Adulto (30-50),Bohemia - Adulto (30-50),8980.0,2.0,19.29,559.88,1589.94,15156.85,0,Sin evaluar
836,1006,F,56,east Bohemia,Bohemia,Adulto Mayor (>50),Bohemia - Adulto Mayor (>50),8369.0,2.0,29.11,8231.6,4032.29,25857.44,0,Sin evaluar
837,1008,M,42,central Bohemia,Bohemia,Adulto (30-50),Bohemia - Adulto (30-50),8546.0,3.0,63.41,23221.73,13970.98,43926.42,0,Sin evaluar
838,1009,F,36,north Bohemia,Bohemia,Adulto (30-50),Bohemia - Adulto (30-50),8705.0,6.0,62.26,1023.13,962.09,21187.18,0,Sin evaluar
839,1011,M,59,south Bohemia,Bohemia,Adulto Mayor (>50),Bohemia - Adulto Mayor (>50),8427.0,1.0,47.44,26461.89,20560.71,59620.77,0,Sin evaluar
840,1012,F,32,north Moravia,Moravia,Adulto (30-50),Moravia - Adulto (30-50),10177.0,7.0,33.64,26873.96,21237.22,44844.46,0,Sin evaluar
841,1014,M,67,Prague,Praga,Adulto Mayor (>50),Praga - Adulto Mayor (>50),12541.0,0.0,61.86,12.93,3239.73,31681.11,0,Sin evaluar
842,1015,M,64,south Moravia,Moravia,Adulto Mayor (>50),Moravia - Adulto Mayor (>50),8544.0,1.0,44.81,15.62,1605.22,16475.33,0,Sin evaluar
843,1017,F,55,central Bohemia,Bohemia,Adulto Mayor (>50),Bohemia - Adulto Mayor (>50),8546.0,3.0,20.73,868.31,1605.4,19180.14,0,Sin evaluar
844,1018,M,53,south Moravia,Moravia,Adulto Mayor (>50),Moravia - Adulto Mayor (>50),8240.0,3.0,56.11,12.48,36579.86,54357.6,0,Sin evaluar
845,1019,F,52,south Bohemia,Bohemia,Adulto Mayor (>50),Bohemia - Adulto Mayor (>50),10045.0,1.0,12.12,26745.54,13886.14,50627.75,0,Sin evaluar
846,1020,F,21,north Moravia,Moravia,Joven (<30),Moravia - Joven (<30),8994.0,4.0,33.74,43668.05,34871.1,66175.57,0,Buen Pagador
847,1021,M,21,central Bohemia,Bohemia,Joven (<30),Bohemia - Joven (<30),8507.0,2.0,29.34,8123.35,6341.17,31068.65,0,Sin evaluar
848,1022,M,58,west Bohemia,Bohemia,Adulto Mayor (>50),Bohemia - Adulto Mayor (>50),8930.0,4.0,30.49,10736.31,3970.48,33067.8,0,Sin evaluar
849,1023,M,60,Prague,Praga,Adulto Mayor (>50),Praga - Adulto Mayor (>50),12541.0,0.0,35.98,14440.13,14533.82,25172.99,5,Sin evaluar
850,1024,M,42,west Bohemia,Bohemia,Adulto (30-50),Bohemia - Adulto (30-50),8554.0,2.0,21.82,13.75,18103.57,33099.57,0,Sin evaluar
851,1025,M,34,south Bohemia,Bohemia,Adulto (30-50),Bohemia - Adulto (30-50),9045.0,3.0,51.25,32763.06,29041.46,50257.95,0,Sin evaluar
852,1026,M,19,south Moravia,Moravia,Joven (<30),Moravia - Joven (<30),8720.0,4.0,14.26,77.14,597.48,16391.74,0,Sin evaluar
853,1027,F,58,Prague,Praga,Adulto Mayor (>50),Praga - Adulto Mayor (>50),12541.0,0.0,33.38,17940.53,11101.86,43294.01,0,Sin evaluar
854,1029,F,44,Prague,Praga,Adulto (30-50),Praga - Adulto (30-50),12541.0,0.0,63.31,11419.18,5553.63,26392.9,0,Sin evaluar
855,1030,M,51,Prague,Praga,Adulto Mayor (>50),Praga - Adulto Mayor (>50),12541.0,0.0,57.13,15984.46,8873.45,40519.27,0,Sin evaluar
856,1031,F,30,central Bohemia,Bohemia,Adulto (30-50),Bohemia - Adulto (30-50),8507.0,2.0,33.94,14182.56,7856.81,42189.34,0,Sin evaluar
857,1032,F,60,Prague,Praga,Adulto Mayor (>50),Praga - Adulto Mayor (>50),12541.0,0.0,63.47,17.33,1423.03,19422.1,0,Sin evaluar
858,1034,F,24,east Bohemia,Bohemia,Joven (<30),Bohemia - Joven (<30),8363.0,3.0,29.6,24754.8,18312.16,42184.74,0,Sin evaluar
859,1035,F,27,central Bohemia,Bohemia,Joven (<30),Bohemia - Joven (<30),8598.0,3.0,16.16,12524.75,7386.14,29817.85,0,Sin evaluar
860,1037,F,33,Prague,Praga,Adulto (30-50),Praga - Adulto (30-50),12541.0,0.0,69.42,14448.01,6689.14,27802.17,0,Sin evaluar
861,1038,F,37,north Moravia,Moravia,Adulto (30-50),Moravia - Adulto (30-50),8173.0,5.83,63.57,19739.99,10512.82,29687.57,0,Sin evaluar
862,1039,F,18,north Moravia,Moravia,Joven (<30),Moravia - Joven (<30),10177.0,7.0,70.9,59.24,43513.29,70732.09,0,Sin evaluar
863,1040,M,38,Prague,Praga,Adulto (30-50),Praga - Adulto (30-50),12541.0,0.0,67.52,43824.16,36750.84,66901.95,0,Sin evaluar
864,1041,M,37,north Moravia,Moravia,Adulto (30-50),Moravia - Adulto (30-50),8994.0,4.0,17.77,7172.65,2847.5,22401.64,0,Sin evaluar
865,1042,F,32,south Bohemia,Bohemia,Adulto (30-50),Bohemia - Adulto (30-50),8114.0,2.0,33.45,26.91,865.17,20948.06,0,Sin evaluar
866,1044,F,27,central Bohemia,Bohemia,Joven (<30),Bohemia - Joven (<30),8899.0,3.0,71.66,14064.08,8829.19,35352.2,0,Sin evaluar
867,1045,F,51,south Moravia,Moravia,Adulto Mayor (>50),Moravia - Adulto Mayor (>50),8441.0,3.0,13.7,27969.05,18815.69,32093.39,5,Sin evaluar
868,1046,M,23,Prague,Praga,Joven (<30),Praga - Joven (<30),12541.0,0.0,19.19,10786.76,4703.49,21080.3,0,Sin evaluar
869,1047,F,35,south Bohemia,Bohemia,Adulto (30-50),Bohemia - Adulto (30-50),8427.0,1.0,29.54,873.39,524.71,15600.0,0,Sin evaluar
870,1048,F,24,north Moravia,Moravia,Joven (<30),Moravia - Joven (<30),10177.0,7.0,45.17,8004.34,3466.46,22697.73,0,Sin evaluar
871,1049,M,56,Prague,Praga,Adulto Mayor (>50),Praga - Adulto Mayor (>50),12541.0,0.0,27.93,27286.11,22174.72,46190.82,0,Sin evaluar
872,1050,F,27,west Bohemia,Bohemia,Joven (<30),Bohemia - Joven (<30),8561.0,1.0,23.39,7302.27,3337.32,37553.35,0,Sin evaluar
873,1051,F,27,north Moravia,Moravia,Joven (<30),Moravia - Joven (<30),8746.0,3.0,20.17,9071.29,3512.15,16895.57,0,Sin evaluar
874,1052,M,34,south Moravia,Moravia,Adulto (30-50),Moravia - Adulto (30-50),8772.0,5.0,33.28,856.37,10644.53,26722.83,0,Sin evaluar
875,1054,M,74,south Moravia,Moravia,Adulto Mayor (>50),Moravia - Adulto Mayor (>50),8288.0,4.0,43.5,6.9,2219.31,33058.94,0,Sin evaluar
876,1055,M,79,central Bohemia,Bohemia,Adulto Mayor (>50),Bohemia - Adulto Mayor (>50),9753.0,5.0,14.16,77.68,3023.31,13684.61,0,Sin evaluar
877,1056,M,35,Prague,Praga,Adulto (30-50),Praga - Adulto (30-50),12541.0,0.0,31.08,7640.44,2917.63,35563.2,0,Sin evaluar
878,1057,M,59,east Bohemia,Bohemia,Adulto Mayor (>50),Bohemia - Adulto Mayor (>50),8363.0,3.0,30.06,409.18,20584.36,42339.49,0,Sin evaluar
879,1058,F,23,central Bohemia,Bohemia,Joven (<30),Bohemia - Joven (<30),8899.0,3.0,18.89,26.47,827.42,13380.94,0,Sin evaluar
880,1059,M,38,west Bohemia,Bohemia,Adulto (30-50),Bohemia - Adulto (30-50),10787.0,3.0,24.74,1135.81,13592.72,41628.78,0,Sin evaluar
882,1062,M,23,south Bohemia,Bohemia,Joven (<30),Bohemia - Joven (<30),8427.0,1.0,69.85,12807.7,8501.36,31443.33,0,Sin evaluar
883,1064,F,47,Prague,Praga,Adulto (30-50),Praga - Adulto (30-50),12541.0,0.0,60.45,17853.27,9803.47,32780.96,0,Sin evaluar
884,1065,M,41,central Bohemia,Bohemia,Adulto (30-50),Bohemia - Adulto (30-50),8507.0,2.0,60.78,8.23,1058.08,20899.57,0,Sin evaluar
885,1066,M,58,Prague,Praga,Adulto Mayor (>50),Praga - Adulto Mayor (>50),12541.0,0.0,66.2,22770.65,17323.26,64154.27,0,Sin evaluar
886,1067,M,46,Prague,Praga,Adulto (30-50),Praga - Adulto (30-50),12541.0,0.0,66.27,20282.77,9453.75,59624.71,0,Sin evaluar
887,1068,F,72,central Bohemia,Bohemia,Adulto Mayor (>50),Bohemia - Adulto Mayor (>50),8598.0,3.0,67.88,8.84,1494.99,17826.34,0,Sin evaluar
888,1069,F,60,south Moravia,Moravia,Adulto Mayor (>50),Moravia - Adulto Mayor (>50),9897.0,2.0,26.09,30.66,4101.57,23533.12,0,Sin evaluar
889,1071,M,73,east Bohemia,Bohemia,Adulto Mayor (>50),Bohemia - Adulto Mayor (>50),9425.0,2.0,12.29,24.41,771.36,23572.57,0,Sin evaluar
890,1072,F,32,south Moravia,Moravia,Adulto (30-50),Moravia - Adulto (30-50),8441.0,3.0,70.8,8108.23,4737.85,25155.36,0,Sin evaluar
891,1073,M,74,north Bohemia,Bohemia,Adulto Mayor (>50),Bohemia - Adulto Mayor (>50),9675.0,6.0,31.28,31.97,3156.97,27697.78,0,Sin evaluar
892,1075,F,64,south Moravia,Moravia,Adulto Mayor (>50),Moravia - Adulto Mayor (>50),8403.0,6.0,69.39,12.97,2775.33,25584.79,0,Sin evaluar
893,1076,F,19,south Moravia,Moravia,Joven (<30),Moravia - Joven (<30),8240.0,3.0,44.65,23873.24,22090.03,67463.51,0,Sin evaluar
894,1077,M,78,east Bohemia,Bohemia,Adulto Mayor (>50),Bohemia - Adulto Mayor (>50),8369.0,2.0,40.15,19.93,3790.54,17679.02,0,Sin evaluar
895,1078,F,20,west Bohemia,Bohemia,Joven (<30),Bohemia - Joven (<30),8991.0,1.0,33.64,17.84,818.97,16357.18,0,Sin evaluar
896,1079,M,37,central Bohemia,Bohemia,Adulto (30-50),Bohemia - Adulto (30-50),8980.0,2.0,42.68,10644.12,7509.37,24779.66,0,Sin evaluar
897,1080,F,48,south Moravia,Moravia,Adulto (30-50),Moravia - Adulto (30-50),9897.0,2.0,68.17,35405.56,25360.2,53724.1,0,Sin evaluar
898,1081,M,28,north Moravia,Moravia,Joven (<30),Moravia - Joven (<30),8678.0,6.0,33.15,19555.81,14509.8,38934.59,0,Sin evaluar
899,1082,M,31,central Bohemia,Bohemia,Adulto (30-50),Bohemia - Adulto (30-50),8899.0,3.0,66.33,116.09,16945.82,31990.24,0,Sin evaluar
900,1083,M,61,east Bohemia,Bohemia,Adulto Mayor (>50),Bohemia - Adulto Mayor (>50),9060.0,2.0,56.18,9986.29,4135.64,20403.58,0,Sin evaluar
901,1085,F,66,south Moravia,Moravia,Adulto Mayor (>50),Moravia - Adulto Mayor (>50),8441.0,3.0,53.72,16.75,2166.79,27904.99,0,Sin evaluar
902,1086,M,25,north Moravia,Moravia,Joven (<30),Moravia - Joven (<30),10673.0,5.0,66.07,9009.55,5159.07,25960.07,0,Sin evaluar
903,1088,F,29,east Bohemia,Bohemia,Joven (<30),Bohemia - Joven (<30),9538.0,2.0,60.68,420.24,1616.84,19330.65,0,Sin evaluar
904,1089,M,59,Prague,Praga,Adulto Mayor (>50),Praga - Adulto Mayor (>50),12541.0,0.0,57.4,20129.88,17771.78,60581.34,0,Sin evaluar
905,1090,F,59,north Bohemia,Bohemia,Adulto Mayor (>50),Bohemia - Adulto Mayor (>50),8867.0,1.0,24.64,10071.59,4236.2,18650.19,0,Sin evaluar
906,1091,F,58,south Moravia,Moravia,Adulto Mayor (>50),Moravia - Adulto Mayor (>50),8444.0,3.0,12.12,66.01,514.85,14438.91,0,Sin evaluar
907,1092,F,36,north Bohemia,Bohemia,Adulto (30-50),Bohemia - Adulto (30-50),9832.0,3.0,65.74,730.15,1748.25,21934.0,0,Sin evaluar
908,1093,F,22,south Moravia,Moravia,Joven (<30),Moravia - Joven (<30),8544.0,1.0,56.08,5462.66,5204.17,28857.42,0,Sin evaluar
909,1094,F,38,west Bohemia,Bohemia,Adulto (30-50),Bohemia - Adulto (30-50),9650.0,3.0,15.93,56.5,348.4,15231.55,0,Sin evaluar
910,1096,F,72,Prague,Praga,Adulto Mayor (>50),Praga - Adulto Mayor (>50),12541.0,0.0,22.87,48.1,2247.05,29580.35,0,Sin evaluar
911,1098,F,50,south Moravia,Moravia,Adulto Mayor (>50),Moravia - Adulto Mayor (>50),8441.0,3.0,28.62,21673.9,12571.35,46607.99,0,Sin evaluar
912,1099,F,19,south Moravia,Moravia,Joven (<30),Moravia - Joven (<30),8403.0,6.0,20.14,19.86,880.34,18675.91,0,Sin evaluar
913,1100,M,47,south Moravia,Moravia,Adulto (30-50),Moravia - Adulto (30-50),8444.0,3.0,31.7,15712.43,6870.03,35818.59,0,Sin evaluar
914,1101,M,52,north Moravia,Moravia,Adulto Mayor (>50),Moravia - Adulto Mayor (>50),10673.0,5.0,61.54,13.0,961.65,17852.33,0,Sin evaluar
915,1102,M,63,north Moravia,Moravia,Adulto Mayor (>50),Moravia - Adulto Mayor (>50),8994.0,4.0,47.41,611.69,22433.43,51495.42,0,Sin evaluar
916,1103,M,47,Prague,Praga,Adulto (30-50),Praga - Adulto (30-50),12541.0,0.0,28.58,16901.36,11356.89,27965.52,0,Sin evaluar
917,1105,M,56,south Moravia,Moravia,Adulto Mayor (>50),Moravia - Adulto Mayor (>50),8772.0,5.0,38.6,9408.19,3967.36,37088.81,0,Sin evaluar
918,1107,M,37,south Moravia,Moravia,Adulto (30-50),Moravia - Adulto (30-50),8441.0,3.0,28.25,16401.66,8694.97,35613.08,0,Sin evaluar
919,1108,F,43,south Moravia,Moravia,Adulto (30-50),Moravia - Adulto (30-50),8544.0,1.0,21.95,12180.05,6589.52,35568.4,0,Sin evaluar
920,1109,F,67,south Moravia,Moravia,Adulto Mayor (>50),Moravia - Adulto Mayor (>50),8757.0,3.0,27.83,28.75,2772.55,16717.18,0,Sin evaluar
921,1110,F,70,central Bohemia,Bohemia,Adulto Mayor (>50),Bohemia - Adulto Mayor (>50),10124.0,1.0,26.74,18.7,4376.22,28729.63,0,Sin evaluar
922,1111,M,19,south Moravia,Moravia,Joven (<30),Moravia - Joven (<30),8814.0,5.0,44.16,7508.7,3720.56,34720.77,0,Sin evaluar
923,1112,F,68,central Bohemia,Bohemia,Adulto Mayor (>50),Bohemia - Adulto Mayor (>50),8598.0,3.0,34.76,31.65,3170.6,21123.01,0,Sin evaluar
924,1113,M,22,central Bohemia,Bohemia,Joven (<30),Bohemia - Joven (<30),9622.0,0.0,36.73,460.11,1338.14,16336.22,0,Sin evaluar
925,1114,M,18,south Moravia,Moravia,Joven (<30),Moravia - Joven (<30),8444.0,3.0,70.21,20092.58,14368.32,44084.38,0,Sin evaluar
926,1115,F,78,north Bohemia,Bohemia,Adulto Mayor (>50),Bohemia - Adulto Mayor (>50),9198.0,3.0,25.95,42.39,2381.89,19790.11,0,Sin evaluar
927,1116,F,25,north Moravia,Moravia,Joven (<30),Moravia - Joven (<30),8173.0,5.83,20.63,12954.34,6377.12,21240.33,0,Sin evaluar
928,1117,F,22,south Bohemia,Bohemia,Joven (<30),Bohemia - Joven (<30),8547.0,3.0,68.17,9652.46,4575.91,39755.62,0,Sin evaluar
929,1119,F,18,south Moravia,Moravia,Joven (<30),Moravia - Joven (<30),9897.0,2.0,65.94,10029.19,4140.13,28732.58,0,Sin evaluar
930,1120,F,25,north Bohemia,Bohemia,Joven (<30),Bohemia - Joven (<30),9832.0,3.0,64.92,16234.78,6766.79,41084.23,0,Sin evaluar
931,1121,M,59,south Moravia,Moravia,Adulto Mayor (>50),Moravia - Adulto Mayor (>50),8444.0,3.0,62.52,6344.34,2971.53,25466.23,0,Sin evaluar
932,1122,M,77,south Bohemia,Bohemia,Adulto Mayor (>50),Bohemia - Adulto Mayor (>50),8547.0,3.0,29.77,30.23,1604.97,22845.79,0,Sin evaluar
933,1124,M,70,south Bohemia,Bohemia,Adulto Mayor (>50),Bohemia - Adulto Mayor (>50),9104.0,2.0,37.42,21.38,3586.32,28996.28,0,Sin evaluar
934,1125,F,64,central Bohemia,Bohemia,Adulto Mayor (>50),Bohemia - Adulto Mayor (>50),8899.0,3.0,13.11,22.88,1466.06,27940.89,0,Sin evaluar
935,1127,M,24,west Bohemia,Bohemia,Joven (<30),Bohemia - Joven (<30),8624.0,2.0,24.18,20.68,777.09,16232.58,0,Sin evaluar
936,1128,M,68,central Bohemia,Bohemia,Adulto Mayor (>50),Bohemia - Adulto Mayor (>50),9920.0,2.0,33.97,20.61,1343.83,17632.23,0,Sin evaluar
937,1129,M,67,east Bohemia,Bohemia,Adulto Mayor (>50),Bohemia - Adulto Mayor (>50),9425.0,2.0,40.18,22.4,2166.0,23429.19,0,Sin evaluar
938,1130,F,58,north Moravia,Moravia,Adulto Mayor (>50),Moravia - Adulto Mayor (>50),10177.0,7.0,12.58,6701.11,2416.53,30607.13,0,Sin evaluar
939,1131,F,51,south Moravia,Moravia,Adulto Mayor (>50),Moravia - Adulto Mayor (>50),8743.0,2.0,50.89,21.62,887.8,18877.59,0,Sin evaluar
940,1133,F,40,north Bohemia,Bohemia,Adulto (30-50),Bohemia - Adulto (30-50),9065.0,4.0,49.51,642.29,36430.52,72794.35,0,Sin evaluar
941,1135,M,46,central Bohemia,Bohemia,Adulto (30-50),Bohemia - Adulto (30-50),11277.0,1.0,54.77,6881.96,2950.52,19016.59,0,Sin evaluar
942,1136,F,22,central Bohemia,Bohemia,Joven (<30),Bohemia - Joven (<30),8899.0,3.0,64.49,6537.74,5491.55,29103.57,0,Sin evaluar
943,1137,F,21,Prague,Praga,Joven (<30),Praga - Joven (<30),12541.0,0.0,70.87,11.29,891.07,20619.36,0,Sin evaluar
944,1138,F,28,north Moravia,Moravia,Joven (<30),Moravia - Joven (<30),10177.0,7.0,69.78,18527.46,12950.42,42866.89,0,Sin evaluar
945,1140,M,52,south Bohemia,Bohemia,Adulto Mayor (>50),Bohemia - Adulto Mayor (>50),8968.0,3.0,28.48,10448.31,6402.91,43368.59,0,Sin evaluar
946,1141,F,57,south Bohemia,Bohemia,Adulto Mayor (>50),Bohemia - Adulto Mayor (>50),9104.0,2.0,35.98,19050.08,18262.92,41134.07,0,Sin evaluar
947,1142,F,52,south Moravia,Moravia,Adulto Mayor (>50),Moravia - Adulto Mayor (>50),8444.0,3.0,67.48,6452.02,3303.79,30094.28,0,Sin evaluar
949,1145,F,30,south Moravia,Moravia,Adulto (30-50),Moravia - Adulto (30-50),8757.0,3.0,34.56,931.71,13714.35,39108.7,2,Sin evaluar
950,1146,M,33,south Moravia,Moravia,Adulto (30-50),Moravia - Adulto (30-50),9897.0,2.0,64.16,23300.64,12600.37,66693.58,0,Sin evaluar
951,1147,M,68,central Bohemia,Bohemia,Adulto Mayor (>50),Bohemia - Adulto Mayor (>50),8980.0,2.0,32.1,34.27,1857.94,19997.5,0,Sin evaluar
952,1148,M,57,north Bohemia,Bohemia,Adulto Mayor (>50),Bohemia - Adulto Mayor (>50),9832.0,3.0,13.7,12503.8,5357.66,36938.88,0,Sin evaluar
953,1149,F,22,south Bohemia,Bohemia,Joven (<30),Bohemia - Joven (<30),10045.0,1.0,41.33,1064.6,1747.88,31341.49,0,Sin evaluar
954,1150,F,53,north Moravia,Moravia,Adulto Mayor (>50),Moravia - Adulto Mayor (>50),10673.0,5.0,35.75,7268.76,3483.64,32361.37,0,Sin evaluar
955,1151,M,25,south Moravia,Moravia,Joven (<30),Moravia - Joven (<30),8444.0,3.0,29.77,15482.84,7786.36,32321.69,0,Sin evaluar
956,1152,M,17,north Moravia,Moravia,Joven (<30),Moravia - Joven (<30),10673.0,5.0,60.85,7538.54,6507.81,40503.32,0,Sin evaluar
957,1153,F,18,north Moravia,Moravia,Joven (<30),Moravia - Joven (<30),10177.0,7.0,36.3,1093.66,2085.12,18575.07,0,Sin evaluar
958,1154,M,74,north Moravia,Moravia,Adulto Mayor (>50),Moravia - Adulto Mayor (>50),8994.0,4.0,30.82,6.49,2561.0,26170.11,0,Sin evaluar
959,1156,F,65,Prague,Praga,Adulto Mayor (>50),Praga - Adulto Mayor (>50),12541.0,0.0,34.23,29.21,1712.83,17772.01,0,Sin evaluar
960,1157,F,40,central Bohemia,Bohemia,Adulto (30-50),Bohemia - Adulto (30-50),9753.0,5.0,49.94,814.98,34428.87,55426.55,0,Sin evaluar
961,1158,F,44,Prague,Praga,Adulto (30-50),Praga - Adulto (30-50),12541.0,0.0,14.42,14740.01,7334.26,22486.73,0,Sin evaluar
962,1159,M,54,south Moravia,Moravia,Adulto Mayor (>50),Moravia - Adulto Mayor (>50),9624.0,2.0,30.23,1128.02,12412.64,30034.11,0,Sin evaluar
963,1161,M,25,central Bohemia,Bohemia,Joven (<30),Bohemia - Joven (<30),9920.0,2.0,28.71,19896.66,14179.73,54820.16,0,Sin evaluar
964,1162,F,23,west Bohemia,Bohemia,Joven (<30),Bohemia - Joven (<30),10787.0,3.0,53.78,6021.59,5276.12,41622.09,0,Sin evaluar
965,1163,M,34,south Bohemia,Bohemia,Adulto (30-50),Bohemia - Adulto (30-50),8547.0,3.0,64.2,5633.33,2746.11,19794.56,0,Sin evaluar
966,1164,F,39,south Bohemia,Bohemia,Adulto (30-50),Bohemia - Adulto (30-50),9045.0,3.0,14.55,75.6,167.01,18434.31,0,Sin evaluar
967,1165,F,56,south Bohemia,Bohemia,Adulto Mayor (>50),Bohemia - Adulto Mayor (>50),9045.0,3.0,28.45,19892.09,14592.09,48694.77,0,Sin evaluar
968,1166,M,39,north Moravia,Moravia,Adulto (30-50),Moravia - Adulto (30-50),10673.0,5.0,37.65,12122.36,5125.63,32783.62,0,Sin evaluar
969,1168,M,20,south Bohemia,Bohemia,Joven (<30),Bohemia - Joven (<30),8402.0,3.0,59.73,7883.46,6775.49,48412.93,0,Sin evaluar
970,1169,F,57,south Bohemia,Bohemia,Adulto Mayor (>50),Bohemia - Adulto Mayor (>50),8968.0,3.0,17.38,18931.99,10138.09,44588.96,0,Sin evaluar
971,1170,M,21,central Bohemia,Bohemia,Joven (<30),Bohemia - Joven (<30),8754.0,4.0,29.44,10945.01,6953.8,31127.73,0,Sin evaluar
972,1171,F,24,east Bohemia,Bohemia,Joven (<30),Bohemia - Joven (<30),8369.0,2.0,27.04,22.19,687.13,15170.4,0,Sin evaluar
973,1172,F,75,south Moravia,Moravia,Adulto Mayor (>50),Moravia - Adulto Mayor (>50),9897.0,2.0,49.84,12.04,2730.74,31154.09,0,Sin evaluar
974,1174,F,28,west Bohemia,Bohemia,Joven (<30),Bohemia - Joven (<30),8843.0,3.0,58.15,26831.54,26041.27,47629.0,0,Sin evaluar
975,1175,M,73,Prague,Praga,Adulto Mayor (>50),Praga - Adulto Mayor (>50),12541.0,0.0,26.38,30.33,1724.79,16921.74,0,Sin evaluar
976,1177,F,59,north Moravia,Moravia,Adulto Mayor (>50),Moravia - Adulto Mayor (>50),8909.0,4.0,35.12,22763.81,16912.87,46651.18,0,Sin evaluar
977,1178,F,27,Prague,Praga,Joven (<30),Praga - Joven (<30),12541.0,0.0,68.17,16254.07,8662.46,50237.31,0,Sin evaluar
978,1179,F,68,Prague,Praga,Adulto Mayor (>50),Praga - Adulto Mayor (>50),12541.0,0.0,64.43,17.07,3303.12,45043.66,0,Sin evaluar
979,1180,M,54,south Bohemia,Bohemia,Adulto Mayor (>50),Bohemia - Adulto Mayor (>50),9104.0,2.0,70.44,19359.23,13838.73,35852.91,0,Sin evaluar
980,1181,M,59,Prague,Praga,Adulto Mayor (>50),Praga - Adulto Mayor (>50),12541.0,0.0,24.64,12665.42,5474.84,42888.94,0,Sin evaluar
981,1182,F,52,south Moravia,Moravia,Adulto Mayor (>50),Moravia - Adulto Mayor (>50),8512.0,4.0,45.24,25086.38,18481.43,61231.09,0,Sin evaluar
982,1183,M,56,south Moravia,Moravia,Adulto Mayor (>50),Moravia - Adulto Mayor (>50),9897.0,2.0,70.8,6423.02,3344.63,26431.23,0,Sin evaluar
984,1186,F,51,central Bohemia,Bohemia,Adulto Mayor (>50),Bohemia - Adulto Mayor (>50),8507.0,2.0,29.7,12544.11,6794.61,29879.34,0,Sin evaluar
985,1187,F,37,north Bohemia,Bohemia,Adulto (30-50),Bohemia - Adulto (30-50),9272.0,3.0,55.1,16.33,969.15,19132.63,0,Sin evaluar
986,1189,F,66,north Moravia,Moravia,Adulto Mayor (>50),Moravia - Adulto Mayor (>50),10673.0,5.0,31.97,18.77,3548.95,25152.78,0,Sin evaluar
987,1190,F,22,south Bohemia,Bohemia,Joven (<30),Bohemia - Joven (<30),9045.0,3.0,28.12,13656.01,9075.39,44987.73,0,Sin evaluar
988,1192,F,73,central Bohemia,Bohemia,Adulto Mayor (>50),Bohemia - Adulto Mayor (>50),10124.0,1.0,50.3,7.95,4009.94,32578.29,0,Sin evaluar
989,1193,M,72,south Bohemia,Bohemia,Adulto Mayor (>50),Bohemia - Adulto Mayor (>50),8402.0,3.0,57.59,17.36,1683.63,19135.21,0,Sin evaluar
990,1194,F,59,south Bohemia,Bohemia,Adulto Mayor (>50),Bohemia - Adulto Mayor (>50),8114.0,2.0,38.67,20984.23,11357.12,60630.38,0,Sin evaluar
991,1195,F,59,north Bohemia,Bohemia,Adulto Mayor (>50),Bohemia - Adulto Mayor (>50),10446.0,7.0,67.45,22971.61,16096.37,63685.91,0,Sin evaluar
992,1196,M,55,west Bohemia,Bohemia,Adulto Mayor (>50),Bohemia - Adulto Mayor (>50),8620.0,1.0,39.0,11831.13,4887.18,23206.98,0,Sin evaluar
993,1197,F,32,central Bohemia,Bohemia,Adulto (30-50),Bohemia - Adulto (30-50),8546.0,3.0,25.53,25074.81,20724.6,54170.61,0,Sin evaluar
994,1198,F,23,north Moravia,Moravia,Joven (<30),Moravia - Joven (<30),8994.0,4.0,39.52,9526.47,8524.8,40778.74,0,Sin evaluar
995,1199,F,22,south Moravia,Moravia,Joven (<30),Moravia - Joven (<30),9624.0,2.0,40.28,24.83,814.05,20506.8,0,Sin evaluar
996,1200,F,67,east Bohemia,Bohemia,Adulto Mayor (>50),Bohemia - Adulto Mayor (>50),9538.0,2.0,16.43,66.95,3752.28,20436.77,0,Sin evaluar
997,1201,M,53,south Moravia,Moravia,Adulto Mayor (>50),Moravia - Adulto Mayor (>50),9897.0,2.0,19.78,1284.13,1915.07,24584.23,0,Sin evaluar
998,1202,F,18,east Bohemia,Bohemia,Joven (<30),Bohemia - Joven (<30),9538.0,2.0,61.63,26955.05,19107.9,41224.86,0,Sin evaluar
1000,1204,F,24,north Moravia,Moravia,Joven (<30),Moravia - Joven (<30),8909.0,4.0,71.16,88.53,25862.02,57893.12,0,Sin evaluar
1002,1206,M,41,east Bohemia,Bohemia,Adulto (30-50),Bohemia - Adulto (30-50),8187.0,5.0,27.43,5171.2,2092.6,17292.88,0,Sin evaluar
1003,1207,F,59,west Bohemia,Bohemia,Adulto Mayor (>50),Bohemia - Adulto Mayor (>50),8594.0,2.0,26.68,23250.45,16319.34,51058.68,0,Sin evaluar
1004,1208,F,23,north Moravia,Moravia,Joven (<30),Moravia - Joven (<30),10177.0,7.0,29.96,52294.79,48376.77,64389.02,0,Sin evaluar
1005,1209,F,41,north Bohemia,Bohemia,Adulto (30-50),Bohemia - Adulto (30-50),9198.0,3.0,70.21,1190.71,29809.53,69621.14,0,Sin evaluar
1006,1210,M,37,central Bohemia,Bohemia,Adulto (30-50),Bohemia - Adulto (30-50),8546.0,3.0,70.7,1093.35,1866.05,34700.55,0,Sin evaluar
1007,1211,M,20,Prague,Praga,Joven (<30),Praga - Joven (<30),12541.0,0.0,30.09,11441.81,8590.89,39365.64,0,Sin evaluar
1008,1212,F,71,central Bohemia,Bohemia,Adulto Mayor (>50),Bohemia - Adulto Mayor (>50),8598.0,3.0,26.84,26.08,3016.77,24862.3,0,Sin evaluar
1009,1213,M,32,Prague,Praga,Adulto (30-50),Praga - Adulto (30-50),12541.0,0.0,41.0,9.76,39209.88,55702.73,0,Sin evaluar
1010,1214,M,58,south Moravia,Moravia,Adulto Mayor (>50),Moravia - Adulto Mayor (>50),8814.0,5.0,44.02,40722.6,31520.04,49619.04,0,Sin evaluar
1011,1215,M,54,east Bohemia,Bohemia,Adulto Mayor (>50),Bohemia - Adulto Mayor (>50),8390.0,2.0,48.46,874.95,12855.3,57193.65,0,Sin evaluar
1012,1216,F,53,south Moravia,Moravia,Adulto Mayor (>50),Moravia - Adulto Mayor (>50),8403.0,6.0,53.75,2148.84,26749.58,39696.4,2,Buen Pagador
1013,1217,M,61,south Moravia,Moravia,Adulto Mayor (>50),Moravia - Adulto Mayor (>50),8444.0,3.0,31.61,9.49,602.66,16263.61,0,Sin evaluar
1014,1218,M,18,north Moravia,Moravia,Joven (<30),Moravia - Joven (<30),10673.0,5.0,33.38,6134.6,5516.78,25432.86,0,Sin evaluar
1015,1219,M,54,Prague,Praga,Adulto Mayor (>50),Praga - Adulto Mayor (>50),12541.0,0.0,18.56,7199.14,3539.87,19736.56,0,Sin evaluar
1016,1220,F,45,north Bohemia,Bohemia,Adulto (30-50),Bohemia - Adulto (30-50),9317.0,6.0,63.05,23123.2,16456.78,64554.51,0,Sin evaluar
1017,1221,F,25,south Bohemia,Bohemia,Joven (<30),Bohemia - Joven (<30),10045.0,1.0,52.67,22728.82,17497.63,46475.72,0,Sin evaluar
1018,1222,F,59,central Bohemia,Bohemia,Adulto Mayor (>50),Bohemia - Adulto Mayor (>50),9920.0,2.0,66.92,567.84,1772.41,18606.42,0,Sin evaluar
1019,1223,F,43,south Bohemia,Bohemia,Adulto (30-50),Bohemia - Adulto (30-50),10045.0,1.0,71.29,21629.15,12150.09,40002.89,0,Sin evaluar
1020,1224,M,60,south Moravia,Moravia,Adulto Mayor (>50),Moravia - Adulto Mayor (>50),8772.0,5.0,32.72,553.18,1327.63,18306.24,0,Sin evaluar
1021,1225,M,52,east Bohemia,Bohemia,Adulto Mayor (>50),Bohemia - Adulto Mayor (>50),8388.0,2.0,25.43,39.32,594.97,17743.44,0,Sin evaluar
1022,1226,F,47,north Bohemia,Bohemia,Adulto (30-50),Bohemia - Adulto (30-50),8705.0,6.0,52.99,32394.13,30960.11,67102.0,0,Sin evaluar
1023,1228,F,49,south Bohemia,Bohemia,Adulto (30-50),Bohemia - Adulto (30-50),9104.0,2.0,64.59,19726.29,18837.9,36780.15,0,Sin evaluar
1024,1229,M,27,south Bohemia,Bohemia,Joven (<30),Bohemia - Joven (<30),8402.0,3.0,19.98,30.03,614.11,16411.91,0,Sin evaluar
1026,1231,F,33,south Bohemia,Bohemia,Adulto (30-50),Bohemia - Adulto (30-50),8547.0,3.0,15.9,19372.89,9288.05,54261.0,0,Sin evaluar
1027,1233,M,56,north Moravia,Moravia,Adulto Mayor (>50),Moravia - Adulto Mayor (>50),9893.0,4.0,17.45,578.8,1719.77,16126.08,0,Sin evaluar
1028,1234,M,23,west Bohemia,Bohemia,Joven (<30),Bohemia - Joven (<30),8624.0,2.0,33.41,1086.5,799.16,17496.67,0,Sin evaluar
1029,1236,F,31,west Bohemia,Bohemia,Adulto (30-50),Bohemia - Adulto (30-50),10787.0,3.0,30.19,58609.9,49066.68,67621.27,0,Sin evaluar
1030,1237,M,75,south Moravia,Moravia,Adulto Mayor (>50),Moravia - Adulto Mayor (>50),8720.0,4.0,37.62,29.24,3660.82,29343.03,0,Sin evaluar
1031,1238,M,63,north Moravia,Moravia,Adulto Mayor (>50),Moravia - Adulto Mayor (>50),10673.0,5.0,42.38,18823.29,10894.29,42034.56,0,Sin evaluar
1032,1239,F,22,central Bohemia,Bohemia,Joven (<30),Bohemia - Joven (<30),9622.0,0.0,68.17,193.63,52802.79,66853.65,0,Sin evaluar
1033,1240,F,22,north Bohemia,Bohemia,Joven (<30),Bohemia - Joven (<30),9272.0,3.0,16.85,3302.61,2278.93,25618.77,0,Sin evaluar
1034,1241,F,56,north Moravia,Moravia,Adulto Mayor (>50),Moravia - Adulto Mayor (>50),8746.0,3.0,20.9,8266.46,3952.15,26909.66,0,Sin evaluar
1035,1242,F,54,north Moravia,Moravia,Adulto Mayor (>50),Moravia - Adulto Mayor (>50),8746.0,3.0,20.44,20569.47,12279.84,46158.02,0,Sin evaluar
1036,1243,F,24,central Bohemia,Bohemia,Joven (<30),Bohemia - Joven (<30),9622.0,0.0,35.42,25942.21,19596.27,55690.84,0,Sin evaluar
1037,1244,M,34,Prague,Praga,Adulto (30-50),Praga - Adulto (30-50),12541.0,0.0,22.37,19524.99,13831.02,58728.05,0,Sin evaluar
1038,1245,M,19,south Moravia,Moravia,Joven (<30),Moravia - Joven (<30),9624.0,2.0,44.39,9.01,823.83,17451.45,0,Sin evaluar
1039,1246,M,36,north Moravia,Moravia,Adulto (30-50),Moravia - Adulto (30-50),10177.0,7.0,67.71,44468.01,40900.72,74788.03,0,Sin evaluar
1040,1248,M,27,south Bohemia,Bohemia,Joven (<30),Bohemia - Joven (<30),8402.0,3.0,31.44,34432.0,28348.0,49366.68,0,Sin evaluar
1042,1250,F,46,east Bohemia,Bohemia,Adulto (30-50),Bohemia - Adulto (30-50),9425.0,2.0,56.94,13240.17,12536.0,43701.83,0,Sin evaluar
1043,1251,M,39,Prague,Praga,Adulto (30-50),Praga - Adulto (30-50),12541.0,0.0,16.59,25677.22,16366.49,62433.53,0,Sin evaluar
1044,1253,F,31,south Bohemia,Bohemia,Adulto (30-50),Bohemia - Adulto (30-50),10045.0,1.0,37.72,16453.13,12155.36,37527.76,0,Sin evaluar
1045,1254,F,59,central Bohemia,Bohemia,Adulto Mayor (>50),Bohemia - Adulto Mayor (>50),8980.0,2.0,31.74,25.2,4452.11,19213.85,0,Sin evaluar
1046,1255,F,32,Prague,Praga,Adulto (30-50),Praga - Adulto (30-50),12541.0,0.0,44.58,12944.1,5545.09,30430.68,0,Sin evaluar
1047,1256,F,43,east Bohemia,Bohemia,Adulto (30-50),Bohemia - Adulto (30-50),8369.0,2.0,54.6,7568.59,3078.02,24240.93,0,Sin evaluar
1048,1257,F,70,north Bohemia,Bohemia,Adulto Mayor (>50),Bohemia - Adulto Mayor (>50),8867.0,1.0,67.88,16.21,2259.28,18597.25,0,Sin evaluar
1049,1259,M,32,south Bohemia,Bohemia,Adulto (30-50),Bohemia - Adulto (30-50),8968.0,3.0,12.88,1436.34,1035.71,29340.64,0,Sin evaluar
1050,1260,F,53,south Moravia,Moravia,Adulto Mayor (>50),Moravia - Adulto Mayor (>50),8720.0,4.0,70.18,236.53,21033.98,47693.43,0,Sin evaluar
1051,1262,M,46,north Bohemia,Bohemia,Adulto (30-50),Bohemia - Adulto (30-50),8867.0,1.0,62.32,14142.17,13948.97,36312.66,0,Sin evaluar
1052,1264,F,22,south Moravia,Moravia,Joven (<30),Moravia - Joven (<30),8814.0,5.0,63.11,7378.47,7089.21,26576.94,0,Sin evaluar
1053,1265,F,40,south Moravia,Moravia,Adulto (30-50),Moravia - Adulto (30-50),8720.0,4.0,55.23,11068.35,7364.11,26312.4,0,Sin evaluar
1054,1266,F,46,north Moravia,Moravia,Adulto (30-50),Moravia - Adulto (30-50),8678.0,6.0,70.34,10740.69,6051.75,28578.46,0,Sin evaluar
1055,1267,F,44,west Bohemia,Bohemia,Adulto (30-50),Bohemia - Adulto (30-50),8843.0,3.0,24.61,24.38,608.29,17681.64,0,Sin evaluar
1056,1269,F,50,Prague,Praga,Adulto Mayor (>50),Praga - Adulto Mayor (>50),12541.0,0.0,24.08,13956.94,11799.34,30030.65,0,Sin evaluar
1057,1270,M,68,central Bohemia,Bohemia,Adulto Mayor (>50),Bohemia - Adulto Mayor (>50),8598.0,3.0,64.26,15.56,1406.63,18561.16,0,Sin evaluar
1058,1271,M,63,east Bohemia,Bohemia,Adulto Mayor (>50),Bohemia - Adulto Mayor (>50),9538.0,2.0,30.65,25778.14,18093.31,57397.57,0,Sin evaluar
1059,1272,M,54,central Bohemia,Bohemia,Adulto Mayor (>50),Bohemia - Adulto Mayor (>50),11277.0,1.0,43.07,25.54,1014.16,15527.04,0,Sin evaluar
1060,1273,M,20,central Bohemia,Bohemia,Joven (<30),Bohemia - Joven (<30),8546.0,3.0,26.35,5429.18,4944.97,32077.62,0,Sin evaluar
1061,1274,M,22,east Bohemia,Bohemia,Joven (<30),Bohemia - Joven (<30),8254.0,3.0,14.46,6806.29,3319.5,18513.2,0,Sin evaluar
1062,1275,F,47,Prague,Praga,Adulto (30-50),Praga - Adulto (30-50),12541.0,0.0,65.68,24892.02,17334.04,51014.04,0,Sin evaluar
1063,1276,F,56,north Moravia,Moravia,Adulto Mayor (>50),Moravia - Adulto Mayor (>50),9893.0,4.0,27.37,9025.76,5984.65,58807.79,0,Sin evaluar
1064,1277,M,67,north Moravia,Moravia,Adulto Mayor (>50),Moravia - Adulto Mayor (>50),10177.0,7.0,15.05,33.22,2466.45,23569.18,0,Sin evaluar
1065,1278,M,20,north Moravia,Moravia,Joven (<30),Moravia - Joven (<30),8994.0,4.0,69.16,6104.25,5918.16,29958.67,0,Sin evaluar
1066,1279,M,42,south Bohemia,Bohemia,Adulto (30-50),Bohemia - Adulto (30-50),8427.0,1.0,27.5,49737.53,47092.11,72071.59,0,Sin evaluar
1067,1280,M,46,north Bohemia,Bohemia,Adulto (30-50),Bohemia - Adulto (30-50),9675.0,6.0,27.66,52483.51,43065.8,69916.54,0,Sin evaluar
1068,1282,M,62,east Bohemia,Bohemia,Adulto Mayor (>50),Bohemia - Adulto Mayor (>50),8363.0,3.0,22.47,19822.47,11131.69,34852.12,0,Sin evaluar
1069,1283,F,59,south Moravia,Moravia,Adulto Mayor (>50),Moravia - Adulto Mayor (>50),8512.0,4.0,65.25,10.73,1452.72,17735.6,0,Sin evaluar
1070,1285,M,59,south Moravia,Moravia,Adulto Mayor (>50),Moravia - Adulto Mayor (>50),8544.0,1.0,32.26,17873.47,12408.56,32127.57,0,Sin evaluar
1071,1286,F,48,east Bohemia,Bohemia,Adulto (30-50),Bohemia - Adulto (30-50),8363.0,3.0,67.71,27767.36,23843.07,47187.45,0,Sin evaluar
1072,1287,F,54,south Moravia,Moravia,Adulto Mayor (>50),Moravia - Adulto Mayor (>50),8403.0,6.0,12.71,14181.43,8569.63,32356.41,0,Sin evaluar
1073,1288,M,26,north Moravia,Moravia,Joven (<30),Moravia - Joven (<30),8746.0,3.0,58.09,9574.8,4519.19,45392.69,0,Sin evaluar
1074,1289,M,52,south Moravia,Moravia,Adulto Mayor (>50),Moravia - Adulto Mayor (>50),8444.0,3.0,31.51,23782.01,19562.04,67854.78,0,Sin evaluar
1075,1290,M,22,north Bohemia,Bohemia,Joven (<30),Bohemia - Joven (<30),8867.0,1.0,41.63,8385.13,3612.78,36517.28,0,Sin evaluar
1076,1291,F,34,Prague,Praga,Adulto (30-50),Praga - Adulto (30-50),12541.0,0.0,50.04,13811.97,5873.3,41816.28,0,Sin evaluar
1077,1292,M,21,south Bohemia,Bohemia,Joven (<30),Bohemia - Joven (<30),10045.0,1.0,69.95,7826.19,6411.72,40085.77,0,Sin evaluar
1078,1293,M,71,Prague,Praga,Adulto Mayor (>50),Praga - Adulto Mayor (>50),12541.0,0.0,29.63,27.0,3039.49,22086.76,0,Sin evaluar
1079,1295,F,54,north Moravia,Moravia,Adulto Mayor (>50),Moravia - Adulto Mayor (>50),10673.0,5.0,63.54,599.62,19059.44,45695.43,0,Sin evaluar
1080,1296,F,39,south Moravia,Moravia,Adulto (30-50),Moravia - Adulto (30-50),8743.0,2.0,60.12,26448.6,19011.31,52899.86,0,Sin evaluar
1081,1297,F,80,south Moravia,Moravia,Adulto Mayor (>50),Moravia - Adulto Mayor (>50),9624.0,2.0,24.31,32.91,1426.57,21398.72,0,Sin evaluar
1082,1299,F,78,central Bohemia,Bohemia,Adulto Mayor (>50),Bohemia - Adulto Mayor (>50),8507.0,2.0,30.75,9.76,2708.94,16721.5,0,Sin evaluar
1083,1300,M,19,east Bohemia,Bohemia,Joven (<30),Bohemia - Joven (<30),8390.0,2.0,24.8,13886.29,6702.42,26454.35,0,Sin evaluar
1085,1303,F,58,east Bohemia,Bohemia,Adulto Mayor (>50),Bohemia - Adulto Mayor (>50),8388.0,2.0,15.64,15166.82,5549.87,40481.35,0,Sin evaluar
1086,1304,M,62,north Bohemia,Bohemia,Adulto Mayor (>50),Bohemia - Adulto Mayor (>50),9065.0,4.0,30.46,22.98,500.33,17779.85,0,Sin evaluar
1087,1305,F,53,south Moravia,Moravia,Adulto Mayor (>50),Moravia - Adulto Mayor (>50),8743.0,2.0,30.16,19440.82,17019.23,44726.15,0,Sin evaluar
1088,1306,F,76,north Bohemia,Bohemia,Adulto Mayor (>50),Bohemia - Adulto Mayor (>50),9272.0,3.0,60.39,8.28,2437.99,21500.85,0,Sin evaluar
1089,1307,M,45,north Moravia,Moravia,Adulto (30-50),Moravia - Adulto (30-50),10673.0,5.0,38.7,14397.73,10896.64,29052.56,0,Sin evaluar
1090,1308,M,44,north Moravia,Moravia,Adulto (30-50),Moravia - Adulto (30-50),8173.0,5.83,26.38,8091.85,3654.28,39334.69,0,Sin evaluar
1091,1309,M,23,Prague,Praga,Joven (<30),Praga - Joven (<30),12541.0,0.0,63.7,1781.79,411.3,48652.26,0,Sin evaluar
1092,1310,F,21,north Bohemia,Bohemia,Joven (<30),Bohemia - Joven (<30),9832.0,3.0,42.84,12927.29,6468.25,25302.94,0,Sin evaluar
1093,1311,F,42,south Moravia,Moravia,Adulto (30-50),Moravia - Adulto (30-50),9897.0,2.0,35.55,28.13,37521.74,47677.13,0,Sin evaluar
1094,1312,F,63,north Bohemia,Bohemia,Adulto Mayor (>50),Bohemia - Adulto Mayor (>50),8867.0,1.0,29.7,33.67,3623.57,21534.85,0,Sin evaluar
1095,1313,M,28,south Moravia,Moravia,Joven (<30),Moravia - Joven (<30),9897.0,2.0,18.43,22329.08,14404.77,51090.06,0,Sin evaluar
1096,1315,M,75,north Bohemia,Bohemia,Adulto Mayor (>50),Bohemia - Adulto Mayor (>50),9675.0,6.0,21.95,18.22,2681.55,22177.16,0,Sin evaluar
1097,1316,F,52,north Moravia,Moravia,Adulto Mayor (>50),Moravia - Adulto Mayor (>50),8110.0,6.0,30.29,21514.53,10917.79,45495.34,0,Sin evaluar
1098,1318,M,67,east Bohemia,Bohemia,Adulto Mayor (>50),Bohemia - Adulto Mayor (>50),9538.0,2.0,60.09,9.99,3355.3,27270.65,0,Sin evaluar
1100,1321,F,21,north Bohemia,Bohemia,Joven (<30),Bohemia - Joven (<30),8867.0,1.0,27.24,25.7,957.05,13437.81,0,Sin evaluar
1101,1322,F,53,central Bohemia,Bohemia,Adulto Mayor (>50),Bohemia - Adulto Mayor (>50),9753.0,5.0,15.28,23320.68,15391.36,35052.61,0,Sin evaluar
1102,1323,M,54,north Moravia,Moravia,Adulto Mayor (>50),Moravia - Adulto Mayor (>50),10177.0,7.0,34.37,8509.05,4073.9,26461.59,0,Sin evaluar
1103,1324,F,42,south Moravia,Moravia,Adulto (30-50),Moravia - Adulto (30-50),8512.0,4.0,41.76,22916.98,22332.38,42766.28,0,Sin evaluar
1104,1325,M,53,north Bohemia,Bohemia,Adulto Mayor (>50),Bohemia - Adulto Mayor (>50),10446.0,7.0,36.8,17253.21,8336.96,41578.78,0,Sin evaluar
1105,1326,F,42,south Moravia,Moravia,Adulto (30-50),Moravia - Adulto (30-50),8743.0,2.0,51.98,9668.78,3499.42,23571.48,0,Sin evaluar
1106,1327,F,35,south Bohemia,Bohemia,Adulto (30-50),Bohemia - Adulto (30-50),8547.0,3.0,64.07,27536.88,25122.63,37400.73,12,Mal Pagador
1107,1328,F,61,east Bohemia,Bohemia,Adulto Mayor (>50),Bohemia - Adulto Mayor (>50),8388.0,2.0,63.74,12.55,4356.6,28189.96,0,Sin evaluar
1108,1329,M,80,west Bohemia,Bohemia,Adulto Mayor (>50),Bohemia - Adulto Mayor (>50),10787.0,3.0,45.77,21.85,1460.78,38589.41,0,Sin evaluar
1109,1330,M,30,south Moravia,Moravia,Adulto (30-50),Moravia - Adulto (30-50),8512.0,4.0,50.14,19507.36,18419.23,49164.61,0,Sin evaluar
1110,1331,M,35,south Moravia,Moravia,Adulto (30-50),Moravia - Adulto (30-50),9897.0,2.0,17.71,15841.39,8226.99,31925.32,0,Sin evaluar
1111,1332,F,41,central Bohemia,Bohemia,Adulto (30-50),Bohemia - Adulto (30-50),9307.0,4.0,34.46,22237.38,17773.65,42480.96,0,Sin evaluar
1112,1333,M,49,east Bohemia,Bohemia,Adulto (30-50),Bohemia - Adulto (30-50),9060.0,2.0,46.88,20524.0,17645.05,57808.47,0,Sin evaluar
1113,1334,M,20,central Bohemia,Bohemia,Joven (<30),Bohemia - Joven (<30),11277.0,1.0,27.24,11165.12,4320.12,38139.92,0,Sin evaluar
1114,1335,F,37,Prague,Praga,Adulto (30-50),Praga - Adulto (30-50),12541.0,0.0,61.57,25297.13,20775.36,38207.99,0,Sin evaluar
1115,1337,F,19,south Moravia,Moravia,Joven (<30),Moravia - Joven (<30),8772.0,5.0,69.16,4.34,1027.47,17495.99,0,Sin evaluar
1116,1339,M,39,west Bohemia,Bohemia,Adulto (30-50),Bohemia - Adulto (30-50),8620.0,1.0,65.38,13770.27,5425.21,38568.68,0,Sin evaluar
1117,1340,F,59,north Moravia,Moravia,Adulto Mayor (>50),Moravia - Adulto Mayor (>50),9893.0,4.0,28.06,14.26,2434.43,19963.75,0,Sin evaluar
1118,1341,F,36,north Moravia,Moravia,Adulto (30-50),Moravia - Adulto (30-50),8173.0,5.83,65.91,8524.76,3271.73,25068.2,0,Sin evaluar
1120,1343,F,59,Prague,Praga,Adulto Mayor (>50),Praga - Adulto Mayor (>50),12541.0,0.0,62.85,14.32,2467.94,20404.12,0,Sin evaluar
1121,1345,M,30,north Bohemia,Bohemia,Adulto (30-50),Bohemia - Adulto (30-50),9272.0,3.0,32.46,19357.05,16047.44,50725.51,0,Sin evaluar
1122,1346,M,44,central Bohemia,Bohemia,Adulto (30-50),Bohemia - Adulto (30-50),8598.0,3.0,40.64,10467.62,10226.38,24315.68,0,Sin evaluar
1123,1347,M,28,central Bohemia,Bohemia,Joven (<30),Bohemia - Joven (<30),8598.0,3.0,61.96,17803.83,8864.43,31797.69,0,Sin evaluar
1124,1349,F,30,west Bohemia,Bohemia,Adulto (30-50),Bohemia - Adulto (30-50),10787.0,3.0,30.95,54044.52,48506.2,61667.31,0,Sin evaluar
1125,1350,M,39,Prague,Praga,Adulto (30-50),Praga - Adulto (30-50),12541.0,0.0,13.31,54855.52,41561.46,52490.61,0,Sin evaluar
1126,1352,F,27,south Moravia,Moravia,Joven (<30),Moravia - Joven (<30),9897.0,2.0,69.78,6480.64,3255.95,39184.9,0,Sin evaluar
1127,1353,M,39,west Bohemia,Bohemia,Adulto (30-50),Bohemia - Adulto (30-50),8561.0,1.0,71.1,25299.72,17957.81,62634.02,0,Sin evaluar
1128,1354,M,77,south Moravia,Moravia,Adulto Mayor (>50),Moravia - Adulto Mayor (>50),9624.0,2.0,61.31,6.52,3366.66,36842.77,0,Sin evaluar
1129,1355,F,22,north Bohemia,Bohemia,Joven (<30),Bohemia - Joven (<30),8867.0,1.0,45.96,26763.58,19549.17,45052.35,0,Sin evaluar
1130,1356,M,66,Prague,Praga,Adulto Mayor (>50),Praga - Adulto Mayor (>50),12541.0,0.0,19.68,10.16,2809.96,33825.91,0,Sin evaluar
1132,1359,F,47,Prague,Praga,Adulto (30-50),Praga - Adulto (30-50),12541.0,0.0,70.87,74.78,51562.66,67311.17,0,Sin evaluar
1133,1361,F,76,Prague,Praga,Adulto Mayor (>50),Praga - Adulto Mayor (>50),12541.0,0.0,61.96,14.53,1454.0,16451.12,0,Sin evaluar
1134,1363,F,19,central Bohemia,Bohemia,Joven (<30),Bohemia - Joven (<30),8546.0,3.0,70.67,13257.68,5419.56,23387.41,0,Sin evaluar
1135,1364,M,65,Prague,Praga,Adulto Mayor (>50),Praga - Adulto Mayor (>50),12541.0,0.0,41.49,12.05,2476.74,29697.15,0,Sin evaluar
1136,1366,F,18,central Bohemia,Bohemia,Joven (<30),Bohemia - Joven (<30),8754.0,4.0,64.79,13.89,23999.07,43189.0,0,Sin evaluar
1137,1367,F,33,south Moravia,Moravia,Adulto (30-50),Moravia - Adulto (30-50),8441.0,3.0,36.4,24.73,848.35,15841.78,0,Sin evaluar
1138,1369,M,20,north Bohemia,Bohemia,Joven (<30),Bohemia - Joven (<30),9832.0,3.0,20.8,2424.04,1615.38,18839.28,0,Sin evaluar
1139,1370,F,33,north Bohemia,Bohemia,Adulto (30-50),Bohemia - Adulto (30-50),9675.0,6.0,35.35,42367.58,35530.33,69995.99,0,Sin evaluar
1140,1371,F,50,east Bohemia,Bohemia,Adulto Mayor (>50),Bohemia - Adulto Mayor (>50),8208.0,2.0,13.77,6650.91,1850.4,29382.52,0,Sin evaluar
1141,1372,F,22,west Bohemia,Bohemia,Joven (<30),Bohemia - Joven (<30),8594.0,2.0,22.44,909.09,1762.92,20077.71,0,Sin evaluar
1142,1373,F,23,north Moravia,Moravia,Joven (<30),Moravia - Joven (<30),10673.0,5.0,38.41,1103.88,1805.0,20534.39,0,Sin evaluar
1144,1375,M,21,north Moravia,Moravia,Joven (<30),Moravia - Joven (<30),8173.0,5.83,71.06,2.81,968.34,18602.9,0,Sin evaluar
1145,1376,M,40,south Bohemia,Bohemia,Adulto (30-50),Bohemia - Adulto (30-50),8968.0,3.0,65.94,13.65,786.02,18238.7,0,Sin evaluar
1146,1378,F,57,north Moravia,Moravia,Adulto Mayor (>50),Moravia - Adulto Mayor (>50),10673.0,5.0,63.61,24181.23,18386.42,65281.78,0,Sin evaluar
1147,1380,F,45,east Bohemia,Bohemia,Adulto (30-50),Bohemia - Adulto (30-50),8254.0,3.0,68.7,24496.54,23220.09,51391.97,0,Sin evaluar
1149,1382,F,19,south Bohemia,Bohemia,Joven (<30),Bohemia - Joven (<30),8968.0,3.0,39.79,4441.72,3526.01,35393.94,0,Sin evaluar
1150,1383,M,16,west Bohemia,Bohemia,Joven (<30),Bohemia - Joven (<30),8843.0,3.0,14.75,5729.08,2610.17,21352.13,0,Sin evaluar
1151,1384,F,45,north Bohemia,Bohemia,Adulto (30-50),Bohemia - Adulto (30-50),9317.0,6.0,42.28,25879.35,19245.51,67363.81,0,Sin evaluar
1152,1385,M,45,west Bohemia,Bohemia,Adulto (30-50),Bohemia - Adulto (30-50),8620.0,1.0,68.53,11.67,972.42,17305.97,0,Sin evaluar
1153,1387,F,21,Prague,Praga,Joven (<30),Praga - Joven (<30),12541.0,0.0,60.06,13109.89,6829.84,26421.12,0,Sin evaluar
1154,1388,F,36,central Bohemia,Bohemia,Adulto (30-50),Bohemia - Adulto (30-50),9307.0,4.0,16.07,57183.32,50595.52,66419.48,0,Sin evaluar
1155,1389,F,71,east Bohemia,Bohemia,Adulto Mayor (>50),Bohemia - Adulto Mayor (>50),9425.0,2.0,26.87,40.94,3593.6,24284.63,0,Sin evaluar
1156,1390,F,19,south Moravia,Moravia,Joven (<30),Moravia - Joven (<30),8444.0,3.0,12.71,22668.14,15963.81,61589.96,0,Sin evaluar
1157,1391,M,33,north Bohemia,Bohemia,Adulto (30-50),Bohemia - Adulto (30-50),9832.0,3.0,69.16,6379.41,6041.06,32588.87,0,Sin evaluar
1158,1392,M,66,east Bohemia,Bohemia,Adulto Mayor (>50),Bohemia - Adulto Mayor (>50),8187.0,5.0,56.94,3.51,3758.17,32917.16,0,Sin evaluar
1159,1394,F,56,east Bohemia,Bohemia,Adulto Mayor (>50),Bohemia - Adulto Mayor (>50),8208.0,2.0,58.68,12409.03,6028.29,34929.12,0,Sin evaluar
1160,1396,F,52,north Bohemia,Bohemia,Adulto Mayor (>50),Bohemia - Adulto Mayor (>50),10446.0,7.0,29.08,625.86,25312.38,60374.17,0,Sin evaluar
1161,1397,F,77,south Moravia,Moravia,Adulto Mayor (>50),Moravia - Adulto Mayor (>50),8512.0,4.0,67.78,8.85,1684.86,23466.8,0,Sin evaluar
1164,1401,M,17,north Bohemia,Bohemia,Joven (<30),Bohemia - Joven (<30),8867.0,1.0,59.53,7382.36,7134.22,33406.33,0,Sin evaluar
1165,1402,M,62,east Bohemia,Bohemia,Adulto Mayor (>50),Bohemia - Adulto Mayor (>50),8254.0,3.0,21.29,14606.72,7151.71,16886.29,0,Sin evaluar
1166,1404,F,30,central Bohemia,Bohemia,Adulto (30-50),Bohemia - Adulto (30-50),9622.0,0.0,68.34,137.55,13516.86,37200.39,0,Buen Pagador
1168,1406,F,50,west Bohemia,Bohemia,Adulto Mayor (>50),Bohemia - Adulto Mayor (>50),8843.0,3.0,49.91,10810.16,6512.92,23099.73,0,Sin evaluar
1169,1408,M,29,east Bohemia,Bohemia,Joven (<30),Bohemia - Joven (<30),8208.0,2.0,57.99,35905.79,26538.21,50725.92,0,Sin evaluar
1170,1409,M,47,west Bohemia,Bohemia,Adulto (30-50),Bohemia - Adulto (30-50),8554.0,2.0,33.18,1817.36,14420.61,41952.68,0,Sin evaluar
1171,1410,M,54,south Bohemia,Bohemia,Adulto Mayor (>50),Bohemia - Adulto Mayor (>50),8968.0,3.0,12.35,18068.99,8822.67,37380.2,0,Sin evaluar
1172,1412,M,19,central Bohemia,Bohemia,Joven (<30),Bohemia - Joven (<30),8546.0,3.0,14.19,6522.76,5813.95,22251.65,0,Sin evaluar
1173,1413,F,29,central Bohemia,Bohemia,Joven (<30),Bohemia - Joven (<30),9622.0,0.0,27.27,14.67,1177.85,15096.62,0,Sin evaluar
1174,1414,F,24,north Moravia,Moravia,Joven (<30),Moravia - Joven (<30),10177.0,7.0,45.37,23678.55,17952.83,59119.64,0,Sin evaluar
1176,1416,M,71,south Bohemia,Bohemia,Adulto Mayor (>50),Bohemia - Adulto Mayor (>50),8402.0,3.0,26.22,41.95,2293.67,15692.25,0,Sin evaluar
1177,1417,F,32,west Bohemia,Bohemia,Adulto (30-50),Bohemia - Adulto (30-50),8561.0,1.0,12.35,21781.86,16361.13,31171.87,0,Sin evaluar
1178,1418,F,24,north Bohemia,Bohemia,Joven (<30),Bohemia - Joven (<30),9832.0,3.0,19.91,22846.21,16002.01,44156.94,0,Sin evaluar
1179,1419,F,80,north Moravia,Moravia,Adulto Mayor (>50),Moravia - Adulto Mayor (>50),10673.0,5.0,71.23,9.83,1417.38,17679.49,0,Sin evaluar
1180,1421,F,42,south Bohemia,Bohemia,Adulto (30-50),Bohemia - Adulto (30-50),8547.0,3.0,67.42,16584.66,15500.15,46089.37,0,Sin evaluar
1181,1422,F,22,north Moravia,Moravia,Joven (<30),Moravia - Joven (<30),8173.0,5.83,16.36,7945.54,4394.87,22610.47,0,Sin evaluar
1182,1424,M,46,central Bohemia,Bohemia,Adulto (30-50),Bohemia - Adulto (30-50),11277.0,1.0,22.6,491.15,16181.33,42113.13,0,Sin evaluar
1183,1425,M,30,central Bohemia,Bohemia,Adulto (30-50),Bohemia - Adulto (30-50),8754.0,4.0,43.79,5832.93,2997.49,28713.63,0,Sin evaluar
1184,1427,F,33,south Bohemia,Bohemia,Adulto (30-50),Bohemia - Adulto (30-50),10045.0,1.0,55.85,12.53,39136.54,59551.74,0,Sin evaluar
1185,1428,M,78,central Bohemia,Bohemia,Adulto Mayor (>50),Bohemia - Adulto Mayor (>50),8754.0,4.0,18.79,37.25,934.01,17001.34,0,Sin evaluar
1186,1430,F,16,south Moravia,Moravia,Joven (<30),Moravia - Joven (<30),9624.0,2.0,12.45,9482.41,6775.1,32569.66,0,Sin evaluar
1187,1431,F,68,south Moravia,Moravia,Adulto Mayor (>50),Moravia - Adulto Mayor (>50),8743.0,2.0,29.11,34.35,3692.2,30960.55,0,Sin evaluar
1188,1432,F,37,south Bohemia,Bohemia,Adulto (30-50),Bohemia - Adulto (30-50),8427.0,1.0,29.31,8417.2,3546.23,29689.42,0,Sin evaluar
1189,1433,F,39,north Moravia,Moravia,Adulto (30-50),Moravia - Adulto (30-50),8994.0,4.0,69.42,8.64,937.34,23274.56,0,Sin evaluar
1190,1435,M,45,east Bohemia,Bohemia,Adulto (30-50),Bohemia - Adulto (30-50),8363.0,3.0,27.7,14048.12,6436.82,26698.9,0,Sin evaluar
1192,1438,F,35,west Bohemia,Bohemia,Adulto (30-50),Bohemia - Adulto (30-50),8843.0,3.0,31.97,12942.82,11538.94,44923.47,0,Sin evaluar
1193,1439,M,24,west Bohemia,Bohemia,Joven (<30),Bohemia - Joven (<30),8843.0,3.0,59.83,15916.1,8632.12,29448.38,0,Sin evaluar
1194,1440,M,20,Prague,Praga,Joven (<30),Praga - Joven (<30),12541.0,0.0,56.54,23930.88,19534.49,47846.88,0,Sin evaluar
1195,1441,F,67,east Bohemia,Bohemia,Adulto Mayor (>50),Bohemia - Adulto Mayor (>50),8388.0,2.0,24.11,33.18,3089.59,28979.87,0,Sin evaluar
1196,1443,M,63,west Bohemia,Bohemia,Adulto Mayor (>50),Bohemia - Adulto Mayor (>50),8843.0,3.0,35.48,35651.18,25504.71,59505.35,0,Sin evaluar
1197,1445,M,57,north Moravia,Moravia,Adulto Mayor (>50),Moravia - Adulto Mayor (>50),9893.0,4.0,63.77,958.13,1490.67,32837.69,0,Sin evaluar
1198,1446,M,44,north Moravia,Moravia,Adulto (30-50),Moravia - Adulto (30-50),10177.0,7.0,20.37,1173.29,18862.69,35053.0,0,Sin evaluar
1199,1448,F,41,east Bohemia,Bohemia,Adulto (30-50),Bohemia - Adulto (30-50),8187.0,5.0,21.45,6936.92,2910.02,34062.71,0,Sin evaluar
1200,1449,M,49,north Bohemia,Bohemia,Adulto (30-50),Bohemia - Adulto (30-50),9832.0,3.0,67.81,25519.83,17900.01,46580.81,0,Sin evaluar
1201,1450,F,29,south Moravia,Moravia,Joven (<30),Moravia - Joven (<30),8814.0,5.0,65.28,16602.94,8458.95,39118.43,0,Sin evaluar
1203,1452,F,58,north Moravia,Moravia,Adulto Mayor (>50),Moravia - Adulto Mayor (>50),8994.0,4.0,40.74,22550.81,15608.74,61621.03,0,Sin evaluar
1204,1453,F,32,west Bohemia,Bohemia,Adulto (30-50),Bohemia - Adulto (30-50),8843.0,3.0,60.91,25803.6,17891.64,62110.97,0,Sin evaluar
1205,1454,M,73,north Moravia,Moravia,Adulto Mayor (>50),Moravia - Adulto Mayor (>50),8746.0,3.0,50.76,21.67,2003.35,24028.88,0,Sin evaluar
1206,1456,M,70,north Moravia,Moravia,Adulto Mayor (>50),Moravia - Adulto Mayor (>50),10177.0,7.0,38.34,23.47,2057.9,17711.06,0,Sin evaluar
1207,1458,M,60,north Moravia,Moravia,Adulto Mayor (>50),Moravia - Adulto Mayor (>50),8110.0,6.0,66.76,20884.81,11861.89,45048.68,0,Sin evaluar
1208,1459,M,22,central Bohemia,Bohemia,Joven (<30),Bohemia - Joven (<30),9753.0,5.0,13.7,19446.72,10538.69,47371.45,0,Sin evaluar
1209,1460,F,65,west Bohemia,Bohemia,Adulto Mayor (>50),Bohemia - Adulto Mayor (>50),8624.0,2.0,14.26,63.11,1570.13,17661.37,0,Sin evaluar
1210,1461,M,29,west Bohemia,Bohemia,Joven (<30),Bohemia - Joven (<30),8594.0,2.0,31.34,21991.16,19993.62,46821.84,0,Sin evaluar
1211,1462,M,57,east Bohemia,Bohemia,Adulto Mayor (>50),Bohemia - Adulto Mayor (>50),8208.0,2.0,28.71,8555.97,4176.25,28945.01,0,Sin evaluar
1212,1463,F,62,north Moravia,Moravia,Adulto Mayor (>50),Moravia - Adulto Mayor (>50),10177.0,7.0,36.44,24.7,3966.52,17928.8,0,Sin evaluar
1213,1464,F,70,north Bohemia,Bohemia,Adulto Mayor (>50),Bohemia - Adulto Mayor (>50),9198.0,3.0,31.77,6.3,1622.6,19065.01,0,Sin evaluar
1214,1466,M,45,north Bohemia,Bohemia,Adulto (30-50),Bohemia - Adulto (30-50),10446.0,7.0,23.36,17787.97,12059.08,43623.03,0,Sin evaluar
1215,1467,M,74,south Moravia,Moravia,Adulto Mayor (>50),Moravia - Adulto Mayor (>50),8403.0,6.0,21.91,41.08,1874.49,21675.49,0,Sin evaluar
1216,1468,F,58,north Moravia,Moravia,Adulto Mayor (>50),Moravia - Adulto Mayor (>50),8909.0,4.0,34.0,932.35,1832.94,20078.14,0,Sin evaluar
1217,1469,F,32,south Moravia,Moravia,Adulto (30-50),Moravia - Adulto (30-50),9897.0,2.0,62.19,3.22,816.05,18260.32,0,Sin evaluar
1218,1470,M,56,Prague,Praga,Adulto Mayor (>50),Praga - Adulto Mayor (>50),12541.0,0.0,24.61,85.33,33218.57,58375.93,0,Sin evaluar
1219,1472,F,31,Prague,Praga,Adulto (30-50),Praga - Adulto (30-50),12541.0,0.0,30.75,8039.51,3932.36,24232.62,0,Sin evaluar
1220,1473,F,67,Prague,Praga,Adulto Mayor (>50),Praga - Adulto Mayor (>50),12541.0,0.0,41.56,21.66,1749.04,37760.1,0,Sin evaluar
1221,1474,F,27,east Bohemia,Bohemia,Joven (<30),Bohemia - Joven (<30),8390.0,2.0,23.92,32347.78,31695.03,38982.1,3,Sin evaluar
1222,1475,M,66,south Bohemia,Bohemia,Adulto Mayor (>50),Bohemia - Adulto Mayor (>50),8402.0,3.0,71.33,9.81,4527.27,32684.89,0,Sin evaluar
1223,1476,M,28,north Moravia,Moravia,Joven (<30),Moravia - Joven (<30),10177.0,7.0,28.68,14214.09,6983.96,40038.38,0,Sin evaluar
1225,1478,M,29,central Bohemia,Bohemia,Joven (<30),Bohemia - Joven (<30),9753.0,5.0,60.55,20317.59,18721.72,54395.67,0,Sin evaluar
1226,1479,M,42,Prague,Praga,Adulto (30-50),Praga - Adulto (30-50),12541.0,0.0,26.25,6692.95,2899.81,18869.85,0,Sin evaluar
1227,1480,M,55,north Moravia,Moravia,Adulto Mayor (>50),Moravia - Adulto Mayor (>50),8173.0,5.83,35.58,15317.4,6602.59,34450.85,0,Sin evaluar
1228,1481,F,65,south Moravia,Moravia,Adulto Mayor (>50),Moravia - Adulto Mayor (>50),8544.0,1.0,44.75,8.94,2626.59,33001.4,0,Sin evaluar
1229,1482,F,48,east Bohemia,Bohemia,Adulto (30-50),Bohemia - Adulto (30-50),8369.0,2.0,12.68,17715.14,10618.3,42090.68,0,Sin evaluar
1230,1483,F,47,Prague,Praga,Adulto (30-50),Praga - Adulto (30-50),12541.0,0.0,19.94,40492.88,35739.12,64925.75,0,Sin evaluar
1231,1485,M,20,central Bohemia,Bohemia,Joven (<30),Bohemia - Joven (<30),9920.0,2.0,59.4,18844.53,14741.75,35093.5,0,Sin evaluar
1232,1487,F,22,east Bohemia,Bohemia,Joven (<30),Bohemia - Joven (<30),9060.0,2.0,29.83,4166.51,3178.01,40339.25,0,Sin evaluar
1233,1488,M,37,west Bohemia,Bohemia,Adulto (30-50),Bohemia - Adulto (30-50),8930.0,4.0,34.73,8.64,1075.73,15438.31,0,Sin evaluar
1234,1489,M,70,central Bohemia,Bohemia,Adulto Mayor (>50),Bohemia - Adulto Mayor (>50),8546.0,3.0,63.57,17.3,4007.08,21550.18,0,Sin evaluar
1235,1490,M,70,east Bohemia,Bohemia,Adulto Mayor (>50),Bohemia - Adulto Mayor (>50),8388.0,2.0,61.24,8.16,1448.4,18689.11,0,Sin evaluar
1236,1491,M,16,south Bohemia,Bohemia,Joven (<30),Bohemia - Joven (<30),8402.0,3.0,67.88,5741.25,5587.07,24031.72,0,Sin evaluar
1237,1492,F,30,central Bohemia,Bohemia,Adulto (30-50),Bohemia - Adulto (30-50),8899.0,3.0,57.63,39849.47,38992.09,68407.48,0,Sin evaluar
1238,1493,M,76,Prague,Praga,Adulto Mayor (>50),Praga - Adulto Mayor (>50),12541.0,0.0,38.08,15.76,3141.54,27172.95,0,Sin evaluar
1239,1495,F,67,Prague,Praga,Adulto Mayor (>50),Praga - Adulto Mayor (>50),12541.0,0.0,68.7,13.1,2946.14,21839.51,0,Sin evaluar
1240,1496,F,56,Prague,Praga,Adulto Mayor (>50),Praga - Adulto Mayor (>50),12541.0,0.0,15.64,11910.68,7448.85,23989.3,0,Sin evaluar
1241,1497,F,50,south Moravia,Moravia,Adulto Mayor (>50),Moravia - Adulto Mayor (>50),8240.0,3.0,29.96,6897.7,3196.26,18521.83,0,Sin evaluar
1242,1499,F,47,north Moravia,Moravia,Adulto (30-50),Moravia - Adulto (30-50),10673.0,5.0,25.2,35207.42,23125.67,51192.28,0,Sin evaluar
1243,1500,M,17,Prague,Praga,Joven (<30),Praga - Joven (<30),12541.0,0.0,35.78,6379.09,3362.21,51733.64,0,Sin evaluar
1244,1501,M,52,north Moravia,Moravia,Adulto Mayor (>50),Moravia - Adulto Mayor (>50),9893.0,4.0,31.77,6309.47,2376.46,17013.89,0,Sin evaluar
1245,1502,M,25,north Moravia,Moravia,Joven (<30),Moravia - Joven (<30),9893.0,4.0,13.6,12151.84,6161.76,37439.57,0,Sin evaluar
1246,1503,M,76,south Moravia,Moravia,Adulto Mayor (>50),Moravia - Adulto Mayor (>50),8757.0,3.0,52.44,20.98,2478.83,22723.99,0,Sin evaluar
1247,1505,F,27,south Moravia,Moravia,Joven (<30),Moravia - Joven (<30),8403.0,6.0,66.76,37067.69,34422.47,54881.86,1,Sin evaluar
1248,1506,M,67,west Bohemia,Bohemia,Adulto Mayor (>50),Bohemia - Adulto Mayor (>50),8620.0,1.0,44.09,13.61,3046.72,22955.89,0,Sin evaluar
1249,1508,F,44,north Moravia,Moravia,Adulto (30-50),Moravia - Adulto (30-50),8110.0,6.0,45.08,1506.21,1828.08,35055.91,0,Sin evaluar
1250,1509,F,56,south Moravia,Moravia,Adulto Mayor (>50),Moravia - Adulto Mayor (>50),8544.0,1.0,33.12,45.29,12683.73,27296.28,0,Sin evaluar
1251,1510,F,50,north Bohemia,Bohemia,Adulto Mayor (>50),Bohemia - Adulto Mayor (>50),9675.0,6.0,41.46,22728.8,13907.19,32863.13,0,Sin evaluar
1252,1511,F,36,central Bohemia,Bohemia,Adulto (30-50),Bohemia - Adulto (30-50),8598.0,3.0,41.2,145.63,23333.83,42941.05,0,Sin evaluar
1253,1512,F,56,central Bohemia,Bohemia,Adulto Mayor (>50),Bohemia - Adulto Mayor (>50),9307.0,4.0,20.6,19807.96,8737.86,51913.06,0,Sin evaluar
1254,1513,M,39,north Moravia,Moravia,Adulto (30-50),Moravia - Adulto (30-50),10673.0,5.0,45.14,39283.45,37381.72,63964.72,0,Sin evaluar
1255,1514,M,41,north Moravia,Moravia,Adulto (30-50),Moravia - Adulto (30-50),9893.0,4.0,17.97,16.69,35241.68,41750.05,2,Sin evaluar
1256,1516,F,52,north Bohemia,Bohemia,Adulto Mayor (>50),Bohemia - Adulto Mayor (>50),8965.0,7.0,56.34,16733.97,8776.36,32609.2,0,Buen Pagador
1257,1517,M,42,south Moravia,Moravia,Adulto (30-50),Moravia - Adulto (30-50),8512.0,4.0,38.67,20028.83,14641.84,38482.33,0,Sin evaluar
1258,1518,F,38,central Bohemia,Bohemia,Adulto (30-50),Bohemia - Adulto (30-50),8980.0,2.0,27.96,25.04,737.48,15582.67,0,Sin evaluar
1259,1520,M,42,north Moravia,Moravia,Adulto (30-50),Moravia - Adulto (30-50),8994.0,4.0,20.63,16507.8,11885.6,26160.58,0,Sin evaluar
1260,1521,M,19,central Bohemia,Bohemia,Joven (<30),Bohemia - Joven (<30),9307.0,4.0,25.43,15347.62,8175.38,30620.5,0,Sin evaluar
1261,1522,F,30,east Bohemia,Bohemia,Adulto (30-50),Bohemia - Adulto (30-50),8363.0,3.0,45.47,24743.66,14470.2,50313.44,0,Sin evaluar
1262,1523,F,67,west Bohemia,Bohemia,Adulto Mayor (>50),Bohemia - Adulto Mayor (>50),8843.0,3.0,23.36,17.12,3062.5,26470.76,0,Sin evaluar
1263,1524,F,36,west Bohemia,Bohemia,Adulto (30-50),Bohemia - Adulto (30-50),9650.0,3.0,35.71,33291.96,31435.82,60570.15,0,Sin evaluar
1264,1525,M,55,Prague,Praga,Adulto Mayor (>50),Praga - Adulto Mayor (>50),12541.0,0.0,22.44,18300.27,9596.26,43712.58,0,Sin evaluar
1265,1527,M,64,east Bohemia,Bohemia,Adulto Mayor (>50),Bohemia - Adulto Mayor (>50),8208.0,2.0,34.17,8.78,3933.57,24323.18,0,Sin evaluar
1266,1528,M,34,south Moravia,Moravia,Adulto (30-50),Moravia - Adulto (30-50),8720.0,4.0,30.0,22726.83,13399.33,35728.89,0,Sin evaluar
1267,1529,F,26,east Bohemia,Bohemia,Joven (<30),Bohemia - Joven (<30),9425.0,2.0,28.85,21080.94,15023.92,35273.82,0,Sin evaluar
1268,1530,F,53,north Moravia,Moravia,Adulto Mayor (>50),Moravia - Adulto Mayor (>50),10673.0,5.0,65.22,1080.96,1896.96,30996.26,0,Sin evaluar
1269,1531,F,38,east Bohemia,Bohemia,Adulto (30-50),Bohemia - Adulto (30-50),8363.0,3.0,57.13,13691.63,6016.45,29409.02,0,Sin evaluar
1270,1533,M,38,south Moravia,Moravia,Adulto (30-50),Moravia - Adulto (30-50),8743.0,2.0,30.78,269.66,8422.29,22698.3,0,Sin evaluar
1271,1534,F,46,south Bohemia,Bohemia,Adulto (30-50),Bohemia - Adulto (30-50),8114.0,2.0,30.42,8071.66,3955.95,19681.56,0,Sin evaluar
1272,1535,M,62,north Bohemia,Bohemia,Adulto Mayor (>50),Bohemia - Adulto Mayor (>50),9317.0,6.0,67.22,12784.8,11581.45,53312.81,2,Sin evaluar
1273,1536,F,31,north Bohemia,Bohemia,Adulto (30-50),Bohemia - Adulto (30-50),9065.0,4.0,57.23,22229.16,17405.21,50743.83,0,Sin evaluar
1274,1537,M,19,south Moravia,Moravia,Joven (<30),Moravia - Joven (<30),9897.0,2.0,28.39,41564.0,38943.75,53396.51,1,Sin evaluar
1275,1539,M,75,north Bohemia,Bohemia,Adulto Mayor (>50),Bohemia - Adulto Mayor (>50),9272.0,3.0,30.16,9.95,3236.74,25046.17,0,Sin evaluar
1276,1540,M,61,north Bohemia,Bohemia,Adulto Mayor (>50),Bohemia - Adulto Mayor (>50),9198.0,3.0,71.75,8394.03,3900.49,28540.31,0,Sin evaluar
1277,1542,M,79,west Bohemia,Bohemia,Adulto Mayor (>50),Bohemia - Adulto Mayor (>50),8930.0,4.0,66.37,15.07,3142.68,21429.08,0,Sin evaluar
1279,1546,M,68,west Bohemia,Bohemia,Adulto Mayor (>50),Bohemia - Adulto Mayor (>50),8594.0,2.0,14.59,68.54,1787.53,18101.68,0,Sin evaluar
1280,1548,M,75,north Moravia,Moravia,Adulto Mayor (>50),Moravia - Adulto Mayor (>50),10177.0,7.0,43.96,13.65,1769.11,29148.47,0,Sin evaluar
1281,1550,F,52,central Bohemia,Bohemia,Adulto Mayor (>50),Bohemia - Adulto Mayor (>50),11277.0,1.0,20.57,15564.22,10875.06,63261.26,0,Sin evaluar
1284,1554,M,54,south Moravia,Moravia,Adulto Mayor (>50),Moravia - Adulto Mayor (>50),8743.0,2.0,17.97,31214.75,29447.47,58505.71,0,Sin evaluar
1285,1555,M,48,west Bohemia,Bohemia,Adulto (30-50),Bohemia - Adulto (30-50),9650.0,3.0,66.89,20782.49,13480.34,38152.52,0,Sin evaluar
1286,1556,M,48,south Moravia,Moravia,Adulto (30-50),Moravia - Adulto (30-50),8512.0,4.0,61.24,54176.93,45234.55,67098.7,0,Sin evaluar
1287,1557,F,39,north Bohemia,Bohemia,Adulto (30-50),Bohemia - Adulto (30-50),8867.0,1.0,45.93,1125.63,14185.54,48043.34,0,Sin evaluar
1288,1558,F,71,central Bohemia,Bohemia,Adulto Mayor (>50),Bohemia - Adulto Mayor (>50),9622.0,0.0,61.11,9.82,2965.64,18647.53,0,Sin evaluar
1289,1559,M,58,north Moravia,Moravia,Adulto Mayor (>50),Moravia - Adulto Mayor (>50),8994.0,4.0,29.8,25600.17,17148.32,62139.6,0,Sin evaluar
1291,1561,F,75,Prague,Praga,Adulto Mayor (>50),Praga - Adulto Mayor (>50),12541.0,0.0,53.91,11.13,2959.38,19958.24,0,Sin evaluar
1292,1563,M,20,central Bohemia,Bohemia,Joven (<30),Bohemia - Joven (<30),8980.0,2.0,51.91,13478.31,9154.69,44972.38,0,Sin evaluar
1293,1564,F,51,north Bohemia,Bohemia,Adulto Mayor (>50),Bohemia - Adulto Mayor (>50),9317.0,6.0,27.89,25246.83,20806.74,42399.42,0,Sin evaluar
1294,1565,M,38,north Moravia,Moravia,Adulto (30-50),Moravia - Adulto (30-50),8678.0,6.0,49.12,15766.0,11447.88,29438.11,0,Sin evaluar
1295,1566,F,32,south Bohemia,Bohemia,Adulto (30-50),Bohemia - Adulto (30-50),9045.0,3.0,50.1,6467.45,3231.54,18990.33,0,Sin evaluar
1296,1567,M,68,east Bohemia,Bohemia,Adulto Mayor (>50),Bohemia - Adulto Mayor (>50),8187.0,5.0,24.94,32.08,2433.44,18529.89,0,Sin evaluar
1297,1569,F,42,south Moravia,Moravia,Adulto (30-50),Moravia - Adulto (30-50),9897.0,2.0,65.15,22256.81,15062.47,53951.02,0,Sin evaluar
1298,1571,F,31,central Bohemia,Bohemia,Adulto (30-50),Bohemia - Adulto (30-50),9920.0,2.0,35.35,13676.04,7686.0,28960.32,0,Sin evaluar
1299,1572,F,35,Prague,Praga,Adulto (30-50),Praga - Adulto (30-50),12541.0,0.0,66.33,325.64,1471.43,21969.89,0,Sin evaluar
1301,1574,M,19,south Bohemia,Bohemia,Joven (<30),Bohemia - Joven (<30),8968.0,3.0,51.52,4665.43,4445.85,22532.97,0,Sin evaluar
1302,1575,F,75,south Moravia,Moravia,Adulto Mayor (>50),Moravia - Adulto Mayor (>50),8743.0,2.0,61.31,13.05,1988.09,23002.17,0,Sin evaluar
1303,1577,M,54,west Bohemia,Bohemia,Adulto Mayor (>50),Bohemia - Adulto Mayor (>50),8624.0,2.0,15.74,7092.31,2160.1,32491.8,0,Sin evaluar
1304,1578,F,27,north Bohemia,Bohemia,Joven (<30),Bohemia - Joven (<30),9317.0,6.0,32.13,23840.49,23081.14,49807.92,0,Sin evaluar
1305,1579,M,35,west Bohemia,Bohemia,Adulto (30-50),Bohemia - Adulto (30-50),8561.0,1.0,64.2,11521.88,10045.17,60903.61,0,Sin evaluar
1306,1580,F,30,Prague,Praga,Adulto (30-50),Praga - Adulto (30-50),12541.0,0.0,45.34,18650.31,10794.0,32721.19,0,Sin evaluar
1307,1581,F,35,south Moravia,Moravia,Adulto (30-50),Moravia - Adulto (30-50),8772.0,5.0,48.85,6855.91,3701.13,21214.81,0,Sin evaluar
1308,1582,M,64,south Moravia,Moravia,Adulto Mayor (>50),Moravia - Adulto Mayor (>50),9897.0,2.0,27.17,14.72,1403.75,26360.05,0,Sin evaluar
1309,1583,F,26,Prague,Praga,Joven (<30),Praga - Joven (<30),12541.0,0.0,44.55,22.45,32651.85,54339.08,0,Sin evaluar
1310,1584,F,36,Prague,Praga,Adulto (30-50),Praga - Adulto (30-50),12541.0,0.0,34.27,7651.94,7222.06,21273.23,0,Sin evaluar
1311,1585,M,63,south Moravia,Moravia,Adulto Mayor (>50),Moravia - Adulto Mayor (>50),8441.0,3.0,35.91,15835.7,7103.87,21178.38,0,Sin evaluar
1312,1587,M,70,west Bohemia,Bohemia,Adulto Mayor (>50),Bohemia - Adulto Mayor (>50),8624.0,2.0,50.53,7.92,3635.27,24304.41,0,Sin evaluar
1313,1588,M,48,east Bohemia,Bohemia,Adulto (30-50),Bohemia - Adulto (30-50),8390.0,2.0,14.98,59871.16,57288.18,66812.99,0,Sin evaluar
1314,1589,F,47,east Bohemia,Bohemia,Adulto (30-50),Bohemia - Adulto (30-50),9060.0,2.0,60.91,18203.19,10982.76,46633.49,0,Sin evaluar
1315,1590,F,58,central Bohemia,Bohemia,Adulto Mayor (>50),Bohemia - Adulto Mayor (>50),8598.0,3.0,44.48,11090.02,5115.11,32794.94,0,Sin evaluar
1316,1591,F,45,east Bohemia,Bohemia,Adulto (30-50),Bohemia - Adulto (30-50),8388.0,2.0,24.57,12.21,597.07,15964.67,0,Sin evaluar
1317,1592,M,70,south Moravia,Moravia,Adulto Mayor (>50),Moravia - Adulto Mayor (>50),8772.0,5.0,58.38,18.84,3280.58,27229.29,0,Sin evaluar
1318,1594,M,59,south Moravia,Moravia,Adulto Mayor (>50),Moravia - Adulto Mayor (>50),8772.0,5.0,12.29,16684.13,8853.21,22717.74,0,Sin evaluar
1319,1595,F,44,south Moravia,Moravia,Adulto (30-50),Moravia - Adulto (30-50),8772.0,5.0,16.76,24832.82,18103.16,54218.58,0,Sin evaluar
1320,1596,F,20,south Moravia,Moravia,Joven (<30),Moravia - Joven (<30),8757.0,3.0,25.4,14857.28,9098.43,25012.66,0,Sin evaluar
1321,1597,M,42,south Moravia,Moravia,Adulto (30-50),Moravia - Adulto (30-50),8441.0,3.0,21.16,6194.57,2936.67,23210.34,0,Sin evaluar
1322,1598,M,73,north Moravia,Moravia,Adulto Mayor (>50),Moravia - Adulto Mayor (>50),8110.0,6.0,65.87,3.04,1418.1,19293.0,0,Sin evaluar
1323,1599,M,34,east Bohemia,Bohemia,Adulto (30-50),Bohemia - Adulto (30-50),9425.0,2.0,31.38,22821.96,12548.76,50986.66,0,Sin evaluar
1324,1601,F,29,east Bohemia,Bohemia,Joven (<30),Bohemia - Joven (<30),8388.0,2.0,25.82,20302.59,15276.53,52602.99,0,Sin evaluar
1325,1603,M,30,west Bohemia,Bohemia,Adulto (30-50),Bohemia - Adulto (30-50),10787.0,3.0,28.75,10.43,677.22,18174.89,0,Sin evaluar
1326,1605,F,18,east Bohemia,Bohemia,Joven (<30),Bohemia - Joven (<30),8363.0,3.0,25.63,6127.19,3037.85,21196.48,0,Sin evaluar
1327,1606,M,16,south Moravia,Moravia,Joven (<30),Moravia - Joven (<30),8403.0,6.0,52.24,6305.63,6033.69,28638.01,0,Sin evaluar
1328,1607,F,57,central Bohemia,Bohemia,Adulto Mayor (>50),Bohemia - Adulto Mayor (>50),11277.0,1.0,31.9,288.4,33798.43,54679.13,0,Sin evaluar
1329,1608,M,57,south Moravia,Moravia,Adulto Mayor (>50),Moravia - Adulto Mayor (>50),8240.0,3.0,27.47,713.51,4531.2,21759.18,0,Buen Pagador
1330,1610,F,56,north Moravia,Moravia,Adulto Mayor (>50),Moravia - Adulto Mayor (>50),9893.0,4.0,26.28,40219.25,33059.17,47189.14,2,Sin evaluar
1331,1611,F,35,south Moravia,Moravia,Adulto (30-50),Moravia - Adulto (30-50),8444.0,3.0,47.9,194.15,7648.6,25891.28,0,Sin evaluar
1332,1613,M,37,east Bohemia,Bohemia,Adulto (30-50),Bohemia - Adulto (30-50),8187.0,5.0,69.22,24295.45,18788.5,67952.26,0,Sin evaluar
1333,1614,M,60,south Bohemia,Bohemia,Adulto Mayor (>50),Bohemia - Adulto Mayor (>50),9104.0,2.0,51.06,10905.64,4637.68,23589.46,0,Sin evaluar
1334,1615,F,46,north Moravia,Moravia,Adulto (30-50),Moravia - Adulto (30-50),10673.0,5.0,67.58,6384.51,6189.7,26847.75,0,Sin evaluar
1335,1616,M,60,south Moravia,Moravia,Adulto Mayor (>50),Moravia - Adulto Mayor (>50),9897.0,2.0,39.33,16272.34,9225.02,39441.15,0,Sin evaluar
1336,1617,F,48,central Bohemia,Bohemia,Adulto (30-50),Bohemia - Adulto (30-50),9307.0,4.0,22.11,18828.4,10208.05,32086.14,0,Sin evaluar
1337,1618,F,19,south Bohemia,Bohemia,Joven (<30),Bohemia - Joven (<30),8114.0,2.0,63.97,7681.29,3692.36,38291.42,0,Sin evaluar
1338,1619,F,56,north Moravia,Moravia,Adulto Mayor (>50),Moravia - Adulto Mayor (>50),10673.0,5.0,71.62,34009.1,27440.56,53588.83,0,Sin evaluar
1339,1621,F,46,north Moravia,Moravia,Adulto (30-50),Moravia - Adulto (30-50),8369.0,5.0,17.84,22487.28,20731.56,40591.2,0,Sin evaluar
1340,1622,M,48,east Bohemia,Bohemia,Adulto (30-50),Bohemia - Adulto (30-50),8363.0,3.0,14.09,1518.81,2166.08,21223.37,0,Sin evaluar
1341,1623,M,35,north Bohemia,Bohemia,Adulto (30-50),Bohemia - Adulto (30-50),9198.0,3.0,37.32,29.47,930.87,17049.7,0,Sin evaluar
1342,1624,M,33,central Bohemia,Bohemia,Adulto (30-50),Bohemia - Adulto (30-50),8899.0,3.0,14.72,25852.85,17363.65,42996.87,0,Sin evaluar
1344,1628,F,41,central Bohemia,Bohemia,Adulto (30-50),Bohemia - Adulto (30-50),8754.0,4.0,41.53,41582.88,41061.93,55531.63,0,Sin evaluar
1345,1629,M,32,west Bohemia,Bohemia,Adulto (30-50),Bohemia - Adulto (30-50),8594.0,2.0,62.39,24711.01,18550.09,51314.71,0,Sin evaluar
1346,1631,M,22,north Moravia,Moravia,Joven (<30),Moravia - Joven (<30),10673.0,5.0,18.0,994.44,1861.11,18616.43,0,Sin evaluar
1347,1632,F,55,central Bohemia,Bohemia,Adulto Mayor (>50),Bohemia - Adulto Mayor (>50),11277.0,1.0,25.2,19.84,888.49,12964.39,0,Sin evaluar
1348,1633,F,26,south Moravia,Moravia,Joven (<30),Moravia - Joven (<30),8743.0,2.0,13.6,11220.0,3854.41,40882.39,0,Sin evaluar
1349,1635,F,68,north Moravia,Moravia,Adulto Mayor (>50),Moravia - Adulto Mayor (>50),8819.0,5.0,33.87,20.67,2772.36,17725.11,0,Sin evaluar
1350,1637,M,55,south Bohemia,Bohemia,Adulto Mayor (>50),Bohemia - Adulto Mayor (>50),9104.0,2.0,28.19,24168.78,16124.83,42679.92,0,Sin evaluar
1351,1638,F,44,north Bohemia,Bohemia,Adulto (30-50),Bohemia - Adulto (30-50),9317.0,6.0,33.08,9.07,573.46,21981.96,0,Sin evaluar
1352,1639,F,39,Prague,Praga,Adulto (30-50),Praga - Adulto (30-50),12541.0,0.0,51.25,26889.76,19434.15,53775.86,0,Sin evaluar
1353,1640,F,45,east Bohemia,Bohemia,Adulto (30-50),Bohemia - Adulto (30-50),8541.0,3.0,56.34,17523.89,10324.81,32561.38,0,Sin evaluar
1354,1641,F,75,west Bohemia,Bohemia,Adulto Mayor (>50),Bohemia - Adulto Mayor (>50),8930.0,4.0,18.33,54.56,1563.56,16144.43,0,Sin evaluar
1355,1642,F,39,Prague,Praga,Adulto (30-50),Praga - Adulto (30-50),12541.0,0.0,16.49,20209.52,14195.27,43578.99,0,Sin evaluar
1356,1643,F,22,north Bohemia,Bohemia,Joven (<30),Bohemia - Joven (<30),10446.0,7.0,22.93,6036.94,5486.26,21300.45,0,Sin evaluar
1357,1644,M,22,south Moravia,Moravia,Joven (<30),Moravia - Joven (<30),8772.0,5.0,37.36,1632.76,1472.7,38950.29,0,Sin evaluar
1358,1645,F,37,north Bohemia,Bohemia,Adulto (30-50),Bohemia - Adulto (30-50),10446.0,7.0,32.33,6982.68,3315.81,33510.84,0,Sin evaluar
1359,1646,M,32,central Bohemia,Bohemia,Adulto (30-50),Bohemia - Adulto (30-50),11277.0,1.0,60.94,1585.17,500.49,33129.23,0,Sin evaluar
1360,1647,F,20,north Moravia,Moravia,Joven (<30),Moravia - Joven (<30),8678.0,6.0,52.57,7551.76,5095.11,41417.91,0,Sin evaluar
1361,1648,M,46,east Bohemia,Bohemia,Adulto (30-50),Bohemia - Adulto (30-50),8369.0,2.0,24.71,22150.38,15252.93,40661.73,0,Sin evaluar
1362,1650,M,45,Prague,Praga,Adulto (30-50),Praga - Adulto (30-50),12541.0,0.0,24.38,16331.17,13999.18,42392.77,0,Sin evaluar
1363,1651,F,32,central Bohemia,Bohemia,Adulto (30-50),Bohemia - Adulto (30-50),9622.0,0.0,21.29,25401.27,18577.74,52859.16,0,Sin evaluar
1365,1653,M,54,east Bohemia,Bohemia,Adulto Mayor (>50),Bohemia - Adulto Mayor (>50),8388.0,2.0,33.54,1857.48,1356.29,43136.66,0,Sin evaluar
1366,1654,M,35,south Moravia,Moravia,Adulto (30-50),Moravia - Adulto (30-50),8441.0,3.0,70.18,9116.22,4090.62,26990.12,0,Sin evaluar
1367,1655,M,26,north Moravia,Moravia,Joven (<30),Moravia - Joven (<30),10673.0,5.0,28.35,13159.68,7996.47,27021.52,0,Sin evaluar
1368,1656,F,30,west Bohemia,Bohemia,Adulto (30-50),Bohemia - Adulto (30-50),8620.0,1.0,24.61,17136.53,12750.14,30655.74,0,Sin evaluar
1369,1657,M,63,north Bohemia,Bohemia,Adulto Mayor (>50),Bohemia - Adulto Mayor (>50),9272.0,3.0,33.28,14228.88,6216.95,36369.83,0,Sin evaluar
1370,1658,F,69,east Bohemia,Bohemia,Adulto Mayor (>50),Bohemia - Adulto Mayor (>50),8363.0,3.0,27.17,22.08,2933.38,32688.31,0,Sin evaluar
1371,1659,F,61,Prague,Praga,Adulto Mayor (>50),Praga - Adulto Mayor (>50),12541.0,0.0,56.15,7.12,1367.41,21367.82,0,Sin evaluar
1372,1660,F,16,Prague,Praga,Joven (<30),Praga - Joven (<30),12541.0,0.0,69.52,8389.23,8199.08,38318.1,0,Sin evaluar
1373,1661,F,45,east Bohemia,Bohemia,Adulto (30-50),Bohemia - Adulto (30-50),9538.0,2.0,66.63,7.5,952.12,17875.92,0,Sin evaluar
1374,1662,M,31,south Moravia,Moravia,Adulto (30-50),Moravia - Adulto (30-50),8240.0,3.0,27.14,147.38,47363.04,55641.03,0,Sin evaluar
1375,1663,M,41,south Bohemia,Bohemia,Adulto (30-50),Bohemia - Adulto (30-50),8402.0,3.0,56.15,22180.69,14557.44,51307.85,0,Buen Pagador
1376,1664,F,80,south Moravia,Moravia,Adulto Mayor (>50),Moravia - Adulto Mayor (>50),9624.0,2.0,39.36,17.78,1119.92,20798.87,0,Sin evaluar
1377,1666,M,57,Prague,Praga,Adulto Mayor (>50),Praga - Adulto Mayor (>50),12541.0,0.0,27.17,11.04,985.65,15572.35,0,Sin evaluar
1378,1668,F,49,south Bohemia,Bohemia,Adulto (30-50),Bohemia - Adulto (30-50),8547.0,3.0,69.91,26570.42,19784.01,66859.65,0,Sin evaluar
1379,1669,M,46,east Bohemia,Bohemia,Adulto (30-50),Bohemia - Adulto (30-50),9538.0,2.0,14.98,12022.36,3858.48,36702.75,0,Sin evaluar
1380,1670,M,37,south Moravia,Moravia,Adulto (30-50),Moravia - Adulto (30-50),8240.0,3.0,34.37,25771.54,15263.31,49204.64,0,Sin evaluar
1381,1671,F,67,south Moravia,Moravia,Adulto Mayor (>50),Moravia - Adulto Mayor (>50),8720.0,4.0,61.96,16.14,1323.6,18330.7,0,Sin evaluar
1382,1673,M,26,east Bohemia,Bohemia,Joven (<30),Bohemia - Joven (<30),9060.0,2.0,64.92,12.32,882.16,19169.5,0,Sin evaluar
1383,1674,F,78,central Bohemia,Bohemia,Adulto Mayor (>50),Bohemia - Adulto Mayor (>50),9622.0,0.0,32.53,30.74,4079.62,36376.02,0,Sin evaluar
1384,1675,M,58,north Moravia,Moravia,Adulto Mayor (>50),Moravia - Adulto Mayor (>50),10673.0,5.0,33.12,178.14,32815.49,48611.62,1,Sin evaluar
1385,1676,M,45,south Moravia,Moravia,Adulto (30-50),Moravia - Adulto (30-50),8240.0,3.0,19.78,19527.6,8286.15,57250.16,0,Sin evaluar
1387,1679,F,56,north Moravia,Moravia,Adulto Mayor (>50),Moravia - Adulto Mayor (>50),8110.0,6.0,23.95,2221.29,271.4,32713.47,0,Sin evaluar
1388,1680,F,23,west Bohemia,Bohemia,Joven (<30),Bohemia - Joven (<30),8843.0,3.0,55.98,23155.06,21679.17,43848.44,0,Sin evaluar
1389,1681,M,58,north Bohemia,Bohemia,Adulto Mayor (>50),Bohemia - Adulto Mayor (>50),9675.0,6.0,16.85,41353.35,30840.42,48904.25,0,Sin evaluar
1390,1682,M,42,north Moravia,Moravia,Adulto (30-50),Moravia - Adulto (30-50),8173.0,5.83,24.02,12863.78,5614.49,26302.02,0,Sin evaluar
1391,1683,F,47,south Bohemia,Bohemia,Adulto (30-50),Bohemia - Adulto (30-50),9045.0,3.0,24.31,17335.42,13191.28,38199.19,0,Sin evaluar
1392,1685,F,54,south Moravia,Moravia,Adulto Mayor (>50),Moravia - Adulto Mayor (>50),8814.0,5.0,68.11,25385.99,17931.29,60838.43,0,Sin evaluar
1393,1686,F,51,Prague,Praga,Adulto Mayor (>50),Praga - Adulto Mayor (>50),12541.0,0.0,25.2,9517.06,4195.24,33631.37,0,Sin evaluar
1394,1688,M,75,north Bohemia,Bohemia,Adulto Mayor (>50),Bohemia - Adulto Mayor (>50),9272.0,3.0,48.13,12.47,3210.47,39580.62,0,Sin evaluar
1395,1689,M,62,Prague,Praga,Adulto Mayor (>50),Praga - Adulto Mayor (>50),12541.0,0.0,37.32,7624.28,3411.04,30589.36,0,Sin evaluar
1396,1690,F,51,east Bohemia,Bohemia,Adulto Mayor (>50),Bohemia - Adulto Mayor (>50),8369.0,2.0,30.16,42784.38,29083.02,57099.28,0,Sin evaluar
1397,1691,F,20,south Bohemia,Bohemia,Joven (<30),Bohemia - Joven (<30),9104.0,2.0,69.32,18966.39,9891.81,35361.85,0,Sin evaluar
1398,1692,M,26,south Moravia,Moravia,Joven (<30),Moravia - Joven (<30),8544.0,1.0,52.44,1247.14,682.68,33711.49,0,Sin evaluar
1399,1693,F,18,east Bohemia,Bohemia,Joven (<30),Bohemia - Joven (<30),8390.0,2.0,31.38,10575.14,4688.97,30223.83,0,Sin evaluar
1401,1696,F,75,Prague,Praga,Adulto Mayor (>50),Praga - Adulto Mayor (>50),12541.0,0.0,64.62,4.64,3979.42,34598.95,0,Sin evaluar
1402,1697,F,34,south Moravia,Moravia,Adulto (30-50),Moravia - Adulto (30-50),8743.0,2.0,69.19,10187.17,5123.86,29080.04,0,Sin evaluar
1403,1699,M,43,south Bohemia,Bohemia,Adulto (30-50),Bohemia - Adulto (30-50),8114.0,2.0,37.95,17099.63,8616.6,28845.57,0,Sin evaluar
1404,1700,M,49,central Bohemia,Bohemia,Adulto (30-50),Bohemia - Adulto (30-50),9920.0,2.0,63.28,29298.56,21725.57,54854.87,0,Sin evaluar
1405,1702,F,25,south Moravia,Moravia,Joven (<30),Moravia - Joven (<30),8240.0,3.0,30.88,1463.73,1828.04,33348.48,0,Sin evaluar
1406,1703,M,80,east Bohemia,Bohemia,Adulto Mayor (>50),Bohemia - Adulto Mayor (>50),8187.0,5.0,57.92,3.45,1363.26,20571.79,0,Sin evaluar
1407,1705,F,52,south Bohemia,Bohemia,Adulto Mayor (>50),Bohemia - Adulto Mayor (>50),8402.0,3.0,20.67,64125.01,44284.03,77371.25,0,Sin evaluar
1408,1707,M,47,central Bohemia,Bohemia,Adulto (30-50),Bohemia - Adulto (30-50),10124.0,1.0,27.76,7.2,36123.88,71004.85,0,Sin evaluar
1410,1709,F,46,north Moravia,Moravia,Adulto (30-50),Moravia - Adulto (30-50),10673.0,5.0,63.64,22761.58,18068.82,67725.13,0,Sin evaluar
1411,1710,M,54,south Moravia,Moravia,Adulto Mayor (>50),Moravia - Adulto Mayor (>50),9897.0,2.0,65.74,14933.62,8863.71,59822.15,0,Sin evaluar
1412,1711,F,36,south Moravia,Moravia,Adulto (30-50),Moravia - Adulto (30-50),9624.0,2.0,67.45,15511.59,11588.73,28634.42,0,Sin evaluar
1413,1713,M,63,south Moravia,Moravia,Adulto Mayor (>50),Moravia - Adulto Mayor (>50),8403.0,6.0,42.81,15216.37,9117.03,28388.12,0,Sin evaluar
1414,1714,M,53,south Moravia,Moravia,Adulto Mayor (>50),Moravia - Adulto Mayor (>50),8757.0,3.0,47.44,17220.57,8199.41,27896.46,0,Sin evaluar
1416,1717,F,19,north Moravia,Moravia,Joven (<30),Moravia - Joven (<30),8746.0,3.0,65.64,31573.54,31820.28,46694.73,5,Sin evaluar
1417,1718,M,60,north Moravia,Moravia,Adulto Mayor (>50),Moravia - Adulto Mayor (>50),8819.0,5.0,48.36,26249.13,17429.69,65305.46,0,Sin evaluar
1418,1719,M,28,north Bohemia,Bohemia,Joven (<30),Bohemia - Joven (<30),8867.0,1.0,22.67,12020.29,5393.91,31622.94,0,Sin evaluar
1419,1720,F,64,north Bohemia,Bohemia,Adulto Mayor (>50),Bohemia - Adulto Mayor (>50),8705.0,6.0,60.29,6.63,2557.64,21866.55,0,Sin evaluar
1420,1722,M,65,north Moravia,Moravia,Adulto Mayor (>50),Moravia - Adulto Mayor (>50),9893.0,4.0,42.78,21.04,2757.6,25677.19,0,Sin evaluar
1421,1723,F,17,north Moravia,Moravia,Joven (<30),Moravia - Joven (<30),8678.0,6.0,50.86,7616.44,6470.7,38075.85,0,Sin evaluar
1422,1724,F,64,north Moravia,Moravia,Adulto Mayor (>50),Moravia - Adulto Mayor (>50),9893.0,4.0,68.73,5.82,2840.54,25397.31,0,Sin evaluar
1423,1725,F,39,north Moravia,Moravia,Adulto (30-50),Moravia - Adulto (30-50),8369.0,5.0,39.75,6114.82,2670.69,17534.59,0,Sin evaluar
1424,1727,M,47,north Bohemia,Bohemia,Adulto (30-50),Bohemia - Adulto (30-50),9272.0,3.0,19.38,19044.48,13205.37,26954.06,0,Sin evaluar
1425,1729,M,51,north Moravia,Moravia,Adulto Mayor (>50),Moravia - Adulto Mayor (>50),8369.0,5.0,65.84,9206.2,4720.53,37374.61,0,Sin evaluar
1426,1730,M,66,north Bohemia,Bohemia,Adulto Mayor (>50),Bohemia - Adulto Mayor (>50),9317.0,6.0,38.14,5.24,1071.05,19229.59,0,Sin evaluar
1427,1731,F,30,south Bohemia,Bohemia,Adulto (30-50),Bohemia - Adulto (30-50),8114.0,2.0,38.77,13565.31,7047.2,45127.4,0,Sin evaluar
1429,1733,F,24,south Moravia,Moravia,Joven (<30),Moravia - Joven (<30),8720.0,4.0,65.05,16.91,858.88,23171.62,0,Sin evaluar
1430,1734,M,23,west Bohemia,Bohemia,Joven (<30),Bohemia - Joven (<30),10787.0,3.0,22.54,1060.34,572.32,15191.67,0,Sin evaluar
1431,1736,F,19,north Bohemia,Bohemia,Joven (<30),Bohemia - Joven (<30),9832.0,3.0,30.65,7278.08,5667.21,22964.49,0,Sin evaluar
1432,1737,M,43,west Bohemia,Bohemia,Adulto (30-50),Bohemia - Adulto (30-50),8561.0,1.0,17.41,57.44,24240.03,33209.78,0,Sin evaluar
1434,1741,M,66,north Moravia,Moravia,Adulto Mayor (>50),Moravia - Adulto Mayor (>50),10177.0,7.0,16.76,11.93,1356.8,16411.86,0,Sin evaluar
1435,1742,M,44,Prague,Praga,Adulto (30-50),Praga - Adulto (30-50),12541.0,0.0,24.97,24526.83,15822.99,37691.14,0,Sin evaluar
1436,1743,M,39,central Bohemia,Bohemia,Adulto (30-50),Bohemia - Adulto (30-50),8980.0,2.0,48.79,6547.53,2850.99,35472.98,0,Sin evaluar
1437,1744,F,29,east Bohemia,Bohemia,Joven (<30),Bohemia - Joven (<30),8187.0,5.0,47.57,544.46,1408.87,21279.07,0,Sin evaluar
1438,1745,F,39,west Bohemia,Bohemia,Adulto (30-50),Bohemia - Adulto (30-50),8624.0,2.0,15.41,21699.16,19071.45,47467.09,0,Sin evaluar
1439,1746,F,39,central Bohemia,Bohemia,Adulto (30-50),Bohemia - Adulto (30-50),9622.0,0.0,35.12,19.93,807.8,15752.86,0,Sin evaluar
1440,1748,M,22,south Moravia,Moravia,Joven (<30),Moravia - Joven (<30),9624.0,2.0,63.28,810.68,1783.5,20696.2,0,Sin evaluar
1441,1749,F,70,east Bohemia,Bohemia,Adulto Mayor (>50),Bohemia - Adulto Mayor (>50),8187.0,5.0,50.2,9.96,3357.17,25430.2,0,Sin evaluar
1442,1750,M,34,west Bohemia,Bohemia,Adulto (30-50),Bohemia - Adulto (30-50),8624.0,2.0,67.29,19856.16,13613.02,37225.95,0,Sin evaluar
1443,1751,M,39,south Moravia,Moravia,Adulto (30-50),Moravia - Adulto (30-50),9897.0,2.0,15.11,21850.5,14248.84,38872.47,0,Sin evaluar
1444,1752,M,20,north Moravia,Moravia,Joven (<30),Moravia - Joven (<30),10177.0,7.0,30.49,1839.95,1322.07,34600.95,0,Sin evaluar
1445,1753,F,19,south Moravia,Moravia,Joven (<30),Moravia - Joven (<30),8441.0,3.0,33.51,8101.94,3851.98,24483.92,0,Sin evaluar
1446,1754,M,19,south Moravia,Moravia,Joven (<30),Moravia - Joven (<30),8720.0,4.0,47.41,19255.58,12284.33,57786.43,0,Sin evaluar
1447,1755,F,33,south Moravia,Moravia,Adulto (30-50),Moravia - Adulto (30-50),8403.0,6.0,22.31,502.02,4874.68,29367.49,0,Sin evaluar
1448,1756,M,62,Prague,Praga,Adulto Mayor (>50),Praga - Adulto Mayor (>50),12541.0,0.0,38.8,1414.95,822.16,18489.0,0,Sin evaluar
1449,1758,M,51,north Bohemia,Bohemia,Adulto Mayor (>50),Bohemia - Adulto Mayor (>50),8867.0,1.0,64.16,7576.51,3308.92,36809.59,0,Sin evaluar
1450,1759,F,75,south Moravia,Moravia,Adulto Mayor (>50),Moravia - Adulto Mayor (>50),8288.0,4.0,32.79,12.2,1939.31,37539.43,0,Sin evaluar
1451,1760,M,75,north Moravia,Moravia,Adulto Mayor (>50),Moravia - Adulto Mayor (>50),8909.0,4.0,66.23,15.1,2790.73,22482.89,0,Sin evaluar
1452,1761,M,50,east Bohemia,Bohemia,Adulto Mayor (>50),Bohemia - Adulto Mayor (>50),8390.0,2.0,39.49,21546.57,19171.94,59898.35,0,Sin evaluar
1453,1762,M,42,south Moravia,Moravia,Adulto (30-50),Moravia - Adulto (30-50),8814.0,5.0,63.18,47397.18,40418.46,58094.13,0,Sin evaluar
1454,1763,M,31,east Bohemia,Bohemia,Adulto (30-50),Bohemia - Adulto (30-50),8369.0,2.0,17.22,2328.69,284.55,29264.71,0,Sin evaluar
1455,1764,M,27,south Moravia,Moravia,Joven (<30),Moravia - Joven (<30),8512.0,4.0,35.91,7996.21,7807.85,19472.5,1,Sin evaluar
1456,1765,M,23,central Bohemia,Bohemia,Joven (<30),Bohemia - Joven (<30),8899.0,3.0,32.62,61811.8,59356.65,68687.26,0,Sin evaluar
1458,1768,M,47,west Bohemia,Bohemia,Adulto (30-50),Bohemia - Adulto (30-50),8843.0,3.0,59.89,18106.19,14693.6,33770.13,0,Sin evaluar
1459,1769,M,49,central Bohemia,Bohemia,Adulto (30-50),Bohemia - Adulto (30-50),8754.0,4.0,21.19,42.47,808.4,14231.98,0,Sin evaluar
1460,1771,F,71,south Moravia,Moravia,Adulto Mayor (>50),Moravia - Adulto Mayor (>50),9897.0,2.0,25.03,11.99,1381.94,21649.17,0,Sin evaluar
1461,1772,F,19,north Moravia,Moravia,Joven (<30),Moravia - Joven (<30),8746.0,3.0,32.79,469.66,36594.94,65801.78,0,Sin evaluar
1463,1774,F,27,north Bohemia,Bohemia,Joven (<30),Bohemia - Joven (<30),9272.0,3.0,27.17,1700.4,1944.42,25959.07,0,Sin evaluar
1464,1775,M,55,north Moravia,Moravia,Adulto Mayor (>50),Moravia - Adulto Mayor (>50),8746.0,3.0,26.32,54580.24,53235.18,73549.19,0,Sin evaluar
1465,1776,F,44,west Bohemia,Bohemia,Adulto (30-50),Bohemia - Adulto (30-50),9650.0,3.0,42.78,1404.86,2005.61,23087.47,0,Sin evaluar
1466,1777,F,35,north Moravia,Moravia,Adulto (30-50),Moravia - Adulto (30-50),8173.0,5.83,21.19,3279.14,2208.59,26522.4,0,Sin evaluar
1467,1779,M,63,north Bohemia,Bohemia,Adulto Mayor (>50),Bohemia - Adulto Mayor (>50),9065.0,4.0,56.15,21325.41,13467.5,57275.99,0,Sin evaluar
1468,1780,F,44,south Moravia,Moravia,Adulto (30-50),Moravia - Adulto (30-50),9897.0,2.0,62.65,7.98,830.81,18588.13,0,Sin evaluar
1469,1781,M,74,north Moravia,Moravia,Adulto Mayor (>50),Moravia - Adulto Mayor (>50),8110.0,6.0,36.53,27.37,2229.4,26429.74,0,Sin evaluar
1470,1782,M,50,south Bohemia,Bohemia,Adulto Mayor (>50),Bohemia - Adulto Mayor (>50),8402.0,3.0,58.64,13609.28,9019.44,38086.64,0,Sin evaluar
1471,1783,F,52,Prague,Praga,Adulto Mayor (>50),Praga - Adulto Mayor (>50),12541.0,0.0,29.34,20026.38,11254.26,28547.06,0,Sin evaluar
1472,1784,F,18,central Bohemia,Bohemia,Joven (<30),Bohemia - Joven (<30),8507.0,2.0,41.4,10067.71,4176.81,29320.06,0,Sin evaluar
1473,1785,M,23,north Bohemia,Bohemia,Joven (<30),Bohemia - Joven (<30),10446.0,7.0,32.49,18.47,726.69,16054.13,0,Sin evaluar
1474,1786,F,64,south Moravia,Moravia,Adulto Mayor (>50),Moravia - Adulto Mayor (>50),8288.0,4.0,27.53,32.69,1044.32,19100.66,0,Sin evaluar
1475,1788,M,48,Prague,Praga,Adulto (30-50),Praga - Adulto (30-50),12541.0,0.0,66.56,2788.46,24405.62,29285.17,8,Sin evaluar
1476,1789,F,65,south Moravia,Moravia,Adulto Mayor (>50),Moravia - Adulto Mayor (>50),8814.0,5.0,68.17,2.93,2949.83,18728.79,0,Sin evaluar
1477,1790,M,45,Prague,Praga,Adulto (30-50),Praga - Adulto (30-50),12541.0,0.0,70.7,9.9,964.5,17438.17,0,Sin evaluar
1478,1791,F,32,central Bohemia,Bohemia,Adulto (30-50),Bohemia - Adulto (30-50),9307.0,4.0,26.02,32070.33,18895.58,53867.96,0,Sin evaluar
1479,1792,M,23,south Moravia,Moravia,Joven (<30),Moravia - Joven (<30),9897.0,2.0,44.91,814.96,1835.23,22745.53,0,Sin evaluar
1480,1793,F,53,north Bohemia,Bohemia,Adulto Mayor (>50),Bohemia - Adulto Mayor (>50),9832.0,3.0,29.93,35130.5,32649.18,54359.86,0,Sin evaluar
1481,1794,F,58,south Moravia,Moravia,Adulto Mayor (>50),Moravia - Adulto Mayor (>50),9897.0,2.0,71.43,14.0,972.28,18128.73,0,Sin evaluar
1482,1795,F,38,north Bohemia,Bohemia,Adulto (30-50),Bohemia - Adulto (30-50),8965.0,7.0,24.74,24344.22,16301.54,52031.41,0,Sin evaluar
1483,1796,M,60,central Bohemia,Bohemia,Adulto Mayor (>50),Bohemia - Adulto Mayor (>50),10124.0,1.0,35.71,9910.61,4349.48,31660.5,0,Sin evaluar
1484,1798,M,65,north Moravia,Moravia,Adulto Mayor (>50),Moravia - Adulto Mayor (>50),10177.0,7.0,27.24,7.34,2826.36,26958.71,0,Sin evaluar
1485,1799,M,39,north Bohemia,Bohemia,Adulto (30-50),Bohemia - Adulto (30-50),9198.0,3.0,62.92,27756.99,19693.26,74517.27,0,Sin evaluar
1486,1800,F,55,south Moravia,Moravia,Adulto Mayor (>50),Moravia - Adulto Mayor (>50),8288.0,4.0,35.52,25055.26,16095.16,46622.41,0,Sin evaluar
1487,1801,M,28,south Moravia,Moravia,Joven (<30),Moravia - Joven (<30),8512.0,4.0,63.67,17.28,926.02,22212.27,0,Sin evaluar
1488,1803,F,52,west Bohemia,Bohemia,Adulto Mayor (>50),Bohemia - Adulto Mayor (>50),8554.0,2.0,20.07,12352.57,6023.92,23689.47,0,Sin evaluar
1490,1806,M,46,central Bohemia,Bohemia,Adulto (30-50),Bohemia - Adulto (30-50),9307.0,4.0,29.21,36792.3,34426.36,51772.42,0,Sin evaluar
1491,1807,M,63,east Bohemia,Bohemia,Adulto Mayor (>50),Bohemia - Adulto Mayor (>50),9538.0,2.0,18.66,16433.87,7699.89,41861.85,0,Sin evaluar
1492,1809,M,67,west Bohemia,Bohemia,Adulto Mayor (>50),Bohemia - Adulto Mayor (>50),8991.0,1.0,26.45,30.25,2346.69,19734.83,0,Sin evaluar
1493,1810,M,79,north Bohemia,Bohemia,Adulto Mayor (>50),Bohemia - Adulto Mayor (>50),9832.0,3.0,71.69,2.79,2688.66,18808.04,0,Sin evaluar
1494,1811,M,59,Prague,Praga,Adulto Mayor (>50),Praga - Adulto Mayor (>50),12541.0,0.0,14.75,26607.12,21254.24,64746.49,0,Sin evaluar
1495,1812,F,51,north Bohemia,Bohemia,Adulto Mayor (>50),Bohemia - Adulto Mayor (>50),9198.0,3.0,61.96,26532.25,22036.8,50689.64,0,Sin evaluar
1496,1814,M,58,south Moravia,Moravia,Adulto Mayor (>50),Moravia - Adulto Mayor (>50),8720.0,4.0,46.82,16130.41,9126.44,33806.19,0,Sin evaluar
1497,1815,F,21,south Bohemia,Bohemia,Joven (<30),Bohemia - Joven (<30),8427.0,1.0,65.51,9505.08,3833.0,23371.29,0,Sin evaluar
1498,1816,M,47,south Moravia,Moravia,Adulto (30-50),Moravia - Adulto (30-50),8544.0,1.0,22.74,28858.44,25896.53,46121.17,2,Sin evaluar
1499,1817,F,45,east Bohemia,Bohemia,Adulto (30-50),Bohemia - Adulto (30-50),9538.0,2.0,61.08,8589.55,4226.92,35770.69,0,Sin evaluar
1500,1819,F,19,east Bohemia,Bohemia,Joven (<30),Bohemia - Joven (<30),9425.0,2.0,26.97,24215.54,17578.79,60579.07,0,Sin evaluar
1501,1820,F,70,east Bohemia,Bohemia,Adulto Mayor (>50),Bohemia - Adulto Mayor (>50),8187.0,5.0,28.65,17.45,2915.53,19123.11,0,Sin evaluar
1502,1821,M,57,Prague,Praga,Adulto Mayor (>50),Praga - Adulto Mayor (>50),12541.0,0.0,26.94,20671.79,16761.51,43888.63,0,Sin evaluar
1503,1822,F,76,north Moravia,Moravia,Adulto Mayor (>50),Moravia - Adulto Mayor (>50),8678.0,6.0,32.69,9.18,1347.81,19239.47,0,Sin evaluar
1504,1823,F,20,Prague,Praga,Joven (<30),Praga - Joven (<30),12541.0,0.0,28.16,26155.43,20852.27,35580.11,0,Sin evaluar
1505,1824,M,38,north Moravia,Moravia,Adulto (30-50),Moravia - Adulto (30-50),8173.0,5.83,68.27,10209.87,10394.02,21117.16,14,Sin evaluar
1506,1825,F,24,east Bohemia,Bohemia,Joven (<30),Bohemia - Joven (<30),8541.0,3.0,14.59,7436.12,6285.13,17458.73,0,Sin evaluar
1507,1826,M,61,central Bohemia,Bohemia,Adulto Mayor (>50),Bohemia - Adulto Mayor (>50),8598.0,3.0,64.92,23358.78,16033.27,48764.73,0,Sin evaluar
1508,1828,M,36,north Moravia,Moravia,Adulto (30-50),Moravia - Adulto (30-50),8173.0,5.83,35.29,30003.46,24130.18,45874.35,0,Sin evaluar
1509,1829,F,56,east Bohemia,Bohemia,Adulto Mayor (>50),Bohemia - Adulto Mayor (>50),8541.0,3.0,55.43,15431.72,8517.41,23597.17,0,Sin evaluar
1510,1830,M,46,north Bohemia,Bohemia,Adulto (30-50),Bohemia - Adulto (30-50),8705.0,6.0,33.68,22894.54,13323.04,36097.75,0,Sin evaluar
1511,1831,M,22,east Bohemia,Bohemia,Joven (<30),Bohemia - Joven (<30),8541.0,3.0,57.63,43414.92,41512.51,52978.17,1,Sin evaluar
1512,1832,F,32,Prague,Praga,Adulto (30-50),Praga - Adulto (30-50),12541.0,0.0,59.73,15590.36,6809.98,38372.25,0,Sin evaluar
1513,1833,M,32,west Bohemia,Bohemia,Adulto (30-50),Bohemia - Adulto (30-50),9650.0,3.0,64.26,16647.49,8386.24,47704.16,0,Sin evaluar
1514,1834,M,71,central Bohemia,Bohemia,Adulto Mayor (>50),Bohemia - Adulto Mayor (>50),9920.0,2.0,18.0,50.0,2171.67,23768.53,0,Sin evaluar
1515,1836,F,54,north Bohemia,Bohemia,Adulto Mayor (>50),Bohemia - Adulto Mayor (>50),9198.0,3.0,66.66,322.53,24510.4,53932.89,0,Sin evaluar
1516,1837,M,41,north Moravia,Moravia,Adulto (30-50),Moravia - Adulto (30-50),8110.0,6.0,62.75,7.97,752.99,27295.62,0,Sin evaluar
1517,1839,F,62,central Bohemia,Bohemia,Adulto Mayor (>50),Bohemia - Adulto Mayor (>50),9307.0,4.0,28.22,24.81,1926.65,18341.69,0,Sin evaluar
1518,1841,F,45,north Moravia,Moravia,Adulto (30-50),Moravia - Adulto (30-50),8110.0,6.0,68.34,18760.78,17345.62,69100.65,0,Sin evaluar
1519,1842,M,55,central Bohemia,Bohemia,Adulto Mayor (>50),Bohemia - Adulto Mayor (>50),8899.0,3.0,42.58,22477.57,16388.45,66828.12,0,Sin evaluar
1520,1843,F,59,east Bohemia,Bohemia,Adulto Mayor (>50),Bohemia - Adulto Mayor (>50),9060.0,2.0,40.77,7.36,2406.67,29361.73,0,Sin evaluar
1521,1844,F,76,north Moravia,Moravia,Adulto Mayor (>50),Moravia - Adulto Mayor (>50),10673.0,5.0,32.89,27.36,1414.72,16563.38,0,Sin evaluar
1522,1846,M,18,east Bohemia,Bohemia,Joven (<30),Bohemia - Joven (<30),9060.0,2.0,16.95,7805.37,4351.03,38597.73,0,Sin evaluar
1523,1847,F,19,east Bohemia,Bohemia,Joven (<30),Bohemia - Joven (<30),8363.0,3.0,13.21,38623.47,30162.6,51497.96,0,Sin evaluar
1524,1848,F,74,central Bohemia,Bohemia,Adulto Mayor (>50),Bohemia - Adulto Mayor (>50),8546.0,3.0,22.31,49.31,1350.96,15654.89,0,Sin evaluar
1525,1849,F,76,south Moravia,Moravia,Adulto Mayor (>50),Moravia - Adulto Mayor (>50),8720.0,4.0,27.83,10.78,2672.66,18440.88,0,Sin evaluar
1526,1850,F,56,east Bohemia,Bohemia,Adulto Mayor (>50),Bohemia - Adulto Mayor (>50),8363.0,3.0,47.28,8531.09,2382.4,46529.57,0,Sin evaluar
1527,1851,F,23,west Bohemia,Bohemia,Joven (<30),Bohemia - Joven (<30),8930.0,4.0,61.44,30051.3,27216.46,36316.57,5,Mal Pagador
1528,1852,M,36,east Bohemia,Bohemia,Adulto (30-50),Bohemia - Adulto (30-50),8187.0,5.0,30.75,20423.28,8695.28,32866.64,0,Sin evaluar
1529,1853,M,33,Prague,Praga,Adulto (30-50),Praga - Adulto (30-50),12541.0,0.0,32.1,950.16,2103.43,21050.42,0,Sin evaluar
1530,1854,F,66,north Moravia,Moravia,Adulto Mayor (>50),Moravia - Adulto Mayor (>50),10177.0,7.0,43.17,20.85,1841.79,19306.59,0,Sin evaluar
1532,1856,F,30,south Moravia,Moravia,Adulto (30-50),Moravia - Adulto (30-50),9897.0,2.0,27.37,16529.85,7012.79,46780.12,0,Sin evaluar
1534,1860,F,34,Prague,Praga,Adulto (30-50),Praga - Adulto (30-50),12541.0,0.0,67.25,16708.48,7129.52,29740.06,0,Sin evaluar
1535,1861,M,41,west Bohemia,Bohemia,Adulto (30-50),Bohemia - Adulto (30-50),8843.0,3.0,69.39,7005.33,3270.21,41525.09,0,Sin evaluar
1536,1862,F,21,east Bohemia,Bohemia,Joven (<30),Bohemia - Joven (<30),8187.0,5.0,71.26,2944.15,17556.6,39883.24,0,Sin evaluar
1537,1863,M,46,south Moravia,Moravia,Adulto (30-50),Moravia - Adulto (30-50),9897.0,2.0,18.83,12664.31,9067.45,43071.93,0,Sin evaluar
1538,1864,M,50,west Bohemia,Bohemia,Adulto Mayor (>50),Bohemia - Adulto Mayor (>50),8620.0,1.0,27.33,65288.62,54413.21,64955.4,0,Sin evaluar
1539,1866,F,56,south Moravia,Moravia,Adulto Mayor (>50),Moravia - Adulto Mayor (>50),9624.0,2.0,71.89,25250.56,19804.34,22393.43,19,Sin evaluar
1540,1867,F,54,Prague,Praga,Adulto Mayor (>50),Praga - Adulto Mayor (>50),12541.0,0.0,45.11,25369.3,16537.35,54516.12,0,Sin evaluar
1541,1868,M,18,south Moravia,Moravia,Joven (<30),Moravia - Joven (<30),8441.0,3.0,26.41,8070.16,7533.13,29446.89,0,Sin evaluar
1542,1869,F,65,Prague,Praga,Adulto Mayor (>50),Praga - Adulto Mayor (>50),12541.0,0.0,32.2,31.06,4131.06,19877.1,0,Sin evaluar
1543,1871,F,18,Prague,Praga,Joven (<30),Praga - Joven (<30),12541.0,0.0,32.56,7960.96,7358.72,32270.49,0,Sin evaluar
1544,1872,F,35,east Bohemia,Bohemia,Adulto (30-50),Bohemia - Adulto (30-50),8363.0,3.0,65.58,20615.66,11002.44,42402.31,0,Sin evaluar
1545,1874,M,52,Prague,Praga,Adulto Mayor (>50),Praga - Adulto Mayor (>50),12541.0,0.0,69.78,23756.99,19665.12,48500.6,0,Sin evaluar
1546,1875,M,22,south Bohemia,Bohemia,Joven (<30),Bohemia - Joven (<30),9045.0,3.0,25.33,8807.74,4982.23,18748.24,0,Sin evaluar
1547,1876,M,47,Prague,Praga,Adulto (30-50),Praga - Adulto (30-50),12541.0,0.0,63.54,24693.72,22686.18,49922.78,0,Sin evaluar
1548,1877,F,41,east Bohemia,Bohemia,Adulto (30-50),Bohemia - Adulto (30-50),9538.0,2.0,47.11,16.98,825.51,16877.82,0,Sin evaluar
1549,1879,F,54,south Bohemia,Bohemia,Adulto Mayor (>50),Bohemia - Adulto Mayor (>50),9104.0,2.0,25.3,15572.92,10371.54,39848.93,0,Sin evaluar
1550,1880,M,24,Prague,Praga,Joven (<30),Praga - Joven (<30),12541.0,0.0,32.53,9208.12,4124.19,24524.15,0,Sin evaluar
1551,1881,M,64,north Moravia,Moravia,Adulto Mayor (>50),Moravia - Adulto Mayor (>50),8994.0,4.0,18.43,59.69,2932.72,23636.21,0,Sin evaluar
1552,1883,F,37,south Bohemia,Bohemia,Adulto (30-50),Bohemia - Adulto (30-50),8968.0,3.0,59.93,26649.26,20597.36,58189.34,0,Sin evaluar
1553,1884,F,22,south Moravia,Moravia,Joven (<30),Moravia - Joven (<30),8444.0,3.0,24.31,7909.46,7110.24,25689.6,0,Sin evaluar
1554,1885,F,28,east Bohemia,Bohemia,Joven (<30),Bohemia - Joven (<30),9538.0,2.0,49.51,19249.28,11491.82,43098.6,0,Sin evaluar
1555,1886,M,78,north Bohemia,Bohemia,Adulto Mayor (>50),Bohemia - Adulto Mayor (>50),9675.0,6.0,25.66,42.87,1752.92,39716.11,0,Sin evaluar
1556,1887,M,72,south Moravia,Moravia,Adulto Mayor (>50),Moravia - Adulto Mayor (>50),9897.0,2.0,27.5,21.82,2437.82,41622.14,0,Sin evaluar
1557,1888,F,80,south Moravia,Moravia,Adulto Mayor (>50),Moravia - Adulto Mayor (>50),8512.0,4.0,24.57,28.49,2211.64,30191.12,0,Sin evaluar
1558,1889,F,41,north Bohemia,Bohemia,Adulto (30-50),Bohemia - Adulto (30-50),9272.0,3.0,26.81,7378.63,3222.68,19989.48,0,Sin evaluar
1559,1890,F,43,south Bohemia,Bohemia,Adulto (30-50),Bohemia - Adulto (30-50),10045.0,1.0,50.76,25147.38,15998.82,51546.0,0,Sin evaluar
1560,1891,F,39,south Moravia,Moravia,Adulto (30-50),Moravia - Adulto (30-50),8544.0,1.0,20.57,9173.55,4107.92,31819.1,0,Sin evaluar
1561,1892,M,70,south Moravia,Moravia,Adulto Mayor (>50),Moravia - Adulto Mayor (>50),8512.0,4.0,45.01,13.33,2705.84,39041.33,0,Sin evaluar
1562,1894,F,51,Prague,Praga,Adulto Mayor (>50),Praga - Adulto Mayor (>50),12541.0,0.0,40.05,14.98,755.06,18671.97,0,Sin evaluar
1563,1895,F,33,east Bohemia,Bohemia,Adulto (30-50),Bohemia - Adulto (30-50),9538.0,2.0,28.55,760.07,409.81,12791.67,0,Sin evaluar
1564,1896,M,16,east Bohemia,Bohemia,Joven (<30),Bohemia - Joven (<30),9060.0,2.0,33.87,7620.58,6576.62,32603.36,0,Sin evaluar
1565,1897,F,29,north Bohemia,Bohemia,Joven (<30),Bohemia - Joven (<30),9198.0,3.0,62.36,7324.13,4079.54,35587.99,0,Sin evaluar
1566,1898,M,37,north Moravia,Moravia,Adulto (30-50),Moravia - Adulto (30-50),8746.0,3.0,65.81,16646.71,8535.78,28438.32,0,Sin evaluar
1567,1899,M,57,central Bohemia,Bohemia,Adulto Mayor (>50),Bohemia - Adulto Mayor (>50),10124.0,1.0,16.39,23430.69,11338.62,50923.67,0,Sin evaluar
1568,1900,M,33,west Bohemia,Bohemia,Adulto (30-50),Bohemia - Adulto (30-50),8624.0,2.0,41.56,15080.03,7447.55,46073.15,0,Sin evaluar
1570,1903,F,59,Prague,Praga,Adulto Mayor (>50),Praga - Adulto Mayor (>50),12541.0,0.0,57.66,3.47,1321.71,19301.84,0,Sin evaluar
1571,1904,M,57,south Moravia,Moravia,Adulto Mayor (>50),Moravia - Adulto Mayor (>50),8512.0,4.0,29.08,15563.41,7209.77,25379.53,0,Sin evaluar
1572,1905,F,49,north Moravia,Moravia,Adulto (30-50),Moravia - Adulto (30-50),8994.0,4.0,14.32,15445.95,9008.38,37062.82,0,Sin evaluar
1573,1906,M,76,south Moravia,Moravia,Adulto Mayor (>50),Moravia - Adulto Mayor (>50),8288.0,4.0,12.06,82.92,2100.33,16087.29,0,Sin evaluar
1574,1907,F,70,north Moravia,Moravia,Adulto Mayor (>50),Moravia - Adulto Mayor (>50),8819.0,5.0,19.12,52.3,875.0,19017.74,0,Sin evaluar
1575,1908,M,78,north Bohemia,Bohemia,Adulto Mayor (>50),Bohemia - Adulto Mayor (>50),8705.0,6.0,70.08,12.84,2202.77,21109.38,0,Sin evaluar
1576,1909,F,54,north Bohemia,Bohemia,Adulto Mayor (>50),Bohemia - Adulto Mayor (>50),8867.0,1.0,28.81,23296.46,11856.33,36753.11,0,Sin evaluar
1577,1910,M,52,north Moravia,Moravia,Adulto Mayor (>50),Moravia - Adulto Mayor (>50),8110.0,6.0,26.48,1518.13,1482.63,31035.86,0,Sin evaluar
1578,1911,F,60,east Bohemia,Bohemia,Adulto Mayor (>50),Bohemia - Adulto Mayor (>50),9060.0,2.0,48.99,12.25,1572.16,32011.87,0,Sin evaluar
1579,1912,M,26,south Moravia,Moravia,Joven (<30),Moravia - Joven (<30),8720.0,4.0,52.73,13357.06,7815.29,42394.12,0,Sin evaluar
1580,1913,M,30,north Moravia,Moravia,Adulto (30-50),Moravia - Adulto (30-50),8173.0,5.83,35.75,33258.6,29305.29,48646.09,0,Sin evaluar
1581,1914,F,56,north Bohemia,Bohemia,Adulto Mayor (>50),Bohemia - Adulto Mayor (>50),10446.0,7.0,38.64,11911.9,4272.26,52761.13,0,Sin evaluar
1582,1916,M,72,west Bohemia,Bohemia,Adulto Mayor (>50),Bohemia - Adulto Mayor (>50),8594.0,2.0,32.0,15.62,3788.12,24790.91,0,Sin evaluar
1583,1917,F,29,north Moravia,Moravia,Joven (<30),Moravia - Joven (<30),8173.0,5.83,49.45,39219.62,33968.39,38211.29,6,Sin evaluar
1584,1919,M,49,west Bohemia,Bohemia,Adulto (30-50),Bohemia - Adulto (30-50),9650.0,3.0,67.15,8.94,726.14,23169.78,0,Sin evaluar
1585,1920,M,23,east Bohemia,Bohemia,Joven (<30),Bohemia - Joven (<30),8388.0,2.0,34.23,4816.48,4076.83,34425.39,0,Sin evaluar
1586,1921,F,52,Prague,Praga,Adulto Mayor (>50),Praga - Adulto Mayor (>50),12541.0,0.0,26.91,19023.3,12011.89,45274.24,0,Sin evaluar
1587,1923,F,40,Prague,Praga,Adulto (30-50),Praga - Adulto (30-50),12541.0,0.0,24.64,198.86,14725.41,34714.61,0,Sin evaluar
1588,1924,M,60,north Moravia,Moravia,Adulto Mayor (>50),Moravia - Adulto Mayor (>50),8110.0,6.0,60.65,883.76,2078.15,22747.38,0,Sin evaluar
1589,1925,M,60,north Bohemia,Bohemia,Adulto Mayor (>50),Bohemia - Adulto Mayor (>50),9065.0,4.0,64.79,862.79,753.2,21390.18,0,Sin evaluar
1590,1927,M,46,north Moravia,Moravia,Adulto (30-50),Moravia - Adulto (30-50),8909.0,4.0,44.81,13371.57,5876.81,33527.17,0,Sin evaluar
1591,1929,F,43,south Moravia,Moravia,Adulto (30-50),Moravia - Adulto (30-50),8403.0,6.0,35.68,24708.55,19460.59,64614.87,0,Sin evaluar
1592,1930,F,64,north Bohemia,Bohemia,Adulto Mayor (>50),Bohemia - Adulto Mayor (>50),8965.0,7.0,52.44,7.63,1450.42,48841.79,0,Sin evaluar
1593,1931,F,56,south Bohemia,Bohemia,Adulto Mayor (>50),Bohemia - Adulto Mayor (>50),8427.0,1.0,28.29,17.67,615.06,15370.95,0,Sin evaluar
1594,1932,F,58,south Bohemia,Bohemia,Adulto Mayor (>50),Bohemia - Adulto Mayor (>50),9045.0,3.0,20.83,20267.79,13106.1,52931.47,0,Sin evaluar
1596,1934,F,65,north Moravia,Moravia,Adulto Mayor (>50),Moravia - Adulto Mayor (>50),10177.0,7.0,14.85,74.07,1090.91,23098.5,0,Sin evaluar
1597,1935,F,69,north Moravia,Moravia,Adulto Mayor (>50),Moravia - Adulto Mayor (>50),9893.0,4.0,41.92,21.47,3911.26,26136.82,0,Sin evaluar
1598,1936,F,43,south Bohemia,Bohemia,Adulto (30-50),Bohemia - Adulto (30-50),9045.0,3.0,20.63,42305.09,33081.87,56451.26,0,Sin evaluar
1599,1938,F,59,south Moravia,Moravia,Adulto Mayor (>50),Moravia - Adulto Mayor (>50),8720.0,4.0,37.68,26808.76,20179.94,52546.89,0,Sin evaluar
1600,1939,M,73,Prague,Praga,Adulto Mayor (>50),Praga - Adulto Mayor (>50),12541.0,0.0,27.56,21.77,2944.48,19615.86,0,Sin evaluar
1601,1941,F,77,central Bohemia,Bohemia,Adulto Mayor (>50),Bohemia - Adulto Mayor (>50),10124.0,1.0,70.67,7.08,1307.34,20668.15,0,Sin evaluar
1602,1943,M,72,north Bohemia,Bohemia,Adulto Mayor (>50),Bohemia - Adulto Mayor (>50),10446.0,7.0,63.38,9.47,2597.35,24413.63,0,Sin evaluar
1603,1944,F,41,west Bohemia,Bohemia,Adulto (30-50),Bohemia - Adulto (30-50),8930.0,4.0,67.75,12346.98,7057.71,30917.38,0,Buen Pagador
1604,1945,M,44,south Moravia,Moravia,Adulto (30-50),Moravia - Adulto (30-50),9897.0,2.0,60.48,19159.56,11828.37,34314.11,0,Sin evaluar
1605,1946,M,63,north Moravia,Moravia,Adulto Mayor (>50),Moravia - Adulto Mayor (>50),8994.0,4.0,60.48,49960.57,45500.88,68927.27,0,Sin evaluar
1606,1947,M,17,west Bohemia,Bohemia,Joven (<30),Bohemia - Joven (<30),8624.0,2.0,33.81,8001.12,5829.64,42192.35,0,Sin evaluar
1607,1948,F,59,north Moravia,Moravia,Adulto Mayor (>50),Moravia - Adulto Mayor (>50),8678.0,6.0,32.36,25219.1,16049.44,38766.07,0,Sin evaluar
1608,1950,M,69,west Bohemia,Bohemia,Adulto Mayor (>50),Bohemia - Adulto Mayor (>50),10787.0,3.0,14.75,40.68,1516.61,18202.64,0,Sin evaluar
1609,1951,M,27,north Bohemia,Bohemia,Joven (<30),Bohemia - Joven (<30),9832.0,3.0,29.86,30.14,589.08,17781.41,0,Sin evaluar
1610,1952,F,27,east Bohemia,Bohemia,Joven (<30),Bohemia - Joven (<30),8363.0,3.0,67.48,29141.0,22081.8,75939.13,0,Sin evaluar
1611,1954,M,46,north Moravia,Moravia,Adulto (30-50),Moravia - Adulto (30-50),8173.0,5.83,34.63,12909.15,6786.02,48298.8,0,Sin evaluar
1612,1955,F,27,south Moravia,Moravia,Joven (<30),Moravia - Joven (<30),8512.0,4.0,34.6,22715.72,21537.57,38087.17,0,Sin evaluar
1613,1956,F,73,Prague,Praga,Adulto Mayor (>50),Praga - Adulto Mayor (>50),12541.0,0.0,39.59,15.16,2261.68,18895.22,0,Sin evaluar
1614,1957,M,26,south Moravia,Moravia,Joven (<30),Moravia - Joven (<30),8288.0,4.0,31.8,509.43,20147.42,60074.9,0,Sin evaluar
1615,1959,M,78,Prague,Praga,Adulto Mayor (>50),Praga - Adulto Mayor (>50),12541.0,0.0,14.36,62.67,3534.82,17304.82,0,Sin evaluar
1616,1960,M,52,west Bohemia,Bohemia,Adulto Mayor (>50),Bohemia - Adulto Mayor (>50),8620.0,1.0,22.74,1042.22,1704.05,19862.55,0,Sin evaluar
1617,1961,F,78,west Bohemia,Bohemia,Adulto Mayor (>50),Bohemia - Adulto Mayor (>50),8930.0,4.0,66.99,10.45,4322.73,22694.36,0,Sin evaluar
1618,1962,M,48,central Bohemia,Bohemia,Adulto (30-50),Bohemia - Adulto (30-50),8546.0,3.0,24.41,2101.6,2093.4,25101.32,0,Sin evaluar
1619,1963,M,53,north Bohemia,Bohemia,Adulto Mayor (>50),Bohemia - Adulto Mayor (>50),8965.0,7.0,22.18,7552.75,3226.33,31080.44,0,Sin evaluar
1620,1964,M,67,south Bohemia,Bohemia,Adulto Mayor (>50),Bohemia - Adulto Mayor (>50),8114.0,2.0,42.78,16.36,3357.88,28192.75,0,Sin evaluar
1621,1965,M,59,north Moravia,Moravia,Adulto Mayor (>50),Moravia - Adulto Mayor (>50),8819.0,5.0,60.98,17453.54,9406.36,38033.09,0,Sin evaluar
1622,1966,F,50,south Bohemia,Bohemia,Adulto Mayor (>50),Bohemia - Adulto Mayor (>50),8402.0,3.0,32.62,7750.77,3925.81,31840.4,0,Sin evaluar
1623,1967,F,35,Prague,Praga,Adulto (30-50),Praga - Adulto (30-50),12541.0,0.0,34.86,26953.41,17722.32,37631.86,0,Sin evaluar
1624,1969,F,72,south Moravia,Moravia,Adulto Mayor (>50),Moravia - Adulto Mayor (>50),8240.0,3.0,32.3,15.48,3760.68,22455.02,0,Sin evaluar
1625,1970,F,51,Prague,Praga,Adulto Mayor (>50),Praga - Adulto Mayor (>50),12541.0,0.0,47.44,13311.42,9202.78,23974.05,0,Sin evaluar
1626,1971,F,29,central Bohemia,Bohemia,Joven (<30),Bohemia - Joven (<30),8980.0,2.0,57.56,177.21,20454.66,40004.52,0,Sin evaluar
1627,1972,F,52,Prague,Praga,Adulto Mayor (>50),Praga - Adulto Mayor (>50),12541.0,0.0,59.33,8351.12,7932.24,34121.69,0,Sin evaluar
1628,1973,F,67,south Moravia,Moravia,Adulto Mayor (>50),Moravia - Adulto Mayor (>50),8441.0,3.0,71.66,9.77,1425.34,18052.45,0,Sin evaluar
1629,1974,M,80,central Bohemia,Bohemia,Adulto Mayor (>50),Bohemia - Adulto Mayor (>50),10124.0,1.0,37.95,26.35,1753.36,19358.83,0,Sin evaluar
1630,1976,M,80,north Moravia,Moravia,Adulto Mayor (>50),Moravia - Adulto Mayor (>50),8994.0,4.0,65.12,13.82,2195.79,18674.09,0,Sin evaluar
1631,1977,F,63,central Bohemia,Bohemia,Adulto Mayor (>50),Bohemia - Adulto Mayor (>50),10124.0,1.0,27.1,14.76,1003.32,17136.09,0,Sin evaluar
1632,1978,F,46,south Bohemia,Bohemia,Adulto (30-50),Bohemia - Adulto (30-50),8968.0,3.0,35.58,49569.28,48653.85,74616.39,0,Sin evaluar
1633,1979,F,72,east Bohemia,Bohemia,Adulto Mayor (>50),Bohemia - Adulto Mayor (>50),8541.0,3.0,46.26,4.32,2947.25,29437.27,0,Sin evaluar
1634,1980,M,39,north Moravia,Moravia,Adulto (30-50),Moravia - Adulto (30-50),8909.0,4.0,54.9,16307.01,13781.42,57108.99,0,Sin evaluar
1635,1981,F,28,south Bohemia,Bohemia,Joven (<30),Bohemia - Joven (<30),8402.0,3.0,60.06,19815.52,13940.73,39727.71,0,Sin evaluar
1636,1982,M,21,south Moravia,Moravia,Joven (<30),Moravia - Joven (<30),8240.0,3.0,20.76,24769.75,17490.37,61938.66,0,Sin evaluar
1637,1984,M,72,Prague,Praga,Adulto Mayor (>50),Praga - Adulto Mayor (>50),12541.0,0.0,71.72,6.97,2221.28,21918.18,0,Sin evaluar
1638,1985,M,61,central Bohemia,Bohemia,Adulto Mayor (>50),Bohemia - Adulto Mayor (>50),8546.0,3.0,25.59,15012.39,7274.4,40743.79,0,Sin evaluar
1640,1988,M,46,central Bohemia,Bohemia,Adulto (30-50),Bohemia - Adulto (30-50),8598.0,3.0,39.98,22025.09,16409.7,46867.64,0,Sin evaluar
1641,1989,F,59,east Bohemia,Bohemia,Adulto Mayor (>50),Bohemia - Adulto Mayor (>50),8187.0,5.0,32.3,56710.15,46580.0,60026.06,0,Sin evaluar
1642,1991,M,80,south Moravia,Moravia,Adulto Mayor (>50),Moravia - Adulto Mayor (>50),9624.0,2.0,43.17,23.16,2976.14,17432.86,0,Sin evaluar
1644,1993,M,23,Prague,Praga,Joven (<30),Praga - Joven (<30),12541.0,0.0,67.75,16588.01,12744.8,40310.63,0,Sin evaluar
1645,1995,F,57,east Bohemia,Bohemia,Adulto Mayor (>50),Bohemia - Adulto Mayor (>50),8187.0,5.0,26.48,15751.02,6590.63,34622.82,0,Sin evaluar
1646,1996,M,61,Prague,Praga,Adulto Mayor (>50),Praga - Adulto Mayor (>50),12541.0,0.0,31.15,53693.71,43507.96,65198.11,0,Sin evaluar
1647,1997,F,21,Prague,Praga,Joven (<30),Praga - Joven (<30),12541.0,0.0,17.74,7685.79,2942.5,30880.99,0,Sin evaluar
1648,1998,F,20,north Bohemia,Bohemia,Joven (<30),Bohemia - Joven (<30),9317.0,6.0,16.76,6757.28,5608.59,28264.66,0,Sin evaluar
1649,1999,F,16,north Moravia,Moravia,Joven (<30),Moravia - Joven (<30),10673.0,5.0,71.13,5593.11,4921.97,27362.42,0,Sin evaluar
1650,2000,F,56,north Bohemia,Bohemia,Adulto Mayor (>50),Bohemia - Adulto Mayor (>50),10446.0,7.0,12.81,1982.83,9182.83,34593.08,0,Sin evaluar
1651,2001,F,21,north Bohemia,Bohemia,Joven (<30),Bohemia - Joven (<30),9675.0,6.0,23.23,22508.95,19339.35,60927.19,0,Sin evaluar
1652,2002,F,80,north Moravia,Moravia,Adulto Mayor (>50),Moravia - Adulto Mayor (>50),10177.0,7.0,67.38,4.45,2776.64,20443.62,0,Sin evaluar
1653,2004,F,24,Prague,Praga,Joven (<30),Praga - Joven (<30),12541.0,0.0,51.38,26186.55,20791.75,55530.72,0,Sin evaluar
1654,2005,M,19,west Bohemia,Bohemia,Joven (<30),Bohemia - Joven (<30),9650.0,3.0,28.85,1625.65,20476.71,49019.23,0,Sin evaluar
1655,2006,F,36,north Bohemia,Bohemia,Adulto (30-50),Bohemia - Adulto (30-50),9832.0,3.0,32.53,18354.75,9816.17,33916.44,0,Sin evaluar
1656,2008,M,58,east Bohemia,Bohemia,Adulto Mayor (>50),Bohemia - Adulto Mayor (>50),9538.0,2.0,22.93,715.22,14887.44,35229.74,0,Sin evaluar
1657,2009,M,62,central Bohemia,Bohemia,Adulto Mayor (>50),Bohemia - Adulto Mayor (>50),8754.0,4.0,13.86,21.65,123.38,17131.4,0,Sin evaluar
1658,2010,M,46,north Bohemia,Bohemia,Adulto (30-50),Bohemia - Adulto (30-50),9065.0,4.0,67.71,11.82,887.46,18806.18,0,Sin evaluar
1659,2011,F,73,east Bohemia,Bohemia,Adulto Mayor (>50),Bohemia - Adulto Mayor (>50),8369.0,2.0,24.18,16.54,2373.86,28043.9,0,Sin evaluar
1660,2013,F,58,Prague,Praga,Adulto Mayor (>50),Praga - Adulto Mayor (>50),12541.0,0.0,39.29,33626.29,30620.29,51842.88,0,Sin evaluar
1662,2015,F,30,Prague,Praga,Adulto (30-50),Praga - Adulto (30-50),12541.0,0.0,16.66,24346.28,13769.51,54351.4,0,Sin evaluar
1663,2016,M,64,south Moravia,Moravia,Adulto Mayor (>50),Moravia - Adulto Mayor (>50),8743.0,2.0,25.92,11.57,2295.14,37410.74,0,Sin evaluar
1664,2018,F,53,south Moravia,Moravia,Adulto Mayor (>50),Moravia - Adulto Mayor (>50),8772.0,5.0,61.5,23836.42,18692.68,36923.0,0,Sin evaluar
1665,2019,M,66,north Moravia,Moravia,Adulto Mayor (>50),Moravia - Adulto Mayor (>50),8746.0,3.0,20.53,38.97,3706.28,23412.58,0,Sin evaluar
1666,2021,M,79,north Moravia,Moravia,Adulto Mayor (>50),Moravia - Adulto Mayor (>50),8110.0,6.0,62.03,8.06,3469.13,32330.44,0,Sin evaluar
1667,2022,M,59,south Moravia,Moravia,Adulto Mayor (>50),Moravia - Adulto Mayor (>50),8772.0,5.0,28.42,5639.73,5094.3,22335.71,0,Sin evaluar
1668,2024,M,64,south Moravia,Moravia,Adulto Mayor (>50),Moravia - Adulto Mayor (>50),8544.0,1.0,21.82,9.17,1807.52,16661.88,0,Sin evaluar
1669,2025,M,57,north Bohemia,Bohemia,Adulto Mayor (>50),Bohemia - Adulto Mayor (>50),10446.0,7.0,27.37,9302.74,4287.18,20420.55,0,Sin evaluar
1670,2027,M,68,central Bohemia,Bohemia,Adulto Mayor (>50),Bohemia - Adulto Mayor (>50),8754.0,4.0,35.94,13.91,1249.86,17940.19,0,Sin evaluar
1671,2029,F,75,central Bohemia,Bohemia,Adulto Mayor (>50),Bohemia - Adulto Mayor (>50),9307.0,4.0,67.88,16.21,3547.44,27788.14,0,Sin evaluar
1672,2030,F,18,central Bohemia,Bohemia,Joven (<30),Bohemia - Joven (<30),9307.0,4.0,31.77,20894.24,16191.38,47780.08,0,Sin evaluar
1673,2031,M,72,south Moravia,Moravia,Adulto Mayor (>50),Moravia - Adulto Mayor (>50),9897.0,2.0,60.75,14.81,1984.86,15514.6,0,Sin evaluar
1674,2032,M,55,Prague,Praga,Adulto Mayor (>50),Praga - Adulto Mayor (>50),12541.0,0.0,39.52,8837.15,4405.36,35494.34,0,Sin evaluar
1675,2034,M,72,central Bohemia,Bohemia,Adulto Mayor (>50),Bohemia - Adulto Mayor (>50),8598.0,3.0,70.93,15.51,2115.75,22494.61,0,Sin evaluar
1677,2037,F,50,north Moravia,Moravia,Adulto Mayor (>50),Moravia - Adulto Mayor (>50),8173.0,5.83,23.72,10625.8,5033.73,26642.76,0,Sin evaluar
1678,2038,F,18,Prague,Praga,Joven (<30),Praga - Joven (<30),12541.0,0.0,70.24,25014.46,19840.55,44794.51,0,Sin evaluar
1679,2039,F,29,north Moravia,Moravia,Joven (<30),Moravia - Joven (<30),9893.0,4.0,27.83,14840.96,8818.54,45159.66,0,Sin evaluar
1680,2040,M,54,south Moravia,Moravia,Adulto Mayor (>50),Moravia - Adulto Mayor (>50),8444.0,3.0,60.68,21286.39,14787.41,46573.91,0,Sin evaluar
1681,2041,M,42,north Moravia,Moravia,Adulto (30-50),Moravia - Adulto (30-50),9893.0,4.0,17.68,25095.59,14609.73,47260.17,0,Sin evaluar
1682,2042,M,16,east Bohemia,Bohemia,Joven (<30),Bohemia - Joven (<30),8208.0,2.0,36.3,6324.19,5389.81,37003.3,0,Sin evaluar
1683,2043,F,44,north Moravia,Moravia,Adulto (30-50),Moravia - Adulto (30-50),8909.0,4.0,25.95,12266.63,6838.54,28522.97,0,Sin evaluar
1684,2044,F,37,north Bohemia,Bohemia,Adulto (30-50),Bohemia - Adulto (30-50),9272.0,3.0,65.71,24720.54,24315.45,57462.49,0,Sin evaluar
1685,2045,M,42,west Bohemia,Bohemia,Adulto (30-50),Bohemia - Adulto (30-50),8594.0,2.0,36.6,17245.77,11664.67,28579.36,0,Sin evaluar
1686,2047,F,55,central Bohemia,Bohemia,Adulto Mayor (>50),Bohemia - Adulto Mayor (>50),9622.0,0.0,61.4,6479.54,3301.3,34306.47,0,Sin evaluar
1687,2048,F,70,west Bohemia,Bohemia,Adulto Mayor (>50),Bohemia - Adulto Mayor (>50),8624.0,2.0,20.44,9.78,2364.48,11578.52,0,Sin evaluar
1688,2049,M,71,north Moravia,Moravia,Adulto Mayor (>50),Moravia - Adulto Mayor (>50),10177.0,7.0,70.08,11.42,2944.92,21855.57,0,Sin evaluar
1689,2051,F,80,north Moravia,Moravia,Adulto Mayor (>50),Moravia - Adulto Mayor (>50),10673.0,5.0,63.77,10.98,2885.68,18871.98,0,Sin evaluar
1690,2053,M,80,south Bohemia,Bohemia,Adulto Mayor (>50),Bohemia - Adulto Mayor (>50),8427.0,1.0,38.8,12.89,3048.71,24294.06,0,Sin evaluar
1691,2054,M,50,east Bohemia,Bohemia,Adulto Mayor (>50),Bohemia - Adulto Mayor (>50),9060.0,2.0,37.75,10.6,619.87,17316.65,0,Sin evaluar
1692,2055,F,22,south Moravia,Moravia,Joven (<30),Moravia - Joven (<30),8772.0,5.0,45.11,18510.4,11607.18,29719.52,0,Sin evaluar
1693,2056,M,20,Prague,Praga,Joven (<30),Praga - Joven (<30),12541.0,0.0,20.07,29588.54,20210.11,42325.85,0,Sin evaluar
1694,2057,F,22,central Bohemia,Bohemia,Joven (<30),Bohemia - Joven (<30),8546.0,3.0,64.07,40186.28,40241.0,60340.23,0,Sin evaluar
1695,2058,M,27,north Moravia,Moravia,Joven (<30),Moravia - Joven (<30),8369.0,5.0,71.89,44239.48,30875.7,67114.06,0,Sin evaluar
1696,2059,M,26,east Bohemia,Bohemia,Joven (<30),Bohemia - Joven (<30),9425.0,2.0,42.74,14.04,852.6,17156.74,0,Sin evaluar
1697,2061,M,45,south Moravia,Moravia,Adulto (30-50),Moravia - Adulto (30-50),8288.0,4.0,19.48,41.07,869.1,17153.32,0,Sin evaluar
1698,2063,F,48,north Moravia,Moravia,Adulto (30-50),Moravia - Adulto (30-50),9893.0,4.0,33.58,20806.1,7614.65,46668.56,0,Sin evaluar
1699,2064,M,72,south Moravia,Moravia,Adulto Mayor (>50),Moravia - Adulto Mayor (>50),8240.0,3.0,71.52,11.19,1627.66,19631.29,0,Sin evaluar
1700,2065,M,20,south Moravia,Moravia,Joven (<30),Moravia - Joven (<30),9624.0,2.0,37.42,24858.71,16714.59,52313.48,0,Sin evaluar
1701,2066,M,26,Prague,Praga,Joven (<30),Praga - Joven (<30),12541.0,0.0,64.69,33126.09,25969.41,46282.74,0,Sin evaluar
1702,2067,M,19,south Moravia,Moravia,Joven (<30),Moravia - Joven (<30),8772.0,5.0,46.09,9726.62,5055.33,25399.42,0,Sin evaluar
1703,2068,F,68,north Moravia,Moravia,Adulto Mayor (>50),Moravia - Adulto Mayor (>50),8994.0,4.0,13.93,50.25,1783.2,22988.41,0,Sin evaluar
1704,2069,F,75,north Moravia,Moravia,Adulto Mayor (>50),Moravia - Adulto Mayor (>50),10177.0,7.0,39.29,7.64,3529.4,19777.84,0,Sin evaluar
1705,2070,F,26,north Moravia,Moravia,Joven (<30),Moravia - Joven (<30),10177.0,7.0,63.51,16453.16,10610.3,33981.53,0,Sin evaluar
1706,2071,M,25,Prague,Praga,Joven (<30),Praga - Joven (<30),12541.0,0.0,47.84,1344.06,1625.21,42646.44,0,Sin evaluar
1707,2072,F,54,north Moravia,Moravia,Adulto Mayor (>50),Moravia - Adulto Mayor (>50),8819.0,5.0,23.56,280.14,5734.3,16539.06,0,Sin evaluar
1708,2073,M,42,west Bohemia,Bohemia,Adulto (30-50),Bohemia - Adulto (30-50),8620.0,1.0,49.31,15686.01,8004.46,28289.99,0,Sin evaluar
1709,2074,F,37,west Bohemia,Bohemia,Adulto (30-50),Bohemia - Adulto (30-50),8991.0,1.0,32.26,19752.57,13728.46,52713.31,0,Sin evaluar
1710,2075,M,76,north Moravia,Moravia,Adulto Mayor (>50),Moravia - Adulto Mayor (>50),10673.0,5.0,19.22,46.83,2856.92,34906.9,0,Sin evaluar
1711,2076,F,41,south Moravia,Moravia,Adulto (30-50),Moravia - Adulto (30-50),8288.0,4.0,35.84,996.09,1920.2,23529.13,0,Sin evaluar
1712,2077,F,68,east Bohemia,Bohemia,Adulto Mayor (>50),Bohemia - Adulto Mayor (>50),8254.0,3.0,25.17,7.95,3214.14,29024.18,0,Sin evaluar
1713,2078,F,20,central Bohemia,Bohemia,Joven (<30),Bohemia - Joven (<30),10124.0,1.0,69.95,6513.72,6350.96,25648.87,0,Sin evaluar
1714,2079,F,73,north Moravia,Moravia,Adulto Mayor (>50),Moravia - Adulto Mayor (>50),8994.0,4.0,51.75,17.39,1625.7,22068.26,0,Sin evaluar
1715,2080,M,35,south Moravia,Moravia,Adulto (30-50),Moravia - Adulto (30-50),8441.0,3.0,31.18,31145.48,31212.44,42726.98,0,Sin evaluar
1716,2081,F,26,east Bohemia,Bohemia,Joven (<30),Bohemia - Joven (<30),8369.0,2.0,31.97,16302.16,11468.25,25470.13,0,Sin evaluar
1717,2082,M,65,north Moravia,Moravia,Adulto Mayor (>50),Moravia - Adulto Mayor (>50),8110.0,6.0,12.94,69.55,3319.17,17906.6,0,Sin evaluar
1718,2083,M,55,north Moravia,Moravia,Adulto Mayor (>50),Moravia - Adulto Mayor (>50),8678.0,6.0,15.24,19.69,29081.36,63373.99,0,Sin evaluar
1719,2084,F,69,Prague,Praga,Adulto Mayor (>50),Praga - Adulto Mayor (>50),12541.0,0.0,63.8,9.4,1262.54,21804.49,0,Sin evaluar
1720,2086,F,44,north Bohemia,Bohemia,Adulto (30-50),Bohemia - Adulto (30-50),8867.0,1.0,43.53,514.59,252.7,16187.5,0,Sin evaluar
1721,2087,M,21,north Moravia,Moravia,Joven (<30),Moravia - Joven (<30),9893.0,4.0,69.22,1175.96,616.87,19863.77,0,Sin evaluar
1722,2088,F,50,north Bohemia,Bohemia,Adulto Mayor (>50),Bohemia - Adulto Mayor (>50),9272.0,3.0,33.68,23222.21,17628.86,47219.76,0,Sin evaluar
1723,2089,F,31,north Moravia,Moravia,Adulto (30-50),Moravia - Adulto (30-50),10177.0,7.0,13.86,25261.54,13691.2,58260.23,0,Sin evaluar
1724,2091,F,70,east Bohemia,Bohemia,Adulto Mayor (>50),Bohemia - Adulto Mayor (>50),9060.0,2.0,18.79,58.54,4537.52,24145.17,0,Sin evaluar
1725,2092,M,53,north Moravia,Moravia,Adulto Mayor (>50),Moravia - Adulto Mayor (>50),8994.0,4.0,41.95,26.22,51460.88,61262.03,0,Sin evaluar
1726,2093,M,28,east Bohemia,Bohemia,Joven (<30),Bohemia - Joven (<30),9060.0,2.0,71.89,15633.89,9012.38,26692.51,0,Sin evaluar
1727,2095,M,24,central Bohemia,Bohemia,Joven (<30),Bohemia - Joven (<30),8899.0,3.0,14.65,26290.24,19077.13,44115.4,0,Sin evaluar
1728,2096,F,24,north Moravia,Moravia,Joven (<30),Moravia - Joven (<30),10673.0,5.0,42.28,9871.78,4440.4,19736.84,0,Sin evaluar
1729,2097,M,62,south Moravia,Moravia,Adulto Mayor (>50),Moravia - Adulto Mayor (>50),8240.0,3.0,15.74,11947.9,4926.3,34205.92,0,Sin evaluar
1730,2099,M,80,Prague,Praga,Adulto Mayor (>50),Praga - Adulto Mayor (>50),12541.0,0.0,71.69,12.55,3995.95,40182.4,0,Sin evaluar
1731,2100,F,67,north Bohemia,Bohemia,Adulto Mayor (>50),Bohemia - Adulto Mayor (>50),8705.0,6.0,71.52,2.8,1918.2,21682.8,0,Sin evaluar
1732,2102,M,57,east Bohemia,Bohemia,Adulto Mayor (>50),Bohemia - Adulto Mayor (>50),8541.0,3.0,34.33,23935.28,14861.64,54506.12,0,Sin evaluar
1733,2103,F,54,south Bohemia,Bohemia,Adulto Mayor (>50),Bohemia - Adulto Mayor (>50),8968.0,3.0,32.36,30493.6,26245.61,47322.96,0,Sin evaluar
1734,2104,M,50,north Bohemia,Bohemia,Adulto Mayor (>50),Bohemia - Adulto Mayor (>50),9065.0,4.0,20.7,26494.83,13665.7,56820.13,0,Sin evaluar
1735,2105,F,51,east Bohemia,Bohemia,Adulto Mayor (>50),Bohemia - Adulto Mayor (>50),8388.0,2.0,24.87,1037.39,663.45,13994.4,0,Sin evaluar
1736,2106,F,77,north Moravia,Moravia,Adulto Mayor (>50),Moravia - Adulto Mayor (>50),10673.0,5.0,22.11,40.71,2134.78,28440.36,0,Sin evaluar
1737,2108,F,53,north Moravia,Moravia,Adulto Mayor (>50),Moravia - Adulto Mayor (>50),8909.0,4.0,34.56,13412.15,7706.02,36217.7,0,Sin evaluar
1738,2109,F,48,south Bohemia,Bohemia,Adulto (30-50),Bohemia - Adulto (30-50),9045.0,3.0,28.81,13.88,877.13,13284.16,0,Sin evaluar
1739,2110,F,31,central Bohemia,Bohemia,Adulto (30-50),Bohemia - Adulto (30-50),8980.0,2.0,29.77,23389.99,13611.02,36164.35,0,Sin evaluar
1740,2111,F,74,south Moravia,Moravia,Adulto Mayor (>50),Moravia - Adulto Mayor (>50),8720.0,4.0,21.62,27.75,1333.02,14363.06,0,Sin evaluar
1741,2112,M,71,south Bohemia,Bohemia,Adulto Mayor (>50),Bohemia - Adulto Mayor (>50),9104.0,2.0,43.73,25.15,1923.85,23288.11,0,Sin evaluar
1742,2113,M,61,north Moravia,Moravia,Adulto Mayor (>50),Moravia - Adulto Mayor (>50),9893.0,4.0,38.77,25190.79,21234.46,45635.1,0,Sin evaluar
1743,2114,M,80,east Bohemia,Bohemia,Adulto Mayor (>50),Bohemia - Adulto Mayor (>50),8541.0,3.0,66.89,11.96,1545.22,31507.38,0,Sin evaluar
1744,2116,M,68,north Moravia,Moravia,Adulto Mayor (>50),Moravia - Adulto Mayor (>50),8369.0,5.0,34.76,17.26,2216.92,20503.81,0,Sin evaluar
1745,2117,M,53,south Moravia,Moravia,Adulto Mayor (>50),Moravia - Adulto Mayor (>50),8240.0,3.0,26.38,37550.61,34954.13,64965.72,1,Sin evaluar
1746,2118,M,28,Prague,Praga,Joven (<30),Praga - Joven (<30),12541.0,0.0,21.68,20639.07,18413.28,69524.73,0,Sin evaluar
1747,2119,F,38,west Bohemia,Bohemia,Adulto (30-50),Bohemia - Adulto (30-50),9650.0,3.0,16.56,36.23,357.49,14687.96,0,Sin evaluar
1749,2121,M,19,south Moravia,Moravia,Joven (<30),Moravia - Joven (<30),9624.0,2.0,38.57,171.12,39023.59,66132.08,0,Sin evaluar
1750,2122,F,28,Prague,Praga,Joven (<30),Praga - Joven (<30),12541.0,0.0,71.13,27822.93,17258.54,62245.55,0,Sin evaluar
1751,2123,M,16,south Moravia,Moravia,Joven (<30),Moravia - Joven (<30),8240.0,3.0,26.87,6170.71,4879.05,30926.28,0,Sin evaluar
1752,2124,F,49,north Moravia,Moravia,Adulto (30-50),Moravia - Adulto (30-50),9893.0,4.0,31.77,19007.55,16831.6,50991.8,0,Sin evaluar
1753,2125,M,23,north Moravia,Moravia,Joven (<30),Moravia - Joven (<30),8678.0,6.0,18.56,9161.15,6056.03,52525.53,0,Sin evaluar
1754,2126,F,23,east Bohemia,Bohemia,Joven (<30),Bohemia - Joven (<30),8363.0,3.0,24.97,47911.73,45530.32,70325.67,0,Sin evaluar
1756,2128,F,43,north Bohemia,Bohemia,Adulto (30-50),Bohemia - Adulto (30-50),8965.0,7.0,38.18,20134.18,12661.08,53239.49,0,Sin evaluar
1757,2129,M,36,north Moravia,Moravia,Adulto (30-50),Moravia - Adulto (30-50),8819.0,5.0,45.17,4.43,47064.51,59574.94,0,Sin evaluar
1758,2130,F,53,south Bohemia,Bohemia,Adulto Mayor (>50),Bohemia - Adulto Mayor (>50),9104.0,2.0,29.77,3899.9,16800.87,54154.56,0,Sin evaluar
1759,2131,F,23,north Bohemia,Bohemia,Joven (<30),Bohemia - Joven (<30),10446.0,7.0,35.19,10978.8,6102.3,20563.09,0,Sin evaluar
1760,2133,F,77,south Moravia,Moravia,Adulto Mayor (>50),Moravia - Adulto Mayor (>50),8240.0,3.0,37.65,15.94,1764.41,39012.85,0,Sin evaluar
1761,2135,F,58,west Bohemia,Bohemia,Adulto Mayor (>50),Bohemia - Adulto Mayor (>50),8991.0,1.0,64.23,2539.31,6726.51,30671.5,0,Sin evaluar
1762,2136,F,58,west Bohemia,Bohemia,Adulto Mayor (>50),Bohemia - Adulto Mayor (>50),8594.0,2.0,60.65,20857.71,10797.36,30375.15,0,Buen Pagador
1763,2137,F,36,north Moravia,Moravia,Adulto (30-50),Moravia - Adulto (30-50),8746.0,3.0,33.84,25012.83,17523.05,43599.2,0,Sin evaluar
1764,2138,M,18,north Moravia,Moravia,Joven (<30),Moravia - Joven (<30),9893.0,4.0,15.87,13364.21,5696.28,40588.8,0,Sin evaluar
1765,2139,F,66,south Bohemia,Bohemia,Adulto Mayor (>50),Bohemia - Adulto Mayor (>50),8968.0,3.0,29.34,13.63,2849.01,17174.83,0,Sin evaluar
1766,2141,M,47,west Bohemia,Bohemia,Adulto (30-50),Bohemia - Adulto (30-50),8594.0,2.0,51.91,21422.69,13126.95,28752.85,0,Sin evaluar
1767,2142,F,57,south Bohemia,Bohemia,Adulto Mayor (>50),Bohemia - Adulto Mayor (>50),9104.0,2.0,62.36,20956.43,15866.9,48502.44,0,Sin evaluar
1768,2144,F,38,south Bohemia,Bohemia,Adulto (30-50),Bohemia - Adulto (30-50),9045.0,3.0,60.35,12721.13,12022.54,42482.74,0,Sin evaluar
1769,2145,F,30,north Bohemia,Bohemia,Adulto (30-50),Bohemia - Adulto (30-50),10446.0,7.0,47.18,6047.33,5732.51,22587.93,0,Sin evaluar
1770,2146,M,25,south Moravia,Moravia,Joven (<30),Moravia - Joven (<30),8403.0,6.0,58.71,22927.83,14391.07,55464.36,0,Sin evaluar
1771,2147,F,35,north Moravia,Moravia,Adulto (30-50),Moravia - Adulto (30-50),8173.0,5.83,69.13,6716.61,3622.16,26570.34,0,Sin evaluar
1772,2148,F,45,west Bohemia,Bohemia,Adulto (30-50),Bohemia - Adulto (30-50),8930.0,4.0,46.32,762.09,36482.15,67825.58,0,Sin evaluar
1773,2149,F,75,north Bohemia,Bohemia,Adulto Mayor (>50),Bohemia - Adulto Mayor (>50),8705.0,6.0,68.4,4.39,1442.4,15786.01,0,Sin evaluar
1774,2150,M,57,south Moravia,Moravia,Adulto Mayor (>50),Moravia - Adulto Mayor (>50),8814.0,5.0,27.66,10.85,899.49,15556.19,0,Sin evaluar
1775,2152,F,69,south Bohemia,Bohemia,Adulto Mayor (>50),Bohemia - Adulto Mayor (>50),8114.0,2.0,70.08,12.84,4527.11,22255.65,0,Sin evaluar
1776,2153,F,49,north Bohemia,Bohemia,Adulto (30-50),Bohemia - Adulto (30-50),9198.0,3.0,17.15,15042.45,8139.94,39581.83,0,Sin evaluar
1777,2154,F,41,south Moravia,Moravia,Adulto (30-50),Moravia - Adulto (30-50),8441.0,3.0,26.68,23871.21,17574.96,59303.27,0,Sin evaluar
1778,2155,M,40,south Bohemia,Bohemia,Adulto (30-50),Bohemia - Adulto (30-50),9045.0,3.0,46.16,17268.2,12611.35,43720.01,0,Sin evaluar
1779,2156,F,32,north Bohemia,Bohemia,Adulto (30-50),Bohemia - Adulto (30-50),8705.0,6.0,64.53,26121.85,21146.75,73729.09,0,Sin evaluar
1780,2157,M,53,central Bohemia,Bohemia,Adulto Mayor (>50),Bohemia - Adulto Mayor (>50),9622.0,0.0,68.96,27662.69,20318.74,71483.46,0,Sin evaluar
1781,2158,M,17,central Bohemia,Bohemia,Joven (<30),Bohemia - Joven (<30),10124.0,1.0,30.26,7087.61,6186.38,29045.03,0,Sin evaluar
1782,2159,F,68,north Moravia,Moravia,Adulto Mayor (>50),Moravia - Adulto Mayor (>50),10673.0,5.0,67.65,10.35,2427.94,41366.07,0,Sin evaluar
1783,2160,M,53,north Moravia,Moravia,Adulto Mayor (>50),Moravia - Adulto Mayor (>50),10177.0,7.0,15.64,10612.79,3901.53,25906.47,0,Sin evaluar
1784,2161,F,78,Prague,Praga,Adulto Mayor (>50),Praga - Adulto Mayor (>50),12541.0,0.0,67.78,5.9,4672.47,24850.82,0,Sin evaluar
1785,2163,M,80,east Bohemia,Bohemia,Adulto Mayor (>50),Bohemia - Adulto Mayor (>50),8363.0,3.0,26.18,42.02,2136.36,23409.86,0,Sin evaluar
1786,2164,M,57,east Bohemia,Bohemia,Adulto Mayor (>50),Bohemia - Adulto Mayor (>50),9538.0,2.0,67.22,19928.62,10305.56,50491.31,0,Sin evaluar
1787,2166,F,51,west Bohemia,Bohemia,Adulto Mayor (>50),Bohemia - Adulto Mayor (>50),9650.0,3.0,69.32,29540.18,26291.14,44264.57,4,Mal Pagador
1788,2167,M,17,Prague,Praga,Joven (<30),Praga - Joven (<30),12541.0,0.0,59.86,4876.53,3961.74,23909.63,0,Sin evaluar
1789,2168,F,35,east Bohemia,Bohemia,Adulto (30-50),Bohemia - Adulto (30-50),8369.0,2.0,62.26,1472.86,599.1,44263.45,0,Sin evaluar
1790,2170,M,56,north Moravia,Moravia,Adulto Mayor (>50),Moravia - Adulto Mayor (>50),10177.0,7.0,15.74,13190.22,7015.25,41903.89,0,Sin evaluar
1791,2171,M,40,Prague,Praga,Adulto (30-50),Praga - Adulto (30-50),12541.0,0.0,34.89,14478.79,7752.36,40693.69,0,Sin evaluar
1792,2172,F,69,central Bohemia,Bohemia,Adulto Mayor (>50),Bohemia - Adulto Mayor (>50),9920.0,2.0,60.48,16.53,4068.78,21436.99,0,Sin evaluar
1793,2173,F,47,south Moravia,Moravia,Adulto (30-50),Moravia - Adulto (30-50),8772.0,5.0,42.71,13740.13,8077.73,33736.06,0,Sin evaluar
1794,2174,F,46,north Moravia,Moravia,Adulto (30-50),Moravia - Adulto (30-50),10673.0,5.0,17.28,8815.05,4033.56,18403.05,0,Sin evaluar
1795,2175,F,56,south Moravia,Moravia,Adulto Mayor (>50),Moravia - Adulto Mayor (>50),8240.0,3.0,16.33,21002.76,14819.35,47159.25,0,Sin evaluar
1796,2176,M,52,south Bohemia,Bohemia,Adulto Mayor (>50),Bohemia - Adulto Mayor (>50),8968.0,3.0,38.57,21540.45,17654.14,46918.06,0,Sin evaluar
1797,2177,F,56,west Bohemia,Bohemia,Adulto Mayor (>50),Bohemia - Adulto Mayor (>50),8991.0,1.0,52.99,16949.75,8741.65,49998.36,0,Sin evaluar
1798,2178,M,59,east Bohemia,Bohemia,Adulto Mayor (>50),Bohemia - Adulto Mayor (>50),8369.0,2.0,13.08,24063.15,14336.39,46123.74,0,Sin evaluar
1799,2179,F,59,central Bohemia,Bohemia,Adulto Mayor (>50),Bohemia - Adulto Mayor (>50),8899.0,3.0,27.56,21.77,2245.65,19573.23,0,Sin evaluar
1800,2180,F,26,east Bohemia,Bohemia,Joven (<30),Bohemia - Joven (<30),8541.0,3.0,33.58,20793.06,13288.86,38430.36,0,Sin evaluar
1801,2181,M,30,east Bohemia,Bohemia,Adulto (30-50),Bohemia - Adulto (30-50),8369.0,2.0,70.54,34185.38,22416.87,43499.84,0,Buen Pagador
1802,2182,F,69,north Moravia,Moravia,Adulto Mayor (>50),Moravia - Adulto Mayor (>50),8819.0,5.0,45.73,17.49,2388.15,27892.95,0,Sin evaluar
1803,2184,M,28,west Bohemia,Bohemia,Joven (<30),Bohemia - Joven (<30),8991.0,1.0,41.1,1912.41,1007.79,49130.94,0,Sin evaluar
1804,2185,F,41,south Bohemia,Bohemia,Adulto (30-50),Bohemia - Adulto (30-50),8547.0,3.0,63.24,31222.87,30505.49,57437.39,0,Sin evaluar
1805,2186,F,56,east Bohemia,Bohemia,Adulto Mayor (>50),Bohemia - Adulto Mayor (>50),9060.0,2.0,70.9,26310.1,23084.44,64706.53,0,Sin evaluar
1806,2187,M,65,north Bohemia,Bohemia,Adulto Mayor (>50),Bohemia - Adulto Mayor (>50),9317.0,6.0,71.36,5.61,2440.58,22783.92,0,Sin evaluar
1807,2189,F,36,south Bohemia,Bohemia,Adulto (30-50),Bohemia - Adulto (30-50),9104.0,2.0,14.52,21671.83,14870.52,41120.7,0,Sin evaluar
1808,2190,M,24,west Bohemia,Bohemia,Joven (<30),Bohemia - Joven (<30),8594.0,2.0,19.52,32430.99,28948.77,69693.37,0,Sin evaluar
1809,2192,F,42,Prague,Praga,Adulto (30-50),Praga - Adulto (30-50),12541.0,0.0,61.6,2019.48,10443.56,38187.93,0,Sin evaluar
1810,2194,F,37,east Bohemia,Bohemia,Adulto (30-50),Bohemia - Adulto (30-50),8187.0,5.0,39.92,19411.25,13607.21,38559.68,0,Sin evaluar
1811,2195,F,56,north Moravia,Moravia,Adulto Mayor (>50),Moravia - Adulto Mayor (>50),9893.0,4.0,63.28,1035.08,12712.9,35110.63,0,Sin evaluar
1812,2196,F,43,west Bohemia,Bohemia,Adulto (30-50),Bohemia - Adulto (30-50),8930.0,4.0,26.74,37.4,967.84,16470.91,0,Sin evaluar
1813,2197,F,36,east Bohemia,Bohemia,Adulto (30-50),Bohemia - Adulto (30-50),9538.0,2.0,58.61,52379.07,46265.53,74826.02,0,Sin evaluar
1814,2198,F,78,south Bohemia,Bohemia,Adulto Mayor (>50),Bohemia - Adulto Mayor (>50),8114.0,2.0,15.24,72.18,1335.3,28123.38,0,Sin evaluar
1815,2200,M,45,south Moravia,Moravia,Adulto (30-50),Moravia - Adulto (30-50),8512.0,4.0,68.47,19478.55,9719.59,33358.95,0,Sin evaluar
1816,2201,M,69,east Bohemia,Bohemia,Adulto Mayor (>50),Bohemia - Adulto Mayor (>50),8254.0,3.0,62.75,15.94,1412.43,17916.25,0,Sin evaluar
1817,2203,M,59,central Bohemia,Bohemia,Adulto Mayor (>50),Bohemia - Adulto Mayor (>50),10124.0,1.0,24.48,21459.97,11119.28,45570.13,0,Sin evaluar
1818,2204,F,52,south Moravia,Moravia,Adulto Mayor (>50),Moravia - Adulto Mayor (>50),9897.0,2.0,22.14,18243.0,16667.57,48465.88,0,Sin evaluar
1819,2205,M,46,south Moravia,Moravia,Adulto (30-50),Moravia - Adulto (30-50),8743.0,2.0,26.32,31761.93,18924.58,51082.57,0,Sin evaluar
1820,2206,F,34,central Bohemia,Bohemia,Adulto (30-50),Bohemia - Adulto (30-50),10124.0,1.0,56.31,18253.17,10793.46,31976.89,0,Sin evaluar
1821,2207,F,37,north Moravia,Moravia,Adulto (30-50),Moravia - Adulto (30-50),10177.0,7.0,44.81,22297.99,13147.07,33430.76,0,Sin evaluar
1822,2209,F,71,west Bohemia,Bohemia,Adulto Mayor (>50),Bohemia - Adulto Mayor (>50),9650.0,3.0,67.88,13.26,2831.61,28767.88,0,Sin evaluar
1823,2211,F,78,central Bohemia,Bohemia,Adulto Mayor (>50),Bohemia - Adulto Mayor (>50),8980.0,2.0,27.07,36.94,2277.43,17376.15,0,Sin evaluar
1824,2212,M,26,east Bohemia,Bohemia,Joven (<30),Bohemia - Joven (<30),8363.0,3.0,59.43,25923.81,15965.34,49745.4,0,Sin evaluar
1825,2213,M,30,central Bohemia,Bohemia,Adulto (30-50),Bohemia - Adulto (30-50),8980.0,2.0,36.86,10095.66,4981.01,39592.43,0,Sin evaluar
1826,2214,M,52,central Bohemia,Bohemia,Adulto Mayor (>50),Bohemia - Adulto Mayor (>50),9307.0,4.0,55.33,21331.29,11105.73,42224.78,0,Sin evaluar
1827,2215,M,73,central Bohemia,Bohemia,Adulto Mayor (>50),Bohemia - Adulto Mayor (>50),10124.0,1.0,63.8,6.27,1979.0,22659.77,0,Sin evaluar
1828,2216,F,26,Prague,Praga,Joven (<30),Praga - Joven (<30),12541.0,0.0,51.09,45455.63,37825.09,58396.19,0,Sin evaluar
1829,2218,M,30,east Bohemia,Bohemia,Adulto (30-50),Bohemia - Adulto (30-50),9425.0,2.0,70.08,8439.07,4674.94,23953.86,0,Sin evaluar
1830,2220,F,46,south Bohemia,Bohemia,Adulto (30-50),Bohemia - Adulto (30-50),8547.0,3.0,70.7,12767.86,5109.76,25956.91,0,Sin evaluar
1831,2222,F,64,Prague,Praga,Adulto Mayor (>50),Praga - Adulto Mayor (>50),12541.0,0.0,63.31,9.48,4248.46,25689.49,0,Sin evaluar
1832,2223,F,55,north Moravia,Moravia,Adulto Mayor (>50),Moravia - Adulto Mayor (>50),10177.0,7.0,32.99,803.27,13540.01,30903.6,0,Sin evaluar
1833,2224,M,66,south Moravia,Moravia,Adulto Mayor (>50),Moravia - Adulto Mayor (>50),9897.0,2.0,13.5,66.67,2779.26,34585.17,0,Sin evaluar
1834,2225,F,38,central Bohemia,Bohemia,Adulto (30-50),Bohemia - Adulto (30-50),9753.0,5.0,64.92,20086.41,11566.54,46349.87,0,Sin evaluar
1835,2226,F,34,north Moravia,Moravia,Adulto (30-50),Moravia - Adulto (30-50),10673.0,5.0,48.23,17672.98,8673.03,55844.08,0,Sin evaluar
1836,2227,M,23,east Bohemia,Bohemia,Joven (<30),Bohemia - Joven (<30),8388.0,2.0,34.5,19215.3,10628.99,35071.65,0,Sin evaluar
1837,2228,F,58,east Bohemia,Bohemia,Adulto Mayor (>50),Bohemia - Adulto Mayor (>50),9425.0,2.0,66.23,24225.79,17296.69,60953.47,0,Sin evaluar
1838,2229,M,54,north Moravia,Moravia,Adulto Mayor (>50),Moravia - Adulto Mayor (>50),9893.0,4.0,55.2,23884.46,16655.18,47388.81,0,Sin evaluar
1839,2230,M,29,central Bohemia,Bohemia,Joven (<30),Bohemia - Joven (<30),9307.0,4.0,18.3,14606.07,8606.56,41506.01,0,Sin evaluar
1840,2231,F,27,south Bohemia,Bohemia,Joven (<30),Bohemia - Joven (<30),9104.0,2.0,23.26,9787.19,8761.82,22115.66,0,Sin evaluar
1841,2232,M,31,north Bohemia,Bohemia,Adulto (30-50),Bohemia - Adulto (30-50),9198.0,3.0,18.63,6922.01,2450.89,38588.9,0,Sin evaluar
1843,2235,F,58,south Bohemia,Bohemia,Adulto Mayor (>50),Bohemia - Adulto Mayor (>50),10045.0,1.0,71.0,433.8,11065.86,35669.39,0,Buen Pagador
1844,2236,F,20,east Bohemia,Bohemia,Joven (<30),Bohemia - Joven (<30),8254.0,3.0,71.79,6.96,710.82,30232.13,0,Sin evaluar
1845,2237,M,40,east Bohemia,Bohemia,Adulto (30-50),Bohemia - Adulto (30-50),9538.0,2.0,16.36,31457.82,22369.19,52442.38,0,Sin evaluar
1846,2239,F,22,central Bohemia,Bohemia,Joven (<30),Bohemia - Joven (<30),8546.0,3.0,42.48,23.54,689.97,18414.17,0,Sin evaluar
1847,2240,F,66,east Bohemia,Bohemia,Adulto Mayor (>50),Bohemia - Adulto Mayor (>50),9538.0,2.0,32.89,33.44,2659.47,40561.57,0,Sin evaluar
1848,2242,F,22,Prague,Praga,Joven (<30),Praga - Joven (<30),12541.0,0.0,52.9,6054.35,2367.49,19095.94,0,Sin evaluar
1851,2246,F,45,south Moravia,Moravia,Adulto (30-50),Moravia - Adulto (30-50),8743.0,2.0,67.29,8401.37,4474.66,31535.0,0,Sin evaluar
1852,2247,F,20,north Bohemia,Bohemia,Joven (<30),Bohemia - Joven (<30),8867.0,1.0,65.87,318.81,1174.13,19906.86,0,Sin evaluar
1853,2248,M,23,central Bohemia,Bohemia,Joven (<30),Bohemia - Joven (<30),9920.0,2.0,23.03,6941.99,5614.42,31883.67,0,Sin evaluar
1854,2249,F,53,north Bohemia,Bohemia,Adulto Mayor (>50),Bohemia - Adulto Mayor (>50),9272.0,3.0,22.9,19649.48,14768.56,47383.25,0,Sin evaluar
1855,2250,F,60,north Bohemia,Bohemia,Adulto Mayor (>50),Bohemia - Adulto Mayor (>50),9675.0,6.0,26.12,15.31,1867.92,24234.61,0,Sin evaluar
1856,2251,F,27,west Bohemia,Bohemia,Joven (<30),Bohemia - Joven (<30),10787.0,3.0,54.41,14.7,777.43,23705.17,0,Sin evaluar
1857,2252,M,33,north Bohemia,Bohemia,Adulto (30-50),Bohemia - Adulto (30-50),9065.0,4.0,16.43,9280.89,2573.34,37903.09,0,Sin evaluar
1858,2254,F,71,north Moravia,Moravia,Adulto Mayor (>50),Moravia - Adulto Mayor (>50),8994.0,4.0,46.39,19.4,2748.65,24182.14,0,Sin evaluar
1859,2255,F,75,east Bohemia,Bohemia,Adulto Mayor (>50),Bohemia - Adulto Mayor (>50),8187.0,5.0,34.92,31.5,3953.32,17789.45,0,Sin evaluar
1860,2256,M,24,north Moravia,Moravia,Joven (<30),Moravia - Joven (<30),10177.0,7.0,23.92,25.08,761.29,17126.52,0,Sin evaluar
1861,2257,F,19,south Moravia,Moravia,Joven (<30),Moravia - Joven (<30),8544.0,1.0,65.97,16854.96,12801.88,57694.49,0,Sin evaluar
1862,2259,F,48,south Bohemia,Bohemia,Adulto (30-50),Bohemia - Adulto (30-50),8402.0,3.0,44.55,561.17,37703.41,59719.85,0,Sin evaluar
1863,2260,F,36,south Moravia,Moravia,Adulto (30-50),Moravia - Adulto (30-50),8544.0,1.0,20.99,10208.05,4065.75,36500.54,0,Sin evaluar
1865,2263,M,64,Prague,Praga,Adulto Mayor (>50),Praga - Adulto Mayor (>50),12541.0,0.0,55.92,14.31,4209.76,28902.53,0,Sin evaluar
1866,2264,M,55,central Bohemia,Bohemia,Adulto Mayor (>50),Bohemia - Adulto Mayor (>50),9753.0,5.0,13.44,15678.12,9290.18,34858.01,0,Sin evaluar
1867,2265,M,21,east Bohemia,Bohemia,Joven (<30),Bohemia - Joven (<30),8363.0,3.0,37.52,26931.37,24578.89,61376.65,0,Sin evaluar
1868,2266,M,59,south Bohemia,Bohemia,Adulto Mayor (>50),Bohemia - Adulto Mayor (>50),8427.0,1.0,13.04,5967.48,3811.35,30737.75,0,Sin evaluar
1869,2267,F,32,Prague,Praga,Adulto (30-50),Praga - Adulto (30-50),12541.0,0.0,30.55,26254.66,22324.06,67825.38,0,Sin evaluar
1870,2268,M,60,central Bohemia,Bohemia,Adulto Mayor (>50),Bohemia - Adulto Mayor (>50),10124.0,1.0,54.21,23190.09,22084.12,50492.65,0,Sin evaluar
1871,2269,F,35,east Bohemia,Bohemia,Adulto (30-50),Bohemia - Adulto (30-50),9060.0,2.0,55.72,21.54,24878.3,40264.87,0,Sin evaluar
1872,2270,F,38,south Moravia,Moravia,Adulto (30-50),Moravia - Adulto (30-50),8814.0,5.0,15.44,14701.3,6598.45,40475.38,0,Sin evaluar
1874,2274,M,34,central Bohemia,Bohemia,Adulto (30-50),Bohemia - Adulto (30-50),8899.0,3.0,69.16,5.78,822.01,27463.34,0,Sin evaluar
1875,2276,F,66,east Bohemia,Bohemia,Adulto Mayor (>50),Bohemia - Adulto Mayor (>50),8254.0,3.0,64.33,15.54,1484.69,17454.16,0,Sin evaluar
1876,2277,M,19,Prague,Praga,Joven (<30),Praga - Joven (<30),12541.0,0.0,15.34,20664.99,13159.06,45958.45,0,Sin evaluar
1877,2278,M,77,north Moravia,Moravia,Adulto Mayor (>50),Moravia - Adulto Mayor (>50),8369.0,5.0,60.58,11.55,4073.29,33461.33,0,Sin evaluar
1878,2279,M,45,east Bohemia,Bohemia,Adulto (30-50),Bohemia - Adulto (30-50),8363.0,3.0,51.58,21775.22,21827.57,30995.76,0,Sin evaluar
1879,2280,F,24,central Bohemia,Bohemia,Joven (<30),Bohemia - Joven (<30),10124.0,1.0,55.62,17.98,964.04,14131.55,0,Sin evaluar
1880,2281,F,20,north Moravia,Moravia,Joven (<30),Moravia - Joven (<30),8369.0,5.0,58.15,6710.44,6282.03,32392.46,0,Sin evaluar
1881,2282,M,25,south Moravia,Moravia,Joven (<30),Moravia - Joven (<30),8441.0,3.0,16.46,9433.48,4072.9,17536.56,0,Sin evaluar
1882,2283,M,37,Prague,Praga,Adulto (30-50),Praga - Adulto (30-50),12541.0,0.0,60.32,6615.88,2879.64,17098.02,0,Sin evaluar
1884,2286,F,32,south Moravia,Moravia,Adulto (30-50),Moravia - Adulto (30-50),9897.0,2.0,24.21,10584.22,9975.22,25557.27,0,Sin evaluar
1885,2287,M,19,east Bohemia,Bohemia,Joven (<30),Bohemia - Joven (<30),9538.0,2.0,28.58,8824.28,8059.83,31553.76,0,Sin evaluar
1886,2288,F,41,north Bohemia,Bohemia,Adulto (30-50),Bohemia - Adulto (30-50),9272.0,3.0,33.87,20.67,20827.16,30650.23,0,Sin evaluar
1887,2290,F,44,west Bohemia,Bohemia,Adulto (30-50),Bohemia - Adulto (30-50),8930.0,4.0,67.75,9667.72,4107.75,29491.06,0,Sin evaluar
1888,2291,M,41,central Bohemia,Bohemia,Adulto (30-50),Bohemia - Adulto (30-50),8546.0,3.0,26.32,326.75,23805.81,27610.47,9,Mal Pagador
1889,2292,M,77,south Moravia,Moravia,Adulto Mayor (>50),Moravia - Adulto Mayor (>50),8444.0,3.0,46.78,17.1,2008.34,30079.06,0,Sin evaluar
1890,2293,M,29,Prague,Praga,Joven (<30),Praga - Joven (<30),12541.0,0.0,17.38,34.52,35723.76,29417.92,2,Sin evaluar
1891,2294,F,46,north Bohemia,Bohemia,Adulto (30-50),Bohemia - Adulto (30-50),9272.0,3.0,68.7,1554.59,1827.95,48681.06,0,Sin evaluar
1892,2295,F,59,west Bohemia,Bohemia,Adulto Mayor (>50),Bohemia - Adulto Mayor (>50),8620.0,1.0,65.61,13.72,2062.49,19741.26,0,Sin evaluar
1893,2297,M,33,east Bohemia,Bohemia,Adulto (30-50),Bohemia - Adulto (30-50),9060.0,2.0,29.37,44784.17,38159.55,59844.35,0,Sin evaluar
1894,2299,F,58,central Bohemia,Bohemia,Adulto Mayor (>50),Bohemia - Adulto Mayor (>50),8546.0,3.0,28.06,26027.55,23663.58,53891.72,0,Sin evaluar
1895,2300,F,37,north Bohemia,Bohemia,Adulto (30-50),Bohemia - Adulto (30-50),8867.0,1.0,29.63,40.5,13028.45,32732.92,0,Sin evaluar
1896,2302,M,41,north Moravia,Moravia,Adulto (30-50),Moravia - Adulto (30-50),10673.0,5.0,62.85,31726.67,22600.35,47880.96,0,Sin evaluar
1897,2303,F,59,south Moravia,Moravia,Adulto Mayor (>50),Moravia - Adulto Mayor (>50),8814.0,5.0,33.87,52150.1,41959.94,56811.28,0,Sin evaluar
1898,2305,F,49,north Moravia,Moravia,Adulto (30-50),Moravia - Adulto (30-50),10177.0,7.0,68.99,208.73,11124.8,28020.54,0,Sin evaluar
1899,2307,M,75,west Bohemia,Bohemia,Adulto Mayor (>50),Bohemia - Adulto Mayor (>50),10787.0,3.0,25.82,30.98,1394.66,18855.62,0,Sin evaluar
1900,2308,F,24,west Bohemia,Bohemia,Joven (<30),Bohemia - Joven (<30),8561.0,1.0,29.14,26336.93,18505.15,53718.48,0,Sin evaluar
1901,2309,F,22,south Bohemia,Bohemia,Joven (<30),Bohemia - Joven (<30),9045.0,3.0,36.99,19800.27,13689.11,30050.5,0,Sin evaluar
1902,2310,M,59,north Bohemia,Bohemia,Adulto Mayor (>50),Bohemia - Adulto Mayor (>50),9317.0,6.0,65.48,255.04,11438.87,31884.34,0,Sin evaluar
1903,2312,F,23,central Bohemia,Bohemia,Joven (<30),Bohemia - Joven (<30),9622.0,0.0,29.86,1359.68,1560.95,38412.7,0,Sin evaluar
1904,2313,M,18,north Moravia,Moravia,Joven (<30),Moravia - Joven (<30),10177.0,7.0,31.44,10124.2,4089.69,29864.95,0,Sin evaluar
1905,2314,F,39,north Bohemia,Bohemia,Adulto (30-50),Bohemia - Adulto (30-50),9675.0,6.0,31.21,16546.52,10349.25,30558.21,0,Sin evaluar
1906,2316,M,28,Prague,Praga,Joven (<30),Praga - Joven (<30),12541.0,0.0,28.98,30909.01,22561.87,49927.98,0,Sin evaluar
1907,2317,M,22,Prague,Praga,Joven (<30),Praga - Joven (<30),12541.0,0.0,21.22,19999.86,10353.44,46032.4,0,Sin evaluar
1908,2318,F,75,south Bohemia,Bohemia,Adulto Mayor (>50),Bohemia - Adulto Mayor (>50),8547.0,3.0,51.58,13.57,2879.22,22644.85,0,Sin evaluar
1909,2319,F,28,north Bohemia,Bohemia,Joven (<30),Bohemia - Joven (<30),9317.0,6.0,71.59,11.17,1032.41,18674.58,0,Sin evaluar
1910,2320,M,47,south Moravia,Moravia,Adulto (30-50),Moravia - Adulto (30-50),8441.0,3.0,27.79,21836.56,14716.08,73785.08,0,Sin evaluar
1911,2321,F,30,north Moravia,Moravia,Adulto (30-50),Moravia - Adulto (30-50),9893.0,4.0,52.34,17796.06,17278.56,33858.02,2,Sin evaluar
1912,2322,M,70,south Bohemia,Bohemia,Adulto Mayor (>50),Bohemia - Adulto Mayor (>50),9045.0,3.0,64.53,15.5,2730.51,24431.98,0,Sin evaluar
1913,2323,F,56,east Bohemia,Bohemia,Adulto Mayor (>50),Bohemia - Adulto Mayor (>50),9060.0,2.0,30.82,1778.07,1445.49,45324.58,0,Sin evaluar
1914,2324,M,20,west Bohemia,Bohemia,Joven (<30),Bohemia - Joven (<30),8561.0,1.0,47.21,8740.88,3097.23,42254.68,0,Sin evaluar
1915,2325,F,43,central Bohemia,Bohemia,Adulto (30-50),Bohemia - Adulto (30-50),8507.0,2.0,20.57,10744.0,4962.57,17967.63,0,Sin evaluar
1916,2326,F,53,north Moravia,Moravia,Adulto Mayor (>50),Moravia - Adulto Mayor (>50),8994.0,4.0,34.46,8297.97,2991.87,31559.78,0,Sin evaluar
1917,2327,M,79,north Moravia,Moravia,Adulto Mayor (>50),Moravia - Adulto Mayor (>50),8746.0,3.0,36.6,27.32,1257.38,17214.72,0,Sin evaluar
1918,2328,M,30,west Bohemia,Bohemia,Adulto (30-50),Bohemia - Adulto (30-50),8991.0,1.0,56.71,7404.5,3147.95,19553.56,0,Sin evaluar
1919,2329,M,25,south Bohemia,Bohemia,Joven (<30),Bohemia - Joven (<30),8968.0,3.0,48.89,27928.84,20283.08,78237.77,0,Sin evaluar
1920,2330,F,50,north Bohemia,Bohemia,Adulto Mayor (>50),Bohemia - Adulto Mayor (>50),9317.0,6.0,32.76,9020.63,4121.49,39910.81,0,Sin evaluar
1921,2331,F,41,east Bohemia,Bohemia,Adulto (30-50),Bohemia - Adulto (30-50),8388.0,2.0,18.14,573.32,1365.49,17343.42,0,Sin evaluar
1922,2332,F,49,south Moravia,Moravia,Adulto (30-50),Moravia - Adulto (30-50),8441.0,3.0,34.69,19683.25,18104.35,73530.25,0,Sin evaluar
1924,2335,F,64,south Moravia,Moravia,Adulto Mayor (>50),Moravia - Adulto Mayor (>50),8512.0,4.0,31.51,9.52,1480.48,40815.43,0,Sin evaluar
1925,2336,M,76,central Bohemia,Bohemia,Adulto Mayor (>50),Bohemia - Adulto Mayor (>50),8754.0,4.0,64.92,9.24,1854.9,26520.41,0,Sin evaluar
1926,2338,F,41,south Moravia,Moravia,Adulto (30-50),Moravia - Adulto (30-50),8757.0,3.0,71.79,5739.69,2697.31,19960.97,0,Sin evaluar
1927,2340,M,45,east Bohemia,Bohemia,Adulto (30-50),Bohemia - Adulto (30-50),8388.0,2.0,40.9,14.67,922.74,20590.13,0,Sin evaluar
1928,2342,M,50,north Moravia,Moravia,Adulto Mayor (>50),Moravia - Adulto Mayor (>50),10177.0,7.0,21.98,2188.35,15838.13,30101.13,0,Sin evaluar
1929,2343,M,39,Prague,Praga,Adulto (30-50),Praga - Adulto (30-50),12541.0,0.0,17.84,2236.55,1294.84,45666.46,0,Sin evaluar
1930,2344,F,74,central Bohemia,Bohemia,Adulto Mayor (>50),Bohemia - Adulto Mayor (>50),8980.0,2.0,66.14,16.63,3094.04,21823.02,0,Sin evaluar
1931,2345,M,56,north Bohemia,Bohemia,Adulto Mayor (>50),Bohemia - Adulto Mayor (>50),8705.0,6.0,61.24,10781.89,4889.61,22518.1,0,Sin evaluar
1932,2347,F,55,north Bohemia,Bohemia,Adulto Mayor (>50),Bohemia - Adulto Mayor (>50),8867.0,1.0,32.92,1412.52,15371.23,13353.62,5,Sin evaluar
1933,2348,M,65,north Bohemia,Bohemia,Adulto Mayor (>50),Bohemia - Adulto Mayor (>50),8867.0,1.0,20.9,52.63,2006.7,20589.82,0,Sin evaluar
1934,2349,F,30,east Bohemia,Bohemia,Adulto (30-50),Bohemia - Adulto (30-50),8369.0,2.0,50.86,14251.91,6167.52,53852.0,0,Sin evaluar
1935,2351,M,33,north Bohemia,Bohemia,Adulto (30-50),Bohemia - Adulto (30-50),8965.0,7.0,28.52,38.57,52009.89,56644.56,0,Sin evaluar
1936,2352,F,21,north Moravia,Moravia,Joven (<30),Moravia - Joven (<30),10177.0,7.0,41.46,12.06,753.74,18203.72,0,Sin evaluar
1937,2353,F,69,central Bohemia,Bohemia,Adulto Mayor (>50),Bohemia - Adulto Mayor (>50),9753.0,5.0,67.45,16.31,1946.63,19859.12,0,Sin evaluar
1938,2354,M,31,Prague,Praga,Adulto (30-50),Praga - Adulto (30-50),12541.0,0.0,54.21,26101.73,18892.82,46434.83,0,Sin evaluar
1939,2355,F,50,central Bohemia,Bohemia,Adulto Mayor (>50),Bohemia - Adulto Mayor (>50),8546.0,3.0,32.39,12.35,48033.93,60813.61,0,Sin evaluar
1940,2356,M,68,east Bohemia,Bohemia,Adulto Mayor (>50),Bohemia - Adulto Mayor (>50),8363.0,3.0,60.29,11.61,1507.05,17309.96,0,Sin evaluar
1941,2358,F,52,north Moravia,Moravia,Adulto Mayor (>50),Moravia - Adulto Mayor (>50),10673.0,5.0,61.5,17865.35,17272.52,38553.8,0,Sin evaluar
1943,2361,M,30,central Bohemia,Bohemia,Adulto (30-50),Bohemia - Adulto (30-50),8899.0,3.0,25.13,18560.29,8432.95,47594.98,0,Sin evaluar
1944,2363,M,51,east Bohemia,Bohemia,Adulto Mayor (>50),Bohemia - Adulto Mayor (>50),9425.0,2.0,70.57,19481.08,11294.03,37740.56,0,Sin evaluar
1945,2364,F,27,south Moravia,Moravia,Joven (<30),Moravia - Joven (<30),8772.0,5.0,37.72,18004.4,16796.39,44864.55,0,Sin evaluar
1946,2365,F,45,east Bohemia,Bohemia,Adulto (30-50),Bohemia - Adulto (30-50),8369.0,2.0,15.47,20340.47,12170.65,36029.24,0,Sin evaluar
1947,2366,M,68,north Bohemia,Bohemia,Adulto Mayor (>50),Bohemia - Adulto Mayor (>50),8867.0,1.0,61.6,14.61,2775.32,34762.01,0,Sin evaluar
1948,2368,F,55,south Moravia,Moravia,Adulto Mayor (>50),Moravia - Adulto Mayor (>50),9624.0,2.0,32.76,44885.62,35611.97,55111.09,0,Sin evaluar
1949,2370,F,42,north Bohemia,Bohemia,Adulto (30-50),Bohemia - Adulto (30-50),9832.0,3.0,55.92,13629.29,6046.49,33583.19,0,Sin evaluar
1950,2371,F,42,north Moravia,Moravia,Adulto (30-50),Moravia - Adulto (30-50),10177.0,7.0,16.99,14173.4,6997.06,25558.43,0,Sin evaluar
1951,2372,F,27,west Bohemia,Bohemia,Joven (<30),Bohemia - Joven (<30),8624.0,2.0,16.79,22885.53,15839.19,56494.11,0,Sin evaluar
1952,2373,M,44,south Bohemia,Bohemia,Adulto (30-50),Bohemia - Adulto (30-50),9045.0,3.0,61.08,16777.5,16119.52,32210.72,0,Sin evaluar
1953,2374,M,30,central Bohemia,Bohemia,Adulto (30-50),Bohemia - Adulto (30-50),8899.0,3.0,19.55,48152.94,45559.95,71541.39,0,Sin evaluar
1954,2375,F,33,north Moravia,Moravia,Adulto (30-50),Moravia - Adulto (30-50),8994.0,4.0,30.85,32.41,860.29,14908.33,0,Sin evaluar
1955,2377,M,48,east Bohemia,Bohemia,Adulto (30-50),Bohemia - Adulto (30-50),8208.0,2.0,47.77,12.56,801.97,14871.15,0,Sin evaluar
1956,2378,F,45,south Moravia,Moravia,Adulto (30-50),Moravia - Adulto (30-50),8288.0,4.0,19.29,9821.25,3967.86,42453.44,0,Sin evaluar
1957,2379,F,34,north Bohemia,Bohemia,Adulto (30-50),Bohemia - Adulto (30-50),8705.0,6.0,27.4,1087.59,1834.67,30643.25,0,Sin evaluar
1958,2380,M,71,north Bohemia,Bohemia,Adulto Mayor (>50),Bohemia - Adulto Mayor (>50),9317.0,6.0,50.23,11.95,1893.29,31925.75,0,Sin evaluar
1959,2382,F,71,south Moravia,Moravia,Adulto Mayor (>50),Moravia - Adulto Mayor (>50),8544.0,1.0,60.22,9.96,3453.17,24815.27,0,Sin evaluar
1960,2383,F,51,west Bohemia,Bohemia,Adulto Mayor (>50),Bohemia - Adulto Mayor (>50),8930.0,4.0,12.88,54.35,465.84,15132.46,0,Sin evaluar
1961,2385,M,65,central Bohemia,Bohemia,Adulto Mayor (>50),Bohemia - Adulto Mayor (>50),8598.0,3.0,40.05,19.98,3263.67,20480.32,0,Sin evaluar
1962,2387,F,53,north Moravia,Moravia,Adulto Mayor (>50),Moravia - Adulto Mayor (>50),8909.0,4.0,34.2,5.85,44289.04,53403.26,0,Sin evaluar
1963,2388,M,27,east Bohemia,Bohemia,Joven (<30),Bohemia - Joven (<30),8388.0,2.0,34.89,25098.42,20126.68,67975.39,0,Sin evaluar
1964,2389,M,74,west Bohemia,Bohemia,Adulto Mayor (>50),Bohemia - Adulto Mayor (>50),8554.0,2.0,34.6,31.79,4032.08,19112.53,0,Sin evaluar
1965,2390,M,60,south Moravia,Moravia,Adulto Mayor (>50),Moravia - Adulto Mayor (>50),8720.0,4.0,70.7,33597.47,24042.97,50126.18,0,Sin evaluar
1966,2391,M,56,Prague,Praga,Adulto Mayor (>50),Praga - Adulto Mayor (>50),12541.0,0.0,70.57,22504.65,16567.38,41185.62,0,Sin evaluar
1967,2392,M,43,west Bohemia,Bohemia,Adulto (30-50),Bohemia - Adulto (30-50),10787.0,3.0,46.55,39679.98,24997.06,45595.81,0,Sin evaluar
1968,2393,F,22,south Bohemia,Bohemia,Joven (<30),Bohemia - Joven (<30),8427.0,1.0,14.55,13374.98,6460.48,29962.84,0,Sin evaluar
1969,2394,M,36,central Bohemia,Bohemia,Adulto (30-50),Bohemia - Adulto (30-50),9307.0,4.0,56.97,11787.33,6349.31,22058.62,0,Sin evaluar
1970,2395,M,45,central Bohemia,Bohemia,Adulto (30-50),Bohemia - Adulto (30-50),11277.0,1.0,60.75,24610.68,19041.65,56686.08,0,Sin evaluar
1971,2396,F,49,north Bohemia,Bohemia,Adulto (30-50),Bohemia - Adulto (30-50),9832.0,3.0,40.9,12075.79,5178.48,44156.4,0,Sin evaluar
1972,2397,M,80,east Bohemia,Bohemia,Adulto Mayor (>50),Bohemia - Adulto Mayor (>50),8369.0,2.0,71.92,5.56,2466.35,22722.08,0,Sin evaluar
1973,2398,F,43,north Moravia,Moravia,Adulto (30-50),Moravia - Adulto (30-50),8678.0,6.0,30.85,19.45,570.83,18295.23,0,Sin evaluar
1974,2399,F,55,east Bohemia,Bohemia,Adulto Mayor (>50),Bohemia - Adulto Mayor (>50),8388.0,2.0,43.01,953.27,634.74,21491.19,0,Sin evaluar
1975,2400,M,39,south Bohemia,Bohemia,Adulto (30-50),Bohemia - Adulto (30-50),8402.0,3.0,51.78,15721.86,9312.48,33646.34,0,Sin evaluar
1976,2401,F,50,west Bohemia,Bohemia,Adulto Mayor (>50),Bohemia - Adulto Mayor (>50),10787.0,3.0,21.22,16053.2,7502.36,35491.56,0,Sin evaluar
1977,2402,M,50,north Bohemia,Bohemia,Adulto Mayor (>50),Bohemia - Adulto Mayor (>50),9832.0,3.0,34.89,9843.39,8824.88,26065.2,0,Sin evaluar
1978,2403,F,35,Prague,Praga,Adulto (30-50),Praga - Adulto (30-50),12541.0,0.0,66.66,96.01,20359.57,56266.3,0,Buen Pagador
1979,2404,F,21,west Bohemia,Bohemia,Joven (<30),Bohemia - Joven (<30),8561.0,1.0,71.62,12.57,939.96,19843.04,0,Sin evaluar
1980,2406,F,42,east Bohemia,Bohemia,Adulto (30-50),Bohemia - Adulto (30-50),8208.0,2.0,33.51,12213.88,5055.8,27144.54,0,Sin evaluar
1981,2407,M,23,east Bohemia,Bohemia,Joven (<30),Bohemia - Joven (<30),8541.0,3.0,62.75,14.34,827.89,22479.98,0,Sin evaluar
1982,2408,F,58,central Bohemia,Bohemia,Adulto Mayor (>50),Bohemia - Adulto Mayor (>50),8546.0,3.0,19.78,16320.98,10881.7,37716.02,0,Sin evaluar
1983,2409,M,34,south Moravia,Moravia,Adulto (30-50),Moravia - Adulto (30-50),9897.0,2.0,12.19,24468.58,18195.24,48204.63,0,Sin evaluar
1984,2410,F,25,north Moravia,Moravia,Joven (<30),Moravia - Joven (<30),8746.0,3.0,61.77,14558.12,13563.87,47602.65,0,Sin evaluar
1985,2412,M,18,south Bohemia,Bohemia,Joven (<30),Bohemia - Joven (<30),8547.0,3.0,29.08,5659.32,5165.06,18853.74,0,Sin evaluar
1986,2413,M,37,east Bohemia,Bohemia,Adulto (30-50),Bohemia - Adulto (30-50),8369.0,2.0,44.91,13646.49,7851.7,25212.67,0,Sin evaluar
1987,2414,F,48,south Moravia,Moravia,Adulto (30-50),Moravia - Adulto (30-50),9897.0,2.0,57.49,20577.91,19959.65,36639.71,0,Sin evaluar
1988,2416,F,44,north Moravia,Moravia,Adulto (30-50),Moravia - Adulto (30-50),8994.0,4.0,24.02,5823.65,2529.56,24435.7,0,Sin evaluar
1989,2417,F,60,east Bohemia,Bohemia,Adulto Mayor (>50),Bohemia - Adulto Mayor (>50),9060.0,2.0,51.32,3.9,1888.15,21325.83,0,Sin evaluar
1990,2418,F,45,Prague,Praga,Adulto (30-50),Praga - Adulto (30-50),12541.0,0.0,66.73,8.99,845.35,23489.77,0,Sin evaluar
1991,2419,F,44,Prague,Praga,Adulto (30-50),Praga - Adulto (30-50),12541.0,0.0,25.46,23847.41,14536.53,41908.03,0,Sin evaluar
1992,2420,F,26,east Bohemia,Bohemia,Joven (<30),Bohemia - Joven (<30),9060.0,2.0,15.11,7773.99,3751.16,20864.61,0,Sin evaluar
1993,2422,F,22,north Moravia,Moravia,Joven (<30),Moravia - Joven (<30),9893.0,4.0,50.04,22081.67,19558.35,33456.98,2,Mal Pagador
1994,2423,M,41,east Bohemia,Bohemia,Adulto (30-50),Bohemia - Adulto (30-50),8388.0,2.0,41.43,35480.55,30435.99,44317.22,0,Sin evaluar
1995,2424,M,78,south Moravia,Moravia,Adulto Mayor (>50),Moravia - Adulto Mayor (>50),9897.0,2.0,17.45,34.38,1891.12,19673.18,0,Sin evaluar
1996,2425,F,21,central Bohemia,Bohemia,Joven (<30),Bohemia - Joven (<30),8546.0,3.0,31.77,144.79,25240.01,45929.01,0,Sin evaluar
1997,2426,M,71,north Moravia,Moravia,Adulto Mayor (>50),Moravia - Adulto Mayor (>50),10673.0,5.0,27.83,21.56,4608.7,29007.76,0,Sin evaluar
1998,2428,F,52,Prague,Praga,Adulto Mayor (>50),Praga - Adulto Mayor (>50),12541.0,0.0,66.46,25297.35,23063.5,56407.67,0,Sin evaluar
1999,2429,M,25,north Moravia,Moravia,Joven (<30),Moravia - Joven (<30),10177.0,7.0,66.83,25414.51,17572.65,46157.15,0,Sin evaluar
2000,2430,M,61,central Bohemia,Bohemia,Adulto Mayor (>50),Bohemia - Adulto Mayor (>50),9307.0,4.0,16.82,21361.36,13441.14,48864.59,0,Sin evaluar
2001,2431,M,32,north Moravia,Moravia,Adulto (30-50),Moravia - Adulto (30-50),8819.0,5.0,55.43,126.29,29082.93,60919.16,0,Sin evaluar
2002,2432,F,74,west Bohemia,Bohemia,Adulto Mayor (>50),Bohemia - Adulto Mayor (>50),8561.0,1.0,68.76,5.82,2084.06,26199.96,0,Sin evaluar
2003,2433,M,34,north Bohemia,Bohemia,Adulto (30-50),Bohemia - Adulto (30-50),9272.0,3.0,37.13,29.63,49664.48,69525.83,0,Sin evaluar
2004,2434,F,53,east Bohemia,Bohemia,Adulto Mayor (>50),Bohemia - Adulto Mayor (>50),8388.0,2.0,28.88,26658.1,17907.2,59496.01,0,Sin evaluar
2005,2435,F,55,south Bohemia,Bohemia,Adulto Mayor (>50),Bohemia - Adulto Mayor (>50),8427.0,1.0,19.68,1514.23,2068.6,27711.95,0,Sin evaluar
2006,2436,F,64,west Bohemia,Bohemia,Adulto Mayor (>50),Bohemia - Adulto Mayor (>50),8554.0,2.0,18.5,37.84,1667.03,18825.46,0,Sin evaluar
2007,2437,M,62,east Bohemia,Bohemia,Adulto Mayor (>50),Bohemia - Adulto Mayor (>50),8390.0,2.0,15.05,52496.41,48072.76,54613.32,0,Sin evaluar
2008,2438,F,52,east Bohemia,Bohemia,Adulto Mayor (>50),Bohemia - Adulto Mayor (>50),8363.0,3.0,68.5,13977.52,9004.38,56855.18,0,Sin evaluar
2009,2440,M,63,south Bohemia,Bohemia,Adulto Mayor (>50),Bohemia - Adulto Mayor (>50),8114.0,2.0,56.57,24974.69,19867.42,54863.53,0,Sin evaluar
2010,2441,M,70,Prague,Praga,Adulto Mayor (>50),Praga - Adulto Mayor (>50),12541.0,0.0,60.12,18.3,1909.85,20494.22,0,Sin evaluar
2011,2443,M,49,north Moravia,Moravia,Adulto (30-50),Moravia - Adulto (30-50),8819.0,5.0,69.22,13.0,846.14,16824.11,0,Sin evaluar
2012,2444,M,64,central Bohemia,Bohemia,Adulto Mayor (>50),Bohemia - Adulto Mayor (>50),9753.0,5.0,32.76,30.53,2830.89,29979.54,0,Sin evaluar
2013,2445,M,29,south Moravia,Moravia,Joven (<30),Moravia - Joven (<30),9897.0,2.0,28.52,22132.78,20603.12,48235.53,0,Sin evaluar
2015,2447,M,26,north Moravia,Moravia,Joven (<30),Moravia - Joven (<30),9893.0,4.0,37.19,8637.21,4038.72,28249.85,0,Sin evaluar
2016,2449,M,31,Prague,Praga,Adulto (30-50),Praga - Adulto (30-50),12541.0,0.0,22.21,1296.71,1893.74,20110.95,0,Sin evaluar
2017,2450,F,23,south Moravia,Moravia,Joven (<30),Moravia - Joven (<30),9897.0,2.0,34.3,5867.52,3279.88,21950.51,0,Sin evaluar
2018,2451,M,59,east Bohemia,Bohemia,Adulto Mayor (>50),Bohemia - Adulto Mayor (>50),8388.0,2.0,42.91,6759.15,2666.05,17777.09,0,Buen Pagador
2019,2452,F,46,south Moravia,Moravia,Adulto (30-50),Moravia - Adulto (30-50),9624.0,2.0,18.66,37.51,665.59,15561.42,0,Sin evaluar
2020,2453,M,74,central Bohemia,Bohemia,Adulto Mayor (>50),Bohemia - Adulto Mayor (>50),8598.0,3.0,63.87,17.22,2836.07,24623.83,0,Sin evaluar
2021,2454,F,58,north Moravia,Moravia,Adulto Mayor (>50),Moravia - Adulto Mayor (>50),8173.0,5.83,22.8,1258.77,807.02,14543.75,0,Sin evaluar
2022,2455,M,79,north Moravia,Moravia,Adulto Mayor (>50),Moravia - Adulto Mayor (>50),8994.0,4.0,66.66,10.5,2280.08,27093.18,0,Sin evaluar
2023,2457,M,58,north Moravia,Moravia,Adulto Mayor (>50),Moravia - Adulto Mayor (>50),9893.0,4.0,71.13,25531.39,16337.41,53189.02,0,Sin evaluar
2024,2459,F,24,south Bohemia,Bohemia,Joven (<30),Bohemia - Joven (<30),8547.0,3.0,21.98,11890.99,5168.33,22330.65,0,Sin evaluar
2025,2460,F,35,south Bohemia,Bohemia,Adulto (30-50),Bohemia - Adulto (30-50),8402.0,3.0,50.96,16617.33,9804.55,27730.79,0,Sin evaluar
2026,2461,M,31,south Moravia,Moravia,Adulto (30-50),Moravia - Adulto (30-50),9624.0,2.0,27.53,15166.44,8481.66,43934.57,0,Sin evaluar
2027,2462,M,64,south Bohemia,Bohemia,Adulto Mayor (>50),Bohemia - Adulto Mayor (>50),8402.0,3.0,49.08,16.3,1513.04,22280.91,0,Sin evaluar
2028,2463,M,54,central Bohemia,Bohemia,Adulto Mayor (>50),Bohemia - Adulto Mayor (>50),9920.0,2.0,49.15,24960.55,24127.45,42951.01,0,Sin evaluar
2029,2464,M,53,west Bohemia,Bohemia,Adulto Mayor (>50),Bohemia - Adulto Mayor (>50),9650.0,3.0,67.09,581.31,448.65,17811.11,0,Sin evaluar
2030,2465,M,25,east Bohemia,Bohemia,Joven (<30),Bohemia - Joven (<30),8541.0,3.0,51.58,24296.08,19096.55,61572.07,0,Sin evaluar
2032,2467,F,52,north Bohemia,Bohemia,Adulto Mayor (>50),Bohemia - Adulto Mayor (>50),9198.0,3.0,25.53,8719.55,4006.27,15999.58,0,Sin evaluar
2033,2468,M,33,north Moravia,Moravia,Adulto (30-50),Moravia - Adulto (30-50),8678.0,6.0,33.38,12505.9,7411.62,30783.6,0,Sin evaluar
2034,2469,F,41,south Moravia,Moravia,Adulto (30-50),Moravia - Adulto (30-50),9897.0,2.0,28.32,24542.87,13622.18,55276.53,0,Sin evaluar
2035,2470,M,55,south Moravia,Moravia,Adulto Mayor (>50),Moravia - Adulto Mayor (>50),8240.0,3.0,31.7,391.17,19887.73,50484.22,0,Sin evaluar
2036,2472,F,22,north Moravia,Moravia,Joven (<30),Moravia - Joven (<30),10177.0,7.0,14.92,7702.48,5214.48,33740.61,0,Sin evaluar
2037,2473,F,22,south Bohemia,Bohemia,Joven (<30),Bohemia - Joven (<30),8547.0,3.0,67.84,18336.14,8864.98,37183.92,0,Sin evaluar
2038,2474,M,41,east Bohemia,Bohemia,Adulto (30-50),Bohemia - Adulto (30-50),8388.0,2.0,64.82,7093.07,3200.56,31065.49,0,Sin evaluar
2039,2475,F,16,east Bohemia,Bohemia,Joven (<30),Bohemia - Joven (<30),8254.0,3.0,69.65,6502.84,5315.15,38131.05,0,Sin evaluar
2040,2476,F,41,north Moravia,Moravia,Adulto (30-50),Moravia - Adulto (30-50),8819.0,5.0,30.19,10391.69,3795.96,34882.3,0,Sin evaluar
2041,2478,F,58,east Bohemia,Bohemia,Adulto Mayor (>50),Bohemia - Adulto Mayor (>50),9060.0,2.0,41.89,6266.75,4834.57,32960.93,0,Sin evaluar
2042,2479,F,39,west Bohemia,Bohemia,Adulto (30-50),Bohemia - Adulto (30-50),8930.0,4.0,22.57,39.88,769.16,14975.71,0,Sin evaluar
2043,2480,F,22,east Bohemia,Bohemia,Joven (<30),Bohemia - Joven (<30),8369.0,2.0,37.13,7871.67,3638.57,21872.55,0,Sin evaluar
2044,2481,M,50,central Bohemia,Bohemia,Adulto Mayor (>50),Bohemia - Adulto Mayor (>50),8546.0,3.0,49.25,20219.96,10895.43,46200.27,0,Sin evaluar
2045,2482,M,73,north Bohemia,Bohemia,Adulto Mayor (>50),Bohemia - Adulto Mayor (>50),9675.0,6.0,27.7,39.71,4371.12,22294.11,0,Sin evaluar
2046,2484,M,29,north Moravia,Moravia,Joven (<30),Moravia - Joven (<30),9893.0,4.0,26.45,1398.87,1693.01,21448.56,0,Sin evaluar
2047,2485,M,65,south Bohemia,Bohemia,Adulto Mayor (>50),Bohemia - Adulto Mayor (>50),8547.0,3.0,46.29,12.96,1470.94,34661.14,0,Sin evaluar
2048,2486,F,37,north Moravia,Moravia,Adulto (30-50),Moravia - Adulto (30-50),8369.0,5.0,21.06,16108.07,10766.38,40289.27,0,Sin evaluar
2049,2487,F,31,north Moravia,Moravia,Adulto (30-50),Moravia - Adulto (30-50),8110.0,6.0,12.39,9942.05,4928.17,25295.74,0,Sin evaluar
2050,2488,F,18,central Bohemia,Bohemia,Joven (<30),Bohemia - Joven (<30),8899.0,3.0,62.29,18103.02,8129.72,40845.7,0,Sin evaluar
2051,2489,F,23,south Moravia,Moravia,Joven (<30),Moravia - Joven (<30),9624.0,2.0,37.75,39355.05,34699.68,55195.63,3,Sin evaluar
2052,2490,F,37,south Moravia,Moravia,Adulto (30-50),Moravia - Adulto (30-50),8814.0,5.0,62.36,11129.62,5370.43,41006.24,0,Sin evaluar
2053,2491,F,59,central Bohemia,Bohemia,Adulto Mayor (>50),Bohemia - Adulto Mayor (>50),9307.0,4.0,14.49,8048.1,3831.61,24347.6,0,Sin evaluar
2054,2493,M,36,Prague,Praga,Adulto (30-50),Praga - Adulto (30-50),12541.0,0.0,47.21,21720.02,12582.08,44282.27,0,Sin evaluar
2055,2494,M,27,north Bohemia,Bohemia,Joven (<30),Bohemia - Joven (<30),9065.0,4.0,20.47,11469.08,4840.25,13352.89,0,Sin evaluar
2056,2495,F,59,south Moravia,Moravia,Adulto Mayor (>50),Moravia - Adulto Mayor (>50),8757.0,3.0,68.8,21781.95,21493.27,48848.18,0,Sin evaluar
2057,2496,M,26,Prague,Praga,Joven (<30),Praga - Joven (<30),12541.0,0.0,18.37,22435.33,15645.07,55521.78,0,Sin evaluar
2058,2497,F,36,north Bohemia,Bohemia,Adulto (30-50),Bohemia - Adulto (30-50),9675.0,6.0,27.7,5740.76,3073.65,18834.48,0,Sin evaluar
2059,2498,M,18,north Bohemia,Bohemia,Joven (<30),Bohemia - Joven (<30),9065.0,4.0,50.76,12294.58,10628.45,34184.61,0,Sin evaluar
2060,2499,M,54,central Bohemia,Bohemia,Adulto Mayor (>50),Bohemia - Adulto Mayor (>50),8598.0,3.0,24.84,16985.71,9683.57,32024.13,0,Sin evaluar
2061,2500,F,52,west Bohemia,Bohemia,Adulto Mayor (>50),Bohemia - Adulto Mayor (>50),8991.0,1.0,67.65,5136.61,2451.15,20824.82,0,Sin evaluar
2062,2501,F,58,north Moravia,Moravia,Adulto Mayor (>50),Moravia - Adulto Mayor (>50),10177.0,7.0,33.84,82.74,40959.22,47496.17,0,Buen Pagador
2063,2502,F,63,Prague,Praga,Adulto Mayor (>50),Praga - Adulto Mayor (>50),12541.0,0.0,60.88,11.5,3745.24,33397.68,0,Sin evaluar
2064,2503,F,21,south Moravia,Moravia,Joven (<30),Moravia - Joven (<30),9897.0,2.0,24.02,270.61,12196.46,26644.35,0,Sin evaluar
2065,2504,M,48,south Moravia,Moravia,Adulto (30-50),Moravia - Adulto (30-50),8814.0,5.0,28.09,20415.24,17439.66,33986.24,0,Sin evaluar
2066,2505,F,38,west Bohemia,Bohemia,Adulto (30-50),Bohemia - Adulto (30-50),8554.0,2.0,28.78,757.47,2195.27,21944.69,0,Sin evaluar
2067,2506,M,22,north Moravia,Moravia,Joven (<30),Moravia - Joven (<30),8369.0,5.0,56.8,7286.8,5927.82,44857.63,0,Sin evaluar
2068,2507,F,46,north Bohemia,Bohemia,Adulto (30-50),Bohemia - Adulto (30-50),9065.0,4.0,66.96,542.11,1860.66,19533.59,0,Sin evaluar
2069,2508,F,33,north Moravia,Moravia,Adulto (30-50),Moravia - Adulto (30-50),8994.0,4.0,14.75,18463.05,11513.22,43350.57,0,Sin evaluar
2070,2510,F,39,north Moravia,Moravia,Adulto (30-50),Moravia - Adulto (30-50),8994.0,4.0,71.03,14078.92,5731.38,38609.47,0,Sin evaluar
2071,2511,F,23,north Bohemia,Bohemia,Joven (<30),Bohemia - Joven (<30),8867.0,1.0,19.78,17388.88,12503.54,28187.71,0,Sin evaluar
2072,2513,M,57,north Bohemia,Bohemia,Adulto Mayor (>50),Bohemia - Adulto Mayor (>50),9832.0,3.0,62.46,26644.14,18320.53,71335.58,0,Sin evaluar
2073,2514,M,41,south Moravia,Moravia,Adulto (30-50),Moravia - Adulto (30-50),8444.0,3.0,16.56,18370.41,15946.86,40629.51,0,Sin evaluar
2074,2515,M,40,central Bohemia,Bohemia,Adulto (30-50),Bohemia - Adulto (30-50),8754.0,4.0,34.4,25056.1,19018.6,36895.68,0,Sin evaluar
2075,2516,F,56,north Bohemia,Bohemia,Adulto Mayor (>50),Bohemia - Adulto Mayor (>50),8705.0,6.0,35.98,22.23,872.15,18418.11,0,Sin evaluar
2076,2517,M,74,south Bohemia,Bohemia,Adulto Mayor (>50),Bohemia - Adulto Mayor (>50),8968.0,3.0,27.43,29.17,3939.48,20139.61,0,Sin evaluar
2077,2519,F,28,west Bohemia,Bohemia,Joven (<30),Bohemia - Joven (<30),8843.0,3.0,47.87,5714.73,4411.95,29972.46,0,Sin evaluar
2078,2520,M,54,south Moravia,Moravia,Adulto Mayor (>50),Moravia - Adulto Mayor (>50),8544.0,1.0,65.77,15910.48,12100.96,37665.58,0,Sin evaluar
2079,2521,F,51,south Moravia,Moravia,Adulto Mayor (>50),Moravia - Adulto Mayor (>50),8743.0,2.0,15.8,19588.92,14829.11,61578.19,0,Sin evaluar
2080,2522,M,61,north Moravia,Moravia,Adulto Mayor (>50),Moravia - Adulto Mayor (>50),10673.0,5.0,20.14,19.86,34143.55,63789.73,0,Sin evaluar
2081,2524,M,39,north Bohemia,Bohemia,Adulto (30-50),Bohemia - Adulto (30-50),9198.0,3.0,17.97,1491.37,2263.77,23855.77,0,Sin evaluar
2082,2525,F,46,north Bohemia,Bohemia,Adulto (30-50),Bohemia - Adulto (30-50),9198.0,3.0,63.9,22963.66,16163.77,39886.86,0,Sin evaluar
2083,2526,M,34,Prague,Praga,Adulto (30-50),Praga - Adulto (30-50),12541.0,0.0,27.07,26144.88,18866.64,28232.49,0,Sin evaluar
2084,2527,F,51,east Bohemia,Bohemia,Adulto Mayor (>50),Bohemia - Adulto Mayor (>50),8254.0,3.0,27.73,22688.24,15459.07,55107.73,0,Sin evaluar
2085,2528,M,21,west Bohemia,Bohemia,Joven (<30),Bohemia - Joven (<30),8554.0,2.0,22.54,10917.83,5070.98,27109.4,0,Sin evaluar
2086,2529,M,59,north Moravia,Moravia,Adulto Mayor (>50),Moravia - Adulto Mayor (>50),10177.0,7.0,28.71,17.42,46232.04,68572.17,0,Sin evaluar
2087,2530,M,48,central Bohemia,Bohemia,Adulto (30-50),Bohemia - Adulto (30-50),11277.0,1.0,71.72,27788.04,27091.34,52858.85,0,Sin evaluar
2088,2531,F,44,central Bohemia,Bohemia,Adulto (30-50),Bohemia - Adulto (30-50),9307.0,4.0,65.12,6075.03,2808.97,23071.28,0,Sin evaluar
2089,2532,M,61,west Bohemia,Bohemia,Adulto Mayor (>50),Bohemia - Adulto Mayor (>50),8843.0,3.0,21.88,29616.82,24495.93,44881.49,2,Sin evaluar
2090,2533,F,69,north Bohemia,Bohemia,Adulto Mayor (>50),Bohemia - Adulto Mayor (>50),9317.0,6.0,25.13,39.79,1269.4,26723.91,0,Sin evaluar
2091,2534,M,55,Prague,Praga,Adulto Mayor (>50),Praga - Adulto Mayor (>50),12541.0,0.0,27.17,6421.64,4677.95,40390.19,0,Sin evaluar
2092,2535,M,53,Prague,Praga,Adulto Mayor (>50),Praga - Adulto Mayor (>50),12541.0,0.0,56.08,27063.61,18781.46,42836.78,0,Sin evaluar
2093,2536,M,37,south Moravia,Moravia,Adulto (30-50),Moravia - Adulto (30-50),9624.0,2.0,17.81,17789.05,13958.45,47928.86,0,Sin evaluar
2094,2537,M,41,north Moravia,Moravia,Adulto (30-50),Moravia - Adulto (30-50),8746.0,3.0,28.25,28.32,975.93,17133.18,0,Sin evaluar
2095,2538,M,18,south Moravia,Moravia,Joven (<30),Moravia - Joven (<30),8772.0,5.0,36.4,21494.23,19329.67,49945.78,0,Sin evaluar
2096,2539,F,26,north Bohemia,Bohemia,Joven (<30),Bohemia - Joven (<30),9272.0,3.0,42.48,16352.47,7287.19,38701.43,0,Sin evaluar
2097,2540,M,17,east Bohemia,Bohemia,Joven (<30),Bohemia - Joven (<30),8369.0,2.0,14.65,6713.58,3941.98,36563.54,0,Sin evaluar
2099,2542,M,54,central Bohemia,Bohemia,Adulto Mayor (>50),Bohemia - Adulto Mayor (>50),8980.0,2.0,71.59,34427.25,33263.96,65657.57,1,Sin evaluar
2101,2545,F,45,central Bohemia,Bohemia,Adulto (30-50),Bohemia - Adulto (30-50),8899.0,3.0,28.88,1225.76,1922.44,25884.02,0,Sin evaluar
2102,2546,F,37,north Bohemia,Bohemia,Adulto (30-50),Bohemia - Adulto (30-50),9832.0,3.0,28.85,13178.44,5545.23,25224.18,0,Sin evaluar
2103,2547,F,45,east Bohemia,Bohemia,Adulto (30-50),Bohemia - Adulto (30-50),9060.0,2.0,22.93,6532.93,2745.75,16958.18,0,Sin evaluar
2104,2548,M,45,east Bohemia,Bohemia,Adulto (30-50),Bohemia - Adulto (30-50),9060.0,2.0,30.62,13671.62,6120.18,37987.03,0,Sin evaluar
2105,2549,F,75,north Moravia,Moravia,Adulto Mayor (>50),Moravia - Adulto Mayor (>50),10177.0,7.0,33.74,14.82,3030.23,21092.14,0,Sin evaluar
2106,2550,F,22,Prague,Praga,Joven (<30),Praga - Joven (<30),12541.0,0.0,34.96,13546.8,6874.14,22391.58,0,Buen Pagador
2107,2551,F,59,north Moravia,Moravia,Adulto Mayor (>50),Moravia - Adulto Mayor (>50),10177.0,7.0,25.69,12264.31,4862.59,29481.9,0,Sin evaluar
2108,2552,F,34,north Moravia,Moravia,Adulto (30-50),Moravia - Adulto (30-50),10673.0,5.0,29.83,15567.72,9935.64,29430.24,0,Sin evaluar
2109,2553,M,22,north Bohemia,Bohemia,Joven (<30),Bohemia - Joven (<30),9675.0,6.0,34.92,6457.19,3679.84,52020.34,0,Sin evaluar
2110,2554,M,57,south Moravia,Moravia,Adulto Mayor (>50),Moravia - Adulto Mayor (>50),9624.0,2.0,70.21,8.55,945.16,21996.49,0,Sin evaluar
2111,2555,M,35,east Bohemia,Bohemia,Adulto (30-50),Bohemia - Adulto (30-50),8388.0,2.0,47.18,42538.05,39978.49,68177.15,0,Sin evaluar
2112,2556,F,47,east Bohemia,Bohemia,Adulto (30-50),Bohemia - Adulto (30-50),8254.0,3.0,29.63,11972.66,6282.82,30568.99,0,Sin evaluar
2113,2557,M,41,central Bohemia,Bohemia,Adulto (30-50),Bohemia - Adulto (30-50),9920.0,2.0,28.09,11209.65,10796.72,27087.04,0,Sin evaluar
2114,2558,M,39,west Bohemia,Bohemia,Adulto (30-50),Bohemia - Adulto (30-50),9650.0,3.0,28.65,11916.51,5801.05,21997.11,0,Sin evaluar
2115,2559,F,33,central Bohemia,Bohemia,Adulto (30-50),Bohemia - Adulto (30-50),11277.0,1.0,24.84,24.15,816.02,13282.13,0,Sin evaluar
2116,2560,F,24,north Moravia,Moravia,Joven (<30),Moravia - Joven (<30),10177.0,7.0,31.97,25973.57,17973.19,42200.73,0,Buen Pagador
2117,2561,M,53,east Bohemia,Bohemia,Adulto Mayor (>50),Bohemia - Adulto Mayor (>50),9060.0,2.0,28.78,13234.4,5993.75,22081.34,0,Sin evaluar
2118,2562,M,46,east Bohemia,Bohemia,Adulto (30-50),Bohemia - Adulto (30-50),8388.0,2.0,19.68,24438.82,13884.15,45623.11,0,Sin evaluar
2119,2563,M,27,north Moravia,Moravia,Joven (<30),Moravia - Joven (<30),10673.0,5.0,39.33,10675.21,4348.84,27601.08,0,Sin evaluar
2121,2565,M,52,south Moravia,Moravia,Adulto Mayor (>50),Moravia - Adulto Mayor (>50),9624.0,2.0,48.85,24247.25,18456.5,45582.13,0,Sin evaluar
2122,2566,F,35,west Bohemia,Bohemia,Adulto (30-50),Bohemia - Adulto (30-50),8843.0,3.0,71.72,38760.22,31126.7,60335.14,0,Sin evaluar
2123,2567,M,55,south Moravia,Moravia,Adulto Mayor (>50),Moravia - Adulto Mayor (>50),9624.0,2.0,65.18,13.81,1073.18,15789.12,0,Sin evaluar
2124,2569,M,50,north Moravia,Moravia,Adulto Mayor (>50),Moravia - Adulto Mayor (>50),8173.0,5.83,70.31,23202.42,16131.7,51403.64,0,Sin evaluar
2125,2571,F,19,east Bohemia,Bohemia,Joven (<30),Bohemia - Joven (<30),9425.0,2.0,13.34,35055.17,28473.39,57060.0,0,Sin evaluar
2126,2572,M,45,Prague,Praga,Adulto (30-50),Praga - Adulto (30-50),12541.0,0.0,22.67,247.02,43027.83,69302.11,0,Sin evaluar
2127,2573,F,33,Prague,Praga,Adulto (30-50),Praga - Adulto (30-50),12541.0,0.0,19.75,1017.72,1683.04,18934.14,0,Sin evaluar
2128,2574,F,66,west Bohemia,Bohemia,Adulto Mayor (>50),Bohemia - Adulto Mayor (>50),8843.0,3.0,60.68,8.24,1895.68,18163.52,0,Sin evaluar
2130,2576,F,19,east Bohemia,Bohemia,Joven (<30),Bohemia - Joven (<30),8369.0,2.0,25.86,25965.85,25191.76,55300.6,0,Sin evaluar
2131,2577,M,80,north Moravia,Moravia,Adulto Mayor (>50),Moravia - Adulto Mayor (>50),10177.0,7.0,29.67,30.33,1673.07,32319.01,0,Sin evaluar
2132,2578,M,44,north Moravia,Moravia,Adulto (30-50),Moravia - Adulto (30-50),8369.0,5.0,62.75,23546.31,22738.49,45962.28,0,Sin evaluar
2133,2579,F,63,central Bohemia,Bohemia,Adulto Mayor (>50),Bohemia - Adulto Mayor (>50),9622.0,0.0,14.78,33.83,1682.0,16424.56,0,Sin evaluar
2134,2581,F,45,east Bohemia,Bohemia,Adulto (30-50),Bohemia - Adulto (30-50),8363.0,3.0,28.81,14067.06,8486.64,40347.16,0,Sin evaluar
2135,2582,M,60,east Bohemia,Bohemia,Adulto Mayor (>50),Bohemia - Adulto Mayor (>50),8541.0,3.0,18.46,11696.05,5253.52,24060.7,0,Sin evaluar
2136,2583,M,61,north Moravia,Moravia,Adulto Mayor (>50),Moravia - Adulto Mayor (>50),8819.0,5.0,14.95,11462.47,7785.95,35279.55,0,Sin evaluar
2137,2584,F,54,central Bohemia,Bohemia,Adulto Mayor (>50),Bohemia - Adulto Mayor (>50),9753.0,5.0,64.46,822.22,20925.99,35739.37,0,Sin evaluar
2138,2585,F,27,north Moravia,Moravia,Joven (<30),Moravia - Joven (<30),8819.0,5.0,16.66,27290.88,16320.53,44219.43,0,Sin evaluar
2139,2586,M,32,central Bohemia,Bohemia,Adulto (30-50),Bohemia - Adulto (30-50),11277.0,1.0,42.74,166.12,18769.4,34987.75,0,Sin evaluar
2140,2588,M,40,north Bohemia,Bohemia,Adulto (30-50),Bohemia - Adulto (30-50),8705.0,6.0,62.32,1161.75,1866.34,25632.67,0,Sin evaluar
2141,2589,M,35,south Bohemia,Bohemia,Adulto (30-50),Bohemia - Adulto (30-50),9104.0,2.0,19.75,26666.94,18335.19,53688.12,0,Sin evaluar
2142,2590,F,34,east Bohemia,Bohemia,Adulto (30-50),Bohemia - Adulto (30-50),8388.0,2.0,15.97,21103.63,11327.49,37711.84,0,Sin evaluar
2143,2592,F,18,Prague,Praga,Joven (<30),Praga - Joven (<30),12541.0,0.0,35.58,24309.95,15121.42,33956.6,0,Sin evaluar
2144,2594,M,35,south Moravia,Moravia,Adulto (30-50),Moravia - Adulto (30-50),8743.0,2.0,41.36,29864.65,29627.59,36344.48,7,Sin evaluar
2146,2596,M,37,west Bohemia,Bohemia,Adulto (30-50),Bohemia - Adulto (30-50),8930.0,4.0,66.86,21649.69,15716.42,45042.51,0,Sin evaluar
2147,2597,F,29,west Bohemia,Bohemia,Joven (<30),Bohemia - Joven (<30),8594.0,2.0,29.7,5084.58,1878.11,18647.52,0,Sin evaluar
2148,2599,M,52,Prague,Praga,Adulto Mayor (>50),Praga - Adulto Mayor (>50),12541.0,0.0,39.29,453.04,1413.59,16312.96,0,Sin evaluar
2149,2600,F,75,central Bohemia,Bohemia,Adulto Mayor (>50),Bohemia - Adulto Mayor (>50),9920.0,2.0,28.65,20.94,2739.62,20061.57,0,Sin evaluar
2150,2601,M,37,north Bohemia,Bohemia,Adulto (30-50),Bohemia - Adulto (30-50),9065.0,4.0,63.61,14.15,1309.86,15774.59,0,Sin evaluar
2151,2603,F,26,north Bohemia,Bohemia,Joven (<30),Bohemia - Joven (<30),8965.0,7.0,46.72,11476.97,4576.2,22017.78,0,Sin evaluar
2152,2604,M,72,west Bohemia,Bohemia,Adulto Mayor (>50),Bohemia - Adulto Mayor (>50),8620.0,1.0,14.26,77.14,1227.21,21658.48,0,Sin evaluar
2153,2606,M,55,west Bohemia,Bohemia,Adulto Mayor (>50),Bohemia - Adulto Mayor (>50),8930.0,4.0,35.78,5.59,17464.2,33462.49,0,Buen Pagador
2154,2607,M,55,south Moravia,Moravia,Adulto Mayor (>50),Moravia - Adulto Mayor (>50),8288.0,4.0,56.34,3.55,1021.65,17590.97,0,Sin evaluar
2155,2608,F,55,south Moravia,Moravia,Adulto Mayor (>50),Moravia - Adulto Mayor (>50),8757.0,3.0,54.77,589.74,1694.36,19462.18,0,Sin evaluar
2156,2609,M,21,Prague,Praga,Joven (<30),Praga - Joven (<30),12541.0,0.0,27.63,25916.61,15753.89,43764.44,0,Sin evaluar
2157,2611,M,60,north Moravia,Moravia,Adulto Mayor (>50),Moravia - Adulto Mayor (>50),8909.0,4.0,37.75,15234.57,6756.03,21490.02,0,Sin evaluar
2158,2612,M,23,north Bohemia,Bohemia,Joven (<30),Bohemia - Joven (<30),8965.0,7.0,21.09,8957.61,7636.32,36744.49,0,Sin evaluar
2159,2613,M,21,Prague,Praga,Joven (<30),Praga - Joven (<30),12541.0,0.0,35.98,24876.99,15749.31,40695.76,0,Sin evaluar
2160,2614,M,52,north Moravia,Moravia,Adulto Mayor (>50),Moravia - Adulto Mayor (>50),8994.0,4.0,25.66,10797.54,4423.23,29219.21,0,Sin evaluar
2161,2615,F,53,south Moravia,Moravia,Adulto Mayor (>50),Moravia - Adulto Mayor (>50),9624.0,2.0,60.02,15208.28,11848.0,30061.46,0,Sin evaluar
2162,2616,M,28,east Bohemia,Bohemia,Joven (<30),Bohemia - Joven (<30),8187.0,5.0,13.31,37365.21,26115.1,52666.71,0,Sin evaluar
2163,2618,M,56,south Bohemia,Bohemia,Adulto Mayor (>50),Bohemia - Adulto Mayor (>50),8114.0,2.0,47.84,20631.19,14938.96,41434.06,0,Sin evaluar
2164,2619,F,29,south Moravia,Moravia,Joven (<30),Moravia - Joven (<30),8288.0,4.0,27.6,23158.55,14070.29,49370.73,0,Sin evaluar
2165,2621,M,42,east Bohemia,Bohemia,Adulto (30-50),Bohemia - Adulto (30-50),8541.0,3.0,20.76,1305.39,9192.29,30019.91,0,Sin evaluar
2166,2622,M,25,north Moravia,Moravia,Joven (<30),Moravia - Joven (<30),8678.0,6.0,20.63,13669.8,7466.8,24929.28,0,Sin evaluar
2167,2623,F,33,south Bohemia,Bohemia,Adulto (30-50),Bohemia - Adulto (30-50),8427.0,1.0,64.76,26225.69,16617.67,55541.35,0,Buen Pagador
2169,2625,M,26,south Moravia,Moravia,Joven (<30),Moravia - Joven (<30),8720.0,4.0,17.74,25542.0,17130.78,41695.29,0,Sin evaluar
2170,2626,M,58,Prague,Praga,Adulto Mayor (>50),Praga - Adulto Mayor (>50),12541.0,0.0,55.43,2302.0,43627.58,73274.71,0,Sin evaluar
2172,2628,F,67,Prague,Praga,Adulto Mayor (>50),Praga - Adulto Mayor (>50),12541.0,0.0,15.93,69.05,1111.74,20131.03,0,Sin evaluar
2173,2630,F,61,south Moravia,Moravia,Adulto Mayor (>50),Moravia - Adulto Mayor (>50),9624.0,2.0,19.98,45.05,2914.91,25714.93,0,Sin evaluar
2174,2631,M,28,south Bohemia,Bohemia,Joven (<30),Bohemia - Joven (<30),8968.0,3.0,14.23,15619.54,12029.59,42112.41,0,Sin evaluar
2175,2633,F,31,Prague,Praga,Adulto (30-50),Praga - Adulto (30-50),12541.0,0.0,68.14,36106.63,34905.15,51613.78,1,Sin evaluar
2176,2635,F,32,north Moravia,Moravia,Adulto (30-50),Moravia - Adulto (30-50),8110.0,6.0,66.83,30377.36,21671.0,34860.13,10,Mal Pagador
2177,2636,M,80,west Bohemia,Bohemia,Adulto Mayor (>50),Bohemia - Adulto Mayor (>50),8594.0,2.0,71.85,11.13,1767.29,22117.49,0,Sin evaluar
2178,2637,M,63,south Moravia,Moravia,Adulto Mayor (>50),Moravia - Adulto Mayor (>50),9624.0,2.0,43.56,24577.34,16282.37,51016.09,0,Sin evaluar
2179,2638,M,56,Prague,Praga,Adulto Mayor (>50),Praga - Adulto Mayor (>50),12541.0,0.0,59.53,25398.44,20385.81,57574.39,0,Sin evaluar
2180,2639,F,48,east Bohemia,Bohemia,Adulto (30-50),Bohemia - Adulto (30-50),8390.0,2.0,62.13,722.68,540.8,17960.98,0,Sin evaluar
2182,2642,M,25,west Bohemia,Bohemia,Joven (<30),Bohemia - Joven (<30),8620.0,1.0,17.64,10671.15,4340.14,31797.3,0,Sin evaluar
2183,2643,F,52,south Moravia,Moravia,Adulto Mayor (>50),Moravia - Adulto Mayor (>50),9897.0,2.0,17.48,17581.24,15143.02,35699.6,0,Sin evaluar
2184,2644,F,34,central Bohemia,Bohemia,Adulto (30-50),Bohemia - Adulto (30-50),8546.0,3.0,19.81,27202.22,22299.85,38397.43,0,Sin evaluar
2185,2645,M,78,north Moravia,Moravia,Adulto Mayor (>50),Moravia - Adulto Mayor (>50),8110.0,6.0,47.41,18.98,2918.58,27439.47,0,Sin evaluar
2186,2646,F,61,south Moravia,Moravia,Adulto Mayor (>50),Moravia - Adulto Mayor (>50),8288.0,4.0,65.81,15.2,3003.49,23552.74,0,Sin evaluar
2187,2647,M,58,central Bohemia,Bohemia,Adulto Mayor (>50),Bohemia - Adulto Mayor (>50),8899.0,3.0,34.14,45517.81,40993.73,65723.26,0,Buen Pagador
2189,2650,M,23,north Moravia,Moravia,Joven (<30),Moravia - Joven (<30),8819.0,5.0,68.3,22557.36,16870.57,52291.43,0,Sin evaluar
2190,2652,F,49,north Bohemia,Bohemia,Adulto (30-50),Bohemia - Adulto (30-50),9832.0,3.0,30.88,40766.42,31972.6,55345.24,0,Sin evaluar
2191,2653,M,48,Prague,Praga,Adulto (30-50),Praga - Adulto (30-50),12541.0,0.0,28.75,14557.36,7963.83,22888.35,0,Sin evaluar
2192,2654,F,59,south Moravia,Moravia,Adulto Mayor (>50),Moravia - Adulto Mayor (>50),8444.0,3.0,33.31,23429.84,15922.55,28080.88,0,Sin evaluar
2193,2655,M,35,east Bohemia,Bohemia,Adulto (30-50),Bohemia - Adulto (30-50),8254.0,3.0,25.89,7074.2,3455.39,18725.37,0,Sin evaluar
2194,2656,M,43,south Moravia,Moravia,Adulto (30-50),Moravia - Adulto (30-50),9897.0,2.0,22.14,21299.19,11870.82,38454.68,0,Sin evaluar
2195,2657,M,50,north Moravia,Moravia,Adulto Mayor (>50),Moravia - Adulto Mayor (>50),8746.0,3.0,50.76,18349.03,15644.21,66427.18,0,Sin evaluar
2196,2658,M,65,central Bohemia,Bohemia,Adulto Mayor (>50),Bohemia - Adulto Mayor (>50),9622.0,0.0,17.25,28.99,3118.84,22435.74,0,Sin evaluar
2197,2659,M,57,east Bohemia,Bohemia,Adulto Mayor (>50),Bohemia - Adulto Mayor (>50),8369.0,2.0,17.18,15246.86,5244.47,44421.83,0,Sin evaluar
2199,2661,F,37,Prague,Praga,Adulto (30-50),Praga - Adulto (30-50),12541.0,0.0,64.89,907.69,2179.84,23454.45,0,Sin evaluar
2200,2662,M,20,Prague,Praga,Joven (<30),Praga - Joven (<30),12541.0,0.0,18.17,12456.19,9521.19,36764.73,0,Sin evaluar
2201,2663,M,22,central Bohemia,Bohemia,Joven (<30),Bohemia - Joven (<30),11277.0,1.0,62.85,4.77,1000.48,16886.69,0,Sin evaluar
2203,2666,F,63,east Bohemia,Bohemia,Adulto Mayor (>50),Bohemia - Adulto Mayor (>50),9538.0,2.0,44.91,17.81,4188.82,23409.14,0,Sin evaluar
2204,2667,M,26,central Bohemia,Bohemia,Joven (<30),Bohemia - Joven (<30),8899.0,3.0,17.38,8459.26,3879.17,24048.2,0,Sin evaluar
2205,2669,M,71,east Bohemia,Bohemia,Adulto Mayor (>50),Bohemia - Adulto Mayor (>50),8541.0,3.0,32.59,33.75,2284.44,20059.29,0,Sin evaluar
2206,2670,M,62,east Bohemia,Bohemia,Adulto Mayor (>50),Bohemia - Adulto Mayor (>50),8390.0,2.0,40.71,9043.77,4310.49,36328.24,0,Sin evaluar
2207,2671,F,26,north Bohemia,Bohemia,Joven (<30),Bohemia - Joven (<30),8867.0,1.0,35.19,23996.33,23085.54,41246.06,0,Sin evaluar
2208,2672,F,58,central Bohemia,Bohemia,Adulto Mayor (>50),Bohemia - Adulto Mayor (>50),9920.0,2.0,17.97,61.21,767.95,14206.23,0,Sin evaluar
2209,2673,M,39,south Moravia,Moravia,Adulto (30-50),Moravia - Adulto (30-50),8403.0,6.0,28.52,60791.65,53445.16,63082.53,0,Sin evaluar
2210,2675,M,74,west Bohemia,Bohemia,Adulto Mayor (>50),Bohemia - Adulto Mayor (>50),8930.0,4.0,28.58,7.0,2076.63,35192.04,0,Sin evaluar
2211,2676,M,37,south Moravia,Moravia,Adulto (30-50),Moravia - Adulto (30-50),8814.0,5.0,13.67,21.95,43752.74,57342.2,0,Sin evaluar
2212,2677,M,76,north Bohemia,Bohemia,Adulto Mayor (>50),Bohemia - Adulto Mayor (>50),8705.0,6.0,34.6,23.12,1724.86,22170.11,0,Sin evaluar
2213,2679,M,60,Prague,Praga,Adulto Mayor (>50),Praga - Adulto Mayor (>50),12541.0,0.0,65.68,11432.78,5231.12,27458.17,0,Sin evaluar
2214,2681,F,27,east Bohemia,Bohemia,Joven (<30),Bohemia - Joven (<30),8390.0,2.0,35.12,14814.04,13687.36,35564.8,0,Sin evaluar
2215,2683,F,69,east Bohemia,Bohemia,Adulto Mayor (>50),Bohemia - Adulto Mayor (>50),9060.0,2.0,14.46,69.16,2283.54,24916.04,0,Sin evaluar
2216,2684,F,45,north Moravia,Moravia,Adulto (30-50),Moravia - Adulto (30-50),10673.0,5.0,68.47,39464.35,33948.42,57886.31,0,Sin evaluar
2217,2685,F,29,north Moravia,Moravia,Joven (<30),Moravia - Joven (<30),8746.0,3.0,35.12,1694.19,1019.36,20222.22,0,Sin evaluar
2218,2686,F,47,south Bohemia,Bohemia,Adulto (30-50),Bohemia - Adulto (30-50),8402.0,3.0,49.31,454.27,40999.37,69319.51,0,Sin evaluar
2219,2688,F,31,south Moravia,Moravia,Adulto (30-50),Moravia - Adulto (30-50),8441.0,3.0,69.68,52661.83,50532.06,70234.91,0,Sin evaluar
2220,2689,M,75,south Bohemia,Bohemia,Adulto Mayor (>50),Bohemia - Adulto Mayor (>50),8427.0,1.0,70.64,15.57,3347.82,21992.57,0,Sin evaluar
2221,2690,F,27,south Moravia,Moravia,Joven (<30),Moravia - Joven (<30),8757.0,3.0,13.5,14.81,597.78,14543.71,0,Sin evaluar
2222,2691,M,34,east Bohemia,Bohemia,Adulto (30-50),Bohemia - Adulto (30-50),9538.0,2.0,68.01,27976.86,26695.52,56896.42,0,Sin evaluar
2223,2692,M,73,east Bohemia,Bohemia,Adulto Mayor (>50),Bohemia - Adulto Mayor (>50),8254.0,3.0,35.84,19.53,1482.42,16219.16,0,Sin evaluar
2224,2693,F,22,east Bohemia,Bohemia,Joven (<30),Bohemia - Joven (<30),8369.0,2.0,21.78,312.21,20897.15,48968.71,0,Sin evaluar
2225,2694,F,71,south Bohemia,Bohemia,Adulto Mayor (>50),Bohemia - Adulto Mayor (>50),9045.0,3.0,35.22,28.39,2174.33,17122.63,0,Sin evaluar
2226,2696,M,51,central Bohemia,Bohemia,Adulto Mayor (>50),Bohemia - Adulto Mayor (>50),8507.0,2.0,34.43,21169.21,13376.71,36308.2,0,Sin evaluar
2227,2698,F,28,west Bohemia,Bohemia,Joven (<30),Bohemia - Joven (<30),8930.0,4.0,55.33,49639.33,35732.24,62734.06,0,Buen Pagador
2228,2700,M,53,north Bohemia,Bohemia,Adulto Mayor (>50),Bohemia - Adulto Mayor (>50),9675.0,6.0,57.43,27992.98,21061.14,46685.14,0,Sin evaluar
2229,2701,M,46,Prague,Praga,Adulto (30-50),Praga - Adulto (30-50),12541.0,0.0,23.1,16824.68,7861.47,28692.51,0,Sin evaluar
2230,2702,M,79,central Bohemia,Bohemia,Adulto Mayor (>50),Bohemia - Adulto Mayor (>50),9920.0,2.0,34.63,5.78,2103.67,27005.89,0,Sin evaluar
2231,2703,F,25,central Bohemia,Bohemia,Joven (<30),Bohemia - Joven (<30),8507.0,2.0,14.55,6988.25,3264.6,17569.78,0,Sin evaluar
2232,2704,F,49,Prague,Praga,Adulto (30-50),Praga - Adulto (30-50),12541.0,0.0,31.8,11078.3,5022.01,35510.86,0,Sin evaluar
2233,2705,M,74,east Bohemia,Bohemia,Adulto Mayor (>50),Bohemia - Adulto Mayor (>50),9425.0,2.0,35.91,11.14,3017.54,22669.47,0,Sin evaluar
2234,2706,M,31,central Bohemia,Bohemia,Adulto (30-50),Bohemia - Adulto (30-50),8980.0,2.0,25.3,23.72,263.24,21215.96,0,Sin evaluar
2235,2707,M,29,east Bohemia,Bohemia,Joven (<30),Bohemia - Joven (<30),8390.0,2.0,38.31,10329.0,5781.26,25181.94,0,Sin evaluar
2236,2708,M,40,north Moravia,Moravia,Adulto (30-50),Moravia - Adulto (30-50),8746.0,3.0,40.15,16171.56,7307.72,22738.49,6,Sin evaluar
2237,2709,M,52,west Bohemia,Bohemia,Adulto Mayor (>50),Bohemia - Adulto Mayor (>50),10787.0,3.0,36.6,19616.07,11760.66,47307.22,0,Sin evaluar
2239,2712,M,42,west Bohemia,Bohemia,Adulto (30-50),Bohemia - Adulto (30-50),8554.0,2.0,47.84,16448.16,8158.44,37939.12,0,Sin evaluar
2240,2713,M,36,north Bohemia,Bohemia,Adulto (30-50),Bohemia - Adulto (30-50),9198.0,3.0,26.78,39826.96,37977.07,59286.89,0,Sin evaluar
2241,2714,F,28,central Bohemia,Bohemia,Joven (<30),Bohemia - Joven (<30),8546.0,3.0,70.7,13176.58,5875.53,41584.68,0,Sin evaluar
2242,2715,M,41,central Bohemia,Bohemia,Adulto (30-50),Bohemia - Adulto (30-50),9920.0,2.0,70.14,4.28,40213.26,53503.57,0,Sin evaluar
2243,2716,F,29,west Bohemia,Bohemia,Joven (<30),Bohemia - Joven (<30),8554.0,2.0,35.22,15693.27,11020.44,38174.71,0,Sin evaluar
2244,2717,M,68,east Bohemia,Bohemia,Adulto Mayor (>50),Bohemia - Adulto Mayor (>50),8369.0,2.0,41.43,4.83,4889.21,28719.1,0,Sin evaluar
2245,2719,F,34,west Bohemia,Bohemia,Adulto (30-50),Bohemia - Adulto (30-50),8843.0,3.0,69.06,36050.3,29529.39,65513.88,0,Sin evaluar
2246,2720,F,49,Prague,Praga,Adulto (30-50),Praga - Adulto (30-50),12541.0,0.0,32.2,39020.06,31892.27,46116.73,0,Sin evaluar
2247,2721,F,48,west Bohemia,Bohemia,Adulto (30-50),Bohemia - Adulto (30-50),8991.0,1.0,32.59,25052.65,18811.6,40649.67,0,Sin evaluar
2250,2724,M,23,north Bohemia,Bohemia,Joven (<30),Bohemia - Joven (<30),8867.0,1.0,61.93,23634.07,17770.71,49110.8,0,Sin evaluar
2252,2726,F,25,Prague,Praga,Joven (<30),Praga - Joven (<30),12541.0,0.0,26.84,26.08,693.0,18957.11,0,Sin evaluar
2253,2728,M,76,north Moravia,Moravia,Adulto Mayor (>50),Moravia - Adulto Mayor (>50),10673.0,5.0,65.25,4.6,2989.89,27987.39,0,Sin evaluar
2254,2729,M,32,Prague,Praga,Adulto (30-50),Praga - Adulto (30-50),12541.0,0.0,32.46,43545.01,31346.21,52806.84,0,Sin evaluar
2255,2730,M,51,east Bohemia,Bohemia,Adulto Mayor (>50),Bohemia - Adulto Mayor (>50),8363.0,3.0,38.57,28.52,788.7,16960.44,0,Sin evaluar
2256,2731,M,71,north Bohemia,Bohemia,Adulto Mayor (>50),Bohemia - Adulto Mayor (>50),8965.0,7.0,70.77,9.89,1644.06,18931.01,0,Sin evaluar
2257,2732,F,45,south Moravia,Moravia,Adulto (30-50),Moravia - Adulto (30-50),8720.0,4.0,60.32,8.29,1284.81,19249.69,0,Sin evaluar
2258,2733,F,71,central Bohemia,Bohemia,Adulto Mayor (>50),Bohemia - Adulto Mayor (>50),8980.0,2.0,25.59,23.45,3218.84,33900.52,0,Sin evaluar
2259,2735,M,70,south Moravia,Moravia,Adulto Mayor (>50),Moravia - Adulto Mayor (>50),9624.0,2.0,55.59,10.79,1843.86,17746.09,0,Sin evaluar
2260,2736,F,40,Prague,Praga,Adulto (30-50),Praga - Adulto (30-50),12541.0,0.0,54.8,9736.86,5085.4,7484.84,29,Sin evaluar
2261,2738,M,47,Prague,Praga,Adulto (30-50),Praga - Adulto (30-50),12541.0,0.0,24.11,21429.78,13231.73,29824.59,0,Sin evaluar
2262,2739,M,48,central Bohemia,Bohemia,Adulto (30-50),Bohemia - Adulto (30-50),8598.0,3.0,22.7,58428.85,53133.66,66186.01,0,Sin evaluar
2263,2740,F,31,north Bohemia,Bohemia,Adulto (30-50),Bohemia - Adulto (30-50),9198.0,3.0,33.64,19385.7,10114.74,50867.72,0,Sin evaluar
2264,2741,F,68,north Bohemia,Bohemia,Adulto Mayor (>50),Bohemia - Adulto Mayor (>50),9832.0,3.0,25.26,39.59,1971.5,24320.99,0,Sin evaluar
2265,2742,F,50,south Moravia,Moravia,Adulto Mayor (>50),Moravia - Adulto Mayor (>50),8403.0,6.0,40.94,43379.51,32610.7,50055.39,0,Sin evaluar
2266,2743,F,59,east Bohemia,Bohemia,Adulto Mayor (>50),Bohemia - Adulto Mayor (>50),8187.0,5.0,29.4,18328.03,16092.52,48431.34,0,Sin evaluar
2267,2745,F,59,south Moravia,Moravia,Adulto Mayor (>50),Moravia - Adulto Mayor (>50),9897.0,2.0,51.35,26536.61,23043.49,48506.73,0,Sin evaluar
2268,2746,M,27,Prague,Praga,Joven (<30),Praga - Joven (<30),12541.0,0.0,46.62,25364.65,18455.6,55270.6,0,Sin evaluar
2269,2747,M,62,central Bohemia,Bohemia,Adulto Mayor (>50),Bohemia - Adulto Mayor (>50),8546.0,3.0,61.86,11096.72,6554.48,27695.8,0,Sin evaluar
2270,2749,F,77,south Bohemia,Bohemia,Adulto Mayor (>50),Bohemia - Adulto Mayor (>50),10045.0,1.0,21.78,27.55,1520.66,23902.0,0,Sin evaluar
2271,2751,F,41,north Moravia,Moravia,Adulto (30-50),Moravia - Adulto (30-50),9893.0,4.0,61.57,9.75,816.14,19156.68,0,Sin evaluar
2272,2752,M,27,east Bohemia,Bohemia,Joven (<30),Bohemia - Joven (<30),9060.0,2.0,14.75,7307.8,3614.92,21770.03,0,Sin evaluar
2274,2754,F,20,south Moravia,Moravia,Joven (<30),Moravia - Joven (<30),8512.0,4.0,35.32,5806.31,4561.16,34034.85,0,Sin evaluar
2275,2755,F,28,Prague,Praga,Joven (<30),Praga - Joven (<30),12541.0,0.0,27.47,14336.73,7327.99,23819.97,0,Sin evaluar
2276,2756,F,79,west Bohemia,Bohemia,Adulto Mayor (>50),Bohemia - Adulto Mayor (>50),8930.0,4.0,62.29,6.42,2573.77,33392.23,0,Sin evaluar
2278,2758,M,52,Prague,Praga,Adulto Mayor (>50),Praga - Adulto Mayor (>50),12541.0,0.0,28.91,16023.94,7139.4,34642.34,0,Sin evaluar
2279,2759,M,24,central Bohemia,Bohemia,Joven (<30),Bohemia - Joven (<30),8507.0,2.0,26.02,203.69,37937.78,56690.41,0,Sin evaluar
2280,2760,F,23,north Moravia,Moravia,Joven (<30),Moravia - Joven (<30),9893.0,4.0,40.48,19201.78,11837.94,39021.66,0,Sin evaluar
2281,2761,F,21,Prague,Praga,Joven (<30),Praga - Joven (<30),12541.0,0.0,41.63,15604.13,9920.73,30893.24,0,Sin evaluar
2282,2762,F,45,west Bohemia,Bohemia,Adulto (30-50),Bohemia - Adulto (30-50),8843.0,3.0,63.44,1101.83,44468.16,75360.71,0,Sin evaluar
2285,2765,F,17,north Bohemia,Bohemia,Joven (<30),Bohemia - Joven (<30),9198.0,3.0,25.3,8325.22,6462.45,34520.06,0,Sin evaluar
2286,2766,M,39,north Moravia,Moravia,Adulto (30-50),Moravia - Adulto (30-50),10177.0,7.0,24.8,149.19,8196.29,23173.22,0,Sin evaluar
2287,2768,M,34,Prague,Praga,Adulto (30-50),Praga - Adulto (30-50),12541.0,0.0,32.33,25476.28,18601.92,58616.27,0,Sin evaluar
2288,2769,M,61,north Moravia,Moravia,Adulto Mayor (>50),Moravia - Adulto Mayor (>50),8173.0,5.83,35.98,23017.51,16364.65,63542.76,0,Sin evaluar
2289,2770,M,44,Prague,Praga,Adulto (30-50),Praga - Adulto (30-50),12541.0,0.0,33.81,17053.21,11470.57,31121.81,0,Sin evaluar
2290,2771,M,78,north Bohemia,Bohemia,Adulto Mayor (>50),Bohemia - Adulto Mayor (>50),9065.0,4.0,26.28,15.22,2622.53,19224.67,0,Sin evaluar
2291,2773,F,79,east Bohemia,Bohemia,Adulto Mayor (>50),Bohemia - Adulto Mayor (>50),8208.0,2.0,29.14,24.02,2900.14,17296.02,0,Sin evaluar
2292,2775,F,20,north Bohemia,Bohemia,Joven (<30),Bohemia - Joven (<30),9832.0,3.0,42.09,1237.82,2084.58,24313.57,0,Sin evaluar
2293,2776,F,64,west Bohemia,Bohemia,Adulto Mayor (>50),Bohemia - Adulto Mayor (>50),8930.0,4.0,70.54,9.92,4027.36,25930.64,0,Sin evaluar
2294,2777,F,28,east Bohemia,Bohemia,Joven (<30),Bohemia - Joven (<30),8369.0,2.0,27.04,15362.87,10748.52,24709.92,0,Sin evaluar
2295,2778,M,34,south Moravia,Moravia,Adulto (30-50),Moravia - Adulto (30-50),8720.0,4.0,30.19,39255.02,36551.18,54602.9,0,Sin evaluar
2296,2779,M,50,west Bohemia,Bohemia,Adulto Mayor (>50),Bohemia - Adulto Mayor (>50),8843.0,3.0,13.83,24741.5,19291.4,37276.17,0,Sin evaluar
2297,2781,F,38,east Bohemia,Bohemia,Adulto (30-50),Bohemia - Adulto (30-50),8369.0,2.0,42.45,5318.47,2274.2,18341.03,0,Sin evaluar
2298,2782,M,58,west Bohemia,Bohemia,Adulto Mayor (>50),Bohemia - Adulto Mayor (>50),8930.0,4.0,65.94,23640.31,18500.15,46840.72,0,Sin evaluar
2299,2783,M,58,Prague,Praga,Adulto Mayor (>50),Praga - Adulto Mayor (>50),12541.0,0.0,23.29,9089.74,8316.87,15881.14,0,Sin evaluar
2300,2784,F,40,north Bohemia,Bohemia,Adulto (30-50),Bohemia - Adulto (30-50),9198.0,3.0,23.56,1010.19,589.98,15653.33,0,Sin evaluar
2301,2785,M,36,west Bohemia,Bohemia,Adulto (30-50),Bohemia - Adulto (30-50),8620.0,1.0,38.7,22030.57,13047.03,49614.34,0,Sin evaluar
2302,2786,M,47,west Bohemia,Bohemia,Adulto (30-50),Bohemia - Adulto (30-50),8991.0,1.0,63.67,13744.73,9896.34,34253.52,0,Sin evaluar
2303,2787,F,22,north Bohemia,Bohemia,Joven (<30),Bohemia - Joven (<30),9832.0,3.0,25.2,21636.9,13677.78,35694.29,0,Sin evaluar
2304,2788,F,47,east Bohemia,Bohemia,Adulto (30-50),Bohemia - Adulto (30-50),8208.0,2.0,34.37,23266.22,22665.14,40727.11,0,Sin evaluar
2305,2789,F,47,Prague,Praga,Adulto (30-50),Praga - Adulto (30-50),12541.0,0.0,60.65,582.03,2907.34,10074.07,22,Sin evaluar
2306,2790,M,23,south Bohemia,Bohemia,Joven (<30),Bohemia - Joven (<30),8427.0,1.0,60.75,14279.67,9186.83,32824.58,0,Sin evaluar
2307,2791,M,77,south Moravia,Moravia,Adulto Mayor (>50),Moravia - Adulto Mayor (>50),8441.0,3.0,41.66,14.4,1681.71,17853.29,0,Sin evaluar
2309,2794,M,33,south Bohemia,Bohemia,Adulto (30-50),Bohemia - Adulto (30-50),8968.0,3.0,36.93,18448.52,9965.88,30166.62,0,Sin evaluar
2310,2796,M,24,south Bohemia,Bohemia,Joven (<30),Bohemia - Joven (<30),9045.0,3.0,41.43,9552.59,3481.54,38240.99,0,Sin evaluar
2311,2797,M,48,west Bohemia,Bohemia,Adulto (30-50),Bohemia - Adulto (30-50),8594.0,2.0,14.39,21893.47,15135.51,39575.74,0,Sin evaluar
2312,2798,M,67,south Moravia,Moravia,Adulto Mayor (>50),Moravia - Adulto Mayor (>50),8403.0,6.0,15.15,72.61,2262.71,16058.32,0,Sin evaluar
2313,2799,F,37,central Bohemia,Bohemia,Adulto (30-50),Bohemia - Adulto (30-50),9753.0,5.0,68.6,1638.48,7384.99,31872.54,0,Sin evaluar
2314,2800,M,49,central Bohemia,Bohemia,Adulto (30-50),Bohemia - Adulto (30-50),8507.0,2.0,27.76,13652.49,12100.14,35552.46,0,Sin evaluar
2315,2801,M,79,north Moravia,Moravia,Adulto Mayor (>50),Moravia - Adulto Mayor (>50),8819.0,5.0,58.55,15.37,2324.85,34090.32,0,Sin evaluar
2316,2802,F,32,Prague,Praga,Adulto (30-50),Praga - Adulto (30-50),12541.0,0.0,17.35,1636.89,1668.59,25113.04,0,Sin evaluar
2317,2803,M,67,north Moravia,Moravia,Adulto Mayor (>50),Moravia - Adulto Mayor (>50),9893.0,4.0,16.1,18.63,1956.52,19236.38,0,Sin evaluar
2318,2805,M,34,north Moravia,Moravia,Adulto (30-50),Moravia - Adulto (30-50),8746.0,3.0,61.73,25124.49,16324.32,52188.22,0,Sin evaluar
2319,2806,F,43,south Moravia,Moravia,Adulto (30-50),Moravia - Adulto (30-50),8757.0,3.0,29.96,29698.56,21637.75,42479.18,0,Sin evaluar
2321,2808,F,24,central Bohemia,Bohemia,Joven (<30),Bohemia - Joven (<30),11277.0,1.0,67.61,43945.36,43013.62,66638.87,0,Sin evaluar
2322,2809,M,19,north Bohemia,Bohemia,Joven (<30),Bohemia - Joven (<30),8705.0,6.0,47.93,32691.93,25287.92,45505.04,0,Buen Pagador
2323,2810,M,27,north Moravia,Moravia,Joven (<30),Moravia - Joven (<30),8994.0,4.0,43.79,24594.11,17323.59,54449.9,0,Sin evaluar
2324,2811,F,52,Prague,Praga,Adulto Mayor (>50),Praga - Adulto Mayor (>50),12541.0,0.0,19.25,15501.92,10966.23,23817.34,0,Sin evaluar
2325,2812,F,28,south Moravia,Moravia,Joven (<30),Moravia - Joven (<30),8743.0,2.0,22.11,18708.19,12601.54,30929.93,0,Sin evaluar
2326,2813,M,57,north Moravia,Moravia,Adulto Mayor (>50),Moravia - Adulto Mayor (>50),10177.0,7.0,59.2,19498.21,15703.38,41201.63,0,Sin evaluar
2327,2814,F,25,south Bohemia,Bohemia,Joven (<30),Bohemia - Joven (<30),8402.0,3.0,66.76,530.26,4792.21,26055.84,0,Sin evaluar
2328,2815,M,68,north Bohemia,Bohemia,Adulto Mayor (>50),Bohemia - Adulto Mayor (>50),8867.0,1.0,42.58,23.49,2750.82,50578.84,0,Sin evaluar
2329,2817,F,21,Prague,Praga,Joven (<30),Praga - Joven (<30),12541.0,0.0,28.78,7290.93,2456.57,22594.66,0,Sin evaluar
2330,2818,M,35,south Moravia,Moravia,Adulto (30-50),Moravia - Adulto (30-50),9897.0,2.0,71.36,2.8,1001.4,19424.75,0,Sin evaluar
2331,2819,M,18,central Bohemia,Bohemia,Joven (<30),Bohemia - Joven (<30),11277.0,1.0,44.09,6.8,967.79,17501.72,0,Sin evaluar
2332,2820,M,32,north Moravia,Moravia,Adulto (30-50),Moravia - Adulto (30-50),8909.0,4.0,27.2,10598.93,4911.76,50125.31,0,Sin evaluar
2333,2821,F,18,east Bohemia,Bohemia,Joven (<30),Bohemia - Joven (<30),8390.0,2.0,50.76,8313.95,7954.1,34581.67,0,Sin evaluar
2334,2822,M,40,east Bohemia,Bohemia,Adulto (30-50),Bohemia - Adulto (30-50),8187.0,5.0,33.41,4959.59,6398.47,32698.94,0,Sin evaluar
2335,2823,F,52,north Moravia,Moravia,Adulto Mayor (>50),Moravia - Adulto Mayor (>50),10177.0,7.0,32.89,15591.73,8395.26,6690.55,38,Sin evaluar
2336,2824,M,57,north Bohemia,Bohemia,Adulto Mayor (>50),Bohemia - Adulto Mayor (>50),10446.0,7.0,65.77,6765.41,3417.97,20125.14,0,Sin evaluar
2337,2825,M,40,south Moravia,Moravia,Adulto (30-50),Moravia - Adulto (30-50),8403.0,6.0,17.81,22615.22,16851.21,49768.48,0,Sin evaluar
2338,2826,M,63,south Moravia,Moravia,Adulto Mayor (>50),Moravia - Adulto Mayor (>50),8444.0,3.0,16.76,37087.77,34072.26,68279.21,0,Sin evaluar
2339,2827,M,75,south Moravia,Moravia,Adulto Mayor (>50),Moravia - Adulto Mayor (>50),8288.0,4.0,27.27,18.34,1905.39,17793.85,0,Sin evaluar
2340,2828,F,49,south Bohemia,Bohemia,Adulto (30-50),Bohemia - Adulto (30-50),10045.0,1.0,18.3,9771.48,7508.2,31744.9,0,Sin evaluar
2341,2829,F,59,north Bohemia,Bohemia,Adulto Mayor (>50),Bohemia - Adulto Mayor (>50),8705.0,6.0,37.19,5.38,796.18,15712.79,0,Sin evaluar
2342,2830,M,24,east Bohemia,Bohemia,Joven (<30),Bohemia - Joven (<30),8541.0,3.0,70.6,5.67,867.85,22259.57,0,Sin evaluar
2343,2831,F,18,north Moravia,Moravia,Joven (<30),Moravia - Joven (<30),9893.0,4.0,48.72,13246.88,6167.9,39104.21,0,Buen Pagador
2344,2832,M,71,central Bohemia,Bohemia,Adulto Mayor (>50),Bohemia - Adulto Mayor (>50),8598.0,3.0,29.96,36.72,1490.65,18971.35,0,Sin evaluar
2345,2834,M,49,east Bohemia,Bohemia,Adulto (30-50),Bohemia - Adulto (30-50),8363.0,3.0,62.19,30.55,15327.06,32837.63,0,Sin evaluar
2346,2835,M,32,west Bohemia,Bohemia,Adulto (30-50),Bohemia - Adulto (30-50),8561.0,1.0,31.77,16715.93,9069.81,23892.98,11,Sin evaluar
2347,2836,F,79,north Bohemia,Bohemia,Adulto Mayor (>50),Bohemia - Adulto Mayor (>50),8965.0,7.0,28.02,21.41,3174.16,23392.07,0,Sin evaluar
2348,2838,M,33,south Moravia,Moravia,Adulto (30-50),Moravia - Adulto (30-50),8403.0,6.0,34.83,16188.2,9991.96,24379.74,0,Sin evaluar
2349,2839,F,70,north Moravia,Moravia,Adulto Mayor (>50),Moravia - Adulto Mayor (>50),8994.0,4.0,27.63,18.1,3981.18,17505.07,0,Sin evaluar
2350,2841,F,25,south Bohemia,Bohemia,Joven (<30),Bohemia - Joven (<30),8968.0,3.0,28.88,39059.9,30050.97,51807.78,0,Sin evaluar
2351,2842,M,40,north Moravia,Moravia,Adulto (30-50),Moravia - Adulto (30-50),10673.0,5.0,15.74,21910.36,11772.55,51938.01,0,Sin evaluar
2352,2843,F,32,north Moravia,Moravia,Adulto (30-50),Moravia - Adulto (30-50),10177.0,7.0,47.31,21998.56,15174.8,53113.82,0,Sin evaluar
2353,2844,M,36,east Bohemia,Bohemia,Adulto (30-50),Bohemia - Adulto (30-50),8541.0,3.0,39.33,17101.09,6737.86,49855.72,0,Sin evaluar
2354,2845,M,46,central Bohemia,Bohemia,Adulto (30-50),Bohemia - Adulto (30-50),9920.0,2.0,21.49,20107.03,10623.55,48289.98,0,Sin evaluar
2355,2846,F,29,Prague,Praga,Joven (<30),Praga - Joven (<30),12541.0,0.0,47.9,12.53,44341.82,55720.84,0,Sin evaluar
2356,2847,F,56,north Bohemia,Bohemia,Adulto Mayor (>50),Bohemia - Adulto Mayor (>50),9675.0,6.0,24.25,17819.42,16857.2,43697.92,0,Sin evaluar
2357,2849,M,70,south Bohemia,Bohemia,Adulto Mayor (>50),Bohemia - Adulto Mayor (>50),8402.0,3.0,71.85,11.13,2402.78,23697.61,0,Sin evaluar
2358,2850,M,28,central Bohemia,Bohemia,Joven (<30),Bohemia - Joven (<30),9920.0,2.0,39.59,10350.72,4489.01,27932.43,0,Sin evaluar
2359,2851,M,59,south Moravia,Moravia,Adulto Mayor (>50),Moravia - Adulto Mayor (>50),9897.0,2.0,29.57,6600.81,3520.46,21270.13,0,Sin evaluar
2360,2852,F,56,west Bohemia,Bohemia,Adulto Mayor (>50),Bohemia - Adulto Mayor (>50),10787.0,3.0,28.12,21966.82,13472.97,44269.05,0,Sin evaluar
2361,2853,F,42,west Bohemia,Bohemia,Adulto (30-50),Bohemia - Adulto (30-50),8594.0,2.0,58.15,10305.42,3216.51,19727.6,0,Buen Pagador
2362,2854,M,49,south Bohemia,Bohemia,Adulto (30-50),Bohemia - Adulto (30-50),8427.0,1.0,24.02,29.14,613.66,19272.43,0,Sin evaluar
2363,2856,M,75,east Bohemia,Bohemia,Adulto Mayor (>50),Bohemia - Adulto Mayor (>50),9538.0,2.0,50.79,13.78,4483.76,27300.52,0,Sin evaluar
2364,2857,M,71,north Bohemia,Bohemia,Adulto Mayor (>50),Bohemia - Adulto Mayor (>50),8705.0,6.0,43.96,25.02,3721.57,22100.39,0,Sin evaluar
2365,2858,F,72,east Bohemia,Bohemia,Adulto Mayor (>50),Bohemia - Adulto Mayor (>50),8388.0,2.0,49.87,10.03,1773.21,23266.72,0,Sin evaluar
2366,2859,F,70,north Moravia,Moravia,Adulto Mayor (>50),Moravia - Adulto Mayor (>50),9893.0,4.0,19.38,36.12,3235.81,17609.96,0,Sin evaluar
2367,2860,M,40,west Bohemia,Bohemia,Adulto (30-50),Bohemia - Adulto (30-50),8594.0,2.0,45.93,21595.91,12146.75,40768.13,0,Sin evaluar
2369,2862,F,34,east Bohemia,Bohemia,Adulto (30-50),Bohemia - Adulto (30-50),8208.0,2.0,17.41,17375.19,7734.64,43354.47,0,Sin evaluar
2370,2864,F,46,east Bohemia,Bohemia,Adulto (30-50),Bohemia - Adulto (30-50),8541.0,3.0,14.98,19621.09,7583.44,43587.97,0,Sin evaluar
2371,2865,M,50,south Bohemia,Bohemia,Adulto Mayor (>50),Bohemia - Adulto Mayor (>50),9045.0,3.0,14.26,17497.34,12312.97,48268.45,0,Sin evaluar
2372,2867,F,38,Prague,Praga,Adulto (30-50),Praga - Adulto (30-50),12541.0,0.0,18.53,1057.74,2109.01,17867.04,0,Sin evaluar
2373,2868,M,65,south Bohemia,Bohemia,Adulto Mayor (>50),Bohemia - Adulto Mayor (>50),10045.0,1.0,27.04,40.68,2342.46,13645.6,0,Sin evaluar
2374,2869,M,23,Prague,Praga,Joven (<30),Praga - Joven (<30),12541.0,0.0,36.8,5.43,702.99,19632.25,0,Sin evaluar
2375,2870,M,39,west Bohemia,Bohemia,Adulto (30-50),Bohemia - Adulto (30-50),8843.0,3.0,55.52,25396.97,17337.9,54939.79,0,Sin evaluar
2376,2871,F,31,north Moravia,Moravia,Adulto (30-50),Moravia - Adulto (30-50),8678.0,6.0,24.54,24007.33,18300.73,37042.42,0,Sin evaluar
2377,2872,F,65,north Moravia,Moravia,Adulto Mayor (>50),Moravia - Adulto Mayor (>50),8909.0,4.0,49.58,6.05,2213.39,18827.32,0,Sin evaluar
2378,2873,F,23,south Bohemia,Bohemia,Joven (<30),Bohemia - Joven (<30),8427.0,1.0,71.95,37394.25,26794.11,54666.1,0,Sin evaluar
2379,2874,M,26,north Bohemia,Bohemia,Joven (<30),Bohemia - Joven (<30),9675.0,6.0,71.66,5950.93,2487.58,21080.91,0,Sin evaluar
2380,2875,M,62,east Bohemia,Bohemia,Adulto Mayor (>50),Bohemia - Adulto Mayor (>50),8369.0,2.0,22.08,8985.6,4089.67,32245.51,0,Sin evaluar
2381,2876,M,21,Prague,Praga,Joven (<30),Praga - Joven (<30),12541.0,0.0,22.54,19155.81,9547.47,42011.31,0,Sin evaluar
2382,2877,M,66,south Moravia,Moravia,Adulto Mayor (>50),Moravia - Adulto Mayor (>50),8444.0,3.0,57.79,17.3,2986.68,22576.75,0,Sin evaluar
2383,2878,M,51,north Moravia,Moravia,Adulto Mayor (>50),Moravia - Adulto Mayor (>50),9893.0,4.0,28.85,13482.46,7578.51,39863.81,0,Sin evaluar
2384,2879,M,21,north Bohemia,Bohemia,Joven (<30),Bohemia - Joven (<30),9317.0,6.0,48.26,10.36,50437.3,58293.7,0,Sin evaluar
2385,2880,M,46,south Moravia,Moravia,Adulto (30-50),Moravia - Adulto (30-50),8441.0,3.0,25.49,20599.06,17928.6,52632.86,0,Sin evaluar
2386,2881,F,31,central Bohemia,Bohemia,Adulto (30-50),Bohemia - Adulto (30-50),8754.0,4.0,24.44,19146.64,12884.62,56813.68,0,Sin evaluar
2387,2882,M,67,north Moravia,Moravia,Adulto Mayor (>50),Moravia - Adulto Mayor (>50),10177.0,7.0,30.29,26.41,1522.94,15464.25,0,Sin evaluar
2388,2883,M,45,west Bohemia,Bohemia,Adulto (30-50),Bohemia - Adulto (30-50),9650.0,3.0,66.73,4.5,889.55,24389.3,0,Sin evaluar
2389,2884,F,40,north Bohemia,Bohemia,Adulto (30-50),Bohemia - Adulto (30-50),9317.0,6.0,30.95,23646.66,18953.15,48062.11,0,Sin evaluar
2390,2885,F,33,Prague,Praga,Adulto (30-50),Praga - Adulto (30-50),12541.0,0.0,34.6,38676.79,27904.94,48466.0,0,Sin evaluar
2391,2887,F,37,central Bohemia,Bohemia,Adulto (30-50),Bohemia - Adulto (30-50),8507.0,2.0,13.77,10235.73,4161.22,32978.7,0,Sin evaluar
2392,2888,F,20,Prague,Praga,Joven (<30),Praga - Joven (<30),12541.0,0.0,19.45,7771.62,5773.78,27046.47,0,Sin evaluar
2393,2889,M,55,west Bohemia,Bohemia,Adulto Mayor (>50),Bohemia - Adulto Mayor (>50),8554.0,2.0,71.75,12057.03,7498.54,30810.35,0,Sin evaluar
2394,2890,M,47,south Moravia,Moravia,Adulto (30-50),Moravia - Adulto (30-50),8544.0,1.0,16.26,16027.12,11720.17,34843.68,0,Sin evaluar
2395,2892,F,57,central Bohemia,Bohemia,Adulto Mayor (>50),Bohemia - Adulto Mayor (>50),8980.0,2.0,30.23,9069.14,4751.57,34366.21,0,Sin evaluar
2396,2893,F,71,central Bohemia,Bohemia,Adulto Mayor (>50),Bohemia - Adulto Mayor (>50),8507.0,2.0,70.24,7.12,1544.28,22916.05,0,Sin evaluar
2397,2894,F,50,north Moravia,Moravia,Adulto Mayor (>50),Moravia - Adulto Mayor (>50),10177.0,7.0,30.55,6672.83,2988.54,23376.06,0,Sin evaluar
2398,2895,F,21,north Moravia,Moravia,Joven (<30),Moravia - Joven (<30),10177.0,7.0,25.17,6650.22,4918.55,36037.37,0,Sin evaluar
2399,2896,F,23,Prague,Praga,Joven (<30),Praga - Joven (<30),12541.0,0.0,56.18,7163.96,6613.56,33067.43,0,Sin evaluar
2400,2897,M,73,north Bohemia,Bohemia,Adulto Mayor (>50),Bohemia - Adulto Mayor (>50),9317.0,6.0,30.52,16.38,1652.03,28527.04,0,Sin evaluar
2401,2899,M,80,south Bohemia,Bohemia,Adulto Mayor (>50),Bohemia - Adulto Mayor (>50),8427.0,1.0,52.17,21.08,3596.51,34313.33,0,Sin evaluar
2402,2900,M,75,south Bohemia,Bohemia,Adulto Mayor (>50),Bohemia - Adulto Mayor (>50),8968.0,3.0,13.8,72.46,2322.46,32643.74,0,Sin evaluar
2403,2901,F,59,west Bohemia,Bohemia,Adulto Mayor (>50),Bohemia - Adulto Mayor (>50),8554.0,2.0,34.33,6377.4,3242.06,25153.73,0,Sin evaluar
2404,2902,F,39,central Bohemia,Bohemia,Adulto (30-50),Bohemia - Adulto (30-50),11277.0,1.0,18.86,14359.17,9606.57,24829.77,0,Sin evaluar
2405,2904,F,52,south Moravia,Moravia,Adulto Mayor (>50),Moravia - Adulto Mayor (>50),9624.0,2.0,22.08,14624.18,8419.38,31340.78,0,Sin evaluar
2406,2906,M,64,central Bohemia,Bohemia,Adulto Mayor (>50),Bohemia - Adulto Mayor (>50),9307.0,4.0,33.31,12.01,1160.01,19678.77,0,Sin evaluar
2407,2908,M,27,Prague,Praga,Joven (<30),Praga - Joven (<30),12541.0,0.0,29.34,12073.86,5201.09,23614.01,0,Sin evaluar
2408,2909,M,62,west Bohemia,Bohemia,Adulto Mayor (>50),Bohemia - Adulto Mayor (>50),10787.0,3.0,24.11,17290.92,13028.62,47389.55,0,Sin evaluar
2409,2910,M,62,north Moravia,Moravia,Adulto Mayor (>50),Moravia - Adulto Mayor (>50),8369.0,5.0,34.56,11655.44,5345.49,44878.78,0,Sin evaluar
2410,2911,M,66,east Bohemia,Bohemia,Adulto Mayor (>50),Bohemia - Adulto Mayor (>50),8390.0,2.0,67.68,8.87,1869.09,43890.09,0,Sin evaluar
2411,2913,M,36,east Bohemia,Bohemia,Adulto (30-50),Bohemia - Adulto (30-50),8254.0,3.0,66.14,24035.23,23588.15,51299.4,0,Sin evaluar
2413,2915,F,44,north Bohemia,Bohemia,Adulto (30-50),Bohemia - Adulto (30-50),8705.0,6.0,14.13,17832.77,9949.04,31700.33,0,Sin evaluar
2414,2916,M,26,Prague,Praga,Joven (<30),Praga - Joven (<30),12541.0,0.0,47.38,8.44,842.13,14911.49,0,Sin evaluar
2415,2917,M,58,south Bohemia,Bohemia,Adulto Mayor (>50),Bohemia - Adulto Mayor (>50),8427.0,1.0,22.08,16973.73,9490.94,29882.15,0,Sin evaluar
2416,2918,M,31,central Bohemia,Bohemia,Adulto (30-50),Bohemia - Adulto (30-50),9307.0,4.0,35.25,18510.89,10121.99,29570.18,0,Sin evaluar
2417,2920,F,36,east Bohemia,Bohemia,Adulto (30-50),Bohemia - Adulto (30-50),8254.0,3.0,64.36,5534.62,2344.62,19699.39,0,Sin evaluar
2418,2921,F,22,south Moravia,Moravia,Joven (<30),Moravia - Joven (<30),9624.0,2.0,26.05,55813.82,52696.93,59354.62,0,Sin evaluar
2419,2922,M,58,east Bohemia,Bohemia,Adulto Mayor (>50),Bohemia - Adulto Mayor (>50),9425.0,2.0,61.11,49698.02,47075.54,66390.0,0,Buen Pagador
2420,2923,F,21,north Bohemia,Bohemia,Joven (<30),Bohemia - Joven (<30),8867.0,1.0,30.19,463.73,1507.45,16045.05,0,Sin evaluar
2421,2924,F,57,south Bohemia,Bohemia,Adulto Mayor (>50),Bohemia - Adulto Mayor (>50),8968.0,3.0,47.64,18.89,583.12,34251.61,0,Sin evaluar
2422,2926,M,64,west Bohemia,Bohemia,Adulto Mayor (>50),Bohemia - Adulto Mayor (>50),8561.0,1.0,16.07,12.45,2008.71,26024.59,0,Sin evaluar
2423,2928,M,66,north Bohemia,Bohemia,Adulto Mayor (>50),Bohemia - Adulto Mayor (>50),8965.0,7.0,70.51,5.67,2784.14,18449.11,0,Sin evaluar
2424,2929,M,40,Prague,Praga,Adulto (30-50),Praga - Adulto (30-50),12541.0,0.0,38.6,58745.54,45642.49,67690.57,0,Sin evaluar
2425,2930,M,57,north Bohemia,Bohemia,Adulto Mayor (>50),Bohemia - Adulto Mayor (>50),9832.0,3.0,71.23,10310.14,4589.36,27543.37,0,Sin evaluar
2427,2932,F,58,Prague,Praga,Adulto Mayor (>50),Praga - Adulto Mayor (>50),12541.0,0.0,62.75,16439.82,8392.48,33329.34,0,Sin evaluar
2428,2933,M,56,north Moravia,Moravia,Adulto Mayor (>50),Moravia - Adulto Mayor (>50),8994.0,4.0,63.74,17195.48,16647.63,40058.12,0,Sin evaluar
2429,2935,F,54,south Moravia,Moravia,Adulto Mayor (>50),Moravia - Adulto Mayor (>50),8814.0,5.0,70.77,16208.7,8985.16,50318.84,0,Sin evaluar
2430,2936,F,53,central Bohemia,Bohemia,Adulto Mayor (>50),Bohemia - Adulto Mayor (>50),8980.0,2.0,50.73,10387.23,9294.7,36869.5,0,Sin evaluar
2431,2937,M,49,north Moravia,Moravia,Adulto (30-50),Moravia - Adulto (30-50),10673.0,5.0,46.23,8562.71,4047.16,32979.33,0,Sin evaluar
2432,2938,F,77,central Bohemia,Bohemia,Adulto Mayor (>50),Bohemia - Adulto Mayor (>50),11277.0,1.0,32.43,33.92,2541.47,26483.68,0,Sin evaluar
2433,2939,M,80,central Bohemia,Bohemia,Adulto Mayor (>50),Bohemia - Adulto Mayor (>50),11277.0,1.0,70.34,7.11,2421.95,30058.63,0,Sin evaluar
2434,2940,M,33,Prague,Praga,Adulto (30-50),Praga - Adulto (30-50),12541.0,0.0,70.9,5677.02,2693.94,18534.35,0,Sin evaluar
2435,2941,M,47,north Bohemia,Bohemia,Adulto (30-50),Bohemia - Adulto (30-50),8965.0,7.0,61.96,38193.29,30223.24,50464.14,0,Sin evaluar
2436,2942,F,32,north Moravia,Moravia,Adulto (30-50),Moravia - Adulto (30-50),8110.0,6.0,67.22,9869.38,8905.68,50148.69,0,Sin evaluar
2437,2943,F,18,Prague,Praga,Joven (<30),Praga - Joven (<30),12541.0,0.0,36.9,13.55,868.02,16017.74,0,Sin evaluar
2438,2944,F,55,north Moravia,Moravia,Adulto Mayor (>50),Moravia - Adulto Mayor (>50),8678.0,6.0,13.47,10865.03,5389.76,16970.31,0,Sin evaluar
2439,2945,M,77,north Moravia,Moravia,Adulto Mayor (>50),Moravia - Adulto Mayor (>50),10673.0,5.0,28.58,17.49,3994.75,21616.52,0,Sin evaluar
2440,2947,F,41,south Bohemia,Bohemia,Adulto (30-50),Bohemia - Adulto (30-50),8402.0,3.0,12.42,24881.64,15652.17,36016.63,0,Sin evaluar
2441,2948,M,20,east Bohemia,Bohemia,Joven (<30),Bohemia - Joven (<30),9538.0,2.0,24.28,19579.9,13158.98,43239.12,0,Sin evaluar
2442,2949,M,55,south Bohemia,Bohemia,Adulto Mayor (>50),Bohemia - Adulto Mayor (>50),10045.0,1.0,16.33,36.74,691.98,15455.71,0,Sin evaluar
2443,2950,M,54,east Bohemia,Bohemia,Adulto Mayor (>50),Bohemia - Adulto Mayor (>50),8369.0,2.0,18.2,26161.37,19082.42,34372.43,0,Sin evaluar
2444,2951,F,48,north Moravia,Moravia,Adulto (30-50),Moravia - Adulto (30-50),8369.0,5.0,15.77,76.09,26496.64,68873.33,0,Sin evaluar
2445,2952,F,20,east Bohemia,Bohemia,Joven (<30),Bohemia - Joven (<30),8363.0,3.0,29.8,44488.69,40319.16,55419.49,0,Sin evaluar
2446,2953,M,62,central Bohemia,Bohemia,Adulto Mayor (>50),Bohemia - Adulto Mayor (>50),8980.0,2.0,47.47,13237.29,6423.85,37727.88,0,Sin evaluar
2447,2954,F,39,north Bohemia,Bohemia,Adulto (30-50),Bohemia - Adulto (30-50),8965.0,7.0,17.58,13708.36,6059.16,34087.24,0,Sin evaluar
2448,2956,M,59,west Bohemia,Bohemia,Adulto Mayor (>50),Bohemia - Adulto Mayor (>50),8624.0,2.0,19.68,50.81,898.88,15418.04,0,Sin evaluar
2449,2957,M,20,west Bohemia,Bohemia,Joven (<30),Bohemia - Joven (<30),8624.0,2.0,16.85,6297.09,3091.99,40850.0,0,Sin evaluar
2450,2958,M,23,east Bohemia,Bohemia,Joven (<30),Bohemia - Joven (<30),9060.0,2.0,32.69,27336.07,16286.33,65441.03,0,Sin evaluar
2451,2959,M,41,south Moravia,Moravia,Adulto (30-50),Moravia - Adulto (30-50),9897.0,2.0,20.07,17338.12,9892.38,29797.46,0,Sin evaluar
2452,2960,M,70,Prague,Praga,Adulto Mayor (>50),Praga - Adulto Mayor (>50),12541.0,0.0,17.58,34.13,1770.76,20803.46,0,Sin evaluar
2453,2962,M,60,Prague,Praga,Adulto Mayor (>50),Praga - Adulto Mayor (>50),12541.0,0.0,69.78,5.73,922.61,22333.79,0,Sin evaluar
2454,2964,M,20,central Bohemia,Bohemia,Joven (<30),Bohemia - Joven (<30),11277.0,1.0,55.82,9176.85,8654.6,33441.49,0,Sin evaluar
2455,2965,F,80,west Bohemia,Bohemia,Adulto Mayor (>50),Bohemia - Adulto Mayor (>50),9650.0,3.0,22.77,8.78,2449.28,27375.73,0,Sin evaluar
2456,2966,M,43,south Moravia,Moravia,Adulto (30-50),Moravia - Adulto (30-50),8403.0,6.0,39.72,1908.36,16703.5,40951.71,0,Sin evaluar
2457,2967,F,37,south Moravia,Moravia,Adulto (30-50),Moravia - Adulto (30-50),8240.0,3.0,61.63,6631.64,2842.77,22240.5,0,Sin evaluar
2458,2968,M,36,north Bohemia,Bohemia,Adulto (30-50),Bohemia - Adulto (30-50),9317.0,6.0,69.59,64.66,27657.11,45029.58,0,Sin evaluar
2459,2969,M,75,south Moravia,Moravia,Adulto Mayor (>50),Moravia - Adulto Mayor (>50),8743.0,2.0,15.67,12.76,2285.26,22738.46,0,Sin evaluar
2460,2971,F,21,Prague,Praga,Joven (<30),Praga - Joven (<30),12541.0,0.0,61.27,8169.51,7005.06,35370.35,0,Sin evaluar
2461,2972,M,22,Prague,Praga,Joven (<30),Praga - Joven (<30),12541.0,0.0,15.08,4886.01,3464.85,20467.31,0,Sin evaluar
2463,2974,F,47,south Moravia,Moravia,Adulto (30-50),Moravia - Adulto (30-50),8772.0,5.0,50.66,16754.24,13076.98,31056.94,0,Sin evaluar
2464,2975,F,55,north Bohemia,Bohemia,Adulto Mayor (>50),Bohemia - Adulto Mayor (>50),8705.0,6.0,65.97,33981.72,22819.81,44194.78,0,Sin evaluar
2465,2976,F,76,south Moravia,Moravia,Adulto Mayor (>50),Moravia - Adulto Mayor (>50),8720.0,4.0,26.81,37.3,2551.29,20095.01,0,Sin evaluar
2466,2977,M,35,north Bohemia,Bohemia,Adulto (30-50),Bohemia - Adulto (30-50),10446.0,7.0,20.67,23240.98,16452.83,67175.49,0,Sin evaluar
2467,2978,F,50,north Bohemia,Bohemia,Adulto Mayor (>50),Bohemia - Adulto Mayor (>50),8705.0,6.0,67.09,24766.36,17868.83,53424.69,0,Sin evaluar
2468,2979,F,37,central Bohemia,Bohemia,Adulto (30-50),Bohemia - Adulto (30-50),9753.0,5.0,29.6,13.51,376.01,20942.54,0,Sin evaluar
2469,2980,M,24,central Bohemia,Bohemia,Joven (<30),Bohemia - Joven (<30),9622.0,0.0,34.83,5.74,814.81,18595.08,0,Sin evaluar
2470,2981,F,49,south Bohemia,Bohemia,Adulto (30-50),Bohemia - Adulto (30-50),8427.0,1.0,53.29,20370.28,12635.77,34519.54,0,Sin evaluar
2471,2982,F,25,central Bohemia,Bohemia,Joven (<30),Bohemia - Joven (<30),8546.0,3.0,53.95,181.65,41811.46,76095.84,0,Sin evaluar
2472,2984,F,35,south Moravia,Moravia,Adulto (30-50),Moravia - Adulto (30-50),8441.0,3.0,58.71,17749.02,11204.91,62424.78,0,Sin evaluar
2473,2986,M,46,south Bohemia,Bohemia,Adulto (30-50),Bohemia - Adulto (30-50),10045.0,1.0,34.46,5.8,625.94,17263.81,0,Sin evaluar
2474,2988,M,37,north Bohemia,Bohemia,Adulto (30-50),Bohemia - Adulto (30-50),8705.0,6.0,32.36,559.33,1602.6,15536.57,0,Sin evaluar
2475,2989,F,49,south Bohemia,Bohemia,Adulto (30-50),Bohemia - Adulto (30-50),8114.0,2.0,26.58,14175.58,6689.24,24219.66,0,Sin evaluar
2476,2990,F,60,north Bohemia,Bohemia,Adulto Mayor (>50),Bohemia - Adulto Mayor (>50),9272.0,3.0,60.62,14.85,1480.04,17102.39,0,Sin evaluar
2477,2992,M,32,central Bohemia,Bohemia,Adulto (30-50),Bohemia - Adulto (30-50),9622.0,0.0,22.6,5713.58,2496.46,17341.59,0,Sin evaluar
2479,2994,M,35,south Bohemia,Bohemia,Adulto (30-50),Bohemia - Adulto (30-50),8968.0,3.0,62.72,6978.7,3058.04,20208.05,0,Sin evaluar
2480,2995,F,57,north Bohemia,Bohemia,Adulto Mayor (>50),Bohemia - Adulto Mayor (>50),8867.0,1.0,15.77,47764.05,47297.02,61812.79,0,Sin evaluar
2481,2996,M,33,Prague,Praga,Adulto (30-50),Praga - Adulto (30-50),12541.0,0.0,38.11,1311.99,921.02,17000.0,0,Sin evaluar
2482,2997,F,57,Prague,Praga,Adulto Mayor (>50),Praga - Adulto Mayor (>50),12541.0,0.0,58.22,12932.57,5358.98,31897.32,0,Sin evaluar
2483,2998,M,37,Prague,Praga,Adulto (30-50),Praga - Adulto (30-50),12541.0,0.0,27.04,25781.92,15591.72,45404.28,0,Sin evaluar
2484,2999,F,19,north Moravia,Moravia,Joven (<30),Moravia - Joven (<30),10673.0,5.0,71.89,16181.05,11145.64,30445.8,0,Sin evaluar
2485,3000,F,70,north Bohemia,Bohemia,Adulto Mayor (>50),Bohemia - Adulto Mayor (>50),9832.0,3.0,16.43,48.69,1052.34,18190.1,0,Sin evaluar
2486,3001,M,40,Prague,Praga,Adulto (30-50),Praga - Adulto (30-50),12541.0,0.0,70.08,49640.54,48400.0,55885.53,0,Buen Pagador
2487,3002,F,43,east Bohemia,Bohemia,Adulto (30-50),Bohemia - Adulto (30-50),8388.0,2.0,38.31,6634.17,2871.31,24406.7,0,Sin evaluar
2488,3003,F,25,north Moravia,Moravia,Joven (<30),Moravia - Joven (<30),8173.0,5.83,68.83,5.81,694.76,23834.67,0,Sin evaluar
2489,3005,M,67,east Bohemia,Bohemia,Adulto Mayor (>50),Bohemia - Adulto Mayor (>50),9425.0,2.0,69.75,12.9,1889.32,22258.94,0,Sin evaluar
2490,3006,F,25,west Bohemia,Bohemia,Joven (<30),Bohemia - Joven (<30),8620.0,1.0,46.29,15801.38,10699.94,44276.74,0,Sin evaluar
2491,3007,M,34,north Moravia,Moravia,Adulto (30-50),Moravia - Adulto (30-50),8369.0,5.0,34.0,8116.0,4567.65,22927.72,0,Sin evaluar
2492,3008,M,79,north Moravia,Moravia,Adulto Mayor (>50),Moravia - Adulto Mayor (>50),8746.0,3.0,15.97,43.83,3397.62,18709.64,0,Sin evaluar
2493,3009,F,41,south Moravia,Moravia,Adulto (30-50),Moravia - Adulto (30-50),8544.0,1.0,69.09,10660.28,4699.38,47691.42,0,Sin evaluar
2494,3011,M,43,north Moravia,Moravia,Adulto (30-50),Moravia - Adulto (30-50),10673.0,5.0,56.28,3.55,36191.61,53107.6,0,Sin evaluar
2495,3012,F,43,north Moravia,Moravia,Adulto (30-50),Moravia - Adulto (30-50),10177.0,7.0,21.42,2703.08,396.83,25213.64,0,Sin evaluar
2496,3013,F,48,east Bohemia,Bohemia,Adulto (30-50),Bohemia - Adulto (30-50),8541.0,3.0,55.36,9186.87,2498.55,21484.51,0,Sin evaluar
2497,3015,M,46,north Moravia,Moravia,Adulto (30-50),Moravia - Adulto (30-50),8746.0,3.0,69.52,6951.96,2762.95,20999.89,0,Sin evaluar
2498,3016,M,21,north Bohemia,Bohemia,Joven (<30),Bohemia - Joven (<30),9317.0,6.0,34.0,10902.59,6002.94,29764.7,0,Sin evaluar
2499,3017,M,57,central Bohemia,Bohemia,Adulto Mayor (>50),Bohemia - Adulto Mayor (>50),8507.0,2.0,34.73,8680.88,4198.1,29055.26,0,Sin evaluar
2500,3018,M,20,south Moravia,Moravia,Joven (<30),Moravia - Joven (<30),8814.0,5.0,38.18,3184.15,2628.34,23320.28,0,Sin evaluar
2501,3019,M,29,west Bohemia,Bohemia,Joven (<30),Bohemia - Joven (<30),9650.0,3.0,58.12,20115.76,14000.34,53119.81,0,Sin evaluar
2502,3020,F,56,north Bohemia,Bohemia,Adulto Mayor (>50),Bohemia - Adulto Mayor (>50),9272.0,3.0,26.32,6686.85,2496.96,18583.6,0,Sin evaluar
2503,3021,M,37,Prague,Praga,Adulto (30-50),Praga - Adulto (30-50),12541.0,0.0,69.88,10910.85,4275.33,34623.01,0,Sin evaluar
2504,3023,M,39,south Bohemia,Bohemia,Adulto (30-50),Bohemia - Adulto (30-50),8427.0,1.0,60.71,25610.34,18571.9,39658.96,0,Sin evaluar
2505,3024,M,69,south Moravia,Moravia,Adulto Mayor (>50),Moravia - Adulto Mayor (>50),8441.0,3.0,31.51,6.35,1954.3,22516.45,0,Sin evaluar
2506,3026,M,51,west Bohemia,Bohemia,Adulto Mayor (>50),Bohemia - Adulto Mayor (>50),8620.0,1.0,29.63,38921.5,27061.42,53404.97,0,Sin evaluar
2507,3027,M,39,south Moravia,Moravia,Adulto (30-50),Moravia - Adulto (30-50),8544.0,1.0,24.08,8595.68,3708.47,26262.98,0,Sin evaluar
2508,3028,F,66,north Bohemia,Bohemia,Adulto Mayor (>50),Bohemia - Adulto Mayor (>50),9675.0,6.0,69.59,10.06,2012.07,19099.91,0,Sin evaluar
2509,3029,M,28,east Bohemia,Bohemia,Joven (<30),Bohemia - Joven (<30),9425.0,2.0,18.6,50848.39,38826.72,58054.99,0,Sin evaluar
2510,3030,F,22,north Moravia,Moravia,Joven (<30),Moravia - Joven (<30),9893.0,4.0,64.1,21757.24,13438.38,40638.11,0,Sin evaluar
2511,3031,F,33,north Bohemia,Bohemia,Adulto (30-50),Bohemia - Adulto (30-50),9317.0,6.0,56.02,14798.68,8814.71,39080.4,0,Sin evaluar
2513,3035,M,34,west Bohemia,Bohemia,Adulto (30-50),Bohemia - Adulto (30-50),8561.0,1.0,65.31,575.72,1875.21,20913.12,0,Sin evaluar
2514,3036,F,57,south Bohemia,Bohemia,Adulto Mayor (>50),Bohemia - Adulto Mayor (>50),8427.0,1.0,40.61,17669.27,11046.54,56135.29,0,Sin evaluar
2515,3037,M,56,south Moravia,Moravia,Adulto Mayor (>50),Moravia - Adulto Mayor (>50),9624.0,2.0,38.24,16713.65,15387.45,46800.44,0,Sin evaluar
2516,3038,F,52,central Bohemia,Bohemia,Adulto Mayor (>50),Bohemia - Adulto Mayor (>50),8546.0,3.0,37.49,18825.39,13063.22,43064.83,0,Sin evaluar
2517,3039,F,29,south Moravia,Moravia,Joven (<30),Moravia - Joven (<30),8743.0,2.0,25.66,23.38,21381.45,47313.96,0,Sin evaluar
2519,3041,F,71,central Bohemia,Bohemia,Adulto Mayor (>50),Bohemia - Adulto Mayor (>50),9753.0,5.0,71.49,6.99,3410.97,29185.19,0,Sin evaluar
2520,3042,F,30,south Bohemia,Bohemia,Adulto (30-50),Bohemia - Adulto (30-50),8968.0,3.0,41.23,400.19,1412.32,17443.81,0,Sin evaluar
2521,3043,F,47,south Moravia,Moravia,Adulto (30-50),Moravia - Adulto (30-50),8288.0,4.0,43.43,26041.31,19145.75,52197.27,0,Sin evaluar
2522,3044,M,53,north Bohemia,Bohemia,Adulto Mayor (>50),Bohemia - Adulto Mayor (>50),9198.0,3.0,35.32,249.15,24819.28,23695.69,5,Sin evaluar
2523,3045,F,48,central Bohemia,Bohemia,Adulto (30-50),Bohemia - Adulto (30-50),10124.0,1.0,67.68,415.19,1192.52,20513.78,0,Sin evaluar
2524,3046,F,73,Prague,Praga,Adulto Mayor (>50),Praga - Adulto Mayor (>50),12541.0,0.0,48.39,6.2,3483.57,19332.16,0,Sin evaluar
2525,3047,M,23,east Bohemia,Bohemia,Joven (<30),Bohemia - Joven (<30),8390.0,2.0,43.79,9634.35,4523.86,19278.52,0,Sin evaluar
2526,3048,F,75,south Bohemia,Bohemia,Adulto Mayor (>50),Bohemia - Adulto Mayor (>50),8427.0,1.0,29.9,26.76,2281.27,18014.15,0,Sin evaluar
2527,3049,M,31,central Bohemia,Bohemia,Adulto (30-50),Bohemia - Adulto (30-50),8546.0,3.0,69.42,40754.96,34545.19,65935.84,0,Sin evaluar
2528,3051,M,70,south Moravia,Moravia,Adulto Mayor (>50),Moravia - Adulto Mayor (>50),8403.0,6.0,69.22,14.45,1286.48,20410.86,0,Sin evaluar
2530,3054,M,40,north Moravia,Moravia,Adulto (30-50),Moravia - Adulto (30-50),10673.0,5.0,29.96,26816.42,18747.66,38995.18,0,Sin evaluar
2531,3055,M,67,east Bohemia,Bohemia,Adulto Mayor (>50),Bohemia - Adulto Mayor (>50),8541.0,3.0,24.31,8.23,3484.16,30060.15,0,Sin evaluar
2532,3056,F,39,north Bohemia,Bohemia,Adulto (30-50),Bohemia - Adulto (30-50),8965.0,7.0,24.21,20.65,41653.66,49164.77,0,Sin evaluar
2533,3058,F,55,east Bohemia,Bohemia,Adulto Mayor (>50),Bohemia - Adulto Mayor (>50),8208.0,2.0,42.15,6940.43,5886.12,26049.47,0,Sin evaluar
2534,3059,M,21,south Moravia,Moravia,Joven (<30),Moravia - Joven (<30),8814.0,5.0,66.92,6329.78,2986.55,25459.42,0,Sin evaluar
2535,3060,M,38,south Moravia,Moravia,Adulto (30-50),Moravia - Adulto (30-50),8814.0,5.0,23.29,16273.08,11633.32,32008.05,0,Sin evaluar
2536,3062,F,68,north Bohemia,Bohemia,Adulto Mayor (>50),Bohemia - Adulto Mayor (>50),9832.0,3.0,50.1,9.98,2869.66,26591.09,0,Sin evaluar
2537,3063,M,27,west Bohemia,Bohemia,Joven (<30),Bohemia - Joven (<30),8561.0,1.0,22.67,55135.07,42873.89,54257.78,0,Sin evaluar
2538,3064,M,68,east Bohemia,Bohemia,Adulto Mayor (>50),Bohemia - Adulto Mayor (>50),8388.0,2.0,59.01,3.39,2471.28,24871.46,0,Sin evaluar
2539,3065,F,77,west Bohemia,Bohemia,Adulto Mayor (>50),Bohemia - Adulto Mayor (>50),8991.0,1.0,20.24,24.7,1730.24,25429.75,0,Sin evaluar
2540,3066,F,16,south Moravia,Moravia,Joven (<30),Moravia - Joven (<30),9897.0,2.0,45.01,7736.68,6476.34,36378.46,0,Sin evaluar
2541,3067,F,46,south Moravia,Moravia,Adulto (30-50),Moravia - Adulto (30-50),8720.0,4.0,49.74,15436.37,8797.75,39885.82,0,Sin evaluar
2542,3069,M,55,south Bohemia,Bohemia,Adulto Mayor (>50),Bohemia - Adulto Mayor (>50),9104.0,2.0,64.79,6876.06,3586.66,24154.4,0,Sin evaluar
2543,3070,M,78,east Bohemia,Bohemia,Adulto Mayor (>50),Bohemia - Adulto Mayor (>50),8369.0,2.0,70.54,15.59,3162.46,42138.27,0,Sin evaluar
2544,3071,F,31,north Bohemia,Bohemia,Adulto (30-50),Bohemia - Adulto (30-50),8965.0,7.0,24.87,10216.32,4608.77,44151.81,0,Sin evaluar
2545,3072,M,62,Prague,Praga,Adulto Mayor (>50),Praga - Adulto Mayor (>50),12541.0,0.0,24.87,14392.84,6661.84,19475.35,0,Sin evaluar
2546,3074,M,40,Prague,Praga,Adulto (30-50),Praga - Adulto (30-50),12541.0,0.0,48.76,18655.7,14077.83,37935.16,0,Sin evaluar
2547,3075,M,57,north Moravia,Moravia,Adulto Mayor (>50),Moravia - Adulto Mayor (>50),10673.0,5.0,44.12,26851.31,19716.68,62957.2,0,Sin evaluar
2548,3076,F,36,south Moravia,Moravia,Adulto (30-50),Moravia - Adulto (30-50),8720.0,4.0,35.81,6975.76,6201.62,30574.73,0,Sin evaluar
2549,3077,F,64,east Bohemia,Bohemia,Adulto Mayor (>50),Bohemia - Adulto Mayor (>50),8187.0,5.0,61.6,3.25,3686.69,39087.45,0,Sin evaluar
2550,3079,M,55,north Moravia,Moravia,Adulto Mayor (>50),Moravia - Adulto Mayor (>50),8110.0,6.0,37.65,17106.99,7532.54,55978.66,0,Sin evaluar
2551,3080,F,47,central Bohemia,Bohemia,Adulto (30-50),Bohemia - Adulto (30-50),9307.0,4.0,34.73,41561.13,26516.56,39427.17,0,Sin evaluar
2552,3082,F,19,east Bohemia,Bohemia,Joven (<30),Bohemia - Joven (<30),8363.0,3.0,66.0,19499.55,10606.06,41071.08,0,Sin evaluar
2553,3083,M,27,north Bohemia,Bohemia,Joven (<30),Bohemia - Joven (<30),9832.0,3.0,41.26,19009.74,9409.11,27874.3,0,Sin evaluar
2554,3084,F,47,west Bohemia,Bohemia,Adulto (30-50),Bohemia - Adulto (30-50),8624.0,2.0,66.43,26586.84,17470.42,51032.28,0,Sin evaluar
2555,3085,F,52,south Moravia,Moravia,Adulto Mayor (>50),Moravia - Adulto Mayor (>50),8544.0,1.0,69.72,21032.3,12847.68,53194.21,0,Sin evaluar
2556,3087,F,39,east Bohemia,Bohemia,Adulto (30-50),Bohemia - Adulto (30-50),8369.0,2.0,14.39,55.59,694.23,12695.81,0,Sin evaluar
2557,3088,M,48,north Bohemia,Bohemia,Adulto (30-50),Bohemia - Adulto (30-50),9317.0,6.0,61.44,5924.54,3035.48,22616.81,0,Sin evaluar
2558,3089,M,24,east Bohemia,Bohemia,Joven (<30),Bohemia - Joven (<30),8369.0,2.0,16.89,17.76,468.92,15054.91,0,Sin evaluar
2559,3090,M,30,north Bohemia,Bohemia,Adulto (30-50),Bohemia - Adulto (30-50),9272.0,3.0,43.01,13096.86,7289.47,40145.49,0,Sin evaluar
2560,3091,F,32,south Bohemia,Bohemia,Adulto (30-50),Bohemia - Adulto (30-50),9045.0,3.0,18.37,9910.07,4738.16,26600.77,0,Sin evaluar
2561,3092,F,31,south Moravia,Moravia,Adulto (30-50),Moravia - Adulto (30-50),8444.0,3.0,27.04,22789.35,13572.49,43872.91,0,Sin evaluar
2562,3093,M,32,north Bohemia,Bohemia,Adulto (30-50),Bohemia - Adulto (30-50),8867.0,1.0,40.54,22.2,925.01,16393.43,0,Sin evaluar
2563,3094,M,48,east Bohemia,Bohemia,Adulto (30-50),Bohemia - Adulto (30-50),9060.0,2.0,47.44,7688.26,4172.43,35353.08,0,Sin evaluar
2564,3095,M,45,north Bohemia,Bohemia,Adulto (30-50),Bohemia - Adulto (30-50),9198.0,3.0,18.92,21339.22,12773.78,32107.25,0,Sin evaluar
2565,3096,M,16,north Moravia,Moravia,Joven (<30),Moravia - Joven (<30),10673.0,5.0,38.9,6396.94,6091.26,20621.39,0,Sin evaluar
2566,3097,M,50,east Bohemia,Bohemia,Adulto Mayor (>50),Bohemia - Adulto Mayor (>50),9060.0,2.0,71.1,1049.23,966.24,14369.75,0,Sin evaluar
2567,3098,M,60,south Bohemia,Bohemia,Adulto Mayor (>50),Bohemia - Adulto Mayor (>50),8114.0,2.0,35.78,357.74,1402.46,16442.6,0,Sin evaluar
2568,3099,M,33,south Bohemia,Bohemia,Adulto (30-50),Bohemia - Adulto (30-50),8114.0,2.0,57.99,24981.2,17916.88,39736.03,0,Sin evaluar
2569,3100,M,67,central Bohemia,Bohemia,Adulto Mayor (>50),Bohemia - Adulto Mayor (>50),8507.0,2.0,54.7,18.28,4290.13,24723.62,0,Sin evaluar
2570,3101,M,57,Prague,Praga,Adulto Mayor (>50),Praga - Adulto Mayor (>50),12541.0,0.0,36.4,10.99,853.02,16138.18,0,Sin evaluar
2571,3102,F,19,south Moravia,Moravia,Joven (<30),Moravia - Joven (<30),8814.0,5.0,23.49,655.6,46210.98,68730.11,0,Sin evaluar
2572,3103,F,25,south Moravia,Moravia,Joven (<30),Moravia - Joven (<30),9624.0,2.0,49.58,711.98,47374.41,60046.6,6,Sin evaluar
2573,3104,F,16,central Bohemia,Bohemia,Joven (<30),Bohemia - Joven (<30),9753.0,5.0,29.5,4572.24,4213.56,25214.21,0,Sin evaluar
2574,3105,M,51,north Moravia,Moravia,Adulto Mayor (>50),Moravia - Adulto Mayor (>50),9893.0,4.0,70.9,17422.52,7203.1,49900.83,0,Sin evaluar
2575,3106,F,70,north Moravia,Moravia,Adulto Mayor (>50),Moravia - Adulto Mayor (>50),8994.0,4.0,20.6,48.54,3483.01,20335.56,0,Sin evaluar
2576,3107,M,38,west Bohemia,Bohemia,Adulto (30-50),Bohemia - Adulto (30-50),9650.0,3.0,63.93,33132.0,24425.81,44902.94,0,Sin evaluar
2577,3109,F,66,central Bohemia,Bohemia,Adulto Mayor (>50),Bohemia - Adulto Mayor (>50),9920.0,2.0,41.07,24.35,2440.95,23999.17,0,Sin evaluar
2578,3110,M,67,south Moravia,Moravia,Adulto Mayor (>50),Moravia - Adulto Mayor (>50),9897.0,2.0,33.22,33.11,1319.08,15575.47,0,Sin evaluar
2579,3112,M,59,west Bohemia,Bohemia,Adulto Mayor (>50),Bohemia - Adulto Mayor (>50),8991.0,1.0,14.42,5845.77,2791.96,26784.2,0,Sin evaluar
2580,3113,F,27,south Moravia,Moravia,Joven (<30),Moravia - Joven (<30),8441.0,3.0,37.72,14254.85,7058.32,53490.17,0,Sin evaluar
2581,3115,M,37,north Moravia,Moravia,Adulto (30-50),Moravia - Adulto (30-50),8994.0,4.0,69.68,21531.77,14424.8,49255.23,0,Sin evaluar
2582,3116,M,47,west Bohemia,Bohemia,Adulto (30-50),Bohemia - Adulto (30-50),8594.0,2.0,61.96,23913.33,18725.95,52323.58,0,Sin evaluar
2583,3117,F,57,south Moravia,Moravia,Adulto Mayor (>50),Moravia - Adulto Mayor (>50),8544.0,1.0,67.68,1578.01,509.75,47091.83,0,Sin evaluar
2584,3119,F,62,east Bohemia,Bohemia,Adulto Mayor (>50),Bohemia - Adulto Mayor (>50),8187.0,5.0,65.77,3.04,2401.4,17301.86,0,Sin evaluar
2585,3120,M,34,north Moravia,Moravia,Adulto (30-50),Moravia - Adulto (30-50),8819.0,5.0,70.64,16383.71,16070.78,28320.71,5,Sin evaluar
2586,3121,F,42,south Moravia,Moravia,Adulto (30-50),Moravia - Adulto (30-50),8720.0,4.0,20.5,38264.68,34423.85,60546.78,0,Sin evaluar
2587,3123,M,19,Prague,Praga,Joven (<30),Praga - Joven (<30),12541.0,0.0,17.22,9907.26,9117.31,17177.74,0,Sin evaluar
2588,3124,F,40,central Bohemia,Bohemia,Adulto (30-50),Bohemia - Adulto (30-50),9307.0,4.0,60.88,19228.27,12301.58,43220.59,0,Sin evaluar
2589,3125,F,76,central Bohemia,Bohemia,Adulto Mayor (>50),Bohemia - Adulto Mayor (>50),10124.0,1.0,24.87,28.15,2055.09,14534.11,0,Sin evaluar
2590,3126,M,60,east Bohemia,Bohemia,Adulto Mayor (>50),Bohemia - Adulto Mayor (>50),9538.0,2.0,24.87,28.15,908.32,14765.89,0,Sin evaluar
2591,3127,F,78,Prague,Praga,Adulto Mayor (>50),Praga - Adulto Mayor (>50),12541.0,0.0,31.84,25.13,2231.16,20919.22,0,Sin evaluar
2592,3128,F,54,north Moravia,Moravia,Adulto Mayor (>50),Moravia - Adulto Mayor (>50),8173.0,5.83,63.97,13741.52,7736.44,53270.84,0,Sin evaluar
2593,3129,F,52,central Bohemia,Bohemia,Adulto Mayor (>50),Bohemia - Adulto Mayor (>50),9307.0,4.0,29.83,21190.58,13445.52,32382.32,0,Sin evaluar
2594,3130,F,43,south Bohemia,Bohemia,Adulto (30-50),Bohemia - Adulto (30-50),8402.0,3.0,19.94,37888.42,29110.78,49808.18,0,Sin evaluar
2595,3131,F,63,Prague,Praga,Adulto Mayor (>50),Praga - Adulto Mayor (>50),12541.0,0.0,16.46,18.23,2328.68,25024.37,0,Sin evaluar
2596,3132,F,23,Prague,Praga,Joven (<30),Praga - Joven (<30),12541.0,0.0,51.94,3.85,915.67,22268.31,0,Sin evaluar
2597,3133,F,25,west Bohemia,Bohemia,Joven (<30),Bohemia - Joven (<30),8930.0,4.0,21.52,21225.93,17618.03,37810.2,0,Sin evaluar
2598,3134,M,60,Prague,Praga,Adulto Mayor (>50),Praga - Adulto Mayor (>50),12541.0,0.0,33.58,42127.28,38918.31,55289.99,2,Sin evaluar
2599,3135,M,29,east Bohemia,Bohemia,Joven (<30),Bohemia - Joven (<30),9060.0,2.0,68.37,21397.98,9557.16,41763.13,0,Sin evaluar
2600,3136,M,35,Prague,Praga,Adulto (30-50),Praga - Adulto (30-50),12541.0,0.0,34.56,59850.84,51822.37,73472.78,0,Sin evaluar
2601,3137,M,51,north Moravia,Moravia,Adulto Mayor (>50),Moravia - Adulto Mayor (>50),10177.0,7.0,25.2,1587.3,789.68,14625.0,0,Sin evaluar
2602,3139,F,42,east Bohemia,Bohemia,Adulto (30-50),Bohemia - Adulto (30-50),8369.0,2.0,30.46,13382.3,7256.73,39587.9,0,Sin evaluar
2603,3141,F,73,central Bohemia,Bohemia,Adulto Mayor (>50),Bohemia - Adulto Mayor (>50),8899.0,3.0,30.55,9.82,1649.43,23096.38,0,Sin evaluar
2604,3142,M,79,north Moravia,Moravia,Adulto Mayor (>50),Moravia - Adulto Mayor (>50),9893.0,4.0,29.9,23.41,1968.23,22286.74,0,Sin evaluar
2605,3143,F,54,south Bohemia,Bohemia,Adulto Mayor (>50),Bohemia - Adulto Mayor (>50),9104.0,2.0,35.68,7807.85,3110.99,22973.0,0,Sin evaluar
2606,3144,M,79,Prague,Praga,Adulto Mayor (>50),Praga - Adulto Mayor (>50),12541.0,0.0,53.16,20.69,1720.28,22636.83,0,Sin evaluar
2607,3146,M,50,Prague,Praga,Adulto Mayor (>50),Praga - Adulto Mayor (>50),12541.0,0.0,16.39,11612.63,8186.7,25079.45,0,Sin evaluar
2608,3147,F,34,south Bohemia,Bohemia,Adulto (30-50),Bohemia - Adulto (30-50),8402.0,3.0,40.74,9822.14,4889.05,26323.58,0,Sin evaluar
2609,3148,M,56,central Bohemia,Bohemia,Adulto Mayor (>50),Bohemia - Adulto Mayor (>50),8980.0,2.0,67.94,33591.92,32935.66,50116.46,0,Sin evaluar
2610,3150,F,66,south Moravia,Moravia,Adulto Mayor (>50),Moravia - Adulto Mayor (>50),9897.0,2.0,24.34,12.33,3582.17,26113.76,0,Sin evaluar
2611,3151,F,47,Prague,Praga,Adulto (30-50),Praga - Adulto (30-50),12541.0,0.0,33.84,17127.3,14985.22,65490.0,0,Sin evaluar
2612,3152,M,62,Prague,Praga,Adulto Mayor (>50),Praga - Adulto Mayor (>50),12541.0,0.0,20.07,74.74,23068.21,40391.82,0,Sin evaluar
2613,3153,M,74,west Bohemia,Bohemia,Adulto Mayor (>50),Bohemia - Adulto Mayor (>50),10787.0,3.0,62.92,4.77,1855.37,21216.35,0,Sin evaluar
2614,3155,F,25,east Bohemia,Bohemia,Joven (<30),Bohemia - Joven (<30),8254.0,3.0,27.63,32.57,1007.96,13782.93,0,Sin evaluar
2615,3156,F,44,north Moravia,Moravia,Adulto (30-50),Moravia - Adulto (30-50),9893.0,4.0,53.49,11325.76,10259.86,30031.98,0,Sin evaluar
2616,3157,F,56,Prague,Praga,Adulto Mayor (>50),Praga - Adulto Mayor (>50),12541.0,0.0,64.46,21956.45,14130.93,32313.6,0,Sin evaluar
2617,3158,F,58,Prague,Praga,Adulto Mayor (>50),Praga - Adulto Mayor (>50),12541.0,0.0,63.21,6.33,942.57,20572.46,0,Sin evaluar
2618,3159,M,68,west Bohemia,Bohemia,Adulto Mayor (>50),Bohemia - Adulto Mayor (>50),8991.0,1.0,69.36,8.65,3195.07,20233.55,0,Sin evaluar
2619,3160,M,47,south Bohemia,Bohemia,Adulto (30-50),Bohemia - Adulto (30-50),8547.0,3.0,31.61,12361.28,6731.41,30011.99,0,Sin evaluar
2620,3161,M,18,south Moravia,Moravia,Joven (<30),Moravia - Joven (<30),8512.0,4.0,64.92,7743.31,3467.34,26110.43,0,Sin evaluar
2621,3162,M,38,south Moravia,Moravia,Adulto (30-50),Moravia - Adulto (30-50),8743.0,2.0,38.08,5134.11,2336.66,16383.36,0,Sin evaluar
2622,3163,F,34,Prague,Praga,Adulto (30-50),Praga - Adulto (30-50),12541.0,0.0,28.32,15619.1,7286.02,34076.91,0,Sin evaluar
2623,3165,F,22,central Bohemia,Bohemia,Joven (<30),Bohemia - Joven (<30),8980.0,2.0,62.72,7408.96,3757.33,38591.71,0,Sin evaluar
2624,3166,M,43,west Bohemia,Bohemia,Adulto (30-50),Bohemia - Adulto (30-50),8930.0,4.0,33.12,1899.15,19703.59,51573.26,0,Sin evaluar
2625,3167,F,55,east Bohemia,Bohemia,Adulto Mayor (>50),Bohemia - Adulto Mayor (>50),9060.0,2.0,29.73,54473.06,47864.95,61017.12,0,Sin evaluar
2627,3170,M,77,north Moravia,Moravia,Adulto Mayor (>50),Moravia - Adulto Mayor (>50),8369.0,5.0,50.96,11.77,2526.88,22418.65,0,Sin evaluar
2628,3172,M,47,south Moravia,Moravia,Adulto (30-50),Moravia - Adulto (30-50),9624.0,2.0,58.78,40211.35,40145.59,49669.52,1,Sin evaluar
2629,3173,F,52,south Moravia,Moravia,Adulto Mayor (>50),Moravia - Adulto Mayor (>50),8512.0,4.0,27.66,20127.73,17812.0,39413.5,0,Sin evaluar
2630,3175,F,48,south Moravia,Moravia,Adulto (30-50),Moravia - Adulto (30-50),9624.0,2.0,36.34,21240.51,20478.81,29780.1,0,Sin evaluar
2631,3176,M,61,Prague,Praga,Adulto Mayor (>50),Praga - Adulto Mayor (>50),12541.0,0.0,33.08,27.21,610.34,23832.93,0,Sin evaluar
2632,3177,M,60,west Bohemia,Bohemia,Adulto Mayor (>50),Bohemia - Adulto Mayor (>50),8991.0,1.0,71.92,15556.06,10577.03,34629.73,0,Sin evaluar
2633,3178,F,29,west Bohemia,Bohemia,Joven (<30),Bohemia - Joven (<30),8554.0,2.0,33.58,68798.6,67619.65,74686.61,0,Sin evaluar
2634,3179,F,50,east Bohemia,Bohemia,Adulto Mayor (>50),Bohemia - Adulto Mayor (>50),8390.0,2.0,14.75,21178.92,14996.61,51749.02,0,Sin evaluar
2635,3181,M,55,west Bohemia,Bohemia,Adulto Mayor (>50),Bohemia - Adulto Mayor (>50),8561.0,1.0,34.86,37.29,31198.42,61821.66,0,Sin evaluar
2636,3182,F,73,south Bohemia,Bohemia,Adulto Mayor (>50),Bohemia - Adulto Mayor (>50),8968.0,3.0,25.13,23.88,1534.02,17994.08,0,Sin evaluar
2637,3183,M,18,north Moravia,Moravia,Joven (<30),Moravia - Joven (<30),10177.0,7.0,23.95,19444.34,13677.66,33526.34,0,Sin evaluar
2638,3184,F,39,central Bohemia,Bohemia,Adulto (30-50),Bohemia - Adulto (30-50),9307.0,4.0,54.97,22011.37,13486.27,45858.95,0,Sin evaluar
2639,3185,F,26,south Bohemia,Bohemia,Joven (<30),Bohemia - Joven (<30),8114.0,2.0,68.17,26358.87,17622.12,36606.95,0,Sin evaluar
2640,3186,F,43,Prague,Praga,Adulto (30-50),Praga - Adulto (30-50),12541.0,0.0,27.3,17901.14,7432.23,54242.43,0,Sin evaluar
2641,3187,M,46,central Bohemia,Bohemia,Adulto (30-50),Bohemia - Adulto (30-50),9920.0,2.0,67.98,23344.63,16368.05,65946.18,0,Sin evaluar
2642,3188,F,22,north Moravia,Moravia,Joven (<30),Moravia - Joven (<30),9893.0,4.0,42.87,14419.27,11020.29,27069.8,1,Sin evaluar
2644,3190,F,78,Prague,Praga,Adulto Mayor (>50),Praga - Adulto Mayor (>50),12541.0,0.0,16.76,35.8,1437.35,20348.65,0,Sin evaluar
2645,3191,F,23,south Moravia,Moravia,Joven (<30),Moravia - Joven (<30),8772.0,5.0,67.32,13001.44,5707.07,34246.36,0,Sin evaluar
2646,3192,M,59,central Bohemia,Bohemia,Adulto Mayor (>50),Bohemia - Adulto Mayor (>50),8546.0,3.0,17.25,50742.38,43212.46,57797.33,0,Sin evaluar
2647,3193,F,48,west Bohemia,Bohemia,Adulto (30-50),Bohemia - Adulto (30-50),8594.0,2.0,70.7,15081.32,8855.73,51734.41,0,Sin evaluar
2648,3194,F,23,east Bohemia,Bohemia,Joven (<30),Bohemia - Joven (<30),8541.0,3.0,68.6,5419.81,4961.37,30452.98,0,Sin evaluar
2649,3195,F,27,central Bohemia,Bohemia,Joven (<30),Bohemia - Joven (<30),8507.0,2.0,63.74,12699.75,5261.06,44138.35,0,Sin evaluar
2650,3196,F,20,north Moravia,Moravia,Joven (<30),Moravia - Joven (<30),8994.0,4.0,33.18,18966.85,12954.79,45916.17,0,Sin evaluar
2651,3197,M,40,Prague,Praga,Adulto (30-50),Praga - Adulto (30-50),12541.0,0.0,69.36,85.06,28381.42,47345.19,0,Sin evaluar
2652,3199,F,41,Prague,Praga,Adulto (30-50),Praga - Adulto (30-50),12541.0,0.0,29.31,22692.32,14270.21,42788.54,0,Sin evaluar
2653,3201,F,45,south Moravia,Moravia,Adulto (30-50),Moravia - Adulto (30-50),8512.0,4.0,23.72,25305.73,14376.05,50685.21,0,Sin evaluar
2654,3202,M,76,south Moravia,Moravia,Adulto Mayor (>50),Moravia - Adulto Mayor (>50),8772.0,5.0,53.36,16.87,2338.08,21533.31,0,Sin evaluar
2655,3203,F,39,Prague,Praga,Adulto (30-50),Praga - Adulto (30-50),12541.0,0.0,27.76,21794.49,16998.13,42105.18,0,Sin evaluar
2656,3205,F,77,Prague,Praga,Adulto Mayor (>50),Praga - Adulto Mayor (>50),12541.0,0.0,22.37,40.23,2025.93,23017.62,0,Sin evaluar
2657,3207,F,73,south Moravia,Moravia,Adulto Mayor (>50),Moravia - Adulto Mayor (>50),8743.0,2.0,26.78,14.94,1567.21,23018.56,0,Sin evaluar
2658,3208,M,51,west Bohemia,Bohemia,Adulto Mayor (>50),Bohemia - Adulto Mayor (>50),8561.0,1.0,13.54,73.86,312.41,17475.69,0,Sin evaluar
2659,3210,M,35,south Bohemia,Bohemia,Adulto (30-50),Bohemia - Adulto (30-50),10045.0,1.0,33.05,8514.7,7267.78,36933.57,0,Sin evaluar
2660,3211,F,31,south Bohemia,Bohemia,Adulto (30-50),Bohemia - Adulto (30-50),8114.0,2.0,62.46,45030.08,33878.02,46953.46,4,Sin evaluar
2661,3213,M,57,Prague,Praga,Adulto Mayor (>50),Praga - Adulto Mayor (>50),12541.0,0.0,22.14,9936.68,5388.44,19673.55,0,Sin evaluar
2662,3214,M,76,north Moravia,Moravia,Adulto Mayor (>50),Moravia - Adulto Mayor (>50),8678.0,6.0,55.26,10.86,1742.85,20871.93,0,Sin evaluar
2663,3215,F,62,south Moravia,Moravia,Adulto Mayor (>50),Moravia - Adulto Mayor (>50),9624.0,2.0,47.18,14.84,2271.3,21770.9,0,Sin evaluar
2664,3216,M,39,south Moravia,Moravia,Adulto (30-50),Moravia - Adulto (30-50),8757.0,3.0,59.33,16570.57,11704.03,47384.16,0,Sin evaluar
2665,3217,M,21,south Moravia,Moravia,Joven (<30),Moravia - Joven (<30),8814.0,5.0,61.57,8112.26,7912.94,33531.89,0,Sin evaluar
2666,3218,M,33,east Bohemia,Bohemia,Adulto (30-50),Bohemia - Adulto (30-50),8208.0,2.0,69.78,8.6,917.45,17241.96,0,Sin evaluar
2667,3220,M,41,west Bohemia,Bohemia,Adulto (30-50),Bohemia - Adulto (30-50),8624.0,2.0,62.26,11.24,883.39,17912.53,0,Sin evaluar
2668,3222,M,21,south Bohemia,Bohemia,Joven (<30),Bohemia - Joven (<30),9104.0,2.0,19.38,16189.16,7311.66,37526.64,0,Sin evaluar
2670,3225,M,41,central Bohemia,Bohemia,Adulto (30-50),Bohemia - Adulto (30-50),8598.0,3.0,71.1,26419.73,17399.16,43045.56,0,Sin evaluar
2671,3226,M,47,Prague,Praga,Adulto (30-50),Praga - Adulto (30-50),12541.0,0.0,63.51,1025.04,1616.12,26978.15,0,Sin evaluar
2672,3227,F,48,south Moravia,Moravia,Adulto (30-50),Moravia - Adulto (30-50),8444.0,3.0,21.59,13.9,902.73,14013.55,0,Sin evaluar
2673,3228,M,41,north Bohemia,Bohemia,Adulto (30-50),Bohemia - Adulto (30-50),9675.0,6.0,59.86,13616.27,7706.31,34007.68,0,Sin evaluar
2674,3229,M,19,east Bohemia,Bohemia,Joven (<30),Bohemia - Joven (<30),8187.0,5.0,38.7,7247.73,6874.68,29120.72,0,Sin evaluar
2675,3230,F,16,Prague,Praga,Joven (<30),Praga - Joven (<30),12541.0,0.0,58.35,5654.6,5043.7,25455.17,0,Sin evaluar
2676,3231,M,37,south Bohemia,Bohemia,Adulto (30-50),Bohemia - Adulto (30-50),9104.0,2.0,71.26,16688.98,11181.31,36429.67,0,Sin evaluar
2677,3232,M,22,central Bohemia,Bohemia,Joven (<30),Bohemia - Joven (<30),9307.0,4.0,28.09,21751.05,15224.64,33911.35,0,Sin evaluar
2678,3233,M,18,Prague,Praga,Joven (<30),Praga - Joven (<30),12541.0,0.0,17.54,11.4,36310.43,48181.44,0,Sin evaluar
2679,3234,F,79,north Moravia,Moravia,Adulto Mayor (>50),Moravia - Adulto Mayor (>50),8110.0,6.0,17.25,63.77,2282.32,20850.11,0,Sin evaluar
2680,3235,F,48,east Bohemia,Bohemia,Adulto (30-50),Bohemia - Adulto (30-50),8369.0,2.0,45.96,2356.4,19910.79,32192.58,1,Sin evaluar
2681,3236,F,38,west Bohemia,Bohemia,Adulto (30-50),Bohemia - Adulto (30-50),8594.0,2.0,47.38,25790.16,19736.18,62084.47,0,Sin evaluar
2684,3239,F,17,central Bohemia,Bohemia,Joven (<30),Bohemia - Joven (<30),9920.0,2.0,15.67,8373.96,5861.52,29770.53,0,Sin evaluar
2685,3240,F,61,north Moravia,Moravia,Adulto Mayor (>50),Moravia - Adulto Mayor (>50),8110.0,6.0,25.95,7.71,1575.34,21012.56,0,Sin evaluar
2686,3241,M,64,west Bohemia,Bohemia,Adulto Mayor (>50),Bohemia - Adulto Mayor (>50),10787.0,3.0,35.65,25.25,3783.17,17756.48,0,Sin evaluar
2687,3243,F,78,north Moravia,Moravia,Adulto Mayor (>50),Moravia - Adulto Mayor (>50),8678.0,6.0,66.0,16.67,2373.79,22295.7,0,Sin evaluar
2688,3244,M,65,north Moravia,Moravia,Adulto Mayor (>50),Moravia - Adulto Mayor (>50),8994.0,4.0,46.32,4.32,1355.35,14795.62,0,Sin evaluar
2689,3245,M,46,north Moravia,Moravia,Adulto (30-50),Moravia - Adulto (30-50),10177.0,7.0,23.95,21777.2,14901.88,52192.03,0,Sin evaluar
2690,3246,M,67,south Moravia,Moravia,Adulto Mayor (>50),Moravia - Adulto Mayor (>50),8512.0,4.0,21.42,28.01,3941.64,27128.46,0,Sin evaluar
2691,3247,F,40,north Moravia,Moravia,Adulto (30-50),Moravia - Adulto (30-50),8173.0,5.83,63.74,870.72,743.65,24212.18,0,Sin evaluar
2692,3248,F,69,west Bohemia,Bohemia,Adulto Mayor (>50),Bohemia - Adulto Mayor (>50),8594.0,2.0,36.76,29.92,1863.44,30831.48,0,Sin evaluar
2693,3249,M,39,south Bohemia,Bohemia,Adulto (30-50),Bohemia - Adulto (30-50),8114.0,2.0,13.44,17063.17,8845.24,45041.9,0,Sin evaluar
2694,3251,F,36,east Bohemia,Bohemia,Adulto (30-50),Bohemia - Adulto (30-50),8363.0,3.0,69.78,20072.6,14419.6,47918.04,0,Buen Pagador
2695,3253,M,52,north Moravia,Moravia,Adulto Mayor (>50),Moravia - Adulto Mayor (>50),10177.0,7.0,63.47,22494.27,17525.13,57182.63,0,Sin evaluar
2696,3254,M,68,Prague,Praga,Adulto Mayor (>50),Praga - Adulto Mayor (>50),12541.0,0.0,23.36,25.68,1375.86,18236.03,0,Sin evaluar
2697,3255,F,28,central Bohemia,Bohemia,Joven (<30),Bohemia - Joven (<30),11277.0,1.0,66.17,8860.75,3983.98,37220.52,0,Sin evaluar
2698,3256,M,22,east Bohemia,Bohemia,Joven (<30),Bohemia - Joven (<30),8208.0,2.0,19.35,6770.49,5379.84,35921.49,0,Sin evaluar
2699,3257,F,20,north Moravia,Moravia,Joven (<30),Moravia - Joven (<30),8746.0,3.0,24.18,12.41,41699.17,55599.98,0,Sin evaluar
2700,3258,F,38,north Moravia,Moravia,Adulto (30-50),Moravia - Adulto (30-50),10673.0,5.0,61.73,24.3,18903.84,38833.7,0,Sin evaluar
2701,3259,M,48,north Moravia,Moravia,Adulto (30-50),Moravia - Adulto (30-50),8678.0,6.0,65.15,11550.39,4608.44,36436.62,0,Sin evaluar
2702,3260,F,56,north Moravia,Moravia,Adulto Mayor (>50),Moravia - Adulto Mayor (>50),10673.0,5.0,34.96,26642.93,21956.52,39901.16,0,Sin evaluar
2703,3262,F,57,south Moravia,Moravia,Adulto Mayor (>50),Moravia - Adulto Mayor (>50),8814.0,5.0,14.09,70.97,437.19,16221.63,0,Sin evaluar
2705,3264,F,48,south Moravia,Moravia,Adulto (30-50),Moravia - Adulto (30-50),8288.0,4.0,65.87,4100.5,8824.32,33983.27,0,Buen Pagador
2706,3265,F,35,east Bohemia,Bohemia,Adulto (30-50),Bohemia - Adulto (30-50),9538.0,2.0,30.26,2081.96,879.05,24993.55,0,Sin evaluar
2707,3267,M,47,south Moravia,Moravia,Adulto (30-50),Moravia - Adulto (30-50),8814.0,5.0,49.12,36135.16,29628.18,56461.45,0,Sin evaluar
2708,3268,F,42,Prague,Praga,Adulto (30-50),Praga - Adulto (30-50),12541.0,0.0,33.22,23533.77,21064.42,50424.96,0,Sin evaluar
2709,3269,M,24,central Bohemia,Bohemia,Joven (<30),Bohemia - Joven (<30),8507.0,2.0,26.41,22.72,708.82,16173.37,0,Sin evaluar
2710,3270,M,58,central Bohemia,Bohemia,Adulto Mayor (>50),Bohemia - Adulto Mayor (>50),8754.0,4.0,30.62,41380.01,40781.16,57654.79,0,Sin evaluar
2711,3271,F,56,south Moravia,Moravia,Adulto Mayor (>50),Moravia - Adulto Mayor (>50),8757.0,3.0,67.42,21626.58,14040.34,39925.69,0,Sin evaluar
2712,3272,F,78,central Bohemia,Bohemia,Adulto Mayor (>50),Bohemia - Adulto Mayor (>50),8899.0,3.0,69.65,5.74,3640.34,26453.55,0,Sin evaluar
2713,3274,M,69,west Bohemia,Bohemia,Adulto Mayor (>50),Bohemia - Adulto Mayor (>50),10787.0,3.0,56.94,8.78,2446.26,32611.29,0,Sin evaluar
2714,3276,M,18,east Bohemia,Bohemia,Joven (<30),Bohemia - Joven (<30),8363.0,3.0,71.0,7164.06,7011.27,28285.94,0,Sin evaluar
2715,3277,M,32,east Bohemia,Bohemia,Adulto (30-50),Bohemia - Adulto (30-50),8388.0,2.0,14.82,60.73,350.2,18400.35,0,Sin evaluar
2716,3279,F,44,south Moravia,Moravia,Adulto (30-50),Moravia - Adulto (30-50),8512.0,4.0,35.75,22565.15,12977.34,32749.85,0,Sin evaluar
2717,3281,M,48,north Moravia,Moravia,Adulto (30-50),Moravia - Adulto (30-50),10673.0,5.0,29.21,34.23,797.33,17588.25,0,Sin evaluar
2718,3282,M,17,west Bohemia,Bohemia,Joven (<30),Bohemia - Joven (<30),8843.0,3.0,46.82,6276.59,5946.18,25354.22,0,Sin evaluar
2719,3283,M,65,central Bohemia,Bohemia,Adulto Mayor (>50),Bohemia - Adulto Mayor (>50),10124.0,1.0,34.73,14.4,3067.09,20284.18,0,Sin evaluar
2720,3284,M,62,central Bohemia,Bohemia,Adulto Mayor (>50),Bohemia - Adulto Mayor (>50),8507.0,2.0,18.5,57863.84,42818.16,63682.64,0,Sin evaluar
2721,3286,F,26,north Moravia,Moravia,Joven (<30),Moravia - Joven (<30),10673.0,5.0,13.54,18030.43,13874.45,32292.68,0,Sin evaluar
2722,3288,M,72,north Moravia,Moravia,Adulto Mayor (>50),Moravia - Adulto Mayor (>50),8173.0,5.83,17.25,28.99,2874.2,24653.83,0,Sin evaluar
2723,3289,F,21,north Moravia,Moravia,Joven (<30),Moravia - Joven (<30),8819.0,5.0,45.67,10143.51,4583.75,26565.27,0,Sin evaluar
2724,3290,F,29,central Bohemia,Bohemia,Joven (<30),Bohemia - Joven (<30),9622.0,0.0,28.71,16909.68,9620.34,45351.29,0,Sin evaluar
2725,3291,M,51,east Bohemia,Bohemia,Adulto Mayor (>50),Bohemia - Adulto Mayor (>50),8363.0,3.0,20.96,22626.43,15123.09,50945.86,0,Sin evaluar
2726,3292,M,58,south Bohemia,Bohemia,Adulto Mayor (>50),Bohemia - Adulto Mayor (>50),8968.0,3.0,44.39,24630.68,17773.37,61960.23,0,Sin evaluar
2727,3293,F,45,Prague,Praga,Adulto (30-50),Praga - Adulto (30-50),12541.0,0.0,38.21,15538.05,15188.69,34040.51,0,Sin evaluar
2728,3294,M,41,east Bohemia,Bohemia,Adulto (30-50),Bohemia - Adulto (30-50),8363.0,3.0,17.84,30785.87,18959.19,49536.24,0,Sin evaluar
2729,3295,F,32,north Bohemia,Bohemia,Adulto (30-50),Bohemia - Adulto (30-50),9317.0,6.0,47.47,14921.0,5660.0,48325.42,0,Sin evaluar
2730,3296,M,29,west Bohemia,Bohemia,Joven (<30),Bohemia - Joven (<30),8624.0,2.0,31.97,31.28,774.16,19163.31,0,Sin evaluar
2731,3297,M,30,Prague,Praga,Adulto (30-50),Praga - Adulto (30-50),12541.0,0.0,39.16,24808.73,18723.19,49073.47,0,Sin evaluar
2732,3298,F,56,central Bohemia,Bohemia,Adulto Mayor (>50),Bohemia - Adulto Mayor (>50),9307.0,4.0,65.15,38876.61,38550.41,57999.46,0,Sin evaluar
2733,3299,F,37,north Moravia,Moravia,Adulto (30-50),Moravia - Adulto (30-50),8369.0,5.0,60.29,11.61,854.2,27996.79,0,Sin evaluar
2734,3300,M,48,south Moravia,Moravia,Adulto (30-50),Moravia - Adulto (30-50),8240.0,3.0,24.48,10063.56,3754.9,26717.8,0,Sin evaluar
2736,3302,F,34,east Bohemia,Bohemia,Adulto (30-50),Bohemia - Adulto (30-50),8363.0,3.0,65.97,10384.6,5685.01,22279.09,0,Sin evaluar
2737,3304,M,59,north Moravia,Moravia,Adulto Mayor (>50),Moravia - Adulto Mayor (>50),8173.0,5.83,29.83,20981.56,15280.59,55942.82,0,Sin evaluar
2738,3305,F,27,north Bohemia,Bohemia,Joven (<30),Bohemia - Joven (<30),9832.0,3.0,61.6,15737.74,6839.29,31102.38,0,Sin evaluar
2739,3306,M,50,west Bohemia,Bohemia,Adulto Mayor (>50),Bohemia - Adulto Mayor (>50),8561.0,1.0,61.04,7703.01,2913.83,23542.65,0,Sin evaluar
2740,3307,F,19,south Bohemia,Bohemia,Joven (<30),Bohemia - Joven (<30),10045.0,1.0,55.79,24206.6,23914.68,37768.38,0,Sin evaluar
2741,3308,M,50,south Bohemia,Bohemia,Adulto Mayor (>50),Bohemia - Adulto Mayor (>50),9045.0,3.0,66.79,25514.54,25115.41,53773.28,0,Sin evaluar
2742,3310,M,44,west Bohemia,Bohemia,Adulto (30-50),Bohemia - Adulto (30-50),8624.0,2.0,50.53,16963.96,11220.66,42411.12,0,Sin evaluar
2743,3311,M,44,east Bohemia,Bohemia,Adulto (30-50),Bohemia - Adulto (30-50),8541.0,3.0,19.32,22038.61,14963.77,32000.71,0,Sin evaluar
2744,3312,F,27,north Moravia,Moravia,Joven (<30),Moravia - Joven (<30),10177.0,7.0,20.4,200.98,4552.94,27864.15,0,Sin evaluar
2745,3313,F,52,south Moravia,Moravia,Adulto Mayor (>50),Moravia - Adulto Mayor (>50),8441.0,3.0,15.08,22015.12,11470.82,44416.88,0,Sin evaluar
2746,3314,F,67,west Bohemia,Bohemia,Adulto Mayor (>50),Bohemia - Adulto Mayor (>50),8991.0,1.0,28.25,38.94,3597.88,28087.65,0,Sin evaluar
2747,3316,F,51,Prague,Praga,Adulto Mayor (>50),Praga - Adulto Mayor (>50),12541.0,0.0,52.57,6532.43,2463.38,23309.23,0,Sin evaluar
2749,3319,F,19,Prague,Praga,Joven (<30),Praga - Joven (<30),12541.0,0.0,55.29,43021.45,27518.39,57951.7,0,Sin evaluar
2750,3321,F,29,central Bohemia,Bohemia,Joven (<30),Bohemia - Joven (<30),8598.0,3.0,44.62,8129.72,3704.62,33850.85,0,Sin evaluar
2751,3322,M,50,west Bohemia,Bohemia,Adulto Mayor (>50),Bohemia - Adulto Mayor (>50),8930.0,4.0,44.12,8196.37,3760.65,38148.79,0,Sin evaluar
2752,3323,F,17,north Moravia,Moravia,Joven (<30),Moravia - Joven (<30),10673.0,5.0,31.54,9249.02,8134.12,39792.11,0,Sin evaluar
2753,3324,F,27,west Bohemia,Bohemia,Joven (<30),Bohemia - Joven (<30),10787.0,3.0,34.56,66.55,15655.41,32738.8,0,Sin evaluar
2754,3326,F,46,south Moravia,Moravia,Adulto (30-50),Moravia - Adulto (30-50),8720.0,4.0,35.15,14.22,36685.83,40543.87,0,Sin evaluar
2755,3327,F,61,south Bohemia,Bohemia,Adulto Mayor (>50),Bohemia - Adulto Mayor (>50),8547.0,3.0,47.15,8.48,1920.04,23087.58,0,Sin evaluar
2756,3328,M,32,west Bohemia,Bohemia,Adulto (30-50),Bohemia - Adulto (30-50),8991.0,1.0,14.32,22335.06,15265.36,29492.92,0,Sin evaluar
2757,3329,M,37,south Moravia,Moravia,Adulto (30-50),Moravia - Adulto (30-50),9897.0,2.0,31.57,9.5,750.71,16501.29,0,Sin evaluar
2758,3331,F,28,north Moravia,Moravia,Joven (<30),Moravia - Joven (<30),10177.0,7.0,67.42,9843.38,4670.42,36782.75,0,Sin evaluar
2759,3332,F,29,east Bohemia,Bohemia,Joven (<30),Bohemia - Joven (<30),8369.0,2.0,26.25,32783.66,23538.4,47633.22,0,Sin evaluar
2760,3333,F,49,central Bohemia,Bohemia,Adulto (30-50),Bohemia - Adulto (30-50),10124.0,1.0,21.59,17339.51,6848.54,38405.47,0,Sin evaluar
2761,3334,M,31,Prague,Praga,Adulto (30-50),Praga - Adulto (30-50),12541.0,0.0,24.15,19524.97,13167.7,25651.86,0,Sin evaluar
2762,3335,M,31,central Bohemia,Bohemia,Adulto (30-50),Bohemia - Adulto (30-50),9622.0,0.0,69.39,53449.08,43867.01,60965.34,0,Buen Pagador
2763,3336,F,47,south Moravia,Moravia,Adulto (30-50),Moravia - Adulto (30-50),9624.0,2.0,70.6,44708.14,35354.05,54337.91,0,Sin evaluar
2764,3337,M,46,south Moravia,Moravia,Adulto (30-50),Moravia - Adulto (30-50),8240.0,3.0,28.52,17959.78,12054.7,51750.89,0,Sin evaluar
2765,3338,F,56,north Moravia,Moravia,Adulto Mayor (>50),Moravia - Adulto Mayor (>50),8173.0,5.83,15.34,9304.95,4894.39,20027.52,0,Sin evaluar
2766,3339,F,22,west Bohemia,Bohemia,Joven (<30),Bohemia - Joven (<30),8930.0,4.0,22.31,7890.18,2275.21,40078.39,0,Sin evaluar
2767,3340,M,22,south Moravia,Moravia,Joven (<30),Moravia - Joven (<30),9897.0,2.0,33.28,21178.7,12752.4,43225.23,0,Sin evaluar
2768,3342,M,25,north Moravia,Moravia,Joven (<30),Moravia - Joven (<30),8746.0,3.0,60.35,1057.17,2300.41,30642.57,0,Sin evaluar
2770,3344,M,37,east Bohemia,Bohemia,Adulto (30-50),Bohemia - Adulto (30-50),8388.0,2.0,60.19,1186.24,2075.93,30190.95,0,Sin evaluar
2771,3345,F,57,north Bohemia,Bohemia,Adulto Mayor (>50),Bohemia - Adulto Mayor (>50),9065.0,4.0,64.43,21171.18,13946.92,36494.52,0,Sin evaluar
2772,3347,M,62,central Bohemia,Bohemia,Adulto Mayor (>50),Bohemia - Adulto Mayor (>50),9622.0,0.0,34.2,13792.51,5350.88,38344.84,0,Sin evaluar
2773,3348,F,20,north Bohemia,Bohemia,Joven (<30),Bohemia - Joven (<30),8965.0,7.0,30.26,18504.79,13441.51,37416.92,0,Sin evaluar
2774,3349,M,35,east Bohemia,Bohemia,Adulto (30-50),Bohemia - Adulto (30-50),8388.0,2.0,34.83,6637.84,2788.4,20562.74,0,Sin evaluar
2775,3350,M,48,west Bohemia,Bohemia,Adulto (30-50),Bohemia - Adulto (30-50),9650.0,3.0,12.75,400.0,23849.1,53138.34,0,Sin evaluar
2776,3352,M,79,west Bohemia,Bohemia,Adulto Mayor (>50),Bohemia - Adulto Mayor (>50),8624.0,2.0,16.69,29.96,2606.35,16908.19,0,Sin evaluar
2777,3354,F,55,south Moravia,Moravia,Adulto Mayor (>50),Moravia - Adulto Mayor (>50),8544.0,1.0,24.18,1823.82,723.74,22204.35,0,Sin evaluar
2778,3355,M,45,north Bohemia,Bohemia,Adulto (30-50),Bohemia - Adulto (30-50),8965.0,7.0,60.02,14200.77,8206.93,24820.11,0,Sin evaluar
2779,3356,M,24,north Moravia,Moravia,Joven (<30),Moravia - Joven (<30),8746.0,3.0,66.53,18694.15,9702.39,56277.6,0,Sin evaluar
2780,3357,F,44,south Moravia,Moravia,Adulto (30-50),Moravia - Adulto (30-50),8288.0,4.0,36.07,15264.71,13673.41,43098.26,0,Sin evaluar
2781,3358,M,23,south Bohemia,Bohemia,Joven (<30),Bohemia - Joven (<30),8427.0,1.0,42.38,8651.75,7450.45,44821.05,0,Sin evaluar
2782,3359,M,53,Prague,Praga,Adulto Mayor (>50),Praga - Adulto Mayor (>50),12541.0,0.0,22.08,720.11,26646.6,48824.56,0,Sin evaluar
2783,3360,F,22,east Bohemia,Bohemia,Joven (<30),Bohemia - Joven (<30),9425.0,2.0,37.26,7809.61,6231.88,40259.71,0,Sin evaluar
2784,3361,F,68,north Bohemia,Bohemia,Adulto Mayor (>50),Bohemia - Adulto Mayor (>50),9317.0,6.0,14.03,21.38,2103.35,29456.53,0,Sin evaluar
2787,3365,F,32,Prague,Praga,Adulto (30-50),Praga - Adulto (30-50),12541.0,0.0,12.78,22538.5,13716.74,39225.85,0,Sin evaluar
2788,3366,F,39,south Moravia,Moravia,Adulto (30-50),Moravia - Adulto (30-50),9897.0,2.0,50.63,15249.22,11590.36,30079.59,0,Sin evaluar
2789,3368,F,46,south Bohemia,Bohemia,Adulto (30-50),Bohemia - Adulto (30-50),10045.0,1.0,59.96,14272.01,9267.85,47890.56,0,Sin evaluar
2790,3369,M,46,Prague,Praga,Adulto (30-50),Praga - Adulto (30-50),12541.0,0.0,50.43,18386.26,9300.02,63471.56,0,Sin evaluar
2791,3370,M,79,west Bohemia,Bohemia,Adulto Mayor (>50),Bohemia - Adulto Mayor (>50),8554.0,2.0,12.39,88.78,2020.18,17335.71,0,Sin evaluar
2792,3372,M,28,Prague,Praga,Joven (<30),Praga - Joven (<30),12541.0,0.0,28.16,1629.97,1661.93,30975.8,0,Sin evaluar
2793,3373,M,46,central Bohemia,Bohemia,Adulto (30-50),Bohemia - Adulto (30-50),9307.0,4.0,62.72,12.76,981.03,19928.49,0,Sin evaluar
2794,3375,M,44,north Moravia,Moravia,Adulto (30-50),Moravia - Adulto (30-50),10673.0,5.0,28.75,13355.37,13188.17,17595.33,8,Sin evaluar
2795,3376,F,53,central Bohemia,Bohemia,Adulto Mayor (>50),Bohemia - Adulto Mayor (>50),9622.0,0.0,28.35,21432.06,11402.47,37545.97,0,Sin evaluar
2796,3378,M,41,central Bohemia,Bohemia,Adulto (30-50),Bohemia - Adulto (30-50),9307.0,4.0,12.75,78.43,34952.63,73430.7,0,Sin evaluar
2797,3380,F,20,north Moravia,Moravia,Joven (<30),Moravia - Joven (<30),10673.0,5.0,22.11,20269.11,18677.52,28214.26,0,Sin evaluar
2798,3381,F,33,north Moravia,Moravia,Adulto (30-50),Moravia - Adulto (30-50),10177.0,7.0,52.24,336.91,15683.65,34989.9,0,Sin evaluar
2799,3382,M,44,south Moravia,Moravia,Adulto (30-50),Moravia - Adulto (30-50),9897.0,2.0,56.94,40018.48,31965.93,51096.68,0,Sin evaluar
2800,3384,F,56,north Bohemia,Bohemia,Adulto Mayor (>50),Bohemia - Adulto Mayor (>50),9832.0,3.0,19.78,21643.28,12467.14,44518.46,0,Sin evaluar
2801,3385,F,74,central Bohemia,Bohemia,Adulto Mayor (>50),Bohemia - Adulto Mayor (>50),9622.0,0.0,27.24,33.04,1502.57,33956.34,0,Sin evaluar
2802,3386,F,58,east Bohemia,Bohemia,Adulto Mayor (>50),Bohemia - Adulto Mayor (>50),8208.0,2.0,63.47,1135.97,2008.35,26071.86,0,Sin evaluar
2803,3387,M,55,south Moravia,Moravia,Adulto Mayor (>50),Moravia - Adulto Mayor (>50),8757.0,3.0,36.99,38854.8,36521.63,60324.19,0,Sin evaluar
2804,3388,F,33,south Moravia,Moravia,Adulto (30-50),Moravia - Adulto (30-50),8240.0,3.0,34.27,7829.82,6355.41,38944.65,0,Sin evaluar
2805,3389,F,31,north Bohemia,Bohemia,Adulto (30-50),Bohemia - Adulto (30-50),10446.0,7.0,31.38,31.87,815.17,16621.16,0,Sin evaluar
2806,3390,F,26,south Moravia,Moravia,Joven (<30),Moravia - Joven (<30),8240.0,3.0,18.17,10714.14,5168.96,32058.37,0,Sin evaluar
2807,3391,M,27,east Bohemia,Bohemia,Joven (<30),Bohemia - Joven (<30),8388.0,2.0,26.87,16548.38,15696.91,37297.68,0,Sin evaluar
2808,3392,F,23,Prague,Praga,Joven (<30),Praga - Joven (<30),12541.0,0.0,48.43,6070.58,5053.69,49450.5,0,Sin evaluar
2809,3393,F,44,north Moravia,Moravia,Adulto (30-50),Moravia - Adulto (30-50),8746.0,3.0,48.76,16112.67,8344.95,31963.33,0,Sin evaluar
2810,3394,F,18,south Moravia,Moravia,Joven (<30),Moravia - Joven (<30),8512.0,4.0,45.54,12777.51,5487.48,26304.73,0,Sin evaluar
2811,3395,M,36,central Bohemia,Bohemia,Adulto (30-50),Bohemia - Adulto (30-50),9753.0,5.0,35.94,46140.51,33262.02,61565.57,0,Sin evaluar
2812,3396,F,21,south Bohemia,Bohemia,Joven (<30),Bohemia - Joven (<30),8968.0,3.0,29.86,26683.69,18079.71,27631.59,0,Sin evaluar
2813,3397,F,24,west Bohemia,Bohemia,Joven (<30),Bohemia - Joven (<30),8991.0,1.0,60.52,15554.03,9208.53,25644.94,0,Sin evaluar
2814,3399,M,66,north Moravia,Moravia,Adulto Mayor (>50),Moravia - Adulto Mayor (>50),8994.0,4.0,68.21,7.33,1755.61,21291.77,0,Sin evaluar
2816,3402,F,46,north Moravia,Moravia,Adulto (30-50),Moravia - Adulto (30-50),10673.0,5.0,19.91,19830.04,13448.52,45091.77,0,Sin evaluar
2817,3404,F,58,south Moravia,Moravia,Adulto Mayor (>50),Moravia - Adulto Mayor (>50),8772.0,5.0,68.8,14914.24,13601.74,52193.03,0,Sin evaluar
2818,3405,M,49,north Bohemia,Bohemia,Adulto (30-50),Bohemia - Adulto (30-50),9317.0,6.0,65.35,408.57,35077.11,62138.47,0,Sin evaluar
2819,3407,F,25,north Bohemia,Bohemia,Joven (<30),Bohemia - Joven (<30),8867.0,1.0,53.52,19657.92,10062.41,51328.24,0,Sin evaluar
2820,3409,M,79,north Bohemia,Bohemia,Adulto Mayor (>50),Bohemia - Adulto Mayor (>50),9198.0,3.0,12.65,23.72,1357.31,19964.52,0,Sin evaluar
2821,3410,M,33,south Moravia,Moravia,Adulto (30-50),Moravia - Adulto (30-50),9897.0,2.0,29.63,10125.28,4481.94,19430.27,0,Sin evaluar
2823,3412,M,23,south Moravia,Moravia,Joven (<30),Moravia - Joven (<30),8720.0,4.0,68.44,4.38,1037.99,19402.39,0,Sin evaluar
2824,3414,F,51,central Bohemia,Bohemia,Adulto Mayor (>50),Bohemia - Adulto Mayor (>50),9622.0,0.0,62.36,16965.09,7828.09,56606.81,0,Sin evaluar
2825,3415,F,25,south Moravia,Moravia,Joven (<30),Moravia - Joven (<30),9897.0,2.0,29.7,26193.6,18966.33,43742.11,0,Sin evaluar
2826,3416,M,20,north Bohemia,Bohemia,Joven (<30),Bohemia - Joven (<30),8867.0,1.0,25.33,16013.82,10592.97,32190.88,0,Sin evaluar
2827,3418,F,35,north Moravia,Moravia,Adulto (30-50),Moravia - Adulto (30-50),10177.0,7.0,24.41,22679.56,20024.58,68148.69,0,Sin evaluar
2829,3420,M,19,south Moravia,Moravia,Joven (<30),Moravia - Joven (<30),8512.0,4.0,16.43,5564.52,4516.13,22419.96,0,Sin evaluar
2830,3421,M,51,south Bohemia,Bohemia,Adulto Mayor (>50),Bohemia - Adulto Mayor (>50),8547.0,3.0,40.9,15462.89,6464.55,30122.52,0,Sin evaluar
2831,3422,F,47,Prague,Praga,Adulto (30-50),Praga - Adulto (30-50),12541.0,0.0,13.67,26470.15,18014.63,61699.53,0,Sin evaluar
2832,3423,F,27,central Bohemia,Bohemia,Joven (<30),Bohemia - Joven (<30),8754.0,4.0,13.27,52.75,409.19,15651.96,0,Sin evaluar
2833,3424,M,80,south Moravia,Moravia,Adulto Mayor (>50),Moravia - Adulto Mayor (>50),9624.0,2.0,40.05,9.99,1387.77,18203.92,0,Sin evaluar
2834,3425,M,28,north Moravia,Moravia,Joven (<30),Moravia - Joven (<30),10177.0,7.0,38.57,20664.64,12634.17,52913.3,0,Sin evaluar
2835,3426,M,20,north Moravia,Moravia,Joven (<30),Moravia - Joven (<30),8746.0,3.0,38.93,5257.28,4925.51,27953.45,0,Sin evaluar
2836,3427,M,18,east Bohemia,Bohemia,Joven (<30),Bohemia - Joven (<30),8388.0,2.0,37.42,21028.97,10324.96,41271.62,0,Sin evaluar
2837,3429,M,57,east Bohemia,Bohemia,Adulto Mayor (>50),Bohemia - Adulto Mayor (>50),8369.0,2.0,30.95,23250.4,22600.97,30019.84,0,Sin evaluar
2838,3430,M,47,central Bohemia,Bohemia,Adulto (30-50),Bohemia - Adulto (30-50),8980.0,2.0,68.6,54104.34,49941.38,75648.26,0,Sin evaluar
2839,3431,F,19,north Moravia,Moravia,Joven (<30),Moravia - Joven (<30),10177.0,7.0,44.91,21980.07,13463.37,38740.63,0,Sin evaluar
2840,3432,M,25,south Bohemia,Bohemia,Joven (<30),Bohemia - Joven (<30),9045.0,3.0,50.73,30576.25,19521.62,54086.94,0,Sin evaluar
2841,3433,M,36,north Moravia,Moravia,Adulto (30-50),Moravia - Adulto (30-50),8678.0,6.0,65.15,10175.06,6536.61,23638.36,0,Sin evaluar
2842,3435,F,53,central Bohemia,Bohemia,Adulto Mayor (>50),Bohemia - Adulto Mayor (>50),9753.0,5.0,60.06,3.33,889.11,17964.6,0,Sin evaluar
2843,3436,M,40,west Bohemia,Bohemia,Adulto (30-50),Bohemia - Adulto (30-50),9650.0,3.0,21.09,19427.93,11839.73,27457.21,0,Sin evaluar
2844,3438,M,56,east Bohemia,Bohemia,Adulto Mayor (>50),Bohemia - Adulto Mayor (>50),9425.0,2.0,35.38,22732.08,20466.93,59471.98,0,Sin evaluar
2845,3439,M,31,south Moravia,Moravia,Adulto (30-50),Moravia - Adulto (30-50),8544.0,1.0,16.33,23420.76,15401.1,52333.38,0,Sin evaluar
2846,3440,F,60,Prague,Praga,Adulto Mayor (>50),Praga - Adulto Mayor (>50),12541.0,0.0,15.11,52.95,3168.76,20636.0,0,Sin evaluar
2847,3441,M,40,north Moravia,Moravia,Adulto (30-50),Moravia - Adulto (30-50),8819.0,5.0,55.79,9858.04,4378.92,37081.07,0,Sin evaluar
2849,3443,F,64,Prague,Praga,Adulto Mayor (>50),Praga - Adulto Mayor (>50),12541.0,0.0,63.47,14.18,3697.18,22493.63,0,Sin evaluar
2850,3444,M,21,south Moravia,Moravia,Joven (<30),Moravia - Joven (<30),8720.0,4.0,13.27,30.14,391.11,15965.72,0,Sin evaluar
2851,3445,F,19,south Bohemia,Bohemia,Joven (<30),Bohemia - Joven (<30),8114.0,2.0,36.96,9071.4,8800.05,35211.37,0,Sin evaluar
2852,3446,M,41,north Moravia,Moravia,Adulto (30-50),Moravia - Adulto (30-50),10177.0,7.0,24.05,2058.21,952.18,26764.0,0,Sin evaluar
2853,3447,F,49,south Moravia,Moravia,Adulto (30-50),Moravia - Adulto (30-50),9897.0,2.0,39.75,1615.09,1412.58,50304.14,0,Sin evaluar
2854,3448,M,44,Prague,Praga,Adulto (30-50),Praga - Adulto (30-50),12541.0,0.0,23.39,21682.34,15322.79,64792.93,0,Sin evaluar
2855,3449,M,70,west Bohemia,Bohemia,Adulto Mayor (>50),Bohemia - Adulto Mayor (>50),8561.0,1.0,40.34,9.92,1639.56,32683.37,0,Sin evaluar
2856,3450,M,22,west Bohemia,Bohemia,Joven (<30),Bohemia - Joven (<30),8554.0,2.0,45.47,15589.18,9025.73,28680.16,0,Sin evaluar
2857,3451,M,24,south Bohemia,Bohemia,Joven (<30),Bohemia - Joven (<30),8402.0,3.0,20.11,45762.85,40323.47,57947.72,0,Sin evaluar
2858,3453,M,48,south Moravia,Moravia,Adulto (30-50),Moravia - Adulto (30-50),8772.0,5.0,40.31,11515.5,5078.14,33073.55,0,Sin evaluar
2859,3454,F,49,central Bohemia,Bohemia,Adulto (30-50),Bohemia - Adulto (30-50),9622.0,0.0,62.26,35404.82,34447.4,54987.53,0,Sin evaluar
2860,3456,F,53,south Moravia,Moravia,Adulto Mayor (>50),Moravia - Adulto Mayor (>50),9897.0,2.0,19.06,36313.48,34696.12,52034.05,0,Sin evaluar
2861,3457,F,75,north Moravia,Moravia,Adulto Mayor (>50),Moravia - Adulto Mayor (>50),8819.0,5.0,70.64,4.25,3200.03,23717.75,0,Sin evaluar
2862,3458,M,45,north Bohemia,Bohemia,Adulto (30-50),Bohemia - Adulto (30-50),8705.0,6.0,66.79,26290.24,18826.17,46438.85,0,Sin evaluar
2863,3459,F,34,south Bohemia,Bohemia,Adulto (30-50),Bohemia - Adulto (30-50),10045.0,1.0,35.32,11649.94,4914.5,38457.05,0,Sin evaluar
2864,3461,M,40,south Moravia,Moravia,Adulto (30-50),Moravia - Adulto (30-50),9897.0,2.0,33.51,16431.72,8369.44,34659.48,0,Sin evaluar
2865,3463,F,19,Prague,Praga,Joven (<30),Praga - Joven (<30),12541.0,0.0,45.96,13278.94,9597.04,32238.78,0,Sin evaluar
2866,3464,M,45,east Bohemia,Bohemia,Adulto (30-50),Bohemia - Adulto (30-50),9425.0,2.0,39.59,18868.78,13051.28,42329.24,0,Sin evaluar
2867,3465,M,56,west Bohemia,Bohemia,Adulto Mayor (>50),Bohemia - Adulto Mayor (>50),9650.0,3.0,61.86,25759.13,16610.09,65021.97,0,Sin evaluar
2868,3466,F,62,Prague,Praga,Adulto Mayor (>50),Praga - Adulto Mayor (>50),12541.0,0.0,54.54,14.67,1443.34,20405.29,0,Sin evaluar
2869,3468,F,65,north Moravia,Moravia,Adulto Mayor (>50),Moravia - Adulto Mayor (>50),9893.0,4.0,27.1,7.38,2628.78,22107.85,0,Sin evaluar
2870,3469,F,23,Prague,Praga,Joven (<30),Praga - Joven (<30),12541.0,0.0,30.42,10823.64,4524.65,41011.03,0,Sin evaluar
2871,3470,F,61,east Bohemia,Bohemia,Adulto Mayor (>50),Bohemia - Adulto Mayor (>50),8363.0,3.0,38.05,15.77,2718.79,24575.28,0,Sin evaluar
2872,3471,F,46,Prague,Praga,Adulto (30-50),Praga - Adulto (30-50),12541.0,0.0,27.86,13687.98,3109.83,18990.28,0,Sin evaluar
2873,3472,F,52,north Moravia,Moravia,Adulto Mayor (>50),Moravia - Adulto Mayor (>50),10177.0,7.0,24.57,18168.5,8881.56,44200.06,0,Sin evaluar
2874,3474,F,44,north Bohemia,Bohemia,Adulto (30-50),Bohemia - Adulto (30-50),9272.0,3.0,20.96,19.08,918.89,13123.47,0,Sin evaluar
2875,3475,M,41,south Bohemia,Bohemia,Adulto (30-50),Bohemia - Adulto (30-50),8402.0,3.0,24.21,18917.97,16336.22,45083.7,0,Sin evaluar
2876,3476,F,30,south Moravia,Moravia,Adulto (30-50),Moravia - Adulto (30-50),8441.0,3.0,68.3,18917.95,13510.98,32626.36,0,Sin evaluar
2877,3477,M,33,north Bohemia,Bohemia,Adulto (30-50),Bohemia - Adulto (30-50),9065.0,4.0,42.91,18.64,42373.57,69488.46,0,Sin evaluar
2878,3478,M,72,Prague,Praga,Adulto Mayor (>50),Praga - Adulto Mayor (>50),12541.0,0.0,18.56,37.72,3573.28,16472.72,0,Sin evaluar
2879,3480,F,47,south Bohemia,Bohemia,Adulto (30-50),Bohemia - Adulto (30-50),9045.0,3.0,14.55,11968.73,5969.76,24256.45,0,Sin evaluar
2880,3482,F,57,north Moravia,Moravia,Adulto Mayor (>50),Moravia - Adulto Mayor (>50),8678.0,6.0,66.5,18831.97,11292.93,36943.36,0,Sin evaluar
2881,3483,M,58,north Moravia,Moravia,Adulto Mayor (>50),Moravia - Adulto Mayor (>50),10177.0,7.0,71.85,9896.95,4985.94,37817.63,0,Sin evaluar
2882,3484,M,26,east Bohemia,Bohemia,Joven (<30),Bohemia - Joven (<30),8254.0,3.0,29.37,17811.27,11084.88,34354.72,0,Sin evaluar
2883,3485,M,76,north Moravia,Moravia,Adulto Mayor (>50),Moravia - Adulto Mayor (>50),8909.0,4.0,18.07,11.07,2437.74,20819.68,0,Sin evaluar
2884,3486,M,36,north Moravia,Moravia,Adulto (30-50),Moravia - Adulto (30-50),8909.0,4.0,70.7,8558.27,3654.88,46009.03,0,Sin evaluar
2885,3487,M,39,Prague,Praga,Adulto (30-50),Praga - Adulto (30-50),12541.0,0.0,27.86,21486.83,11435.75,59248.85,0,Sin evaluar
2886,3488,M,43,Prague,Praga,Adulto (30-50),Praga - Adulto (30-50),12541.0,0.0,56.77,7223.08,3838.29,26664.27,0,Sin evaluar
2887,3489,M,32,north Moravia,Moravia,Adulto (30-50),Moravia - Adulto (30-50),8369.0,5.0,29.6,23615.41,16952.7,50366.95,0,Sin evaluar
2888,3490,M,78,south Bohemia,Bohemia,Adulto Mayor (>50),Bohemia - Adulto Mayor (>50),8402.0,3.0,31.28,22.38,1549.55,15688.46,0,Sin evaluar
2889,3492,F,28,central Bohemia,Bohemia,Joven (<30),Bohemia - Joven (<30),11277.0,1.0,33.28,27.04,34037.86,54113.74,0,Sin evaluar
2890,3493,F,33,north Moravia,Moravia,Adulto (30-50),Moravia - Adulto (30-50),8173.0,5.83,34.76,25415.54,19272.15,37418.0,0,Sin evaluar
2891,3494,M,29,east Bohemia,Bohemia,Joven (<30),Bohemia - Joven (<30),8388.0,2.0,19.12,20694.98,11786.61,27364.04,0,Sin evaluar
2892,3495,F,57,south Moravia,Moravia,Adulto Mayor (>50),Moravia - Adulto Mayor (>50),9624.0,2.0,12.48,3149.04,112.18,22646.15,0,Sin evaluar
2893,3497,F,28,north Bohemia,Bohemia,Joven (<30),Bohemia - Joven (<30),10446.0,7.0,34.73,20.16,812.27,18669.21,0,Sin evaluar
2894,3498,M,60,north Moravia,Moravia,Adulto Mayor (>50),Moravia - Adulto Mayor (>50),8909.0,4.0,64.1,47070.62,46393.23,73180.72,0,Sin evaluar
2895,3499,M,29,south Bohemia,Bohemia,Joven (<30),Bohemia - Joven (<30),8402.0,3.0,69.75,19790.62,13941.51,33615.37,0,Sin evaluar
2896,3500,M,38,west Bohemia,Bohemia,Adulto (30-50),Bohemia - Adulto (30-50),8843.0,3.0,69.06,5.79,944.83,19522.21,0,Sin evaluar
2897,3501,M,34,east Bohemia,Bohemia,Adulto (30-50),Bohemia - Adulto (30-50),8541.0,3.0,14.65,66117.68,55227.99,70732.36,0,Sin evaluar
2898,3502,M,46,south Moravia,Moravia,Adulto (30-50),Moravia - Adulto (30-50),9897.0,2.0,25.23,18275.47,11369.01,44224.7,0,Sin evaluar
2899,3504,M,46,north Bohemia,Bohemia,Adulto (30-50),Bohemia - Adulto (30-50),9317.0,6.0,20.93,25988.82,16306.74,51390.97,0,Sin evaluar
2900,3505,M,21,south Bohemia,Bohemia,Joven (<30),Bohemia - Joven (<30),8547.0,3.0,19.58,5702.5,5178.75,29950.81,0,Sin evaluar
2901,3506,F,37,Prague,Praga,Adulto (30-50),Praga - Adulto (30-50),12541.0,0.0,20.73,9942.69,3609.26,42010.97,0,Sin evaluar
2902,3507,F,52,north Bohemia,Bohemia,Adulto Mayor (>50),Bohemia - Adulto Mayor (>50),9272.0,3.0,71.06,21960.41,15576.98,37695.79,0,Sin evaluar
2903,3508,M,28,north Bohemia,Bohemia,Joven (<30),Bohemia - Joven (<30),8965.0,7.0,55.43,23993.96,16738.59,45044.32,0,Sin evaluar
2904,3510,M,59,central Bohemia,Bohemia,Adulto Mayor (>50),Bohemia - Adulto Mayor (>50),8598.0,3.0,33.38,2216.9,17489.22,38085.7,2,Sin evaluar
2905,3511,M,35,north Moravia,Moravia,Adulto (30-50),Moravia - Adulto (30-50),10673.0,5.0,50.92,14052.38,13051.06,45038.69,0,Sin evaluar
2906,3512,M,52,east Bohemia,Bohemia,Adulto Mayor (>50),Bohemia - Adulto Mayor (>50),8208.0,2.0,27.33,17963.92,9443.83,33966.6,0,Sin evaluar
2907,3513,M,76,north Moravia,Moravia,Adulto Mayor (>50),Moravia - Adulto Mayor (>50),10177.0,7.0,63.7,10.99,2839.25,21936.45,0,Sin evaluar
2908,3515,F,23,south Moravia,Moravia,Joven (<30),Moravia - Joven (<30),8814.0,5.0,21.52,18393.63,12300.19,59462.72,0,Sin evaluar
2909,3516,F,27,south Moravia,Moravia,Joven (<30),Moravia - Joven (<30),8757.0,3.0,32.89,12933.32,5554.88,40696.15,0,Sin evaluar
2910,3517,F,45,north Moravia,Moravia,Adulto (30-50),Moravia - Adulto (30-50),9893.0,4.0,14.32,62.85,33190.64,44637.11,0,Sin evaluar
2911,3518,F,43,north Bohemia,Bohemia,Adulto (30-50),Bohemia - Adulto (30-50),8705.0,6.0,46.16,13269.06,5014.3,30758.93,0,Sin evaluar
2912,3519,M,49,north Moravia,Moravia,Adulto (30-50),Moravia - Adulto (30-50),10673.0,5.0,53.06,53176.27,48033.98,67985.5,0,Sin evaluar
2913,3520,F,70,central Bohemia,Bohemia,Adulto Mayor (>50),Bohemia - Adulto Mayor (>50),11277.0,1.0,60.09,18.31,1505.08,15875.38,0,Sin evaluar
2914,3521,M,34,central Bohemia,Bohemia,Adulto (30-50),Bohemia - Adulto (30-50),9753.0,5.0,27.73,9816.52,4114.68,32239.26,0,Sin evaluar
2915,3522,M,35,south Moravia,Moravia,Adulto (30-50),Moravia - Adulto (30-50),8720.0,4.0,65.28,269.61,51133.26,65324.47,0,Sin evaluar
2916,3523,M,34,central Bohemia,Bohemia,Adulto (30-50),Bohemia - Adulto (30-50),8546.0,3.0,24.9,14465.86,7614.46,37047.45,0,Sin evaluar
2917,3524,F,53,north Moravia,Moravia,Adulto Mayor (>50),Moravia - Adulto Mayor (>50),9893.0,4.0,28.75,18324.87,11889.39,29266.72,0,Sin evaluar
2918,3525,M,24,south Bohemia,Bohemia,Joven (<30),Bohemia - Joven (<30),9045.0,3.0,12.85,36543.19,26756.34,38277.79,0,Sin evaluar
2919,3527,M,20,north Moravia,Moravia,Joven (<30),Moravia - Joven (<30),8909.0,4.0,43.73,15447.7,8310.54,22396.31,0,Sin evaluar
2920,3528,F,28,north Moravia,Moravia,Joven (<30),Moravia - Joven (<30),8746.0,3.0,13.57,23562.12,17599.12,35972.15,0,Sin evaluar
2921,3529,M,25,south Moravia,Moravia,Joven (<30),Moravia - Joven (<30),9897.0,2.0,27.3,15417.91,8956.04,27360.37,0,Sin evaluar
2922,3530,F,27,south Bohemia,Bohemia,Joven (<30),Bohemia - Joven (<30),8427.0,1.0,54.83,30224.59,30048.11,49953.63,0,Sin evaluar
2923,3531,M,78,east Bohemia,Bohemia,Adulto Mayor (>50),Bohemia - Adulto Mayor (>50),9425.0,2.0,47.67,10.49,1350.95,18303.92,0,Sin evaluar
2924,3532,M,63,south Moravia,Moravia,Adulto Mayor (>50),Moravia - Adulto Mayor (>50),8772.0,5.0,50.5,11589.52,11043.56,37951.82,0,Sin evaluar
2925,3533,F,35,Prague,Praga,Adulto (30-50),Praga - Adulto (30-50),12541.0,0.0,71.66,7563.33,3121.69,26564.15,0,Sin evaluar
2926,3534,F,27,east Bohemia,Bohemia,Joven (<30),Bohemia - Joven (<30),8187.0,5.0,71.52,12046.53,7832.77,39803.37,0,Sin evaluar
2927,3535,M,25,north Bohemia,Bohemia,Joven (<30),Bohemia - Joven (<30),9065.0,4.0,16.89,15256.66,13097.51,52368.45,0,Sin evaluar
2928,3536,M,76,south Moravia,Moravia,Adulto Mayor (>50),Moravia - Adulto Mayor (>50),8743.0,2.0,60.55,8.26,1891.33,23925.0,0,Sin evaluar
2929,3537,M,52,east Bohemia,Bohemia,Adulto Mayor (>50),Bohemia - Adulto Mayor (>50),8541.0,3.0,32.82,322.97,27196.25,66853.79,0,Sin evaluar
2930,3538,F,54,Prague,Praga,Adulto Mayor (>50),Praga - Adulto Mayor (>50),12541.0,0.0,28.22,43578.63,30117.65,65576.27,0,Sin evaluar
2931,3539,M,78,north Bohemia,Bohemia,Adulto Mayor (>50),Bohemia - Adulto Mayor (>50),9198.0,3.0,43.93,11.38,1245.39,18544.31,0,Sin evaluar
2932,3540,M,62,east Bohemia,Bohemia,Adulto Mayor (>50),Bohemia - Adulto Mayor (>50),8541.0,3.0,67.91,41339.45,36286.92,54588.19,0,Sin evaluar
2933,3542,M,59,central Bohemia,Bohemia,Adulto Mayor (>50),Bohemia - Adulto Mayor (>50),10124.0,1.0,66.43,37821.68,27987.78,52304.97,0,Sin evaluar
2934,3544,F,37,Prague,Praga,Adulto (30-50),Praga - Adulto (30-50),12541.0,0.0,26.74,37118.06,33373.64,62346.31,0,Sin evaluar
2935,3545,M,32,north Moravia,Moravia,Adulto (30-50),Moravia - Adulto (30-50),9893.0,4.0,43.56,4.59,834.02,16378.8,0,Sin evaluar
2936,3546,M,27,central Bohemia,Bohemia,Joven (<30),Bohemia - Joven (<30),8980.0,2.0,33.15,13546.09,5768.93,26998.25,0,Sin evaluar
2937,3547,F,74,Prague,Praga,Adulto Mayor (>50),Praga - Adulto Mayor (>50),12541.0,0.0,22.14,36.13,1852.3,13339.03,0,Sin evaluar
2938,3548,M,23,Prague,Praga,Joven (<30),Praga - Joven (<30),12541.0,0.0,64.89,48129.99,37024.24,59852.33,0,Sin evaluar
2939,3549,F,61,central Bohemia,Bohemia,Adulto Mayor (>50),Bohemia - Adulto Mayor (>50),9307.0,4.0,18.1,11.05,2499.45,20607.08,0,Sin evaluar
2940,3550,F,29,south Moravia,Moravia,Joven (<30),Moravia - Joven (<30),9897.0,2.0,66.23,22971.45,15501.92,39683.78,0,Sin evaluar
2942,3552,M,58,east Bohemia,Bohemia,Adulto Mayor (>50),Bohemia - Adulto Mayor (>50),8254.0,3.0,15.21,7600.53,2269.56,36908.71,0,Sin evaluar
2944,3554,F,33,west Bohemia,Bohemia,Adulto (30-50),Bohemia - Adulto (30-50),8620.0,1.0,35.65,8771.22,4449.37,29461.44,0,Sin evaluar
2945,3556,M,71,central Bohemia,Bohemia,Adulto Mayor (>50),Bohemia - Adulto Mayor (>50),8546.0,3.0,29.67,10.11,3848.33,17607.78,0,Sin evaluar
2946,3558,F,70,south Moravia,Moravia,Adulto Mayor (>50),Moravia - Adulto Mayor (>50),9897.0,2.0,31.8,34.59,1371.38,15229.42,0,Sin evaluar
2947,3559,F,59,south Moravia,Moravia,Adulto Mayor (>50),Moravia - Adulto Mayor (>50),8720.0,4.0,28.71,34.83,2444.79,23970.49,0,Sin evaluar
2949,3562,M,67,Prague,Praga,Adulto Mayor (>50),Praga - Adulto Mayor (>50),12541.0,0.0,50.33,7.95,4280.95,22684.44,0,Sin evaluar
2950,3564,M,50,south Moravia,Moravia,Adulto Mayor (>50),Moravia - Adulto Mayor (>50),8544.0,1.0,30.09,21688.1,12459.29,40332.52,0,Sin evaluar
2951,3565,M,36,east Bohemia,Bohemia,Adulto (30-50),Bohemia - Adulto (30-50),8254.0,3.0,63.8,12875.27,9781.82,48318.84,0,Sin evaluar
2952,3566,F,66,south Moravia,Moravia,Adulto Mayor (>50),Moravia - Adulto Mayor (>50),8403.0,6.0,20.11,44.75,2299.35,17156.96,0,Sin evaluar
2953,3567,M,50,Prague,Praga,Adulto Mayor (>50),Praga - Adulto Mayor (>50),12541.0,0.0,27.93,8153.63,3139.99,43324.16,0,Sin evaluar
2954,3568,M,57,Prague,Praga,Adulto Mayor (>50),Praga - Adulto Mayor (>50),12541.0,0.0,20.76,26398.51,15804.43,53881.24,0,Sin evaluar
2955,3569,M,65,north Moravia,Moravia,Adulto Mayor (>50),Moravia - Adulto Mayor (>50),8110.0,6.0,27.1,33.21,1429.15,21417.92,0,Sin evaluar
2956,3570,F,53,south Bohemia,Bohemia,Adulto Mayor (>50),Bohemia - Adulto Mayor (>50),9045.0,3.0,18.69,15969.56,6779.03,40192.53,0,Sin evaluar
2957,3571,M,28,west Bohemia,Bohemia,Joven (<30),Bohemia - Joven (<30),8554.0,2.0,41.13,23361.39,17971.8,46809.66,0,Sin evaluar
2958,3572,F,70,east Bohemia,Bohemia,Adulto Mayor (>50),Bohemia - Adulto Mayor (>50),9060.0,2.0,63.38,6.31,2055.38,17657.04,0,Sin evaluar
2959,3573,F,26,central Bohemia,Bohemia,Joven (<30),Bohemia - Joven (<30),11277.0,1.0,58.15,41209.13,40161.56,51423.49,0,Sin evaluar
2960,3574,F,52,south Bohemia,Bohemia,Adulto Mayor (>50),Bohemia - Adulto Mayor (>50),8402.0,3.0,51.35,14782.73,6235.64,29673.45,0,Sin evaluar
2961,3575,F,61,central Bohemia,Bohemia,Adulto Mayor (>50),Bohemia - Adulto Mayor (>50),8899.0,3.0,29.63,13.5,2530.88,24084.36,0,Sin evaluar
2962,3576,F,59,Prague,Praga,Adulto Mayor (>50),Praga - Adulto Mayor (>50),12541.0,0.0,67.06,36158.92,35410.6,60424.6,0,Buen Pagador
2963,3577,F,56,west Bohemia,Bohemia,Adulto Mayor (>50),Bohemia - Adulto Mayor (>50),8930.0,4.0,24.71,16903.28,10509.92,47222.07,0,Sin evaluar
2964,3578,M,71,north Moravia,Moravia,Adulto Mayor (>50),Moravia - Adulto Mayor (>50),8994.0,4.0,23.69,12.66,1596.88,20593.11,0,Sin evaluar
2965,3580,F,69,central Bohemia,Bohemia,Adulto Mayor (>50),Bohemia - Adulto Mayor (>50),8546.0,3.0,38.7,23.26,2615.25,22237.08,0,Sin evaluar
2966,3581,M,31,north Bohemia,Bohemia,Adulto (30-50),Bohemia - Adulto (30-50),8705.0,6.0,21.16,42819.23,34522.54,66716.01,0,Sin evaluar
2967,3582,M,43,north Bohemia,Bohemia,Adulto (30-50),Bohemia - Adulto (30-50),8965.0,7.0,25.56,15098.59,7707.36,24230.75,0,Sin evaluar
2968,3583,F,56,south Bohemia,Bohemia,Adulto Mayor (>50),Bohemia - Adulto Mayor (>50),9045.0,3.0,46.82,23.49,34616.13,56538.1,0,Sin evaluar
2969,3585,F,30,west Bohemia,Bohemia,Adulto (30-50),Bohemia - Adulto (30-50),8843.0,3.0,43.2,1409.72,537.04,26797.67,0,Sin evaluar
2970,3586,M,55,south Moravia,Moravia,Adulto Mayor (>50),Moravia - Adulto Mayor (>50),8441.0,3.0,71.26,10573.48,10065.39,32240.2,0,Sin evaluar
2971,3588,F,45,north Moravia,Moravia,Adulto (30-50),Moravia - Adulto (30-50),8369.0,5.0,60.25,21141.61,19791.98,48528.97,0,Sin evaluar
2972,3589,F,37,north Moravia,Moravia,Adulto (30-50),Moravia - Adulto (30-50),8746.0,3.0,61.24,37564.53,35752.99,62892.42,0,Sin evaluar
2973,3590,F,22,west Bohemia,Bohemia,Joven (<30),Bohemia - Joven (<30),8624.0,2.0,28.52,17635.24,11318.37,38405.18,0,Sin evaluar
2974,3591,M,68,north Moravia,Moravia,Adulto Mayor (>50),Moravia - Adulto Mayor (>50),10673.0,5.0,69.62,15.8,3563.06,38334.73,0,Sin evaluar
2976,3594,F,37,central Bohemia,Bohemia,Adulto (30-50),Bohemia - Adulto (30-50),8598.0,3.0,28.39,18146.53,10003.52,33597.32,0,Sin evaluar
2977,3595,M,33,west Bohemia,Bohemia,Adulto (30-50),Bohemia - Adulto (30-50),8594.0,2.0,30.36,279.97,36248.98,63188.32,0,Sin evaluar
2978,3596,M,23,north Moravia,Moravia,Joven (<30),Moravia - Joven (<30),10673.0,5.0,47.8,6326.03,3167.36,18221.19,0,Sin evaluar
2979,3597,F,65,central Bohemia,Bohemia,Adulto Mayor (>50),Bohemia - Adulto Mayor (>50),10124.0,1.0,13.27,52.75,1721.18,15206.29,0,Sin evaluar
2980,3598,M,75,south Moravia,Moravia,Adulto Mayor (>50),Moravia - Adulto Mayor (>50),8512.0,4.0,60.71,16.47,1641.57,19043.39,0,Sin evaluar
2981,3600,F,55,east Bohemia,Bohemia,Adulto Mayor (>50),Bohemia - Adulto Mayor (>50),8369.0,2.0,23.62,867.91,1828.96,17807.27,0,Sin evaluar
2982,3601,M,60,south Bohemia,Bohemia,Adulto Mayor (>50),Bohemia - Adulto Mayor (>50),8402.0,3.0,30.88,654.15,42120.53,66817.11,0,Sin evaluar
2983,3603,M,44,east Bohemia,Bohemia,Adulto (30-50),Bohemia - Adulto (30-50),8388.0,2.0,29.21,7351.45,5768.57,35420.2,0,Sin evaluar
2985,3605,M,64,north Moravia,Moravia,Adulto Mayor (>50),Moravia - Adulto Mayor (>50),8678.0,6.0,68.83,5.81,2359.87,26591.6,0,Sin evaluar
2986,3606,M,40,south Moravia,Moravia,Adulto (30-50),Moravia - Adulto (30-50),8288.0,4.0,32.72,25076.96,17773.23,51849.91,0,Sin evaluar
2987,3607,F,52,south Bohemia,Bohemia,Adulto Mayor (>50),Bohemia - Adulto Mayor (>50),8968.0,3.0,63.47,25426.37,19250.67,45126.0,0,Sin evaluar
2988,3608,M,51,south Moravia,Moravia,Adulto Mayor (>50),Moravia - Adulto Mayor (>50),8512.0,4.0,26.55,40627.91,37458.91,54237.55,0,Sin evaluar
2989,3610,M,79,north Bohemia,Bohemia,Adulto Mayor (>50),Bohemia - Adulto Mayor (>50),9198.0,3.0,61.08,9.82,1593.98,21876.44,0,Sin evaluar
2990,3611,F,26,west Bohemia,Bohemia,Joven (<30),Bohemia - Joven (<30),9650.0,3.0,27.47,6608.23,2548.23,35757.3,0,Sin evaluar
2991,3612,F,36,south Bohemia,Bohemia,Adulto (30-50),Bohemia - Adulto (30-50),8402.0,3.0,67.32,24255.5,14640.82,39204.65,0,Sin evaluar
2992,3614,F,27,east Bohemia,Bohemia,Joven (<30),Bohemia - Joven (<30),9425.0,2.0,17.68,12503.79,6139.14,31694.22,0,Sin evaluar
2993,3615,M,24,Prague,Praga,Joven (<30),Praga - Joven (<30),12541.0,0.0,34.56,39783.91,39385.21,61115.68,0,Sin evaluar
2994,3616,F,34,north Moravia,Moravia,Adulto (30-50),Moravia - Adulto (30-50),8909.0,4.0,31.93,21200.06,15507.05,50284.89,0,Sin evaluar
2995,3617,F,44,east Bohemia,Bohemia,Adulto (30-50),Bohemia - Adulto (30-50),8541.0,3.0,24.54,9752.49,5615.32,23899.37,3,Sin evaluar
2996,3618,M,45,south Moravia,Moravia,Adulto (30-50),Moravia - Adulto (30-50),9897.0,2.0,55.49,14995.86,6952.6,42751.67,0,Sin evaluar
2997,3619,M,43,north Bohemia,Bohemia,Adulto (30-50),Bohemia - Adulto (30-50),9317.0,6.0,15.7,1745.22,1649.04,24100.1,0,Sin evaluar
2998,3620,M,61,south Bohemia,Bohemia,Adulto Mayor (>50),Bohemia - Adulto Mayor (>50),9104.0,2.0,13.7,25320.22,19458.39,44457.87,0,Sin evaluar
2999,3621,M,59,south Moravia,Moravia,Adulto Mayor (>50),Moravia - Adulto Mayor (>50),8512.0,4.0,26.74,6252.24,3138.37,25752.46,0,Sin evaluar
3000,3623,F,33,west Bohemia,Bohemia,Adulto (30-50),Bohemia - Adulto (30-50),8594.0,2.0,65.58,8297.87,7452.88,43400.11,0,Sin evaluar
3001,3624,F,16,Prague,Praga,Joven (<30),Praga - Joven (<30),12541.0,0.0,69.26,7511.39,7250.22,34332.4,0,Sin evaluar
3003,3627,F,17,south Bohemia,Bohemia,Joven (<30),Bohemia - Joven (<30),8968.0,3.0,61.11,6295.97,4838.82,52129.23,0,Sin evaluar
3004,3628,F,71,central Bohemia,Bohemia,Adulto Mayor (>50),Bohemia - Adulto Mayor (>50),9622.0,0.0,28.29,24.74,1361.97,15608.8,0,Sin evaluar
3005,3629,M,51,east Bohemia,Bohemia,Adulto Mayor (>50),Bohemia - Adulto Mayor (>50),8388.0,2.0,23.62,24537.68,14181.88,44852.05,0,Sin evaluar
3006,3630,F,75,south Moravia,Moravia,Adulto Mayor (>50),Moravia - Adulto Mayor (>50),9624.0,2.0,47.97,4.17,2738.38,22779.72,0,Sin evaluar
3007,3632,F,55,south Bohemia,Bohemia,Adulto Mayor (>50),Bohemia - Adulto Mayor (>50),9045.0,3.0,70.9,24407.67,15437.24,41469.76,0,Sin evaluar
3008,3633,M,65,north Moravia,Moravia,Adulto Mayor (>50),Moravia - Adulto Mayor (>50),8994.0,4.0,70.08,2.85,4151.83,35493.68,0,Sin evaluar
3009,3634,M,75,Prague,Praga,Adulto Mayor (>50),Praga - Adulto Mayor (>50),12541.0,0.0,35.15,25.6,1111.52,20382.7,0,Sin evaluar
3010,3636,M,20,east Bohemia,Bohemia,Joven (<30),Bohemia - Joven (<30),8369.0,2.0,39.59,4937.94,2558.73,47626.0,0,Sin evaluar
3011,3637,M,39,south Moravia,Moravia,Adulto (30-50),Moravia - Adulto (30-50),9624.0,2.0,63.97,6.25,963.26,15727.35,0,Sin evaluar
3012,3638,F,55,east Bohemia,Bohemia,Adulto Mayor (>50),Bohemia - Adulto Mayor (>50),8208.0,2.0,20.44,1428.57,1307.73,41144.49,0,Sin evaluar
3013,3639,M,70,north Moravia,Moravia,Adulto Mayor (>50),Moravia - Adulto Mayor (>50),8746.0,3.0,12.71,62.94,1351.69,16231.64,0,Sin evaluar
3014,3640,M,20,north Moravia,Moravia,Joven (<30),Moravia - Joven (<30),8819.0,5.0,45.96,36491.06,35994.82,57967.0,0,Sin evaluar
3015,3642,M,37,south Bohemia,Bohemia,Adulto (30-50),Bohemia - Adulto (30-50),8402.0,3.0,30.52,29.49,564.22,19596.03,0,Sin evaluar
3016,3643,M,18,west Bohemia,Bohemia,Joven (<30),Bohemia - Joven (<30),10787.0,3.0,34.23,16866.37,8162.43,33764.86,0,Sin evaluar
3017,3644,M,47,north Moravia,Moravia,Adulto (30-50),Moravia - Adulto (30-50),8819.0,5.0,52.63,20694.68,13865.48,28571.92,0,Sin evaluar
3018,3645,M,23,north Bohemia,Bohemia,Joven (<30),Bohemia - Joven (<30),9675.0,6.0,24.9,28126.91,27886.87,38009.03,2,Sin evaluar
3019,3646,F,55,north Bohemia,Bohemia,Adulto Mayor (>50),Bohemia - Adulto Mayor (>50),8705.0,6.0,32.33,18373.89,18008.66,31952.3,0,Sin evaluar
3020,3648,M,18,central Bohemia,Bohemia,Joven (<30),Bohemia - Joven (<30),8980.0,2.0,28.71,7708.81,6135.49,43307.46,0,Sin evaluar
3021,3649,F,39,central Bohemia,Bohemia,Adulto (30-50),Bohemia - Adulto (30-50),10124.0,1.0,32.36,275.03,18292.68,31852.22,0,Sin evaluar
3022,3650,M,80,south Moravia,Moravia,Adulto Mayor (>50),Moravia - Adulto Mayor (>50),9624.0,2.0,26.02,26.9,1256.73,22369.5,0,Sin evaluar
3023,3651,M,80,north Bohemia,Bohemia,Adulto Mayor (>50),Bohemia - Adulto Mayor (>50),8867.0,1.0,14.55,48.11,2815.12,24006.44,0,Sin evaluar
3024,3652,M,78,Prague,Praga,Adulto Mayor (>50),Praga - Adulto Mayor (>50),12541.0,0.0,24.41,16.39,4069.23,25790.54,0,Sin evaluar
3025,3654,F,74,west Bohemia,Bohemia,Adulto Mayor (>50),Bohemia - Adulto Mayor (>50),8554.0,2.0,12.12,66.01,3172.44,19007.79,0,Sin evaluar
3026,3655,M,30,south Moravia,Moravia,Adulto (30-50),Moravia - Adulto (30-50),8444.0,3.0,70.37,22459.0,14105.73,39885.44,0,Sin evaluar
3027,3656,F,73,south Moravia,Moravia,Adulto Mayor (>50),Moravia - Adulto Mayor (>50),8544.0,1.0,32.07,31.18,1590.27,19597.47,0,Sin evaluar
3028,3658,M,74,south Moravia,Moravia,Adulto Mayor (>50),Moravia - Adulto Mayor (>50),8757.0,3.0,63.51,6.3,1959.38,17316.09,0,Sin evaluar
3029,3659,F,68,east Bohemia,Bohemia,Adulto Mayor (>50),Bohemia - Adulto Mayor (>50),8388.0,2.0,24.21,28.91,3656.75,19369.35,0,Sin evaluar
3030,3660,M,24,south Moravia,Moravia,Joven (<30),Moravia - Joven (<30),8403.0,6.0,54.31,14.73,815.87,20010.77,0,Sin evaluar
3031,3661,M,66,east Bohemia,Bohemia,Adulto Mayor (>50),Bohemia - Adulto Mayor (>50),8541.0,3.0,21.72,27.62,1166.67,17812.28,0,Sin evaluar
3032,3662,M,67,west Bohemia,Bohemia,Adulto Mayor (>50),Bohemia - Adulto Mayor (>50),8561.0,1.0,66.79,4.49,3206.17,24683.55,0,Sin evaluar
3033,3663,F,51,north Moravia,Moravia,Adulto Mayor (>50),Moravia - Adulto Mayor (>50),8173.0,5.83,12.68,70.98,108.83,16181.31,0,Sin evaluar
3035,3667,M,27,north Moravia,Moravia,Joven (<30),Moravia - Joven (<30),10177.0,7.0,64.49,12.41,37459.16,60284.65,0,Sin evaluar
3036,3669,M,36,central Bohemia,Bohemia,Adulto (30-50),Bohemia - Adulto (30-50),10124.0,1.0,56.71,17684.96,17529.94,37042.19,0,Sin evaluar
3037,3670,F,18,east Bohemia,Bohemia,Joven (<30),Bohemia - Joven (<30),8254.0,3.0,55.2,21000.2,14680.18,33307.34,3,Sin evaluar
3038,3671,M,55,central Bohemia,Bohemia,Adulto Mayor (>50),Bohemia - Adulto Mayor (>50),10124.0,1.0,32.1,54140.72,51579.75,74700.7,0,Sin evaluar
3039,3673,F,47,Prague,Praga,Adulto (30-50),Praga - Adulto (30-50),12541.0,0.0,60.68,11529.17,4594.92,38787.26,0,Sin evaluar
3040,3674,F,18,south Bohemia,Bohemia,Joven (<30),Bohemia - Joven (<30),8114.0,2.0,28.91,34.59,723.28,20373.6,0,Sin evaluar
3041,3675,M,46,north Moravia,Moravia,Adulto (30-50),Moravia - Adulto (30-50),10177.0,7.0,32.89,5408.94,2663.42,22361.33,0,Sin evaluar
3042,3676,F,33,central Bohemia,Bohemia,Adulto (30-50),Bohemia - Adulto (30-50),10124.0,1.0,63.47,16580.24,10131.09,29899.83,0,Sin evaluar
3043,3678,F,64,Prague,Praga,Adulto Mayor (>50),Praga - Adulto Mayor (>50),12541.0,0.0,24.05,33.26,1249.9,15382.13,0,Sin evaluar
3044,3679,M,67,north Moravia,Moravia,Adulto Mayor (>50),Moravia - Adulto Mayor (>50),8994.0,4.0,27.53,18.16,1271.7,20024.18,0,Sin evaluar
3045,3681,M,77,Prague,Praga,Adulto Mayor (>50),Praga - Adulto Mayor (>50),12541.0,0.0,42.78,7.01,3551.66,23885.92,0,Sin evaluar
3046,3683,F,21,north Moravia,Moravia,Joven (<30),Moravia - Joven (<30),10673.0,5.0,16.66,1380.55,2595.44,24054.76,0,Sin evaluar
3047,3684,F,37,south Bohemia,Bohemia,Adulto (30-50),Bohemia - Adulto (30-50),8427.0,1.0,70.41,8.52,1042.04,20260.08,0,Sin evaluar
3048,3685,M,24,north Moravia,Moravia,Joven (<30),Moravia - Joven (<30),10673.0,5.0,12.16,14256.99,8248.36,44933.0,0,Sin evaluar
3049,3686,F,36,south Moravia,Moravia,Adulto (30-50),Moravia - Adulto (30-50),8814.0,5.0,51.75,1584.54,1674.4,34755.03,0,Sin evaluar
3050,3687,M,26,east Bohemia,Bohemia,Joven (<30),Bohemia - Joven (<30),8208.0,2.0,67.78,407.2,33183.87,57004.22,0,Buen Pagador
3051,3689,F,19,central Bohemia,Bohemia,Joven (<30),Bohemia - Joven (<30),8899.0,3.0,35.98,54549.61,48338.02,71166.77,0,Sin evaluar
3052,3690,M,38,east Bohemia,Bohemia,Adulto (30-50),Bohemia - Adulto (30-50),8254.0,3.0,20.17,5669.91,4491.82,25848.77,0,Sin evaluar
3053,3691,M,33,south Bohemia,Bohemia,Adulto (30-50),Bohemia - Adulto (30-50),8968.0,3.0,64.26,14404.81,6374.11,44856.11,0,Sin evaluar
3055,3693,M,76,south Bohemia,Bohemia,Adulto Mayor (>50),Bohemia - Adulto Mayor (>50),9045.0,3.0,31.18,28.86,3597.18,31347.61,0,Sin evaluar
3056,3695,M,64,south Moravia,Moravia,Adulto Mayor (>50),Moravia - Adulto Mayor (>50),8743.0,2.0,60.29,18.25,1208.16,20310.58,0,Sin evaluar
3057,3697,F,44,central Bohemia,Bohemia,Adulto (30-50),Bohemia - Adulto (30-50),8899.0,3.0,17.28,19720.25,14299.77,37097.23,0,Sin evaluar
3058,3698,M,27,east Bohemia,Bohemia,Joven (<30),Bohemia - Joven (<30),8254.0,3.0,50.27,21244.54,20191.37,49360.67,0,Sin evaluar
3059,3699,M,30,Prague,Praga,Adulto (30-50),Praga - Adulto (30-50),12541.0,0.0,22.47,24222.61,18149.53,47798.07,0,Sin evaluar
3060,3701,F,44,north Moravia,Moravia,Adulto (30-50),Moravia - Adulto (30-50),8746.0,3.0,18.73,21791.72,16703.68,40216.3,0,Sin evaluar
3061,3702,M,46,north Moravia,Moravia,Adulto (30-50),Moravia - Adulto (30-50),8369.0,5.0,37.75,7.95,712.32,19238.98,0,Sin evaluar
3062,3703,M,67,south Bohemia,Bohemia,Adulto Mayor (>50),Bohemia - Adulto Mayor (>50),8114.0,2.0,16.53,24.2,1396.25,18478.67,0,Sin evaluar
3063,3704,M,36,north Moravia,Moravia,Adulto (30-50),Moravia - Adulto (30-50),8173.0,5.83,67.19,16.37,780.03,30548.4,0,Sin evaluar
3064,3705,F,33,Prague,Praga,Adulto (30-50),Praga - Adulto (30-50),12541.0,0.0,67.29,11459.98,4844.4,34505.87,0,Buen Pagador
3066,3707,M,57,north Moravia,Moravia,Adulto Mayor (>50),Moravia - Adulto Mayor (>50),10673.0,5.0,28.62,14483.72,10331.24,36703.47,0,Sin evaluar
3067,3708,F,40,east Bohemia,Bohemia,Adulto (30-50),Bohemia - Adulto (30-50),8369.0,2.0,23.0,7362.04,3241.74,19487.33,0,Sin evaluar
3068,3710,M,70,south Moravia,Moravia,Adulto Mayor (>50),Moravia - Adulto Mayor (>50),8444.0,3.0,68.21,7.33,2133.56,22417.09,0,Sin evaluar
3069,3711,M,30,west Bohemia,Bohemia,Adulto (30-50),Bohemia - Adulto (30-50),8554.0,2.0,69.39,25033.87,17786.42,63148.05,0,Sin evaluar
3070,3712,F,29,south Moravia,Moravia,Joven (<30),Moravia - Joven (<30),8772.0,5.0,16.33,18193.51,14781.38,31711.3,0,Sin evaluar
3071,3713,F,54,north Bohemia,Bohemia,Adulto Mayor (>50),Bohemia - Adulto Mayor (>50),9832.0,3.0,26.91,26664.7,16399.11,57340.27,0,Sin evaluar
3072,3714,F,45,central Bohemia,Bohemia,Adulto (30-50),Bohemia - Adulto (30-50),11277.0,1.0,66.86,24283.05,19219.26,42014.97,0,Sin evaluar
3074,3716,M,45,north Moravia,Moravia,Adulto (30-50),Moravia - Adulto (30-50),10673.0,5.0,50.76,34994.54,34488.77,48011.13,3,Sin evaluar
3075,3717,M,73,north Moravia,Moravia,Adulto Mayor (>50),Moravia - Adulto Mayor (>50),8678.0,6.0,18.2,21.98,2439.01,21367.98,0,Sin evaluar
3076,3719,M,68,south Moravia,Moravia,Adulto Mayor (>50),Moravia - Adulto Mayor (>50),9897.0,2.0,69.16,10.12,1303.21,18695.11,0,Sin evaluar
3077,3721,F,44,south Moravia,Moravia,Adulto (30-50),Moravia - Adulto (30-50),9624.0,2.0,20.5,15710.83,9023.41,41265.96,0,Sin evaluar
3078,3722,F,42,Prague,Praga,Adulto (30-50),Praga - Adulto (30-50),12541.0,0.0,65.51,3.05,1010.99,16557.57,0,Sin evaluar
3079,3723,M,30,south Bohemia,Bohemia,Adulto (30-50),Bohemia - Adulto (30-50),8968.0,3.0,34.14,29.29,930.58,18251.93,0,Sin evaluar
3080,3724,F,73,south Moravia,Moravia,Adulto Mayor (>50),Moravia - Adulto Mayor (>50),8720.0,4.0,38.08,10.5,2089.81,16759.04,0,Sin evaluar
3082,3727,M,28,north Bohemia,Bohemia,Joven (<30),Bohemia - Joven (<30),8705.0,6.0,13.47,12253.45,5619.9,19429.93,0,Sin evaluar
3083,3728,M,62,south Moravia,Moravia,Adulto Mayor (>50),Moravia - Adulto Mayor (>50),8512.0,4.0,21.45,24519.07,21827.51,44850.09,0,Sin evaluar
3084,3730,F,53,south Moravia,Moravia,Adulto Mayor (>50),Moravia - Adulto Mayor (>50),8444.0,3.0,35.09,24287.75,9973.55,31399.71,3,Sin evaluar
3085,3732,M,52,south Moravia,Moravia,Adulto Mayor (>50),Moravia - Adulto Mayor (>50),8512.0,4.0,17.94,13575.53,7988.85,23610.89,0,Sin evaluar
3086,3733,F,52,Prague,Praga,Adulto Mayor (>50),Praga - Adulto Mayor (>50),12541.0,0.0,61.93,23006.06,16402.39,59540.15,0,Sin evaluar
3087,3734,M,55,south Bohemia,Bohemia,Adulto Mayor (>50),Bohemia - Adulto Mayor (>50),9045.0,3.0,60.88,9.86,764.78,17448.55,0,Sin evaluar
3088,3735,M,60,south Bohemia,Bohemia,Adulto Mayor (>50),Bohemia - Adulto Mayor (>50),8968.0,3.0,33.77,24309.83,16877.7,41204.2,0,Sin evaluar
3089,3737,M,50,central Bohemia,Bohemia,Adulto Mayor (>50),Bohemia - Adulto Mayor (>50),8754.0,4.0,29.96,43980.54,41091.29,63709.83,0,Sin evaluar
3090,3738,F,20,Prague,Praga,Joven (<30),Praga - Joven (<30),12541.0,0.0,24.67,34111.8,25821.85,54634.42,0,Sin evaluar
3091,3739,F,42,central Bohemia,Bohemia,Adulto (30-50),Bohemia - Adulto (30-50),8980.0,2.0,61.63,17461.82,8956.68,47051.84,0,Sin evaluar
3092,3740,M,69,east Bohemia,Bohemia,Adulto Mayor (>50),Bohemia - Adulto Mayor (>50),8369.0,2.0,36.37,27.5,3143.52,18756.72,0,Sin evaluar
3093,3741,M,62,south Bohemia,Bohemia,Adulto Mayor (>50),Bohemia - Adulto Mayor (>50),8427.0,1.0,25.3,23693.68,18724.9,28163.22,0,Sin evaluar
3094,3742,F,37,south Moravia,Moravia,Adulto (30-50),Moravia - Adulto (30-50),8772.0,5.0,60.35,16611.27,11006.79,42385.32,0,Sin evaluar
3096,3745,F,27,central Bohemia,Bohemia,Joven (<30),Bohemia - Joven (<30),8507.0,2.0,66.07,22441.44,14451.34,38673.57,0,Sin evaluar
3097,3746,M,23,south Moravia,Moravia,Joven (<30),Moravia - Joven (<30),8512.0,4.0,16.56,1177.54,2455.31,18890.73,0,Sin evaluar
3098,3747,M,34,Prague,Praga,Adulto (30-50),Praga - Adulto (30-50),12541.0,0.0,27.47,9848.63,5077.54,31756.73,0,Sin evaluar
3099,3748,F,68,south Moravia,Moravia,Adulto Mayor (>50),Moravia - Adulto Mayor (>50),8444.0,3.0,67.38,11.87,2795.34,23931.34,0,Sin evaluar
3100,3749,F,55,south Moravia,Moravia,Adulto Mayor (>50),Moravia - Adulto Mayor (>50),8403.0,6.0,18.3,21679.56,16151.91,28052.5,0,Sin evaluar
3101,3750,M,60,Prague,Praga,Adulto Mayor (>50),Praga - Adulto Mayor (>50),12541.0,0.0,58.09,12.05,840.25,17117.64,0,Sin evaluar
3102,3751,M,32,north Bohemia,Bohemia,Adulto (30-50),Bohemia - Adulto (30-50),8705.0,6.0,13.24,17980.29,10137.46,41606.81,0,Sin evaluar
3103,3753,F,39,Prague,Praga,Adulto (30-50),Praga - Adulto (30-50),12541.0,0.0,15.31,5474.79,3220.12,36742.97,0,Sin evaluar
3104,3754,F,51,Prague,Praga,Adulto Mayor (>50),Praga - Adulto Mayor (>50),12541.0,0.0,20.07,1569.51,2376.68,31441.66,0,Sin evaluar
3105,3755,F,47,north Bohemia,Bohemia,Adulto (30-50),Bohemia - Adulto (30-50),9065.0,4.0,13.31,75.13,163.04,18251.77,0,Sin evaluar
3106,3756,F,27,central Bohemia,Bohemia,Joven (<30),Bohemia - Joven (<30),8754.0,4.0,15.15,31695.05,28572.08,61027.03,0,Sin evaluar
3107,3757,M,76,central Bohemia,Bohemia,Adulto Mayor (>50),Bohemia - Adulto Mayor (>50),9307.0,4.0,61.34,3.26,2350.51,51045.66,0,Sin evaluar
3108,3758,F,35,south Moravia,Moravia,Adulto (30-50),Moravia - Adulto (30-50),8240.0,3.0,69.59,8.62,995.4,15223.35,0,Sin evaluar
3109,3760,M,43,south Bohemia,Bohemia,Adulto (30-50),Bohemia - Adulto (30-50),8968.0,3.0,44.78,2405.09,19101.9,25830.05,5,Sin evaluar
3110,3761,M,23,east Bohemia,Bohemia,Joven (<30),Bohemia - Joven (<30),9060.0,2.0,23.59,9658.12,8446.38,29936.19,0,Sin evaluar
3111,3762,F,39,south Moravia,Moravia,Adulto (30-50),Moravia - Adulto (30-50),8441.0,3.0,37.75,20798.89,16795.76,45641.93,0,Sin evaluar
3112,3763,F,21,north Bohemia,Bohemia,Joven (<30),Bohemia - Joven (<30),8965.0,7.0,52.63,46284.93,40175.93,73384.1,0,Sin evaluar
3113,3765,F,42,east Bohemia,Bohemia,Adulto (30-50),Bohemia - Adulto (30-50),8390.0,2.0,64.49,36370.37,25517.01,46596.49,3,Sin evaluar
3114,3766,F,18,Prague,Praga,Joven (<30),Praga - Joven (<30),12541.0,0.0,30.52,8390.92,5928.9,47664.62,0,Sin evaluar
3115,3767,M,62,south Bohemia,Bohemia,Adulto Mayor (>50),Bohemia - Adulto Mayor (>50),10045.0,1.0,33.15,108.6,17528.21,36220.73,0,Sin evaluar
3116,3769,M,41,south Moravia,Moravia,Adulto (30-50),Moravia - Adulto (30-50),9897.0,2.0,32.85,19585.63,10154.03,55540.99,0,Sin evaluar
3117,3770,F,73,north Bohemia,Bohemia,Adulto Mayor (>50),Bohemia - Adulto Mayor (>50),8867.0,1.0,70.18,12.82,1774.44,20170.88,0,Sin evaluar
3118,3771,M,56,east Bohemia,Bohemia,Adulto Mayor (>50),Bohemia - Adulto Mayor (>50),9060.0,2.0,33.71,18093.86,8926.73,35883.34,0,Sin evaluar
3119,3773,F,34,north Bohemia,Bohemia,Adulto (30-50),Bohemia - Adulto (30-50),8705.0,6.0,19.98,55.06,551.05,16103.37,0,Sin evaluar
3120,3774,M,76,Prague,Praga,Adulto Mayor (>50),Praga - Adulto Mayor (>50),12541.0,0.0,30.36,13.18,2358.37,26209.95,0,Sin evaluar
3121,3775,M,70,east Bohemia,Bohemia,Adulto Mayor (>50),Bohemia - Adulto Mayor (>50),8369.0,2.0,33.77,29.61,1513.77,15733.38,0,Sin evaluar
3122,3776,M,20,north Moravia,Moravia,Joven (<30),Moravia - Joven (<30),10673.0,5.0,19.65,11086.97,5163.36,34192.35,0,Sin evaluar
3124,3779,M,49,central Bohemia,Bohemia,Adulto (30-50),Bohemia - Adulto (30-50),8546.0,3.0,42.61,16173.57,9647.97,31979.41,0,Sin evaluar
3125,3780,M,21,north Bohemia,Bohemia,Joven (<30),Bohemia - Joven (<30),9065.0,4.0,24.48,7731.54,3630.72,22567.78,0,Sin evaluar
3126,3781,F,23,south Bohemia,Bohemia,Joven (<30),Bohemia - Joven (<30),8114.0,2.0,27.89,7209.29,3036.93,20298.73,0,Sin evaluar
3127,3782,M,18,Prague,Praga,Joven (<30),Praga - Joven (<30),12541.0,0.0,64.76,34018.56,26477.81,52132.24,0,Sin evaluar
3128,3783,F,30,Prague,Praga,Adulto (30-50),Praga - Adulto (30-50),12541.0,0.0,47.8,7747.11,6529.29,42599.06,0,Sin evaluar
3129,3785,F,78,south Moravia,Moravia,Adulto Mayor (>50),Moravia - Adulto Mayor (>50),8512.0,4.0,60.85,3.29,4020.38,23546.06,0,Sin evaluar
3130,3786,M,78,central Bohemia,Bohemia,Adulto Mayor (>50),Bohemia - Adulto Mayor (>50),8598.0,3.0,33.38,14.98,2463.45,48440.77,0,Sin evaluar
3131,3787,F,20,south Bohemia,Bohemia,Joven (<30),Bohemia - Joven (<30),9104.0,2.0,38.28,36.57,13195.51,37885.24,0,Sin evaluar
3132,3788,F,43,south Moravia,Moravia,Adulto (30-50),Moravia - Adulto (30-50),8772.0,5.0,38.77,7920.4,3569.77,21683.87,0,Sin evaluar
3133,3789,M,34,south Moravia,Moravia,Adulto (30-50),Moravia - Adulto (30-50),8512.0,4.0,66.56,21144.4,11705.83,31303.22,0,Sin evaluar
3134,3790,M,62,east Bohemia,Bohemia,Adulto Mayor (>50),Bohemia - Adulto Mayor (>50),9060.0,2.0,56.08,21715.69,17572.75,47165.72,0,Sin evaluar
3135,3791,M,59,north Moravia,Moravia,Adulto Mayor (>50),Moravia - Adulto Mayor (>50),8994.0,4.0,60.12,21794.08,14159.02,48450.5,0,Sin evaluar
3136,3792,M,26,north Moravia,Moravia,Joven (<30),Moravia - Joven (<30),10673.0,5.0,64.79,12810.94,6220.1,48434.56,0,Sin evaluar
3137,3793,F,47,north Bohemia,Bohemia,Adulto (30-50),Bohemia - Adulto (30-50),10446.0,7.0,24.51,122.4,24570.26,40490.79,0,Sin evaluar
3138,3794,F,22,north Bohemia,Bohemia,Joven (<30),Bohemia - Joven (<30),9065.0,4.0,33.25,3848.24,2676.69,24387.54,0,Sin evaluar
3139,3795,M,16,central Bohemia,Bohemia,Joven (<30),Bohemia - Joven (<30),8754.0,4.0,40.05,5450.66,5124.84,22671.34,0,Sin evaluar
3140,3796,M,45,central Bohemia,Bohemia,Adulto (30-50),Bohemia - Adulto (30-50),8980.0,2.0,19.61,8402.45,4437.53,24961.32,0,Sin evaluar
3141,3798,F,44,Prague,Praga,Adulto (30-50),Praga - Adulto (30-50),12541.0,0.0,47.8,6014.64,6960.98,43398.23,0,Sin evaluar
3142,3799,M,69,central Bohemia,Bohemia,Adulto Mayor (>50),Bohemia - Adulto Mayor (>50),8507.0,2.0,51.55,3.88,2627.35,20238.6,0,Sin evaluar
3143,3800,F,44,north Bohemia,Bohemia,Adulto (30-50),Bohemia - Adulto (30-50),8965.0,7.0,26.41,11805.83,4967.06,36910.78,0,Sin evaluar
3144,3802,M,73,north Moravia,Moravia,Adulto Mayor (>50),Moravia - Adulto Mayor (>50),8110.0,6.0,33.74,23.71,2303.5,17610.18,0,Sin evaluar
3145,3803,M,68,Prague,Praga,Adulto Mayor (>50),Praga - Adulto Mayor (>50),12541.0,0.0,60.91,4.93,2675.26,26531.13,0,Sin evaluar
3146,3805,M,56,north Moravia,Moravia,Adulto Mayor (>50),Moravia - Adulto Mayor (>50),9893.0,4.0,62.16,625.8,2011.58,22426.94,0,Sin evaluar
3147,3806,F,31,south Moravia,Moravia,Adulto (30-50),Moravia - Adulto (30-50),9897.0,2.0,44.88,14169.74,5766.49,45160.34,0,Sin evaluar
3148,3807,F,51,north Bohemia,Bohemia,Adulto Mayor (>50),Bohemia - Adulto Mayor (>50),8705.0,6.0,37.39,1091.2,1866.54,20833.06,0,Sin evaluar
3149,3808,M,55,south Moravia,Moravia,Adulto Mayor (>50),Moravia - Adulto Mayor (>50),8720.0,4.0,30.13,9876.04,8463.99,33717.4,0,Sin evaluar
3151,3811,M,46,central Bohemia,Bohemia,Adulto (30-50),Bohemia - Adulto (30-50),8546.0,3.0,34.3,13276.03,5600.58,59227.71,0,Sin evaluar
3152,3812,M,31,Prague,Praga,Adulto (30-50),Praga - Adulto (30-50),12541.0,0.0,65.51,12965.97,6504.35,25562.4,0,Sin evaluar
3153,3813,F,20,central Bohemia,Bohemia,Joven (<30),Bohemia - Joven (<30),8507.0,2.0,29.86,62020.86,54455.49,64280.58,0,Sin evaluar
3154,3814,M,53,Prague,Praga,Adulto Mayor (>50),Praga - Adulto Mayor (>50),12541.0,0.0,17.97,24474.51,16727.88,53449.04,0,Sin evaluar
3155,3815,F,29,west Bohemia,Bohemia,Joven (<30),Bohemia - Joven (<30),8594.0,2.0,28.06,21141.66,12835.35,23684.35,0,Sin evaluar
3156,3816,M,32,Prague,Praga,Adulto (30-50),Praga - Adulto (30-50),12541.0,0.0,13.47,34605.94,30036.15,59417.76,0,Sin evaluar
3157,3817,F,61,north Moravia,Moravia,Adulto Mayor (>50),Moravia - Adulto Mayor (>50),8909.0,4.0,63.67,6.28,3442.28,33341.4,0,Sin evaluar
3158,3818,M,56,north Moravia,Moravia,Adulto Mayor (>50),Moravia - Adulto Mayor (>50),8678.0,6.0,26.91,7.43,651.43,21160.75,0,Sin evaluar
3160,3821,M,59,west Bohemia,Bohemia,Adulto Mayor (>50),Bohemia - Adulto Mayor (>50),8620.0,1.0,54.41,24794.54,15090.98,49871.82,0,Sin evaluar
3161,3822,M,45,east Bohemia,Bohemia,Adulto (30-50),Bohemia - Adulto (30-50),9060.0,2.0,28.16,28010.23,26359.23,51154.2,0,Sin evaluar
3162,3823,M,42,south Moravia,Moravia,Adulto (30-50),Moravia - Adulto (30-50),8288.0,4.0,31.44,24780.44,15173.47,40401.1,0,Sin evaluar
3163,3824,M,27,north Bohemia,Bohemia,Joven (<30),Bohemia - Joven (<30),9832.0,3.0,19.25,45639.58,35675.17,63240.74,0,Sin evaluar
3164,3826,M,77,north Bohemia,Bohemia,Adulto Mayor (>50),Bohemia - Adulto Mayor (>50),8705.0,6.0,60.22,16.61,2505.98,20029.73,0,Sin evaluar
3166,3829,M,26,south Moravia,Moravia,Joven (<30),Moravia - Joven (<30),8444.0,3.0,64.69,32410.43,28296.8,51253.64,4,Sin evaluar
3167,3830,F,30,south Bohemia,Bohemia,Adulto (30-50),Bohemia - Adulto (30-50),8968.0,3.0,52.76,22822.69,20348.75,55531.91,0,Sin evaluar
3168,3831,M,80,central Bohemia,Bohemia,Adulto Mayor (>50),Bohemia - Adulto Mayor (>50),9622.0,0.0,70.31,14.22,2728.2,26700.9,0,Sin evaluar
3169,3833,M,63,south Bohemia,Bohemia,Adulto Mayor (>50),Bohemia - Adulto Mayor (>50),8402.0,3.0,12.39,19472.96,13594.83,24218.22,0,Sin evaluar
3170,3834,F,22,Prague,Praga,Joven (<30),Praga - Joven (<30),12541.0,0.0,35.61,9317.07,4695.31,32868.11,0,Sin evaluar
3171,3835,F,67,east Bohemia,Bohemia,Adulto Mayor (>50),Bohemia - Adulto Mayor (>50),8187.0,5.0,63.08,14.27,1694.2,20088.98,0,Sin evaluar
3172,3836,M,50,north Moravia,Moravia,Adulto Mayor (>50),Moravia - Adulto Mayor (>50),8909.0,4.0,19.15,31.33,493.47,15563.75,0,Sin evaluar
3173,3837,F,77,north Bohemia,Bohemia,Adulto Mayor (>50),Bohemia - Adulto Mayor (>50),10446.0,7.0,67.55,16.28,1308.22,18049.27,0,Sin evaluar
3174,3838,M,69,south Moravia,Moravia,Adulto Mayor (>50),Moravia - Adulto Mayor (>50),8403.0,6.0,12.68,31.55,1022.08,23875.51,0,Sin evaluar
3175,3840,F,65,east Bohemia,Bohemia,Adulto Mayor (>50),Bohemia - Adulto Mayor (>50),8187.0,5.0,26.74,22.44,1474.57,17733.25,0,Sin evaluar
3176,3841,M,79,west Bohemia,Bohemia,Adulto Mayor (>50),Bohemia - Adulto Mayor (>50),10787.0,3.0,21.19,28.32,2014.63,14937.74,0,Sin evaluar
3177,3842,M,22,north Moravia,Moravia,Joven (<30),Moravia - Joven (<30),10673.0,5.0,25.59,5188.55,3942.95,36018.22,0,Sin evaluar
3178,3843,F,56,central Bohemia,Bohemia,Adulto Mayor (>50),Bohemia - Adulto Mayor (>50),9753.0,5.0,32.13,18.67,723.93,15700.05,0,Sin evaluar
3179,3844,F,35,north Moravia,Moravia,Adulto (30-50),Moravia - Adulto (30-50),8678.0,6.0,27.33,16200.4,11989.75,32852.52,0,Sin evaluar
3180,3845,M,39,Prague,Praga,Adulto (30-50),Praga - Adulto (30-50),12541.0,0.0,30.42,17971.89,13879.03,29043.9,0,Sin evaluar
3181,3846,F,18,west Bohemia,Bohemia,Joven (<30),Bohemia - Joven (<30),8561.0,1.0,67.52,6541.99,5709.42,36478.61,0,Sin evaluar
3182,3847,F,39,central Bohemia,Bohemia,Adulto (30-50),Bohemia - Adulto (30-50),8546.0,3.0,24.34,18317.01,12700.9,27622.68,0,Sin evaluar
3183,3848,F,60,east Bohemia,Bohemia,Adulto Mayor (>50),Bohemia - Adulto Mayor (>50),8390.0,2.0,57.0,10.53,3714.21,27310.84,0,Sin evaluar
3184,3849,F,66,Prague,Praga,Adulto Mayor (>50),Praga - Adulto Mayor (>50),12541.0,0.0,58.38,11.99,1624.19,22336.99,0,Sin evaluar
3185,3850,F,41,east Bohemia,Bohemia,Adulto (30-50),Bohemia - Adulto (30-50),8390.0,2.0,17.08,15166.51,5364.17,48319.2,0,Sin evaluar
3186,3852,F,46,central Bohemia,Bohemia,Adulto (30-50),Bohemia - Adulto (30-50),10124.0,1.0,43.14,22845.5,15220.21,40199.38,0,Sin evaluar
3187,3853,F,18,south Moravia,Moravia,Joven (<30),Moravia - Joven (<30),8444.0,3.0,12.35,3380.89,2331.98,14074.19,0,Sin evaluar
3188,3854,M,39,west Bohemia,Bohemia,Adulto (30-50),Bohemia - Adulto (30-50),8991.0,1.0,22.31,16854.06,10017.93,29103.09,0,Sin evaluar
3189,3855,M,59,west Bohemia,Bohemia,Adulto Mayor (>50),Bohemia - Adulto Mayor (>50),8843.0,3.0,37.06,19673.96,17348.43,34328.72,1,Sin evaluar
3190,3856,F,54,Prague,Praga,Adulto Mayor (>50),Praga - Adulto Mayor (>50),12541.0,0.0,24.02,11633.47,7583.68,36553.69,0,Sin evaluar
3191,3857,F,46,north Moravia,Moravia,Adulto (30-50),Moravia - Adulto (30-50),8994.0,4.0,27.43,10763.47,4819.54,24052.45,0,Sin evaluar
3192,3858,F,50,south Bohemia,Bohemia,Adulto Mayor (>50),Bohemia - Adulto Mayor (>50),8968.0,3.0,29.11,12146.27,7106.84,39171.6,0,Sin evaluar
3193,3860,M,60,north Moravia,Moravia,Adulto Mayor (>50),Moravia - Adulto Mayor (>50),10673.0,5.0,34.1,20372.14,11533.72,30772.88,0,Sin evaluar
3194,3861,F,47,central Bohemia,Bohemia,Adulto (30-50),Bohemia - Adulto (30-50),9622.0,0.0,20.4,14741.37,7640.2,22528.95,0,Sin evaluar
3195,3862,F,51,north Bohemia,Bohemia,Adulto Mayor (>50),Bohemia - Adulto Mayor (>50),9317.0,6.0,63.93,6053.76,2454.25,34263.28,0,Sin evaluar
3196,3863,F,59,Prague,Praga,Adulto Mayor (>50),Praga - Adulto Mayor (>50),12541.0,0.0,60.58,11.55,2536.48,36654.3,0,Sin evaluar
3197,3865,M,21,north Moravia,Moravia,Joven (<30),Moravia - Joven (<30),8819.0,5.0,60.19,4.98,743.31,21258.0,0,Sin evaluar
3199,3868,M,36,south Moravia,Moravia,Adulto (30-50),Moravia - Adulto (30-50),8512.0,4.0,30.82,35.69,16737.25,49153.95,0,Sin evaluar
3200,3869,F,52,south Bohemia,Bohemia,Adulto Mayor (>50),Bohemia - Adulto Mayor (>50),8114.0,2.0,38.37,27170.21,25913.86,58426.94,0,Sin evaluar
3201,3870,F,27,central Bohemia,Bohemia,Joven (<30),Bohemia - Joven (<30),9753.0,5.0,56.48,11257.72,4507.08,32152.53,0,Sin evaluar
3202,3872,M,68,central Bohemia,Bohemia,Adulto Mayor (>50),Bohemia - Adulto Mayor (>50),11277.0,1.0,18.89,58.23,1931.18,20765.07,0,Sin evaluar
3203,3873,F,38,west Bohemia,Bohemia,Adulto (30-50),Bohemia - Adulto (30-50),8624.0,2.0,40.8,24.51,1072.55,15124.89,0,Sin evaluar
3204,3874,F,56,south Moravia,Moravia,Adulto Mayor (>50),Moravia - Adulto Mayor (>50),8814.0,5.0,29.6,13725.51,11763.51,49619.23,0,Sin evaluar
3205,3875,F,68,Prague,Praga,Adulto Mayor (>50),Praga - Adulto Mayor (>50),12541.0,0.0,36.47,19.19,2186.18,21127.68,0,Sin evaluar
3206,3877,F,42,north Bohemia,Bohemia,Adulto (30-50),Bohemia - Adulto (30-50),8965.0,7.0,30.29,20345.49,15961.7,48525.34,0,Sin evaluar
3208,3880,F,37,west Bohemia,Bohemia,Adulto (30-50),Bohemia - Adulto (30-50),8843.0,3.0,16.89,39100.89,29136.47,42495.17,0,Sin evaluar
3209,3881,F,51,east Bohemia,Bohemia,Adulto Mayor (>50),Bohemia - Adulto Mayor (>50),8390.0,2.0,12.68,16911.2,12209.78,27373.04,0,Sin evaluar
3210,3883,M,33,south Bohemia,Bohemia,Adulto (30-50),Bohemia - Adulto (30-50),8968.0,3.0,67.48,26472.15,18974.81,41166.79,0,Sin evaluar
3211,3884,M,35,north Moravia,Moravia,Adulto (30-50),Moravia - Adulto (30-50),8994.0,4.0,18.73,10.68,481.05,16424.09,0,Sin evaluar
3212,3885,F,58,north Moravia,Moravia,Adulto Mayor (>50),Moravia - Adulto Mayor (>50),10177.0,7.0,65.22,1136.15,1266.79,40596.3,0,Sin evaluar
3213,3886,F,33,central Bohemia,Bohemia,Adulto (30-50),Bohemia - Adulto (30-50),11277.0,1.0,68.63,5.83,927.58,16885.67,0,Sin evaluar
3214,3887,M,78,north Moravia,Moravia,Adulto Mayor (>50),Moravia - Adulto Mayor (>50),8110.0,6.0,19.71,10.15,1099.95,16914.3,0,Sin evaluar
3216,3890,M,40,central Bohemia,Bohemia,Adulto (30-50),Bohemia - Adulto (30-50),8980.0,2.0,40.67,38442.49,29916.01,51362.81,0,Sin evaluar
3217,3891,M,40,north Moravia,Moravia,Adulto (30-50),Moravia - Adulto (30-50),8819.0,5.0,20.27,40674.79,29324.22,55895.9,0,Sin evaluar
3218,3892,M,19,Prague,Praga,Joven (<30),Praga - Joven (<30),12541.0,0.0,61.54,13.0,936.3,17587.86,0,Sin evaluar
3219,3893,M,29,Prague,Praga,Joven (<30),Praga - Joven (<30),12541.0,0.0,33.18,22048.7,12411.09,40280.27,0,Sin evaluar
3220,3894,M,57,west Bohemia,Bohemia,Adulto Mayor (>50),Bohemia - Adulto Mayor (>50),8843.0,3.0,64.56,22261.0,21170.38,51011.52,0,Sin evaluar
3221,3896,M,75,central Bohemia,Bohemia,Adulto Mayor (>50),Bohemia - Adulto Mayor (>50),9307.0,4.0,64.46,13.96,2218.43,33107.6,0,Sin evaluar
3222,3897,F,47,south Bohemia,Bohemia,Adulto (30-50),Bohemia - Adulto (30-50),8427.0,1.0,65.35,12.24,954.09,19071.99,0,Sin evaluar
3223,3898,F,50,south Moravia,Moravia,Adulto Mayor (>50),Moravia - Adulto Mayor (>50),8720.0,4.0,60.78,31446.5,31166.04,46797.77,1,Sin evaluar
3224,3899,F,79,south Moravia,Moravia,Adulto Mayor (>50),Moravia - Adulto Mayor (>50),8743.0,2.0,25.66,15.59,2445.05,27951.71,0,Sin evaluar
3225,3900,M,55,south Moravia,Moravia,Adulto Mayor (>50),Moravia - Adulto Mayor (>50),8743.0,2.0,61.96,22435.68,13884.44,52727.13,0,Sin evaluar
3226,3902,F,49,south Moravia,Moravia,Adulto (30-50),Moravia - Adulto (30-50),8403.0,6.0,52.11,5780.75,2776.82,20896.39,0,Sin evaluar
3227,3903,F,50,Prague,Praga,Adulto Mayor (>50),Praga - Adulto Mayor (>50),12541.0,0.0,30.23,26510.92,15937.81,48847.42,0,Sin evaluar
3228,3904,F,59,west Bohemia,Bohemia,Adulto Mayor (>50),Bohemia - Adulto Mayor (>50),8843.0,3.0,26.02,46476.02,41481.67,53752.09,0,Sin evaluar
3229,3906,M,62,south Moravia,Moravia,Adulto Mayor (>50),Moravia - Adulto Mayor (>50),9624.0,2.0,37.42,32887.09,19176.8,53534.21,0,Buen Pagador
3230,3907,F,44,Prague,Praga,Adulto (30-50),Praga - Adulto (30-50),12541.0,0.0,45.7,35043.65,31600.22,47051.02,0,Sin evaluar
3231,3908,M,69,north Moravia,Moravia,Adulto Mayor (>50),Moravia - Adulto Mayor (>50),8746.0,3.0,44.45,18.0,2728.68,23719.62,0,Sin evaluar
3232,3910,F,79,north Bohemia,Bohemia,Adulto Mayor (>50),Bohemia - Adulto Mayor (>50),9065.0,4.0,26.94,18.56,2168.15,14994.57,0,Sin evaluar
3233,3911,F,46,west Bohemia,Bohemia,Adulto (30-50),Bohemia - Adulto (30-50),8930.0,4.0,45.96,34740.51,24945.26,51596.11,0,Sin evaluar
3234,3912,F,53,Prague,Praga,Adulto Mayor (>50),Praga - Adulto Mayor (>50),12541.0,0.0,39.49,754.62,2124.34,20984.96,0,Sin evaluar
3235,3913,M,47,central Bohemia,Bohemia,Adulto (30-50),Bohemia - Adulto (30-50),11277.0,1.0,47.15,20407.85,13002.33,40715.37,0,Sin evaluar
3236,3914,F,78,east Bohemia,Bohemia,Adulto Mayor (>50),Bohemia - Adulto Mayor (>50),8363.0,3.0,22.31,13.45,1828.78,20768.53,0,Sin evaluar
3237,3915,M,21,south Bohemia,Bohemia,Joven (<30),Bohemia - Joven (<30),8547.0,3.0,62.95,19585.42,10146.47,41762.74,0,Sin evaluar
3238,3916,F,28,east Bohemia,Bohemia,Joven (<30),Bohemia - Joven (<30),9538.0,2.0,35.78,24045.05,14858.58,38765.77,0,Sin evaluar
3239,3918,M,24,central Bohemia,Bohemia,Joven (<30),Bohemia - Joven (<30),9307.0,4.0,30.39,21980.09,13570.91,39455.08,0,Sin evaluar
3240,3919,M,56,north Bohemia,Bohemia,Adulto Mayor (>50),Bohemia - Adulto Mayor (>50),8867.0,1.0,31.08,28671.46,24047.94,36524.18,4,Sin evaluar
3241,3920,F,73,east Bohemia,Bohemia,Adulto Mayor (>50),Bohemia - Adulto Mayor (>50),8254.0,3.0,65.51,3.05,2485.12,35815.93,0,Sin evaluar
3242,3921,F,40,west Bohemia,Bohemia,Adulto (30-50),Bohemia - Adulto (30-50),8594.0,2.0,21.98,11073.34,5373.07,26968.58,0,Sin evaluar
3243,3922,F,70,Prague,Praga,Adulto Mayor (>50),Praga - Adulto Mayor (>50),12541.0,0.0,61.67,4.86,3035.03,19489.72,0,Sin evaluar
3244,3924,M,27,south Moravia,Moravia,Joven (<30),Moravia - Joven (<30),8772.0,5.0,47.54,23.14,968.87,17804.86,0,Sin evaluar
3245,3925,F,62,east Bohemia,Bohemia,Adulto Mayor (>50),Bohemia - Adulto Mayor (>50),8390.0,2.0,18.17,55.04,2912.49,15296.14,0,Sin evaluar
3246,3926,M,26,south Moravia,Moravia,Joven (<30),Moravia - Joven (<30),9897.0,2.0,66.56,8445.58,4007.21,23190.98,0,Sin evaluar
3247,3927,F,50,south Moravia,Moravia,Adulto Mayor (>50),Moravia - Adulto Mayor (>50),8814.0,5.0,32.66,8176.67,4046.54,27000.19,0,Sin evaluar
3248,3928,F,70,north Moravia,Moravia,Adulto Mayor (>50),Moravia - Adulto Mayor (>50),8909.0,4.0,31.67,28.42,1580.36,17596.01,0,Sin evaluar
3249,3929,M,41,north Moravia,Moravia,Adulto (30-50),Moravia - Adulto (30-50),10673.0,5.0,26.64,22521.28,11166.67,37501.23,0,Buen Pagador
3250,3930,M,77,Prague,Praga,Adulto Mayor (>50),Praga - Adulto Mayor (>50),12541.0,0.0,47.8,16.74,3686.61,18620.78,0,Sin evaluar
3251,3932,M,59,south Moravia,Moravia,Adulto Mayor (>50),Moravia - Adulto Mayor (>50),8444.0,3.0,43.47,13.8,468.14,23918.61,0,Sin evaluar
3252,3934,M,30,central Bohemia,Bohemia,Adulto (30-50),Bohemia - Adulto (30-50),8754.0,4.0,42.64,21.11,643.53,20056.65,0,Sin evaluar
3253,3935,M,59,north Moravia,Moravia,Adulto Mayor (>50),Moravia - Adulto Mayor (>50),8678.0,6.0,57.56,36073.25,35036.43,52091.6,0,Sin evaluar
3254,3936,F,36,north Bohemia,Bohemia,Adulto (30-50),Bohemia - Adulto (30-50),9198.0,3.0,40.15,9136.74,4224.16,26764.57,0,Sin evaluar
3255,3938,M,18,west Bohemia,Bohemia,Joven (<30),Bohemia - Joven (<30),8561.0,1.0,63.51,2086.29,174.78,63596.09,0,Sin evaluar
3256,3939,M,45,north Bohemia,Bohemia,Adulto (30-50),Bohemia - Adulto (30-50),9317.0,6.0,25.36,11617.11,5201.1,21512.33,0,Sin evaluar
3258,3942,M,46,south Moravia,Moravia,Adulto (30-50),Moravia - Adulto (30-50),8240.0,3.0,66.86,28266.5,20029.3,51676.02,0,Sin evaluar
3259,3943,M,53,Prague,Praga,Adulto Mayor (>50),Praga - Adulto Mayor (>50),12541.0,0.0,56.67,1127.58,1076.94,37705.46,0,Sin evaluar
3260,3944,M,62,central Bohemia,Bohemia,Adulto Mayor (>50),Bohemia - Adulto Mayor (>50),11277.0,1.0,69.22,45491.12,35589.82,65952.57,0,Sin evaluar
3261,3946,M,23,Prague,Praga,Joven (<30),Praga - Joven (<30),12541.0,0.0,65.81,10526.8,4789.24,30640.89,0,Sin evaluar
3262,3947,M,31,west Bohemia,Bohemia,Adulto (30-50),Bohemia - Adulto (30-50),8624.0,2.0,18.3,26143.66,16713.66,42978.03,0,Sin evaluar
3263,3948,F,19,east Bohemia,Bohemia,Joven (<30),Bohemia - Joven (<30),8254.0,3.0,33.81,2144.34,946.47,30407.31,0,Sin evaluar
3264,3950,M,74,north Bohemia,Bohemia,Adulto Mayor (>50),Bohemia - Adulto Mayor (>50),8965.0,7.0,62.26,3.21,2949.08,22858.83,0,Sin evaluar
3265,3952,F,33,east Bohemia,Bohemia,Adulto (30-50),Bohemia - Adulto (30-50),8363.0,3.0,33.05,43777.31,29915.82,53035.84,0,Sin evaluar
3266,3953,F,73,south Bohemia,Bohemia,Adulto Mayor (>50),Bohemia - Adulto Mayor (>50),10045.0,1.0,21.09,52.16,1679.94,27345.48,0,Sin evaluar
3267,3954,M,41,south Moravia,Moravia,Adulto (30-50),Moravia - Adulto (30-50),9624.0,2.0,65.35,13564.02,6979.65,32409.64,0,Sin evaluar
3268,3956,F,23,south Bohemia,Bohemia,Joven (<30),Bohemia - Joven (<30),9104.0,2.0,63.34,15.79,978.21,17077.55,0,Sin evaluar
3269,3958,F,52,north Bohemia,Bohemia,Adulto Mayor (>50),Bohemia - Adulto Mayor (>50),9065.0,4.0,39.92,34694.09,33013.65,63361.35,0,Sin evaluar
3270,3959,F,28,west Bohemia,Bohemia,Joven (<30),Bohemia - Joven (<30),9650.0,3.0,40.77,20956.22,12423.84,49291.53,0,Sin evaluar
3271,3960,M,34,central Bohemia,Bohemia,Adulto (30-50),Bohemia - Adulto (30-50),11277.0,1.0,26.61,511.09,1557.31,17246.08,0,Sin evaluar
3272,3961,F,55,south Moravia,Moravia,Adulto Mayor (>50),Moravia - Adulto Mayor (>50),8240.0,3.0,28.02,22455.53,18399.71,40252.4,0,Sin evaluar
3273,3962,M,46,north Moravia,Moravia,Adulto (30-50),Moravia - Adulto (30-50),10673.0,5.0,36.07,127.53,52372.33,34594.55,18,Mal Pagador
3274,3963,M,24,north Moravia,Moravia,Joven (<30),Moravia - Joven (<30),8369.0,5.0,15.44,24465.93,18638.6,36769.71,0,Sin evaluar
3275,3964,M,56,north Moravia,Moravia,Adulto Mayor (>50),Moravia - Adulto Mayor (>50),10673.0,5.0,54.08,7883.14,4622.78,23292.35,0,Sin evaluar
3276,3965,M,35,Prague,Praga,Adulto (30-50),Praga - Adulto (30-50),12541.0,0.0,12.06,8643.45,2777.78,32718.36,0,Sin evaluar
3277,3967,F,38,south Bohemia,Bohemia,Adulto (30-50),Bohemia - Adulto (30-50),8968.0,3.0,65.64,18233.71,17587.45,40593.26,0,Sin evaluar
3278,3969,F,47,central Bohemia,Bohemia,Adulto (30-50),Bohemia - Adulto (30-50),9753.0,5.0,35.94,23602.06,21499.17,55770.78,0,Sin evaluar
3279,3970,F,18,east Bohemia,Bohemia,Joven (<30),Bohemia - Joven (<30),8369.0,2.0,48.46,32233.8,21827.16,51270.78,0,Sin evaluar
3280,3971,M,32,Prague,Praga,Adulto (30-50),Praga - Adulto (30-50),12541.0,0.0,32.23,15684.46,11061.12,24200.39,0,Sin evaluar
3281,3972,M,68,Prague,Praga,Adulto Mayor (>50),Praga - Adulto Mayor (>50),12541.0,0.0,16.82,47.56,2268.73,16986.16,0,Sin evaluar
3282,3973,F,16,Prague,Praga,Joven (<30),Praga - Joven (<30),12541.0,0.0,25.2,6051.71,3732.14,21246.97,0,Sin evaluar
3283,3974,M,60,north Moravia,Moravia,Adulto Mayor (>50),Moravia - Adulto Mayor (>50),9893.0,4.0,69.19,20027.74,11789.28,29634.98,0,Sin evaluar
3284,3975,F,44,Prague,Praga,Adulto (30-50),Praga - Adulto (30-50),12541.0,0.0,67.48,8741.3,3923.83,24345.41,0,Sin evaluar
3285,3976,M,31,east Bohemia,Bohemia,Adulto (30-50),Bohemia - Adulto (30-50),9425.0,2.0,31.64,9.48,556.57,19748.45,0,Sin evaluar
3286,3977,M,23,central Bohemia,Bohemia,Joven (<30),Bohemia - Joven (<30),11277.0,1.0,34.14,42299.12,31358.26,55449.44,0,Sin evaluar
3287,3978,M,28,south Bohemia,Bohemia,Joven (<30),Bohemia - Joven (<30),8968.0,3.0,65.18,23740.23,16649.28,35358.66,0,Sin evaluar
3288,3979,F,70,south Moravia,Moravia,Adulto Mayor (>50),Moravia - Adulto Mayor (>50),9897.0,2.0,51.52,13.59,2944.88,21211.5,0,Sin evaluar
3289,3980,M,45,Prague,Praga,Adulto (30-50),Praga - Adulto (30-50),12541.0,0.0,54.97,14258.41,6597.78,35998.99,0,Sin evaluar
3290,3981,M,19,south Bohemia,Bohemia,Joven (<30),Bohemia - Joven (<30),8402.0,3.0,24.71,8.09,40234.52,74921.87,0,Sin evaluar
3291,3982,F,79,east Bohemia,Bohemia,Adulto Mayor (>50),Bohemia - Adulto Mayor (>50),8390.0,2.0,25.46,39.28,2734.49,21098.91,0,Sin evaluar
3292,3983,F,72,Prague,Praga,Adulto Mayor (>50),Praga - Adulto Mayor (>50),12541.0,0.0,60.32,13.26,1554.05,19506.79,0,Sin evaluar
3293,3984,F,34,Prague,Praga,Adulto (30-50),Praga - Adulto (30-50),12541.0,0.0,16.76,232.7,43564.8,59131.41,0,Sin evaluar
3294,3985,F,19,north Moravia,Moravia,Joven (<30),Moravia - Joven (<30),8819.0,5.0,32.72,13431.51,6080.68,44432.54,0,Sin evaluar
3296,3987,M,38,north Moravia,Moravia,Adulto (30-50),Moravia - Adulto (30-50),8110.0,6.0,33.54,134.17,35766.22,63296.28,0,Sin evaluar
3297,3988,F,24,south Moravia,Moravia,Joven (<30),Moravia - Joven (<30),8240.0,3.0,46.42,17081.0,16334.77,37441.56,0,Sin evaluar
3298,3990,M,25,west Bohemia,Bohemia,Joven (<30),Bohemia - Joven (<30),8843.0,3.0,64.89,8268.35,7662.2,43210.45,0,Sin evaluar
3299,3991,M,31,central Bohemia,Bohemia,Adulto (30-50),Bohemia - Adulto (30-50),9622.0,0.0,19.52,20705.33,19445.24,49535.7,0,Sin evaluar
3300,3992,F,50,north Moravia,Moravia,Adulto Mayor (>50),Moravia - Adulto Mayor (>50),8678.0,6.0,15.38,71.52,40641.22,53224.56,0,Sin evaluar
3301,3993,F,18,south Bohemia,Bohemia,Joven (<30),Bohemia - Joven (<30),10045.0,1.0,32.2,17795.65,13186.34,28199.53,0,Sin evaluar
3302,3994,F,33,south Bohemia,Bohemia,Adulto (30-50),Bohemia - Adulto (30-50),9104.0,2.0,69.98,1381.82,1629.04,33543.09,0,Sin evaluar
3303,3995,F,50,Prague,Praga,Adulto Mayor (>50),Praga - Adulto Mayor (>50),12541.0,0.0,37.45,22088.28,20163.95,49709.57,0,Sin evaluar
3304,3996,F,51,north Bohemia,Bohemia,Adulto Mayor (>50),Bohemia - Adulto Mayor (>50),9198.0,3.0,23.46,12078.99,7783.46,27219.74,0,Sin evaluar
3305,3997,F,71,central Bohemia,Bohemia,Adulto Mayor (>50),Bohemia - Adulto Mayor (>50),8598.0,3.0,36.73,16.34,3936.56,16277.04,0,Sin evaluar
3306,3998,F,48,south Moravia,Moravia,Adulto (30-50),Moravia - Adulto (30-50),8444.0,3.0,64.23,13166.88,7706.68,33679.33,0,Sin evaluar
3307,3999,F,22,west Bohemia,Bohemia,Joven (<30),Bohemia - Joven (<30),9650.0,3.0,57.63,8383.93,7688.7,45488.57,0,Sin evaluar
3308,4000,M,41,north Bohemia,Bohemia,Adulto (30-50),Bohemia - Adulto (30-50),9317.0,6.0,32.95,16421.58,15039.15,28975.56,0,Sin evaluar
3309,4001,M,42,north Moravia,Moravia,Adulto (30-50),Moravia - Adulto (30-50),8173.0,5.83,61.34,16608.15,10507.01,31591.92,0,Sin evaluar
3310,4002,F,78,west Bohemia,Bohemia,Adulto Mayor (>50),Bohemia - Adulto Mayor (>50),8554.0,2.0,63.51,14.17,1636.59,18270.92,0,Sin evaluar
3311,4003,M,49,central Bohemia,Bohemia,Adulto (30-50),Bohemia - Adulto (30-50),11277.0,1.0,28.42,42993.17,34421.08,54948.52,0,Sin evaluar
3312,4004,F,41,west Bohemia,Bohemia,Adulto (30-50),Bohemia - Adulto (30-50),9650.0,3.0,24.87,1318.86,1768.4,32133.82,0,Sin evaluar
3314,4006,F,20,west Bohemia,Bohemia,Joven (<30),Bohemia - Joven (<30),8554.0,2.0,26.55,6742.9,5016.95,44608.98,0,Sin evaluar
3315,4007,M,50,west Bohemia,Bohemia,Adulto Mayor (>50),Bohemia - Adulto Mayor (>50),8624.0,2.0,40.25,13180.27,10468.07,58913.92,0,Sin evaluar
3316,4009,M,32,central Bohemia,Bohemia,Adulto (30-50),Bohemia - Adulto (30-50),9753.0,5.0,67.84,16970.34,7420.11,37445.67,0,Sin evaluar
3317,4010,F,50,central Bohemia,Bohemia,Adulto Mayor (>50),Bohemia - Adulto Mayor (>50),9753.0,5.0,38.9,15.42,942.16,17015.64,0,Sin evaluar
3318,4011,F,41,south Moravia,Moravia,Adulto (30-50),Moravia - Adulto (30-50),8544.0,1.0,30.19,33.12,895.66,13266.63,0,Sin evaluar
3319,4012,F,42,south Moravia,Moravia,Adulto (30-50),Moravia - Adulto (30-50),8772.0,5.0,64.07,1108.16,1750.9,36114.84,0,Sin evaluar
3320,4013,F,47,Prague,Praga,Adulto (30-50),Praga - Adulto (30-50),12541.0,0.0,36.99,24.33,771.83,17880.87,0,Sin evaluar
3321,4014,M,18,south Bohemia,Bohemia,Joven (<30),Bohemia - Joven (<30),8114.0,2.0,44.45,8655.43,7896.51,39246.69,0,Sin evaluar
3322,4015,F,26,south Moravia,Moravia,Joven (<30),Moravia - Joven (<30),8403.0,6.0,33.38,25389.87,19852.58,48759.13,0,Sin evaluar
3323,4016,F,27,central Bohemia,Bohemia,Joven (<30),Bohemia - Joven (<30),8598.0,3.0,63.74,23802.18,19552.56,49221.33,0,Sin evaluar
3324,4018,F,18,central Bohemia,Bohemia,Joven (<30),Bohemia - Joven (<30),8980.0,2.0,14.46,9754.7,2544.95,42848.81,0,Sin evaluar
3325,4019,M,53,central Bohemia,Bohemia,Adulto Mayor (>50),Bohemia - Adulto Mayor (>50),9622.0,0.0,13.9,107.91,34449.5,59097.26,0,Sin evaluar
3326,4020,F,45,east Bohemia,Bohemia,Adulto (30-50),Bohemia - Adulto (30-50),8390.0,2.0,61.63,32459.45,32498.26,38131.44,14,Sin evaluar
3327,4021,M,50,east Bohemia,Bohemia,Adulto Mayor (>50),Bohemia - Adulto Mayor (>50),8390.0,2.0,68.5,12292.85,5625.69,37180.83,0,Sin evaluar
3328,4022,M,72,Prague,Praga,Adulto Mayor (>50),Praga - Adulto Mayor (>50),12541.0,0.0,21.49,37.23,1355.51,23073.61,0,Sin evaluar
3329,4024,M,34,central Bohemia,Bohemia,Adulto (30-50),Bohemia - Adulto (30-50),8980.0,2.0,26.61,20765.84,11125.89,36320.55,0,Buen Pagador
3330,4026,F,53,north Moravia,Moravia,Adulto Mayor (>50),Moravia - Adulto Mayor (>50),8369.0,5.0,41.79,42838.1,37473.73,63252.66,0,Sin evaluar
3331,4027,F,33,south Bohemia,Bohemia,Adulto (30-50),Bohemia - Adulto (30-50),8427.0,1.0,22.31,15055.4,10329.9,27865.17,0,Sin evaluar
3332,4029,M,31,south Bohemia,Bohemia,Adulto (30-50),Bohemia - Adulto (30-50),8114.0,2.0,21.22,9173.52,6423.19,35541.32,0,Sin evaluar
3333,4030,F,22,east Bohemia,Bohemia,Joven (<30),Bohemia - Joven (<30),8254.0,3.0,13.11,8135.39,5648.36,28852.46,0,Sin evaluar
3334,4031,M,23,north Moravia,Moravia,Joven (<30),Moravia - Joven (<30),8110.0,6.0,29.73,5636.43,4291.96,28948.2,0,Sin evaluar
3335,4032,F,34,north Bohemia,Bohemia,Adulto (30-50),Bohemia - Adulto (30-50),8867.0,1.0,34.4,29.07,704.65,21979.13,0,Sin evaluar
3336,4033,M,73,east Bohemia,Bohemia,Adulto Mayor (>50),Bohemia - Adulto Mayor (>50),8541.0,3.0,51.38,17.52,2699.69,20025.05,0,Sin evaluar
3337,4034,M,61,south Moravia,Moravia,Adulto Mayor (>50),Moravia - Adulto Mayor (>50),8757.0,3.0,22.24,57803.87,48341.1,63896.66,0,Sin evaluar
3338,4036,F,22,west Bohemia,Bohemia,Joven (<30),Bohemia - Joven (<30),8554.0,2.0,36.24,15169.54,7454.75,23359.24,0,Sin evaluar
3339,4037,F,32,Prague,Praga,Adulto (30-50),Praga - Adulto (30-50),12541.0,0.0,27.1,8999.56,5073.8,29517.31,0,Sin evaluar
3342,4040,F,37,south Moravia,Moravia,Adulto (30-50),Moravia - Adulto (30-50),8444.0,3.0,14.82,17041.09,9004.05,38580.16,0,Sin evaluar
3343,4042,M,59,Prague,Praga,Adulto Mayor (>50),Praga - Adulto Mayor (>50),12541.0,0.0,16.92,25091.73,14608.75,44862.72,0,Sin evaluar
3344,4043,F,45,north Moravia,Moravia,Adulto (30-50),Moravia - Adulto (30-50),10177.0,7.0,19.55,47690.33,36075.7,63520.03,0,Sin evaluar
3345,4044,F,68,east Bohemia,Bohemia,Adulto Mayor (>50),Bohemia - Adulto Mayor (>50),8254.0,3.0,60.75,9.88,1961.48,7025.41,13,Sin evaluar
3346,4046,F,54,Prague,Praga,Adulto Mayor (>50),Praga - Adulto Mayor (>50),12541.0,0.0,17.22,25602.03,18265.97,38483.55,0,Sin evaluar
3347,4048,M,75,central Bohemia,Bohemia,Adulto Mayor (>50),Bohemia - Adulto Mayor (>50),9753.0,5.0,28.39,21.13,2635.08,19027.15,0,Sin evaluar
3348,4049,M,53,central Bohemia,Bohemia,Adulto Mayor (>50),Bohemia - Adulto Mayor (>50),9753.0,5.0,48.76,19976.5,13524.61,52246.83,0,Sin evaluar
3349,4050,M,50,east Bohemia,Bohemia,Adulto Mayor (>50),Bohemia - Adulto Mayor (>50),9538.0,2.0,33.12,19937.23,12267.51,36782.61,0,Sin evaluar
3350,4051,M,49,north Moravia,Moravia,Adulto (30-50),Moravia - Adulto (30-50),10673.0,5.0,29.6,9015.74,4987.16,18439.69,0,Sin evaluar
3351,4053,F,69,north Moravia,Moravia,Adulto Mayor (>50),Moravia - Adulto Mayor (>50),10177.0,7.0,33.77,8.88,2631.63,31983.07,0,Sin evaluar
3352,4054,F,39,north Moravia,Moravia,Adulto (30-50),Moravia - Adulto (30-50),8994.0,4.0,61.73,5584.64,2663.21,21064.82,0,Sin evaluar
3353,4055,F,45,north Moravia,Moravia,Adulto (30-50),Moravia - Adulto (30-50),10673.0,5.0,28.12,35674.29,20546.23,43421.24,0,Sin evaluar
3354,4056,F,46,south Moravia,Moravia,Adulto (30-50),Moravia - Adulto (30-50),8288.0,4.0,61.83,11893.26,7067.77,25265.22,0,Buen Pagador
3355,4057,F,76,north Moravia,Moravia,Adulto Mayor (>50),Moravia - Adulto Mayor (>50),10177.0,7.0,58.12,18.93,2317.79,40959.31,0,Sin evaluar
3357,4059,M,74,south Moravia,Moravia,Adulto Mayor (>50),Moravia - Adulto Mayor (>50),9897.0,2.0,41.2,9.71,4301.7,28412.93,0,Sin evaluar
3358,4060,F,44,east Bohemia,Bohemia,Adulto (30-50),Bohemia - Adulto (30-50),8254.0,3.0,34.3,26.24,827.41,19509.05,0,Sin evaluar
3359,4061,M,20,central Bohemia,Bohemia,Joven (<30),Bohemia - Joven (<30),11277.0,1.0,29.04,1081.27,1959.37,30723.25,0,Sin evaluar
3360,4062,M,48,north Moravia,Moravia,Adulto (30-50),Moravia - Adulto (30-50),8678.0,6.0,13.67,16058.16,5901.98,39582.2,0,Sin evaluar
3361,4063,F,32,south Moravia,Moravia,Adulto (30-50),Moravia - Adulto (30-50),8814.0,5.0,64.16,11690.46,4947.94,43308.24,0,Sin evaluar
3362,4065,M,56,north Moravia,Moravia,Adulto Mayor (>50),Moravia - Adulto Mayor (>50),8746.0,3.0,47.18,12754.18,5610.43,35227.92,0,Sin evaluar
3363,4066,F,62,west Bohemia,Bohemia,Adulto Mayor (>50),Bohemia - Adulto Mayor (>50),9650.0,3.0,42.25,26.04,1717.63,23651.03,0,Sin evaluar
3364,4067,F,39,south Bohemia,Bohemia,Adulto (30-50),Bohemia - Adulto (30-50),9104.0,2.0,48.76,42870.67,35651.8,59337.9,0,Sin evaluar
3365,4068,M,74,central Bohemia,Bohemia,Adulto Mayor (>50),Bohemia - Adulto Mayor (>50),9622.0,0.0,13.4,82.09,2972.39,24024.37,0,Sin evaluar
3366,4069,M,39,north Moravia,Moravia,Adulto (30-50),Moravia - Adulto (30-50),9893.0,4.0,33.97,15417.6,9228.73,41007.17,0,Sin evaluar
3367,4071,F,56,east Bohemia,Bohemia,Adulto Mayor (>50),Bohemia - Adulto Mayor (>50),8390.0,2.0,68.99,25094.94,21621.1,73953.17,0,Sin evaluar
3368,4073,M,43,west Bohemia,Bohemia,Adulto (30-50),Bohemia - Adulto (30-50),8991.0,1.0,39.56,17376.16,8218.91,56074.34,0,Sin evaluar
3369,4075,F,54,central Bohemia,Bohemia,Adulto Mayor (>50),Bohemia - Adulto Mayor (>50),11277.0,1.0,48.99,6520.21,2802.61,29513.16,0,Sin evaluar
3370,4076,M,29,east Bohemia,Bohemia,Joven (<30),Bohemia - Joven (<30),8208.0,2.0,61.5,671.54,26242.93,34541.67,0,Sin evaluar
3371,4077,F,43,north Moravia,Moravia,Adulto (30-50),Moravia - Adulto (30-50),9893.0,4.0,61.86,33354.19,22180.0,45131.98,0,Sin evaluar
3372,4078,M,47,west Bohemia,Bohemia,Adulto (30-50),Bohemia - Adulto (30-50),8624.0,2.0,55.2,26088.5,15306.16,57468.34,0,Sin evaluar
3373,4079,M,43,west Bohemia,Bohemia,Adulto (30-50),Bohemia - Adulto (30-50),8561.0,1.0,35.42,20469.03,11452.85,25976.51,0,Sin evaluar
3374,4080,F,55,south Bohemia,Bohemia,Adulto Mayor (>50),Bohemia - Adulto Mayor (>50),9104.0,2.0,70.41,26292.29,21677.32,35484.34,33,Sin evaluar
3375,4081,M,20,central Bohemia,Bohemia,Joven (<30),Bohemia - Joven (<30),8899.0,3.0,23.49,12232.87,9804.17,47830.18,0,Sin evaluar
3376,4082,F,37,south Moravia,Moravia,Adulto (30-50),Moravia - Adulto (30-50),8757.0,3.0,25.43,21151.4,13942.59,33546.88,0,Sin evaluar
3377,4083,F,30,north Moravia,Moravia,Adulto (30-50),Moravia - Adulto (30-50),10673.0,5.0,24.94,23384.92,18217.32,41637.38,0,Sin evaluar
3378,4084,M,41,south Moravia,Moravia,Adulto (30-50),Moravia - Adulto (30-50),8743.0,2.0,57.59,13631.79,7490.19,35835.92,0,Sin evaluar
3379,4086,F,57,south Moravia,Moravia,Adulto Mayor (>50),Moravia - Adulto Mayor (>50),8288.0,4.0,23.2,15649.7,13176.72,38796.78,0,Sin evaluar
3380,4087,F,52,south Moravia,Moravia,Adulto Mayor (>50),Moravia - Adulto Mayor (>50),9624.0,2.0,60.68,7686.32,3213.58,25594.29,0,Sin evaluar
3381,4088,F,50,north Moravia,Moravia,Adulto Mayor (>50),Moravia - Adulto Mayor (>50),9893.0,4.0,16.95,21213.51,12556.93,31453.9,0,Sin evaluar
3382,4090,M,27,west Bohemia,Bohemia,Joven (<30),Bohemia - Joven (<30),8624.0,2.0,13.34,18223.39,18106.07,40148.38,0,Sin evaluar
3383,4091,F,16,west Bohemia,Bohemia,Joven (<30),Bohemia - Joven (<30),8843.0,3.0,15.08,7285.15,3922.41,37613.76,0,Sin evaluar
3384,4092,F,65,south Bohemia,Bohemia,Adulto Mayor (>50),Bohemia - Adulto Mayor (>50),10045.0,1.0,37.85,29.06,2510.44,37033.96,0,Sin evaluar
3385,4093,M,52,Prague,Praga,Adulto Mayor (>50),Praga - Adulto Mayor (>50),12541.0,0.0,12.32,7528.73,1810.06,37732.52,0,Sin evaluar
3386,4094,M,19,central Bohemia,Bohemia,Joven (<30),Bohemia - Joven (<30),8507.0,2.0,43.3,37185.66,36831.15,49384.14,2,Sin evaluar
3387,4095,M,24,west Bohemia,Bohemia,Joven (<30),Bohemia - Joven (<30),8554.0,2.0,24.08,1158.64,34523.13,59649.23,0,Sin evaluar
3389,4098,M,60,central Bohemia,Bohemia,Adulto Mayor (>50),Bohemia - Adulto Mayor (>50),8598.0,3.0,35.02,46026.19,40481.07,64549.17,0,Sin evaluar
3390,4099,F,53,central Bohemia,Bohemia,Adulto Mayor (>50),Bohemia - Adulto Mayor (>50),8754.0,4.0,24.28,131.8,15638.3,52229.82,0,Sin evaluar
3391,4100,M,43,north Moravia,Moravia,Adulto (30-50),Moravia - Adulto (30-50),10673.0,5.0,68.99,18650.53,10335.99,45242.94,0,Sin evaluar
3392,4101,F,28,Prague,Praga,Joven (<30),Praga - Joven (<30),12541.0,0.0,42.78,10985.55,4712.95,26954.28,0,Sin evaluar
3393,4102,F,29,central Bohemia,Bohemia,Joven (<30),Bohemia - Joven (<30),9753.0,5.0,24.28,251.24,6292.83,18432.18,0,Sin evaluar
3394,4104,M,79,west Bohemia,Bohemia,Adulto Mayor (>50),Bohemia - Adulto Mayor (>50),8624.0,2.0,26.71,7.49,4134.78,20040.19,0,Sin evaluar
3395,4105,F,18,south Bohemia,Bohemia,Joven (<30),Bohemia - Joven (<30),8427.0,1.0,13.83,26901.08,18279.1,64897.13,0,Sin evaluar
3396,4106,M,62,Prague,Praga,Adulto Mayor (>50),Praga - Adulto Mayor (>50),12541.0,0.0,13.34,16398.65,13706.15,36565.7,0,Sin evaluar
3397,4107,M,44,east Bohemia,Bohemia,Adulto (30-50),Bohemia - Adulto (30-50),8208.0,2.0,28.88,21802.67,12629.5,38263.95,0,Sin evaluar
3398,4108,F,72,east Bohemia,Bohemia,Adulto Mayor (>50),Bohemia - Adulto Mayor (>50),9425.0,2.0,20.53,34.1,3044.33,24139.28,0,Sin evaluar
3399,4109,M,45,south Moravia,Moravia,Adulto (30-50),Moravia - Adulto (30-50),8288.0,4.0,27.14,18572.4,10918.94,32289.73,0,Sin evaluar
3401,4112,M,24,north Bohemia,Bohemia,Joven (<30),Bohemia - Joven (<30),8965.0,7.0,14.88,23251.61,19288.64,45108.47,0,Sin evaluar
3402,4113,F,51,north Moravia,Moravia,Adulto Mayor (>50),Moravia - Adulto Mayor (>50),8369.0,5.0,45.54,49252.66,39542.8,67224.58,0,Sin evaluar
3403,4114,M,34,south Moravia,Moravia,Adulto (30-50),Moravia - Adulto (30-50),8288.0,4.0,19.38,38783.54,32796.65,58984.91,0,Sin evaluar
3404,4115,M,55,north Bohemia,Bohemia,Adulto Mayor (>50),Bohemia - Adulto Mayor (>50),8705.0,6.0,13.86,20774.96,14797.98,57555.36,0,Sin evaluar
3405,4116,M,62,north Bohemia,Bohemia,Adulto Mayor (>50),Bohemia - Adulto Mayor (>50),9198.0,3.0,57.82,22358.46,13324.11,41758.43,0,Sin evaluar
3406,4117,F,80,south Moravia,Moravia,Adulto Mayor (>50),Moravia - Adulto Mayor (>50),8240.0,3.0,12.75,86.27,2650.98,21634.07,0,Sin evaluar
3407,4118,M,20,west Bohemia,Bohemia,Joven (<30),Bohemia - Joven (<30),8594.0,2.0,64.23,22677.83,21752.16,34007.36,5,Sin evaluar
3408,4119,F,36,south Moravia,Moravia,Adulto (30-50),Moravia - Adulto (30-50),8544.0,1.0,63.38,22223.0,21638.37,41453.75,0,Sin evaluar
3409,4121,M,75,west Bohemia,Bohemia,Adulto Mayor (>50),Bohemia - Adulto Mayor (>50),8624.0,2.0,34.0,26.47,1709.71,15483.13,0,Sin evaluar
3410,4122,M,29,north Bohemia,Bohemia,Joven (<30),Bohemia - Joven (<30),10446.0,7.0,41.95,16502.03,12099.17,37521.81,0,Sin evaluar
3411,4124,F,35,south Bohemia,Bohemia,Adulto (30-50),Bohemia - Adulto (30-50),8402.0,3.0,24.44,15200.49,7797.05,47415.06,0,Sin evaluar
3412,4125,F,76,west Bohemia,Bohemia,Adulto Mayor (>50),Bohemia - Adulto Mayor (>50),8930.0,4.0,24.34,16.43,3656.53,16204.72,0,Sin evaluar
3413,4126,M,23,north Moravia,Moravia,Joven (<30),Moravia - Joven (<30),10673.0,5.0,65.61,11231.76,5284.56,60900.21,0,Sin evaluar
3415,4129,F,46,north Moravia,Moravia,Adulto (30-50),Moravia - Adulto (30-50),8819.0,5.0,12.81,8960.5,4231.07,30579.25,0,Sin evaluar
3417,4131,M,22,east Bohemia,Bohemia,Joven (<30),Bohemia - Joven (<30),9060.0,2.0,39.1,6602.48,6147.06,24593.08,0,Sin evaluar
3418,4132,M,36,east Bohemia,Bohemia,Adulto (30-50),Bohemia - Adulto (30-50),8388.0,2.0,27.93,40424.81,36602.33,50082.2,0,Sin evaluar
3419,4134,F,44,Prague,Praga,Adulto (30-50),Praga - Adulto (30-50),12541.0,0.0,50.07,13291.71,5842.62,24418.85,0,Sin evaluar
3421,4136,M,39,west Bohemia,Bohemia,Adulto (30-50),Bohemia - Adulto (30-50),8930.0,4.0,46.95,20024.64,10859.64,49076.03,0,Sin evaluar
3422,4137,M,49,south Bohemia,Bohemia,Adulto (30-50),Bohemia - Adulto (30-50),9104.0,2.0,33.12,25776.9,16449.28,38262.44,0,Sin evaluar
3423,4138,F,30,central Bohemia,Bohemia,Adulto (30-50),Bohemia - Adulto (30-50),9622.0,0.0,13.67,7296.49,3912.22,21592.35,0,Sin evaluar
3424,4139,M,29,north Moravia,Moravia,Joven (<30),Moravia - Joven (<30),10673.0,5.0,70.44,33778.52,24740.69,61512.68,0,Sin evaluar
3425,4140,M,35,north Moravia,Moravia,Adulto (30-50),Moravia - Adulto (30-50),10177.0,7.0,52.24,1165.77,1608.73,36739.13,0,Sin evaluar
3426,4141,M,28,central Bohemia,Bohemia,Joven (<30),Bohemia - Joven (<30),8899.0,3.0,29.6,1050.68,15151.18,45001.54,0,Sin evaluar
3427,4142,M,38,north Bohemia,Bohemia,Adulto (30-50),Bohemia - Adulto (30-50),9198.0,3.0,28.25,25824.04,14463.72,52637.71,0,Sin evaluar
3428,4143,M,43,west Bohemia,Bohemia,Adulto (30-50),Bohemia - Adulto (30-50),8561.0,1.0,17.64,13083.22,10885.49,32311.84,0,Sin evaluar
3429,4145,F,76,north Moravia,Moravia,Adulto Mayor (>50),Moravia - Adulto Mayor (>50),8746.0,3.0,60.45,8.27,4274.28,32446.0,0,Sin evaluar
3430,4146,F,43,central Bohemia,Bohemia,Adulto (30-50),Bohemia - Adulto (30-50),8899.0,3.0,24.67,1807.86,1811.11,26332.53,0,Sin evaluar
3431,4147,M,26,south Moravia,Moravia,Joven (<30),Moravia - Joven (<30),9624.0,2.0,27.3,22683.37,14430.77,41061.9,0,Sin evaluar
3432,4149,M,19,Prague,Praga,Joven (<30),Praga - Joven (<30),12541.0,0.0,30.19,5853.43,3141.44,16609.24,0,Sin evaluar
3433,4151,F,72,north Moravia,Moravia,Adulto Mayor (>50),Moravia - Adulto Mayor (>50),8746.0,3.0,17.81,28.07,1181.36,17760.6,0,Sin evaluar
3434,4153,M,42,north Bohemia,Bohemia,Adulto (30-50),Bohemia - Adulto (30-50),9272.0,3.0,31.61,28.47,856.69,15133.75,0,Sin evaluar
3435,4155,M,75,Prague,Praga,Adulto Mayor (>50),Praga - Adulto Mayor (>50),12541.0,0.0,66.0,3.03,1384.85,22335.55,0,Sin evaluar
3436,4156,F,36,central Bohemia,Bohemia,Adulto (30-50),Bohemia - Adulto (30-50),9307.0,4.0,42.25,4.73,742.01,24293.56,0,Sin evaluar
3437,4157,M,26,Prague,Praga,Joven (<30),Praga - Joven (<30),12541.0,0.0,25.56,58913.07,51199.65,64784.75,0,Sin evaluar
3438,4158,F,78,north Bohemia,Bohemia,Adulto Mayor (>50),Bohemia - Adulto Mayor (>50),8867.0,1.0,24.31,41.14,2511.31,18640.4,0,Sin evaluar
3439,4160,F,29,south Bohemia,Bohemia,Joven (<30),Bohemia - Joven (<30),8427.0,1.0,34.46,19214.1,10951.83,35868.45,0,Sin evaluar
3440,4161,F,26,west Bohemia,Bohemia,Joven (<30),Bohemia - Joven (<30),8620.0,1.0,39.29,18986.51,8467.8,40027.74,0,Sin evaluar
3442,4163,M,47,central Bohemia,Bohemia,Adulto (30-50),Bohemia - Adulto (30-50),9753.0,5.0,35.48,25.37,856.82,16987.04,0,Sin evaluar
3443,4164,F,74,east Bohemia,Bohemia,Adulto Mayor (>50),Bohemia - Adulto Mayor (>50),8390.0,2.0,29.17,13.71,1134.73,17676.38,0,Sin evaluar
3444,4165,M,43,south Moravia,Moravia,Adulto (30-50),Moravia - Adulto (30-50),8240.0,3.0,15.87,2192.82,15420.16,55647.32,0,Sin evaluar
3445,4166,M,51,Prague,Praga,Adulto Mayor (>50),Praga - Adulto Mayor (>50),12541.0,0.0,58.25,12055.69,11377.51,33563.85,0,Sin evaluar
3446,4167,F,49,central Bohemia,Bohemia,Adulto (30-50),Bohemia - Adulto (30-50),8546.0,3.0,27.1,49137.71,35169.59,64513.5,0,Sin evaluar
3448,4169,F,18,south Moravia,Moravia,Joven (<30),Moravia - Joven (<30),8757.0,3.0,30.82,21459.99,19524.08,38762.17,0,Sin evaluar
3449,4171,M,18,Prague,Praga,Joven (<30),Praga - Joven (<30),12541.0,0.0,44.16,5517.26,3918.7,44406.85,0,Sin evaluar
3450,4172,F,53,Prague,Praga,Adulto Mayor (>50),Praga - Adulto Mayor (>50),12541.0,0.0,24.57,42088.07,39782.17,65648.77,0,Sin evaluar
3451,4173,F,20,east Bohemia,Bohemia,Joven (<30),Bohemia - Joven (<30),8363.0,3.0,32.13,20470.53,13153.44,31621.97,0,Sin evaluar
3452,4174,M,71,south Moravia,Moravia,Adulto Mayor (>50),Moravia - Adulto Mayor (>50),8288.0,4.0,24.57,32.56,1342.29,23632.59,0,Sin evaluar
3453,4175,F,33,central Bohemia,Bohemia,Adulto (30-50),Bohemia - Adulto (30-50),8598.0,3.0,42.78,24180.95,16540.44,40142.08,0,Sin evaluar
3454,4176,M,76,north Bohemia,Bohemia,Adulto Mayor (>50),Bohemia - Adulto Mayor (>50),9272.0,3.0,26.45,18.9,3314.18,19433.55,0,Sin evaluar
3455,4177,M,63,north Bohemia,Bohemia,Adulto Mayor (>50),Bohemia - Adulto Mayor (>50),9675.0,6.0,33.61,29.75,31373.25,52673.55,0,Buen Pagador
3456,4178,M,72,north Bohemia,Bohemia,Adulto Mayor (>50),Bohemia - Adulto Mayor (>50),9272.0,3.0,63.8,4.7,4369.59,26085.49,0,Sin evaluar
3457,4179,M,78,south Moravia,Moravia,Adulto Mayor (>50),Moravia - Adulto Mayor (>50),9897.0,2.0,50.99,3.92,1163.95,19127.32,0,Sin evaluar
3458,4180,M,66,south Moravia,Moravia,Adulto Mayor (>50),Moravia - Adulto Mayor (>50),8288.0,4.0,41.82,14.35,1337.88,18790.01,0,Sin evaluar
3459,4181,F,34,north Moravia,Moravia,Adulto (30-50),Moravia - Adulto (30-50),8369.0,5.0,30.95,21171.79,18578.35,45521.77,0,Sin evaluar
3460,4182,M,57,south Bohemia,Bohemia,Adulto Mayor (>50),Bohemia - Adulto Mayor (>50),8427.0,1.0,20.76,25033.14,23713.92,48259.37,0,Sin evaluar
3461,4184,F,23,central Bohemia,Bohemia,Joven (<30),Bohemia - Joven (<30),11277.0,1.0,18.27,2129.17,957.85,23594.74,0,Sin evaluar
3462,4185,F,34,east Bohemia,Bohemia,Adulto (30-50),Bohemia - Adulto (30-50),8541.0,3.0,33.91,11088.88,4503.1,28609.44,0,Sin evaluar
3463,4186,M,20,north Bohemia,Bohemia,Joven (<30),Bohemia - Joven (<30),8965.0,7.0,15.31,14239.32,6694.97,29114.22,0,Sin evaluar
3464,4187,F,31,west Bohemia,Bohemia,Adulto (30-50),Bohemia - Adulto (30-50),8554.0,2.0,43.89,9324.58,3926.18,33739.26,0,Sin evaluar
3465,4188,M,22,Prague,Praga,Joven (<30),Praga - Joven (<30),12541.0,0.0,65.51,11633.98,5802.17,50661.94,0,Sin evaluar
3466,4189,M,57,south Moravia,Moravia,Adulto Mayor (>50),Moravia - Adulto Mayor (>50),9624.0,2.0,46.46,25922.21,20929.83,59090.13,0,Sin evaluar
3467,4190,M,56,south Bohemia,Bohemia,Adulto Mayor (>50),Bohemia - Adulto Mayor (>50),8114.0,2.0,28.19,30622.99,24870.52,57986.72,0,Sin evaluar
3468,4191,F,41,north Bohemia,Bohemia,Adulto (30-50),Bohemia - Adulto (30-50),9272.0,3.0,34.53,12316.83,6650.45,45163.31,0,Sin evaluar
3469,4192,M,67,north Moravia,Moravia,Adulto Mayor (>50),Moravia - Adulto Mayor (>50),8994.0,4.0,67.32,11.88,3126.86,26125.35,0,Sin evaluar
3470,4193,F,61,central Bohemia,Bohemia,Adulto Mayor (>50),Bohemia - Adulto Mayor (>50),11277.0,1.0,23.59,29.67,1424.76,33857.61,0,Sin evaluar
3471,4194,F,58,south Moravia,Moravia,Adulto Mayor (>50),Moravia - Adulto Mayor (>50),8288.0,4.0,23.26,23684.44,14369.73,60282.34,0,Sin evaluar
3472,4196,F,47,south Moravia,Moravia,Adulto (30-50),Moravia - Adulto (30-50),8743.0,2.0,29.34,21220.65,11042.94,56904.65,0,Sin evaluar
3474,4198,F,44,west Bohemia,Bohemia,Adulto (30-50),Bohemia - Adulto (30-50),8624.0,2.0,41.66,9.6,954.15,19589.34,0,Sin evaluar
3476,4201,M,21,central Bohemia,Bohemia,Joven (<30),Bohemia - Joven (<30),8980.0,2.0,36.5,13708.33,4797.26,37527.96,0,Sin evaluar
3477,4203,F,31,Prague,Praga,Adulto (30-50),Praga - Adulto (30-50),12541.0,0.0,64.3,10.89,1022.24,15856.85,0,Sin evaluar
3478,4205,M,63,west Bohemia,Bohemia,Adulto Mayor (>50),Bohemia - Adulto Mayor (>50),9650.0,3.0,51.88,9256.75,4164.23,26160.45,0,Sin evaluar
3479,4206,M,56,west Bohemia,Bohemia,Adulto Mayor (>50),Bohemia - Adulto Mayor (>50),8620.0,1.0,54.57,15701.65,6325.45,38619.04,0,Sin evaluar
3480,4207,M,60,north Moravia,Moravia,Adulto Mayor (>50),Moravia - Adulto Mayor (>50),10177.0,7.0,63.54,14798.66,13884.17,52358.59,0,Sin evaluar
3482,4209,F,65,north Moravia,Moravia,Adulto Mayor (>50),Moravia - Adulto Mayor (>50),10177.0,7.0,47.9,12.53,1705.01,15866.54,0,Sin evaluar
3483,4210,M,19,north Bohemia,Bohemia,Joven (<30),Bohemia - Joven (<30),9317.0,6.0,62.62,4.79,962.79,17802.33,0,Sin evaluar
3484,4211,F,25,west Bohemia,Bohemia,Joven (<30),Bohemia - Joven (<30),8620.0,1.0,55.0,26560.36,18238.18,34864.85,0,Sin evaluar
3485,4212,M,53,south Moravia,Moravia,Adulto Mayor (>50),Moravia - Adulto Mayor (>50),8240.0,3.0,30.39,15361.14,8907.54,41054.82,0,Sin evaluar
3486,4213,F,73,south Moravia,Moravia,Adulto Mayor (>50),Moravia - Adulto Mayor (>50),9624.0,2.0,38.74,25.81,1359.58,31417.11,0,Sin evaluar
3487,4215,F,46,east Bohemia,Bohemia,Adulto (30-50),Bohemia - Adulto (30-50),8208.0,2.0,71.72,17622.59,8965.14,47948.95,0,Sin evaluar
3489,4217,F,47,central Bohemia,Bohemia,Adulto (30-50),Bohemia - Adulto (30-50),8899.0,3.0,48.76,17392.53,12651.76,43216.42,0,Buen Pagador
3490,4218,F,59,east Bohemia,Bohemia,Adulto Mayor (>50),Bohemia - Adulto Mayor (>50),9060.0,2.0,37.16,1407.43,1124.87,17022.22,0,Sin evaluar
3491,4219,F,54,east Bohemia,Bohemia,Adulto Mayor (>50),Bohemia - Adulto Mayor (>50),8541.0,3.0,29.14,20770.28,13809.2,33104.13,0,Sin evaluar
3492,4220,M,35,north Bohemia,Bohemia,Adulto (30-50),Bohemia - Adulto (30-50),8705.0,6.0,39.69,23115.17,14056.94,42680.81,0,Sin evaluar
3493,4221,F,57,south Moravia,Moravia,Adulto Mayor (>50),Moravia - Adulto Mayor (>50),8288.0,4.0,65.31,12.25,783.49,25676.78,0,Sin evaluar
3494,4222,M,70,south Moravia,Moravia,Adulto Mayor (>50),Moravia - Adulto Mayor (>50),8441.0,3.0,29.31,30.71,1730.47,27925.71,0,Sin evaluar
3495,4223,M,28,south Moravia,Moravia,Joven (<30),Moravia - Joven (<30),9897.0,2.0,31.47,25471.78,19563.46,55337.32,0,Sin evaluar
3496,4224,F,21,east Bohemia,Bohemia,Joven (<30),Bohemia - Joven (<30),8388.0,2.0,18.66,1913.18,30464.2,55111.85,0,Sin evaluar
3497,4225,M,21,north Moravia,Moravia,Joven (<30),Moravia - Joven (<30),8369.0,5.0,52.96,21270.96,13076.66,45820.98,0,Sin evaluar
3498,4226,M,41,west Bohemia,Bohemia,Adulto (30-50),Bohemia - Adulto (30-50),8930.0,4.0,25.59,9269.95,5682.69,24710.76,0,Sin evaluar
3499,4227,F,35,east Bohemia,Bohemia,Adulto (30-50),Bohemia - Adulto (30-50),8541.0,3.0,27.53,7.26,43522.01,54408.82,0,Sin evaluar
3501,4229,M,37,north Bohemia,Bohemia,Adulto (30-50),Bohemia - Adulto (30-50),9198.0,3.0,12.58,20688.87,13077.9,33185.69,0,Sin evaluar
3502,4230,F,37,north Moravia,Moravia,Adulto (30-50),Moravia - Adulto (30-50),10673.0,5.0,33.77,24736.27,18145.1,52551.23,0,Sin evaluar
3503,4231,F,39,Prague,Praga,Adulto (30-50),Praga - Adulto (30-50),12541.0,0.0,53.49,21611.61,20105.07,51664.41,0,Sin evaluar
3504,4232,M,27,north Moravia,Moravia,Joven (<30),Moravia - Joven (<30),10177.0,7.0,28.02,5860.81,2605.28,17748.14,0,Sin evaluar
3505,4233,M,60,east Bohemia,Bohemia,Adulto Mayor (>50),Bohemia - Adulto Mayor (>50),8369.0,2.0,63.24,25672.74,20860.85,54012.06,0,Sin evaluar
3506,4234,F,26,north Moravia,Moravia,Joven (<30),Moravia - Joven (<30),10177.0,7.0,19.78,13267.95,4873.61,37322.14,0,Sin evaluar
3507,4235,F,23,central Bohemia,Bohemia,Joven (<30),Bohemia - Joven (<30),8899.0,3.0,24.97,62359.67,56539.93,72386.3,0,Sin evaluar
3508,4236,F,36,east Bohemia,Bohemia,Adulto (30-50),Bohemia - Adulto (30-50),8388.0,2.0,27.6,21746.23,19952.9,38105.13,0,Sin evaluar
3509,4237,F,75,south Bohemia,Bohemia,Adulto Mayor (>50),Bohemia - Adulto Mayor (>50),8427.0,1.0,63.84,17.23,2310.78,33601.45,0,Sin evaluar
3510,4238,F,27,north Bohemia,Bohemia,Joven (<30),Bohemia - Joven (<30),9832.0,3.0,71.75,39250.76,38816.03,65534.72,0,Sin evaluar
3511,4239,M,78,north Moravia,Moravia,Adulto Mayor (>50),Moravia - Adulto Mayor (>50),10177.0,7.0,29.27,34.16,2725.32,21200.14,0,Sin evaluar
3512,4240,F,38,east Bohemia,Bohemia,Adulto (30-50),Bohemia - Adulto (30-50),8369.0,2.0,31.67,1171.46,738.87,18502.15,0,Sin evaluar
3513,4241,F,48,south Bohemia,Bohemia,Adulto (30-50),Bohemia - Adulto (30-50),8547.0,3.0,69.95,20808.12,13662.04,49837.86,0,Sin evaluar
3514,4243,M,40,central Bohemia,Bohemia,Adulto (30-50),Bohemia - Adulto (30-50),9920.0,2.0,70.87,8.47,989.7,20431.46,0,Sin evaluar
3515,4244,F,76,north Moravia,Moravia,Adulto Mayor (>50),Moravia - Adulto Mayor (>50),9893.0,4.0,30.49,13.12,1667.43,17324.97,0,Sin evaluar
3516,4246,F,18,north Bohemia,Bohemia,Joven (<30),Bohemia - Joven (<30),9198.0,3.0,15.77,55299.18,50059.04,71500.92,0,Sin evaluar
3517,4247,F,23,west Bohemia,Bohemia,Joven (<30),Bohemia - Joven (<30),10787.0,3.0,25.26,13566.11,12134.6,26798.74,0,Sin evaluar
3518,4248,F,23,central Bohemia,Bohemia,Joven (<30),Bohemia - Joven (<30),8899.0,3.0,29.31,24292.8,20024.56,33478.63,0,Sin evaluar
3519,4249,M,21,east Bohemia,Bohemia,Joven (<30),Bohemia - Joven (<30),8363.0,3.0,34.66,5189.12,4373.92,27460.79,0,Sin evaluar
3520,4250,F,37,north Moravia,Moravia,Adulto (30-50),Moravia - Adulto (30-50),8994.0,4.0,42.91,41.95,17406.87,32134.37,0,Sin evaluar
3521,4251,M,38,east Bohemia,Bohemia,Adulto (30-50),Bohemia - Adulto (30-50),8254.0,3.0,66.3,55912.08,55007.9,66023.92,0,Sin evaluar
3522,4253,F,62,south Bohemia,Bohemia,Adulto Mayor (>50),Bohemia - Adulto Mayor (>50),8427.0,1.0,30.78,32.49,4198.83,19615.61,0,Sin evaluar
3523,4254,M,26,south Moravia,Moravia,Joven (<30),Moravia - Joven (<30),8403.0,6.0,31.57,1986.06,684.19,31761.15,0,Sin evaluar
3524,4255,F,73,south Moravia,Moravia,Adulto Mayor (>50),Moravia - Adulto Mayor (>50),8512.0,4.0,18.1,11.05,1854.7,14748.14,0,Sin evaluar
3525,4256,M,41,north Moravia,Moravia,Adulto (30-50),Moravia - Adulto (30-50),10177.0,7.0,36.99,5544.47,2226.55,18308.17,0,Sin evaluar
3526,4257,F,30,Prague,Praga,Adulto (30-50),Praga - Adulto (30-50),12541.0,0.0,29.31,61244.32,54235.55,73580.21,0,Sin evaluar
3527,4258,F,32,east Bohemia,Bohemia,Adulto (30-50),Bohemia - Adulto (30-50),8254.0,3.0,23.62,27112.45,21385.27,47227.32,0,Sin evaluar
3528,4259,F,49,central Bohemia,Bohemia,Adulto (30-50),Bohemia - Adulto (30-50),10124.0,1.0,57.89,23885.27,16140.27,39649.35,0,Sin evaluar
3529,4260,M,31,central Bohemia,Bohemia,Adulto (30-50),Bohemia - Adulto (30-50),8754.0,4.0,17.77,20564.94,16799.1,52022.27,0,Sin evaluar
3530,4261,F,74,north Bohemia,Bohemia,Adulto Mayor (>50),Bohemia - Adulto Mayor (>50),9675.0,6.0,35.91,30.63,4145.36,16209.03,0,Sin evaluar
3531,4262,F,73,south Moravia,Moravia,Adulto Mayor (>50),Moravia - Adulto Mayor (>50),8444.0,3.0,31.93,28.19,3393.67,23756.71,0,Sin evaluar
3532,4263,F,26,north Moravia,Moravia,Joven (<30),Moravia - Joven (<30),8746.0,3.0,41.46,12919.44,12414.38,26792.1,0,Sin evaluar
3533,4264,F,27,north Moravia,Moravia,Joven (<30),Moravia - Joven (<30),10673.0,5.0,52.07,985.21,1753.22,29621.75,0,Sin evaluar
3534,4265,M,20,south Moravia,Moravia,Joven (<30),Moravia - Joven (<30),8444.0,3.0,32.76,14655.37,6882.17,41262.69,0,Sin evaluar
3535,4266,F,24,Prague,Praga,Joven (<30),Praga - Joven (<30),12541.0,0.0,62.85,17.5,892.6,18753.69,0,Sin evaluar
3536,4267,F,62,west Bohemia,Bohemia,Adulto Mayor (>50),Bohemia - Adulto Mayor (>50),8991.0,1.0,52.67,11.39,3667.17,22941.79,0,Sin evaluar
3537,4269,F,43,east Bohemia,Bohemia,Adulto (30-50),Bohemia - Adulto (30-50),8390.0,2.0,16.3,8214.79,4331.29,18169.96,0,Sin evaluar
3538,4270,F,26,south Moravia,Moravia,Joven (<30),Moravia - Joven (<30),8757.0,3.0,64.76,25262.45,23460.78,51916.48,0,Sin evaluar
3539,4272,F,20,east Bohemia,Bohemia,Joven (<30),Bohemia - Joven (<30),8388.0,2.0,54.77,7508.8,6923.5,38969.63,0,Sin evaluar
3540,4273,F,22,south Bohemia,Bohemia,Joven (<30),Bohemia - Joven (<30),8968.0,3.0,23.89,1435.75,1601.93,33169.41,0,Sin evaluar
3541,4274,F,61,north Moravia,Moravia,Adulto Mayor (>50),Moravia - Adulto Mayor (>50),10177.0,7.0,21.98,18.2,2813.01,23105.02,0,Sin evaluar
3542,4275,F,41,east Bohemia,Bohemia,Adulto (30-50),Bohemia - Adulto (30-50),8208.0,2.0,66.66,9.0,882.99,22027.22,0,Sin evaluar
3543,4276,F,25,north Moravia,Moravia,Joven (<30),Moravia - Joven (<30),10673.0,5.0,29.34,30.67,951.26,15822.27,0,Sin evaluar
3544,4278,M,49,north Bohemia,Bohemia,Adulto (30-50),Bohemia - Adulto (30-50),8705.0,6.0,20.8,216.35,9388.27,26331.38,0,Sin evaluar
3545,4279,M,49,east Bohemia,Bohemia,Adulto (30-50),Bohemia - Adulto (30-50),8541.0,3.0,70.41,21839.54,14420.39,38404.31,0,Sin evaluar
3546,4280,F,54,south Moravia,Moravia,Adulto Mayor (>50),Moravia - Adulto Mayor (>50),8743.0,2.0,22.87,24584.61,16016.62,65661.62,0,Sin evaluar
3547,4281,M,67,south Moravia,Moravia,Adulto Mayor (>50),Moravia - Adulto Mayor (>50),9897.0,2.0,64.79,4.63,1167.93,18734.94,0,Sin evaluar
3548,4282,M,66,central Bohemia,Bohemia,Adulto Mayor (>50),Bohemia - Adulto Mayor (>50),8980.0,2.0,61.63,16.23,2132.24,22954.29,0,Sin evaluar
3549,4283,M,74,west Bohemia,Bohemia,Adulto Mayor (>50),Bohemia - Adulto Mayor (>50),8561.0,1.0,28.55,21.02,1612.26,16992.05,0,Sin evaluar
3550,4284,M,52,north Moravia,Moravia,Adulto Mayor (>50),Moravia - Adulto Mayor (>50),9893.0,4.0,29.9,15169.9,6646.15,30680.73,0,Sin evaluar
3551,4286,F,33,central Bohemia,Bohemia,Adulto (30-50),Bohemia - Adulto (30-50),8546.0,3.0,62.46,816.52,1849.98,27233.26,0,Sin evaluar
3552,4287,F,45,south Moravia,Moravia,Adulto (30-50),Moravia - Adulto (30-50),8544.0,1.0,39.82,14396.76,5847.31,56580.71,0,Sin evaluar
3553,4288,F,52,north Moravia,Moravia,Adulto Mayor (>50),Moravia - Adulto Mayor (>50),10177.0,7.0,40.05,16776.85,15930.09,34810.5,0,Sin evaluar
3554,4289,M,17,south Moravia,Moravia,Joven (<30),Moravia - Joven (<30),8512.0,4.0,70.44,7128.46,6791.6,29405.86,0,Sin evaluar
3555,4290,M,51,north Bohemia,Bohemia,Adulto Mayor (>50),Bohemia - Adulto Mayor (>50),9272.0,3.0,51.15,737.05,10917.2,31667.99,0,Sin evaluar
3556,4291,F,47,south Moravia,Moravia,Adulto (30-50),Moravia - Adulto (30-50),8757.0,3.0,16.07,1176.1,14489.23,34492.59,0,Sin evaluar
3557,4292,M,46,north Moravia,Moravia,Adulto (30-50),Moravia - Adulto (30-50),8994.0,4.0,25.92,15.43,650.46,18702.16,0,Sin evaluar
3558,4293,F,39,central Bohemia,Bohemia,Adulto (30-50),Bohemia - Adulto (30-50),9753.0,5.0,67.29,5.94,41667.57,62061.49,0,Sin evaluar
3559,4295,M,38,south Bohemia,Bohemia,Adulto (30-50),Bohemia - Adulto (30-50),8968.0,3.0,36.04,15394.12,9539.4,41270.02,0,Sin evaluar
3560,4296,M,73,south Moravia,Moravia,Adulto Mayor (>50),Moravia - Adulto Mayor (>50),8720.0,4.0,25.66,31.18,1769.68,16878.8,0,Sin evaluar
3561,4298,M,78,north Bohemia,Bohemia,Adulto Mayor (>50),Bohemia - Adulto Mayor (>50),8705.0,6.0,14.52,41.32,1548.21,19138.33,0,Sin evaluar
3562,4299,F,21,east Bohemia,Bohemia,Joven (<30),Bohemia - Joven (<30),8187.0,5.0,29.4,43819.9,40492.65,65372.28,0,Sin evaluar
3563,4300,F,21,Prague,Praga,Joven (<30),Praga - Joven (<30),12541.0,0.0,29.9,19737.79,18334.45,42773.67,0,Sin evaluar
3564,4301,F,42,south Bohemia,Bohemia,Adulto (30-50),Bohemia - Adulto (30-50),10045.0,1.0,25.43,8194.26,6783.33,31222.6,0,Sin evaluar
3565,4302,F,54,west Bohemia,Bohemia,Adulto Mayor (>50),Bohemia - Adulto Mayor (>50),9650.0,3.0,22.57,1453.26,2003.1,26628.87,0,Sin evaluar
3566,4303,F,20,south Bohemia,Bohemia,Joven (<30),Bohemia - Joven (<30),9104.0,2.0,66.73,6423.03,2703.43,21241.35,0,Sin evaluar
3567,4304,F,53,central Bohemia,Bohemia,Adulto Mayor (>50),Bohemia - Adulto Mayor (>50),9307.0,4.0,48.36,30800.58,23032.18,49210.93,0,Sin evaluar
3568,4305,F,59,north Bohemia,Bohemia,Adulto Mayor (>50),Bohemia - Adulto Mayor (>50),9317.0,6.0,32.66,15.31,2626.45,17196.89,0,Sin evaluar
3569,4307,M,21,Prague,Praga,Joven (<30),Praga - Joven (<30),12541.0,0.0,27.4,7404.34,5968.98,22974.13,0,Sin evaluar
3570,4308,F,28,east Bohemia,Bohemia,Joven (<30),Bohemia - Joven (<30),8254.0,3.0,61.04,8551.8,3944.95,38202.25,0,Sin evaluar
3571,4309,F,19,north Bohemia,Bohemia,Joven (<30),Bohemia - Joven (<30),10446.0,7.0,61.31,7244.23,3553.42,27697.03,0,Sin evaluar
3572,4310,F,73,south Moravia,Moravia,Adulto Mayor (>50),Moravia - Adulto Mayor (>50),8403.0,6.0,37.62,23.92,2825.62,25562.93,0,Sin evaluar
3573,4311,M,17,south Moravia,Moravia,Joven (<30),Moravia - Joven (<30),8444.0,3.0,30.13,3623.07,2831.07,25651.26,0,Sin evaluar
3574,4312,F,19,north Moravia,Moravia,Joven (<30),Moravia - Joven (<30),8994.0,4.0,21.78,964.19,2011.48,19905.3,0,Sin evaluar
3575,4313,F,30,south Moravia,Moravia,Adulto (30-50),Moravia - Adulto (30-50),8240.0,3.0,63.74,9103.44,4010.04,33798.95,0,Sin evaluar
3576,4314,F,73,south Moravia,Moravia,Adulto Mayor (>50),Moravia - Adulto Mayor (>50),8757.0,3.0,49.77,18.08,1968.05,23445.4,0,Sin evaluar
3577,4315,F,39,north Moravia,Moravia,Adulto (30-50),Moravia - Adulto (30-50),10673.0,5.0,19.68,14873.58,6051.83,36828.95,0,Sin evaluar
3578,4316,F,55,Prague,Praga,Adulto Mayor (>50),Praga - Adulto Mayor (>50),12541.0,0.0,34.43,14563.93,7864.07,57316.5,0,Sin evaluar
3579,4317,F,20,south Moravia,Moravia,Joven (<30),Moravia - Joven (<30),8240.0,3.0,51.94,26245.8,21807.47,63186.44,0,Sin evaluar
3580,4318,F,56,east Bohemia,Bohemia,Adulto Mayor (>50),Bohemia - Adulto Mayor (>50),9425.0,2.0,64.99,16226.8,11118.33,45972.12,0,Sin evaluar
3581,4320,F,40,south Moravia,Moravia,Adulto (30-50),Moravia - Adulto (30-50),8512.0,4.0,21.19,11186.83,5233.6,17329.89,0,Sin evaluar
3582,4321,F,25,south Bohemia,Bohemia,Joven (<30),Bohemia - Joven (<30),8402.0,3.0,40.18,17.42,861.87,19376.48,0,Sin evaluar
3583,4323,M,74,north Bohemia,Bohemia,Adulto Mayor (>50),Bohemia - Adulto Mayor (>50),9317.0,6.0,46.88,10.67,2053.75,25322.04,0,Sin evaluar
3584,4325,M,51,south Moravia,Moravia,Adulto Mayor (>50),Moravia - Adulto Mayor (>50),8743.0,2.0,30.62,6.53,23731.84,45036.97,0,Sin evaluar
3585,4326,M,68,Prague,Praga,Adulto Mayor (>50),Praga - Adulto Mayor (>50),12541.0,0.0,30.26,9.91,2884.34,28211.73,0,Sin evaluar
3586,4328,F,22,south Moravia,Moravia,Joven (<30),Moravia - Joven (<30),8444.0,3.0,69.16,14152.96,12095.14,42162.91,0,Sin evaluar
3587,4329,F,51,south Moravia,Moravia,Adulto Mayor (>50),Moravia - Adulto Mayor (>50),9624.0,2.0,36.24,731.24,1639.9,16270.9,0,Sin evaluar
3588,4330,M,77,north Bohemia,Bohemia,Adulto Mayor (>50),Bohemia - Adulto Mayor (>50),8705.0,6.0,30.09,23.26,4162.84,27280.08,0,Sin evaluar
3589,4331,M,39,central Bohemia,Bohemia,Adulto (30-50),Bohemia - Adulto (30-50),9307.0,4.0,25.56,39115.18,30699.84,57912.33,0,Sin evaluar
3590,4332,M,62,south Moravia,Moravia,Adulto Mayor (>50),Moravia - Adulto Mayor (>50),8720.0,4.0,30.95,24063.23,15628.43,38071.34,0,Sin evaluar
3591,4333,M,40,Prague,Praga,Adulto (30-50),Praga - Adulto (30-50),12541.0,0.0,30.72,28024.61,21785.45,44750.89,0,Sin evaluar
3592,4335,F,74,south Moravia,Moravia,Adulto Mayor (>50),Moravia - Adulto Mayor (>50),9897.0,2.0,71.72,8.37,2539.32,22863.37,0,Sin evaluar
3593,4336,F,29,south Bohemia,Bohemia,Joven (<30),Bohemia - Joven (<30),8402.0,3.0,70.37,17108.4,11418.5,33842.16,0,Sin evaluar
3594,4337,M,32,east Bohemia,Bohemia,Adulto (30-50),Bohemia - Adulto (30-50),9060.0,2.0,60.02,26079.14,22826.66,42595.74,0,Sin evaluar
3595,4338,M,54,west Bohemia,Bohemia,Adulto Mayor (>50),Bohemia - Adulto Mayor (>50),9650.0,3.0,56.02,13377.15,5766.87,22538.16,0,Sin evaluar
3596,4339,F,21,south Moravia,Moravia,Joven (<30),Moravia - Joven (<30),8444.0,3.0,32.26,20231.8,18863.61,49387.53,0,Sin evaluar
3597,4340,F,49,Prague,Praga,Adulto (30-50),Praga - Adulto (30-50),12541.0,0.0,34.63,38251.11,34794.28,61405.23,0,Sin evaluar
3598,4341,M,34,north Moravia,Moravia,Adulto (30-50),Moravia - Adulto (30-50),8369.0,5.0,13.93,16823.12,9612.35,35267.37,0,Sin evaluar
3599,4342,F,80,south Moravia,Moravia,Adulto Mayor (>50),Moravia - Adulto Mayor (>50),8288.0,4.0,57.4,12.2,1921.43,23877.6,0,Sin evaluar
3600,4343,F,69,west Bohemia,Bohemia,Adulto Mayor (>50),Bohemia - Adulto Mayor (>50),8561.0,1.0,64.69,17.0,3329.73,38780.63,0,Sin evaluar
3601,4344,M,73,south Moravia,Moravia,Adulto Mayor (>50),Moravia - Adulto Mayor (>50),9897.0,2.0,42.61,16.43,3367.99,35807.59,0,Sin evaluar
3602,4345,F,24,south Bohemia,Bohemia,Joven (<30),Bohemia - Joven (<30),8968.0,3.0,24.9,45828.71,42177.11,61971.24,0,Sin evaluar
3603,4346,F,25,central Bohemia,Bohemia,Joven (<30),Bohemia - Joven (<30),8980.0,2.0,15.44,20068.52,10401.55,47022.87,0,Sin evaluar
3604,4347,F,72,south Moravia,Moravia,Adulto Mayor (>50),Moravia - Adulto Mayor (>50),9897.0,2.0,60.29,8.29,2653.67,27751.79,0,Sin evaluar
3605,4348,F,20,central Bohemia,Bohemia,Joven (<30),Bohemia - Joven (<30),8980.0,2.0,33.25,26757.74,20698.35,25728.1,0,Sin evaluar
3606,4349,F,39,Prague,Praga,Adulto (30-50),Praga - Adulto (30-50),12541.0,0.0,32.43,7975.33,5250.08,43360.07,0,Sin evaluar
3608,4352,M,27,north Moravia,Moravia,Joven (<30),Moravia - Joven (<30),8994.0,4.0,52.04,25225.31,18942.1,44887.12,0,Sin evaluar
3609,4353,F,19,west Bohemia,Bohemia,Joven (<30),Bohemia - Joven (<30),8594.0,2.0,64.92,23137.54,14968.58,54205.75,0,Sin evaluar
3610,4355,F,60,Prague,Praga,Adulto Mayor (>50),Praga - Adulto Mayor (>50),12541.0,0.0,15.28,45.81,993.46,20337.36,0,Sin evaluar
3612,4358,M,56,north Moravia,Moravia,Adulto Mayor (>50),Moravia - Adulto Mayor (>50),10177.0,7.0,52.14,15855.95,7872.27,46053.92,0,Sin evaluar
3613,4359,M,48,south Moravia,Moravia,Adulto (30-50),Moravia - Adulto (30-50),9624.0,2.0,64.69,10271.22,4391.71,24074.68,0,Sin evaluar
3614,4360,F,33,south Bohemia,Bohemia,Adulto (30-50),Bohemia - Adulto (30-50),8402.0,3.0,28.78,33666.47,26658.41,59503.86,0,Sin evaluar
3615,4361,M,43,east Bohemia,Bohemia,Adulto (30-50),Bohemia - Adulto (30-50),8369.0,2.0,25.82,11362.43,7056.55,26776.88,0,Sin evaluar
3616,4362,M,55,east Bohemia,Bohemia,Adulto Mayor (>50),Bohemia - Adulto Mayor (>50),8187.0,5.0,12.52,2340.26,431.31,20338.46,0,Sin evaluar
3617,4364,M,21,west Bohemia,Bohemia,Joven (<30),Bohemia - Joven (<30),8620.0,1.0,61.5,18148.23,13893.33,66958.55,0,Sin evaluar
3618,4365,M,37,central Bohemia,Bohemia,Adulto (30-50),Bohemia - Adulto (30-50),10124.0,1.0,63.05,19024.43,8844.41,49863.39,0,Sin evaluar
3620,4367,M,16,south Bohemia,Bohemia,Joven (<30),Bohemia - Joven (<30),10045.0,1.0,22.77,5381.16,4306.1,23552.6,0,Sin evaluar
3621,4368,F,21,north Bohemia,Bohemia,Joven (<30),Bohemia - Joven (<30),9272.0,3.0,48.2,9684.73,4591.29,24268.36,0,Sin evaluar
3622,4369,M,33,south Moravia,Moravia,Adulto (30-50),Moravia - Adulto (30-50),8240.0,3.0,50.53,26943.87,15449.75,36978.34,0,Sin evaluar
3623,4370,M,59,south Moravia,Moravia,Adulto Mayor (>50),Moravia - Adulto Mayor (>50),8444.0,3.0,46.59,912.21,2183.52,23239.07,0,Sin evaluar
3624,4371,M,30,north Bohemia,Bohemia,Adulto (30-50),Bohemia - Adulto (30-50),9272.0,3.0,43.07,23544.39,16033.81,36961.84,0,Sin evaluar
3625,4372,M,65,central Bohemia,Bohemia,Adulto Mayor (>50),Bohemia - Adulto Mayor (>50),8980.0,2.0,52.3,5.74,4851.82,21372.64,0,Sin evaluar
3626,4373,M,47,east Bohemia,Bohemia,Adulto (30-50),Bohemia - Adulto (30-50),8541.0,3.0,25.82,14563.56,6422.93,33945.49,0,Sin evaluar
3628,4376,M,44,north Moravia,Moravia,Adulto (30-50),Moravia - Adulto (30-50),10177.0,7.0,39.62,16532.71,11583.04,54836.19,0,Sin evaluar
3629,4377,M,20,east Bohemia,Bohemia,Joven (<30),Bohemia - Joven (<30),9060.0,2.0,65.15,606.29,5576.27,22880.64,0,Sin evaluar
3631,4380,M,67,Prague,Praga,Adulto Mayor (>50),Praga - Adulto Mayor (>50),12541.0,0.0,40.61,19.7,915.05,39049.64,0,Sin evaluar
3632,4381,M,39,south Moravia,Moravia,Adulto (30-50),Moravia - Adulto (30-50),8772.0,5.0,32.82,15506.55,12867.31,30526.37,0,Sin evaluar
3633,4382,M,18,south Bohemia,Bohemia,Joven (<30),Bohemia - Joven (<30),8968.0,3.0,22.77,13818.62,5116.38,34579.41,0,Sin evaluar
3634,4383,M,35,south Bohemia,Bohemia,Adulto (30-50),Bohemia - Adulto (30-50),9104.0,2.0,20.5,48.78,47574.39,68017.68,0,Sin evaluar
3635,4384,F,25,central Bohemia,Bohemia,Joven (<30),Bohemia - Joven (<30),10124.0,1.0,19.91,1094.93,2152.18,19065.63,0,Sin evaluar
3636,4385,F,26,south Bohemia,Bohemia,Joven (<30),Bohemia - Joven (<30),9104.0,2.0,55.33,13394.18,6396.89,44459.82,0,Sin evaluar
3637,4386,F,53,south Moravia,Moravia,Adulto Mayor (>50),Moravia - Adulto Mayor (>50),8240.0,3.0,38.11,17641.14,10980.84,57448.37,0,Buen Pagador
3638,4387,M,52,east Bohemia,Bohemia,Adulto Mayor (>50),Bohemia - Adulto Mayor (>50),8363.0,3.0,35.68,543.72,21725.34,51904.32,0,Sin evaluar
3639,4388,F,62,central Bohemia,Bohemia,Adulto Mayor (>50),Bohemia - Adulto Mayor (>50),9753.0,5.0,23.72,8.43,1504.64,17559.79,0,Sin evaluar
3640,4389,F,72,central Bohemia,Bohemia,Adulto Mayor (>50),Bohemia - Adulto Mayor (>50),10124.0,1.0,61.83,4.85,4280.28,21961.68,0,Sin evaluar
3641,4390,F,26,central Bohemia,Bohemia,Joven (<30),Bohemia - Joven (<30),9920.0,2.0,47.7,12.58,915.72,20309.89,0,Sin evaluar
3643,4393,F,57,Prague,Praga,Adulto Mayor (>50),Praga - Adulto Mayor (>50),12541.0,0.0,48.3,1233.95,575.57,26282.98,0,Sin evaluar
3644,4394,F,23,south Moravia,Moravia,Joven (<30),Moravia - Joven (<30),9624.0,2.0,68.6,14.58,1091.98,18616.78,0,Sin evaluar
3645,4395,F,40,north Bohemia,Bohemia,Adulto (30-50),Bohemia - Adulto (30-50),9198.0,3.0,30.42,17012.98,8067.06,30842.11,0,Sin evaluar
3646,4396,F,24,south Moravia,Moravia,Joven (<30),Moravia - Joven (<30),8288.0,4.0,38.37,52948.84,45672.56,69206.52,0,Sin evaluar
3647,4398,M,40,north Moravia,Moravia,Adulto (30-50),Moravia - Adulto (30-50),8909.0,4.0,30.46,10178.27,4803.68,38603.46,0,Sin evaluar
3648,4399,F,31,south Moravia,Moravia,Adulto (30-50),Moravia - Adulto (30-50),8814.0,5.0,31.84,1447.86,1967.96,27590.45,0,Sin evaluar
3649,4400,F,39,south Moravia,Moravia,Adulto (30-50),Moravia - Adulto (30-50),9897.0,2.0,67.58,19908.69,13363.42,42031.27,0,Sin evaluar
3650,4401,M,30,central Bohemia,Bohemia,Adulto (30-50),Bohemia - Adulto (30-50),11277.0,1.0,54.87,13677.42,5810.1,43229.65,0,Sin evaluar
3651,4402,M,69,west Bohemia,Bohemia,Adulto Mayor (>50),Bohemia - Adulto Mayor (>50),8624.0,2.0,70.08,11.42,2041.95,28643.18,0,Sin evaluar
3652,4403,F,60,north Bohemia,Bohemia,Adulto Mayor (>50),Bohemia - Adulto Mayor (>50),9198.0,3.0,21.98,40.95,2782.98,20157.63,0,Sin evaluar
3653,4404,F,47,west Bohemia,Bohemia,Adulto (30-50),Bohemia - Adulto (30-50),8930.0,4.0,55.95,24067.2,17907.42,46309.46,0,Sin evaluar
3654,4405,F,39,east Bohemia,Bohemia,Adulto (30-50),Bohemia - Adulto (30-50),9538.0,2.0,65.61,22617.97,12930.96,68182.14,0,Sin evaluar
3655,4406,M,44,Prague,Praga,Adulto (30-50),Praga - Adulto (30-50),12541.0,0.0,36.24,16712.69,9699.23,29768.1,0,Sin evaluar
3656,4407,M,23,north Moravia,Moravia,Joven (<30),Moravia - Joven (<30),10177.0,7.0,64.82,5610.35,4658.28,24839.38,0,Sin evaluar
3657,4408,M,75,south Moravia,Moravia,Adulto Mayor (>50),Moravia - Adulto Mayor (>50),8544.0,1.0,15.38,65.02,2275.68,27596.52,0,Sin evaluar
3658,4410,F,22,west Bohemia,Bohemia,Joven (<30),Bohemia - Joven (<30),8991.0,1.0,21.22,5450.99,4500.47,23663.31,0,Sin evaluar
3659,4411,M,48,south Moravia,Moravia,Adulto (30-50),Moravia - Adulto (30-50),9897.0,2.0,22.93,15893.02,6166.59,44690.08,0,Sin evaluar
3660,4413,M,21,north Moravia,Moravia,Joven (<30),Moravia - Joven (<30),10673.0,5.0,61.54,6497.12,5719.86,24576.99,0,Sin evaluar
3661,4414,M,65,east Bohemia,Bohemia,Adulto Mayor (>50),Bohemia - Adulto Mayor (>50),8187.0,5.0,35.65,22.44,1272.65,19765.77,0,Sin evaluar
3662,4415,M,21,central Bohemia,Bohemia,Joven (<30),Bohemia - Joven (<30),9753.0,5.0,19.19,21262.27,16352.27,57793.12,0,Sin evaluar
3663,4416,M,28,north Moravia,Moravia,Joven (<30),Moravia - Joven (<30),8110.0,6.0,49.81,27022.26,18395.9,58117.06,0,Sin evaluar
3664,4417,M,22,Prague,Praga,Joven (<30),Praga - Joven (<30),12541.0,0.0,32.1,39158.79,34228.35,66368.98,0,Sin evaluar
3665,4418,M,28,west Bohemia,Bohemia,Joven (<30),Bohemia - Joven (<30),8594.0,2.0,18.1,16494.75,12956.69,42884.84,0,Sin evaluar
3667,4420,M,41,south Moravia,Moravia,Adulto (30-50),Moravia - Adulto (30-50),8743.0,2.0,59.14,5934.0,2953.67,20139.82,0,Sin evaluar
3668,4421,F,54,Prague,Praga,Adulto Mayor (>50),Praga - Adulto Mayor (>50),12541.0,0.0,30.52,1526.87,887.94,26743.33,0,Sin evaluar
3669,4422,F,55,north Moravia,Moravia,Adulto Mayor (>50),Moravia - Adulto Mayor (>50),8369.0,5.0,60.29,9166.69,3866.31,20623.93,0,Sin evaluar
3670,4423,M,80,west Bohemia,Bohemia,Adulto Mayor (>50),Bohemia - Adulto Mayor (>50),8561.0,1.0,66.89,5.98,1391.84,23208.71,0,Sin evaluar
3671,4424,M,65,south Bohemia,Bohemia,Adulto Mayor (>50),Bohemia - Adulto Mayor (>50),9104.0,2.0,15.44,64.77,1666.45,15209.85,0,Sin evaluar
3672,4426,F,29,west Bohemia,Bohemia,Joven (<30),Bohemia - Joven (<30),10787.0,3.0,33.41,21312.66,12538.16,62907.05,0,Sin evaluar
3673,4427,M,58,west Bohemia,Bohemia,Adulto Mayor (>50),Bohemia - Adulto Mayor (>50),9650.0,3.0,35.61,921.09,1827.3,26625.77,0,Sin evaluar
3674,4428,M,44,north Bohemia,Bohemia,Adulto (30-50),Bohemia - Adulto (30-50),8965.0,7.0,69.65,50209.53,40112.19,67867.25,0,Buen Pagador
3675,4429,M,53,south Moravia,Moravia,Adulto Mayor (>50),Moravia - Adulto Mayor (>50),9624.0,2.0,69.39,145.55,42493.24,55730.28,0,Sin evaluar
3676,4431,M,68,south Moravia,Moravia,Adulto Mayor (>50),Moravia - Adulto Mayor (>50),8757.0,3.0,30.75,35.77,1631.22,15838.68,0,Sin evaluar
3677,4432,F,34,Prague,Praga,Adulto (30-50),Praga - Adulto (30-50),12541.0,0.0,38.9,10.28,1109.0,14103.97,0,Sin evaluar
3678,4433,M,30,Prague,Praga,Adulto (30-50),Praga - Adulto (30-50),12541.0,0.0,69.26,11473.88,2816.34,9629.37,24,Sin evaluar
3679,4434,M,34,south Moravia,Moravia,Adulto (30-50),Moravia - Adulto (30-50),9624.0,2.0,40.54,20880.29,5511.59,32884.16,0,Sin evaluar
3680,4436,M,78,west Bohemia,Bohemia,Adulto Mayor (>50),Bohemia - Adulto Mayor (>50),8561.0,1.0,34.46,29.02,2003.48,22581.14,0,Sin evaluar
3681,4437,F,37,north Moravia,Moravia,Adulto (30-50),Moravia - Adulto (30-50),10177.0,7.0,23.16,21474.53,12297.93,43211.73,0,Sin evaluar
3682,4439,M,23,north Moravia,Moravia,Joven (<30),Moravia - Joven (<30),10177.0,7.0,66.79,7334.42,3623.6,38579.48,0,Sin evaluar
3683,4440,M,50,north Bohemia,Bohemia,Adulto Mayor (>50),Bohemia - Adulto Mayor (>50),8705.0,6.0,64.59,25222.28,21620.07,59459.38,0,Sin evaluar
3684,4442,F,77,west Bohemia,Bohemia,Adulto Mayor (>50),Bohemia - Adulto Mayor (>50),8624.0,2.0,57.92,18.99,3213.4,22543.33,0,Sin evaluar
3686,4444,M,29,north Moravia,Moravia,Joven (<30),Moravia - Joven (<30),8909.0,4.0,16.92,65.01,556.74,14811.19,0,Sin evaluar
3687,4446,F,48,north Moravia,Moravia,Adulto (30-50),Moravia - Adulto (30-50),8678.0,6.0,61.8,13366.02,7443.04,46188.62,0,Sin evaluar
3688,4448,F,56,north Moravia,Moravia,Adulto Mayor (>50),Moravia - Adulto Mayor (>50),8994.0,4.0,61.67,16802.58,16487.76,44336.99,0,Sin evaluar
3689,4449,M,49,central Bohemia,Bohemia,Adulto (30-50),Bohemia - Adulto (30-50),11277.0,1.0,37.06,32056.75,29915.08,45001.16,1,Sin evaluar
3690,4450,F,49,north Moravia,Moravia,Adulto (30-50),Moravia - Adulto (30-50),8110.0,6.0,26.41,25157.67,21249.53,63301.48,0,Sin evaluar
3691,4451,F,71,east Bohemia,Bohemia,Adulto Mayor (>50),Bohemia - Adulto Mayor (>50),8187.0,5.0,70.34,5.69,3149.56,23190.09,0,Sin evaluar
3692,4452,F,74,north Moravia,Moravia,Adulto Mayor (>50),Moravia - Adulto Mayor (>50),10177.0,7.0,20.34,24.58,958.7,22332.8,0,Sin evaluar
3693,4453,F,22,south Moravia,Moravia,Joven (<30),Moravia - Joven (<30),8814.0,5.0,71.03,18638.96,9098.69,54516.25,0,Sin evaluar
3694,4455,M,22,north Moravia,Moravia,Joven (<30),Moravia - Joven (<30),10177.0,7.0,29.83,13692.76,8069.06,45371.83,0,Sin evaluar
3695,4456,M,62,west Bohemia,Bohemia,Adulto Mayor (>50),Bohemia - Adulto Mayor (>50),9650.0,3.0,20.96,14499.71,6984.73,28336.25,0,Sin evaluar
3696,4457,M,55,Prague,Praga,Adulto Mayor (>50),Praga - Adulto Mayor (>50),12541.0,0.0,30.29,24040.44,19210.96,51449.2,0,Sin evaluar
3697,4458,F,48,west Bohemia,Bohemia,Adulto (30-50),Bohemia - Adulto (30-50),8620.0,1.0,68.07,14287.7,7824.59,32054.46,0,Sin evaluar
3698,4459,F,36,Prague,Praga,Adulto (30-50),Praga - Adulto (30-50),12541.0,0.0,33.94,1417.21,839.72,18253.11,0,Sin evaluar
3699,4461,F,41,south Moravia,Moravia,Adulto (30-50),Moravia - Adulto (30-50),9897.0,2.0,64.85,21054.16,14371.94,37033.87,0,Sin evaluar
3700,4462,M,21,Prague,Praga,Joven (<30),Praga - Joven (<30),12541.0,0.0,18.92,21947.04,14270.61,45377.53,0,Sin evaluar
3701,4463,M,75,north Moravia,Moravia,Adulto Mayor (>50),Moravia - Adulto Mayor (>50),8369.0,5.0,62.82,12.73,2837.95,34012.88,0,Sin evaluar
3702,4464,M,34,south Moravia,Moravia,Adulto (30-50),Moravia - Adulto (30-50),8240.0,3.0,44.62,18699.6,8433.44,46799.22,0,Sin evaluar
3703,4465,M,61,north Moravia,Moravia,Adulto Mayor (>50),Moravia - Adulto Mayor (>50),10673.0,5.0,18.43,21.7,787.3,13680.28,0,Sin evaluar
3704,4466,F,76,north Moravia,Moravia,Adulto Mayor (>50),Moravia - Adulto Mayor (>50),8819.0,5.0,71.2,7.02,2857.58,27503.23,0,Sin evaluar
3705,4467,F,54,south Bohemia,Bohemia,Adulto Mayor (>50),Bohemia - Adulto Mayor (>50),8547.0,3.0,14.23,54569.36,52054.39,63181.41,0,Sin evaluar
3706,4469,F,25,central Bohemia,Bohemia,Joven (<30),Bohemia - Joven (<30),11277.0,1.0,32.89,8844.3,4112.5,26301.49,0,Sin evaluar
3708,4471,F,23,south Moravia,Moravia,Joven (<30),Moravia - Joven (<30),9624.0,2.0,25.2,6990.32,5426.59,37105.19,0,Sin evaluar
3709,4472,M,33,north Moravia,Moravia,Adulto (30-50),Moravia - Adulto (30-50),10673.0,5.0,33.87,13150.46,3714.2,43587.12,0,Sin evaluar
3710,4473,M,54,Prague,Praga,Adulto Mayor (>50),Praga - Adulto Mayor (>50),12541.0,0.0,46.16,12887.78,8165.08,30950.84,0,Sin evaluar
3711,4474,F,34,central Bohemia,Bohemia,Adulto (30-50),Bohemia - Adulto (30-50),8980.0,2.0,19.78,19280.03,12125.88,24349.29,10,Sin evaluar
3712,4476,M,71,central Bohemia,Bohemia,Adulto Mayor (>50),Bohemia - Adulto Mayor (>50),8980.0,2.0,51.58,17.45,3447.27,21073.06,0,Sin evaluar
3713,4477,M,41,north Moravia,Moravia,Adulto (30-50),Moravia - Adulto (30-50),10673.0,5.0,66.76,42659.29,41254.69,69107.26,0,Sin evaluar
3714,4479,F,40,central Bohemia,Bohemia,Adulto (30-50),Bohemia - Adulto (30-50),8507.0,2.0,56.34,33742.21,28339.78,55755.26,0,Sin evaluar
3715,4480,M,35,north Moravia,Moravia,Adulto (30-50),Moravia - Adulto (30-50),10673.0,5.0,13.11,1769.64,755.15,14953.85,0,Sin evaluar
3716,4481,M,23,Prague,Praga,Joven (<30),Praga - Joven (<30),12541.0,0.0,20.57,1886.24,991.74,19070.0,0,Sin evaluar
3717,4482,M,19,south Moravia,Moravia,Joven (<30),Moravia - Joven (<30),8772.0,5.0,55.39,317.75,7102.02,22203.41,0,Sin evaluar
3718,4483,F,32,south Moravia,Moravia,Adulto (30-50),Moravia - Adulto (30-50),8288.0,4.0,56.51,1419.22,1982.13,27534.38,0,Sin evaluar
3719,4484,M,43,north Bohemia,Bohemia,Adulto (30-50),Bohemia - Adulto (30-50),9065.0,4.0,18.4,13838.53,10141.3,29738.13,0,Sin evaluar
3720,4485,M,79,north Bohemia,Bohemia,Adulto Mayor (>50),Bohemia - Adulto Mayor (>50),9198.0,3.0,65.05,12.3,2070.87,35895.95,0,Sin evaluar
3721,4487,M,24,west Bohemia,Bohemia,Joven (<30),Bohemia - Joven (<30),8620.0,1.0,34.3,14.58,944.31,19614.43,0,Sin evaluar
3722,4489,M,50,north Moravia,Moravia,Adulto Mayor (>50),Moravia - Adulto Mayor (>50),8369.0,5.0,12.78,14067.61,6984.35,30131.92,0,Sin evaluar
3723,4491,F,21,central Bohemia,Bohemia,Joven (<30),Bohemia - Joven (<30),8507.0,2.0,30.55,10087.76,7824.88,52252.62,0,Sin evaluar
3724,4492,F,33,south Bohemia,Bohemia,Adulto (30-50),Bohemia - Adulto (30-50),8427.0,1.0,16.82,10058.44,8333.59,56960.45,0,Sin evaluar
3725,4493,M,51,north Bohemia,Bohemia,Adulto Mayor (>50),Bohemia - Adulto Mayor (>50),8705.0,6.0,42.68,18265.82,9749.77,48701.77,0,Sin evaluar
3726,4494,M,46,south Moravia,Moravia,Adulto (30-50),Moravia - Adulto (30-50),9897.0,2.0,29.57,35453.84,25099.43,42634.47,0,Sin evaluar
3727,4495,M,19,south Moravia,Moravia,Joven (<30),Moravia - Joven (<30),8512.0,4.0,35.38,14495.42,4983.04,51164.97,0,Sin evaluar
3728,4496,M,27,central Bohemia,Bohemia,Joven (<30),Bohemia - Joven (<30),10124.0,1.0,52.44,347.06,11959.32,30371.86,0,Sin evaluar
3729,4498,M,67,west Bohemia,Bohemia,Adulto Mayor (>50),Bohemia - Adulto Mayor (>50),8930.0,4.0,44.58,6.73,1410.72,16972.73,0,Sin evaluar
3730,4500,M,74,south Bohemia,Bohemia,Adulto Mayor (>50),Bohemia - Adulto Mayor (>50),8114.0,2.0,51.75,15.46,2383.57,36014.86,0,Sin evaluar
3731,4501,F,51,north Moravia,Moravia,Adulto Mayor (>50),Moravia - Adulto Mayor (>50),10177.0,7.0,31.38,35.05,574.57,18872.99,0,Sin evaluar
3732,4502,M,66,south Bohemia,Bohemia,Adulto Mayor (>50),Bohemia - Adulto Mayor (>50),9104.0,2.0,19.22,26.01,2042.66,26290.48,0,Sin evaluar
3733,4504,F,33,north Bohemia,Bohemia,Adulto (30-50),Bohemia - Adulto (30-50),8705.0,6.0,29.31,42472.26,32410.64,59715.22,0,Sin evaluar
3734,4506,F,44,central Bohemia,Bohemia,Adulto (30-50),Bohemia - Adulto (30-50),9622.0,0.0,69.78,5979.62,6114.93,18243.49,12,Sin evaluar
3735,4507,M,28,Prague,Praga,Joven (<30),Praga - Joven (<30),12541.0,0.0,44.16,45587.88,39152.74,55679.7,0,Sin evaluar
3736,4508,M,77,south Moravia,Moravia,Adulto Mayor (>50),Moravia - Adulto Mayor (>50),9897.0,2.0,31.77,31.48,3072.71,30980.75,0,Sin evaluar
3737,4510,F,60,north Bohemia,Bohemia,Adulto Mayor (>50),Bohemia - Adulto Mayor (>50),9675.0,6.0,46.03,23.9,2590.7,29935.66,0,Sin evaluar
3738,4511,F,53,east Bohemia,Bohemia,Adulto Mayor (>50),Bohemia - Adulto Mayor (>50),8541.0,3.0,64.99,22074.89,16134.48,41891.59,0,Sin evaluar
3739,4512,M,35,Prague,Praga,Adulto (30-50),Praga - Adulto (30-50),12541.0,0.0,21.22,20275.21,18230.91,44694.54,0,Sin evaluar
3741,4514,M,58,south Moravia,Moravia,Adulto Mayor (>50),Moravia - Adulto Mayor (>50),8403.0,6.0,28.42,7622.48,3384.94,27267.0,0,Sin evaluar
3742,4515,F,78,south Moravia,Moravia,Adulto Mayor (>50),Moravia - Adulto Mayor (>50),8444.0,3.0,19.68,50.81,1319.11,21340.34,0,Sin evaluar
3743,4516,F,37,Prague,Praga,Adulto (30-50),Praga - Adulto (30-50),12541.0,0.0,33.31,22634.04,15073.55,34962.33,0,Sin evaluar
3745,4518,F,46,north Bohemia,Bohemia,Adulto (30-50),Bohemia - Adulto (30-50),10446.0,7.0,64.89,4299.58,20281.46,62987.87,0,Sin evaluar
3746,4519,F,47,north Moravia,Moravia,Adulto (30-50),Moravia - Adulto (30-50),10177.0,7.0,30.88,20979.7,13596.5,72902.91,0,Sin evaluar
3747,4520,F,41,Prague,Praga,Adulto (30-50),Praga - Adulto (30-50),12541.0,0.0,56.02,11526.49,4606.21,17848.69,0,Buen Pagador
3748,4521,M,55,Prague,Praga,Adulto Mayor (>50),Praga - Adulto Mayor (>50),12541.0,0.0,65.71,15.22,1026.02,17199.05,0,Sin evaluar
3749,4522,F,48,north Moravia,Moravia,Adulto (30-50),Moravia - Adulto (30-50),9893.0,4.0,28.68,25045.43,19035.56,59591.64,0,Sin evaluar
3750,4524,M,41,north Moravia,Moravia,Adulto (30-50),Moravia - Adulto (30-50),8909.0,4.0,45.47,22111.74,13941.5,43052.97,0,Sin evaluar
3751,4526,F,28,north Moravia,Moravia,Joven (<30),Moravia - Joven (<30),10177.0,7.0,63.51,21582.14,18036.53,33810.6,0,Sin evaluar
3752,4527,F,35,Prague,Praga,Adulto (30-50),Praga - Adulto (30-50),12541.0,0.0,49.18,18603.01,13662.46,54388.89,0,Buen Pagador
3753,4528,M,76,west Bohemia,Bohemia,Adulto Mayor (>50),Bohemia - Adulto Mayor (>50),8594.0,2.0,46.19,19.48,3637.15,33672.32,0,Sin evaluar
3754,4529,M,22,north Bohemia,Bohemia,Joven (<30),Bohemia - Joven (<30),9065.0,4.0,34.37,200.76,21964.94,49882.32,0,Buen Pagador
3755,4531,F,34,south Moravia,Moravia,Adulto (30-50),Moravia - Adulto (30-50),9624.0,2.0,35.35,44473.66,31948.26,51505.87,0,Sin evaluar
3756,4532,M,45,north Bohemia,Bohemia,Adulto (30-50),Bohemia - Adulto (30-50),10446.0,7.0,50.46,37820.87,27917.4,54471.03,0,Sin evaluar
3757,4533,M,18,south Moravia,Moravia,Joven (<30),Moravia - Joven (<30),9624.0,2.0,15.21,72.32,24785.08,52947.66,0,Sin evaluar
3758,4534,M,44,north Bohemia,Bohemia,Adulto (30-50),Bohemia - Adulto (30-50),8965.0,7.0,39.39,8570.58,3637.98,38766.22,0,Sin evaluar
3759,4535,F,67,Prague,Praga,Adulto Mayor (>50),Praga - Adulto Mayor (>50),12541.0,0.0,60.06,9.99,2757.08,20742.65,0,Sin evaluar
3760,4536,M,51,north Bohemia,Bohemia,Adulto Mayor (>50),Bohemia - Adulto Mayor (>50),9832.0,3.0,71.56,38577.98,37212.33,55244.13,0,Sin evaluar
3763,4539,M,56,south Moravia,Moravia,Adulto Mayor (>50),Moravia - Adulto Mayor (>50),8743.0,2.0,40.28,11929.17,5253.23,25904.3,0,Sin evaluar
3764,4540,M,62,north Moravia,Moravia,Adulto Mayor (>50),Moravia - Adulto Mayor (>50),8173.0,5.83,37.85,1276.09,2199.47,33983.02,0,Sin evaluar
3765,4541,F,27,north Bohemia,Bohemia,Joven (<30),Bohemia - Joven (<30),9272.0,3.0,25.53,23.5,770.86,15316.99,0,Sin evaluar
3766,4542,M,44,west Bohemia,Bohemia,Adulto (30-50),Bohemia - Adulto (30-50),8843.0,3.0,26.41,24815.79,16578.95,55741.82,0,Sin evaluar
3767,4543,M,57,Prague,Praga,Adulto Mayor (>50),Praga - Adulto Mayor (>50),12541.0,0.0,37.52,12850.43,7111.41,40065.3,0,Sin evaluar
3768,4544,F,43,east Bohemia,Bohemia,Adulto (30-50),Bohemia - Adulto (30-50),8363.0,3.0,18.83,36355.55,32479.45,51911.56,0,Sin evaluar
3769,4545,F,62,central Bohemia,Bohemia,Adulto Mayor (>50),Bohemia - Adulto Mayor (>50),8980.0,2.0,31.57,22.17,4344.95,22995.3,0,Sin evaluar
3770,4546,F,47,west Bohemia,Bohemia,Adulto (30-50),Bohemia - Adulto (30-50),8624.0,2.0,39.36,20629.73,10047.76,56538.22,0,Sin evaluar
3771,4547,F,55,central Bohemia,Bohemia,Adulto Mayor (>50),Bohemia - Adulto Mayor (>50),8899.0,3.0,66.66,28013.76,26782.76,55906.49,0,Sin evaluar
3772,4548,M,40,central Bohemia,Bohemia,Adulto (30-50),Bohemia - Adulto (30-50),9920.0,2.0,37.36,25584.77,17714.13,43306.58,0,Sin evaluar
3773,4549,F,78,central Bohemia,Bohemia,Adulto Mayor (>50),Bohemia - Adulto Mayor (>50),10124.0,1.0,19.91,35.16,2216.47,21690.4,0,Sin evaluar
3774,4550,F,56,north Moravia,Moravia,Adulto Mayor (>50),Moravia - Adulto Mayor (>50),8994.0,4.0,28.02,14531.41,6403.28,27262.24,0,Sin evaluar
3775,4551,M,74,south Moravia,Moravia,Adulto Mayor (>50),Moravia - Adulto Mayor (>50),8441.0,3.0,66.14,4.54,3636.98,19937.25,0,Sin evaluar
3776,4553,F,53,Prague,Praga,Adulto Mayor (>50),Praga - Adulto Mayor (>50),12541.0,0.0,26.48,25044.49,16805.14,59375.52,0,Sin evaluar
3777,4554,M,61,north Moravia,Moravia,Adulto Mayor (>50),Moravia - Adulto Mayor (>50),10177.0,7.0,47.38,4.22,749.68,22034.17,0,Sin evaluar
3778,4555,M,38,east Bohemia,Bohemia,Adulto (30-50),Bohemia - Adulto (30-50),8363.0,3.0,65.91,25038.04,19872.25,70632.2,0,Sin evaluar
3779,4556,M,28,north Moravia,Moravia,Joven (<30),Moravia - Joven (<30),10673.0,5.0,41.79,12732.18,7958.84,45016.96,0,Sin evaluar
3780,4557,F,66,east Bohemia,Bohemia,Adulto Mayor (>50),Bohemia - Adulto Mayor (>50),8254.0,3.0,37.19,8.07,4356.28,16862.93,0,Sin evaluar
3781,4559,F,40,north Bohemia,Bohemia,Adulto (30-50),Bohemia - Adulto (30-50),8867.0,1.0,69.19,26210.16,17405.41,65914.32,0,Sin evaluar
3782,4560,M,35,central Bohemia,Bohemia,Adulto (30-50),Bohemia - Adulto (30-50),8899.0,3.0,21.49,1200.56,17201.12,46203.21,0,Sin evaluar
3783,4561,F,30,north Bohemia,Bohemia,Adulto (30-50),Bohemia - Adulto (30-50),9317.0,6.0,37.06,10208.88,7059.9,27118.04,0,Sin evaluar
3784,4562,M,33,west Bohemia,Bohemia,Adulto (30-50),Bohemia - Adulto (30-50),8554.0,2.0,35.29,9358.66,4049.31,25976.61,0,Sin evaluar
3785,4563,F,27,central Bohemia,Bohemia,Joven (<30),Bohemia - Joven (<30),10124.0,1.0,69.26,28383.63,21625.76,74952.5,0,Sin evaluar
3786,4565,M,50,south Bohemia,Bohemia,Adulto Mayor (>50),Bohemia - Adulto Mayor (>50),10045.0,1.0,66.3,44954.57,44200.57,47682.54,3,Sin evaluar
3787,4567,M,61,north Moravia,Moravia,Adulto Mayor (>50),Moravia - Adulto Mayor (>50),10177.0,7.0,70.34,22672.73,17557.58,49788.21,0,Sin evaluar
3788,4568,M,16,north Moravia,Moravia,Joven (<30),Moravia - Joven (<30),10177.0,7.0,68.7,8315.62,6727.07,51461.94,0,Sin evaluar
3789,4569,F,27,central Bohemia,Bohemia,Joven (<30),Bohemia - Joven (<30),8546.0,3.0,28.42,30763.12,21403.06,48798.66,0,Sin evaluar
3790,4570,F,59,Prague,Praga,Adulto Mayor (>50),Praga - Adulto Mayor (>50),12541.0,0.0,19.61,25984.6,25584.75,36321.15,0,Sin evaluar
3791,4571,M,31,Prague,Praga,Adulto (30-50),Praga - Adulto (30-50),12541.0,0.0,31.93,59.51,21831.29,47936.22,0,Sin evaluar
3792,4572,F,62,west Bohemia,Bohemia,Adulto Mayor (>50),Bohemia - Adulto Mayor (>50),8594.0,2.0,64.66,4.64,1843.49,18068.18,0,Sin evaluar
3793,4573,F,43,central Bohemia,Bohemia,Adulto (30-50),Bohemia - Adulto (30-50),9307.0,4.0,30.09,12665.0,6965.77,27840.84,0,Sin evaluar
3794,4574,F,32,south Bohemia,Bohemia,Adulto (30-50),Bohemia - Adulto (30-50),8547.0,3.0,22.87,20771.75,13891.56,46162.41,0,Sin evaluar
3795,4575,F,34,north Bohemia,Bohemia,Adulto (30-50),Bohemia - Adulto (30-50),9198.0,3.0,33.45,20698.36,11348.28,41933.3,0,Sin evaluar
3796,4576,M,40,south Moravia,Moravia,Adulto (30-50),Moravia - Adulto (30-50),8240.0,3.0,67.22,17100.1,8387.38,46309.86,0,Sin evaluar
3797,4577,F,49,south Moravia,Moravia,Adulto (30-50),Moravia - Adulto (30-50),9624.0,2.0,51.91,1327.3,787.9,28770.85,0,Sin evaluar
3798,4578,M,22,south Bohemia,Bohemia,Joven (<30),Bohemia - Joven (<30),9045.0,3.0,16.13,16798.14,7807.81,25421.23,0,Sin evaluar
3799,4579,F,59,north Moravia,Moravia,Adulto Mayor (>50),Moravia - Adulto Mayor (>50),10673.0,5.0,25.03,17725.13,11450.26,44962.47,0,Sin evaluar
3800,4580,F,54,west Bohemia,Bohemia,Adulto Mayor (>50),Bohemia - Adulto Mayor (>50),9650.0,3.0,27.47,8277.98,3809.97,17734.06,0,Sin evaluar
3801,4581,F,42,Prague,Praga,Adulto (30-50),Praga - Adulto (30-50),12541.0,0.0,30.36,23504.78,21627.14,36413.22,0,Sin evaluar
3802,4582,M,80,east Bohemia,Bohemia,Adulto Mayor (>50),Bohemia - Adulto Mayor (>50),8254.0,3.0,32.43,6.17,1668.52,18968.82,0,Sin evaluar
3803,4583,F,57,south Moravia,Moravia,Adulto Mayor (>50),Moravia - Adulto Mayor (>50),8814.0,5.0,35.15,9105.29,4065.43,23462.81,0,Sin evaluar
3804,4584,F,49,central Bohemia,Bohemia,Adulto (30-50),Bohemia - Adulto (30-50),9920.0,2.0,56.8,156.69,28271.23,45728.6,0,Buen Pagador
3805,4585,F,50,central Bohemia,Bohemia,Adulto Mayor (>50),Bohemia - Adulto Mayor (>50),8899.0,3.0,53.98,13520.84,7404.96,35365.98,0,Sin evaluar
3806,4587,F,20,north Bohemia,Bohemia,Joven (<30),Bohemia - Joven (<30),9198.0,3.0,32.43,24445.88,17520.81,39276.43,0,Sin evaluar
3807,4588,F,22,south Moravia,Moravia,Joven (<30),Moravia - Joven (<30),8240.0,3.0,39.85,21401.3,14746.8,54868.24,0,Sin evaluar
3808,4589,F,22,central Bohemia,Bohemia,Joven (<30),Bohemia - Joven (<30),8507.0,2.0,64.66,17606.5,10300.65,34583.75,0,Sin evaluar
3809,4590,M,62,Prague,Praga,Adulto Mayor (>50),Praga - Adulto Mayor (>50),12541.0,0.0,25.3,12223.32,7152.57,39095.7,0,Sin evaluar
3810,4591,M,65,east Bohemia,Bohemia,Adulto Mayor (>50),Bohemia - Adulto Mayor (>50),9425.0,2.0,42.32,11.81,2803.64,33352.57,0,Sin evaluar
3811,4592,F,43,Prague,Praga,Adulto (30-50),Praga - Adulto (30-50),12541.0,0.0,26.15,1514.34,1406.12,33368.9,0,Sin evaluar
3812,4593,M,66,north Moravia,Moravia,Adulto Mayor (>50),Moravia - Adulto Mayor (>50),8994.0,4.0,47.47,8.43,2136.93,30291.05,0,Sin evaluar
3813,4594,M,58,Prague,Praga,Adulto Mayor (>50),Praga - Adulto Mayor (>50),12541.0,0.0,14.72,12079.82,5315.22,27693.93,0,Sin evaluar
3814,4596,F,25,north Moravia,Moravia,Joven (<30),Moravia - Joven (<30),10673.0,5.0,36.14,896.51,597.68,19230.43,0,Sin evaluar
3815,4597,F,46,Prague,Praga,Adulto (30-50),Praga - Adulto (30-50),12541.0,0.0,33.25,27969.62,27548.72,48797.16,0,Sin evaluar
3816,4598,F,57,west Bohemia,Bohemia,Adulto Mayor (>50),Bohemia - Adulto Mayor (>50),8554.0,2.0,32.33,2180.64,801.11,32772.73,0,Sin evaluar
3817,4600,M,31,north Moravia,Moravia,Adulto (30-50),Moravia - Adulto (30-50),10177.0,7.0,46.65,11335.35,4803.0,24939.99,0,Sin evaluar
3818,4601,M,63,Prague,Praga,Adulto Mayor (>50),Praga - Adulto Mayor (>50),12541.0,0.0,71.95,19383.57,10053.37,46475.58,0,Sin evaluar
3819,4603,F,52,north Moravia,Moravia,Adulto Mayor (>50),Moravia - Adulto Mayor (>50),8173.0,5.83,25.63,11879.05,5438.94,20695.54,0,Sin evaluar
3820,4604,M,30,north Moravia,Moravia,Adulto (30-50),Moravia - Adulto (30-50),8110.0,6.0,61.54,14832.5,6284.37,45745.06,0,Sin evaluar
3821,4605,F,18,south Bohemia,Bohemia,Joven (<30),Bohemia - Joven (<30),8968.0,3.0,32.43,9677.83,9278.45,27126.53,0,Sin evaluar
3822,4606,M,61,central Bohemia,Bohemia,Adulto Mayor (>50),Bohemia - Adulto Mayor (>50),11277.0,1.0,63.28,2035.4,9785.76,35142.8,0,Sin evaluar
3823,4607,F,22,north Moravia,Moravia,Joven (<30),Moravia - Joven (<30),10673.0,5.0,44.42,4083.0,3446.65,22846.28,0,Sin evaluar
3824,4608,M,53,north Bohemia,Bohemia,Adulto Mayor (>50),Bohemia - Adulto Mayor (>50),9832.0,3.0,57.4,10365.44,4256.1,24397.01,0,Sin evaluar
3825,4609,F,22,central Bohemia,Bohemia,Joven (<30),Bohemia - Joven (<30),9920.0,2.0,60.55,4373.03,4127.17,24384.74,0,Sin evaluar
3826,4610,F,32,north Bohemia,Bohemia,Adulto (30-50),Bohemia - Adulto (30-50),9675.0,6.0,45.9,9278.87,4132.03,34299.04,0,Sin evaluar
3827,4611,F,45,Prague,Praga,Adulto (30-50),Praga - Adulto (30-50),12541.0,0.0,50.89,10083.59,9357.44,32394.49,0,Sin evaluar
3828,4612,F,38,east Bohemia,Bohemia,Adulto (30-50),Bohemia - Adulto (30-50),8254.0,3.0,16.1,68.32,391.3,15407.47,0,Sin evaluar
3830,4615,M,47,south Moravia,Moravia,Adulto (30-50),Moravia - Adulto (30-50),8772.0,5.0,20.37,2616.59,13022.93,35848.98,0,Sin evaluar
3832,4617,M,21,east Bohemia,Bohemia,Joven (<30),Bohemia - Joven (<30),8390.0,2.0,35.29,8975.35,4785.49,22090.07,0,Sin evaluar
3833,4619,F,57,north Moravia,Moravia,Adulto Mayor (>50),Moravia - Adulto Mayor (>50),8909.0,4.0,17.61,29685.63,20378.19,42453.6,0,Sin evaluar
3834,4620,F,58,south Moravia,Moravia,Adulto Mayor (>50),Moravia - Adulto Mayor (>50),9897.0,2.0,71.36,15644.18,8558.86,24129.73,0,Buen Pagador
3835,4622,F,26,east Bohemia,Bohemia,Joven (<30),Bohemia - Joven (<30),8187.0,5.0,69.52,15654.21,8272.44,37428.64,0,Sin evaluar
3836,4623,M,31,north Moravia,Moravia,Adulto (30-50),Moravia - Adulto (30-50),9893.0,4.0,12.71,26483.08,15649.1,56086.1,0,Sin evaluar
3837,4624,F,32,east Bohemia,Bohemia,Adulto (30-50),Bohemia - Adulto (30-50),9060.0,2.0,64.16,1310.79,15744.98,41146.86,0,Sin evaluar
3838,4626,F,51,central Bohemia,Bohemia,Adulto Mayor (>50),Bohemia - Adulto Mayor (>50),8980.0,2.0,55.98,13813.11,13042.16,31419.0,0,Sin evaluar
3839,4627,M,56,Prague,Praga,Adulto Mayor (>50),Praga - Adulto Mayor (>50),12541.0,0.0,46.29,12.96,31191.94,51313.24,0,Sin evaluar
3840,4629,M,75,north Moravia,Moravia,Adulto Mayor (>50),Moravia - Adulto Mayor (>50),8369.0,5.0,58.35,12.0,3108.31,29013.77,0,Sin evaluar
3841,4631,F,65,central Bohemia,Bohemia,Adulto Mayor (>50),Bohemia - Adulto Mayor (>50),11277.0,1.0,47.28,16.92,2343.27,22428.06,0,Sin evaluar
3842,4632,M,70,Prague,Praga,Adulto Mayor (>50),Praga - Adulto Mayor (>50),12541.0,0.0,21.65,36.95,512.24,34621.05,0,Sin evaluar
3843,4633,F,18,south Moravia,Moravia,Joven (<30),Moravia - Joven (<30),8544.0,1.0,26.94,7773.01,6590.57,23193.69,0,Sin evaluar
3844,4634,F,58,north Moravia,Moravia,Adulto Mayor (>50),Moravia - Adulto Mayor (>50),8110.0,6.0,67.29,2.97,1062.27,19718.45,0,Sin evaluar
3845,4636,M,21,east Bohemia,Bohemia,Joven (<30),Bohemia - Joven (<30),9060.0,2.0,43.6,26485.64,17658.26,34863.21,0,Sin evaluar
3846,4637,M,29,south Moravia,Moravia,Joven (<30),Moravia - Joven (<30),8814.0,5.0,20.14,34.76,770.11,13613.65,0,Sin evaluar
3847,4638,F,30,north Bohemia,Bohemia,Adulto (30-50),Bohemia - Adulto (30-50),8705.0,6.0,42.61,21707.16,13660.64,49784.37,0,Sin evaluar
3848,4639,M,18,south Bohemia,Bohemia,Joven (<30),Bohemia - Joven (<30),8547.0,3.0,29.7,13165.49,4509.09,40787.49,0,Sin evaluar
3849,4640,F,42,north Moravia,Moravia,Adulto (30-50),Moravia - Adulto (30-50),8819.0,5.0,50.33,18363.3,13080.87,45979.71,0,Sin evaluar
3850,4641,M,40,north Bohemia,Bohemia,Adulto (30-50),Bohemia - Adulto (30-50),8705.0,6.0,64.72,22265.22,14408.84,46472.95,0,Sin evaluar
3851,4643,F,29,Prague,Praga,Joven (<30),Praga - Joven (<30),12541.0,0.0,22.08,20537.95,11156.2,33308.39,0,Sin evaluar
3852,4644,M,67,south Bohemia,Bohemia,Adulto Mayor (>50),Bohemia - Adulto Mayor (>50),8547.0,3.0,15.54,12.87,1552.77,17440.48,0,Sin evaluar
3854,4647,M,20,central Bohemia,Bohemia,Joven (<30),Bohemia - Joven (<30),11277.0,1.0,32.43,971.32,1537.77,24341.93,0,Sin evaluar
3855,4648,M,34,north Bohemia,Bohemia,Adulto (30-50),Bohemia - Adulto (30-50),8705.0,6.0,39.89,23983.98,16969.17,43107.68,0,Sin evaluar
3856,4649,F,70,east Bohemia,Bohemia,Adulto Mayor (>50),Bohemia - Adulto Mayor (>50),8390.0,2.0,24.9,20.08,2631.73,14295.38,0,Sin evaluar
3857,4650,F,33,south Moravia,Moravia,Adulto (30-50),Moravia - Adulto (30-50),9897.0,2.0,14.29,14.0,361.09,16712.31,0,Sin evaluar
3858,4651,M,19,central Bohemia,Bohemia,Joven (<30),Bohemia - Joven (<30),8507.0,2.0,36.57,7448.35,6122.5,29768.22,0,Sin evaluar
3859,4652,M,36,south Moravia,Moravia,Adulto (30-50),Moravia - Adulto (30-50),8240.0,3.0,32.26,28072.85,25948.17,31669.21,4,Sin evaluar
3860,4653,F,52,central Bohemia,Bohemia,Adulto Mayor (>50),Bohemia - Adulto Mayor (>50),9753.0,5.0,50.66,173.71,5478.74,25405.59,0,Sin evaluar
3861,4654,F,48,central Bohemia,Bohemia,Adulto (30-50),Bohemia - Adulto (30-50),8507.0,2.0,23.0,26913.04,19426.96,62596.0,0,Sin evaluar
3862,4656,M,56,Prague,Praga,Adulto Mayor (>50),Praga - Adulto Mayor (>50),12541.0,0.0,25.23,52398.3,41128.81,58488.03,0,Sin evaluar
3863,4657,M,57,south Bohemia,Bohemia,Adulto Mayor (>50),Bohemia - Adulto Mayor (>50),9045.0,3.0,63.54,14466.26,6360.72,26291.78,0,Sin evaluar
3864,4658,M,63,north Bohemia,Bohemia,Adulto Mayor (>50),Bohemia - Adulto Mayor (>50),8705.0,6.0,30.0,33926.53,26222.27,49012.98,0,Sin evaluar
3865,4659,F,39,east Bohemia,Bohemia,Adulto (30-50),Bohemia - Adulto (30-50),8187.0,5.0,46.69,21210.28,15367.32,52098.18,0,Sin evaluar
3866,4660,F,23,south Moravia,Moravia,Joven (<30),Moravia - Joven (<30),8441.0,3.0,39.85,4462.03,3515.68,26824.41,0,Sin evaluar
3867,4661,F,54,Prague,Praga,Adulto Mayor (>50),Praga - Adulto Mayor (>50),12541.0,0.0,17.41,15163.7,9396.9,34488.54,0,Sin evaluar
3868,4662,F,71,Prague,Praga,Adulto Mayor (>50),Praga - Adulto Mayor (>50),12541.0,0.0,64.33,3.11,1944.66,21127.12,0,Sin evaluar
3869,4663,M,56,north Moravia,Moravia,Adulto Mayor (>50),Moravia - Adulto Mayor (>50),8994.0,4.0,51.58,54892.01,46259.62,74724.29,0,Sin evaluar
3870,4664,M,77,north Bohemia,Bohemia,Adulto Mayor (>50),Bohemia - Adulto Mayor (>50),8965.0,7.0,23.72,33.73,1998.74,18502.1,0,Sin evaluar
3871,4665,F,72,central Bohemia,Bohemia,Adulto Mayor (>50),Bohemia - Adulto Mayor (>50),8899.0,3.0,71.72,4.18,2054.1,34513.27,0,Sin evaluar
3872,4667,M,57,west Bohemia,Bohemia,Adulto Mayor (>50),Bohemia - Adulto Mayor (>50),8554.0,2.0,19.35,1875.97,7668.11,32400.01,0,Sin evaluar
3874,4670,F,30,east Bohemia,Bohemia,Adulto (30-50),Bohemia - Adulto (30-50),8541.0,3.0,42.97,11243.29,4804.75,37085.43,0,Sin evaluar
3875,4672,M,49,east Bohemia,Bohemia,Adulto (30-50),Bohemia - Adulto (30-50),8254.0,3.0,14.42,76.28,33167.13,58962.95,0,Sin evaluar
3876,4673,M,46,north Moravia,Moravia,Adulto (30-50),Moravia - Adulto (30-50),8173.0,5.83,58.55,30259.18,21008.13,40884.96,0,Sin evaluar
3877,4674,F,20,south Moravia,Moravia,Joven (<30),Moravia - Joven (<30),8444.0,3.0,26.28,23096.65,16756.47,56492.83,0,Sin evaluar
3878,4675,M,23,west Bohemia,Bohemia,Joven (<30),Bohemia - Joven (<30),8624.0,2.0,50.79,1082.89,1815.12,21477.49,0,Sin evaluar
3880,4677,F,77,central Bohemia,Bohemia,Adulto Mayor (>50),Bohemia - Adulto Mayor (>50),8980.0,2.0,29.11,27.48,4191.34,30415.06,0,Sin evaluar
3881,4678,M,30,south Bohemia,Bohemia,Adulto (30-50),Bohemia - Adulto (30-50),9104.0,2.0,33.91,8421.11,3682.69,25146.02,0,Sin evaluar
3882,4679,M,50,south Bohemia,Bohemia,Adulto Mayor (>50),Bohemia - Adulto Mayor (>50),8547.0,3.0,65.74,990.26,1799.36,20930.69,0,Sin evaluar
3883,4680,F,19,north Moravia,Moravia,Joven (<30),Moravia - Joven (<30),8994.0,4.0,69.55,7028.79,5046.73,43358.38,0,Sin evaluar
3884,4681,F,49,Prague,Praga,Adulto (30-50),Praga - Adulto (30-50),12541.0,0.0,25.53,9465.73,4689.39,19468.52,0,Sin evaluar
3885,4683,M,42,east Bohemia,Bohemia,Adulto (30-50),Bohemia - Adulto (30-50),8541.0,3.0,20.99,6199.71,5060.51,24083.24,0,Sin evaluar
3886,4684,F,45,Prague,Praga,Adulto (30-50),Praga - Adulto (30-50),12541.0,0.0,58.32,30787.5,29999.76,49575.7,0,Sin evaluar
3887,4685,M,34,south Moravia,Moravia,Adulto (30-50),Moravia - Adulto (30-50),8544.0,1.0,31.77,1768.96,1736.23,38888.16,0,Sin evaluar
3888,4686,M,54,north Bohemia,Bohemia,Adulto Mayor (>50),Bohemia - Adulto Mayor (>50),10446.0,7.0,67.15,890.54,752.05,18363.67,0,Sin evaluar
3889,4687,F,51,south Bohemia,Bohemia,Adulto Mayor (>50),Bohemia - Adulto Mayor (>50),8427.0,1.0,17.94,61.32,736.34,13238.46,0,Sin evaluar
3890,4689,M,35,east Bohemia,Bohemia,Adulto (30-50),Bohemia - Adulto (30-50),8187.0,5.0,34.66,11005.19,4934.8,33903.92,0,Sin evaluar
3891,4690,F,36,south Moravia,Moravia,Adulto (30-50),Moravia - Adulto (30-50),8512.0,4.0,64.43,17918.69,13805.99,48361.96,0,Sin evaluar
3892,4692,F,43,north Moravia,Moravia,Adulto (30-50),Moravia - Adulto (30-50),8369.0,5.0,62.19,12.86,1111.59,9777.57,0,Sin evaluar
3893,4693,M,55,east Bohemia,Bohemia,Adulto Mayor (>50),Bohemia - Adulto Mayor (>50),8388.0,2.0,24.57,6319.9,2773.3,22623.1,0,Sin evaluar
3894,4695,M,73,east Bohemia,Bohemia,Adulto Mayor (>50),Bohemia - Adulto Mayor (>50),8363.0,3.0,27.17,22.08,2180.35,36553.57,0,Sin evaluar
3895,4697,F,41,west Bohemia,Bohemia,Adulto (30-50),Bohemia - Adulto (30-50),8561.0,1.0,41.59,11477.76,7051.7,25295.79,0,Sin evaluar
3896,4698,M,35,east Bohemia,Bohemia,Adulto (30-50),Bohemia - Adulto (30-50),8390.0,2.0,40.48,227.27,31371.0,59588.99,0,Sin evaluar
3897,4699,F,35,central Bohemia,Bohemia,Adulto (30-50),Bohemia - Adulto (30-50),8598.0,3.0,20.5,23750.63,14214.63,58943.23,0,Sin evaluar
3898,4700,F,61,north Moravia,Moravia,Adulto Mayor (>50),Moravia - Adulto Mayor (>50),10177.0,7.0,58.74,13.62,3133.98,34066.03,0,Sin evaluar
3899,4701,M,57,west Bohemia,Bohemia,Adulto Mayor (>50),Bohemia - Adulto Mayor (>50),8620.0,1.0,30.19,20889.7,16644.58,60827.24,0,Sin evaluar
3901,4704,F,43,central Bohemia,Bohemia,Adulto (30-50),Bohemia - Adulto (30-50),8754.0,4.0,16.03,18907.74,15396.13,53925.49,0,Sin evaluar
3902,4705,M,43,Prague,Praga,Adulto (30-50),Praga - Adulto (30-50),12541.0,0.0,40.77,11126.05,5076.77,27044.95,0,Sin evaluar
3903,4706,F,55,south Moravia,Moravia,Adulto Mayor (>50),Moravia - Adulto Mayor (>50),8757.0,3.0,48.39,18768.18,12007.85,34260.3,0,Sin evaluar
3904,4708,M,48,south Bohemia,Bohemia,Adulto (30-50),Bohemia - Adulto (30-50),8968.0,3.0,26.84,22.35,659.46,19006.02,0,Sin evaluar
3905,4709,M,20,south Moravia,Moravia,Joven (<30),Moravia - Joven (<30),9897.0,2.0,19.12,36805.23,28555.44,47856.73,0,Sin evaluar
3906,4710,F,37,east Bohemia,Bohemia,Adulto (30-50),Bohemia - Adulto (30-50),8363.0,3.0,17.77,551.49,29183.12,66272.04,0,Sin evaluar
3907,4712,F,38,north Bohemia,Bohemia,Adulto (30-50),Bohemia - Adulto (30-50),9065.0,4.0,32.43,29279.9,26470.68,44806.34,0,Sin evaluar
3908,4713,F,80,central Bohemia,Bohemia,Adulto Mayor (>50),Bohemia - Adulto Mayor (>50),8598.0,3.0,23.46,29.84,2005.12,19390.43,0,Sin evaluar
3909,4715,F,22,south Bohemia,Bohemia,Joven (<30),Bohemia - Joven (<30),9045.0,3.0,71.52,26294.74,16097.6,45497.14,0,Sin evaluar
3910,4716,F,65,central Bohemia,Bohemia,Adulto Mayor (>50),Bohemia - Adulto Mayor (>50),10124.0,1.0,23.36,42.81,1672.09,17297.5,0,Sin evaluar
3911,4717,M,54,north Bohemia,Bohemia,Adulto Mayor (>50),Bohemia - Adulto Mayor (>50),9272.0,3.0,12.48,16.03,204.33,14130.55,0,Sin evaluar
3912,4718,M,66,central Bohemia,Bohemia,Adulto Mayor (>50),Bohemia - Adulto Mayor (>50),8507.0,2.0,55.92,12.52,3123.21,29961.32,0,Sin evaluar
3913,4719,M,61,west Bohemia,Bohemia,Adulto Mayor (>50),Bohemia - Adulto Mayor (>50),8624.0,2.0,26.87,16145.66,8320.06,37601.36,0,Sin evaluar
3914,4720,F,52,north Bohemia,Bohemia,Adulto Mayor (>50),Bohemia - Adulto Mayor (>50),8705.0,6.0,39.85,23837.79,16072.77,59214.56,0,Sin evaluar
3915,4721,F,42,south Moravia,Moravia,Adulto (30-50),Moravia - Adulto (30-50),8403.0,6.0,68.96,25171.39,15279.87,47969.57,0,Sin evaluar
3916,4722,M,26,central Bohemia,Bohemia,Joven (<30),Bohemia - Joven (<30),11277.0,1.0,15.08,490.72,5557.03,18985.95,0,Sin evaluar
3917,4723,F,57,Prague,Praga,Adulto Mayor (>50),Praga - Adulto Mayor (>50),12541.0,0.0,33.05,22962.3,15692.59,42557.27,0,Sin evaluar
3918,4724,F,25,south Moravia,Moravia,Joven (<30),Moravia - Joven (<30),8240.0,3.0,60.71,10409.37,5313.79,24928.63,0,Sin evaluar
3919,4725,M,53,north Bohemia,Bohemia,Adulto Mayor (>50),Bohemia - Adulto Mayor (>50),9675.0,6.0,14.42,19019.76,12739.25,51822.73,0,Sin evaluar
3920,4727,F,28,north Moravia,Moravia,Joven (<30),Moravia - Joven (<30),10673.0,5.0,63.97,28335.45,27421.15,53568.63,0,Sin evaluar
3921,4729,M,53,south Bohemia,Bohemia,Adulto Mayor (>50),Bohemia - Adulto Mayor (>50),8968.0,3.0,53.49,31727.43,31320.64,57985.09,0,Sin evaluar
3922,4730,M,78,north Moravia,Moravia,Adulto Mayor (>50),Moravia - Adulto Mayor (>50),9893.0,4.0,14.29,62.98,2986.7,19941.81,0,Sin evaluar
3923,4731,F,25,east Bohemia,Bohemia,Joven (<30),Bohemia - Joven (<30),8363.0,3.0,69.06,24017.07,17856.94,62989.25,0,Sin evaluar
3924,4732,M,80,north Moravia,Moravia,Adulto Mayor (>50),Moravia - Adulto Mayor (>50),10177.0,7.0,34.2,8.77,1377.78,20299.69,0,Sin evaluar
3925,4733,M,43,Prague,Praga,Adulto (30-50),Praga - Adulto (30-50),12541.0,0.0,39.85,41224.87,34670.79,55545.33,0,Sin evaluar
3926,4734,M,73,north Moravia,Moravia,Adulto Mayor (>50),Moravia - Adulto Mayor (>50),8994.0,4.0,51.65,7.74,2538.82,36412.77,0,Sin evaluar
3927,4736,F,55,south Moravia,Moravia,Adulto Mayor (>50),Moravia - Adulto Mayor (>50),8772.0,5.0,62.29,6992.5,3356.56,26558.87,0,Sin evaluar
3928,4737,F,17,west Bohemia,Bohemia,Joven (<30),Bohemia - Joven (<30),8991.0,1.0,31.77,6887.82,5766.45,40112.74,0,Sin evaluar
3930,4739,F,38,north Bohemia,Bohemia,Adulto (30-50),Bohemia - Adulto (30-50),9065.0,4.0,44.22,20926.19,11862.51,26147.5,0,Sin evaluar
3931,4740,M,21,west Bohemia,Bohemia,Joven (<30),Bohemia - Joven (<30),8594.0,2.0,34.83,21534.19,18590.87,56362.98,0,Sin evaluar
3932,4741,F,69,north Moravia,Moravia,Adulto Mayor (>50),Moravia - Adulto Mayor (>50),10673.0,5.0,29.21,20.54,5028.41,19173.63,0,Sin evaluar
3933,4742,F,49,south Moravia,Moravia,Adulto (30-50),Moravia - Adulto (30-50),8814.0,5.0,34.63,15825.12,15563.5,38320.65,0,Sin evaluar
3934,4744,M,69,central Bohemia,Bohemia,Adulto Mayor (>50),Bohemia - Adulto Mayor (>50),8546.0,3.0,12.25,57.14,3077.55,22787.22,0,Sin evaluar
3935,4745,F,50,north Moravia,Moravia,Adulto Mayor (>50),Moravia - Adulto Mayor (>50),9893.0,4.0,69.78,1040.41,14383.13,39846.68,0,Sin evaluar
3936,4746,F,57,north Bohemia,Bohemia,Adulto Mayor (>50),Bohemia - Adulto Mayor (>50),10446.0,7.0,43.93,983.38,2179.83,28555.39,0,Sin evaluar
3937,4747,F,76,north Moravia,Moravia,Adulto Mayor (>50),Moravia - Adulto Mayor (>50),8369.0,5.0,35.68,22.42,1662.56,18403.86,0,Sin evaluar
3938,4749,F,50,south Moravia,Moravia,Adulto Mayor (>50),Moravia - Adulto Mayor (>50),8720.0,4.0,61.44,24948.91,20034.18,52237.34,0,Sin evaluar
3939,4750,M,36,north Moravia,Moravia,Adulto (30-50),Moravia - Adulto (30-50),10177.0,7.0,65.77,9055.85,3931.88,28924.95,0,Sin evaluar
3940,4751,M,25,north Bohemia,Bohemia,Joven (<30),Bohemia - Joven (<30),8867.0,1.0,43.83,520.19,18525.8,40552.6,0,Sin evaluar
3941,4752,M,59,central Bohemia,Bohemia,Adulto Mayor (>50),Bohemia - Adulto Mayor (>50),9920.0,2.0,24.15,12.42,678.67,16024.42,0,Sin evaluar
3942,4754,F,59,west Bohemia,Bohemia,Adulto Mayor (>50),Bohemia - Adulto Mayor (>50),8561.0,1.0,31.7,39197.7,27437.13,57349.85,0,Sin evaluar
3943,4755,F,44,north Moravia,Moravia,Adulto (30-50),Moravia - Adulto (30-50),8678.0,6.0,33.84,8.87,782.8,17505.51,0,Sin evaluar
3944,4756,F,48,west Bohemia,Bohemia,Adulto (30-50),Bohemia - Adulto (30-50),8620.0,1.0,38.77,19114.37,13706.47,44019.42,0,Sin evaluar
3945,4758,F,25,east Bohemia,Bohemia,Joven (<30),Bohemia - Joven (<30),8187.0,5.0,37.78,1495.5,669.67,32977.25,0,Sin evaluar
3946,4760,M,63,north Moravia,Moravia,Adulto Mayor (>50),Moravia - Adulto Mayor (>50),10177.0,7.0,29.5,18889.93,9749.15,31164.18,0,Sin evaluar
3947,4762,F,27,north Moravia,Moravia,Joven (<30),Moravia - Joven (<30),8369.0,5.0,35.25,22074.81,18717.16,45876.71,0,Sin evaluar
3948,4763,F,54,north Moravia,Moravia,Adulto Mayor (>50),Moravia - Adulto Mayor (>50),8909.0,4.0,61.7,16344.98,8491.73,42067.6,0,Sin evaluar
3949,4764,M,19,south Moravia,Moravia,Joven (<30),Moravia - Joven (<30),9897.0,2.0,35.65,5222.86,4210.38,32794.05,0,Sin evaluar
3950,4765,M,63,east Bohemia,Bohemia,Adulto Mayor (>50),Bohemia - Adulto Mayor (>50),9060.0,2.0,15.97,26438.32,16781.47,46369.24,0,Sin evaluar
3951,4766,M,31,west Bohemia,Bohemia,Adulto (30-50),Bohemia - Adulto (30-50),8620.0,1.0,18.96,6631.49,5758.44,14719.05,0,Sin evaluar
3952,4767,F,80,west Bohemia,Bohemia,Adulto Mayor (>50),Bohemia - Adulto Mayor (>50),10787.0,3.0,33.77,14.81,4670.71,24715.53,0,Sin evaluar
3953,4768,F,38,Prague,Praga,Adulto (30-50),Praga - Adulto (30-50),12541.0,0.0,18.5,2156.76,29717.46,57357.94,4,Sin evaluar
3954,4769,F,75,west Bohemia,Bohemia,Adulto Mayor (>50),Bohemia - Adulto Mayor (>50),8620.0,1.0,66.2,15.11,4039.12,25142.68,0,Sin evaluar
3955,4771,F,37,south Moravia,Moravia,Adulto (30-50),Moravia - Adulto (30-50),9624.0,2.0,65.58,9374.5,3773.1,36894.14,0,Sin evaluar
3956,4772,F,48,central Bohemia,Bohemia,Adulto (30-50),Bohemia - Adulto (30-50),8546.0,3.0,26.09,12845.57,4541.2,49185.43,0,Sin evaluar
3957,4773,F,46,north Bohemia,Bohemia,Adulto (30-50),Bohemia - Adulto (30-50),8705.0,6.0,30.59,22.88,30340.73,51956.61,0,Sin evaluar
3958,4774,M,47,south Moravia,Moravia,Adulto (30-50),Moravia - Adulto (30-50),8444.0,3.0,12.09,25072.13,20873.45,42208.98,0,Sin evaluar
3959,4776,M,24,Prague,Praga,Joven (<30),Praga - Joven (<30),12541.0,0.0,22.47,2594.57,19199.64,29490.33,1,Sin evaluar
3960,4777,F,69,south Moravia,Moravia,Adulto Mayor (>50),Moravia - Adulto Mayor (>50),9624.0,2.0,70.77,7.07,1485.09,22607.41,0,Sin evaluar
3961,4779,M,20,east Bohemia,Bohemia,Joven (<30),Bohemia - Joven (<30),8363.0,3.0,23.2,30.17,1111.64,14536.79,0,Sin evaluar
3962,4780,F,26,south Moravia,Moravia,Joven (<30),Moravia - Joven (<30),9897.0,2.0,24.57,1591.37,1509.97,11864.0,0,Sin evaluar
3963,4781,F,32,central Bohemia,Bohemia,Adulto (30-50),Bohemia - Adulto (30-50),8899.0,3.0,14.13,14797.74,8938.43,38163.76,0,Sin evaluar
3964,4782,M,32,west Bohemia,Bohemia,Adulto (30-50),Bohemia - Adulto (30-50),8554.0,2.0,23.16,34.54,1032.82,14231.48,0,Sin evaluar
3965,4783,F,20,west Bohemia,Bohemia,Joven (<30),Bohemia - Joven (<30),8930.0,4.0,67.91,2158.74,16503.5,31176.03,7,Sin evaluar
3966,4784,F,78,east Bohemia,Bohemia,Adulto Mayor (>50),Bohemia - Adulto Mayor (>50),8388.0,2.0,35.71,22.4,2201.06,19759.92,0,Sin evaluar
3967,4786,M,60,south Moravia,Moravia,Adulto Mayor (>50),Moravia - Adulto Mayor (>50),9897.0,2.0,27.27,45302.42,40629.12,57086.68,0,Sin evaluar
3968,4787,M,36,north Bohemia,Bohemia,Adulto (30-50),Bohemia - Adulto (30-50),9198.0,3.0,35.98,19029.79,16320.18,59682.4,0,Sin evaluar
3969,4788,F,18,north Bohemia,Bohemia,Joven (<30),Bohemia - Joven (<30),10446.0,7.0,66.37,18957.27,14804.88,35640.2,0,Sin evaluar
3970,4789,F,58,west Bohemia,Bohemia,Adulto Mayor (>50),Bohemia - Adulto Mayor (>50),8991.0,1.0,37.09,115.93,32165.44,51614.3,0,Sin evaluar
3971,4790,M,52,north Moravia,Moravia,Adulto Mayor (>50),Moravia - Adulto Mayor (>50),8819.0,5.0,21.62,27896.85,16221.28,34750.05,0,Sin evaluar
3972,4791,M,62,east Bohemia,Bohemia,Adulto Mayor (>50),Bohemia - Adulto Mayor (>50),8541.0,3.0,62.65,18943.18,8113.33,46974.94,0,Sin evaluar
3973,4792,F,41,south Bohemia,Bohemia,Adulto (30-50),Bohemia - Adulto (30-50),8547.0,3.0,37.13,11814.87,5055.75,24054.19,0,Sin evaluar
3974,4793,F,52,south Moravia,Moravia,Adulto Mayor (>50),Moravia - Adulto Mayor (>50),8743.0,2.0,33.77,16769.44,11895.17,35240.98,0,Sin evaluar
3975,4794,F,53,south Bohemia,Bohemia,Adulto Mayor (>50),Bohemia - Adulto Mayor (>50),8547.0,3.0,50.96,7.85,931.91,18594.5,0,Sin evaluar
3976,4795,F,73,north Moravia,Moravia,Adulto Mayor (>50),Moravia - Adulto Mayor (>50),10673.0,5.0,32.53,18.44,3376.88,21195.56,0,Sin evaluar
3977,4796,M,70,central Bohemia,Bohemia,Adulto Mayor (>50),Bohemia - Adulto Mayor (>50),9920.0,2.0,63.18,12.66,1648.46,19878.65,0,Sin evaluar
3978,4797,F,58,south Moravia,Moravia,Adulto Mayor (>50),Moravia - Adulto Mayor (>50),8444.0,3.0,46.39,24121.58,17790.47,39296.73,0,Sin evaluar
3979,4798,F,36,north Bohemia,Bohemia,Adulto (30-50),Bohemia - Adulto (30-50),9065.0,4.0,34.53,11655.08,5478.13,30377.54,0,Sin evaluar
3980,4799,F,52,north Moravia,Moravia,Adulto Mayor (>50),Moravia - Adulto Mayor (>50),8819.0,5.0,68.93,10592.35,6407.08,41822.83,0,Sin evaluar
3981,4801,M,20,west Bohemia,Bohemia,Joven (<30),Bohemia - Joven (<30),8624.0,2.0,47.51,10.52,1131.13,16741.01,0,Sin evaluar
3982,4802,M,27,north Moravia,Moravia,Joven (<30),Moravia - Joven (<30),8819.0,5.0,65.15,10.74,581.73,28268.54,0,Sin evaluar
3983,4803,M,53,east Bohemia,Bohemia,Adulto Mayor (>50),Bohemia - Adulto Mayor (>50),8390.0,2.0,70.83,15912.78,15381.9,38408.14,0,Sin evaluar
3984,4804,F,68,east Bohemia,Bohemia,Adulto Mayor (>50),Bohemia - Adulto Mayor (>50),8541.0,3.0,24.54,20.37,1954.36,16281.46,0,Sin evaluar
3985,4805,F,63,Prague,Praga,Adulto Mayor (>50),Praga - Adulto Mayor (>50),12541.0,0.0,17.61,51.11,1574.67,12505.17,0,Sin evaluar
3986,4806,F,54,south Bohemia,Bohemia,Adulto Mayor (>50),Bohemia - Adulto Mayor (>50),8402.0,3.0,18.37,12026.84,5144.26,28992.58,0,Sin evaluar
3987,4807,M,50,west Bohemia,Bohemia,Adulto Mayor (>50),Bohemia - Adulto Mayor (>50),8554.0,2.0,15.54,11704.25,7123.55,30628.29,0,Sin evaluar
3988,4808,F,17,west Bohemia,Bohemia,Joven (<30),Bohemia - Joven (<30),8624.0,2.0,19.91,6887.59,4899.55,31092.99,0,Sin evaluar
3989,4809,M,68,south Bohemia,Bohemia,Adulto Mayor (>50),Bohemia - Adulto Mayor (>50),8402.0,3.0,45.7,19.69,1671.55,24146.02,0,Sin evaluar
3990,4811,F,27,north Moravia,Moravia,Joven (<30),Moravia - Joven (<30),8909.0,4.0,22.83,28262.02,18151.86,45237.29,0,Sin evaluar
3991,4812,M,73,Prague,Praga,Adulto Mayor (>50),Praga - Adulto Mayor (>50),12541.0,0.0,24.08,12.46,4228.82,22943.41,0,Sin evaluar
3992,4813,M,30,east Bohemia,Bohemia,Adulto (30-50),Bohemia - Adulto (30-50),9425.0,2.0,12.48,20815.54,13483.97,32321.23,0,Sin evaluar
3993,4814,M,36,south Moravia,Moravia,Adulto (30-50),Moravia - Adulto (30-50),9897.0,2.0,35.22,21682.77,12864.28,59291.23,0,Sin evaluar
3994,4815,M,28,south Bohemia,Bohemia,Joven (<30),Bohemia - Joven (<30),9045.0,3.0,33.58,36397.29,35123.08,53427.85,0,Sin evaluar
3995,4817,M,29,central Bohemia,Bohemia,Joven (<30),Bohemia - Joven (<30),8754.0,4.0,40.15,11235.39,5454.55,32048.1,0,Sin evaluar
3996,4818,M,66,Prague,Praga,Adulto Mayor (>50),Praga - Adulto Mayor (>50),12541.0,0.0,18.3,60.11,3551.37,24666.12,0,Sin evaluar
3997,4819,M,34,south Moravia,Moravia,Adulto (30-50),Moravia - Adulto (30-50),8544.0,1.0,59.56,8786.97,8169.91,27583.12,0,Sin evaluar
3998,4820,F,29,central Bohemia,Bohemia,Joven (<30),Bohemia - Joven (<30),8507.0,2.0,32.36,18254.33,13356.61,36497.4,0,Sin evaluar
3999,4821,F,59,north Bohemia,Bohemia,Adulto Mayor (>50),Bohemia - Adulto Mayor (>50),8867.0,1.0,67.84,16498.17,7760.61,55839.05,0,Sin evaluar
4000,4823,M,16,central Bohemia,Bohemia,Joven (<30),Bohemia - Joven (<30),9920.0,2.0,64.95,8705.54,7150.12,51486.16,0,Sin evaluar
4001,4824,M,58,south Moravia,Moravia,Adulto Mayor (>50),Moravia - Adulto Mayor (>50),9897.0,2.0,46.85,1205.98,960.51,18192.63,0,Sin evaluar
4003,4826,F,21,west Bohemia,Bohemia,Joven (<30),Bohemia - Joven (<30),8554.0,2.0,16.3,57801.29,51129.39,65750.26,0,Sin evaluar
4008,4831,M,40,west Bohemia,Bohemia,Adulto (30-50),Bohemia - Adulto (30-50),8561.0,1.0,33.28,2355.77,327.52,36200.0,0,Sin evaluar
4009,4832,F,41,south Moravia,Moravia,Adulto (30-50),Moravia - Adulto (30-50),8772.0,5.0,58.32,26754.87,24392.32,57916.59,0,Sin evaluar
4010,4833,F,27,west Bohemia,Bohemia,Joven (<30),Bohemia - Joven (<30),9650.0,3.0,28.39,15309.05,8189.5,38480.68,0,Sin evaluar
4013,4836,M,46,east Bohemia,Bohemia,Adulto (30-50),Bohemia - Adulto (30-50),8208.0,2.0,62.75,4235.86,7960.96,34420.99,0,Sin evaluar
4014,4837,F,31,south Moravia,Moravia,Adulto (30-50),Moravia - Adulto (30-50),8772.0,5.0,43.56,48576.22,47137.81,58024.84,2,Sin evaluar
4026,4853,M,59,south Moravia,Moravia,Adulto Mayor (>50),Moravia - Adulto Mayor (>50),8757.0,3.0,22.77,790.51,17107.91,46663.43,0,Sin evaluar
4033,4861,F,21,south Moravia,Moravia,Joven (<30),Moravia - Joven (<30),8720.0,4.0,25.36,13416.4,7067.03,33258.14,0,Sin evaluar
4034,4862,F,55,Prague,Praga,Adulto Mayor (>50),Praga - Adulto Mayor (>50),12541.0,0.0,71.39,7423.45,6261.94,38972.25,2,Sin evaluar
4035,4863,F,24,Prague,Praga,Joven (<30),Praga - Joven (<30),12541.0,0.0,65.22,1317.08,32619.15,51067.5,2,Sin evaluar
4047,4877,M,41,east Bohemia,Bohemia,Adulto (30-50),Bohemia - Adulto (30-50),8390.0,2.0,39.06,31687.15,30167.23,52737.73,0,Sin evaluar
4052,4882,M,20,north Bohemia,Bohemia,Joven (<30),Bohemia - Joven (<30),9198.0,3.0,23.16,2245.25,19752.37,42200.33,0,Sin evaluar
4055,4886,M,19,west Bohemia,Bohemia,Joven (<30),Bohemia - Joven (<30),8624.0,2.0,71.2,21979.54,21734.83,37752.95,0,Sin evaluar
4059,4892,M,29,west Bohemia,Bohemia,Joven (<30),Bohemia - Joven (<30),10787.0,3.0,62.75,897.21,1204.78,11028.47,0,Sin evaluar
4066,4901,F,48,north Moravia,Moravia,Adulto (30-50),Moravia - Adulto (30-50),8994.0,4.0,55.26,99.53,21664.35,39786.64,0,Sin evaluar
4069,4904,F,37,north Bohemia,Bohemia,Adulto (30-50),Bohemia - Adulto (30-50),8965.0,7.0,25.43,6403.46,3586.32,42842.58,0,Sin evaluar
4071,4906,F,22,south Moravia,Moravia,Joven (<30),Moravia - Joven (<30),9624.0,2.0,28.91,131.44,11817.16,29925.63,0,Sin evaluar
4078,4915,M,35,north Bohemia,Bohemia,Adulto (30-50),Bohemia - Adulto (30-50),9317.0,6.0,71.0,25781.3,23495.77,65115.57,0,Sin evaluar
4079,4916,M,59,east Bohemia,Bohemia,Adulto Mayor (>50),Bohemia - Adulto Mayor (>50),8363.0,3.0,61.9,39973.86,31980.73,51315.48,0,Sin evaluar
4081,4918,M,30,central Bohemia,Bohemia,Adulto (30-50),Bohemia - Adulto (30-50),9622.0,0.0,41.33,13076.97,3423.18,10176.71,12,Mal Pagador
4082,4919,F,47,east Bohemia,Bohemia,Adulto (30-50),Bohemia - Adulto (30-50),8208.0,2.0,49.74,22549.8,20977.68,38915.54,1,Sin evaluar
4086,4923,M,36,south Moravia,Moravia,Adulto (30-50),Moravia - Adulto (30-50),8512.0,4.0,29.47,23.75,42108.04,50127.73,0,Sin evaluar
4088,4925,M,47,east Bohemia,Bohemia,Adulto (30-50),Bohemia - Adulto (30-50),8390.0,2.0,34.0,29882.88,26561.24,39533.26,0,Sin evaluar
4090,4927,F,43,north Moravia,Moravia,Adulto (30-50),Moravia - Adulto (30-50),8994.0,4.0,26.64,1790.54,889.64,18568.18,0,Sin evaluar
4091,4928,M,22,central Bohemia,Bohemia,Joven (<30),Bohemia - Joven (<30),8899.0,3.0,16.89,16711.55,10703.37,41581.06,0,Sin evaluar
4092,4929,M,55,north Moravia,Moravia,Adulto Mayor (>50),Moravia - Adulto Mayor (>50),10673.0,5.0,33.61,12859.63,10407.02,51008.78,0,Sin evaluar
4093,4930,M,17,Prague,Praga,Joven (<30),Praga - Joven (<30),12541.0,0.0,69.22,5895.68,5706.44,24469.81,0,Sin evaluar
4099,4937,F,38,south Moravia,Moravia,Adulto (30-50),Moravia - Adulto (30-50),9897.0,2.0,31.18,19810.65,14592.69,41713.76,0,Sin evaluar
4102,4941,F,19,south Moravia,Moravia,Joven (<30),Moravia - Joven (<30),8441.0,3.0,25.56,4434.7,2480.44,35978.33,0,Sin evaluar
4103,4942,M,39,north Bohemia,Bohemia,Adulto (30-50),Bohemia - Adulto (30-50),8965.0,7.0,47.18,41375.01,39666.07,57791.25,0,Sin evaluar
4105,4944,M,16,south Moravia,Moravia,Joven (<30),Moravia - Joven (<30),8757.0,3.0,43.79,7223.18,6021.92,33245.24,0,Sin evaluar
4109,4949,M,16,south Moravia,Moravia,Joven (<30),Moravia - Joven (<30),9897.0,2.0,46.69,6437.37,5877.06,39288.01,0,Sin evaluar
4116,4956,M,52,central Bohemia,Bohemia,Adulto Mayor (>50),Bohemia - Adulto Mayor (>50),8546.0,3.0,14.85,50052.73,33225.66,52607.5,0,Sin evaluar
4119,4959,M,19,north Moravia,Moravia,Joven (<30),Moravia - Joven (<30),8909.0,4.0,62.42,5271.18,4619.51,35556.06,0,Sin evaluar
4121,4961,M,16,south Moravia,Moravia,Joven (<30),Moravia - Joven (<30),9897.0,2.0,42.78,7687.4,7367.93,25374.7,0,Sin evaluar
4127,4968,M,60,east Bohemia,Bohemia,Adulto Mayor (>50),Bohemia - Adulto Mayor (>50),8187.0,5.0,31.93,8989.35,5846.76,17675.41,10,Sin evaluar
4128,4969,F,30,south Moravia,Moravia,Adulto (30-50),Moravia - Adulto (30-50),9624.0,2.0,15.15,29710.1,15804.22,30748.06,2,Sin evaluar
4130,4972,F,21,north Moravia,Moravia,Joven (<30),Moravia - Joven (<30),10177.0,7.0,18.99,21305.95,18981.78,28176.32,3,Sin evaluar
4131,4974,F,36,central Bohemia,Bohemia,Adulto (30-50),Bohemia - Adulto (30-50),9307.0,4.0,52.4,50542.6,43821.81,65316.95,0,Sin evaluar
4132,4976,M,17,north Bohemia,Bohemia,Joven (<30),Bohemia - Joven (<30),9198.0,3.0,14.95,5534.98,2769.23,33662.21,0,Sin evaluar
4134,4979,M,61,central Bohemia,Bohemia,Adulto Mayor (>50),Bohemia - Adulto Mayor (>50),9920.0,2.0,69.95,33525.88,27491.42,46230.61,0,Sin evaluar
4140,4989,M,63,west Bohemia,Bohemia,Adulto Mayor (>50),Bohemia - Adulto Mayor (>50),8594.0,2.0,12.85,23825.45,20175.88,35513.0,0,Sin evaluar
4143,4992,F,26,south Moravia,Moravia,Joven (<30),Moravia - Joven (<30),8743.0,2.0,14.78,24190.12,19147.5,60348.11,0,Sin evaluar
4144,4993,F,25,Prague,Praga,Joven (<30),Praga - Joven (<30),12541.0,0.0,28.39,36037.2,26381.54,47824.55,0,Sin evaluar
4150,5002,F,21,south Moravia,Moravia,Joven (<30),Moravia - Joven (<30),8403.0,6.0,17.87,19218.97,11992.17,43661.91,0,Sin evaluar
4156,5010,F,48,east Bohemia,Bohemia,Adulto (30-50),Bohemia - Adulto (30-50),8388.0,2.0,18.14,27617.92,14078.28,33453.2,2,Sin evaluar
4158,5012,F,26,west Bohemia,Bohemia,Joven (<30),Bohemia - Joven (<30),8561.0,1.0,15.87,189.04,25439.95,44198.41,0,Sin evaluar
4159,5013,M,18,Prague,Praga,Joven (<30),Praga - Joven (<30),12541.0,0.0,65.74,7562.69,6720.41,40096.53,0,Sin evaluar
4161,5016,F,52,Prague,Praga,Adulto Mayor (>50),Praga - Adulto Mayor (>50),12541.0,0.0,46.23,12302.53,10705.17,42661.28,0,Sin evaluar
4171,5028,M,22,west Bohemia,Bohemia,Joven (<30),Bohemia - Joven (<30),8594.0,2.0,66.63,29820.01,17450.58,47685.31,0,Sin evaluar
4173,5030,M,18,Prague,Praga,Joven (<30),Praga - Joven (<30),12541.0,0.0,61.73,4025.6,3335.49,22948.46,0,Sin evaluar
4186,5046,M,61,Prague,Praga,Adulto Mayor (>50),Praga - Adulto Mayor (>50),12541.0,0.0,28.19,22509.29,15508.34,29925.86,0,Sin evaluar
4190,5050,M,47,south Moravia,Moravia,Adulto (30-50),Moravia - Adulto (30-50),8544.0,1.0,38.9,14478.53,6558.35,31995.69,0,Sin evaluar
4195,5056,F,41,north Moravia,Moravia,Adulto (30-50),Moravia - Adulto (30-50),8110.0,6.0,55.36,46378.92,45711.65,63157.21,0,Sin evaluar
4204,5067,F,23,south Bohemia,Bohemia,Joven (<30),Bohemia - Joven (<30),9104.0,2.0,35.06,3253.99,2923.56,22243.16,0,Sin evaluar
4208,5072,F,17,Prague,Praga,Joven (<30),Praga - Joven (<30),12541.0,0.0,20.76,4340.99,3150.29,23482.33,0,Sin evaluar
4214,5081,F,37,Prague,Praga,Adulto (30-50),Praga - Adulto (30-50),12541.0,0.0,33.35,37756.25,37114.69,55852.16,2,Sin evaluar
4225,5093,F,49,south Moravia,Moravia,Adulto (30-50),Moravia - Adulto (30-50),8743.0,2.0,67.45,23955.24,23002.22,59159.92,0,Sin evaluar
4237,5107,F,51,east Bohemia,Bohemia,Adulto Mayor (>50),Bohemia - Adulto Mayor (>50),8187.0,5.0,61.04,30336.88,30044.54,51824.97,0,Sin evaluar
4240,5111,M,39,east Bohemia,Bohemia,Adulto (30-50),Bohemia - Adulto (30-50),8187.0,5.0,70.7,330.98,29960.23,38776.05,0,Sin evaluar
4245,5117,M,23,east Bohemia,Bohemia,Joven (<30),Bohemia - Joven (<30),8363.0,3.0,55.98,16846.41,11190.78,50844.01,0,Sin evaluar
4253,5126,M,33,east Bohemia,Bohemia,Adulto (30-50),Bohemia - Adulto (30-50),9425.0,2.0,35.48,124.01,36163.73,64453.64,0,Sin evaluar
4254,5127,F,23,north Bohemia,Bohemia,Joven (<30),Bohemia - Joven (<30),8705.0,6.0,67.91,7346.62,7103.52,26766.61,0,Sin evaluar
4255,5128,M,35,north Moravia,Moravia,Adulto (30-50),Moravia - Adulto (30-50),10177.0,7.0,61.73,220.31,35891.75,74434.19,0,Sin evaluar
4258,5132,M,31,east Bohemia,Bohemia,Adulto (30-50),Bohemia - Adulto (30-50),8541.0,3.0,40.18,31148.13,30668.04,55863.64,0,Sin evaluar
4259,5133,F,39,south Moravia,Moravia,Adulto (30-50),Moravia - Adulto (30-50),8512.0,4.0,56.77,15.85,35013.18,55904.03,0,Buen Pagador
4260,5134,F,31,south Moravia,Moravia,Adulto (30-50),Moravia - Adulto (30-50),8757.0,3.0,62.55,49.56,11051.56,30600.57,0,Sin evaluar
4263,5137,M,19,central Bohemia,Bohemia,Joven (<30),Bohemia - Joven (<30),9307.0,4.0,41.49,7465.51,6688.36,34497.15,0,Sin evaluar
4264,5138,F,24,east Bohemia,Bohemia,Joven (<30),Bohemia - Joven (<30),8390.0,2.0,60.78,23526.65,20733.79,57765.02,0,Sin evaluar
4266,5141,F,45,south Moravia,Moravia,Adulto (30-50),Moravia - Adulto (30-50),9897.0,2.0,22.8,18535.09,9776.32,31756.55,0,Sin evaluar
4268,5143,M,25,north Moravia,Moravia,Joven (<30),Moravia - Joven (<30),8909.0,4.0,22.31,15323.08,7317.79,38957.22,0,Sin evaluar
4269,5145,F,48,west Bohemia,Bohemia,Adulto (30-50),Bohemia - Adulto (30-50),10787.0,3.0,36.24,36493.85,35327.73,61529.09,0,Sin evaluar
4273,5149,M,36,south Bohemia,Bohemia,Adulto (30-50),Bohemia - Adulto (30-50),9045.0,3.0,33.68,23414.99,17350.98,37191.42,0,Sin evaluar
4276,5152,F,23,east Bohemia,Bohemia,Joven (<30),Bohemia - Joven (<30),9425.0,2.0,53.75,38387.94,36859.72,63316.5,0,Sin evaluar
4283,5159,M,34,north Bohemia,Bohemia,Adulto (30-50),Bohemia - Adulto (30-50),10446.0,7.0,50.5,22924.02,20146.93,58919.58,0,Sin evaluar
4286,5163,F,41,east Bohemia,Bohemia,Adulto (30-50),Bohemia - Adulto (30-50),9425.0,2.0,25.63,20168.83,16638.51,41691.45,0,Sin evaluar
4287,5164,M,27,central Bohemia,Bohemia,Joven (<30),Bohemia - Joven (<30),8899.0,3.0,62.46,7141.37,6991.03,28277.28,0,Sin evaluar
4293,5171,F,42,south Moravia,Moravia,Adulto (30-50),Moravia - Adulto (30-50),9624.0,2.0,34.86,39295.3,32416.01,56157.75,0,Sin evaluar
4296,5175,F,49,south Moravia,Moravia,Adulto (30-50),Moravia - Adulto (30-50),8288.0,4.0,71.06,20370.66,19865.18,50390.63,0,Sin evaluar
4301,5180,M,55,Prague,Praga,Adulto Mayor (>50),Praga - Adulto Mayor (>50),12541.0,0.0,18.17,14233.9,12311.5,31611.58,0,Sin evaluar
4309,5189,F,37,north Moravia,Moravia,Adulto (30-50),Moravia - Adulto (30-50),10673.0,5.0,18.2,3309.18,824.18,38317.79,0,Sin evaluar
4318,5200,F,38,north Bohemia,Bohemia,Adulto (30-50),Bohemia - Adulto (30-50),8705.0,6.0,68.6,502.92,36920.2,70449.02,0,Sin evaluar
4320,5203,F,53,south Moravia,Moravia,Adulto Mayor (>50),Moravia - Adulto Mayor (>50),8814.0,5.0,29.27,49680.01,46852.82,47434.38,4,Mal Pagador
4321,5204,M,35,east Bohemia,Bohemia,Adulto (30-50),Bohemia - Adulto (30-50),9538.0,2.0,68.44,48112.36,46636.97,79906.28,0,Sin evaluar
4328,5212,F,52,north Moravia,Moravia,Adulto Mayor (>50),Moravia - Adulto Mayor (>50),8994.0,4.0,54.47,7383.92,7253.53,25715.03,0,Sin evaluar
4329,5213,M,18,Prague,Praga,Joven (<30),Praga - Joven (<30),12541.0,0.0,58.41,9187.19,8871.77,26854.42,0,Sin evaluar
4330,5214,M,22,east Bohemia,Bohemia,Joven (<30),Bohemia - Joven (<30),9538.0,2.0,41.89,32926.98,26568.66,47000.35,0,Sin evaluar
4332,5217,F,58,north Moravia,Moravia,Adulto Mayor (>50),Moravia - Adulto Mayor (>50),10673.0,5.0,12.25,28208.9,20170.2,48030.84,0,Sin evaluar
4336,5223,F,21,central Bohemia,Bohemia,Joven (<30),Bohemia - Joven (<30),8507.0,2.0,17.77,37824.54,27647.72,58510.94,0,Sin evaluar
4337,5224,M,49,west Bohemia,Bohemia,Adulto (30-50),Bohemia - Adulto (30-50),8843.0,3.0,61.47,41473.47,39939.37,63675.66,0,Buen Pagador
4342,5232,F,50,north Moravia,Moravia,Adulto Mayor (>50),Moravia - Adulto Mayor (>50),10673.0,5.0,32.07,40509.29,31573.37,68942.99,0,Sin evaluar
4343,5233,M,31,south Moravia,Moravia,Adulto (30-50),Moravia - Adulto (30-50),8512.0,4.0,61.27,17015.47,14467.11,62243.56,0,Sin evaluar
4346,5236,M,20,west Bohemia,Bohemia,Joven (<30),Bohemia - Joven (<30),8554.0,2.0,33.54,47364.34,37954.05,63301.91,0,Sin evaluar
4347,5237,M,21,Prague,Praga,Joven (<30),Praga - Joven (<30),12541.0,0.0,69.16,6534.47,6246.39,25143.95,0,Sin evaluar
4349,5240,M,58,north Moravia,Moravia,Adulto Mayor (>50),Moravia - Adulto Mayor (>50),10673.0,5.0,27.47,25.48,32308.19,51518.27,0,Sin evaluar
4350,5241,M,20,south Moravia,Moravia,Joven (<30),Moravia - Joven (<30),8288.0,4.0,68.9,24236.3,22927.14,72505.12,0,Sin evaluar
4352,5243,M,28,central Bohemia,Bohemia,Joven (<30),Bohemia - Joven (<30),8507.0,2.0,65.87,26373.75,21906.79,51545.9,0,Sin evaluar
4354,5245,F,56,north Bohemia,Bohemia,Adulto Mayor (>50),Bohemia - Adulto Mayor (>50),8965.0,7.0,23.72,35337.39,22574.66,50955.43,0,Sin evaluar
4355,5246,M,16,north Moravia,Moravia,Joven (<30),Moravia - Joven (<30),10177.0,7.0,70.28,7294.85,7130.76,26663.32,0,Sin evaluar
4356,5247,M,55,east Bohemia,Bohemia,Adulto Mayor (>50),Bohemia - Adulto Mayor (>50),9538.0,2.0,59.14,7306.19,7756.17,11397.29,14,Sin evaluar
4358,5249,F,27,central Bohemia,Bohemia,Joven (<30),Bohemia - Joven (<30),9307.0,4.0,22.57,47731.63,43484.09,71987.31,0,Sin evaluar
4361,5253,F,52,north Moravia,Moravia,Adulto Mayor (>50),Moravia - Adulto Mayor (>50),8173.0,5.83,33.68,1116.39,44412.53,76110.12,0,Buen Pagador
4368,5263,F,36,Prague,Praga,Adulto (30-50),Praga - Adulto (30-50),12541.0,0.0,47.47,1868.55,13000.55,43217.32,0,Sin evaluar
4375,5273,M,39,north Bohemia,Bohemia,Adulto (30-50),Bohemia - Adulto (30-50),10446.0,7.0,26.09,30.66,50129.86,64205.37,0,Sin evaluar
4377,5275,M,48,west Bohemia,Bohemia,Adulto (30-50),Bohemia - Adulto (30-50),8594.0,2.0,68.24,38704.18,37639.68,56643.18,0,Sin evaluar
4379,5277,F,30,east Bohemia,Bohemia,Adulto (30-50),Bohemia - Adulto (30-50),8254.0,3.0,30.09,6456.3,6100.37,18316.85,0,Sin evaluar
4383,5281,M,57,north Moravia,Moravia,Adulto Mayor (>50),Moravia - Adulto Mayor (>50),8746.0,3.0,25.66,44200.31,31133.09,52131.25,0,Sin evaluar
4385,5283,M,16,south Bohemia,Bohemia,Joven (<30),Bohemia - Joven (<30),8114.0,2.0,61.24,7579.18,7240.37,31863.29,0,Sin evaluar
4386,5284,F,27,east Bohemia,Bohemia,Joven (<30),Bohemia - Joven (<30),8541.0,3.0,13.04,20887.58,12888.88,27386.13,0,Sin evaluar
4389,5287,M,27,north Moravia,Moravia,Joven (<30),Moravia - Joven (<30),8909.0,4.0,29.11,15721.95,14111.99,32984.94,0,Sin evaluar
4405,5308,F,24,north Bohemia,Bohemia,Joven (<30),Bohemia - Joven (<30),9832.0,3.0,27.73,28129.64,28040.71,41965.05,1,Sin evaluar
4408,5312,M,51,north Moravia,Moravia,Adulto Mayor (>50),Moravia - Adulto Mayor (>50),8678.0,6.0,56.67,36106.88,31622.16,64835.17,0,Sin evaluar
4413,5318,M,30,north Moravia,Moravia,Adulto (30-50),Moravia - Adulto (30-50),10673.0,5.0,59.5,18.49,25008.49,37825.63,0,Sin evaluar
4414,5320,F,47,south Bohemia,Bohemia,Adulto (30-50),Bohemia - Adulto (30-50),8114.0,2.0,63.67,14204.54,5602.64,34073.24,0,Buen Pagador
4415,5322,F,42,north Moravia,Moravia,Adulto (30-50),Moravia - Adulto (30-50),8746.0,3.0,41.89,26732.92,16337.07,49231.22,0,Buen Pagador
4416,5323,F,22,south Bohemia,Bohemia,Joven (<30),Bohemia - Joven (<30),10045.0,1.0,58.58,7949.27,5308.13,50192.74,0,Sin evaluar
4418,5325,F,28,south Moravia,Moravia,Joven (<30),Moravia - Joven (<30),8512.0,4.0,58.68,14749.66,6685.41,21123.43,0,Sin evaluar
4423,5333,F,31,north Bohemia,Bohemia,Adulto (30-50),Bohemia - Adulto (30-50),10446.0,7.0,44.19,31302.06,23576.8,43375.7,0,Buen Pagador
4424,5334,M,63,east Bohemia,Bohemia,Adulto Mayor (>50),Bohemia - Adulto Mayor (>50),9060.0,2.0,35.06,9536.54,7407.3,41934.41,0,Sin evaluar
4427,5337,M,37,Prague,Praga,Adulto (30-50),Praga - Adulto (30-50),12541.0,0.0,66.79,12146.52,6028.45,18739.49,0,Buen Pagador
4434,5347,M,49,north Bohemia,Bohemia,Adulto (30-50),Bohemia - Adulto (30-50),9832.0,3.0,48.72,51683.7,46215.58,69365.89,0,Sin evaluar
4437,5352,F,22,north Bohemia,Bohemia,Joven (<30),Bohemia - Joven (<30),9317.0,6.0,63.21,6911.25,6457.84,29747.63,0,Sin evaluar
4438,5353,F,31,east Bohemia,Bohemia,Adulto (30-50),Bohemia - Adulto (30-50),9060.0,2.0,28.88,7589.99,5948.06,31005.12,0,Sin evaluar
4439,5354,F,31,west Bohemia,Bohemia,Adulto (30-50),Bohemia - Adulto (30-50),9650.0,3.0,36.21,5450.37,4608.12,23390.89,0,Sin evaluar
4442,5358,M,56,south Moravia,Moravia,Adulto Mayor (>50),Moravia - Adulto Mayor (>50),9897.0,2.0,28.75,14086.78,5975.65,29730.57,0,Sin evaluar
4445,5362,M,59,east Bohemia,Bohemia,Adulto Mayor (>50),Bohemia - Adulto Mayor (>50),9538.0,2.0,16.79,13238.3,11387.73,30437.21,0,Sin evaluar
4447,5364,M,34,south Moravia,Moravia,Adulto (30-50),Moravia - Adulto (30-50),8544.0,1.0,30.49,32992.69,26320.07,47651.21,0,Sin evaluar
4448,5366,F,27,south Moravia,Moravia,Joven (<30),Moravia - Joven (<30),8441.0,3.0,66.96,35342.74,31370.46,67194.61,0,Buen Pagador
4454,5374,M,51,south Moravia,Moravia,Adulto Mayor (>50),Moravia - Adulto Mayor (>50),8288.0,4.0,24.31,11658.41,9396.13,49091.87,0,Sin evaluar
4456,5376,M,28,south Bohemia,Bohemia,Joven (<30),Bohemia - Joven (<30),10045.0,1.0,27.89,40293.83,36324.88,70889.02,0,Sin evaluar
4458,5379,M,20,south Moravia,Moravia,Joven (<30),Moravia - Joven (<30),8441.0,3.0,32.26,4006.7,3451.64,26109.23,0,Sin evaluar
4462,5384,M,63,north Moravia,Moravia,Adulto Mayor (>50),Moravia - Adulto Mayor (>50),8746.0,3.0,36.14,27072.14,25270.67,31561.55,5,Mal Pagador
4463,5385,M,24,north Moravia,Moravia,Joven (<30),Moravia - Joven (<30),8110.0,6.0,63.9,8452.28,8093.9,31533.7,0,Sin evaluar
4467,5389,M,30,south Bohemia,Bohemia,Adulto (30-50),Bohemia - Adulto (30-50),8114.0,2.0,20.6,305.83,10818.16,28918.52,0,Sin evaluar
4470,5392,F,43,south Bohemia,Bohemia,Adulto (30-50),Bohemia - Adulto (30-50),8427.0,1.0,61.96,56.49,42851.03,53013.74,0,Sin evaluar
4471,5393,M,43,central Bohemia,Bohemia,Adulto (30-50),Bohemia - Adulto (30-50),9753.0,5.0,18.73,69.41,20228.3,41482.92,0,Sin evaluar
4473,5395,M,36,east Bohemia,Bohemia,Adulto (30-50),Bohemia - Adulto (30-50),8390.0,2.0,38.74,26198.79,16078.47,55425.22,0,Sin evaluar
4475,5397,F,29,north Moravia,Moravia,Joven (<30),Moravia - Joven (<30),8994.0,4.0,20.5,209.76,16918.54,34352.85,0,Sin evaluar
4476,5399,F,26,west Bohemia,Bohemia,Joven (<30),Bohemia - Joven (<30),8991.0,1.0,49.68,15638.02,8392.91,27463.76,0,Buen Pagador
4478,5402,F,30,west Bohemia,Bohemia,Adulto (30-50),Bohemia - Adulto (30-50),9650.0,3.0,65.28,26199.2,25035.23,61320.89,0,Sin evaluar
4480,5404,F,22,south Moravia,Moravia,Joven (<30),Moravia - Joven (<30),8757.0,3.0,28.39,8838.96,7745.69,25999.76,0,Sin evaluar
4484,5409,M,50,south Bohemia,Bohemia,Adulto Mayor (>50),Bohemia - Adulto Mayor (>50),9045.0,3.0,70.87,34040.14,33087.67,60494.33,0,Sin evaluar
4488,5413,M,52,north Bohemia,Bohemia,Adulto Mayor (>50),Bohemia - Adulto Mayor (>50),8705.0,6.0,32.23,10006.21,8960.6,27140.56,0,Sin evaluar
4493,5420,M,63,south Moravia,Moravia,Adulto Mayor (>50),Moravia - Adulto Mayor (>50),8814.0,5.0,26.51,22540.1,21422.22,52229.31,0,Sin evaluar
4503,5433,M,23,east Bohemia,Bohemia,Joven (<30),Bohemia - Joven (<30),8187.0,5.0,47.9,41200.42,37419.71,58129.1,0,Sin evaluar
4511,5441,M,41,south Bohemia,Bohemia,Adulto (30-50),Bohemia - Adulto (30-50),8968.0,3.0,63.15,7981.9,4052.26,25874.57,0,Sin evaluar
4514,5445,M,46,north Moravia,Moravia,Adulto (30-50),Moravia - Adulto (30-50),8173.0,5.83,60.42,4.97,51548.54,65483.32,0,Sin evaluar
4519,5450,M,58,central Bohemia,Bohemia,Adulto Mayor (>50),Bohemia - Adulto Mayor (>50),11277.0,1.0,54.77,1564.73,606.17,43303.32,0,Sin evaluar
4526,5460,M,37,south Moravia,Moravia,Adulto (30-50),Moravia - Adulto (30-50),8288.0,4.0,61.04,13654.33,12403.34,32989.14,0,Sin evaluar
4527,5461,F,30,central Bohemia,Bohemia,Adulto (30-50),Bohemia - Adulto (30-50),8899.0,3.0,18.99,24150.03,22790.73,49232.19,0,Sin evaluar
4533,5468,F,54,north Moravia,Moravia,Adulto Mayor (>50),Moravia - Adulto Mayor (>50),9893.0,4.0,16.92,56191.61,43155.5,63035.19,0,Sin evaluar
4534,5469,F,19,south Moravia,Moravia,Joven (<30),Moravia - Joven (<30),8288.0,4.0,23.39,5089.44,3941.86,35513.21,0,Sin evaluar
4537,5472,M,42,south Moravia,Moravia,Adulto (30-50),Moravia - Adulto (30-50),8240.0,3.0,29.44,31384.68,29833.12,60278.9,0,Sin evaluar
4538,5473,F,30,north Moravia,Moravia,Adulto (30-50),Moravia - Adulto (30-50),10177.0,7.0,43.83,1270.82,787.13,33520.9,0,Sin evaluar
4543,5478,M,53,north Bohemia,Bohemia,Adulto Mayor (>50),Bohemia - Adulto Mayor (>50),8705.0,6.0,62.75,5811.63,4107.09,39634.84,2,Sin evaluar
4550,5487,F,51,south Moravia,Moravia,Adulto Mayor (>50),Moravia - Adulto Mayor (>50),8772.0,5.0,22.77,9892.4,5622.31,24398.97,0,Sin evaluar
4576,5517,M,34,south Moravia,Moravia,Adulto (30-50),Moravia - Adulto (30-50),8720.0,4.0,66.86,20846.99,10332.34,35204.22,0,Buen Pagador
4580,5521,F,25,central Bohemia,Bohemia,Joven (<30),Bohemia - Joven (<30),8899.0,3.0,52.14,37913.75,28956.83,50401.45,0,Buen Pagador
4585,5526,M,51,west Bohemia,Bohemia,Adulto Mayor (>50),Bohemia - Adulto Mayor (>50),8561.0,1.0,30.75,14845.37,8530.73,38747.48,0,Sin evaluar
4588,5530,M,45,central Bohemia,Bohemia,Adulto (30-50),Bohemia - Adulto (30-50),8754.0,4.0,28.12,5720.02,5832.15,8786.25,12,Sin evaluar
4589,5531,M,19,central Bohemia,Bohemia,Joven (<30),Bohemia - Joven (<30),9753.0,5.0,43.33,6096.82,5775.68,20325.13,2,Sin evaluar
4596,5539,M,63,north Moravia,Moravia,Adulto Mayor (>50),Moravia - Adulto Mayor (>50),10673.0,5.0,69.75,22357.15,21860.95,45826.98,4,Sin evaluar
4616,5563,M,22,Prague,Praga,Joven (<30),Praga - Joven (<30),12541.0,0.0,15.21,59003.48,42928.73,75595.65,0,Sin evaluar
4618,5565,F,32,central Bohemia,Bohemia,Adulto (30-50),Bohemia - Adulto (30-50),8980.0,2.0,29.34,23598.13,14878.87,28485.79,12,Sin evaluar
4626,5574,F,28,central Bohemia,Bohemia,Joven (<30),Bohemia - Joven (<30),8899.0,3.0,30.52,34824.28,31933.58,45632.52,0,Buen Pagador
4631,5579,M,47,north Moravia,Moravia,Adulto (30-50),Moravia - Adulto (30-50),8909.0,4.0,24.61,686.71,18827.59,58287.61,0,Sin evaluar
4650,5606,M,18,central Bohemia,Bohemia,Joven (<30),Bohemia - Joven (<30),9753.0,5.0,38.54,11246.32,2402.18,24344.72,0,Sin evaluar
4659,5617,F,40,south Moravia,Moravia,Adulto (30-50),Moravia - Adulto (30-50),8772.0,5.0,62.75,29951.68,28638.9,47062.75,1,Sin evaluar
4660,5618,F,45,south Moravia,Moravia,Adulto (30-50),Moravia - Adulto (30-50),8288.0,4.0,23.89,92.09,26980.66,40008.91,0,Sin evaluar
4681,5642,F,41,north Moravia,Moravia,Adulto (30-50),Moravia - Adulto (30-50),10177.0,7.0,40.77,404.71,11119.52,36298.78,0,Sin evaluar
4715,5684,F,43,central Bohemia,Bohemia,Adulto (30-50),Bohemia - Adulto (30-50),11277.0,1.0,26.09,15.33,45281.37,58575.08,0,Sin evaluar
4725,5699,M,48,north Moravia,Moravia,Adulto (30-50),Moravia - Adulto (30-50),8746.0,3.0,20.57,34.03,14822.56,26730.94,0,Sin evaluar
4727,5701,F,39,central Bohemia,Bohemia,Adulto (30-50),Bohemia - Adulto (30-50),8507.0,2.0,46.55,917.29,30703.24,57480.87,0,Buen Pagador
4729,5704,F,23,south Moravia,Moravia,Joven (<30),Moravia - Joven (<30),8512.0,4.0,19.29,10446.76,9788.49,15288.04,2,Sin evaluar
4743,5722,F,39,south Moravia,Moravia,Adulto (30-50),Moravia - Adulto (30-50),9624.0,2.0,67.88,42040.14,40944.71,69536.45,2,Sin evaluar
4746,5727,M,45,south Moravia,Moravia,Adulto (30-50),Moravia - Adulto (30-50),9897.0,2.0,22.28,54968.22,49550.09,65213.14,0,Sin evaluar
4753,5736,M,45,Prague,Praga,Adulto (30-50),Praga - Adulto (30-50),12541.0,0.0,25.76,11242.62,11016.3,19500.12,5,Sin evaluar
4768,5753,M,50,north Bohemia,Bohemia,Adulto Mayor (>50),Bohemia - Adulto Mayor (>50),10446.0,7.0,30.46,43761.52,42677.38,44784.25,2,Sin evaluar
4774,5760,M,50,south Moravia,Moravia,Adulto Mayor (>50),Moravia - Adulto Mayor (>50),8512.0,4.0,59.53,25554.98,11668.07,42890.66,0,Sin evaluar
4784,5774,F,38,east Bohemia,Bohemia,Adulto (30-50),Bohemia - Adulto (30-50),8369.0,2.0,16.76,23.87,24704.3,63611.19,0,Sin evaluar
4794,5788,M,36,north Moravia,Moravia,Adulto (30-50),Moravia - Adulto (30-50),8994.0,4.0,24.41,18182.71,7613.27,18703.74,2,Sin evaluar
4803,5801,F,19,west Bohemia,Bohemia,Joven (<30),Bohemia - Joven (<30),10787.0,3.0,30.75,6583.58,4634.15,25197.96,0,Sin evaluar
4825,5826,M,30,south Bohemia,Bohemia,Adulto (30-50),Bohemia - Adulto (30-50),9045.0,3.0,54.9,684.88,11699.45,29748.02,0,Buen Pagador
4851,5858,M,46,east Bohemia,Bohemia,Adulto (30-50),Bohemia - Adulto (30-50),8363.0,3.0,34.86,41699.54,31535.08,47859.37,0,Buen Pagador
4852,5860,M,34,east Bohemia,Bohemia,Adulto (30-50),Bohemia - Adulto (30-50),9538.0,2.0,44.62,11442.49,2312.42,24255.52,0,Sin evaluar
4858,5866,F,20,north Moravia,Moravia,Joven (<30),Moravia - Joven (<30),8110.0,6.0,18.33,32.73,41507.04,31331.33,8,Sin evaluar
4863,5873,F,19,central Bohemia,Bohemia,Joven (<30),Bohemia - Joven (<30),9307.0,4.0,33.64,258.62,28283.89,60857.08,0,Buen Pagador
4894,5911,M,63,south Bohemia,Bohemia,Adulto Mayor (>50),Bohemia - Adulto Mayor (>50),10045.0,1.0,66.37,763.9,28998.36,63274.36,0,Buen Pagador
4907,5928,F,28,east Bohemia,Bohemia,Joven (<30),Bohemia - Joven (<30),8388.0,2.0,58.78,17071.27,9679.82,28207.45,0,Sin evaluar
4937,5965,M,47,east Bohemia,Bohemia,Adulto (30-50),Bohemia - Adulto (30-50),8187.0,5.0,70.31,37089.2,30911.66,56721.03,0,Buen Pagador
4948,5977,M,19,east Bohemia,Bohemia,Joven (<30),Bohemia - Joven (<30),9425.0,2.0,41.1,26187.45,17827.62,42951.1,0,Sin evaluar
4949,5978,F,54,north Bohemia,Bohemia,Adulto Mayor (>50),Bohemia - Adulto Mayor (>50),8705.0,6.0,26.55,1043.31,33922.9,64987.03,0,Sin evaluar
4969,6001,M,61,south Moravia,Moravia,Adulto Mayor (>50),Moravia - Adulto Mayor (>50),8441.0,3.0,28.39,50863.61,38702.22,63042.52,0,Sin evaluar
4981,6015,M,25,south Moravia,Moravia,Joven (<30),Moravia - Joven (<30),9897.0,2.0,35.29,25215.73,17909.32,35846.29,0,Sin evaluar
4994,6033,M,32,Prague,Praga,Adulto (30-50),Praga - Adulto (30-50),12541.0,0.0,35.65,29702.83,23336.63,56216.6,0,Sin evaluar
4995,6034,M,59,south Bohemia,Bohemia,Adulto Mayor (>50),Bohemia - Adulto Mayor (>50),8547.0,3.0,52.99,29453.73,26563.56,43608.5,1,Sin evaluar
4999,6039,F,40,Prague,Praga,Adulto (30-50),Praga - Adulto (30-50),12541.0,0.0,34.6,2950.87,16244.22,46892.7,0,Sin evaluar
5001,6042,M,35,south Moravia,Moravia,Adulto (30-50),Moravia - Adulto (30-50),8240.0,3.0,36.53,42476.05,31048.7,54492.96,0,Buen Pagador
5011,6052,M,49,north Bohemia,Bohemia,Adulto (30-50),Bohemia - Adulto (30-50),9317.0,6.0,64.2,37778.6,23206.01,34518.02,9,Sin evaluar
5024,6067,F,48,north Moravia,Moravia,Adulto (30-50),Moravia - Adulto (30-50),10177.0,7.0,40.38,9538.46,9469.54,25183.36,0,Sin evaluar
5033,6077,F,18,south Moravia,Moravia,Joven (<30),Moravia - Joven (<30),9897.0,2.0,40.94,8440.21,2967.76,28142.65,0,Buen Pagador
5063,6112,F,40,east Bohemia,Bohemia,Adulto (30-50),Bohemia - Adulto (30-50),9425.0,2.0,38.67,12913.52,12865.84,24333.87,4,Sin evaluar
5065,6114,F,58,south Moravia,Moravia,Adulto Mayor (>50),Moravia - Adulto Mayor (>50),8512.0,4.0,71.2,27660.11,27655.73,39954.83,5,Sin evaluar
5066,6115,F,45,central Bohemia,Bohemia,Adulto (30-50),Bohemia - Adulto (30-50),8598.0,3.0,40.15,30325.43,22266.58,43681.73,2,Mal Pagador
5072,6122,F,30,central Bohemia,Bohemia,Adulto (30-50),Bohemia - Adulto (30-50),8546.0,3.0,32.62,26714.32,13079.09,47649.82,0,Sin evaluar
5092,6144,F,42,south Moravia,Moravia,Adulto (30-50),Moravia - Adulto (30-50),9897.0,2.0,60.32,1087.53,3527.19,14544.61,16,Sin evaluar
5118,6175,M,34,north Moravia,Moravia,Adulto (30-50),Moravia - Adulto (30-50),8994.0,4.0,40.87,9948.72,5563.0,34816.95,0,Sin evaluar
5120,6178,F,58,Prague,Praga,Adulto Mayor (>50),Praga - Adulto Mayor (>50),12541.0,0.0,66.33,34013.12,25662.04,48719.52,0,Buen Pagador
5125,6183,M,35,Prague,Praga,Adulto (30-50),Praga - Adulto (30-50),12541.0,0.0,39.56,28063.12,28502.22,35546.47,7,Sin evaluar
5126,6185,F,50,south Moravia,Moravia,Adulto Mayor (>50),Moravia - Adulto Mayor (>50),8757.0,3.0,44.94,9653.63,5188.25,25314.85,0,Sin evaluar
5129,6191,M,46,north Moravia,Moravia,Adulto (30-50),Moravia - Adulto (30-50),10673.0,5.0,66.76,52103.13,37289.78,49626.84,5,Sin evaluar
5133,6196,M,55,north Moravia,Moravia,Adulto Mayor (>50),Moravia - Adulto Mayor (>50),9893.0,4.0,24.74,39700.16,31126.72,50740.81,0,Sin evaluar
5164,6235,M,58,central Bohemia,Bohemia,Adulto Mayor (>50),Bohemia - Adulto Mayor (>50),9307.0,4.0,19.61,7721.77,3115.76,22634.72,0,Sin evaluar
5180,6255,F,52,south Moravia,Moravia,Adulto Mayor (>50),Moravia - Adulto Mayor (>50),9897.0,2.0,22.18,20587.69,18078.63,45220.76,0,Sin evaluar
5181,6257,F,56,north Moravia,Moravia,Adulto Mayor (>50),Moravia - Adulto Mayor (>50),8819.0,5.0,34.89,14842.68,10476.12,39458.08,0,Sin evaluar
5194,6272,M,56,Prague,Praga,Adulto Mayor (>50),Praga - Adulto Mayor (>50),12541.0,0.0,43.89,38391.57,30345.77,46521.06,4,Sin evaluar
5196,6275,M,42,central Bohemia,Bohemia,Adulto (30-50),Bohemia - Adulto (30-50),8598.0,3.0,18.07,47221.03,35494.19,59206.65,0,Buen Pagador
5213,6299,M,62,Prague,Praga,Adulto Mayor (>50),Praga - Adulto Mayor (>50),12541.0,0.0,40.44,365.97,43890.53,47205.46,4,Sin evaluar
5215,6301,F,49,south Moravia,Moravia,Adulto (30-50),Moravia - Adulto (30-50),8743.0,2.0,66.0,17203.42,9970.91,44652.5,0,Buen Pagador
5228,6317,F,41,north Moravia,Moravia,Adulto (30-50),Moravia - Adulto (30-50),8909.0,4.0,66.27,116.19,50712.24,64091.78,0,Buen Pagador
5250,6342,M,44,central Bohemia,Bohemia,Adulto (30-50),Bohemia - Adulto (30-50),11277.0,1.0,29.37,32751.86,32169.12,42103.61,0,Sin evaluar
5256,6349,M,26,north Moravia,Moravia,Joven (<30),Moravia - Joven (<30),8994.0,4.0,62.19,29319.47,25704.71,52787.87,0,Buen Pagador
5263,6359,M,22,south Moravia,Moravia,Joven (<30),Moravia - Joven (<30),9624.0,2.0,41.59,12295.41,4532.82,36227.42,0,Sin evaluar
5267,6363,F,25,central Bohemia,Bohemia,Joven (<30),Bohemia - Joven (<30),9753.0,5.0,35.61,40748.64,37793.06,43748.07,2,Sin evaluar
5269,6366,M,32,east Bohemia,Bohemia,Adulto (30-50),Bohemia - Adulto (30-50),8208.0,2.0,29.9,22488.13,12388.63,30180.25,0,Sin evaluar
5270,6367,M,28,east Bohemia,Bohemia,Joven (<30),Bohemia - Joven (<30),8254.0,3.0,71.56,75.46,46680.69,65773.46,0,Buen Pagador
5283,6383,M,28,south Bohemia,Bohemia,Joven (<30),Bohemia - Joven (<30),9045.0,3.0,15.41,110.32,37206.36,70556.38,0,Sin evaluar
5290,6391,M,46,north Bohemia,Bohemia,Adulto (30-50),Bohemia - Adulto (30-50),9675.0,6.0,17.35,27930.49,19574.64,34202.46,1,Sin evaluar
5305,6408,M,42,east Bohemia,Bohemia,Adulto (30-50),Bohemia - Adulto (30-50),9538.0,2.0,27.47,349.47,29115.76,39089.23,0,Sin evaluar
5313,6417,M,48,north Bohemia,Bohemia,Adulto (30-50),Bohemia - Adulto (30-50),9317.0,6.0,68.07,36397.09,24635.58,49107.37,0,Sin evaluar
5317,6422,M,38,west Bohemia,Bohemia,Adulto (30-50),Bohemia - Adulto (30-50),8594.0,2.0,26.35,227.7,10113.85,29359.99,0,Sin evaluar
5343,6452,M,56,south Moravia,Moravia,Adulto Mayor (>50),Moravia - Adulto Mayor (>50),9624.0,2.0,66.76,13980.83,13875.97,21021.06,26,Sin evaluar
5357,6468,M,54,north Moravia,Moravia,Adulto Mayor (>50),Moravia - Adulto Mayor (>50),10177.0,7.0,48.43,11508.65,9231.88,48809.16,2,Sin evaluar
5358,6469,M,45,central Bohemia,Bohemia,Adulto (30-50),Bohemia - Adulto (30-50),9753.0,5.0,43.47,26372.83,16363.93,50175.34,0,Sin evaluar
5362,6473,F,58,north Moravia,Moravia,Adulto Mayor (>50),Moravia - Adulto Mayor (>50),8369.0,5.0,27.79,712.49,13099.35,29765.38,0,Sin evaluar
5366,6478,M,47,central Bohemia,Bohemia,Adulto (30-50),Bohemia - Adulto (30-50),8980.0,2.0,64.72,35976.76,35845.27,33324.2,12,Sin evaluar
5369,6481,F,40,Prague,Praga,Adulto (30-50),Praga - Adulto (30-50),12541.0,0.0,70.14,6811.55,6924.72,19862.84,11,Sin evaluar
5372,6485,F,36,east Bohemia,Bohemia,Adulto (30-50),Bohemia - Adulto (30-50),9060.0,2.0,67.78,35748.83,34654.19,68098.13,1,Sin evaluar
5385,6499,M,35,east Bohemia,Bohemia,Adulto (30-50),Bohemia - Adulto (30-50),8254.0,3.0,67.35,1371.94,6830.38,35020.36,0,Sin evaluar
5387,6501,M,28,Prague,Praga,Joven (<30),Praga - Joven (<30),12541.0,0.0,62.85,11263.13,7988.86,23347.58,10,Sin evaluar
5395,6511,M,45,east Bohemia,Bohemia,Adulto (30-50),Bohemia - Adulto (30-50),9538.0,2.0,32.16,28055.22,24873.6,52628.81,0,Sin evaluar
5422,6544,M,24,south Moravia,Moravia,Joven (<30),Moravia - Joven (<30),8512.0,4.0,50.3,46757.95,38131.91,50416.79,0,Sin evaluar
5423,6546,F,35,Prague,Praga,Adulto (30-50),Praga - Adulto (30-50),12541.0,0.0,67.98,29123.29,16862.06,39487.22,4,Sin evaluar
5428,6551,F,50,west Bohemia,Bohemia,Adulto Mayor (>50),Bohemia - Adulto Mayor (>50),8991.0,1.0,68.57,34530.28,26418.83,45002.3,0,Mal Pagador
5429,6552,M,43,north Moravia,Moravia,Adulto (30-50),Moravia - Adulto (30-50),8678.0,6.0,39.29,9861.39,10264.19,5711.35,19,Sin evaluar
5442,6567,F,20,central Bohemia,Bohemia,Joven (<30),Bohemia - Joven (<30),9307.0,4.0,69.32,31789.96,19755.64,30542.01,16,Mal Pagador
5445,6571,F,27,north Moravia,Moravia,Joven (<30),Moravia - Joven (<30),8994.0,4.0,22.34,877.35,9724.66,37644.45,0,Sin evaluar
5472,6604,M,50,north Moravia,Moravia,Adulto Mayor (>50),Moravia - Adulto Mayor (>50),8994.0,4.0,67.91,5453.34,5420.41,17557.09,3,Sin evaluar
5477,6610,M,44,south Moravia,Moravia,Adulto (30-50),Moravia - Adulto (30-50),8720.0,4.0,36.47,51405.76,40352.21,68515.36,0,Sin evaluar
5481,6616,M,45,Prague,Praga,Adulto (30-50),Praga - Adulto (30-50),12541.0,0.0,64.49,89.94,34829.48,56543.9,0,Buen Pagador
5483,6619,F,55,east Bohemia,Bohemia,Adulto Mayor (>50),Bohemia - Adulto Mayor (>50),9425.0,2.0,69.13,2709.39,19536.21,36829.56,1,Sin evaluar
5505,6644,F,39,Prague,Praga,Adulto (30-50),Praga - Adulto (30-50),12541.0,0.0,32.16,39027.77,36048.54,50744.63,2,Sin evaluar
5541,6691,M,56,east Bohemia,Bohemia,Adulto Mayor (>50),Bohemia - Adulto Mayor (>50),9425.0,2.0,45.27,10313.74,5246.3,34800.22,0,Sin evaluar
5546,6698,F,46,east Bohemia,Bohemia,Adulto (30-50),Bohemia - Adulto (30-50),9425.0,2.0,67.12,460.37,27270.17,34740.93,2,Sin evaluar
5572,6729,M,41,south Bohemia,Bohemia,Adulto (30-50),Bohemia - Adulto (30-50),9045.0,3.0,16.66,27810.2,15725.21,41528.32,0,Sin evaluar
5574,6731,M,55,central Bohemia,Bohemia,Adulto Mayor (>50),Bohemia - Adulto Mayor (>50),8598.0,3.0,53.59,44.78,38685.56,60027.16,0,Buen Pagador
5591,6749,F,55,central Bohemia,Bohemia,Adulto Mayor (>50),Bohemia - Adulto Mayor (>50),8899.0,3.0,33.51,65.65,16572.9,51147.9,0,Sin evaluar
5593,6753,M,36,south Bohemia,Bohemia,Adulto (30-50),Bohemia - Adulto (30-50),9045.0,3.0,34.1,53895.34,44645.87,63700.14,0,Buen Pagador
5602,6764,M,54,south Bohemia,Bohemia,Adulto Mayor (>50),Bohemia - Adulto Mayor (>50),8402.0,3.0,29.7,34989.56,31124.14,54444.38,0,Sin evaluar
5622,6789,M,19,south Moravia,Moravia,Joven (<30),Moravia - Joven (<30),8720.0,4.0,70.7,37312.53,28736.92,61408.33,0,Buen Pagador
5628,6798,F,50,south Moravia,Moravia,Adulto Mayor (>50),Moravia - Adulto Mayor (>50),8814.0,5.0,54.47,15332.35,11683.5,34890.92,0,Sin evaluar
5632,6803,F,18,central Bohemia,Bohemia,Joven (<30),Bohemia - Joven (<30),9307.0,4.0,49.51,45791.74,41056.82,58264.66,0,Sin evaluar
5648,6827,M,29,south Moravia,Moravia,Joven (<30),Moravia - Joven (<30),8444.0,3.0,18.6,59.14,45666.51,61261.56,2,Sin evaluar
5650,6829,F,35,central Bohemia,Bohemia,Adulto (30-50),Bohemia - Adulto (30-50),10124.0,1.0,47.74,860.91,15364.58,43995.26,0,Buen Pagador
5661,6844,F,27,south Moravia,Moravia,Joven (<30),Moravia - Joven (<30),8240.0,3.0,36.37,35281.91,35045.97,35439.46,10,Sin evaluar
5692,6886,F,56,south Moravia,Moravia,Adulto Mayor (>50),Moravia - Adulto Mayor (>50),8512.0,4.0,34.17,16276.21,15407.23,38475.23,2,Sin evaluar
5698,6892,F,47,Prague,Praga,Adulto (30-50),Praga - Adulto (30-50),12541.0,0.0,15.87,40544.93,32533.08,58031.56,0,Sin evaluar
5700,6895,M,27,east Bohemia,Bohemia,Joven (<30),Bohemia - Joven (<30),8388.0,2.0,65.38,10979.86,10164.27,21089.54,12,Sin evaluar
5708,6906,M,49,south Moravia,Moravia,Adulto (30-50),Moravia - Adulto (30-50),9624.0,2.0,14.62,32683.99,19418.6,45226.83,2,Sin evaluar
5724,6922,F,59,south Bohemia,Bohemia,Adulto Mayor (>50),Bohemia - Adulto Mayor (>50),10045.0,1.0,44.42,351.19,23647.52,34838.18,0,Sin evaluar
5726,6924,M,31,south Bohemia,Bohemia,Adulto (30-50),Bohemia - Adulto (30-50),8114.0,2.0,32.39,26987.99,17987.09,34599.35,3,Sin evaluar
5735,6936,F,39,east Bohemia,Bohemia,Adulto (30-50),Bohemia - Adulto (30-50),8363.0,3.0,47.18,34837.13,29953.37,51671.28,4,Sin evaluar
5740,6944,M,28,east Bohemia,Bohemia,Joven (<30),Bohemia - Joven (<30),9425.0,2.0,68.5,26732.16,26617.88,33493.63,5,Sin evaluar
5742,6946,F,28,north Moravia,Moravia,Joven (<30),Moravia - Joven (<30),10673.0,5.0,41.89,29471.5,24780.04,49002.11,0,Sin evaluar
5758,6967,M,45,east Bohemia,Bohemia,Adulto (30-50),Bohemia - Adulto (30-50),8254.0,3.0,17.12,221.96,24140.89,32257.63,1,Sin evaluar
5767,6978,M,33,north Bohemia,Bohemia,Adulto (30-50),Bohemia - Adulto (30-50),8965.0,7.0,66.5,10282.29,9913.38,22743.83,2,Sin evaluar
5774,6987,M,30,Prague,Praga,Adulto (30-50),Praga - Adulto (30-50),12541.0,0.0,42.78,21562.97,12140.72,34951.47,0,Buen Pagador
5794,7010,M,31,north Moravia,Moravia,Adulto (30-50),Moravia - Adulto (30-50),10177.0,7.0,41.59,23877.71,20810.19,42213.93,0,Sin evaluar
5817,7043,M,58,north Moravia,Moravia,Adulto Mayor (>50),Moravia - Adulto Mayor (>50),8909.0,4.0,24.67,58365.55,44737.05,55989.49,1,Sin evaluar
5837,7065,F,27,central Bohemia,Bohemia,Joven (<30),Bohemia - Joven (<30),9307.0,4.0,29.44,30956.08,27516.1,53945.91,0,Sin evaluar
5868,7100,F,37,west Bohemia,Bohemia,Adulto (30-50),Bohemia - Adulto (30-50),9650.0,3.0,70.9,31675.09,30396.38,50447.71,0,Sin evaluar
5870,7102,F,31,north Moravia,Moravia,Adulto (30-50),Moravia - Adulto (30-50),8819.0,5.0,15.44,43286.66,39268.52,60568.45,0,Sin evaluar
5878,7112,M,37,north Moravia,Moravia,Adulto (30-50),Moravia - Adulto (30-50),8369.0,5.0,25.36,12570.58,9526.03,48039.73,2,Sin evaluar
5891,7127,M,41,central Bohemia,Bohemia,Adulto (30-50),Bohemia - Adulto (30-50),8980.0,2.0,71.16,1277.4,33506.16,70233.52,0,Buen Pagador
5912,7150,F,35,east Bohemia,Bohemia,Adulto (30-50),Bohemia - Adulto (30-50),8390.0,2.0,26.18,595.87,10889.5,34655.9,0,Sin evaluar
5927,7166,M,34,south Bohemia,Bohemia,Adulto (30-50),Bohemia - Adulto (30-50),9045.0,3.0,61.14,3945.04,9325.12,17821.68,30,Mal Pagador
5944,7186,F,54,west Bohemia,Bohemia,Adulto Mayor (>50),Bohemia - Adulto Mayor (>50),8561.0,1.0,18.83,23931.44,16664.9,47499.17,0,Sin evaluar
5952,7195,M,36,east Bohemia,Bohemia,Adulto (30-50),Bohemia - Adulto (30-50),8187.0,5.0,63.77,145.84,26077.01,63072.58,0,Buen Pagador
5984,7234,M,33,west Bohemia,Bohemia,Adulto (30-50),Bohemia - Adulto (30-50),8594.0,2.0,61.63,17300.45,17227.0,29238.41,4,Sin evaluar
5991,7241,F,41,south Moravia,Moravia,Adulto (30-50),Moravia - Adulto (30-50),8720.0,4.0,61.31,17843.61,10776.71,33080.69,0,Buen Pagador
6030,7286,F,28,east Bohemia,Bohemia,Joven (<30),Bohemia - Joven (<30),9538.0,2.0,64.23,22026.73,19843.38,60557.29,0,Buen Pagador
6034,7291,F,58,north Moravia,Moravia,Adulto Mayor (>50),Moravia - Adulto Mayor (>50),8909.0,4.0,69.42,32512.3,26344.47,37420.99,3,Mal Pagador
6040,7299,M,60,Prague,Praga,Adulto Mayor (>50),Praga - Adulto Mayor (>50),12541.0,0.0,68.3,23962.17,15191.8,34715.81,0,Buen Pagador
6051,7311,M,49,south Moravia,Moravia,Adulto (30-50),Moravia - Adulto (30-50),8772.0,5.0,64.1,11054.46,3611.86,16486.54,3,Mal Pagador
6061,7324,F,35,Prague,Praga,Adulto (30-50),Praga - Adulto (30-50),12541.0,0.0,21.78,22681.04,14104.68,40547.79,0,Sin evaluar
6062,7325,M,23,west Bohemia,Bohemia,Joven (<30),Bohemia - Joven (<30),8991.0,1.0,28.09,1327.87,30034.5,53716.39,0,Sin evaluar
6064,7327,M,39,east Bohemia,Bohemia,Adulto (30-50),Bohemia - Adulto (30-50),8208.0,2.0,23.62,6820.49,6722.27,14077.25,3,Sin evaluar
6075,7339,F,24,south Bohemia,Bohemia,Joven (<30),Bohemia - Joven (<30),8402.0,3.0,27.5,7684.22,3453.09,14818.54,0,Sin evaluar
6083,7348,F,21,central Bohemia,Bohemia,Joven (<30),Bohemia - Joven (<30),8546.0,3.0,27.37,45512.09,33508.22,44139.01,12,Sin evaluar
6097,7366,F,25,west Bohemia,Bohemia,Joven (<30),Bohemia - Joven (<30),8843.0,3.0,18.53,9361.74,4922.83,26846.58,0,Sin evaluar
6118,7390,M,61,Prague,Praga,Adulto Mayor (>50),Praga - Adulto Mayor (>50),12541.0,0.0,57.82,26269.75,16130.53,44437.73,9,Mal Pagador
6138,7411,F,35,south Moravia,Moravia,Adulto (30-50),Moravia - Adulto (30-50),9897.0,2.0,23.26,210.66,6350.73,23762.55,0,Sin evaluar
6148,7422,M,40,north Moravia,Moravia,Adulto (30-50),Moravia - Adulto (30-50),10673.0,5.0,60.12,25062.71,14360.61,62014.11,0,Buen Pagador
6157,7434,F,56,north Bohemia,Bohemia,Adulto Mayor (>50),Bohemia - Adulto Mayor (>50),9675.0,6.0,25.63,52387.01,39183.73,59124.61,0,Sin evaluar
6158,7435,F,41,north Moravia,Moravia,Adulto (30-50),Moravia - Adulto (30-50),8110.0,6.0,31.61,16781.97,13202.82,48419.52,2,Sin evaluar
6226,7521,F,38,north Moravia,Moravia,Adulto (30-50),Moravia - Adulto (30-50),10673.0,5.0,65.18,1686.1,38685.98,67899.07,0,Sin evaluar
6265,7567,M,61,central Bohemia,Bohemia,Adulto Mayor (>50),Bohemia - Adulto Mayor (>50),9307.0,4.0,25.95,43538.46,32662.7,55385.65,0,Sin evaluar
6273,7576,M,36,north Bohemia,Bohemia,Adulto (30-50),Bohemia - Adulto (30-50),8965.0,7.0,65.35,27795.79,25587.65,51558.57,0,Buen Pagador
6281,7586,F,25,south Moravia,Moravia,Joven (<30),Moravia - Joven (<30),8772.0,5.0,66.76,2145.0,13913.96,12773.26,19,Sin evaluar
6289,7594,F,49,south Moravia,Moravia,Adulto (30-50),Moravia - Adulto (30-50),9624.0,2.0,44.88,39322.48,36773.28,63959.18,0,Sin evaluar
6306,7614,M,21,south Moravia,Moravia,Joven (<30),Moravia - Joven (<30),9624.0,2.0,21.91,11147.1,11225.83,21888.35,3,Sin evaluar
6321,7632,M,50,Prague,Praga,Adulto Mayor (>50),Praga - Adulto Mayor (>50),12541.0,0.0,51.68,27690.67,15777.09,41224.56,2,Sin evaluar
6353,7672,M,45,west Bohemia,Bohemia,Adulto (30-50),Bohemia - Adulto (30-50),10787.0,3.0,61.14,26575.65,18462.22,45950.93,0,Sin evaluar
6358,7678,M,36,central Bohemia,Bohemia,Adulto (30-50),Bohemia - Adulto (30-50),8980.0,2.0,43.17,384.53,20880.63,47479.66,0,Sin evaluar
6363,7683,M,52,central Bohemia,Bohemia,Adulto Mayor (>50),Bohemia - Adulto Mayor (>50),8754.0,4.0,64.99,13027.54,11492.54,51932.28,0,Buen Pagador
6397,7723,F,32,east Bohemia,Bohemia,Adulto (30-50),Bohemia - Adulto (30-50),9060.0,2.0,45.57,627.61,16913.34,41255.25,0,Sin evaluar
6400,7727,F,40,west Bohemia,Bohemia,Adulto (30-50),Bohemia - Adulto (30-50),8930.0,4.0,38.74,26511.2,13921.89,40908.19,3,Mal Pagador
6425,7753,F,20,north Moravia,Moravia,Joven (<30),Moravia - Joven (<30),10177.0,7.0,69.09,13907.95,8641.19,26750.78,0,Buen Pagador
6434,7765,F,40,Prague,Praga,Adulto (30-50),Praga - Adulto (30-50),12541.0,0.0,43.79,30141.15,23435.81,48492.12,0,Buen Pagador
6440,7772,F,22,Prague,Praga,Joven (<30),Praga - Joven (<30),12541.0,0.0,25.95,27972.45,26046.32,49152.77,0,Buen Pagador
6453,7787,M,47,north Bohemia,Bohemia,Adulto (30-50),Bohemia - Adulto (30-50),9675.0,6.0,29.14,6233.36,3177.76,23022.6,0,Sin evaluar
6461,7796,F,23,east Bohemia,Bohemia,Joven (<30),Bohemia - Joven (<30),8187.0,5.0,29.47,33665.35,30430.44,55372.96,0,Sin evaluar
6463,7800,F,41,south Bohemia,Bohemia,Adulto (30-50),Bohemia - Adulto (30-50),8427.0,1.0,39.66,35410.09,21116.79,47163.86,4,Sin evaluar
6472,7814,F,22,south Moravia,Moravia,Joven (<30),Moravia - Joven (<30),8814.0,5.0,58.71,68.13,40483.53,59798.34,0,Buen Pagador
6473,7815,F,52,central Bohemia,Bohemia,Adulto Mayor (>50),Bohemia - Adulto Mayor (>50),9753.0,5.0,71.13,38517.22,37363.21,46888.49,1,Mal Pagador
6495,7843,M,32,central Bohemia,Bohemia,Adulto (30-50),Bohemia - Adulto (30-50),8546.0,3.0,29.27,20463.07,10030.75,38456.91,0,Sin evaluar
6505,7855,F,34,central Bohemia,Bohemia,Adulto (30-50),Bohemia - Adulto (30-50),9920.0,2.0,15.57,13237.96,10244.06,45556.53,0,Sin evaluar
6510,7862,M,33,north Moravia,Moravia,Adulto (30-50),Moravia - Adulto (30-50),10673.0,5.0,24.41,37070.01,32821.88,48684.38,0,Sin evaluar
6511,7863,M,39,north Moravia,Moravia,Adulto (30-50),Moravia - Adulto (30-50),8994.0,4.0,54.7,27834.97,27800.33,47291.29,1,Sin evaluar
6512,7864,M,63,north Bohemia,Bohemia,Adulto Mayor (>50),Bohemia - Adulto Mayor (>50),9675.0,6.0,34.89,2705.65,14103.04,23558.79,5,Sin evaluar
6555,7914,F,32,north Bohemia,Bohemia,Adulto (30-50),Bohemia - Adulto (30-50),8965.0,7.0,69.88,30566.51,26854.72,62403.42,0,Buen Pagador
6592,7959,F,20,Prague,Praga,Joven (<30),Praga - Joven (<30),12541.0,0.0,26.35,64158.1,47139.85,68033.53,0,Sin evaluar
6602,7970,M,31,north Moravia,Moravia,Adulto (30-50),Moravia - Adulto (30-50),10673.0,5.0,16.89,18104.2,11346.36,26361.99,1,Sin evaluar
6609,7980,M,22,south Bohemia,Bohemia,Joven (<30),Bohemia - Joven (<30),8427.0,1.0,45.17,25891.92,18680.41,38553.82,10,Mal Pagador
6636,8013,M,56,east Bohemia,Bohemia,Adulto Mayor (>50),Bohemia - Adulto Mayor (>50),9425.0,2.0,64.89,29376.08,27793.11,59400.63,1,Sin evaluar
6649,8030,M,31,Prague,Praga,Adulto (30-50),Praga - Adulto (30-50),12541.0,0.0,41.79,24552.74,21943.91,52747.33,0,Sin evaluar
6678,8064,F,32,south Moravia,Moravia,Adulto (30-50),Moravia - Adulto (30-50),9897.0,2.0,35.91,57249.74,53699.75,66044.1,0,Sin evaluar
6686,8074,M,40,south Moravia,Moravia,Adulto (30-50),Moravia - Adulto (30-50),8814.0,5.0,34.66,17.31,28941.95,38920.88,0,Sin evaluar
6688,8076,F,48,south Bohemia,Bohemia,Adulto (30-50),Bohemia - Adulto (30-50),8427.0,1.0,30.19,9888.54,4739.98,39637.27,0,Sin evaluar
6699,8089,M,33,north Bohemia,Bohemia,Adulto (30-50),Bohemia - Adulto (30-50),8867.0,1.0,30.75,6582.11,10426.57,38370.27,0,Sin evaluar
6701,8091,M,27,central Bohemia,Bohemia,Joven (<30),Bohemia - Joven (<30),9307.0,4.0,69.55,45601.48,43846.44,68519.11,0,Buen Pagador
6706,8096,F,19,north Bohemia,Bohemia,Joven (<30),Bohemia - Joven (<30),8965.0,7.0,24.08,14781.23,9940.2,44139.77,0,Sin evaluar
6715,8105,M,35,north Moravia,Moravia,Adulto (30-50),Moravia - Adulto (30-50),8994.0,4.0,63.51,5606.99,18406.99,33760.87,2,Sin evaluar
6738,8130,F,22,south Moravia,Moravia,Joven (<30),Moravia - Joven (<30),8544.0,1.0,53.13,52.7,19101.83,37719.62,0,Buen Pagador
6792,8200,F,54,Prague,Praga,Adulto Mayor (>50),Praga - Adulto Mayor (>50),12541.0,0.0,31.67,13550.93,8446.48,32435.32,0,Buen Pagador
6806,8217,M,20,north Moravia,Moravia,Joven (<30),Moravia - Joven (<30),8173.0,5.83,61.14,227.35,25607.33,43578.56,2,Sin evaluar
6856,8276,F,19,east Bohemia,Bohemia,Joven (<30),Bohemia - Joven (<30),9425.0,2.0,40.41,22696.56,10926.92,32102.04,0,Sin evaluar
6866,8287,M,62,south Bohemia,Bohemia,Adulto Mayor (>50),Bohemia - Adulto Mayor (>50),10045.0,1.0,14.95,869.57,23741.87,22206.76,2,Sin evaluar
6872,8295,F,47,south Bohemia,Bohemia,Adulto (30-50),Bohemia - Adulto (30-50),9045.0,3.0,39.95,3429.29,24080.25,46248.48,1,Sin evaluar
6897,8327,F,53,east Bohemia,Bohemia,Adulto Mayor (>50),Bohemia - Adulto Mayor (>50),9060.0,2.0,68.27,35212.06,34092.05,61916.02,2,Sin evaluar
6902,8333,M,32,south Moravia,Moravia,Adulto (30-50),Moravia - Adulto (30-50),8441.0,3.0,26.28,11513.43,6472.6,28553.94,0,Sin evaluar
6910,8342,M,19,north Moravia,Moravia,Joven (<30),Moravia - Joven (<30),8369.0,5.0,44.91,34015.85,32110.15,60928.37,0,Sin evaluar
6922,8356,M,29,central Bohemia,Bohemia,Joven (<30),Bohemia - Joven (<30),8980.0,2.0,19.65,880.41,33960.2,48303.56,0,Sin evaluar
6924,8359,M,19,north Moravia,Moravia,Joven (<30),Moravia - Joven (<30),10673.0,5.0,55.0,310.91,19216.29,38530.35,0,Sin evaluar
6927,8362,F,23,north Moravia,Moravia,Joven (<30),Moravia - Joven (<30),10673.0,5.0,36.76,20435.99,10831.56,29699.08,2,Sin evaluar
6930,8366,F,38,north Bohemia,Bohemia,Adulto (30-50),Bohemia - Adulto (30-50),9832.0,3.0,63.74,26395.03,24973.33,52050.96,0,Buen Pagador
6950,8392,F,32,north Bohemia,Bohemia,Adulto (30-50),Bohemia - Adulto (30-50),9198.0,3.0,26.61,26602.52,9102.59,46895.35,0,Sin evaluar
6985,8432,F,30,north Bohemia,Bohemia,Adulto (30-50),Bohemia - Adulto (30-50),8965.0,7.0,41.17,45131.41,30676.37,59926.45,0,Sin evaluar
7011,8463,M,51,north Moravia,Moravia,Adulto Mayor (>50),Moravia - Adulto Mayor (>50),8819.0,5.0,62.75,30079.51,29257.39,52689.29,3,Sin evaluar
7033,8489,F,46,north Moravia,Moravia,Adulto (30-50),Moravia - Adulto (30-50),8819.0,5.0,29.93,5315.24,5436.02,13169.91,6,Sin evaluar
7045,8502,M,55,east Bohemia,Bohemia,Adulto Mayor (>50),Bohemia - Adulto Mayor (>50),8541.0,3.0,24.15,16.56,32518.14,62931.3,0,Sin evaluar
7049,8506,F,19,north Moravia,Moravia,Joven (<30),Moravia - Joven (<30),8173.0,5.83,14.62,41.04,46102.05,54329.25,0,Sin evaluar
7052,8510,M,51,south Moravia,Moravia,Adulto Mayor (>50),Moravia - Adulto Mayor (>50),8743.0,2.0,17.48,5646.45,13963.73,21967.14,2,Sin evaluar
7082,8548,F,53,south Moravia,Moravia,Adulto Mayor (>50),Moravia - Adulto Mayor (>50),8720.0,4.0,27.79,13844.98,5042.1,28162.78,0,Sin evaluar
7099,8568,F,27,Prague,Praga,Joven (<30),Praga - Joven (<30),12541.0,0.0,28.35,225.75,19370.83,40076.52,0,Sin evaluar
7101,8571,M,63,south Moravia,Moravia,Adulto Mayor (>50),Moravia - Adulto Mayor (>50),9897.0,2.0,29.83,16746.16,16365.24,24318.23,5,Sin evaluar
7123,8598,F,41,east Bohemia,Bohemia,Adulto (30-50),Bohemia - Adulto (30-50),8369.0,2.0,68.57,46509.17,33749.18,54667.1,0,Buen Pagador
7133,8610,F,50,south Moravia,Moravia,Adulto Mayor (>50),Moravia - Adulto Mayor (>50),8743.0,2.0,63.44,5938.9,2270.18,18803.14,0,Buen Pagador
7136,8615,F,59,central Bohemia,Bohemia,Adulto Mayor (>50),Bohemia - Adulto Mayor (>50),8754.0,4.0,44.75,35075.69,30058.3,55798.66,0,Sin evaluar
7156,8636,F,57,north Moravia,Moravia,Adulto Mayor (>50),Moravia - Adulto Mayor (>50),8678.0,6.0,15.64,2327.37,20576.47,45033.67,0,Sin evaluar
7176,8661,F,44,Prague,Praga,Adulto (30-50),Praga - Adulto (30-50),12541.0,0.0,24.77,26092.05,17229.71,43275.15,0,Sin evaluar
7180,8666,F,27,central Bohemia,Bohemia,Joven (<30),Bohemia - Joven (<30),9920.0,2.0,18.63,1449.28,16974.02,43225.47,0,Sin evaluar
7181,8667,F,31,north Moravia,Moravia,Adulto (30-50),Moravia - Adulto (30-50),8909.0,4.0,29.96,34059.35,24839.59,56545.98,0,Sin evaluar
7184,8670,F,55,central Bohemia,Bohemia,Adulto Mayor (>50),Bohemia - Adulto Mayor (>50),9307.0,4.0,42.41,24677.84,14253.24,37220.17,0,Buen Pagador
7190,8677,M,43,east Bohemia,Bohemia,Adulto (30-50),Bohemia - Adulto (30-50),8208.0,2.0,63.8,9832.32,3875.55,29107.09,0,Sin evaluar
7203,8692,F,45,north Moravia,Moravia,Adulto (30-50),Moravia - Adulto (30-50),8678.0,6.0,69.19,14591.02,14835.22,33781.39,0,Sin evaluar
7231,8726,M,45,central Bohemia,Bohemia,Adulto (30-50),Bohemia - Adulto (30-50),10124.0,1.0,69.59,41040.05,39932.0,51745.35,2,Sin evaluar
7240,8737,F,50,south Bohemia,Bohemia,Adulto Mayor (>50),Bohemia - Adulto Mayor (>50),8114.0,2.0,32.26,278.98,7931.8,24208.15,0,Sin evaluar
7262,8764,F,58,north Moravia,Moravia,Adulto Mayor (>50),Moravia - Adulto Mayor (>50),10177.0,7.0,28.02,18902.36,9364.74,32637.28,0,Sin evaluar
7274,8777,F,45,central Bohemia,Bohemia,Adulto (30-50),Bohemia - Adulto (30-50),9622.0,0.0,15.08,26962.73,19030.97,37358.77,0,Sin evaluar
7401,9173,M,53,Prague,Praga,Adulto Mayor (>50),Praga - Adulto Mayor (>50),12541.0,0.0,70.11,690.34,14359.46,35557.59,0,Buen Pagador
7418,9196,F,59,south Bohemia,Bohemia,Adulto Mayor (>50),Bohemia - Adulto Mayor (>50),9104.0,2.0,44.81,1022.09,6215.0,16124.06,40,Mal Pagador
7424,9202,M,36,north Moravia,Moravia,Adulto (30-50),Moravia - Adulto (30-50),9893.0,4.0,29.11,51122.36,41867.33,53878.96,0,Buen Pagador
7437,9217,F,58,south Bohemia,Bohemia,Adulto Mayor (>50),Bohemia - Adulto Mayor (>50),8402.0,3.0,16.76,2965.39,9493.97,32514.34,0,Sin evaluar
7445,9226,F,59,south Moravia,Moravia,Adulto Mayor (>50),Moravia - Adulto Mayor (>50),9624.0,2.0,69.45,34349.24,33538.68,42411.9,9,Buen Pagador
7449,9231,F,26,west Bohemia,Bohemia,Joven (<30),Bohemia - Joven (<30),8843.0,3.0,61.21,6903.59,6330.34,34356.77,2,Sin evaluar
7454,9236,F,42,west Bohemia,Bohemia,Adulto (30-50),Bohemia - Adulto (30-50),8930.0,4.0,68.4,5166.43,1478.36,17117.45,0,Buen Pagador
7465,9250,M,35,Prague,Praga,Adulto (30-50),Praga - Adulto (30-50),12541.0,0.0,24.38,13609.84,7826.09,24696.88,3,Sin evaluar
7485,9273,F,43,north Bohemia,Bohemia,Adulto (30-50),Bohemia - Adulto (30-50),10446.0,7.0,65.12,620.39,13425.54,32920.48,0,Buen Pagador
7487,9276,M,52,central Bohemia,Bohemia,Adulto Mayor (>50),Bohemia - Adulto Mayor (>50),9753.0,5.0,39.0,31814.79,21843.59,41370.15,2,Sin evaluar
7520,9313,F,38,central Bohemia,Bohemia,Adulto (30-50),Bohemia - Adulto (30-50),8899.0,3.0,33.08,17777.72,18183.19,21535.89,24,Sin evaluar
7523,9316,F,40,south Moravia,Moravia,Adulto (30-50),Moravia - Adulto (30-50),8288.0,4.0,52.07,22565.18,9953.52,33971.82,0,Buen Pagador
7542,9340,M,31,south Moravia,Moravia,Adulto (30-50),Moravia - Adulto (30-50),9897.0,2.0,31.51,18238.94,6121.23,37909.7,0,Sin evaluar
7546,9346,M,26,east Bohemia,Bohemia,Joven (<30),Bohemia - Joven (<30),9425.0,2.0,51.91,86.69,18098.71,34490.41,0,Buen Pagador
7559,9362,F,25,south Moravia,Moravia,Joven (<30),Moravia - Joven (<30),8772.0,5.0,19.25,8615.64,2774.03,35128.4,0,Sin evaluar
7562,9366,M,23,north Moravia,Moravia,Joven (<30),Moravia - Joven (<30),8994.0,4.0,47.44,155.99,35435.08,66885.87,0,Sin evaluar
7565,9370,M,23,south Moravia,Moravia,Joven (<30),Moravia - Joven (<30),8444.0,3.0,32.95,60.7,12821.64,31061.45,0,Sin evaluar
7594,9403,M,24,south Bohemia,Bohemia,Joven (<30),Bohemia - Joven (<30),8427.0,1.0,34.46,35705.92,28817.12,52440.02,0,Sin evaluar
7606,9417,M,49,south Bohemia,Bohemia,Adulto (30-50),Bohemia - Adulto (30-50),9104.0,2.0,45.57,45107.88,32150.58,55607.91,0,Sin evaluar
7607,9418,M,48,Prague,Praga,Adulto (30-50),Praga - Adulto (30-50),12541.0,0.0,63.84,16673.45,9917.92,35077.41,0,Buen Pagador
7614,9427,F,28,south Moravia,Moravia,Joven (<30),Moravia - Joven (<30),8544.0,1.0,46.72,10.7,36959.01,63984.13,0,Sin evaluar
7618,9433,F,53,north Moravia,Moravia,Adulto Mayor (>50),Moravia - Adulto Mayor (>50),8994.0,4.0,42.61,772.12,25862.94,28211.27,6,Sin evaluar
7632,9450,F,55,north Moravia,Moravia,Adulto Mayor (>50),Moravia - Adulto Mayor (>50),9893.0,4.0,27.27,24159.33,12953.43,42927.09,0,Sin evaluar
7636,9456,F,57,north Bohemia,Bohemia,Adulto Mayor (>50),Bohemia - Adulto Mayor (>50),9317.0,6.0,26.74,25886.76,20396.63,43748.81,0,Sin evaluar
7637,9457,M,20,east Bohemia,Bohemia,Joven (<30),Bohemia - Joven (<30),8369.0,2.0,28.39,26806.16,9737.23,47488.19,0,Sin evaluar
7674,9505,M,40,Prague,Praga,Adulto (30-50),Praga - Adulto (30-50),12541.0,0.0,29.34,48017.52,36404.7,61186.66,0,Sin evaluar
7713,9546,F,43,east Bohemia,Bohemia,Adulto (30-50),Bohemia - Adulto (30-50),8187.0,5.0,31.21,22033.39,13900.64,38540.63,0,Sin evaluar
7721,9555,F,51,central Bohemia,Bohemia,Adulto Mayor (>50),Bohemia - Adulto Mayor (>50),8598.0,3.0,17.94,774.8,20563.82,43457.58,0,Sin evaluar
7733,9569,F,48,south Bohemia,Bohemia,Adulto (30-50),Bohemia - Adulto (30-50),8402.0,3.0,29.77,211.62,43115.42,67486.72,0,Sin evaluar
7745,9582,F,56,central Bohemia,Bohemia,Adulto Mayor (>50),Bohemia - Adulto Mayor (>50),8507.0,2.0,25.03,41491.09,30462.21,45833.69,0,Sin evaluar
7753,9593,F,30,north Moravia,Moravia,Adulto (30-50),Moravia - Adulto (30-50),10673.0,5.0,70.7,45099.96,42737.24,58674.83,0,Buen Pagador
7765,9606,M,49,east Bohemia,Bohemia,Adulto (30-50),Bohemia - Adulto (30-50),8363.0,3.0,53.72,28326.68,19898.96,42331.22,0,Buen Pagador
7769,9611,M,40,west Bohemia,Bohemia,Adulto (30-50),Bohemia - Adulto (30-50),8624.0,2.0,62.92,42735.9,39151.37,63749.26,0,Buen Pagador
7774,9616,M,36,north Moravia,Moravia,Adulto (30-50),Moravia - Adulto (30-50),10673.0,5.0,63.54,29768.81,29283.1,53907.83,3,Sin evaluar
7795,9641,M,53,south Moravia,Moravia,Adulto Mayor (>50),Moravia - Adulto Mayor (>50),9624.0,2.0,47.84,52733.38,48079.45,65701.63,0,Sin evaluar
7815,9663,M,53,south Bohemia,Bohemia,Adulto Mayor (>50),Bohemia - Adulto Mayor (>50),8402.0,3.0,44.75,35185.32,26700.51,47063.62,0,Buen Pagador
7819,9670,M,50,north Bohemia,Bohemia,Adulto Mayor (>50),Bohemia - Adulto Mayor (>50),8965.0,7.0,64.99,10087.66,4214.49,20476.82,0,Sin evaluar
7824,9675,F,28,south Moravia,Moravia,Joven (<30),Moravia - Joven (<30),8441.0,3.0,55.49,30834.67,26234.74,36164.19,5,Mal Pagador
7828,9680,M,21,north Bohemia,Bohemia,Joven (<30),Bohemia - Joven (<30),9198.0,3.0,35.84,10348.66,6012.28,34803.88,0,Sin evaluar
7844,9702,F,47,north Bohemia,Bohemia,Adulto (30-50),Bohemia - Adulto (30-50),8705.0,6.0,61.14,58.88,32345.14,48070.35,0,Buen Pagador
7857,9715,F,21,north Bohemia,Bohemia,Joven (<30),Bohemia - Joven (<30),8867.0,1.0,64.89,192.63,30878.66,53222.27,0,Buen Pagador
7859,9717,F,46,east Bohemia,Bohemia,Adulto (30-50),Bohemia - Adulto (30-50),8363.0,3.0,45.6,221.49,34092.65,76453.67,0,Buen Pagador
7861,9721,M,44,north Bohemia,Bohemia,Adulto (30-50),Bohemia - Adulto (30-50),9675.0,6.0,44.32,20274.64,8265.34,56539.46,0,Buen Pagador
7890,9755,F,47,west Bohemia,Bohemia,Adulto (30-50),Bohemia - Adulto (30-50),8624.0,2.0,33.18,9932.34,3848.7,29862.18,0,Sin evaluar
7894,9760,M,29,west Bohemia,Bohemia,Joven (<30),Bohemia - Joven (<30),8561.0,1.0,32.72,44622.74,33611.49,54465.77,0,Sin evaluar
7907,9775,M,38,north Moravia,Moravia,Adulto (30-50),Moravia - Adulto (30-50),10177.0,7.0,29.14,36345.3,25526.77,55253.65,0,Buen Pagador
7926,9798,F,48,north Moravia,Moravia,Adulto (30-50),Moravia - Adulto (30-50),8173.0,5.83,30.72,39509.34,34680.99,51148.18,0,Buen Pagador
7944,9820,F,30,south Moravia,Moravia,Adulto (30-50),Moravia - Adulto (30-50),8444.0,3.0,60.12,22309.05,20860.61,66889.09,3,Sin evaluar
7957,9833,M,34,east Bohemia,Bohemia,Adulto (30-50),Bohemia - Adulto (30-50),8541.0,3.0,39.79,46659.84,32670.12,54697.62,0,Buen Pagador
7965,9844,M,53,south Moravia,Moravia,Adulto Mayor (>50),Moravia - Adulto Mayor (>50),8743.0,2.0,61.73,27499.58,19008.21,40341.02,0,Buen Pagador
7966,9846,F,31,south Moravia,Moravia,Adulto (30-50),Moravia - Adulto (30-50),9897.0,2.0,24.11,29403.94,24243.59,44964.88,2,Sin evaluar
7990,9872,F,31,central Bohemia,Bohemia,Adulto (30-50),Bohemia - Adulto (30-50),8899.0,3.0,28.02,52178.41,43038.12,67525.14,0,Sin evaluar
7997,9880,F,28,central Bohemia,Bohemia,Joven (<30),Bohemia - Joven (<30),10124.0,1.0,32.2,43749.97,40448.26,52846.88,0,Sin evaluar
8026,9914,M,56,north Bohemia,Bohemia,Adulto Mayor (>50),Bohemia - Adulto Mayor (>50),9198.0,3.0,21.29,25903.57,19503.99,63713.11,0,Sin evaluar
8027,9915,M,31,west Bohemia,Bohemia,Adulto (30-50),Bohemia - Adulto (30-50),8561.0,1.0,65.81,104.85,40021.52,62552.77,0,Buen Pagador
8038,9929,F,31,east Bohemia,Bohemia,Adulto (30-50),Bohemia - Adulto (30-50),9538.0,2.0,28.45,23778.14,16349.38,55829.67,0,Sin evaluar
8039,9930,M,26,central Bohemia,Bohemia,Joven (<30),Bohemia - Joven (<30),8899.0,3.0,36.47,26759.36,18426.49,49513.46,0,Buen Pagador
8041,9933,M,57,north Moravia,Moravia,Adulto Mayor (>50),Moravia - Adulto Mayor (>50),10673.0,5.0,62.69,45240.09,41144.46,62794.73,0,Buen Pagador
8051,9945,F,30,west Bohemia,Bohemia,Adulto (30-50),Bohemia - Adulto (30-50),8930.0,4.0,70.74,66.44,24892.14,41532.39,0,Buen Pagador
8073,9973,F,53,west Bohemia,Bohemia,Adulto Mayor (>50),Bohemia - Adulto Mayor (>50),8991.0,1.0,63.9,41139.11,27745.34,49615.37,3,Mal Pagador
8085,9987,F,48,north Moravia,Moravia,Adulto (30-50),Moravia - Adulto (30-50),8746.0,3.0,32.76,32893.86,20108.24,33174.6,1,Sin evaluar
8092,9995,M,40,south Moravia,Moravia,Adulto (30-50),Moravia - Adulto (30-50),9897.0,2.0,47.64,10212.51,3712.85,20582.1,0,Sin evaluar
8094,9997,M,36,north Moravia,Moravia,Adulto (30-50),Moravia - Adulto (30-50),8110.0,6.0,25.2,23.81,39659.05,58814.82,0,Sin evaluar
8114,10023,F,25,south Moravia,Moravia,Joven (<30),Moravia - Joven (<30),8444.0,3.0,38.57,20154.08,12665.28,35984.97,0,Sin evaluar
8127,10040,F,30,north Bohemia,Bohemia,Adulto (30-50),Bohemia - Adulto (30-50),9065.0,4.0,50.6,48214.8,35849.07,68465.01,0,Buen Pagador
8129,10043,M,33,east Bohemia,Bohemia,Adulto (30-50),Bohemia - Adulto (30-50),8390.0,2.0,66.17,22282.88,14553.42,39672.23,0,Buen Pagador
8132,10046,F,52,central Bohemia,Bohemia,Adulto Mayor (>50),Bohemia - Adulto Mayor (>50),9307.0,4.0,68.47,861.69,26630.13,64725.74,2,Sin evaluar
8149,10066,F,35,south Moravia,Moravia,Adulto (30-50),Moravia - Adulto (30-50),9624.0,2.0,19.58,33870.02,32387.59,38570.49,4,Sin evaluar
8153,10070,M,24,central Bohemia,Bohemia,Joven (<30),Bohemia - Joven (<30),8899.0,3.0,17.97,53456.87,49719.76,56496.28,2,Sin evaluar
8158,10075,M,34,east Bohemia,Bohemia,Adulto (30-50),Bohemia - Adulto (30-50),9060.0,2.0,30.49,190.23,27521.06,59032.08,0,Sin evaluar
8159,10076,F,29,west Bohemia,Bohemia,Joven (<30),Bohemia - Joven (<30),10787.0,3.0,46.72,12542.81,6663.96,39429.25,0,Buen Pagador
8169,10090,F,18,west Bohemia,Bohemia,Joven (<30),Bohemia - Joven (<30),8843.0,3.0,37.09,12436.94,6010.25,20668.51,0,Sin evaluar
8173,10095,F,22,Prague,Praga,Joven (<30),Praga - Joven (<30),12541.0,0.0,65.87,232.28,41359.34,56843.88,0,Buen Pagador
8212,10145,F,33,central Bohemia,Bohemia,Adulto (30-50),Bohemia - Adulto (30-50),9753.0,5.0,64.33,45829.41,44230.39,81192.82,2,Sin evaluar
8225,10159,M,60,east Bohemia,Bohemia,Adulto Mayor (>50),Bohemia - Adulto Mayor (>50),8187.0,5.0,24.77,254.34,18177.35,26264.66,9,Sin evaluar
8260,10198,M,22,west Bohemia,Bohemia,Joven (<30),Bohemia - Joven (<30),8930.0,4.0,69.26,3556.17,39928.31,68073.48,0,Buen Pagador
8261,10200,F,18,central Bohemia,Bohemia,Joven (<30),Bohemia - Joven (<30),8598.0,3.0,67.65,169.99,17398.26,30675.88,0,Buen Pagador
8268,10209,M,23,south Moravia,Moravia,Joven (<30),Moravia - Joven (<30),8444.0,3.0,27.37,15483.45,6561.93,37305.17,0,Sin evaluar
8316,10269,F,58,north Moravia,Moravia,Adulto Mayor (>50),Moravia - Adulto Mayor (>50),10177.0,7.0,54.9,41766.17,37479.11,62732.0,0,Buen Pagador
8320,10273,F,40,east Bohemia,Bohemia,Adulto (30-50),Bohemia - Adulto (30-50),8541.0,3.0,23.36,47.09,20213.48,37136.69,0,Sin evaluar
8321,10275,F,28,north Moravia,Moravia,Joven (<30),Moravia - Joven (<30),8909.0,4.0,68.63,13366.6,4891.74,36367.31,0,Sin evaluar
8327,10282,M,19,Prague,Praga,Joven (<30),Praga - Joven (<30),12541.0,0.0,40.77,31607.55,20641.23,48589.16,0,Sin evaluar
8330,10287,F,36,east Bohemia,Bohemia,Adulto (30-50),Bohemia - Adulto (30-50),9060.0,2.0,69.13,22925.65,18549.11,46877.81,0,Buen Pagador
8341,10303,M,36,south Moravia,Moravia,Adulto (30-50),Moravia - Adulto (30-50),9624.0,2.0,24.11,34845.54,33855.95,28935.07,9,Sin evaluar
8377,10350,F,37,west Bohemia,Bohemia,Adulto (30-50),Bohemia - Adulto (30-50),8843.0,3.0,61.34,23038.85,12717.97,42368.4,0,Sin evaluar
8381,10355,F,22,south Bohemia,Bohemia,Joven (<30),Bohemia - Joven (<30),10045.0,1.0,27.43,50027.45,38990.45,49787.87,9,Sin evaluar
8405,10382,F,33,south Bohemia,Bohemia,Adulto (30-50),Bohemia - Adulto (30-50),8547.0,3.0,55.72,24040.11,13301.51,36648.23,0,Sin evaluar
8411,10389,F,55,south Bohemia,Bohemia,Adulto Mayor (>50),Bohemia - Adulto Mayor (>50),8547.0,3.0,48.95,100.1,12993.93,31612.21,0,Sin evaluar
8475,10459,F,34,south Bohemia,Bohemia,Adulto (30-50),Bohemia - Adulto (30-50),8114.0,2.0,63.74,8617.85,3915.59,31828.31,0,Buen Pagador
8489,10475,F,50,east Bohemia,Bohemia,Adulto Mayor (>50),Bohemia - Adulto Mayor (>50),8541.0,3.0,63.41,19129.65,10579.72,39222.48,0,Buen Pagador
8492,10479,F,43,central Bohemia,Bohemia,Adulto (30-50),Bohemia - Adulto (30-50),8507.0,2.0,54.08,13345.17,5875.74,41859.73,0,Sin evaluar
8505,10492,M,61,north Moravia,Moravia,Adulto Mayor (>50),Moravia - Adulto Mayor (>50),10177.0,7.0,21.39,16720.71,13868.16,35217.88,0,Buen Pagador
8519,10510,F,53,west Bohemia,Bohemia,Adulto Mayor (>50),Bohemia - Adulto Mayor (>50),8624.0,2.0,68.96,102.96,25960.57,47345.55,0,Buen Pagador
8523,10517,F,18,south Moravia,Moravia,Joven (<30),Moravia - Joven (<30),9897.0,2.0,25.17,190.7,45947.44,55230.84,0,Sin evaluar
8533,10528,F,46,east Bohemia,Bohemia,Adulto (30-50),Bohemia - Adulto (30-50),9538.0,2.0,38.7,40594.13,37194.75,66296.62,0,Sin evaluar
8547,10543,F,53,south Bohemia,Bohemia,Adulto Mayor (>50),Bohemia - Adulto Mayor (>50),10045.0,1.0,41.49,41103.16,36678.86,55378.01,0,Sin evaluar
8558,10555,M,63,Prague,Praga,Adulto Mayor (>50),Praga - Adulto Mayor (>50),12541.0,0.0,58.09,17508.25,12689.96,37991.92,0,Sin evaluar
8564,10563,M,49,north Moravia,Moravia,Adulto (30-50),Moravia - Adulto (30-50),9893.0,4.0,63.61,25.15,28032.6,54558.9,0,Buen Pagador
8566,10566,F,56,north Moravia,Moravia,Adulto Mayor (>50),Moravia - Adulto Mayor (>50),10673.0,5.0,62.75,24398.57,14511.08,32238.7,3,Mal Pagador
8625,10636,M,27,south Moravia,Moravia,Joven (<30),Moravia - Joven (<30),9624.0,2.0,61.67,51157.34,42203.78,65872.05,0,Buen Pagador
8628,10639,M,44,central Bohemia,Bohemia,Adulto (30-50),Bohemia - Adulto (30-50),8507.0,2.0,26.51,29719.65,21220.52,34022.52,6,Sin evaluar
8639,10654,F,36,east Bohemia,Bohemia,Adulto (30-50),Bohemia - Adulto (30-50),8369.0,2.0,16.3,165.64,17507.3,30978.56,0,Sin evaluar
8645,10662,F,49,south Moravia,Moravia,Adulto (30-50),Moravia - Adulto (30-50),8441.0,3.0,18.27,18342.47,9886.15,26573.07,0,Sin evaluar
8680,10702,M,60,south Bohemia,Bohemia,Adulto Mayor (>50),Bohemia - Adulto Mayor (>50),8114.0,2.0,34.6,554.91,3109.83,21190.64,0,Sin evaluar
8688,10714,F,52,south Moravia,Moravia,Adulto Mayor (>50),Moravia - Adulto Mayor (>50),8512.0,4.0,25.26,19215.76,14579.57,44826.97,0,Buen Pagador
8713,10746,M,27,south Moravia,Moravia,Joven (<30),Moravia - Joven (<30),8240.0,3.0,19.45,1218.51,18362.62,32501.46,0,Sin evaluar
8742,10777,F,18,north Moravia,Moravia,Joven (<30),Moravia - Joven (<30),10177.0,7.0,23.06,17181.27,9948.83,24695.91,0,Buen Pagador
8759,10798,F,18,Prague,Praga,Joven (<30),Praga - Joven (<30),12541.0,0.0,63.41,33022.6,32776.25,59481.08,2,Sin evaluar
8772,10813,F,19,Prague,Praga,Joven (<30),Praga - Joven (<30),12541.0,0.0,31.51,187.24,4290.7,15259.62,0,Sin evaluar
8776,10818,M,26,south Moravia,Moravia,Joven (<30),Moravia - Joven (<30),9624.0,2.0,52.24,14663.4,12825.42,51764.99,0,Sin evaluar
8784,10828,F,41,Prague,Praga,Adulto (30-50),Praga - Adulto (30-50),12541.0,0.0,26.48,41.54,30913.78,49901.01,0,Sin evaluar
8856,10912,M,35,south Bohemia,Bohemia,Adulto (30-50),Bohemia - Adulto (30-50),9045.0,3.0,48.43,44052.18,39350.63,75910.59,0,Sin evaluar
8896,10960,M,56,west Bohemia,Bohemia,Adulto Mayor (>50),Bohemia - Adulto Mayor (>50),8594.0,2.0,31.97,53290.46,52150.8,52898.5,0,Sin evaluar
8899,10963,M,54,Prague,Praga,Adulto Mayor (>50),Praga - Adulto Mayor (>50),12541.0,0.0,51.84,45179.4,39366.13,65644.54,0,Sin evaluar
8919,10987,F,37,south Moravia,Moravia,Adulto (30-50),Moravia - Adulto (30-50),8544.0,1.0,17.94,7751.0,3512.82,22085.48,0,Sin evaluar
8926,10997,F,26,Prague,Praga,Joven (<30),Praga - Joven (<30),12541.0,0.0,21.36,20695.18,7989.7,37751.47,0,Sin evaluar
8931,11004,M,51,south Moravia,Moravia,Adulto Mayor (>50),Moravia - Adulto Mayor (>50),8288.0,4.0,35.98,53778.38,43281.91,61704.9,0,Sin evaluar
8934,11008,F,29,east Bohemia,Bohemia,Joven (<30),Bohemia - Joven (<30),8541.0,3.0,66.83,2524.32,17986.7,25337.58,15,Sin evaluar
8957,11034,M,26,Prague,Praga,Joven (<30),Praga - Joven (<30),12541.0,0.0,61.57,28069.21,27321.42,46236.08,7,Sin evaluar
8972,11050,F,41,north Moravia,Moravia,Adulto (30-50),Moravia - Adulto (30-50),10177.0,7.0,31.34,22906.73,15652.2,40796.14,0,Sin evaluar
8982,11063,F,43,south Moravia,Moravia,Adulto (30-50),Moravia - Adulto (30-50),9624.0,2.0,63.18,35061.86,30286.09,62471.68,0,Buen Pagador
8998,11083,M,45,south Moravia,Moravia,Adulto (30-50),Moravia - Adulto (30-50),8814.0,5.0,43.27,20956.6,21318.84,28371.19,13,Sin evaluar
9006,11093,M,39,north Bohemia,Bohemia,Adulto (30-50),Bohemia - Adulto (30-50),9317.0,6.0,51.94,43798.15,36026.67,56833.24,0,Sin evaluar
9017,11105,F,41,north Moravia,Moravia,Adulto (30-50),Moravia - Adulto (30-50),10177.0,7.0,37.29,174.31,2544.92,15865.94,5,Sin evaluar
9024,11114,M,46,Prague,Praga,Adulto (30-50),Praga - Adulto (30-50),12541.0,0.0,35.84,16334.88,8964.29,26800.32,0,Sin evaluar
9030,11121,F,27,north Moravia,Moravia,Joven (<30),Moravia - Joven (<30),8994.0,4.0,47.31,19074.02,13326.57,46860.15,0,Sin evaluar
9031,11123,M,50,east Bohemia,Bohemia,Adulto Mayor (>50),Bohemia - Adulto Mayor (>50),9538.0,2.0,23.49,16370.5,10074.84,34675.33,0,Sin evaluar
9034,11126,F,33,Prague,Praga,Adulto (30-50),Praga - Adulto (30-50),12541.0,0.0,66.1,1331.32,10551.48,39267.08,0,Buen Pagador
9037,11130,F,37,Prague,Praga,Adulto (30-50),Praga - Adulto (30-50),12541.0,0.0,26.28,17093.87,8401.07,35405.34,0,Sin evaluar
9041,11136,F,54,central Bohemia,Bohemia,Adulto Mayor (>50),Bohemia - Adulto Mayor (>50),8980.0,2.0,64.92,33515.73,33701.62,42342.74,12,Sin evaluar
9051,11147,F,26,central Bohemia,Bohemia,Joven (<30),Bohemia - Joven (<30),9307.0,4.0,35.45,11723.16,11149.93,21831.88,12,Sin evaluar
9052,11149,M,33,east Bohemia,Bohemia,Adulto (30-50),Bohemia - Adulto (30-50),9425.0,2.0,40.05,39502.5,26197.93,45866.6,6,Sin evaluar
9093,11195,M,45,south Moravia,Moravia,Adulto (30-50),Moravia - Adulto (30-50),8757.0,3.0,66.5,20442.9,13052.33,50215.71,0,Sin evaluar
9104,11208,F,41,central Bohemia,Bohemia,Adulto (30-50),Bohemia - Adulto (30-50),10124.0,1.0,59.3,28963.09,25741.87,56994.93,0,Buen Pagador
9138,11250,F,52,west Bohemia,Bohemia,Adulto Mayor (>50),Bohemia - Adulto Mayor (>50),10787.0,3.0,29.44,27344.19,14617.97,35173.11,6,Sin evaluar
9140,11252,F,33,north Bohemia,Bohemia,Adulto (30-50),Bohemia - Adulto (30-50),9272.0,3.0,16.43,15195.31,7656.73,22821.85,0,Sin evaluar
9153,11266,M,60,central Bohemia,Bohemia,Adulto Mayor (>50),Bohemia - Adulto Mayor (>50),8899.0,3.0,24.61,10330.76,3718.81,40892.8,0,Sin evaluar
9156,11271,M,61,south Bohemia,Bohemia,Adulto Mayor (>50),Bohemia - Adulto Mayor (>50),8968.0,3.0,15.54,19942.08,17798.58,28793.46,0,Sin evaluar
9159,11274,M,29,south Moravia,Moravia,Joven (<30),Moravia - Joven (<30),9624.0,2.0,28.94,18479.65,8295.78,42855.2,0,Sin evaluar
9167,11286,F,58,south Moravia,Moravia,Adulto Mayor (>50),Moravia - Adulto Mayor (>50),8772.0,5.0,20.96,35761.12,25906.97,48846.99,0,Sin evaluar
9179,11304,F,38,west Bohemia,Bohemia,Adulto (30-50),Bohemia - Adulto (30-50),8594.0,2.0,23.29,42.94,20340.66,42151.34,0,Sin evaluar
9188,11314,M,62,east Bohemia,Bohemia,Adulto Mayor (>50),Bohemia - Adulto Mayor (>50),8390.0,2.0,70.7,271.57,3910.72,29452.33,0,Buen Pagador
9192,11319,F,56,Prague,Praga,Adulto Mayor (>50),Praga - Adulto Mayor (>50),12541.0,0.0,52.5,25038.0,24464.76,43357.9,14,Sin evaluar
9199,11327,M,51,north Moravia,Moravia,Adulto Mayor (>50),Moravia - Adulto Mayor (>50),8994.0,4.0,31.54,497.78,15334.81,13411.63,13,Mal Pagador
9201,11329,F,37,north Moravia,Moravia,Adulto (30-50),Moravia - Adulto (30-50),8173.0,5.83,26.09,218.47,32214.56,54079.29,0,Sin evaluar
9203,11331,F,54,north Moravia,Moravia,Adulto Mayor (>50),Moravia - Adulto Mayor (>50),10177.0,7.0,70.08,46727.28,31494.48,63943.86,0,Sin evaluar
9208,11337,M,29,west Bohemia,Bohemia,Joven (<30),Bohemia - Joven (<30),8843.0,3.0,19.25,690.91,21799.95,31893.63,0,Sin evaluar
9225,11359,M,26,central Bohemia,Bohemia,Joven (<30),Bohemia - Joven (<30),9622.0,0.0,35.98,36526.07,32458.17,52243.23,0,Sin evaluar
9227,11362,F,32,east Bohemia,Bohemia,Adulto (30-50),Bohemia - Adulto (30-50),8541.0,3.0,13.86,7911.62,2950.94,16424.47,0,Sin evaluar
9235,11371,F,57,north Bohemia,Bohemia,Adulto Mayor (>50),Bohemia - Adulto Mayor (>50),9065.0,4.0,42.25,17172.99,14651.83,42475.01,0,Sin evaluar
9236,11372,M,37,central Bohemia,Bohemia,Adulto (30-50),Bohemia - Adulto (30-50),9622.0,0.0,64.43,16536.82,9693.62,55418.89,0,Buen Pagador
9241,11379,M,46,north Moravia,Moravia,Adulto (30-50),Moravia - Adulto (30-50),10673.0,5.0,27.17,40.49,24213.14,41142.75,0,Sin evaluar
9242,11381,F,19,south Moravia,Moravia,Joven (<30),Moravia - Joven (<30),8720.0,4.0,33.54,9408.23,7638.64,36277.61,0,Buen Pagador
9263,11405,F,34,north Moravia,Moravia,Adulto (30-50),Moravia - Adulto (30-50),9893.0,4.0,30.88,55.05,11352.14,26055.69,0,Buen Pagador
9265,11409,F,18,north Bohemia,Bohemia,Joven (<30),Bohemia - Joven (<30),9272.0,3.0,70.83,39649.15,25463.73,64095.14,0,Buen Pagador
9307,11461,M,24,north Moravia,Moravia,Joven (<30),Moravia - Joven (<30),10177.0,7.0,71.2,35280.83,26627.99,58766.85,0,Buen Pagador
9333,11491,F,40,north Bohemia,Bohemia,Adulto (30-50),Bohemia - Adulto (30-50),9198.0,3.0,25.72,43810.65,41396.38,60819.28,6,Sin evaluar
9337,11497,F,39,central Bohemia,Bohemia,Adulto (30-50),Bohemia - Adulto (30-50),9622.0,0.0,63.57,24773.56,23462.25,45316.01,20,Buen Pagador
9353,11516,M,60,south Moravia,Moravia,Adulto Mayor (>50),Moravia - Adulto Mayor (>50),8444.0,3.0,37.91,31731.68,21267.61,54125.6,0,Sin evaluar
9377,11545,F,32,Prague,Praga,Adulto (30-50),Praga - Adulto (30-50),12541.0,0.0,39.46,35441.71,26222.83,63444.43,0,Sin evaluar
9403,11574,F,54,Prague,Praga,Adulto Mayor (>50),Praga - Adulto Mayor (>50),12541.0,0.0,69.16,19382.33,14342.6,39187.02,0,Buen Pagador
9422,11596,F,58,north Moravia,Moravia,Adulto Mayor (>50),Moravia - Adulto Mayor (>50),10177.0,7.0,33.84,82.74,40229.31,50556.87,0,Buen Pagador
9424,11598,F,21,south Moravia,Moravia,Joven (<30),Moravia - Joven (<30),9897.0,2.0,24.02,270.61,12221.44,26198.53,0,Sin evaluar
9433,11609,M,41,south Moravia,Moravia,Adulto (30-50),Moravia - Adulto (30-50),8444.0,3.0,16.56,18370.41,16019.32,41047.82,0,Sin evaluar
9455,11637,M,47,north Moravia,Moravia,Adulto (30-50),Moravia - Adulto (30-50),8746.0,3.0,25.89,536.89,27771.42,54097.46,0,Sin evaluar
9472,11662,M,26,north Moravia,Moravia,Joven (<30),Moravia - Joven (<30),8369.0,5.0,65.84,34272.34,28412.07,53966.42,0,Buen Pagador
9484,11676,F,55,central Bohemia,Bohemia,Adulto Mayor (>50),Bohemia - Adulto Mayor (>50),9307.0,4.0,20.17,9631.14,9157.16,16774.91,2,Sin evaluar
9491,11683,M,18,central Bohemia,Bohemia,Joven (<30),Bohemia - Joven (<30),9920.0,2.0,28.75,27.83,38589.57,57743.57,0,Sin evaluar
9493,11685,F,33,south Moravia,Moravia,Adulto (30-50),Moravia - Adulto (30-50),9624.0,2.0,44.98,380.17,14564.01,48719.74,0,Sin evaluar
9494,11686,F,50,south Bohemia,Bohemia,Adulto Mayor (>50),Bohemia - Adulto Mayor (>50),9104.0,2.0,31.7,17297.79,8333.12,26965.46,0,Buen Pagador
9504,11701,M,49,central Bohemia,Bohemia,Adulto (30-50),Bohemia - Adulto (30-50),8899.0,3.0,35.06,19.97,35761.58,44112.35,0,Sin evaluar
9510,11709,M,37,Prague,Praga,Adulto (30-50),Praga - Adulto (30-50),12541.0,0.0,30.72,16813.25,10614.58,36799.84,0,Sin evaluar
9513,11713,F,47,south Moravia,Moravia,Adulto (30-50),Moravia - Adulto (30-50),8444.0,3.0,31.64,22506.64,13420.99,29415.3,0,Buen Pagador
9528,11732,F,41,south Bohemia,Bohemia,Adulto (30-50),Bohemia - Adulto (30-50),8402.0,3.0,25.76,31398.52,18942.86,37369.49,12,Sin evaluar
9548,11754,M,32,south Moravia,Moravia,Adulto (30-50),Moravia - Adulto (30-50),8544.0,1.0,30.78,19429.66,7742.04,53416.51,0,Sin evaluar
9549,11755,F,53,central Bohemia,Bohemia,Adulto Mayor (>50),Bohemia - Adulto Mayor (>50),9753.0,5.0,23.43,47877.17,45919.59,54013.33,2,Sin evaluar
9560,11768,F,27,Prague,Praga,Joven (<30),Praga - Joven (<30),12541.0,0.0,17.61,30174.11,21294.38,52712.76,0,Sin evaluar
9583,11794,F,28,west Bohemia,Bohemia,Joven (<30),Bohemia - Joven (<30),8930.0,4.0,55.33,49530.89,35187.24,65320.5,0,Buen Pagador
9591,11804,M,54,north Moravia,Moravia,Adulto Mayor (>50),Moravia - Adulto Mayor (>50),10673.0,5.0,67.38,32333.42,26823.69,45250.46,0,Buen Pagador
9627,11851,M,28,south Moravia,Moravia,Joven (<30),Moravia - Joven (<30),8403.0,6.0,53.32,44623.54,39768.9,63065.95,0,Sin evaluar
9631,11855,M,41,central Bohemia,Bohemia,Adulto (30-50),Bohemia - Adulto (30-50),9622.0,0.0,30.19,778.4,15280.29,26120.86,0,Sin evaluar
9633,11857,M,46,north Moravia,Moravia,Adulto (30-50),Moravia - Adulto (30-50),10177.0,7.0,35.75,36998.66,35951.02,48328.89,6,Sin evaluar
9635,11860,F,73,north Moravia,Moravia,Adulto Mayor (>50),Moravia - Adulto Mayor (>50),10177.0,7.0,71.82,5.57,1883.74,7298.6,6,Sin evaluar
9640,11866,M,61,Prague,Praga,Adulto Mayor (>50),Praga - Adulto Mayor (>50),12541.0,0.0,69.62,4546.11,9109.7,40071.02,0,Buen Pagador
9645,11873,F,35,north Bohemia,Bohemia,Adulto (30-50),Bohemia - Adulto (30-50),8965.0,7.0,35.25,130.5,28261.59,45596.28,0,Sin evaluar
9646,11874,M,29,Prague,Praga,Joven (<30),Praga - Joven (<30),12541.0,0.0,29.04,31562.19,28031.68,42764.59,0,Sin evaluar
9656,11886,F,57,south Moravia,Moravia,Adulto Mayor (>50),Moravia - Adulto Mayor (>50),8814.0,5.0,61.54,45570.39,32588.01,56452.7,0,Buen Pagador
9673,11906,M,54,north Moravia,Moravia,Adulto Mayor (>50),Moravia - Adulto Mayor (>50),8369.0,5.0,18.79,1016.5,12078.39,41159.05,0,Sin evaluar
9677,11911,M,59,central Bohemia,Bohemia,Adulto Mayor (>50),Bohemia - Adulto Mayor (>50),11277.0,1.0,26.58,15215.46,6170.05,34813.76,0,Sin evaluar
9703,11943,M,37,Prague,Praga,Adulto (30-50),Praga - Adulto (30-50),12541.0,0.0,65.54,337.2,36068.9,54702.42,4,Sin evaluar
9707,11947,M,34,north Moravia,Moravia,Adulto (30-50),Moravia - Adulto (30-50),10177.0,7.0,68.24,38113.75,36992.79,59686.93,3,Sin evaluar
9730,11976,F,59,south Moravia,Moravia,Adulto Mayor (>50),Moravia - Adulto Mayor (>50),9897.0,2.0,23.95,11759.67,4734.86,25973.55,0,Sin evaluar
9731,11978,M,27,south Moravia,Moravia,Joven (<30),Moravia - Joven (<30),9897.0,2.0,48.99,102.06,12355.93,31905.52,0,Buen Pagador
9750,12003,M,22,north Moravia,Moravia,Joven (<30),Moravia - Joven (<30),10673.0,5.0,55.52,39463.9,35229.0,47080.88,5,Sin evaluar
9790,12050,M,55,east Bohemia,Bohemia,Adulto Mayor (>50),Bohemia - Adulto Mayor (>50),8363.0,3.0,37.72,48885.87,32566.41,55054.66,0,Sin evaluar
9814,12079,F,26,south Moravia,Moravia,Joven (<30),Moravia - Joven (<30),9624.0,2.0,47.38,38855.53,36045.46,60051.14,8,Buen Pagador
9826,12092,M,21,north Moravia,Moravia,Joven (<30),Moravia - Joven (<30),9893.0,4.0,28.25,36729.81,25093.06,41370.8,0,Sin evaluar
9828,12095,M,59,east Bohemia,Bohemia,Adulto Mayor (>50),Bohemia - Adulto Mayor (>50),9538.0,2.0,67.38,5.94,32015.98,45819.17,0,Buen Pagador
9833,12102,F,30,south Bohemia,Bohemia,Adulto (30-50),Bohemia - Adulto (30-50),9104.0,2.0,65.25,1262.84,40496.2,59053.06,0,Buen Pagador
9859,12133,F,34,west Bohemia,Bohemia,Adulto (30-50),Bohemia - Adulto (30-50),8561.0,1.0,29.77,460.19,24655.39,48721.27,0,Sin evaluar
9869,12144,M,18,central Bohemia,Bohemia,Joven (<30),Bohemia - Joven (<30),8507.0,2.0,64.33,24086.55,10671.54,57196.32,0,Sin evaluar
9883,12163,M,44,Prague,Praga,Adulto (30-50),Praga - Adulto (30-50),12541.0,0.0,69.42,32532.8,20584.2,38741.96,5,Sin evaluar
9897,12181,M,37,Prague,Praga,Adulto (30-50),Praga - Adulto (30-50),12541.0,0.0,45.93,2344.87,8689.09,30307.77,0,Buen Pagador
9928,12220,F,27,south Moravia,Moravia,Joven (<30),Moravia - Joven (<30),8441.0,3.0,37.72,14254.85,7039.77,54166.14,0,Sin evaluar
10001,12303,F,24,west Bohemia,Bohemia,Joven (<30),Bohemia - Joven (<30),8991.0,1.0,43.14,17555.59,15563.28,56285.21,0,Sin evaluar
10005,12308,M,20,south Moravia,Moravia,Joven (<30),Moravia - Joven (<30),9624.0,2.0,13.04,15.34,26551.38,46756.62,0,Sin evaluar
10018,12324,M,20,central Bohemia,Bohemia,Joven (<30),Bohemia - Joven (<30),11277.0,1.0,41.3,21787.7,14803.87,23585.63,12,Sin evaluar
10019,12325,M,34,central Bohemia,Bohemia,Adulto (30-50),Bohemia - Adulto (30-50),11277.0,1.0,42.55,30697.46,26929.68,52650.05,0,Sin evaluar
10022,12328,F,54,Prague,Praga,Adulto Mayor (>50),Praga - Adulto Mayor (>50),12541.0,0.0,19.81,807.67,14802.52,52006.0,0,Sin evaluar
10036,12344,F,58,west Bohemia,Bohemia,Adulto Mayor (>50),Bohemia - Adulto Mayor (>50),10787.0,3.0,63.57,22820.84,23203.51,32376.46,14,Sin evaluar
10049,12358,M,55,south Bohemia,Bohemia,Adulto Mayor (>50),Bohemia - Adulto Mayor (>50),8114.0,2.0,33.12,11118.87,5495.77,17875.3,0,Buen Pagador
10063,12376,M,39,central Bohemia,Bohemia,Adulto (30-50),Bohemia - Adulto (30-50),9753.0,5.0,26.58,395.03,26238.49,49418.5,0,Sin evaluar
10065,12378,F,52,north Moravia,Moravia,Adulto Mayor (>50),Moravia - Adulto Mayor (>50),8369.0,5.0,33.05,64542.72,58944.05,73529.36,0,Sin evaluar
10068,12382,M,43,Prague,Praga,Adulto (30-50),Praga - Adulto (30-50),12541.0,0.0,20.96,41381.58,36759.26,54901.33,0,Buen Pagador
10079,12396,F,28,south Moravia,Moravia,Joven (<30),Moravia - Joven (<30),8544.0,1.0,67.84,39157.55,36656.56,56108.47,0,Sin evaluar
10093,12416,M,25,Prague,Praga,Joven (<30),Praga - Joven (<30),12541.0,0.0,54.01,90.72,29282.0,44400.99,0,Buen Pagador
10105,12432,M,33,south Moravia,Moravia,Adulto (30-50),Moravia - Adulto (30-50),8743.0,2.0,68.11,43615.64,41004.36,66951.42,0,Buen Pagador
10131,12464,M,39,north Bohemia,Bohemia,Adulto (30-50),Bohemia - Adulto (30-50),10446.0,7.0,61.11,23572.44,21608.02,35553.26,8,Mal Pagador
10134,12468,M,29,west Bohemia,Bohemia,Joven (<30),Bohemia - Joven (<30),8620.0,1.0,20.17,46682.99,32276.45,50507.86,0,Sin evaluar
10148,12485,F,33,north Bohemia,Bohemia,Adulto (30-50),Bohemia - Adulto (30-50),9675.0,6.0,23.56,14834.47,6502.55,50943.06,0,Sin evaluar
10152,12490,M,18,north Bohemia,Bohemia,Joven (<30),Bohemia - Joven (<30),9675.0,6.0,15.08,27086.87,24269.36,46896.42,0,Sin evaluar
10202,12547,F,35,north Moravia,Moravia,Adulto (30-50),Moravia - Adulto (30-50),10177.0,7.0,29.77,27034.87,16618.68,42387.6,0,Sin evaluar
10215,12561,M,32,north Bohemia,Bohemia,Adulto (30-50),Bohemia - Adulto (30-50),8965.0,7.0,32.62,15652.42,8430.41,57288.29,0,Sin evaluar
10220,12568,F,42,east Bohemia,Bohemia,Adulto (30-50),Bohemia - Adulto (30-50),8254.0,3.0,28.16,21115.84,19907.67,24463.28,3,Sin evaluar
10227,12577,F,48,south Moravia,Moravia,Adulto (30-50),Moravia - Adulto (30-50),8544.0,1.0,63.11,30779.91,30060.96,51982.58,3,Sin evaluar
10233,12586,M,51,west Bohemia,Bohemia,Adulto Mayor (>50),Bohemia - Adulto Mayor (>50),8561.0,1.0,34.3,20.41,17794.66,33274.26,0,Sin evaluar
10243,12599,M,42,east Bohemia,Bohemia,Adulto (30-50),Bohemia - Adulto (30-50),8254.0,3.0,15.9,75391.13,71934.03,69377.21,0,Sin evaluar
10257,12616,F,33,west Bohemia,Bohemia,Adulto (30-50),Bohemia - Adulto (30-50),8561.0,1.0,20.01,58041.43,40136.23,52987.41,0,Sin evaluar
10266,12625,M,40,south Moravia,Moravia,Adulto (30-50),Moravia - Adulto (30-50),9897.0,2.0,66.69,32909.0,22760.19,38446.62,8,Mal Pagador
10280,12643,F,36,north Moravia,Moravia,Adulto (30-50),Moravia - Adulto (30-50),8173.0,5.83,24.97,24.03,31838.37,58179.63,0,Sin evaluar
10297,12662,M,45,south Bohemia,Bohemia,Adulto (30-50),Bohemia - Adulto (30-50),10045.0,1.0,35.38,25201.33,8079.14,49500.0,0,Sin evaluar
10320,12695,M,19,north Moravia,Moravia,Joven (<30),Moravia - Joven (<30),9893.0,4.0,65.68,864.8,12754.02,38296.12,0,Buen Pagador
10343,12726,F,53,central Bohemia,Bohemia,Adulto Mayor (>50),Bohemia - Adulto Mayor (>50),11277.0,1.0,19.32,9027.17,9403.73,7268.38,16,Sin evaluar
10345,12729,M,30,north Bohemia,Bohemia,Adulto (30-50),Bohemia - Adulto (30-50),9198.0,3.0,32.79,11595.12,4410.49,22276.53,0,Sin evaluar
10351,12738,F,38,west Bohemia,Bohemia,Adulto (30-50),Bohemia - Adulto (30-50),8624.0,2.0,43.93,8080.31,2855.45,17325.27,0,Sin evaluar
10361,12750,F,58,south Bohemia,Bohemia,Adulto Mayor (>50),Bohemia - Adulto Mayor (>50),9104.0,2.0,30.32,16.49,43407.26,44567.1,0,Buen Pagador
10364,12754,M,38,south Moravia,Moravia,Adulto (30-50),Moravia - Adulto (30-50),8743.0,2.0,71.43,16568.21,9832.28,46258.34,0,Buen Pagador
10365,12756,F,49,west Bohemia,Bohemia,Adulto (30-50),Bohemia - Adulto (30-50),8620.0,1.0,39.95,39777.32,25408.44,48178.88,3,Sin evaluar
10404,12802,M,29,Prague,Praga,Joven (<30),Praga - Joven (<30),12541.0,0.0,24.02,26663.11,19494.59,47124.02,0,Sin evaluar
10411,12810,M,34,north Bohemia,Bohemia,Adulto (30-50),Bohemia - Adulto (30-50),10446.0,7.0,37.26,32763.15,14479.44,53253.52,0,Buen Pagador
10436,12840,M,59,south Moravia,Moravia,Adulto Mayor (>50),Moravia - Adulto Mayor (>50),8441.0,3.0,33.35,8961.2,5406.3,59367.75,0,Sin evaluar
10439,12843,M,45,south Moravia,Moravia,Adulto (30-50),Moravia - Adulto (30-50),8512.0,4.0,61.31,314.79,28334.38,56137.62,0,Buen Pagador
10440,12844,M,52,east Bohemia,Bohemia,Adulto Mayor (>50),Bohemia - Adulto Mayor (>50),8390.0,2.0,63.57,9611.0,3672.8,36819.18,0,Sin evaluar
10445,12850,M,43,north Moravia,Moravia,Adulto (30-50),Moravia - Adulto (30-50),8994.0,4.0,31.08,26265.77,19669.88,60391.9,0,Sin evaluar
10451,12859,F,22,Prague,Praga,Joven (<30),Praga - Joven (<30),12541.0,0.0,64.07,17480.52,4506.63,19822.57,7,Sin evaluar
10478,12890,F,40,north Moravia,Moravia,Adulto (30-50),Moravia - Adulto (30-50),10177.0,7.0,34.2,34011.9,31482.6,55270.92,0,Sin evaluar
10493,12908,M,57,central Bohemia,Bohemia,Adulto Mayor (>50),Bohemia - Adulto Mayor (>50),8754.0,4.0,23.69,36616.38,22993.29,45957.21,0,Sin evaluar
10520,12943,M,28,south Moravia,Moravia,Joven (<30),Moravia - Joven (<30),8743.0,2.0,38.24,30666.4,23374.84,56297.76,0,Sin evaluar
10558,12986,F,25,north Bohemia,Bohemia,Joven (<30),Bohemia - Joven (<30),9317.0,6.0,34.96,31776.95,28279.12,53497.87,12,Sin evaluar
10562,12991,M,51,east Bohemia,Bohemia,Adulto Mayor (>50),Bohemia - Adulto Mayor (>50),8541.0,3.0,28.32,49432.84,48423.45,66774.85,2,Sin evaluar
10607,13044,M,22,east Bohemia,Bohemia,Joven (<30),Bohemia - Joven (<30),8363.0,3.0,26.74,38768.51,24850.97,49262.54,0,Sin evaluar
10613,13051,M,33,south Moravia,Moravia,Adulto (30-50),Moravia - Adulto (30-50),8743.0,2.0,13.86,1479.08,32186.08,51564.17,0,Sin evaluar
10630,13071,M,42,north Bohemia,Bohemia,Adulto (30-50),Bohemia - Adulto (30-50),9832.0,3.0,47.51,17286.26,5826.98,27560.86,0,Buen Pagador
10644,13089,F,19,south Bohemia,Bohemia,Joven (<30),Bohemia - Joven (<30),8427.0,1.0,17.64,22.68,33624.09,61828.4,0,Sin evaluar
10645,13090,F,18,central Bohemia,Bohemia,Joven (<30),Bohemia - Joven (<30),8507.0,2.0,24.31,20.57,46674.13,66259.26,0,Sin evaluar
10650,13095,M,48,north Moravia,Moravia,Adulto (30-50),Moravia - Adulto (30-50),8369.0,5.0,15.7,19.11,39444.97,75639.63,0,Sin evaluar
10652,13098,F,20,Prague,Praga,Joven (<30),Praga - Joven (<30),12541.0,0.0,21.45,32.63,26108.81,38910.15,0,Sin evaluar
10656,13102,M,49,central Bohemia,Bohemia,Adulto (30-50),Bohemia - Adulto (30-50),11277.0,1.0,67.88,20418.97,20302.59,33597.05,31,Sin evaluar
10663,13113,M,22,central Bohemia,Bohemia,Joven (<30),Bohemia - Joven (<30),9622.0,0.0,60.75,311.11,28918.67,46606.32,0,Buen Pagador
10670,13123,F,20,south Moravia,Moravia,Joven (<30),Moravia - Joven (<30),8772.0,5.0,61.4,45251.97,30578.93,74768.46,0,Sin evaluar
10679,13134,F,36,Prague,Praga,Adulto (30-50),Praga - Adulto (30-50),12541.0,0.0,19.06,47.22,40026.6,67736.74,0,Sin evaluar
10694,13151,M,40,north Moravia,Moravia,Adulto (30-50),Moravia - Adulto (30-50),8746.0,3.0,31.54,19681.42,12046.48,27619.7,4,Sin evaluar
10710,13171,F,48,south Bohemia,Bohemia,Adulto (30-50),Bohemia - Adulto (30-50),8402.0,3.0,38.05,18763.21,17351.14,35756.12,8,Sin evaluar
10711,13172,M,60,north Bohemia,Bohemia,Adulto Mayor (>50),Bohemia - Adulto Mayor (>50),9198.0,3.0,29.77,23459.39,17770.24,79272.12,0,Sin evaluar
10728,13190,M,42,north Moravia,Moravia,Adulto (30-50),Moravia - Adulto (30-50),8678.0,6.0,48.26,1612.1,16388.29,40462.38,0,Sin evaluar
10738,13201,M,61,west Bohemia,Bohemia,Adulto Mayor (>50),Bohemia - Adulto Mayor (>50),8930.0,4.0,68.47,37392.26,27035.65,53153.73,0,Buen Pagador
10762,13231,M,39,Prague,Praga,Adulto (30-50),Praga - Adulto (30-50),12541.0,0.0,38.28,20648.72,13424.76,36905.8,0,Sin evaluar
10774,13246,F,56,east Bohemia,Bohemia,Adulto Mayor (>50),Bohemia - Adulto Mayor (>50),8369.0,2.0,17.87,12801.62,4727.48,33493.96,0,Sin evaluar
10788,13260,F,21,north Moravia,Moravia,Joven (<30),Moravia - Joven (<30),8994.0,4.0,61.27,18600.44,12570.95,31357.36,13,Buen Pagador
10789,13261,M,54,north Moravia,Moravia,Adulto Mayor (>50),Moravia - Adulto Mayor (>50),8819.0,5.0,27.4,60691.68,43767.85,61220.14,0,Buen Pagador
10799,13276,M,21,north Moravia,Moravia,Joven (<30),Moravia - Joven (<30),8369.0,5.0,16.39,7275.23,3752.29,35676.4,0,Sin evaluar
10807,13285,M,63,north Bohemia,Bohemia,Adulto Mayor (>50),Bohemia - Adulto Mayor (>50),9675.0,6.0,33.61,29.75,31423.83,55795.23,0,Buen Pagador
10812,13290,M,57,south Bohemia,Bohemia,Adulto Mayor (>50),Bohemia - Adulto Mayor (>50),8427.0,1.0,20.76,25033.14,23815.08,45509.45,0,Sin evaluar
10857,13346,M,42,east Bohemia,Bohemia,Adulto (30-50),Bohemia - Adulto (30-50),8187.0,5.0,26.94,24785.97,15909.61,23113.37,10,Sin evaluar
10884,13380,M,56,south Moravia,Moravia,Adulto Mayor (>50),Moravia - Adulto Mayor (>50),8403.0,6.0,46.32,4911.49,16329.1,46865.71,0,Sin evaluar
10904,13404,M,32,east Bohemia,Bohemia,Adulto (30-50),Bohemia - Adulto (30-50),9060.0,2.0,61.14,6539.94,6409.22,20072.19,5,Sin evaluar
10905,13405,M,40,north Bohemia,Bohemia,Adulto (30-50),Bohemia - Adulto (30-50),9272.0,3.0,25.3,11465.22,3931.23,48050.98,0,Sin evaluar
10906,13406,F,20,east Bohemia,Bohemia,Joven (<30),Bohemia - Joven (<30),8388.0,2.0,61.54,34577.38,33211.96,49015.23,2,Sin evaluar
10911,13412,M,44,Prague,Praga,Adulto (30-50),Praga - Adulto (30-50),12541.0,0.0,67.09,895.81,15290.71,39886.81,0,Buen Pagador
10915,13417,F,47,west Bohemia,Bohemia,Adulto (30-50),Bohemia - Adulto (30-50),8554.0,2.0,22.47,1206.05,7365.11,21450.59,0,Sin evaluar
10940,13447,F,28,central Bohemia,Bohemia,Joven (<30),Bohemia - Joven (<30),8598.0,3.0,63.57,26069.91,15371.72,47920.06,0,Buen Pagador
10942,13451,F,43,east Bohemia,Bohemia,Adulto (30-50),Bohemia - Adulto (30-50),8254.0,3.0,54.87,57409.75,43544.8,59423.22,0,Sin evaluar
10954,13468,M,38,west Bohemia,Bohemia,Adulto (30-50),Bohemia - Adulto (30-50),8554.0,2.0,29.08,14125.76,11365.2,41621.81,0,Sin evaluar
10963,13480,M,45,south Bohemia,Bohemia,Adulto (30-50),Bohemia - Adulto (30-50),8427.0,1.0,43.4,38805.85,35423.5,60348.93,0,Sin evaluar
10973,13490,F,29,south Bohemia,Bohemia,Joven (<30),Bohemia - Joven (<30),8968.0,3.0,68.37,45897.03,42975.37,59249.85,0,Buen Pagador
11013,13539,M,20,south Moravia,Moravia,Joven (<30),Moravia - Joven (<30),8288.0,4.0,70.51,46.8,30629.87,56912.58,0,Buen Pagador
11021,13548,M,22,Prague,Praga,Joven (<30),Praga - Joven (<30),12541.0,0.0,64.69,39402.57,35721.84,63229.39,2,Mal Pagador
11027,13556,M,40,north Bohemia,Bohemia,Adulto (30-50),Bohemia - Adulto (30-50),9272.0,3.0,29.17,2379.16,9677.24,31486.71,0,Sin evaluar
11042,13576,M,24,north Moravia,Moravia,Joven (<30),Moravia - Joven (<30),8994.0,4.0,47.05,85.02,25550.8,56111.07,0,Buen Pagador
11053,13588,M,24,east Bohemia,Bohemia,Joven (<30),Bohemia - Joven (<30),8369.0,2.0,19.15,48025.22,45823.86,56962.76,0,Sin evaluar
11054,13590,M,21,south Moravia,Moravia,Joven (<30),Moravia - Joven (<30),8444.0,3.0,34.96,5574.94,8158.38,33725.23,0,Sin evaluar
11065,13603,M,57,east Bohemia,Bohemia,Adulto Mayor (>50),Bohemia - Adulto Mayor (>50),8369.0,2.0,69.42,12910.1,11476.52,33499.9,0,Buen Pagador
11069,13608,F,35,north Bohemia,Bohemia,Adulto (30-50),Bohemia - Adulto (30-50),9065.0,4.0,42.97,27757.76,23954.83,54140.86,0,Sin evaluar
11079,13620,M,28,south Bohemia,Bohemia,Joven (<30),Bohemia - Joven (<30),8427.0,1.0,37.68,533.44,49450.29,73271.7,0,Buen Pagador
11096,13640,F,43,west Bohemia,Bohemia,Adulto (30-50),Bohemia - Adulto (30-50),8594.0,2.0,24.67,25799.43,15158.49,36255.73,0,Sin evaluar
11111,13657,F,35,south Moravia,Moravia,Adulto (30-50),Moravia - Adulto (30-50),8444.0,3.0,67.38,41799.51,34201.77,59002.2,0,Buen Pagador
11123,13673,M,27,north Bohemia,Bohemia,Joven (<30),Bohemia - Joven (<30),10446.0,7.0,29.34,17611.55,17798.74,25973.8,4,Sin evaluar
11135,13687,M,39,north Moravia,Moravia,Adulto (30-50),Moravia - Adulto (30-50),8819.0,5.0,62.69,17014.88,10430.37,39338.67,0,Buen Pagador
11138,13690,M,35,north Moravia,Moravia,Adulto (30-50),Moravia - Adulto (30-50),10177.0,7.0,40.44,66818.03,63029.15,73259.46,0,Buen Pagador
11141,13694,F,22,Prague,Praga,Joven (<30),Praga - Joven (<30),12541.0,0.0,22.6,39348.32,32873.81,61940.03,0,Buen Pagador
11186,13750,F,18,central Bohemia,Bohemia,Joven (<30),Bohemia - Joven (<30),8754.0,4.0,49.22,847.22,29387.14,67157.08,0,Sin evaluar
11231,13803,M,51,Prague,Praga,Adulto Mayor (>50),Praga - Adulto Mayor (>50),12541.0,0.0,22.8,298.25,34550.22,50357.6,0,Buen Pagador
11244,13820,F,50,north Bohemia,Bohemia,Adulto Mayor (>50),Bohemia - Adulto Mayor (>50),8705.0,6.0,23.59,42936.33,29412.97,45722.26,0,Sin evaluar
11265,13845,M,25,south Bohemia,Bohemia,Joven (<30),Bohemia - Joven (<30),9045.0,3.0,71.52,9089.57,5123.6,22010.19,0,Buen Pagador
11271,13852,M,26,central Bohemia,Bohemia,Joven (<30),Bohemia - Joven (<30),9307.0,4.0,39.36,1328.76,4199.16,23287.65,0,Sin evaluar
11295,13886,F,44,east Bohemia,Bohemia,Adulto (30-50),Bohemia - Adulto (30-50),8254.0,3.0,71.29,20545.84,13398.51,55132.9,2,Sin evaluar
11317,13912,M,23,east Bohemia,Bohemia,Joven (<30),Bohemia - Joven (<30),8187.0,5.0,17.68,63626.3,52815.67,66468.59,0,Sin evaluar
11320,13915,M,24,north Moravia,Moravia,Joven (<30),Moravia - Joven (<30),8909.0,4.0,67.19,18801.32,18465.25,32619.45,8,Sin evaluar
11325,13921,F,28,south Moravia,Moravia,Joven (<30),Moravia - Joven (<30),8544.0,1.0,26.51,18258.77,17139.76,37791.66,10,Sin evaluar
11327,13923,F,19,central Bohemia,Bohemia,Joven (<30),Bohemia - Joven (<30),9920.0,2.0,14.52,21719.97,13980.72,56689.61,0,Sin evaluar
11328,13924,F,46,south Moravia,Moravia,Adulto (30-50),Moravia - Adulto (30-50),9897.0,2.0,25.82,26733.58,23545.89,46942.37,0,Sin evaluar
11333,13931,M,56,central Bohemia,Bohemia,Adulto Mayor (>50),Bohemia - Adulto Mayor (>50),11277.0,1.0,55.2,30076.0,29309.11,46304.34,13,Sin evaluar
11349,13955,F,53,Prague,Praga,Adulto Mayor (>50),Praga - Adulto Mayor (>50),12541.0,0.0,43.2,342.59,29399.98,48769.49,0,Sin evaluar
11359,13968,M,30,south Moravia,Moravia,Adulto (30-50),Moravia - Adulto (30-50),8814.0,5.0,50.99,78.45,21667.56,36105.85,0,Buen Pagador
11362,13971,F,36,north Moravia,Moravia,Adulto (30-50),Moravia - Adulto (30-50),8110.0,6.0,38.57,17631.71,8706.77,30470.11,0,Buen Pagador
11382,13998,F,45,north Moravia,Moravia,Adulto (30-50),Moravia - Adulto (30-50),10673.0,5.0,40.38,4.95,31456.46,36379.73,8,Sin evaluar
