id_cuenta,producto,movimientos,monto_mensual,log_monto,rating
1,INGRESO_TRANSF,45.0,3657.0576540755465,8.204687589918883,3.9513
1,SERVICIOS_HOGAR,40.0,2166.556218246079,7.6813556452254135,3.7482
2,INGRESO_TRANSF,70.0,21936.043360433603,9.995931964512767,4.6467
2,SERVICIOS_HOGAR,65.0,6736.414206247326,8.815431481369547,4.1884
3,SEGURO,13.0,2583.211678832117,7.857175780599987,3.8164
3,SERVICIOS_HOGAR,13.0,828.4671532846716,6.720783510636308,3.3753
3,TRANSF_SALIENTE,13.0,238.68613138686132,5.479330281555646,2.8933
4,PENSION,34.0,5504.431486880467,8.613490426989875,4.11
4,SERVICIOS_HOGAR,59.0,2880.8163265306125,7.966176043276155,3.8588
5,PENSION,19.0,5001.206715634838,8.517634437179973,4.0728
5,SERVICIOS_HOGAR,14.0,1959.7061909758659,7.581059988849857,3.7092
6,PENSION,51.0,6653.345070422535,8.803025314329448,4.1836
6,SERVICIOS_HOGAR,47.0,3635.3286384976527,8.198729835838243,3.949
7,RETIRO_TARJETA,1.0,234.12698412698413,5.46012572619052,2.8859
7,SERVICIOS_HOGAR,20.0,3873.0158730158732,8.262046941278081,3.9736
8,SERVICIOS_HOGAR,35.0,2324.4342740910247,7.751662085134673,3.7755
8,TRANSF_SALIENTE,34.0,5802.390033053649,8.666197514245187,4.1305
10,SERVICIOS_HOGAR,23.0,5758.597365610538,8.658622849442965,4.1276
11,INGRESO_TRANSF,39.0,3521.085271317829,8.166808499812992,3.9366
11,SERVICIOS_HOGAR,35.0,1928.1653746770025,7.564842740012291,3.7029
12,PENSION,20.0,5784.705309303458,8.6631455525597,4.1293
12,SERVICIOS_HOGAR,30.0,2624.4520214320505,7.873008358842021,3.8226
13,PENSION,16.0,6612.879708383961,8.796925705953297,4.1813
13,SERVICIOS_HOGAR,11.0,1633.2928311057108,7.398965470566544,3.6386
14,RETIRO_TARJETA,6.0,517.9282868525896,6.251765697997543,3.1932
14,SERVICIOS_HOGAR,20.0,2891.633466135458,7.969922600141763,3.8602
15,SERVICIOS_HOGAR,59.0,2879.2374900714854,7.965628031560579,3.8585
17,SERVICIOS_HOGAR,2.0,339.96627318718384,5.831783566782603,3.0301
19,INGRESO_TRANSF,45.0,16554.496764115152,9.714473456424242,4.5375
19,SERVICIOS_HOGAR,32.0,10734.211113590716,9.281284376033875,4.3693
20,INGRESO_TRANSF,28.0,2981.5733522324595,8.00054174788002,3.8721
20,SERVICIOS_HOGAR,24.0,1703.4727143869598,7.441011083463299,3.6549
21,SERVICIOS_HOGAR,9.0,4409.3676814988285,8.391713339454963,4.024
22,SERVICIOS_HOGAR,52.0,5764.467713787086,8.659641559297318,4.128
23,SERVICIOS_HOGAR,62.0,5348.098633392751,8.584683345956075,4.0989
24,SERVICIOS_HOGAR,21.0,186.83574879227052,5.235567904315216,2.7987
24,TRANSF_SALIENTE,21.0,6459.782608695652,8.773505736295872,4.1722
25,SEGURO,27.0,152.11267605633802,5.031174095162685,2.7193
25,SERVICIOS_HOGAR,27.0,6322.878735829612,8.752088022913007,4.1639
25,TRANSF_SALIENTE,27.0,1029.5431123325318,6.93784123578003,3.4595
26,INGRESO_TRANSF,65.0,27000.324274243358,10.20364119097789,4.7274
26,SERVICIOS_HOGAR,60.0,9623.53304508956,9.172070643183215,4.3269
27,SERVICIOS_HOGAR,58.0,3723.3887569279495,8.2226580252492,3.9583
29,SEGURO,45.0,7.314099959366112,2.1179528637755034,1.5884
29,SERVICIOS_HOGAR,44.0,6142.299878098334,8.723117316202037,4.1526
29,TRANSF_SALIENTE,45.0,757.9236082893133,6.631901124490129,3.3408
31,SERVICIOS_HOGAR,53.0,9629.670525378451,9.172708131171776,4.3271
33,RETIRO_TARJETA,22.0,956.9825436408978,6.864829556135635,3.4312
33,SERVICIOS_HOGAR,59.0,3578.990024937656,8.1831152930606,3.943
34,INGRESO_TRANSF,63.0,34385.05674653216,10.44540643405855,4.8212
34,RETIRO_TARJETA,1.0,61.47540983606557,4.134773036700549,2.3713
34,SERVICIOS_HOGAR,58.0,458.953341740227,6.131125053339162,3.1464
34,TRANSF_SALIENTE,59.0,5645.1765447667085,8.638733877323277,4.1198
35,PENSION,65.0,5378.969761434432,8.590438032588814,4.1011
35,SERVICIOS_HOGAR,122.0,2209.755356328825,7.701089526308874,3.7558
36,SERVICIOS_HOGAR,62.0,3822.3939393939395,8.248893772958425,3.9685
37,SEGURO,14.0,82.65368228849665,4.426685446649229,2.4847
37,SERVICIOS_HOGAR,14.0,1974.3152769324406,7.588483298484932,3.7121
37,TRANSF_SALIENTE,14.0,2201.8259281801584,7.6974963278747826,3.7544
38,INGRESO_TRANSF,17.0,15278.042959427206,9.634237427213609,4.5063
38,SEGURO,12.0,163.24582338902147,5.10136422866407,2.7466
38,SERVICIOS_HOGAR,12.0,4941.050119331741,8.50553552800497,4.0681
38,TRANSF_SALIENTE,13.0,179.17661097852027,5.1939375419583795,2.7825
39,PENSION,63.0,6445.353982300885,8.771269975900324,4.1713
39,SERVICIOS_HOGAR,118.0,2904.314159292035,7.974296807773443,3.8619
40,SERVICIOS_HOGAR,58.0,30.77665219488664,3.4587318124156843,2.1089
40,TRANSF_SALIENTE,58.0,4011.2236694002254,8.297100897627605,3.9872
42,SEGURO,23.0,1285.6741573033707,7.159815995512192,3.5457
42,SERVICIOS_HOGAR,24.0,3572.191011235955,8.181214316218329,3.9422
42,TRANSF_SALIENTE,23.0,193.0126404494382,5.267923313896573,2.8112
43,RETIRO_TARJETA,35.0,1336.01756954612,7.198196718037381,3.5606
43,SERVICIOS_HOGAR,50.0,6029.465592972181,8.704579499505352,4.1454
44,PENSION,67.0,4155.959237926451,8.332539133557809,4.001
44,SERVICIOS_HOGAR,63.0,2180.9481612760305,7.687973408675437,3.7507
47,INGRESO_TRANSF,65.0,38382.08770846201,10.555372217301766,4.8639
47,SEGURO,60.0,130.63619518221122,4.880042020453326,2.6607
47,SERVICIOS_HOGAR,61.0,6537.059913526868,8.785395751134317,4.1768
47,TRANSF_SALIENTE,121.0,169.68807906114884,5.139837791750462,2.7615
48,RETIRO_TARJETA,2.0,204.48289421942587,5.325362790663518,2.8335
48,SERVICIOS_HOGAR,20.0,4929.610696028313,8.503218132798791,4.0672
48,TRANSF_SALIENTE,20.0,809.2803775068817,6.697380332842325,3.3662
49,PENSION,21.0,4691.982717234758,8.453823633118716,4.0481
49,SERVICIOS_HOGAR,16.0,2382.7172347575615,7.7764164115690075,3.7851
50,SERVICIOS_HOGAR,51.0,245.64010743061772,5.507930219154421,2.9044
50,TRANSF_SALIENTE,51.0,6414.037600716204,8.766400138406869,4.1694
51,RETIRO_TARJETA,4.0,413.64066940322067,6.027412288300417,3.1061
51,SERVICIOS_HOGAR,27.0,1768.171771392485,7.478266790289492,3.6693
51,TRANSF_SALIENTE,26.0,1688.7275023681716,7.432322553714093,3.6515
52,INGRESO_TRANSF,23.0,27713.851498046024,10.22972370365972,4.7375
52,SERVICIOS_HOGAR,19.0,462.0060790273556,6.1377401836487575,3.1489
52,TRANSF_SALIENTE,19.0,3071.515414676509,8.03025185840938,3.8836
53,PENSION,43.0,4295.982247138519,8.365668252311613,4.0138
53,SERVICIOS_HOGAR,39.0,2597.2669936930624,7.862599960885154,3.8185
54,INGRESO_TRANSF,44.0,3421.7776767447144,8.138207686594594,3.9255
54,SERVICIOS_HOGAR,40.0,2073.198454194135,7.637330070901347,3.7311
55,PENSION,34.0,4579.167878964214,8.42949093123214,4.0386
55,SERVICIOS_HOGAR,29.0,2603.8405586267095,7.865126746412854,3.8195
56,SERVICIOS_HOGAR,51.0,7422.190201729106,8.912364190085666,4.2261
57,SERVICIOS_HOGAR,39.0,3693.1750057643535,8.214512535317652,3.9552
58,PENSION,28.0,5752.637168141593,8.657587484796496,4.1272
58,SERVICIOS_HOGAR,22.0,1752.212389380531,7.469205035243693,3.6658
59,SERVICIOS_HOGAR,53.0,644.3064544341438,6.469725327114217,3.2778
59,TRANSF_SALIENTE,53.0,5738.499212873885,8.65512724036361,4.1262
61,PENSION,60.0,3975.927452596867,8.288264803300516,3.9838
61,SERVICIOS_HOGAR,111.0,2124.649629018961,7.661832742413046,3.7406
62,PENSION,69.0,5069.448864458267,8.531184626090099,4.0781
62,SERVICIOS_HOGAR,65.0,2137.2052654419213,7.6677220951345575,3.7429
63,PENSION,25.0,4933.228593872742,8.503951626351055,4.0675
63,SERVICIOS_HOGAR,41.0,1968.4603299293008,7.5855148400041434,3.711
65,RETIRO_TARJETA,12.0,928.9827255278311,6.835166011273533,3.4197
65,SEGURO,22.0,2872.2456813819576,7.963197569204828,3.8576
65,SERVICIOS_HOGAR,22.0,579.3474088291747,6.363626904963059,3.2366
65,TRANSF_SALIENTE,22.0,2799.616122840691,7.937594715828869,3.8477
66,INGRESO_TRANSF,61.0,48816.61467739288,10.795846483216064,4.9573
66,RETIRO_TARJETA,5.0,236.4143818748974,5.469807061111045,2.8896
67,INGRESO_TRANSF,50.0,44865.17857142857,10.71143952867117,4.9245
67,SERVICIOS_HOGAR,46.0,5834.880952380952,8.671780510596536,4.1327
67,TRANSF_SALIENTE,46.0,406.1507936507937,6.009183617194782,3.099
68,INGRESO_TRANSF,48.0,38233.416046319275,10.551491332609487,4.8624
68,RETIRO_TARJETA,13.0,1244.8304383788254,7.127557605318828,3.5332
68,SEGURO,43.0,121.81555004135649,4.810683636697541,2.6337
68,SERVICIOS_HOGAR,43.0,1516.025641025641,7.324506881661614,3.6096
68,TRANSF_SALIENTE,87.0,1133.3126550868487,7.033782156239822,3.4968
70,SERVICIOS_HOGAR,42.0,3757.2752748437165,8.231715427648297,3.9618
71,RETIRO_TARJETA,22.0,796.337882190361,6.681278531474384,3.3599
71,SEGURO,54.0,943.064432544481,6.850194418630315,3.4255
71,SERVICIOS_HOGAR,53.0,886.2325099326308,6.788107078661281,3.4014
71,TRANSF_SALIENTE,106.0,2178.9600967351876,7.687061851365696,3.7504
72,SERVICIOS_HOGAR,29.0,6790.546772068511,8.823433996092767,4.1916
72,TRANSF_SALIENTE,29.0,2183.596837944664,7.689186576978506,3.7512
73,RETIRO_TARJETA,47.0,1767.3740482747448,7.477815786586967,3.6692
73,SERVICIOS_HOGAR,58.0,5694.7675360440635,8.647478640468972,4.1232
75,SERVICIOS_HOGAR,36.0,2986.5550357054913,8.002210618063554,3.8727
76,SERVICIOS_HOGAR,27.0,4462.583306886702,8.403707154472736,4.0286
77,INGRESO_TRANSF,25.0,18532.137223974765,9.82731561007437,4.5813
78,SERVICIOS_HOGAR,61.0,8378.346755812187,9.033525237670611,4.2731
79,PENSION,25.0,4176.987614862165,8.337584977742123,4.0029
79,SERVICIOS_HOGAR,21.0,2339.1130643228125,7.757954525271138,3.7779
80,INGRESO_TRANSF,39.0,3366.7774086378736,8.122008283106283,3.9192
80,SERVICIOS_HOGAR,34.0,1956.7595195502172,7.579555996114547,3.7087
81,INGRESO_TRANSF,29.0,3037.907608695652,8.0192533905776,3.8794
81,SEGURO,24.0,186.68478260869566,5.23476386736339,2.7984
81,SERVICIOS_HOGAR,25.0,1498.8111413043478,7.3130944733664,3.6052
81,TRANSF_SALIENTE,24.0,50.54347826086956,3.9424256895763103,2.2967
83,SERVICIOS_HOGAR,64.0,2064.817518248175,7.633281319664457,3.7295
83,TRANSF_SALIENTE,64.0,3681.167883211679,8.21125695641128,3.9539
84,SERVICIOS_HOGAR,33.0,11348.135874067937,9.336896885567821,4.3909
85,SERVICIOS_HOGAR,17.0,3059.041803663692,8.026183856181115,3.882
86,INGRESO_TRANSF,70.0,3251.3606416499574,8.087136362935272,3.9057
86,SERVICIOS_HOGAR,65.0,932.827270123174,6.8392914854978475,3.4213
86,TRANSF_SALIENTE,66.0,1096.5339444285305,7.000821073335303,3.484
88,INGRESO_TRANSF,30.0,3410.958904109589,8.1350418640225,3.9243
88,SERVICIOS_HOGAR,26.0,1970.1971266288006,7.586396315662002,3.7113
90,SEGURO,49.0,3995.300261096606,8.29312427736011,3.9857
90,SERVICIOS_HOGAR,49.0,2534.9869451697127,7.838338167740125,3.8091
90,TRANSF_SALIENTE,98.0,2500.261096605744,7.824550322312188,3.8038
91,SERVICIOS_HOGAR,6.0,3544.0093059325322,8.173296064049532,3.9392
95,RETIRO_TARJETA,23.0,1284.3833185448093,7.158812255215516,3.5453
96,INGRESO_TRANSF,70.0,47759.016626403296,10.773944096190446,4.9488
96,RETIRO_TARJETA,17.0,595.4241864430865,6.390952136131144,3.2472
96,SEGURO,65.0,42.48969731419639,3.772524066691015,2.2307
96,SERVICIOS_HOGAR,66.0,851.6129032258063,6.748305638190093,3.386
96,TRANSF_SALIENTE,132.0,2611.1126900667896,7.867914632676549,3.8206
97,RETIRO_TARJETA,5.0,414.18261688107935,6.0287184641184925,3.1066
97,SEGURO,27.0,2.541575149042987,1.26457158553829,1.2571
97,SERVICIOS_HOGAR,27.0,1216.5673046752431,7.104610134476232,3.5243
97,TRANSF_SALIENTE,55.0,2130.9381863821777,7.664786791611284,3.7417
98,PENSION,20.0,4561.561561561562,8.425639490744718,4.0371
98,SERVICIOS_HOGAR,31.0,1818.7687687687687,7.50646472187224,3.6803
99,SERVICIOS_HOGAR,32.0,3418.6476868327404,8.137292809204203,3.9252
99,TRANSF_SALIENTE,32.0,3554.5432977461446,8.176263156930805,3.9403
100,SERVICIOS_HOGAR,56.0,557.2973872524547,6.3248917724781295,3.2216
100,TRANSF_SALIENTE,56.0,6830.1547678482275,8.82924901116502,4.1938
101,SERVICIOS_HOGAR,28.0,6926.315789473684,8.843227685185267,4.1992
101,TRANSF_SALIENTE,27.0,710.5263157894736,6.567412403197965,3.3157
102,SERVICIOS_HOGAR,35.0,1889.182269163066,7.5444285421143915,3.695
102,TRANSF_SALIENTE,37.0,223.2197151544247,5.412626442340307,2.8674
104,INGRESO_TRANSF,68.0,3039.3112505472054,8.019715174207699,3.8795
104,SERVICIOS_HOGAR,64.0,539.7927914781848,6.293036195272656,3.2092
104,TRANSF_SALIENTE,64.0,1367.2260323945718,7.221270312892399,3.5696
106,RETIRO_TARJETA,36.0,1337.540716612378,7.1993352820811385,3.5611
106,SERVICIOS_HOGAR,45.0,3421.722312703583,8.138191511284912,3.9255
107,SEGURO,58.0,899.5956655345302,6.803056394991721,3.4072
107,SERVICIOS_HOGAR,58.0,1890.1827591783924,7.544957710830542,3.6952
107,TRANSF_SALIENTE,57.0,1456.5744784085396,7.2845290170278565,3.5941
108,RETIRO_TARJETA,9.0,511.69910343319486,6.239689130071907,3.1885
108,SERVICIOS_HOGAR,40.0,4201.180844084846,8.343358918100188,4.0052
109,RETIRO_TARJETA,2.0,166.91212567501228,5.1234407811006335,2.7552
110,RETIRO_TARJETA,5.0,502.20563284696306,6.220998899375571,3.1812
110,SERVICIOS_HOGAR,24.0,2483.881913810655,7.817980417808339,3.8012
110,TRANSF_SALIENTE,24.0,79.80997624703089,4.392100426309301,2.4712
112,PENSION,70.0,6615.0753768844215,8.797257629759004,4.1814
112,SERVICIOS_HOGAR,65.0,1914.0703517587938,7.55750963815081,3.7001
113,PENSION,29.0,6349.129989764586,8.756230562506282,4.1655
113,SERVICIOS_HOGAR,25.0,2683.384510406005,7.89520674804169,3.8312
114,PENSION,21.0,4118.295507179249,8.32343743431944,3.9974
114,SERVICIOS_HOGAR,33.0,1598.008337193145,7.37713892682483,3.6301
115,RETIRO_TARJETA,22.0,620.8585422068568,6.432712642769665,3.2634
115,SERVICIOS_HOGAR,65.0,4784.6441947565545,8.473375922778828,4.0557
116,SERVICIOS_HOGAR,29.0,4807.826086956522,8.478208276547312,4.0575
117,PENSION,64.0,4915.288220551378,8.500309098046108,4.0661
117,SERVICIOS_HOGAR,60.0,2188.90977443609,7.6916156230742185,3.7522
118,INGRESO_TRANSF,15.0,3576.2491888384166,8.182349401031187,3.9427
118,SERVICIOS_HOGAR,10.0,1589.2277741726152,7.371632539150988,3.6279
119,SERVICIOS_HOGAR,62.0,7611.187146682535,8.937505813857712,4.2358
120,SERVICIOS_HOGAR,40.0,3730.8868501529055,8.224669242684701,3.9591
121,INGRESO_TRANSF,15.0,3250.853242320819,8.086980341211751,3.9056
121,SEGURO,10.0,268.259385665529,5.59567517398245,2.9385
121,SERVICIOS_HOGAR,10.0,541.9795221843003,6.297071606855035,3.2108
121,TRANSF_SALIENTE,10.0,634.1296928327645,6.453829218719922,3.2716
122,RETIRO_TARJETA,1.0,38.431975403535745,3.6745770456337543,2.1927
123,PENSION,69.0,4799.870726802643,8.476552581861952,4.0569
123,SERVICIOS_HOGAR,65.0,2815.857512209135,7.943377185201682,3.8499
124,INGRESO_TRANSF,12.0,2967.741935483871,7.995893551310671,3.8703
124,SEGURO,7.0,562.2001654259719,6.333635098568882,3.225
124,SERVICIOS_HOGAR,7.0,258.8089330024814,5.5599464877965765,2.9246
124,TRANSF_SALIENTE,8.0,380.479735318445,5.944057730882341,3.0737
126,SERVICIOS_HOGAR,56.0,6641.567619659492,8.801253857433037,4.1829
127,INGRESO_TRANSF,59.0,3369.139365133254,8.122709377130276,3.9195
127,SERVICIOS_HOGAR,55.0,2093.1930062807673,7.64692355828173,3.7348
128,RETIRO_TARJETA,44.0,1032.1296559567813,6.940347975238364,3.4605
129,PENSION,15.0,7007.3431241655535,8.854856593199253,4.2038
129,SERVICIOS_HOGAR,10.0,2281.041388518024,7.732825667206726,3.7682
130,PENSION,22.0,6640.939299955693,8.801159263074652,4.1829
130,SERVICIOS_HOGAR,17.0,2989.499335400975,8.003195654247829,3.8731
131,SERVICIOS_HOGAR,38.0,6157.052335132598,8.72551582717074,4.1535
132,RETIRO_TARJETA,2.0,236.81717713924849,5.471502215202415,2.8903
133,SERVICIOS_HOGAR,13.0,4386.279863481229,8.386464692949854,4.0219
133,TRANSF_SALIENTE,13.0,4546.006825938566,8.422224455019961,4.0358
134,RETIRO_TARJETA,1.0,173.50157728706625,5.1619337804959935,2.7701
136,PENSION,31.0,6262.84447260057,8.74254940859493,4.1602
136,SERVICIOS_HOGAR,26.0,2414.697497624327,7.7897433432785865,3.7903
137,SERVICIOS_HOGAR,24.0,2827.7551020408164,7.947592000584058,3.8515
137,TRANSF_SALIENTE,25.0,669.21768707483,6.507602565696296,3.2925
139,INGRESO_TRANSF,19.0,35209.104859335035,10.46908839025699,4.8304
141,INGRESO_TRANSF,34.0,32981.91489361702,10.403744975883454,4.8051
141,SEGURO,29.0,5755.437352245863,8.658074047095386,4.1274
141,SERVICIOS_HOGAR,30.0,3069.1489361702124,8.029481352814997,3.8833
141,TRANSF_SALIENTE,30.0,1587.7659574468084,7.370712866479538,3.6276
142,PENSION,70.0,4524.620405846459,8.417509953000232,4.034
142,SERVICIOS_HOGAR,66.0,1727.9693486590038,7.455280757740729,3.6604
143,PENSION,25.0,4904.382470119522,8.498088344519063,4.0652
143,SERVICIOS_HOGAR,21.0,1900.8764940239043,7.55059630620408,3.6974
144,RETIRO_TARJETA,2.0,267.55852842809367,5.593068873166499,2.9375
145,SERVICIOS_HOGAR,32.0,4290.726817042607,8.364444452387188,4.0134
146,PENSION,64.0,6302.893790082903,8.748922783375942,4.1626
146,SERVICIOS_HOGAR,59.0,3528.1870796183325,8.168822834346782,3.9374
148,INGRESO_TRANSF,66.0,3450.7462686567164,8.146635546795233,3.9288
148,SEGURO,61.0,1596.5023368008442,7.376196649036751,3.6297
148,SERVICIOS_HOGAR,61.0,447.86672697120457,6.106726021791505,3.1369
148,TRANSF_SALIENTE,61.0,81.84833408714006,4.4170116360921385,2.4809
151,SERVICIOS_HOGAR,60.0,386.5203761755486,5.959768431089763,3.0798
151,TRANSF_SALIENTE,60.0,2509.090909090909,7.828074250231264,3.8051
152,SERVICIOS_HOGAR,28.0,365.6652360515022,5.904449268433019,3.0584
152,TRANSF_SALIENTE,28.0,2569.0987124463522,7.851699586663838,3.8143
153,INGRESO_TRANSF,63.0,14839.144840643736,9.605091276824936,4.495
153,SERVICIOS_HOGAR,59.0,4229.9779110129375,8.350188429957901,4.0078
154,SERVICIOS_HOGAR,49.0,3508.630842841369,8.16326613794918,3.9353
155,SERVICIOS_HOGAR,33.0,2609.9523557437797,7.867470321019726,3.8204
156,INGRESO_TRANSF,14.0,3410.3568929321204,8.13486540694593,3.9242
156,SERVICIOS_HOGAR,9.0,1278.5164450664802,7.154237508246033,3.5435
157,PENSION,21.0,6875.437766209182,8.835856030300645,4.1964
157,SERVICIOS_HOGAR,17.0,3210.9323237103645,8.074628005016027,3.9009
158,SERVICIOS_HOGAR,41.0,3077.024358130349,8.032043227990107,3.8843
159,RETIRO_TARJETA,4.0,353.98230088495575,5.8720679315704345,3.0458
159,SERVICIOS_HOGAR,18.0,6924.424778761061,8.84295466906762,4.1991
160,SERVICIOS_HOGAR,59.0,2192.9857523093783,7.693475146880352,3.7529
160,TRANSF_SALIENTE,60.0,5215.594175669328,8.559600011165811,4.0891
161,PENSION,54.0,4426.377295492488,8.395562655098463,4.0254
161,SERVICIOS_HOGAR,99.0,2089.7978111667594,7.64530099995031,3.7342
162,PENSION,64.0,5171.83800623053,8.551176754266812,4.0859
162,SERVICIOS_HOGAR,60.0,3231.775700934579,8.081096397321323,3.9034
163,PENSION,71.0,6688.579465541491,8.80830629098827,4.1857
163,SERVICIOS_HOGAR,134.0,3513.0239099859355,8.164517072931616,3.9358
165,PENSION,67.0,6865.024630541872,8.834340561331604,4.1958
165,SERVICIOS_HOGAR,62.0,1654.8141513658757,7.41204810121117,3.6436
166,PENSION,28.0,4509.62962962963,8.41419203020919,4.0327
166,SERVICIOS_HOGAR,24.0,2576.931216931217,7.854742502356234,3.8155
167,RETIRO_TARJETA,2.0,149.38488576449913,5.013197912878813,2.7124
168,INGRESO_TRANSF,68.0,3013.795127678309,8.011287155833708,3.8763
168,SERVICIOS_HOGAR,64.0,1890.6956266510126,7.545228862807135,3.6953
169,SERVICIOS_HOGAR,34.0,4326.086956521739,8.372649836284047,4.0166
171,PENSION,31.0,6051.804878048781,8.70827705979451,4.1468
171,SERVICIOS_HOGAR,27.0,3060.878048780488,8.026783748115712,3.8823
172,RETIRO_TARJETA,1.0,37.482430110885524,3.6502017763732564,2.1832
172,SERVICIOS_HOGAR,60.0,3955.3334374511946,8.283072975705151,3.9818
173,SEGURO,57.0,685.2306182531894,6.531213749442298,3.3017
173,SERVICIOS_HOGAR,57.0,5832.384690873405,8.671352675354466,4.1325
173,TRANSF_SALIENTE,114.0,1507.5073601570166,7.318875937710194,3.6075
174,INGRESO_TRANSF,28.0,3393.969849246231,8.130050159024416,3.9224
174,SERVICIOS_HOGAR,23.0,1765.86503948313,7.476962091068331,3.6688
176,SEGURO,26.0,88.12019566736548,4.4899859717259964,2.5092
176,SERVICIOS_HOGAR,26.0,4146.191474493361,8.330186630989843,4.0001
176,TRANSF_SALIENTE,26.0,32.70440251572327,3.5176284672746188,2.1318
178,INGRESO_TRANSF,16.0,3018.73417721519,8.012924085705187,3.8769
178,SERVICIOS_HOGAR,11.0,1031.7721518987341,6.940001875476743,3.4604
178,TRANSF_SALIENTE,11.0,351.5822784810126,5.865284009146015,3.0431
179,SEGURO,12.0,296.8586387434555,5.69661900732526,2.9777
179,SERVICIOS_HOGAR,11.0,5482.002617801048,8.609408152843484,4.1085
179,TRANSF_SALIENTE,22.0,4084.6858638743456,8.315244891334045,3.9943
180,INGRESO_TRANSF,60.0,24970.602807597028,10.12549457054485,4.697
180,RETIRO_TARJETA,3.0,117.25846407927334,4.772872602647878,2.6191
181,RETIRO_TARJETA,17.0,1135.399673735726,7.035620362876618,3.4975
181,SERVICIOS_HOGAR,26.0,5751.3866231647635,8.657370112574009,4.1271
183,SERVICIOS_HOGAR,56.0,4805.542725173211,8.477733336506873,4.0573
183,TRANSF_SALIENTE,56.0,694.6882217090069,6.544901602656923,3.307
185,RETIRO_TARJETA,2.0,128.41987716359574,4.8630619804986726,2.6541
185,SERVICIOS_HOGAR,14.0,5101.284198771636,8.537443600555248,4.0805
186,SERVICIOS_HOGAR,59.0,6220.928088506454,8.7358351197737,4.1575
187,PENSION,69.0,4189.107478663388,8.340481663819508,4.0041
187,SERVICIOS_HOGAR,64.0,2590.3659771445105,7.859940419967715,3.8175
188,SERVICIOS_HOGAR,63.0,6842.738043001316,8.831089358856024,4.1945
189,SEGURO,16.0,280.9756097560976,5.641820576971014,2.9564
189,SERVICIOS_HOGAR,16.0,3312.390243902439,8.105727187063101,3.9129
189,TRANSF_SALIENTE,16.0,585.3658536585366,6.373943918417461,3.2406
190,SEGURO,41.0,37.43478260869565,3.6489628467084936,2.1827
190,SERVICIOS_HOGAR,41.0,4027.804347826087,8.301224923035825,3.9888
190,TRANSF_SALIENTE,82.0,4054.5434782608695,8.307839984266856,3.9914
191,INGRESO_TRANSF,21.0,47315.449046067944,10.764613273984699,4.9452
192,PENSION,71.0,5800.181260457334,8.66581684139358,4.1304
192,SERVICIOS_HOGAR,67.0,3347.197434467373,8.116177400739044,3.917
193,SERVICIOS_HOGAR,20.0,5856.67215815486,8.675507561013612,4.1341
194,INGRESO_TRANSF,29.0,3975.741890959282,8.28821814266387,3.9838
194,SERVICIOS_HOGAR,25.0,2284.3340234644584,7.734267473592158,3.7687
195,RETIRO_TARJETA,4.0,416.6666666666667,6.034683666227958,3.1089
195,SERVICIOS_HOGAR,17.0,4819.746376811595,8.48068404501754,4.0585
196,RETIRO_TARJETA,32.0,1165.095872603185,7.061416587032145,3.5075
196,SEGURO,56.0,2324.081897952551,7.751510542326902,3.7754
196,SERVICIOS_HOGAR,57.0,1176.3080922976926,7.070985833667674,3.5112
196,TRANSF_SALIENTE,113.0,4375.96685082873,8.38411126367095,4.021
197,SERVICIOS_HOGAR,66.0,8895.979469632164,9.093467112681372,4.2964
198,PENSION,62.0,4285.865894838398,8.363311184288863,4.0129
198,SERVICIOS_HOGAR,115.0,2638.0768612317092,7.878184461214364,3.8246
199,INGRESO_TRANSF,26.0,2959.9235181644362,7.993256498036298,3.8693
199,SERVICIOS_HOGAR,22.0,1669.1395793499046,7.420662482367194,3.647
200,RETIRO_TARJETA,20.0,919.3697868396663,6.824775531502981,3.4156
201,SERVICIOS_HOGAR,46.0,8827.873448137765,9.085782703141335,4.2934
204,INGRESO_TRANSF,35.0,2878.302417088252,7.965303327502087,3.8584
204,SERVICIOS_HOGAR,31.0,1698.9881956155143,7.43837658626462,3.6539
205,SERVICIOS_HOGAR,10.0,2913.2203389830506,7.977357597823484,3.8631
206,SERVICIOS_HOGAR,40.0,2592.228673514962,7.86065897043351,3.8178
207,SEGURO,60.0,2507.8196872125113,7.827567677387939,3.8049
207,SERVICIOS_HOGAR,60.0,370.7451701931923,5.918208593172994,3.0637
207,TRANSF_SALIENTE,61.0,9.352959214964734,2.337272393334966,1.6735
208,SEGURO,29.0,862.5641025641027,6.761068130574422,3.3909
208,SERVICIOS_HOGAR,29.0,3628.7179487179487,8.196910224162389,3.9483
208,TRANSF_SALIENTE,57.0,2006.1236802413273,7.604457971332772,3.7183
209,INGRESO_TRANSF,25.0,3453.373015873016,8.147396248206473,3.9291
209,SEGURO,20.0,1425.3968253968255,7.262906840941312,3.5857
209,SERVICIOS_HOGAR,21.0,402.5,6.000176487710004,3.0955
209,TRANSF_SALIENTE,20.0,32.53968253968254,3.512729291224524,2.1298
210,SERVICIOS_HOGAR,28.0,6300.83632019116,8.74859634930318,4.1625
212,INGRESO_TRANSF,71.0,53531.89401373896,10.888051585324876,4.9931
212,RETIRO_TARJETA,3.0,142.9973363241273,4.969794801655799,2.6955
212,SERVICIOS_HOGAR,66.0,12806.75732510865,9.457806307363123,4.4378
213,RETIRO_TARJETA,13.0,523.9520958083832,6.263307012349177,3.1977
213,SERVICIOS_HOGAR,36.0,5052.395209580838,8.527815615093296,4.0768
214,INGRESO_TRANSF,21.0,3037.5172413793102,8.019124925865485,3.8793
214,SERVICIOS_HOGAR,17.0,1639.0344827586207,7.402472546669529,3.6399
215,INGRESO_TRANSF,13.0,3140.9263477600607,8.052591377344147,3.8923
215,SERVICIOS_HOGAR,9.0,1449.4305239179955,7.279615704391558,3.5922
216,PENSION,55.0,6399.495677233429,8.764130715916423,4.1685
216,SERVICIOS_HOGAR,101.0,2728.079971181556,7.911719824486218,3.8376
217,SERVICIOS_HOGAR,42.0,3068.8212927756654,8.029374628064668,3.8833
219,RETIRO_TARJETA,1.0,60.271220492214965,4.115310246438217,2.3638
219,SERVICIOS_HOGAR,35.0,2053.2395781014566,7.62766102346337,3.7273
219,TRANSF_SALIENTE,35.0,2626.3184329482674,7.873718997774741,3.8229
220,PENSION,68.0,5215.01527717154,8.559489032507786,4.0891
220,SERVICIOS_HOGAR,64.0,2882.0020369562053,7.966587404178633,3.8589
221,SERVICIOS_HOGAR,22.0,6676.095311299001,8.806438338325256,4.185
222,INGRESO_TRANSF,69.0,37105.40618260245,10.521544907074704,4.8508
222,RETIRO_TARJETA,2.0,56.07476635514019,4.044362098761229,2.3362
223,RETIRO_TARJETA,21.0,894.1563013377141,6.796998341393512,3.4049
224,PENSION,26.0,5749.464012251148,8.657035828318314,4.127
224,SERVICIOS_HOGAR,22.0,2950.459418070444,7.990055044991247,3.868
225,SERVICIOS_HOGAR,60.0,3117.014742014742,8.044951777642062,3.8893
225,TRANSF_SALIENTE,61.0,1.8734643734643732,1.0555184005816387,1.1759
226,RETIRO_TARJETA,6.0,652.8590724898694,6.482891842747368,3.2829
226,SERVICIOS_HOGAR,18.0,7235.6596127870325,8.88691499946221,4.2162
227,INGRESO_TRANSF,45.0,48513.69073992025,10.789621932914095,4.9549
227,SERVICIOS_HOGAR,40.0,8312.804607886575,9.025672617959145,4.2701
228,SERVICIOS_HOGAR,58.0,1789.283449587825,7.490129238023532,3.6739
228,TRANSF_SALIENTE,59.0,2018.421052631579,7.610566141707311,3.7207
229,PENSION,19.0,5553.379457158063,8.622341986951392,4.1135
229,SERVICIOS_HOGAR,15.0,1999.7339010111762,7.601269342737799,3.7171
230,SEGURO,30.0,929.701230228471,6.835938313022178,3.42
230,SERVICIOS_HOGAR,30.0,4934.094903339192,8.504127182349178,4.0676
230,TRANSF_SALIENTE,30.0,1341.8277680140598,7.202532944080376,3.5623
231,INGRESO_TRANSF,45.0,3114.15220293725,8.044033291323947,3.889
231,SERVICIOS_HOGAR,41.0,1891.2550066755675,7.545524522070606,3.6954
232,RETIRO_TARJETA,2.0,521.4723926380368,6.258572145386651,3.1958
232,SERVICIOS_HOGAR,8.0,2234.9693251533745,7.712430115555385,3.7602
234,PENSION,65.0,5762.129996948428,8.65923600834839,4.1278
234,SERVICIOS_HOGAR,60.0,2571.5593530668293,7.852656539576869,3.8147
235,INGRESO_TRANSF,63.0,3333.5243553008595,8.112085326079532,3.9154
235,SERVICIOS_HOGAR,59.0,840.5762496020376,6.73527662105534,3.3809
235,TRANSF_SALIENTE,59.0,1240.6717605858007,7.124213944622344,3.5319
237,INGRESO_TRANSF,57.0,2898.305084745763,7.972226361309943,3.8611
237,SERVICIOS_HOGAR,52.0,138.1093831906343,4.935260553093094,2.6821
237,TRANSF_SALIENTE,52.0,1624.6024812161454,7.39363378372167,3.6365
238,INGRESO_TRANSF,64.0,3323.4774523477454,8.109067783550822,3.9142
238,SERVICIOS_HOGAR,59.0,2042.5538509220517,7.622445654955649,3.7253
239,SEGURO,64.0,138.95157834595057,4.941296493825345,2.6844
239,SERVICIOS_HOGAR,65.0,967.4332238251677,6.875679532431995,3.4354
239,TRANSF_SALIENTE,65.0,5565.990572775318,8.62460989477006,4.1144
240,SERVICIOS_HOGAR,16.0,7654.699154649428,8.943205636990987,4.2381
241,INGRESO_TRANSF,27.0,3874.2603550295858,8.26236812792514,3.9737
241,SEGURO,23.0,518.8609467455622,6.253561365710327,3.1939
241,SERVICIOS_HOGAR,22.0,1093.491124260355,6.9980448075288075,3.4829
241,TRANSF_SALIENTE,23.0,537.5739644970414,6.2889248399908535,3.2076
242,SERVICIOS_HOGAR,23.0,870.4918032786885,6.770206459613136,3.3945
242,TRANSF_SALIENTE,24.0,2546.258018531718,7.842772772766494,3.8108
243,SERVICIOS_HOGAR,55.0,2729.5307443365696,7.912251281128369,3.8378
244,INGRESO_TRANSF,70.0,3932.6732673267325,8.277328941947944,3.9795
244,RETIRO_TARJETA,6.0,104.66760961810466,4.6602984089999975,2.5754
244,SEGURO,66.0,216.57708628005656,5.3825532074153415,2.8557
244,SERVICIOS_HOGAR,66.0,2044.4130127298442,7.6233550103003624,3.7257
244,TRANSF_SALIENTE,66.0,210.97595473833096,5.356472847193751,2.8456
246,PENSION,12.0,4358.866396761134,8.380196692928882,4.0195
246,SERVICIOS_HOGAR,7.0,1116.5991902834007,7.0189380834287105,3.491
248,INGRESO_TRANSF,45.0,27069.91996442864,10.206215366679151,4.7284
249,SERVICIOS_HOGAR,21.0,4738.0722891566265,8.463596675946334,4.0519
249,TRANSF_SALIENTE,21.0,1582.1686746987953,7.367183608025653,3.6262
250,SERVICIOS_HOGAR,15.0,2333.333333333333,7.755481618987408,3.777
251,SERVICIOS_HOGAR,29.0,2702.955514929921,7.902470985448355,3.834
252,PENSION,24.0,5761.987577639752,8.659211295897254,4.1278
252,SERVICIOS_HOGAR,20.0,1463.354037267081,7.289169494019746,3.5959
253,RETIRO_TARJETA,12.0,610.4177970699945,6.415780517750772,3.2569
255,INGRESO_TRANSF,26.0,42014.56160679799,10.64579534308955,4.899
255,SERVICIOS_HOGAR,21.0,4317.6129779837775,8.370689559773014,4.0158
256,RETIRO_TARJETA,12.0,536.697247706422,6.2872956651609515,3.207
257,SERVICIOS_HOGAR,25.0,9356.67107001321,9.143951721205195,4.316
258,PENSION,18.0,6267.531003382188,8.743297316445132,4.1604
258,SERVICIOS_HOGAR,14.0,2949.154453213078,7.989612804984667,3.8678
259,PENSION,62.0,6513.544854243839,8.781792625912681,4.1754
259,SERVICIOS_HOGAR,116.0,2946.2393300048316,7.988624190843292,3.8675
260,SERVICIOS_HOGAR,34.0,4625.304640912626,8.439513694689817,4.0425
261,INGRESO_TRANSF,27.0,3882.6362957430915,8.264527183353824,3.9746
261,SERVICIOS_HOGAR,22.0,1792.5317401045556,7.491941994114073,3.6746
261,TRANSF_SALIENTE,23.0,318.63330843913366,5.767174427607907,3.0051
263,SERVICIOS_HOGAR,23.0,5916.073670992047,8.68559729333301,4.138
264,SERVICIOS_HOGAR,30.0,2859.901989045835,7.958892234877089,3.8559
265,PENSION,30.0,6163.7642330877425,8.726605172059017,4.154
265,SERVICIOS_HOGAR,27.0,2622.237106496986,7.8721643709385445,3.8223
266,INGRESO_TRANSF,56.0,54495.81612497756,10.905897559219655,5.0
266,RETIRO_TARJETA,2.0,91.5783803196265,4.528055640522743,2.524
267,PENSION,44.0,4826.159764652637,8.482013533238439,4.059
267,SERVICIOS_HOGAR,40.0,2782.5299841593123,7.931475179672356,3.8453
268,SERVICIOS_HOGAR,24.0,2410.0386100386104,7.787812892170993,3.7895
269,INGRESO_TRANSF,28.0,3216.7023554603857,8.076422829632634,3.9016
269,SERVICIOS_HOGAR,23.0,374.30406852248393,5.927736546802929,3.0674
269,TRANSF_SALIENTE,23.0,1387.2234118486795,7.23578008765931,3.5752
270,RETIRO_TARJETA,7.0,355.6308213378493,5.876701132815368,3.0476
270,SERVICIOS_HOGAR,42.0,4856.138865368332,8.488204832706716,4.0614
271,PENSION,29.0,7007.487753673899,8.854877229748215,4.2038
271,SERVICIOS_HOGAR,24.0,1289.0132960111966,7.162407804288025,3.5467
272,SERVICIOS_HOGAR,21.0,5963.2,8.693530209862935,4.1411
273,INGRESO_TRANSF,65.0,14169.853836784408,9.558942587523171,4.4771
273,SEGURO,61.0,1705.1766138855053,7.442010247831313,3.6553
273,SERVICIOS_HOGAR,61.0,5539.966504263093,8.61992422377835,4.1125
273,TRANSF_SALIENTE,61.0,165.31668696711327,5.113893723721208,2.7514
274,SERVICIOS_HOGAR,59.0,9062.678682411435,9.112030352213134,4.3036
275,INGRESO_TRANSF,36.0,3395.6594323873123,8.130547707729114,3.9226
275,SERVICIOS_HOGAR,31.0,170.78464106844743,5.146241605486487,2.764
275,TRANSF_SALIENTE,31.0,1778.575403450195,7.484130077444032,3.6716
276,INGRESO_TRANSF,13.0,30504.470588235294,10.325661310060482,4.7747
276,RETIRO_TARJETA,1.0,282.3529411764706,5.646693262574005,2.9583
276,SERVICIOS_HOGAR,8.0,3270.274509803922,8.092934946305068,3.908
277,RETIRO_TARJETA,8.0,301.67797215280257,5.712669442163342,2.9839
278,RETIRO_TARJETA,5.0,344.93284493284494,5.846244666430398,3.0358
278,SERVICIOS_HOGAR,28.0,2873.504273504274,7.963635511757065,3.8578
279,INGRESO_TRANSF,68.0,2982.0037917456616,8.000686055632164,3.8721
279,SERVICIOS_HOGAR,64.0,582.4121335861164,6.368893855273766,3.2387
279,TRANSF_SALIENTE,64.0,1288.026833892373,7.161642820327137,3.5464
280,SERVICIOS_HOGAR,67.0,3136.010108100519,8.051025430404332,3.8917
280,TRANSF_SALIENTE,66.0,4349.347185174785,8.378010933581725,4.0186
281,RETIRO_TARJETA,1.0,114.85451761102603,4.752335245465743,2.6111
281,SERVICIOS_HOGAR,22.0,4698.162327718223,8.455139543668567,4.0486
282,SERVICIOS_HOGAR,14.0,5365.59796437659,8.587949460553544,4.1001
282,TRANSF_SALIENTE,14.0,571.3994910941476,6.349837158608085,3.2313
283,PENSION,32.0,4774.838112858464,8.471324758530299,4.0549
283,SERVICIOS_HOGAR,27.0,2332.839962997225,7.755270242799496,3.7769
284,INGRESO_TRANSF,17.0,20587.392550143268,9.932482727530026,4.6221
284,SERVICIOS_HOGAR,12.0,3870.9455587392554,8.26151238805466,3.9734
286,RETIRO_TARJETA,10.0,714.9321266968326,6.573585367351149,3.3181
286,SERVICIOS_HOGAR,29.0,8615.143288084464,9.061392849162711,4.2839
287,PENSION,62.0,4552.454530822469,8.423641461413375,4.0363
287,SERVICIOS_HOGAR,116.0,2188.186061483985,7.691285092304485,3.752
288,PENSION,45.0,5260.061579063119,8.568088106483275,4.0924
288,SERVICIOS_HOGAR,82.0,3123.4660215526724,8.047018674466885,3.8901
289,SERVICIOS_HOGAR,53.0,5296.3124021568965,8.574954876991942,4.0951
289,TRANSF_SALIENTE,52.0,2370.707949208558,7.771365628257502,3.7831
290,SERVICIOS_HOGAR,56.0,2437.9389563505088,7.799318369756138,3.794
290,TRANSF_SALIENTE,56.0,3008.5986215950115,8.00956200054394,3.8756
291,SERVICIOS_HOGAR,16.0,52.87846481876332,3.986730858537194,2.3139
291,TRANSF_SALIENTE,17.0,11712.420042643922,9.368490475661737,4.4032
292,PENSION,22.0,4672.6368159203985,8.44969280902465,4.0465
292,SERVICIOS_HOGAR,17.0,1527.001356852103,7.331715857718286,3.6124
293,SEGURO,16.0,1097.739829231542,7.001919192284454,3.4844
293,SERVICIOS_HOGAR,16.0,1314.7162230035158,7.182136452616908,3.5544
293,TRANSF_SALIENTE,16.0,679.0557508789553,6.522174781396135,3.2982
294,RETIRO_TARJETA,2.0,92.35936188077245,4.536456152916086,2.5273
294,SEGURO,19.0,342.9890848026868,5.840609926645237,3.0336
294,SERVICIOS_HOGAR,19.0,4659.865659109992,8.44695647362525,4.0454
294,TRANSF_SALIENTE,38.0,240.09235936188077,5.485180093942038,2.8956
295,SERVICIOS_HOGAR,8.0,4224.773413897281,8.348957579582205,4.0074
296,INGRESO_TRANSF,34.0,3909.064581523313,8.271309169856641,3.9772
296,SERVICIOS_HOGAR,30.0,2298.8705473501304,7.740608116572438,3.7712
300,PENSION,66.0,6863.92032593934,8.83417971229923,4.1957
300,RETIRO_TARJETA,18.0,451.18454806096275,6.114090388673936,3.1397
300,SERVICIOS_HOGAR,62.0,1523.1024596348273,7.329160964718221,3.6115
301,INGRESO_TRANSF,39.0,2874.1496598639455,7.963860007481456,3.8579
301,SERVICIOS_HOGAR,35.0,1719.5767195767196,7.450414815685807,3.6585
302,PENSION,32.0,6490.737240075615,8.77828545339695,4.174
302,SERVICIOS_HOGAR,28.0,2854.6943919344676,7.957070312108778,3.8552
303,RETIRO_TARJETA,2.0,201.98562136254708,5.313135145806804,2.8288
303,SERVICIOS_HOGAR,25.0,3254.8784662786716,8.088217400344305,3.9061
304,INGRESO_TRANSF,21.0,35673.11827956989,10.482180726680669,4.8355
304,SERVICIOS_HOGAR,17.0,11418.373071528751,9.343066584288788,4.3933
305,PENSION,26.0,4361.226808027262,8.38073794174802,4.0197
305,SERVICIOS_HOGAR,22.0,2459.9015524422566,7.8082830465199065,3.7975
306,SERVICIOS_HOGAR,62.0,3396.255242660275,8.130723103006503,3.9226
307,RETIRO_TARJETA,1.0,142.9422275163788,4.9694120212717054,2.6954
311,RETIRO_TARJETA,9.0,1330.5489260143197,7.194098149614068,3.559
311,SEGURO,13.0,2617.8400954653935,7.8704867870749755,3.8216
311,SERVICIOS_HOGAR,12.0,3420.286396181384,8.137771898568346,3.9254
311,TRANSF_SALIENTE,25.0,541.945107398568,6.2970082234768405,3.2108
312,SERVICIOS_HOGAR,32.0,6963.1857421331115,8.848535972291888,4.2013
313,INGRESO_TRANSF,30.0,3461.6158229969833,8.149779600621182,3.93
313,SERVICIOS_HOGAR,26.0,1999.4636272209186,7.601134246287918,3.717
314,INGRESO_TRANSF,35.0,39888.733997155054,10.59387427646797,4.8789
314,SERVICIOS_HOGAR,31.0,12074.566145092462,9.398939363143615,4.415
317,PENSION,70.0,5945.78313253012,8.69060570234083,4.14
317,SERVICIOS_HOGAR,65.0,2860.298336201951,7.9590307645105245,3.856
318,SERVICIOS_HOGAR,47.0,2609.2851592851594,7.867214750779786,3.8203
319,SEGURO,36.0,389.29035612165325,5.966890964994938,3.0826
319,SERVICIOS_HOGAR,36.0,989.1343904341045,6.897840681828958,3.444
319,TRANSF_SALIENTE,36.0,2055.003899142189,7.6285195230431935,3.7277
321,PENSION,61.0,5110.2222943371735,8.539193851138297,4.0812
321,SERVICIOS_HOGAR,56.0,1704.624371247769,7.441686522828028,3.6551
322,SERVICIOS_HOGAR,65.0,6055.326411605746,8.708858692542888,4.1471
323,PENSION,22.0,6771.364250337686,8.820605529511434,4.1905
323,SERVICIOS_HOGAR,18.0,2451.5983791085096,7.8049033044406935,3.7961
324,PENSION,28.0,5232.283185840708,8.562794120298948,4.0904
324,SERVICIOS_HOGAR,48.0,1757.7345132743362,7.4723498028599575,3.667
325,PENSION,27.0,5890.451324132787,8.681257651069325,4.1364
325,SERVICIOS_HOGAR,23.0,2351.473330846699,7.763222534879526,3.78
326,PENSION,17.0,5433.5315101070155,8.600528597147628,4.105
326,SERVICIOS_HOGAR,26.0,2664.9227110582638,7.888305509717617,3.8285
327,SERVICIOS_HOGAR,63.0,3059.677419354839,8.02639154931987,3.8821
327,TRANSF_SALIENTE,63.0,3579.9731182795704,8.183389863206664,3.9431
328,PENSION,15.0,6787.475665152499,8.822981698317479,4.1914
328,SERVICIOS_HOGAR,22.0,1736.015574302401,7.459923732408393,3.6622
329,RETIRO_TARJETA,1.0,109.93176648976498,4.708915295988376,2.5942
329,SERVICIOS_HOGAR,22.0,660.5003790750569,6.494510556608598,3.2874
329,TRANSF_SALIENTE,22.0,2593.6315390447307,7.861199796711198,3.818
331,PENSION,39.0,6687.143956889916,8.808091679187479,4.1856
331,SERVICIOS_HOGAR,34.0,3078.0600461893764,8.032379649582142,3.8845
332,INGRESO_TRANSF,35.0,3663.1564167368715,8.206353415040265,3.952
332,SERVICIOS_HOGAR,30.0,2009.2670598146588,7.606022857806704,3.7189
333,INGRESO_TRANSF,24.0,2967.092783505155,7.995674865087446,3.8702
333,SEGURO,19.0,228.7835051546392,5.43713758370281,2.8769
333,SERVICIOS_HOGAR,20.0,1347.6288659793815,7.2068437004755195,3.564
333,TRANSF_SALIENTE,20.0,59.381443298969074,4.100681827586399,2.3581
334,SERVICIOS_HOGAR,62.0,2188.6691449814125,7.691505736046563,3.7521
334,TRANSF_SALIENTE,62.0,1076.817843866171,6.982693761185481,3.4769
335,PENSION,35.0,5658.415841584158,8.641075957670218,4.1208
335,SERVICIOS_HOGAR,31.0,2365.120226308345,7.7690068574097815,3.7822
336,SERVICIOS_HOGAR,34.0,3590.7037133212157,8.18638194086444,3.9442
338,INGRESO_TRANSF,37.0,3340.0855157669694,8.114051037888801,3.9162
338,SERVICIOS_HOGAR,32.0,1925.8150721539282,7.563623697101394,3.7025
339,INGRESO_TRANSF,28.0,51668.874411871155,10.852630190697111,4.9793
339,RETIRO_TARJETA,2.0,217.15526601520088,5.385207038701604,2.8568
339,SERVICIOS_HOGAR,23.0,3402.135360115816,8.132452450411513,3.9233
339,TRANSF_SALIENTE,23.0,39.95656894679696,3.7125122112753495,2.2074
340,PENSION,62.0,5783.327948303716,8.662907461453894,4.1292
340,SERVICIOS_HOGAR,114.0,1674.0872374798062,7.423620524980438,3.6481
342,INGRESO_TRANSF,26.0,3421.6704288939054,8.138176352531678,3.9255
342,SERVICIOS_HOGAR,22.0,1930.1730624529723,7.56588290164044,3.7034
343,INGRESO_TRANSF,56.0,3745.9594161623354,8.228699967713503,3.9607
343,SERVICIOS_HOGAR,51.0,2274.0299038803846,7.729748475861468,3.767
344,SERVICIOS_HOGAR,57.0,4429.698261725156,8.396312471775191,4.0257
345,SERVICIOS_HOGAR,56.0,8051.255298337137,8.993707492458881,4.2577
346,SERVICIOS_HOGAR,67.0,7367.006422786931,8.904902449648516,4.2232
348,RETIRO_TARJETA,2.0,87.95309168443497,4.48810917106189,2.5085
349,SERVICIOS_HOGAR,14.0,3477.6119402985073,8.154388625469315,3.9318
350,PENSION,26.0,6171.331828442439,8.72783197555736,4.1544
350,SERVICIOS_HOGAR,21.0,2995.146726862303,8.005082317691016,3.8739
351,RETIRO_TARJETA,9.0,513.1637661758143,6.242541825946376,3.1896
352,PENSION,54.0,4358.263772954925,8.380058462670716,4.0194
352,SERVICIOS_HOGAR,49.0,1810.573177518086,7.501950905609812,3.6785
353,PENSION,40.0,6667.665418227217,8.805175031667245,4.1845
353,SERVICIOS_HOGAR,72.0,3205.3932584269664,8.07290198891178,3.9002
354,SERVICIOS_HOGAR,58.0,4456.724110162667,8.40239362557107,4.0281
355,INGRESO_TRANSF,35.0,12944.651029748284,9.468515182906229,4.442
355,SERVICIOS_HOGAR,31.0,4444.279176201373,8.3995979527702,4.027
355,TRANSF_SALIENTE,31.0,2595.4519450800913,7.861901155537559,3.8183
356,RETIRO_TARJETA,7.0,499.40546967895364,6.215418709146434,3.1791
356,SERVICIOS_HOGAR,29.0,3610.344827586207,8.191835510372675,3.9464
357,INGRESO_TRANSF,33.0,3037.6446158409967,8.019166844927277,3.8793
357,SERVICIOS_HOGAR,29.0,1538.1785820231385,7.339004164808871,3.6153
357,TRANSF_SALIENTE,29.0,240.8780777217443,5.488433788134076,2.8969
358,INGRESO_TRANSF,61.0,3113.8033272936914,8.043921291922913,3.8889
358,SEGURO,57.0,25.35002470762642,3.2714692126577636,2.0362
358,SERVICIOS_HOGAR,57.0,499.4893757206391,6.215586371198582,3.1791
358,TRANSF_SALIENTE,112.0,1390.0840059298303,7.2378385825728095,3.576
359,PENSION,48.0,5243.896424167695,8.56501077309827,4.0912
359,SERVICIOS_HOGAR,44.0,3204.603370324702,8.072655610707924,3.9001
360,RETIRO_TARJETA,5.0,269.24295216978146,5.5993213772515285,2.9399
361,RETIRO_TARJETA,46.0,1331.3356164383563,7.194688783655724,3.5592
361,SERVICIOS_HOGAR,66.0,1827.9965753424658,7.5115227759683725,3.6822
361,TRANSF_SALIENTE,66.0,1307.1917808219177,7.176401142692758,3.5521
362,SEGURO,64.0,63.16400580551523,4.161442396233913,2.3817
362,SERVICIOS_HOGAR,64.0,5574.223512336719,8.626087687423624,4.1149
362,TRANSF_SALIENTE,64.0,271.23367198838895,5.606660785683552,2.9427
363,RETIRO_TARJETA,4.0,134.2882721575649,4.907407851135717,2.6713
364,INGRESO_TRANSF,23.0,3284.8692670381483,8.097386512972589,3.9097
364,SERVICIOS_HOGAR,18.0,1713.58765537934,7.4469278965099654,3.6572
365,INGRESO_TRANSF,60.0,18935.994721214123,9.848872680507737,4.5896
365,SEGURO,55.0,4.5364566149785555,1.7113546959433588,1.4305
365,SERVICIOS_HOGAR,56.0,10649.422632794458,9.273354854180655,4.3662
365,TRANSF_SALIENTE,112.0,1654.5034642032333,7.411860449527083,3.6436
366,SEGURO,22.0,700.6476190476191,6.553431310829482,3.3103
366,SERVICIOS_HOGAR,22.0,2046.6285714285714,7.624437608104251,3.7261
366,TRANSF_SALIENTE,44.0,4275.961904761904,8.360998201187453,4.012
367,RETIRO_TARJETA,2.0,298.73417721518985,5.702896005909491,2.9801
367,SERVICIOS_HOGAR,16.0,5171.848101265823,8.551178705811676,4.0859
368,SEGURO,61.0,249.2253948967193,5.522362091270365,2.91
368,SERVICIOS_HOGAR,61.0,4058.9459295261236,8.308924934656387,3.9918
368,TRANSF_SALIENTE,122.0,888.5024301336573,6.7906622391242575,3.4024
370,INGRESO_TRANSF,58.0,3092.737238780404,8.037135101469836,3.8863
370,SEGURO,53.0,610.0719424460432,6.415214697651021,3.2566
370,SERVICIOS_HOGAR,53.0,195.1867077766358,5.279066796501051,2.8156
370,TRANSF_SALIENTE,53.0,1078.520041109969,6.984271814960826,3.4776
371,RETIRO_TARJETA,7.0,342.0870767104354,5.837984282907375,3.0326
372,SERVICIOS_HOGAR,35.0,6865.079365079366,8.834348533094344,4.1958
372,TRANSF_SALIENTE,36.0,1948.2993197278913,7.575225263769271,3.707
373,RETIRO_TARJETA,3.0,253.6231884057971,5.5397847597677945,2.9168
373,SERVICIOS_HOGAR,26.0,5525.428194993412,8.617296989812791,4.1115
374,INGRESO_TRANSF,71.0,24747.705398242433,10.11652845948705,4.6936
375,PENSION,31.0,5776.998050682261,8.661812543657183,4.1288
375,SERVICIOS_HOGAR,26.0,3230.149447693307,8.080593219070277,3.9032
376,SERVICIOS_HOGAR,41.0,6339.368191721133,8.754692120148983,4.1649
377,RETIRO_TARJETA,6.0,320.6106870229008,5.773341767545283,3.0075
378,SEGURO,28.0,1.9106107130672125,1.0683629261978023,1.1809
378,SERVICIOS_HOGAR,28.0,8155.4418287273975,9.006563302459476,4.2626
378,TRANSF_SALIENTE,56.0,1134.9027635619243,7.035183000161544,3.4973
379,INGRESO_TRANSF,31.0,3674.8409669211196,8.209537220004668,3.9532
379,SEGURO,27.0,152.00381679389312,5.0304628674465945,2.7191
379,SERVICIOS_HOGAR,27.0,1340.5534351145038,7.2015835014350476,3.5619
379,TRANSF_SALIENTE,54.0,640.6488549618321,6.464041199167459,3.2756
382,INGRESO_TRANSF,28.0,3357.4438202247193,8.1192329969281,3.9182
382,SEGURO,23.0,11.3061797752809,2.510101556961868,1.7406
382,SERVICIOS_HOGAR,23.0,1804.9508426966293,7.498842514723118,3.6773
382,TRANSF_SALIENTE,24.0,22.752808988764045,3.167700796698043,1.9959
383,INGRESO_TRANSF,19.0,2999.1815856777494,8.006428094377718,3.8744
383,SERVICIOS_HOGAR,14.0,1473.0434782608695,7.295764569099111,3.5985
385,INGRESO_TRANSF,69.0,3479.0843023255816,8.154811797281306,3.932
385,SEGURO,64.0,112.55813953488372,4.7323149483680975,2.6033
385,SERVICIOS_HOGAR,65.0,2040.6976744186047,7.621536934099827,3.725
385,TRANSF_SALIENTE,65.0,29.28779069767442,3.4107446840387854,2.0903
386,RETIRO_TARJETA,2.0,330.13205282112847,5.802517246938458,3.0188
386,SERVICIOS_HOGAR,12.0,3393.27731092437,8.129846148680434,3.9223
387,RETIRO_TARJETA,2.0,370.61118335500646,5.9178481016294775,3.0636
388,SERVICIOS_HOGAR,42.0,5877.477477477478,8.6790530749621,4.1355
389,SERVICIOS_HOGAR,59.0,813.6661466458659,6.702778393299767,3.3683
389,TRANSF_SALIENTE,59.0,3019.0327613104528,8.013022958426118,3.8769
390,RETIRO_TARJETA,1.0,75.44979686593152,4.336634275287585,2.4497
390,SERVICIOS_HOGAR,33.0,4766.134648868253,8.469500700844986,4.0542
392,RETIRO_TARJETA,12.0,659.4521474467366,6.492924672354838,3.2868
392,SERVICIOS_HOGAR,24.0,1141.9682110246872,7.0413838515311395,3.4997
392,TRANSF_SALIENTE,24.0,4596.280013527224,8.43322010618244,4.0401
393,RETIRO_TARJETA,12.0,672.3585912486659,6.512278012779037,3.2943
393,SERVICIOS_HOGAR,42.0,270.73639274279617,5.604832452044037,2.942
393,TRANSF_SALIENTE,42.0,5307.150480256137,8.576998744759397,4.0959
395,SERVICIOS_HOGAR,65.0,3612.5628140703516,8.192449493737954,3.9466
395,TRANSF_SALIENTE,65.0,3766.5470208183774,8.234179411064673,3.9628
396,SEGURO,65.0,286.9016910289481,5.66261907126864,2.9645
396,SERVICIOS_HOGAR,65.0,4885.712238463743,8.49427501247197,4.0638
396,TRANSF_SALIENTE,130.0,306.46316996274004,5.7283553075943825,2.99
397,INGRESO_TRANSF,62.0,33560.0546975547,10.421121587308852,4.8118
398,PENSION,14.0,4760.787069571328,8.468378311551355,4.0537
398,SERVICIOS_HOGAR,10.0,1196.0646521433591,7.087627715915059,3.5177
399,RETIRO_TARJETA,7.0,689.900426742532,6.53799571315635,3.3043
399,SERVICIOS_HOGAR,21.0,4487.517780938833,8.409277810632327,4.0308
400,SERVICIOS_HOGAR,61.0,6472.6328649969455,8.775492723733423,4.1729
401,SERVICIOS_HOGAR,67.0,3378.6244572068917,8.125519874968948,3.9206
401,TRANSF_SALIENTE,67.0,1660.2185179997198,7.41530665905765,3.6449
402,SERVICIOS_HOGAR,11.0,1474.4530244530245,7.296720356839943,3.5989
402,TRANSF_SALIENTE,10.0,1422.7799227799228,7.261070531418449,3.585
403,PENSION,65.0,5556.161647203442,8.622842761790343,4.1137
403,RETIRO_TARJETA,25.0,722.1880762138907,6.583669321405943,3.322
403,SERVICIOS_HOGAR,60.0,2213.583282114321,7.702819530294089,3.7565
404,INGRESO_TRANSF,44.0,35228.739800543975,10.46964588557267,4.8306
404,RETIRO_TARJETA,8.0,482.7742520398912,6.18161837650315,3.166
404,SERVICIOS_HOGAR,39.0,1381.6183136899367,7.231734309257329,3.5736
404,TRANSF_SALIENTE,39.0,3049.637352674524,8.023105815860674,3.8809
405,RETIRO_TARJETA,3.0,370.0277520814061,5.916276863263721,3.0629
405,SEGURO,16.0,2648.6586493987047,7.88218609913569,3.8261
405,SERVICIOS_HOGAR,15.0,6682.701202590194,8.807427185333383,4.1853
405,TRANSF_SALIENTE,17.0,1177.104532839963,7.071662097829735,3.5115
406,INGRESO_TRANSF,28.0,3108.2108282538543,8.04212421999951,3.8882
406,SERVICIOS_HOGAR,24.0,1548.9422732162066,7.345972966133433,3.618
406,TRANSF_SALIENTE,24.0,227.17820007171028,5.43012690294231,2.8742
407,SERVICIOS_HOGAR,13.0,3441.4383561643835,8.143935323736422,3.9278
407,TRANSF_SALIENTE,13.0,8.904109589041095,2.2929497810103734,1.6563
408,RETIRO_TARJETA,33.0,1074.2157612853864,6.980276628595025,3.476
408,SERVICIOS_HOGAR,60.0,4629.227237949503,8.440361225346656,4.0428
409,SERVICIOS_HOGAR,26.0,5776.8352365415985,8.661784364963943,4.1288
410,PENSION,26.0,5627.612221803093,8.635618193732917,4.1186
410,SERVICIOS_HOGAR,21.0,3029.9886835156544,8.016644143469723,3.8783
411,RETIRO_TARJETA,27.0,844.632768361582,6.7400851854154,3.3828
411,SERVICIOS_HOGAR,66.0,7922.796610169492,8.977625739918288,4.2514
412,SERVICIOS_HOGAR,31.0,7659.597961494904,8.943845322546233,4.2383
413,PENSION,29.0,4917.221661621258,8.500702293257248,4.0663
413,SERVICIOS_HOGAR,25.0,1771.7793474604775,7.480303846812542,3.6701
414,SERVICIOS_HOGAR,30.0,6734.169994295493,8.815098328955848,4.1883
415,SERVICIOS_HOGAR,66.0,8246.461758398857,9.017660766341317,4.267
416,PENSION,28.0,5038.04537521815,8.524971933446198,4.0757
416,SERVICIOS_HOGAR,48.0,1649.4240837696336,7.4087875543369694,3.6424
417,RETIRO_TARJETA,4.0,205.0113895216401,5.327931456201204,2.8345
418,RETIRO_TARJETA,13.0,627.6463262764632,6.443568819192421,3.2676
418,SERVICIOS_HOGAR,36.0,8353.07596513076,9.030504838280173,4.2719
420,SERVICIOS_HOGAR,35.0,6264.808362369338,8.74286288731788,4.1603
421,SERVICIOS_HOGAR,9.0,3824.485125858124,8.24944056850806,3.9687
422,INGRESO_TRANSF,52.0,27351.469176109083,10.216562084437196,4.7324
422,RETIRO_TARJETA,11.0,541.578644132898,6.296333041051629,3.2105
423,INGRESO_TRANSF,69.0,2907.5220598871692,7.975400347948895,3.8623
423,SERVICIOS_HOGAR,65.0,1825.9800376102996,7.510419629996639,3.6818
424,RETIRO_TARJETA,12.0,1325.301204819277,7.190149297906196,3.5575
424,SERVICIOS_HOGAR,18.0,3687.5502008032126,8.212988760318012,3.9546
425,SEGURO,64.0,59.003169115528664,4.094397379419393,2.3557
425,SERVICIOS_HOGAR,64.0,2203.3995966580237,7.698210459037744,3.7547
425,TRANSF_SALIENTE,65.0,754.6816479400749,6.627620186883407,3.3391
426,SERVICIOS_HOGAR,56.0,6877.981651376147,8.836225904183621,4.1965
426,TRANSF_SALIENTE,58.0,841.8741808650066,6.736817695219787,3.3815
427,RETIRO_TARJETA,11.0,443.1092752534735,6.09607064758654,3.1327
427,SERVICIOS_HOGAR,49.0,7512.842658655652,8.92450228615631,4.2308
428,PENSION,70.0,6606.4497716894975,8.795953044737784,4.1809
428,SERVICIOS_HOGAR,65.0,3697.9880136986303,8.215814551410505,3.9557
429,SERVICIOS_HOGAR,35.0,4634.519038076152,8.441503454055354,4.0433
431,RETIRO_TARJETA,2.0,182.0294345468629,5.209646984425705,2.7886
431,SERVICIOS_HOGAR,21.0,5271.959721146398,8.570347100803476,4.0933
431,TRANSF_SALIENTE,21.0,581.5259488768396,6.367373731875699,3.2381
434,SERVICIOS_HOGAR,19.0,4446.67492771582,8.400136750462037,4.0272
434,TRANSF_SALIENTE,19.0,1284.7170590665014,7.15907186431244,3.5454
435,PENSION,71.0,4988.4132738427215,8.515073601440207,4.0718
435,SERVICIOS_HOGAR,66.0,2934.6625766871166,7.984688456933399,3.8659
436,SEGURO,25.0,254.5170257123002,5.543289044262372,2.9181
436,SERVICIOS_HOGAR,24.0,4073.6622654621265,8.31254314259906,3.9932
436,TRANSF_SALIENTE,24.0,60.04169562195969,4.111557165456033,2.3623
437,SERVICIOS_HOGAR,57.0,2103.6939747167953,7.651925355365714,3.7368
437,TRANSF_SALIENTE,56.0,2855.623050402233,7.957395454569897,3.8553
440,SERVICIOS_HOGAR,19.0,4558.2784184514,8.42491964841924,4.0368
441,INGRESO_TRANSF,60.0,48096.77419354839,10.780991180460749,4.9515
441,RETIRO_TARJETA,15.0,607.1133167907361,6.410361240900815,3.2548
441,SERVICIOS_HOGAR,55.0,2766.832092638544,7.925819654723721,3.8431
441,TRANSF_SALIENTE,56.0,708.6848635235732,6.5648210173107815,3.3147
442,SERVICIOS_HOGAR,7.0,1863.3428300094968,7.530663900012932,3.6897
442,TRANSF_SALIENTE,7.0,687.369420702754,6.5343256425238385,3.3029
443,INGRESO_TRANSF,71.0,3055.4179566563466,8.024998906856384,3.8816
443,SEGURO,66.0,62.22910216718266,4.146764672494501,2.376
443,SERVICIOS_HOGAR,66.0,1400.6191950464395,7.245383415184269,3.5789
443,TRANSF_SALIENTE,66.0,430.03095975232196,6.066179919895903,3.1211
444,SERVICIOS_HOGAR,27.0,3801.606805293006,8.243442111915973,3.9664
445,INGRESO_TRANSF,65.0,20543.362015980332,9.930341827828801,4.6213
445,SERVICIOS_HOGAR,61.0,3747.357098955132,8.229072916022272,3.9608
445,TRANSF_SALIENTE,60.0,6976.336816226183,8.850422577996353,4.202
446,RETIRO_TARJETA,31.0,1008.5675635051856,6.917277363205445,3.4516
446,SERVICIOS_HOGAR,62.0,6468.390199909815,8.77483713265276,4.1727
447,SERVICIOS_HOGAR,23.0,4474.325744308231,8.406334420083931,4.0296
449,PENSION,49.0,4430.681818181818,8.39653443392347,4.0258
449,SERVICIOS_HOGAR,89.0,1780.0527597402597,7.4849599065119,3.6719
450,PENSION,31.0,4377.467052394729,8.38445395407265,4.0211
450,SERVICIOS_HOGAR,27.0,2086.4030858244937,7.643676029694954,3.7336
452,SERVICIOS_HOGAR,31.0,4230.922827846734,8.350411737985937,4.0079
452,TRANSF_SALIENTE,31.0,313.6805180787911,5.751557895826761,2.999
453,SERVICIOS_HOGAR,16.0,5543.08300395257,8.62048651261058,4.1128
454,SERVICIOS_HOGAR,39.0,5060.301163586585,8.52937887617877,4.0774
455,SERVICIOS_HOGAR,39.0,7342.98938812373,8.901637487327024,4.2219
456,INGRESO_TRANSF,71.0,51661.95819890587,10.852496327861827,4.9793
456,RETIRO_TARJETA,18.0,1102.5389255155,7.006277499669583,3.4861
458,SERVICIOS_HOGAR,38.0,8568.99553046342,9.056022490058833,4.2818
460,PENSION,56.0,5875.832742735649,8.678773246574462,4.1354
460,SERVICIOS_HOGAR,52.0,3274.4153082919916,8.09419995172164,3.9085
461,PENSION,70.0,6354.412391644166,8.757062073987706,4.1658
461,SERVICIOS_HOGAR,66.0,1434.9864999289468,7.269607348400292,3.5883
462,SERVICIOS_HOGAR,56.0,7559.591373439273,8.930704690114146,4.2332
463,SERVICIOS_HOGAR,39.0,5686.57227677552,8.646038771182948,4.1227
464,PENSION,19.0,5230.962343096234,8.562541695690689,4.0903
464,SERVICIOS_HOGAR,15.0,2752.8765690376567,7.920764859488877,3.8411
465,INGRESO_TRANSF,71.0,13898.785825215304,9.539628710742182,4.4696
465,SERVICIOS_HOGAR,67.0,10524.382323874064,9.261544983199533,4.3616
467,SERVICIOS_HOGAR,58.0,3612.4980224647998,8.19243156345979,3.9466
467,TRANSF_SALIENTE,58.0,2656.3834836260085,7.885097264899693,3.8273
468,RETIRO_TARJETA,4.0,278.3597725231967,5.632500458372544,2.9528
468,SERVICIOS_HOGAR,28.0,3130.2005387608506,8.049171768703898,3.891
468,TRANSF_SALIENTE,28.0,418.1981442681832,6.038343706155868,3.1103
469,SERVICIOS_HOGAR,12.0,1823.8907849829354,7.50927542038091,3.6814
470,SEGURO,53.0,997.1029668411868,6.905856444177038,3.4471
470,SERVICIOS_HOGAR,53.0,3300.2443280977313,8.102054745502402,3.9115
470,TRANSF_SALIENTE,53.0,582.7225130890052,6.369425721089059,3.2389
471,RETIRO_TARJETA,8.0,504.55501051156267,6.2256568564991985,3.1831
471,SEGURO,39.0,230.48353188507357,5.444508734430406,2.8798
471,SERVICIOS_HOGAR,38.0,4167.484232655921,8.335307755345235,4.0021
471,TRANSF_SALIENTE,77.0,1027.4468582106983,6.935805038541484,3.4587
472,INGRESO_TRANSF,26.0,52636.298798798794,10.871180250070074,4.9865
473,SEGURO,22.0,62.618595825426944,4.152905814801519,2.3784
473,SERVICIOS_HOGAR,22.0,3537.5332068311195,8.17146757190903,3.9384
473,TRANSF_SALIENTE,44.0,2482.201138519924,7.81730378847781,3.801
474,INGRESO_TRANSF,37.0,3466.929133858268,8.151312903394725,3.9306
474,SERVICIOS_HOGAR,32.0,602.9866956285637,6.403552170587187,3.2521
474,TRANSF_SALIENTE,32.0,1395.3841976649471,7.2416414586851445,3.5775
475,PENSION,19.0,4169.766260162602,8.335855053346561,4.0023
475,SERVICIOS_HOGAR,15.0,2103.6585365853657,7.6519085175592645,3.7367
477,SEGURO,66.0,429.4266441821248,6.064776912559114,3.1206
477,SERVICIOS_HOGAR,67.0,2504.496908375492,7.826242360463872,3.8044
477,TRANSF_SALIENTE,67.0,239.15120854412592,5.4812687605534105,2.8941
478,RETIRO_TARJETA,1.0,24.28998505231689,3.230408469630568,2.0202
478,SERVICIOS_HOGAR,48.0,7297.757847533632,8.895459454785884,4.2195
479,INGRESO_TRANSF,37.0,3027.450462351387,8.015806369130672,3.878
479,SERVICIOS_HOGAR,33.0,1799.5244385733156,7.495833256211653,3.6762
480,SERVICIOS_HOGAR,19.0,3823.658222413053,8.24922438865086,3.9686
481,PENSION,32.0,6579.541227526349,8.791872274360193,4.1793
481,SERVICIOS_HOGAR,54.0,1580.9981401115933,7.3664439726705195,3.6259
483,INGRESO_TRANSF,17.0,2821.379703534778,7.9453356745787,3.8507
483,SERVICIOS_HOGAR,13.0,1437.8563283922463,7.271603860618841,3.5891
484,SEGURO,43.0,98.09885931558935,4.596117930831648,2.5504
484,SERVICIOS_HOGAR,43.0,1500.5492184199406,7.314252666386609,3.6057
484,TRANSF_SALIENTE,86.0,3094.6556822982675,8.037755014796963,3.8865
485,SEGURO,70.0,3480.0278357689635,8.155082884265811,3.9321
485,SERVICIOS_HOGAR,70.0,7229.923451635352,8.886122031980811,4.2159
485,TRANSF_SALIENTE,70.0,1550.034794711204,7.346677596652311,3.6183
486,RETIRO_TARJETA,34.0,1122.722400857449,7.024402025624342,3.4931
487,SERVICIOS_HOGAR,27.0,7682.237017310254,8.94679622397012,4.2394
489,RETIRO_TARJETA,51.0,1591.5826911677534,7.373112311478307,3.6285
489,SERVICIOS_HOGAR,62.0,5152.57854179016,8.547446614836149,4.0844
490,INGRESO_TRANSF,43.0,3041.778290993072,8.020526288548291,3.8799
490,SERVICIOS_HOGAR,39.0,1839.214780600462,7.517637572377987,3.6846
491,RETIRO_TARJETA,20.0,1336.9152970922883,7.198867933073144,3.5609
491,SERVICIOS_HOGAR,26.0,7469.658659924146,8.91873844825906,4.2286
493,RETIRO_TARJETA,30.0,1018.1114823281168,6.926686430897185,3.4552
494,RETIRO_TARJETA,9.0,344.4316877152698,5.844794903586957,3.0352
494,SERVICIOS_HOGAR,64.0,8016.532721010332,8.98938601275765,4.256
494,TRANSF_SALIENTE,65.0,193.09701492537312,5.268358111001441,2.8114
496,SERVICIOS_HOGAR,66.0,3390.8429610611897,8.1291286989831,3.922
497,RETIRO_TARJETA,8.0,232.01517583540056,5.451103583785456,2.8824
497,SERVICIOS_HOGAR,64.0,3179.9212023931123,8.064926120110394,3.8971
500,SERVICIOS_HOGAR,30.0,3050.4201680672268,8.023362390104472,3.881
500,TRANSF_SALIENTE,30.0,503.2679738562091,6.223107820931257,3.1821
502,INGRESO_TRANSF,14.0,3595.476353666895,8.18770985446775,3.9448
502,SERVICIOS_HOGAR,9.0,1540.9184372858122,7.340782658616558,3.616
503,RETIRO_TARJETA,3.0,222.6086956521739,5.409897629845767,2.8664
503,SERVICIOS_HOGAR,24.0,5989.565217391304,8.697941046823347,4.1428
504,INGRESO_TRANSF,68.0,3445.7711442786067,8.145193171588259,3.9282
504,SERVICIOS_HOGAR,64.0,2161.4281533508924,7.678987014370128,3.7473
505,INGRESO_TRANSF,24.0,3266.6666666666665,8.091831451593617,3.9075
505,SERVICIOS_HOGAR,19.0,13.970588235294118,2.7060874919343614,1.8167
505,TRANSF_SALIENTE,20.0,1799.8366013071895,7.496006614412177,3.6762
506,RETIRO_TARJETA,17.0,1061.4712798118912,6.968352869667956,3.4714
506,SEGURO,25.0,233.4564998320457,5.457270068896429,2.8848
506,SERVICIOS_HOGAR,26.0,2629.694323144105,7.875003091525104,3.8234
506,TRANSF_SALIENTE,51.0,722.169969768223,6.583644284112143,3.322
508,INGRESO_TRANSF,25.0,3918.5725552050476,8.273737884799464,3.9782
508,SERVICIOS_HOGAR,20.0,1955.8359621451104,7.5790841428022135,3.7085
510,SEGURO,59.0,919.0113500597372,6.824386006988439,3.4155
510,SERVICIOS_HOGAR,58.0,2115.2329749103947,7.657392888481916,3.7389
510,TRANSF_SALIENTE,60.0,1181.899641577061,7.075724026548062,3.5131
512,RETIRO_TARJETA,3.0,369.8979591836735,5.915926982144666,3.0628
512,SERVICIOS_HOGAR,18.0,7231.377551020409,8.886323106326106,4.216
513,SERVICIOS_HOGAR,21.0,6563.95256916996,8.78950056190805,4.1784
514,SERVICIOS_HOGAR,29.0,5054.160363086234,8.528164854608407,4.0769
515,PENSION,47.0,4153.394731205826,8.331922024284992,4.0007
515,SERVICIOS_HOGAR,42.0,2473.7631184407796,7.813899960701426,3.7996
516,PENSION,35.0,6799.452922545351,8.824744495202768,4.1921
516,SERVICIOS_HOGAR,31.0,3334.7538151454078,8.112453964336305,3.9155
517,SERVICIOS_HOGAR,59.0,8629.029709228824,9.063003226624135,4.2846
518,PENSION,51.0,5755.869270934055,8.658149076572586,4.1274
518,SERVICIOS_HOGAR,93.0,3008.625024173274,8.009570773295982,3.8756
519,PENSION,61.0,6918.944805194805,8.842163072451987,4.1988
519,SERVICIOS_HOGAR,56.0,2950.0,7.989899374942939,3.868
520,INGRESO_TRANSF,62.0,3505.9165858389915,8.162492464809974,3.935
520,SERVICIOS_HOGAR,57.0,2148.787584869059,7.673124318505569,3.745
521,RETIRO_TARJETA,4.0,255.35207634769148,5.546551797856324,2.9194
521,SERVICIOS_HOGAR,37.0,4040.70157338148,8.304421063813221,3.9901
522,SERVICIOS_HOGAR,32.0,67.74814407478692,4.230449740906475,2.4085
522,TRANSF_SALIENTE,32.0,4337.640912840253,8.37531642432814,4.0176
523,RETIRO_TARJETA,42.0,1286.730590782555,7.160636716138402,3.546
524,SERVICIOS_HOGAR,51.0,5257.69436997319,8.567638056284135,4.0922
525,SERVICIOS_HOGAR,23.0,4447.034152186938,8.400217514000524,4.0273
526,SERVICIOS_HOGAR,24.0,4128.0,8.32579052588609,3.9984
528,PENSION,24.0,4564.196502914238,8.426216837647925,4.0373
528,SERVICIOS_HOGAR,20.0,2427.9766860949208,7.795225330806633,3.7924
529,SERVICIOS_HOGAR,12.0,2442.3615337796714,7.80113004793848,3.7947
530,INGRESO_TRANSF,25.0,26894.913249211357,10.199729630227198,4.7259
530,RETIRO_TARJETA,6.0,737.3817034700315,6.604460904265764,3.3301
531,INGRESO_TRANSF,40.0,3181.0089020771516,8.06526800652963,3.8972
531,SERVICIOS_HOGAR,36.0,1908.605341246291,7.5546518720705045,3.699
533,SERVICIOS_HOGAR,39.0,1173.6481861738537,7.06872396572208,3.5103
533,TRANSF_SALIENTE,39.0,3049.3497604380564,8.02301153858018,3.8808
534,SEGURO,14.0,978.3220427305888,6.886860539133281,3.4397
534,SERVICIOS_HOGAR,14.0,1274.5179781136007,7.151107632436355,3.5423
534,TRANSF_SALIENTE,14.0,520.166753517457,6.256070054876636,3.1949
535,SEGURO,50.0,692.1824104234528,6.541293183058252,3.3056
535,SERVICIOS_HOGAR,51.0,6479.7502714440825,8.77659156527429,4.1734
535,TRANSF_SALIENTE,50.0,56.09844372059356,4.04477686095942,2.3364
536,PENSION,26.0,4902.633559066968,8.49773175195853,4.0651
536,SERVICIOS_HOGAR,43.0,2095.221971407073,7.647891942222541,3.7352
537,PENSION,24.0,6151.770657672851,8.724657772792591,4.1532
537,RETIRO_TARJETA,3.0,147.55480607082632,5.000953954605231,2.7076
537,SERVICIOS_HOGAR,19.0,1480.2698145025295,7.300654981673317,3.6004
538,PENSION,55.0,4053.740875912409,8.307642062143282,3.9913
538,SERVICIOS_HOGAR,50.0,2456.204379562044,7.806779551626636,3.7969
539,RETIRO_TARJETA,8.0,220.04542873367404,5.398368240274094,2.8619
541,RETIRO_TARJETA,23.0,722.6864747756113,6.584358252704227,3.3223
541,SEGURO,59.0,5136.70690188796,8.544362130867128,4.0832
541,SERVICIOS_HOGAR,59.0,2766.480965645311,7.925692786743534,3.843
541,TRANSF_SALIENTE,60.0,66.85236768802228,4.217334281589824,2.4034
542,PENSION,62.0,4127.663008392511,8.325708906762777,3.9983
542,SERVICIOS_HOGAR,58.0,2574.241446094254,7.853698574175626,3.8151
543,INGRESO_TRANSF,56.0,3586.201966041108,8.185127780948918,3.9438
543,SEGURO,51.0,597.0509383378015,6.393675931489814,3.2483
543,SERVICIOS_HOGAR,51.0,589.7587131367292,6.381407665237519,3.2435
543,TRANSF_SALIENTE,52.0,1009.3297587131367,6.918032050323194,3.4518
544,INGRESO_TRANSF,43.0,24588.774104683194,10.110085948697249,4.6911
544,RETIRO_TARJETA,4.0,190.54178145087235,5.255105964723044,2.8063
545,SERVICIOS_HOGAR,57.0,3078.6146054566248,8.032559740039948,3.8845
546,PENSION,25.0,4369.797859690844,8.382700848012853,4.0205
546,SERVICIOS_HOGAR,21.0,2447.0868014268726,7.803062101102806,3.7954
547,INGRESO_TRANSF,17.0,3380.174927113703,8.12597853964626,3.9208
547,SERVICIOS_HOGAR,13.0,1722.9737609329447,7.452387231231333,3.6593
548,PENSION,55.0,6467.518248175183,8.774702342436946,4.1726
548,SERVICIOS_HOGAR,101.0,1663.8321167883212,7.417479566573016,3.6457
549,RETIRO_TARJETA,12.0,860.5577689243028,6.7587421099291065,3.39
549,SERVICIOS_HOGAR,20.0,850.199203187251,6.746646182481738,3.3853
549,TRANSF_SALIENTE,21.0,2530.03984063745,7.836385501486999,3.8084
550,PENSION,14.0,5692.9460580912855,8.647158794328284,4.1231
550,SERVICIOS_HOGAR,19.0,1079.5988934993084,6.985270697440635,3.4779
552,PENSION,64.0,5116.22125543816,8.540366847158587,4.0817
552,SERVICIOS_HOGAR,60.0,1954.9409571162212,7.578626664615766,3.7083
553,RETIRO_TARJETA,39.0,1146.1251167133519,7.045014192883404,3.5011
554,RETIRO_TARJETA,15.0,694.167852062589,6.54415333016416,3.3067
555,SEGURO,63.0,66.21761658031089,4.207935364666127,2.3997
555,SERVICIOS_HOGAR,62.0,6624.959289415248,8.798750438774448,4.182
555,TRANSF_SALIENTE,62.0,439.64470762398224,6.088238899088845,3.1297
557,INGRESO_TRANSF,37.0,3061.75995694295,8.027071735150287,3.8824
557,SERVICIOS_HOGAR,33.0,1820.5059203444566,7.507418866701067,3.6807
558,SERVICIOS_HOGAR,25.0,3342.889908256881,8.11489005149066,3.9165
558,TRANSF_SALIENTE,26.0,1257.4049803407602,7.137600309413255,3.5371
559,PENSION,70.0,5681.740125930166,8.64518881192675,4.1224
559,SERVICIOS_HOGAR,65.0,2023.1110475100172,7.6128858942728685,3.7216
560,SERVICIOS_HOGAR,36.0,5066.567607726597,8.530616219673092,4.0779
561,PENSION,24.0,5931.247460381958,8.688158418568097,4.139
561,SERVICIOS_HOGAR,39.0,1288.5818772856562,7.1620733186803385,3.5466
563,SERVICIOS_HOGAR,61.0,5847.1987720644665,8.673888990603082,4.1335
564,SERVICIOS_HOGAR,7.0,168.57142857142858,5.133274245554355,2.759
564,TRANSF_SALIENTE,7.0,4978.857142857143,8.513156483433978,4.0711
565,PENSION,37.0,5237.106749126109,8.563715404609155,4.0907
565,SERVICIOS_HOGAR,33.0,3113.6595859101913,8.043875143038,3.8889
566,RETIRO_TARJETA,2.0,390.5674281503316,5.970157730869974,3.0839
569,INGRESO_TRANSF,27.0,3114.4605116796442,8.044132257110064,3.889
569,SERVICIOS_HOGAR,22.0,1691.8057100482017,7.434142614796406,3.6522
570,SERVICIOS_HOGAR,21.0,5159.929494712103,8.548871976887442,4.085
571,PENSION,29.0,4800.237288135593,8.476628932041008,4.0569
571,SERVICIOS_HOGAR,25.0,2758.4745762711864,7.9227955696721155,3.8419
572,SEGURO,52.0,317.4392163722232,5.763431613383984,3.0036
572,SERVICIOS_HOGAR,52.0,4886.199055448662,8.49437462806509,4.0638
572,TRANSF_SALIENTE,52.0,873.1852370124191,6.773292294860881,3.3957
573,RETIRO_TARJETA,3.0,161.77957532861475,5.0923969870284,2.7431
574,INGRESO_TRANSF,65.0,43877.98616448886,10.689190809393189,4.9159
575,SERVICIOS_HOGAR,52.0,699.750800996796,6.552152333100678,3.3098
575,TRANSF_SALIENTE,52.0,4932.50266998932,8.503804495492842,4.0675
576,PENSION,72.0,6211.31341209173,8.734288635682898,4.1569
576,SERVICIOS_HOGAR,68.0,3460.9589993050727,8.149589892599899,3.93
577,SERVICIOS_HOGAR,47.0,4686.2706913339825,8.4526057499,4.0476
578,INGRESO_TRANSF,21.0,20444.709737827718,9.925528346690106,4.6194
578,SEGURO,17.0,13.52996254681648,2.676212899933754,1.8051
578,SERVICIOS_HOGAR,16.0,4107.865168539326,8.32090215465297,3.9965
578,TRANSF_SALIENTE,33.0,521.0205992509364,6.257707049270572,3.1955
579,SERVICIOS_HOGAR,7.0,1554.246794871795,7.349389522548637,3.6193
579,TRANSF_SALIENTE,8.0,682.6923076923076,6.527507973857929,3.3002
580,SERVICIOS_HOGAR,27.0,3072.562141491396,8.030592474620434,3.8838
580,TRANSF_SALIENTE,26.0,1420.9687699171448,7.2597976480384325,3.5845
581,PENSION,26.0,4783.295711060949,8.473094106232892,4.0555
581,SERVICIOS_HOGAR,21.0,1186.681715575621,7.079758547844501,3.5146
582,PENSION,53.0,4229.1713961407495,8.349997790401654,4.0078
582,SERVICIOS_HOGAR,49.0,2606.6590995081347,7.866208201124023,3.8199
584,INGRESO_TRANSF,29.0,3387.419682110247,8.128118921214309,3.9216
584,SERVICIOS_HOGAR,25.0,1946.2292864389583,7.574162762403108,3.7066
588,SEGURO,64.0,469.952579393591,6.154757408254764,3.1555
588,SERVICIOS_HOGAR,65.0,2933.826699238396,7.984403684262815,3.8658
588,TRANSF_SALIENTE,64.0,1321.569190975715,7.18733148068202,3.5564
589,RETIRO_TARJETA,3.0,376.797223599405,5.934357606177,3.07
589,SERVICIOS_HOGAR,16.0,4558.05651958354,8.424870977500827,4.0368
591,PENSION,16.0,4025.9927797833934,8.30077516789812,3.9886
591,SERVICIOS_HOGAR,12.0,2012.9963898916967,7.607876280770296,3.7197
592,PENSION,24.0,5726.75238490253,8.653078478813372,4.1254
592,SERVICIOS_HOGAR,38.0,1267.192036499378,7.145347571873387,3.5401
594,INGRESO_TRANSF,49.0,3098.706896551724,8.039062836503708,3.887
594,SERVICIOS_HOGAR,45.0,1897.1674876847292,7.548644219578327,3.6967
595,SERVICIOS_HOGAR,20.0,3868.366927190457,8.260846187937082,3.9731
596,RETIRO_TARJETA,25.0,1096.8379446640315,7.0010980197961326,3.4841
597,SERVICIOS_HOGAR,56.0,5646.0147904683645,8.63888232884213,4.1199
598,RETIRO_TARJETA,4.0,431.7180616740088,6.0700863881530855,3.1227
598,SERVICIOS_HOGAR,18.0,6169.955947136564,8.72760903960438,4.1544
599,SERVICIOS_HOGAR,21.0,2632.810615199035,7.876186979641996,3.8238
599,TRANSF_SALIENTE,21.0,816.5259348612786,6.706282626869147,3.3696
600,RETIRO_TARJETA,1.0,138.7604070305273,4.939929578175075,2.6839
600,SERVICIOS_HOGAR,16.0,4404.810360777058,8.390679485305048,4.0236
601,INGRESO_TRANSF,65.0,3350.670365233472,8.117214117038822,3.9174
601,SERVICIOS_HOGAR,61.0,2096.3168438896596,7.6484141133794985,3.7354
602,SERVICIOS_HOGAR,34.0,2844.625065547981,7.953538029123698,3.8538
603,RETIRO_TARJETA,17.0,1507.3409461663948,7.31876561463532,3.6074
603,SERVICIOS_HOGAR,26.0,3699.3800978792824,8.2161908225126,3.9558
605,SERVICIOS_HOGAR,19.0,5722.470433639948,8.652330619562004,4.1251
606,SERVICIOS_HOGAR,10.0,5151.515151515152,8.547240253374586,4.0843
606,TRANSF_SALIENTE,10.0,772.7272727272727,6.651219450678591,3.3483
607,INGRESO_TRANSF,46.0,3095.734597156398,8.038103479548168,3.8867
607,SERVICIOS_HOGAR,41.0,1838.905644118914,7.517469568917993,3.6846
608,PENSION,45.0,4617.555899933584,8.437837359441843,4.0419
608,SERVICIOS_HOGAR,40.0,2563.648439229577,7.84957668748198,3.8135
609,INGRESO_TRANSF,55.0,2926.2059035277175,7.981803630486141,3.8648
609,SEGURO,50.0,60.29517638588913,4.115701151198239,2.3639
609,SERVICIOS_HOGAR,50.0,1053.8156947444204,6.9611213337241615,3.4686
609,TRANSF_SALIENTE,50.0,658.7473002159827,6.491856883243166,3.2864
610,INGRESO_TRANSF,52.0,28123.50484146573,10.244396533714966,4.7432
611,INGRESO_TRANSF,17.0,3357.867435158501,8.119359123265927,3.9182
611,SERVICIOS_HOGAR,12.0,1579.7118155619596,7.3656305407475235,3.6256
612,INGRESO_TRANSF,31.0,2890.016051364366,7.9693632941850785,3.86
612,SERVICIOS_HOGAR,27.0,1678.0738362760835,7.425997632451339,3.649
613,INGRESO_TRANSF,28.0,13384.693165969316,9.501941741387514,4.455
614,PENSION,19.0,5831.452900478978,8.671192928505754,4.1325
614,SERVICIOS_HOGAR,14.0,1239.808408728047,7.123518388699495,3.5316
615,INGRESO_TRANSF,33.0,3170.9046454767727,8.062087520977785,3.896
615,SERVICIOS_HOGAR,29.0,273.86919315403424,5.6162953232458115,2.9465
615,TRANSF_SALIENTE,29.0,1583.8325183374084,7.3682340140641704,3.6266
616,PENSION,62.0,6785.803357314149,8.822735322851598,4.1913
616,SERVICIOS_HOGAR,57.0,1703.1654676258993,7.440830808089095,3.6548
617,INGRESO_TRANSF,28.0,28148.53097345133,10.24528597173991,4.7435
617,SERVICIOS_HOGAR,24.0,11112.212389380531,9.315889984798261,4.3827
618,RETIRO_TARJETA,6.0,430.5864884929473,6.067467927270564,3.1216
618,SERVICIOS_HOGAR,23.0,637.750556792873,6.459514013208921,3.2738
618,TRANSF_SALIENTE,23.0,2591.1284335560504,7.86023460622765,3.8176
619,SERVICIOS_HOGAR,38.0,1654.1289023162135,7.411634171374059,3.6435
619,TRANSF_SALIENTE,38.0,6254.8841893252775,8.741277770117302,4.1597
621,SERVICIOS_HOGAR,27.0,318.97998708844415,5.768258453489431,3.0055
621,TRANSF_SALIENTE,27.0,2652.0658489347966,7.883471174385613,3.8266
622,SEGURO,13.0,1824.262295081967,7.509478979021968,3.6815
622,SERVICIOS_HOGAR,13.0,4443.44262295082,8.399409745923704,4.0269
622,TRANSF_SALIENTE,26.0,429.7814207650273,6.065600817065845,3.1209
623,INGRESO_TRANSF,69.0,3096.332659543748,8.038296587683558,3.8867
623,SERVICIOS_HOGAR,65.0,393.22841466936177,5.976930473981227,3.0865
623,TRANSF_SALIENTE,65.0,1551.3283280392723,7.347511229940982,3.6186
625,SERVICIOS_HOGAR,26.0,7150.312049927989,8.87505112233978,4.2116
626,SERVICIOS_HOGAR,57.0,3365.6173941262373,8.121663778646095,3.9191
627,SERVICIOS_HOGAR,66.0,7670.169491525424,8.94522435881694,4.2388
628,SERVICIOS_HOGAR,56.0,2831.32409417265,7.948852888298565,3.852
629,PENSION,53.0,4701.484404359264,8.455846244712326,4.0488
629,SERVICIOS_HOGAR,97.0,2469.67305524239,7.812245884503788,3.799
630,INGRESO_TRANSF,66.0,3538.2473134554266,8.171669360202602,3.9385
630,SERVICIOS_HOGAR,61.0,2179.824428636295,7.687458262565285,3.7505
631,INGRESO_TRANSF,33.0,3568.2119205298013,8.180100099852819,3.9418
631,SERVICIOS_HOGAR,28.0,2017.8205900060204,7.610268753545274,3.7206
632,INGRESO_TRANSF,31.0,3142.223630028508,8.0530041860413,3.8925
632,SEGURO,27.0,933.9246119733924,6.84046589713254,3.4217
632,SERVICIOS_HOGAR,26.0,693.44314222363,6.543110290194497,3.3063
632,TRANSF_SALIENTE,26.0,163.88976876781754,5.105277182569832,2.7481
633,PENSION,37.0,5059.245180559327,8.529170215763616,4.0773
633,SERVICIOS_HOGAR,32.0,2760.3584034754276,7.923478012804979,3.8422
635,SEGURO,45.0,1857.088269010317,7.527303425785873,3.6884
635,SERVICIOS_HOGAR,43.0,1382.6709973251814,7.232495389222369,3.5739
635,TRANSF_SALIENTE,86.0,3494.879633167749,8.15934030631078,3.9337
636,PENSION,20.0,4529.644268774704,8.418619431051965,4.0344
636,SERVICIOS_HOGAR,16.0,2415.810276679842,7.790203882248063,3.7904
637,INGRESO_TRANSF,28.0,2889.6159317211946,7.96922488356158,3.8599
637,SERVICIOS_HOGAR,23.0,1581.8634423897581,7.366990791087167,3.6261
638,SEGURO,38.0,787.6068376068376,6.670267891970023,3.3557
638,SERVICIOS_HOGAR,38.0,2243.732193732194,7.716341502963707,3.7618
638,TRANSF_SALIENTE,37.0,4100.5698005698005,8.319125057601006,3.9958
639,PENSION,14.0,4404.4604316546765,8.390600057687667,4.0235
639,SERVICIOS_HOGAR,10.0,1471.9424460431653,7.295017343087712,3.5982
640,PENSION,67.0,4339.590800477898,8.375765746972093,4.0178
640,SERVICIOS_HOGAR,63.0,2720.0268817204305,7.908764618087783,3.8365
641,RETIRO_TARJETA,1.0,191.2568306010929,5.258832137539204,2.8077
641,SERVICIOS_HOGAR,14.0,2547.5409836065573,7.843276311113046,3.811
644,INGRESO_TRANSF,14.0,3000.869565217391,8.006990561954787,3.8746
644,SERVICIOS_HOGAR,9.0,616.9565217391304,6.426418101809862,3.261
644,TRANSF_SALIENTE,10.0,743.4782608695651,6.612683652059822,3.3333
645,SERVICIOS_HOGAR,11.0,9070.78995713411,9.112924872826277,4.3039
646,SERVICIOS_HOGAR,31.0,4221.0555710695335,8.348077390583494,4.007
647,SERVICIOS_HOGAR,16.0,5143.709597215316,8.545724202985216,4.0837
648,RETIRO_TARJETA,37.0,1196.1102106969206,7.087665773748072,3.5177
648,SERVICIOS_HOGAR,57.0,8536.14262560778,9.052181643630476,4.2804
650,PENSION,47.0,6902.251486830926,8.83974780956687,4.1979
650,SERVICIOS_HOGAR,42.0,1513.891248937978,7.323098932487733,3.6091
651,SERVICIOS_HOGAR,57.0,2474.852652259332,7.814340121637604,3.7998
651,TRANSF_SALIENTE,56.0,3724.1650294695482,8.222866433045603,3.9584
652,SERVICIOS_HOGAR,68.0,7187.245892509051,8.880202456070299,4.2136
653,SERVICIOS_HOGAR,11.0,3622.1476510067114,8.195098443861713,3.9476
654,PENSION,50.0,6031.683168316832,8.704947160621618,4.1456
654,SERVICIOS_HOGAR,45.0,2570.792079207921,7.852358241968434,3.8146
655,RETIRO_TARJETA,19.0,583.3092694195784,6.3704304135789664,3.2393
655,SEGURO,64.0,178.3424776205602,5.189297260642927,2.7807
655,SERVICIOS_HOGAR,65.0,1782.1975166041004,7.486163389408117,3.6724
655,TRANSF_SALIENTE,129.0,2225.873520069304,7.708353871782525,3.7587
656,SERVICIOS_HOGAR,23.0,4432.477128782547,8.396939460079462,4.026
657,SERVICIOS_HOGAR,61.0,1004.1074737492279,6.912849753829561,3.4498
657,TRANSF_SALIENTE,60.0,1725.1389746757256,7.453642386754045,3.6598
658,PENSION,36.0,4696.748878923767,8.454838711028133,4.0485
658,SERVICIOS_HOGAR,31.0,2348.458520179372,7.761940163643194,3.7795
659,INGRESO_TRANSF,24.0,2846.943765281174,7.954352527000259,3.8542
659,SERVICIOS_HOGAR,19.0,1419.1931540342298,7.258548165312653,3.584
659,TRANSF_SALIENTE,19.0,82.84433577832111,4.428961934148743,2.4855
660,RETIRO_TARJETA,3.0,220.65063649222066,5.401102432796327,2.8629
660,SERVICIOS_HOGAR,31.0,1082.149929278642,6.987628676272995,3.4789
660,TRANSF_SALIENTE,30.0,4530.12729844413,8.41872603927229,4.0344
662,SERVICIOS_HOGAR,49.0,3052.759588400374,8.024128762444343,3.8812
664,PENSION,24.0,6362.813257881973,8.758383045513945,4.1663
664,SERVICIOS_HOGAR,20.0,2422.7970897332257,7.793090634829493,3.7916
665,RETIRO_TARJETA,22.0,1217.434869739479,7.105322420458591,3.5246
665,SERVICIOS_HOGAR,36.0,3741.5831663326653,8.227531338179853,3.9602
666,RETIRO_TARJETA,19.0,1156.8276684555753,7.05430082879897,3.5047
666,SEGURO,28.0,797.2570065593321,6.682430608956097,3.3604
666,SERVICIOS_HOGAR,28.0,3285.8676207513417,8.097690299275895,3.9098
666,TRANSF_SALIENTE,28.0,1905.0685748360168,7.552798061969887,3.6983
669,INGRESO_TRANSF,31.0,2941.8778427550355,7.987143239643507,3.8669
669,SERVICIOS_HOGAR,27.0,1707.8947368421052,7.443602087796815,3.6559
673,RETIRO_TARJETA,1.0,94.11764705882354,4.5551145155208905,2.5345
673,SERVICIOS_HOGAR,8.0,2877.4901960784314,7.965021198196718,3.8583
674,PENSION,40.0,4680.851063829787,8.451448837171078,4.0471
674,SERVICIOS_HOGAR,36.0,1854.5181476846055,7.525919260934961,3.6878
675,RETIRO_TARJETA,4.0,229.60429897410847,5.440703250220202,2.8783
675,SERVICIOS_HOGAR,36.0,5590.815828041036,8.629059348471609,4.1161
676,SERVICIOS_HOGAR,35.0,2687.579536777806,7.89676827988422,3.8318
678,SEGURO,58.0,1818.1035856573706,7.506099123382368,3.6801
678,SERVICIOS_HOGAR,58.0,1101.768924302789,7.005579499846904,3.4858
678,TRANSF_SALIENTE,58.0,1782.980079681275,7.486602146979673,3.6726
679,SEGURO,13.0,207.0861678004535,5.33795226218732,2.8384
679,SERVICIOS_HOGAR,13.0,2983.956916099773,8.001340592255126,3.8724
679,TRANSF_SALIENTE,13.0,331.63265306122446,5.807038737109006,3.0205
680,RETIRO_TARJETA,1.0,171.919770773639,5.152827734177682,2.7666
680,SERVICIOS_HOGAR,13.0,3615.41547277937,8.193238613357368,3.9469
682,INGRESO_TRANSF,19.0,3059.648187633262,8.026381998538405,3.8821
682,SERVICIOS_HOGAR,14.0,1102.238805970149,7.006005501685445,3.486
682,TRANSF_SALIENTE,14.0,400.7462686567164,5.995820716850076,3.0938
683,RETIRO_TARJETA,11.0,979.1879904469465,6.887744380254854,3.4401
683,SERVICIOS_HOGAR,25.0,7316.615489593995,8.898039801098687,4.2205
684,INGRESO_TRANSF,31.0,2845.259165613148,7.953760837614538,3.8539
684,SERVICIOS_HOGAR,27.0,1652.0859671302148,7.410399103202063,3.643
685,RETIRO_TARJETA,1.0,33.42385627741801,3.538749820458387,2.14
686,SEGURO,65.0,927.3584905660376,6.833417962679096,3.419
686,SERVICIOS_HOGAR,64.0,2054.687953555878,7.628365841493967,3.7276
686,TRANSF_SALIENTE,65.0,2712.264150943396,7.905907672808109,3.8354
687,SERVICIOS_HOGAR,26.0,1213.0533117932148,7.101719884817696,3.5232
687,TRANSF_SALIENTE,26.0,3358.578352180937,8.119570754660328,3.9183
688,INGRESO_TRANSF,61.0,3753.5393166584927,8.230720871361122,3.9615
688,SERVICIOS_HOGAR,57.0,2337.959784207945,7.757461572852762,3.7777
689,SEGURO,29.0,15.296307787775365,2.790938566066672,1.8496
689,SERVICIOS_HOGAR,29.0,4489.016444306547,8.409611643158668,4.0309
689,TRANSF_SALIENTE,58.0,1263.295066708036,7.142269986315488,3.5389
690,SERVICIOS_HOGAR,25.0,6026.2891809909,8.704052633249685,4.1452
691,SERVICIOS_HOGAR,29.0,2825.5976676384844,7.946829029786354,3.8512
692,SERVICIOS_HOGAR,23.0,3727.4684484038603,8.223752824672024,3.9587
692,TRANSF_SALIENTE,23.0,116.96362286562731,4.770376296137602,2.6181
693,SERVICIOS_HOGAR,50.0,5771.475469633412,8.660856291697476,4.1284
694,PENSION,28.0,6349.748743718593,8.756327997332246,4.1655
694,SERVICIOS_HOGAR,23.0,2555.9224694903087,7.846559653943861,3.8123
695,SERVICIOS_HOGAR,28.0,8241.509433962265,9.01706011949631,4.2667
696,PENSION,13.0,6551.240875912409,8.787562388580032,4.1776
696,RETIRO_TARJETA,4.0,430.6569343065694,6.067631139203416,3.1217
696,SERVICIOS_HOGAR,18.0,1037.2992700729928,6.945339336307132,3.4624
697,SERVICIOS_HOGAR,65.0,5899.1596638655465,8.682734691199776,4.1369
698,SERVICIOS_HOGAR,22.0,5025.665680473373,8.522512156701518,4.0747
700,SERVICIOS_HOGAR,50.0,1014.5454545454545,6.923181140772478,3.4538
700,TRANSF_SALIENTE,51.0,1526.290909090909,7.3312507972840235,3.6123
702,PENSION,66.0,4202.8066998641925,8.343745750888393,4.0053
702,SERVICIOS_HOGAR,62.0,2631.7489059906443,7.87578379072198,3.8237
703,INGRESO_TRANSF,12.0,3369.155844155844,8.12271426683379,3.9195
703,SERVICIOS_HOGAR,7.0,1310.2272727272727,7.178718827035815,3.553
704,SERVICIOS_HOGAR,67.0,1993.7039610840861,7.598250927878972,3.7159
704,TRANSF_SALIENTE,67.0,1114.6490618485059,7.0171916327788955,3.4903
705,SERVICIOS_HOGAR,12.0,2840.273037542662,7.952007483375909,3.8533
710,PENSION,52.0,4805.544859453215,8.477733780543192,4.0573
710,SERVICIOS_HOGAR,47.0,2895.6488255679633,7.971309770389839,3.8607
711,SERVICIOS_HOGAR,49.0,2950.9192200557104,7.990210820866176,3.8681
713,PENSION,26.0,5560.920407393436,8.623698724622018,4.114
713,SERVICIOS_HOGAR,22.0,2971.7842323651453,7.997254244637862,3.8708
714,PENSION,26.0,5704.717710750194,8.649224058196019,4.1239
714,SERVICIOS_HOGAR,22.0,3217.478731631864,8.076664083309229,3.9016
715,SEGURO,24.0,1150.3304347826088,7.048673452475365,3.5026
715,SERVICIOS_HOGAR,24.0,2401.669565217391,7.784335717008373,3.7882
715,TRANSF_SALIENTE,24.0,1509.286956521739,7.32005494918576,3.6079
716,RETIRO_TARJETA,11.0,464.93455753076773,6.14404518978047,3.1514
717,RETIRO_TARJETA,23.0,732.7080890973037,6.598111250733868,3.3276
717,SERVICIOS_HOGAR,63.0,6057.195193434936,8.709167211839802,4.1472
718,RETIRO_TARJETA,3.0,279.9057159693577,5.638019082672683,2.9549
718,SEGURO,27.0,4805.745433117266,8.477775508954167,4.0574
718,SERVICIOS_HOGAR,27.0,577.5486152033,6.360522579755053,3.2354
718,TRANSF_SALIENTE,26.0,5455.863288155569,8.604629414307919,4.1066
719,INGRESO_TRANSF,60.0,2971.153846153846,7.997042169690962,3.8707
719,SERVICIOS_HOGAR,55.0,1815.4011936339523,7.504612456366254,3.6796
720,SERVICIOS_HOGAR,37.0,3499.8067632850243,8.160748724711308,3.9343
721,INGRESO_TRANSF,64.0,3288.403308880912,8.098461462228993,3.9101
721,SERVICIOS_HOGAR,59.0,2020.3839550491653,7.61153768206536,3.7211
722,SERVICIOS_HOGAR,11.0,5002.511300853842,8.517895205117716,4.0729
725,INGRESO_TRANSF,30.0,3949.2777964393686,8.281541183634753,3.9812
725,SERVICIOS_HOGAR,26.0,2281.2227074235807,7.732905118746708,3.7682
726,SERVICIOS_HOGAR,55.0,2987.769661967046,8.002617097409882,3.8729
728,SERVICIOS_HOGAR,32.0,986.1418172014019,6.894813714219569,3.4428
728,TRANSF_SALIENTE,32.0,3553.734160150984,8.176035560299464,3.9402
729,INGRESO_TRANSF,22.0,3015.576323987539,8.011877799727982,3.8765
729,SEGURO,18.0,53.67156208277704,4.001343685441403,2.3195
729,SERVICIOS_HOGAR,17.0,1416.2883845126837,7.2565007366356316,3.5832
729,TRANSF_SALIENTE,17.0,86.2483311081442,4.4687584331992465,2.501
730,RETIRO_TARJETA,13.0,611.5444617784711,6.417621530443036,3.2576
731,PENSION,42.0,4089.1820580474937,8.316344761016222,3.9947
731,SERVICIOS_HOGAR,37.0,2401.5831134564646,7.784299734816918,3.7881
732,SERVICIOS_HOGAR,27.0,4499.122807017544,8.411859965834378,4.0318
734,INGRESO_TRANSF,33.0,3434.9816849816852,8.142057952758648,3.927
734,SERVICIOS_HOGAR,28.0,1904.2735042735044,7.552380849052472,3.6981
735,PENSION,15.0,5875.647668393783,8.67874175388712,4.1354
735,SERVICIOS_HOGAR,20.0,2316.062176165803,7.748055358843932,3.7741
736,PENSION,13.0,4100.391236306729,8.319081521062847,3.9958
736,SERVICIOS_HOGAR,8.0,1326.4475743348983,7.191013260309822,3.5578
737,PENSION,61.0,4515.506172839506,8.415494003319731,4.0332
737,SERVICIOS_HOGAR,56.0,2596.740740740741,7.8623974003883195,3.8185
738,RETIRO_TARJETA,13.0,470.3753957485301,6.155654795140152,3.1559
738,SEGURO,62.0,3431.358359716569,8.141002872323593,3.9266
738,SERVICIOS_HOGAR,62.0,906.6787275742499,6.8108904917332875,3.4103
738,TRANSF_SALIENTE,62.0,76.64706769184382,4.352173785737334,2.4557
739,RETIRO_TARJETA,9.0,600.896860986547,6.400086103365757,3.2508
739,SERVICIOS_HOGAR,28.0,4607.234678624813,8.435600129599925,4.041
742,PENSION,59.0,4257.948197054342,8.356777506678155,4.0104
742,SERVICIOS_HOGAR,54.0,1872.2194007110209,7.53541383424434,3.6915
743,PENSION,62.0,4452.207666181465,8.401379939352546,4.0277
743,SERVICIOS_HOGAR,58.0,2524.3085880640465,7.83411854733672,3.8075
744,PENSION,70.0,5752.326413743737,8.657533473258923,4.1271
744,SERVICIOS_HOGAR,65.0,2014.674302075877,7.608709059629619,3.72
745,PENSION,15.0,4828.125,8.482420570814979,4.0592
745,SERVICIOS_HOGAR,11.0,1468.4103260869565,7.292616460578769,3.5973
746,PENSION,43.0,5091.561856848845,8.535536294683812,4.0798
746,SERVICIOS_HOGAR,39.0,3078.618797164418,8.032561101153425,3.8845
747,SERVICIOS_HOGAR,60.0,2477.132262051916,7.815260435281231,3.8002
748,SERVICIOS_HOGAR,64.0,6042.582897033159,8.706752309931368,4.1463
749,SEGURO,17.0,40.72334429309535,3.7310607873488357,2.2146
749,SERVICIOS_HOGAR,16.0,3731.3292625645845,8.224787784914861,3.9591
749,TRANSF_SALIENTE,34.0,201.22123062470644,5.3093622992184,2.8273
750,RETIRO_TARJETA,17.0,603.6786668762774,6.404697187801681,3.2526
750,SERVICIOS_HOGAR,59.0,6135.591888067914,8.722024799944506,4.1522
751,PENSION,67.0,4308.20399113082,8.368508477207955,4.0149
751,SERVICIOS_HOGAR,63.0,2200.5764966740576,7.6969289721161145,3.7542
752,SERVICIOS_HOGAR,19.0,111.62299239222317,4.7240458901733815,2.6001
752,TRANSF_SALIENTE,19.0,4471.34404057481,8.405667944025812,4.0294
753,PENSION,28.0,6532.679509632224,8.784725541314979,4.1765
753,SERVICIOS_HOGAR,24.0,1346.6900175131348,7.2061473076935405,3.5637
754,PENSION,42.0,6134.0813464235625,8.72177861645785,4.1521
754,SERVICIOS_HOGAR,76.0,2738.5226741467973,7.915538977690631,3.8391
755,SERVICIOS_HOGAR,10.0,2573.7921906022502,7.853524107162462,3.815
755,TRANSF_SALIENTE,10.0,954.9966909331569,6.86275445167842,3.4304
756,RETIRO_TARJETA,1.0,23.12381753205802,3.183199631808602,2.0019
757,RETIRO_TARJETA,25.0,889.7722060846966,6.7920887338240385,3.403
757,SERVICIOS_HOGAR,61.0,755.3890842378842,6.628555905476952,3.3395
757,TRANSF_SALIENTE,60.0,2099.6789481730625,7.650015880112373,3.736
759,INGRESO_TRANSF,65.0,2928.4505308509006,7.982570152291966,3.8651
759,SERVICIOS_HOGAR,61.0,1832.1587936605633,7.513795874562441,3.6831
760,SEGURO,15.0,708.3116883116883,6.5642950467296615,3.3145
760,SERVICIOS_HOGAR,15.0,2651.688311688312,7.883328862007129,3.8266
760,TRANSF_SALIENTE,15.0,696.6233766233767,6.547679382101234,3.3081
762,PENSION,38.0,5915.504682622269,8.68550112827571,4.138
762,SERVICIOS_HOGAR,33.0,3343.782518210198,8.115156953471114,3.9166
763,SERVICIOS_HOGAR,41.0,6577.914773956306,8.791625082747084,4.1792
764,PENSION,71.0,6175.376464026771,8.728487045809757,4.1547
764,SERVICIOS_HOGAR,67.0,2204.6848856664806,7.698793345397404,3.7549
766,SERVICIOS_HOGAR,27.0,5872.687905969688,8.678237978915254,4.1352
767,SEGURO,41.0,98.84981198849812,4.603667176920624,2.5534
767,SERVICIOS_HOGAR,41.0,3232.116788321168,8.081201900896419,3.9034
767,TRANSF_SALIENTE,82.0,477.01835877018357,6.169649139222911,3.1613
768,SERVICIOS_HOGAR,13.0,2039.1304347826085,7.620769023413201,3.7247
771,SERVICIOS_HOGAR,31.0,187.98526494757724,5.241669048780019,2.8011
771,TRANSF_SALIENTE,31.0,4230.546897138,8.350322901912506,4.0079
772,SEGURO,66.0,259.2228924112779,5.561538542267103,2.9252
772,SERVICIOS_HOGAR,66.0,3911.488287277318,8.271928841176788,3.9774
772,TRANSF_SALIENTE,66.0,611.0253892551549,6.416773767362855,3.2572
773,SERVICIOS_HOGAR,61.0,4456.325301204819,8.40230415686715,4.0281
775,SERVICIOS_HOGAR,44.0,1061.1604377451993,6.968060261714924,3.4713
775,TRANSF_SALIENTE,44.0,2215.8992360107372,7.703864757979313,3.7569
776,RETIRO_TARJETA,3.0,238.54961832061068,5.478760570009602,2.8931
776,SEGURO,27.0,145.99236641221373,4.990380656261756,2.7035
776,SERVICIOS_HOGAR,26.0,1883.0152671755725,7.5411605586998505,3.6938
776,TRANSF_SALIENTE,27.0,889.6946564885495,6.792001671192872,3.4029
780,SERVICIOS_HOGAR,27.0,5222.014925373135,8.560830086056788,4.0896
781,INGRESO_TRANSF,46.0,3057.0750647109576,8.025540933182816,3.8818
781,SERVICIOS_HOGAR,42.0,1860.828300258844,7.529314241049645,3.6892
782,SERVICIOS_HOGAR,9.0,1984.7469707769067,7.593750430031482,3.7142
782,TRANSF_SALIENTE,10.0,1761.9387027797577,7.4747374130922095,3.668
783,PENSION,15.0,4635.3240152477765,8.441677093140706,4.0433
783,SERVICIOS_HOGAR,10.0,2059.720457433291,7.630810937258134,3.7286
784,SEGURO,51.0,98.54635702889559,4.6006234354548345,2.5522
784,SERVICIOS_HOGAR,51.0,1342.5811026413758,7.203093792918609,3.5625
784,TRANSF_SALIENTE,102.0,1732.2460556638896,7.457751262132077,3.6614
785,INGRESO_TRANSF,17.0,28784.449760765554,10.267625321819025,4.7522
785,SERVICIOS_HOGAR,12.0,5307.416267942584,8.57704881512448,4.0959
786,SERVICIOS_HOGAR,36.0,4387.5,8.386742762032172,4.022
786,TRANSF_SALIENTE,36.0,323.3267716535433,5.781751562029201,3.0107
787,SERVICIOS_HOGAR,57.0,4070.7669808254795,8.311832331844798,3.9929
787,TRANSF_SALIENTE,56.0,111.01722456938576,4.718652650268589,2.598
788,PENSION,30.0,5438.555813183173,8.601452684527896,4.1054
788,SERVICIOS_HOGAR,25.0,2563.7628353759524,7.849621291488276,3.8135
789,SERVICIOS_HOGAR,42.0,1933.0055579307395,7.567348549809906,3.7039
789,TRANSF_SALIENTE,42.0,1473.3219324497647,7.295953456262629,3.5986
790,RETIRO_TARJETA,16.0,502.3640661938534,6.221313697940141,3.1814
791,PENSION,36.0,4778.342904019688,8.472058348257633,4.0551
791,SERVICIOS_HOGAR,32.0,2672.354388843314,7.891089288287362,3.8296
792,INGRESO_TRANSF,16.0,3471.0066305003015,8.152487985484726,3.9311
792,SEGURO,11.0,389.873417721519,5.968383767727648,3.0832
792,SERVICIOS_HOGAR,12.0,350.8137432188065,5.863101896971937,3.0423
792,TRANSF_SALIENTE,11.0,879.2043399638336,6.780154085021315,3.3983
793,INGRESO_TRANSF,72.0,3406.203922659619,8.133647269893743,3.9238
793,SEGURO,68.0,804.9520100153012,6.692024199810053,3.3641
793,SERVICIOS_HOGAR,68.0,1146.418138823202,7.04526960067381,3.5012
793,TRANSF_SALIENTE,68.0,192.961468910836,5.267659525475313,2.8111
794,INGRESO_TRANSF,20.0,2986.1660079051385,8.002080393472962,3.8727
794,SERVICIOS_HOGAR,15.0,820.405138339921,6.711016457090817,3.3715
794,TRANSF_SALIENTE,15.0,672.1837944664032,6.5120183896359425,3.2942
795,SERVICIOS_HOGAR,42.0,2653.1946508172364,7.883896554635749,3.8268
796,RETIRO_TARJETA,1.0,93.16770186335404,4.545077255097119,2.5306
797,INGRESO_TRANSF,25.0,37198.18397157521,10.524042103772656,4.8518
798,INGRESO_TRANSF,32.0,3242.600619195047,8.084439293967858,3.9047
798,SERVICIOS_HOGAR,27.0,1823.962848297214,7.509314908711966,3.6814
800,INGRESO_TRANSF,13.0,3808.6651053864166,8.245296565408706,3.9671
800,SERVICIOS_HOGAR,9.0,1547.775175644028,7.345219688271461,3.6177
800,TRANSF_SALIENTE,9.0,210.0702576112412,5.352191052513232,2.844
801,SERVICIOS_HOGAR,13.0,1929.6874999999998,7.565631436085079,3.7033
801,TRANSF_SALIENTE,12.0,532.6388888888888,6.279719372172332,3.204
802,PENSION,48.0,5335.980148883375,8.582415256799836,4.098
802,SERVICIOS_HOGAR,43.0,1668.072787427626,7.4200235341115,3.6467
804,RETIRO_TARJETA,6.0,405.28887611382584,6.007064424114885,3.0982
804,SERVICIOS_HOGAR,30.0,2019.5458465076172,7.611122974935495,3.7209
804,TRANSF_SALIENTE,30.0,588.1000287438919,6.378595997320531,3.2424
805,INGRESO_TRANSF,25.0,15706.09462710505,9.661867776342937,4.517
806,INGRESO_TRANSF,26.0,3440.383877159309,8.143628959342461,3.9276
806,SERVICIOS_HOGAR,22.0,1940.7293666026872,7.571334281056965,3.7055
807,INGRESO_TRANSF,42.0,21601.103027458343,9.980545951315177,4.6408
807,RETIRO_TARJETA,11.0,598.4510678244544,6.396014349492395,3.2492
807,SERVICIOS_HOGAR,38.0,11218.070875381367,9.325370365966972,4.3864
808,SERVICIOS_HOGAR,37.0,8270.359070640694,9.020554111957257,4.2681
809,SERVICIOS_HOGAR,31.0,7072.807258729723,8.864154122960779,4.2074
810,PENSION,38.0,4842.602921646747,8.485414128077393,4.0603
810,SERVICIOS_HOGAR,33.0,1819.601593625498,7.506922271400641,3.6805
811,INGRESO_TRANSF,17.0,33787.81636256622,10.427885149872136,4.8144
812,SERVICIOS_HOGAR,23.0,7492.648108493933,8.921811021818524,4.2297
813,INGRESO_TRANSF,71.0,13248.272933182332,9.49169795694142,4.451
814,PENSION,27.0,6807.907497202536,8.825986960018756,4.1925
814,SERVICIOS_HOGAR,45.0,1889.5188362551287,7.5446065869180226,3.6951
815,INGRESO_TRANSF,64.0,2914.890965732087,7.977930700705211,3.8633
815,SERVICIOS_HOGAR,59.0,1791.1370716510903,7.491164081486322,3.6743
816,SERVICIOS_HOGAR,59.0,4106.800308404009,8.320642959449206,3.9964
817,SERVICIOS_HOGAR,53.0,4247.5635224504,8.354336210067821,4.0094
819,RETIRO_TARJETA,27.0,1331.2274368231047,7.194607584890186,3.5592
820,SERVICIOS_HOGAR,33.0,182.94614572333685,5.214643028481782,2.7906
820,TRANSF_SALIENTE,33.0,4675.580781414995,8.450322519630042,4.0467
821,INGRESO_TRANSF,33.0,3841.6293643688455,8.253912141565323,3.9705
821,SERVICIOS_HOGAR,29.0,1242.733512384363,7.1258730320105546,3.5325
821,TRANSF_SALIENTE,29.0,563.3840644583706,6.335734985098079,3.2258
822,PENSION,27.0,6944.436174171939,8.845840057272786,4.2003
822,SERVICIOS_HOGAR,22.0,1460.6624488276889,7.2873297304973095,3.5952
823,INGRESO_TRANSF,15.0,3202.860858257477,8.072111879735097,3.8999
823,SEGURO,10.0,397.9193758127438,5.988759330839632,3.0911
823,SERVICIOS_HOGAR,10.0,40.31209362808843,3.7211552810270887,2.2108
823,TRANSF_SALIENTE,10.0,985.0455136540962,6.893702513429893,3.4424
824,SERVICIOS_HOGAR,28.0,4538.770614692654,8.420631764360849,4.0352
825,RETIRO_TARJETA,2.0,162.52955082742315,5.096993713011628,2.7449
825,SERVICIOS_HOGAR,29.0,7914.154846335697,8.976534535779551,4.251
826,SEGURO,23.0,144.82116244411327,4.982380956120706,2.7004
826,SERVICIOS_HOGAR,22.0,3729.5081967213114,8.224299749127038,3.959
826,TRANSF_SALIENTE,23.0,742.1013412816692,6.610832430143183,3.3326
827,INGRESO_TRANSF,34.0,3368.215016067777,8.122435063295748,3.9194
827,SERVICIOS_HOGAR,30.0,1980.7186678352325,7.591719761240436,3.7134
828,RETIRO_TARJETA,6.0,722.1976074435091,6.583682500780887,3.322
828,SERVICIOS_HOGAR,18.0,7059.636685866194,8.862290508555146,4.2066
829,INGRESO_TRANSF,26.0,3223.148869836321,8.078424278068006,3.9023
829,SERVICIOS_HOGAR,22.0,1817.6149649259548,7.505830482074603,3.68
830,RETIRO_TARJETA,24.0,564.3564356435643,6.33745639178434,3.2265
831,INGRESO_TRANSF,27.0,3386.8248175182484,8.127943347681342,3.9216
831,SERVICIOS_HOGAR,23.0,1923.102189781022,7.5622147430069955,3.7019
832,INGRESO_TRANSF,31.0,3178.393085787452,8.064445604033413,3.8969
832,SERVICIOS_HOGAR,27.0,1845.2304737516006,7.52090125762262,3.6859
833,PENSION,28.0,5601.995723449751,8.631056684304195,4.1169
833,SERVICIOS_HOGAR,24.0,2961.0833927298645,7.993648148627865,3.8694
834,INGRESO_TRANSF,19.0,3888.6469673405913,8.266073678597088,3.9752
834,SERVICIOS_HOGAR,15.0,1923.0171073094868,7.56217052271912,3.7019
836,SERVICIOS_HOGAR,25.0,107.35142562693233,4.685379885504782,2.5851
836,TRANSF_SALIENTE,25.0,2519.752662315356,7.832312811432781,3.8068
837,SERVICIOS_HOGAR,59.0,8606.686642485412,9.060410878681965,4.2836
839,RETIRO_TARJETA,15.0,853.7099494097808,6.750762170925303,3.3869
839,SERVICIOS_HOGAR,43.0,3855.860033726813,8.257608668653429,3.9719
840,SERVICIOS_HOGAR,29.0,3970.689655172414,8.286946888973642,3.9833
841,PENSION,62.0,5785.063045586809,8.663207381706721,4.1294
841,SERVICIOS_HOGAR,58.0,1977.4005819592628,7.590044010363685,3.7127
842,PENSION,45.0,4938.85293461281,8.50509083941753,4.068
842,SERVICIOS_HOGAR,41.0,2999.2858736889084,8.006462854339961,3.8744
843,INGRESO_TRANSF,21.0,3008.683068017366,8.009590059181736,3.8756
843,SEGURO,16.0,692.32995658466,6.541506013704807,3.3057
843,SERVICIOS_HOGAR,16.0,737.0959961408587,6.604073892212938,3.33
843,TRANSF_SALIENTE,17.0,104.96864447660396,4.663143243528108,2.5765
844,INGRESO_TRANSF,56.0,50849.36731420424,10.83664262493546,4.9731
844,RETIRO_TARJETA,4.0,229.90554268401354,5.442008720767073,2.8788
844,SERVICIOS_HOGAR,52.0,1519.8716806273392,7.327038923563825,3.6106
844,TRANSF_SALIENTE,52.0,11613.117091427554,9.35997662780192,4.3998
845,RETIRO_TARJETA,3.0,610.5610561056106,6.41601479659525,3.257
845,SERVICIOS_HOGAR,8.0,6370.297029702971,8.759558343177405,4.1668
846,RETIRO_TARJETA,1.0,97.8067575577949,4.593165998748856,2.5493
848,SEGURO,26.0,874.0570678911118,6.774289104677838,3.396
848,SERVICIOS_HOGAR,26.0,2899.3112495900295,7.972573337660225,3.8612
848,TRANSF_SALIENTE,25.0,1303.7061331584127,7.173733109079549,3.5511
850,INGRESO_TRANSF,22.0,31719.15673693859,10.36470761700198,4.7899
850,SERVICIOS_HOGAR,17.0,11539.275893675527,9.353598447373841,4.3974
851,SERVICIOS_HOGAR,47.0,2984.1560975609755,8.001407318449695,3.8724
851,TRANSF_SALIENTE,47.0,807.9414634146342,6.695726557721995,3.3655
852,INGRESO_TRANSF,14.0,3066.0589060308557,8.028474370330482,3.8829
852,SERVICIOS_HOGAR,9.0,43.54838709677419,3.7965759489241457,2.24
852,TRANSF_SALIENTE,9.0,1270.4768583450211,7.147934384417366,3.5411
853,RETIRO_TARJETA,15.0,931.6956261234271,6.838078916243348,3.4208
853,SERVICIOS_HOGAR,29.0,4059.8262432594365,8.309141740082774,3.9919
853,TRANSF_SALIENTE,29.0,1197.183942480527,7.0885623081917455,3.518
854,SEGURO,59.0,2649.4550623914074,7.882486625894927,3.8263
854,SERVICIOS_HOGAR,59.0,355.994313694519,5.877719853626229,3.048
854,TRANSF_SALIENTE,58.0,1012.3203285420944,6.920987671974241,3.453
855,SERVICIOS_HOGAR,52.0,6014.63329249081,8.702116908401278,4.1445
856,RETIRO_TARJETA,3.0,206.24631703005304,5.333908023194311,2.8369
856,SEGURO,29.0,117.05951679434297,4.771188876922099,2.6184
856,SERVICIOS_HOGAR,30.0,3204.1838538597526,8.07252473240831,3.9
856,TRANSF_SALIENTE,59.0,1704.360636417207,7.441531884311297,3.6551
857,PENSION,63.0,4495.46242319206,8.411046238418074,4.0315
857,SERVICIOS_HOGAR,59.0,2806.380967386167,7.940007287632266,3.8486
858,SERVICIOS_HOGAR,25.0,4608.108108108107,8.435789648316135,4.0411
859,SEGURO,11.0,1127.9084158415842,7.02900644114412,3.4949
859,SERVICIOS_HOGAR,11.0,315.16089108910893,5.7562512330306985,3.0008
859,TRANSF_SALIENTE,23.0,1291.15099009901,7.164063542916028,3.5474
860,SERVICIOS_HOGAR,64.0,7440.852780178623,8.914875126418316,4.2271
861,SERVICIOS_HOGAR,60.0,8593.676262387919,9.05889825130047,4.283
861,TRANSF_SALIENTE,59.0,443.63693566147555,6.097258074241126,3.1332
862,INGRESO_TRANSF,71.0,48147.34837799717,10.782042115038731,4.9519
862,RETIRO_TARJETA,16.0,555.7122708039492,6.322048536987045,3.2205
862,SERVICIOS_HOGAR,67.0,2950.267983074753,7.989990181756763,3.868
863,RETIRO_TARJETA,12.0,545.0236966824644,6.302662375320464,3.2129
863,SERVICIOS_HOGAR,66.0,5949.97037914692,8.691309574174376,4.1403
864,SERVICIOS_HOGAR,13.0,2706.077658975802,7.9036249774096,3.8345
865,INGRESO_TRANSF,33.0,3394.708520179372,8.13026771341173,3.9225
865,SERVICIOS_HOGAR,29.0,354.58893871449925,5.873775397178725,3.0464
865,TRANSF_SALIENTE,29.0,1634.2301943198802,7.3995388650540965,3.6388
866,SEGURO,67.0,471.22523025397714,6.157456054511553,3.1566
866,SERVICIOS_HOGAR,67.0,434.76137315099083,6.077094784233918,3.1254
866,TRANSF_SALIENTE,134.0,3629.556237789562,8.197141149070678,3.9484
867,SEGURO,10.0,295.6204379562044,5.692453334801852,2.9761
867,SERVICIOS_HOGAR,8.0,5674.744525547446,8.643957027673498,4.1219
867,TRANSF_SALIENTE,8.0,1646.7153284671533,7.407144957967952,3.6417
868,SERVICIOS_HOGAR,15.0,2531.787389265242,7.837075710144533,3.8086
868,TRANSF_SALIENTE,15.0,2437.9885356956747,7.799338697793096,3.794
870,SERVICIOS_HOGAR,41.0,4140.8456940447195,8.328896787288796,3.9996
871,RETIRO_TARJETA,2.0,186.17973505191551,5.232069305255919,2.7973
871,SERVICIOS_HOGAR,24.0,4440.816326530612,8.398818654326755,4.0267
872,SERVICIOS_HOGAR,18.0,2125.523728088927,7.662243872914495,3.7408
873,SEGURO,15.0,1644.27367377293,7.405662016397227,3.6412
873,SERVICIOS_HOGAR,16.0,696.4799206742687,6.547473725717379,3.308
873,TRANSF_SALIENTE,15.0,1145.2652454139811,7.044264323734337,3.5008
874,INGRESO_TRANSF,33.0,17765.174278846152,9.785051606965544,4.5649
874,SERVICIOS_HOGAR,28.0,885.9375,6.787774517594756,3.4013
874,TRANSF_SALIENTE,28.0,5910.4567307692305,8.684647565775277,4.1377
875,PENSION,43.0,6531.057471264367,8.784477252469342,4.1764
875,SERVICIOS_HOGAR,39.0,3440.0689655172414,8.143537447885867,3.9276
876,PENSION,14.0,6117.090395480226,8.719005299933539,4.151
876,SERVICIOS_HOGAR,9.0,2412.7118644067796,7.788921034304306,3.7899
877,RETIRO_TARJETA,3.0,318.53281853281857,5.766859986954993,3.0049
877,SERVICIOS_HOGAR,27.0,1837.3552123552124,7.516626544501823,3.6842
877,TRANSF_SALIENTE,27.0,1314.3822393822395,7.181882578709987,3.5543
878,INGRESO_TRANSF,30.0,25316.699933466403,10.139259032221428,4.7024
878,SERVICIOS_HOGAR,25.0,3279.2747837658017,8.09568247340757,3.909
879,INGRESO_TRANSF,19.0,3159.290629962943,8.058419273859098,3.8946
879,SERVICIOS_HOGAR,14.0,1551.9322392800423,7.347900190052568,3.6187
880,INGRESO_TRANSF,24.0,17761.843168957155,9.784864092075573,4.5648
880,RETIRO_TARJETA,1.0,133.3872271624899,4.900725387579464,2.6687
880,SERVICIOS_HOGAR,20.0,3912.6919967663707,8.272236452158099,3.9776
882,RETIRO_TARJETA,4.0,143.16392269148176,4.970951004168804,2.696
882,SERVICIOS_HOGAR,65.0,3076.4495347172515,8.031856459781915,3.8842
883,SEGURO,56.0,421.505376344086,6.046202171791025,3.1134
883,SERVICIOS_HOGAR,55.0,5636.476426799007,8.637191802303123,4.1193
883,TRANSF_SALIENTE,55.0,1597.6840363937138,7.376936092553953,3.63
884,INGRESO_TRANSF,61.0,3401.2668641000328,8.132197213177362,3.9232
884,SERVICIOS_HOGAR,56.0,2081.3425468904243,7.641248763446899,3.7326
885,RETIRO_TARJETA,44.0,1267.3716012084592,7.145489152953169,3.5401
885,SERVICIOS_HOGAR,62.0,816.6767371601209,6.706467071650029,3.3697
885,TRANSF_SALIENTE,62.0,2266.465256797583,7.726417859621666,3.7657
886,RETIRO_TARJETA,22.0,1181.5301041195112,7.075411578071223,3.5129
886,SERVICIOS_HOGAR,62.0,8451.908857703336,9.042265904628202,4.2765
887,PENSION,68.0,4521.9799646434885,8.416926339807075,4.0337
887,SERVICIOS_HOGAR,64.0,2837.006482027107,7.95085714172975,3.8528
888,PENSION,26.0,6085.933307780759,8.713899671933287,4.149
888,SERVICIOS_HOGAR,22.0,1342.4300498275202,7.202981361071145,3.5625
889,PENSION,12.0,4858.584214808788,8.488708160726235,4.0616
889,SERVICIOS_HOGAR,16.0,2120.097640358015,7.6596889885631,3.7398
890,SERVICIOS_HOGAR,67.0,2967.683615819209,7.995873906545727,3.8703
891,PENSION,31.0,5943.318414322251,8.69019115399416,4.1398
891,SERVICIOS_HOGAR,26.0,1482.8644501278773,7.302405078671313,3.6011
892,PENSION,69.0,6142.282749675745,8.723114528051239,4.1526
892,SERVICIOS_HOGAR,129.0,2694.4228274967572,7.899310364356389,3.8328
894,PENSION,40.0,6651.058530510585,8.802681639208352,4.1835
894,SERVICIOS_HOGAR,35.0,2540.2241594022416,7.840401196431336,3.8099
895,INGRESO_TRANSF,34.0,2997.7407847800237,8.005947741128765,3.8742
895,SERVICIOS_HOGAR,30.0,466.4090368608799,6.147204756237236,3.1526
895,TRANSF_SALIENTE,29.0,1253.4482758620688,7.134451134077281,3.5359
896,SERVICIOS_HOGAR,38.0,2866.916588566073,7.961341117811945,3.8569
897,RETIRO_TARJETA,7.0,316.85492151973006,5.761595057043354,3.0029
897,SERVICIOS_HOGAR,63.0,2689.306146398709,7.897410275190276,3.8321
897,TRANSF_SALIENTE,63.0,6169.693413525011,8.727566495272756,4.1543
898,SERVICIOS_HOGAR,29.0,2521.206636500754,7.8328894467532475,3.807
898,TRANSF_SALIENTE,28.0,1336.2292609351434,7.198355036549384,3.5607
899,INGRESO_TRANSF,66.0,17533.830845771146,9.77194451586514,4.5598
900,SERVICIOS_HOGAR,52.0,5507.297970808117,8.614010956208135,4.1103
901,PENSION,54.0,4642.069992553984,8.443131062761775,4.0439
901,SERVICIOS_HOGAR,50.0,1777.7364110201042,7.483658509751607,3.6714
902,SEGURO,62.0,1619.6761011048889,7.390598687522703,3.6353
902,SERVICIOS_HOGAR,62.0,243.98365370062058,5.501191488729573,2.9018
902,TRANSF_SALIENTE,62.0,1753.8671106402303,7.470148412600112,3.6662
903,INGRESO_TRANSF,61.0,3891.4139749505603,8.266784803258561,3.9755
903,SERVICIOS_HOGAR,57.0,2423.533289386948,7.793394326864405,3.7917
904,RETIRO_TARJETA,14.0,747.3867595818815,6.617919902610461,3.3353
905,SEGURO,20.0,43.01948051948052,3.7846322750173362,2.2354
905,SERVICIOS_HOGAR,20.0,4939.9350649350645,8.505309876669747,4.0681
905,TRANSF_SALIENTE,19.0,28.530844155844154,3.385435281728696,2.0804
906,INGRESO_TRANSF,12.0,3327.722772277228,8.110343957530958,3.9147
906,SERVICIOS_HOGAR,8.0,1478.5478547854786,7.299491816559128,3.5999
907,INGRESO_TRANSF,66.0,3190.5689078186797,8.068267895507578,3.8984
907,SERVICIOS_HOGAR,62.0,1997.505324003651,7.6001548421476555,3.7167
909,INGRESO_TRANSF,16.0,2937.853107344633,7.985774684681465,3.8664
909,SERVICIOS_HOGAR,11.0,1346.5160075329568,7.206018182143358,3.5636
910,PENSION,23.0,5137.035417577612,8.544426070907575,4.0832
910,SERVICIOS_HOGAR,18.0,1524.529951902055,7.33009713811806,3.6118
911,RETIRO_TARJETA,2.0,209.64360587002096,5.3501676336800665,2.8432
911,SERVICIOS_HOGAR,22.0,7379.454926624738,8.90659055886874,4.2238
911,TRANSF_SALIENTE,22.0,744.0950384346611,6.61351177861208,3.3336
912,INGRESO_TRANSF,20.0,3474.6772591857,8.15354463373908,3.9315
912,SERVICIOS_HOGAR,15.0,1736.842105263158,7.460399453173134,3.6624
913,SEGURO,27.0,3831.955835962145,8.251391543258904,3.9695
913,SERVICIOS_HOGAR,27.0,1812.492113564669,7.50300960997607,3.6789
913,TRANSF_SALIENTE,27.0,2007.5394321766562,7.605163086256186,3.7186
914,INGRESO_TRANSF,61.0,3417.7445563860906,8.137028673887075,3.9251
914,SERVICIOS_HOGAR,56.0,2091.127721806955,7.64593687581017,3.7344
915,INGRESO_TRANSF,47.0,41624.003374815446,10.636456308359389,4.8954
915,SERVICIOS_HOGAR,43.0,12961.674752161993,9.469829333809455,4.4425
916,SERVICIOS_HOGAR,24.0,4449.825052484255,8.400844763027536,4.0275
917,SERVICIOS_HOGAR,34.0,4112.59067357513,8.322051569291807,3.9969
918,SERVICIOS_HOGAR,15.0,5350.088495575221,8.585055276312323,4.099
918,TRANSF_SALIENTE,15.0,1082.654867256637,6.9880947431636935,3.479
919,SERVICIOS_HOGAR,18.0,3977.220956719818,8.28859000254704,3.9839
920,PENSION,28.0,5350.485088034496,8.585129387918538,4.099
920,SERVICIOS_HOGAR,24.0,2101.616960114984,7.650938019367633,3.7364
921,PENSION,27.0,6686.387434554974,8.80797855884652,4.1856
921,SERVICIOS_HOGAR,45.0,1481.226626776365,7.301300713717232,3.6006
922,SEGURO,39.0,1458.967391304348,7.286169379729909,3.5948
922,SERVICIOS_HOGAR,40.0,813.4057971014494,6.702458764019266,3.3682
922,TRANSF_SALIENTE,39.0,225.2038043478261,5.42143638205441,2.8708
923,PENSION,35.0,5717.203682393556,8.651409993512885,4.1248
923,SERVICIOS_HOGAR,30.0,1801.2082853855006,7.496768017163302,3.6765
924,INGRESO_TRANSF,37.0,3343.397767492513,8.115041916739653,3.9165
924,SERVICIOS_HOGAR,32.0,268.3365096651239,5.595961563094549,2.9386
924,TRANSF_SALIENTE,33.0,1710.645249115165,7.445210320927948,3.6565
925,SERVICIOS_HOGAR,66.0,5071.499786355221,8.531589029581728,4.0783
926,PENSION,26.0,4723.082851637765,8.460428715613448,4.0506
926,SERVICIOS_HOGAR,22.0,1481.926782273603,7.301772969559452,3.6008
927,SERVICIOS_HOGAR,16.0,1258.749394086282,7.138668086581256,3.5375
927,TRANSF_SALIENTE,15.0,4204.071740184198,8.344046632947414,4.0054
928,SERVICIOS_HOGAR,64.0,4282.00088015256,8.36240918311443,4.0126
929,SERVICIOS_HOGAR,62.0,5532.423415225963,8.618561965404123,4.112
930,SERVICIOS_HOGAR,61.0,8791.065927295132,9.081604994610295,4.2918
931,SEGURO,57.0,420.29750479846444,6.043339246343327,3.1123
931,SERVICIOS_HOGAR,57.0,909.8848368522073,6.814416475275849,3.4116
931,TRANSF_SALIENTE,114.0,1837.0921305182342,7.516483427077368,3.6842
932,PENSION,30.0,4792.7443735304,8.475067091405442,4.0563
932,SERVICIOS_HOGAR,25.0,2345.4820288881424,7.760672476516946,3.779
933,PENSION,37.0,6509.112773917691,8.781112058235012,4.1751
933,SERVICIOS_HOGAR,32.0,2209.7274184927846,7.701076888993538,3.7558
934,PENSION,13.0,5974.446987032799,8.695414183546855,4.1419
934,SERVICIOS_HOGAR,8.0,1974.6758199847445,7.588665806136537,3.7122
935,INGRESO_TRANSF,24.0,3153.349875930521,8.056537692230002,3.8938
935,SERVICIOS_HOGAR,20.0,1751.8610421836229,7.469004613201804,3.6657
936,PENSION,34.0,4510.9802767147485,8.414491421872851,4.0328
936,SERVICIOS_HOGAR,59.0,2571.0921401236387,7.852474909025181,3.8146
937,PENSION,40.0,4415.131906421105,8.393019457624304,4.0245
937,SERVICIOS_HOGAR,36.0,1568.840219014435,7.358729121834916,3.6229
938,SERVICIOS_HOGAR,7.0,1826.2321144674086,7.5105575950884385,3.6819
939,INGRESO_TRANSF,51.0,3169.836903124386,8.061750839322292,3.8959
939,SERVICIOS_HOGAR,47.0,1946.865788956573,7.5744895849894425,3.7067
940,INGRESO_TRANSF,49.0,40886.36639062816,10.618576404109797,4.8885
940,RETIRO_TARJETA,4.0,206.01898606342155,5.332810509172484,2.8364
941,SERVICIOS_HOGAR,50.0,3533.868906335585,8.170431493155215,3.938
943,INGRESO_TRANSF,71.0,3222.9010864964016,8.078347422788745,3.9023
943,SERVICIOS_HOGAR,67.0,2026.9225342175814,7.6147671658639435,3.7223
944,SERVICIOS_HOGAR,65.0,4993.766122098023,8.516145867583653,4.0723
945,RETIRO_TARJETA,6.0,410.814606741573,6.020573264439549,3.1034
945,SERVICIOS_HOGAR,10.0,2884.4803370786517,7.967446659738148,3.8592
947,SERVICIOS_HOGAR,63.0,1443.3609958506224,7.275422285335167,3.5906
947,TRANSF_SALIENTE,62.0,1050.1778304682869,6.957666557770785,3.4672
949,INGRESO_TRANSF,34.0,14133.10185185185,9.556345727383874,4.4761
950,RETIRO_TARJETA,34.0,1429.2394014962595,7.265597122875603,3.5868
950,SERVICIOS_HOGAR,59.0,8193.422693266833,9.011209042481328,4.2645
951,PENSION,32.0,4465.046728971963,8.404258895617186,4.0288
951,SERVICIOS_HOGAR,28.0,2068.1619937694704,7.634898970364246,3.7301
952,SERVICIOS_HOGAR,9.0,3249.197080291971,8.086470913575084,3.9055
953,INGRESO_TRANSF,41.0,2906.6053714009195,7.975085124974615,3.8622
953,SERVICIOS_HOGAR,36.0,1539.9951609000727,7.340183695081618,3.6157
953,TRANSF_SALIENTE,36.0,161.1420275828696,5.088472664618104,2.7416
954,SEGURO,31.0,1652.7552447552448,7.410803886855879,3.6431
954,SERVICIOS_HOGAR,31.0,309.56643356643355,5.7383978352237515,2.9939
954,TRANSF_SALIENTE,31.0,1076.979020979021,6.982843290221152,3.477
955,SERVICIOS_HOGAR,24.0,5974.605307356399,8.695440678339065,4.1419
957,INGRESO_TRANSF,36.0,3162.6446280991736,8.05948000529098,3.895
957,SERVICIOS_HOGAR,32.0,1874.1597796143253,7.536449150568158,3.6919
958,PENSION,31.0,6528.909798831927,8.784148408826209,4.1763
958,SERVICIOS_HOGAR,27.0,3495.4574951330305,8.159505590665923,3.9338
959,PENSION,34.0,4671.3993572889285,8.449427999726726,4.0464
959,SERVICIOS_HOGAR,58.0,2337.4525270230793,7.7572446763496945,3.7776
960,INGRESO_TRANSF,50.0,43664.297156587905,10.684308950197124,4.914
960,RETIRO_TARJETA,9.0,436.5238285943132,6.081131169672916,3.1269
960,SERVICIOS_HOGAR,46.0,5471.36563876652,8.607466277020055,4.1077
961,SERVICIOS_HOGAR,10.0,5724.687933425797,8.652717984247248,4.1253
962,INGRESO_TRANSF,30.0,11690.539199470724,9.366620713845748,4.4024
963,SERVICIOS_HOGAR,23.0,3043.434343434343,8.021070397184404,3.8801
965,SERVICIOS_HOGAR,60.0,2666.355140186916,7.888842676241863,3.8287
966,INGRESO_TRANSF,14.0,3073.2646048109964,8.03082099873201,3.8838
966,SERVICIOS_HOGAR,10.0,1463.230240549828,7.289084950291048,3.5959
967,RETIRO_TARJETA,8.0,565.9050966608085,6.340191911695222,3.2275
967,SERVICIOS_HOGAR,12.0,2878.3128295254833,7.965306943801071,3.8584
968,SERVICIOS_HOGAR,33.0,6365.099601593626,8.758742253587318,4.1664
969,RETIRO_TARJETA,5.0,195.88146659969865,5.282601855261164,2.8169
970,RETIRO_TARJETA,6.0,960.8745684695052,6.86888405595835,3.4328
970,SERVICIOS_HOGAR,12.0,3631.7606444188723,8.197748146323516,3.9487
971,SERVICIOS_HOGAR,24.0,3146.7391304347825,8.054439737753707,3.893
972,INGRESO_TRANSF,27.0,3053.476331360947,8.024363443282896,3.8813
972,SERVICIOS_HOGAR,22.0,729.8076923076924,6.59415035032105,3.3261
972,TRANSF_SALIENTE,23.0,970.5251479289941,6.878867154153073,3.4366
973,PENSION,50.0,5778.491171749598,8.662070925222055,4.1289
973,SERVICIOS_HOGAR,46.0,2684.871589085072,7.895760568451564,3.8314
975,PENSION,26.0,5248.294162244125,8.565848901260258,4.0916
975,SERVICIOS_HOGAR,21.0,2826.0045489006825,7.946972966783446,3.8513
976,SERVICIOS_HOGAR,30.0,4479.498861047837,8.40748967212222,4.0301
977,SERVICIOS_HOGAR,63.0,6326.800645445211,8.752708005386959,4.1641
978,PENSION,64.0,6512.245848207356,8.781593205140508,4.1753
978,RETIRO_TARJETA,4.0,228.15458637280767,5.434396825473618,2.8759
978,SERVICIOS_HOGAR,59.0,1888.2197733974854,7.543919204512544,3.6948
979,SERVICIOS_HOGAR,66.0,5016.524701873936,8.520692003802159,4.074
980,SERVICIOS_HOGAR,19.0,2800.6493506493507,7.937963576542544,3.8478
980,TRANSF_SALIENTE,19.0,2227.719155844156,7.709182329864158,3.759
981,RETIRO_TARJETA,19.0,1076.4809902740938,6.9823811793852375,3.4768
981,SERVICIOS_HOGAR,40.0,945.1812555260831,6.852434152734581,3.4264
981,TRANSF_SALIENTE,41.0,2509.4827586206898,7.828230347743824,3.8052
982,SEGURO,67.0,140.05649717514126,4.949160499309093,2.6875
982,SERVICIOS_HOGAR,67.0,2370.5508474576272,7.7712993861409645,3.7831
982,TRANSF_SALIENTE,134.0,359.6045197740113,5.887781844728413,3.0519
984,SERVICIOS_HOGAR,25.0,4975.589225589226,8.512500040911348,4.0708
985,INGRESO_TRANSF,55.0,3334.9364791288567,8.112508722268835,3.9156
985,SERVICIOS_HOGAR,51.0,2061.288566243194,7.631571599617351,3.7289
986,PENSION,32.0,6062.683766030654,8.710072776561104,4.1475
986,SERVICIOS_HOGAR,28.0,1879.5120425398811,7.5392993817930405,3.693
987,SERVICIOS_HOGAR,24.0,3011.095305832148,8.010391230461732,3.8759
988,PENSION,50.0,6791.252485089463,8.82353790119446,4.1916
988,SERVICIOS_HOGAR,45.0,2247.316103379722,7.717936816510604,3.7624
989,PENSION,57.0,5061.607918041326,8.529637028331553,4.0775
989,SERVICIOS_HOGAR,106.0,3137.298142038548,8.051435938989655,3.8919
990,RETIRO_TARJETA,14.0,804.241013705715,6.691141628516273,3.3638
990,SERVICIOS_HOGAR,35.0,6822.6014998707005,8.828142690612703,4.1934
991,SERVICIOS_HOGAR,63.0,6302.802075611564,8.748908234409608,4.1626
992,SEGURO,35.0,300.64102564102564,5.709237653544239,2.9826
992,SERVICIOS_HOGAR,35.0,2899.6153846153848,7.972678195054504,3.8613
992,TRANSF_SALIENTE,70.0,3159.871794871795,8.05860315298494,3.8946
993,RETIRO_TARJETA,1.0,70.50528789659224,4.269771403561004,2.4237
995,INGRESO_TRANSF,40.0,3421.052631578947,8.137995834690072,3.9255
995,SERVICIOS_HOGAR,35.0,1870.7795431976167,7.534644884716761,3.6912
995,TRANSF_SALIENTE,35.0,124.25521350546177,4.830353363892792,2.6414
996,PENSION,16.0,6236.396835057822,8.738318200453307,4.1585
996,SERVICIOS_HOGAR,12.0,1412.53804017042,7.253851088812852,3.5822
997,INGRESO_TRANSF,19.0,3558.8978766430737,8.1774871370984,3.9408
997,SEGURO,15.0,521.7391304347826,6.259082545045759,3.196
997,SERVICIOS_HOGAR,15.0,793.2254802831142,6.677367401137823,3.3584
997,TRANSF_SALIENTE,30.0,558.1395348837209,6.326399057183017,3.2222
998,RETIRO_TARJETA,17.0,592.24403699497,6.3856058438451635,3.2451
998,SERVICIOS_HOGAR,57.0,7066.9641408405,8.86332775997461,4.207
1000,INGRESO_TRANSF,71.0,33920.685778527266,10.431809787330314,4.816
1000,SEGURO,67.0,2685.2726250702644,7.895909870469511,3.8315
1000,SERVICIOS_HOGAR,67.0,2993.1562675660484,8.004417757193371,3.8736
1000,TRANSF_SALIENTE,67.0,1388.7717818999438,7.236894826961299,3.5756
1002,SEGURO,22.0,376.9595333576376,5.93478713527941,3.0701
1002,SERVICIOS_HOGAR,22.0,1037.039737513671,6.945089345761537,3.4623
1002,TRANSF_SALIENTE,22.0,875.829383886256,6.776312428276212,3.3968
1003,SERVICIOS_HOGAR,22.0,4350.5247376311845,8.378281577064882,4.0187
1003,TRANSF_SALIENTE,22.0,152.5487256371814,5.034017947517852,2.7204
1005,INGRESO_TRANSF,70.0,37326.62013958126,10.527488817923032,4.8531
1005,SERVICIOS_HOGAR,66.0,7422.532402791626,8.912410287944661,4.2261
1006,INGRESO_TRANSF,70.0,3700.0,8.216358332386156,3.9559
1006,SEGURO,66.0,56.01131541725601,4.043249764225049,2.3358
1006,SERVICIOS_HOGAR,69.0,380.6223479490806,5.944431501667202,3.0739
1006,TRANSF_SALIENTE,132.0,1905.3182461103252,7.552929040953076,3.6983
1007,RETIRO_TARJETA,6.0,362.24659355267534,5.895081924712478,3.0547
1008,PENSION,27.0,5937.183308494784,8.689158525257259,4.1394
1008,SERVICIOS_HOGAR,23.0,2305.998509687034,7.743702612177461,3.7724
1009,INGRESO_TRANSF,41.0,48069.85365853659,10.78043131938513,4.9513
1009,RETIRO_TARJETA,5.0,295.1219512195122,5.690771366839668,2.9754
1009,SERVICIOS_HOGAR,36.0,6603.804878048781,8.795552674968027,4.1807
1010,SERVICIOS_HOGAR,35.0,8259.88187187642,9.019286624965826,4.2676
1011,INGRESO_TRANSF,48.0,21893.355344614116,9.993984135760899,4.646
1011,SERVICIOS_HOGAR,44.0,6432.93437886917,8.769341508628088,4.1706
1012,INGRESO_TRANSF,54.0,26714.176744186047,10.192987100285617,4.7232
1013,INGRESO_TRANSF,31.0,3061.7526099335655,8.027069336327559,3.8824
1013,SERVICIOS_HOGAR,27.0,1777.5071180006328,7.483529593629943,3.6714
1015,SERVICIOS_HOGAR,14.0,2960.6681034482763,7.9935079370465605,3.8694
1016,RETIRO_TARJETA,14.0,640.761300555115,6.464216428564059,3.2757
1016,SERVICIOS_HOGAR,58.0,2409.2307692307695,7.787477776768035,3.7894
1016,TRANSF_SALIENTE,58.0,1982.3949246629659,7.592565263841302,3.7137
1017,SERVICIOS_HOGAR,48.0,4093.7155876210363,8.317452540302762,3.9951
1017,TRANSF_SALIENTE,47.0,425.6502752990317,6.055964650239696,3.1172
1018,INGRESO_TRANSF,67.0,3967.7375971309025,8.286203337503748,3.983
1018,SERVICIOS_HOGAR,63.0,1519.4560669456066,7.326765612879273,3.6105
1018,TRANSF_SALIENTE,63.0,967.7824267782427,6.876040052910702,3.4355
1019,RETIRO_TARJETA,1.0,37.873474540608775,3.660312129616527,2.1871
1019,SEGURO,66.0,582.3257118810492,6.368745712817325,3.2386
1019,SERVICIOS_HOGAR,67.0,7637.943610604572,8.941014601736994,4.2372
1019,TRANSF_SALIENTE,67.0,571.4125403282367,6.349859955772565,3.2313
1020,INGRESO_TRANSF,33.0,3009.5354523227384,8.009873233059292,3.8757
1020,SEGURO,28.0,8.557457212713937,2.257321709750153,1.6425
1020,SERVICIOS_HOGAR,28.0,1603.6674816625919,7.380671837565883,3.6314
1020,TRANSF_SALIENTE,29.0,93.06234718826406,4.54395783036528,2.5302
1021,INGRESO_TRANSF,25.0,3331.694848604011,8.11153651954211,3.9152
1021,SERVICIOS_HOGAR,21.0,1865.47384978372,7.531806287961138,3.6901
1023,RETIRO_TARJETA,11.0,371.57454714352065,5.920437144356753,3.0646
1024,INGRESO_TRANSF,20.0,3115.1151151151153,8.044342349541603,3.8891
1024,SERVICIOS_HOGAR,15.0,1557.0570570570571,7.3511948477479665,3.62
1026,RETIRO_TARJETA,2.0,402.5157232704402,6.000215454163788,3.0955
1026,SERVICIOS_HOGAR,12.0,6112.452830188679,8.718247003874211,4.1507
1026,TRANSF_SALIENTE,12.0,252.83018867924528,5.536665494933421,2.9156
1027,INGRESO_TRANSF,17.0,3768.252148997135,8.234631891798054,3.963
1027,SERVICIOS_HOGAR,12.0,1455.8166189111748,7.284008936167642,3.5939
1029,SERVICIOS_HOGAR,28.0,7545.8098708181515,8.928880219284098,4.2325
1029,TRANSF_SALIENTE,28.0,317.1911228883736,5.762652217615016,3.0033
1030,PENSION,37.0,6259.117490696439,8.741954232399877,4.1599
1030,SERVICIOS_HOGAR,65.0,1475.598086124402,7.297496130487426,3.5992
1031,SEGURO,38.0,45.72911750825861,3.844367471626215,2.2586
1031,SERVICIOS_HOGAR,38.0,6112.458706937234,8.718247965155157,4.1507
1031,TRANSF_SALIENTE,38.0,669.7970740915525,6.50846666812015,3.2928
1032,INGRESO_TRANSF,68.0,54021.06498459733,10.89714785291362,4.9966
1032,RETIRO_TARJETA,6.0,195.10048408390787,5.278627201755643,2.8154
1034,SERVICIOS_HOGAR,16.0,3229.856459330144,8.080502538755967,3.9031
1035,RETIRO_TARJETA,1.0,107.63209393346379,4.687966888090352,2.5861
1035,SERVICIOS_HOGAR,16.0,1717.4168297455967,7.449158698112953,3.658
1035,TRANSF_SALIENTE,16.0,3868.493150684931,8.2608788086314,3.9732
1036,RETIRO_TARJETA,15.0,748.1648785996612,6.618959090933542,3.3357
1036,SERVICIOS_HOGAR,31.0,3583.99209486166,8.18451154797178,3.9435
1037,RETIRO_TARJETA,6.0,540.9029950827,6.295087009559379,3.21
1037,SEGURO,18.0,930.9789897183728,6.837310271210859,3.4205
1037,SERVICIOS_HOGAR,18.0,854.5373267769334,6.751729723913948,3.3873
1037,TRANSF_SALIENTE,36.0,806.2583817612874,6.693643792689203,3.3647
1038,INGRESO_TRANSF,44.0,3192.7010587970262,8.068935729778874,3.8986
1038,SERVICIOS_HOGAR,40.0,1807.6143275512502,7.500316266176611,3.6779
1038,TRANSF_SALIENTE,40.0,127.05564316287452,4.852464881669595,2.65
1039,RETIRO_TARJETA,37.0,2272.9286663712896,7.729264304588593,3.7668
1040,SERVICIOS_HOGAR,22.0,4903.816793893129,8.497973020413651,4.0652
1043,RETIRO_TARJETA,2.0,307.4141048824593,5.731443376319269,2.9912
1043,SERVICIOS_HOGAR,12.0,4653.164556962025,8.445517701415499,4.0448
1044,RETIRO_TARJETA,16.0,845.7051961823967,6.74135257761109,3.3833
1044,SERVICIOS_HOGAR,33.0,2519.6182396606578,7.832259483614875,3.8068
1044,TRANSF_SALIENTE,33.0,164.47507953340403,5.108820606641849,2.7495
1045,PENSION,32.0,6384.877126654064,8.761844132039517,4.1676
1045,SERVICIOS_HOGAR,27.0,1471.6446124763706,7.2948151195160476,3.5981
1046,SERVICIOS_HOGAR,40.0,6638.851502916106,8.800844878201742,4.1828
1047,SERVICIOS_HOGAR,50.0,3973.4432234432234,8.287639947703742,3.9835
1048,PENSION,68.0,6003.594578668239,8.700280218274587,4.1437
1048,SERVICIOS_HOGAR,63.0,3575.0736593989395,8.182020734347185,3.9425
1049,INGRESO_TRANSF,13.0,3783.928571428571,8.238782294208294,3.9646
1049,SERVICIOS_HOGAR,8.0,959.6273291925465,6.867586538953599,3.4323
1049,TRANSF_SALIENTE,8.0,592.5465838509316,6.386115701030081,3.2453
1050,INGRESO_TRANSF,70.0,27416.614420062695,10.218940947874957,4.7333
1050,SERVICIOS_HOGAR,65.0,5254.27472214306,8.566987560183042,4.092
1053,SERVICIOS_HOGAR,50.0,944.2332065906211,6.851431676509675,3.426
1053,TRANSF_SALIENTE,50.0,2208.0391091797937,7.700312907735913,3.7555
1054,SERVICIOS_HOGAR,66.0,4443.78731873756,8.39948729950015,4.027
1055,INGRESO_TRANSF,24.0,2994.880130028444,8.00499333383283,3.8738
1055,SERVICIOS_HOGAR,20.0,1663.551401869159,7.417310937805405,3.6457
1056,SERVICIOS_HOGAR,9.0,2127.4086378737543,7.663129861102324,3.7411
1057,PENSION,64.0,4617.2424525365695,8.437769490168277,4.0418
1057,SERVICIOS_HOGAR,60.0,2885.15406162465,7.96768012031535,3.8593
1058,RETIRO_TARJETA,14.0,1024.4698205546492,6.932906148073688,3.4576
1058,SERVICIOS_HOGAR,25.0,3883.3605220228387,8.264713647457462,3.9746
1058,TRANSF_SALIENTE,25.0,332.78955954323004,5.810510733156885,3.0219
1059,INGRESO_TRANSF,43.0,3214.7666589273276,8.07582107136283,3.9013
1059,SERVICIOS_HOGAR,39.0,210.0766194566984,5.352221192949195,2.844
1059,TRANSF_SALIENTE,39.0,1733.1321105177617,7.458262342741513,3.6616
1061,SERVICIOS_HOGAR,10.0,2621.0235131396958,7.871701631918713,3.8221
1062,SERVICIOS_HOGAR,61.0,7285.079171741778,8.893720843792998,4.2188
1064,PENSION,15.0,5928.239202657807,8.687651187413335,4.1388
1064,SERVICIOS_HOGAR,10.0,1938.8704318936875,7.570376462143311,3.7051
1067,SERVICIOS_HOGAR,25.0,7059.833694866233,8.86231841060709,4.2066
1068,SEGURO,18.0,506.27503337783713,6.229053328651995,3.1844
1068,SERVICIOS_HOGAR,18.0,3794.6595460614153,8.24161346815797,3.9657
1068,TRANSF_SALIENTE,18.0,2621.8958611481976,7.872034276885887,3.8222
1069,PENSION,65.0,4603.295019157088,8.434744846667412,4.0407
1069,SERVICIOS_HOGAR,60.0,2832.183908045977,7.94915641408287,3.8521
1070,SERVICIOS_HOGAR,28.0,4440.421574705518,8.398729778664583,4.0267
1072,SERVICIOS_HOGAR,8.0,2215.578284815106,7.703719972674918,3.7569
1073,SERVICIOS_HOGAR,54.0,3572.4221036322947,8.181278988082527,3.9423
1074,RETIRO_TARJETA,17.0,1142.4944462075532,7.041844156614621,3.4999
1075,SERVICIOS_HOGAR,37.0,3437.8092721595003,8.142880548632439,3.9274
1075,TRANSF_SALIENTE,36.0,179.87028585154934,5.197780121593615,2.784
1076,SERVICIOS_HOGAR,46.0,2426.8585131894483,7.794764877495228,3.7922
1076,TRANSF_SALIENTE,45.0,3999.1007194244603,8.294074819641136,3.986
1077,RETIRO_TARJETA,8.0,162.97355253752679,5.099705149804517,2.7459
1078,PENSION,30.0,6805.9399257509285,8.825697948045548,4.1924
1078,SERVICIOS_HOGAR,25.0,2888.120148498144,7.9687072878666605,3.8597
1079,INGRESO_TRANSF,63.0,29124.89770223481,10.27938301278733,4.7568
1079,SERVICIOS_HOGAR,59.0,9649.480642115202,9.17476300056576,4.3279
1080,RETIRO_TARJETA,3.0,148.03725881570193,5.004196333851662,2.7089
1080,SERVICIOS_HOGAR,56.0,5761.144377910845,8.659064972239761,4.1277
1081,PENSION,24.0,4454.463183874949,8.401886303944895,4.0279
1081,SERVICIOS_HOGAR,19.0,1941.4232825997533,7.571691587304747,3.7056
1082,PENSION,30.0,5063.414634146341,8.529993839253,4.0776
1082,SERVICIOS_HOGAR,26.0,1850.861788617886,7.523946784245217,3.6871
1083,SEGURO,21.0,3684.314516129032,8.21211115135553,3.9542
1083,SERVICIOS_HOGAR,20.0,1556.4516129032259,7.3508061830221765,3.6199
1083,TRANSF_SALIENTE,21.0,707.0564516129032,6.56252382443167,3.3138
1085,SERVICIOS_HOGAR,11.0,6004.28388746803,8.700395008578667,4.1438
1086,INGRESO_TRANSF,30.0,2860.144451739987,7.958976981723102,3.856
1086,SEGURO,26.0,73.40774786605384,4.309560074401658,2.4392
1086,SERVICIOS_HOGAR,25.0,1129.349967170059,7.030282569217779,3.4954
1086,TRANSF_SALIENTE,26.0,404.5961917268549,6.005358062999302,3.0975
1088,PENSION,60.0,5563.835072031793,8.624222626618502,4.1142
1088,SERVICIOS_HOGAR,55.0,2761.384335154827,7.923849475322239,3.8423
1089,SERVICIOS_HOGAR,33.0,644.6511627906976,6.470259362252392,3.278
1089,TRANSF_SALIENTE,34.0,2602.2739018087855,7.864525124894326,3.8193
1090,SERVICIOS_HOGAR,22.0,2766.262319939348,7.925613778307263,3.843
1092,RETIRO_TARJETA,25.0,1055.0887021475255,6.962327458984315,3.469
1092,SERVICIOS_HOGAR,38.0,5024.089635854341,8.522198570749145,4.0746
1093,INGRESO_TRANSF,35.0,51454.54289732771,10.84847346912946,4.9777
1093,SERVICIOS_HOGAR,31.0,8947.707454289734,9.09926438232443,4.2986
1094,PENSION,29.0,5881.043771043771,8.679659560610185,4.1357
1094,SERVICIOS_HOGAR,49.0,1766.5656565656566,7.477358543652611,3.669
1095,SEGURO,14.0,680.6294085729788,6.5244861209648715,3.2991
1095,SERVICIOS_HOGAR,14.0,850.0271296798697,6.746444007830054,3.3852
1095,TRANSF_SALIENTE,28.0,4223.548562126967,8.348667684881773,4.0072
1096,PENSION,22.0,6449.658314350798,8.771937468822053,4.1716
1096,SERVICIOS_HOGAR,17.0,2701.4123006833715,7.901900097805822,3.8338
1097,RETIRO_TARJETA,1.0,62.72697259821724,4.15460790463938,2.379
1097,SEGURO,25.0,476.2297788048861,6.167998091472249,3.1607
1097,SERVICIOS_HOGAR,25.0,6302.410036315616,8.748846041548475,4.1626
1097,TRANSF_SALIENTE,51.0,781.4460217893694,6.662424938296134,3.3526
1098,PENSION,60.0,5775.336994508238,8.661525022795278,4.1287
1098,SERVICIOS_HOGAR,112.0,1515.3270094857712,7.324046248406786,3.6095
1100,INGRESO_TRANSF,27.0,3210.4625550660794,8.074481736989854,3.9008
1100,SEGURO,23.0,931.3142437591778,6.83766992927151,3.4206
1100,SERVICIOS_HOGAR,23.0,146.91629955947138,4.996646570266975,2.7059
1100,TRANSF_SALIENTE,22.0,712.3348017621146,6.569950877890689,3.3167
1101,RETIRO_TARJETA,2.0,294.5026178010471,5.6886776956937055,2.9746
1101,SERVICIOS_HOGAR,10.0,4943.0628272251315,8.505942706828858,4.0683
1102,SERVICIOS_HOGAR,29.0,3002.938609252255,8.007679576341065,3.8749
1104,SERVICIOS_HOGAR,32.0,7686.956521739131,8.947410295293233,4.2397
1105,SERVICIOS_HOGAR,48.0,1698.1916121585225,7.437907894688051,3.6537
1105,TRANSF_SALIENTE,48.0,3707.5798383993847,8.21840428943332,3.9567
1107,PENSION,64.0,6416.065265139629,8.76671616836104,4.1695
1107,SERVICIOS_HOGAR,60.0,1643.551929714465,7.4052232429441425,3.641
1108,PENSION,45.0,4650.426043259777,8.444929127535783,4.0446
1108,RETIRO_TARJETA,2.0,43.69674459252786,3.7999006710597882,2.2413
1108,SERVICIOS_HOGAR,81.0,2068.4072536596022,7.63501749436409,3.7302
1110,SERVICIOS_HOGAR,13.0,3983.6815358554486,8.290212672310796,3.9845
1111,SERVICIOS_HOGAR,29.0,3334.2426001160766,8.112300699367024,3.9155
1112,RETIRO_TARJETA,23.0,1292.6621160409557,7.165232325076178,3.5478
1113,SERVICIOS_HOGAR,22.0,3098.898678414097,8.039124705556542,3.8871
1113,TRANSF_SALIENTE,23.0,1527.4229074889868,7.33199170334906,3.6126
1114,SERVICIOS_HOGAR,60.0,3264.5769043365276,8.091191719620149,3.9073
1115,INGRESO_TRANSF,69.0,3432.0416425679587,8.14120192346509,3.9267
1115,SERVICIOS_HOGAR,64.0,2121.92018507808,7.660547865649421,3.7401
1116,RETIRO_TARJETA,6.0,156.0110125420618,5.056315946468374,2.7291
1116,SERVICIOS_HOGAR,61.0,7544.2948914041,8.92867945478597,4.2324
1117,PENSION,28.0,5358.517462580186,8.586629224374272,4.0996
1117,SERVICIOS_HOGAR,47.0,2263.720598717035,7.725206674333341,3.7652
1118,SERVICIOS_HOGAR,62.0,3421.2410863298437,8.138050903849495,3.9255
1118,TRANSF_SALIENTE,62.0,1305.6592322864512,7.175228954523518,3.5517
1120,PENSION,62.0,5354.590294351631,8.585896209178628,4.0993
1120,SERVICIOS_HOGAR,116.0,2494.415274463007,7.8222104370061185,3.8029
1121,RETIRO_TARJETA,18.0,961.1829944547135,6.869204655501517,3.4329
1123,SERVICIOS_HOGAR,58.0,2287.7985797288575,7.7357823212048,3.7693
1123,TRANSF_SALIENTE,58.0,6241.833440929632,8.739189435373733,4.1588
1124,SERVICIOS_HOGAR,27.0,898.546042003231,6.801890238298774,3.4068
1124,TRANSF_SALIENTE,27.0,2389.4345718901454,7.779230457639362,3.7862
1125,SEGURO,11.0,0.8264462809917356,0.6023721559210118,1.0
1125,SERVICIOS_HOGAR,11.0,9774.380165289256,9.187622275687001,4.3329
1125,TRANSF_SALIENTE,11.0,196.69421487603304,5.286721467614046,2.8185
1126,SERVICIOS_HOGAR,65.0,2599.8137002006306,7.863579636662929,3.8189
1127,RETIRO_TARJETA,35.0,935.3023909985936,6.841938491608777,3.4223
1127,SERVICIOS_HOGAR,67.0,5899.01547116737,8.682710252122131,4.1369
1128,PENSION,61.0,6157.706736258359,8.725622089073338,4.1536
1128,SERVICIOS_HOGAR,57.0,1924.482139944544,7.562931677670291,3.7022
1129,SERVICIOS_HOGAR,42.0,4207.310704960835,8.344816588421985,4.0057
1129,TRANSF_SALIENTE,41.0,1859.9869451697127,7.528862241663166,3.689
1130,PENSION,19.0,6360.365853658536,8.757998390141763,4.1661
1130,SERVICIOS_HOGAR,15.0,1708.0792682926829,7.443710064891129,3.6559
1132,INGRESO_TRANSF,71.0,52258.30393678566,10.863973219751031,4.9837
1132,RETIRO_TARJETA,1.0,25.39861718639763,3.273311629477307,2.0369
1133,PENSION,62.0,4500.903808908974,8.412255654936542,4.0319
1133,SERVICIOS_HOGAR,115.0,2791.946417043254,7.93485238102905,3.8466
1134,SERVICIOS_HOGAR,66.0,1842.6206311023066,7.519486651444568,3.6853
1134,TRANSF_SALIENTE,65.0,5525.045988396773,8.617227827634178,4.1115
1135,PENSION,41.0,5045.697758496023,8.526489399168822,4.0763
1135,SERVICIOS_HOGAR,37.0,1547.2402988671968,7.344874273928814,3.6176
1136,INGRESO_TRANSF,65.0,33534.017595307916,10.420345473218594,4.8115
1136,SERVICIOS_HOGAR,61.0,5883.454236764932,8.680069277376088,4.1359
1136,TRANSF_SALIENTE,60.0,2670.782528167927,7.890501142185549,3.8294
1137,INGRESO_TRANSF,36.0,3147.032967032967,8.054533081856336,3.8931
1137,SERVICIOS_HOGAR,31.0,1806.3461538461538,7.499614834972583,3.6776
1139,SEGURO,22.0,1484.9222065063648,7.303790872969503,3.6016
1139,SERVICIOS_HOGAR,22.0,741.2164073550211,6.6096408547618655,3.3321
1139,TRANSF_SALIENTE,44.0,2233.6067892503534,7.711820558348286,3.76
1140,SERVICIOS_HOGAR,9.0,1823.5294117647059,7.5090773761985865,3.6813
1141,INGRESO_TRANSF,22.0,3210.78431372549,8.07458192266425,3.9008
1141,SEGURO,18.0,198.93048128342244,5.297969712540497,2.8229
1141,SERVICIOS_HOGAR,18.0,824.5989304812833,6.716109099282277,3.3735
1141,TRANSF_SALIENTE,18.0,727.5401069518716,6.591042678274772,3.3249
1142,INGRESO_TRANSF,38.0,3082.7388700859156,8.03389805862292,3.885
1142,SERVICIOS_HOGAR,33.0,1784.4571726112993,7.487429780530811,3.6729
1144,INGRESO_TRANSF,71.0,3372.1502955249084,8.123602392481319,3.9199
1144,SERVICIOS_HOGAR,67.0,2121.4466647903178,7.660324789384649,3.74
1145,INGRESO_TRANSF,66.0,2923.6578707916287,7.980932785574029,3.8645
1145,SERVICIOS_HOGAR,61.0,442.1898695784046,6.093998277722391,3.1319
1145,TRANSF_SALIENTE,61.0,1358.9475280558083,7.215201395673875,3.5672
1146,RETIRO_TARJETA,13.0,495.20515642194624,6.206989463025444,3.1758
1146,SERVICIOS_HOGAR,59.0,3187.910705863858,8.067434665948184,3.8981
1146,TRANSF_SALIENTE,59.0,1283.6975318346172,7.158278585835919,3.5451
1147,RETIRO_TARJETA,24.0,660.844250363901,6.495030256902738,3.2876
1149,RETIRO_TARJETA,6.0,376.9791404875597,5.934839010201555,3.0702
1151,RETIRO_TARJETA,33.0,1726.5846736045412,7.454479569551791,3.6601
1151,SERVICIOS_HOGAR,37.0,2855.510879848628,7.957356186961264,3.8553
1152,INGRESO_TRANSF,68.0,3253.6407412811905,8.08783717720912,3.906
1152,SERVICIOS_HOGAR,64.0,2041.500072960747,7.6219298624554535,3.7251
1153,SERVICIOS_HOGAR,55.0,4503.663003663003,8.41286836228614,4.0322
1153,TRANSF_SALIENTE,55.0,945.9706959706959,6.853268148642566,3.4267
1154,RETIRO_TARJETA,2.0,516.4903546981953,6.248990886701472,3.1921
1154,SERVICIOS_HOGAR,14.0,3027.380211574362,8.015783171923813,3.878
1155,PENSION,27.0,5987.830294008188,8.697651395581163,4.1427
1155,SERVICIOS_HOGAR,22.0,1850.390770375884,7.52369240340727,3.687
1156,RETIRO_TARJETA,1.0,165.22423288749016,5.1133376773733135,2.7512
1158,PENSION,57.0,6346.68071654373,8.755844783680642,4.1653
1158,SERVICIOS_HOGAR,52.0,1982.6484018264841,7.592693055318733,3.7138
1159,SERVICIOS_HOGAR,54.0,5953.98773006135,8.691984421344179,4.1405
1160,INGRESO_TRANSF,29.0,30785.075653370015,10.334817777562245,4.7783
1160,RETIRO_TARJETA,12.0,997.2489683631362,6.906002712497403,3.4472
1160,SERVICIOS_HOGAR,25.0,2997.764786795048,8.005955745128007,3.8742
1160,TRANSF_SALIENTE,25.0,147.0082530949106,4.9972680363641535,2.7062
1161,PENSION,68.0,5940.218353496606,8.68966950134077,4.1396
1161,SERVICIOS_HOGAR,64.0,3726.881085866037,8.22359527772862,3.9587
1165,SERVICIOS_HOGAR,16.0,6215.124471582903,8.734901916232921,4.1572
1166,INGRESO_TRANSF,68.0,20173.95376060872,9.912197201220218,4.6142
1166,SERVICIOS_HOGAR,64.0,4117.764120573603,8.32330842660879,3.9974
1168,SEGURO,46.0,44.23963133640553,3.8119735021520618,2.246
1168,SERVICIOS_HOGAR,46.0,2241.47465437788,7.715335291473484,3.7614
1168,TRANSF_SALIENTE,92.0,1730.8755760368665,7.456960248225988,3.6611
1169,SERVICIOS_HOGAR,54.0,7214.899120538023,8.884042081674952,4.2151
1169,TRANSF_SALIENTE,54.0,550.336264873254,6.312344904083835,3.2167
1170,INGRESO_TRANSF,33.0,24730.28933092224,10.11582449546544,4.6933
1170,SERVICIOS_HOGAR,29.0,11412.085593731163,9.342515835195254,4.3931
1171,SERVICIOS_HOGAR,8.0,5112.8744939271255,8.539712613885358,4.0814
1173,INGRESO_TRANSF,27.0,3418.811881188119,8.137340823043242,3.9252
1173,SERVICIOS_HOGAR,23.0,801.2467913458013,6.687416280413007,3.3623
1173,TRANSF_SALIENTE,23.0,1140.3006967363403,7.0399238530354395,3.4992
1174,SEGURO,40.0,2805.3780030857397,7.939649964022053,3.8485
1174,SERVICIOS_HOGAR,40.0,634.7806920872824,6.4548536801126035,3.272
1174,TRANSF_SALIENTE,40.0,730.879435750496,6.595615795137026,3.3267
1176,PENSION,26.0,4517.772692601068,8.41599570777022,4.0334
1176,SERVICIOS_HOGAR,21.0,1815.675057208238,7.504763217625251,3.6796
1177,SERVICIOS_HOGAR,8.0,350.44534412955466,5.862054205930108,3.0419
1177,TRANSF_SALIENTE,7.0,1983.2388663967613,7.5929906769670925,3.7139
1178,RETIRO_TARJETA,2.0,135.61024610748368,4.917131952431216,2.6751
1178,SERVICIOS_HOGAR,15.0,4248.367654445003,8.35452546365914,4.0095
1179,PENSION,71.0,4198.399550751088,8.342696829944234,4.0049
1179,SERVICIOS_HOGAR,66.0,2601.8250737048993,7.864352700932696,3.8192
1181,SEGURO,12.0,90.22004889975551,4.5132747073473825,2.5183
1181,SERVICIOS_HOGAR,12.0,2507.090464547677,7.827276971496101,3.8048
1181,TRANSF_SALIENTE,12.0,241.320293398533,5.490260377507837,2.8976
1182,INGRESO_TRANSF,22.0,17656.902654867255,9.778938704640083,4.5625
1182,RETIRO_TARJETA,1.0,75.22123893805309,4.333640150076833,2.4485
1183,SERVICIOS_HOGAR,39.0,1676.136104133364,7.424842917822377,3.6486
1183,TRANSF_SALIENTE,39.0,931.5825530943138,6.8379576763869965,3.4208
1184,INGRESO_TRANSF,55.0,40599.01521933751,10.611523720450284,4.8857
1185,PENSION,18.0,4067.4827035657268,8.311025408822704,3.9926
1185,SERVICIOS_HOGAR,28.0,2108.568387440128,7.654238649830159,3.7377
1187,PENSION,29.0,6196.496049467537,8.731900626469455,4.156
1187,SERVICIOS_HOGAR,25.0,1964.9604946753693,7.583736206240403,3.7103
1188,SERVICIOS_HOGAR,25.0,3770.897304674173,8.235333417686586,3.9632
1189,INGRESO_TRANSF,69.0,3412.229904926534,8.13541430817524,3.9245
1189,SERVICIOS_HOGAR,64.0,1792.2212618841831,7.491768869161796,3.6746
1189,TRANSF_SALIENTE,64.0,317.1420339959666,5.762497930848804,3.0032
1190,SERVICIOS_HOGAR,23.0,6849.350180505416,8.832055051191292,4.1949
1192,RETIRO_TARJETA,2.0,175.16421645292462,5.171416608047396,2.7738
1193,SERVICIOS_HOGAR,56.0,6864.5161290322585,8.834266498046391,4.1958
1194,RETIRO_TARJETA,5.0,304.209409267775,5.720998128777061,2.9871
1194,SERVICIOS_HOGAR,51.0,2860.2935974531306,7.9590291083558045,3.856
1195,PENSION,24.0,6194.608046453754,8.731595940409566,4.1559
1195,SERVICIOS_HOGAR,38.0,1846.4122770634592,7.521541169726695,3.6861
1196,SERVICIOS_HOGAR,24.0,8418.26381059752,9.038277669993127,4.275
1197,INGRESO_TRANSF,64.0,3886.9687941038105,8.265642139340251,3.975
1197,RETIRO_TARJETA,23.0,360.6711619883958,5.890735406690207,3.053
1197,SERVICIOS_HOGAR,59.0,2388.866238042967,7.778992676013287,3.7861
1198,INGRESO_TRANSF,20.0,20333.43151693667,9.920070862058576,4.6173
1199,SERVICIOS_HOGAR,17.0,1543.869463869464,7.342694696357538,3.6167
1199,TRANSF_SALIENTE,17.0,603.916083916084,6.405089744139579,3.2527
1200,SEGURO,64.0,2978.6757115469695,7.999569751949413,3.8717
1200,SERVICIOS_HOGAR,63.0,3477.495944550951,8.154355279501567,3.9318
1200,TRANSF_SALIENTE,64.0,495.50213832768026,6.207587790278934,3.176
1201,SERVICIOS_HOGAR,60.0,5397.97794117647,8.593964944486004,4.1025
1201,TRANSF_SALIENTE,60.0,1687.5,7.431595839825622,3.6512
1203,RETIRO_TARJETA,20.0,1278.8414334806087,7.154491469146616,3.5436
1203,SEGURO,36.0,104.27098674521355,4.6565378516895555,2.5739
1203,SERVICIOS_HOGAR,37.0,422.3122238586156,6.048110024640324,3.1141
1203,TRANSF_SALIENTE,72.0,3161.708394698085,8.059184026421466,3.8949
1204,RETIRO_TARJETA,2.0,103.43129207026762,4.648529363011562,2.5708
1204,SERVICIOS_HOGAR,57.0,2015.728123460844,7.609231736335834,3.7202
1204,TRANSF_SALIENTE,57.0,4671.5481858479725,8.449459851924583,4.0464
1205,PENSION,51.0,5263.770685579197,8.568792869123673,4.0927
1205,SERVICIOS_HOGAR,46.0,2708.707643814027,7.904596027542796,3.8348
1206,PENSION,38.0,5335.263432446531,8.582280955276131,4.0979
1206,SERVICIOS_HOGAR,34.0,2907.824726134585,7.97550440440584,3.8624
1207,SERVICIOS_HOGAR,63.0,8730.916716596765,9.074740179900664,4.2891
1208,SERVICIOS_HOGAR,9.0,2907.5912408759127,7.975424133281987,3.8623
1208,TRANSF_SALIENTE,9.0,1396.6423357664235,7.242542050122955,3.5778
1209,PENSION,14.0,5255.399719495092,8.567201607405028,4.0921
1209,SERVICIOS_HOGAR,10.0,2502.1037868162693,7.825286755540672,3.8041
1210,RETIRO_TARJETA,13.0,730.6955966815572,6.595364575943159,3.3266
1211,SEGURO,25.0,323.92894461859976,5.783606526483521,3.0114
1211,SERVICIOS_HOGAR,24.0,2568.861024033438,7.851607100175512,3.8143
1211,TRANSF_SALIENTE,24.0,743.9916405433646,6.613372997569445,3.3336
1212,PENSION,36.0,6812.733260153677,8.82669545160111,4.1928
1212,SERVICIOS_HOGAR,32.0,2463.227222832053,7.809633537460142,3.798
1213,PENSION,32.0,4944.538873150771,8.50624121145651,4.0684
1213,SERVICIOS_HOGAR,27.0,2535.9773371104816,7.838728626611209,3.8093
1214,SERVICIOS_HOGAR,19.0,3634.8886986301372,8.198608843891039,3.949
1215,PENSION,22.0,5294.659972615244,8.574642890989034,4.095
1215,SERVICIOS_HOGAR,18.0,2060.4290278411686,7.631154724118551,3.7287
1216,INGRESO_TRANSF,34.0,3524.0,8.16763571524637,3.937
1216,SERVICIOS_HOGAR,30.0,2072.6470588235293,7.637064200163335,3.731
1217,INGRESO_TRANSF,62.0,3151.3426595915744,8.055901156868428,3.8936
1217,SERVICIOS_HOGAR,58.0,140.82649943720855,4.954604475603128,2.6896
1217,TRANSF_SALIENTE,58.0,1824.216111915099,7.5094536764935205,3.6814
1218,INGRESO_TRANSF,25.0,35907.557903291345,10.488730927775245,4.838
1219,SERVICIOS_HOGAR,26.0,3370.276422764228,8.123046712098933,3.9197
1220,PENSION,41.0,5686.33301251203,8.645996702390734,4.1227
1220,RETIRO_TARJETA,3.0,52.93551491819056,3.987789164795643,2.3143
1220,SERVICIOS_HOGAR,37.0,2466.073147256978,7.81078776637637,3.7984
1222,PENSION,71.0,6280.807514369831,8.745413038809323,4.1613
1222,SERVICIOS_HOGAR,66.0,1597.9531753820272,7.37710442871664,3.6301
1223,SERVICIOS_HOGAR,25.0,1218.6192468619247,7.106293996280102,3.5249
1223,TRANSF_SALIENTE,24.0,4153.138075313807,8.331860243005895,4.0007
1225,RETIRO_TARJETA,23.0,690.3385631709332,6.538629664949451,3.3046
1226,SERVICIOS_HOGAR,22.0,3206.552380952381,8.073263427128817,3.9003
1227,RETIRO_TARJETA,9.0,545.2501405283867,6.303077003669971,3.2131
1227,SEGURO,31.0,853.850477796515,6.750926573873352,3.387
1227,SERVICIOS_HOGAR,30.0,4646.711635750422,8.444130256105955,4.0443
1227,TRANSF_SALIENTE,62.0,2130.2698145025297,7.664473238115896,3.7416
1228,PENSION,45.0,5124.469273743017,8.541977365423127,4.0823
1228,SERVICIOS_HOGAR,40.0,1769.832402234637,7.479204998767513,3.6697
1229,SERVICIOS_HOGAR,9.0,3907.3343848580444,8.27086657369317,3.977
1231,SERVICIOS_HOGAR,54.0,3168.1818181818185,8.061228732037465,3.8957
1233,INGRESO_TRANSF,35.0,3416.3547365390154,8.136622061927048,3.9249
1233,SERVICIOS_HOGAR,31.0,2017.2761301468472,7.609999025123977,3.7205
1234,PENSION,64.0,6433.223218499292,8.769386400778028,4.1706
1234,SERVICIOS_HOGAR,60.0,2110.429447852761,7.655120460532674,3.738
1235,PENSION,61.0,4321.995427824951,8.371703827027691,4.0162
1235,SERVICIOS_HOGAR,113.0,2661.6753755715217,7.887086676607686,3.828
1237,RETIRO_TARJETA,3.0,81.55474579212215,4.413461658624281,2.4795
1238,PENSION,38.0,6113.130252100841,8.718357806133053,4.1508
1238,SERVICIOS_HOGAR,33.0,1955.0420168067228,7.5786783313490815,3.7083
1239,PENSION,68.0,6600.058224163027,8.794985252156312,4.1805
1239,SERVICIOS_HOGAR,64.0,3487.8602620087336,8.157330389369731,3.933
1240,SERVICIOS_HOGAR,11.0,3061.5728900255754,8.027010655394426,3.8824
1241,SEGURO,26.0,196.99599465954606,5.288246801497735,2.8191
1241,SERVICIOS_HOGAR,26.0,1187.1829105473964,7.080180453178416,3.5148
1241,TRANSF_SALIENTE,26.0,1910.0801068090786,7.5554238621524314,3.6993
1242,SEGURO,21.0,351.6666666666667,5.865523323750135,3.0432
1242,SERVICIOS_HOGAR,21.0,4091.666666666667,8.316952033319332,3.9949
1242,TRANSF_SALIENTE,42.0,3093.3333333333335,8.037327760731824,3.8864
1243,RETIRO_TARJETA,4.0,92.230296254891,4.5350727359812435,2.5267
1244,SEGURO,26.0,332.26314132829714,5.808932392124677,3.0213
1244,SERVICIOS_HOGAR,27.0,767.4220963172804,6.644339186750184,3.3456
1244,TRANSF_SALIENTE,53.0,1782.4992130941139,7.486332563584447,3.6725
1245,SERVICIOS_HOGAR,9.0,2389.6323529411766,7.779313192750271,3.7862
1246,PENSION,52.0,6096.4149504195275,8.715620181722118,4.1497
1246,SERVICIOS_HOGAR,48.0,2964.7597254004577,7.994888509773957,3.8699
1248,PENSION,44.0,6358.992968927194,8.757782550818964,4.1661
1248,SERVICIOS_HOGAR,39.0,2809.3445225674755,7.941062360708202,3.849
1249,INGRESO_TRANSF,45.0,3679.4587400177465,8.21079268100738,3.9537
1249,SEGURO,41.0,1237.82165039929,7.121915924858897,3.531
1249,SERVICIOS_HOGAR,40.0,624.6672582076309,6.438818693375008,3.2658
1249,TRANSF_SALIENTE,40.0,347.82608695652175,5.854573479824507,3.039
1250,INGRESO_TRANSF,33.0,24816.213768115944,10.119292794927675,4.6946
1250,SERVICIOS_HOGAR,28.0,51.570048309178745,3.9621465337805017,2.3043
1250,TRANSF_SALIENTE,29.0,8816.455314009663,9.08448859422208,4.2929
1251,SERVICIOS_HOGAR,34.0,6453.931500241196,8.772599691333065,4.1718
1252,INGRESO_TRANSF,41.0,26665.43689320388,10.191161008445933,4.7225
1253,RETIRO_TARJETA,5.0,689.3203883495145,6.537155820764378,3.304
1253,SERVICIOS_HOGAR,16.0,3001.9417475728155,8.007347669717534,3.8747
1253,TRANSF_SALIENTE,16.0,4139.805825242718,8.328645691657153,3.9995
1255,INGRESO_TRANSF,18.0,37908.347245409015,10.54295298982901,4.8591
1256,SERVICIOS_HOGAR,52.0,1087.2559460418884,6.992331644274028,3.4807
1256,TRANSF_SALIENTE,52.0,5030.173943911963,8.52340862431462,4.0751
1257,RETIRO_TARJETA,5.0,256.0124127230411,5.549124382262117,2.9204
1257,SERVICIOS_HOGAR,33.0,3743.754848719938,8.2281114328527,3.9604
1258,INGRESO_TRANSF,28.0,2904.1487839771103,7.974239884489847,3.8619
1258,SERVICIOS_HOGAR,23.0,624.3562231759656,6.4383214444540995,3.2656
1258,TRANSF_SALIENTE,23.0,965.7367668097281,6.873926242066571,3.4347
1259,SEGURO,16.0,359.8642753271934,5.8885019190162255,3.0522
1259,SERVICIOS_HOGAR,16.0,561.5123606398449,6.332413108307976,3.2245
1259,TRANSF_SALIENTE,16.0,1634.9006301502666,7.399948775801021,3.6389
1260,SERVICIOS_HOGAR,21.0,5445.300825796304,8.602691909643568,4.1059
1261,RETIRO_TARJETA,2.0,114.36111722014515,4.748067358130391,2.6094
1261,SERVICIOS_HOGAR,41.0,8315.416758302177,9.025986762958128,4.2702
1262,PENSION,23.0,6643.022260273973,8.80147282116014,4.183
1262,SERVICIOS_HOGAR,18.0,2173.7157534246576,7.684653246901736,3.7495
1264,RETIRO_TARJETA,13.0,1256.6844919786095,7.13702760451562,3.5369
1264,SERVICIOS_HOGAR,18.0,5298.128342245989,8.5752976222874,4.0952
1265,PENSION,34.0,6763.18407960199,8.819396924255196,4.19
1265,SERVICIOS_HOGAR,30.0,1641.7910447761194,7.404151930872098,3.6406
1266,SERVICIOS_HOGAR,25.0,7742.5,8.95460906075623,4.2425
1267,RETIRO_TARJETA,10.0,748.7001733102253,6.6196733576817595,3.336
1267,SEGURO,24.0,17.469670710571922,2.9161299657128565,1.8982
1267,SERVICIOS_HOGAR,25.0,1967.9376083188906,7.5852493911482,3.7109
1267,TRANSF_SALIENTE,48.0,2112.166377816291,7.655942754609115,3.7383
1268,INGRESO_TRANSF,65.0,3318.7672493100276,8.10764995382351,3.9137
1268,SERVICIOS_HOGAR,61.0,2076.356945722171,7.638851665500563,3.7317
1269,SERVICIOS_HOGAR,53.0,6345.527743742342,8.755663130321448,4.1652
1269,TRANSF_SALIENTE,52.0,545.2126728513915,6.303008410622133,3.2131
1270,INGRESO_TRANSF,31.0,13767.9012345679,9.530167794389952,4.4659
1270,SERVICIOS_HOGAR,26.0,3515.659519168291,8.165266817770044,3.936
1271,SERVICIOS_HOGAR,26.0,3528.205128205128,8.168827948425532,3.9374
1273,RETIRO_TARJETA,1.0,48.92538878210729,3.9105296665946883,2.2843
1273,SERVICIOS_HOGAR,53.0,3577.4768478070946,8.182692527353922,3.9428
1275,PENSION,30.0,5418.103448275862,8.59768566530379,4.1039
1275,SERVICIOS_HOGAR,26.0,1640.5172413793102,7.403376240315857,3.6403
1276,SEGURO,67.0,157.81184668989548,5.067720147352255,2.7335
1276,SERVICIOS_HOGAR,68.0,3638.3554006968643,8.199561857228263,3.9494
1276,TRANSF_SALIENTE,68.0,481.44947735191636,6.178876205145081,3.1649
1277,PENSION,66.0,6213.168600271207,8.734587221910505,4.1571
1277,SERVICIOS_HOGAR,61.0,2918.1105921350004,7.979034257130254,3.8637
1279,PENSION,14.0,5163.399588759425,8.549544128670675,4.0852
1279,SERVICIOS_HOGAR,10.0,2458.533241946539,7.807726871877556,3.7972
1280,PENSION,44.0,5126.660600545951,8.542404810869185,4.0825
1280,SERVICIOS_HOGAR,39.0,2209.940855323021,7.701173430306538,3.7559
1285,SERVICIOS_HOGAR,63.0,6793.526685603229,8.823872667882934,4.1917
1286,SERVICIOS_HOGAR,59.0,8189.092096668844,9.010680421798401,4.2642
1287,INGRESO_TRANSF,46.0,22910.951447855434,10.039413950687571,4.6636
1287,SEGURO,41.0,468.64794252122795,6.151983355554164,3.1545
1287,SERVICIOS_HOGAR,42.0,2398.5630306988896,7.783041929217054,3.7877
1287,TRANSF_SALIENTE,42.0,6052.645329849772,8.70841590343371,4.1469
1288,PENSION,61.0,6048.093601701849,8.707663721900543,4.1466
1288,SERVICIOS_HOGAR,57.0,2749.72999509082,7.919621608194565,3.8407
1289,SERVICIOS_HOGAR,25.0,5830.536912751678,8.671035866000752,4.1324
1291,PENSION,54.0,4829.048414023373,8.482611770203706,4.0592
1291,SERVICIOS_HOGAR,99.0,1522.2964199591913,7.328631962952269,3.6112
1292,SEGURO,47.0,200.0963205548064,5.303784000016525,2.8252
1292,SERVICIOS_HOGAR,47.0,1496.6480446927376,7.311651186333697,3.6047
1292,TRANSF_SALIENTE,47.0,1319.187054517434,7.185528713508544,3.5557
1293,SERVICIOS_HOGAR,23.0,2873.1444962352098,7.963510342422864,3.8577
1294,SERVICIOS_HOGAR,44.0,1257.6547231270358,7.13779874951124,3.5372
1294,TRANSF_SALIENTE,44.0,1950.0814332247558,7.576139078975404,3.7073
1295,SERVICIOS_HOGAR,45.0,2947.904191616766,7.989188919856443,3.8677
1296,PENSION,25.0,5032.076984763432,8.523786802658469,4.0752
1296,SERVICIOS_HOGAR,20.0,1288.6928628708902,7.162159378209845,3.5466
1297,SERVICIOS_HOGAR,61.0,2694.6738296239446,7.899403481635983,3.8328
1297,TRANSF_SALIENTE,61.0,3100.0920951650037,8.039509617197027,3.8872
1298,SERVICIOS_HOGAR,30.0,4940.8769448373405,8.505500486367513,4.0681
1299,INGRESO_TRANSF,66.0,3893.532338308458,8.267328883909675,3.9757
1299,SERVICIOS_HOGAR,62.0,296.3063470526157,5.694763078759064,2.977
1299,TRANSF_SALIENTE,62.0,2141.4442936830997,7.669702649519257,3.7437
1302,PENSION,61.0,6059.207307127712,8.709499287575225,4.1473
1302,SERVICIOS_HOGAR,56.0,3584.1461425542325,8.184554517211005,3.9435
1303,SERVICIOS_HOGAR,11.0,2516.581956797967,7.831054178898159,3.8063
1304,RETIRO_TARJETA,3.0,189.85371926548396,5.251507266900141,2.8049
1305,RETIRO_TARJETA,2.0,28.037383177570092,3.368584074931141,2.0739
1306,SEGURO,41.0,1707.2783414203793,7.443241324432307,3.6557
1306,SERVICIOS_HOGAR,41.0,4542.192324658138,8.421385199148638,4.0355
1306,TRANSF_SALIENTE,41.0,851.8306131451257,6.748560949982494,3.3861
1307,SERVICIOS_HOGAR,44.0,2969.6622313203684,7.996540180450388,3.8705
1308,PENSION,27.0,5086.970923813029,8.534634390344241,4.0794
1308,SERVICIOS_HOGAR,22.0,2595.9514170040484,7.862093504134682,3.8183
1309,INGRESO_TRANSF,44.0,42592.23344556678,10.659450680335219,4.9043
1309,RETIRO_TARJETA,5.0,336.7003367003367,5.822158924430814,3.0264
1309,SERVICIOS_HOGAR,40.0,9157.351290684624,9.122421451368082,4.3076
1311,SERVICIOS_HOGAR,32.0,8311.445279866333,9.02550910206922,4.27
1312,PENSION,50.0,5674.846625766871,8.643975016379763,4.1219
1312,SERVICIOS_HOGAR,45.0,1505.0465070255293,7.317243289042076,3.6068
1314,RETIRO_TARJETA,3.0,121.49072401904449,4.808035304824189,2.6327
1314,SERVICIOS_HOGAR,57.0,6446.773928747332,8.77149022289368,4.1714
1315,SEGURO,40.0,2841.7266187050363,7.952518947584907,3.8534
1315,SERVICIOS_HOGAR,40.0,2529.6762589928057,7.83624184204893,3.8083
1315,TRANSF_SALIENTE,40.0,268.884892086331,5.597995542489595,2.9394
1316,INGRESO_TRANSF,24.0,2904.029304029304,7.974198756680678,3.8619
1316,SEGURO,20.0,189.66218966218966,5.2505032216432985,2.8045
1316,SERVICIOS_HOGAR,20.0,919.8209198209198,6.82526557632957,3.4158
1316,TRANSF_SALIENTE,20.0,503.8665038665039,6.224294045549862,3.1825
1317,PENSION,58.0,6688.1808838643365,8.808246706741768,4.1857
1317,SERVICIOS_HOGAR,53.0,3171.103117505995,8.062150090897843,3.896
1318,SEGURO,4.0,655.8177379983726,6.487406564470214,3.2847
1318,SERVICIOS_HOGAR,4.0,2824.084621643613,7.946293597696023,3.851
1318,TRANSF_SALIENTE,8.0,815.6224572823435,6.705176879465381,3.3692
1319,SEGURO,9.0,731.3842482100238,6.596305305482816,3.3269
1319,SERVICIOS_HOGAR,9.0,3321.300715990453,8.108412808650206,3.914
1319,TRANSF_SALIENTE,9.0,474.70167064439136,6.16479091540262,3.1594
1320,SEGURO,20.0,117.3228346456693,4.773416775567135,2.6193
1320,SERVICIOS_HOGAR,20.0,3446.456692913386,8.145392047707015,3.9283
1320,TRANSF_SALIENTE,40.0,777.1653543307087,6.656939039295594,3.3505
1321,SERVICIOS_HOGAR,17.0,2155.529300567108,7.676255403089082,3.7462
1322,PENSION,66.0,4443.752846515864,8.399479543818517,4.027
1322,SERVICIOS_HOGAR,124.0,2744.678913010475,7.917783650507386,3.84
1323,SERVICIOS_HOGAR,26.0,8053.537284894837,8.993990849503579,4.2578
1324,SERVICIOS_HOGAR,21.0,2229.3183578621224,7.7098996156378785,3.7593
1324,TRANSF_SALIENTE,22.0,579.3958171959721,6.3637103142231615,3.2366
1325,INGRESO_TRANSF,29.0,3220.7652173913043,8.077684692488239,3.902
1325,SERVICIOS_HOGAR,25.0,314.7826086956522,5.7550540296770185,3.0004
1325,TRANSF_SALIENTE,25.0,1535.6521739130435,7.33736141598508,3.6146
1326,SEGURO,21.0,988.9582520483808,6.897662772591371,3.4439
1326,SERVICIOS_HOGAR,21.0,78.65782286383146,4.377740247023897,2.4657
1326,TRANSF_SALIENTE,41.0,1395.005852516582,7.241370475660652,3.5774
1328,INGRESO_TRANSF,32.0,35656.11285266458,10.481703924949995,4.8353
1328,RETIRO_TARJETA,6.0,410.65830721003135,6.020193653815397,3.1033
1329,INGRESO_TRANSF,27.0,12630.214779759739,9.44392639280641,4.4324
1329,SERVICIOS_HOGAR,23.0,2819.9490353112487,7.944828644660584,3.8505
1329,TRANSF_SALIENTE,23.0,4254.2045868219875,8.355898121360877,4.01
1330,RETIRO_TARJETA,1.0,19.025875190258752,2.9970251968812276,1.9296
1330,SERVICIOS_HOGAR,21.0,6282.343987823439,8.745657599881428,4.1614
1331,INGRESO_TRANSF,48.0,11713.56993736952,9.368588639842915,4.4032
1331,SERVICIOS_HOGAR,43.0,983.8830897703549,6.892522943539332,3.4419
1331,TRANSF_SALIENTE,43.0,2980.375782881002,8.000140145069391,3.8719
1332,SERVICIOS_HOGAR,64.0,4396.417220456516,8.388772652206342,4.0228
1333,SERVICIOS_HOGAR,46.0,5863.063063063063,8.676597997782716,4.1345
1335,RETIRO_TARJETA,6.0,297.48283752860414,5.698712435463146,2.9785
1335,SERVICIOS_HOGAR,35.0,4776.1250953470635,8.47159420005715,4.055
1335,TRANSF_SALIENTE,34.0,902.5171624713959,6.806295105392984,3.4085
1336,SERVICIOS_HOGAR,18.0,7673.81275440977,8.945699175338216,4.239
1337,SERVICIOS_HOGAR,60.0,3061.4350476785994,8.026965645706797,3.8824
1338,SEGURO,67.0,146.87238201619658,4.99634961810935,2.7058
1338,SERVICIOS_HOGAR,67.0,4251.815135437028,8.355336427447185,4.0098
1338,TRANSF_SALIENTE,67.0,839.137112538397,6.733565107729298,3.3802
1340,INGRESO_TRANSF,14.0,3918.807665010646,8.273797866532474,3.9782
1340,SEGURO,10.0,794.889992902768,6.679460976423006,3.3592
1340,SERVICIOS_HOGAR,10.0,580.5535841022001,6.365703115782479,3.2374
1340,TRANSF_SALIENTE,9.0,301.4904187366927,5.712049603371567,2.9837
1341,INGRESO_TRANSF,37.0,3120.016077170418,8.045913893545695,3.8897
1341,SERVICIOS_HOGAR,32.0,1798.9281886387996,7.495502047887754,3.676
1342,SEGURO,13.0,3236.752717391304,8.082634762387201,3.904
1342,SERVICIOS_HOGAR,12.0,2051.9021739130435,7.627009765573365,3.7271
1342,TRANSF_SALIENTE,12.0,824.1847826086956,6.7156073401747785,3.3733
1345,RETIRO_TARJETA,38.0,1721.4297163006893,7.451491198746592,3.6589
1345,SERVICIOS_HOGAR,57.0,3009.4245872736014,8.009836406689935,3.8757
1345,TRANSF_SALIENTE,57.0,774.7395415932041,6.653816821565944,3.3493
1346,INGRESO_TRANSF,18.0,3101.0,8.039802343736485,3.8873
1346,SERVICIOS_HOGAR,14.0,1238.2222222222222,7.122239221658318,3.5311
1346,TRANSF_SALIENTE,13.0,343.05555555555554,5.840803143041896,3.0336
1347,INGRESO_TRANSF,25.0,3075.3968253968255,8.031514329260908,3.8841
1347,SERVICIOS_HOGAR,21.0,1721.6666666666667,7.451628756794328,3.659
1348,SEGURO,9.0,325.5882352941177,5.788700158130425,3.0134
1348,SERVICIOS_HOGAR,9.0,3325.3676470588234,8.109636190943782,3.9144
1348,TRANSF_SALIENTE,8.0,10.0,2.3978952727983707,1.6971
1349,PENSION,34.0,6554.059639799233,8.787992494523952,4.1778
1349,SERVICIOS_HOGAR,60.0,3377.3250664304696,8.125135323179123,3.9205
1350,SERVICIOS_HOGAR,17.0,4145.9737495565805,8.330134130242403,4.0
1350,TRANSF_SALIENTE,17.0,2106.4561901383468,7.653236902062482,3.7373
1351,INGRESO_TRANSF,33.0,3332.920193470375,8.111904125852787,3.9153
1351,SERVICIOS_HOGAR,29.0,1952.3276904474003,7.577289705049322,3.7078
1352,SEGURO,46.0,332.0975609756098,5.808435422974116,3.0211
1352,SERVICIOS_HOGAR,47.0,2729.209756097561,7.912133718962815,3.8378
1352,TRANSF_SALIENTE,94.0,3354.653658536585,8.118401861587103,3.9178
1353,SERVICIOS_HOGAR,51.0,589.297124600639,6.380626011153362,3.2432
1353,TRANSF_SALIENTE,51.0,6016.0809371671985,8.702357526545404,4.1445
1354,PENSION,18.0,4536.824877250409,8.420203074302172,4.035
1354,SERVICIOS_HOGAR,14.0,2352.427714129842,7.763628146169312,3.7801
1355,SERVICIOS_HOGAR,12.0,2624.135839902972,7.87288792222128,3.8225
1357,INGRESO_TRANSF,37.0,3401.9004282655246,8.132383414086203,3.9233
1357,SERVICIOS_HOGAR,33.0,2022.7516059957175,7.612708298565695,3.7215
1358,SERVICIOS_HOGAR,28.0,2580.884627281163,7.856274886938524,3.8161
1360,RETIRO_TARJETA,55.0,1424.7669773635153,7.262465177637866,3.5856
1361,SERVICIOS_HOGAR,20.0,5014.164305949008,8.520221462760443,4.0738
1363,SEGURO,17.0,65.47674964772193,4.19685225716965,2.3954
1363,SERVICIOS_HOGAR,17.0,4029.2155941756696,8.30157515082386,3.989
1363,TRANSF_SALIENTE,34.0,1405.3546265852513,7.2487562643123935,3.5802
1365,INGRESO_TRANSF,33.0,3415.1162790697676,8.13625959386946,3.9248
1365,SERVICIOS_HOGAR,28.0,1931.7829457364342,7.56671618409666,3.7037
1366,SEGURO,66.0,0.9404388714733541,0.6629141698997514,1.0235
1366,SERVICIOS_HOGAR,66.0,4488.71473354232,8.409544444985723,4.0309
1366,TRANSF_SALIENTE,66.0,291.5360501567398,5.678587907476562,2.9707
1367,SEGURO,23.0,581.6931216931216,6.36766066988015,3.2382
1367,SERVICIOS_HOGAR,24.0,3277.8835978835978,8.095258276941463,3.9089
1367,TRANSF_SALIENTE,48.0,528.2539682539682,6.2714684078687135,3.2008
1368,SERVICIOS_HOGAR,22.0,3968.224299065421,8.286325963926371,3.983
1369,SERVICIOS_HOGAR,28.0,5052.283653846153,8.527793539446845,4.0768
1369,TRANSF_SALIENTE,28.0,1462.2596153846152,7.288421839401826,3.5956
1370,PENSION,27.0,5763.70997423629,8.65951012341274,4.1279
1370,SERVICIOS_HOGAR,22.0,1499.5951417004048,7.313617069535019,3.6054
1371,PENSION,56.0,4598.682101513802,8.433742471722528,4.0403
1371,SERVICIOS_HOGAR,52.0,2846.8032056990205,7.954303171021877,3.8541
1373,INGRESO_TRANSF,66.0,2933.9936965330935,7.9844605845709955,3.8658
1373,SERVICIOS_HOGAR,61.0,1490.439741858022,7.307497202104815,3.603
1373,TRANSF_SALIENTE,61.0,316.76422032117665,5.7613096622426045,3.0028
1374,INGRESO_TRANSF,27.0,52873.91304347826,10.87568427177944,4.9883
1375,SERVICIOS_HOGAR,52.0,5491.718610863758,8.611178605171524,4.1092
1376,PENSION,39.0,4059.5274390243903,8.309068155247815,3.9919
1376,SERVICIOS_HOGAR,35.0,2428.4806910569105,7.79543280611193,3.7925
1377,INGRESO_TRANSF,27.0,3410.5263157894733,8.134915070072854,3.9243
1377,SERVICIOS_HOGAR,23.0,1923.2977548767021,7.562316377503753,3.702
1378,RETIRO_TARJETA,5.0,161.63638964382778,5.091516970622077,2.7428
1378,SEGURO,65.0,644.3284222571879,6.4697593690008,3.2778
1378,SERVICIOS_HOGAR,65.0,2745.601487626949,7.9181196037209345,3.8401
1378,TRANSF_SALIENTE,131.0,2084.1224431411815,7.642582858235799,3.7331
1379,RETIRO_TARJETA,3.0,467.2897196261682,6.1490871634099245,3.1533
1379,SERVICIOS_HOGAR,10.0,4641.522029372497,8.443013038368537,4.0439
1380,SERVICIOS_HOGAR,30.0,7706.430026185628,8.94994008105359,4.2407
1380,TRANSF_SALIENTE,30.0,960.139656677335,6.868119722737786,3.4325
1381,PENSION,62.0,4060.6197546804387,8.309337127389437,3.992
1381,SERVICIOS_HOGAR,57.0,2488.4602969657844,7.819821217758954,3.8019
1382,INGRESO_TRANSF,65.0,3092.8065311152186,8.037157498833764,3.8863
1382,SERVICIOS_HOGAR,60.0,1902.9574861367837,7.5516898863923485,3.6978
1383,PENSION,32.0,6796.434060866892,8.824300475961877,4.1919
1383,SERVICIOS_HOGAR,28.0,1870.3965570242851,7.534440253054016,3.6911
1384,INGRESO_TRANSF,33.0,34093.47826086957,10.436890722326144,4.8179
1385,SERVICIOS_HOGAR,16.0,7954.701718907987,8.98164414793218,4.253
1388,RETIRO_TARJETA,12.0,491.2468738835299,6.198980366830771,3.1727
1389,SERVICIOS_HOGAR,15.0,5675.964391691394,8.64417193076976,4.122
1390,SERVICIOS_HOGAR,20.0,841.7985012489593,6.736727903628689,3.3815
1390,TRANSF_SALIENTE,20.0,5118.234804329725,8.540760254585098,4.0818
1391,SERVICIOS_HOGAR,20.0,2511.7235705471003,7.829122531710881,3.8055
1392,SERVICIOS_HOGAR,63.0,2849.845837615622,7.95537101435899,3.8546
1392,TRANSF_SALIENTE,63.0,3899.6916752312436,8.268909169016016,3.9763
1393,SERVICIOS_HOGAR,20.0,4169.84126984127,8.335873037812602,4.0023
1394,PENSION,48.0,6323.8728443798045,8.752245209738273,4.1639
1394,SERVICIOS_HOGAR,87.0,1889.5906918761686,7.5446445946088945,3.6951
1395,SERVICIOS_HOGAR,32.0,2942.765273311897,7.987444746137475,3.867
1396,RETIRO_TARJETA,2.0,99.46949602122015,4.6098541592500375,2.5558
1396,SERVICIOS_HOGAR,26.0,12678.448275862069,9.447737715677226,4.4339
1397,RETIRO_TARJETA,26.0,905.9434506635893,6.8100801005017475,3.4099
1397,SERVICIOS_HOGAR,64.0,7680.553952683209,8.946577143263188,4.2394
1399,SEGURO,27.0,24.95219885277247,3.2562563402330422,2.0303
1399,SERVICIOS_HOGAR,26.0,4496.558317399617,8.41128993236644,4.0316
1399,TRANSF_SALIENTE,52.0,296.62205226258766,5.695824400558358,2.9774
1401,PENSION,64.0,6784.277313525224,8.822510442992368,4.1912
1401,SERVICIOS_HOGAR,60.0,2286.908077994429,7.735393175990888,3.7692
1402,SEGURO,65.0,442.47723659488366,6.094646473701558,3.1322
1402,SERVICIOS_HOGAR,65.0,1947.4635062870357,7.5747963954717505,3.7068
1402,TRANSF_SALIENTE,129.0,2432.446885388062,7.797064002607556,3.7931
1403,SERVICIOS_HOGAR,33.0,7930.434782608695,8.978589229234952,4.2518
1404,SEGURO,62.0,51.92793931731985,3.9689313528868113,2.307
1404,SERVICIOS_HOGAR,62.0,6178.4450063211125,8.728983741616634,4.1549
1404,TRANSF_SALIENTE,124.0,593.7420986093553,6.3881278638646455,3.2461
1405,INGRESO_TRANSF,31.0,3594.9158031088086,8.187553981276466,3.9447
1405,SERVICIOS_HOGAR,27.0,1948.9313471502592,7.5755494443484155,3.7071
1405,TRANSF_SALIENTE,26.0,133.03108808290156,4.898071773661598,2.6677
1406,PENSION,58.0,4146.719613259668,8.330313971418555,4.0001
1406,SERVICIOS_HOGAR,108.0,2573.204419889503,7.853295802209182,3.8149
1407,SERVICIOS_HOGAR,19.0,13679.632317368165,9.523736412138174,4.4634
1408,INGRESO_TRANSF,28.0,40520.17291066282,10.609579904406235,4.885
1408,RETIRO_TARJETA,8.0,1386.8876080691641,7.235538163774607,3.5751
1410,SERVICIOS_HOGAR,60.0,3597.737272155877,8.18833830517984,3.945
1411,SERVICIOS_HOGAR,61.0,4800.943109218132,8.476775929401175,4.057
1412,SEGURO,63.0,1036.767976278725,6.944827509142766,3.4622
1412,SERVICIOS_HOGAR,62.0,860.3706449221645,6.758524893704253,3.3899
1412,TRANSF_SALIENTE,63.0,1656.0266864343957,7.412780122568085,3.6439
1413,SEGURO,38.0,550.3387059098342,6.312349331565449,3.2167
1413,SERVICIOS_HOGAR,38.0,1789.488437281009,7.490243731601947,3.674
1413,TRANSF_SALIENTE,38.0,3086.3349684653117,8.035063527998439,3.8855
1414,SEGURO,43.0,1646.943507588533,7.407283430505975,3.6418
1414,SERVICIOS_HOGAR,44.0,1780.7757166947724,7.485365739669021,3.6721
1414,TRANSF_SALIENTE,43.0,4891.884485666104,8.495537282930764,4.0643
1417,RETIRO_TARJETA,4.0,221.25723738626965,5.403835438031505,2.864
1417,SERVICIOS_HOGAR,44.0,6727.377998345741,8.814089382944047,4.1879
1418,SERVICIOS_HOGAR,18.0,5366.651962946625,8.588145841032954,4.1002
1419,PENSION,60.0,6021.894178138995,8.703323183262775,4.1449
1419,SERVICIOS_HOGAR,55.0,3015.0107812240835,8.011690303797877,3.8764
1420,PENSION,43.0,5228.7517531556805,8.562119089996608,4.0901
1420,SERVICIOS_HOGAR,38.0,1593.5483870967741,7.374345832240395,3.629
1422,PENSION,68.0,5779.950531063581,8.662323399886821,4.129
1422,SERVICIOS_HOGAR,64.0,2472.2828459188127,7.813301634583686,3.7994
1423,SERVICIOS_HOGAR,35.0,2107.9245283018868,7.653933394301182,3.7375
1423,TRANSF_SALIENTE,34.0,1037.5345911949685,6.945565951567381,3.4625
1424,SERVICIOS_HOGAR,15.0,4817.33746130031,8.480184222502892,4.0583
1425,SERVICIOS_HOGAR,62.0,3831.6828675577153,8.251320324560737,3.9694
1426,PENSION,38.0,4007.2364971158886,8.296106647290339,3.9868
1426,SERVICIOS_HOGAR,34.0,2389.9842684845307,7.779460387965551,3.7863
1427,SERVICIOS_HOGAR,34.0,5302.140830539076,8.576054533552199,4.0955
1429,INGRESO_TRANSF,65.0,3247.5019215987704,8.085949221854587,3.9052
1429,SERVICIOS_HOGAR,61.0,2031.1452728670254,7.616847298695571,3.7231
1431,RETIRO_TARJETA,18.0,1030.9951060358892,6.939249203816978,3.4601
1432,INGRESO_TRANSF,17.0,34717.51866743251,10.455028502755594,4.825
1432,SERVICIOS_HOGAR,12.0,9367.030442274554,9.145058154874596,4.3164
1434,PENSION,17.0,4916.408114558472,8.500536864691277,4.0662
1434,SERVICIOS_HOGAR,12.0,2301.193317422434,7.74161756378473,3.7716
1435,SERVICIOS_HOGAR,21.0,6685.182218662395,8.807798320372113,4.1855
1436,SERVICIOS_HOGAR,44.0,2799.262143881943,7.937468314595932,3.8476
1437,INGRESO_TRANSF,47.0,3218.9615303762876,8.077124691378977,3.9018
1437,SEGURO,43.0,58.755518183729244,4.090261541086604,2.3541
1437,SERVICIOS_HOGAR,43.0,1584.5911288627285,7.368712568745951,3.6268
1437,TRANSF_SALIENTE,86.0,310.0483498002943,5.739948365691513,2.9945
1439,INGRESO_TRANSF,35.0,3172.1241457858773,8.062471916498826,3.8961
1439,SERVICIOS_HOGAR,31.0,1873.0637813211847,7.5358644970757505,3.6917
1440,INGRESO_TRANSF,63.0,3183.8495575221236,8.06616033220374,3.8976
1440,SEGURO,59.0,52.21238938053097,3.974291252327228,2.309
1440,SERVICIOS_HOGAR,58.0,51.32743362831858,3.9575207771084893,2.3025
1440,TRANSF_SALIENTE,58.0,1851.4538558786346,7.524266447752655,3.6872
1441,PENSION,50.0,6328.685258964143,8.753005791779469,4.1642
1441,SERVICIOS_HOGAR,46.0,2222.1115537848605,7.706663094344753,3.758
1442,SERVICIOS_HOGAR,63.0,5570.664288898795,8.625449083425387,4.1147
1443,SERVICIOS_HOGAR,10.0,4966.909331568498,8.51075437295734,4.0702
1444,INGRESO_TRANSF,30.0,2988.192850114792,8.002758680147343,3.873
1444,SERVICIOS_HOGAR,26.0,1725.9429321088883,7.45410803307776,3.66
1445,SEGURO,29.0,930.3193076693525,6.836602191267344,3.4202
1445,SERVICIOS_HOGAR,28.0,1137.2127723067742,7.037214567602087,3.4981
1445,TRANSF_SALIENTE,58.0,1806.9829901521935,7.499967132806202,3.6778
1446,RETIRO_TARJETA,25.0,788.8631090487239,6.671859650761248,3.3563
1446,SERVICIOS_HOGAR,43.0,4423.349504323983,8.394878541963237,4.0252
1447,INGRESO_TRANSF,22.0,13455.490811295384,9.50721685682215,4.457
1447,SERVICIOS_HOGAR,18.0,6623.935454952936,8.79859590815835,4.1819
1449,RETIRO_TARJETA,18.0,553.3042394014963,6.317713704604154,3.2188
1449,SERVICIOS_HOGAR,60.0,2637.1571072319202,7.877835886936779,3.8245
1449,TRANSF_SALIENTE,59.0,294.2643391521197,5.687871020035752,2.9743
1450,PENSION,33.0,6537.602927721867,8.78547880201693,4.1768
1450,RETIRO_TARJETA,10.0,463.55596218359256,6.141082029325472,3.1502
1450,SERVICIOS_HOGAR,28.0,2649.7102775236353,7.8825829123210465,3.8263
1451,PENSION,66.0,6467.461875283104,8.774693627436761,4.1726
1451,SERVICIOS_HOGAR,61.0,3439.1363430469573,8.143266384188687,3.9275
1453,RETIRO_TARJETA,3.0,158.27793605571384,5.070650701709366,2.7347
1453,SERVICIOS_HOGAR,59.0,6368.787591009814,8.759321402799856,4.1667
1456,RETIRO_TARJETA,1.0,101.16492949110976,4.626588463213938,2.5623
1458,SERVICIOS_HOGAR,55.0,2992.903656703957,8.004333385672231,3.8736
1459,INGRESO_TRANSF,21.0,3157.4327512977816,8.057831218770563,3.8943
1459,SERVICIOS_HOGAR,17.0,1237.092968381312,7.121327546048037,3.5308
1459,TRANSF_SALIENTE,17.0,466.9183577159037,6.148293831374601,3.153
1460,PENSION,25.0,5291.6500199760285,8.574074348375076,4.0947
1460,SERVICIOS_HOGAR,21.0,2866.839792249301,7.961314339716197,3.8569
1461,INGRESO_TRANSF,33.0,46299.2680695334,10.742903029896299,4.9367
1461,SERVICIOS_HOGAR,28.0,7433.363830436108,8.913868291068821,4.2267
1463,INGRESO_TRANSF,27.0,3315.1269782848726,8.106552808129061,3.9132
1463,SERVICIOS_HOGAR,22.0,582.1862348178138,6.368506577565784,3.2385
1463,TRANSF_SALIENTE,22.0,1218.6234817813765,7.1062974686032145,3.5249
1465,INGRESO_TRANSF,43.0,3199.368863955119,8.071021352130717,3.8995
1465,SERVICIOS_HOGAR,38.0,1691.2575970079477,7.433818772672744,3.6521
1465,TRANSF_SALIENTE,38.0,193.6418887330528,5.271161402153283,2.8125
1466,RETIRO_TARJETA,2.0,391.69419537517695,5.9730311801535505,3.085
1467,RETIRO_TARJETA,10.0,373.99821905609974,5.926921276775399,3.0671
1467,SERVICIOS_HOGAR,52.0,6310.382902938558,8.750110092052187,4.1631
1468,INGRESO_TRANSF,62.0,3190.5506783719075,8.068262183740307,3.8984
1468,SERVICIOS_HOGAR,58.0,406.4166001596169,6.009836249549766,3.0993
1468,TRANSF_SALIENTE,58.0,1583.0806065442937,7.367759459049505,3.6264
1469,PENSION,36.0,6137.640295647413,8.722358546397176,4.1523
1469,SERVICIOS_HOGAR,32.0,3130.7966055297015,8.049362114238765,3.891
1470,SERVICIOS_HOGAR,54.0,3738.744884038199,8.226772675257966,3.9599
1471,SEGURO,25.0,149.9659168370825,5.017054095026452,2.7139
1471,SERVICIOS_HOGAR,25.0,6665.814587593729,8.804897451760924,4.1844
1471,TRANSF_SALIENTE,25.0,10.224948875255624,2.418138879075017,1.7049
1472,SERVICIOS_HOGAR,37.0,3152.149758454106,8.056157155548128,3.8937
1472,TRANSF_SALIENTE,37.0,2122.584541062802,7.66086076109308,3.7402
1473,INGRESO_TRANSF,32.0,2931.1172668513386,7.983480057722206,3.8655
1473,SERVICIOS_HOGAR,27.0,1648.753462603878,7.408381139127143,3.6422
1474,PENSION,27.0,3965.1652742462766,8.285554980991655,3.9827
1474,SERVICIOS_HOGAR,23.0,2251.5437704322558,7.7198154212281045,3.7631
1475,INGRESO_TRANSF,66.0,22076.18689903846,10.002300087339481,4.6492
1476,PENSION,68.0,6395.01246882793,8.763430023424728,4.1683
1476,SERVICIOS_HOGAR,64.0,3254.9215197300864,8.088230623554942,3.9061
1477,INGRESO_TRANSF,71.0,3164.3705799151344,8.060025414585168,3.8952
1477,SERVICIOS_HOGAR,66.0,1960.3960396039604,7.58141176378822,3.7094
1478,RETIRO_TARJETA,4.0,564.9500384319754,6.338505802985442,3.2269
1478,SERVICIOS_HOGAR,21.0,9629.169869331285,9.17265614423486,4.3271
1479,INGRESO_TRANSF,45.0,3250.501002004008,8.086872015475853,3.9056
1479,SERVICIOS_HOGAR,41.0,1973.7697617457138,7.588207094208389,3.712
1480,RETIRO_TARJETA,4.0,380.88874039425326,5.945129310671025,3.0741
1481,INGRESO_TRANSF,71.0,3079.35041299174,8.032798639948117,3.8846
1481,SERVICIOS_HOGAR,66.0,1908.0218395632085,7.5543462639762895,3.6989
1482,RETIRO_TARJETA,12.0,1196.443007275667,7.08794373506327,3.5178
1482,SEGURO,20.0,270.81649151172195,5.605127175048278,2.9422
1482,SERVICIOS_HOGAR,20.0,2172.1907841552143,7.683951773988832,3.7492
1482,TRANSF_SALIENTE,20.0,1427.647534357316,7.264483495551979,3.5863
1483,SERVICIOS_HOGAR,31.0,1703.2203864463736,7.44086303379524,3.6548
1483,TRANSF_SALIENTE,31.0,2344.749369924391,7.760360190567071,3.7789
1484,PENSION,27.0,6553.744493392071,8.787944416550548,4.1778
1484,SERVICIOS_HOGAR,45.0,2565.1248164464023,7.850152186411285,3.8137
1485,RETIRO_TARJETA,18.0,713.6045772409409,6.5717293508877725,3.3174
1485,SERVICIOS_HOGAR,59.0,315.0667514303878,5.755953429982918,3.0007
1485,TRANSF_SALIENTE,59.0,5578.369357914812,8.626831030693472,4.1152
1486,RETIRO_TARJETA,6.0,388.5135135135135,5.9648985592237596,3.0818
1486,SEGURO,31.0,1950.591216216216,7.576400327120022,3.7074
1486,SERVICIOS_HOGAR,30.0,3033.7837837837833,8.01789546002793,3.8788
1486,TRANSF_SALIENTE,30.0,1934.966216216216,7.568361817382723,3.7043
1487,INGRESO_TRANSF,64.0,3323.134914402387,8.108964743118694,3.9142
1487,SERVICIOS_HOGAR,59.0,2042.3433328098006,7.622342633958069,3.7253
1488,SERVICIOS_HOGAR,16.0,4663.677130044843,8.447773899749018,4.0457
1488,TRANSF_SALIENTE,15.0,171.898355754858,5.152703882839851,2.7665
1491,RETIRO_TARJETA,6.0,921.7577706323686,6.827366763042213,3.4166
1491,SERVICIOS_HOGAR,14.0,5226.36655948553,8.561662904336238,4.0899
1492,PENSION,26.0,4652.476370510397,8.445369825824198,4.0448
1492,SERVICIOS_HOGAR,22.0,1285.897920604915,7.159989888681168,3.5458
1493,PENSION,72.0,5030.659785186219,8.52350518583749,4.0751
1493,SERVICIOS_HOGAR,134.0,2163.551401869159,7.679968414287362,3.7476
1494,RETIRO_TARJETA,2.0,223.72881355932202,5.414894402208999,2.8683
1495,RETIRO_TARJETA,22.0,842.479018721756,6.737535027606422,3.3818
1495,SERVICIOS_HOGAR,58.0,2863.4925758553904,7.960146502068485,3.8564
1495,TRANSF_SALIENTE,58.0,627.1788250484183,6.442824879195496,3.2674
1496,SEGURO,43.0,30.307560871422467,3.4438596297621524,2.1031
1496,SERVICIOS_HOGAR,42.0,6217.471166168304,8.735279362300592,4.1573
1496,TRANSF_SALIENTE,43.0,147.86416061512173,5.0030342163942025,2.7084
1497,SERVICIOS_HOGAR,60.0,239.04747366814226,5.480836710731369,2.8939
1497,TRANSF_SALIENTE,60.0,5003.5109143642185,8.51809496756672,4.073
1499,SERVICIOS_HOGAR,57.0,3421.119842829077,8.138015475121513,3.9255
1500,RETIRO_TARJETA,16.0,1208.7504634779384,7.0981693887921296,3.5218
1500,SERVICIOS_HOGAR,23.0,3512.6807563959956,8.164419415557978,3.9357
1501,PENSION,28.0,5681.116928446771,8.645079140950505,4.1223
1501,SERVICIOS_HOGAR,24.0,1920.0,7.560601162768557,3.7013
1502,SERVICIOS_HOGAR,10.0,2723.8307349665924,7.9101615895595,3.837
1503,PENSION,32.0,4656.592230039768,8.446253904757352,4.0451
1503,SERVICIOS_HOGAR,28.0,2716.059957173448,7.907305676600402,3.8359
1504,SERVICIOS_HOGAR,24.0,527.5568181818181,6.270150307917334,3.2003
1504,TRANSF_SALIENTE,24.0,4165.056818181818,8.334725260273716,4.0018
1507,RETIRO_TARJETA,2.0,103.20394331484904,4.646349972315774,2.5699
1507,SERVICIOS_HOGAR,61.0,6219.331484904497,8.73557847770619,4.1574
1508,SERVICIOS_HOGAR,20.0,5081.892887503543,8.533635844532276,4.079
1509,SERVICIOS_HOGAR,51.0,4547.9523723615375,8.422652237601266,4.036
1509,TRANSF_SALIENTE,51.0,2134.584160202057,7.666495499573828,3.7424
1510,SERVICIOS_HOGAR,29.0,8597.535629453681,9.059347192098135,4.2831
1511,RETIRO_TARJETA,7.0,364.3935450286309,5.900974978294249,3.057
1512,SERVICIOS_HOGAR,55.0,8123.388581952118,9.002625752914359,4.2611
1513,RETIRO_TARJETA,7.0,163.3986928104575,5.102294531315879,2.7469
1513,SEGURO,60.0,1228.7581699346404,7.114572819226986,3.5281
1513,SERVICIOS_HOGAR,60.0,1523.8095238095236,7.329624778820571,3.6116
1513,TRANSF_SALIENTE,119.0,4235.107376283847,8.351400054908964,4.0083
1514,PENSION,18.0,5930.0,8.687948111838727,4.139
1514,SERVICIOS_HOGAR,26.0,2730.722222222222,7.912687539907244,3.838
1515,INGRESO_TRANSF,66.0,29328.21782178218,10.2863394934189,4.7595
1515,RETIRO_TARJETA,1.0,22.502250225022504,3.157096170822244,1.9918
1515,SEGURO,62.0,2703.780378037804,7.902775996870839,3.8341
1515,SERVICIOS_HOGAR,62.0,1430.4830483048306,7.266466282557352,3.5871
1515,TRANSF_SALIENTE,61.0,708.2808280828083,6.564251538493818,3.3145
1516,INGRESO_TRANSF,62.0,3375.171314741036,8.124497599316117,3.9202
1516,SERVICIOS_HOGAR,58.0,2104.637450199203,7.652373526971691,3.7369
1517,PENSION,28.0,4533.3805811481225,8.419443766924585,4.0347
1517,SERVICIOS_HOGAR,23.0,2119.879518072289,7.6595861486477625,3.7397
1519,RETIRO_TARJETA,24.0,1589.9483325504932,7.372085552983625,3.6281
1519,SERVICIOS_HOGAR,37.0,2991.803663691874,8.003965907201817,3.8734
1520,PENSION,40.0,5891.5869511896,8.681450390949118,4.1364
1520,SERVICIOS_HOGAR,36.0,2598.6754966887415,7.863141907254418,3.8188
1521,PENSION,33.0,4552.173913043478,8.423579832067055,4.0363
1521,SERVICIOS_HOGAR,29.0,2666.342353298875,7.888837882385021,3.8287
1523,SERVICIOS_HOGAR,8.0,1019.8334595003785,6.928374689777073,3.4559
1523,TRANSF_SALIENTE,8.0,5960.938682816048,8.693150989518246,4.141
1524,PENSION,22.0,4163.334827431645,8.334311836548169,4.0017
1524,SERVICIOS_HOGAR,17.0,2061.1833258628417,7.631520567444929,3.7288
1525,PENSION,28.0,4669.3496227093065,8.448989213537159,4.0462
1525,SERVICIOS_HOGAR,24.0,1401.3654329859864,7.24591568483347,3.5791
1526,RETIRO_TARJETA,15.0,681.0490693739424,6.525101604483895,3.2993
1526,SERVICIOS_HOGAR,42.0,3937.944162436548,8.278667987302152,3.9801
1528,SERVICIOS_HOGAR,26.0,7603.252032520325,8.936462847788178,4.2354
1529,INGRESO_TRANSF,32.0,3886.853582554517,8.265612506063224,3.975
1529,SEGURO,28.0,67.16510903426791,4.221932836200636,2.4052
1529,SERVICIOS_HOGAR,28.0,923.7383177570093,6.829510797766598,3.4175
1529,TRANSF_SALIENTE,28.0,1276.1370716510903,7.152376189074875,3.5428
1530,PENSION,43.0,5528.144544822793,8.617788389028005,4.1117
1530,SERVICIOS_HOGAR,39.0,3342.599027102154,8.114803058851802,3.9165
1532,SERVICIOS_HOGAR,22.0,6352.429667519182,8.756750051203595,4.1657
1534,SERVICIOS_HOGAR,62.0,6869.323420074349,8.834966461266138,4.196
1534,TRANSF_SALIENTE,62.0,1986.7657992565055,7.5947665730616665,3.7146
1535,RETIRO_TARJETA,23.0,513.0422251044819,6.242305412089758,3.1895
1535,SERVICIOS_HOGAR,64.0,2542.8447903156075,7.841431912502755,3.8103
1536,INGRESO_TRANSF,71.0,27671.89166432781,10.228208572717403,4.7369
1536,SERVICIOS_HOGAR,66.0,12229.357283188323,9.411676441924852,4.4199
1538,SERVICIOS_HOGAR,26.0,9787.33991950238,9.188947152147373,4.3335
1539,SERVICIOS_HOGAR,65.0,5310.891640005564,8.577703291852867,4.0962
1540,SERVICIOS_HOGAR,41.0,4126.357792063844,8.325392721430621,3.9982
1540,TRANSF_SALIENTE,40.0,2710.707160274884,7.905333663980433,3.8351
1542,PENSION,32.0,6940.621118012422,8.845290616714543,4.2
1542,SERVICIOS_HOGAR,27.0,2226.2422360248447,7.708519433692711,3.7587
1544,SERVICIOS_HOGAR,61.0,8860.719731625495,9.089496125398968,4.2948
1544,TRANSF_SALIENTE,61.0,175.80054894784996,5.175022255107376,2.7752
1545,SERVICIOS_HOGAR,63.0,2369.9484092863286,7.771045326776092,3.783
1545,TRANSF_SALIENTE,63.0,1003.9552880481513,6.912698329999162,3.4498
1546,SERVICIOS_HOGAR,21.0,3459.652585866562,8.149212458899353,3.9298
1547,RETIRO_TARJETA,34.0,1410.1353478124017,7.252149870578052,3.5816
1548,INGRESO_TRANSF,47.0,3151.6238590532794,8.055990356219784,3.8936
1548,SERVICIOS_HOGAR,43.0,1922.2670345998727,7.561780599494606,3.7018
1549,SERVICIOS_HOGAR,21.0,3363.3201581027665,8.120981188414097,3.9188
1550,SERVICIOS_HOGAR,28.0,4052.382416231171,8.30730697604629,3.9912
1551,PENSION,18.0,6491.915355398806,8.7784669161381,4.1741
1551,SERVICIOS_HOGAR,28.0,2326.7498643516005,7.752657356494167,3.7759
1552,RETIRO_TARJETA,9.0,266.97814116469215,5.590905414366116,2.9366
1552,SERVICIOS_HOGAR,55.0,4830.05172701485,8.482819471807133,4.0593
1554,RETIRO_TARJETA,21.0,965.4615229246617,6.873641487120958,3.4346
1554,SERVICIOS_HOGAR,44.0,5821.934962633812,8.6695597027268,4.1318
1555,PENSION,25.0,6098.986749805144,8.716041877995952,4.1499
1555,RETIRO_TARJETA,3.0,136.39906469212784,4.922889572575326,2.6773
1555,SERVICIOS_HOGAR,20.0,2543.2579890880747,7.841594330123345,3.8104
1556,PENSION,27.0,5846.727272727273,8.673808364351574,4.1335
1556,SERVICIOS_HOGAR,23.0,1536.4,7.337847956915032,3.6148
1557,PENSION,24.0,5875.457875457875,8.678709457242592,4.1354
1557,SERVICIOS_HOGAR,20.0,1833.9438339438339,7.514769151815234,3.6835
1558,SERVICIOS_HOGAR,22.0,942.0365535248043,6.849105044898951,3.4251
1558,TRANSF_SALIENTE,22.0,2378.8884744498323,7.77480890609272,3.7845
1559,RETIRO_TARJETA,22.0,864.8542159180457,6.763716552495326,3.3919
1559,SERVICIOS_HOGAR,47.0,7411.111111111111,8.910870577998653,4.2255
1560,SEGURO,16.0,339.9124939231891,5.831625828290952,3.0301
1560,SERVICIOS_HOGAR,16.0,2591.7355371900826,7.860468789280564,3.8177
1560,TRANSF_SALIENTE,15.0,177.92902284880896,5.186989206808039,2.7798
1561,PENSION,45.0,5325.816485225506,8.580509056394078,4.0972
1561,SERVICIOS_HOGAR,81.0,1756.298600311042,7.471533022700763,3.6667
1562,INGRESO_TRANSF,40.0,2896.379525593009,7.9715619956067805,3.8608
1562,SERVICIOS_HOGAR,36.0,1737.5280898876406,7.460794108859887,3.6626
1565,SEGURO,57.0,350.08017960230916,5.861014629294679,3.0415
1565,SERVICIOS_HOGAR,57.0,557.5689544579859,6.325378074555184,3.2218
1565,TRANSF_SALIENTE,58.0,1948.5246953175113,7.575340875855891,3.707
1566,SEGURO,61.0,1503.449323810971,7.316182212426023,3.6064
1566,SERVICIOS_HOGAR,61.0,4055.234766752773,8.30801042494526,3.9915
1566,TRANSF_SALIENTE,122.0,1957.6356176872814,7.580003396400258,3.7088
1567,RETIRO_TARJETA,5.0,793.1665649786455,6.677293218816561,3.3584
1567,SEGURO,12.0,2529.5912141549725,7.836208235906479,3.8083
1567,SERVICIOS_HOGAR,12.0,351.4338010982306,5.8648628063131225,3.043
1567,TRANSF_SALIENTE,11.0,4026.8456375838923,8.300986930756538,3.9887
1568,RETIRO_TARJETA,30.0,1491.8190567853705,7.308421595811015,3.6034
1568,SEGURO,36.0,890.4716073147257,6.7928735885792335,3.4033
1568,SERVICIOS_HOGAR,37.0,3916.3378248315685,8.273167575755291,3.9779
1568,TRANSF_SALIENTE,36.0,42.4446583253128,3.7714879057260693,2.2303
1570,PENSION,57.0,4248.803329864724,8.354627985521779,4.0096
1570,SERVICIOS_HOGAR,53.0,2633.454734651405,7.876431507741021,3.8239
1571,SERVICIOS_HOGAR,25.0,6612.792297111418,8.796912489527534,4.1813
1572,SERVICIOS_HOGAR,9.0,4774.022346368715,8.471153932771674,4.0548
1573,PENSION,12.0,5464.6766169154225,8.606243202080575,4.1072
1573,SERVICIOS_HOGAR,8.0,2413.266998341625,7.789150999659612,3.79
1574,PENSION,19.0,4032.531380753138,8.302397544377294,3.9893
1574,SERVICIOS_HOGAR,14.0,1750.0,7.467942332285852,3.6653
1575,PENSION,70.0,5441.780821917809,8.602045389741342,4.1056
1575,SERVICIOS_HOGAR,66.0,2823.458904109589,7.9460720868664385,3.8509
1576,SERVICIOS_HOGAR,27.0,11073.654980909407,9.312414441462781,4.3814
1577,INGRESO_TRANSF,26.0,3771.3746223564954,8.235459955459236,3.9633
1577,SEGURO,22.0,240.93655589123867,5.488675526046558,2.8969
1577,SERVICIOS_HOGAR,22.0,1065.1057401812689,6.971767793222273,3.4727
1577,TRANSF_SALIENTE,22.0,820.8459214501511,6.7115529339951525,3.3717
1578,PENSION,49.0,4128.842620943049,8.325994578919826,3.9984
1578,SERVICIOS_HOGAR,44.0,1639.110022453562,7.402518605429949,3.6399
1579,RETIRO_TARJETA,29.0,1128.3899108666794,7.029432864018987,3.4951
1579,SERVICIOS_HOGAR,48.0,3074.0754788545423,8.031084725908327,3.8839
1580,RETIRO_TARJETA,3.0,271.3286713286713,5.607009687301197,2.9429
1581,RETIRO_TARJETA,15.0,675.4658385093168,6.5168819489364225,3.2961
1581,SERVICIOS_HOGAR,34.0,5066.56314699793,8.530615339422257,4.0779
1582,PENSION,32.0,5973.0,8.695171998776056,4.1418
1582,SERVICIOS_HOGAR,28.0,1677.375,7.4255813423928725,3.6489
1584,INGRESO_TRANSF,67.0,2968.3544303797466,7.996099844661371,3.8704
1584,SERVICIOS_HOGAR,63.0,1860.446760982874,7.529109292840862,3.6891
1586,SERVICIOS_HOGAR,22.0,4499.739873652917,8.411997078610836,4.0318
1587,INGRESO_TRANSF,25.0,16094.967532467532,9.68632405577936,4.5265
1588,INGRESO_TRANSF,60.0,3625.7213520197856,8.196084310310068,3.948
1588,SERVICIOS_HOGAR,56.0,2255.696619950536,7.721657350392605,3.7638
1590,SEGURO,41.0,504.150859183218,6.22485711572,3.1827
1590,SERVICIOS_HOGAR,41.0,5349.854943093059,8.585011629570301,4.099
1590,TRANSF_SALIENTE,80.0,1028.341887971435,6.9366749332951,3.4591
1591,SEGURO,16.0,68.60986547085201,4.2429063025663245,2.4133
1591,SERVICIOS_HOGAR,16.0,3443.946188340807,8.144663563105386,3.928
1591,TRANSF_SALIENTE,16.0,11.659192825112108,2.5383836567933704,1.7516
1592,PENSION,52.0,4565.369946605645,8.426473845841283,4.0374
1592,RETIRO_TARJETA,1.0,9.534706331045005,2.354675171314229,1.6803
1592,SERVICIOS_HOGAR,94.0,1646.4340198321893,7.4069742169144135,3.6417
1593,INGRESO_TRANSF,28.0,3097.9144574054435,8.038807154117142,3.8869
1593,SERVICIOS_HOGAR,23.0,1695.9349593495936,7.43657893765801,3.6532
1594,SEGURO,17.0,44.07105136821892,3.8082401638815284,2.2446
1594,SERVICIOS_HOGAR,17.0,3735.429668747,8.225885800430449,3.9596
1594,TRANSF_SALIENTE,16.0,1225.9241478636584,7.112265623618004,3.5272
1596,PENSION,15.0,5005.050505050505,8.518402560844244,4.0731
1596,SERVICIOS_HOGAR,20.0,2224.2424242424245,7.707621143380903,3.7584
1597,PENSION,42.0,6713.788167938931,8.812067562359813,4.1871
1597,SERVICIOS_HOGAR,38.0,2153.8167938931297,7.675460984489174,3.7459
1598,SERVICIOS_HOGAR,11.0,2899.5637421231218,7.972660390918091,3.8613
1598,TRANSF_SALIENTE,11.0,3937.17886572952,8.278473678616939,3.98
1599,RETIRO_TARJETA,2.0,66.34819532908705,4.209876107086635,2.4005
1599,SERVICIOS_HOGAR,33.0,1170.93949044586,7.066415339491713,3.5094
1599,TRANSF_SALIENTE,32.0,3400.424628450106,8.13194963121244,3.9231
1600,PENSION,27.0,6619.702467343977,8.797956756193319,4.1817
1600,SERVICIOS_HOGAR,23.0,2698.9114658925982,7.900974261044654,3.8334
1601,PENSION,70.0,4003.679071741899,8.295218724392077,3.9865
1601,SERVICIOS_HOGAR,66.0,2515.9756615253996,7.830813325452251,3.8062
1602,PENSION,63.0,4914.357841590407,8.500119835951466,4.066
1602,SERVICIOS_HOGAR,59.0,1892.5055222467654,7.546185163760499,3.6957
1603,SERVICIOS_HOGAR,63.0,2193.608856088561,7.693759111948429,3.753
1603,TRANSF_SALIENTE,63.0,1103.7785977859778,7.007400229881716,3.4865
1604,SERVICIOS_HOGAR,55.0,6445.767195767196,8.771334074183548,4.1713
1605,RETIRO_TARJETA,18.0,747.3544973544974,6.617876792651088,3.3353
1605,SERVICIOS_HOGAR,57.0,3160.069444444445,8.058665681112055,3.8947
1607,SERVICIOS_HOGAR,28.0,8616.316440049444,9.061528997328582,4.284
1608,PENSION,15.0,5225.0847457627115,8.56141766213023,4.0898
1608,SERVICIOS_HOGAR,10.0,2322.0338983050847,7.750629325132767,3.7751
1609,INGRESO_TRANSF,30.0,3040.187541862023,8.020003356891209,3.8796
1609,SERVICIOS_HOGAR,25.0,1688.7139986604152,7.432314562033958,3.6515
1610,SERVICIOS_HOGAR,63.0,5842.53112033195,8.673090536991262,4.1332
1611,RETIRO_TARJETA,18.0,1233.034940802772,7.118044519139649,3.5295
1611,SERVICIOS_HOGAR,29.0,337.48195206468375,5.824470773544449,3.0273
1611,TRANSF_SALIENTE,30.0,2948.021946289344,7.989228850730394,3.8677
1613,PENSION,39.0,6264.233392270775,8.74277111999155,4.1602
1613,SERVICIOS_HOGAR,35.0,3207.375599898964,8.07352004439558,3.9004
1614,INGRESO_TRANSF,32.0,27740.251572327044,10.230675810815242,4.7379
1614,SERVICIOS_HOGAR,28.0,5074.339622641509,8.532148722388435,4.0785
1615,PENSION,14.0,6459.888579387187,8.773522138306106,4.1722
1615,SERVICIOS_HOGAR,10.0,2175.4874651810587,7.6854676018124595,3.7498
1616,INGRESO_TRANSF,23.0,4009.3227792436237,8.296627010638144,3.987
1616,SERVICIOS_HOGAR,19.0,2207.4758135444154,7.700057879445898,3.7554
1617,PENSION,67.0,5953.888640095537,8.691967781378702,4.1405
1617,SERVICIOS_HOGAR,63.0,1444.5141065830721,7.276220320373205,3.5909
1618,INGRESO_TRANSF,24.0,3494.305612453912,8.159176093607222,3.9337
1618,SERVICIOS_HOGAR,19.0,1763.0069643588693,7.475343184608189,3.6682
1619,SERVICIOS_HOGAR,17.0,2467.9891794409377,7.811564106768115,3.7987
1620,PENSION,42.0,5971.107994389901,8.694855241950014,4.1416
1620,SERVICIOS_HOGAR,38.0,1715.2407667134175,7.4478915771483605,3.6575
1621,SERVICIOS_HOGAR,56.0,7242.89931124959,8.887914919300076,4.2166
1622,SERVICIOS_HOGAR,28.0,2023.1759656652362,7.612917966186255,3.7216
1622,TRANSF_SALIENTE,28.0,882.4034334763949,6.783781985815949,3.3997
1623,SERVICIOS_HOGAR,31.0,8145.725760183592,9.005371378296138,4.2622
1624,PENSION,32.0,6029.473684210527,8.704580841231424,4.1454
1624,SERVICIOS_HOGAR,57.0,1887.1826625386998,7.543370091251548,3.6946
1625,SEGURO,42.0,601.1382799325464,6.4004871198162405,3.2509
1625,SERVICIOS_HOGAR,43.0,167.68549747048905,5.128036019469459,2.7569
1625,TRANSF_SALIENTE,84.0,2876.433389544688,7.964653991603406,3.8582
1626,INGRESO_TRANSF,57.0,21301.459346768588,9.966577807321864,4.6353
1626,RETIRO_TARJETA,7.0,366.57400972897847,5.906924685394877,3.0593
1628,PENSION,72.0,4296.2880267931905,8.365739411268699,4.0139
1628,SERVICIOS_HOGAR,67.0,2664.666480602847,7.88820939186367,3.8285
1629,PENSION,38.0,5270.935441370224,8.57015283054026,4.0932
1629,SERVICIOS_HOGAR,34.0,2810.4874835309615,7.941468975839353,3.8492
1630,PENSION,65.0,5851.197788697788,8.674572560047634,4.1338
1630,SERVICIOS_HOGAR,60.0,3312.346437346437,8.105713965908222,3.9129
1631,PENSION,27.0,4099.8154981549815,8.31894113490304,3.9957
1631,SERVICIOS_HOGAR,23.0,2328.0073800738005,7.753197438652958,3.7761
1633,PENSION,46.0,5124.03804582793,8.541893227555235,4.0823
1633,SERVICIOS_HOGAR,41.0,1901.1024643320363,7.550715113542855,3.6975
1634,RETIRO_TARJETA,27.0,914.3897996357013,6.8193499850896195,3.4135
1635,SERVICIOS_HOGAR,55.0,5204.212454212454,8.557415797547948,4.0883
1636,SERVICIOS_HOGAR,16.0,3825.818882466281,8.24978915806232,3.9689
1637,PENSION,72.0,5740.323480200781,8.655445034199648,4.1263
1637,SERVICIOS_HOGAR,134.0,3122.9921918572227,8.046867011550955,3.8901
1638,SERVICIOS_HOGAR,15.0,5714.536928487691,8.65094352255732,4.1246
1640,SERVICIOS_HOGAR,36.0,4306.853426713357,8.368195014186176,4.0148
1641,SEGURO,30.0,392.8792569659443,5.976044407930032,3.0861
1641,SERVICIOS_HOGAR,30.0,6995.665634674923,8.85318897664893,4.2031
1641,TRANSF_SALIENTE,30.0,1201.857585139319,7.092455325874012,3.5196
1642,PENSION,43.0,6406.671299513551,8.765251192100703,4.169
1642,SERVICIOS_HOGAR,38.0,3166.2265462126475,8.060611577359678,3.8954
1644,SEGURO,63.0,15.808118081180812,2.8218619888143577,1.8616
1644,SERVICIOS_HOGAR,63.0,2356.339483394834,7.765288924552146,3.7808
1644,TRANSF_SALIENTE,63.0,950.3468634686346,6.857878731554118,3.4285
1645,SERVICIOS_HOGAR,22.0,7542.14501510574,8.928394484792221,4.2323
1646,SERVICIOS_HOGAR,29.0,6070.91492776886,8.711429308399065,4.1481
1646,TRANSF_SALIENTE,29.0,1537.0465489566614,7.338268415509186,3.615
1647,SEGURO,13.0,8.793686583990981,2.281737951950341,1.652
1647,SERVICIOS_HOGAR,13.0,1767.5310033821872,7.477904539383693,3.6692
1647,TRANSF_SALIENTE,13.0,878.6358511837656,6.779508016358147,3.3981
1649,RETIRO_TARJETA,20.0,496.27442710530016,6.2091420409222895,3.1766
1650,INGRESO_TRANSF,13.0,17903.82513661202,9.79282551620847,4.5679
1650,SERVICIOS_HOGAR,9.0,2563.7002341920374,7.849596883013912,3.8135
1650,TRANSF_SALIENTE,8.0,5683.060109289618,8.64542106433518,4.1224
1652,PENSION,67.0,6190.8875037103,8.73099524709908,4.1557
1652,SERVICIOS_HOGAR,62.0,3148.768180468982,8.055084135609633,3.8933
1653,SERVICIOS_HOGAR,46.0,4168.470221876216,8.335544261608316,4.0021
1654,INGRESO_TRANSF,29.0,20366.447140381282,9.921693176888992,4.6179
1654,RETIRO_TARJETA,3.0,291.161178509532,5.677305631179725,2.9702
1655,SERVICIOS_HOGAR,28.0,3681.4017829695663,8.21132047668974,3.9539
1655,TRANSF_SALIENTE,28.0,3294.0670150630185,8.100181785140412,3.9108
1656,INGRESO_TRANSF,23.0,25867.8587003925,10.160795157484541,4.7107
1656,SERVICIOS_HOGAR,18.0,9508.678587003926,9.160065357597517,4.3222
1657,INGRESO_TRANSF,14.0,3267.6767676767677,8.092140523792251,3.9077
1657,SERVICIOS_HOGAR,10.0,1555.5555555555557,7.350230681859895,3.6196
1658,INGRESO_TRANSF,67.0,3150.6129079899574,8.055669635057383,3.8935
1658,SERVICIOS_HOGAR,63.0,1814.355338945503,7.504036506570072,3.6793
1658,TRANSF_SALIENTE,62.0,157.49520011815096,5.065724309692551,2.7327
1659,PENSION,24.0,5843.17617866005,8.673200919346375,4.1332
1659,SERVICIOS_HOGAR,19.0,2204.880066170389,7.698881831232325,3.755
1660,RETIRO_TARJETA,6.0,478.49325528124206,6.172729828074912,3.1625
1662,RETIRO_TARJETA,4.0,462.1848739495798,6.138126270176315,3.1491
1662,SERVICIOS_HOGAR,12.0,6933.493397358943,8.844263279952154,4.1996
1663,PENSION,26.0,6385.648148148148,8.76196486329327,4.1677
1663,SERVICIOS_HOGAR,42.0,2138.8888888888887,7.668509185587992,3.7432
1664,SERVICIOS_HOGAR,56.0,4966.243902439024,8.51062041847978,4.0701
1665,PENSION,20.0,6362.396492937165,8.758317553555672,4.1663
1665,SERVICIOS_HOGAR,15.0,1152.9469069654165,7.050943438180724,3.5034
1666,PENSION,62.0,6154.022247299694,8.725023653120502,4.1533
1666,SERVICIOS_HOGAR,57.0,1988.5216830565855,7.595649528554305,3.7149
1668,PENSION,22.0,4953.528872593951,8.508057361031465,4.0691
1668,SERVICIOS_HOGAR,17.0,2551.558203483043,7.844851352318726,3.8117
1669,SERVICIOS_HOGAR,23.0,4673.949579831932,8.449973656601939,4.0466
1670,PENSION,36.0,4094.824707846411,8.317723369867636,3.9952
1670,SERVICIOS_HOGAR,63.0,2239.4546466332777,7.71443409150102,3.761
1671,PENSION,68.0,6578.609310548027,8.791730647259929,4.1792
1671,SERVICIOS_HOGAR,128.0,2837.006482027107,7.95085714172975,3.8528
1672,SERVICIOS_HOGAR,28.0,3435.4422411079636,8.14219198294419,3.9271
1673,PENSION,60.0,4353.580246913581,8.378983500465363,4.019
1673,SERVICIOS_HOGAR,55.0,2215.3909465020574,7.7036354522086645,3.7568
1674,SERVICIOS_HOGAR,35.0,3368.9271255060726,8.122646398633686,3.9195
1675,PENSION,71.0,4331.270266459889,8.373846994554283,4.017
1675,SERVICIOS_HOGAR,66.0,1977.3015649231636,7.589993960078147,3.7127
1677,SERVICIOS_HOGAR,20.0,4662.731871838111,8.447571237492296,4.0456
1678,RETIRO_TARJETA,2.0,35.592255125284744,3.5998366094162844,2.1637
1678,SERVICIOS_HOGAR,65.0,2731.776765375854,7.913073501426907,3.8381
1678,TRANSF_SALIENTE,65.0,1645.358769931663,7.406321322207702,3.6414
1679,SERVICIOS_HOGAR,24.0,4386.920589292131,8.386610723987092,4.022
1680,SERVICIOS_HOGAR,56.0,5495.715227422545,8.611905961429144,4.1094
1681,SEGURO,13.0,758.8235294117648,6.6330862081758,3.3412
1681,SERVICIOS_HOGAR,14.0,6770.361990950227,8.820457526019421,4.1904
1681,TRANSF_SALIENTE,14.0,4.751131221719457,1.7493965696717013,1.4453
1683,SEGURO,22.0,292.485549132948,5.6818284017117024,2.9719
1683,SERVICIOS_HOGAR,22.0,1137.7263969171483,7.037665721173537,3.4983
1683,TRANSF_SALIENTE,21.0,2621.156069364162,7.871752185574403,3.8221
1685,RETIRO_TARJETA,4.0,311.4754098360656,5.744525777555761,2.9963
1685,SERVICIOS_HOGAR,24.0,5224.918032786885,8.56138576145447,4.0898
1686,SERVICIOS_HOGAR,57.0,1422.214983713355,7.26067366448153,3.5849
1686,TRANSF_SALIENTE,56.0,1117.2638436482084,7.019532621979865,3.4912
1687,PENSION,20.0,4168.297455968688,8.335502824812322,4.0021
1687,SERVICIOS_HOGAR,15.0,1076.3209393346378,6.982232626576229,3.4768
1688,PENSION,70.0,5432.791095890411,8.600392345355223,4.105
1688,SERVICIOS_HOGAR,65.0,2085.9731735159817,7.643470052905454,3.7335
1689,PENSION,63.0,4996.926454445664,8.516778396289766,4.0725
1689,SERVICIOS_HOGAR,59.0,1968.8254665203071,7.5857002221322345,3.711
1690,PENSION,39.0,6770.721649484537,8.82051063926068,4.1904
1690,SERVICIOS_HOGAR,35.0,2986.7268041237116,8.002268111056477,3.8728
1691,INGRESO_TRANSF,38.0,2920.2119205298013,7.97975385043385,3.864
1691,SERVICIOS_HOGAR,35.0,667.5496688741722,6.505110692771003,3.2915
1691,TRANSF_SALIENTE,33.0,1061.2450331125829,6.968139903166228,3.4713
1692,SERVICIOS_HOGAR,31.0,6590.556417645755,8.79354477831269,4.1799
1693,SERVICIOS_HOGAR,13.0,7303.836571998007,8.896291951860347,4.2198
1695,RETIRO_TARJETA,1.0,79.28780080678814,4.385617689197327,2.4687
1695,SERVICIOS_HOGAR,59.0,12029.795520934762,9.395224934873362,4.4135
1696,INGRESO_TRANSF,43.0,3258.703790360318,8.089391608379902,3.9066
1696,SERVICIOS_HOGAR,38.0,1919.560131024801,7.560372157384224,3.7012
1697,INGRESO_TRANSF,19.0,3249.8973305954823,8.086686338936405,3.9055
1697,SEGURO,14.0,25.15400410677618,3.26400229950717,2.0333
1697,SERVICIOS_HOGAR,14.0,293.22381930184804,5.6843407678466695,2.9729
1697,TRANSF_SALIENTE,14.0,1277.8234086242298,7.153695722166906,3.5433
1698,SERVICIOS_HOGAR,29.0,8326.920786182252,9.027369098503922,4.2707
1699,PENSION,71.0,5186.017897091723,8.553914224719792,4.0869
1699,SERVICIOS_HOGAR,134.0,3261.940715883669,8.090384127836074,3.907
1700,RETIRO_TARJETA,1.0,53.44735435595938,3.99723425969455,2.3179
1700,SERVICIOS_HOGAR,32.0,5785.141635489043,8.663220964235618,4.1294
1701,SERVICIOS_HOGAR,60.0,7022.105425877261,8.856960767562406,4.2046
1702,SERVICIOS_HOGAR,41.0,4171.165111737904,8.33619039149716,4.0024
1703,PENSION,14.0,5669.346733668342,8.64300554717453,4.1215
1703,SERVICIOS_HOGAR,9.0,2296.195262024408,7.739444206487756,3.7707
1704,PENSION,39.0,6871.901247136676,8.835341602785684,4.1962
1704,SERVICIOS_HOGAR,35.0,2926.3171290404684,7.981841626924842,3.8648
1705,SERVICIOS_HOGAR,59.0,5111.289560699102,8.539402637782443,4.0813
1706,INGRESO_TRANSF,48.0,3097.324414715719,8.038616732962275,3.8869
1706,SERVICIOS_HOGAR,43.0,1849.7909698996655,7.5233683779954745,3.6868
1707,INGRESO_TRANSF,23.0,12700.636672325976,9.449486135980113,4.4346
1707,SERVICIOS_HOGAR,19.0,6314.5161290322585,8.750764762091263,4.1633
1708,SERVICIOS_HOGAR,45.0,4124.0113567227745,8.324824051909907,3.998
1708,TRANSF_SALIENTE,45.0,3047.15067937538,8.022290351075254,3.8805
1709,RETIRO_TARJETA,19.0,1184.1289522628642,7.077606868123704,3.5138
1709,SERVICIOS_HOGAR,27.0,2700.836949783013,7.90168717242956,3.8337
1710,PENSION,19.0,6806.191467221644,8.825734901041443,4.1924
1710,SERVICIOS_HOGAR,14.0,1508.5327783558794,7.319555463621884,3.6077
1711,INGRESO_TRANSF,36.0,3811.9419642857138,8.246156339255425,3.9674
1711,SEGURO,32.0,1926.785714285714,7.564127324950855,3.7027
1711,SERVICIOS_HOGAR,32.0,163.39285714285714,5.102259033642038,2.7469
1711,TRANSF_SALIENTE,31.0,162.61160714285714,5.097495369957907,2.7451
1712,PENSION,25.0,6062.773142630115,8.710087516106276,4.1476
1712,SERVICIOS_HOGAR,21.0,1356.6150178784267,7.213484775937815,3.5665
1714,PENSION,51.0,4879.246376811594,8.49295098462432,4.0633
1714,SERVICIOS_HOGAR,47.0,2750.0676328502414,7.919744345446161,3.8407
1716,SERVICIOS_HOGAR,27.0,3019.2367844854552,8.013090512754127,3.877
1716,TRANSF_SALIENTE,28.0,903.847356897091,6.807766263062093,3.409
1717,PENSION,13.0,6588.408037094281,8.793218796010276,4.1798
1717,SERVICIOS_HOGAR,8.0,1545.595054095827,7.34381105424911,3.6171
1718,INGRESO_TRANSF,15.0,47559.84251968504,10.769765065527649,4.9472
1718,SERVICIOS_HOGAR,10.0,9485.564304461943,9.157631792804583,4.3213
1719,PENSION,64.0,4165.015673981191,8.334715384171302,4.0018
1719,SERVICIOS_HOGAR,60.0,2603.1347962382447,7.864855767057145,3.8194
1722,SERVICIOS_HOGAR,29.0,3850.5938242280286,8.256242321934588,3.9714
1723,SEGURO,10.0,3373.7373737373737,8.124072785089945,3.92
1723,SERVICIOS_HOGAR,10.0,787.8787878787879,6.670612681513903,3.3558
1723,TRANSF_SALIENTE,20.0,2822.5108225108224,7.945736362118056,3.8508
1724,PENSION,19.0,6665.673230441725,8.804876248433793,4.1843
1724,SERVICIOS_HOGAR,14.0,1195.1037786056413,7.086824702155555,3.5174
1725,INGRESO_TRANSF,42.0,51920.97735399284,10.857497435282832,4.9812
1726,SEGURO,67.0,68.96647656141327,4.248016221071603,2.4153
1726,SERVICIOS_HOGAR,67.0,4136.124634858812,8.327756292877032,3.9991
1726,TRANSF_SALIENTE,134.0,2047.5587703435804,7.624891786027956,3.7263
1727,SEGURO,10.0,2541.2969283276448,7.840823253868618,3.8101
1727,SERVICIOS_HOGAR,10.0,1224.5733788395903,7.1111640778297245,3.5268
1727,TRANSF_SALIENTE,10.0,746.0750853242321,6.616165695910398,3.3347
1728,SERVICIOS_HOGAR,38.0,4452.507095553453,8.401447176123929,4.0277
1729,SERVICIOS_HOGAR,11.0,4580.304955527319,8.429739161312495,4.0387
1730,PENSION,71.0,6624.619891198215,8.798699214959916,4.182
1730,SERVICIOS_HOGAR,67.0,1848.5981308411215,7.522723667902895,3.6866
1731,PENSION,71.0,4723.406040268456,8.460497126262922,4.0507
1731,SERVICIOS_HOGAR,67.0,2464.723154362416,7.810240412362249,3.7982
1732,RETIRO_TARJETA,9.0,594.2324497524032,6.38895200110603,3.2464
1732,SERVICIOS_HOGAR,29.0,6800.174774249927,8.824850637161855,4.1921
1733,SERVICIOS_HOGAR,21.0,3769.097651421508,8.23485618234042,3.9631
1734,RETIRO_TARJETA,16.0,1850.2415458937198,7.523611798870012,3.6869
1734,SERVICIOS_HOGAR,17.0,7745.265700483092,8.954966161123783,4.2426
1736,PENSION,22.0,6044.776119402985,8.707115145114095,4.1464
1736,SERVICIOS_HOGAR,18.0,2984.5318860244233,8.001533196226253,3.8725
1737,SERVICIOS_HOGAR,29.0,2603.790509259259,7.865107532243252,3.8195
1737,TRANSF_SALIENTE,29.0,1954.3113425925924,7.578304714262876,3.7082
1738,INGRESO_TRANSF,29.0,3016.7650121485594,8.012271774185235,3.8766
1738,SERVICIOS_HOGAR,25.0,1733.772995487678,7.458631845485246,3.6617
1739,SERVICIOS_HOGAR,25.0,8380.080618071885,9.033732137199747,4.2732
1740,PENSION,21.0,3953.2839962997223,8.282554826214422,3.9816
1740,SERVICIOS_HOGAR,16.0,2007.7705827937095,7.605278163567346,3.7186
1741,PENSION,43.0,4705.122341641893,8.456619565898372,4.0491
1741,SERVICIOS_HOGAR,39.0,2110.084610107478,7.6549571276265835,3.7379
1742,SERVICIOS_HOGAR,34.0,3356.151663657467,8.118848174290614,3.918
1743,PENSION,67.0,4267.005531469576,8.358901908453976,4.0112
1743,SERVICIOS_HOGAR,62.0,2112.39348183585,7.656050219794665,3.7384
1744,PENSION,35.0,5686.996547756042,8.6461133645483,4.1227
1744,SERVICIOS_HOGAR,30.0,2862.7733026467204,7.959895370843886,3.8563
1745,RETIRO_TARJETA,4.0,477.63457164518576,6.170937407811518,3.1618
1747,INGRESO_TRANSF,16.0,2883.0917874396137,7.966965324333762,3.8591
1747,SERVICIOS_HOGAR,11.0,578.5628019323672,6.362274029526326,3.2361
1747,TRANSF_SALIENTE,11.0,742.632850241546,6.611547432173203,3.3329
1749,INGRESO_TRANSF,38.0,49072.647135079074,10.80107745147133,4.9593
1749,RETIRO_TARJETA,2.0,93.3367902514908,4.546871254079209,2.5313
1749,SERVICIOS_HOGAR,34.0,8531.293751620431,9.051613508396176,4.2801
1750,RETIRO_TARJETA,18.0,653.7326022775201,6.484226911484612,3.2834
1750,SERVICIOS_HOGAR,67.0,3794.1234359623227,8.241472215246048,3.9656
1750,TRANSF_SALIENTE,66.0,5119.105862505272,8.540930394090363,4.0819
1752,RETIRO_TARJETA,2.0,169.97167138810198,5.141497878381734,2.7622
1753,RETIRO_TARJETA,3.0,711.2068965517242,6.568368454244875,3.3161
1754,RETIRO_TARJETA,2.0,276.331597917501,5.62521389462451,2.95
1756,RETIRO_TARJETA,3.0,144.05447878470403,4.977109387613663,2.6983
1756,SERVICIOS_HOGAR,33.0,5451.30958617077,8.603794575168099,4.1063
1757,INGRESO_TRANSF,45.0,47840.447199468676,10.77564763899198,4.9494
1758,INGRESO_TRANSF,29.0,23657.27242190124,10.071468118040706,4.6761
1758,SERVICIOS_HOGAR,25.0,7880.4165267047365,8.972262928968798,4.2493
1758,TRANSF_SALIENTE,24.0,286.1941551897884,5.660158485956498,2.9635
1759,SERVICIOS_HOGAR,30.0,1582.2676896845696,7.3672461483545355,3.6262
1759,TRANSF_SALIENTE,30.0,1590.7928388746805,7.372616231602162,3.6283
1760,PENSION,37.0,4786.905710491368,8.473848373604126,4.0558
1760,RETIRO_TARJETA,6.0,294.8207171314741,5.689753585455938,2.975
1760,SERVICIOS_HOGAR,66.0,1497.9282868525897,7.312505656299484,3.605
1761,INGRESO_TRANSF,64.0,10954.66293009497,9.301611764127927,4.3772
1761,SEGURO,60.0,274.63801961700136,5.619088481791167,2.9476
1761,SERVICIOS_HOGAR,60.0,2847.2676319476877,7.954466240008529,3.8542
1761,TRANSF_SALIENTE,60.0,3182.624941616067,8.06577574530736,3.8974
1762,SEGURO,55.0,1788.2934872217643,7.489576121044193,3.6737
1762,SERVICIOS_HOGAR,55.0,773.5366859027206,6.652265025943294,3.3487
1762,TRANSF_SALIENTE,55.0,3039.7361912613355,8.019854933260358,3.8796
1763,RETIRO_TARJETA,1.0,76.8321513002364,4.354554601604791,2.4567
1763,SERVICIOS_HOGAR,29.0,982.0921985815602,6.890702908812514,3.4412
1763,TRANSF_SALIENTE,29.0,4746.778959810874,8.465432200267369,4.0526
1764,RETIRO_TARJETA,1.0,69.31316950220543,4.252959114162551,2.4172
1764,SERVICIOS_HOGAR,12.0,3984.8771266540643,8.29051267406932,3.9847
1765,PENSION,29.0,5181.254260395364,8.552995425992334,4.0866
1765,SERVICIOS_HOGAR,25.0,1713.531015678255,7.446894861957054,3.6572
1766,RETIRO_TARJETA,24.0,1057.5996917742248,6.964702268260256,3.47
1766,SEGURO,47.0,44.36524754382585,3.8147463393205996,2.2471
1766,SERVICIOS_HOGAR,47.0,3941.2637256790604,8.279510386966251,3.9804
1766,TRANSF_SALIENTE,94.0,2202.8703525332307,7.697970344828118,3.7546
1767,SEGURO,58.0,967.2867222578576,6.8755282440974215,3.4353
1767,SERVICIOS_HOGAR,58.0,2107.568954457986,7.653764775738428,3.7375
1767,TRANSF_SALIENTE,58.0,1416.5169980756896,7.256662027117796,3.5833
1770,RETIRO_TARJETA,5.0,223.1306421393289,5.412229105682407,2.8673
1770,SERVICIOS_HOGAR,54.0,7681.04241185488,8.946640729829802,4.2394
1771,SERVICIOS_HOGAR,65.0,2869.6658469550125,7.9622992842686156,3.8572
1772,INGRESO_TRANSF,46.0,52028.195164075994,10.859560285475029,4.982
1772,SERVICIOS_HOGAR,42.0,10875.38860103627,9.294349535257147,4.3744
1773,PENSION,68.0,4290.7602339181285,8.364452238704176,4.0134
1773,SERVICIOS_HOGAR,63.0,2649.868421052631,7.882642571353963,3.8263
1774,INGRESO_TRANSF,28.0,3295.010845986985,8.100468181675339,3.9109
1774,SERVICIOS_HOGAR,23.0,1804.410701373825,7.498543380271892,3.6772
1775,PENSION,70.0,6924.086757990868,8.84290585920679,4.1991
1775,SERVICIOS_HOGAR,65.0,2173.1592465753424,7.684397315493106,3.7494
1776,SERVICIOS_HOGAR,12.0,3995.3352769679304,8.2931330393939,3.9857
1777,RETIRO_TARJETA,2.0,67.46626686656671,4.226341169469962,2.4069
1777,SEGURO,22.0,1366.3418290854572,7.220623863317993,3.5693
1777,SERVICIOS_HOGAR,22.0,1022.4887556221889,6.930972418838933,3.4569
1777,TRANSF_SALIENTE,22.0,1169.2653673163418,7.064985811746464,3.5089
1778,RETIRO_TARJETA,4.0,160.31195840554594,5.083340120049227,2.7396
1778,SERVICIOS_HOGAR,41.0,3048.353552859619,8.022684897254814,3.8807
1779,RETIRO_TARJETA,1.0,43.390671005733765,3.793029334877985,2.2387
1779,SEGURO,60.0,56.71780567178057,4.055565716408596,2.3406
1779,SERVICIOS_HOGAR,60.0,2810.785681078568,7.941575034193324,3.8492
1779,TRANSF_SALIENTE,59.0,1124.5932124593212,7.026065475628587,3.4938
1780,RETIRO_TARJETA,35.0,1100.6380510440836,7.004553488433805,3.4854
1780,SERVICIOS_HOGAR,65.0,5117.241879350348,8.540566276124746,4.0817
1782,PENSION,67.0,6479.142645971914,8.776497802371303,4.1733
1782,SERVICIOS_HOGAR,63.0,3008.913525498891,8.009666628260097,3.8756
1783,SERVICIOS_HOGAR,11.0,4222.058823529412,8.348314984159549,4.0071
1784,PENSION,68.0,6707.701386839775,8.811160677232591,4.1868
1784,SERVICIOS_HOGAR,63.0,1659.117733844792,7.414643802838487,3.6446
1785,PENSION,26.0,4858.365164247517,8.488663083721969,4.0616
1785,SERVICIOS_HOGAR,21.0,1381.283422459893,7.231492064676046,3.5735
1786,RETIRO_TARJETA,13.0,507.2894971734603,6.231051161586342,3.1851
1786,SERVICIOS_HOGAR,62.0,8133.234156501041,9.003836873426936,4.2616
1787,SERVICIOS_HOGAR,50.0,2814.4835545297174,7.942889303629743,3.8497
1789,RETIRO_TARJETA,2.0,64.246707356248,4.178175582956344,2.3882
1790,SERVICIOS_HOGAR,12.0,1597.966963151207,7.377113051676929,3.6301
1790,TRANSF_SALIENTE,12.0,1475.2223634053366,7.29724164652708,3.5991
1791,SERVICIOS_HOGAR,31.0,6180.452851820006,8.729308612113842,4.155
1792,PENSION,60.0,6102.18253968254,8.716565641925575,4.1501
1792,SERVICIOS_HOGAR,56.0,1585.1851851851852,7.369087157790438,3.627
1793,SERVICIOS_HOGAR,38.0,4610.53617419808,8.436316306990248,4.0413
1794,SEGURO,13.0,148.95833333333331,5.010357477731085,2.7113
1794,SERVICIOS_HOGAR,13.0,2156.886574074074,7.676884583766689,3.7464
1794,TRANSF_SALIENTE,25.0,1347.8587962962963,7.207014177857632,3.564
1795,SERVICIOS_HOGAR,12.0,2829.148805878751,7.948084570837517,3.8517
1796,SERVICIOS_HOGAR,34.0,1594.6590614467202,7.375042134542195,3.6293
1796,TRANSF_SALIENTE,34.0,1082.4993518278454,6.987951222755511,3.479
1797,RETIRO_TARJETA,1.0,35.85582185317985,3.6070135940311983,2.1665
1797,SERVICIOS_HOGAR,49.0,3546.235138705416,8.173923744853075,3.9394
1797,TRANSF_SALIENTE,49.0,3712.681638044914,8.219779018810668,3.9572
1798,SEGURO,8.0,2639.755351681957,7.878820273277743,3.8248
1798,SERVICIOS_HOGAR,8.0,1591.4373088685015,7.373021020183841,3.6285
1798,TRANSF_SALIENTE,8.0,1031.8042813455656,6.940032984901034,3.4604
1799,PENSION,28.0,5182.438316400581,8.55322388270212,4.0867
1799,SERVICIOS_HOGAR,23.0,2098.0406386066766,7.649235680570171,3.7357
1800,SERVICIOS_HOGAR,29.0,4406.998213222157,8.391175945483793,4.0237
1800,TRANSF_SALIENTE,29.0,1418.9100655151876,7.258348814445381,3.584
1801,SEGURO,68.0,921.5764105472072,6.8271702023459495,3.4166
1801,SERVICIOS_HOGAR,68.0,4016.9549191947826,8.29852832559934,3.9878
1801,TRANSF_SALIENTE,68.0,3295.88885738588,8.100734532277832,3.911
1802,PENSION,46.0,4855.4996719877545,8.48807322530151,4.0614
1802,SERVICIOS_HOGAR,82.0,2248.589547343101,7.718503055154227,3.7626
1803,INGRESO_TRANSF,41.0,3446.5936739659364,8.14543178086204,3.9283
1803,RETIRO_TARJETA,29.0,639.9026763990267,6.46287761450244,3.2751
1803,SERVICIOS_HOGAR,37.0,1326.9586374695864,7.191398183067572,3.558
1803,TRANSF_SALIENTE,37.0,746.301703163017,6.61646899002239,3.3348
1805,SERVICIOS_HOGAR,51.0,2237.094499294781,7.713380112866386,3.7606
1806,PENSION,71.0,5003.629484304933,8.518118659899127,4.073
1806,SERVICIOS_HOGAR,67.0,2396.0762331838564,7.7820050375097445,3.7873
1807,SERVICIOS_HOGAR,9.0,2932.438016528926,7.983930398614449,3.8656
1809,INGRESO_TRANSF,61.0,21650.194805194806,9.982815919214792,4.6416
1809,SEGURO,57.0,6347.727272727273,8.756009642306294,4.1654
1809,SERVICIOS_HOGAR,57.0,5800.86038961039,8.665933901932414,4.1304
1809,TRANSF_SALIENTE,57.0,169.33441558441558,5.137763655239963,2.7607
1810,SERVICIOS_HOGAR,36.0,5343.186372745491,8.583764589747858,4.0985
1811,INGRESO_TRANSF,63.0,25920.322376738306,10.162821166785934,4.7115
1811,SERVICIOS_HOGAR,58.0,3855.0568900126423,8.257400409255586,3.9718
1811,TRANSF_SALIENTE,58.0,6182.206068268015,8.729592197204395,4.1551
1812,INGRESO_TRANSF,26.0,3358.4143605086015,8.119521940298004,3.9183
1812,SERVICIOS_HOGAR,22.0,961.780104712042,6.86982504170709,3.4331
1812,TRANSF_SALIENTE,22.0,932.1615557217652,6.838578343115411,3.421
1813,SERVICIOS_HOGAR,55.0,761.9860092134448,6.637239694567775,3.3428
1813,TRANSF_SALIENTE,55.0,4082.067906500597,8.31460392270236,3.994
1814,PENSION,15.0,5827.755905511811,8.670558861291532,4.1322
1814,SERVICIOS_HOGAR,11.0,2190.6167979002626,7.692394814309218,3.7525
1815,SERVICIOS_HOGAR,64.0,5642.880093471594,8.638327067791604,4.1197
1815,TRANSF_SALIENTE,64.0,3607.0687892507667,8.190927946757629,3.946
1816,PENSION,63.0,4252.876494023904,8.355585962434137,4.0099
1816,SERVICIOS_HOGAR,58.0,2610.231075697211,7.8675770656246815,3.8205
1817,RETIRO_TARJETA,7.0,592.3202614379085,6.3857343230909045,3.2452
1817,SERVICIOS_HOGAR,20.0,7459.967320261438,8.917440352387057,4.228
1819,SEGURO,18.0,5644.148936170212,8.638551859968262,4.1198
1819,SERVICIOS_HOGAR,18.0,660.6382978723404,6.494719028781902,3.2875
1819,TRANSF_SALIENTE,19.0,892.2492401215806,6.794865646213631,3.404
1820,SERVICIOS_HOGAR,51.0,7059.030367607885,8.862204631838926,4.2066
1821,SERVICIOS_HOGAR,41.0,8587.034144164249,9.058125134790052,4.2827
1822,PENSION,68.0,5219.210371243371,8.560292981069098,4.0894
1822,SERVICIOS_HOGAR,64.0,1881.909251620507,7.540573333985721,3.6935
1823,PENSION,27.0,4928.223125230883,8.502936673530462,4.0671
1823,SERVICIOS_HOGAR,23.0,1994.1263391207979,7.598462655198937,3.716
1824,SERVICIOS_HOGAR,55.0,295.22126871950195,5.691106704520854,2.9755
1824,TRANSF_SALIENTE,54.0,8645.633518425038,9.064925335550996,4.2853
1825,SERVICIOS_HOGAR,33.0,1275.7731958762886,7.152091233270522,3.5427
1825,TRANSF_SALIENTE,33.0,2406.5111231687465,7.786348763877078,3.7889
1826,RETIRO_TARJETA,11.0,401.2289896981746,5.997021552558511,3.0943
1826,SERVICIOS_HOGAR,51.0,9144.605096692572,9.121028725578903,4.3071
1827,PENSION,64.0,4767.899686520376,8.469870883587664,4.0543
1827,SERVICIOS_HOGAR,59.0,2373.871473354232,7.772698598521964,3.7836
1828,SEGURO,46.0,137.75689958896064,4.932723478157493,2.6811
1828,SERVICIOS_HOGAR,46.0,3633.9009590917985,8.198337143129248,3.9489
1828,TRANSF_SALIENTE,92.0,2801.0569583088663,7.938109054423704,3.8479
1829,SERVICIOS_HOGAR,66.0,3469.5205479452056,8.15205987550702,3.9309
1830,SERVICIOS_HOGAR,66.0,7180.650636492221,8.879284529282641,4.2132
1831,PENSION,63.0,6448.270415416206,8.771722289503,4.1715
1831,SERVICIOS_HOGAR,59.0,1907.6449218132996,7.554148804232057,3.6988
1832,INGRESO_TRANSF,33.0,22611.670203091846,10.026265656622348,4.6585
1832,SEGURO,28.0,493.11912700818425,6.202776635906314,3.1742
1832,SERVICIOS_HOGAR,28.0,2779.6301909669596,7.930432868393163,3.8449
1832,TRANSF_SALIENTE,56.0,5153.561685359199,8.547637365747633,4.0845
1833,PENSION,13.0,6399.851851851852,8.76418636234235,4.1686
1833,SERVICIOS_HOGAR,9.0,1116.0,7.018401799069201,3.4908
1834,SERVICIOS_HOGAR,60.0,7471.349353049907,8.9189647337742,4.2286
1835,RETIRO_TARJETA,13.0,582.6249222475637,6.369258520067813,3.2388
1835,SERVICIOS_HOGAR,44.0,5417.209205888452,8.597520635020365,4.1038
1835,TRANSF_SALIENTE,44.0,1305.4945054945056,7.175102879436712,3.5516
1836,SERVICIOS_HOGAR,30.0,5796.521739130435,8.665185818864861,4.1301
1836,TRANSF_SALIENTE,30.0,1465.2173913043478,7.290441160200757,3.5964
1837,SERVICIOS_HOGAR,62.0,5979.0729276762795,8.696188042133908,4.1422
1838,SERVICIOS_HOGAR,39.0,6316.304347826087,8.751047868909577,4.1635
1839,SERVICIOS_HOGAR,13.0,2197.213114754098,7.695400088750247,3.7536
1841,SERVICIOS_HOGAR,13.0,1981.7498658078368,7.5922399812836066,3.7136
1841,TRANSF_SALIENTE,13.0,180.73000536768654,5.202522098629771,2.7859
1843,INGRESO_TRANSF,71.0,19122.028169014084,9.858648551105558,4.5934
1843,RETIRO_TARJETA,2.0,76.05633802816901,4.344536817022511,2.4528
1843,SERVICIOS_HOGAR,67.0,6599.971830985915,8.794972164293801,4.1805
1844,INGRESO_TRANSF,72.0,3251.4834935227746,8.087174135361568,3.9057
1844,SERVICIOS_HOGAR,68.0,2046.9146120629612,7.624577291961575,3.7261
1845,SERVICIOS_HOGAR,10.0,7663.202933985331,8.944315798160437,4.2385
1846,INGRESO_TRANSF,42.0,3058.0508474576272,8.02585996626108,3.8819
1846,SERVICIOS_HOGAR,38.0,1844.5386064030133,7.520526441461769,3.6857
1847,PENSION,33.0,5697.993311036789,8.64804482612608,4.1235
1847,SERVICIOS_HOGAR,29.0,1600.3344481605352,7.378592590718368,3.6306
1848,SERVICIOS_HOGAR,49.0,3216.9565217391305,8.076501816503669,3.9016
1851,SERVICIOS_HOGAR,62.0,3362.1340466636943,8.120628570197677,3.9187
1852,INGRESO_TRANSF,66.0,3305.51085471383,8.103648789950348,3.9121
1852,SERVICIOS_HOGAR,61.0,2036.420221648702,7.619439689329398,3.7241
1854,SERVICIOS_HOGAR,19.0,3275.633187772926,8.094571707057607,3.9086
1855,PENSION,26.0,5148.238897396631,8.546604195822944,4.0841
1855,SERVICIOS_HOGAR,21.0,2329.134762633997,7.7536813829275335,3.7763
1856,INGRESO_TRANSF,54.0,3236.427127366293,8.082534196832855,3.9039
1856,SERVICIOS_HOGAR,49.0,652.9130674508363,6.4829744182348685,3.2829
1856,TRANSF_SALIENTE,50.0,1331.5566991361882,7.194854706081216,3.5593
1857,SERVICIOS_HOGAR,12.0,3136.9446135118687,8.051323282886052,3.8918
1857,TRANSF_SALIENTE,12.0,203.77358490566039,5.321904904893893,2.8322
1858,PENSION,46.0,6592.110368613925,8.793780499245278,4.18
1858,SERVICIOS_HOGAR,42.0,3407.8034059064453,8.134116601336356,3.9239
1859,PENSION,35.0,6863.6884306987395,8.834145931986225,4.1957
1859,SERVICIOS_HOGAR,30.0,2427.8350515463917,7.795167018728596,3.7924
1860,INGRESO_TRANSF,24.0,3265.886287625418,8.091592604636398,3.9074
1860,SERVICIOS_HOGAR,19.0,1723.6622073578594,7.452786488468333,3.6594
1861,SERVICIOS_HOGAR,62.0,1479.2784599060178,7.299985497645583,3.6001
1861,TRANSF_SALIENTE,62.0,1427.5882977110807,7.264442031248907,3.5863
1862,INGRESO_TRANSF,44.0,42677.44107744108,10.661449178915454,4.9051
1862,RETIRO_TARJETA,3.0,202.02020202020202,5.313305491431162,2.8289
1863,SEGURO,16.0,153.21581705574084,5.038353030808733,2.7221
1863,SERVICIOS_HOGAR,16.0,2569.6045736064793,7.851896392872487,3.8144
1863,TRANSF_SALIENTE,17.0,887.6607908527872,6.789715600105085,3.402
1865,PENSION,56.0,6264.949928469242,8.742885480492216,4.1603
1865,SERVICIOS_HOGAR,52.0,1780.758226037196,7.485355923201515,3.6721
1866,SERVICIOS_HOGAR,8.0,3006.5476190476193,8.008880281155779,3.8753
1867,RETIRO_TARJETA,4.0,250.5330490405117,5.527574388622309,2.912
1869,RETIRO_TARJETA,12.0,769.2307692307692,6.646690170246266,3.3465
1870,RETIRO_TARJETA,5.0,237.9634753735473,5.476310717548109,2.8921
1871,INGRESO_TRANSF,56.0,25217.695620961953,10.135340888156085,4.7009
1872,SERVICIOS_HOGAR,11.0,4193.393782383419,8.341504098895843,4.0045
1872,TRANSF_SALIENTE,10.0,88.73056994818653,4.496811513102861,2.5119
1874,INGRESO_TRANSF,69.0,3143.71023713129,8.053477030432441,3.8926
1874,SERVICIOS_HOGAR,66.0,2004.0485829959516,7.60342357036778,3.7179
1875,PENSION,64.0,4617.192600652884,8.43775869555252,4.0418
1875,SERVICIOS_HOGAR,59.0,2837.6496191512515,7.951083731861487,3.8529
1876,RETIRO_TARJETA,1.0,71.70795306388527,4.286450774207998,2.4302
1876,SERVICIOS_HOGAR,11.0,1670.0782268578878,7.4212243418969335,3.6472
1876,TRANSF_SALIENTE,10.0,471.3168187744459,6.157649986631039,3.1567
1877,PENSION,60.0,6422.911852096402,8.76778253387872,4.1699
1877,SERVICIOS_HOGAR,111.0,1678.4912512380324,7.426246199892029,3.6491
1879,INGRESO_TRANSF,56.0,3059.762675296656,8.02641940418425,3.8821
1879,SERVICIOS_HOGAR,51.0,831.6612729234089,6.724626924322385,3.3768
1879,TRANSF_SALIENTE,51.0,1026.0517799352751,6.934447627289788,3.4582
1881,SERVICIOS_HOGAR,11.0,1367.314702308627,7.221335117273318,3.5696
1881,TRANSF_SALIENTE,11.0,2432.563791008505,7.797112042617425,3.7931
1882,SEGURO,55.0,54.708222811671085,4.0201277628179275,2.3268
1882,SERVICIOS_HOGAR,55.0,1738.8096816976126,7.461531007891623,3.6628
1882,TRANSF_SALIENTE,55.0,1765.2519893899205,7.476615060333514,3.6687
1885,RETIRO_TARJETA,4.0,286.91392582225336,5.662661566793072,2.9645
1886,INGRESO_TRANSF,34.0,29578.15175671686,10.294825059610105,4.7628
1886,SERVICIOS_HOGAR,29.0,3594.390315913788,8.18740783614309,3.9446
1887,SERVICIOS_HOGAR,64.0,5297.594095940959,8.575196799434451,4.0952
1888,INGRESO_TRANSF,26.0,31228.723404255317,10.349125593505764,4.7839
1888,SEGURO,22.0,2732.446808510638,7.913318659031268,3.8382
1888,SERVICIOS_HOGAR,22.0,426.2917933130699,6.057467136551829,3.1178
1888,TRANSF_SALIENTE,22.0,2902.963525835866,7.973831815891934,3.8617
1889,PENSION,46.0,5743.608379649423,8.656017020796519,4.1266
1889,SERVICIOS_HOGAR,42.0,2961.00897819581,7.993623025949352,3.8694
1890,INGRESO_TRANSF,17.0,35895.10932105869,10.48838419314535,4.8379
1891,INGRESO_TRANSF,68.0,3717.7292576419213,8.221137291501421,3.9577
1891,SEGURO,63.0,268.68995633187774,5.5972729893034865,2.9391
1891,SERVICIOS_HOGAR,64.0,1899.5050946142649,7.5498749690962,3.6971
1891,TRANSF_SALIENTE,63.0,157.72925764192138,5.067199968712641,2.7333
1892,PENSION,65.0,4579.02758725804,8.429460300508875,4.0386
1892,SERVICIOS_HOGAR,61.0,2229.507696997409,7.7099845053569895,3.7593
1893,SERVICIOS_HOGAR,26.0,5567.381681988423,8.624859748872558,4.1145
1894,RETIRO_TARJETA,12.0,620.0997861724876,6.431491755292919,3.263
1895,INGRESO_TRANSF,30.0,19650.185622679717,9.885892952509248,4.604
1895,SERVICIOS_HOGAR,26.0,5098.211272359095,8.536841154273882,4.0803
1896,SERVICIOS_HOGAR,59.0,8883.32537788385,9.092043809499403,4.2958
1897,SEGURO,31.0,118.06908768821967,4.779703893455228,2.6217
1897,SERVICIOS_HOGAR,30.0,7491.585473870683,8.921669207049764,4.2297
1897,TRANSF_SALIENTE,30.0,1981.3994685562445,7.592063242793851,3.7135
1898,INGRESO_TRANSF,69.0,11160.313088853458,9.320208889305402,4.3844
1899,PENSION,26.0,4654.22153369481,8.445744779061013,4.0449
1899,SERVICIOS_HOGAR,22.0,2625.174283501162,7.873283421091971,3.8227
1900,RETIRO_TARJETA,4.0,243.6513383665065,5.499834088255654,2.9013
1900,SERVICIOS_HOGAR,25.0,6103.294440631435,8.71674780912585,4.1501
1901,SERVICIOS_HOGAR,33.0,5669.505271695052,8.643033505925185,4.1215
1902,INGRESO_TRANSF,65.0,12098.564447159437,9.400924734834431,4.4157
1903,INGRESO_TRANSF,30.0,4011.7213663764232,8.297224935106893,3.9873
1903,RETIRO_TARJETA,3.0,77.02612190221032,4.3570436668065655,2.4576
1903,SERVICIOS_HOGAR,25.0,1572.337575351641,7.360954486105934,3.6238
1903,TRANSF_SALIENTE,26.0,226.38981915606163,5.426665809672431,2.8729
1904,SEGURO,26.0,1866.47582697201,7.532342972865371,3.6903
1904,SERVICIOS_HOGAR,26.0,2473.473282442748,7.81378283717978,3.7996
1904,TRANSF_SALIENTE,26.0,485.43256997455467,6.187098289706521,3.1681
1905,SEGURO,26.0,59.9807753925024,4.110558657000789,2.3619
1905,SERVICIOS_HOGAR,26.0,2920.7305350849088,7.979931368716944,3.8641
1905,TRANSF_SALIENTE,26.0,2686.63889778917,7.896418353998699,3.8317
1906,SERVICIOS_HOGAR,24.0,6091.097308488613,8.714747687047137,4.1494
1906,TRANSF_SALIENTE,24.0,130.84886128364388,4.881656276308789,2.6613
1907,SERVICIOS_HOGAR,16.0,6168.52026390198,8.727376360862245,4.1543
1907,TRANSF_SALIENTE,17.0,475.8718190386428,6.167247731586367,3.1604
1908,PENSION,52.0,6433.966653741761,8.769501938003089,4.1706
1908,SERVICIOS_HOGAR,47.0,3274.8739821636295,8.094339977250067,3.9085
1909,INGRESO_TRANSF,71.0,3164.7017739907806,8.060130039538867,3.8952
1909,SEGURO,67.0,868.5011873166643,6.767919699309983,3.3936
1909,SERVICIOS_HOGAR,67.0,40.24305070540578,3.719482630840666,2.2101
1909,TRANSF_SALIENTE,67.0,1081.8829445453275,6.987382156713765,3.4788
1910,RETIRO_TARJETA,10.0,1299.0284274919036,7.170141410512007,3.5497
1910,SERVICIOS_HOGAR,23.0,704.3181000359842,6.558648906774375,3.3123
1910,TRANSF_SALIENTE,23.0,1933.3573227779777,7.567530417364247,3.704
1912,PENSION,64.0,6285.944521927785,8.746230464092145,4.1616
1912,SERVICIOS_HOGAR,60.0,3005.11390051139,8.008403460650092,3.8751
1913,INGRESO_TRANSF,31.0,3942.894224529526,8.279923896024526,3.9806
1913,SERVICIOS_HOGAR,26.0,2204.3478260869565,7.6986405196977525,3.7549
1914,RETIRO_TARJETA,25.0,1154.4164371955094,7.052216109657178,3.5039
1914,SERVICIOS_HOGAR,42.0,1146.748570218174,7.045557537402722,3.5014
1914,TRANSF_SALIENTE,42.0,1820.2075831391653,7.507255067266567,3.6806
1915,SERVICIOS_HOGAR,16.0,3151.7744287797764,8.056038115209669,3.8936
1915,TRANSF_SALIENTE,15.0,1561.98347107438,7.354351755237204,3.6212
1916,SERVICIOS_HOGAR,29.0,3592.6001160766104,8.18690979684505,3.9444
1917,PENSION,36.0,4342.622950819672,8.376464060153188,4.018
1917,SERVICIOS_HOGAR,32.0,2573.1147540983607,7.853260969174118,3.8149
1918,SERVICIOS_HOGAR,53.0,3954.2056074766356,8.282787865570247,3.9817
1919,RETIRO_TARJETA,28.0,1360.196359173655,7.216119267905024,3.5676
1919,SERVICIOS_HOGAR,44.0,4090.407036203723,8.316644208507723,3.9948
1919,TRANSF_SALIENTE,45.0,314.78830026590305,5.755072053212207,3.0004
1920,SERVICIOS_HOGAR,28.0,3051.2820512820513,8.023644803364354,3.8811
1921,INGRESO_TRANSF,18.0,3621.830209481808,8.195010825176915,3.9476
1921,SERVICIOS_HOGAR,14.0,1782.0286659316428,7.486068695093207,3.6724
1921,TRANSF_SALIENTE,14.0,95.70011025358323,4.5716145426197485,2.5409
1922,RETIRO_TARJETA,5.0,299.79821274142404,5.706439650373937,2.9815
1924,PENSION,31.0,5180.768010155506,8.552901591720751,4.0865
1924,RETIRO_TARJETA,1.0,9.52078705172961,2.353353019314271,1.6798
1924,SERVICIOS_HOGAR,26.0,1618.9146302761028,7.3901287294774445,3.6351
1925,PENSION,65.0,5846.195317313616,8.673717392323342,4.1334
1925,SERVICIOS_HOGAR,61.0,3626.9254467036353,8.196416261603718,3.9481
1926,SERVICIOS_HOGAR,67.0,2466.6527371500206,7.811022668946151,3.7985
1926,TRANSF_SALIENTE,67.0,336.9132191112968,5.82278911432613,3.0267
1927,INGRESO_TRANSF,41.0,3433.3740831295845,8.141589970623313,3.9268
1927,SERVICIOS_HOGAR,36.0,2009.4865525672371,7.606132037713735,3.719
1928,INGRESO_TRANSF,22.0,15182.984531392174,9.62799650210526,4.5039
1929,INGRESO_TRANSF,18.0,3894.6188340807175,8.267607824781363,3.9758
1929,RETIRO_TARJETA,6.0,448.4304932735426,6.10798121075046,3.1374
1929,SERVICIOS_HOGAR,13.0,1477.07399103139,7.298495161846034,3.5995
1930,PENSION,66.0,6506.198971877835,8.78066437715532,4.1749
1930,SERVICIOS_HOGAR,61.0,2972.5279709706683,7.997504395852252,3.8709
1931,SEGURO,56.0,1190.5943827563683,7.083047506793414,3.5159
1931,SERVICIOS_HOGAR,56.0,4478.902677988242,8.40735660150973,4.03
1931,TRANSF_SALIENTE,57.0,21.407576747224034,3.1093991493120865,1.9733
1932,INGRESO_TRANSF,33.0,13911.269744835965,9.540526445210435,4.4699
1933,PENSION,21.0,5733.301435406699,8.654221214891828,4.1259
1933,SERVICIOS_HOGAR,17.0,3094.1626794258377,8.037595745748941,3.8865
1934,SEGURO,49.0,693.6688950058985,6.543435321982007,3.3064
1934,SERVICIOS_HOGAR,47.0,1319.6224931183642,7.185858490114559,3.5558
1934,TRANSF_SALIENTE,94.0,4781.321274085725,8.472681329802871,4.0554
1935,INGRESO_TRANSF,28.0,53337.482468443195,10.884413347170872,4.9917
1936,INGRESO_TRANSF,41.0,3176.362759286059,8.063806810718106,3.8967
1936,SERVICIOS_HOGAR,37.0,1910.6849975880366,7.555740329823077,3.6994
1937,PENSION,67.0,4863.3358042994805,8.489685459975828,4.062
1937,SERVICIOS_HOGAR,63.0,2739.495922905856,7.915894176765982,3.8392
1938,SERVICIOS_HOGAR,50.0,6129.865338498432,8.721091183485989,4.1518
1939,INGRESO_TRANSF,32.0,53689.719049089224,10.890995435934297,4.9942
1939,SERVICIOS_HOGAR,27.0,2575.794998456314,7.854301657024852,3.8153
1939,TRANSF_SALIENTE,27.0,744.3964186477308,6.613916182429016,3.3338
1940,PENSION,60.0,4637.585005805275,8.442164643066457,4.0435
1940,SERVICIOS_HOGAR,56.0,2884.9892187759165,7.967623003628958,3.8593
1943,RETIRO_TARJETA,8.0,668.5236768802229,6.506566529524903,3.2921
1943,SEGURO,21.0,2259.6100278551535,7.723389979673163,3.7645
1943,SERVICIOS_HOGAR,21.0,2557.1030640668523,7.847021272205495,3.8125
1943,TRANSF_SALIENTE,42.0,3002.506963788301,8.007535872845311,3.8748
1944,RETIRO_TARJETA,45.0,1340.5129658495111,7.201553335006829,3.5619
1944,SERVICIOS_HOGAR,65.0,6208.941476548109,8.733906750816791,4.1568
1946,SERVICIOS_HOGAR,11.0,5399.0303813833225,8.594159858718635,4.1025
1947,PENSION,61.0,6793.181818181818,8.823821909943518,4.1917
1947,SERVICIOS_HOGAR,57.0,3190.5194805194806,8.06825240855324,3.8984
1948,SERVICIOS_HOGAR,32.0,714.0415140415141,6.5723406026050215,3.3176
1948,TRANSF_SALIENTE,32.0,6416.605616605617,8.766800370203267,4.1696
1949,SEGURO,51.0,39.21673819742489,3.6942832820360336,2.2003
1949,SERVICIOS_HOGAR,52.0,6405.150214592274,8.765013778940741,4.1689
1949,TRANSF_SALIENTE,103.0,550.4470672389127,6.312545854466027,3.2168
1950,SERVICIOS_HOGAR,13.0,5312.477928193055,8.578001876892962,4.0963
1951,SEGURO,13.0,1889.9940440738535,7.5448579190362866,3.6952
1951,SERVICIOS_HOGAR,12.0,506.7301965455629,6.229950197327775,3.1847
1951,TRANSF_SALIENTE,12.0,691.8403811792734,6.5407996424711925,3.3054
1953,RETIRO_TARJETA,1.0,35.80562659846547,3.605650730184808,2.1659
1954,INGRESO_TRANSF,31.0,3226.612641815235,8.079498022751672,3.9027
1954,SERVICIOS_HOGAR,26.0,1803.5656401944893,7.498075199256387,3.677
1955,INGRESO_TRANSF,47.0,2898.5137115344355,7.972298316235969,3.8611
1955,SERVICIOS_HOGAR,43.0,1767.88779568767,7.4781062640461995,3.6693
1956,SERVICIOS_HOGAR,15.0,3634.52566096423,8.198508990506744,3.9489
1957,INGRESO_TRANSF,27.0,3676.5328467153286,8.209997384241367,3.9534
1957,SERVICIOS_HOGAR,23.0,1338.8686131386862,7.200326838241249,3.5614
1957,TRANSF_SALIENTE,23.0,748.7591240875913,6.6197519870616945,3.336
1958,PENSION,50.0,5313.557634879555,8.578205057750575,4.0964
1958,SERVICIOS_HOGAR,45.0,2628.5088592474617,7.874552362199408,3.8232
1959,PENSION,60.0,6805.048156758552,8.82556693066887,4.1924
1959,SERVICIOS_HOGAR,112.0,2921.8199933576884,7.980304180374605,3.8642
1960,INGRESO_TRANSF,13.0,3255.0465838509313,8.08826903409961,3.9061
1960,SERVICIOS_HOGAR,8.0,1306.2111801242236,7.175651276795773,3.5519
1960,TRANSF_SALIENTE,8.0,29.19254658385093,3.4075950920609923,2.089
1961,PENSION,40.0,5756.803995006243,8.658311430128377,4.1274
1961,SERVICIOS_HOGAR,35.0,2003.8701622971287,7.603334580684809,3.7179
1962,INGRESO_TRANSF,34.0,50277.8947368421,10.825340680299528,4.9687
1962,SEGURO,29.0,1501.7251461988303,7.315035502903002,3.606
1962,SERVICIOS_HOGAR,29.0,652.9239766081871,6.482991100982006,3.283
1962,TRANSF_SALIENTE,29.0,1010.7602339181286,6.91944689877092,3.4524
1963,RETIRO_TARJETA,1.0,85.98452278589853,4.465730203816017,2.4998
1963,SERVICIOS_HOGAR,31.0,2821.0088850673546,7.945204280907928,3.8506
1964,PENSION,34.0,6433.468208092485,8.76942447607024,4.1706
1964,SERVICIOS_HOGAR,29.0,2043.4104046242774,7.622864716210208,3.7255
1965,SERVICIOS_HOGAR,66.0,8906.732673267326,9.094675018190465,4.2969
1966,SERVICIOS_HOGAR,66.0,5208.360493127392,8.558212381172693,4.0886
1967,SERVICIOS_HOGAR,35.0,10649.624060150376,9.273373766618041,4.3662
1968,SERVICIOS_HOGAR,6.0,5649.484536082474,8.639496579062095,4.1201
1969,SERVICIOS_HOGAR,52.0,4931.648235913639,8.503631290342026,4.0674
1970,RETIRO_TARJETA,25.0,821.3991769547325,6.712225893915785,3.3719
1970,SERVICIOS_HOGAR,56.0,1635.2921810699588,7.40018809600258,3.639
1970,TRANSF_SALIENTE,56.0,1766.1893004115227,7.477145597544529,3.6689
1971,SERVICIOS_HOGAR,36.0,5830.415647921761,8.671015071124105,4.1324
1972,PENSION,72.0,5303.893214682981,8.576384921662262,4.0956
1972,SERVICIOS_HOGAR,68.0,2586.874304783092,7.8585920859649105,3.817
1973,INGRESO_TRANSF,31.0,3010.567260940032,8.010215906931366,3.8758
1973,SERVICIOS_HOGAR,27.0,741.2965964343598,6.609748888951141,3.3322
1973,TRANSF_SALIENTE,27.0,1006.482982171799,6.915210402533565,3.4507
1975,SEGURO,47.0,1553.051371185786,7.34862058777232,3.619
1975,SERVICIOS_HOGAR,48.0,2433.371958285052,7.797444079573373,3.7932
1975,TRANSF_SALIENTE,95.0,2066.3383545770566,7.634017239839895,3.7298
1976,RETIRO_TARJETA,17.0,2153.6286522148916,7.675373668531373,3.7459
1976,SERVICIOS_HOGAR,16.0,2569.651272384543,7.851914559164718,3.8144
1976,TRANSF_SALIENTE,16.0,1626.3901979264845,7.394732905094906,3.6369
1978,INGRESO_TRANSF,66.0,36685.31353135314,10.510159036186606,4.8464
1978,SEGURO,62.0,331.11311131113115,5.805475607612814,3.0199
1978,SERVICIOS_HOGAR,62.0,6511.581158115812,8.781491147882754,4.1753
1978,TRANSF_SALIENTE,62.0,5487.548754875488,8.61041915618448,4.1089
1979,INGRESO_TRANSF,71.0,2994.847807874895,8.004982544907204,3.8738
1979,SERVICIOS_HOGAR,66.0,1855.962021781625,7.526697109760496,3.6881
1980,SERVICIOS_HOGAR,29.0,5953.178155774396,8.691848463159372,4.1405
1981,INGRESO_TRANSF,62.0,3237.832669322709,8.082968256621255,3.9041
1981,SERVICIOS_HOGAR,57.0,987.394422310757,6.896081830948752,3.4433
1981,TRANSF_SALIENTE,58.0,1013.9601593625498,6.922604638845956,3.4536
1982,SERVICIOS_HOGAR,14.0,2641.4560161779573,7.879464072829314,3.8251
1986,SERVICIOS_HOGAR,40.0,4855.043420173681,8.487979274250776,4.0613
1988,SERVICIOS_HOGAR,20.0,2223.9800166527893,7.707503213280363,3.7583
1989,PENSION,51.0,4193.686671862822,8.341573925256698,4.0045
1989,SERVICIOS_HOGAR,47.0,1815.1597817614966,7.504479540842222,3.6795
1990,INGRESO_TRANSF,67.0,3266.1621459613366,8.091677041823813,3.9075
1990,SERVICIOS_HOGAR,62.0,2014.3263899295669,7.60853644137735,3.7199
1991,SEGURO,21.0,281.2647289866457,5.642845385854746,2.9568
1991,SERVICIOS_HOGAR,21.0,2356.520031421838,7.765365511363068,3.7808
1991,TRANSF_SALIENTE,20.0,3387.274155538099,8.128075972078445,3.9216
1992,SERVICIOS_HOGAR,10.0,2739.907346128392,7.916044292786686,3.8393
1994,RETIRO_TARJETA,2.0,115.85807385952208,4.760960154528722,2.6144
1994,SEGURO,37.0,16.07530774800869,2.837633428603876,1.8678
1994,SERVICIOS_HOGAR,38.0,3633.9850349987933,8.198360273039969,3.9489
1994,TRANSF_SALIENTE,75.0,669.9493120926865,6.508693593272854,3.2929
1995,PENSION,17.0,5365.95988538682,8.588016897840497,4.1002
1995,SERVICIOS_HOGAR,13.0,2193.2378223495703,7.693590031656016,3.7529
1996,INGRESO_TRANSF,32.0,26391.56436890148,10.180837596769713,4.7185
1996,RETIRO_TARJETA,6.0,620.0818382121498,6.431462857811284,3.2629
1997,PENSION,28.0,7007.545813869925,8.854885513982643,4.2038
1997,SERVICIOS_HOGAR,47.0,1653.8627380524615,7.411473346638988,3.6434
1998,RETIRO_TARJETA,40.0,1274.450797472164,7.151054961747404,3.5423
1999,RETIRO_TARJETA,45.0,1479.8743079455335,7.300387940946736,3.6003
1999,SERVICIOS_HOGAR,62.0,2482.597635792309,7.817463447562562,3.801
1999,TRANSF_SALIENTE,61.0,3448.4213676492595,8.145961776436959,3.9285
2000,SEGURO,12.0,9.988109393579073,2.3968137239150926,1.6966
2000,SERVICIOS_HOGAR,13.0,2564.447086801427,7.849888045262454,3.8136
2000,TRANSF_SALIENTE,13.0,37.098692033293695,3.640179951708562,2.1793
2001,INGRESO_TRANSF,55.0,42325.816344939565,10.653176120314205,4.9019
2001,RETIRO_TARJETA,12.0,519.5742377773769,6.254932505699009,3.1944
2001,SERVICIOS_HOGAR,51.0,11523.074147573516,9.35219353037094,4.3968
2002,PENSION,68.0,5993.019197207678,8.698517450608831,4.1431
2002,SERVICIOS_HOGAR,64.0,3432.6934264107035,8.141391761528785,3.9268
2003,INGRESO_TRANSF,37.0,51229.73336924319,10.844094892060987,4.976
2004,RETIRO_TARJETA,11.0,924.5152354570638,6.830350593744145,3.4178
2004,SERVICIOS_HOGAR,25.0,4736.842105263158,8.463337058976258,4.0518
2005,INGRESO_TRANSF,19.0,3294.1056910569105,8.100193522615474,3.9108
2005,SEGURO,15.0,159.2987804878049,5.077039451899762,2.7371
2005,SERVICIOS_HOGAR,15.0,1466.4634146341464,7.291290620988858,3.5967
2005,TRANSF_SALIENTE,15.0,107.46951219512195,4.686469139901071,2.5855
2006,PENSION,18.0,5118.810810810811,8.540872766337335,4.0819
2006,SERVICIOS_HOGAR,26.0,2202.972972972973,7.698016907481181,3.7546
2008,SERVICIOS_HOGAR,64.0,507.3284671532847,6.231127827514372,3.1852
2008,TRANSF_SALIENTE,63.0,3361.5328467153286,8.120449792402257,3.9186
2009,RETIRO_TARJETA,9.0,452.5366802191975,6.117076148796389,3.1409
2009,SERVICIOS_HOGAR,51.0,2700.1060632844265,7.901416621175817,3.8336
2009,TRANSF_SALIENTE,51.0,1143.1500795474633,7.0424173517509105,3.5001
2010,PENSION,60.0,5803.393213572855,8.666370360429578,4.1306
2010,SERVICIOS_HOGAR,55.0,3545.9081836327346,8.173831568797967,3.9394
2011,INGRESO_TRANSF,69.0,3006.414331118174,8.008835962361887,3.8753
2011,SEGURO,65.0,11.268419531927188,2.5070284429225245,1.7394
2011,SERVICIOS_HOGAR,65.0,1620.7743426755274,7.391276102108788,3.6356
2011,TRANSF_SALIENTE,65.0,255.4175093903496,5.54680701206884,2.9195
2012,PENSION,32.0,6604.151404151405,8.795605139350997,4.1807
2012,SERVICIOS_HOGAR,28.0,3285.4700854700855,8.097569345416682,3.9098
2013,RETIRO_TARJETA,5.0,729.312762973352,6.5934728848164355,3.3258
2015,SERVICIOS_HOGAR,33.0,4024.065609034687,8.300296490101102,3.9885
2016,INGRESO_TRANSF,22.0,2923.0977037370553,7.980741234722178,3.8644
2016,SEGURO,18.0,127.23998199009455,4.853903367862225,2.6505
2016,SERVICIOS_HOGAR,18.0,600.5402971634398,6.3994935276236395,3.2505
2016,TRANSF_SALIENTE,18.0,866.3665015758667,6.765461611305585,3.3926
2017,SERVICIOS_HOGAR,29.0,1568.3673469387757,7.358427853397387,3.6228
2017,TRANSF_SALIENTE,29.0,689.9125364431487,6.538013240420806,3.3043
2018,SERVICIOS_HOGAR,39.0,2831.1582381729204,7.948794328313717,3.852
2019,INGRESO_TRANSF,19.0,3210.4501607717043,8.074477877589946,3.9008
2019,SEGURO,15.0,333.6012861736334,5.812939632459362,3.0228
2019,SERVICIOS_HOGAR,15.0,1143.0868167202573,7.042362057801822,3.5001
2019,TRANSF_SALIENTE,14.0,198.82100750267952,5.297422003343405,2.8227
2020,PENSION,64.0,5290.746829497417,8.573903683859442,4.0947
2020,SERVICIOS_HOGAR,60.0,2187.8816345702207,7.691146023228632,3.752
2022,PENSION,67.0,4675.727572757276,8.450353907741443,4.0467
2022,SERVICIOS_HOGAR,62.0,1807.1707170717073,7.500070959653666,3.6778
2023,SEGURO,66.0,976.1282159426403,6.884617877764594,3.4389
2023,SERVICIOS_HOGAR,67.0,1589.0482215661466,7.371519622783415,3.6279
2023,TRANSF_SALIENTE,133.0,5490.735273442992,8.610999563512513,4.1091
2024,SERVICIOS_HOGAR,18.0,5752.13830755232,8.657500777518573,4.1271
2025,SERVICIOS_HOGAR,46.0,6051.49136577708,8.708225262256397,4.1468
2026,SERVICIOS_HOGAR,22.0,1552.7061387577187,7.348398413147445,3.6189
2026,TRANSF_SALIENTE,22.0,2706.6472938612424,7.903835379560219,3.8345
2027,PENSION,49.0,5205.501222493887,8.5576633587714,4.0884
2027,SERVICIOS_HOGAR,44.0,3116.2184189079057,8.04469635075084,3.8892
2030,SERVICIOS_HOGAR,47.0,3940.965490500194,8.279434733361864,3.9804
2032,SEGURO,21.0,567.5675675675675,6.343120158489804,3.2287
2032,SERVICIOS_HOGAR,20.0,2250.6854680767724,7.719434311688414,3.763
2032,TRANSF_SALIENTE,41.0,1361.5746180963572,7.2171312906131275,3.568
2033,SERVICIOS_HOGAR,29.0,3713.1815458358296,8.219913622203135,3.9573
2034,RETIRO_TARJETA,17.0,1560.734463276836,7.353552318046196,3.6209
2034,SERVICIOS_HOGAR,24.0,7410.169491525424,8.910743531953692,4.2254
2035,INGRESO_TRANSF,31.0,31521.419558359623,10.358454303664027,4.7875
2035,SEGURO,27.0,103.05993690851736,4.64496704956289,2.5694
2035,SERVICIOS_HOGAR,27.0,7157.981072555205,8.876122941525558,4.212
2035,TRANSF_SALIENTE,54.0,860.2523659305994,6.758387569413325,3.3899
2037,SERVICIOS_HOGAR,64.0,718.8679245283018,6.579067757028128,3.3203
2037,TRANSF_SALIENTE,63.0,7926.076061320754,8.978039528012612,4.2516
2038,SERVICIOS_HOGAR,60.0,1462.5115705029314,7.288594012149838,3.5957
2038,TRANSF_SALIENTE,60.0,1908.670163529775,7.554685816876743,3.699
2039,RETIRO_TARJETA,50.0,881.5506101938262,6.78281613582464,3.3994
2040,RETIRO_TARJETA,2.0,139.1189135475323,4.94249144457051,2.6849
2040,SERVICIOS_HOGAR,25.0,4357.403113613779,8.379861010908646,4.0194
2041,RETIRO_TARJETA,2.0,171.8787300071616,5.152590366077025,2.7665
2042,INGRESO_TRANSF,22.0,3314.1338059370846,8.106253265587293,3.9131
2042,SERVICIOS_HOGAR,18.0,1003.2786885245902,6.912024839945714,3.4495
2042,TRANSF_SALIENTE,18.0,803.8989809481612,6.690716780038707,3.3636
2043,SERVICIOS_HOGAR,33.0,3880.366280635604,8.263942504817063,3.9743
2044,RETIRO_TARJETA,13.0,598.984771573604,6.396904274183391,3.2495
2044,SERVICIOS_HOGAR,44.0,7519.756345177665,8.925421989702455,4.2311
2045,PENSION,27.0,6150.541516245487,8.724457982440383,4.1531
2045,SERVICIOS_HOGAR,23.0,1275.379061371841,7.151782489828795,3.5426
2046,INGRESO_TRANSF,26.0,3057.0888468809076,8.02554543998484,3.8818
2046,SERVICIOS_HOGAR,21.0,338.22306238185257,5.826657892119035,3.0282
2046,TRANSF_SALIENTE,21.0,1307.6370510396976,7.1767414555299265,3.5523
2047,PENSION,46.0,4697.386044502053,8.454974333937862,4.0485
2047,SERVICIOS_HOGAR,42.0,2422.553467271549,7.792990117048071,3.7915
2048,SERVICIOS_HOGAR,17.0,2038.224121557455,7.620324681923611,3.7245
2048,TRANSF_SALIENTE,17.0,1183.3808167141501,7.076975399468568,3.5135
2049,SERVICIOS_HOGAR,7.0,2742.372881355932,7.9169434209462155,3.8396
2049,TRANSF_SALIENTE,7.0,585.8757062146892,6.374813053309516,3.241
2050,RETIRO_TARJETA,1.0,32.10788248515011,3.499771395577141,2.1248
2050,SEGURO,58.0,183.43233263766254,5.217282635435924,2.7916
2050,SERVICIOS_HOGAR,58.0,3318.5423021351744,8.107582191604202,3.9136
2050,TRANSF_SALIENTE,116.0,5533.6972226681655,8.618792141328203,4.1121
2051,RETIRO_TARJETA,2.0,294.03973509933775,5.687110042521221,2.974
2052,RETIRO_TARJETA,30.0,865.9397049390635,6.764969429885931,3.3924
2052,SEGURO,58.0,244.6119307248236,5.503752772962923,2.9028
2052,SERVICIOS_HOGAR,57.0,3910.295060936498,8.271623815769779,3.9773
2052,TRANSF_SALIENTE,57.0,65.81141757536882,4.2018739877240945,2.3974
2053,SERVICIOS_HOGAR,9.0,2738.509316770186,7.91553410187438,3.8391
2054,RETIRO_TARJETA,6.0,296.5473416649015,5.695573343972315,2.9773
2054,SEGURO,43.0,2552.1287862740946,7.8450748610432415,3.8117
2054,SERVICIOS_HOGAR,43.0,1355.3060792205042,7.2125201651679465,3.5662
2054,TRANSF_SALIENTE,42.0,3957.1277271764457,8.283526396277612,3.982
2055,SERVICIOS_HOGAR,15.0,5015.144113336591,8.520416812629023,4.0739
2057,RETIRO_TARJETA,1.0,59.88023952095808,4.108908647858406,2.3613
2057,SEGURO,14.0,586.0642351660315,6.375134243425497,3.2411
2057,SERVICIOS_HOGAR,14.0,2723.0266739248773,7.90986645941121,3.8369
2057,TRANSF_SALIENTE,27.0,764.1807294501905,6.640112053571762,3.344
2058,SEGURO,23.0,4.1516245487364625,1.639312111289498,1.4026
2058,SERVICIOS_HOGAR,23.0,2128.9530685920577,7.663855224935873,3.7414
2058,TRANSF_SALIENTE,46.0,110.4332129963899,4.713425424856582,2.596
2059,RETIRO_TARJETA,31.0,1057.919621749409,6.9650044425786435,3.4701
2060,SERVICIOS_HOGAR,20.0,6057.165861513688,8.709162370135083,4.1472
2061,SERVICIOS_HOGAR,62.0,1827.4648928307463,7.511232037421929,3.6821
2061,TRANSF_SALIENTE,62.0,618.6252771618625,6.429114903646448,3.262
2062,INGRESO_TRANSF,34.0,47119.14893617021,10.76045597910507,4.9435
2062,RETIRO_TARJETA,1.0,70.92198581560282,4.275582001233828,2.426
2062,SERVICIOS_HOGAR,29.0,91.69621749408982,4.529327668007813,2.5245
2062,TRANSF_SALIENTE,29.0,2687.4704491725765,7.896727704622495,3.8318
2063,PENSION,61.0,5896.599868593955,8.68230074519423,4.1368
2063,RETIRO_TARJETA,5.0,177.3981603153745,5.184017907959188,2.7787
2063,SERVICIOS_HOGAR,57.0,1443.7253613666228,7.2756745211446106,3.5907
2064,INGRESO_TRANSF,24.0,15084.762697751874,9.621506710325114,4.5014
2065,SERVICIOS_HOGAR,23.0,2517.7999288002848,7.8315378483472715,3.8065
2066,INGRESO_TRANSF,29.0,3786.726893676164,8.239521353944436,3.9649
2066,SERVICIOS_HOGAR,24.0,1933.8429464906185,7.567781437565526,3.7041
2068,INGRESO_TRANSF,67.0,3939.351851851852,8.279025300805218,3.9802
2068,SEGURO,63.0,985.0806451612904,6.89373814148243,3.4424
2068,SERVICIOS_HOGAR,63.0,161.82795698924733,5.0926941648034,2.7432
2068,TRANSF_SALIENTE,63.0,1321.9086021505377,7.187588077942119,3.5565
2069,RETIRO_TARJETA,3.0,216.94915254237287,5.38426179036472,2.8564
2069,SEGURO,10.0,1429.1525423728813,7.265536390552823,3.5868
2069,SERVICIOS_HOGAR,11.0,360.9491525423729,5.891503739369847,3.0533
2069,TRANSF_SALIENTE,20.0,1587.1186440677966,7.370305351905253,3.6274
2070,SERVICIOS_HOGAR,66.0,7518.963818105026,8.925316605510107,4.2311
2071,SERVICIOS_HOGAR,15.0,94.79271991911021,4.562186689595609,2.5373
2071,TRANSF_SALIENTE,15.0,2345.551061678463,7.760701895781201,3.779
2072,RETIRO_TARJETA,16.0,621.1975664425232,6.433257673241686,3.2636
2072,SERVICIOS_HOGAR,57.0,6156.292026897214,8.72539235384933,4.1535
2074,SERVICIOS_HOGAR,30.0,2052.906976744186,7.627499100633424,3.7273
2074,TRANSF_SALIENTE,30.0,2239.5348837209303,7.714469903719333,3.761
2075,INGRESO_TRANSF,36.0,3301.8343524180104,8.102536273487733,3.9117
2075,SEGURO,32.0,550.5280711506393,6.312692737036726,3.2168
2075,SERVICIOS_HOGAR,32.0,523.8465814341301,6.26310599404558,3.1976
2075,TRANSF_SALIENTE,32.0,882.2679266259033,6.7836285822415014,3.3997
2076,PENSION,27.0,6082.136347065257,8.713275688513901,4.1488
2076,SERVICIOS_HOGAR,45.0,1659.7156398104266,7.415003896769631,3.6448
2078,SERVICIOS_HOGAR,60.0,3282.347574882165,8.096618783016181,3.9094
2080,INGRESO_TRANSF,20.0,53867.328699106256,10.894297990487646,4.9955
2080,RETIRO_TARJETA,1.0,104.27010923535254,4.656529515931096,2.5739
2080,SERVICIOS_HOGAR,16.0,10826.613704071498,9.289854974448696,4.3726
2081,INGRESO_TRANSF,18.0,3047.078464106845,8.022266659292402,3.8805
2081,SERVICIOS_HOGAR,13.0,1467.111853088481,7.2917324004737925,3.5969
2082,SEGURO,53.0,4302.206572769953,8.367115738372338,4.0144
2082,SERVICIOS_HOGAR,57.0,733.2394366197183,6.598835183349049,3.3279
2082,TRANSF_SALIENTE,57.0,1589.5774647887324,7.371852414680141,3.628
2083,SERVICIOS_HOGAR,22.0,6730.8459549316585,8.81460467253725,4.1881
2084,RETIRO_TARJETA,8.0,620.2668589974757,6.431760714261907,3.2631
2084,SERVICIOS_HOGAR,23.0,3777.208799134511,8.237005313642413,3.9639
2085,SEGURO,17.0,3050.798580301686,8.023486394257214,3.881
2085,SERVICIOS_HOGAR,17.0,1601.9520851818988,7.379602261446596,3.631
2085,TRANSF_SALIENTE,18.0,243.56699201419698,5.499489267352972,2.9011
2086,INGRESO_TRANSF,28.0,49079.31034482759,10.801213222049102,4.9594
2086,RETIRO_TARJETA,8.0,717.5200278648555,6.577193579681539,3.3195
2088,SERVICIOS_HOGAR,61.0,3035.012285012285,8.018300184954068,3.879
2089,SERVICIOS_HOGAR,15.0,5297.074954296161,8.575098817390707,4.0951
2090,PENSION,25.0,5271.587743732591,8.570276553984508,4.0933
2090,SERVICIOS_HOGAR,21.0,2951.532033426184,7.990418397606627,3.8682
2092,SERVICIOS_HOGAR,48.0,6503.281027104137,8.780215858643537,4.1748
2093,RETIRO_TARJETA,1.0,56.14823133071309,4.045648441917884,2.3367
2094,INGRESO_TRANSF,28.0,3402.619469026549,8.132594694086716,3.9234
2094,SERVICIOS_HOGAR,23.0,1862.796460176991,7.530370794099291,3.6896
2095,RETIRO_TARJETA,14.0,851.6483516483516,6.7483472135468885,3.386
2096,SERVICIOS_HOGAR,38.0,3337.5235404896425,8.11328393449057,3.9159
2096,TRANSF_SALIENTE,37.0,4739.100753295669,8.463813670432767,4.0519
2097,RETIRO_TARJETA,2.0,102.38907849829351,4.638499332688135,2.5669
2099,RETIRO_TARJETA,1.0,46.0958234390278,3.852184322759951,2.2616
2101,INGRESO_TRANSF,29.0,3478.3933518005542,8.154613233377049,3.9319
2101,SEGURO,24.0,600.0,6.398594934535208,3.2502
2101,SERVICIOS_HOGAR,24.0,820.2216066481994,6.7107929958656225,3.3714
2101,TRANSF_SALIENTE,24.0,498.6149584487535,6.213837718653392,3.1785
2102,SERVICIOS_HOGAR,25.0,4906.412478336221,8.498502091724895,4.0654
2102,TRANSF_SALIENTE,24.0,1526.5164644714037,7.331398469692344,3.6123
2103,SERVICIOS_HOGAR,19.0,1227.9982555604013,7.1139546901674695,3.5279
2103,TRANSF_SALIENTE,18.0,1735.630178805059,7.459701835573589,3.6621
2104,RETIRO_TARJETA,4.0,280.86218158066623,5.641418233677591,2.9562
2104,SERVICIOS_HOGAR,25.0,5655.617243631613,8.64058133239146,4.1206
2105,PENSION,34.0,4754.356846473029,8.46702701874051,4.0532
2105,SERVICIOS_HOGAR,29.0,1328.8085358624776,7.192790252854715,3.5585
2106,SERVICIOS_HOGAR,31.0,3075.171624713959,8.031441123839532,3.8841
2107,SERVICIOS_HOGAR,21.0,5227.520435967303,8.561883617602737,4.09
2107,TRANSF_SALIENTE,20.0,516.1541455819385,6.248340983999627,3.1919
2108,SERVICIOS_HOGAR,26.0,5206.972846128059,8.557945969997713,4.0885
2110,INGRESO_TRANSF,70.0,3066.799601196411,8.028715841317394,3.883
2110,SERVICIOS_HOGAR,66.0,1927.0759151118077,7.564277849453306,3.7027
2111,RETIRO_TARJETA,8.0,521.4073760067826,6.2584476973242245,3.1958
2112,SERVICIOS_HOGAR,25.0,4039.8245021937228,8.304204034834163,3.99
2114,SERVICIOS_HOGAR,24.0,4273.926701570681,8.36052223539245,4.0118
2114,TRANSF_SALIENTE,24.0,1459.2670157068064,7.286374585450923,3.5948
2115,INGRESO_TRANSF,25.0,2928.743961352657,7.982670312988932,3.8652
2115,SERVICIOS_HOGAR,21.0,1640.0966183574878,7.403119967088424,3.6402
2116,RETIRO_TARJETA,3.0,206.44354081951832,5.334859210210833,2.8372
2116,SERVICIOS_HOGAR,28.0,1144.6981545198623,7.043769472109998,3.5007
2116,TRANSF_SALIENTE,28.0,2983.922427275571,8.00132903797665,3.8724
2117,SERVICIOS_HOGAR,24.0,6492.842251563586,8.77860966095469,4.1742
2118,RETIRO_TARJETA,2.0,177.84552845528455,5.1865224637446445,2.7796
2118,SERVICIOS_HOGAR,16.0,8025.20325203252,8.990466874706623,4.2564
2119,SERVICIOS_HOGAR,35.0,5061.784897025172,8.529671985786951,4.0775
2121,SERVICIOS_HOGAR,44.0,2364.3807574206753,7.768694284762652,3.7821
2121,TRANSF_SALIENTE,45.0,3115.4554759467756,8.044451569590386,3.8891
2122,SERVICIOS_HOGAR,68.0,7265.53262688232,8.891034514097061,4.2178
2123,INGRESO_TRANSF,65.0,3203.1297944154644,8.072195817484923,3.8999
2123,SERVICIOS_HOGAR,60.0,1970.8499539736113,7.586727444019047,3.7114
2124,RETIRO_TARJETA,33.0,958.6118617550846,6.8665288920344985,3.4318
2124,SERVICIOS_HOGAR,66.0,4887.811122173232,8.494704428609461,4.0639
2124,TRANSF_SALIENTE,65.0,265.32498933295403,5.584717327444521,2.9342
2125,SERVICIOS_HOGAR,10.0,2417.5412293853074,7.790919839620442,3.7907
2126,INGRESO_TRANSF,23.0,45305.38156153506,10.72120317487248,4.9283
2126,RETIRO_TARJETA,2.0,92.63343625937361,4.539387544687197,2.5284
2127,INGRESO_TRANSF,19.0,2879.3417721518986,7.965664236975235,3.8586
2127,SERVICIOS_HOGAR,15.0,1515.1898734177216,7.32395580467741,3.6094
2128,PENSION,61.0,5452.60382333553,8.604031921114695,4.1064
2128,SERVICIOS_HOGAR,56.0,3323.269611074489,8.10900526311762,3.9142
2131,PENSION,30.0,6154.701718907988,8.7251340400662,4.1534
2131,SERVICIOS_HOGAR,50.0,2963.431075160094,7.994440412804642,3.8697
2133,PENSION,15.0,4360.960757780785,8.380676950338893,4.0197
2133,SERVICIOS_HOGAR,11.0,1594.9255751014887,7.375209144780517,3.6293
2134,SERVICIOS_HOGAR,25.0,2705.6577577230128,7.903469853000551,3.8344
2134,TRANSF_SALIENTE,25.0,556.2304755293301,6.322978934468367,3.2208
2135,SERVICIOS_HOGAR,13.0,1929.5774647887324,7.565574441699923,3.7032
2135,TRANSF_SALIENTE,14.0,3110.1841820151676,8.042758698621608,3.8885
2137,INGRESO_TRANSF,64.0,21118.383493639467,9.957946546752073,4.632
2138,RETIRO_TARJETA,3.0,570.2280912364946,6.347788589151711,3.2305
2138,SERVICIOS_HOGAR,12.0,7050.180072028811,8.8609502679022,4.2061
2139,INGRESO_TRANSF,43.0,31152.71408516612,10.346688749376572,4.7829
2139,SEGURO,38.0,5579.0828263921385,8.626958898704645,4.1153
2139,SERVICIOS_HOGAR,38.0,1915.1146467009826,7.558054793223443,3.7003
2139,TRANSF_SALIENTE,38.0,4211.651848385587,8.345847621105438,4.0061
2140,INGRESO_TRANSF,62.0,3460.1412066752246,8.149353642189153,3.9299
2140,SERVICIOS_HOGAR,57.0,2120.121951219512,7.6597004499506935,3.7398
2141,SERVICIOS_HOGAR,15.0,4402.025316455696,8.390047155558824,4.0233
2142,SERVICIOS_HOGAR,11.0,6728.115216030056,8.814198945352635,4.188
2143,RETIRO_TARJETA,10.0,609.8931984260821,6.414922145899326,3.2565
2143,SERVICIOS_HOGAR,31.0,6328.9488476672295,8.753047434168325,4.1642
2146,SERVICIOS_HOGAR,63.0,2261.4418187256956,7.724199959763077,3.7648
2146,TRANSF_SALIENTE,63.0,3043.5237810349986,8.021099774164451,3.8801
2147,SERVICIOS_HOGAR,25.0,2495.7912457912457,7.822761684779022,3.8031
2148,INGRESO_TRANSF,39.0,3529.7531178416903,8.169266475002438,3.9376
2148,SERVICIOS_HOGAR,34.0,1991.1936879613133,7.5969916663300365,3.7154
2148,TRANSF_SALIENTE,34.0,59.70984983456351,4.106105955651612,2.3602
2149,PENSION,28.0,5397.6963350785345,8.593912783976103,4.1024
2149,SERVICIOS_HOGAR,24.0,2124.3979057591623,7.661714313598485,3.7406
2150,INGRESO_TRANSF,64.0,3401.729287847823,8.132333120307411,3.9233
2150,SERVICIOS_HOGAR,59.0,1872.677252004402,7.53565822384891,3.6916
2151,SEGURO,42.0,200.4708904109589,5.3056449064889994,2.8259
2151,SERVICIOS_HOGAR,43.0,4865.111301369863,8.490050396359697,4.0621
2151,TRANSF_SALIENTE,42.0,1103.039383561644,7.006730899716738,3.4863
2152,PENSION,14.0,4791.023842917251,8.474708115349946,4.0562
2152,SERVICIOS_HOGAR,9.0,2013.9551192145864,7.608352200790092,3.7198
2153,INGRESO_TRANSF,36.0,33546.841811067636,10.420727812791755,4.8116
2153,SEGURO,31.0,1926.0201229737283,7.5637301110031885,3.7025
2153,SERVICIOS_HOGAR,32.0,1553.4935718278368,7.348905094287837,3.6191
2153,TRANSF_SALIENTE,32.0,9214.5332588038,9.128645736992143,4.31
2154,INGRESO_TRANSF,56.0,3169.7550585729496,8.061725027333146,3.8958
2154,SERVICIOS_HOGAR,51.0,1924.4941427050053,7.56293791128981,3.7022
2155,INGRESO_TRANSF,55.0,3418.294686872375,8.137189576879264,3.9251
2155,SERVICIOS_HOGAR,50.0,670.987767025744,6.510240136526719,3.2935
2155,TRANSF_SALIENTE,51.0,1428.4097133467226,7.265016850164163,3.5865
2156,RETIRO_TARJETA,4.0,271.4440825190011,5.607433391281402,2.943
2156,SERVICIOS_HOGAR,23.0,8258.523344191097,9.019122158335543,4.2675
2157,SERVICIOS_HOGAR,33.0,7949.721854304636,8.981018002809973,4.2527
2159,SERVICIOS_HOGAR,32.0,994.3301834352419,6.903074524759483,3.446
2159,TRANSF_SALIENTE,32.0,6760.200111172874,8.818955684518794,4.1898
2160,SERVICIOS_HOGAR,21.0,4979.111457521434,8.513207550796647,4.0711
2161,SERVICIOS_HOGAR,52.0,2399.866711096301,7.783585080767888,3.7879
2161,TRANSF_SALIENTE,52.0,925.291569476841,6.831189054930474,3.4181
2162,SERVICIOS_HOGAR,12.0,7634.560480841472,8.940571624367886,4.237
2163,SERVICIOS_HOGAR,44.0,2210.117056856187,7.701253122403186,3.7559
2163,TRANSF_SALIENTE,43.0,2508.6329431438126,7.827891783640731,3.8051
2164,RETIRO_TARJETA,2.0,144.92753623188406,4.983110171318356,2.7007
2164,SERVICIOS_HOGAR,23.0,6293.333333333333,8.747405036713468,4.162
2165,INGRESO_TRANSF,21.0,21769.21965317919,9.988298243896534,4.6438
2165,SERVICIOS_HOGAR,16.0,9628.516377649325,9.172588283141607,4.3271
2166,SEGURO,16.0,4081.822588463403,8.314543839105252,3.994
2166,SERVICIOS_HOGAR,15.0,190.49927290353855,5.25488401176513,2.8062
2166,TRANSF_SALIENTE,15.0,720.5525933107126,6.5814052699587995,3.3212
2167,RETIRO_TARJETA,15.0,572.8844966028412,6.3524281506404225,3.2323
2167,SERVICIOS_HOGAR,60.0,5486.720197652871,8.610268183713275,4.1088
2169,SERVICIOS_HOGAR,14.0,4920.518602029313,8.501372420810027,4.0665
2169,TRANSF_SALIENTE,14.0,690.5298759864713,6.538906354779577,3.3047
2170,INGRESO_TRANSF,55.0,53956.61194299116,10.895954053282155,4.9961
2170,RETIRO_TARJETA,2.0,64.94677972217211,4.188848048891116,2.3923
2170,SEGURO,51.0,5530.597149558002,8.61823186828883,4.1119
2170,SERVICIOS_HOGAR,51.0,4451.3440375248065,8.401185986481776,4.0276
2170,TRANSF_SALIENTE,51.0,1350.6765289554394,7.2091009742459855,3.5648
2172,PENSION,16.0,5142.498430634024,8.545488755454683,4.0837
2172,SERVICIOS_HOGAR,11.0,2356.748273697426,7.76546232124153,3.7808
2173,PENSION,20.0,5921.921921921922,8.6865851740057,4.1384
2173,SERVICIOS_HOGAR,15.0,1464.7147147147148,7.290098262359756,3.5963
2174,SERVICIOS_HOGAR,6.0,1841.3211524947294,7.518781551506637,3.6851
2176,SERVICIOS_HOGAR,64.0,1039.0543169235373,6.9470282185826875,3.4631
2176,TRANSF_SALIENTE,56.0,4302.857997905133,8.367267108245557,4.0145
2177,PENSION,72.0,5133.695198329854,8.543775762924165,4.083
2177,SERVICIOS_HOGAR,68.0,2998.2463465553237,8.006116318274874,3.8743
2178,SERVICIOS_HOGAR,39.0,7125.826446280991,8.871621315624195,4.2103
2179,SEGURO,39.0,157.2316479086175,5.064060085317483,2.7321
2179,SERVICIOS_HOGAR,39.0,1563.1446329581722,7.355094393145553,3.6215
2179,TRANSF_SALIENTE,78.0,2442.3315975138585,7.801117795781445,3.7947
2182,SERVICIOS_HOGAR,13.0,3877.891156462585,8.26330460735631,3.9741
2184,RETIRO_TARJETA,3.0,333.16506814740035,5.811635086902371,3.0223
2184,SERVICIOS_HOGAR,15.0,2396.516910651186,7.782188860184725,3.7873
2185,PENSION,47.0,5220.45981860367,8.560532300515804,4.0895
2185,SERVICIOS_HOGAR,42.0,1775.3216620966043,7.48230002319797,3.6709
2186,PENSION,66.0,5507.855948943929,8.614112248817888,4.1103
2186,SERVICIOS_HOGAR,62.0,2150.8281416198147,7.674073058250615,3.7454
2189,RETIRO_TARJETA,12.0,404.099560761347,6.004132865935895,3.0971
2189,SEGURO,63.0,2585.4904831625186,7.858057210009976,3.8168
2189,SERVICIOS_HOGAR,63.0,1336.5592972181553,7.198601812156137,3.5608
2189,TRANSF_SALIENTE,64.0,659.6778916544656,6.4932664164727445,3.2869
2190,SEGURO,24.0,2162.1761658031087,7.679332867760537,3.7474
2190,SERVICIOS_HOGAR,24.0,2836.0103626943005,7.950506087496682,3.8527
2190,TRANSF_SALIENTE,24.0,1158.0310880829015,7.055339666174927,3.5051
2191,SERVICIOS_HOGAR,25.0,5880.0,8.679482094459956,4.1357
2192,SEGURO,28.0,1200.3602521765235,7.0912097372812095,3.5191
2192,SERVICIOS_HOGAR,28.0,4827.499249474632,8.482290983970413,4.0591
2192,TRANSF_SALIENTE,28.0,5.884118883218252,1.9292171476973083,1.5151
2193,SERVICIOS_HOGAR,21.0,2777.2885283893393,7.929590379832224,3.8445
2194,SERVICIOS_HOGAR,18.0,7630.8943089430895,8.940091364623308,4.2368
2195,RETIRO_TARJETA,26.0,1274.6256895193067,7.151192074098452,3.5424
2196,PENSION,17.0,5444.927536231884,8.602623367275163,4.1058
2196,SERVICIOS_HOGAR,12.0,1502.608695652174,7.315623294895017,3.6062
2197,RETIRO_TARJETA,2.0,267.7532013969732,5.593793491545707,2.9378
2197,SERVICIOS_HOGAR,13.0,6450.058207217695,8.77199945946746,4.1716
2199,INGRESO_TRANSF,65.0,3753.3518261673603,8.230670933097908,3.9614
2199,SERVICIOS_HOGAR,60.0,617.6606564956079,6.427556909914697,3.2614
2199,TRANSF_SALIENTE,60.0,1692.0943134535366,7.4343130884690085,3.6523
2200,RETIRO_TARJETA,3.0,154.10016510731975,5.044071134703652,2.7243
2201,INGRESO_TRANSF,63.0,3151.503579952267,8.05595220342995,3.8936
2201,SEGURO,59.0,326.68257756563247,5.792045388486207,3.0147
2201,SERVICIOS_HOGAR,58.0,1252.283214001591,7.133521958087738,3.5355
2201,TRANSF_SALIENTE,58.0,360.8273667462212,5.891167210637413,3.0532
2203,PENSION,45.0,6699.39879759519,8.809922325636824,4.1863
2203,SERVICIOS_HOGAR,42.0,2169.6726786907147,7.682792388677529,3.7487
2204,SERVICIOS_HOGAR,13.0,2957.5373993095513,7.992450303344792,3.869
2205,PENSION,32.0,5563.424363301626,8.624148819599672,4.1142
2205,SERVICIOS_HOGAR,27.0,2520.220926664621,7.832498557883986,3.8069
2206,SERVICIOS_HOGAR,36.0,3475.313190862196,8.153727583264928,3.9316
2208,INGRESO_TRANSF,18.0,3194.32387312187,8.069443730413411,3.8988
2208,SERVICIOS_HOGAR,13.0,1538.0077907623818,7.3388931960498365,3.6152
2209,SERVICIOS_HOGAR,26.0,5366.830294530155,8.588179063869017,4.1002
2209,TRANSF_SALIENTE,26.0,1292.7068723702664,7.165266921092066,3.5478
2210,PENSION,29.0,5861.896431070679,8.676399031972897,4.1345
2210,SERVICIOS_HOGAR,24.0,2143.8768369489153,7.670837411041768,3.7441
2211,INGRESO_TRANSF,13.0,49906.730065837604,10.817931180881148,4.9658
2211,SERVICIOS_HOGAR,9.0,5176.810534016094,8.552137569069627,4.0862
2212,PENSION,35.0,5330.924855491329,8.581467588080635,4.0976
2212,SERVICIOS_HOGAR,31.0,2872.4277456647396,7.963260932569792,3.8576
2213,SERVICIOS_HOGAR,61.0,5826.020097442143,8.670261016157573,4.1321
2215,PENSION,14.0,6477.178423236514,8.776194642302965,4.1732
2215,SERVICIOS_HOGAR,9.0,1461.4107883817426,7.287841577848374,3.5954
2216,SERVICIOS_HOGAR,64.0,4845.567401781802,8.486025981146758,4.0606
2218,INGRESO_TRANSF,49.0,44525.106469276005,10.703830958366241,4.9216
2218,RETIRO_TARJETA,5.0,302.16994524437234,5.714293523671523,2.9845
2219,RETIRO_TARJETA,28.0,1756.6016073478759,7.471705435582884,3.6668
2220,PENSION,70.0,6097.253680634201,8.715757727311681,4.1498
2220,SERVICIOS_HOGAR,66.0,2600.19818799547,7.863727459391444,3.819
2221,INGRESO_TRANSF,13.0,3141.185185185185,8.052673755711849,3.8923
2221,SERVICIOS_HOGAR,9.0,970.0,6.878326468291325,3.4364
2221,TRANSF_SALIENTE,8.0,426.0740740740741,6.056957473766787,3.1176
2223,PENSION,36.0,4415.625,8.393131108739494,4.0245
2223,SERVICIOS_HOGAR,32.0,2616.0714285714284,7.86981119622394,3.8213
2224,INGRESO_TRANSF,21.0,24543.893480257117,10.108259106709141,4.6903
2225,PENSION,35.0,4245.315161839864,8.353806865095022,4.0092
2225,SERVICIOS_HOGAR,30.0,1657.580919931857,7.4137176482320495,3.6443
2226,SERVICIOS_HOGAR,29.0,33.691548068544876,3.5464960857727803,2.143
2226,TRANSF_SALIENTE,29.0,6773.685739180947,8.820948259311322,4.1906
2227,RETIRO_TARJETA,1.0,54.220133742996566,4.011327628501911,2.3234
2227,SERVICIOS_HOGAR,47.0,11370.721127778783,9.338884949763449,4.3917
2228,SERVICIOS_HOGAR,46.0,3704.5098380637296,8.217576136377426,3.9563
2229,SERVICIOS_HOGAR,19.0,7900.21645021645,8.974772007641306,4.2503
2230,PENSION,34.0,5195.7262489171235,8.555784138792736,4.0876
2230,SERVICIOS_HOGAR,30.0,2262.7779382038693,7.724790350680327,3.765
2231,SERVICIOS_HOGAR,9.0,1349.0721649484535,7.207913325521153,3.5644
2231,TRANSF_SALIENTE,9.0,885.1546391752577,6.78689147169058,3.4009
2232,SERVICIOS_HOGAR,28.0,4328.553459119496,8.373219688454423,4.0168
2233,PENSION,36.0,5907.769423558898,8.684192869355506,4.1375
2233,SERVICIOS_HOGAR,31.0,1750.7101086048456,7.4683477946807155,3.6655
2234,INGRESO_TRANSF,25.0,3138.3399209486165,8.051767840545361,3.892
2234,SEGURO,21.0,673.1620553359684,6.513470520195608,3.2948
2234,SERVICIOS_HOGAR,21.0,1035.0592885375495,6.943179649500048,3.4616
2234,TRANSF_SALIENTE,21.0,48.972332015810274,3.9114694925843776,2.2846
2235,SERVICIOS_HOGAR,34.0,3310.3628295484205,8.105115114614563,3.9127
2236,SERVICIOS_HOGAR,20.0,7240.348692403487,8.887562751512293,4.2164
2237,RETIRO_TARJETA,2.0,101.09289617486338,4.625883145618417,2.562
2237,SEGURO,33.0,1190.1639344262294,7.082686204237702,3.5158
2237,SERVICIOS_HOGAR,32.0,4263.169398907104,8.358002692755221,4.0109
2237,TRANSF_SALIENTE,32.0,779.0163934426229,6.65931493669691,3.3514
2239,SERVICIOS_HOGAR,44.0,6764.632107023411,8.819610974085139,4.1901
2239,TRANSF_SALIENTE,44.0,372.4916387959866,5.922895618233911,3.0655
2240,RETIRO_TARJETA,7.0,537.714712471994,6.289186140380921,3.2077
2241,SEGURO,65.0,14.71004243281471,2.754300153270547,1.8354
2241,SERVICIOS_HOGAR,66.0,6109.9009900990095,8.71782950284892,4.1506
2241,TRANSF_SALIENTE,66.0,424.7524752475247,6.0538581333779815,3.1164
2242,INGRESO_TRANSF,70.0,47126.80353578557,10.76061841445632,4.9436
2242,RETIRO_TARJETA,10.0,577.4165953806672,6.36029436230824,3.2353
2242,SERVICIOS_HOGAR,65.0,5132.164242942686,8.543477559504598,4.0829
2243,SERVICIOS_HOGAR,31.0,3423.906871095968,8.13882955940576,3.9258
2243,TRANSF_SALIENTE,30.0,465.92844974446336,6.1461760333920346,3.1522
2244,PENSION,41.0,6816.509775524982,8.827249548605769,4.193
2244,SERVICIOS_HOGAR,37.0,1509.2927830074825,7.320058807045009,3.6079
2247,SEGURO,31.0,626.8487266032524,6.442299256246649,3.2672
2247,SERVICIOS_HOGAR,31.0,563.1175207118747,6.33526259984855,3.2256
2247,TRANSF_SALIENTE,62.0,2278.152807609696,7.731559077287382,3.7677
2250,RETIRO_TARJETA,23.0,729.8562893589536,6.594216845838336,3.3261
2250,SERVICIOS_HOGAR,57.0,3849.0876796383013,8.255851200954535,3.9712
2252,INGRESO_TRANSF,27.0,3274.403874813711,8.094196461019802,3.9085
2252,SERVICIOS_HOGAR,23.0,545.8643815201192,6.304200840274448,3.2135
2252,TRANSF_SALIENTE,23.0,1258.8301043219076,7.138732153014329,3.5375
2253,PENSION,65.0,6004.904214559387,8.70049830012429,4.1438
2253,SERVICIOS_HOGAR,61.0,2752.245210727969,7.9205355715458445,3.841
2254,SERVICIOS_HOGAR,30.0,8206.099815157117,9.012754889753525,4.2651
2254,TRANSF_SALIENTE,30.0,1375.2310536044363,7.22710392126052,3.5718
2255,INGRESO_TRANSF,38.0,3079.8029556650245,8.03294554188255,3.8847
2255,SERVICIOS_HOGAR,33.0,1783.0438164376458,7.486637873621778,3.6726
2256,PENSION,71.0,4744.3690829447505,8.464924491569045,4.0524
2256,SERVICIOS_HOGAR,66.0,2939.5506570580756,7.98635214111366,3.8666
2257,INGRESO_TRANSF,60.0,3356.100795755968,8.118833022074694,3.918
2257,SERVICIOS_HOGAR,56.0,1861.4058355437667,7.529624390878304,3.6893
2258,PENSION,25.0,6502.540054708871,8.780101931431377,4.1747
2258,SERVICIOS_HOGAR,21.0,1807.0339976553341,7.499995344788235,3.6778
2259,PENSION,55.0,4394.8551897823345,8.388417373621136,4.0227
2259,SERVICIOS_HOGAR,51.0,2311.926605504587,7.746268930428633,3.7734
2260,SERVICIOS_HOGAR,45.0,4709.854014598541,8.457624490021752,4.0495
2261,SERVICIOS_HOGAR,14.0,6325.176275404397,8.75245126870095,4.164
2262,RETIRO_TARJETA,3.0,343.61233480176213,5.842420118002733,3.0343
2263,RETIRO_TARJETA,3.0,175.38644470868013,5.172677296564934,2.7743
2263,SERVICIOS_HOGAR,28.0,6597.978596908442,8.79467015799408,4.1804
2264,PENSION,25.0,4717.933491686461,8.459338097896715,4.0502
2264,SERVICIOS_HOGAR,20.0,1433.0958036421218,7.26828982760448,3.5878
2265,SERVICIOS_HOGAR,33.0,9743.52711284807,9.184461084632684,4.3317
2267,SERVICIOS_HOGAR,40.0,2448.2960077896787,7.80355591848833,3.7956
2268,SERVICIOS_HOGAR,42.0,5172.972972972973,8.551396139109018,4.0859
2269,SERVICIOS_HOGAR,57.0,4221.096023278371,8.348086971702068,4.007
2270,PENSION,21.0,5213.3608815427,8.559171806049692,4.089
2270,SERVICIOS_HOGAR,17.0,2813.0394857667584,7.942376269475944,3.8495
2271,INGRESO_TRANSF,61.0,3019.782361539711,8.013271136931126,3.877
2271,SERVICIOS_HOGAR,56.0,1848.17281143414,7.522493689125893,3.6865
2272,SERVICIOS_HOGAR,10.0,2702.3728813559323,7.902255487689186,3.8339
2275,SERVICIOS_HOGAR,23.0,5468.256279577721,8.606897922658023,4.1075
2276,PENSION,62.0,4771.680847648097,8.470663448574589,4.0546
2276,SERVICIOS_HOGAR,58.0,1503.772676192005,7.316397120054825,3.6065
2278,SERVICIOS_HOGAR,25.0,990.1418194396402,6.898857631497397,3.4444
2278,TRANSF_SALIENTE,25.0,6379.28052576963,8.760967344928572,4.1673
2279,INGRESO_TRANSF,26.0,43087.35588009224,10.671008074395573,4.9088
2279,RETIRO_TARJETA,2.0,253.6510376633359,5.539894128183242,2.9168
2280,SERVICIOS_HOGAR,35.0,5914.896245059289,8.685398285654465,4.138
2281,SERVICIOS_HOGAR,37.0,5083.833773720874,8.534017618414595,4.0792
2282,INGRESO_TRANSF,63.0,49778.121059268604,10.815350919262462,4.9648
2282,RETIRO_TARJETA,18.0,759.7730138713746,6.6343350398757055,3.3417
2282,SERVICIOS_HOGAR,58.0,4300.63051702396,8.366749419812864,4.0143
2286,INGRESO_TRANSF,25.0,11404.838709677419,9.341880670785134,4.3928
2286,SERVICIOS_HOGAR,20.0,961.2903225806451,6.869316195760447,3.4329
2286,TRANSF_SALIENTE,20.0,1700.8064516129032,7.439445584460629,3.6543
2287,RETIRO_TARJETA,6.0,352.6136715125271,5.8682049937958345,3.0443
2287,SERVICIOS_HOGAR,28.0,5434.580884627281,8.600721672340491,4.1051
2288,SERVICIOS_HOGAR,31.0,4662.062256809339,8.447427647954308,4.0456
2289,SERVICIOS_HOGAR,29.0,4553.711919550428,8.423917562809368,4.0365
2290,PENSION,26.0,6230.89802130898,8.737436223698626,4.1582
2290,SERVICIOS_HOGAR,21.0,3168.37899543379,8.061290947186246,3.8957
2291,PENSION,29.0,6531.468771448181,8.784540216893204,4.1765
2291,SERVICIOS_HOGAR,24.0,3150.308853809197,8.055573154665435,3.8935
2292,INGRESO_TRANSF,42.0,2987.59800427655,8.00255966152836,3.8729
2292,SEGURO,38.0,132.71560940841053,4.895715226795153,2.6667
2292,SERVICIOS_HOGAR,37.0,1429.3656450463293,7.265685386405938,3.5868
2292,TRANSF_SALIENTE,37.0,196.03231171299595,5.283367734136063,2.8172
2293,PENSION,70.0,6693.3654664020405,8.809021476397188,4.186
2293,SERVICIOS_HOGAR,65.0,2148.8517153388148,7.673154149133342,3.745
2294,SERVICIOS_HOGAR,23.0,3764.7189349112427,8.23369407417261,3.9626
2296,SERVICIOS_HOGAR,10.0,2553.1453362255966,7.84547294030844,3.8119
2297,SEGURO,37.0,600.5418138987043,6.399496049039676,3.2505
2297,SERVICIOS_HOGAR,37.0,713.851590106007,6.57207495486384,3.3175
2297,TRANSF_SALIENTE,38.0,1299.7879858657243,7.17072550279281,3.5499
2298,RETIRO_TARJETA,6.0,206.24810433727632,5.3339166472294295,2.8369
2298,SERVICIOS_HOGAR,61.0,4209.129511677283,8.345248689071973,4.0059
2301,RETIRO_TARJETA,24.0,1302.3255813953488,7.172674416515109,3.5507
2301,SERVICIOS_HOGAR,34.0,6068.165374677003,8.710976374546332,4.1479
2302,SERVICIOS_HOGAR,59.0,1843.1129260248154,7.519753641951234,3.6854
2302,TRANSF_SALIENTE,59.0,1703.1883147479189,7.440844214632828,3.6548
2303,SERVICIOS_HOGAR,21.0,6576.666666666667,8.791435351501317,4.1791
2305,INGRESO_TRANSF,60.0,3504.0395713107996,8.161957089365245,3.9348
2305,SERVICIOS_HOGAR,38.0,1475.6801319043693,7.297551693000627,3.5992
2306,SERVICIOS_HOGAR,56.0,1086.8148148148148,6.99192620595736,3.4805
2306,TRANSF_SALIENTE,56.0,3305.61316872428,8.10367973266671,3.9121
2307,PENSION,42.0,5231.349015842536,8.562615598833133,4.0903
2307,SERVICIOS_HOGAR,74.0,3072.0835333653386,8.030436744763096,3.8837
2309,SERVICIOS_HOGAR,33.0,7688.3834281072295,8.94759588088565,4.2398
2310,SERVICIOS_HOGAR,37.0,4696.669080376539,8.454821724333645,4.0485
2311,SERVICIOS_HOGAR,10.0,4724.113968033356,8.460646959855655,4.0507
2312,PENSION,15.0,5287.128712871287,8.573219721793405,4.0944
2312,SERVICIOS_HOGAR,11.0,2462.838283828383,7.8094756909364085,3.7979
2313,INGRESO_TRANSF,68.0,12491.545189504373,9.432887360542566,4.4282
2313,SERVICIOS_HOGAR,64.0,5062.157434402333,8.529745566568895,4.0775
2313,TRANSF_SALIENTE,64.0,1251.0787172011662,7.13256042284748,3.5351
2315,PENSION,58.0,4397.301451750641,8.388973711683128,4.0229
2315,SERVICIOS_HOGAR,54.0,1542.9888983774551,7.34212454038883,3.6165
2316,INGRESO_TRANSF,17.0,3125.6484149855905,8.047716915890472,3.8904
2316,SERVICIOS_HOGAR,13.0,1581.7291066282419,7.366905918659957,3.6261
2316,TRANSF_SALIENTE,25.0,10.778097982708934,2.4662417036174182,1.7236
2317,PENSION,16.0,5260.124223602484,8.568100013617505,4.0924
2317,SERVICIOS_HOGAR,24.0,1998.2608695652173,7.600532826018637,3.7168
2318,SEGURO,58.0,614.4824234569902,6.422406388688721,3.2594
2318,SERVICIOS_HOGAR,58.0,2894.832334359307,7.97102785623543,3.8606
2318,TRANSF_SALIENTE,116.0,5113.170257573303,8.539770447743823,4.0814
2319,SERVICIOS_HOGAR,20.0,6348.464619492656,8.756125776441369,4.1654
2321,RETIRO_TARJETA,5.0,207.06996006507913,5.337874369616252,2.8384
2322,SEGURO,45.0,956.7076987273107,6.864542615262424,3.4311
2322,SERVICIOS_HOGAR,44.0,3083.580221155852,8.034170856142863,3.8851
2322,TRANSF_SALIENTE,91.0,2194.909242645525,7.694351473289731,3.7532
2323,SERVICIOS_HOGAR,39.0,5740.899748801096,8.655545401246306,4.1264
2324,SERVICIOS_HOGAR,15.0,3234.5454545454545,8.081952803091408,3.9037
2325,SEGURO,18.0,1848.0325644504749,7.522417843157658,3.6865
2325,SERVICIOS_HOGAR,18.0,1086.0244233378562,6.991199355440879,3.4802
2325,TRANSF_SALIENTE,17.0,1656.9425599276346,7.413332690901893,3.6441
2326,SERVICIOS_HOGAR,56.0,3237.027027027027,8.082719481030116,3.904
2327,INGRESO_TRANSF,66.0,16829.703415218693,9.730960081630448,4.5439
2327,SERVICIOS_HOGAR,62.0,12266.267225883761,9.414689792922307,4.4211
2328,PENSION,42.0,6672.851103804604,8.805952349174017,4.1848
2328,RETIRO_TARJETA,14.0,988.7271019257868,6.8974292505085,3.4438
2328,SERVICIOS_HOGAR,37.0,1604.0864255519023,7.380932881810271,3.6316
2329,SERVICIOS_HOGAR,24.0,3669.2147324530924,8.208005449542163,3.9526
2330,INGRESO_TRANSF,71.0,3377.8727578475336,8.12529742925697,3.9205
2330,SERVICIOS_HOGAR,67.0,1560.4540358744396,7.353372740410568,3.6209
2330,TRANSF_SALIENTE,67.0,564.2797085201794,6.337320667972752,3.2264
2331,INGRESO_TRANSF,44.0,3106.645497845316,8.041620643799735,3.888
2331,SERVICIOS_HOGAR,40.0,605.1258788841006,6.407087685429168,3.2535
2331,TRANSF_SALIENTE,40.0,1277.3871626219097,7.153354533207766,3.5432
2332,RETIRO_TARJETA,1.0,102.94117647058823,4.64382512826348,2.569
2332,SERVICIOS_HOGAR,23.0,3313.8602941176473,8.106170758177644,3.9131
2334,INGRESO_TRANSF,33.0,13014.307093684527,9.473881412515995,4.4441
2334,SERVICIOS_HOGAR,29.0,9293.714456749478,9.13720117959217,4.3134
2335,SEGURO,28.0,412.8914563697172,6.025603756767584,3.1054
2335,SERVICIOS_HOGAR,29.0,1795.1961082395865,7.493426434571317,3.6752
2335,TRANSF_SALIENTE,57.0,2369.3827911219214,7.7708067363283115,3.7829
2336,SERVICIOS_HOGAR,61.0,2836.2171202675995,7.950578963522188,3.8527
2337,SERVICIOS_HOGAR,13.0,2162.7737226277372,7.679609070094206,3.7475
2337,TRANSF_SALIENTE,13.0,676.6423357664235,6.518619620380245,3.2968
2339,PENSION,27.0,5834.653465346535,8.671741529083684,4.1327
2339,SERVICIOS_HOGAR,23.0,3283.4250091675835,8.096946880337242,3.9095
2341,INGRESO_TRANSF,37.0,3055.3105673568166,8.02496377056688,3.8816
2341,SERVICIOS_HOGAR,32.0,1362.0865824146276,7.217506953093993,3.5681
2341,TRANSF_SALIENTE,32.0,399.24710943802097,5.99208212995948,3.0924
2342,INGRESO_TRANSF,70.0,3219.4050991501417,8.077262437814879,3.9019
2342,SERVICIOS_HOGAR,66.0,2023.00283286119,7.612832430041352,3.7216
2343,SERVICIOS_HOGAR,44.0,4265.435139573071,8.358533895604685,4.0111
2344,PENSION,30.0,4934.579439252337,8.504225359210599,4.0676
2344,SERVICIOS_HOGAR,52.0,2621.6955941255005,7.871957920568587,3.8222
2345,INGRESO_TRANSF,62.0,21674.111593503778,9.983919950124706,4.6421
2345,SERVICIOS_HOGAR,58.0,3368.644476603956,8.122562521224564,3.9195
2346,SEGURO,18.0,3949.0084985835692,8.281473009432997,3.9812
2346,SERVICIOS_HOGAR,21.0,220.77431539187913,5.401660267452857,2.8632
2346,TRANSF_SALIENTE,42.0,3606.4841045011017,8.190765884401618,3.9459
2347,PENSION,28.0,6493.361884368309,8.778689677067705,4.1742
2347,SERVICIOS_HOGAR,24.0,2978.1584582441114,7.9993961430556535,3.8716
2348,SERVICIOS_HOGAR,30.0,2633.074935400517,7.876287331177413,3.8239
2348,TRANSF_SALIENTE,30.0,2884.58225667528,7.96748198065002,3.8593
2349,PENSION,27.0,6064.495114006515,8.710371452672197,4.1477
2349,SERVICIOS_HOGAR,23.0,1658.1976112920738,7.414089397799729,3.6444
2350,SERVICIOS_HOGAR,21.0,418.1094182825485,6.038132027316431,3.1103
2350,TRANSF_SALIENTE,21.0,3826.9736842105262,8.250090877996062,3.969
2351,SERVICIOS_HOGAR,11.0,6410.609911054637,8.765865674551055,4.1692
2352,SEGURO,42.0,3.551046290424857,1.5153571604670335,1.3544
2352,SERVICIOS_HOGAR,43.0,5072.563939970408,8.531798796373618,4.0783
2352,TRANSF_SALIENTE,43.0,30.902557598816315,3.4626861820883974,2.1104
2353,SERVICIOS_HOGAR,35.0,6880.752606153064,8.836628637753286,4.1967
2353,TRANSF_SALIENTE,35.0,1751.3348588863464,7.46870438273476,3.6656
2354,RETIRO_TARJETA,1.0,125.63983248022338,4.841347092768845,2.6456
2354,SERVICIOS_HOGAR,16.0,6753.652861796185,8.81798685925828,4.1894
2355,INGRESO_TRANSF,48.0,46255.031315240085,10.741947141254343,4.9364
2357,PENSION,72.0,6447.432150313153,8.771592302770872,4.1714
2357,SERVICIOS_HOGAR,67.0,3607.835768963118,8.191140497639813,3.9461
2358,SERVICIOS_HOGAR,35.0,5405.152816367769,8.595292994355429,4.103
2359,SERVICIOS_HOGAR,25.0,2636.9631383158608,7.8777623598346205,3.8244
2360,SERVICIOS_HOGAR,23.0,6199.857752489331,8.732442908639793,4.1562
2361,SERVICIOS_HOGAR,53.0,4204.45399828031,8.344137532876447,4.0055
2362,INGRESO_TRANSF,24.0,3386.178184845962,8.127752459891616,3.9215
2362,SERVICIOS_HOGAR,19.0,1786.8859283930058,7.488789155260337,3.6734
2363,PENSION,51.0,6868.28115770821,8.834814744764802,4.196
2363,SERVICIOS_HOGAR,92.0,1923.6857649143533,7.562517994391417,3.702
2364,PENSION,44.0,5904.367606915377,8.683616980193435,4.1373
2364,SERVICIOS_HOGAR,39.0,1803.616924476797,7.498103618036203,3.677
2365,PENSION,50.0,5126.328453980349,8.542340033312827,4.0824
2365,SERVICIOS_HOGAR,46.0,2823.4609985963507,7.946072828419442,3.8509
2366,PENSION,19.0,5123.529411764706,8.541793977696011,4.0822
2366,SERVICIOS_HOGAR,29.0,1256.295149638803,7.136717985832053,3.5367
2367,SERVICIOS_HOGAR,41.0,4999.8040496407575,8.517353988415858,4.0727
2367,TRANSF_SALIENTE,42.0,3363.291966035271,8.120972808657031,3.9188
2369,SERVICIOS_HOGAR,12.0,5026.0769672601955,8.522593974349228,4.0748
2369,TRANSF_SALIENTE,12.0,142.67662263067203,4.967565098087971,2.6946
2370,RETIRO_TARJETA,9.0,1542.056074766355,7.341520193093856,3.6162
2370,SERVICIOS_HOGAR,10.0,6506.675567423231,8.780737615747697,4.175
2371,SEGURO,3.0,228.68162692847125,5.436694119245015,2.8768
2371,SERVICIOS_HOGAR,3.0,2631.8373071528754,7.875817367671881,3.8237
2371,TRANSF_SALIENTE,6.0,228.68162692847125,5.436694119245015,2.8768
2372,INGRESO_TRANSF,18.0,3339.665407447382,8.113925289914965,3.9161
2372,SEGURO,13.0,75.06745817593092,4.331620554173708,2.4478
2372,SERVICIOS_HOGAR,14.0,81.59740960604425,4.413978319333532,2.4797
2372,TRANSF_SALIENTE,26.0,1457.1505666486778,7.2849241765430595,3.5943
2373,PENSION,27.0,4804.881656804734,8.477595791940956,4.0573
2373,SERVICIOS_HOGAR,22.0,1933.9497041420118,7.5678366124346,3.7041
2374,INGRESO_TRANSF,37.0,3516.005434782609,8.165365177762128,3.9361
2374,SERVICIOS_HOGAR,33.0,2090.2989130434785,7.6455406414087275,3.7343
2375,SERVICIOS_HOGAR,51.0,256.28602305475505,5.550188396221691,2.9208
2375,TRANSF_SALIENTE,50.0,6323.847262247838,8.752241165042935,4.1639
2376,SERVICIOS_HOGAR,20.0,3608.80195599022,8.191408189985566,3.9462
2377,PENSION,49.0,4341.609519967729,8.376230718284903,4.0179
2377,SERVICIOS_HOGAR,88.0,1736.748688987495,7.4603456975492906,3.6624
2378,SERVICIOS_HOGAR,71.0,9485.086865879082,9.157581463667272,4.3213
2379,SEGURO,67.0,43.0086519676249,3.7843862502158485,2.2353
2379,SERVICIOS_HOGAR,66.0,2938.0407479765563,7.985838530894617,3.8664
2379,TRANSF_SALIENTE,66.0,133.5473067262071,4.901915860073333,2.6692
2380,SERVICIOS_HOGAR,18.0,3428.804347826087,8.14025849708294,3.9263
2381,SERVICIOS_HOGAR,17.0,7057.941437444543,8.862050381206439,4.2065
2382,PENSION,57.0,6031.406817788545,8.70490135068093,4.1455
2382,SERVICIOS_HOGAR,53.0,2864.146046028725,7.960374603775868,3.8565
2383,SEGURO,25.0,120.45060658578855,4.7995076499666975,2.6294
2383,SERVICIOS_HOGAR,24.0,1578.0935875216637,7.3646062826206204,3.6252
2383,TRANSF_SALIENTE,24.0,2773.518197573657,7.928232388610425,3.844
2384,INGRESO_TRANSF,48.0,51618.566100290096,10.851656067586175,4.9789
2385,RETIRO_TARJETA,3.0,247.15574735190273,5.514056562562756,2.9068
2386,SERVICIOS_HOGAR,20.0,1671.0310965630113,7.421794391894552,3.6474
2386,TRANSF_SALIENTE,19.0,1397.0130932896889,7.2428072884792885,3.5779
2387,PENSION,30.0,5071.970947507429,8.531681910664313,4.0783
2387,SERVICIOS_HOGAR,25.0,2817.761637504127,7.944052931847034,3.8502
2388,INGRESO_TRANSF,66.0,3453.798891053499,8.147519526418902,3.9292
2388,SERVICIOS_HOGAR,62.0,2162.9851640941106,7.67970678416381,3.7475
2389,SERVICIOS_HOGAR,27.0,3412.730210016155,8.13556087563194,3.9245
2390,SERVICIOS_HOGAR,27.0,1721.4450867052021,7.451500122382656,3.6589
2390,TRANSF_SALIENTE,26.0,8614.56647398844,9.061325901180856,4.2839
2391,SERVICIOS_HOGAR,9.0,3241.1764705882356,8.084000133444768,3.9045
2392,RETIRO_TARJETA,1.0,5.141388174807198,1.8150508037073632,1.4708
2393,SERVICIOS_HOGAR,67.0,4007.8606271777003,8.296262347053831,3.9869
2394,SEGURO,10.0,484.62484624846246,6.185436404516379,3.1674
2394,SERVICIOS_HOGAR,10.0,1925.5842558425582,7.563503898299349,3.7024
2394,TRANSF_SALIENTE,10.0,111.9311193111931,4.726778069235146,2.6012
2395,SERVICIOS_HOGAR,25.0,3056.5663248428714,8.025374559833937,3.8817
2396,PENSION,70.0,4188.638952164009,8.340369840268824,4.004
2396,SERVICIOS_HOGAR,66.0,2394.1913439635537,7.781218399749162,3.7869
2397,SERVICIOS_HOGAR,25.0,2547.4631751227494,7.843245780047584,3.811
2397,TRANSF_SALIENTE,25.0,13.09328968903437,2.64569877552457,1.7933
2400,PENSION,30.0,4276.867627785059,8.361209946616883,4.0121
2400,SERVICIOS_HOGAR,25.0,1343.3813892529488,7.203689252593089,3.5627
2401,PENSION,52.0,6829.672225416906,8.829178370183875,4.1938
2401,SERVICIOS_HOGAR,48.0,2559.63197239793,7.848009371225593,3.8129
2402,PENSION,14.0,7043.623188405797,8.860019936515647,4.2058
2402,SERVICIOS_HOGAR,9.0,1554.782608695652,7.349733983342572,3.6194
2403,SERVICIOS_HOGAR,30.0,2648.7037576463736,7.882203123163943,3.8262
2404,SERVICIOS_HOGAR,14.0,4073.806998939555,8.312578662329916,3.9932
2405,SERVICIOS_HOGAR,17.0,4932.925724637682,8.503890243193602,4.0675
2406,PENSION,33.0,4735.514860402282,8.463056882733296,4.0516
2406,SERVICIOS_HOGAR,29.0,2773.7616331432,7.928320124524679,3.8441
2407,SERVICIOS_HOGAR,24.0,5964.826175869121,8.69380282885894,4.1412
2408,SERVICIOS_HOGAR,20.0,2502.695976773123,7.82552330982188,3.8041
2408,TRANSF_SALIENTE,20.0,43.9651596847781,3.8058879606729294,2.2437
2409,RETIRO_TARJETA,1.0,75.23148148148148,4.333774520174206,2.4486
2409,SERVICIOS_HOGAR,30.0,4364.583333333333,8.381507098138266,4.02
2410,PENSION,67.0,6043.66134751773,8.706930739563598,4.1463
2410,RETIRO_TARJETA,2.0,32.50591016548463,3.5117218461206274,2.1295
2410,SERVICIOS_HOGAR,62.0,3123.817966903073,8.047131309882854,3.8902
2413,SERVICIOS_HOGAR,10.0,4563.3404104741685,8.426029294194032,4.0373
2414,INGRESO_TRANSF,47.0,2925.348248205994,7.981510593023557,3.8647
2414,SERVICIOS_HOGAR,42.0,412.1992401857324,6.023929898390289,3.1047
2414,TRANSF_SALIENTE,42.0,1330.5614183199662,7.194107531354988,3.559
2415,SERVICIOS_HOGAR,17.0,5626.630434782609,8.635443750616696,4.1186
2416,SERVICIOS_HOGAR,31.0,8288.652482269503,9.022763327138424,4.2689
2417,SERVICIOS_HOGAR,60.0,1229.6457426973275,7.115294304668161,3.5284
2417,TRANSF_SALIENTE,60.0,1718.1479179614669,7.449584050524064,3.6582
2418,RETIRO_TARJETA,4.0,395.3934740882917,5.982407339374534,3.0886
2420,INGRESO_TRANSF,30.0,3579.330904272938,8.183210506484388,3.943
2420,SERVICIOS_HOGAR,26.0,2067.770785028155,7.6347098862184195,3.7301
2421,INGRESO_TRANSF,47.0,3413.518052057095,8.135791635268731,3.9246
2421,RETIRO_TARJETA,1.0,4.198152812762385,1.6483033341639322,1.406
2421,SEGURO,42.0,320.0251889168766,5.771519590197428,3.0067
2421,SERVICIOS_HOGAR,42.0,1361.2090680100755,7.216862975671036,3.5679
2421,TRANSF_SALIENTE,42.0,193.95465994962217,5.272767018449529,2.8131
2422,PENSION,16.0,6087.367766023646,8.71413530606518,4.1491
2422,SERVICIOS_HOGAR,12.0,2097.573117610454,7.649012924964102,3.7356
2423,PENSION,70.0,5629.981562898879,8.636039051034887,4.1188
2423,SERVICIOS_HOGAR,130.0,2591.334562473408,7.860314124171022,3.8177
2424,RETIRO_TARJETA,1.0,36.26943005181347,3.6181734209624707,2.1708
2424,SERVICIOS_HOGAR,34.0,12453.160621761657,9.429810032551867,4.427
2425,SERVICIOS_HOGAR,66.0,5500.154429313491,8.612713245434245,4.1097
2427,SEGURO,55.0,2052.7490039840636,7.6274221843770755,3.7272
2427,SERVICIOS_HOGAR,55.0,4817.211155378486,8.48015800856949,4.0583
2427,TRANSF_SALIENTE,55.0,760.796812749004,6.635679870193541,3.3422
2429,SERVICIOS_HOGAR,66.0,6328.613819415007,8.752994505285848,4.1642
2429,TRANSF_SALIENTE,66.0,344.1288681644765,5.8439178781975825,3.0349
2431,SEGURO,42.0,2094.09474367294,7.647354055043911,3.735
2431,SERVICIOS_HOGAR,41.0,1102.37940731127,7.00613293772351,3.486
2431,TRANSF_SALIENTE,42.0,214.40622972096043,5.372525685942693,2.8519
2432,PENSION,32.0,5802.0351526364475,8.666136361838372,4.1305
2432,SERVICIOS_HOGAR,27.0,2126.3644773358,7.662639157988864,3.7409
2433,PENSION,70.0,4695.19476826841,8.454507836003136,4.0483
2433,SERVICIOS_HOGAR,66.0,1648.5925504691497,7.408283597290538,3.6422
2434,SERVICIOS_HOGAR,67.0,2765.9943582510577,7.925516940844138,3.843
2435,SERVICIOS_HOGAR,57.0,7271.271788250484,8.891824009780805,4.2181
2437,INGRESO_TRANSF,37.0,2999.1056910569105,8.006402797381975,3.8744
2437,SERVICIOS_HOGAR,32.0,568.8888888888889,6.345441410053049,3.2296
2437,TRANSF_SALIENTE,32.0,1160.3252032520325,7.05731704863572,3.5059
2438,SERVICIOS_HOGAR,8.0,3454.7884187082404,8.14780590661125,3.9293
2438,TRANSF_SALIENTE,8.0,418.7082405345211,6.039559804491614,3.1108
2439,PENSION,28.0,6325.9622113365995,8.752575496525381,4.164
2439,SERVICIOS_HOGAR,23.0,1686.7739678096573,7.431165760863752,3.6511
2440,SEGURO,7.0,693.2367149758454,6.542812990211012,3.3062
2440,SERVICIOS_HOGAR,7.0,3505.072463768116,8.162251733769619,3.9349
2440,TRANSF_SALIENTE,7.0,372.54428341384863,5.923036560901817,3.0656
2441,RETIRO_TARJETA,2.0,144.15156507413508,4.977778472872964,2.6986
2441,SEGURO,20.0,646.6227347611202,6.473308327365655,3.2792
2441,SERVICIOS_HOGAR,20.0,3887.149917627677,8.265688723897565,3.975
2441,TRANSF_SALIENTE,20.0,403.6243822075782,6.002959185418127,3.0966
2442,INGRESO_TRANSF,16.0,3099.081445192897,8.039183662770988,3.8871
2442,SERVICIOS_HOGAR,11.0,363.74770361298226,5.899205891599615,3.0563
2442,TRANSF_SALIENTE,11.0,1056.2155541947338,6.963393895254078,3.4695
2443,SERVICIOS_HOGAR,14.0,5410.769230769231,8.596331348095013,4.1034
2444,INGRESO_TRANSF,16.0,32532.022828154724,10.390010939470972,4.7997
2444,RETIRO_TARJETA,6.0,1414.0773620798986,7.254939481430817,3.5826
2446,SERVICIOS_HOGAR,43.0,5771.982304613441,8.660944089858495,4.1285
2447,SERVICIOS_HOGAR,13.0,5110.52332195677,8.539252744831044,4.0812
2448,INGRESO_TRANSF,19.0,3272.8658536585367,8.093726783865796,3.9083
2448,SERVICIOS_HOGAR,14.0,759.0447154471544,6.633377267664278,3.3413
2448,TRANSF_SALIENTE,14.0,848.678861788618,6.7448584684358615,3.3846
2450,RETIRO_TARJETA,7.0,550.6271030896299,6.312872280117463,3.2169
2450,SERVICIOS_HOGAR,28.0,1246.252676659529,7.128698552787775,3.5336
2450,TRANSF_SALIENTE,28.0,6779.4432548179875,8.821797755614282,4.1909
2451,SERVICIOS_HOGAR,16.0,5535.82461385152,8.619176441019059,4.1123
2452,PENSION,17.0,5379.465301478954,8.590530136679769,4.1011
2452,SERVICIOS_HOGAR,13.0,2398.8623435722416,7.783166657846171,3.7877
2453,INGRESO_TRANSF,70.0,3295.3568357695613,8.100573148448916,3.9109
2453,SERVICIOS_HOGAR,65.0,2039.9828030954427,7.62118673704943,3.7248
2455,PENSION,23.0,6278.787878787879,8.745091481628704,4.1611
2455,SERVICIOS_HOGAR,18.0,2578.6561264822135,7.8554113847233005,3.8158
2456,INGRESO_TRANSF,40.0,27514.95468277946,10.22252128570384,4.7347
2456,SERVICIOS_HOGAR,35.0,8418.680765357503,9.038327192664596,4.275
2457,SERVICIOS_HOGAR,57.0,3545.967872789226,8.173848397159787,3.9394
2458,INGRESO_TRANSF,69.0,27935.048139100443,10.237673181830157,4.7406
2459,PENSION,16.0,5155.328653477984,8.547980103974501,4.0846
2459,SERVICIOS_HOGAR,11.0,1383.5992342054883,7.233166015163813,3.5742
2460,RETIRO_TARJETA,3.0,143.6265709156194,4.974155047447032,2.6972
2463,SERVICIOS_HOGAR,46.0,2793.9597315436245,7.935572978166495,3.8469
2464,SERVICIOS_HOGAR,64.0,5389.116264968925,8.592322234165565,4.1018
2464,TRANSF_SALIENTE,64.0,4541.215704107928,8.421170212534744,4.0354
2465,PENSION,27.0,6045.542707944797,8.707241934450993,4.1464
2465,SERVICIOS_HOGAR,44.0,2978.739276389407,7.999591084527382,3.8717
2466,RETIRO_TARJETA,2.0,251.57232704402514,5.531697651436953,2.9136
2466,SERVICIOS_HOGAR,17.0,30.43057571359458,3.447781167968938,2.1046
2466,TRANSF_SALIENTE,17.0,3070.1983551040153,8.029823108099057,3.8835
2467,RETIRO_TARJETA,27.0,864.5103592189596,6.763319343601781,3.3918
2467,SERVICIOS_HOGAR,62.0,4927.470561931733,8.502783988059702,4.0671
2468,INGRESO_TRANSF,29.0,3077.331081081081,8.03214287231832,3.8844
2468,SERVICIOS_HOGAR,25.0,1768.581081081081,7.478498120200048,3.6694
2469,INGRESO_TRANSF,34.0,3250.6459948320417,8.08691660706455,3.9056
2469,SERVICIOS_HOGAR,30.0,1912.1447028423775,7.5565036084208375,3.6997
2470,SEGURO,48.0,938.5625820979546,6.845414428766968,3.4237
2470,SERVICIOS_HOGAR,49.0,4147.851379245637,8.330586798829785,4.0002
2470,TRANSF_SALIENTE,49.0,1935.5413773691125,7.568658865816187,3.7044
2471,INGRESO_TRANSF,54.0,47271.60333642261,10.763686196026281,4.9448
2471,RETIRO_TARJETA,2.0,75.99629286376273,4.343757276068236,2.4525
2471,SEGURO,50.0,336.42261353104726,5.821336190779529,3.0261
2471,SERVICIOS_HOGAR,50.0,3037.071362372567,8.018978172798388,3.8792
2471,TRANSF_SALIENTE,100.0,1438.368860055607,7.2719600048641455,3.5892
2472,RETIRO_TARJETA,38.0,1490.3764265031512,7.307454748697494,3.603
2472,SERVICIOS_HOGAR,55.0,3849.3442343723386,8.255917834810141,3.9712
2473,INGRESO_TRANSF,34.0,2955.0203134068483,7.9915991539683136,3.8686
2473,SERVICIOS_HOGAR,30.0,1532.2112594312246,7.335119677225342,3.6138
2473,TRANSF_SALIENTE,29.0,198.60708067324433,5.296350837563017,2.8223
2474,INGRESO_TRANSF,32.0,3519.406674907293,8.166331794562879,3.9365
2474,SERVICIOS_HOGAR,28.0,104.69715698393078,4.660577995484477,2.5755
2474,TRANSF_SALIENTE,28.0,1947.7132262051916,7.574924549741181,3.7069
2475,SEGURO,22.0,2879.533483822423,7.965730793413997,3.8586
2475,SERVICIOS_HOGAR,22.0,137.39653875094058,4.930123033845843,2.6801
2475,TRANSF_SALIENTE,42.0,3660.38374717833,8.205596427943368,3.9517
2476,PENSION,60.0,4237.215440448697,8.351897572941713,4.0085
2476,SERVICIOS_HOGAR,55.0,2589.4094358297593,7.859571225531684,3.8174
2477,SERVICIOS_HOGAR,18.0,2465.8407079646017,7.81069354531805,3.7984
2479,SEGURO,58.0,188.64795918367346,5.245169507115624,2.8024
2479,SERVICIOS_HOGAR,59.0,2842.7614795918366,7.952882919470659,3.8536
2479,TRANSF_SALIENTE,58.0,707.4298469387755,6.563051037910407,3.314
2480,RETIRO_TARJETA,1.0,209.25808497146483,5.348335752199163,2.8425
2482,SEGURO,54.0,78.8388869804191,4.380010691280024,2.4665
2482,SERVICIOS_HOGAR,54.0,6845.997938852628,8.831565578091753,4.1947
2482,TRANSF_SALIENTE,108.0,168.80796976983854,5.134668208993907,2.7595
2483,RETIRO_TARJETA,1.0,29.585798816568047,3.4205358102729657,2.0941
2483,SERVICIOS_HOGAR,22.0,4064.792899408284,8.310364058166108,3.9924
2483,TRANSF_SALIENTE,22.0,4007.8402366863907,8.296257260685143,3.9869
2484,SEGURO,68.0,566.5878425372097,6.34139552598886,3.228
2484,SERVICIOS_HOGAR,67.0,2183.627764640423,7.689200733584573,3.7512
2484,TRANSF_SALIENTE,134.0,1796.8563082487133,7.4943502942899975,3.6756
2485,PENSION,16.0,3936.214242239805,8.278228707100897,3.9799
2485,SERVICIOS_HOGAR,12.0,1419.841752891053,7.259004758694529,3.5842
2487,SEGURO,34.0,747.2722526755416,6.617766885917112,3.3353
2487,SERVICIOS_HOGAR,34.0,1622.3440354998693,7.392243520097185,3.6359
2487,TRANSF_SALIENTE,68.0,434.8734012007309,6.077351836966676,3.1255
2488,INGRESO_TRANSF,69.0,3053.5231730350138,8.024378778584211,3.8813
2488,SERVICIOS_HOGAR,65.0,1917.0419875054483,7.559060146499627,3.7007
2489,PENSION,70.0,5801.720430107527,8.666082126243499,4.1305
2489,SERVICIOS_HOGAR,65.0,3591.5412186379926,8.1866150914122,3.9443
2490,SERVICIOS_HOGAR,42.0,3199.2222942320154,8.070975553322606,3.8994
2490,TRANSF_SALIENTE,42.0,588.8528839922229,6.379873156641369,3.2429
2491,SERVICIOS_HOGAR,30.0,0.8823529411764706,0.6325225587435105,1.0117
2491,TRANSF_SALIENTE,30.0,2851.764705882353,7.956043875286115,3.8548
2492,PENSION,16.0,6913.963681903569,8.841442992010384,4.1985
2492,SERVICIOS_HOGAR,23.0,2608.4533500313087,7.866896033947742,3.8202
2493,SERVICIOS_HOGAR,64.0,4979.012881748444,8.513187756711828,4.0711
2494,INGRESO_TRANSF,56.0,43524.91115849325,10.681111698558416,4.9127
2494,SEGURO,51.0,2036.1940298507461,7.619328664440058,3.7241
2494,SERVICIOS_HOGAR,52.0,640.2985074626865,6.463495038790011,3.2754
2494,TRANSF_SALIENTE,52.0,3886.140724946695,8.26542913419654,3.9749
2496,SERVICIOS_HOGAR,51.0,4589.631502890174,8.431772875920023,4.0395
2497,SERVICIOS_HOGAR,65.0,3711.8814729574224,8.219563531490724,3.9571
2498,SERVICIOS_HOGAR,30.0,3726.176470588235,8.223406247590471,3.9586
2499,SEGURO,30.0,1604.9524906420963,7.381472311654504,3.6318
2499,SERVICIOS_HOGAR,30.0,96.7463288223438,4.582375641355534,2.5451
2499,TRANSF_SALIENTE,31.0,1725.3959113158653,7.453791226171516,3.6598
2501,RETIRO_TARJETA,18.0,629.7315898141776,6.446880399325362,3.2689
2501,SEGURO,53.0,679.3702684101859,6.522637162345006,3.2983
2501,SERVICIOS_HOGAR,53.0,477.8389538885066,6.171364327702198,3.162
2501,TRANSF_SALIENTE,53.0,2865.209910529938,7.960745847342485,3.8566
2502,SERVICIOS_HOGAR,22.0,3247.3404255319147,8.085899506605775,3.9052
2503,SERVICIOS_HOGAR,65.0,5840.512306811677,8.672744998944623,4.1331
2504,RETIRO_TARJETA,32.0,1101.960138362708,7.00575287931008,3.4859
2504,SERVICIOS_HOGAR,56.0,5085.290726404217,8.53430410644122,4.0793
2505,PENSION,31.0,4359.282767375436,8.380292189142715,4.0195
2505,SERVICIOS_HOGAR,52.0,1618.089495398286,7.389619230345211,3.6349
2506,SERVICIOS_HOGAR,26.0,8841.579480256498,9.087333909476502,4.294
2507,SERVICIOS_HOGAR,20.0,3784.05315614618,8.238815209668887,3.9646
2508,PENSION,69.0,4234.789481247305,8.351325007952648,4.0083
2508,SERVICIOS_HOGAR,65.0,2048.354648656416,7.625280217037335,3.7264
2509,SEGURO,16.0,1677.4193548387095,7.4256077692954605,3.6489
2509,SERVICIOS_HOGAR,16.0,6084.301075268817,8.713631482466939,4.1489
2509,TRANSF_SALIENTE,16.0,3765.1612903225805,8.233811536319807,3.9627
2510,SEGURO,59.0,832.0748829953199,6.725123533679085,3.377
2510,SERVICIOS_HOGAR,59.0,6371.263650546022,8.75971004659361,4.1668
2510,TRANSF_SALIENTE,59.0,84.6801872074883,4.4506216110984544,2.494
2511,SERVICIOS_HOGAR,52.0,2502.5348089967865,7.8254589358062665,3.8041
2511,TRANSF_SALIENTE,52.0,2839.4858978936095,7.951730407328498,3.8531
2513,INGRESO_TRANSF,65.0,3964.0943193997855,8.28528492178092,3.9826
2513,SERVICIOS_HOGAR,61.0,2479.7887000459345,7.816331812812118,3.8006
2514,RETIRO_TARJETA,26.0,1265.6981039152918,7.1441688756188775,3.5396
2514,SERVICIOS_HOGAR,36.0,3546.811130263482,8.174086109279605,3.9395
2515,RETIRO_TARJETA,6.0,379.18410041841,5.940655610185703,3.0724
2517,INGRESO_TRANSF,25.0,33361.26266562744,10.41518067988088,4.8095
2517,SERVICIOS_HOGAR,21.0,9631.683554169915,9.172917132033254,4.3272
2519,PENSION,71.0,5506.000839278221,8.613775441664544,4.1102
2519,SERVICIOS_HOGAR,67.0,1498.5732270247588,7.312935831291313,3.6052
2520,INGRESO_TRANSF,41.0,3513.2912927479993,8.164593160231197,3.9358
2520,SERVICIOS_HOGAR,36.0,2056.2697065243756,7.629134997501494,3.7279
2521,SERVICIOS_HOGAR,38.0,5251.577250748331,8.56647414003572,4.0918
2522,INGRESO_TRANSF,35.0,24988.335220838053,10.126204421667962,4.6973
2523,INGRESO_TRANSF,67.0,2992.6270685579193,8.004240997621489,3.8735
2523,SEGURO,63.0,38.16489361702127,3.6677807745387674,2.19
2523,SERVICIOS_HOGAR,63.0,1693.218085106383,7.4349766066579726,3.6525
2523,TRANSF_SALIENTE,125.0,143.20330969267138,4.971224176686422,2.6961
2524,PENSION,48.0,6212.523248605084,8.73448336486697,4.157
2524,SERVICIOS_HOGAR,43.0,2265.9640421574704,7.72619678896024,3.7656
2525,SERVICIOS_HOGAR,39.0,2144.5992235670246,7.6711741506551565,3.7442
2525,TRANSF_SALIENTE,39.0,2608.609271523179,7.866955784712668,3.8202
2526,PENSION,30.0,6077.257525083613,8.712473342615944,4.1485
2526,SERVICIOS_HOGAR,25.0,3314.3812709030103,8.106327909853439,3.9132
2527,SERVICIOS_HOGAR,66.0,5489.541918755402,8.610782239787861,4.109
2528,PENSION,69.0,4222.536839063854,8.348428169531276,4.0071
2528,SERVICIOS_HOGAR,65.0,2651.8347298468652,7.883384056625057,3.8266
2530,SEGURO,26.0,3209.2122830440585,8.074092345726877,3.9006
2530,SERVICIOS_HOGAR,25.0,82.6101468624833,4.426164886678583,2.4845
2530,TRANSF_SALIENTE,26.0,3800.2002670226966,8.243072155584105,3.9662
2531,PENSION,24.0,6213.739201974497,8.734679040389294,4.1571
2531,SERVICIOS_HOGAR,19.0,1261.4561908679557,7.140814460244836,3.5383
2532,INGRESO_TRANSF,24.0,52585.37794299876,10.870212390718418,4.9861
2532,RETIRO_TARJETA,5.0,545.2292441140024,6.30303874864259,3.2131
2532,SERVICIOS_HOGAR,19.0,9521.974390747624,9.16146251499035,4.3228
2534,SERVICIOS_HOGAR,62.0,2028.9898386132695,7.615786066414078,3.7227
2534,TRANSF_SALIENTE,62.0,1130.3048416019128,7.0311269726032,3.4957
2535,SEGURO,19.0,124.81751824817519,4.8348325893262665,2.6431
2535,SERVICIOS_HOGAR,19.0,3485.9167024474023,8.156773158362626,3.9327
2535,TRANSF_SALIENTE,19.0,73.4220695577501,4.309752531692654,2.4393
2536,PENSION,50.0,6221.556886227545,8.73593617622126,4.1576
2536,SERVICIOS_HOGAR,46.0,2879.36127744511,7.965671008819936,3.8586
2537,SERVICIOS_HOGAR,19.0,11348.037053374503,9.33688817819796,4.3909
2538,PENSION,59.0,6377.918996780207,8.760753925741547,4.1672
2538,SERVICIOS_HOGAR,54.0,3375.8007117437724,8.124684005242898,3.9203
2539,PENSION,20.0,6086.956521739131,8.714067757883157,4.1491
2539,SERVICIOS_HOGAR,32.0,3022.134387351779,8.014049448753912,3.8773
2540,RETIRO_TARJETA,12.0,422.12841590757614,6.047675716679922,3.114
2541,SEGURO,45.0,1716.2243667068758,7.448464526039433,3.6578
2541,SERVICIOS_HOGAR,45.0,1648.3715319662242,7.408149604620274,3.6421
2541,TRANSF_SALIENTE,46.0,2069.722557297949,7.635652886848217,3.7304
2542,SEGURO,60.0,285.2292020373514,5.656792895590755,2.9622
2542,SERVICIOS_HOGAR,60.0,402.8399444358697,6.0010186223233175,3.0958
2542,TRANSF_SALIENTE,60.0,2442.0435252353755,7.8009998874049575,3.7946
2543,PENSION,71.0,6188.091862772894,8.730543644539676,4.1555
2543,SERVICIOS_HOGAR,66.0,2006.9464133824779,7.604867793893016,3.7185
2544,SEGURO,21.0,27.8648974668275,3.362626236344021,2.0716
2544,SERVICIOS_HOGAR,21.0,2465.6212303980697,7.810604570245609,3.7984
2544,TRANSF_SALIENTE,42.0,473.70325693606753,6.162689886574535,3.1586
2545,SEGURO,21.0,602.0506634499396,6.402001212186079,3.2515
2545,SERVICIOS_HOGAR,21.0,2226.658624849216,7.708706368863027,3.7588
2545,TRANSF_SALIENTE,21.0,566.5862484921593,6.3413927175296765,3.228
2546,SEGURO,47.0,462.67432321575063,6.139182416165186,3.1495
2546,SERVICIOS_HOGAR,47.0,2877.2559474979494,7.964939815910694,3.8583
2546,TRANSF_SALIENTE,47.0,1110.4183757178016,7.013392294556359,3.4889
2547,RETIRO_TARJETA,6.0,503.1731640979148,6.222919788620783,3.182
2547,SERVICIOS_HOGAR,39.0,4854.669084315504,8.487902184683268,4.0613
2549,PENSION,62.0,6386.201298701299,8.762051470005805,4.1677
2549,SERVICIOS_HOGAR,57.0,1929.301948051948,7.5654317194297915,3.7032
2550,RETIRO_TARJETA,17.0,972.1115537848606,6.880498724930678,3.4373
2550,SEGURO,33.0,58.72509960159363,4.089752360880531,2.3539
2550,SERVICIOS_HOGAR,32.0,5803.346613545817,8.666362331991051,4.1306
2550,TRANSF_SALIENTE,66.0,396.1752988047809,5.984377741931054,3.0894
2551,SERVICIOS_HOGAR,31.0,10355.053268067953,9.245326484549581,4.3553
2551,TRANSF_SALIENTE,31.0,2515.3469622804496,7.8305635106499,3.8061
2552,RETIRO_TARJETA,43.0,1292.4242424242425,7.165048432013154,3.5477
2552,SERVICIOS_HOGAR,62.0,6608.636363636364,8.796283918266855,4.181
2553,SERVICIOS_HOGAR,37.0,8686.839554047505,9.069679574467221,4.2871
2554,RETIRO_TARJETA,42.0,1324.702694565708,7.189697933363429,3.5573
2554,SERVICIOS_HOGAR,62.0,7099.713984645491,8.867950619191141,4.2088
2555,SERVICIOS_HOGAR,65.0,5094.090648307516,8.536032737119266,4.08
2555,TRANSF_SALIENTE,65.0,2107.9317269076305,7.653936807696664,3.7375
2556,INGRESO_TRANSF,14.0,2927.449617790132,7.982228421280814,3.865
2556,SERVICIOS_HOGAR,10.0,1394.0236275191105,7.240666631401717,3.5771
2557,SERVICIOS_HOGAR,57.0,2603.22265625,7.864889505145426,3.8194
2558,INGRESO_TRANSF,17.0,2993.368857312019,8.00448875622623,3.8736
2558,SERVICIOS_HOGAR,13.0,1525.5180580224985,7.330744641795429,3.6121
2559,SERVICIOS_HOGAR,39.0,4645.361543827017,8.443839728603791,4.0442
2560,SERVICIOS_HOGAR,13.0,810.9961894393032,6.6994956473419265,3.367
2560,TRANSF_SALIENTE,13.0,3145.617855198693,8.054083458232062,3.8929
2561,RETIRO_TARJETA,1.0,118.34319526627219,4.782003336214073,2.6226
2561,SERVICIOS_HOGAR,22.0,6316.863905325444,8.751136440345828,4.1635
2562,INGRESO_TRANSF,40.0,3308.33744449926,8.104503280509858,3.9125
2562,SERVICIOS_HOGAR,35.0,1929.575727676369,7.56557354191052,3.7032
2563,SERVICIOS_HOGAR,43.0,2704.7217537942665,7.903123977794984,3.8343
2564,SERVICIOS_HOGAR,15.0,6410.676532769556,8.765876065290623,4.1692
2567,INGRESO_TRANSF,36.0,3885.746226942426,8.265327641080662,3.9749
2567,SERVICIOS_HOGAR,31.0,2230.1285634432643,7.710262818699279,3.7594
2568,SEGURO,54.0,284.94568028970514,5.65580186372407,2.9618
2568,SERVICIOS_HOGAR,53.0,4778.134161062252,8.472014671224974,4.0551
2568,TRANSF_SALIENTE,53.0,992.550439730988,6.901284830437393,3.4453
2569,PENSION,54.0,6685.3382084095065,8.807821650266872,4.1855
2569,SERVICIOS_HOGAR,98.0,2090.7861060329064,7.645773576187442,3.7344
2570,INGRESO_TRANSF,36.0,3043.186813186813,8.020989088053389,3.88
2570,SERVICIOS_HOGAR,31.0,1746.7307692307693,7.466073522173653,3.6646
2571,INGRESO_TRANSF,23.0,50020.13622818221,10.82020091965107,4.9667
2571,RETIRO_TARJETA,3.0,344.82758620689657,5.845940345101734,3.0356
2572,INGRESO_TRANSF,49.0,52678.74142799516,10.871986247492764,4.9868
2574,SERVICIOS_HOGAR,66.0,8886.26234132581,9.092374332974861,4.296
2575,PENSION,20.0,6425.242718446601,8.768145310273814,4.1701
2575,SERVICIOS_HOGAR,30.0,1877.1844660194174,7.538060879661951,3.6925
2576,SERVICIOS_HOGAR,62.0,7861.285781323322,8.969832655018871,4.2484
2577,PENSION,41.0,5930.874117360604,8.688095482088725,4.139
2577,SERVICIOS_HOGAR,37.0,3015.3153153153153,8.011791271181476,3.8765
2578,PENSION,33.0,4240.728476821192,8.352726124783032,4.0088
2578,SERVICIOS_HOGAR,28.0,2398.7959060806743,7.7831389735869525,3.7877
2579,SERVICIOS_HOGAR,10.0,1864.0776699029127,7.531057977271286,3.6898
2580,SERVICIOS_HOGAR,34.0,4521.314952279958,8.416779299302407,4.0337
2581,RETIRO_TARJETA,46.0,1491.1021814006888,7.307941264612125,3.6032
2581,SERVICIOS_HOGAR,65.0,4448.694029850746,8.40059061545948,4.0274
2582,RETIRO_TARJETA,34.0,1336.3460296965784,7.198442354159711,3.5607
2582,SERVICIOS_HOGAR,58.0,1292.7372498386055,7.165290401767903,3.5478
2582,TRANSF_SALIENTE,57.0,1608.0697224015494,7.383411478807773,3.6325
2584,PENSION,66.0,4202.645583092596,8.343707423755227,4.0053
2584,SERVICIOS_HOGAR,122.0,1461.6998631594954,7.288039228339675,3.5955
2588,RETIRO_TARJETA,2.0,47.63469119579501,3.8843370868778884,2.2741
2588,SERVICIOS_HOGAR,57.0,6094.168856767411,8.715251745677216,4.1496
2589,PENSION,25.0,5569.963811821472,8.625323354185944,4.1146
2589,SERVICIOS_HOGAR,41.0,3029.2722155207075,8.016407734573878,3.8783
2590,INGRESO_TRANSF,25.0,3045.83835946924,8.021859728503808,3.8804
2590,SEGURO,21.0,50.663449939686366,3.9447505670810736,2.2976
2590,SERVICIOS_HOGAR,21.0,1097.708082026538,7.001890297670076,3.4844
2590,TRANSF_SALIENTE,21.0,557.29794933655,6.324892779260223,3.2216
2591,PENSION,32.0,5746.733668341709,8.656560911459758,4.1268
2591,SERVICIOS_HOGAR,27.0,2799.214824120603,7.937451416120459,3.8476
2592,SERVICIOS_HOGAR,60.0,4810.692512115054,8.478804174827397,4.0578
2593,SERVICIOS_HOGAR,26.0,6362.722091853839,8.758368719719416,4.1663
2594,SERVICIOS_HOGAR,10.0,5472.417251755265,8.607658426453769,4.1078
2594,TRANSF_SALIENTE,10.0,253.76128385155465,5.5403269649454625,2.917
2595,PENSION,16.0,6637.181044957472,8.800593265929905,4.1827
2595,SERVICIOS_HOGAR,11.0,2326.306196840826,7.752466739020914,3.7758
2596,INGRESO_TRANSF,52.0,3431.959953792838,8.141178128313289,3.9267
2596,SERVICIOS_HOGAR,47.0,2067.6742395071237,7.634663217068509,3.7301
2597,SERVICIOS_HOGAR,17.0,1104.368029739777,7.007933617088187,3.4867
2597,TRANSF_SALIENTE,17.0,1545.957249070632,7.344045215459889,3.6172
2598,RETIRO_TARJETA,2.0,166.76593210244195,5.1225697466172875,2.7548
2599,SERVICIOS_HOGAR,50.0,10125.786163522012,9.222939287628163,4.3466
2600,RETIRO_TARJETA,10.0,1782.4074074074074,7.4862810872232775,3.6724
2600,SERVICIOS_HOGAR,32.0,4054.6296296296296,8.307861226907747,3.9914
2602,SERVICIOS_HOGAR,25.0,1093.237032173342,6.9978126251196695,3.4828
2602,TRANSF_SALIENTE,25.0,3342.908732764281,8.114895680998488,3.9165
2603,PENSION,30.0,5318.494271685761,8.579133516103836,4.0967
2603,SERVICIOS_HOGAR,26.0,2731.9148936170213,7.913124045164027,3.8382
2604,PENSION,30.0,6193.645484949833,8.731440566428974,4.1558
2604,SERVICIOS_HOGAR,26.0,3447.826086956522,8.145789187471971,3.9285
2605,SERVICIOS_HOGAR,31.0,3688.20067264574,8.213165093689895,3.9546
2606,PENSION,53.0,4485.458991723101,8.408819026324803,4.0306
2606,SERVICIOS_HOGAR,98.0,2280.3987960872837,7.732544040885796,3.7681
2607,SEGURO,12.0,645.7596095179988,6.471974679120425,3.2787
2607,SERVICIOS_HOGAR,12.0,1049.176327028676,6.956713359556321,3.4669
2607,TRANSF_SALIENTE,12.0,552.7760829774253,6.316760422692363,3.2184
2608,SERVICIOS_HOGAR,37.0,4348.453608247422,8.37780550889403,4.0186
2610,PENSION,24.0,6762.202136400986,8.819251745698592,4.1899
2610,SERVICIOS_HOGAR,20.0,1513.557929334429,7.322878879543928,3.609
2611,RETIRO_TARJETA,6.0,393.02600472813236,5.976416908967959,3.0863
2612,INGRESO_TRANSF,20.0,24767.713004484303,10.117336563300862,4.6939
2613,PENSION,63.0,4991.338207247298,8.515659657603564,4.0721
2613,SERVICIOS_HOGAR,118.0,2902.177368086459,7.973561060362296,3.8616
2614,INGRESO_TRANSF,28.0,3272.24031849439,8.093535696338083,3.9082
2614,SERVICIOS_HOGAR,23.0,1791.3861744480637,7.491303069452237,3.6744
2616,SERVICIOS_HOGAR,60.0,7621.470679491158,8.938855832281204,4.2364
2617,INGRESO_TRANSF,63.0,3039.8671096345515,8.019897987161364,3.8796
2617,SERVICIOS_HOGAR,58.0,152.31767125454832,5.032512051605902,2.7199
2617,TRANSF_SALIENTE,58.0,1713.1150134472393,7.446652199267746,3.6571
2618,PENSION,69.0,6524.9567474048445,8.783542849396833,4.1761
2618,SERVICIOS_HOGAR,64.0,2973.9331026528257,7.997976831223653,3.8711
2619,SERVICIOS_HOGAR,26.0,4486.0487187598865,8.40895046367498,4.0306
2620,SERVICIOS_HOGAR,60.0,3562.846580406654,8.178595740640203,3.9412
2621,SERVICIOS_HOGAR,33.0,2442.935924369748,7.801365102423148,3.7948
2622,SERVICIOS_HOGAR,24.0,5988.983050847458,8.697843861530776,4.1428
2623,SERVICIOS_HOGAR,58.0,2673.4375,7.891494356844257,3.8298
2624,INGRESO_TRANSF,33.0,29060.869565217392,10.277182269714812,4.7559
2624,RETIRO_TARJETA,1.0,63.40579710144928,4.1652036461622615,2.3832
2624,SERVICIOS_HOGAR,29.0,9407.487922705315,9.149367531326046,4.3181
2625,RETIRO_TARJETA,5.0,413.72351160444,6.027612061098404,3.1062
2625,SERVICIOS_HOGAR,28.0,4688.328287924655,8.453044628992142,4.0478
2627,PENSION,51.0,4825.784929356358,8.481935878909901,4.059
2627,SERVICIOS_HOGAR,93.0,1942.7197802197802,7.572358828652876,3.7059
2629,RETIRO_TARJETA,11.0,784.526391901663,6.666354055987597,3.3541
2631,INGRESO_TRANSF,33.0,3427.690447400242,8.13993367349733,3.9262
2631,SERVICIOS_HOGAR,29.0,1862.9081015719469,7.530430692298378,3.6896
2632,SEGURO,71.0,2270.578420467186,7.728230208251863,3.7664
2632,SERVICIOS_HOGAR,68.0,1930.7007786429365,7.5661561262990515,3.7035
2632,TRANSF_SALIENTE,67.0,38.195216907675196,3.668554721690309,2.1903
2635,INGRESO_TRANSF,35.0,32765.461847389557,10.397160766604973,4.8025
2635,RETIRO_TARJETA,5.0,421.68674698795184,6.046631353847135,3.1136
2636,PENSION,25.0,4856.744926382809,8.4883296022929,4.0615
2636,SERVICIOS_HOGAR,20.0,2589.733386390768,7.859696275379775,3.8174
2637,RETIRO_TARJETA,1.0,25.052192066805848,3.260101913096939,2.0318
2637,SERVICIOS_HOGAR,19.0,4120.5010438413365,8.32397270702059,3.9977
2638,RETIRO_TARJETA,37.0,1424.4133163543752,7.262217097211852,3.5855
2638,SEGURO,50.0,4127.706021466254,8.32571932486898,3.9983
2638,SERVICIOS_HOGAR,50.0,925.9596143350919,6.831909998635268,3.4184
2638,TRANSF_SALIENTE,50.0,662.1793705657632,6.4970454974352405,3.2884
2639,SERVICIOS_HOGAR,63.0,7978.274900982837,8.98460282177693,4.2541
2640,RETIRO_TARJETA,7.0,615.3846153846154,6.423871144316534,3.26
2640,SERVICIOS_HOGAR,23.0,7474.578754578754,8.919396820623405,4.2288
2641,RETIRO_TARJETA,25.0,753.1626949102676,6.625608120474779,3.3383
2641,SERVICIOS_HOGAR,64.0,4825.88996763754,8.481957640214754,4.059
2642,SEGURO,37.0,2188.756706321437,7.691545723635351,3.7521
2642,SERVICIOS_HOGAR,38.0,702.0293911826452,6.555398699162394,3.3111
2642,TRANSF_SALIENTE,39.0,519.4541637508747,6.254701822219368,3.1943
2644,PENSION,17.0,5055.369928400954,8.52840409936872,4.077
2644,SERVICIOS_HOGAR,25.0,2076.789976133651,7.6390600963556885,3.7318
2645,SEGURO,62.0,5025.757575757576,8.522530438093213,4.0747
2645,SERVICIOS_HOGAR,62.0,358.2590612002377,5.884043747188685,3.0504
2645,TRANSF_SALIENTE,125.0,1526.3220439691029,7.331271182765702,3.6123
2646,SEGURO,10.0,173.91304347826087,5.164288956020639,2.771
2646,SERVICIOS_HOGAR,10.0,3612.753623188406,8.192502295941857,3.9466
2646,TRANSF_SALIENTE,10.0,306.0869565217391,5.727130953479772,2.9895
2647,SERVICIOS_HOGAR,66.0,4950.46676096181,8.507439127015834,4.0689
2649,SEGURO,59.0,163.83746470034515,5.104959925985589,2.748
2649,SERVICIOS_HOGAR,60.0,5458.738625666771,8.605156196836107,4.1068
2649,TRANSF_SALIENTE,119.0,912.7706306871665,6.817579588852519,3.4128
2650,SERVICIOS_HOGAR,28.0,3850.6329113924053,8.256252470192122,3.9714
2651,INGRESO_TRANSF,69.0,38850.648788927334,10.567505794764678,4.8686
2651,RETIRO_TARJETA,10.0,371.97231833910035,5.921504203321757,3.065
2651,SERVICIOS_HOGAR,64.0,10022.606689734717,9.21269825894805,4.3427
2652,SERVICIOS_HOGAR,24.0,1420.6755373592632,7.259591410881296,3.5844
2652,TRANSF_SALIENTE,25.0,5417.093142272262,8.597499213761994,4.1038
2653,RETIRO_TARJETA,13.0,1041.3153456998314,6.9491998115571985,3.4639
2653,SERVICIOS_HOGAR,19.0,5030.35413153457,8.523444437903665,4.0751
2653,TRANSF_SALIENTE,20.0,1947.7234401349074,7.574929791098817,3.7069
2654,PENSION,53.0,6137.312593703148,8.722305161498285,4.1523
2654,SERVICIOS_HOGAR,49.0,3545.5209895052476,8.173722398996333,3.9393
2655,SEGURO,25.0,1205.871757925072,7.095786966840546,3.5209
2655,SERVICIOS_HOGAR,25.0,2611.6714697406337,7.8681285284697084,3.8207
2655,TRANSF_SALIENTE,25.0,80.15129682997117,4.3963152744856675,2.4729
2656,PENSION,22.0,4962.539114886008,8.509874296503613,4.0698
2656,SERVICIOS_HOGAR,34.0,1616.4059007599462,7.388578848954774,3.6345
2657,PENSION,27.0,4316.168782673637,8.370355092005386,4.0157
2657,SERVICIOS_HOGAR,22.0,1785.9596713965645,7.488270947135642,3.6732
2658,INGRESO_TRANSF,13.0,3270.1624815361893,8.092900699657253,3.9079
2658,SEGURO,9.0,277.178729689808,5.628263819664165,2.9511
2658,SERVICIOS_HOGAR,9.0,323.04283604135895,5.780875717057551,3.0104
2658,TRANSF_SALIENTE,9.0,908.6410635155097,6.813050086003432,3.4111
2660,SERVICIOS_HOGAR,48.0,10832.532821005443,9.290401493726835,4.3728
2661,SERVICIOS_HOGAR,17.0,3657.994579945799,8.20494368372426,3.9514
2662,PENSION,55.0,5474.122330799855,8.607969897960176,4.1079
2662,SERVICIOS_HOGAR,50.0,3279.94933043793,8.095888089512968,3.9091
2663,PENSION,47.0,6337.72785078423,8.754433372847037,4.1648
2663,SERVICIOS_HOGAR,42.0,3451.3353115727004,8.146806182935773,3.9289
2664,SERVICIOS_HOGAR,55.0,3200.994437889769,8.071529156481375,3.8997
2664,TRANSF_SALIENTE,55.0,440.3337266138547,6.089801338947453,3.1303
2666,INGRESO_TRANSF,70.0,2910.146173688736,7.976302156737329,3.8627
2666,SERVICIOS_HOGAR,65.0,602.6798509601605,6.403044009330468,3.2519
2666,TRANSF_SALIENTE,65.0,1198.8392089423903,7.08994283425028,3.5186
2667,INGRESO_TRANSF,62.0,3256.3443623514295,8.08866752960783,3.9063
2667,SERVICIOS_HOGAR,58.0,2030.838419530999,7.61669628758931,3.7231
2668,SERVICIOS_HOGAR,15.0,7650.15479876161,8.942611869514645,4.2378
2670,RETIRO_TARJETA,11.0,381.15330520393815,5.945821850621629,3.0744
2670,SERVICIOS_HOGAR,67.0,3748.607594936709,8.229406472138958,3.9609
2670,TRANSF_SALIENTE,67.0,4479.85935302391,8.40757012688536,4.0301
2671,INGRESO_TRANSF,63.0,2952.1020311761927,7.990611432849089,3.8682
2671,SERVICIOS_HOGAR,59.0,1843.1113210518029,7.519752771628334,3.6854
2672,INGRESO_TRANSF,21.0,3388.7911069939787,8.128523578120125,3.9218
2672,SERVICIOS_HOGAR,16.0,1564.4279759147753,7.355914532627154,3.6218
2672,TRANSF_SALIENTE,17.0,166.14173228346456,5.118842148785853,2.7534
2673,SERVICIOS_HOGAR,56.0,1645.5730036752423,7.406451439536945,3.6415
2673,TRANSF_SALIENTE,56.0,3845.9071166054127,8.255024758089984,3.9709
2675,RETIRO_TARJETA,16.0,452.4421593830334,6.11686771871538,3.1408
2676,SEGURO,66.0,2174.6842548414256,7.685098493973697,3.7496
2676,SERVICIOS_HOGAR,66.0,1398.540555711479,7.243899287250517,3.5784
2676,TRANSF_SALIENTE,67.0,1258.9531293853493,7.138829800353111,3.5376
2677,SEGURO,23.0,1309.255962976148,7.177977788693593,3.5528
2677,SERVICIOS_HOGAR,23.0,3214.5959416162336,8.075767982360782,3.9013
2677,TRANSF_SALIENTE,47.0,659.8433606265575,6.49351683843557,3.287
2678,INGRESO_TRANSF,17.0,40005.986316989736,10.596809375769897,4.88
2678,RETIRO_TARJETA,3.0,359.17901938426456,5.886601183916787,3.0514
2679,PENSION,17.0,6557.565217391304,8.788527141155033,4.178
2679,SERVICIOS_HOGAR,12.0,2672.695652173913,7.891216933747361,3.8297
2680,INGRESO_TRANSF,46.0,18495.51784160139,9.825337768571606,4.5805
2681,RETIRO_TARJETA,1.0,40.10130856901646,3.7160399596575506,2.2088
2681,SERVICIOS_HOGAR,43.0,4231.025749261292,8.350436057938644,4.0079
2685,PENSION,26.0,4712.061657032756,8.458093009170591,4.0497
2685,SERVICIOS_HOGAR,22.0,2183.8921001926783,7.689321724247509,3.7513
2686,PENSION,36.0,5953.884992987378,8.691967168922368,4.1405
2686,SERVICIOS_HOGAR,32.0,1791.64095371669,7.491445204649516,3.6745
2687,PENSION,66.0,6336.0,8.754160749323518,4.1647
2687,SERVICIOS_HOGAR,62.0,3597.878787878788,8.188377628122812,3.945
2688,PENSION,46.0,4174.956822107081,8.337098789975276,4.0027
2688,SERVICIOS_HOGAR,42.0,2540.6735751295337,7.84057803088756,3.81
2689,RETIRO_TARJETA,14.0,1093.9457202505218,6.998460070474472,3.4831
2689,SERVICIOS_HOGAR,20.0,2277.2442588726512,7.731160363400561,3.7675
2689,TRANSF_SALIENTE,20.0,1771.1899791231733,7.4799713371130565,3.67
2690,PENSION,21.0,6501.960784313725,8.780012857451727,4.1747
2690,SERVICIOS_HOGAR,17.0,1600.7936507936506,7.378879312087027,3.6308
2692,PENSION,37.0,5746.273122959739,8.656480781819024,4.1267
2692,SERVICIOS_HOGAR,33.0,3039.6626768226333,8.019830756441735,3.8796
2693,RETIRO_TARJETA,3.0,565.4761904761905,6.339435050416568,3.2272
2693,SERVICIOS_HOGAR,8.0,3483.3333333333335,8.156032008864598,3.9325
2694,SERVICIOS_HOGAR,66.0,3340.67067927773,8.114226164287304,3.9162
2695,RETIRO_TARJETA,4.0,252.0876004411533,5.533735675600907,2.9144
2695,SERVICIOS_HOGAR,58.0,3584.906254923586,8.18476651186118,3.9436
2696,PENSION,23.0,4600.984589041096,8.434242921837226,4.0405
2696,SERVICIOS_HOGAR,18.0,2400.2568493150684,7.7837475664743545,3.7879
2697,SEGURO,61.0,579.85491914765,6.3645010168013885,3.237
2697,SERVICIOS_HOGAR,62.0,354.17863079945596,5.872620848270699,3.046
2697,TRANSF_SALIENTE,62.0,2943.9927459573823,7.987861632910287,3.8672
2698,RETIRO_TARJETA,5.0,537.4677002583979,6.288727513847464,3.2075
2699,INGRESO_TRANSF,24.0,48278.41191066997,10.784760494330943,4.953
2699,RETIRO_TARJETA,4.0,376.3440860215054,5.933157466212425,3.0695
2699,SERVICIOS_HOGAR,19.0,2941.149710504549,7.986895787189763,3.8668
2699,TRANSF_SALIENTE,19.0,520.1819685690654,6.256099248660418,3.1949
2700,INGRESO_TRANSF,61.0,32757.686700145798,10.396923448645301,4.8024
2700,SEGURO,57.0,1036.951239267779,6.945004086965198,3.4623
2700,SERVICIOS_HOGAR,57.0,4820.94605540256,8.480932871495328,4.0586
2700,TRANSF_SALIENTE,114.0,7804.373886278957,8.9625677352332,4.2456
2701,RETIRO_TARJETA,16.0,544.8963929393707,6.302429201217559,3.2129
2701,SERVICIOS_HOGAR,61.0,457.8511128165771,6.128725784491627,3.1454
2701,TRANSF_SALIENTE,60.0,5305.602455871066,8.576707070632763,4.0958
2702,RETIRO_TARJETA,7.0,469.1075514874142,6.152961501477783,3.1548
2702,SERVICIOS_HOGAR,31.0,3136.3558352402747,8.051135633456953,3.8917
2702,TRANSF_SALIENTE,30.0,24.88558352402746,3.253686193040764,2.0293
2703,INGRESO_TRANSF,14.0,3104.0454222853086,8.040783623015912,3.8877
2703,SERVICIOS_HOGAR,9.0,1329.8793470546486,7.193595165942687,3.5588
2705,INGRESO_TRANSF,66.0,16986.62517079095,9.7402404268379,4.5475
2705,SERVICIOS_HOGAR,61.0,9930.211021709427,9.203437705465182,4.3391
2707,RETIRO_TARJETA,7.0,380.70032573289905,5.9446358131249335,3.074
2707,SERVICIOS_HOGAR,47.0,2901.14006514658,7.973203697319586,3.8615
2707,TRANSF_SALIENTE,47.0,2436.1156351791533,7.798570502306292,3.7937
2708,RETIRO_TARJETA,5.0,334.1360626128838,5.814536606419002,3.0234
2709,INGRESO_TRANSF,26.0,2989.852328663385,8.003313685516561,3.8732
2709,SEGURO,21.0,12.722453616054525,2.6190334412980656,1.7829
2709,SERVICIOS_HOGAR,22.0,1640.212040893601,7.403190297181138,3.6402
2709,TRANSF_SALIENTE,22.0,32.48769405528209,3.5111780297111848,2.1292
2711,SERVICIOS_HOGAR,64.0,6929.694452684663,8.843715296785907,4.1994
2712,PENSION,69.0,6542.368987796123,8.786207447563015,4.1771
2712,SERVICIOS_HOGAR,64.0,2734.5872218234026,7.914101398143943,3.8385
2713,PENSION,57.0,6428.767123287672,8.768693599357714,4.1703
2713,SERVICIOS_HOGAR,53.0,3152.6343519494208,8.056310829270831,3.8937
2715,INGRESO_TRANSF,15.0,3369.433198380567,8.122796560598662,3.9196
2715,SEGURO,10.0,199.73009446693658,5.301961192079656,2.8245
2715,SERVICIOS_HOGAR,10.0,1151.8218623481782,7.049968009068445,3.5031
2715,TRANSF_SALIENTE,10.0,145.748987854251,4.98872356160947,2.7029
2716,RETIRO_TARJETA,17.0,1032.167832167832,6.940384926559531,3.4605
2716,SERVICIOS_HOGAR,32.0,885.2587412587412,6.787008940995148,3.401
2716,TRANSF_SALIENTE,32.0,6673.902097902098,8.80610981617993,4.1848
2717,INGRESO_TRANSF,29.0,3382.5059910989385,8.126667726351647,3.9211
2717,SERVICIOS_HOGAR,25.0,1943.6836699760356,7.572854605281172,3.7061
2719,PENSION,35.0,6001.295709761014,8.699897293323982,4.1436
2719,SERVICIOS_HOGAR,30.0,2495.5369997120647,7.822659850464553,3.803
2720,SERVICIOS_HOGAR,17.0,5702.810810810811,8.648889793733902,4.1238
2720,TRANSF_SALIENTE,17.0,4336.378378378378,8.375025384295053,4.0175
2721,SEGURO,9.0,118.9807976366322,4.787331710282797,2.6247
2721,SERVICIOS_HOGAR,9.0,1026.2924667651405,6.93468194715254,3.4583
2721,TRANSF_SALIENTE,18.0,1510.8567208271788,7.321093790891651,3.6083
2722,PENSION,17.0,5735.652173913043,8.654631074197221,4.126
2722,SERVICIOS_HOGAR,13.0,1259.304347826087,7.1391085166717305,3.5377
2723,SERVICIOS_HOGAR,41.0,4978.89205167506,8.513163493413293,4.0711
2724,SERVICIOS_HOGAR,24.0,5349.2163009404385,8.584892269155104,4.0989
2725,RETIRO_TARJETA,7.0,811.0687022900763,6.699584945314182,3.367
2725,SEGURO,16.0,351.9083969465649,5.8662085245227304,3.0435
2725,SERVICIOS_HOGAR,17.0,2592.986641221374,7.86095121498702,3.8179
2725,TRANSF_SALIENTE,17.0,53.530534351145036,3.9987608081040613,2.3185
2726,RETIRO_TARJETA,8.0,578.9592250506871,6.362957799432443,3.2364
2726,SERVICIOS_HOGAR,40.0,4773.147105203875,8.470970620249735,4.0547
2728,SERVICIOS_HOGAR,13.0,8177.466367713005,9.009259926409511,4.2637
2729,SERVICIOS_HOGAR,42.0,7726.690541394565,8.952565331275176,4.2417
2730,INGRESO_TRANSF,32.0,3430.2158273381297,8.140669945962529,3.9265
2730,SERVICIOS_HOGAR,28.0,2000.3753518923993,7.601589899147523,3.7172
2731,RETIRO_TARJETA,1.0,15.321756894790605,2.7924989966088782,1.8502
2731,SERVICIOS_HOGAR,35.0,4508.171603677222,8.41386873573132,4.0326
2733,INGRESO_TRANSF,60.0,3471.2224249460937,8.1525501362128,3.9311
2733,SERVICIOS_HOGAR,57.0,737.4357273179631,6.604534066793277,3.3301
2733,TRANSF_SALIENTE,55.0,1409.437717697794,7.251655373279824,3.5814
2734,SEGURO,20.0,1056.3725490196077,6.963542382635543,3.4695
2734,SERVICIOS_HOGAR,19.0,685.3349673202614,6.531365799105163,3.3017
2734,TRANSF_SALIENTE,20.0,2704.248366013072,7.902949004445688,3.8342
2736,SERVICIOS_HOGAR,62.0,4326.936486281643,8.372846145345079,4.0166
2737,SERVICIOS_HOGAR,26.0,3883.875293328864,8.264846162757298,3.9747
2738,SERVICIOS_HOGAR,57.0,7182.37012987013,8.879523929338385,4.2133
2738,TRANSF_SALIENTE,57.0,1065.974025974026,6.972581907963307,3.473
2739,SERVICIOS_HOGAR,57.0,386.59895150720837,5.959971174923191,3.0799
2739,TRANSF_SALIENTE,57.0,3896.805373525557,8.268168948991715,3.976
2741,RETIRO_TARJETA,2.0,103.3088785746369,4.647356483739828,2.5703
2742,RETIRO_TARJETA,16.0,692.6578270334454,6.5419787942999434,3.3059
2742,SERVICIOS_HOGAR,46.0,116.52483673065505,4.76664968767847,2.6166
2742,TRANSF_SALIENTE,46.0,4440.688699782308,8.398789920904996,4.0267
2743,SEGURO,14.0,1355.072463768116,7.212347906429527,3.5661
2743,SERVICIOS_HOGAR,15.0,2585.4037267080744,7.858023667296388,3.8168
2743,TRANSF_SALIENTE,14.0,2036.9565217391305,7.619702879766647,3.7242
2744,INGRESO_TRANSF,20.0,17041.37254901961,9.743458024788534,4.5487
2744,SERVICIOS_HOGAR,16.0,11281.56862745098,9.331014214328434,4.3886
2745,SEGURO,10.0,971.4854111405836,6.879855073982221,3.437
2745,SERVICIOS_HOGAR,10.0,713.527851458886,6.571621976958544,3.3174
2745,TRANSF_SALIENTE,21.0,4862.135278514589,8.48943862793063,4.0619
2746,PENSION,28.0,6497.982300884956,8.779400874530886,4.1745
2746,SERVICIOS_HOGAR,24.0,2042.3362831858408,7.622339183908336,3.7253
2747,SERVICIOS_HOGAR,48.0,3493.3992771542703,8.158916759252184,3.9336
2749,SERVICIOS_HOGAR,53.0,13918.610960390668,9.541053985250054,4.4701
2750,SERVICIOS_HOGAR,40.0,1568.8032272523533,7.358705557527237,3.6229
2750,TRANSF_SALIENTE,40.0,1998.2070820259974,7.600505921944439,3.7168
2751,SERVICIOS_HOGAR,40.0,748.8667271078876,6.619895493550857,3.3361
2751,TRANSF_SALIENTE,40.0,2680.8703535811424,7.894269723218031,3.8308
2753,INGRESO_TRANSF,34.0,23575.810185185182,10.068018888655084,4.6747
2753,SERVICIOS_HOGAR,30.0,5962.67361111111,8.693441947879888,4.1411
2754,INGRESO_TRANSF,35.0,45310.27027027027,10.721311072365765,4.9283
2754,SERVICIOS_HOGAR,30.0,2459.7439544807967,7.8082190037271895,3.7974
2754,TRANSF_SALIENTE,30.0,192.88762446657185,5.267278735903196,2.811
2755,PENSION,47.0,5633.022269353129,8.636578901100343,4.119
2755,SERVICIOS_HOGAR,86.0,3435.440084835631,8.14219135547169,3.9271
2756,SERVICIOS_HOGAR,9.0,5469.134078212291,8.6070584066718,4.1076
2757,INGRESO_TRANSF,31.0,3059.7402597402597,8.02641208063752,3.8821
2757,SERVICIOS_HOGAR,27.0,1776.338295850491,7.482872184740521,3.6711
2758,SERVICIOS_HOGAR,62.0,4314.802729160487,8.370038618466078,4.0155
2759,SERVICIOS_HOGAR,17.0,8219.580952380953,9.014396161024967,4.2657
2760,RETIRO_TARJETA,2.0,268.6428902269569,5.5970984547638585,2.939
2760,SERVICIOS_HOGAR,17.0,4227.55905511811,8.349616565098056,4.0076
2760,TRANSF_SALIENTE,16.0,3317.091245947198,8.107144970657737,3.9135
2761,SERVICIOS_HOGAR,19.0,4907.743271221532,8.498773235118993,4.0655
2762,SERVICIOS_HOGAR,68.0,6753.941490128261,8.818029588643723,4.1895
2762,TRANSF_SALIENTE,68.0,718.3167603401066,6.578301817505653,3.32
2763,SERVICIOS_HOGAR,64.0,8593.767705382437,9.058908890736472,4.283
2764,RETIRO_TARJETA,1.0,42.0757363253857,3.7629598762989005,2.227
2764,SERVICIOS_HOGAR,24.0,861.711079943899,6.7600798493336605,3.3905
2764,TRANSF_SALIENTE,24.0,2004.4880785413745,7.603642740810178,3.718
2765,SERVICIOS_HOGAR,11.0,3767.535853976532,8.23444183736233,3.9629
2766,RETIRO_TARJETA,3.0,170.3272075302555,5.143575222433414,2.763
2766,SERVICIOS_HOGAR,17.0,2665.4415060510983,7.888500093198171,3.8286
2767,SEGURO,28.0,1072.7163461538462,6.9788811304592935,3.4755
2767,SERVICIOS_HOGAR,28.0,3924.0384615384614,8.275131429286578,3.9787
2767,TRANSF_SALIENTE,29.0,1161.5685096153845,7.058387068727511,3.5063
2768,INGRESO_TRANSF,60.0,3826.6777133388564,8.250013557110757,3.9689
2768,SERVICIOS_HOGAR,55.0,1963.9602319801159,7.5832272859205085,3.7101
2770,INGRESO_TRANSF,60.0,3842.831035055657,8.254224813623502,3.9706
2770,SEGURO,56.0,459.6112311015119,6.132554370722639,3.1469
2770,SERVICIOS_HOGAR,56.0,459.6112311015119,6.132554370722639,3.1469
2770,TRANSF_SALIENTE,56.0,1471.8724040538295,7.294969789529247,3.5982
2771,SERVICIOS_HOGAR,60.0,6786.9005121837645,8.822896969821219,4.1913
2772,SERVICIOS_HOGAR,29.0,6439.356725146198,8.77033920966776,4.1709
2773,SEGURO,25.0,29.74223397224058,3.4256374086071846,2.096
2773,SERVICIOS_HOGAR,25.0,2770.9847984137473,7.927318876317032,3.8437
2773,TRANSF_SALIENTE,50.0,175.97488433575677,5.176007826097427,2.7756
2774,SERVICIOS_HOGAR,31.0,3229.0554120011484,8.080254571487862,3.903
2775,INGRESO_TRANSF,12.0,35232.470588235294,10.469751778780605,4.8307
2775,SERVICIOS_HOGAR,8.0,5453.176470588235,8.604136919058877,4.1064
2776,PENSION,16.0,4563.211503894548,8.426001051690548,4.0373
2776,SERVICIOS_HOGAR,11.0,1085.5002995805871,6.990717075426393,3.4801
2778,SERVICIOS_HOGAR,56.0,179.14028657114295,5.193735917178929,2.7824
2778,TRANSF_SALIENTE,56.0,5431.122959013662,8.600085305030511,4.1048
2779,RETIRO_TARJETA,12.0,425.37201262588303,6.055312234266614,3.1169
2779,SEGURO,61.0,9.168796031865323,2.319323818771801,1.6665
2779,SERVICIOS_HOGAR,61.0,7575.25928152713,8.932774858346695,4.234
2779,TRANSF_SALIENTE,122.0,35.75830452427476,3.6043641735803447,2.1654
2780,RETIRO_TARJETA,7.0,501.8020515663987,6.220196556990979,3.1809
2782,INGRESO_TRANSF,22.0,28291.304347826088,10.25034511547912,4.7455
2783,RETIRO_TARJETA,6.0,295.2227589908749,5.691111735448008,2.9755
2784,PENSION,14.0,6763.506771204562,8.819444629034054,4.19
2784,SERVICIOS_HOGAR,9.0,2121.382751247327,7.660294675786796,3.74
2787,SERVICIOS_HOGAR,9.0,5884.507042253522,8.680248174394768,4.136
2788,SERVICIOS_HOGAR,46.0,3455.224175390085,8.147931993384526,3.9293
2789,SEGURO,56.0,711.6744496330887,6.569024723764295,3.3164
2789,SERVICIOS_HOGAR,56.0,2769.179452968646,7.926667381548176,3.8434
2789,TRANSF_SALIENTE,56.0,213.87591727818545,5.370060732585981,2.8509
2790,SERVICIOS_HOGAR,46.0,8083.521713265914,8.99770661296585,4.2592
2791,PENSION,12.0,5202.905569007264,8.557164693619807,4.0882
2791,SERVICIOS_HOGAR,7.0,1816.3841807909603,7.5051534829155395,3.6798
2792,INGRESO_TRANSF,28.0,3471.1647727272725,8.152533532236905,3.9311
2792,SERVICIOS_HOGAR,24.0,1983.2386363636363,7.5929905610369275,3.7139
2793,INGRESO_TRANSF,62.0,3412.372448979592,8.135456069521718,3.9245
2793,SERVICIOS_HOGAR,58.0,2127.8380102040815,7.663331574729594,3.7412
2795,SEGURO,23.0,1516.2962962962963,7.324685277545086,3.6097
2795,SERVICIOS_HOGAR,23.0,1397.037037037037,7.242824415316242,3.5779
2795,TRANSF_SALIENTE,23.0,5164.656084656084,8.549787398589558,4.0853
2796,INGRESO_TRANSF,13.0,46213.490196078434,10.741048668502655,4.936
2796,RETIRO_TARJETA,5.0,1968.6274509803923,7.585599692670795,3.711
2796,SERVICIOS_HOGAR,8.0,2121.4117647058824,7.66030834592251,3.74
2796,TRANSF_SALIENTE,9.0,3734.823529411765,8.22572356306496,3.9595
2798,INGRESO_TRANSF,52.0,21424.444869831546,9.972334507303225,4.6376
2798,SERVICIOS_HOGAR,48.0,5599.387442572741,8.630591060503692,4.1167
2799,SEGURO,48.0,2101.5806111696525,7.650920731739779,3.7364
2799,SERVICIOS_HOGAR,48.0,879.2413066385669,6.780196081972269,3.3983
2799,TRANSF_SALIENTE,46.0,3934.3168247277836,8.277746672153656,3.9797
2800,RETIRO_TARJETA,3.0,293.2254802831142,5.684346413129168,2.9729
2800,SERVICIOS_HOGAR,16.0,7069.767441860465,8.863724302060481,4.2072
2801,PENSION,27.0,5909.471365638767,8.684480864518983,4.1376
2801,SERVICIOS_HOGAR,22.0,2846.1086637298095,7.954059254350793,3.854
2802,INGRESO_TRANSF,63.0,3592.201039861352,8.186798738752024,3.9444
2802,SERVICIOS_HOGAR,58.0,2204.127934457224,7.698540806359849,3.7549
2803,RETIRO_TARJETA,6.0,340.63260340632604,5.83373590058695,3.0309
2805,INGRESO_TRANSF,31.0,2989.356277884003,8.003147815769106,3.8731
2805,SERVICIOS_HOGAR,27.0,1735.4684512428298,7.4596087040045935,3.6621
2806,SERVICIOS_HOGAR,14.0,3904.8981838194823,8.270243044486408,3.9768
2809,SERVICIOS_HOGAR,45.0,1627.9737489745694,7.395705493662237,3.6373
2809,TRANSF_SALIENTE,44.0,5720.180475799836,8.651930439969146,4.125
2810,SEGURO,40.0,858.1466842336408,6.755939669028548,3.3889
2810,SERVICIOS_HOGAR,41.0,352.9205094422486,5.869072338320571,3.0446
2810,TRANSF_SALIENTE,80.0,5480.017566974088,8.60904605010832,4.1083
2811,RETIRO_TARJETA,1.0,16.69449081803005,2.8732533379118057,1.8816
2811,SERVICIOS_HOGAR,30.0,12173.622704507514,9.407108958107777,4.4181
2812,SERVICIOS_HOGAR,25.0,6874.58137977227,8.835731483289923,4.1963
2813,SEGURO,55.0,206.29543952412425,5.33414501979851,2.837
2813,SERVICIOS_HOGAR,55.0,725.2148050231328,6.5878458457500235,3.3237
2813,TRANSF_SALIENTE,110.0,5221.91011235955,8.560810018324498,4.0896
2814,PENSION,68.0,4530.010262424865,8.418700209600539,4.0344
2814,SERVICIOS_HOGAR,63.0,2426.3451106875827,7.794553392027861,3.7921
2816,SERVICIOS_HOGAR,16.0,3160.622802611753,8.058840719892087,3.8947
2816,TRANSF_SALIENTE,16.0,517.5288799598192,6.250995725173064,3.1929
2817,RETIRO_TARJETA,14.0,401.16279069767444,5.9968569586323595,3.0942
2818,INGRESO_TRANSF,65.0,44254.79724560062,10.697741653054871,4.9192
2818,RETIRO_TARJETA,3.0,111.7061973986228,4.7247844097611775,2.6004
2818,SERVICIOS_HOGAR,61.0,8351.446059678654,9.030309716224863,4.2719
2819,SERVICIOS_HOGAR,49.0,7977.148729446935,8.984461674739181,4.2541
2819,TRANSF_SALIENTE,49.0,684.8281016442451,6.530627015631778,3.3014
2820,PENSION,12.0,4909.090909090909,8.499047735706963,4.0656
2820,SERVICIOS_HOGAR,16.0,1876.3636363636363,7.537623750568421,3.6924
2821,SERVICIOS_HOGAR,24.0,3185.690178872764,8.06673809565747,3.8978
2821,TRANSF_SALIENTE,25.0,1790.4151198110023,7.490761156225975,3.6742
2823,INGRESO_TRANSF,68.0,3294.6814728229106,8.100368245832335,3.9108
2823,SERVICIOS_HOGAR,64.0,2066.627703097604,7.634157191905756,3.7299
2824,RETIRO_TARJETA,5.0,279.0250160359205,5.634878942163833,2.9537
2824,SERVICIOS_HOGAR,58.0,6779.377806286081,8.821788103022952,4.1909
2825,RETIRO_TARJETA,10.0,757.5757575757576,6.631442671949755,3.3406
2825,SERVICIOS_HOGAR,25.0,4447.811447811448,8.400392249105849,4.0273
2826,SERVICIOS_HOGAR,20.0,4137.386498223451,8.328061256124407,3.9992
2830,SERVICIOS_HOGAR,37.0,6315.3300733496335,8.750893633881729,4.1634
2830,TRANSF_SALIENTE,37.0,1944.9877750611247,7.573524980640465,3.7063
2831,SEGURO,9.0,238.99049012435992,5.480599298075087,2.8938
2831,SERVICIOS_HOGAR,9.0,2360.936356986101,7.767237051849886,3.7815
2831,TRANSF_SALIENTE,19.0,824.9451353328457,6.7165283491997325,3.3736
2832,INGRESO_TRANSF,13.0,3177.9954785229843,8.06432053861441,3.8969
2832,SERVICIOS_HOGAR,9.0,1439.1861341371516,7.272527644034183,3.5895
2833,PENSION,40.0,4449.438202247191,8.400757842727295,4.0275
2833,SERVICIOS_HOGAR,35.0,2595.5056179775283,7.861921826955258,3.8183
2834,RETIRO_TARJETA,10.0,593.7256935442053,6.3881002799901445,3.2461
2834,SEGURO,33.0,368.75810215193155,5.912849013864509,3.0616
2834,SERVICIOS_HOGAR,34.0,2217.008037334716,7.704364791589372,3.7571
2834,TRANSF_SALIENTE,66.0,3963.935701322271,8.285244917373088,3.9826
2836,RETIRO_TARJETA,23.0,1472.4746125066808,7.29537857264804,3.5983
2836,SERVICIOS_HOGAR,33.0,8353.18011758418,9.030517305464409,4.2719
2838,SERVICIOS_HOGAR,62.0,1760.5830903790088,7.47396816690952,3.6677
2838,TRANSF_SALIENTE,62.0,1238.192419825073,7.122215172093209,3.5311
2839,SEGURO,41.0,336.87374749499,5.822672297582682,3.0266
2839,SERVICIOS_HOGAR,41.0,2882.142061901581,7.966635972144679,3.8589
2839,TRANSF_SALIENTE,81.0,4607.548430193721,8.435668212262893,4.041
2840,SERVICIOS_HOGAR,47.0,10452.473881332546,9.254689630986384,4.359
2841,SERVICIOS_HOGAR,61.0,3310.7597851112814,8.105234984224845,3.9127
2842,INGRESO_TRANSF,60.0,3221.7782217782215,8.077999068333424,3.9022
2842,SEGURO,55.0,789.3772893772893,6.672510412945564,3.3565
2842,SERVICIOS_HOGAR,56.0,333.7995337995338,5.81353194613984,3.0231
2842,TRANSF_SALIENTE,55.0,851.6483516483516,6.7483472135468885,3.386
2843,SERVICIOS_HOGAR,17.0,6243.8122332859175,8.73950635538003,4.159
2845,RETIRO_TARJETA,2.0,275.56644213104715,5.6224510891338255,2.9489
2845,SERVICIOS_HOGAR,12.0,4819.840783833436,8.480703628312337,4.0585
2846,PENSION,15.0,6089.344804765056,8.714459977289216,4.1492
2846,SERVICIOS_HOGAR,10.0,1626.0754467240238,7.3945394778243125,3.6368
2847,SERVICIOS_HOGAR,51.0,4739.82792615164,8.46396706740093,4.052
2849,PENSION,63.0,6627.556325823224,8.799142310724596,4.1821
2849,SERVICIOS_HOGAR,59.0,2513.5654639987397,7.829855289871948,3.8058
2850,INGRESO_TRANSF,13.0,2994.800301431801,8.004966687352747,3.8738
2850,SERVICIOS_HOGAR,8.0,1228.6360211002261,7.114473486769456,3.5281
2853,INGRESO_TRANSF,40.0,3732.327044025157,8.225055083977539,3.9593
2853,SERVICIOS_HOGAR,35.0,2176.603773584906,7.685980364805741,3.75
2854,RETIRO_TARJETA,3.0,200.9405728943993,5.307973460525698,2.8268
2854,SERVICIOS_HOGAR,19.0,3400.342026507054,8.131925346403847,3.9231
2855,PENSION,40.0,4153.693604362915,8.331993963141615,4.0008
2855,SERVICIOS_HOGAR,35.0,1378.6564204263757,7.229589776447374,3.5728
2856,SERVICIOS_HOGAR,41.0,5950.274906531779,8.691360745592478,4.1403
2857,SERVICIOS_HOGAR,14.0,4397.71258080557,8.389067181820543,4.0229
2858,SERVICIOS_HOGAR,36.0,4762.7883899776725,8.468798510928135,4.0539
2858,TRANSF_SALIENTE,36.0,701.9598114611758,6.555299722980507,3.311
2861,PENSION,70.0,5861.409966024915,8.676316055028915,4.1344
2861,SERVICIOS_HOGAR,66.0,2441.364665911665,7.800721974362068,3.7945
2862,RETIRO_TARJETA,30.0,685.7313969157059,6.531943236025599,3.302
2862,SERVICIOS_HOGAR,63.0,1293.2025752358136,7.1656500124495075,3.548
2862,TRANSF_SALIENTE,63.0,5402.964515646055,8.59488813274581,4.1028
2863,SERVICIOS_HOGAR,31.0,829.4167610419026,6.72192769650694,3.3757
2863,TRANSF_SALIENTE,31.0,4584.1732729331825,8.43058317523782,4.039
2864,SEGURO,29.0,5459.027156072814,8.605209042366292,4.1068
2864,SERVICIOS_HOGAR,29.0,770.2178454192779,6.64797088283577,3.347
2864,TRANSF_SALIENTE,29.0,357.41569680692334,5.881693477036037,3.0495
2865,SEGURO,42.0,1.8276762402088773,1.0394552578203446,1.1697
2865,SERVICIOS_HOGAR,42.0,3181.984334203655,8.06557450556205,3.8973
2865,TRANSF_SALIENTE,84.0,8.224543080939947,2.2218676581784993,1.6287
2866,SERVICIOS_HOGAR,35.0,5048.87597878252,8.52711896331091,4.0765
2867,RETIRO_TARJETA,21.0,1010.3459424506951,6.919037338978098,3.4522
2867,SERVICIOS_HOGAR,57.0,6931.9592628516,8.844042023092486,4.1996
2868,PENSION,54.0,4910.891089108911,8.499414297168485,4.0658
2868,SERVICIOS_HOGAR,50.0,3030.803080308031,8.016912797525148,3.8784
2869,PENSION,27.0,5269.483394833948,8.5698773631038,4.0931
2869,SERVICIOS_HOGAR,23.0,2174.391143911439,7.6849637636353005,3.7496
2870,SERVICIOS_HOGAR,26.0,5000.8547008547,8.517564062805882,4.0728
2871,PENSION,38.0,6674.218134034166,8.80615716199055,4.1848
2871,SERVICIOS_HOGAR,33.0,3320.8147174770043,8.108266514227967,3.9139
2872,SERVICIOS_HOGAR,24.0,3480.2584350323045,8.15514912666219,3.9321
2872,TRANSF_SALIENTE,24.0,3496.6259870782483,8.159839727928956,3.9339
2873,SEGURO,19.0,588.4818884818885,6.3792439959802385,3.2427
2873,SERVICIOS_HOGAR,19.0,2795.4822954822953,7.93611758328587,3.8471
2873,TRANSF_SALIENTE,39.0,2916.8498168498168,7.978602259920594,3.8636
2874,INGRESO_TRANSF,21.0,3105.916030534351,8.04138588312966,3.8879
2874,SERVICIOS_HOGAR,16.0,1577.0992366412213,7.363976387033814,3.625
2876,SERVICIOS_HOGAR,64.0,4901.669106881406,8.497535051485062,4.065
2877,INGRESO_TRANSF,43.0,48642.97366581217,10.792283208735153,4.9559
2877,RETIRO_TARJETA,9.0,538.3360522022839,6.290338850103784,3.2082
2877,SERVICIOS_HOGAR,39.0,4821.603355861105,8.481069176558746,4.0586
2878,PENSION,18.0,6655.926724137931,8.803413204200169,4.1838
2878,SERVICIOS_HOGAR,14.0,2407.7586206896553,7.7868667986281,3.7891
2879,SERVICIOS_HOGAR,10.0,4943.642611683848,8.5060599687825,4.0683
2880,SERVICIOS_HOGAR,62.0,6993.413533834587,8.852867042817712,4.203
2881,SERVICIOS_HOGAR,67.0,4325.859429366737,8.372597252839476,4.0165
2882,SERVICIOS_HOGAR,18.0,4904.187946884576,8.49804868867303,4.0652
2883,PENSION,18.0,5216.7127836192585,8.559814420797151,4.0892
2883,SERVICIOS_HOGAR,13.0,1796.4028776978416,7.494098056256619,3.6755
2884,SERVICIOS_HOGAR,66.0,3597.7934936350775,8.188353927615097,3.945
2885,SERVICIOS_HOGAR,24.0,6809.763101220387,8.826259448845255,4.1926
2886,SERVICIOS_HOGAR,52.0,3180.271270036991,8.06503616633919,3.8971
2887,SERVICIOS_HOGAR,25.0,4767.736486486487,8.46983666126445,4.0543
2888,PENSION,31.0,3970.1406649616365,8.286808653561446,3.9832
2888,SERVICIOS_HOGAR,54.0,2064.705882352941,7.633227278631919,3.7295
2889,INGRESO_TRANSF,33.0,40411.29807692308,10.606889425471204,4.8839
2889,SERVICIOS_HOGAR,29.0,4390.084134615385,8.387331431073983,4.0223
2890,SERVICIOS_HOGAR,31.0,2373.1588032220943,7.772398465612302,3.7835
2890,TRANSF_SALIENTE,31.0,2668.354430379747,7.8895919357846305,3.829
2891,SERVICIOS_HOGAR,15.0,3619.7698744769873,8.19444195471568,3.9474
2891,TRANSF_SALIENTE,15.0,3866.1087866108783,8.260262423254753,3.9729
2893,INGRESO_TRANSF,34.0,3310.9127555427585,8.1052811732327,3.9128
2893,SERVICIOS_HOGAR,30.0,1298.3011805355602,7.1695818454817974,3.5495
2893,TRANSF_SALIENTE,30.0,648.7186870141089,6.47653948000034,3.2804
2895,SERVICIOS_HOGAR,65.0,5216.774193548387,8.559826190239106,4.0892
2896,INGRESO_TRANSF,69.0,3218.201563857515,8.076888646255977,3.9017
2896,SERVICIOS_HOGAR,65.0,1743.1219229655371,7.4640065119826415,3.6638
2896,TRANSF_SALIENTE,64.0,273.3854619171735,5.61453391309676,2.9458
2897,RETIRO_TARJETA,1.0,184.3003412969283,5.221977975151076,2.7934
2897,SERVICIOS_HOGAR,12.0,4710.716723549488,8.457807605432043,4.0496
2898,SERVICIOS_HOGAR,21.0,5539.23900118906,8.619792919819638,4.1125
2899,SERVICIOS_HOGAR,17.0,6094.17104634496,8.715252104908798,4.1496
2901,SERVICIOS_HOGAR,16.0,3809.744331886155,8.245579811739718,3.9672
2902,SERVICIOS_HOGAR,67.0,777.8637770897833,6.657836161631745,3.3508
2902,TRANSF_SALIENTE,67.0,5152.758232479595,8.547481481396423,4.0844
2903,SERVICIOS_HOGAR,50.0,7059.354140357207,8.862250490752924,4.2066
2904,INGRESO_TRANSF,33.0,17197.603355302574,9.752583459231518,4.5523
2906,SEGURO,23.0,286.97402122210025,5.662870271977383,2.9646
2906,SERVICIOS_HOGAR,23.0,2065.2030735455546,7.633467937949596,3.7296
2906,TRANSF_SALIENTE,23.0,5775.667764361508,8.661582284063712,4.1287
2907,PENSION,63.0,6815.274725274725,8.827068373635083,4.193
2907,SERVICIOS_HOGAR,59.0,3689.120879120879,8.213414495067367,3.9547
2908,RETIRO_TARJETA,3.0,199.81412639405204,5.302379735911077,2.8246
2908,SERVICIOS_HOGAR,16.0,2384.386617100372,7.777116493791098,3.7854
2909,SERVICIOS_HOGAR,29.0,6203.830951657039,8.733083453376699,4.1565
2910,INGRESO_TRANSF,14.0,47352.93296089386,10.765405156640922,4.9455
2910,RETIRO_TARJETA,2.0,335.195530726257,5.817692927389002,3.0247
2910,SERVICIOS_HOGAR,9.0,4259.916201117318,8.357239486823849,4.0106
2910,TRANSF_SALIENTE,9.0,4811.731843575419,8.479020152724047,4.0578
2911,SEGURO,42.0,2340.2079722703643,7.758422302618155,3.7781
2911,SERVICIOS_HOGAR,42.0,561.3951473136915,6.332204711927386,3.2244
2911,TRANSF_SALIENTE,42.0,3993.457538994801,8.292663063998232,3.9855
2912,RETIRO_TARJETA,4.0,207.31247644176403,5.33903924297711,2.8389
2913,PENSION,60.0,4464.303544682975,8.404092474131536,4.0288
2913,SERVICIOS_HOGAR,110.0,2727.5753037111,7.911534885186656,3.8375
2914,SERVICIOS_HOGAR,24.0,1576.9203029210241,7.363862995010637,3.6249
2914,TRANSF_SALIENTE,23.0,2792.6794085827623,7.935114790421265,3.8467
2915,INGRESO_TRANSF,65.0,51819.791666666664,10.85554673124114,4.9805
2915,RETIRO_TARJETA,5.0,197.61029411764704,5.291344583689957,2.8203
2916,SEGURO,21.0,3061.4457831325303,8.026969151229345,3.8824
2916,SERVICIOS_HOGAR,21.0,1767.710843373494,7.478006223124446,3.6692
2916,TRANSF_SALIENTE,42.0,537.2289156626506,6.2882839634617165,3.2074
2917,SERVICIOS_HOGAR,23.0,4925.6,8.502404373942799,4.0669
2918,SERVICIOS_HOGAR,7.0,5712.762645914397,8.650633042886016,4.1245
2919,SERVICIOS_HOGAR,39.0,6538.051680768352,8.785547430996683,4.1768
2920,SERVICIOS_HOGAR,9.0,3643.1098010316873,8.20086738993239,3.9499
2921,SERVICIOS_HOGAR,22.0,5477.4358974358975,8.60857491902604,4.1081
2923,PENSION,47.0,4120.264317180617,8.323915268369744,3.9976
2923,SERVICIOS_HOGAR,43.0,2513.0690161527164,7.829657841499196,3.8058
2925,SERVICIOS_HOGAR,68.0,4077.5327937482557,8.313492593347823,3.9936
2926,SEGURO,67.0,813.1431767337808,6.702136243328559,3.368
2926,SERVICIOS_HOGAR,67.0,1262.8076062639823,7.141884352887458,3.5387
2926,TRANSF_SALIENTE,133.0,1663.4647651006712,7.417258888332431,3.6457
2927,RETIRO_TARJETA,2.0,260.5091770278271,5.566469376685867,2.9271
2928,PENSION,60.0,5480.759702725021,8.609181442032066,4.1084
2928,SERVICIOS_HOGAR,55.0,3239.1412056151944,8.083372189816707,3.9042
2929,INGRESO_TRANSF,32.0,39012.85801340646,10.571672195672813,4.8702
2929,SERVICIOS_HOGAR,28.0,192.80926264472882,5.266874493178969,2.8108
2929,TRANSF_SALIENTE,28.0,10057.647775746496,9.216188018689328,4.344
2930,SERVICIOS_HOGAR,25.0,10659.107016300497,9.274263736722023,4.3666
2931,PENSION,44.0,4332.893239244252,8.374221548485158,4.0172
2931,SERVICIOS_HOGAR,39.0,2560.346005007967,7.8482881825042865,3.813
2932,SEGURO,65.0,3.8285966720659697,1.5745558813626506,1.3774
2932,SERVICIOS_HOGAR,65.0,4709.173906641143,8.457480109182578,4.0495
2932,TRANSF_SALIENTE,130.0,31.58592254454425,3.4838803713229343,2.1186
2933,SERVICIOS_HOGAR,65.0,5779.843444227005,8.662304875627212,4.129
2934,RETIRO_TARJETA,8.0,807.7786088257293,6.695525219317101,3.3655
2935,INGRESO_TRANSF,43.0,3109.5041322314046,8.04254009243238,3.8884
2935,SERVICIOS_HOGAR,39.0,1880.1652892561983,7.539646698516546,3.6932
2936,SERVICIOS_HOGAR,29.0,3715.324283559578,8.220490362961394,3.9575
2937,PENSION,22.0,4814.363143631436,8.479566740626435,4.0581
2937,SERVICIOS_HOGAR,17.0,2480.126467931346,7.816467956971983,3.8006
2938,SEGURO,62.0,6457.0195715826785,8.773077981908655,4.172
2938,SERVICIOS_HOGAR,62.0,1907.1043304053012,7.55386553101923,3.6987
2938,TRANSF_SALIENTE,62.0,2186.0995530898444,7.6903315400293355,3.7517
2939,PENSION,18.0,5648.618784530387,8.639343350099631,4.1201
2939,SERVICIOS_HOGAR,13.0,2069.944751381215,7.635760183773305,3.7305
2940,SERVICIOS_HOGAR,65.0,7023.1013136041065,8.857102559129508,4.2046
2942,SERVICIOS_HOGAR,10.0,1611.4398422090728,7.3855037408168345,3.6333
2942,TRANSF_SALIENTE,10.0,704.7994740302432,6.559331166030129,3.3126
2944,SERVICIOS_HOGAR,31.0,2594.7826086956525,7.861643333445273,3.8182
2944,TRANSF_SALIENTE,31.0,534.7826086956522,6.283728498008974,3.2056
2945,PENSION,29.0,5824.435456690259,8.669989032153122,4.132
2945,SERVICIOS_HOGAR,25.0,1562.1840242669361,7.354480061345645,3.6213
2946,PENSION,32.0,4033.2075471698113,8.30256516666262,3.9893
2946,SERVICIOS_HOGAR,27.0,2268.6792452830186,7.727393798853995,3.7661
2947,PENSION,29.0,5248.484848484848,8.56588522667306,4.0916
2947,SERVICIOS_HOGAR,25.0,1940.0905607802158,7.571005238845283,3.7053
2949,PENSION,50.0,6367.971388833698,8.759193258107185,4.1666
2949,SERVICIOS_HOGAR,91.0,1858.9906616332207,7.528326746067343,3.6888
2950,SERVICIOS_HOGAR,26.0,7476.836158192091,8.919698745453774,4.2289
2951,SEGURO,59.0,427.2413793103448,6.059687006961559,3.1186
2951,SERVICIOS_HOGAR,60.0,698.7460815047023,6.550717528529511,3.3092
2951,TRANSF_SALIENTE,60.0,1702.1943573667713,7.440260800613925,3.6546
2952,PENSION,20.0,4806.563898557932,8.477945768806311,4.0574
2952,SERVICIOS_HOGAR,31.0,1855.4947787170563,7.526445461179598,3.688
2953,RETIRO_TARJETA,8.0,533.4765485141425,6.28128785394434,3.2046
2953,SERVICIOS_HOGAR,24.0,498.38882921589686,6.213385009185197,3.1783
2953,TRANSF_SALIENTE,24.0,2447.2610096670246,7.803133259544545,3.7955
2954,RETIRO_TARJETA,2.0,240.84778420038535,5.488308537351418,2.8968
2954,SERVICIOS_HOGAR,16.0,6401.541425818882,8.764450288309504,4.1687
2955,PENSION,27.0,5060.258302583025,8.529370407766468,4.0774
2955,SERVICIOS_HOGAR,23.0,2873.7269372693727,7.9637129703796345,3.8578
2956,SERVICIOS_HOGAR,13.0,6289.245585874799,8.746755392791563,4.1618
2957,SERVICIOS_HOGAR,37.0,4174.082178458546,8.336889320554365,4.0027
2958,PENSION,63.0,5233.433259703376,8.56301385759758,4.0905
2958,SERVICIOS_HOGAR,58.0,2984.1905964026505,8.001418875179462,3.8724
2959,RETIRO_TARJETA,11.0,402.40756663800516,5.9999473825033585,3.0954
2960,SERVICIOS_HOGAR,46.0,7958.40311587147,8.982109290583598,4.2532
2961,PENSION,29.0,4905.433682078974,8.498302619215442,4.0653
2961,SERVICIOS_HOGAR,49.0,1365.8454269321635,7.220260755664956,3.5692
2963,RETIRO_TARJETA,2.0,109.26750303520842,4.702909259415252,2.5919
2963,SERVICIOS_HOGAR,20.0,4128.692836908134,8.325958309559232,3.9984
2964,PENSION,24.0,4455.5508653440265,8.402130397248264,4.028
2964,SERVICIOS_HOGAR,19.0,1849.4723512030391,7.523196210457112,3.6868
2965,PENSION,38.0,5515.400516795865,8.615480846283715,4.1108
2965,SERVICIOS_HOGAR,34.0,2326.40826873385,7.752510596444949,3.7758
2966,RETIRO_TARJETA,5.0,770.3213610586012,6.64810509743342,3.3471
2966,SERVICIOS_HOGAR,19.0,4094.5179584120983,8.317648473859265,3.9952
2967,SEGURO,20.0,3512.5195618153366,8.164373538231763,3.9357
2967,SERVICIOS_HOGAR,21.0,2190.3755868544604,7.692284747475935,3.7524
2967,TRANSF_SALIENTE,21.0,856.1032863849765,6.753558432205008,3.388
2968,INGRESO_TRANSF,47.0,38721.65741136266,10.564180170527285,4.8673
2968,RETIRO_TARJETA,2.0,102.52029047415634,4.639767636720025,2.5674
2968,SERVICIOS_HOGAR,43.0,1280.264844083725,7.1556030284459275,3.5441
2968,TRANSF_SALIENTE,43.0,2097.650576676634,7.649049834631935,3.7356
2972,RETIRO_TARJETA,17.0,806.662312214239,6.694144040735912,3.3649
2973,RETIRO_TARJETA,12.0,743.3380084151473,6.612495244050416,3.3332
2973,SERVICIOS_HOGAR,23.0,3526.6129032258063,8.168376689798981,3.9372
2973,TRANSF_SALIENTE,23.0,170.96774193548387,5.147306912337615,2.7644
2974,PENSION,69.0,5532.289571962079,8.618537776963699,4.112
2974,SERVICIOS_HOGAR,64.0,1421.2008043665612,7.259960813028333,3.5846
2976,SERVICIOS_HOGAR,24.0,7162.803804156393,8.876796376451093,4.2123
2977,INGRESO_TRANSF,30.0,40997.529644268776,10.621291482708468,4.8895
2977,SERVICIOS_HOGAR,26.0,2616.2714097496705,7.8698876074123225,3.8214
2978,SERVICIOS_HOGAR,44.0,2956.6527196652723,7.992151232614108,3.8688
2979,PENSION,13.0,5134.363225320271,8.543905855074337,4.083
2979,SERVICIOS_HOGAR,8.0,2106.405425772419,7.653212813790764,3.7373
2980,PENSION,60.0,4915.829352660187,8.500419161229086,4.0662
2980,SERVICIOS_HOGAR,56.0,3058.73826387745,8.026084656607555,3.882
2981,INGRESO_TRANSF,24.0,3081.795088907705,8.033591960840322,3.8849
2981,SERVICIOS_HOGAR,19.0,1626.5029635901778,7.394802195027412,3.6369
2982,INGRESO_TRANSF,31.0,53677.720207253886,10.890771930214822,4.9941
2982,RETIRO_TARJETA,11.0,1858.8082901554405,7.528228691586286,3.6887
2982,SEGURO,27.0,197.6036269430052,5.29131101399721,2.8203
2982,SERVICIOS_HOGAR,27.0,7119.851036269431,8.870782524829103,4.2099
2982,TRANSF_SALIENTE,53.0,162.75906735751295,5.098396246157975,2.7454
2985,PENSION,69.0,4530.161266889438,8.418733535931674,4.0344
2985,SERVICIOS_HOGAR,64.0,1964.724684004068,7.583616252245681,3.7102
2986,RETIRO_TARJETA,11.0,467.6039119804401,6.149757874268555,3.1536
2986,SERVICIOS_HOGAR,28.0,2824.8166259168706,7.946552672928551,3.8511
2986,TRANSF_SALIENTE,28.0,1189.4865525672371,7.082117370245513,3.5155
2987,SERVICIOS_HOGAR,59.0,5176.7921852843865,8.552134025339301,4.0862
2989,PENSION,61.0,5086.329404060249,8.534508296817178,4.0794
2989,SERVICIOS_HOGAR,56.0,3112.6391617550753,8.04354746955746,3.8888
2990,RETIRO_TARJETA,7.0,349.4721514379323,5.8592812495032796,3.0408
2990,SERVICIOS_HOGAR,23.0,18.420094648707682,2.966308336626157,1.9177
2990,TRANSF_SALIENTE,23.0,2263.9970877320716,7.725328752146803,3.7653
2991,SEGURO,63.0,6.550802139037434,2.021653801198601,1.551
2991,SERVICIOS_HOGAR,63.0,8628.342245989306,9.062923564022082,4.2845
2991,TRANSF_SALIENTE,126.0,213.36898395721929,5.367698754353105,2.85
2992,SERVICIOS_HOGAR,13.0,3967.6470588235293,8.286180524370378,3.983
2993,RETIRO_TARJETA,3.0,173.6111111111111,5.162561278901403,2.7703
2994,RETIRO_TARJETA,12.0,710.9301597243971,6.567979816326087,3.3159
2994,SERVICIOS_HOGAR,28.0,2821.046038208581,7.945217446315329,3.8506
2995,SERVICIOS_HOGAR,8.0,4462.102689486553,8.403599473436167,4.0286
2996,SEGURO,51.0,90.98936745359524,4.521672999213606,2.5215
2996,SERVICIOS_HOGAR,50.0,6561.542620291944,8.789133401399468,4.1782
2996,TRANSF_SALIENTE,101.0,382.9879257523878,5.950611108740217,3.0763
2997,INGRESO_TRANSF,16.0,3024.7133757961783,8.014902169371675,3.8777
2997,SERVICIOS_HOGAR,11.0,1385.859872611465,7.2347973860916985,3.5748
2998,RETIRO_TARJETA,1.0,270.07299270072997,5.6023881303717955,2.9411
2998,SEGURO,10.0,2.18978102189781,1.1599522692674653,1.2165
2998,SERVICIOS_HOGAR,10.0,2313.868613138686,7.747108210326012,3.7737
2998,TRANSF_SALIENTE,9.0,18.394160583941606,2.9649720199316887,1.9172
2999,SERVICIOS_HOGAR,22.0,2308.6013462976816,7.744830211262342,3.7728
3003,RETIRO_TARJETA,5.0,145.63901161839306,4.987973863317743,2.7026
3004,PENSION,28.0,4593.425238600213,8.432598942874762,4.0398
3004,SERVICIOS_HOGAR,47.0,2569.2470837751857,7.851757314814728,3.8143
3005,SERVICIOS_HOGAR,10.0,2914.055884843353,7.977644270073671,3.8632
3005,TRANSF_SALIENTE,10.0,3258.255715495343,8.089254140164222,3.9065
3006,PENSION,48.0,6420.012507817386,8.767331095746892,4.1698
3006,SERVICIOS_HOGAR,43.0,3391.0569105691056,8.12919177465109,3.922
3007,SEGURO,67.0,5288.180535966149,8.573418604717897,4.0945
3007,SERVICIOS_HOGAR,67.0,928.9280677009872,6.835107236597824,3.4197
3007,TRANSF_SALIENTE,133.0,2255.8110014104373,7.721708034458977,3.7638
3008,PENSION,70.0,6926.084474885845,8.843194292965691,4.1992
3008,SERVICIOS_HOGAR,66.0,1996.5753424657535,7.599689395309962,3.7165
3009,PENSION,35.0,4091.4651493598863,8.316902793475345,3.9949
3009,SERVICIOS_HOGAR,31.0,2415.6187766714083,7.790124642434498,3.7904
3010,RETIRO_TARJETA,12.0,502.6521848951755,6.22188592050134,3.1816
3011,INGRESO_TRANSF,64.0,3272.5340003126466,8.09362541435925,3.9082
3011,SERVICIOS_HOGAR,60.0,1915.2727841175551,7.558137320065792,3.7003
3011,TRANSF_SALIENTE,60.0,129.4356729717055,4.870880177814208,2.6571
3012,INGRESO_TRANSF,20.0,3818.003913894325,8.247744912072942,3.9681
3012,SERVICIOS_HOGAR,16.0,2036.0078277886496,7.619237259021901,3.7241
3013,PENSION,13.0,4821.55782848151,8.48105973609866,4.0586
3013,SERVICIOS_HOGAR,9.0,2169.6302124311565,7.68277282484583,3.7487
3015,INGRESO_TRANSF,30.0,3167.1035386631715,8.060888435059079,3.8955
3015,SERVICIOS_HOGAR,26.0,15.334207077326344,2.79326150254192,1.8505
3015,TRANSF_SALIENTE,26.0,1814.5478374836173,7.504142539988724,3.6794
3016,SERVICIOS_HOGAR,30.0,7464.504820333042,8.918048332647716,4.2283
3017,SEGURO,47.0,1047.5204256127683,6.955135330946474,3.4662
3017,SERVICIOS_HOGAR,48.0,2753.4106023180693,7.920958761246527,3.8412
3017,TRANSF_SALIENTE,96.0,2513.5474064221926,7.8298481086545,3.8058
3021,INGRESO_TRANSF,32.0,21037.762669962918,9.954121856660523,4.6305
3022,PENSION,26.0,4751.345119139124,8.466393484486801,4.0529
3022,SERVICIOS_HOGAR,22.0,2680.2459646425827,7.894036877646787,3.8307
3023,PENSION,15.0,6310.309278350515,8.7500984266187,4.1631
3023,SERVICIOS_HOGAR,10.0,1520.9621993127148,7.327755701919196,3.6109
3024,PENSION,24.0,6600.24580090127,8.795013667914334,4.1805
3024,SERVICIOS_HOGAR,40.0,1852.5194592380171,7.524841521180412,3.6874
3025,PENSION,12.0,6303.960396039604,8.749091967021577,4.1627
3025,SERVICIOS_HOGAR,7.0,1937.1287128712872,7.5694782055555745,3.7047
3026,SERVICIOS_HOGAR,66.0,7525.706977405143,8.926212904743762,4.2315
3027,PENSION,32.0,4469.223573433115,8.405193702784825,4.0292
3027,SERVICIOS_HOGAR,27.0,2215.060804490178,7.703486486340094,3.7568
3028,PENSION,63.0,4180.160604629193,8.338344143589193,4.0032
3028,SERVICIOS_HOGAR,59.0,2043.77263423083,7.623041880990585,3.7255
3029,PENSION,24.0,5926.146220570012,8.68729813173324,4.1387
3029,SERVICIOS_HOGAR,20.0,1250.7228418009088,7.132276154790074,3.535
3030,INGRESO_TRANSF,54.0,3114.1226293500276,8.044023797814264,3.889
3030,SERVICIOS_HOGAR,50.0,269.74774443012336,5.601187555025063,2.9406
3030,TRANSF_SALIENTE,50.0,1652.5501749217456,7.410679876637444,3.6431
3031,PENSION,22.0,4237.937384898711,8.352067900047201,4.0086
3031,SERVICIOS_HOGAR,17.0,2182.9189686924497,7.688876233929443,3.7511
3032,PENSION,66.0,6526.875280730647,8.783836791181203,4.1762
3032,SERVICIOS_HOGAR,62.0,2653.0318910016467,7.883835231022538,3.8268
3033,INGRESO_TRANSF,12.0,2746.372239747634,7.918400184649781,3.8402
3033,SEGURO,8.0,717.3501577287067,6.576957135027535,3.3194
3033,SERVICIOS_HOGAR,8.0,381.70347003154575,5.947260459627408,3.075
3033,TRANSF_SALIENTE,8.0,121.13564668769716,4.805132285172711,2.6316
3035,INGRESO_TRANSF,64.0,49909.81547526749,10.817993001245574,4.9659
3035,RETIRO_TARJETA,6.0,446.5808652504265,6.10385722586005,3.1358
3035,SERVICIOS_HOGAR,59.0,6883.485811753761,8.83702572598518,4.1968
3035,TRANSF_SALIENTE,60.0,4576.523492014267,8.428913408597598,4.0384
3037,SERVICIOS_HOGAR,36.0,4061.5942028985505,8.309577014774943,3.9921
3038,RETIRO_TARJETA,11.0,850.4672897196261,6.746961084473065,3.3854
3039,SERVICIOS_HOGAR,56.0,4646.671061305207,8.444121526084494,4.0443
3039,TRANSF_SALIENTE,56.0,1137.9037574159524,7.037821462437171,3.4983
3040,INGRESO_TRANSF,29.0,3313.2826011760635,8.10599646929832,3.913
3040,SERVICIOS_HOGAR,25.0,1904.1854029747492,7.552334607221283,3.6981
3041,SEGURO,28.0,632.5326847065977,6.451311592284417,3.2707
3041,SERVICIOS_HOGAR,28.0,110.67193675889328,4.715565436899075,2.5968
3041,TRANSF_SALIENTE,28.0,1555.366372757677,7.350109135092922,3.6196
3042,SERVICIOS_HOGAR,58.0,2635.4498188120374,7.877188525530158,3.8242
3042,TRANSF_SALIENTE,59.0,3215.393099101938,8.076015855136914,3.9014
3043,PENSION,24.0,4143.3679833679835,8.3295055790722,3.9998
3043,SERVICIOS_HOGAR,20.0,2301.871101871102,7.741911928593493,3.7717
3044,PENSION,27.0,4054.4133672357425,8.30780790148609,3.9914
3044,SERVICIOS_HOGAR,22.0,2202.3973846712674,7.697755713953852,3.7545
3045,PENSION,42.0,5968.162692847125,8.694361944095935,4.1414
3045,SERVICIOS_HOGAR,38.0,2101.636278634876,7.65094720717098,3.7364
3046,INGRESO_TRANSF,16.0,3605.282112845138,8.190432634991843,3.9458
3046,SERVICIOS_HOGAR,11.0,1247.2388955582232,7.129488953333317,3.5339
3046,TRANSF_SALIENTE,12.0,441.5366146458583,6.0925232059872005,3.1314
3047,INGRESO_TRANSF,70.0,3453.7707711972735,8.147511387024526,3.9291
3047,SERVICIOS_HOGAR,66.0,2170.9416276097145,7.683376805743201,3.749
3049,INGRESO_TRANSF,52.0,2956.2125603864733,7.992002401065537,3.8688
3049,SERVICIOS_HOGAR,47.0,1781.0048309178744,7.485494318979871,3.6721
3050,INGRESO_TRANSF,67.0,44636.92829743287,10.70633918687057,4.9225
3050,RETIRO_TARJETA,22.0,833.5792269105931,6.726927677973015,3.3777
3050,SEGURO,63.0,38.10858660371791,3.6663420491145957,2.1895
3050,SERVICIOS_HOGAR,63.0,9030.805547359103,9.108507576297374,4.3022
3050,TRANSF_SALIENTE,63.0,110.60784892298614,4.714991378325243,2.5966
3051,RETIRO_TARJETA,4.0,366.8704836020011,5.907730929487451,3.0596
3051,SEGURO,34.0,588.7159533073931,6.379640985900477,3.2428
3051,SERVICIOS_HOGAR,34.0,3878.1545302946083,8.263372504309425,3.9741
3051,TRANSF_SALIENTE,34.0,173.87437465258478,5.1640678570111875,2.7709
3053,SERVICIOS_HOGAR,59.0,3479.7696856520383,8.15500872235109,3.9321
3053,TRANSF_SALIENTE,59.0,3374.1830065359472,8.124204825995353,3.9201
3055,PENSION,31.0,6774.663245670302,8.821092536996295,4.1906
3055,SERVICIOS_HOGAR,52.0,2017.1263630532392,7.609924816918067,3.7204
3056,PENSION,60.0,4331.066511859347,8.373799961617824,4.017
3056,SERVICIOS_HOGAR,111.0,2660.855863327252,7.886778851481314,3.8279
3057,SERVICIOS_HOGAR,12.0,3226.3888888888887,8.079428695757597,3.9027
3059,RETIRO_TARJETA,11.0,1108.1441922563417,7.0113439989673285,3.4881
3059,SEGURO,18.0,423.7650200267023,6.051536121967319,3.1155
3059,SERVICIOS_HOGAR,18.0,1147.9305740987984,7.0465868531327045,3.5018
3059,TRANSF_SALIENTE,18.0,1408.2777036048064,7.250832585171729,3.581
3060,SERVICIOS_HOGAR,14.0,2959.957287773625,7.993267903064631,3.8693
3061,INGRESO_TRANSF,38.0,2986.6490066225165,8.002242071689695,3.8728
3061,SERVICIOS_HOGAR,34.0,1781.5099337748345,7.485777725218131,3.6723
3062,PENSION,16.0,4323.774954627949,8.37211538440015,4.0163
3062,SERVICIOS_HOGAR,11.0,1755.4748941318812,7.471064178482118,3.6665
3063,INGRESO_TRANSF,67.0,3485.1168328620333,8.156543740395588,3.9327
3063,SERVICIOS_HOGAR,63.0,2184.70010418217,7.689691470021497,3.7514
3064,SERVICIOS_HOGAR,62.0,1340.615247436469,7.201629575558064,3.5619
3064,TRANSF_SALIENTE,62.0,4343.409124684203,8.376645038736104,4.0181
3066,SERVICIOS_HOGAR,24.0,2717.8197064989517,7.907953133680344,3.8361
3067,SERVICIOS_HOGAR,19.0,2151.1304347826085,7.6742135304033665,3.7454
3067,TRANSF_SALIENTE,19.0,1098.695652173913,7.002788740661636,3.4847
3068,PENSION,68.0,6173.933440844452,8.728253382627472,4.1546
3068,SERVICIOS_HOGAR,63.0,3581.7915261691837,8.183897531456227,3.9433
3069,SERVICIOS_HOGAR,65.0,6279.867416054187,8.745263373499569,4.1612
3070,SERVICIOS_HOGAR,12.0,2479.363135333742,7.816160253977654,3.8005
3071,RETIRO_TARJETA,1.0,130.06317354143442,4.875679447734747,2.659
3071,SERVICIOS_HOGAR,22.0,4187.43961352657,8.34008353628248,4.0039
3071,TRANSF_SALIENTE,22.0,3489.26049795615,8.157731653659134,3.9331
3072,SERVICIOS_HOGAR,63.0,4963.864792102901,8.510141343903616,4.0699
3075,PENSION,18.0,4998.461538461539,8.517085493309311,4.0726
3075,SERVICIOS_HOGAR,13.0,1087.857142857143,6.992883932378493,3.4809
3076,PENSION,69.0,4154.366685945633,8.332155955127394,4.0008
3076,SERVICIOS_HOGAR,64.0,2512.434933487565,7.8294055959813935,3.8057
3077,RETIRO_TARJETA,5.0,609.7560975609756,6.414697693814539,3.2564
3077,SERVICIOS_HOGAR,16.0,2886.243902439024,7.96805765910069,3.8595
3078,INGRESO_TRANSF,65.0,3321.935582353839,8.108603882778143,3.914
3078,SERVICIOS_HOGAR,60.0,2044.2680506792854,7.623284136013967,3.7256
3079,INGRESO_TRANSF,34.0,3434.85647334505,8.142021510795447,3.927
3079,SERVICIOS_HOGAR,30.0,205.62390158172232,5.330900240128134,2.8357
3079,TRANSF_SALIENTE,30.0,1814.5869947275921,7.50416410748527,3.6794
3080,PENSION,38.0,5573.26680672269,8.625916073190327,4.1149
3080,SERVICIOS_HOGAR,33.0,2910.8981092436975,7.976560418746892,3.8628
3082,SERVICIOS_HOGAR,9.0,5008.463251670379,8.51908405294437,4.0734
3084,SERVICIOS_HOGAR,30.0,7609.005414648047,8.937219162372962,4.2357
3085,SERVICIOS_HOGAR,13.0,4147.101449275362,8.330406026445559,4.0002
3085,TRANSF_SALIENTE,14.0,707.803790412486,6.5635787469239855,3.3142
3086,RETIRO_TARJETA,11.0,466.65590182464075,6.147732772975503,3.1528
3086,SERVICIOS_HOGAR,57.0,4622.218633941547,8.438846415524418,4.0422
3087,INGRESO_TRANSF,61.0,2905.7161629434954,7.9747792566255375,3.8621
3087,SEGURO,57.0,648.8337713534822,6.4767165938043005,3.2805
3087,SERVICIOS_HOGAR,56.0,777.2667542706964,6.657069337224518,3.3505
3087,TRANSF_SALIENTE,56.0,363.33771353482257,5.898081221947108,3.0559
3088,RETIRO_TARJETA,13.0,749.1856677524429,6.620320732896435,3.3363
3088,SERVICIOS_HOGAR,29.0,5037.429671305892,8.524849739362821,4.0756
3090,SEGURO,18.0,466.96392379408184,6.148391207036294,3.1531
3090,SERVICIOS_HOGAR,18.0,4982.650993109039,8.513918032555729,4.0714
3090,TRANSF_SALIENTE,18.0,526.7936765301986,6.268705443190705,3.1998
3091,SERVICIOS_HOGAR,57.0,4552.231056303748,8.423592382192043,4.0363
3091,TRANSF_SALIENTE,56.0,3077.5920817783544,8.032227655152383,3.8844
3092,PENSION,36.0,5591.531481990652,8.629187322671758,4.1161
3092,SERVICIOS_HOGAR,32.0,2033.3241682705527,7.61791893867398,3.7236
3093,SERVICIOS_HOGAR,20.0,3350.197628458498,8.117073061963232,3.9173
3094,SEGURO,56.0,19.48632974316487,3.0197578219096433,1.9385
3094,SERVICIOS_HOGAR,55.0,4940.43082021541,8.5054102079642,4.0681
3094,TRANSF_SALIENTE,111.0,24.888152444076223,3.253785429458721,2.0293
3096,SEGURO,62.0,7.5071893446344795,2.140911611255689,1.5973
3096,SERVICIOS_HOGAR,62.0,6048.917814439232,8.707799966542408,4.1467
3096,TRANSF_SALIENTE,123.0,1555.7590434387773,7.350361402914283,3.6197
3097,INGRESO_TRANSF,16.0,3656.0386473429953,8.204408986139205,3.9512
3097,SERVICIOS_HOGAR,11.0,267.69323671497585,5.593570344910084,2.9377
3097,TRANSF_SALIENTE,12.0,1535.5072463768117,7.337267097717447,3.6146
3098,SERVICIOS_HOGAR,22.0,3688.023298143429,8.213117013148278,3.9546
3099,PENSION,67.0,5985.054912436925,8.69718786184817,4.1425
3099,SERVICIOS_HOGAR,63.0,2996.6607301869994,8.005587506877603,3.8741
3100,SERVICIOS_HOGAR,13.0,157.70491803278688,5.06704661654676,2.7333
3100,TRANSF_SALIENTE,13.0,4457.650273224043,8.402601369890652,4.0282
3101,INGRESO_TRANSF,58.0,2902.496126699948,7.97367085080052,3.8617
3101,SERVICIOS_HOGAR,53.0,1768.1872955758306,7.478275565082017,3.6693
3102,RETIRO_TARJETA,1.0,302.11480362537765,5.714111623601466,2.9845
3102,SERVICIOS_HOGAR,8.0,4061.631419939577,8.309586175638346,3.9921
3103,RETIRO_TARJETA,2.0,52.25342913128674,3.9750621993478235,2.3093
3104,INGRESO_TRANSF,20.0,2995.5156950672645,8.005205457684378,3.8739
3104,SERVICIOS_HOGAR,15.0,1497.7578475336322,7.312391942380481,3.6049
3105,INGRESO_TRANSF,13.0,3143.0503380916603,8.053267164264328,3.8926
3105,SERVICIOS_HOGAR,9.0,1450.4132231404958,7.280292997413322,3.5925
3106,RETIRO_TARJETA,2.0,330.03300330033005,5.802218078262547,3.0187
3107,PENSION,61.0,6265.079882621454,8.742906220013934,4.1603
3107,SERVICIOS_HOGAR,57.0,2455.07010107597,7.806317831643071,3.7967
3108,INGRESO_TRANSF,69.0,3037.031182641184,8.018964947303562,3.8792
3108,SERVICIOS_HOGAR,64.0,1434.6888920821957,7.269400077168561,3.5883
3108,TRANSF_SALIENTE,64.0,443.2820807587297,6.0964596777279665,3.1329
3109,INGRESO_TRANSF,44.0,16511.656989727555,9.711882456111809,4.5365
3111,SERVICIOS_HOGAR,33.0,3182.860927152318,8.065849867352142,3.8974
3112,RETIRO_TARJETA,11.0,627.0188105643169,6.442570119147506,3.2673
3112,SERVICIOS_HOGAR,45.0,1255.1776553296597,7.135828782351859,3.5364
3112,TRANSF_SALIENTE,45.0,1354.3606308189244,7.2118228461084986,3.5659
3113,RETIRO_TARJETA,5.0,203.13226856877037,5.31876815907685,2.831
3113,SEGURO,56.0,318.6850674523182,5.7673363469746874,3.0051
3113,SERVICIOS_HOGAR,52.0,6451.418824623973,8.772210351060162,4.1717
3113,TRANSF_SALIENTE,108.0,3568.2431384710812,8.18010884626672,3.9418
3114,RETIRO_TARJETA,23.0,1166.4482306684142,7.0625756465200125,3.508
3115,INGRESO_TRANSF,33.0,34881.44796380091,10.459739058008664,4.8268
3115,SERVICIOS_HOGAR,29.0,12879.849170437406,9.463496926866885,4.44
3116,RETIRO_TARJETA,3.0,182.64840182648402,5.2130230699489335,2.7899
3116,SERVICIOS_HOGAR,29.0,7977.869101978691,8.984551963857092,4.2541
3117,PENSION,70.0,5341.265317754345,8.58340505880766,4.0984
3117,SERVICIOS_HOGAR,66.0,3357.366771159874,8.119210054770122,3.9182
3118,SERVICIOS_HOGAR,29.0,7644.437852269356,8.94186438974724,4.2375
3119,INGRESO_TRANSF,20.0,3172.172172172172,8.062487051747446,3.8961
3119,SEGURO,15.0,663.6636636636637,6.499281143784787,3.2893
3119,SERVICIOS_HOGAR,16.0,916.1161161161161,6.821234090320884,3.4143
3119,TRANSF_SALIENTE,15.0,63.06306306306306,4.1598679585711835,2.3811
3120,PENSION,30.0,5617.588932806324,8.633835831790156,4.1179
3120,SERVICIOS_HOGAR,26.0,2486.9565217391305,7.8192169785211405,3.8017
3121,PENSION,34.0,4382.647320106603,8.385636378335837,4.0216
3121,SERVICIOS_HOGAR,29.0,2492.0935741782646,7.8212796175878045,3.8025
3122,SERVICIOS_HOGAR,15.0,3774.0458015267177,8.236167794464283,3.9636
3124,RETIRO_TARJETA,17.0,905.8906360009388,6.810021865117317,3.4099
3124,SEGURO,38.0,781.2250645388407,6.662142505452671,3.3525
3124,SERVICIOS_HOGAR,38.0,3254.2126261440976,8.088012875441354,3.9061
3124,TRANSF_SALIENTE,37.0,704.2243604787609,6.558515993997929,3.3123
3125,SERVICIOS_HOGAR,19.0,3294.7303921568628,8.100383089187586,3.9109
3126,SERVICIOS_HOGAR,24.0,3435.2097525994977,8.142124326817045,3.9271
3127,RETIRO_TARJETA,17.0,660.9017912291538,6.495117193314226,3.2877
3127,SERVICIOS_HOGAR,57.0,6455.1883878937615,8.772794389804991,4.1719
3129,PENSION,61.0,6743.582580115037,8.81649488090254,4.1889
3129,SERVICIOS_HOGAR,56.0,2491.240755957272,7.820937486780585,3.8024
3130,PENSION,33.0,6286.6087477531455,8.746336110123734,4.1616
3130,SERVICIOS_HOGAR,29.0,1343.1396045536248,7.20350938812446,3.5627
3131,INGRESO_TRANSF,38.0,23040.830721003134,10.04506657003005,4.6658
3131,RETIRO_TARJETA,6.0,363.1138975966562,5.897466724177348,3.0556
3131,SERVICIOS_HOGAR,34.0,8110.083594566353,9.00098675033783,4.2605
3132,SEGURO,34.0,11.40056744905855,2.5177422335847925,1.7436
3132,SERVICIOS_HOGAR,35.0,3177.714727882383,8.064232220452157,3.8968
3132,TRANSF_SALIENTE,34.0,749.8065514573123,6.621148030642999,3.3366
3133,SERVICIOS_HOGAR,62.0,2972.3858173076924,7.997456588311041,3.8709
3133,TRANSF_SALIENTE,61.0,5798.482572115385,8.665523980850667,4.1302
3134,SERVICIOS_HOGAR,52.0,3030.2425106990017,8.016727883985505,3.8784
3135,SERVICIOS_HOGAR,56.0,6347.039254823686,8.755901265436835,4.1653
3136,SERVICIOS_HOGAR,60.0,2458.7127643154804,7.807799859635758,3.7973
3136,TRANSF_SALIENTE,60.0,3231.05417502701,8.080873181575694,3.9033
3137,INGRESO_TRANSF,24.0,26900.530395756832,10.19993845600721,4.7259
3138,RETIRO_TARJETA,22.0,830.0751879699249,6.722720269667322,3.376
3140,SERVICIOS_HOGAR,15.0,1817.440081591025,7.505734314525403,3.68
3140,TRANSF_SALIENTE,14.0,1412.1366649668537,7.253567097729242,3.5821
3141,INGRESO_TRANSF,48.0,11825.10460251046,9.378064621471918,4.4069
3141,SERVICIOS_HOGAR,43.0,8910.355648535566,9.095081657997477,4.297
3142,PENSION,51.0,5964.675072744908,8.693777500424392,4.1412
3142,SERVICIOS_HOGAR,94.0,2943.084384093114,7.987553142513096,3.8671
3143,SERVICIOS_HOGAR,21.0,3557.5160923892463,8.177098908968597,3.9406
3144,PENSION,33.0,5951.54119739182,8.691573499360473,4.1404
3144,SERVICIOS_HOGAR,29.0,3254.1197391819796,8.087984340197096,3.906
3145,PENSION,61.0,5619.290756854376,8.634138677644556,4.1181
3145,SERVICIOS_HOGAR,56.0,2323.2966672139223,7.751172763531268,3.7753
3146,INGRESO_TRANSF,62.0,3678.507078507079,8.210534076133543,3.9536
3146,SERVICIOS_HOGAR,58.0,1979.9871299871302,7.591350549952121,3.7132
3147,SEGURO,41.0,30.14705882352941,3.438719820985245,2.1011
3147,SERVICIOS_HOGAR,41.0,7060.806595365419,8.86245618944741,4.2067
3147,TRANSF_SALIENTE,81.0,58.7566844919786,4.090281058896891,2.3541
3148,INGRESO_TRANSF,37.0,3679.219042524739,8.210727551816788,3.9537
3148,SERVICIOS_HOGAR,33.0,2187.055362396363,7.690768465962331,3.7518
3151,RETIRO_TARJETA,18.0,1017.4927113702624,6.926079079401944,3.455
3151,SERVICIOS_HOGAR,29.0,306.9096209912537,5.729806301572035,2.9906
3151,TRANSF_SALIENTE,29.0,3450.4081632653065,8.146537590014745,3.9288
3152,SERVICIOS_HOGAR,61.0,5902.5950236605095,8.683316770374226,4.1372
3153,RETIRO_TARJETA,4.0,314.8024112525117,5.755116737170834,3.0004
3153,SERVICIOS_HOGAR,28.0,2977.2270596115204,7.999083456009503,3.8715
3153,TRANSF_SALIENTE,28.0,1876.3563295378433,7.537619858493454,3.6924
3154,SERVICIOS_HOGAR,13.0,2610.8514190317196,7.867814604793573,3.8206
3154,TRANSF_SALIENTE,13.0,372.56538675570397,5.923093054192437,3.0656
3155,SERVICIOS_HOGAR,23.0,7134.426229508197,8.872827265969477,4.2107
3157,PENSION,64.0,6305.512800376943,8.749338156236904,4.1628
3157,SERVICIOS_HOGAR,119.0,2266.373488299042,7.726377386959368,3.7657
3158,INGRESO_TRANSF,27.0,3161.5384615384614,8.059130294713114,3.8948
3158,SERVICIOS_HOGAR,22.0,1716.8338907469342,7.448819410295112,3.6579
3160,RETIRO_TARJETA,16.0,450.28487410402505,6.112098789993907,3.139
3160,SERVICIOS_HOGAR,50.0,7686.087116338908,8.947297202228704,4.2396
3162,SERVICIOS_HOGAR,27.0,8029.580152671755,8.991012052484429,4.2566
3163,RETIRO_TARJETA,2.0,155.84415584415584,5.055252674421691,2.7287
3163,SEGURO,10.0,841.5584415584416,6.736443026655695,3.3813
3163,SERVICIOS_HOGAR,10.0,1220.7792207792209,7.108063453015243,3.5256
3163,TRANSF_SALIENTE,10.0,3383.896103896104,8.127078491787033,3.9212
3164,PENSION,60.0,6131.5177681833275,8.721360673508524,4.1519
3164,SERVICIOS_HOGAR,111.0,3116.1242112255063,8.044666128580518,3.8892
3166,RETIRO_TARJETA,18.0,707.9919616633174,6.5638441888984875,3.3143
3167,RETIRO_TARJETA,22.0,782.7899924184989,6.6641411176545455,3.3533
3168,PENSION,70.0,6275.209785236808,8.74452153987757,4.1609
3168,SERVICIOS_HOGAR,66.0,3090.2005404636607,8.036314818857619,3.886
3169,SERVICIOS_HOGAR,8.0,539.7901533494753,6.293031316999155,3.2092
3169,TRANSF_SALIENTE,7.0,3770.6214689265535,8.235260285834986,3.9632
3170,SERVICIOS_HOGAR,30.0,3527.379949452401,8.168594106750962,3.9373
3171,PENSION,63.0,4841.851616994293,8.485259003278951,4.0603
3171,SERVICIOS_HOGAR,58.0,2852.1876981610653,7.9561921388009615,3.8549
3172,INGRESO_TRANSF,19.0,2890.182767624021,7.969420959535206,3.86
3172,SERVICIOS_HOGAR,15.0,1487.467362924282,7.30550225406448,3.6023
3172,TRANSF_SALIENTE,15.0,33.68146214099217,3.5462053119518573,2.1428
3173,PENSION,67.0,4200.5181347150265,8.343201199606733,4.0051
3173,SERVICIOS_HOGAR,125.0,2623.464100666173,7.87263200205667,3.8224
3174,PENSION,12.0,4824.605678233439,8.481691535062511,4.0589
3174,SERVICIOS_HOGAR,8.0,1803.7854889589905,7.49819702102263,3.6771
3175,PENSION,27.0,4967.838444278235,8.510941378350534,4.0702
3175,SERVICIOS_HOGAR,23.0,2821.2415856394914,7.945286736700234,3.8506
3176,PENSION,21.0,4553.7989617744215,8.423936672995444,4.0365
3176,SERVICIOS_HOGAR,17.0,1976.781500707881,7.589731041322574,3.7126
3178,INGRESO_TRANSF,32.0,2917.149081854964,7.978704818200883,3.8636
3178,SERVICIOS_HOGAR,27.0,1399.159663865546,7.24434155471889,3.5785
3178,TRANSF_SALIENTE,28.0,250.10893246187362,5.525886838855689,2.9114
3179,SERVICIOS_HOGAR,23.0,2151.042810098793,7.674172814252393,3.7454
3179,TRANSF_SALIENTE,23.0,854.1895353091841,6.751323123093854,3.3871
3180,SERVICIOS_HOGAR,26.0,1034.1880341880342,6.942338364742461,3.4613
3180,TRANSF_SALIENTE,25.0,1605.851413543721,7.382031899448774,3.632
3181,RETIRO_TARJETA,6.0,148.10426540284362,5.004645829026448,2.709
3182,SERVICIOS_HOGAR,19.0,5038.824979457683,8.525126634164364,4.0757
3183,PENSION,57.0,6877.0,8.83608319099221,4.1965
3183,SERVICIOS_HOGAR,52.0,2758.7368421052633,7.922890607102065,3.8419
3184,PENSION,58.0,5081.706063720452,8.53359908845248,4.079
3184,SERVICIOS_HOGAR,53.0,3095.751969852689,8.038109089537341,3.8867
3185,RETIRO_TARJETA,5.0,503.51288056206096,6.223593370809788,3.1823
3185,SERVICIOS_HOGAR,13.0,4874.238875878221,8.491924382411625,4.0629
3185,TRANSF_SALIENTE,13.0,1553.4543325526934,7.348879851487796,3.6191
3186,SERVICIOS_HOGAR,38.0,6567.640241075568,8.7900621252298,4.1786
3188,SERVICIOS_HOGAR,18.0,6150.336172120125,8.724424600961582,4.1531
3190,SERVICIOS_HOGAR,19.0,2440.2581182348044,7.800268807627163,3.7943
3191,SERVICIOS_HOGAR,23.0,2325.9934378417793,7.752332343290485,3.7757
3191,TRANSF_SALIENTE,23.0,3023.6237695953337,8.014541989042401,3.8775
3192,RETIRO_TARJETA,1.0,37.78770182068018,3.6581032330011856,2.1863
3192,SERVICIOS_HOGAR,24.0,1048.7117828924768,6.9562709129882565,3.4667
3192,TRANSF_SALIENTE,25.0,2162.487117828925,7.679476605327325,3.7474
3193,SERVICIOS_HOGAR,30.0,8481.818181818182,9.045798006337227,4.2779
3194,SERVICIOS_HOGAR,16.0,5948.235294117648,8.691017968282981,4.1401
3195,SEGURO,60.0,204.59877991553262,5.325926599300429,2.8338
3195,SERVICIOS_HOGAR,59.0,1475.6921633036134,7.297559840567572,3.5992
3195,TRANSF_SALIENTE,60.0,1175.9737212576256,7.0707017801271075,3.5111
3196,PENSION,60.0,5351.271046550017,8.58527624449992,4.0991
3196,SERVICIOS_HOGAR,56.0,2208.3856058104984,7.700469749440261,3.7556
3197,INGRESO_TRANSF,60.0,3003.4889516530984,8.007862766500821,3.8749
3197,SERVICIOS_HOGAR,56.0,1868.2173118458215,7.533275072417141,3.6907
3199,INGRESO_TRANSF,31.0,21526.44386761843,9.977083859093616,4.6394
3199,SERVICIOS_HOGAR,27.0,1376.2816353017522,7.227867005994088,3.5721
3199,TRANSF_SALIENTE,27.0,1895.7819597663854,7.547914023827849,3.6964
3201,SERVICIOS_HOGAR,52.0,3086.118980169972,8.034993566088536,3.8855
3201,TRANSF_SALIENTE,52.0,2668.130311614731,7.889507972347071,3.829
3202,PENSION,19.0,4865.166754896771,8.49006179215554,4.0621
3202,SERVICIOS_HOGAR,30.0,2001.8528321863419,7.6023278592702095,3.7175
3203,INGRESO_TRANSF,41.0,3182.524509803922,8.065744198439198,3.8974
3203,SERVICIOS_HOGAR,36.0,1862.6470588235295,7.53029063119258,3.6895
3205,PENSION,36.0,4309.734027968193,8.368863476710283,4.0151
3205,SERVICIOS_HOGAR,31.0,1329.4214422813272,7.193251044917605,3.5587
3206,SERVICIOS_HOGAR,26.0,2089.2703862660946,7.645048708010281,3.7341
3206,TRANSF_SALIENTE,26.0,581.1158798283262,6.36666953414666,3.2378
3208,SERVICIOS_HOGAR,11.0,8786.264061574897,9.081058686435558,4.2916
3209,SERVICIOS_HOGAR,8.0,3570.3470031545744,8.180698115417488,3.942
3210,RETIRO_TARJETA,11.0,351.21517486662714,5.864242281069842,3.0427
3210,SERVICIOS_HOGAR,62.0,6788.026081802015,8.82306277606802,4.1914
3211,INGRESO_TRANSF,19.0,3061.5056059797116,8.026988685375294,3.8824
3211,SERVICIOS_HOGAR,14.0,1503.8974906567005,7.316480062342748,3.6065
3212,INGRESO_TRANSF,65.0,3472.2477767555965,8.15284539392385,3.9312
3212,RETIRO_TARJETA,25.0,397.1174486353879,5.986747058825699,3.0903
3212,SEGURO,60.0,87.3965041398344,4.481832422932162,2.5061
3212,SERVICIOS_HOGAR,60.0,1942.9622815087396,7.572483582316073,3.7059
3212,TRANSF_SALIENTE,120.0,105.79576816927323,4.670918301857839,2.5795
3213,INGRESO_TRANSF,68.0,3039.8368060614894,8.019888021673571,3.8796
3213,SERVICIOS_HOGAR,64.0,1382.9520617805624,7.232698498135934,3.574
3213,TRANSF_SALIENTE,64.0,524.0856768177182,6.263561443215452,3.1978
3214,PENSION,20.0,4078.132927447996,8.31363972703075,3.9936
3214,SERVICIOS_HOGAR,15.0,2038.8127853881278,7.620613310758402,3.7246
3216,RETIRO_TARJETA,3.0,194.24637324809441,5.27426221363355,2.8137
3216,SERVICIOS_HOGAR,34.0,2267.223998032948,7.726752424535536,3.7658
3216,TRANSF_SALIENTE,34.0,5546.004425866732,8.62101331793967,4.113
3217,SERVICIOS_HOGAR,18.0,7278.145041933893,8.892768694999402,4.2185
3218,INGRESO_TRANSF,61.0,3147.1400714982124,8.054567103940736,3.8931
3218,SERVICIOS_HOGAR,56.0,1318.5570360740983,7.18505138052953,3.5555
3218,TRANSF_SALIENTE,56.0,606.9548261293468,6.410100580076486,3.2547
3219,RETIRO_TARJETA,16.0,1154.309825195901,7.052123833906979,3.5039
3219,SERVICIOS_HOGAR,28.0,7435.443037974684,8.914147927213723,4.2268
3220,RETIRO_TARJETA,14.0,473.97769516728624,6.163267845389546,3.1588
3221,PENSION,64.0,5291.964008687559,8.57413367204034,4.0948
3221,RETIRO_TARJETA,18.0,491.77784672665223,6.200058457326249,3.1731
3221,SERVICIOS_HOGAR,119.0,2003.1337263419177,7.602967189689963,3.7177
3222,INGRESO_TRANSF,65.0,3167.941851568478,8.061153010380409,3.8956
3222,SEGURO,60.0,541.698546289212,6.296554002402075,3.2106
3222,SERVICIOS_HOGAR,61.0,629.1354246365723,6.445934756025634,3.2686
3222,TRANSF_SALIENTE,61.0,801.8209640397858,6.688131730233178,3.3626
3224,PENSION,26.0,6568.901013250194,8.790254044888778,4.1787
3224,SERVICIOS_HOGAR,43.0,3292.7903351519876,8.09979425818114,3.9106
3225,SERVICIOS_HOGAR,57.0,7387.185280826339,8.907637419622201,4.2242
3226,SERVICIOS_HOGAR,48.0,414.5077720207254,6.029501319344932,3.1069
3226,TRANSF_SALIENTE,48.0,2162.8094415659184,7.6796255776629,3.7475
3227,SEGURO,25.0,3921.601058551108,8.274510248086933,3.9785
3227,SERVICIOS_HOGAR,25.0,2268.441945087661,7.727289241083615,3.766
3227,TRANSF_SALIENTE,26.0,1429.4409526959973,7.265738034249902,3.5868
3228,SERVICIOS_HOGAR,22.0,3252.651806302844,8.087533277229602,3.9059
3229,RETIRO_TARJETA,2.0,82.84339925173704,4.428950764261048,2.4855
3229,SERVICIOS_HOGAR,35.0,6386.424371993586,8.762086394440862,4.1677
3229,TRANSF_SALIENTE,35.0,5996.392303580972,8.699080037667416,4.1433
3231,PENSION,44.0,5518.560179977502,8.61605345855641,4.111
3231,SERVICIOS_HOGAR,39.0,2312.800899887514,7.746646862516622,3.7735
3232,PENSION,27.0,4610.244988864142,8.436253162190672,4.0412
3232,SERVICIOS_HOGAR,23.0,2060.096510764662,7.630993406948233,3.7286
3233,SERVICIOS_HOGAR,42.0,8264.751958224542,9.019875987148005,4.2678
3234,INGRESO_TRANSF,39.0,3939.5036718156493,8.279063829607926,3.9802
3234,SERVICIOS_HOGAR,34.0,2289.339073183084,7.736455152479642,3.7696
3235,RETIRO_TARJETA,1.0,61.50583244962885,4.135259871582452,2.3715
3235,SERVICIOS_HOGAR,42.0,5477.370095440085,8.608562907862229,4.1081
3236,PENSION,22.0,4352.666965486329,8.37877374954573,4.0189
3236,SERVICIOS_HOGAR,34.0,1819.6324518153297,7.506939220703788,3.6805
3237,SERVICIOS_HOGAR,59.0,8524.305003971405,9.05079407910367,4.2798
3238,SERVICIOS_HOGAR,31.0,7025.684740078255,8.85747028610128,4.2048
3238,TRANSF_SALIENTE,31.0,687.0598099496925,6.533875767221297,3.3027
3239,SERVICIOS_HOGAR,26.0,7561.303060217177,8.930931060375833,4.2333
3240,SEGURO,25.0,239.70398970398972,5.483567920073299,2.895
3240,SERVICIOS_HOGAR,26.0,4274.774774774775,8.360720598815432,4.0119
3240,TRANSF_SALIENTE,28.0,18.91891891891892,2.991669979545112,1.9276
3241,PENSION,65.0,6233.094184094031,8.73778856834502,4.1583
3241,SERVICIOS_HOGAR,60.0,2778.81239505419,7.930138720614092,3.8448
3242,SERVICIOS_HOGAR,18.0,4780.891719745223,8.472591504463125,4.0554
3243,PENSION,61.0,6798.329820009729,8.824579330426326,4.192
3243,SERVICIOS_HOGAR,56.0,3528.717366628831,8.168973080611067,3.9375
3244,INGRESO_TRANSF,48.0,3146.150610012621,8.054252754200972,3.8929
3244,SERVICIOS_HOGAR,43.0,1680.5637358014303,7.427479434596046,3.6496
3244,TRANSF_SALIENTE,43.0,198.08582246529238,5.293736000424699,2.8213
3245,PENSION,18.0,6668.024215740231,8.805228833715868,4.1845
3245,SERVICIOS_HOGAR,13.0,2774.573472757292,7.928612661679424,3.8442
3246,SERVICIOS_HOGAR,62.0,4304.417067307692,8.367629291915561,4.0146
3247,SERVICIOS_HOGAR,27.0,805.2051439069198,6.692338231097987,3.3642
3247,TRANSF_SALIENTE,28.0,2599.3876301285977,7.863415801407985,3.8189
3248,PENSION,31.0,4859.962109251657,8.488991662168678,4.0617
3248,SERVICIOS_HOGAR,52.0,2675.528891695611,7.892276044356012,3.8301
3249,SERVICIOS_HOGAR,22.0,6769.294294294295,8.820299835315174,4.1903
3250,PENSION,48.0,5713.807531380753,8.650815897863158,4.1245
3250,SERVICIOS_HOGAR,43.0,1691.213389121339,7.433792648716125,3.6521
3251,INGRESO_TRANSF,43.0,2999.2178513917647,8.006440182144338,3.8744
3251,SERVICIOS_HOGAR,39.0,1813.1815044858524,7.5033896832693525,3.6791
3252,INGRESO_TRANSF,43.0,3091.885553470919,8.036859770212876,3.8862
3252,SEGURO,38.0,138.13320825515947,4.9354318069939405,2.6822
3252,SERVICIOS_HOGAR,38.0,1253.0018761726078,7.134095217342152,3.5357
3252,TRANSF_SALIENTE,39.0,441.7682926829268,6.0930465918635,3.1316
3254,SERVICIOS_HOGAR,36.0,4589.887920298879,8.431828731034402,4.0395
3256,SERVICIOS_HOGAR,20.0,1760.2523659305994,7.4737804065366715,3.6676
3256,TRANSF_SALIENTE,20.0,3541.0094637223974,8.172449490197593,3.9388
3258,SERVICIOS_HOGAR,54.0,6917.588991923422,8.841967124919453,4.1987
3258,TRANSF_SALIENTE,54.0,172.03110978163326,5.153471403658503,2.7668
3259,INGRESO_TRANSF,56.0,3352.8851244044467,8.117874691469957,3.9176
3259,RETIRO_TARJETA,25.0,578.7894829715899,6.362665077260588,3.2362
3259,SERVICIOS_HOGAR,52.0,836.844891476972,6.730832989647232,3.3792
3259,TRANSF_SALIENTE,51.0,1214.9285336156697,7.103263289101348,3.5238
3260,RETIRO_TARJETA,16.0,1266.9748627564288,7.145176310476084,3.54
3260,SERVICIOS_HOGAR,65.0,7946.113839930656,8.980564102731332,4.2526
3260,TRANSF_SALIENTE,65.0,37.5613984397573,3.6522517356759443,2.184
3261,SERVICIOS_HOGAR,62.0,3435.8608114268345,8.14231377891803,3.9271
3261,TRANSF_SALIENTE,62.0,2069.8070202096947,7.6356936751174675,3.7305
3262,RETIRO_TARJETA,2.0,229.50819672131146,5.440286422417505,2.8782
3262,SERVICIOS_HOGAR,14.0,6380.327868852459,8.761131484596989,4.1674
3264,PENSION,62.0,5074.718920655317,8.532223453119691,4.0785
3264,SERVICIOS_HOGAR,58.0,1756.954706071314,7.471906313448659,3.6669
3265,SERVICIOS_HOGAR,31.0,12995.461422087747,9.47243240109005,4.4435
3266,PENSION,21.0,4484.779516358464,8.408667564598652,4.0305
3266,SERVICIOS_HOGAR,32.0,1249.50213371266,7.131300456603831,3.5346
3267,SERVICIOS_HOGAR,61.0,5976.786534047437,8.695805633616057,4.142
3268,INGRESO_TRANSF,63.0,3401.641932428165,8.132307447815247,3.9232
3268,SEGURO,59.0,233.8017050836754,5.458741349783091,2.8853
3268,SERVICIOS_HOGAR,59.0,1299.4158509630565,7.170439377653413,3.5498
3268,TRANSF_SALIENTE,59.0,590.5588885380486,6.382761236430836,3.244
3269,RETIRO_TARJETA,1.0,45.09018036072144,3.8305999199536913,2.2533
3270,RETIRO_TARJETA,1.0,26.98062300711307,3.331512235147885,2.0595
3270,SERVICIOS_HOGAR,37.0,7084.179543782192,8.865760493198497,4.208
3271,INGRESO_TRANSF,26.0,3704.0962044344233,8.21746450350223,3.9563
3271,SERVICIOS_HOGAR,21.0,1994.250281848929,7.598524776016065,3.716
3272,SEGURO,24.0,964.4539614561028,6.872598417102568,3.4342
3272,SERVICIOS_HOGAR,24.0,399.1434689507495,5.991823155177295,3.0923
3272,TRANSF_SALIENTE,48.0,1604.2826552462527,7.38105512924641,3.6316
3273,INGRESO_TRANSF,36.0,53803.21596894926,10.893107106814716,4.995
3274,SERVICIOS_HOGAR,11.0,4114.313471502591,8.322470287974697,3.9971
3275,SERVICIOS_HOGAR,50.0,110.94674556213018,4.718023272163346,2.5978
3275,TRANSF_SALIENTE,50.0,2825.4437869822486,7.946774588064138,3.8512
3276,SEGURO,8.0,674.6268656716418,6.515640949790795,3.2956
3276,SERVICIOS_HOGAR,8.0,1142.2885572139303,7.041664087938344,3.4998
3276,TRANSF_SALIENTE,8.0,616.2520729684909,6.425277486613316,3.2605
3279,RETIRO_TARJETA,3.0,160.95749071399092,5.087333897798637,2.7411
3279,SERVICIOS_HOGAR,42.0,9934.048699958728,9.203824056831852,4.3392
3280,SERVICIOS_HOGAR,27.0,1445.9199503568107,7.277192403993275,3.5913
3280,TRANSF_SALIENTE,28.0,2320.4467887061746,7.749945886114439,3.7748
3281,PENSION,16.0,5981.450653983353,8.696585571354587,4.1423
3281,SERVICIOS_HOGAR,12.0,2564.090368608799,7.84974898841069,3.8136
3283,SERVICIOS_HOGAR,64.0,8065.905477670184,8.995525227708317,4.2584
3284,SERVICIOS_HOGAR,63.0,4548.547717842323,8.422783104332206,4.036
3285,INGRESO_TRANSF,32.0,3186.8520859671303,8.067102641709237,3.8979
3285,SERVICIOS_HOGAR,28.0,1858.4070796460176,7.5280129415040316,3.6886
3286,SERVICIOS_HOGAR,29.0,10010.691271236086,9.211508816202887,4.3422
3287,SERVICIOS_HOGAR,60.0,6414.237496164467,8.766431298369811,4.1694
3288,PENSION,51.0,5420.729813664596,8.598170197327603,4.1041
3288,SERVICIOS_HOGAR,46.0,2206.25,7.699502675781692,3.7552
3289,SERVICIOS_HOGAR,51.0,3172.0756776423505,8.06245664180062,3.8961
3289,TRANSF_SALIENTE,51.0,3563.5983263598328,8.178806655072677,3.9413
3290,INGRESO_TRANSF,25.0,42985.02630513962,10.668630372213705,4.9079
3290,RETIRO_TARJETA,3.0,315.6616754350465,5.757833934018195,3.0014
3291,PENSION,25.0,5258.248232521602,8.567743373943655,4.0923
3291,SERVICIOS_HOGAR,20.0,1967.7926158680282,7.585175748494858,3.7108
3292,PENSION,60.0,4779.509283819629,8.472302364542156,4.0552
3292,SERVICIOS_HOGAR,55.0,2890.4177718832893,7.969502239318512,3.86
3293,INGRESO_TRANSF,17.0,50788.902147971356,10.835452837193147,4.9727
3293,RETIRO_TARJETA,2.0,393.79474940334126,5.978366008087255,3.0871
3293,SEGURO,13.0,44.988066825775654,3.8283819460037645,2.2524
3293,SERVICIOS_HOGAR,12.0,2313.3651551312646,7.7468906978673155,3.7736
3293,TRANSF_SALIENTE,26.0,611.217183770883,6.417087095001548,3.2574
3294,RETIRO_TARJETA,8.0,388.1418092909536,5.963943825492651,3.0815
3294,SERVICIOS_HOGAR,28.0,5450.244498777506,8.603599209989305,4.1062
3296,INGRESO_TRANSF,33.0,49468.33631484795,10.809108288220054,4.9624
3296,RETIRO_TARJETA,4.0,330.94812164579605,5.804978696603583,3.0197
3296,SERVICIOS_HOGAR,28.0,4250.089445438282,8.354930569172078,4.0097
3296,TRANSF_SALIENTE,28.0,7720.453190220633,8.951757862379658,4.2414
3300,INGRESO_TRANSF,15.0,50121.06631989597,10.822216635612211,4.9675
3300,SERVICIOS_HOGAR,10.0,4312.093628088426,8.369410704756396,4.0153
3301,SERVICIOS_HOGAR,28.0,4309.565217391304,8.36882431542563,4.0151
3302,INGRESO_TRANSF,70.0,3008.8596741926262,8.009648736786621,3.8756
3302,RETIRO_TARJETA,7.0,135.75307230637324,4.918176907641115,2.6755
3302,SEGURO,65.0,52.94369819948557,3.9879408767163036,2.3143
3302,SERVICIOS_HOGAR,65.0,1278.0794512717919,7.153895919486696,3.5434
3302,TRANSF_SALIENTE,66.0,539.4684195484424,6.29243620715477,3.209
3304,SERVICIOS_HOGAR,19.0,3774.083546462063,8.236177792951356,3.9636
3305,PENSION,37.0,6733.133678192214,8.814944450755382,4.1883
3305,SERVICIOS_HOGAR,64.0,2509.120609855704,7.828086082706722,3.8051
3306,SERVICIOS_HOGAR,60.0,5094.815506772536,8.536174993059063,4.08
3306,TRANSF_SALIENTE,60.0,55.11443250817375,4.027393043402269,2.3297
3309,SEGURO,56.0,667.362243234431,6.504830306846888,3.2914
3309,SERVICIOS_HOGAR,57.0,2258.0697750244535,7.7227084035626845,3.7642
3309,TRANSF_SALIENTE,57.0,2779.3772416041734,7.930341895897253,3.8448
3310,PENSION,63.0,4876.5233821445445,8.49239286636472,4.063
3310,SERVICIOS_HOGAR,59.0,3044.2922374429227,8.021352148426553,3.8802
3311,SEGURO,21.0,2552.9556650246304,7.8453986774068225,3.8119
3311,SERVICIOS_HOGAR,21.0,2981.527093596059,8.000526238120603,3.8721
3311,TRANSF_SALIENTE,21.0,492.11822660098517,6.2007489558424025,3.1734
3312,INGRESO_TRANSF,25.0,2962.4045034177725,7.994094056452825,3.8696
3312,SEGURO,21.0,278.648974668275,5.633535154778755,2.9532
3312,SERVICIOS_HOGAR,20.0,653.7997587454764,6.484329477056894,3.2835
3312,TRANSF_SALIENTE,42.0,693.2448733413751,6.542824741703576,3.3062
3315,RETIRO_TARJETA,6.0,412.4223602484472,6.024469734436229,3.1049
3316,SERVICIOS_HOGAR,64.0,9108.490566037735,9.117072068387193,4.3055
3317,INGRESO_TRANSF,39.0,3257.3521850899742,8.088976881874082,3.9064
3317,SERVICIOS_HOGAR,35.0,1948.8431876606685,7.5755042317399335,3.7071
3318,INGRESO_TRANSF,30.0,2905.597880092746,7.974738562849186,3.8621
3318,SEGURO,26.0,440.07949652202717,6.089225123423487,3.1301
3318,SERVICIOS_HOGAR,25.0,552.3352103345478,6.3159639848475955,3.2181
3318,TRANSF_SALIENTE,25.0,638.4564425306393,6.460618506940999,3.2743
3319,INGRESO_TRANSF,64.0,3327.360699235212,8.110235179251724,3.9147
3319,SERVICIOS_HOGAR,59.0,60.777274855626665,4.12353557605504,2.367
3319,TRANSF_SALIENTE,60.0,2017.1687217106291,7.609945805798464,3.7205
3320,INGRESO_TRANSF,37.0,3113.8415788050825,8.043933572401807,3.8889
3320,SERVICIOS_HOGAR,33.0,1851.1759935117598,7.524116439585204,3.6871
3322,SERVICIOS_HOGAR,29.0,2972.1090473337326,7.997363501549694,3.8709
3323,SERVICIOS_HOGAR,59.0,3237.872607467838,8.082980587575944,3.9041
3324,RETIRO_TARJETA,3.0,359.61272475795295,5.887804597883593,3.0519
3324,SERVICIOS_HOGAR,10.0,1708.8520055325034,7.444162099279123,3.6561
3324,TRANSF_SALIENTE,9.0,1335.6846473029045,7.1979476833895895,3.5605
3325,INGRESO_TRANSF,14.0,40720.503597122304,10.614511575815824,4.8869
3325,RETIRO_TARJETA,1.0,172.66187050359713,5.157110135642078,2.7682
3327,SERVICIOS_HOGAR,64.0,1796.6715328467153,7.494247513607814,3.6755
3327,TRANSF_SALIENTE,64.0,3989.4890510948903,8.291669071569633,3.9851
3328,PENSION,21.0,4838.110749185668,8.48448625332325,4.06
3328,SERVICIOS_HOGAR,16.0,2456.9567240577016,7.807085683810576,3.797
3329,SERVICIOS_HOGAR,22.0,7646.674182638106,8.942156852181254,4.2376
3330,SERVICIOS_HOGAR,32.0,4374.635080162719,8.3838069494369,4.0209
3331,SERVICIOS_HOGAR,17.0,2919.94621246078,7.979662888134249,3.864
3331,TRANSF_SALIENTE,18.0,1158.5835948005379,7.055816249655721,3.5053
3335,INGRESO_TRANSF,34.0,3217.151162790698,8.07656230059162,3.9016
3335,SERVICIOS_HOGAR,29.0,1829.360465116279,7.512268201911722,3.6825
3336,PENSION,51.0,5649.902685869988,8.63957057878965,4.1202
3336,SERVICIOS_HOGAR,47.0,2720.4748929544567,7.908929252387812,3.8365
3337,SERVICIOS_HOGAR,19.0,4906.339928057554,8.498487307800518,4.0654
3338,SERVICIOS_HOGAR,31.0,6442.080573951434,8.770762054717972,4.1711
3339,SERVICIOS_HOGAR,23.0,2846.5682656826566,7.954220668934813,3.8541
3342,SERVICIOS_HOGAR,10.0,5624.156545209176,8.635004056944776,4.1184
3343,SERVICIOS_HOGAR,12.0,1568.7943262411345,7.358699887366609,3.6229
3343,TRANSF_SALIENTE,12.0,5433.333333333333,8.600492130271544,4.105
3344,SERVICIOS_HOGAR,17.0,7423.478260869565,8.91253769330564,4.2261
3345,PENSION,60.0,4228.148148148148,8.349755868343447,4.0077
3345,SERVICIOS_HOGAR,56.0,2162.962962962963,7.679696524738097,3.7475
3346,SERVICIOS_HOGAR,13.0,1718.2346109175378,7.449634477115847,3.6582
3346,TRANSF_SALIENTE,13.0,3721.8350754936123,8.222240774071622,3.9582
3347,PENSION,28.0,5283.409651285664,8.572516189375566,4.0941
3347,SERVICIOS_HOGAR,23.0,2125.818950334625,7.662382691847505,3.7408
3348,SERVICIOS_HOGAR,44.0,5222.0672682526665,8.560840107589943,4.0896
3349,SERVICIOS_HOGAR,29.0,6655.464975845412,8.80334383821093,4.1838
3350,SERVICIOS_HOGAR,24.0,2968.3783783783783,7.9961079096811,3.8704
3351,PENSION,34.0,5580.752146875925,8.627258010902636,4.1154
3351,SERVICIOS_HOGAR,29.0,2318.625999407758,7.749161244513258,3.7745
3352,SERVICIOS_HOGAR,57.0,2179.167341649117,7.687156915061432,3.7504
3352,TRANSF_SALIENTE,57.0,533.7113235055889,6.281727019036582,3.2048
3353,SEGURO,23.0,338.62019914651495,5.827827931898393,3.0286
3353,SERVICIOS_HOGAR,23.0,8683.07254623044,9.069245884974164,4.287
3353,TRANSF_SALIENTE,23.0,47.43954480796586,3.880316521612784,2.2726
3354,SEGURO,58.0,1444.6061782306324,7.276284013086424,3.5909
3354,SERVICIOS_HOGAR,57.0,450.8005822416303,6.1132408927485,3.1394
3354,TRANSF_SALIENTE,56.0,2449.0376839721816,7.803858684633618,3.7957
3355,PENSION,58.0,5756.090846524433,8.658187564736197,4.1274
3355,SERVICIOS_HOGAR,54.0,2392.463867859601,7.7804969127752726,3.7867
3357,PENSION,41.0,6708.276699029126,8.811246429673984,4.1868
3357,SERVICIOS_HOGAR,36.0,1608.640776699029,7.38376631302081,3.6327
3358,INGRESO_TRANSF,34.0,3250.320699708455,8.08681656191927,3.9056
3358,SERVICIOS_HOGAR,29.0,1471.1370262390672,7.2944703834339855,3.598
3358,TRANSF_SALIENTE,30.0,390.08746355685133,5.968931226931306,3.0834
3359,INGRESO_TRANSF,29.0,3703.8911845730026,8.217409167413054,3.9563
3359,RETIRO_TARJETA,5.0,168.732782369146,5.13422533195221,2.7593
3359,SERVICIOS_HOGAR,24.0,1684.297520661157,7.429697397325108,3.6505
3360,SERVICIOS_HOGAR,9.0,6053.108997805413,8.708492493682128,4.1469
3361,SERVICIOS_HOGAR,60.0,5754.98753117207,8.657995901773514,4.1273
3362,SERVICIOS_HOGAR,43.0,6647.774480712166,8.802187828051954,4.1833
3363,PENSION,42.0,4385.89349112426,8.386376622577501,4.0219
3363,SERVICIOS_HOGAR,38.0,2215.242603550296,7.703568520011296,3.7568
3364,SERVICIOS_HOGAR,44.0,4954.963084495488,8.508346794072278,4.0692
3364,TRANSF_SALIENTE,44.0,630.7629204265792,6.448514197862222,3.2696
3365,PENSION,13.0,6785.223880597015,8.822649936340936,4.1912
3365,SERVICIOS_HOGAR,18.0,1998.134328358209,7.600469530020724,3.7168
3366,RETIRO_TARJETA,1.0,64.76302619958787,4.18605776853927,2.3912
3366,SERVICIOS_HOGAR,29.0,3384.044745363556,8.127122403977932,3.9212
3366,TRANSF_SALIENTE,30.0,1420.0765381218723,7.259169988801317,3.5843
3367,SERVICIOS_HOGAR,65.0,851.7176402377157,6.748428473041603,3.386
3367,TRANSF_SALIENTE,64.0,1965.7341643716481,7.5841296615036935,3.7104
3368,SEGURO,35.0,155.7128412537917,5.054415094018407,2.7284
3368,SERVICIOS_HOGAR,35.0,3883.0889787664305,8.264643738202986,3.9746
3368,TRANSF_SALIENTE,35.0,2957.659251769464,7.992491489219494,3.869
3369,SERVICIOS_HOGAR,44.0,23.3517044294754,3.1926018441826285,2.0056
3369,TRANSF_SALIENTE,44.0,2700.714431516636,7.901641825117116,3.8337
3370,INGRESO_TRANSF,61.0,25794.341463414636,10.157949191172628,4.7096
3371,SERVICIOS_HOGAR,58.0,10828.354348528936,9.290015721276873,4.3727
3372,RETIRO_TARJETA,7.0,311.5942028985507,5.744905873025115,2.9964
3372,SERVICIOS_HOGAR,51.0,9089.45652173913,9.114980408323968,4.3047
3373,SERVICIOS_HOGAR,31.0,5055.223037831734,8.528375048348922,4.077
3373,TRANSF_SALIENTE,31.0,3006.352343308865,8.008815350486925,3.8753
3374,SERVICIOS_HOGAR,43.0,3647.2092032381765,8.20199169692881,3.9503
3375,RETIRO_TARJETA,1.0,25.54278416347382,3.27875792782827,2.039
3376,SERVICIOS_HOGAR,21.0,5610.460086511994,8.632566229629088,4.1175
3377,SERVICIOS_HOGAR,21.0,2728.1475541299114,7.911744588183973,3.8376
3378,SERVICIOS_HOGAR,53.0,5877.947560340336,8.67913303853603,4.1355
3380,SERVICIOS_HOGAR,57.0,4110.613052076466,8.321570700585637,3.9967
3381,SERVICIOS_HOGAR,12.0,7059.115044247788,8.862216625573756,4.2066
3383,RETIRO_TARJETA,2.0,265.2519893899204,5.584443188882745,2.9341
3384,PENSION,38.0,6235.6142668428,8.738192728668867,4.1585
3384,SERVICIOS_HOGAR,34.0,2636.459709379128,7.877571501602856,3.8244
3385,SERVICIOS_HOGAR,8.0,2242.8571428571427,7.715951602787719,3.7616
3386,RETIRO_TARJETA,7.0,314.0877598152425,5.75285120261121,2.9995
3387,INGRESO_TRANSF,24.0,36011.29568106312,10.49161570582065,4.8392
3389,SERVICIOS_HOGAR,32.0,4460.993717875499,8.403350967074745,4.0285
3390,INGRESO_TRANSF,24.0,21752.059308072487,9.987509684467856,4.6435
3390,SEGURO,20.0,86.49093904448105,4.471535234224147,2.5021
3390,SERVICIOS_HOGAR,20.0,700.164744645799,6.552742873183238,3.31
3390,TRANSF_SALIENTE,40.0,2112.0263591433277,7.655876492286628,3.7383
3391,RETIRO_TARJETA,22.0,1036.3820843600522,6.944455592016925,3.4621
3391,SERVICIOS_HOGAR,65.0,765.9805768952023,6.642461477572299,3.3449
3391,TRANSF_SALIENTE,64.0,5642.093056964778,8.638187608523367,4.1196
3392,SERVICIOS_HOGAR,38.0,5453.062178588125,8.604115963888425,4.1064
3393,INGRESO_TRANSF,24.0,12817.957166392092,9.458680382890849,4.4382
3393,SERVICIOS_HOGAR,19.0,6254.818780889621,8.741267314556486,4.1597
3394,PENSION,27.0,6592.811681018345,8.793886864081962,4.1801
3394,SERVICIOS_HOGAR,45.0,1619.4683639086484,7.3904704999650255,3.6353
3395,SERVICIOS_HOGAR,10.0,2684.0202458423714,7.895443547265513,3.8313
3397,SERVICIOS_HOGAR,25.0,8137.119113573407,9.00431436516789,4.2618
3398,PENSION,20.0,5738.918655625913,8.655200317719451,4.1262
3398,SERVICIOS_HOGAR,16.0,1550.9011203117389,7.347235987574179,3.6185
3399,SEGURO,23.0,221.1864406779661,5.40351685229209,2.8639
3399,SERVICIOS_HOGAR,23.0,4023.728813559322,8.30021281206962,3.9884
3399,TRANSF_SALIENTE,44.0,2056.5217391304345,7.629257498293917,3.728
3401,RETIRO_TARJETA,1.0,241.93548387096772,5.492795909616206,2.8985
3401,SERVICIOS_HOGAR,8.0,2283.333333333333,7.733829502917714,3.7686
3402,SERVICIOS_HOGAR,43.0,3452.086078173035,8.147023625597392,3.929
3402,TRANSF_SALIENTE,43.0,4082.8282828282827,8.314790132080379,3.9941
3404,RETIRO_TARJETA,4.0,512.2655122655123,6.240793279047798,3.1889
3405,RETIRO_TARJETA,33.0,1196.8177101349015,7.088256605273655,3.5179
3405,SERVICIOS_HOGAR,53.0,6914.199239017641,8.84147705626768,4.1986
3406,PENSION,13.0,6213.490196078431,8.73463897259617,4.1571
3406,SERVICIOS_HOGAR,9.0,1990.5882352941176,7.596687707587554,3.7153
3409,PENSION,34.0,4896.0,8.496378051702317,4.0646
3409,SERVICIOS_HOGAR,30.0,2794.4117647058824,7.935734696636742,3.8469
3410,SEGURO,37.0,149.05840286054826,5.011024570721933,2.7115
3410,SERVICIOS_HOGAR,37.0,3091.4183551847436,8.036708703007783,3.8861
3410,TRANSF_SALIENTE,37.0,105.84028605482717,4.671335065651384,2.5796
3411,SERVICIOS_HOGAR,19.0,5008.878887070377,8.51916701954926,4.0734
3412,PENSION,24.0,5623.336072308956,8.634858188516827,4.1183
3412,SERVICIOS_HOGAR,38.0,1329.3755135579293,7.193216522386074,3.5587
3413,SEGURO,60.0,225.88020118884316,5.424422130106606,2.872
3413,SERVICIOS_HOGAR,61.0,4052.7206218564243,8.307390410442983,3.9912
3413,TRANSF_SALIENTE,120.0,348.42249657064474,5.856281781919877,3.0397
3415,SERVICIOS_HOGAR,8.0,2609.2115534738487,7.867186552002786,3.8203
3419,SEGURO,45.0,2207.309766327142,7.699982690277508,3.7554
3419,SERVICIOS_HOGAR,46.0,4510.884761334132,8.414470252367275,4.0328
3419,TRANSF_SALIENTE,46.0,488.7557419612542,6.193906781025966,3.1707
3421,SERVICIOS_HOGAR,43.0,7913.0990415335455,8.976401136592047,4.2509
3422,RETIRO_TARJETA,10.0,600.8454106280194,6.400000619355147,3.2507
3422,SERVICIOS_HOGAR,28.0,7787.92270531401,8.960457837300805,4.2447
3423,SERVICIOS_HOGAR,9.0,730.7973664959766,6.595503653912297,3.3266
3423,TRANSF_SALIENTE,9.0,1767.7395757132406,7.478022467784493,3.6692
3424,SEGURO,64.0,1329.2447473026689,7.193118224814421,3.5586
3424,SERVICIOS_HOGAR,64.0,4523.793299261783,8.417327175369524,4.0339
3424,TRANSF_SALIENTE,64.0,2057.0130607609312,7.629496262710559,3.728
3425,INGRESO_TRANSF,52.0,3951.7611026033687,8.282169627016458,3.9814
3425,SERVICIOS_HOGAR,48.0,2431.240428790199,7.796568098721964,3.7929
3426,INGRESO_TRANSF,29.0,27099.66216216216,10.20731344059741,4.7288
3426,SERVICIOS_HOGAR,24.0,10611.891891891892,9.269824757324555,4.3648
3426,TRANSF_SALIENTE,25.0,412.16216216216213,6.0238401603568095,3.1047
3427,SERVICIOS_HOGAR,23.0,8013.769911504425,8.989041357395713,4.2558
3429,PENSION,60.0,6614.39205955335,8.797154343054796,4.1814
3429,SERVICIOS_HOGAR,110.0,1695.9470636889992,7.436586070692878,3.6532
3430,INGRESO_TRANSF,25.0,3895.4195379002836,8.267813343230879,3.9759
3430,SERVICIOS_HOGAR,20.0,1966.761248479935,7.584651753423415,3.7106
3431,SERVICIOS_HOGAR,23.0,7286.7032967032965,8.893943726901314,4.2189
3432,SERVICIOS_HOGAR,25.0,2263.994700231865,7.725327698060916,3.7652
3433,PENSION,18.0,4186.187535092645,8.339784554863886,4.0038
3433,SERVICIOS_HOGAR,14.0,1810.3312745648514,7.501817364713665,3.6785
3434,INGRESO_TRANSF,31.0,2899.936728883265,7.972788973777826,3.8613
3434,SERVICIOS_HOGAR,27.0,839.6393546346093,6.734162738789668,3.3805
3434,TRANSF_SALIENTE,27.0,843.910155014236,6.739230296277285,3.3824
3435,PENSION,66.0,4635.0,8.441607204459642,4.0433
3435,SERVICIOS_HOGAR,62.0,2902.7272727272725,7.973750457184345,3.8617
3436,INGRESO_TRANSF,42.0,3345.0887573964496,8.115547407613494,3.9167
3436,SERVICIOS_HOGAR,38.0,2017.3727810650887,7.61004691183416,3.7205
3437,RETIRO_TARJETA,2.0,254.30359937402193,5.5424534227537015,2.9178
3437,SERVICIOS_HOGAR,20.0,374.02190923317687,5.926984448885564,3.0671
3437,TRANSF_SALIENTE,20.0,5290.297339593115,8.573818738564421,4.0946
3438,PENSION,24.0,5435.787741670095,8.60094367677931,4.1052
3438,SERVICIOS_HOGAR,19.0,2232.949403537639,7.711526331000975,3.7599
3439,SERVICIOS_HOGAR,29.0,6346.169471851422,8.755764240045231,4.1653
3440,SEGURO,34.0,17.307202850598117,2.9072945808011865,1.8948
3440,SERVICIOS_HOGAR,35.0,6790.659200814457,8.823450550173767,4.1916
3440,TRANSF_SALIENTE,68.0,1792.160855179435,7.49173518245314,3.6746
3442,INGRESO_TRANSF,35.0,3299.7463359639237,8.101903884297018,3.9114
3442,SERVICIOS_HOGAR,30.0,1885.5693348365278,7.542515291889083,3.6943
3443,PENSION,29.0,4108.9132670551935,8.321157204361333,3.9966
3443,SERVICIOS_HOGAR,25.0,2361.158724717175,7.767331193787079,3.7816
3444,INGRESO_TRANSF,16.0,18926.906112161312,9.84839262594389,4.5895
3444,RETIRO_TARJETA,2.0,239.44549464398236,5.4824934303636095,2.8945
3446,RETIRO_TARJETA,3.0,298.89298892988927,5.703425707455315,2.9803
3446,SERVICIOS_HOGAR,22.0,10276.678966789668,9.237729732075996,4.3524
3449,RETIRO_TARJETA,22.0,606.8840579710145,6.409984169655109,3.2546
3451,SERVICIOS_HOGAR,28.0,6184.74945533769,8.730003450539517,4.1553
3452,PENSION,25.0,4776.149776149776,8.471599366498987,4.055
3452,SERVICIOS_HOGAR,21.0,2674.358974358974,7.891838846348673,3.8299
3453,SERVICIOS_HOGAR,39.0,6438.008415147265,8.77012983444015,4.1709
3454,PENSION,26.0,6483.780718336484,8.777213282506757,4.1736
3454,SERVICIOS_HOGAR,21.0,2546.9943289224952,7.843061790991969,3.811
3455,INGRESO_TRANSF,33.0,36133.7994644451,10.495011654080681,4.8405
3456,PENSION,64.0,6463.19749216301,8.774034152358437,4.1724
3456,SERVICIOS_HOGAR,59.0,1387.1473354231975,7.235725284873641,3.5752
3457,PENSION,51.0,4194.822514218474,8.341844669817583,4.0046
3457,SERVICIOS_HOGAR,47.0,2577.2112178858597,7.854851111052932,3.8155
3458,PENSION,42.0,4298.421807747489,8.366235829326115,4.0141
3458,SERVICIOS_HOGAR,76.0,2433.3811573409853,7.797447858387256,3.7932
3462,SERVICIOS_HOGAR,30.0,1319.0799174284873,7.185447557254162,3.5557
3462,TRANSF_SALIENTE,30.0,4196.107342966677,8.342150839124391,4.0047
3463,SEGURO,11.0,1833.5728282168516,7.514566942226123,3.6834
3463,SERVICIOS_HOGAR,10.0,421.9464402351404,6.047245552199982,3.1138
3463,TRANSF_SALIENTE,10.0,3387.328543435663,8.128092023749167,3.9216
3464,SERVICIOS_HOGAR,40.0,2553.656869446343,7.845673195946401,3.812
3464,TRANSF_SALIENTE,40.0,1687.8560036454774,7.431806657782872,3.6513
3465,RETIRO_TARJETA,17.0,483.8955884597771,6.183933586234856,3.1669
3465,SERVICIOS_HOGAR,61.0,4230.23965806747,8.350250292478567,4.0079
3466,SEGURO,41.0,654.7998278088678,6.485855601843981,3.2841
3466,SERVICIOS_HOGAR,41.0,2205.316401205338,7.699079617092314,3.7551
3466,TRANSF_SALIENTE,42.0,94.92036160137752,4.563518280534688,2.5378
3467,RETIRO_TARJETA,3.0,202.19936147570058,5.3141875733553965,2.8292
3467,SEGURO,27.0,38.311457963816956,3.671516027624573,2.1915
3467,SERVICIOS_HOGAR,27.0,2776.6229159276336,7.929350774693963,3.8445
3467,TRANSF_SALIENTE,54.0,596.7009577864491,6.393090558282411,3.2481
3468,SERVICIOS_HOGAR,29.0,3281.2916304662613,8.096297125248526,3.9093
3468,TRANSF_SALIENTE,29.0,125.13756154068925,4.837373069676282,2.6441
3469,PENSION,67.0,5794.325609031492,8.664806942121425,4.13
3469,SERVICIOS_HOGAR,62.0,2352.168746286394,7.76351810153477,3.7801
3470,PENSION,23.0,5291.267486222976,8.57400206935108,4.0947
3470,SERVICIOS_HOGAR,18.0,1901.4836795252227,7.550915511262895,3.6975
3471,RETIRO_TARJETA,9.0,786.7583834909716,6.66919142290506,3.3552
3471,SERVICIOS_HOGAR,19.0,4448.5812553740325,8.400565270816664,4.0274
3471,TRANSF_SALIENTE,19.0,691.0576096302665,6.539669203063294,3.305
3472,SEGURO,24.0,185.68507157464214,5.229423087921947,2.7963
3472,SERVICIOS_HOGAR,25.0,8199.556918882072,9.011957347882932,4.2647
3472,TRANSF_SALIENTE,25.0,117.58691206543968,4.775646126894454,2.6201
3474,INGRESO_TRANSF,42.0,3330.964954392703,8.111317485342076,3.9151
3474,SEGURO,37.0,929.8847815650505,6.836135511900995,3.4201
3474,SERVICIOS_HOGAR,37.0,812.6500240038407,6.701530327608055,3.3678
3474,TRANSF_SALIENTE,38.0,218.9150264042247,5.393241228123922,2.8599
3476,RETIRO_TARJETA,32.0,2126.027397260274,7.662480695822629,3.7409
3476,SERVICIOS_HOGAR,31.0,730.4109589041096,6.594975489065034,3.3264
3476,TRANSF_SALIENTE,32.0,4775.45205479452,8.471453301932169,4.0549
3477,INGRESO_TRANSF,64.0,3184.0746500777605,8.066231005746593,3.8976
3477,SERVICIOS_HOGAR,60.0,1989.424572317263,7.596103247885288,3.7151
3478,SERVICIOS_HOGAR,47.0,4444.5258288357745,8.399653437652464,4.027
3479,SERVICIOS_HOGAR,50.0,7009.345794392523,8.855142307541332,4.2039
3479,TRANSF_SALIENTE,50.0,1379.8790544255085,7.230475571315952,3.5731
3482,PENSION,48.0,4683.757828810021,8.452069502580912,4.0474
3482,SERVICIOS_HOGAR,43.0,2716.4509394572024,7.90744956527479,3.836
3483,INGRESO_TRANSF,62.0,3227.7227722772277,8.079841911475453,3.9029
3483,SERVICIOS_HOGAR,58.0,2012.6796550622805,7.6077190015718035,3.7196
3484,RETIRO_TARJETA,36.0,1270.909090909091,7.148274271934915,3.5412
3484,SERVICIOS_HOGAR,50.0,6030.909090909091,8.704818838438461,4.1455
3485,RETIRO_TARJETA,2.0,161.23724909509707,5.089059764484271,2.7418
3485,SERVICIOS_HOGAR,26.0,341.3622902270484,5.835869504519742,3.0317
3485,TRANSF_SALIENTE,26.0,4643.8960184271145,8.443524265298153,4.0441
3486,PENSION,39.0,4292.617449664429,8.364884884964765,4.0135
3486,SERVICIOS_HOGAR,35.0,1882.808466701084,7.541050786858436,3.6937
3487,SERVICIOS_HOGAR,67.0,302.6770775237033,5.715964891836345,2.9852
3487,TRANSF_SALIENTE,67.0,7427.732849972114,8.9131105780761,4.2264
3489,SERVICIOS_HOGAR,44.0,3043.724364232978,8.021165655269398,3.8801
3491,SEGURO,25.0,4249.313658201784,8.354748061125065,4.0096
3491,SERVICIOS_HOGAR,25.0,1322.923816060398,7.188355194101541,3.5568
3491,TRANSF_SALIENTE,25.0,665.751544269046,6.502417479173496,3.2905
3492,SERVICIOS_HOGAR,35.0,3955.026455026455,8.282995380037345,3.9817
3492,TRANSF_SALIENTE,34.0,4250.642479213908,8.355060652957219,4.0097
3493,INGRESO_TRANSF,65.0,3399.78563772776,8.13176175383164,3.923
3493,SERVICIOS_HOGAR,61.0,2126.7340376665134,7.662812860351026,3.741
3494,PENSION,29.0,5963.254861821904,8.693539408342126,4.1411
3494,SERVICIOS_HOGAR,25.0,3069.771409075401,8.029684082331853,3.8834
3495,SERVICIOS_HOGAR,21.0,3389.2278360343184,8.128652406385832,3.9218
3496,INGRESO_TRANSF,18.0,32146.784565916398,10.378098817988654,4.7951
3497,SEGURO,49.0,109.17673716012085,4.702085777884173,2.5916
3497,SERVICIOS_HOGAR,48.0,1460.1208459214502,7.2869591228553325,3.5951
3497,TRANSF_SALIENTE,49.0,5227.530211480363,8.56188548725287,4.09
3498,SERVICIOS_HOGAR,21.0,725.4396248534584,6.588155375432372,3.3238
3498,TRANSF_SALIENTE,21.0,1926.0257913247362,7.5637330525099244,3.7025
3499,INGRESO_TRANSF,27.0,45361.20595713767,10.722434569431156,4.9288
3501,SERVICIOS_HOGAR,7.0,4223.370429252782,8.348625517860313,4.0072
3501,TRANSF_SALIENTE,7.0,1238.0763116057233,7.122121471020389,3.5311
3502,SERVICIOS_HOGAR,29.0,4515.309446254071,8.415450445121763,4.0332
3503,RETIRO_TARJETA,2.0,119.64853243596933,4.7928816281841256,2.6268
3504,SERVICIOS_HOGAR,23.0,2758.0299785867237,7.922634439901902,3.8418
3505,SERVICIOS_HOGAR,59.0,3566.68247944339,8.179671498552558,3.9416
3506,SERVICIOS_HOGAR,15.0,2701.2133468149646,7.901826474253896,3.8338
3506,TRANSF_SALIENTE,15.0,3097.0677451971687,8.038533888135133,3.8868
3507,RETIRO_TARJETA,6.0,592.711253504205,6.386393095963428,3.2455
3507,SERVICIOS_HOGAR,24.0,535.3624349219064,6.284810117116825,3.206
3507,TRANSF_SALIENTE,24.0,2595.1141369643574,7.8617710433306565,3.8182
3509,PENSION,63.0,5735.526315789473,8.654609134658202,4.126
3509,SERVICIOS_HOGAR,59.0,2797.5093984962405,7.93684219673072,3.8474
3511,PENSION,29.0,5434.403826443458,8.600689097888672,4.1051
3511,SERVICIOS_HOGAR,24.0,1896.5493679535361,7.548318526298156,3.6965
3513,SERVICIOS_HOGAR,65.0,4188.062902072909,8.340232336845972,4.004
3513,TRANSF_SALIENTE,65.0,2030.3788420300214,7.6164700739889275,3.723
3514,INGRESO_TRANSF,71.0,3405.234937208974,8.133362836297989,3.9237
3514,SERVICIOS_HOGAR,67.0,2142.2604769295895,7.6700835358845305,3.7438
3515,PENSION,30.0,4302.722204001312,8.367235556078596,4.0144
3515,SERVICIOS_HOGAR,26.0,2185.56903902919,7.690088945487896,3.7516
3518,SERVICIOS_HOGAR,24.0,2815.148413510747,7.943125419550631,3.8498
3520,INGRESO_TRANSF,43.0,18266.67443486367,9.812888352538007,4.5757
3521,RETIRO_TARJETA,11.0,457.0135746606335,6.126898822671975,3.1447
3522,PENSION,31.0,6968.453541260558,8.849292099140198,4.2016
3522,SERVICIOS_HOGAR,27.0,2125.438596491228,7.662203838890578,3.7407
3524,PENSION,18.0,4799.3370165745855,8.476441406217623,4.0568
3524,SERVICIOS_HOGAR,14.0,2366.8508287292816,7.7697379993951925,3.7825
3525,SERVICIOS_HOGAR,33.0,2751.338199513382,7.920206083767636,3.8409
3526,SERVICIOS_HOGAR,26.0,4044.1487546912317,8.30527360377098,3.9904
3527,RETIRO_TARJETA,10.0,918.7129551227773,6.824061616057977,3.4154
3527,SERVICIOS_HOGAR,19.0,2746.23200677392,7.918349140764742,3.8402
3528,SERVICIOS_HOGAR,54.0,7140.611504577647,8.873693730788249,4.2111
3530,PENSION,36.0,6171.4285714285725,8.727847649087343,4.1544
3530,SERVICIOS_HOGAR,31.0,1706.6833751044278,7.442892979590449,3.6556
3531,PENSION,32.0,6977.262762292515,8.850555276854971,4.2021
3531,SERVICIOS_HOGAR,27.0,2425.180081428124,7.794073316521619,3.7919
3533,INGRESO_TRANSF,52.0,3186.7101978106393,8.067058131703625,3.8979
3533,SERVICIOS_HOGAR,48.0,1960.7451507585943,7.581589739108819,3.7094
3534,RETIRO_TARJETA,19.0,1306.4713064713067,7.175850250360843,3.5519
3534,SERVICIOS_HOGAR,28.0,1870.9401709401711,7.53473069655895,3.6913
3534,TRANSF_SALIENTE,28.0,3482.905982905983,8.155909352219643,3.9324
3535,INGRESO_TRANSF,63.0,3204.630071599045,8.072663940235959,3.9001
3535,SERVICIOS_HOGAR,58.0,1966.555290373906,7.5845470817385925,3.7106
3536,PENSION,53.0,6302.24036453389,8.748819123727113,4.1626
3536,SERVICIOS_HOGAR,49.0,2408.6007214733245,7.78721633702175,3.7893
3537,SEGURO,11.0,33.74233128834356,3.5479588653070424,2.1435
3537,SERVICIOS_HOGAR,12.0,475.5828220858896,6.166641521392115,3.1601
3537,TRANSF_SALIENTE,22.0,2563.7423312883434,7.849613296920792,3.8135
3538,RETIRO_TARJETA,32.0,1226.0654725138975,7.112380803119353,3.5273
3540,INGRESO_TRANSF,24.0,3865.717873587275,8.26016133150778,3.9729
3540,SERVICIOS_HOGAR,19.0,2039.974884889075,7.621182857437257,3.7248
3541,PENSION,22.0,5489.990900818926,8.610864010169308,4.109
3541,SERVICIOS_HOGAR,17.0,1307.8707916287533,7.176920053344127,3.5523
3542,INGRESO_TRANSF,67.0,3418.3468346834684,8.137204827806201,3.9251
3542,SERVICIOS_HOGAR,62.0,2108.520852085209,7.654216116362758,3.7376
3543,INGRESO_TRANSF,29.0,3104.601226993865,8.040962607505428,3.8878
3543,SERVICIOS_HOGAR,24.0,1712.8834355828221,7.446517089600566,3.657
3544,INGRESO_TRANSF,20.0,18801.53846153846,9.841747164252965,4.5869
3544,SERVICIOS_HOGAR,16.0,8442.307692307691,9.04112941748617,4.2761
3545,SERVICIOS_HOGAR,65.0,6792.643090470104,8.823742614292359,4.1917
3546,SERVICIOS_HOGAR,18.0,1304.940970703979,7.174679110272762,3.5515
3546,TRANSF_SALIENTE,18.0,3773.939658941845,8.236139677169108,3.9636
3547,PENSION,65.0,4039.0492359932086,8.304012158007966,3.9899
3547,SERVICIOS_HOGAR,61.0,2526.994906621392,7.835181740478877,3.8079
3548,PENSION,61.0,5960.441343501541,8.693067566979723,4.1409
3548,SERVICIOS_HOGAR,57.0,3316.599058899886,8.10699662526318,3.9134
3549,PENSION,28.0,4803.642732049037,8.477337965268354,4.0572
3549,SERVICIOS_HOGAR,23.0,2630.297723292469,7.875232434384494,3.8234
3550,SEGURO,25.0,2143.8127090301005,7.670807512412447,3.7441
3550,SERVICIOS_HOGAR,25.0,4399.6655518394655,8.389511070249139,4.0231
3550,TRANSF_SALIENTE,25.0,782.608695652174,6.663909783063656,3.3532
3551,INGRESO_TRANSF,62.0,3263.784822286263,8.09094913518538,3.9072
3551,SEGURO,58.0,269.29234710214536,5.599504140273917,2.94
3551,SERVICIOS_HOGAR,58.0,1642.6833173230868,7.4046949276951874,3.6408
3551,TRANSF_SALIENTE,57.0,121.37367915465899,4.807079307367779,2.6323
3552,SEGURO,36.0,544.2491210447012,6.301242793057883,3.2124
3552,SERVICIOS_HOGAR,36.0,6051.833249623305,8.708281747126845,4.1468
3552,TRANSF_SALIENTE,36.0,318.23204419889504,5.765918249631288,3.0046
3555,INGRESO_TRANSF,51.0,22295.483870967742,10.012184271068731,4.653
3555,SERVICIOS_HOGAR,46.0,11311.593352883676,9.333671840162745,4.3896
3556,INGRESO_TRANSF,16.0,19038.643434971997,9.85427858101517,4.5917
3556,SERVICIOS_HOGAR,12.0,3166.1481020535157,8.060586809592222,3.8954
3556,TRANSF_SALIENTE,12.0,734.7853142501556,6.6009383835834194,3.3287
3557,INGRESO_TRANSF,26.0,3403.472222222222,8.13284520575395,3.9235
3557,SERVICIOS_HOGAR,21.0,1832.6388888888887,7.5140577353317735,3.6832
3558,INGRESO_TRANSF,67.0,47454.79268836379,10.767553876426005,4.9463
3558,RETIRO_TARJETA,12.0,494.87293802942486,6.206319720579163,3.1755
3558,SEGURO,62.0,2976.995095853767,7.999005566450713,3.8715
3558,SERVICIOS_HOGAR,62.0,1455.7883786595332,7.283989551074834,3.5939
3558,TRANSF_SALIENTE,62.0,140.05052756724623,4.949118177726343,2.6875
3559,RETIRO_TARJETA,12.0,527.1920088790233,6.269459870780438,3.2001
3559,SERVICIOS_HOGAR,31.0,3800.1664816870143,8.243063267474179,3.9662
3560,PENSION,25.0,4896.726422447389,8.496526381000633,4.0646
3560,SERVICIOS_HOGAR,20.0,2611.0678098207327,7.867897450940176,3.8206
3561,PENSION,14.0,4169.146005509642,8.335706327491561,4.0022
3561,SERVICIOS_HOGAR,9.0,1108.8842975206612,7.012011052405509,3.4883
3565,INGRESO_TRANSF,22.0,3503.2343819229063,8.161727339637439,3.9347
3565,SEGURO,18.0,326.98272042534336,5.792960925366367,3.0151
3565,SERVICIOS_HOGAR,18.0,392.37926451041204,5.9747741961530405,3.0857
3565,TRANSF_SALIENTE,18.0,1191.493132476739,7.083801463816554,3.5162
3566,SERVICIOS_HOGAR,62.0,273.160497527349,5.613713692298253,2.9455
3566,TRANSF_SALIENTE,62.0,3043.788401019032,8.021186687095268,3.8801
3567,SERVICIOS_HOGAR,43.0,1027.874276261373,6.9362205478653935,3.4589
3567,TRANSF_SALIENTE,43.0,6173.469809760132,8.72817829704234,4.1546
3568,PENSION,33.0,5297.581139007962,8.575194354078457,4.0952
3568,SERVICIOS_HOGAR,28.0,2251.3165952235154,7.719714563403224,3.7631
3570,SERVICIOS_HOGAR,56.0,3519.266055045872,8.16629184955568,3.9364
3571,SERVICIOS_HOGAR,56.0,2944.7724677866577,7.988126359751551,3.8673
3571,TRANSF_SALIENTE,57.0,206.39373674767575,5.3346190964371925,2.8371
3572,PENSION,38.0,6275.757575757576,8.744608816535807,4.161
3572,SERVICIOS_HOGAR,33.0,2600.0,7.8636512654486515,3.8189
3574,INGRESO_TRANSF,21.0,3366.9421487603304,8.122057198480826,3.9193
3574,SERVICIOS_HOGAR,16.0,1710.1928374655647,7.444945972080126,3.6564
3575,SERVICIOS_HOGAR,60.0,4772.513335425165,8.470837861070965,4.0547
3576,PENSION,49.0,4002.10970464135,8.29482676422318,3.9863
3576,SERVICIOS_HOGAR,90.0,1508.137432188065,7.31929352962943,3.6076
3577,SERVICIOS_HOGAR,15.0,6070.121951219512,8.711298702429838,4.148
3578,RETIRO_TARJETA,15.0,920.708684286959,6.826229212987301,3.4162
3578,SERVICIOS_HOGAR,30.0,3529.770548939878,8.169271411925122,3.9376
3579,SERVICIOS_HOGAR,48.0,3197.535618020793,8.070448364679617,3.8992
3580,RETIRO_TARJETA,12.0,384.6745653177412,5.95499391882857,3.078
3580,SERVICIOS_HOGAR,60.0,3166.6410216956456,8.060742432655118,3.8955
3580,TRANSF_SALIENTE,60.0,309.27835051546396,5.737469799492335,2.9935
3581,SERVICIOS_HOGAR,16.0,2765.8329400660687,7.925458602129779,3.8429
3581,TRANSF_SALIENTE,16.0,2148.938178386031,7.673194366469242,3.745
3582,INGRESO_TRANSF,40.0,2928.8203086112494,7.982696372011439,3.8652
3582,SERVICIOS_HOGAR,35.0,1708.1881533101046,7.443773772614387,3.6559
3583,PENSION,47.0,5349.658703071672,8.584974954380623,4.099
3583,SERVICIOS_HOGAR,43.0,2828.754266211604,7.947945155139842,3.8517
3584,INGRESO_TRANSF,30.0,35903.821032005224,10.4886268560453,4.838
3584,SERVICIOS_HOGAR,26.0,10255.64990202482,9.235681545134925,4.3516
3584,TRANSF_SALIENTE,26.0,83.21358589157413,4.433356260863867,2.4873
3585,PENSION,30.0,6188.36748182419,8.7305881765842,4.1555
3585,SERVICIOS_HOGAR,25.0,2364.507600793126,7.7687479082527355,3.7821
3586,RETIRO_TARJETA,35.0,955.7547715442453,6.863547111535858,3.4307
3587,INGRESO_TRANSF,36.0,3229.4701986754967,8.080382977967432,3.9031
3587,SERVICIOS_HOGAR,31.0,947.7924944812362,6.855190117673846,3.4274
3587,TRANSF_SALIENTE,32.0,935.0993377483443,6.841721600919212,3.4222
3588,PENSION,30.0,6659.022931206381,8.80387820665259,4.184
3588,SERVICIOS_HOGAR,26.0,1350.5483549351943,7.209006143792844,3.5648
3589,SERVICIOS_HOGAR,20.0,6136.932707355243,8.722243271834351,4.1523
3590,SERVICIOS_HOGAR,27.0,7798.158319870759,8.96177109914635,4.2453
3591,RETIRO_TARJETA,5.0,335.28645833333337,5.8179633513084825,3.0248
3591,SERVICIOS_HOGAR,30.0,4161.1328125,8.333782917184472,4.0015
3592,PENSION,72.0,6030.451756832125,8.704743016437783,4.1455
3592,SERVICIOS_HOGAR,70.0,3279.419966536531,8.09572673176016,3.909
3593,SERVICIOS_HOGAR,65.0,4178.76936194401,8.3380113474281,4.0031
3593,TRANSF_SALIENTE,66.0,924.769077731988,6.830624827447425,3.4179
3594,SERVICIOS_HOGAR,55.0,3191.686104631789,8.068617880532404,3.8985
3595,SERVICIOS_HOGAR,51.0,7162.941806497679,8.876815640101501,4.2123
3597,RETIRO_TARJETA,3.0,251.22725960150157,5.5303305049281235,2.9131
3597,SERVICIOS_HOGAR,29.0,2624.4874386370197,7.873021848696642,3.8226
3598,RETIRO_TARJETA,2.0,215.36252692031587,5.376955366174791,2.8536
3598,SERVICIOS_HOGAR,10.0,4619.526202440776,8.438263874222258,4.042
3599,PENSION,57.0,5402.090592334495,8.594726400746715,4.1028
3599,SERVICIOS_HOGAR,53.0,3007.334494773519,8.009141880607197,3.8754
3600,PENSION,64.0,6552.357396815582,8.787732776971716,4.1777
3600,RETIRO_TARJETA,37.0,1165.5588189828413,7.0618135136646245,3.5077
3600,SERVICIOS_HOGAR,60.0,1425.568093986706,7.263026904520729,3.5858
3601,PENSION,42.0,5743.5813189392165,8.656012310157925,4.1266
3601,SERVICIOS_HOGAR,37.0,1557.8033325510444,7.351673711357473,3.6202
3602,RETIRO_TARJETA,7.0,722.8915662650603,6.584641610816891,3.3224
3603,SERVICIOS_HOGAR,10.0,5105.569948186529,8.538283214796957,4.0809
3604,PENSION,60.0,6911.593962514513,8.841100238868695,4.1984
3604,SERVICIOS_HOGAR,56.0,3615.9893846409022,8.193397297095954,3.947
3605,SEGURO,28.0,676.2105263157895,6.51798219401855,3.2965
3605,SERVICIOS_HOGAR,28.0,3713.684210526316,8.22004894964281,3.9573
3605,TRANSF_SALIENTE,28.0,226.52631578947367,5.427265905501192,2.8731
3606,RETIRO_TARJETA,10.0,736.9719395621338,6.603905801604076,3.3299
3608,SERVICIOS_HOGAR,50.0,3001.5372790161414,8.007212969869114,3.8747
3609,RETIRO_TARJETA,24.0,788.6629698089956,6.671606233937711,3.3562
3609,SERVICIOS_HOGAR,60.0,1966.728280961183,7.584634999462565,3.7106
3609,TRANSF_SALIENTE,61.0,3982.101047443007,8.289815952541739,3.9844
3610,PENSION,15.0,4200.589005235603,8.343218067300883,4.0051
3610,SERVICIOS_HOGAR,22.0,1896.9240837696336,7.54851598035604,3.6966
3612,SEGURO,48.0,3923.590333716916,8.2750172511939,3.9786
3612,SERVICIOS_HOGAR,47.0,609.3594169543536,6.4140479917742965,3.2562
3612,TRANSF_SALIENTE,47.0,2172.420406597622,7.684057429835442,3.7492
3613,SERVICIOS_HOGAR,60.0,3737.8265574277325,8.226527086478807,3.9598
3613,TRANSF_SALIENTE,60.0,1988.5608285670119,7.595669204200796,3.7149
3614,SEGURO,24.0,2406.671299513551,7.786415293586985,3.789
3614,SERVICIOS_HOGAR,24.0,1012.369701181376,6.921036394411877,3.453
3614,TRANSF_SALIENTE,24.0,901.4593467685893,6.805123644060717,3.408
3615,SERVICIOS_HOGAR,22.0,3221.611154144074,8.0779472273586,3.9021
3617,SEGURO,57.0,1287.3658536585365,7.161129914201874,3.5462
3617,SERVICIOS_HOGAR,57.0,52.829268292682926,3.985817339552429,2.3135
3617,TRANSF_SALIENTE,57.0,1665.5121951219512,7.41848821552597,3.6461
3618,SERVICIOS_HOGAR,58.0,8106.201427438541,9.000508010792103,4.2603
3618,TRANSF_SALIENTE,58.0,759.8413957176845,6.634424920526053,3.3417
3621,SERVICIOS_HOGAR,43.0,4745.165975103734,8.465092407961068,4.0524
3622,SERVICIOS_HOGAR,46.0,8828.577082921036,9.085862396972049,4.2934
3622,TRANSF_SALIENTE,46.0,2081.0607559865425,7.641113430298874,3.7326
3623,INGRESO_TRANSF,46.0,3843.7003648851683,8.254450950394752,3.9707
3623,SERVICIOS_HOGAR,42.0,2244.687701223438,7.7167670789802125,3.7619
3623,TRANSF_SALIENTE,42.0,94.65550547327751,4.5607532527586105,2.5367
3624,SERVICIOS_HOGAR,26.0,7215.648943580219,8.884145988904576,4.2151
3625,PENSION,52.0,6933.9961759082225,8.844335781329635,4.1997
3625,SERVICIOS_HOGAR,95.0,1816.1376673040154,7.505017831791333,3.6797
3626,SERVICIOS_HOGAR,21.0,2495.2749806351667,7.822554891944916,3.803
3626,TRANSF_SALIENTE,22.0,4393.183578621224,8.388037031457626,4.0225
3628,RETIRO_TARJETA,11.0,681.4740030287734,6.52572443553331,3.2995
3628,SEGURO,35.0,1186.3957597173146,7.079517750765111,3.5145
3628,SERVICIOS_HOGAR,35.0,1582.1554770318023,7.367175271755353,3.6262
3628,TRANSF_SALIENTE,35.0,166.96113074204948,5.1237325880036755,2.7553
3629,INGRESO_TRANSF,65.0,17176.546431312356,9.751358369932424,4.5518
3629,SEGURO,60.0,8050.959324635456,8.99367073516166,4.2576
3629,SERVICIOS_HOGAR,60.0,1744.2824251726784,7.464671669777006,3.6641
3629,TRANSF_SALIENTE,60.0,338.9102072141212,5.828681486301549,3.0289
3631,PENSION,40.0,5145.530657473529,8.54607810790477,4.0839
3631,RETIRO_TARJETA,2.0,49.24895345973898,3.916989720050446,2.2868
3631,SERVICIOS_HOGAR,36.0,3020.241319871953,8.013423058988147,3.8771
3633,RETIRO_TARJETA,1.0,109.79358805445762,4.707668903094071,2.5937
3633,SERVICIOS_HOGAR,19.0,5871.892841458059,8.678102609392848,4.1351
3633,TRANSF_SALIENTE,18.0,631.6205533596838,6.449870800637275,3.2701
3634,INGRESO_TRANSF,20.0,52060.48780487805,10.86018075679709,4.9823
3635,INGRESO_TRANSF,20.0,3825.2134605725764,8.249630940543348,3.9688
3635,SERVICIOS_HOGAR,16.0,1643.3952787543947,7.405127983914271,3.6409
3635,TRANSF_SALIENTE,16.0,396.18282270215974,5.984396685269519,3.0894
3636,SEGURO,51.0,4372.745346105187,8.38337497962993,4.0207
3636,SERVICIOS_HOGAR,51.0,36.869690945237664,3.634151080941339,2.177
3636,TRANSF_SALIENTE,51.0,1595.53587565516,7.3755914833431095,3.6295
3637,SERVICIOS_HOGAR,34.0,4351.03647336657,8.378399169329375,4.0188
3637,TRANSF_SALIENTE,34.0,195.38178955654683,5.280060670422644,2.816
3638,INGRESO_TRANSF,35.0,36155.38116591928,10.495608731121813,4.8407
3638,SERVICIOS_HOGAR,31.0,12525.980941704036,9.435640072465533,4.4292
3639,PENSION,23.0,4885.075885328837,8.494144782873672,4.0637
3639,SERVICIOS_HOGAR,19.0,2689.797639123103,7.897592948762595,3.8321
3640,PENSION,62.0,6471.745107552968,8.775355579978275,4.1729
3640,SERVICIOS_HOGAR,57.0,1880.6404657933042,7.539899263528171,3.6933
3641,INGRESO_TRANSF,47.0,3321.530398322851,8.108481939777406,3.914
3641,SERVICIOS_HOGAR,42.0,1904.5283018867924,7.552514572938745,3.6982
3644,INGRESO_TRANSF,69.0,3476.1516034985425,8.153968732868817,3.9317
3644,SERVICIOS_HOGAR,64.0,2149.504373177843,7.673457685785007,3.7451
3645,SERVICIOS_HOGAR,26.0,6000.8547008547,8.699823817252552,4.1436
3645,TRANSF_SALIENTE,26.0,2265.811965811966,7.726129703005709,3.7656
3646,SERVICIOS_HOGAR,35.0,2604.2481105029974,7.8652831936071355,3.8196
3646,TRANSF_SALIENTE,35.0,2902.528016679698,7.973681834043903,3.8617
3647,SERVICIOS_HOGAR,25.0,4794.812869336835,8.475498497316297,4.0565
3648,INGRESO_TRANSF,32.0,3722.613065326633,8.222449730025156,3.9582
3648,SEGURO,27.0,14.415829145728644,2.735394848132165,1.8281
3648,SERVICIOS_HOGAR,27.0,1536.5577889447236,7.337950585279836,3.6149
3648,TRANSF_SALIENTE,27.0,542.713567839196,6.298422578483139,3.2113
3649,SERVICIOS_HOGAR,63.0,6029.653743711157,8.704610699053875,4.1454
3649,TRANSF_SALIENTE,63.0,3.7289138798461083,1.5536955524250986,1.3693
3650,SERVICIOS_HOGAR,51.0,7303.772553307819,8.896283187944812,4.2198
3651,PENSION,70.0,5075.1997716894975,8.532318184184648,4.0785
3651,SERVICIOS_HOGAR,66.0,2569.178082191781,7.851730468170265,3.8143
3652,PENSION,22.0,6102.547770700637,8.716625482850855,4.1501
3652,SERVICIOS_HOGAR,18.0,2460.8735213830755,7.808677933118979,3.7976
3653,SERVICIOS_HOGAR,51.0,3762.788203753351,8.233181230193674,3.9624
3653,TRANSF_SALIENTE,52.0,1122.716711349419,7.024396962521187,3.4931
3654,RETIRO_TARJETA,38.0,2039.3232738911752,7.620863541877313,3.7247
3654,SERVICIOS_HOGAR,60.0,6352.080475537266,8.756695088514695,4.1656
3655,SEGURO,31.0,961.4790286975717,6.86951227755841,3.433
3655,SERVICIOS_HOGAR,32.0,2600.4415011037527,7.863820993875091,3.819
3655,TRANSF_SALIENTE,31.0,2503.780353200883,7.825956326321614,3.8043
3657,PENSION,15.0,5431.404421326398,8.600137118110444,4.1049
3657,SERVICIOS_HOGAR,10.0,996.7490247074122,6.905501766436421,3.447
3659,SEGURO,18.0,1730.920191888356,7.45698600947433,3.6611
3659,SERVICIOS_HOGAR,18.0,1312.5163541212385,7.1804630598446115,3.5537
3659,TRANSF_SALIENTE,36.0,2996.3366768425644,8.005479398959368,3.874
3661,PENSION,35.0,4875.455820476858,8.492173968692338,4.063
3661,SERVICIOS_HOGAR,31.0,2878.2608695652175,7.9652888976795895,3.8584
3663,RETIRO_TARJETA,17.0,666.5328247339892,6.503588564696767,3.291
3663,SERVICIOS_HOGAR,46.0,7260.630395502911,8.89035965498956,4.2175
3664,RETIRO_TARJETA,3.0,258.5669781931464,5.5590147740931775,2.9243
3665,SERVICIOS_HOGAR,5.0,1201.9337016574584,7.09251860361434,3.5196
3665,TRANSF_SALIENTE,5.0,680.939226519337,6.5249405431974115,3.2992
3667,SERVICIOS_HOGAR,55.0,2766.739939127494,7.925786359696385,3.8431
3669,SEGURO,56.0,1938.4972632277327,7.570184075807994,3.705
3669,SERVICIOS_HOGAR,56.0,1910.6319455962846,7.555712578008334,3.6994
3669,TRANSF_SALIENTE,56.0,1205.6394095206501,7.095594427101535,3.5208
3670,PENSION,67.0,4449.304828823441,8.400727873673409,4.0275
3670,SERVICIOS_HOGAR,63.0,2788.802511586186,7.933726087932368,3.8462
3671,PENSION,15.0,4369.818652849741,8.382705605292898,4.0205
3671,SERVICIOS_HOGAR,11.0,1978.4326424870467,7.5905655384284865,3.7129
3672,RETIRO_TARJETA,25.0,1628.2550134690214,7.395878142371494,3.6374
3672,SERVICIOS_HOGAR,28.0,2001.3169709667766,7.602060274498976,3.7174
3672,TRANSF_SALIENTE,28.0,2478.180185573182,7.815683214175216,3.8003
3673,INGRESO_TRANSF,36.0,2940.859309182814,7.986797078530072,3.8668
3673,SERVICIOS_HOGAR,31.0,1687.980904240382,7.4318806107879265,3.6513
3674,SERVICIOS_HOGAR,64.0,8732.117731514716,9.074877713545204,4.2892
3675,INGRESO_TRANSF,69.0,49825.89710332901,10.816310219686384,4.9652
3675,RETIRO_TARJETA,1.0,25.940337224383917,3.293624688512779,2.0448
3675,SERVICIOS_HOGAR,64.0,7216.255944660614,8.884230096578202,4.2152
3676,PENSION,30.0,4857.5609756097565,8.488497577496048,4.0615
3676,SERVICIOS_HOGAR,26.0,2806.308943089431,7.9399816319690375,3.8486
3677,INGRESO_TRANSF,39.0,3433.8046272493575,8.141715325964464,3.9269
3677,SERVICIOS_HOGAR,34.0,1995.4241645244217,7.5991129415717005,3.7163
3678,SERVICIOS_HOGAR,65.0,5632.3996534796415,8.636468384980793,4.119
3679,SERVICIOS_HOGAR,35.0,3340.2812037493836,8.114109606354342,3.9162
3679,TRANSF_SALIENTE,35.0,4444.499259990133,8.399647461098494,4.027
3680,PENSION,34.0,5722.576900754498,8.652349221234811,4.1251
3680,SERVICIOS_HOGAR,58.0,2945.4439930354033,7.988354296133766,3.8674
3681,RETIRO_TARJETA,1.0,146.8048359240069,4.995892727356418,2.7056
3681,SERVICIOS_HOGAR,18.0,6059.844559585492,8.709604435621017,4.1474
3682,SERVICIOS_HOGAR,62.0,2562.988471328043,7.849319321668534,3.8134
3683,SERVICIOS_HOGAR,60.0,2892.7078495123083,7.970293951685195,3.8603
3684,PENSION,58.0,6719.267955801105,8.812883307097398,4.1875
3684,SERVICIOS_HOGAR,54.0,3137.2582872928174,8.051423239431807,3.8918
3686,INGRESO_TRANSF,17.0,3096.5721040189123,8.038373891365994,3.8868
3686,SERVICIOS_HOGAR,13.0,1578.1323877068555,7.364630853493952,3.6252
3687,SERVICIOS_HOGAR,58.0,4792.038834951457,8.474919901557739,4.0563
3690,SERVICIOS_HOGAR,11.0,1880.1211662249148,7.539623243082301,3.6932
3691,PENSION,70.0,6508.387830537389,8.781000695533312,4.1751
3691,SERVICIOS_HOGAR,66.0,3065.4250781916403,8.028267692415254,3.8829
3692,PENSION,20.0,4813.176007866274,8.479320179341933,4.058
3692,SERVICIOS_HOGAR,16.0,2566.7649950835794,7.850791147804378,3.814
3693,SERVICIOS_HOGAR,66.0,8355.230184429114,9.03076266950014,4.272
3694,SERVICIOS_HOGAR,26.0,3915.2531009051295,8.272890634070782,3.9778
3695,SERVICIOS_HOGAR,17.0,6570.467557251908,8.79049245902361,4.1788
3696,RETIRO_TARJETA,3.0,201.38659623638165,5.3101797110918465,2.8276
3696,SERVICIOS_HOGAR,26.0,3073.8197424892705,8.031001558193687,3.8839
3697,SERVICIOS_HOGAR,64.0,282.0625826355223,5.645668013250229,2.9579
3697,TRANSF_SALIENTE,64.0,5295.254884677538,8.574755224230179,4.095
3699,SERVICIOS_HOGAR,61.0,6664.379336931381,8.804682145761625,4.1843
3700,SERVICIOS_HOGAR,15.0,4146.405919661734,8.33023833818146,4.0001
3701,PENSION,62.0,6111.1747851002865,8.718037927476129,4.1506
3701,SERVICIOS_HOGAR,58.0,2625.7879656160458,7.873517072920624,3.8228
3702,SERVICIOS_HOGAR,40.0,8650.829224562976,9.065526048616817,4.2855
3703,INGRESO_TRANSF,18.0,2948.562126966902,7.989412006780172,3.8678
3703,SERVICIOS_HOGAR,14.0,1382.5284861638634,7.232392388941909,3.5739
3703,TRANSF_SALIENTE,14.0,145.84915897992403,4.989405930559275,2.7031
3704,PENSION,71.0,6224.466292134831,8.736403624894608,4.1578
3704,SERVICIOS_HOGAR,67.0,2866.320224719101,7.961133152955903,3.8568
3706,SERVICIOS_HOGAR,29.0,3789.662511401642,8.240296087919004,3.9652
3708,RETIRO_TARJETA,6.0,424.60317460317464,6.053507397123616,3.1162
3709,RETIRO_TARJETA,23.0,1319.7519929140833,7.185956544969339,3.5559
3709,SEGURO,30.0,225.86359610274582,5.424348938643918,2.872
3709,SERVICIOS_HOGAR,30.0,4941.541186891054,8.505634888220179,4.0682
3709,TRANSF_SALIENTE,59.0,1572.3649247121348,7.360971868976093,3.6238
3710,RETIRO_TARJETA,7.0,229.6360485268631,5.44084092053884,2.8784
3710,SERVICIOS_HOGAR,42.0,4215.4679376083195,8.346753074955979,4.0065
3711,SERVICIOS_HOGAR,12.0,3827.098078867543,8.250123373683374,3.969
3712,PENSION,51.0,6005.699883675844,8.700630772502654,4.1439
3712,SERVICIOS_HOGAR,47.0,2277.1035284994186,7.731098590076906,3.7675
3714,RETIRO_TARJETA,12.0,630.1029463968761,6.44746899724809,3.2692
3714,SEGURO,47.0,64.23500177493787,4.177996161926079,2.3881
3714,SERVICIOS_HOGAR,47.0,2683.688320908768,7.89531991860675,3.8312
3714,TRANSF_SALIENTE,96.0,800.0,6.68586094706836,3.3617
3717,INGRESO_TRANSF,55.0,16878.858999819462,9.733876415023797,4.545
3717,SERVICIOS_HOGAR,50.0,9683.155804296804,9.178246406765453,4.3293
3718,INGRESO_TRANSF,56.0,3132.4721288267565,8.049896975043,3.8913
3718,SERVICIOS_HOGAR,52.0,1938.8426827110247,7.57036215738322,3.7051
3719,SERVICIOS_HOGAR,14.0,2432.5,7.797085829273509,3.7931
3720,PENSION,65.0,5652.651806302844,8.640056952753163,4.1204
3720,SERVICIOS_HOGAR,60.0,2727.4404304381246,7.911485454039826,3.8375
3721,INGRESO_TRANSF,34.0,3361.3411078717204,8.120392768629037,3.9186
3721,SERVICIOS_HOGAR,29.0,1799.183673469388,7.495643979494773,3.6761
3721,TRANSF_SALIENTE,30.0,115.45189504373178,4.757478269652054,2.6131
3722,SERVICIOS_HOGAR,8.0,5084.820031298905,8.534211560239777,4.0793
3725,SERVICIOS_HOGAR,38.0,6804.029990627929,8.825417322221767,4.1923
3726,SERVICIOS_HOGAR,26.0,5965.843760568143,8.693973383262424,4.1413
3726,TRANSF_SALIENTE,26.0,2275.549543456206,7.730416217532187,3.7672
3727,RETIRO_TARJETA,3.0,305.2572074618428,5.724425296151286,2.9885
3727,SEGURO,30.0,873.3747880158281,6.773509102978919,3.3957
3727,SERVICIOS_HOGAR,30.0,5594.686263425664,8.629751269779403,4.1164
3727,TRANSF_SALIENTE,30.0,708.8750706613905,6.565088997738202,3.3148
3728,INGRESO_TRANSF,52.0,12081.216628527842,9.399489950394582,4.4152
3729,PENSION,44.0,4354.598474652311,8.37921730226804,4.0191
3729,SERVICIOS_HOGAR,40.0,2638.851502916106,7.878477945662919,3.8247
3730,PENSION,52.0,5176.888888888889,8.55215270177474,4.0862
3730,SERVICIOS_HOGAR,47.0,1765.5652173913043,7.476792385105146,3.6688
3731,INGRESO_TRANSF,31.0,2926.1312938177184,7.981778141790328,3.8648
3731,SERVICIOS_HOGAR,26.0,1635.564053537285,7.40035423374189,3.6391
3732,PENSION,19.0,4619.510926118627,8.43826056803012,4.042
3732,SERVICIOS_HOGAR,15.0,1301.7689906347555,7.172247271026968,3.5505
3733,RETIRO_TARJETA,7.0,668.7137495735244,6.506850381649737,3.2922
3733,SERVICIOS_HOGAR,23.0,8728.386216308427,9.074450338951706,4.289
3735,RETIRO_TARJETA,9.0,457.4275362318841,6.1278022339102645,3.1451
3735,SERVICIOS_HOGAR,34.0,4852.083333333334,8.48736952076682,4.0611
3735,TRANSF_SALIENTE,36.0,956.2500000000001,6.864064590357404,3.4309
3736,PENSION,32.0,7013.408876298395,8.855721723312225,4.2041
3736,SERVICIOS_HOGAR,28.0,3084.6710733396285,8.03452444050858,3.8853
3737,PENSION,46.0,6847.53421681512,8.831789925411956,4.1948
3737,SERVICIOS_HOGAR,84.0,3498.3271779274387,8.160325994120138,3.9341
3738,SERVICIOS_HOGAR,60.0,5308.5090013848285,8.57725464317815,4.096
3741,SERVICIOS_HOGAR,24.0,3570.4433497536943,8.180725092717498,3.942
3742,PENSION,20.0,4526.422764227642,8.417908130358086,4.0341
3742,SERVICIOS_HOGAR,16.0,2413.8211382113823,7.789380500491455,3.7901
3743,RETIRO_TARJETA,4.0,213.14920444311016,5.366672989102858,2.8496
3743,SEGURO,28.0,636.3254277994596,6.45728040078596,3.273
3743,SERVICIOS_HOGAR,28.0,4604.743320324226,8.435059351586,4.0408
3743,TRANSF_SALIENTE,29.0,339.5376763734614,5.830525769610616,3.0297
3745,INGRESO_TRANSF,65.0,28528.109107720757,10.258680217211777,4.7487
3745,RETIRO_TARJETA,10.0,352.90491601171215,5.869028278217675,3.0446
3745,SERVICIOS_HOGAR,61.0,10781.460933888118,9.285676105412083,4.371
3745,TRANSF_SALIENTE,61.0,790.5840653413469,6.674036083840797,3.3571
3746,SERVICIOS_HOGAR,27.0,3806.0556994818653,8.244611387082367,3.9668
3746,TRANSF_SALIENTE,27.0,486.139896373057,6.18855134337721,3.1686
3747,SEGURO,52.0,1392.3598714744733,7.23947328318209,3.5766
3747,SERVICIOS_HOGAR,52.0,2217.565155301678,7.704615939466663,3.7572
3747,TRANSF_SALIENTE,52.0,1695.8943234559085,7.4365549907294515,3.6531
3748,INGRESO_TRANSF,65.0,3157.5102724090702,8.057855762639647,3.8943
3748,SERVICIOS_HOGAR,61.0,285.92299497793334,5.659213869576588,2.9632
3748,TRANSF_SALIENTE,60.0,1661.8475117942476,7.416286780337031,3.6453
3749,RETIRO_TARJETA,9.0,861.2273361227336,6.759518966893637,3.3903
3749,SERVICIOS_HOGAR,24.0,3266.945606694561,8.091916811623067,3.9076
3750,SERVICIOS_HOGAR,41.0,7009.764680008797,8.855202058246123,4.2039
3751,SERVICIOS_HOGAR,58.0,100.45662100456622,4.619631327863937,2.5596
3751,TRANSF_SALIENTE,58.0,2781.735159817352,7.931189593439289,3.8452
3752,SERVICIOS_HOGAR,45.0,2944.489629930866,7.988030340307392,3.8672
3753,PENSION,46.0,5912.578480190517,8.685006422963642,4.1378
3753,SERVICIOS_HOGAR,41.0,1366.962546005629,7.221077719156837,3.5695
3754,INGRESO_TRANSF,34.0,31823.10154204248,10.36797919182655,4.7912
3754,SEGURO,30.0,796.915915042188,6.682003222276722,3.3602
3754,SERVICIOS_HOGAR,29.0,3354.7861507128314,8.118441344076711,3.9179
3754,TRANSF_SALIENTE,60.0,1819.0282222868782,7.5066072867016445,3.6803
3755,SERVICIOS_HOGAR,31.0,11838.755304101838,9.379218241341142,4.4073
3756,RETIRO_TARJETA,13.0,644.0745144669045,6.469365836428401,3.2777
3756,SERVICIOS_HOGAR,45.0,8046.67063020214,8.993137965831334,4.2574
3757,INGRESO_TRANSF,15.0,31978.10650887574,10.372838046938098,4.7931
3757,RETIRO_TARJETA,1.0,216.96252465483232,5.384323142758625,2.8564
3757,SEGURO,11.0,580.7363576594346,6.366017351386478,3.2375
3757,SERVICIOS_HOGAR,11.0,713.8067061143984,6.572012165046522,3.3175
3757,TRANSF_SALIENTE,22.0,3733.2018408941485,8.225289377513318,3.9593
3758,RETIRO_TARJETA,8.0,454.4300583904544,6.121242155822229,3.1425
3758,SERVICIOS_HOGAR,35.0,3562.198527545062,8.17841388326353,3.9411
3759,PENSION,60.0,4925.074925074925,8.502297788689644,4.0669
3759,SERVICIOS_HOGAR,55.0,1503.6630036630036,7.316324234277744,3.6065
3763,SERVICIOS_HOGAR,35.0,2808.341608738828,7.94070543193465,3.8489
3763,TRANSF_SALIENTE,36.0,3238.033763654419,8.083030343215306,3.9041
3764,INGRESO_TRANSF,38.0,3926.4993394980183,8.275758201956119,3.9789
3764,SERVICIOS_HOGAR,34.0,2251.0964332893,7.719616809519201,3.763
3765,INGRESO_TRANSF,25.0,3041.519780650215,8.020441326286798,3.8798
3765,SEGURO,21.0,568.3901292596945,6.344565839357701,3.2292
3765,SERVICIOS_HOGAR,21.0,507.52056404230314,6.2315056552654156,3.1853
3765,TRANSF_SALIENTE,20.0,596.9447708578143,6.3934983932604545,3.2482
3766,SERVICIOS_HOGAR,12.0,4337.447936387732,8.37527194478992,4.0176
3767,RETIRO_TARJETA,5.0,263.8592750533049,5.579198647401155,2.9321
3767,SERVICIOS_HOGAR,32.0,751.3859275053304,6.623249393776858,3.3374
3767,TRANSF_SALIENTE,33.0,3214.685501066098,8.075795833559853,3.9013
3769,PENSION,31.0,6727.304402914159,8.814078444819867,4.1879
3769,SERVICIOS_HOGAR,27.0,1753.2467532467533,7.4697948433378984,3.666
3770,RETIRO_TARJETA,15.0,810.4674796747968,6.698844311813751,3.3668
3770,SERVICIOS_HOGAR,35.0,8056.40243902439,8.994346505521271,4.2579
3772,SERVICIOS_HOGAR,33.0,6867.639186295503,8.83472128499839,4.1959
3773,PENSION,20.0,5817.177297840281,8.668742312609435,4.1315
3773,SERVICIOS_HOGAR,16.0,2528.1767955801106,7.835649151533843,3.8081
3774,SERVICIOS_HOGAR,23.0,4715.738758029978,8.45887289867445,4.05
3774,TRANSF_SALIENTE,23.0,2364.846538187009,7.768891181144388,3.7822
3775,PENSION,66.0,6123.011793166012,8.719972682504984,4.1514
3775,SERVICIOS_HOGAR,61.0,2257.7562745690957,7.722569619797033,3.7642
3776,RETIRO_TARJETA,1.0,83.08157099697885,4.4317874109443185,2.4866
3776,SERVICIOS_HOGAR,21.0,3758.270392749245,8.23198017307329,3.9619
3776,TRANSF_SALIENTE,22.0,1878.4743202416919,7.538747399831186,3.6928
3777,INGRESO_TRANSF,47.0,3197.150696496412,8.070328014390133,3.8992
3777,SEGURO,43.0,92.57070493879273,4.538717353071484,2.5282
3777,SERVICIOS_HOGAR,43.0,942.9506120726044,6.850073847057183,3.4255
3777,TRANSF_SALIENTE,43.0,913.9088222878852,6.818824412537549,3.4133
3778,RETIRO_TARJETA,35.0,1116.6742527689273,7.019005245221186,3.491
3778,SERVICIOS_HOGAR,62.0,2854.95372477621,7.957161120518758,3.8553
3779,SEGURO,37.0,2628.6910744197176,7.87462165607476,3.8232
3779,SERVICIOS_HOGAR,37.0,140.77530509691314,4.954243445877414,2.6895
3779,TRANSF_SALIENTE,37.0,755.2285235702321,6.628343610356986,3.3394
3780,PENSION,37.0,6239.956977682173,8.738888811412794,4.1587
3780,SERVICIOS_HOGAR,66.0,1429.4971766603926,7.265777338814951,3.5868
3781,RETIRO_TARJETA,12.0,488.5099002746062,6.193404687046131,3.1705
3781,SERVICIOS_HOGAR,64.0,7123.3415233415235,8.871272583089437,4.2101
3782,INGRESO_TRANSF,21.0,30526.105165193116,10.326370261881602,4.775
3782,RETIRO_TARJETA,6.0,767.7989762680317,6.644829526057943,3.3458
3782,SEGURO,16.0,7897.999069334574,8.974491330343747,4.2502
3782,SERVICIOS_HOGAR,17.0,437.4592833876222,6.0832669531968415,3.1278
3782,TRANSF_SALIENTE,16.0,2077.245230339693,7.639279177371726,3.7318
3783,SERVICIOS_HOGAR,32.0,2625.7960064759845,7.8735201340156715,3.8228
3784,SERVICIOS_HOGAR,30.0,1345.7069991499009,7.205417631702385,3.5634
3784,TRANSF_SALIENTE,31.0,2951.5443468404646,7.990422568057096,3.8682
3785,SERVICIOS_HOGAR,65.0,6102.079122148426,8.716548696928493,4.1501
3787,SERVICIOS_HOGAR,66.0,4135.086721637759,8.327505383482414,3.999
3788,RETIRO_TARJETA,20.0,497.81659388646284,6.212238480867729,3.1778
3789,SERVICIOS_HOGAR,20.0,7912.737508796622,8.976355453439352,4.2509
3791,INGRESO_TRANSF,32.0,30341.371750704668,10.320300422250142,4.7727
3791,SEGURO,28.0,905.8565612276856,6.809984291222444,3.4099
3791,SERVICIOS_HOGAR,28.0,3228.8130284998433,8.080179528627887,3.903
3791,TRANSF_SALIENTE,28.0,2759.6617601002195,7.92322569812366,3.8421
3792,PENSION,65.0,5304.747912155893,8.57654602360974,4.0957
3792,SERVICIOS_HOGAR,60.0,3264.4602536343955,8.09115599766686,3.9073
3793,SERVICIOS_HOGAR,26.0,4930.408773678963,8.503379981526598,4.0673
3794,SERVICIOS_HOGAR,19.0,3768.430257979886,8.234679143817218,3.963
3795,SERVICIOS_HOGAR,29.0,2097.1898355754856,7.6488302689311976,3.7356
3795,TRANSF_SALIENTE,28.0,5590.792227204783,8.629055127859417,4.1161
3796,SERVICIOS_HOGAR,63.0,7779.8720618863435,8.959423701107552,4.2443
3798,SERVICIOS_HOGAR,11.0,857.9045257284563,6.755657769972939,3.3888
3798,TRANSF_SALIENTE,12.0,6425.542467451954,8.768191953705736,4.1701
3799,SEGURO,21.0,114.10307630842988,4.745828042637654,2.6086
3799,SERVICIOS_HOGAR,21.0,3920.6152616859767,8.274258904465066,3.9784
3799,TRANSF_SALIENTE,42.0,1261.0067918497803,7.140458424901082,3.5382
3800,SERVICIOS_HOGAR,23.0,1083.4364761558063,6.988815754236778,3.4793
3800,TRANSF_SALIENTE,23.0,3042.6647251547142,8.020817570062158,3.88
3802,PENSION,32.0,4848.843663274745,8.48670174903565,4.0608
3802,SERVICIOS_HOGAR,27.0,2727.4745605920443,7.911497962995519,3.8375
3803,SERVICIOS_HOGAR,30.0,4427.880512091038,8.395902125029364,4.0256
3804,INGRESO_TRANSF,57.0,34519.15492957747,10.44929863329788,4.8227
3804,SERVICIOS_HOGAR,53.0,599.9823943661972,6.398565640206295,3.2502
3804,TRANSF_SALIENTE,53.0,4159.7535211267605,8.333451471738607,4.0013
3805,SERVICIOS_HOGAR,50.0,5472.397184142275,8.607654760069705,4.1078
3806,RETIRO_TARJETA,7.0,561.2087573234659,6.331873235233834,3.2243
3806,SEGURO,27.0,14.986123959296947,2.7717210934147833,1.8422
3806,SERVICIOS_HOGAR,27.0,2677.520814061055,7.893019986080837,3.8304
3806,TRANSF_SALIENTE,28.0,2139.50046253469,7.668794941672195,3.7433
3807,RETIRO_TARJETA,21.0,1237.1392722710164,7.1213649447127905,3.5308
3807,SERVICIOS_HOGAR,35.0,4240.401505646173,8.352649037392917,4.0088
3808,SERVICIOS_HOGAR,60.0,1824.3117847200742,7.509506092367446,3.6815
3808,TRANSF_SALIENTE,60.0,4423.445716053202,8.394900287687221,4.0252
3809,SEGURO,20.0,1.5810276679841897,0.9481876405489108,1.1343
3809,SERVICIOS_HOGAR,20.0,1553.3596837944663,7.348818960898806,3.6191
3809,TRANSF_SALIENTE,20.0,1279.8418972332015,7.15527287291607,3.5439
3810,PENSION,42.0,6491.540642722117,8.778409203466808,4.1741
3810,SERVICIOS_HOGAR,38.0,2569.8487712665406,7.851991384558248,3.8144
3811,INGRESO_TRANSF,26.0,3751.357552581262,8.230139602115877,3.9612
3811,RETIRO_TARJETA,8.0,179.73231357552584,5.1970170060466705,2.7837
3811,SERVICIOS_HOGAR,22.0,2115.8699808795413,7.65769385256458,3.739
3812,PENSION,47.0,4930.693069306931,8.50343762984709,4.0673
3812,SERVICIOS_HOGAR,43.0,1924.899936802191,7.563148637115477,3.7023
3813,SEGURO,10.0,226.2228260869565,5.425931148732559,2.8726
3813,SERVICIOS_HOGAR,11.0,4218.410326086956,8.34745066411172,4.0068
3813,TRANSF_SALIENTE,10.0,608.016304347826,6.411845039679646,3.2553
3817,SERVICIOS_HOGAR,43.0,6018.156484458736,8.702702409624626,4.1447
3818,SEGURO,68.0,3841.8346073662265,8.253965552263281,3.9705
3818,SERVICIOS_HOGAR,68.0,3398.58234885337,8.13140786448644,3.9229
3818,TRANSF_SALIENTE,68.0,1393.0785267546908,7.239988921695642,3.5768
3819,SERVICIOS_HOGAR,20.0,5541.943035505267,8.6202808725323,4.1127
3820,SERVICIOS_HOGAR,57.0,7459.831004224894,8.917422081662098,4.228
3822,INGRESO_TRANSF,63.0,18777.87610619469,9.840487905720906,4.5864
3822,SERVICIOS_HOGAR,59.0,10868.568268015171,9.29372226157259,4.3741
3824,SERVICIOS_HOGAR,52.0,5614.912891986063,8.633359434899113,4.1178
3826,SERVICIOS_HOGAR,41.0,4035.686274509804,8.303179405301535,3.9896
3828,INGRESO_TRANSF,16.0,2997.2670807453414,8.005789761000578,3.8741
3828,SERVICIOS_HOGAR,12.0,1498.1366459627327,7.312644652028495,3.605
3830,INGRESO_TRANSF,20.0,15458.419243986253,9.645973756363787,4.5109
3830,SERVICIOS_HOGAR,15.0,4048.6008836524297,8.306373607998172,3.9908
3832,SERVICIOS_HOGAR,30.0,136.01586851799377,4.920096747719005,2.6762
3832,TRANSF_SALIENTE,31.0,3668.347973930292,8.207769261485325,3.9525
3833,SERVICIOS_HOGAR,12.0,4606.473594548552,8.435434958556,4.0409
3834,SEGURO,66.0,2949.467488789238,7.989718907554711,3.8679
3834,SERVICIOS_HOGAR,66.0,2880.1008968609867,7.965927755943345,3.8587
3834,TRANSF_SALIENTE,133.0,592.8251121076233,6.386584851950132,3.2455
3835,SERVICIOS_HOGAR,64.0,5833.831990794017,8.671600750954623,4.1326
3835,TRANSF_SALIENTE,64.0,1147.9861910241657,7.046635259520805,3.5018
3836,SEGURO,8.0,3340.9913453973245,8.114322119504267,3.9163
3836,SERVICIOS_HOGAR,8.0,1684.3430369787568,7.429724404843011,3.6505
3836,TRANSF_SALIENTE,9.0,715.8929976396538,6.574926593255891,3.3186
3837,INGRESO_TRANSF,64.0,14922.568578553617,9.610697026026774,4.4972
3839,INGRESO_TRANSF,46.0,33183.27932598833,10.409831528483831,4.8074
3839,RETIRO_TARJETA,10.0,537.9131561892417,6.289554437685142,3.2079
3840,PENSION,58.0,5934.190231362468,8.688654358992183,4.1392
3840,SERVICIOS_HOGAR,53.0,2324.370179948586,7.751634522529934,3.7755
3841,PENSION,47.0,4520.071912013536,8.416504393386536,4.0336
3841,SERVICIOS_HOGAR,85.0,1486.590524534687,7.304912992398124,3.602
3842,PENSION,21.0,4879.953810623557,8.493095932745375,4.0633
3842,SERVICIOS_HOGAR,17.0,2179.769053117783,7.687432870231613,3.7505
3844,INGRESO_TRANSF,67.0,3375.3901025412392,8.124562400740869,3.9202
3844,SERVICIOS_HOGAR,62.0,2082.330212513003,7.641722956067457,3.7328
3845,SERVICIOS_HOGAR,39.0,7930.596330275229,8.978609597053106,4.2518
3846,INGRESO_TRANSF,20.0,3002.9791459781527,8.007693070775426,3.8749
3846,SERVICIOS_HOGAR,16.0,1601.5888778550147,7.3793756492568745,3.6309
3847,RETIRO_TARJETA,18.0,952.8279746538371,6.860483335119315,3.4295
3847,SEGURO,38.0,787.4677305796762,6.670091480492306,3.3556
3847,SERVICIOS_HOGAR,38.0,4904.951889227881,8.498204418253408,4.0653
3847,TRANSF_SALIENTE,37.0,6.07838535555034,1.9570458245709894,1.5259
3848,SERVICIOS_HOGAR,25.0,6095.117845117846,8.715407428727833,4.1496
3849,SERVICIOS_HOGAR,45.0,3976.0580170872245,8.288297633254974,3.9838
3850,SERVICIOS_HOGAR,60.0,1888.442521631644,7.544037102444153,3.6949
3850,TRANSF_SALIENTE,60.0,4746.600741656366,8.46539466239945,4.0526
3851,SERVICIOS_HOGAR,17.0,996.286231884058,6.905037821922031,3.4468
3851,TRANSF_SALIENTE,17.0,7318.161231884059,8.898251014581714,4.2206
3852,PENSION,15.0,4870.656370656371,8.4911892754278,4.0626
3852,SERVICIOS_HOGAR,22.0,2381.2097812097813,7.775783815394958,3.7848
3854,INGRESO_TRANSF,32.0,3285.8464384828862,8.097683854739895,3.9098
3854,SERVICIOS_HOGAR,29.0,1153.5615171137836,7.051475912012292,3.5036
3854,TRANSF_SALIENTE,28.0,802.9602220166513,6.689549792851365,3.3631
3855,SEGURO,36.0,717.4730508899473,6.577128197355598,3.3195
3855,SERVICIOS_HOGAR,36.0,857.3577337678616,6.75502095171638,3.3886
3855,TRANSF_SALIENTE,36.0,5034.043619954876,8.524177468462678,4.0754
3856,PENSION,25.0,4957.831325301205,8.508925372057293,4.0695
3856,SERVICIOS_HOGAR,20.0,1831.3253012048194,7.513341095630907,3.683
3857,INGRESO_TRANSF,14.0,3208.5374387683696,8.07388210566849,3.9006
3857,SERVICIOS_HOGAR,10.0,1527.6417074877538,7.332134847198928,3.6126
3858,RETIRO_TARJETA,9.0,426.5791632485644,6.05813944842326,3.118
3860,INGRESO_TRANSF,50.0,13431.444926964075,9.50542832261051,4.4563
3860,SERVICIOS_HOGAR,46.0,7557.402289774971,8.930415109507345,4.2331
3861,RETIRO_TARJETA,2.0,256.5217391304348,5.551104140347816,2.9212
3861,SERVICIOS_HOGAR,19.0,3491.8695652173915,8.158478902345337,3.9334
3862,SERVICIOS_HOGAR,20.0,2780.81648830757,7.9308594063635915,3.845
3862,TRANSF_SALIENTE,20.0,6202.140309155767,8.732810944281344,4.1564
3863,SERVICIOS_HOGAR,58.0,7762.543279823733,8.957194117188159,4.2435
3864,SEGURO,23.0,391.76666666666665,5.973215712051186,3.0851
3864,SERVICIOS_HOGAR,23.0,266.03333333333336,5.587373494552962,2.9353
3864,TRANSF_SALIENTE,46.0,5657.233333333334,8.640866990554017,4.1207
3865,SERVICIOS_HOGAR,42.0,5349.625187406297,8.584968690521873,4.099
3866,RETIRO_TARJETA,4.0,175.6587202007528,5.174219736870689,2.7749
3867,SERVICIOS_HOGAR,13.0,4088.914417001723,8.316279323879463,3.9947
3868,PENSION,64.0,5334.49401523395,8.582136758368042,4.0979
3868,SERVICIOS_HOGAR,60.0,3039.6393595523086,8.01982308792924,3.8796
3869,RETIRO_TARJETA,15.0,748.3520744474603,6.619208932416339,3.3358
3869,SERVICIOS_HOGAR,48.0,5918.573090345095,8.686019612160393,4.1382
3870,PENSION,24.0,5575.04215851602,8.62623451312125,4.115
3870,SERVICIOS_HOGAR,20.0,3096.964586846543,8.038500589938769,3.8868
3871,PENSION,71.0,4312.269938650307,8.369451581902494,4.0153
3871,SERVICIOS_HOGAR,134.0,1548.8845510317904,7.345935723933984,3.618
3872,INGRESO_TRANSF,19.0,16293.28165374677,9.698569506455005,4.5313
3872,SEGURO,15.0,4109.302325581395,8.321251863320603,3.9966
3872,SERVICIOS_HOGAR,14.0,1223.4625322997415,7.110257277557191,3.5265
3872,TRANSF_SALIENTE,30.0,2969.7674418604647,7.996575596350565,3.8706
3874,SERVICIOS_HOGAR,39.0,5319.501978124273,8.579322934674645,4.0968
3875,INGRESO_TRANSF,14.0,41364.14701803051,10.630193945782853,4.893
3876,SERVICIOS_HOGAR,40.0,8236.379163108455,9.016437509581284,4.2665
3877,RETIRO_TARJETA,1.0,83.71385083713851,4.4392791164721865,2.4896
3877,SERVICIOS_HOGAR,21.0,2965.4109589041095,7.995108069709409,3.87
3878,INGRESO_TRANSF,50.0,2856.8615869265604,7.95782892727035,3.8555
3878,SEGURO,46.0,63.398306753297895,4.165087340113996,2.3831
3878,SERVICIOS_HOGAR,46.0,195.6290608387478,5.281319013873367,2.8164
3878,TRANSF_SALIENTE,46.0,1492.5772789919276,7.308929379867515,3.6036
3880,PENSION,29.0,6845.036070079011,8.831425087857877,4.1947
3880,SERVICIOS_HOGAR,24.0,1601.09927859842,7.3790700973675785,3.6308
3881,SERVICIOS_HOGAR,29.0,1128.0153347095254,7.029101146616787,3.495
3881,TRANSF_SALIENTE,29.0,2726.393394278974,7.911101631436117,3.8374
3882,INGRESO_TRANSF,66.0,3258.8378460602376,8.089432732651336,3.9066
3882,SEGURO,61.0,71.44812899300274,4.282870843629951,2.4288
3882,SERVICIOS_HOGAR,61.0,1492.0596288408885,7.308582735683975,3.6035
3882,TRANSF_SALIENTE,123.0,445.98418010343784,6.102523202719806,3.1353
3883,RETIRO_TARJETA,70.0,1478.0733285406184,7.299171041292863,3.5998
3884,SERVICIOS_HOGAR,21.0,4121.856639247943,8.324301561122008,3.9978
3886,RETIRO_TARJETA,8.0,329.2181069958848,5.799753366432851,3.0177
3887,INGRESO_TRANSF,31.0,2946.8051621026125,7.988816159572375,3.8675
3887,SERVICIOS_HOGAR,27.0,1710.7648725212464,7.445280206452545,3.6565
3889,INGRESO_TRANSF,18.0,2919.7324414715717,7.979589699928609,3.864
3889,SERVICIOS_HOGAR,14.0,135.0055741360089,4.91269587119032,2.6733
3889,TRANSF_SALIENTE,13.0,1280.4347826086955,7.155735653060572,3.5441
3890,SERVICIOS_HOGAR,30.0,4731.96768609348,8.462307702520482,4.0514
3891,SERVICIOS_HOGAR,60.0,2953.9034611205957,7.991221259634992,3.8685
3892,INGRESO_TRANSF,62.0,3346.7438494934877,8.11604192016795,3.9169
3892,SERVICIOS_HOGAR,58.0,2087.2165943077666,7.644065676528662,3.7337
3893,SERVICIOS_HOGAR,20.0,1221.8152218152218,7.10891103826699,3.5259
3893,TRANSF_SALIENTE,20.0,1248.6772486772486,7.130640595898513,3.5344
3894,PENSION,27.0,6825.027603974972,8.828498173404414,4.1935
3894,SERVICIOS_HOGAR,46.0,2849.392712550607,7.9552120576473975,3.8545
3895,SERVICIOS_HOGAR,36.0,3820.726136090406,8.248457467625474,3.9683
3896,INGRESO_TRANSF,40.0,36264.599802371544,10.498624907089155,4.8419
3896,SERVICIOS_HOGAR,35.0,2249.7529644268775,7.719020090071748,3.7628
3896,TRANSF_SALIENTE,35.0,1419.713438735178,7.258914446068303,3.5842
3897,RETIRO_TARJETA,15.0,1595.121951219512,7.375332185629159,3.6294
3897,SERVICIOS_HOGAR,15.0,3914.6341463414633,8.272732573939061,3.9778
3898,PENSION,58.0,6827.8855975485185,8.828916776375095,4.1937
3898,SERVICIOS_HOGAR,54.0,2436.1593462717055,7.798588437729599,3.7937
3899,RETIRO_TARJETA,5.0,354.42199403776084,5.873305799111758,3.0463
3899,SERVICIOS_HOGAR,26.0,2643.0606160980456,7.880071126615759,3.8253
3902,SERVICIOS_HOGAR,36.0,897.130242825607,6.800315094339544,3.4061
3902,TRANSF_SALIENTE,36.0,4784.988962472406,8.473447962254294,4.0557
3903,SERVICIOS_HOGAR,43.0,5849.741682165737,8.674323715465777,4.1337
3904,INGRESO_TRANSF,27.0,3131.5573770491806,8.049605003298144,3.8911
3904,SERVICIOS_HOGAR,22.0,1700.8196721311476,7.439453352950918,3.6543
3905,SERVICIOS_HOGAR,17.0,6836.453974895398,8.830170715430857,4.1942
3906,INGRESO_TRANSF,18.0,36721.890827236915,10.511155567867622,4.8468
3908,PENSION,23.0,4715.686274509803,8.45886177153452,4.05
3908,SERVICIOS_HOGAR,36.0,2024.0409207161124,7.613345187097509,3.7218
3909,RETIRO_TARJETA,28.0,736.8568232662193,6.603749799364457,3.3298
3909,SEGURO,66.0,569.3791946308725,6.34630139338379,3.2299
3909,SERVICIOS_HOGAR,66.0,7640.016778523491,8.941285959499558,4.2373
3909,TRANSF_SALIENTE,66.0,657.9697986577181,6.490677704404856,3.2859
3910,PENSION,23.0,4436.558219178082,8.397859553512387,4.0263
3910,SERVICIOS_HOGAR,19.0,2174.10102739726,7.684830391822096,3.7495
3911,INGRESO_TRANSF,12.0,2807.6923076923076,7.94047428308113,3.8488
3911,SERVICIOS_HOGAR,8.0,1247.4358974358975,7.129646764738019,3.534
3912,PENSION,56.0,6249.928469241774,8.740485286775918,4.1594
3912,SERVICIOS_HOGAR,102.0,2487.982832618026,7.819629405042892,3.8019
3913,SERVICIOS_HOGAR,22.0,6003.944919985113,8.700338562113169,4.1438
3914,SERVICIOS_HOGAR,36.0,5526.925972396487,8.617567973967914,4.1116
3915,RETIRO_TARJETA,7.0,291.47331786542924,5.678373441538134,2.9706
3915,SERVICIOS_HOGAR,65.0,8963.89211136891,9.101071351540597,4.2993
3916,INGRESO_TRANSF,15.0,17683.885941644563,9.780465652178272,4.5631
3916,SEGURO,11.0,1874.6684350132625,7.5367203735476975,3.692
3916,SERVICIOS_HOGAR,11.0,7950.9283819628645,8.981169742003457,4.2528
3916,TRANSF_SALIENTE,11.0,786.3395225464191,6.668659569040204,3.355
3917,SEGURO,28.0,668.4417549167928,6.506444163462887,3.2921
3917,SERVICIOS_HOGAR,29.0,2072.5567322239035,7.637020639921692,3.731
3917,TRANSF_SALIENTE,58.0,2724.5083207261728,7.910410229417002,3.8371
3918,SERVICIOS_HOGAR,57.0,4567.698896392686,8.426983737967445,4.0376
3919,SERVICIOS_HOGAR,10.0,2441.747572815534,7.8008787391960945,3.7946
3922,PENSION,14.0,5557.872638208538,8.623150603773317,4.1138
3922,SERVICIOS_HOGAR,9.0,1859.8320503848847,7.528779005597627,3.6889
3923,SERVICIOS_HOGAR,65.0,4740.877497827975,8.464188432851758,4.0521
3924,PENSION,34.0,4736.140350877193,8.46318893112684,4.0517
3924,SERVICIOS_HOGAR,30.0,2713.157894736842,7.906237016571686,3.8355
3925,SERVICIOS_HOGAR,37.0,3951.6185696361354,8.282133567276595,3.9814
3925,TRANSF_SALIENTE,37.0,2086.298619824341,7.643625982526299,3.7335
3926,PENSION,51.0,5358.702807357212,8.58666380613906,4.0996
3926,SERVICIOS_HOGAR,47.0,2031.055179090029,7.616802963393671,3.7231
3927,SERVICIOS_HOGAR,57.0,1762.4337774923745,7.475018197223006,3.6681
3927,TRANSF_SALIENTE,57.0,1281.1045111574892,7.156258156121601,3.5443
3930,SERVICIOS_HOGAR,39.0,8026.662143826323,8.99064862430547,4.2565
3931,RETIRO_TARJETA,19.0,1326.442721791559,7.1910096047588965,3.5578
3932,PENSION,29.0,6906.983909619993,8.840433110025291,4.1982
3932,SERVICIOS_HOGAR,25.0,1363.4029441971927,7.218472208411697,3.5685
3934,PENSION,12.0,6232.163265306122,8.737639230161633,4.1582
3934,SERVICIOS_HOGAR,8.0,1564.734693877551,7.3561104457725905,3.6219
3935,INGRESO_TRANSF,69.0,23361.994840928633,10.058908632531635,4.6712
3935,SEGURO,65.0,607.3373459443967,6.410729573399709,3.2549
3935,SERVICIOS_HOGAR,64.0,2428.6615075952996,7.795507229345941,3.7925
3935,TRANSF_SALIENTE,130.0,6500.0,8.77971129020447,4.1746
3936,INGRESO_TRANSF,44.0,3633.7810152515367,8.198304144755813,3.9489
3936,SEGURO,39.0,383.5192351468245,5.951993814084081,3.0768
3936,SERVICIOS_HOGAR,39.0,1650.3755975415434,7.409363915043305,3.6426
3936,TRANSF_SALIENTE,39.0,112.74755292510812,4.733981544853355,2.604
3937,PENSION,36.0,5305.1569506726455,8.57662311410805,4.0957
3937,SERVICIOS_HOGAR,31.0,2941.0033632286995,7.986846044338398,3.8668
3938,RETIRO_TARJETA,11.0,470.3776041666667,6.155659480180957,3.1559
3938,SERVICIOS_HOGAR,56.0,3526.432291666667,8.168325489117995,3.9372
3939,SERVICIOS_HOGAR,61.0,4801.535654553748,8.476899318780431,4.057
3940,INGRESO_TRANSF,44.0,19597.444672598678,9.883205488631114,4.603
3940,RETIRO_TARJETA,11.0,549.8516997490303,6.311465625465312,3.2164
3941,INGRESO_TRANSF,24.0,3144.3478260869565,8.05367975954923,3.8927
3941,SERVICIOS_HOGAR,19.0,1187.9917184265012,7.080860931507989,3.5151
3941,TRANSF_SALIENTE,20.0,496.06625258799176,6.208723322218326,3.1765
3942,SERVICIOS_HOGAR,21.0,8895.520504731861,9.093415524753077,4.2964
3943,INGRESO_TRANSF,34.0,2926.7730496453896,7.981997361710107,3.8649
3943,SERVICIOS_HOGAR,29.0,1664.2434988179668,7.417726637258025,3.6458
3944,SERVICIOS_HOGAR,35.0,1051.7152437451637,6.959128051769102,3.4678
3944,TRANSF_SALIENTE,35.0,3013.4124322930097,8.011160208674564,3.8762
3946,SERVICIOS_HOGAR,25.0,4094.915254237288,8.31774547662183,3.9952
3946,TRANSF_SALIENTE,25.0,3904.237288135593,8.270073825635235,3.9767
3947,SERVICIOS_HOGAR,31.0,2171.31914893617,7.683550608075439,3.749
3947,TRANSF_SALIENTE,31.0,544.3687943262412,6.3014622526510795,3.2125
3948,RETIRO_TARJETA,53.0,1982.1717990275527,7.59245276068621,3.7137
3948,SEGURO,57.0,1819.0113452188007,7.506598013688116,3.6803
3948,SERVICIOS_HOGAR,56.0,284.99189627228526,5.655963475706128,2.9619
3948,TRANSF_SALIENTE,112.0,2713.7763371150727,7.906464848538144,3.8356
3949,RETIRO_TARJETA,9.0,403.9270687237027,6.003706973665263,3.0969
3950,RETIRO_TARJETA,3.0,500.93926111458984,6.218479118575751,3.1803
3950,SERVICIOS_HOGAR,11.0,4790.544771446462,8.474608137671387,4.0561
3952,PENSION,33.0,6459.283387622149,8.773428463867438,4.1721
3952,SERVICIOS_HOGAR,58.0,1292.4193070772874,7.165044616284169,3.5477
3953,INGRESO_TRANSF,18.0,33504.16216216216,10.419454800334737,4.8112
3954,PENSION,66.0,6090.543806646526,8.714656827206923,4.1493
3954,SERVICIOS_HOGAR,61.0,1855.8006042296072,7.526610180374655,3.6881
3955,SERVICIOS_HOGAR,61.0,3840.6373894480025,8.253653958199719,3.9704
3955,TRANSF_SALIENTE,60.0,912.1683440073193,6.816920249148228,3.4126
3956,SERVICIOS_HOGAR,22.0,5088.922958988118,8.535017973671302,4.0796
3956,TRANSF_SALIENTE,22.0,752.1655806822538,6.624285098290954,3.3378
3957,INGRESO_TRANSF,30.0,32364.988558352405,10.384863414568532,4.7977
3959,INGRESO_TRANSF,22.0,17950.33377837116,9.795419696357666,4.5689
3960,PENSION,70.0,4754.698318496538,8.46709882402767,4.0532
3960,SERVICIOS_HOGAR,66.0,2988.045782111064,8.002709479032164,3.8729
3961,INGRESO_TRANSF,23.0,3434.137931034483,8.141812358445467,3.9269
3961,SERVICIOS_HOGAR,19.0,1890.9913793103449,7.545385193211562,3.6954
3963,SEGURO,10.0,49.53998584571833,3.922764821899034,2.289
3963,SERVICIOS_HOGAR,10.0,2460.7218683651804,7.808616330568022,3.7976
3963,TRANSF_SALIENTE,10.0,67.23283793347487,4.222925943593807,2.4056
3964,INGRESO_TRANSF,23.0,3196.7616580310882,8.070206362170953,3.8991
3964,SERVICIOS_HOGAR,18.0,1667.8756476683939,7.419905413797005,3.6467
3965,INGRESO_TRANSF,68.0,15361.272272124872,9.639669930143581,4.5084
3966,PENSION,36.0,4369.196303556427,8.382563207803026,4.0204
3966,SERVICIOS_HOGAR,31.0,1522.654718566228,7.328867147956818,3.6113
3969,SERVICIOS_HOGAR,61.0,3951.1676962483048,8.282019491228704,3.9814
3970,INGRESO_TRANSF,37.0,41662.82016716096,10.637388409294548,4.8958
3970,RETIRO_TARJETA,9.0,590.4556484227554,6.382586699073382,3.244
3970,SERVICIOS_HOGAR,32.0,7727.797249932596,8.952708534382488,4.2417
3971,SEGURO,18.0,713.5060129509712,6.5715914129411885,3.3174
3971,SERVICIOS_HOGAR,17.0,7477.798334875115,8.919827407645098,4.229
3971,TRANSF_SALIENTE,36.0,1188.8991674375577,7.081623849269761,3.5154
3972,RETIRO_TARJETA,49.0,1610.5347166799681,7.384942244107507,3.6331
3972,SERVICIOS_HOGAR,57.0,6379.632881085396,8.76102256908136,4.1673
3972,TRANSF_SALIENTE,58.0,1862.6656025538707,7.530300581380303,3.6895
3973,SERVICIOS_HOGAR,32.0,5982.009157015889,8.69667892389461,4.1423
3974,SERVICIOS_HOGAR,29.0,4010.3642286052705,8.29688666907819,3.9871
3975,INGRESO_TRANSF,51.0,3406.6718995290425,8.133784609702234,3.9238
3975,SERVICIOS_HOGAR,47.0,2092.6805337519622,7.646678817113467,3.7347
3976,PENSION,32.0,6347.8635106055945,8.756031101161073,4.1654
3976,SERVICIOS_HOGAR,56.0,2077.8358438364585,7.639563325546949,3.732
3977,PENSION,63.0,4622.792022792023,8.438970431570793,4.0423
3977,SERVICIOS_HOGAR,59.0,2777.2396327951883,7.929572780499426,3.8445
3978,SEGURO,41.0,1764.9708989006251,7.476455902489415,3.6686
3978,SERVICIOS_HOGAR,41.0,3195.8611769777967,8.06992472521363,3.899
3978,TRANSF_SALIENTE,41.0,611.5973270101315,6.417707831036448,3.2576
3979,SERVICIOS_HOGAR,30.0,5435.27367506516,8.600849118938495,4.1051
3980,SERVICIOS_HOGAR,64.0,1269.2296532714347,7.146952992452568,3.5407
3980,TRANSF_SALIENTE,64.0,2102.074568402727,7.651155633182838,3.7365
3981,INGRESO_TRANSF,47.0,3360.5346242896235,8.12015288210582,3.9185
3981,SEGURO,42.0,481.7933066722795,6.179588625565303,3.1652
3981,SERVICIOS_HOGAR,42.0,1222.605767206904,7.109557325576285,3.5262
3981,TRANSF_SALIENTE,42.0,297.0322037465797,5.697201546930357,2.9779
3982,INGRESO_TRANSF,65.0,3222.56331542594,8.078242646383723,3.9023
3982,SERVICIOS_HOGAR,61.0,2015.8557175748272,7.60929500221504,3.7202
3984,PENSION,24.0,3952.078239608802,8.282249855564466,3.9815
3984,SERVICIOS_HOGAR,19.0,1395.9657701711492,7.242057856573917,3.5776
3985,PENSION,17.0,3935.7751277683137,8.278117171651378,3.9799
3985,SERVICIOS_HOGAR,13.0,1481.6013628620103,7.301553501460029,3.6007
3986,SERVICIOS_HOGAR,14.0,3017.9640718562873,8.012669028959076,3.8768
3986,TRANSF_SALIENTE,14.0,2018.8350571584103,7.610771132189236,3.7208
3987,SERVICIOS_HOGAR,11.0,3533.5907335907336,8.17035279612343,3.938
3988,RETIRO_TARJETA,2.0,205.9266700150678,5.332364479368675,2.8363
3989,PENSION,45.0,3954.4857768052516,8.282858698653001,3.9817
3989,SERVICIOS_HOGAR,41.0,1881.3347921225381,7.540268195994265,3.6934
3990,SERVICIOS_HOGAR,21.0,9485.413929040737,9.157615941268851,4.3213
3991,PENSION,24.0,6919.933554817277,8.842305946278119,4.1989
3991,SERVICIOS_HOGAR,19.0,1528.3637873754153,7.332607102662363,3.6128
3992,SERVICIOS_HOGAR,8.0,4319.2307692307695,8.371064098614841,4.0159
3993,SERVICIOS_HOGAR,31.0,6703.463940942646,8.81052884336869,4.1865
3995,SEGURO,36.0,881.3947696139477,6.782639540466997,3.3993
3995,SERVICIOS_HOGAR,35.0,3139.103362391034,8.052010996319442,3.8921
3995,TRANSF_SALIENTE,35.0,361.7683686176837,5.893764527608908,3.0542
3996,PENSION,18.0,6537.049180327868,8.785394109484049,4.1768
3996,SERVICIOS_HOGAR,14.0,1155.9562841530055,7.053547942688153,3.5045
3998,SERVICIOS_HOGAR,28.0,2045.4882571075402,7.623880557879122,3.7259
3998,TRANSF_SALIENTE,28.0,1314.3386897404203,7.181849470187269,3.5543
3999,RETIRO_TARJETA,7.0,256.48584905660374,5.550964763473718,2.9211
3999,SEGURO,63.0,522.8331367924528,6.261173192372088,3.1968
3999,SERVICIOS_HOGAR,63.0,4463.119103773584,8.40382718465808,4.0287
3999,TRANSF_SALIENTE,63.0,2165.625,7.680925936261475,3.748
4000,RETIRO_TARJETA,6.0,118.55273287143956,4.783757553295415,2.6233
4003,SERVICIOS_HOGAR,14.0,3251.7791411042945,8.087265030256464,3.9058
4009,RETIRO_TARJETA,26.0,1054.5267489711935,6.961795209431679,3.4688
4010,RETIRO_TARJETA,1.0,17.611835153222966,2.923797676927434,1.9012
4010,SERVICIOS_HOGAR,23.0,4818.738992603029,8.480475054666197,4.0584
4013,INGRESO_TRANSF,62.0,10789.243027888446,9.28639758143583,4.3713
4013,SERVICIOS_HOGAR,58.0,6179.888446215139,8.729217301642525,4.155
4026,INGRESO_TRANSF,23.0,28770.311813790075,10.267134052092478,4.752
4026,SERVICIOS_HOGAR,19.0,2184.541062801932,7.6896187028717415,3.7514
4026,TRANSF_SALIENTE,18.0,7676.679841897233,8.946072676579504,4.2392
4033,SERVICIOS_HOGAR,20.0,1178.2334384858045,7.07261987795789,3.5119
4033,TRANSF_SALIENTE,21.0,2325.236593059937,7.752007044612582,3.7756
4034,RETIRO_TARJETA,5.0,257.7391791567446,5.5558205240210325,2.923
4035,INGRESO_TRANSF,65.0,32298.98804047838,10.382822138946851,4.7969
4052,INGRESO_TRANSF,23.0,20489.075993091537,9.927695950015309,4.6202
4066,INGRESO_TRANSF,55.0,35010.9482446616,10.4634446606341,4.8282
4066,SERVICIOS_HOGAR,50.0,6236.880202678249,8.738395692539328,4.1585
4066,TRANSF_SALIENTE,51.0,6687.404994571119,8.808130708339494,4.1856
4071,INGRESO_TRANSF,29.0,21652.30024213075,9.982913157939562,4.6417
4071,SERVICIOS_HOGAR,25.0,8882.739536492563,9.091977866314894,4.2958
4078,RETIRO_TARJETA,25.0,876.056338028169,6.776571229793715,3.3969
4079,SEGURO,59.0,305.96122778675283,5.7267214457572315,2.9894
4079,SERVICIOS_HOGAR,59.0,4774.329563812601,8.471218269132654,4.0548
4079,TRANSF_SALIENTE,59.0,207.78675282714056,5.341313409681347,2.8397
4081,SERVICIOS_HOGAR,36.0,7154.609242680862,8.875651837587206,4.2118
4086,INGRESO_TRANSF,29.0,45274.78791991856,10.720527685580164,4.928
4086,RETIRO_TARJETA,6.0,559.8914149983034,6.32952733063553,3.2234
4088,SEGURO,28.0,2.4705882352941178,1.2443240998495033,1.2492
4088,SERVICIOS_HOGAR,28.0,2730.0,7.912423121473705,3.8379
4088,TRANSF_SALIENTE,28.0,277.52941176470586,5.6295236615639626,2.9516
4091,SERVICIOS_HOGAR,13.0,3268.8573120189462,8.092501627471032,3.9078
4091,TRANSF_SALIENTE,13.0,142.3919478981646,4.96558177525121,2.6939
4092,RETIRO_TARJETA,2.0,178.51829812555786,5.190277142151014,2.7811
4099,RETIRO_TARJETA,2.0,86.59397049390635,4.472712165595216,2.5025
4099,SEGURO,27.0,1123.9897370109045,7.025529191939935,3.4936
4099,SERVICIOS_HOGAR,27.0,1667.7998717126363,7.419860007372486,3.6467
4099,TRANSF_SALIENTE,27.0,348.9737010904426,5.857858011918735,3.0403
4102,RETIRO_TARJETA,2.0,82.15962441314555,4.420761946543172,2.4824
4105,RETIRO_TARJETA,5.0,216.94450787851108,5.384240479369476,2.8564
4116,SERVICIOS_HOGAR,9.0,8756.363636363636,9.077650183881458,4.2902
4127,SEGURO,22.0,47.54149702474162,3.8824190408764774,2.2734
4127,SERVICIOS_HOGAR,7.0,2434.544315690573,7.797925548807016,3.7934
4127,TRANSF_SALIENTE,22.0,152.27059191982462,5.0322049339451915,2.7197
4128,SERVICIOS_HOGAR,10.0,9577.557755775577,9.167282312217685,4.325
4131,SERVICIOS_HOGAR,50.0,929.3893129770993,6.835603114656433,3.4198
4131,TRANSF_SALIENTE,50.0,4480.916030534351,8.407805919364836,4.0302
4134,SERVICIOS_HOGAR,68.0,5766.63330950679,8.660017103696138,4.1281
4144,SERVICIOS_HOGAR,24.0,7399.506868615709,8.909303772605414,4.2249
4150,RETIRO_TARJETA,2.0,324.56631225517623,5.785566165185905,3.0122
4150,SEGURO,13.0,54.560716284275316,4.01747640988863,2.3258
4150,SERVICIOS_HOGAR,13.0,2186.793508673755,7.690648784624773,3.7518
4150,TRANSF_SALIENTE,13.0,1214.1578063794068,7.1026292291344895,3.5235
4156,SERVICIOS_HOGAR,16.0,12221.609702315325,9.411042769852516,4.4197
4158,INGRESO_TRANSF,16.0,28800.567107750474,10.268185078107237,4.7524
4158,RETIRO_TARJETA,2.0,220.5419029615627,5.400611749749299,2.8628
4159,RETIRO_TARJETA,7.0,181.01612412534226,5.204095277247857,2.7865
4161,RETIRO_TARJETA,2.0,127.62275578628596,4.856883746276332,2.6517
4171,SERVICIOS_HOGAR,56.0,12048.866876782231,9.396808891287836,4.4141
4186,SERVICIOS_HOGAR,23.0,5734.090102873359,8.654358740490334,4.1259
4190,SEGURO,34.0,1085.5526992287919,6.990765302182246,3.4801
4190,SERVICIOS_HOGAR,35.0,2610.1542416452444,7.867547640736511,3.8205
4190,TRANSF_SALIENTE,35.0,989.7172236503857,6.898429149161853,3.4442
4240,INGRESO_TRANSF,71.0,30131.28712871287,10.313352537929552,4.77
4245,RETIRO_TARJETA,14.0,644.8731689889247,6.470603151672306,3.2781
4245,SERVICIOS_HOGAR,52.0,4211.647016791711,8.345846474180219,4.0061
4253,INGRESO_TRANSF,35.0,44181.961668545664,10.69609451113618,4.9186
4253,RETIRO_TARJETA,3.0,279.0304396843292,5.634898310418721,2.9537
4253,SERVICIOS_HOGAR,31.0,6416.685456595265,8.766812810901213,4.1696
4255,INGRESO_TRANSF,62.0,37648.2261461202,10.536067679128896,4.8564
4255,RETIRO_TARJETA,6.0,557.2655110967115,6.32483467555005,3.2216
4258,RETIRO_TARJETA,4.0,176.70482827277252,5.180123905713106,2.7772
4259,INGRESO_TRANSF,57.0,48173.68328342434,10.782588918967742,4.9521
4259,SERVICIOS_HOGAR,53.0,8884.05848159239,9.092126322625885,4.2959
4259,TRANSF_SALIENTE,52.0,2065.5275673771357,7.633624973992078,3.7296
4260,INGRESO_TRANSF,62.0,26388.217426059153,10.180710774872725,4.7185
4260,SERVICIOS_HOGAR,58.0,11132.661870503598,9.317728399187962,4.3834
4264,RETIRO_TARJETA,42.0,1539.9802566633762,7.340174023209083,3.6157
4266,SERVICIOS_HOGAR,19.0,7581.666666666666,8.93362021975858,4.2343
4268,SERVICIOS_HOGAR,17.0,5064.1864634692965,8.530146230115585,4.0777
4273,SERVICIOS_HOGAR,21.0,6178.414489311164,8.728978803133442,4.1549
4283,RETIRO_TARJETA,22.0,1007.9207920792079,6.916636515864093,3.4513
4293,SERVICIOS_HOGAR,22.0,3027.3666092943204,8.015778680311254,3.878
4296,RETIRO_TARJETA,1.0,33.77427526034337,3.5488778967682753,2.1439
4318,INGRESO_TRANSF,68.0,49724.54810495627,10.81427412638553,4.9644
4318,RETIRO_TARJETA,7.0,221.57434402332365,5.405261176239054,2.8646
4318,SERVICIOS_HOGAR,64.0,12497.725947521867,9.433381993897518,4.4283
4321,RETIRO_TARJETA,3.0,109.58503798947984,4.705784799552568,2.593
4330,SERVICIOS_HOGAR,33.0,3261.3989018858915,8.090218063223118,3.9069
4330,TRANSF_SALIENTE,33.0,1406.9706373836239,7.249904682369588,3.5807
4332,SERVICIOS_HOGAR,8.0,5149.3877551020405,8.546827283076286,4.0842
4336,RETIRO_TARJETA,1.0,135.05908835115363,4.913089264550161,2.6735
4336,SERVICIOS_HOGAR,15.0,7019.69611705121,8.85661765407674,4.2044
4337,RETIRO_TARJETA,1.0,60.1919635594599,4.114015866507881,2.3633
4342,RETIRO_TARJETA,1.0,18.709073900841908,2.981079133802085,1.9235
4342,SERVICIOS_HOGAR,29.0,5547.708138447147,8.621320411798479,4.1131
4343,RETIRO_TARJETA,33.0,1127.7950057124203,7.028905976106794,3.4949
4346,SERVICIOS_HOGAR,30.0,4820.214669051878,8.480781181323822,4.0585
4346,TRANSF_SALIENTE,30.0,2743.2915921288013,7.917278248553075,3.8398
4349,INGRESO_TRANSF,27.0,35189.51583545686,10.468531888788952,4.8302
4352,RETIRO_TARJETA,9.0,268.71109761651735,5.597351377302529,2.9391
4352,SERVICIOS_HOGAR,61.0,3435.706695005313,8.14226893570629,3.9271
4354,SERVICIOS_HOGAR,19.0,10217.7065767285,9.2319752976985,4.3502
4358,RETIRO_TARJETA,5.0,496.23393885688967,6.20906061727656,3.1766
4361,INGRESO_TRANSF,34.0,49519.35866983373,10.810139150261039,4.9628
4361,RETIRO_TARJETA,6.0,816.5083135391924,6.706261072186602,3.3696
4368,INGRESO_TRANSF,47.0,12488.39266905414,9.432634976561403,4.4281
4368,RETIRO_TARJETA,10.0,478.1967558457974,6.172111276840505,3.1623
4375,INGRESO_TRANSF,26.0,52305.97930241472,10.864885088614603,4.9841
4377,RETIRO_TARJETA,11.0,408.85111371629546,6.015793956470718,3.1016
4383,SERVICIOS_HOGAR,21.0,6835.229929851909,8.829991678814933,4.1941
4383,TRANSF_SALIENTE,21.0,3490.452065471551,8.158072993270626,3.9332
4386,SERVICIOS_HOGAR,7.0,6417.024539877301,8.76686564526444,4.1696
4408,SERVICIOS_HOGAR,46.0,4185.212634550909,8.339551698311855,4.0037
4413,INGRESO_TRANSF,59.0,35981.98319327731,10.490801416609917,4.8389
4413,SERVICIOS_HOGAR,54.0,7080.806722689075,8.865284340953638,4.2078
4414,SERVICIOS_HOGAR,59.0,3443.4427516883934,8.144517414685637,3.928
4414,TRANSF_SALIENTE,59.0,3251.6255693419193,8.087217816664309,3.9057
4415,SEGURO,38.0,69.84960611124373,4.260559406646905,2.4202
4415,SERVICIOS_HOGAR,38.0,4173.740749582239,8.336807539448479,4.0026
4415,TRANSF_SALIENTE,76.0,3451.659107185486,8.146899968851702,3.9289
4416,RETIRO_TARJETA,61.0,1582.4513485831342,7.367362141530154,3.6263
4418,SEGURO,53.0,818.3026584867075,6.708453561969439,3.3705
4418,SERVICIOS_HOGAR,53.0,5374.965916837083,8.589693542308833,4.1008
4418,TRANSF_SALIENTE,106.0,1464.093387866394,7.289674265403366,3.5961
4423,RETIRO_TARJETA,2.0,101.83299389002038,4.633106253764465,2.5648
4423,SERVICIOS_HOGAR,38.0,1098.121747001584,7.002266728069252,3.4845
4423,TRANSF_SALIENTE,38.0,3452.5910839556464,8.147169862571166,3.929
4427,SERVICIOS_HOGAR,62.0,4646.054798622547,8.443988921273368,4.0442
4434,SERVICIOS_HOGAR,46.0,4244.047619047619,8.353508316361593,4.0091
4442,SERVICIOS_HOGAR,24.0,7170.782608695652,8.877909523152367,4.2127
4448,RETIRO_TARJETA,6.0,180.70489844683394,5.202383934019663,2.7858
4456,RETIRO_TARJETA,1.0,118.32197920401578,4.781825546870827,2.6225
4467,INGRESO_TRANSF,21.0,16040.728155339804,9.682948615974773,4.5252
4467,SERVICIOS_HOGAR,16.0,3538.6407766990287,8.171780525470083,3.9386
4470,INGRESO_TRANSF,62.0,44196.46546158812,10.69642272392364,4.9187
4471,INGRESO_TRANSF,18.0,31537.319807794982,10.358958587309672,4.7877
4471,SERVICIOS_HOGAR,14.0,8459.79711692472,9.043198670020383,4.2769
4473,SERVICIOS_HOGAR,33.0,4708.931337119257,8.457428608797887,4.0495
4473,TRANSF_SALIENTE,34.0,3093.7016004130096,8.037446767033792,3.8864
4475,INGRESO_TRANSF,20.0,18156.878048780487,9.806859797793965,4.5733
4476,SEGURO,45.0,2810.6884057971015,7.94154043804156,3.8492
4476,SERVICIOS_HOGAR,45.0,2894.021739130435,7.97074789917767,3.8605
4476,TRANSF_SALIENTE,45.0,826.0869565217391,6.7179098364389915,3.3742
4503,RETIRO_TARJETA,5.0,300.62630480167013,5.709188849842744,2.9826
4511,SERVICIOS_HOGAR,58.0,3626.0332541567695,8.196170307742877,3.948
4514,INGRESO_TRANSF,60.0,52929.493545183715,10.8767348892972,4.9887
4527,RETIRO_TARJETA,2.0,315.95576619273305,5.758762225316647,3.0018
4533,RETIRO_TARJETA,1.0,141.84397163120565,4.961752927094713,2.6924
4533,SERVICIOS_HOGAR,11.0,6812.588652482269,8.82667422840372,4.1928
4543,RETIRO_TARJETA,19.0,815.9362549800796,6.7055610685358324,3.3694
4550,SEGURO,19.0,353.79885814668427,5.871551032128905,3.0456
4550,SERVICIOS_HOGAR,19.0,928.7220026350461,6.834885619563446,3.4196
4550,TRANSF_SALIENTE,19.0,1340.931049626702,7.201864937394031,3.562
4576,SERVICIOS_HOGAR,63.0,5349.985043374215,8.58503594319886,4.099
4580,RETIRO_TARJETA,4.0,224.3958573072497,5.417858222143295,2.8695
4580,SERVICIOS_HOGAR,46.0,7695.7805907173,8.948557415309818,4.2401
4585,RETIRO_TARJETA,2.0,188.6178861788618,5.245010921757927,2.8023
4585,SERVICIOS_HOGAR,26.0,3437.0731707317073,8.142666468651658,3.9273
4616,RETIRO_TARJETA,2.0,295.85798816568047,5.693253870126159,2.9764
4616,SERVICIOS_HOGAR,12.0,9672.58382642998,9.177154132654985,4.3289
4618,SERVICIOS_HOGAR,19.0,7563.05385139741,8.931162549186825,4.2334
4631,INGRESO_TRANSF,24.0,23117.919544900447,10.048406589207312,4.6671
4631,RETIRO_TARJETA,2.0,219.42299878098333,5.395548422020608,2.8608
4650,SERVICIOS_HOGAR,33.0,474.3642968344577,6.164081450790025,3.1591
4650,TRANSF_SALIENTE,34.0,2494.862480539699,7.822389632033861,3.8029
4660,INGRESO_TRANSF,24.0,34260.35998325659,10.441773467040527,4.8198
4660,SEGURO,20.0,365.84344914190035,5.904935187952453,3.0585
4660,SERVICIOS_HOGAR,20.0,1775.638342402679,7.48247828600223,3.671
4660,TRANSF_SALIENTE,19.0,377.77312683131015,5.936937415900188,3.071
4681,INGRESO_TRANSF,41.0,22187.785136129507,10.00734226616875,4.6512
4681,SERVICIOS_HOGAR,37.0,4552.170713760117,8.423579129417751,4.0363
4681,TRANSF_SALIENTE,36.0,3986.7549668874167,8.29098368658809,3.9848
4715,INGRESO_TRANSF,26.0,50095.01724798774,10.821696787864829,4.9673
4715,RETIRO_TARJETA,5.0,494.44231506324263,6.205450929360779,3.1752
4725,INGRESO_TRANSF,20.0,29994.749635391345,10.308810971786611,4.7682
4725,SERVICIOS_HOGAR,16.0,10471.171609139523,9.256476694882844,4.3597
4727,INGRESO_TRANSF,46.0,38390.97744360902,10.555603796009493,4.864
4727,SERVICIOS_HOGAR,42.0,3230.075187969925,8.080570236358419,3.9032
4727,TRANSF_SALIENTE,42.0,1679.0977443609024,7.42660725187205,3.6493
4746,RETIRO_TARJETA,4.0,471.2746858168761,6.1575607777880785,3.1566
4774,SERVICIOS_HOGAR,55.0,5834.033260540904,8.6716352448828,4.1326
4784,INGRESO_TRANSF,17.0,32502.028639618136,10.389088552887339,4.7994
4794,SEGURO,20.0,2574.3547726341662,7.853742579387884,3.8151
4794,SERVICIOS_HOGAR,20.0,1574.7644408029496,7.362495792751004,3.6244
4794,TRANSF_SALIENTE,40.0,1854.1581319131503,7.525725217722641,3.6878
4825,INGRESO_TRANSF,55.0,11692.80510018215,9.366814501945635,4.4025
4851,SERVICIOS_HOGAR,28.0,3441.7670682730923,8.144030807338927,3.9278
4852,SERVICIOS_HOGAR,39.0,4190.183774092336,8.340738496663615,4.0042
4858,INGRESO_TRANSF,18.0,44574.46808510639,10.704938943744212,4.922
4863,INGRESO_TRANSF,33.0,40710.82045184304,10.61427375805662,4.8868
4863,RETIRO_TARJETA,10.0,790.7253269916765,6.67421452230821,3.3572
4863,SERVICIOS_HOGAR,29.0,2844.8275862068963,7.953609195720837,3.8539
4863,TRANSF_SALIENTE,29.0,5203.448275862069,8.55726897655703,4.0882
4894,INGRESO_TRANSF,66.0,31516.151875847518,10.358287180620374,4.7874
4894,RETIRO_TARJETA,14.0,534.8802169654964,6.283910660285721,3.2057
4907,SEGURO,55.0,304.1000340251786,5.720639703244016,2.987
4907,SERVICIOS_HOGAR,54.0,3617.761143246002,8.193887020624613,3.9472
4907,TRANSF_SALIENTE,54.0,1151.105818305546,7.049346693205326,3.5028
4937,SERVICIOS_HOGAR,68.0,2598.7199544872706,7.863159008395867,3.8188
4937,TRANSF_SALIENTE,69.0,785.0945811406627,6.667077117429892,3.3544
4948,SERVICIOS_HOGAR,29.0,3323.3576642335765,8.109031750738431,3.9142
4949,INGRESO_TRANSF,26.0,38900.52730696798,10.568788791225712,4.8691
4949,RETIRO_TARJETA,1.0,192.090395480226,5.263158449617589,2.8094
4969,SERVICIOS_HOGAR,22.0,6438.816484677704,8.770255322524317,4.1709
4969,TRANSF_SALIENTE,22.0,472.7016555125044,6.160577704777946,3.1578
4981,SERVICIOS_HOGAR,31.0,4330.688580334372,8.373712717340673,4.017
4999,INGRESO_TRANSF,34.0,29440.57803468208,10.29016317312783,4.761
4999,RETIRO_TARJETA,1.0,112.71676300578034,4.7337108217784865,2.6039
4999,SERVICIOS_HOGAR,30.0,6093.641618497109,8.715165240924463,4.1495
4999,TRANSF_SALIENTE,30.0,5485.838150289017,8.610107439683713,4.1087
5001,SERVICIOS_HOGAR,32.0,8139.720777443197,9.004634002673923,4.2619
5011,SERVICIOS_HOGAR,62.0,14680.68535825545,9.594356101999425,4.4908
5033,SEGURO,37.0,1984.6604787493895,7.593706872663657,3.7142
5033,SERVICIOS_HOGAR,37.0,1644.846116267709,7.406009887357309,3.6413
5033,TRANSF_SALIENTE,36.0,663.019052271617,6.498310842244939,3.2889
5066,SEGURO,33.0,108.4931506849315,4.695861996477628,2.5892
5066,SERVICIOS_HOGAR,32.0,3352.2291407222915,8.117679083147715,3.9176
5066,TRANSF_SALIENTE,64.0,1833.922789539228,7.514757683058048,3.6835
5072,SEGURO,28.0,914.1630901287555,6.819102289970432,3.4134
5072,SERVICIOS_HOGAR,28.0,1599.1416309012877,7.3778474236235745,3.6304
5072,TRANSF_SALIENTE,57.0,5908.675659104844,8.68434622887808,4.1376
5092,INGRESO_TRANSF,60.0,3324.270557029178,8.109306320314642,3.9143
5092,SERVICIOS_HOGAR,38.0,1216.84350132626,7.104836951776639,3.5244
5118,SERVICIOS_HOGAR,37.0,2801.9329581600196,7.938421632990781,3.848
5118,TRANSF_SALIENTE,36.0,392.85539515537073,5.975983824558419,3.0861
5120,RETIRO_TARJETA,1.0,19.59897482285542,3.025241308676368,1.9406
5120,SERVICIOS_HOGAR,58.0,2630.242725765114,7.8752115328720445,3.8234
5126,SERVICIOS_HOGAR,40.0,3745.4383622607925,8.228560897583293,3.9606
5129,SERVICIOS_HOGAR,65.0,14345.416417016177,9.571255462963578,4.4819
5133,SEGURO,18.0,2846.9684721099434,7.954361202284476,3.8542
5133,SERVICIOS_HOGAR,18.0,208.08407437348424,5.342736440805625,2.8403
5133,TRANSF_SALIENTE,18.0,299.75747776879547,5.706304218282334,2.9814
5164,SERVICIOS_HOGAR,16.0,3476.5935747067824,8.154095832050027,3.9317
5194,SERVICIOS_HOGAR,42.0,7411.7110959216225,8.91095152127102,4.2255
5196,SERVICIOS_HOGAR,15.0,6561.981184283342,8.789200227531223,4.1783
5213,INGRESO_TRANSF,40.0,50248.73887240356,10.824760629338737,4.9685
5213,RETIRO_TARJETA,1.0,66.76557863501485,4.216054376279231,2.4029
5215,RETIRO_TARJETA,1.0,60.60606060606061,4.120760252161866,2.3659
5215,SEGURO,61.0,343.8181818181818,5.843017268890528,3.0345
5215,SERVICIOS_HOGAR,61.0,1.8484848484848484,1.0467872208035236,1.1725
5215,TRANSF_SALIENTE,123.0,5729.621212121212,8.653579217815174,4.1256
5228,INGRESO_TRANSF,66.0,53601.88622302702,10.889358193053706,4.9936
5263,SERVICIOS_HOGAR,36.0,3419.0911276749216,8.137422475220648,3.9252
5269,SERVICIOS_HOGAR,25.0,663.0434782608696,6.498347626641296,3.2889
5269,TRANSF_SALIENTE,25.0,6070.234113712375,8.71131717701455,4.148
5270,INGRESO_TRANSF,72.0,48776.24371157071,10.795019165695628,4.957
5283,INGRESO_TRANSF,15.0,48420.70084360804,10.787703356756735,4.9541
5283,SERVICIOS_HOGAR,11.0,6887.670343932511,8.837633361919922,4.1971
5290,SEGURO,15.0,1155.043227665706,7.052758442707664,3.5041
5290,SERVICIOS_HOGAR,12.0,4352.507204610951,8.378737053168175,4.0189
5290,TRANSF_SALIENTE,15.0,1940.9221902017289,7.571433581211152,3.7055
5305,INGRESO_TRANSF,27.0,32288.82417182381,10.382507418454864,4.7968
5313,SEGURO,63.0,886.6460996033496,6.788573127072685,3.4016
5313,SERVICIOS_HOGAR,63.0,5359.673865138829,8.586844967270602,4.0997
5313,TRANSF_SALIENTE,63.0,1080.0793301013664,6.985715200794301,3.4781
5317,INGRESO_TRANSF,26.0,16255.37001897533,9.69624011211321,4.5304
5317,SERVICIOS_HOGAR,22.0,3616.0151802656546,8.193404428864953,3.947
5357,RETIRO_TARJETA,17.0,675.2013214949411,6.516490844567855,3.296
5358,SERVICIOS_HOGAR,38.0,8034.460547504026,8.9916195942022,4.2568
5362,INGRESO_TRANSF,28.0,27830.83843109032,10.23393591166583,4.7391
5362,SERVICIOS_HOGAR,24.0,5538.3951061532925,8.619640587165108,4.1124
5362,TRANSF_SALIENTE,23.0,6589.636559913638,8.793405217659135,4.1799
5385,INGRESO_TRANSF,67.0,16188.982925018561,9.692147992008898,4.5288
5385,SERVICIOS_HOGAR,63.0,8188.596881959912,9.010619954873818,4.2642
5387,SERVICIOS_HOGAR,55.0,3226.7303102625297,8.079534478892942,3.9028
5422,SEGURO,47.0,1340.854870775348,7.201808167701043,3.562
5422,SERVICIOS_HOGAR,47.0,777.4155069582505,6.657260452253849,3.3506
5422,TRANSF_SALIENTE,47.0,2167.7932405566603,7.681926181505244,3.7484
5423,SEGURO,63.0,3769.9911738746687,8.235093156729144,3.9631
5423,SERVICIOS_HOGAR,64.0,419.88820241247424,6.042367245952651,3.1119
5423,TRANSF_SALIENTE,63.0,7986.672550750221,8.985654701050294,4.2545
5428,SERVICIOS_HOGAR,64.0,4961.353361528366,8.509635375244674,4.0697
5442,RETIRO_TARJETA,1.0,25.9665320253895,3.2945965425058557,2.0452
5442,SEGURO,65.0,953.6208886324295,6.8613142864111945,3.4298
5442,SERVICIOS_HOGAR,58.0,6785.631852279285,8.822710052161868,4.1913
5442,TRANSF_SALIENTE,67.0,2000.721292556261,7.601762735676565,3.7173
5445,INGRESO_TRANSF,22.0,14090.59982094897,9.553334141452812,4.4749
5445,SEGURO,18.0,502.775290957923,6.222130317376174,3.1817
5445,SERVICIOS_HOGAR,18.0,551.9247985675918,6.3152220041514076,3.2178
5445,TRANSF_SALIENTE,36.0,1851.566696508505,7.524327360035494,3.6872
5477,RETIRO_TARJETA,4.0,312.5856868659172,5.748072646063216,2.9976
5477,SERVICIOS_HOGAR,31.0,5390.786948176584,8.592632139232974,4.102
5481,INGRESO_TRANSF,64.0,39260.11784772833,10.577989940367752,4.8727
5483,INGRESO_TRANSF,69.0,17360.769564588456,9.762025916463516,4.5559
5505,RETIRO_TARJETA,7.0,537.9353233830847,6.289595569985769,3.2079
5541,SERVICIOS_HOGAR,40.0,2751.491053677932,7.920261618338304,3.8409
5541,TRANSF_SALIENTE,40.0,572.5646123260437,6.3518705933900055,3.2321
5546,INGRESO_TRANSF,67.0,27591.52264600715,10.225300096377232,4.7358
5572,SERVICIOS_HOGAR,12.0,8149.339735894358,9.005814890751907,4.2624
5574,INGRESO_TRANSF,53.0,51190.987124463514,10.843338297304644,4.9757
5574,SERVICIOS_HOGAR,49.0,10860.645642843814,9.29299311449826,4.3738
5591,INGRESO_TRANSF,33.0,23835.541629364372,10.078975044773847,4.679
5591,SEGURO,29.0,298.5675917636527,5.702340074108684,2.9799
5591,SERVICIOS_HOGAR,29.0,279.52849895553567,5.636675320356258,2.9544
5591,TRANSF_SALIENTE,58.0,2487.1978513876456,7.819313972959258,3.8017
5593,RETIRO_TARJETA,11.0,659.824046920821,6.493487612163322,3.287
5593,SERVICIOS_HOGAR,32.0,5676.480938416422,8.64426291658375,4.122
5602,RETIRO_TARJETA,1.0,124.57912457912458,4.832936034640202,2.6424
5622,RETIRO_TARJETA,1.0,29.7029702970297,3.4243594022591894,2.0955
5622,SERVICIOS_HOGAR,68.0,6085.374823196606,8.713807916335131,4.149
5622,TRANSF_SALIENTE,68.0,551.1173974540311,6.313760700211803,3.2173
5648,INGRESO_TRANSF,18.0,48050.8064516129,10.780035008938642,4.9511
5650,INGRESO_TRANSF,48.0,26849.602010892333,10.198043520947943,4.7252
5650,SERVICIOS_HOGAR,43.0,9484.499371596145,9.157519529543707,4.3213
5698,SERVICIOS_HOGAR,10.0,6376.811594202899,8.760580307184316,4.1672
5708,RETIRO_TARJETA,1.0,246.23803009575926,5.510351557180296,2.9054
5708,SERVICIOS_HOGAR,11.0,8016.415868673051,8.989371438050831,4.256
5724,INGRESO_TRANSF,44.0,31412.877082395316,10.355005019566498,4.7861
5724,SEGURO,39.0,246.71319225574064,5.512271594082919,2.9061
5724,SERVICIOS_HOGAR,39.0,2363.529941467807,7.768334524920993,3.7819
5724,TRANSF_SALIENTE,78.0,1563.6875281404773,7.35544142050899,3.6217
5726,SERVICIOS_HOGAR,26.0,8564.371719666564,9.05548280966079,4.2816
5758,INGRESO_TRANSF,17.0,36961.09813084112,10.517648291753739,4.8493
5758,SEGURO,12.0,5604.672897196261,8.631534381323892,4.1171
5758,SERVICIOS_HOGAR,12.0,2146.96261682243,7.672275051763356,3.7447
5758,TRANSF_SALIENTE,12.0,2245.093457943925,7.716947745271472,3.762
5767,SERVICIOS_HOGAR,62.0,260.1503759398496,5.565096394436506,2.9266
5774,SERVICIOS_HOGAR,38.0,1255.1192145862553,7.135782258595758,3.5364
5774,TRANSF_SALIENTE,38.0,6344.880785413745,8.755561186182529,4.1652
5817,SERVICIOS_HOGAR,22.0,2768.9501418727195,7.926584599695467,3.8434
5817,TRANSF_SALIENTE,22.0,8339.845966761248,9.028919925072083,4.2713
5891,INGRESO_TRANSF,71.0,35268.94322653176,10.470786413547254,4.8311
5891,RETIRO_TARJETA,18.0,892.3552557616639,6.794984324567404,3.4041
5912,INGRESO_TRANSF,26.0,20097.058823529413,9.9083785134396,4.6127
5912,SERVICIOS_HOGAR,21.0,7897.860962566845,8.974473846106331,4.2502
5927,INGRESO_TRANSF,61.0,11859.92803402028,9.38100491856464,4.408
5927,SERVICIOS_HOGAR,57.0,4831.5341838403665,8.483126284795773,4.0594
5944,RETIRO_TARJETA,1.0,148.69888475836433,5.008625841553907,2.7106
5944,SERVICIOS_HOGAR,14.0,3483.2713754646843,8.156014226863396,3.9324
5952,INGRESO_TRANSF,64.0,38484.93021797083,10.558048004599284,4.865
5952,RETIRO_TARJETA,10.0,415.5559040301082,6.032020675961352,3.1079
5952,SEGURO,60.0,3466.206680257174,8.151104557481085,3.9305
5952,SERVICIOS_HOGAR,59.0,2801.5054100674297,7.93826908538778,3.8479
5952,TRANSF_SALIENTE,119.0,2770.9894934922377,7.927320570076145,3.8437
5991,SERVICIOS_HOGAR,56.0,1806.687326700375,7.499803587224571,3.6777
5991,TRANSF_SALIENTE,56.0,3868.2107323438263,8.260805820093397,3.9731
6030,RETIRO_TARJETA,14.0,790.9076755410244,6.6744448137328805,3.3573
6040,SEGURO,64.0,4699.267935578331,8.455374793643138,4.0487
6040,SERVICIOS_HOGAR,64.0,2469.106881405564,7.81201670050994,3.7989
6040,TRANSF_SALIENTE,63.0,1218.4919472913616,7.106189614347056,3.5249
6051,SERVICIOS_HOGAR,60.0,3124.804992199688,8.047447126501861,3.8903
6061,SERVICIOS_HOGAR,16.0,6259.687786960514,8.742045328180353,4.16
6062,INGRESO_TRANSF,28.0,40585.86685653257,10.611199816819951,4.8856
6062,SERVICIOS_HOGAR,24.0,9063.438946244216,9.112114228967334,4.3036
6075,SERVICIOS_HOGAR,22.0,2694.5454545454545,7.899355857871581,3.8328
6083,SERVICIOS_HOGAR,23.0,8728.534892217756,9.07446737046338,4.289
6097,SERVICIOS_HOGAR,14.0,2383.702104695089,7.776829491829539,3.7852
6118,SERVICIOS_HOGAR,54.0,5446.212383258388,8.602859267491622,4.1059
6138,INGRESO_TRANSF,23.0,18168.52966466036,9.807501275786082,4.5736
6138,SERVICIOS_HOGAR,18.0,8411.09200343938,9.03742547392866,4.2746
6148,RETIRO_TARJETA,25.0,820.0266134397872,6.710555524809855,3.3713
6148,SERVICIOS_HOGAR,55.0,7178.725881570193,8.879016483259178,4.2131
6157,RETIRO_TARJETA,4.0,433.0862270776434,6.073243194268571,3.1239
6157,SERVICIOS_HOGAR,22.0,8174.248927038627,9.008866445092526,4.2635
6226,INGRESO_TRANSF,65.0,43115.54157717091,10.671661997755253,4.9091
6265,RETIRO_TARJETA,4.0,346.8208092485549,5.851687431207301,3.0379
6265,SERVICIOS_HOGAR,24.0,6727.398843930636,8.814092481098255,4.1879
6273,RETIRO_TARJETA,2.0,58.148431522570775,4.080050073125576,2.3501
6281,INGRESO_TRANSF,67.0,11707.684242061114,9.368086088371015,4.403
6321,SERVICIOS_HOGAR,42.0,11696.981424148607,9.367171578050659,4.4026
6353,RETIRO_TARJETA,5.0,166.83022571148183,5.1229529072008,2.755
6353,SERVICIOS_HOGAR,56.0,536.7353614654891,6.287366545955821,3.207
6353,TRANSF_SALIENTE,56.0,5480.9290153745505,8.609212328105885,4.1084
6358,INGRESO_TRANSF,43.0,36795.52930275654,10.513158807284231,4.8475
6358,SERVICIOS_HOGAR,39.0,11812.925642807504,9.377034253857827,4.4065
6363,RETIRO_TARJETA,8.0,375.44237575011545,5.930764983069693,3.0686
6397,INGRESO_TRANSF,45.0,19462.36559139785,9.876289289984253,4.6003
6400,SEGURO,29.0,5536.499741868869,8.619298367738287,4.1123
6400,SERVICIOS_HOGAR,28.0,5290.65565307176,8.573886453781343,4.0947
6400,TRANSF_SALIENTE,29.0,107.0469798657718,4.682566131296835,2.584
6425,SERVICIOS_HOGAR,52.0,4433.34780720799,8.397135828057975,4.0261
6434,SERVICIOS_HOGAR,31.0,3462.457182005024,8.150022554748743,3.9301
6453,SEGURO,25.0,464.13864104323955,6.142335513929809,3.1507
6453,SERVICIOS_HOGAR,25.0,1298.901853122855,7.170044043001737,3.5497
6453,TRANSF_SALIENTE,25.0,596.2594371997254,6.392351587168945,3.2478
6463,SERVICIOS_HOGAR,37.0,11517.90216843167,9.351744631829556,4.3967
6472,INGRESO_TRANSF,59.0,41917.850451371145,10.643490896180257,4.8981
6495,SERVICIOS_HOGAR,25.0,7350.529552442775,8.902663672929753,4.2223
6512,INGRESO_TRANSF,35.0,11727.830323875036,9.369805220040792,4.4037
6592,RETIRO_TARJETA,2.0,170.77798861480076,5.146202879192805,2.764
6592,SERVICIOS_HOGAR,24.0,9795.825426944972,9.189813676154031,4.3338
6602,SERVICIOS_HOGAR,13.0,4766.133806986382,8.469500524243733,4.0542
6609,SERVICIOS_HOGAR,33.0,2835.3553243303077,7.950275170470338,3.8526
6609,TRANSF_SALIENTE,36.0,1294.3103829975646,7.166505623405855,3.5483
6636,SERVICIOS_HOGAR,58.0,400.6780705809832,5.99565094834154,3.0938
6649,RETIRO_TARJETA,8.0,595.8363244795406,6.391642912452107,3.2475
6686,INGRESO_TRANSF,34.0,31089.09405654934,10.344644528347335,4.7821
6688,SEGURO,25.0,472.01059953627026,6.159117797408442,3.1572
6688,SERVICIOS_HOGAR,26.0,1509.7052003974825,7.320331840919794,3.608
6688,TRANSF_SALIENTE,26.0,1104.074196753892,7.007667758081248,3.4866
6699,INGRESO_TRANSF,30.0,16806.016260162603,9.729551712739811,4.5433
6699,SERVICIOS_HOGAR,25.0,5937.3983739837395,8.689194741989434,4.1394
6699,TRANSF_SALIENTE,26.0,4653.788617886179,8.44565177898864,4.0449
6706,SEGURO,19.0,643.0647840531562,6.467799317400712,3.2771
6706,SERVICIOS_HOGAR,20.0,1646.1794019933557,7.406819650774633,3.6416
6706,TRANSF_SALIENTE,19.0,529.4435215946844,6.273713489794004,3.2017
6715,INGRESO_TRANSF,63.0,14872.492520862857,9.607335882142998,4.4959
6738,INGRESO_TRANSF,53.0,20512.98701298701,9.928862225786675,4.6207
6792,SEGURO,27.0,360.6251973476476,5.89060830902072,3.053
6792,SERVICIOS_HOGAR,27.0,3000.9472687085567,8.007016446652244,3.8746
6792,TRANSF_SALIENTE,27.0,41.774550047363434,3.7559433006665537,2.2243
6806,INGRESO_TRANSF,61.0,26418.449460255153,10.181855739867347,4.7189
6806,RETIRO_TARJETA,5.0,240.43179587831207,5.4865870144816045,2.8961
6856,SEGURO,37.0,6377.258104429598,8.760650314676818,4.1672
6856,SERVICIOS_HOGAR,37.0,2341.2274189557043,7.758857644035847,3.7783
6856,TRANSF_SALIENTE,37.0,726.9982677555062,6.590298668737133,3.3246
6866,INGRESO_TRANSF,15.0,23151.973244147157,10.049878485139903,4.6677
6872,INGRESO_TRANSF,40.0,21903.529411764703,9.994448716874786,4.6462
6872,RETIRO_TARJETA,2.0,110.13767209011263,4.710769721889317,2.5949
6902,SERVICIOS_HOGAR,22.0,3129.2237442922374,8.04885976477879,3.8909
6902,TRANSF_SALIENTE,22.0,692.3135464231354,6.541482344807229,3.3057
6910,RETIRO_TARJETA,12.0,552.2155421955022,6.315747694470966,3.218
6922,INGRESO_TRANSF,19.0,37265.64885496184,10.525854073082188,4.8525
6924,INGRESO_TRANSF,55.0,26571.363636363636,10.187626993636686,4.7212
6924,RETIRO_TARJETA,2.0,74.54545454545455,4.324734522057078,2.4451
6924,SERVICIOS_HOGAR,51.0,4251.545454545455,8.355273013112468,4.0098
6927,SERVICIOS_HOGAR,26.0,8305.223068552776,9.02476028014512,4.2697
6930,RETIRO_TARJETA,5.0,153.7496077816128,5.041808377032336,2.7235
6950,RETIRO_TARJETA,3.0,172.86734310409622,5.158292612489466,2.7687
6950,SERVICIOS_HOGAR,22.0,7077.865464111236,8.864868928665105,4.2076
6985,SERVICIOS_HOGAR,35.0,11193.70901141608,9.323196535967577,4.3856
7045,INGRESO_TRANSF,24.0,38856.8115942029,10.567664406219656,4.8687
7045,RETIRO_TARJETA,1.0,136.64596273291926,4.924684901212385,2.678
7049,INGRESO_TRANSF,14.0,52499.52120383037,10.868578376222443,4.9855
7052,INGRESO_TRANSF,17.0,11282.03661327231,9.331055692127626,4.3886
7082,SEGURO,23.0,12.41453760345448,2.5963390146629184,1.7741
7082,SERVICIOS_HOGAR,23.0,5262.936308024469,8.568634373392529,4.0926
7082,TRANSF_SALIENTE,46.0,1213.3141417776178,7.10193470402475,3.5232
7099,INGRESO_TRANSF,28.0,31516.57848324515,10.3583007162505,4.7874
7099,SEGURO,24.0,446.984126984127,6.104757800948296,3.1361
7099,SERVICIOS_HOGAR,24.0,199.78835978835977,5.302251416955821,2.8246
7099,TRANSF_SALIENTE,24.0,9960.63492063492,9.206496485765852,4.3403
7123,SERVICIOS_HOGAR,52.0,11057.488697681203,9.310953619960165,4.3808
7133,SEGURO,59.0,106.95145018915511,4.681681590767341,2.5837
7133,SERVICIOS_HOGAR,59.0,2495.223833543506,7.822534402369029,3.803
7133,TRANSF_SALIENTE,118.0,93.00126103404793,4.54330819743585,2.5299
7136,SEGURO,38.0,464.49162011173183,6.143094094646883,3.151
7136,SERVICIOS_HOGAR,38.0,917.0949720670391,6.822300840680066,3.4147
7136,TRANSF_SALIENTE,38.0,1897.877094972067,7.549017987797347,3.6968
7156,INGRESO_TRANSF,16.0,23101.34271099744,10.047689307428119,4.6668
7156,RETIRO_TARJETA,2.0,172.63427109974424,5.15695119691167,2.7682
7176,SERVICIOS_HOGAR,20.0,4933.387161889383,8.503983762168394,4.0675
7180,INGRESO_TRANSF,18.0,26103.54267310789,10.169864626944134,4.7143
7180,SERVICIOS_HOGAR,14.0,6078.690284487387,8.712709033611308,4.1486
7181,SEGURO,28.0,14.953271028037383,2.7696638883325346,1.8414
7181,SERVICIOS_HOGAR,28.0,4700.934579439252,8.455729315655553,4.0488
7181,TRANSF_SALIENTE,56.0,873.8317757009346,6.774031611532206,3.3959
7184,SEGURO,38.0,619.1464277293092,6.429955623911456,3.2624
7184,SERVICIOS_HOGAR,38.0,3076.915821740156,8.032007965662329,3.8843
7184,TRANSF_SALIENTE,76.0,1930.9125206319266,7.566265734571309,3.7035
7190,SERVICIOS_HOGAR,59.0,4988.181818181818,8.515027211009729,4.0718
7240,INGRESO_TRANSF,32.0,16506.19962802232,9.711551905811843,4.5363
7240,SERVICIOS_HOGAR,27.0,7646.373217606944,8.942117497608061,4.2376
7262,SERVICIOS_HOGAR,23.0,1559.6002855103497,7.352825824631734,3.6206
7262,TRANSF_SALIENTE,23.0,5643.290506780871,8.638399783437743,4.1197
7274,SERVICIOS_HOGAR,11.0,3357.6259946949604,8.119287239172206,3.9182
7401,INGRESO_TRANSF,70.0,21936.043360433603,9.995931964512767,4.6467
7401,SERVICIOS_HOGAR,65.0,6736.414206247326,8.815431481369547,4.1884
7418,INGRESO_TRANSF,45.0,16554.496764115152,9.714473456424242,4.5375
7418,SERVICIOS_HOGAR,32.0,10694.041508591832,9.277535502630231,4.3678
7424,SEGURO,27.0,152.11267605633802,5.031174095162685,2.7193
7424,SERVICIOS_HOGAR,27.0,6322.878735829612,8.752088022913007,4.1639
7424,TRANSF_SALIENTE,27.0,1029.5431123325318,6.93784123578003,3.4595
7437,INGRESO_TRANSF,17.0,15278.042959427206,9.634237427213609,4.5063
7437,SEGURO,12.0,163.24582338902147,5.10136422866407,2.7466
7437,SERVICIOS_HOGAR,12.0,4941.050119331741,8.50553552800497,4.0681
7437,TRANSF_SALIENTE,13.0,179.17661097852027,5.1939375419583795,2.7825
7454,SERVICIOS_HOGAR,63.0,2123.9473684210525,7.661502313249932,3.7405
7454,TRANSF_SALIENTE,64.0,440.7017543859649,6.090634890489465,3.1306
7465,SEGURO,9.0,111.48482362592289,4.722818311441595,2.5996
7465,SERVICIOS_HOGAR,8.0,456.4397046759639,6.125645082972105,3.1442
7465,TRANSF_SALIENTE,16.0,1777.6456111566858,7.483607461051821,3.6714
7485,INGRESO_TRANSF,65.0,24682.493857493857,10.113890034348776,4.6925
7485,SERVICIOS_HOGAR,60.0,9470.823095823094,9.15607668041043,4.3207
7487,RETIRO_TARJETA,7.0,435.8974358974359,6.079698467085593,3.1264
7487,SERVICIOS_HOGAR,27.0,5073.923076923077,8.53206664653858,4.0784
7487,TRANSF_SALIENTE,30.0,3686.153846153846,8.212610124012336,3.9544
7523,SERVICIOS_HOGAR,48.0,6635.298636450932,8.800309652776797,4.1826
7542,SERVICIOS_HOGAR,26.0,3038.971754998413,8.019603503238162,3.8795
7542,TRANSF_SALIENTE,26.0,2796.3821009203425,7.936439294854848,3.8472
7546,INGRESO_TRANSF,52.0,22829.570410325567,10.035855724333294,4.6622
7546,SEGURO,48.0,45.30918898092853,3.8353404075111626,2.2551
7546,SERVICIOS_HOGAR,48.0,3570.17915623194,8.180651116101302,3.942
7546,TRANSF_SALIENTE,48.0,183.08611057599694,5.215403640395614,2.7909
7559,SERVICIOS_HOGAR,14.0,2990.5454545454545,8.003545407281074,3.8733
7562,INGRESO_TRANSF,47.0,41605.29089376054,10.636006658223954,4.8952
7565,INGRESO_TRANSF,33.0,20962.943854324734,9.950559281723695,4.6291
7565,SERVICIOS_HOGAR,29.0,5851.927162367223,8.674697184718182,4.1338
7565,TRANSF_SALIENTE,28.0,193.7481031866464,5.27170694496862,2.8127
7594,SEGURO,29.0,1133.5751596053394,7.034013551126747,3.4969
7594,SERVICIOS_HOGAR,29.0,1937.260591990714,7.569546247802679,3.7048
7594,TRANSF_SALIENTE,58.0,1998.6941381311665,7.600749516912538,3.7169
7606,SERVICIOS_HOGAR,44.0,4120.956769804696,8.324083273720662,3.9977
7606,TRANSF_SALIENTE,44.0,5654.246214614878,8.640338926880023,4.1205
7607,SERVICIOS_HOGAR,59.0,5563.59649122807,8.624179752765977,4.1142
7614,INGRESO_TRANSF,46.0,42885.27397260274,10.666307099701317,4.907
7614,RETIRO_TARJETA,9.0,547.945205479452,6.307998628658543,3.215
7618,INGRESO_TRANSF,42.0,25226.284909645623,10.135681422275011,4.701
7632,SERVICIOS_HOGAR,22.0,7768.170150348368,8.957918635901013,4.2438
7636,SERVICIOS_HOGAR,24.0,2761.70531039641,7.923965663569864,3.8424
7636,TRANSF_SALIENTE,24.0,291.6978309648467,5.679140783232551,2.9709
7637,RETIRO_TARJETA,3.0,214.86438886932018,5.374650381208112,2.8527
7637,SERVICIOS_HOGAR,23.0,7612.927087002466,8.937734360721448,4.2359
7674,SERVICIOS_HOGAR,27.0,1359.20245398773,7.215388830877339,3.5673
7674,TRANSF_SALIENTE,27.0,6794.171779141105,8.823967606492504,4.1918
7713,SERVICIOS_HOGAR,16.0,4315.539891060557,8.37020940916202,4.0156
7721,INGRESO_TRANSF,18.0,24706.521739130432,10.114863000109526,4.6929
7733,INGRESO_TRANSF,30.0,46714.98152502519,10.751841601924133,4.9402
7745,SERVICIOS_HOGAR,20.0,8118.25809029165,9.001994060790713,4.2609
7753,RETIRO_TARJETA,27.0,946.2517680339462,6.853564916388334,3.4268
7765,SERVICIOS_HOGAR,46.0,7036.150409530901,8.858958595836592,4.2053
7815,SEGURO,44.0,2160.1787709497207,7.678409079114763,3.747
7815,SERVICIOS_HOGAR,44.0,1450.2793296089385,7.280200742702071,3.5924
7815,TRANSF_SALIENTE,43.0,257.5195530726257,5.554971331600943,2.9227
7819,SEGURO,60.0,1196.4917679643022,7.087984454910129,3.5178
7819,SERVICIOS_HOGAR,60.0,1803.0466225573166,7.497787544278262,3.6769
7819,TRANSF_SALIENTE,120.0,2265.579319895369,7.726027066413304,3.7655
7824,SERVICIOS_HOGAR,39.0,1515.3000540637952,7.324028471461971,3.6095
7824,TRANSF_SALIENTE,40.0,1099.2971706613803,7.0033355774478405,3.485
7828,SERVICIOS_HOGAR,31.0,3074.7767857142853,8.031312761579684,3.884
7844,INGRESO_TRANSF,61.0,34736.93163231927,10.455587499517119,4.8252
7857,INGRESO_TRANSF,65.0,41403.76020958545,10.63115113411147,4.8933
7857,SEGURO,61.0,128.78717830174142,4.865896018972866,2.6552
7857,SERVICIOS_HOGAR,60.0,7542.302357836338,8.9284153436103,4.2323
7857,TRANSF_SALIENTE,61.0,979.5345970103251,6.888097930083071,3.4402
7859,INGRESO_TRANSF,45.0,38749.84649122807,10.564907879477813,4.8676
7859,RETIRO_TARJETA,9.0,883.7719298245614,6.7853299053830005,3.4003
7861,RETIRO_TARJETA,30.0,1633.5740072202166,7.399137503340656,3.6386
7861,SEGURO,39.0,22.879061371841154,3.173001981715096,1.998
7861,SERVICIOS_HOGAR,40.0,7581.227436823105,8.93356229256955,4.2343
7861,TRANSF_SALIENTE,78.0,467.26083032490976,6.149025470421181,3.1533
7890,SERVICIOS_HOGAR,29.0,3761.7842073538277,8.232914443042594,3.9623
7894,RETIRO_TARJETA,10.0,709.0464547677262,6.56533039714528,3.3149
7894,SERVICIOS_HOGAR,32.0,4674.81662591687,8.450159105808634,4.0466
7894,TRANSF_SALIENTE,32.0,2645.476772616137,7.8809845146172215,3.8257
7907,SERVICIOS_HOGAR,26.0,5645.229924502402,8.638743331417203,4.1199
7957,RETIRO_TARJETA,5.0,324.2020608193013,5.784446714736299,3.0118
7957,SERVICIOS_HOGAR,36.0,5576.878612716763,8.626563806157305,4.1151
7957,TRANSF_SALIENTE,36.0,5478.260869565218,8.608725493028665,4.1082
7965,SERVICIOS_HOGAR,55.0,6475.619633889519,8.775953991796852,4.1731
7990,SERVICIOS_HOGAR,25.0,6386.509635974304,8.762099743078227,4.1677
8026,RETIRO_TARJETA,5.0,535.4626585251292,6.2849969576449345,3.2061
8027,INGRESO_TRANSF,65.0,41584.3944689257,10.635504290104274,4.895
8038,RETIRO_TARJETA,1.0,140.597539543058,4.952988805000306,2.689
8038,SERVICIOS_HOGAR,23.0,4215.992970123023,8.34687758671245,4.0065
8039,RETIRO_TARJETA,1.0,2.741979709350151,1.3196148054294337,1.2784
8039,SEGURO,31.0,2746.3942966822046,7.91840821299254,3.8402
8039,SERVICIOS_HOGAR,31.0,912.9147244310392,6.817737267791913,3.4129
8039,TRANSF_SALIENTE,31.0,518.5083630381135,6.252882908654391,3.1936
8041,RETIRO_TARJETA,6.0,279.1513798053916,5.635330099237043,2.9539
8051,INGRESO_TRANSF,70.0,27976.25106022053,10.239146996796123,4.7412
8073,SERVICIOS_HOGAR,62.0,674.3348982785602,6.515208713430865,3.2955
8073,TRANSF_SALIENTE,59.0,10680.015649452269,9.276223206255954,4.3673
8085,SERVICIOS_HOGAR,30.0,838.8278388278388,6.733196917055081,3.3801
8085,TRANSF_SALIENTE,27.0,9037.087912087913,9.109202916864383,4.3025
8092,SERVICIOS_HOGAR,43.0,5610.579345088161,8.632587482085146,4.1175
8094,INGRESO_TRANSF,25.0,50207.142857142855,10.823932500835094,4.9682
8094,SERVICIOS_HOGAR,21.0,4720.833333333333,8.459952421243923,4.0504
8114,SERVICIOS_HOGAR,34.0,5252.061187451387,8.566566268982713,4.0918
8114,TRANSF_SALIENTE,34.0,435.4679802955665,6.078715017023294,3.126
8127,RETIRO_TARJETA,1.0,37.54940711462451,3.651940720244495,2.1839
8127,SERVICIOS_HOGAR,45.0,7385.869565217391,8.907459320031217,4.2242
8129,RETIRO_TARJETA,8.0,172.28351216563397,5.154929051777847,2.7674
8129,SERVICIOS_HOGAR,61.0,5700.831192383255,8.648542664050735,4.1237
8132,INGRESO_TRANSF,68.0,27172.601139185044,10.210001234645524,4.7298
8158,INGRESO_TRANSF,30.0,42406.690718268284,10.655085009636622,4.9026
8158,SERVICIOS_HOGAR,25.0,7820.596917021975,8.964644022029317,4.2464
8158,TRANSF_SALIENTE,26.0,1831.6825188586422,7.513536029815221,3.683
8159,SERVICIOS_HOGAR,42.0,2727.482876712329,7.911501010891853,3.8375
8159,TRANSF_SALIENTE,42.0,1395.2054794520548,7.241513464075266,3.5774
8169,SERVICIOS_HOGAR,32.0,1853.2218926934481,7.525220422186259,3.6876
8169,TRANSF_SALIENTE,32.0,3084.389323267727,8.034433127167278,3.8852
8173,INGRESO_TRANSF,65.0,43710.642173979046,10.68536975690636,4.9144
8173,RETIRO_TARJETA,13.0,497.9505085775011,6.212506909625325,3.1779
8212,RETIRO_TARJETA,13.0,435.2557127312296,6.07822856851681,3.1258
8225,INGRESO_TRANSF,25.0,20098.102543399273,9.90843044346822,4.6128
8260,INGRESO_TRANSF,69.0,40537.38088362691,10.610004480472032,4.8851
8260,RETIRO_TARJETA,6.0,184.81085763788622,5.224729261905321,2.7945
8261,INGRESO_TRANSF,68.0,24020.103473762007,10.086688034369033,4.682
8261,SEGURO,63.0,601.5964523281596,6.401247739403995,3.2512
8261,SERVICIOS_HOGAR,63.0,1783.370288248337,7.4868208522795365,3.6727
8261,TRANSF_SALIENTE,126.0,2398.935698447893,7.783197223663739,3.7877
8268,SERVICIOS_HOGAR,22.0,1606.795761782974,7.382619427855415,3.6322
8268,TRANSF_SALIENTE,22.0,4718.304713189624,8.459416761201307,4.0502
8320,INGRESO_TRANSF,23.0,33140.96746575343,10.408555657527119,4.8069
8320,SERVICIOS_HOGAR,19.0,7405.607876712329,8.91012783705643,4.2252
8321,SERVICIOS_HOGAR,64.0,6565.991548885328,8.789811099283693,4.1785
8327,RETIRO_TARJETA,6.0,340.9369634535197,5.834626402686698,3.0312
8327,SERVICIOS_HOGAR,36.0,3623.841059602649,8.195565720700673,3.9478
8327,TRANSF_SALIENTE,36.0,2241.942604856512,7.715543945631296,3.7615
8330,SERVICIOS_HOGAR,65.0,3486.474757702879,8.156933188168768,3.9328
8377,SERVICIOS_HOGAR,47.0,898.0110857515486,6.801295365598649,3.4065
8377,TRANSF_SALIENTE,47.0,3844.8972937724157,8.254762221104789,3.9708
8381,SERVICIOS_HOGAR,24.0,647.4662777980313,6.474610002092996,3.2797
8381,TRANSF_SALIENTE,23.0,6740.685380969741,8.816065229171132,4.1887
8405,SEGURO,51.0,3060.7322325915293,8.026736123860644,3.8823
8405,SERVICIOS_HOGAR,51.0,375.2692031586504,5.930304853056092,3.0684
8405,TRANSF_SALIENTE,51.0,3748.115577889447,8.229275245252293,3.9609
8411,INGRESO_TRANSF,49.0,24114.892747701735,10.090626352249172,4.6835
8411,SERVICIOS_HOGAR,44.0,5224.269662921348,8.561261685629743,4.0898
8411,TRANSF_SALIENTE,44.0,3152.3595505617977,8.056223687474901,3.8937
8475,SERVICIOS_HOGAR,59.0,458.1895199246941,6.129463022281275,3.1457
8475,TRANSF_SALIENTE,59.0,3547.9604643865705,8.174410012653922,3.9396
8489,SERVICIOS_HOGAR,59.0,3568.285759343952,8.180120787346873,3.9418
8492,RETIRO_TARJETA,34.0,1231.508875739645,7.1168071073023915,3.529
8492,SERVICIOS_HOGAR,49.0,3989.4045857988167,8.29164790469286,3.9851
8519,INGRESO_TRANSF,69.0,40617.02436194896,10.611967196874966,4.8859
8519,SERVICIOS_HOGAR,64.0,12724.825986078888,9.451388749809487,4.4353
8523,INGRESO_TRANSF,25.0,50826.380611839486,10.836190476786523,4.9729
8533,RETIRO_TARJETA,4.0,219.63824289405684,5.396524450335149,2.8612
8547,RETIRO_TARJETA,6.0,397.6861894432393,5.988174614818817,3.0909
8564,INGRESO_TRANSF,63.0,41318.6920295551,10.629094469903647,4.8925
8564,SERVICIOS_HOGAR,59.0,6650.36943876749,8.802578043090824,4.1835
8564,TRANSF_SALIENTE,58.0,4999.434051249804,8.517279997898406,4.0727
8566,SERVICIOS_HOGAR,60.0,530.6772908366534,6.276036709116048,3.2026
8566,TRANSF_SALIENTE,52.0,7370.326693227092,8.905352981632587,4.2234
8625,RETIRO_TARJETA,7.0,327.5498621696124,5.794688613832641,3.0157
8625,SERVICIOS_HOGAR,59.0,7798.1028052537695,8.96176398109434,4.2453
8628,SERVICIOS_HOGAR,23.0,6484.345529988683,8.777300376748054,4.1736
8639,INGRESO_TRANSF,16.0,19933.803680981593,9.900222411810184,4.6096
8645,SERVICIOS_HOGAR,13.0,6346.305418719212,8.755785658318766,4.1653
8680,INGRESO_TRANSF,34.0,15277.919075144508,9.634229319062774,4.5063
8680,SERVICIOS_HOGAR,29.0,3015.664739884393,8.011907109313302,3.8765
8680,TRANSF_SALIENTE,29.0,7179.595375722543,8.879137580014305,4.2132
8713,INGRESO_TRANSF,19.0,18430.334190231362,9.821807440351396,4.5791
8742,SEGURO,18.0,4752.905464006939,8.466721762153831,4.0531
8742,SERVICIOS_HOGAR,18.0,53.078924544666094,3.9904445451587565,2.3153
8742,TRANSF_SALIENTE,19.0,193.62532523850825,5.271076301256213,2.8125
8759,RETIRO_TARJETA,1.0,42.580034694843086,3.7745991256346305,2.2315
8772,INGRESO_TRANSF,31.0,11908.09266899397,9.385057477163027,4.4096
8772,SERVICIOS_HOGAR,27.0,6303.998730561726,8.749098047060654,4.1627
8784,INGRESO_TRANSF,26.0,39597.46978851964,10.586545754791912,4.876
8784,SERVICIOS_HOGAR,21.0,5628.285498489426,8.63573780339786,4.1187
8856,RETIRO_TARJETA,3.0,346.8924220524468,5.851893299950119,3.038
8856,SERVICIOS_HOGAR,44.0,1957.4643815816642,7.57991596635979,3.7088
8899,SERVICIOS_HOGAR,49.0,3509.5871913580245,8.163538593453527,3.9354
8919,SERVICIOS_HOGAR,14.0,129.54292084726868,4.8717020680698875,2.6574
8919,TRANSF_SALIENTE,14.0,2083.612040133779,7.6423380450410985,3.733
8926,SEGURO,17.0,908.8951310861423,6.813329352305513,3.4112
8926,SERVICIOS_HOGAR,17.0,3113.483146067416,8.04381849323869,3.8889
8926,TRANSF_SALIENTE,33.0,2162.0318352059926,7.679266143924265,3.7474
8931,SERVICIOS_HOGAR,32.0,1555.5308504724849,7.3502148100980165,3.6196
8931,TRANSF_SALIENTE,32.0,5597.776542523625,8.630303378304847,4.1166
8934,INGRESO_TRANSF,66.0,15960.451892862488,9.677931837596946,4.5233
8972,SERVICIOS_HOGAR,27.0,4065.5073388640717,8.310539762317871,3.9924
8972,TRANSF_SALIENTE,27.0,1771.282705807275,7.480023658963083,3.67
9006,SERVICIOS_HOGAR,50.0,4371.390065460147,8.383065064314854,4.0206
9017,INGRESO_TRANSF,37.0,13606.436041834273,9.518371690083036,4.4613
9017,SERVICIOS_HOGAR,30.0,9128.452668275677,9.119261023081798,4.3064
9024,SERVICIOS_HOGAR,31.0,5423.270089285714,8.598638623602783,4.1043
9030,SERVICIOS_HOGAR,43.0,2351.321073768759,7.76315781065785,3.7799
9030,TRANSF_SALIENTE,43.0,755.294863665187,6.628431331440254,3.3394
9031,SEGURO,19.0,521.7113665389528,6.259029431300218,3.196
9031,SERVICIOS_HOGAR,19.0,3419.8382290336317,8.137640896234146,3.9253
9031,TRANSF_SALIENTE,19.0,117.28395061728396,4.7730880949784344,2.6191
9034,INGRESO_TRANSF,66.0,23585.264750378217,10.068419819482118,4.6749
9034,SEGURO,62.0,8549.62178517398,9.053759282698747,4.281
9034,SERVICIOS_HOGAR,61.0,4334.599092284418,8.374615078578259,4.0173
9034,TRANSF_SALIENTE,61.0,573.0862329803329,6.352779616708973,3.2324
9037,SERVICIOS_HOGAR,21.0,2729.6803652968038,7.912306075186781,3.8378
9037,TRANSF_SALIENTE,21.0,3222.716894977169,8.078290288039195,3.9023
9052,SERVICIOS_HOGAR,34.0,11238.45193508115,9.327185362034767,4.3871
9093,RETIRO_TARJETA,23.0,654.1353383458646,6.4848418377203725,3.2837
9093,SERVICIOS_HOGAR,62.0,1222.2857142857142,7.109295725970878,3.5261
9093,TRANSF_SALIENTE,62.0,2439.90977443609,7.800126107168284,3.7943
9138,SERVICIOS_HOGAR,23.0,7436.71875,8.914319461186073,4.2268
9138,TRANSF_SALIENTE,24.0,2173.369565217391,7.68449404643422,3.7494
9140,SEGURO,12.0,40.90079123554474,3.735304710653009,2.2163
9140,SERVICIOS_HOGAR,12.0,6766.159464394401,8.819836700960398,4.1902
9140,TRANSF_SALIENTE,11.0,12.720632988435788,2.618900757416865,1.7828
9153,SERVICIOS_HOGAR,20.0,4097.521332791548,8.318381537103706,3.9955
9159,SEGURO,25.0,218.55563234277815,5.391605650710907,2.8593
9159,SERVICIOS_HOGAR,25.0,5933.828610919143,8.688593428938367,4.1392
9159,TRANSF_SALIENTE,49.0,1804.6993780234968,7.498703262770038,3.6773
9167,SEGURO,15.0,390.02862595419845,5.968780769464562,3.0833
9167,SERVICIOS_HOGAR,15.0,3542.4618320610684,8.172859446938192,3.939
9167,TRANSF_SALIENTE,15.0,634.780534351145,6.454853432014228,3.272
9179,INGRESO_TRANSF,23.0,23080.721339630745,10.046796299280786,4.6665
9188,INGRESO_TRANSF,70.0,13662.800565770862,9.52250532032544,4.4629
9188,SEGURO,66.0,61.61244695898161,4.136964091551919,2.3722
9188,SERVICIOS_HOGAR,66.0,7408.429985855728,8.910508790345522,4.2254
9188,TRANSF_SALIENTE,66.0,439.68882602545966,6.088339016467407,3.1297
9192,RETIRO_TARJETA,5.0,160.0,5.081404364984463,2.7388
9199,INGRESO_TRANSF,31.0,15875.554850982879,9.672598762333754,4.5212
9201,INGRESO_TRANSF,26.0,46974.20467612112,10.757375181400883,4.9423
9201,SERVICIOS_HOGAR,22.0,11350.785741663472,9.337130344601109,4.391
9203,RETIRO_TARJETA,11.0,794.8059360730593,6.679355357217408,3.3592
9203,SERVICIOS_HOGAR,66.0,13543.093607305937,9.513705835137724,4.4595
9208,INGRESO_TRANSF,19.0,22395.376623376622,10.016654466873941,4.6548
9227,SERVICIOS_HOGAR,10.0,1287.157287157287,7.1609680165667235,3.5462
9227,TRANSF_SALIENTE,10.0,839.8268398268399,6.734385740826373,3.3805
9235,RETIRO_TARJETA,3.0,160.9467455621302,5.087267550090511,2.7411
9236,SERVICIOS_HOGAR,60.0,2085.0535464845566,7.643029304686947,3.7333
9236,TRANSF_SALIENTE,59.0,2084.1843861555176,7.642612564929755,3.7331
9241,INGRESO_TRANSF,27.0,30967.942583732056,10.340740129140315,4.7806
9241,SERVICIOS_HOGAR,22.0,2910.9311740890685,7.976571773765648,3.8628
9263,INGRESO_TRANSF,31.0,21789.507772020726,9.989229730651125,4.6441
9263,SERVICIOS_HOGAR,26.0,8313.60103626943,9.02576840926957,4.2701
9263,TRANSF_SALIENTE,26.0,52.20207253886011,3.9740973530861456,2.309
9265,RETIRO_TARJETA,9.0,379.7825780036708,5.942228550829819,3.073
9265,SERVICIOS_HOGAR,65.0,8711.63348863476,9.072529376458982,4.2883
9265,TRANSF_SALIENTE,65.0,3686.361711139348,8.21266649788095,3.9544
9307,SERVICIOS_HOGAR,66.0,4314.101123595506,8.369876038606888,4.0155
9307,TRANSF_SALIENTE,66.0,2535.2528089887637,7.838442998675641,3.8092
9337,RETIRO_TARJETA,11.0,418.43636935661476,6.038911832296562,3.1106
9353,SERVICIOS_HOGAR,22.0,5942.495383803746,8.6900526877406,4.1398
9377,RETIRO_TARJETA,8.0,519.5134313228585,6.2548156923769564,3.1944
9377,SERVICIOS_HOGAR,34.0,2376.3811454637607,7.773754801777194,3.7841
9377,TRANSF_SALIENTE,35.0,3532.8180435884437,8.170134164171111,3.9379
9403,SERVICIOS_HOGAR,65.0,3031.015037593985,8.016982706378586,3.8785
9422,INGRESO_TRANSF,34.0,47119.14893617021,10.76045597910507,4.9435
9422,RETIRO_TARJETA,10.0,700.3546099290779,6.55301362208067,3.3101
9422,SERVICIOS_HOGAR,29.0,91.69621749408982,4.529327668007813,2.5245
9422,TRANSF_SALIENTE,29.0,2687.4704491725765,7.896727704622495,3.8318
9424,INGRESO_TRANSF,24.0,15084.762697751874,9.621506710325114,4.5014
9455,INGRESO_TRANSF,26.0,41252.80030899961,10.627498516222259,4.8919
9455,SEGURO,21.0,6321.089223638471,8.751805005874086,4.1637
9455,SERVICIOS_HOGAR,22.0,2369.9497875627653,7.771045908094535,3.783
9455,TRANSF_SALIENTE,21.0,501.2746234067207,6.219147028688861,3.1805
9472,SERVICIOS_HOGAR,60.0,4664.945321992709,8.448045734122811,4.0458
9491,INGRESO_TRANSF,29.0,48017.04347826087,10.779332125052246,4.9509
9491,RETIRO_TARJETA,3.0,354.7826086956522,5.874319894598232,3.0467
9491,SEGURO,24.0,727.9304347826087,6.591578301917092,3.3251
9491,SERVICIOS_HOGAR,24.0,3926.817391304348,8.27583917941824,3.979
9491,TRANSF_SALIENTE,25.0,1952.1739130434783,7.577210976089445,3.7077
9493,INGRESO_TRANSF,45.0,25692.952423299244,10.154010928924052,4.7081
9493,SERVICIOS_HOGAR,41.0,6201.044908848377,8.732634340661004,4.1563
9494,SERVICIOS_HOGAR,28.0,4192.05047318612,8.34118378458606,4.0043
9504,INGRESO_TRANSF,35.0,40194.89446662863,10.60152014169592,4.8818
9504,RETIRO_TARJETA,6.0,521.9623502567027,6.259509473436762,3.1962
9513,SERVICIOS_HOGAR,28.0,7361.946902654867,8.904215525968937,4.2229
9528,SERVICIOS_HOGAR,24.0,11533.3850931677,9.353087861269096,4.3972
9548,SERVICIOS_HOGAR,26.0,8120.142949967511,9.002226180635494,4.261
9560,SERVICIOS_HOGAR,9.0,3697.1039182282793,8.215575512749718,3.9556
9583,SERVICIOS_HOGAR,47.0,11370.721127778783,9.338884949763449,4.3917
9591,SERVICIOS_HOGAR,64.0,3938.0231522707036,8.278688040656274,3.9801
9631,INGRESO_TRANSF,30.0,15998.178204703543,9.680292637696807,4.5242
9635,PENSION,72.0,4481.203007518798,8.407869947292918,4.0302
9635,SERVICIOS_HOGAR,62.0,2536.897800055695,7.839091379558002,3.8094
9640,INGRESO_TRANSF,70.0,20856.880206837115,9.94548710339288,4.6272
9640,SERVICIOS_HOGAR,65.0,9893.780522838264,9.199762677178066,4.3377
9640,TRANSF_SALIENTE,65.0,3815.785693766159,8.247163905967604,3.9678
9645,INGRESO_TRANSF,35.0,37602.29787234042,10.5348470349025,4.856
9645,SERVICIOS_HOGAR,31.0,4558.099290780142,8.424880359046284,4.0368
9656,SERVICIOS_HOGAR,59.0,10278.501787455314,9.237907073579407,4.3525
9673,INGRESO_TRANSF,19.0,16430.175625332624,9.706935762052284,4.5345
9673,SERVICIOS_HOGAR,15.0,2940.926024481107,7.986819756209326,3.8668
9677,SERVICIOS_HOGAR,22.0,7402.85929270128,8.909756669285533,4.2251
9703,INGRESO_TRANSF,65.0,36504.241684467495,10.505211137053601,4.8444
9730,SERVICIOS_HOGAR,20.0,215.44885177453028,5.377354269066944,2.8537
9730,TRANSF_SALIENTE,20.0,3978.2881002087684,8.288858212985184,3.984
9731,INGRESO_TRANSF,49.0,20709.818330271482,9.938411467383558,4.6244
9731,SERVICIOS_HOGAR,45.0,4562.461726883037,8.425836765131589,4.0372
9731,TRANSF_SALIENTE,45.0,1212.4923453766073,7.1012577172576865,3.523
9790,RETIRO_TARJETA,4.0,212.08907741251326,5.361710282101199,2.8477
9790,SEGURO,37.0,2440.50901378579,7.80037157539979,3.7944
9790,SERVICIOS_HOGAR,37.0,9034.199363732769,9.108883268497635,4.3024
9790,TRANSF_SALIENTE,37.0,974.0455991516437,6.882484238264902,3.438
9814,RETIRO_TARJETA,1.0,139.29928239763612,4.943777872324388,2.6854
9826,SERVICIOS_HOGAR,24.0,10233.628318584071,9.23353218269091,4.3508
9828,INGRESO_TRANSF,67.0,34287.68180468982,10.442570602160139,4.8201
9833,INGRESO_TRANSF,65.0,52743.724137931036,10.873219029993805,4.9873
9833,SERVICIOS_HOGAR,61.0,6105.609195402299,8.717126938282478,4.1503
9833,TRANSF_SALIENTE,61.0,5529.731800766283,8.618075418630287,4.1118
9859,INGRESO_TRANSF,29.0,31809.942895532415,10.367565625785575,4.791
9859,RETIRO_TARJETA,8.0,671.8172657037286,6.511473770790415,3.294
9859,SEGURO,25.0,642.4252603291905,6.466805874726179,3.2767
9859,SERVICIOS_HOGAR,24.0,812.6301645952301,6.70150591950827,3.3678
9859,TRANSF_SALIENTE,24.0,1189.922741014444,7.082483698245711,3.5157
9869,RETIRO_TARJETA,20.0,755.4795585263486,6.62867551174813,3.3395
9869,SERVICIOS_HOGAR,59.0,5399.23830250272,8.594198361671758,4.1026
9869,TRANSF_SALIENTE,59.0,2291.03062334836,7.737193438717608,3.7699
9883,SEGURO,52.0,9366.292134831461,9.144979340384966,4.3164
9883,SERVICIOS_HOGAR,58.0,595.7072889657159,6.391426689914658,3.2474
9883,TRANSF_SALIENTE,56.0,1435.8974358974358,7.270241509765224,3.5886
9897,INGRESO_TRANSF,46.0,19683.300674940125,9.88757667696269,4.6047
9897,SEGURO,42.0,6358.066623122142,8.757636888193518,4.166
9897,SERVICIOS_HOGAR,41.0,1345.2427607228392,7.20507285109149,3.5633
9897,TRANSF_SALIENTE,42.0,3967.7335075114306,8.286202307044697,3.983
9928,SERVICIOS_HOGAR,34.0,4521.314952279958,8.416779299302407,4.0337
10005,INGRESO_TRANSF,13.0,39057.82208588957,10.572824047444708,4.8707
10005,SERVICIOS_HOGAR,9.0,6315.874233128835,8.750979781428518,4.1634
10018,SERVICIOS_HOGAR,37.0,6447.9418886198555,8.771671348056437,4.1715
10022,INGRESO_TRANSF,19.0,28893.286219081274,10.271399145871277,4.7537
10022,RETIRO_TARJETA,1.0,80.76728924785462,4.403877276687052,2.4758
10022,SERVICIOS_HOGAR,15.0,5813.730439172135,8.668149707759996,4.1313
10022,TRANSF_SALIENTE,15.0,3107.521453811207,8.041902475345928,3.8881
10049,SERVICIOS_HOGAR,28.0,1360.265700483092,7.2161702080525325,3.5676
10049,TRANSF_SALIENTE,29.0,1121.6485507246377,7.023445950035977,3.4928
10063,INGRESO_TRANSF,26.0,41712.07674943567,10.638569949741042,4.8962
10063,SEGURO,22.0,2272.836719337848,7.729223868450993,3.7668
10063,SERVICIOS_HOGAR,22.0,74.4920993227991,4.3240280060481995,2.4448
10063,TRANSF_SALIENTE,44.0,7388.788562829195,8.907854402278431,4.2243
10065,RETIRO_TARJETA,2.0,90.77155824508321,4.519302426583063,2.5206
10079,RETIRO_TARJETA,1.0,22.110849056603772,3.140302163403861,1.9853
10093,INGRESO_TRANSF,54.0,43733.7344936123,10.685897905036677,4.9146
10093,SEGURO,50.0,6556.193297537493,8.788317939398649,4.1779
10093,SERVICIOS_HOGAR,49.0,2505.795223106832,7.8267604127745996,3.8046
10093,TRANSF_SALIENTE,50.0,306.4247361599704,5.7282302968324625,2.9899
10134,SERVICIOS_HOGAR,18.0,8509.172037679722,9.049017437306643,4.2791
10148,SERVICIOS_HOGAR,19.0,3391.129032258065,8.129213036358705,3.922
10148,TRANSF_SALIENTE,19.0,1504.8387096774195,7.317105304136617,3.6068
10202,SERVICIOS_HOGAR,27.0,1161.8071884447431,7.058592350678635,3.5064
10202,TRANSF_SALIENTE,27.0,4425.9321464561635,8.39546210540803,4.0254
10215,SERVICIOS_HOGAR,28.0,130.47210300429185,4.878794684657947,2.6602
10215,TRANSF_SALIENTE,28.0,3538.197424892704,8.171655264291829,3.9385
10227,RETIRO_TARJETA,9.0,361.2739660909523,5.892400737993618,3.0537
10233,INGRESO_TRANSF,34.0,25796.44314868805,10.158030663234676,4.7097
10233,SEGURO,30.0,862.3906705539359,6.760867277589215,3.3908
10233,SERVICIOS_HOGAR,29.0,385.5393586005831,5.957233696220774,3.0788
10233,TRANSF_SALIENTE,59.0,3770.7580174927116,8.2352964893871,3.9632
10243,RETIRO_TARJETA,1.0,245.2830188679245,5.506481357836668,2.9039
10257,SERVICIOS_HOGAR,18.0,13314.242878560719,9.49666473905506,4.4529
10266,SERVICIOS_HOGAR,49.0,9052.331683910632,9.110888110814958,4.3031
10280,INGRESO_TRANSF,25.0,38341.40969162996,10.554311865214864,4.8635
10280,RETIRO_TARJETA,2.0,200.24028834601523,5.30449965846852,2.8254
10297,RETIRO_TARJETA,3.0,226.11644997173542,5.42546288141441,2.8724
10297,SERVICIOS_HOGAR,31.0,8676.144714527982,9.068447803599325,4.2867
10320,INGRESO_TRANSF,65.0,27879.1412911084,10.235669932691906,4.7398
10320,SERVICIOS_HOGAR,61.0,11529.44579780755,9.352746276679373,4.397
10345,SERVICIOS_HOGAR,28.0,5757.121073498018,8.658366497956617,4.1275
10351,SERVICIOS_HOGAR,40.0,4015.4791714090597,8.298160969843932,3.9876
10361,INGRESO_TRANSF,30.0,46563.324538258574,10.748589959068493,4.9389
10364,SERVICIOS_HOGAR,67.0,5873.638527229455,8.678399809839386,4.1352
10365,SEGURO,30.0,248.5607008760951,5.5197021756858895,2.909
10365,SERVICIOS_HOGAR,29.0,3139.5494367959946,8.052153043466443,3.8921
10365,TRANSF_SALIENTE,57.0,5769.136420525657,8.660451002294689,4.1283
10404,RETIRO_TARJETA,2.0,270.60782681099084,5.604359212688292,2.9419
10404,SEGURO,19.0,79.10074937552041,4.3832852095301815,2.4678
10404,SERVICIOS_HOGAR,20.0,1807.6602830974189,7.500341675110749,3.6779
10404,TRANSF_SALIENTE,40.0,1736.8859283930058,7.460424669835327,3.6624
10411,RETIRO_TARJETA,16.0,1470.746108427268,7.29420480372432,3.5979
10411,SEGURO,30.0,1870.3703703703704,7.534426259848229,3.6911
10411,SERVICIOS_HOGAR,30.0,2431.561996779388,7.796700300592267,3.793
10411,TRANSF_SALIENTE,60.0,7680.3542673107895,8.946551147485621,4.2393
10439,INGRESO_TRANSF,61.0,41097.45555374327,10.62372582201046,4.8905
10439,SERVICIOS_HOGAR,56.0,9256.304028706572,9.133168143641917,4.3118
10440,SERVICIOS_HOGAR,59.0,2747.207802422526,7.91870426999652,3.8403
10440,TRANSF_SALIENTE,59.0,1809.8159509202453,7.501532824292747,3.6784
10445,RETIRO_TARJETA,14.0,823.6808236808238,6.714996431090276,3.373
10445,SERVICIOS_HOGAR,27.0,2809.4594594594596,7.941103257666134,3.849
10451,SEGURO,59.0,634.4779147807087,6.454377337516907,3.2718
10451,SERVICIOS_HOGAR,59.0,2245.9965662556583,7.717349744038037,3.7622
10451,TRANSF_SALIENTE,60.0,4357.42157015764,8.379865245602938,4.0194
10493,SERVICIOS_HOGAR,19.0,6892.61291684255,8.838350597667933,4.1973
10493,TRANSF_SALIENTE,19.0,675.3060363022372,6.51664569002123,3.296
10520,RETIRO_TARJETA,24.0,2170.5020920502093,7.683174415386897,3.7489
10558,RETIRO_TARJETA,1.0,68.64988558352402,4.243481057489706,2.4135
10558,SERVICIOS_HOGAR,25.0,1473.112128146453,7.295811140511723,3.5985
10562,RETIRO_TARJETA,6.0,497.8813559322034,6.212368303818339,3.1779
10607,SERVICIOS_HOGAR,21.0,11140.613313388183,9.318442324664227,4.3837
10613,INGRESO_TRANSF,14.0,34919.84126984127,10.460839101010462,4.8272
10630,SERVICIOS_HOGAR,43.0,6609.745316775416,8.796451682431076,4.1811
10644,INGRESO_TRANSF,18.0,49736.054421768706,10.814505496097794,4.9645
10644,RETIRO_TARJETA,3.0,470.5215419501134,6.155964789153094,3.156
10644,SERVICIOS_HOGAR,14.0,8772.222222222223,9.079459432050623,4.2909
10645,INGRESO_TRANSF,24.0,52684.49197860963,10.872095402105424,4.9869
10645,SERVICIOS_HOGAR,20.0,3076.923076923077,8.032010322833477,3.8843
10650,INGRESO_TRANSF,16.0,52278.28025477707,10.864355400519768,4.9839
10650,RETIRO_TARJETA,2.0,649.6815286624204,6.478020319226071,3.281
10650,SERVICIOS_HOGAR,11.0,7255.79617834395,8.889693712669567,4.2173
10652,INGRESO_TRANSF,21.0,32320.09324009324,10.383475337560897,4.7972
10652,SERVICIOS_HOGAR,17.0,1022.3776223776224,6.9308638301729895,3.4568
10652,TRANSF_SALIENTE,17.0,1871.981351981352,7.5352867461646005,3.6915
10663,INGRESO_TRANSF,60.0,46370.864197530864,10.744448179241427,4.9373
10663,RETIRO_TARJETA,5.0,200.8230452674897,5.3073912999498445,2.8266
10663,SERVICIOS_HOGAR,56.0,4408.098765432099,8.391425585976195,4.0238
10663,TRANSF_SALIENTE,55.0,8435.144032921811,9.040280615056732,4.2757
10670,SERVICIOS_HOGAR,58.0,13335.504885993485,9.498260282591737,4.4535
10679,INGRESO_TRANSF,19.0,54484.207764952786,10.905684526654204,4.9999
10679,RETIRO_TARJETA,2.0,283.3158447009444,5.6500857494322965,2.9596
10679,SERVICIOS_HOGAR,15.0,5249.213011542498,8.566023928389724,4.0916
10694,SEGURO,23.0,757.7679137603044,6.631695951663777,3.3407
10694,SERVICIOS_HOGAR,20.0,5510.462904248573,8.614585366771733,4.1105
10711,SEGURO,25.0,71.38058448102116,4.2819380932759845,2.4285
10711,SERVICIOS_HOGAR,25.0,2279.140073899899,7.731992155982386,3.7678
10711,TRANSF_SALIENTE,50.0,718.8444743029896,6.579035180764517,3.3202
10728,INGRESO_TRANSF,48.0,20827.02030667219,9.944054489252173,4.6266
10728,SERVICIOS_HOGAR,43.0,3445.5242436800663,8.145121536590844,3.9282
10738,RETIRO_TARJETA,7.0,330.0715641886958,5.802334558016057,3.0187
10738,SERVICIOS_HOGAR,64.0,173.85716372133783,5.163969433338328,2.7709
10738,TRANSF_SALIENTE,64.0,7516.9855411128965,8.925053500886426,4.231
10762,SERVICIOS_HOGAR,33.0,4685.3448275862065,8.452408203126524,4.0475
10774,SERVICIOS_HOGAR,14.0,2920.64913262451,7.979903507285706,3.8641
10788,SERVICIOS_HOGAR,45.0,4458.952178880365,8.402893322732492,4.0283
10789,SEGURO,25.0,2436.131386861314,7.798576965533162,3.7937
10789,SERVICIOS_HOGAR,25.0,9434.306569343065,9.152213950050932,4.3192
10789,TRANSF_SALIENTE,25.0,851.2773722627737,6.747912028147043,3.3858
10807,INGRESO_TRANSF,33.0,36133.7994644451,10.495011654080681,4.8405
10857,SERVICIOS_HOGAR,15.0,6577.5798069784705,8.791574166217975,4.1792
10884,INGRESO_TRANSF,46.0,20427.46113989637,9.924684361425827,4.6191
10884,SERVICIOS_HOGAR,41.0,1173.7046632124352,7.068772044526937,3.5104
10884,TRANSF_SALIENTE,41.0,3901.727115716753,8.26943084818926,3.9765
10905,RETIRO_TARJETA,7.0,569.1699604743083,6.345934492653603,3.2297
10905,SERVICIOS_HOGAR,21.0,2439.486166007905,7.799952546803824,3.7942
10905,TRANSF_SALIENTE,21.0,1396.1264822134387,7.242172893607737,3.5777
10911,INGRESO_TRANSF,67.0,23809.599046057534,10.077886098595643,4.6786
10911,SERVICIOS_HOGAR,63.0,6866.239379937397,8.834517467476823,4.1959
10915,INGRESO_TRANSF,22.0,16283.133066310636,9.697946481188023,4.5311
10915,SEGURO,17.0,2762.2162883845126,7.924150602129134,3.8424
10915,SERVICIOS_HOGAR,17.0,1964.040943480196,7.583268360462977,3.7101
10915,TRANSF_SALIENTE,35.0,3732.0872274143303,8.224990845213872,3.9592
10940,SERVICIOS_HOGAR,58.0,6858.360862041844,8.833369547580883,4.1954
10942,SERVICIOS_HOGAR,50.0,9542.555130308001,9.163621350192194,4.3236
10954,RETIRO_TARJETA,16.0,1203.5763411279231,7.093883199978361,3.5201
11013,INGRESO_TRANSF,70.0,45533.17259963125,10.726218369190763,4.9302
11013,RETIRO_TARJETA,11.0,469.43695929655365,6.153661963431111,3.1551
11013,SERVICIOS_HOGAR,65.0,696.9224223514394,6.548107953822577,3.3082
11013,TRANSF_SALIENTE,66.0,8891.419656786271,9.092954468840695,4.2962
11027,INGRESO_TRANSF,29.0,12985.601645526225,9.4716734623145,4.4432
11027,SERVICIOS_HOGAR,24.0,3125.677065478231,8.047726079172547,3.8904
11042,INGRESO_TRANSF,47.0,39229.26673751329,10.577203838505318,4.8724
11042,RETIRO_TARJETA,11.0,665.2497343251861,6.501664576718528,3.2902
11042,SERVICIOS_HOGAR,43.0,7709.840595111584,8.950382487217725,4.2408
11054,INGRESO_TRANSF,35.0,16186.95652173913,9.69202282015938,4.5288
11054,SERVICIOS_HOGAR,31.0,10202.688787185354,9.230504579696767,4.3496
11079,INGRESO_TRANSF,38.0,54131.82059447983,10.899195946219898,4.9974
11079,RETIRO_TARJETA,4.0,212.31422505307856,5.362766313610276,2.8481
11096,SERVICIOS_HOGAR,20.0,5400.081070125659,8.594354410686805,4.1026
11111,SERVICIOS_HOGAR,65.0,4568.714752151975,8.427206064467983,4.0377
11135,SERVICIOS_HOGAR,57.0,2967.7460520019144,7.99589493793008,3.8703
11138,RETIRO_TARJETA,8.0,442.63105835806135,6.094993267358193,3.1323
11141,RETIRO_TARJETA,5.0,584.070796460177,6.371732859499623,3.2398
11186,INGRESO_TRANSF,49.0,42659.691182446164,10.661033194014252,4.9049
11186,RETIRO_TARJETA,2.0,75.17269402681836,4.333003052366546,2.4483
11186,SERVICIOS_HOGAR,45.0,8968.915075172694,9.101631487357265,4.2996
11231,INGRESO_TRANSF,23.0,48950.570175438595,10.798586724572667,4.9583
11231,SERVICIOS_HOGAR,18.0,7723.421052631578,8.952142154314295,4.2415
11231,TRANSF_SALIENTE,19.0,190.83333333333331,5.256626939493827,2.8069
11244,SERVICIOS_HOGAR,18.0,9273.92963119966,9.135070300514204,4.3125
11265,SERVICIOS_HOGAR,67.0,474.0212527964206,6.163359545763021,3.1589
11265,TRANSF_SALIENTE,67.0,2442.239932885906,7.801080278832233,3.7947
11271,INGRESO_TRANSF,39.0,12117.251016260163,9.402467943621156,4.4163
11271,SEGURO,35.0,458.8414634146342,6.130881785328694,3.1463
11271,SERVICIOS_HOGAR,35.0,5164.634146341464,8.549783151624439,4.0853
11271,TRANSF_SALIENTE,35.0,2102.1341463414633,7.651183961752713,3.7365
11295,SERVICIOS_HOGAR,67.0,6065.366811614532,8.710515156518294,4.1477
11317,SERVICIOS_HOGAR,15.0,3265.554298642534,8.091490977024181,3.9074
11317,TRANSF_SALIENTE,15.0,2361.9909502262444,7.767683447398044,3.7817
11325,SERVICIOS_HOGAR,15.0,1297.6235382874386,7.169060165805262,3.5493
11327,SERVICIOS_HOGAR,9.0,2289.0495867768595,7.736328749928198,3.7695
11349,INGRESO_TRANSF,43.0,45681.38888888888,10.729468139129064,4.9315
11349,SERVICIOS_HOGAR,39.0,9827.638888888889,9.193055738537657,4.335
11359,INGRESO_TRANSF,51.0,29403.353598744852,10.288898023953738,4.7605
11359,RETIRO_TARJETA,22.0,1125.7109237105315,7.027057980437341,3.4942
11359,SERVICIOS_HOGAR,46.0,4075.8580113747794,8.313081875471259,3.9934
11359,TRANSF_SALIENTE,46.0,229.14296920964895,5.438700721066014,2.8775
11362,SEGURO,34.0,290.89966295047964,5.6764101231847865,2.9698
11362,SERVICIOS_HOGAR,34.0,4213.6375421311905,8.346318874361458,4.0063
11362,TRANSF_SALIENTE,68.0,163.0801140782992,5.100354809024117,2.7462
11382,INGRESO_TRANSF,40.0,33214.26448736998,10.410764822956995,4.8078
2,PRESTAMO,,3373.0,8.123854263105914,3.92
19,PRESTAMO,,2523.0,7.8336002236611035,3.8073
25,PRESTAMO,,2523.0,7.8336002236611035,3.8073
37,PRESTAMO,,5308.0,8.57715877258367,4.0959
38,PRESTAMO,,2307.0,7.744136627627991,3.7726
67,PRESTAMO,,6915.0,8.84159284680318,4.1986
97,PRESTAMO,,8573.0,9.056489647157923,4.282
103,PRESTAMO,,7370.0,8.905308661189288,4.2233
105,PRESTAMO,,7348.0,8.90231952852887,4.2222
110,PRESTAMO,,4516.0,8.415603335654604,4.0332
132,PRESTAMO,,7370.0,8.905308661189288,4.2233
173,PRESTAMO,,8734.0,9.075093222568157,4.2893
176,PRESTAMO,,2288.0,7.735870319952567,3.7693
226,PRESTAMO,,9112.0,9.117457244496126,4.3057
276,PRESTAMO,,4470.0,8.405367376233981,4.0293
290,PRESTAMO,,2577.0,7.8547691834991324,3.8155
303,PRESTAMO,,3132.0,8.049746290952191,3.8912
309,PRESTAMO,,1901.0,7.550661243105336,3.6974
314,PRESTAMO,,2785.0,7.932362154339751,3.8456
319,PRESTAMO,,6150.0,8.724369949208368,4.1531
330,PRESTAMO,,6908.0,8.840580188488795,4.1982
339,PRESTAMO,,7801.0,8.962135390066601,4.2454
344,PRESTAMO,,1683.0,7.428927194802272,3.6502
347,PRESTAMO,,7801.0,8.962135390066601,4.2454
349,PRESTAMO,,3568.0,8.18004072349016,3.9418
378,PRESTAMO,,3840.0,8.253488028345904,3.9703
426,PRESTAMO,,4201.0,8.343315881404946,4.0052
440,PRESTAMO,,1756.0,7.471363088187097,3.6667
442,PRESTAMO,,7455.0,8.916774356365426,4.2278
472,PRESTAMO,,8200.0,9.012011377036412,4.2648
501,PRESTAMO,,4383.0,8.385716828627851,4.0216
525,PRESTAMO,,4383.0,8.385716828627851,4.0216
544,PRESTAMO,,3798.0,8.242493153187626,3.966
666,PRESTAMO,,1045.0,6.952728644624869,3.4653
675,PRESTAMO,,1704.0,7.4413203897176174,3.655
718,PRESTAMO,,6412.0,8.766082459148864,4.1693
785,PRESTAMO,,4336.0,8.374938143835367,4.0174
789,PRESTAMO,,1522.0,7.328437352895162,3.6112
790,PRESTAMO,,4336.0,8.374938143835367,4.0174
808,PRESTAMO,,4492.0,8.41027590907016,4.0312
813,PRESTAMO,,2026.0,7.614312146452,3.7222
816,PRESTAMO,,2026.0,7.614312146452,3.7222
817,PRESTAMO,,8975.0,9.102309627762478,4.2998
825,PRESTAMO,,4423.0,8.39479954320217,4.0251
846,PRESTAMO,,7796.0,8.9614943233096,4.2452
854,PRESTAMO,,1817.0,7.505492274737424,3.6799
873,PRESTAMO,,2975.0,7.998335395952982,3.8712
915,PRESTAMO,,6449.0,8.771835409789817,4.1715
938,PRESTAMO,,371.0,5.918893854273146,3.064
940,PRESTAMO,,4738.0,8.463581421967588,4.0519
960,PRESTAMO,,3151.0,8.05579245097777,3.8935
993,PRESTAMO,,1812.0,7.502738210754851,3.6788
1004,PRESTAMO,,5237.0,8.563695025067657,4.0907
1011,PRESTAMO,,3400.0,8.131824785007195,3.9231
1012,PRESTAMO,,4091.0,8.316789127071518,3.9949
1068,PRESTAMO,,4220.0,8.347827345782498,4.0069
1071,PRESTAMO,,4220.0,8.347827345782498,4.0069
1083,PRESTAMO,,1416.0,7.256297239690681,3.5832
1093,PRESTAMO,,8023.0,8.990192329641772,4.2563
1106,PRESTAMO,,8023.0,8.990192329641772,4.2563
1166,PRESTAMO,,3105.0,8.041091003708633,3.8878
1242,PRESTAMO,,5356.0,8.58615939588096,4.0994
1244,PRESTAMO,,748.0,6.618738983517219,3.3357
1247,PRESTAMO,,2077.0,7.639161171659173,3.7318
1250,PRESTAMO,,3805.0,8.244334047856094,3.9667
1252,PRESTAMO,,4115.0,8.32263709695394,3.9971
1256,PRESTAMO,,1974.0,7.5883236773352225,3.7121
1270,PRESTAMO,,2077.0,7.639161171659173,3.7318
1284,PRESTAMO,,4376.0,8.384118837190895,4.021
1318,PRESTAMO,,5154.0,8.54772239645106,4.0845
1329,PRESTAMO,,1960.0,7.581209826196346,3.7093
1374,PRESTAMO,,8107.0,9.000606507571892,4.2603
1375,PRESTAMO,,1889.0,7.5443321080536885,3.695
1389,PRESTAMO,,5228.0,8.56197533418813,4.0901
1407,PRESTAMO,,5228.0,8.56197533418813,4.0901
1447,PRESTAMO,,2085.0,7.643003635560718,3.7333
1480,PRESTAMO,,3425.0,8.139148678884066,3.9259
1498,PRESTAMO,,2763.0,7.92443418488756,3.8425
1527,PRESTAMO,,4557.0,8.42463920980563,4.0367
1528,PRESTAMO,,3981.0,8.289539484624141,3.9843
1580,PRESTAMO,,8094.0,8.999001866111735,4.2597
1583,PRESTAMO,,8094.0,8.999001866111735,4.2597
1603,PRESTAMO,,6578.0,8.791638037085997,4.1792
1638,PRESTAMO,,2676.0,7.892452043520352,3.8301
1656,PRESTAMO,,3954.0,8.282735880201754,3.9816
1698,PRESTAMO,,3943.0,8.279950715722526,3.9806
1718,PRESTAMO,,7178.0,8.878915376576483,4.2131
1762,PRESTAMO,,6893.0,8.83840674707681,4.1974
1766,PRESTAMO,,501.0,6.218600119691729,3.1803
1772,PRESTAMO,,5633.0,8.636574948436317,4.119
1776,PRESTAMO,,1800.0,7.496097345175956,3.6763
1787,PRESTAMO,,8033.0,8.991437814919227,4.2568
1801,PRESTAMO,,4610.0,8.436200032206706,4.0412
1808,PRESTAMO,,8033.0,8.991437814919227,4.2568
1811,PRESTAMO,,3991.0,8.292047637431354,3.9853
1819,PRESTAMO,,3991.0,8.292047637431354,3.9853
1843,PRESTAMO,,2939.0,7.986164860332727,3.8665
1862,PRESTAMO,,6602.0,8.79527937019457,4.1806
1869,PRESTAMO,,1054.0,6.961296045910167,3.4686
1876,PRESTAMO,,8710.0,9.072341873818893,4.2882
1886,PRESTAMO,,4513.0,8.414938957377482,4.033
1888,PRESTAMO,,4780.0,8.472405008626103,4.0553
1906,PRESTAMO,,1873.0,7.535830462798367,3.6917
1928,PRESTAMO,,2318.0,7.7488913372555315,3.7744
1967,PRESTAMO,,5194.0,8.555451903533328,4.0875
1978,PRESTAMO,,5700.0,8.648396877031582,4.1236
1993,PRESTAMO,,5700.0,8.648396877031582,4.1236
2000,PRESTAMO,,4847.0,8.48632152774915,4.0607
2018,PRESTAMO,,3210.0,8.074337694089515,3.9007
2035,PRESTAMO,,4898.0,8.496786381638575,4.0647
2051,PRESTAMO,,4898.0,8.496786381638575,4.0647
2055,PRESTAMO,,4521.0,8.416709652837914,4.0337
2062,PRESTAMO,,7182.0,8.879472402074802,4.2133
2064,PRESTAMO,,2323.0,7.751045117971802,3.7752
2073,PRESTAMO,,1860.0,7.528869256642251,3.689
2080,PRESTAMO,,5961.0,8.693161274238017,4.141
2106,PRESTAMO,,8460.0,9.0432226489245,4.2769
2116,PRESTAMO,,7700.0,8.94910546953925,4.2403
2134,PRESTAMO,,637.0,6.45833828334479,3.2734
2142,PRESTAMO,,1944.0,7.573017256052546,3.7061
2143,PRESTAMO,,1985.0,7.593877844605118,3.7142
2153,PRESTAMO,,5130.0,8.543055850941965,4.0827
2165,PRESTAMO,,3275.0,8.09437844497296,3.9085
2167,PRESTAMO,,7094.0,8.867145589594143,4.2085
2176,PRESTAMO,,8308.0,9.02509454366498,4.2698
2187,PRESTAMO,,4456.0,8.402231172946555,4.028
2218,PRESTAMO,,3034.0,8.017966703493599,3.8789
2227,PRESTAMO,,3874.0,8.262300941787448,3.9737
2228,PRESTAMO,,3874.0,8.262300941787448,3.9737
2236,PRESTAMO,,3874.0,8.262300941787448,3.9737
2245,PRESTAMO,,7249.0,8.88875674784872,4.2169
2246,PRESTAMO,,6930.0,8.843759381917984,4.1994
2247,PRESTAMO,,3021.0,8.013674142832684,3.8772
2262,PRESTAMO,,6395.0,8.763428073953845,4.1683
2268,PRESTAMO,,561.0,6.331501849893691,3.2241
2279,PRESTAMO,,6556.0,8.788288460263619,4.1779
2322,PRESTAMO,,1930.0,7.565793282428515,3.7033
2334,PRESTAMO,,2013.0,7.607878073278507,3.7197
2335,PRESTAMO,,9020.0,9.107310471656639,4.3018
2343,PRESTAMO,,4139.0,8.32845106681936,3.9994
2345,PRESTAMO,,3328.0,8.110427237575024,3.9148
2350,PRESTAMO,,3328.0,8.110427237575024,3.9148
2352,PRESTAMO,,824.0,6.715383386334681,3.3732
2361,PRESTAMO,,4352.0,8.378620541552298,4.0189
2413,PRESTAMO,,1496.0,7.311218384419629,3.6045
2419,PRESTAMO,,7984.0,8.985320060649112,4.2544
2445,PRESTAMO,,4886.0,8.494333897270154,4.0638
2456,PRESTAMO,,4187.0,8.339978571990427,4.0039
2486,PRESTAMO,,2043.0,7.622663951323595,3.7254
2496,PRESTAMO,,2752.0,7.920446505142607,3.841
2516,PRESTAMO,,9721.0,9.1821466376054,4.3308
2545,PRESTAMO,,8933.0,9.097619501912064,4.298
2572,PRESTAMO,,7500.0,8.922791623969637,4.2301
2580,PRESTAMO,,1489.0,7.306531398939505,3.6027
2622,PRESTAMO,,5681.0,8.645058562414134,4.1223
2694,PRESTAMO,,7636.0,8.940760134888384,4.2371
2699,PRESTAMO,,4816.0,8.479906606630221,4.0582
2705,PRESTAMO,,2608.0,7.866722285136729,3.8201
2720,PRESTAMO,,2608.0,7.866722285136729,3.8201
2725,PRESTAMO,,1934.0,7.5678626054638825,3.7041
2728,PRESTAMO,,2607.0,7.866338923046544,3.82
2753,PRESTAMO,,2768.0,7.926241523170962,3.8432
2754,PRESTAMO,,6985.0,8.851663425366777,4.2025
2762,PRESTAMO,,4641.0,8.442900586834382,4.0438
2824,PRESTAMO,,841.0,6.7357800142423265,3.3811
2872,PRESTAMO,,4472.0,8.405814603432848,4.0294
2910,PRESTAMO,,7291.0,8.894533135798554,4.2192
2912,PRESTAMO,,6336.0,8.754160749323518,4.1647
2933,PRESTAMO,,4542.0,8.421342865759403,4.0355
2936,PRESTAMO,,8400.0,9.036106025364846,4.2741
2962,PRESTAMO,,2604.0,7.865187954187467,3.8195
2982,PRESTAMO,,3438.0,8.142936010432265,3.9274
2986,PRESTAMO,,1033.0,6.9411900550683745,3.4608
2988,PRESTAMO,,7384.0,8.90720619496548,4.2241
2994,PRESTAMO,,1354.0,7.2115567333138015,3.5658
3005,PRESTAMO,,8125.0,9.002824076547672,4.2612
3021,PRESTAMO,,3242.0,8.084254106307318,3.9046
3037,PRESTAMO,,7719.0,8.951569643018821,4.2413
3050,PRESTAMO,,6908.0,8.840580188488795,4.1982
3064,PRESTAMO,,1285.0,7.1592919047975645,3.5455
3084,PRESTAMO,,7042.0,8.85978949474541,4.2057
3112,PRESTAMO,,2567.0,7.850882664809852,3.814
3115,PRESTAMO,,5353.0,8.585599224080298,4.0992
3137,PRESTAMO,,4226.0,8.34924780056679,4.0075
3143,PRESTAMO,,5454.0,8.604287898267172,4.1065
3161,PRESTAMO,,2501.0,7.824845691026856,3.8039
3166,PRESTAMO,,3703.0,8.21716859576607,3.9562
3189,PRESTAMO,,3703.0,8.21716859576607,3.9562
3229,PRESTAMO,,3252.0,8.087332926473351,3.9058
3230,PRESTAMO,,2144.0,7.6708948313621175,3.7441
3249,PRESTAMO,,5677.0,8.644354337032917,4.122
3273,PRESTAMO,,7876.0,8.971702399703325,4.2491
3293,PRESTAMO,,7669.0,8.945071894361302,4.2388
3329,PRESTAMO,,1604.0,7.380879035564116,3.6315
3353,PRESTAMO,,6086.0,8.713910628493924,4.149
3354,PRESTAMO,,415.0,6.030685260261263,3.1074
3390,PRESTAMO,,3386.0,8.127699852817772,3.9215
3403,PRESTAMO,,1995.0,7.59890045687141,3.7162
3418,PRESTAMO,,4318.0,8.3707791729607,4.0158
3448,PRESTAMO,,2861.0,7.959275960116396,3.8561
3455,PRESTAMO,,5622.0,8.634620608292202,4.1183
3460,PRESTAMO,,2931.0,7.983440063006542,3.8655
3489,PRESTAMO,,1837.0,7.516433302915632,3.6842
3556,PRESTAMO,,2914.0,7.977625098784593,3.8632
3562,PRESTAMO,,7290.0,8.89439598980643,4.2191
3608,PRESTAMO,,4486.0,8.408939605975984,4.0306
3629,PRESTAMO,,2646.0,7.881182202227102,3.8258
3637,PRESTAMO,,1169.0,7.064759027791802,3.5088
3664,PRESTAMO,,5658.0,8.641002477142523,4.1207
3674,PRESTAMO,,1969.0,7.585788821732034,3.7111
3678,PRESTAMO,,5269.0,8.569785641535407,4.0931
3679,PRESTAMO,,9268.0,9.134430777875833,4.3123
3711,PRESTAMO,,7683.0,8.946895523888447,4.2395
3747,PRESTAMO,,6365.0,8.758726607842037,4.1664
3752,PRESTAMO,,1547.0,7.344719054149673,3.6175
3754,PRESTAMO,,2856.0,7.957527402230773,3.8554
3804,PRESTAMO,,5271.0,8.570165076182343,4.0932
3834,PRESTAMO,,1921.0,7.561121589530238,3.7015
3859,PRESTAMO,,5120.0,8.54110501146255,4.0819
3862,PRESTAMO,,2081.0,7.641084249174914,3.7325
3875,PRESTAMO,,6414.0,8.766394277049736,4.1694
3906,PRESTAMO,,5577.0,8.626585568187433,4.1151
3907,PRESTAMO,,5577.0,8.626585568187433,4.1151
3916,PRESTAMO,,2694.0,7.899153483343097,3.8327
3942,PRESTAMO,,2982.0,8.000684784514748,3.8721
3953,PRESTAMO,,5298.0,8.575273402492762,4.0952
3967,PRESTAMO,,2350.0,7.762596048540069,3.7797
4033,PRESTAMO,,1756.0,7.471363088187097,3.6667
4052,PRESTAMO,,2948.0,7.989221408815276,3.8677
4079,PRESTAMO,,3312.0,8.105609402299896,3.9129
4081,PRESTAMO,,5746.0,8.656433258507741,4.1267
4099,PRESTAMO,,872.0,6.771935555839602,3.3951
4116,PRESTAMO,,4200.0,8.343077871169383,4.0051
4127,PRESTAMO,,4200.0,8.343077871169383,4.0051
4144,PRESTAMO,,5916.0,8.685584842676693,4.138
4190,PRESTAMO,,6763.0,8.81936971001847,4.19
4259,PRESTAMO,,3318.0,8.107418811719974,3.9136
4260,PRESTAMO,,4076.0,8.313116702819253,3.9934
4268,PRESTAMO,,3499.0,8.160518247477505,3.9342
4293,PRESTAMO,,4561.0,8.425516402844334,4.0371
4320,PRESTAMO,,4280.0,8.361941906144946,4.0124
4337,PRESTAMO,,2142.0,7.669961995473577,3.7438
4342,PRESTAMO,,4172.0,8.336390480591552,4.0025
4354,PRESTAMO,,5461.0,8.60557030203365,4.107
4361,PRESTAMO,,7513.0,8.924523226133914,4.2308
4413,PRESTAMO,,4610.0,8.436200032206706,4.0412
4414,PRESTAMO,,4051.0,8.306965865368573,3.9911
4415,PRESTAMO,,6170.0,8.727616178321068,4.1544
4423,PRESTAMO,,2051.0,7.62657020629066,3.7269
4427,PRESTAMO,,7318.0,8.898228985601227,4.2206
4447,PRESTAMO,,5354.0,8.585785982881848,4.0993
4448,PRESTAMO,,5354.0,8.585785982881848,4.0993
4456,PRESTAMO,,5354.0,8.585785982881848,4.0993
4462,PRESTAMO,,2770.0,7.9269635448629785,3.8435
4467,PRESTAMO,,2394.0,7.781138509845015,3.7869
4473,PRESTAMO,,1566.0,7.356918242356021,3.6222
4476,PRESTAMO,,633.0,6.452048954437226,3.2709
4503,PRESTAMO,,2820.0,7.944846711001996,3.8505
4533,PRESTAMO,,2254.0,7.720905251936779,3.7635
4550,PRESTAMO,,1022.0,6.930494765951626,3.4567
4576,PRESTAMO,,8339.0,9.028818495352793,4.2713
4580,PRESTAMO,,1685.0,7.430114138561801,3.6506
4585,PRESTAMO,,1347.0,7.206377291472252,3.5638
4616,PRESTAMO,,2779.0,7.930206206684683,3.8448
4618,PRESTAMO,,2779.0,7.930206206684683,3.8448
4626,PRESTAMO,,2779.0,7.930206206684683,3.8448
4631,PRESTAMO,,3647.0,8.201934351194222,3.9503
4650,PRESTAMO,,6700.0,8.81001204797317,4.1863
4660,PRESTAMO,,4456.0,8.402231172946555,4.028
4681,PRESTAMO,,3388.0,8.128290171607052,3.9217
4715,PRESTAMO,,4049.0,8.306472160100585,3.9909
4725,PRESTAMO,,4674.0,8.449984441722787,4.0466
4727,PRESTAMO,,4485.0,8.408716715080153,4.0306
4746,PRESTAMO,,3413.0,8.135639903354386,3.9245
4774,PRESTAMO,,9689.0,9.178849704884811,4.3295
4784,PRESTAMO,,4572.0,8.427924723658055,4.038
4794,PRESTAMO,,9698.0,9.179778066393542,4.3299
4803,PRESTAMO,,1232.0,7.117205503164344,3.5292
4825,PRESTAMO,,1783.0,7.486613313139955,3.6726
4851,PRESTAMO,,5902.0,8.683215975240689,4.1371
4852,PRESTAMO,,5925.0,8.68710472813351,4.1386
4858,PRESTAMO,,6983.0,8.851377097519439,4.2024
4863,PRESTAMO,,6340.0,8.754791763700032,4.1649
4894,PRESTAMO,,4876.0,8.492285555710053,4.063
4907,PRESTAMO,,2059.0,7.630461261783627,3.7284
4937,PRESTAMO,,5996.0,8.69901462316851,4.1433
4948,PRESTAMO,,5996.0,8.69901462316851,4.1433
4949,PRESTAMO,,6040.0,8.706324840138741,4.1461
4969,PRESTAMO,,2503.0,7.825644732219989,3.8042
4981,PRESTAMO,,3736.0,8.226038429485484,3.9596
4994,PRESTAMO,,7179.0,8.87905466204227,4.2131
4995,PRESTAMO,,3583.0,8.18423477409482,3.9434
4999,PRESTAMO,,4588.0,8.431417414394833,4.0394
5001,PRESTAMO,,4588.0,8.431417414394833,4.0394
5033,PRESTAMO,,950.0,6.85751406254539,3.4284
5066,PRESTAMO,,2569.0,7.851661177889265,3.8143
5072,PRESTAMO,,5292.0,8.574140471857987,4.0948
5118,PRESTAMO,,1109.0,7.01211529430638,3.4884
5120,PRESTAMO,,6739.0,8.815815203906352,4.1886
5126,PRESTAMO,,424.0,6.052089168924417,3.1157
5133,PRESTAMO,,4755.0,8.467162257810672,4.0532
5164,PRESTAMO,,621.0,6.432940092739179,3.2635
5180,PRESTAMO,,4897.0,8.496582237512113,4.0647
5181,PRESTAMO,,6652.0,8.802823159741887,4.1836
5196,PRESTAMO,,6652.0,8.802823159741887,4.1836
5213,PRESTAMO,,6687.0,8.808070154764538,4.1856
5215,PRESTAMO,,1219.0,7.106606137727303,3.5251
5228,PRESTAMO,,7242.0,8.887790764195326,4.2165
5256,PRESTAMO,,5388.0,8.592115117933497,4.1018
5263,PRESTAMO,,4605.0,8.43511508038063,4.0408
5267,PRESTAMO,,5388.0,8.592115117933497,4.1018
5269,PRESTAMO,,1957.0,7.579678823090456,3.7087
5270,PRESTAMO,,3317.0,8.10711747075039,3.9135
5283,PRESTAMO,,3559.0,8.177515823846075,3.9408
5305,PRESTAMO,,5011.0,8.51959031601596,4.0736
5313,PRESTAMO,,5011.0,8.51959031601596,4.0736
5317,PRESTAMO,,2505.0,7.826443135456014,3.8045
5358,PRESTAMO,,1139.0,7.038783541388542,3.4987
5362,PRESTAMO,,4226.0,8.34924780056679,4.0075
5385,PRESTAMO,,2489.0,7.820037989458753,3.802
5395,PRESTAMO,,4394.0,8.388222810119277,4.0226
5422,PRESTAMO,,6148.0,8.724044745953469,4.153
5428,PRESTAMO,,7281.0,8.893160828735379,4.2186
5442,PRESTAMO,,7281.0,8.893160828735379,4.2186
5445,PRESTAMO,,2186.0,7.690286020676768,3.7516
5477,PRESTAMO,,7279.0,8.892886141190731,4.2185
5481,PRESTAMO,,4358.0,8.379997952238393,4.0194
5541,PRESTAMO,,680.0,6.523562306149512,3.2987
5572,PRESTAMO,,2348.0,7.761744984658913,3.7794
5574,PRESTAMO,,3719.0,8.221478947267192,3.9579
5591,PRESTAMO,,3698.0,8.215817791832453,3.9557
5593,PRESTAMO,,3698.0,8.215817791832453,3.9557
5602,PRESTAMO,,3698.0,8.215817791832453,3.9557
5622,PRESTAMO,,6918.0,8.842026529498812,4.1988
5628,PRESTAMO,,3757.0,8.231642179973411,3.9618
5632,PRESTAMO,,4760.0,8.46821300919452,4.0537
5650,PRESTAMO,,4108.0,8.32093496888341,3.9965
5698,PRESTAMO,,2756.0,7.921898411023797,3.8416
5700,PRESTAMO,,1728.0,7.455298485683291,3.6604
5724,PRESTAMO,,4845.0,8.48590890137647,4.0605
5735,PRESTAMO,,4845.0,8.48590890137647,4.0605
5742,PRESTAMO,,4845.0,8.48590890137647,4.0605
5774,PRESTAMO,,1299.0,7.170119543449628,3.5497
5794,PRESTAMO,,2060.0,7.630946580890459,3.7286
5837,PRESTAMO,,4939.0,8.505120610181969,4.068
5891,PRESTAMO,,5432.0,8.600246746551523,4.1049
5912,PRESTAMO,,3077.0,8.032035314398824,3.8843
5927,PRESTAMO,,1817.0,7.505492274737424,3.6799
5944,PRESTAMO,,1640.0,7.403061091090091,3.6401
5952,PRESTAMO,,5885.0,8.680331928793418,4.136
5991,PRESTAMO,,1272.0,7.149131598557407,3.5416
6030,PRESTAMO,,1177.0,7.071573364211532,3.5115
6034,PRESTAMO,,7742.0,8.954544488386723,4.2425
6040,PRESTAMO,,489.0,6.194405391104672,3.1709
6051,PRESTAMO,,7685.0,8.94715577112479,4.2396
6061,PRESTAMO,,429.0,6.063785208687608,3.1202
6062,PRESTAMO,,5356.0,8.58615939588096,4.0994
6075,PRESTAMO,,8499.0,9.047821442478408,4.2787
6083,PRESTAMO,,7518.0,8.925188429378027,4.2311
6097,PRESTAMO,,728.0,6.591673732008658,3.3251
6118,PRESTAMO,,7518.0,8.925188429378027,4.2311
6138,PRESTAMO,,2817.0,7.943782692458625,3.8501
6148,PRESTAMO,,2490.0,7.820439515262181,3.8022
6157,PRESTAMO,,5165.0,8.549853973655786,4.0853
6158,PRESTAMO,,5165.0,8.549853973655786,4.0853
6226,PRESTAMO,,6644.0,8.801619971147346,4.1831
6265,PRESTAMO,,3640.0,8.200013648175434,3.9495
6273,PRESTAMO,,3640.0,8.200013648175434,3.9495
6289,PRESTAMO,,1784.0,7.487173694213739,3.6728
6353,PRESTAMO,,1332.0,7.195187320178709,3.5594
6358,PRESTAMO,,5633.0,8.636574948436317,4.119
6363,PRESTAMO,,1459.0,7.286191714702382,3.5948
6397,PRESTAMO,,3017.0,8.012349639327795,3.8767
6400,PRESTAMO,,3017.0,8.012349639327795,3.8767
6425,PRESTAMO,,3057.0,8.025516386489008,3.8818
6434,PRESTAMO,,4589.0,8.431635303054591,4.0395
6440,PRESTAMO,,2881.0,7.966239776559467,3.8588
6453,PRESTAMO,,304.0,5.720311776607412,2.9869
6461,PRESTAMO,,4192.0,8.341171747170762,4.0043
6472,PRESTAMO,,3597.0,8.188133414510478,3.9449
6473,PRESTAMO,,6409.0,8.765614549914716,4.1691
6495,PRESTAMO,,8747.0,9.076580381796658,4.2898
6505,PRESTAMO,,3208.0,8.073714641109857,3.9005
6510,PRESTAMO,,3208.0,8.073714641109857,3.9005
6555,PRESTAMO,,5900.0,8.682877107057168,4.137
6592,PRESTAMO,,6511.0,8.781401907682376,4.1752
6609,PRESTAMO,,1671.0,7.421775793644647,3.6474
6649,PRESTAMO,,1671.0,7.421775793644647,3.6474
6678,PRESTAMO,,6133.0,8.721602344674197,4.152
6686,PRESTAMO,,4854.0,8.487764380725425,4.0612
6688,PRESTAMO,,638.0,6.459904454377535,3.274
6699,PRESTAMO,,2650.0,7.8826922062890254,3.8263
6701,PRESTAMO,,2650.0,7.8826922062890254,3.8263
6706,PRESTAMO,,1081.0,6.9865664594064265,3.4785
6715,PRESTAMO,,2298.0,7.740229524763182,3.771
6738,PRESTAMO,,3159.0,8.058327306580958,3.8945
6792,PRESTAMO,,1432.0,7.267525427828172,3.5875
6856,PRESTAMO,,3454.0,8.14757773620177,3.9292
6902,PRESTAMO,,1370.0,7.223295679562314,3.5704
6922,PRESTAMO,,5812.0,8.66785206770135,4.1312
6924,PRESTAMO,,4060.0,8.309184527686298,3.9919
6930,PRESTAMO,,1081.0,6.9865664594064265,3.4785
6950,PRESTAMO,,9910.0,9.201400530406708,4.3383
6985,PRESTAMO,,2688.0,7.896924656268864,3.8319
7045,PRESTAMO,,6015.0,8.702177865629675,4.1445
7049,PRESTAMO,,8253.0,9.018453210312527,4.2673
7052,PRESTAMO,,1777.0,7.48324441607385,3.6713
7082,PRESTAMO,,4045.0,8.305484017727691,3.9905
7099,PRESTAMO,,4882.0,8.49351506406166,4.0635
7123,PRESTAMO,,3918.0,8.273591798199632,3.9781
7133,PRESTAMO,,1352.0,7.210079628170788,3.5652
7136,PRESTAMO,,2059.0,7.630461261783627,3.7284
7156,PRESTAMO,,2062.0,7.631916513071252,3.729
7176,PRESTAMO,,3399.0,8.131530710604252,3.9229
7180,PRESTAMO,,4156.0,8.332548939252638,4.001
7181,PRESTAMO,,4156.0,8.332548939252638,4.001
7184,PRESTAMO,,6485.0,8.777401286867264,4.1737
7190,PRESTAMO,,1056.0,6.963189985870238,3.4694
7240,PRESTAMO,,2536.0,7.838737559599282,3.8093
7262,PRESTAMO,,1221.0,7.108244139731541,3.5257
7274,PRESTAMO,,4087.0,8.31581113188354,3.9945
7401,PRESTAMO,,3373.0,8.123854263105914,3.92
7418,PRESTAMO,,2523.0,7.8336002236611035,3.8073
7424,PRESTAMO,,2523.0,7.8336002236611035,3.8073
7437,PRESTAMO,,2307.0,7.744136627627991,3.7726
7445,PRESTAMO,,2307.0,7.744136627627991,3.7726
7454,PRESTAMO,,1319.0,7.1853870155804165,3.5556
7485,PRESTAMO,,3800.0,8.24301946898925,3.9662
7523,PRESTAMO,,8013.0,8.98894529119609,4.2558
7542,PRESTAMO,,9847.0,9.19502366786429,4.3358
7546,PRESTAMO,,3496.0,8.159660737063376,3.9339
7559,PRESTAMO,,1066.0,6.9726062513017535,3.473
7562,PRESTAMO,,6450.0,8.771990436532242,4.1716
7565,PRESTAMO,,3198.0,8.070593539949519,3.8993
7594,PRESTAMO,,2718.0,7.908019444632471,3.8362
7606,PRESTAMO,,3198.0,8.070593539949519,3.8993
7607,PRESTAMO,,1322.0,7.187657164114956,3.5565
7614,PRESTAMO,,6679.0,8.806873266530692,4.1851
7632,PRESTAMO,,3551.0,8.17526610411206,3.9399
7636,PRESTAMO,,3532.0,8.169902647359145,3.9378
7637,PRESTAMO,,8127.0,9.003070169818264,4.2613
7674,PRESTAMO,,3937.0,8.278428259199071,3.98
7713,PRESTAMO,,3674.0,8.209308411646937,3.9531
7721,PRESTAMO,,3788.0,8.239857411018601,3.965
7733,PRESTAMO,,5836.0,8.671972245203792,4.1328
7745,PRESTAMO,,2154.0,7.675546002537848,3.7459
7753,PRESTAMO,,2154.0,7.675546002537848,3.7459
7765,PRESTAMO,,2332.0,7.75491027202143,3.7767
7769,PRESTAMO,,4085.0,8.315321775377567,3.9943
7795,PRESTAMO,,6202.0,8.732788324973118,4.1564
7815,PRESTAMO,,7904.0,8.975250749643573,4.2505
7819,PRESTAMO,,434.0,6.075346031088684,3.1247
7824,PRESTAMO,,7904.0,8.975250749643573,4.2505
7844,PRESTAMO,,3816.0,8.247220052745229,3.9679
7857,PRESTAMO,,5676.0,8.644178203170727,4.122
7859,PRESTAMO,,6010.0,8.701346403039162,4.1442
7861,PRESTAMO,,607.0,6.410174881966167,3.2547
7890,PRESTAMO,,1653.0,7.4109518755836366,3.6432
7894,PRESTAMO,,4254.0,8.355850041007475,4.01
7907,PRESTAMO,,8116.0,9.001715906761175,4.2608
7926,PRESTAMO,,3505.0,8.16223106548118,3.9349
7957,PRESTAMO,,3575.0,8.182000136293405,3.9425
7965,PRESTAMO,,5955.0,8.6921543938039,4.1406
7966,PRESTAMO,,7888.0,8.97322466309509,4.2497
7990,PRESTAMO,,3020.0,8.013343181386672,3.8771
7997,PRESTAMO,,6694.0,8.809116258125274,4.186
8026,PRESTAMO,,3563.0,8.1786387885907,3.9412
8027,PRESTAMO,,6470.0,8.775085935057266,4.1728
8038,PRESTAMO,,1494.0,7.3098814858247865,3.604
8039,PRESTAMO,,3900.0,8.268988209506656,3.9763
8041,PRESTAMO,,3900.0,8.268988209506656,3.9763
8051,PRESTAMO,,4340.0,8.375860015299594,4.0178
8073,PRESTAMO,,4110.0,8.321421586897879,3.9967
8085,PRESTAMO,,4340.0,8.375860015299594,4.0178
8092,PRESTAMO,,935.0,6.841615476477592,3.4222
8094,PRESTAMO,,6123.0,8.719970756777574,4.1514
8114,PRESTAMO,,1655.0,7.412160334945205,3.6437
8127,PRESTAMO,,6495.0,8.778941881841513,4.1743
8129,PRESTAMO,,2076.0,7.638679823876112,3.7316
8158,PRESTAMO,,6631.0,8.79966169681513,4.1823
8159,PRESTAMO,,1241.0,7.124478262493424,3.532
8169,PRESTAMO,,1633.0,7.3987862754199485,3.6385
8173,PRESTAMO,,6695.0,8.80926561216931,4.1861
8225,PRESTAMO,,3017.0,8.012349639327795,3.8767
8260,PRESTAMO,,6239.0,8.738735461363474,4.1587
8261,PRESTAMO,,3660.0,8.205491613120236,3.9517
8268,PRESTAMO,,359.0,5.886104031450156,3.0512
8316,PRESTAMO,,5616.0,8.633552992532433,4.1178
8320,PRESTAMO,,5161.0,8.54907938027856,4.085
8321,PRESTAMO,,1484.0,7.3031700512368,3.6014
8327,PRESTAMO,,5161.0,8.54907938027856,4.085
8330,PRESTAMO,,319.0,5.768320995793772,3.0055
8377,PRESTAMO,,6951.0,8.846784666945227,4.2006
8381,PRESTAMO,,6951.0,8.846784666945227,4.2006
8405,PRESTAMO,,4437.0,8.39795910349254,4.0264
8411,PRESTAMO,,3677.0,8.210124405164267,3.9535
8475,PRESTAMO,,878.0,6.778784897685177,3.3978
8489,PRESTAMO,,7370.0,8.905308661189288,4.2233
8492,PRESTAMO,,1431.0,7.266827347520591,3.5873
8505,PRESTAMO,,3570.0,8.18060094759445,3.942
8519,PRESTAMO,,6224.0,8.736328721332908,4.1577
8523,PRESTAMO,,7753.0,8.955964118230874,4.243
8533,PRESTAMO,,3626.0,8.196161139282902,3.948
8547,PRESTAMO,,4806.0,8.47782846789396,4.0574
8558,PRESTAMO,,4806.0,8.47782846789396,4.0574
8564,PRESTAMO,,3195.0,8.069655306886165,3.8989
8566,PRESTAMO,,6395.0,8.763428073953845,4.1683
8625,PRESTAMO,,1971.0,7.586803535162581,3.7115
8639,PRESTAMO,,3094.0,8.037543185118697,3.8865
8645,PRESTAMO,,4015.0,8.298041661371565,3.9876
8680,PRESTAMO,,2381.0,7.775695749915245,3.7848
8688,PRESTAMO,,5665.0,8.642238680390461,4.1212
8713,PRESTAMO,,2845.0,7.953669778649798,3.8539
8742,PRESTAMO,,2762.0,7.924072324923417,3.8424
8772,PRESTAMO,,1839.0,7.517520850603031,3.6846
8776,PRESTAMO,,708.0,6.5638555265321274,3.3143
8784,PRESTAMO,,3098.0,8.038834757787749,3.887
8899,PRESTAMO,,2089.0,7.644919344958857,3.734
8919,PRESTAMO,,3171.0,8.06211758275474,3.896
8926,PRESTAMO,,9444.0,9.15324077993561,4.3196
8931,PRESTAMO,,3105.0,8.041091003708633,3.8878
8972,PRESTAMO,,938.0,6.844815479208263,3.4234
8982,PRESTAMO,,6330.0,8.753213480544126,4.1643
9006,PRESTAMO,,3883.0,8.264620829411216,3.9746
9017,PRESTAMO,,2088.0,7.644440761556566,3.7338
9024,PRESTAMO,,1472.0,7.29505641646263,3.5982
9030,PRESTAMO,,3242.0,8.084254106307318,3.9046
9031,PRESTAMO,,2088.0,7.644440761556566,3.7338
9034,PRESTAMO,,3179.0,8.064636475774222,3.897
9037,PRESTAMO,,6707.0,8.8110561229431,4.1867
9052,PRESTAMO,,2999.0,8.006367567650246,3.8744
9093,PRESTAMO,,3155.0,8.057060681965766,3.894
9104,PRESTAMO,,3585.0,8.184792654165078,3.9436
9138,PRESTAMO,,4537.0,8.420241665339788,4.035
9140,PRESTAMO,,334.0,5.814130531825066,3.0233
9153,PRESTAMO,,1451.0,7.280697195384741,3.5926
9156,PRESTAMO,,4537.0,8.420241665339788,4.035
9159,PRESTAMO,,1450.0,7.280008252884188,3.5924
9167,PRESTAMO,,4537.0,8.420241665339788,4.035
9179,PRESTAMO,,3584.0,8.184513753033722,3.9435
9188,PRESTAMO,,2118.0,7.6586995582682995,3.7394
9199,PRESTAMO,,2454.0,7.805882040228621,3.7965
9201,PRESTAMO,,5103.0,8.537779825024625,4.0807
9208,PRESTAMO,,3422.0,8.138272638530186,3.9256
9225,PRESTAMO,,3422.0,8.138272638530186,3.9256
9227,PRESTAMO,,3193.0,8.069029328774958,3.8987
9235,PRESTAMO,,1735.0,7.459338895220296,3.662
9236,PRESTAMO,,7218.0,8.88447171813916,4.2152
9241,PRESTAMO,,4754.0,8.46695197497949,4.0532
9242,PRESTAMO,,1932.0,7.566828479208331,3.7037
9263,PRESTAMO,,3298.0,8.101374671228582,3.9112
9265,PRESTAMO,,3298.0,8.101374671228582,3.9112
9307,PRESTAMO,,3492.0,8.158516244806831,3.9334
9337,PRESTAMO,,2172.0,7.6838639802564295,3.7492
9353,PRESTAMO,,7859.0,8.969541885423252,4.2483
9377,PRESTAMO,,4164.0,8.334471554600944,4.0017
9403,PRESTAMO,,3358.0,8.119398589612294,3.9182
9422,PRESTAMO,,7182.0,8.879472402074802,4.2133
9424,PRESTAMO,,2323.0,7.751045117971802,3.7752
9433,PRESTAMO,,1860.0,7.528869256642251,3.689
9455,PRESTAMO,,6246.0,8.73985662749357,4.1591
9472,PRESTAMO,,3033.0,8.017637159908478,3.8787
9491,PRESTAMO,,4698.0,8.455104999102815,4.0486
9493,PRESTAMO,,3931.0,8.276903481267057,3.9794
9494,PRESTAMO,,9736.0,9.183688340978756,4.3314
9504,PRESTAMO,,5688.0,8.646289764750648,4.1228
9510,PRESTAMO,,6341.0,8.754949455098293,4.165
9513,PRESTAMO,,1527.0,7.331714969726466,3.6124
9548,PRESTAMO,,962.0,6.870053411798126,3.4332
9560,PRESTAMO,,4363.0,8.381144346952961,4.0198
9583,PRESTAMO,,4363.0,8.381144346952961,4.0198
9591,PRESTAMO,,4363.0,8.381144346952961,4.0198
9627,PRESTAMO,,5091.0,8.535425959677298,4.0797
9631,PRESTAMO,,2477.0,7.815207062189088,3.8001
9633,PRESTAMO,,2477.0,7.815207062189088,3.8001
9640,PRESTAMO,,3184.0,8.066207568006265,3.8976
9645,PRESTAMO,,4893.0,8.495765244002618,4.0643
9646,PRESTAMO,,5814.0,8.668196064952765,4.1313
9656,PRESTAMO,,5814.0,8.668196064952765,4.1313
9673,PRESTAMO,,2450.0,7.804251383528112,3.7959
9677,PRESTAMO,,527.0,6.269096283706261,3.1999
9730,PRESTAMO,,1934.0,7.5678626054638825,3.7041
9731,PRESTAMO,,3161.0,8.058960017769417,3.8948
9750,PRESTAMO,,3161.0,8.058960017769417,3.8948
9790,PRESTAMO,,2791.0,7.934513463882263,3.8465
9814,PRESTAMO,,8014.0,8.989070065043654,4.2559
9828,PRESTAMO,,5275.0,8.570923513837204,4.0935
9833,PRESTAMO,,8136.0,9.004176840696656,4.2617
9859,PRESTAMO,,5010.0,8.519390774959724,4.0735
9869,PRESTAMO,,5526.0,8.617400451833262,4.1116
9897,PRESTAMO,,3014.0,8.011355109161286,3.8763
9928,PRESTAMO,,1489.0,7.306531398939505,3.6027
10001,PRESTAMO,,529.0,6.272877006546167,3.2014
10005,PRESTAMO,,5854.0,8.675051276031818,4.1339
10019,PRESTAMO,,5415.0,8.59711281459211,4.1037
10022,PRESTAMO,,4543.0,8.421562960400987,4.0355
10049,PRESTAMO,,7636.0,8.940760134888384,4.2371
10063,PRESTAMO,,6484.0,8.777247096750544,4.1736
10065,PRESTAMO,,6484.0,8.777247096750544,4.1736
10068,PRESTAMO,,6484.0,8.777247096750544,4.1736
10079,PRESTAMO,,2785.0,7.932362154339751,3.8456
10093,PRESTAMO,,6436.0,8.769817872052617,4.1707
10105,PRESTAMO,,5079.0,8.533066540572527,4.0788
10131,PRESTAMO,,5983.0,8.696844519654313,4.1424
10134,PRESTAMO,,5682.0,8.645234541297121,4.1224
10148,PRESTAMO,,1842.0,7.519149957669823,3.6852
10202,PRESTAMO,,6363.0,8.758412389457677,4.1663
10215,PRESTAMO,,1846.0,7.52131798019924,3.686
10233,PRESTAMO,,3986.0,8.290794347381356,3.9848
10243,PRESTAMO,,3151.0,8.05579245097777,3.8935
10257,PRESTAMO,,3151.0,8.05579245097777,3.8935
10266,PRESTAMO,,3151.0,8.05579245097777,3.8935
10280,PRESTAMO,,5802.0,8.666130304190608,4.1305
10297,PRESTAMO,,8771.0,9.079320109537779,4.2909
10320,PRESTAMO,,4329.0,8.373322820996535,4.0168
10345,PRESTAMO,,2605.0,7.8655717576847906,3.8197
10351,PRESTAMO,,1848.0,7.522400231387125,3.6865
10361,PRESTAMO,,7240.0,8.88751459738882,4.2164
10364,PRESTAMO,,609.0,6.413458957167357,3.256
10365,PRESTAMO,,7240.0,8.88751459738882,4.2164
10404,PRESTAMO,,3238.0,8.08301991917133,3.9041
10411,PRESTAMO,,5142.0,8.545391845774915,4.0836
10436,PRESTAMO,,1511.0,7.321188556739478,3.6084
10439,PRESTAMO,,6315.0,8.750841375375533,4.1634
10440,PRESTAMO,,1000.0,6.90875477931522,3.4482
10445,PRESTAMO,,1951.0,7.5766097669730375,3.7075
10451,PRESTAMO,,8049.0,8.99342737041261,4.2575
10478,PRESTAMO,,5575.0,8.62622695244036,4.115
10493,PRESTAMO,,5575.0,8.62622695244036,4.115
10520,PRESTAMO,,6960.0,8.848078421168667,4.2011
10613,PRESTAMO,,5204.0,8.557374981049069,4.0883
10630,PRESTAMO,,8260.0,9.019300924562506,4.2676
10644,PRESTAMO,,7499.0,8.922658299524402,4.2301
10645,PRESTAMO,,5787.0,8.663542087751374,4.1295
10650,PRESTAMO,,4088.0,8.316055720364643,3.9946
10652,PRESTAMO,,3810.0,8.24564690087386,3.9672
10663,PRESTAMO,,7223.0,8.88516409509682,4.2155
10679,PRESTAMO,,8242.0,9.017119634313227,4.2667
10711,PRESTAMO,,403.0,6.0014148779611505,3.096
10728,PRESTAMO,,3222.0,8.078067881815437,3.9022
10738,PRESTAMO,,3222.0,8.078067881815437,3.9022
10762,PRESTAMO,,1912.0,7.556427969440253,3.6997
10774,PRESTAMO,,7066.0,8.863191340690854,4.207
10788,PRESTAMO,,3814.0,8.246695943718557,3.9677
10789,PRESTAMO,,3814.0,8.246695943718557,3.9677
10799,PRESTAMO,,519.0,6.253828811575473,3.194
10807,PRESTAMO,,5622.0,8.634620608292202,4.1183
10812,PRESTAMO,,2931.0,7.983440063006542,3.8655
10857,PRESTAMO,,6426.0,8.768263145371286,4.1701
10884,PRESTAMO,,3154.0,8.056743774975313,3.8939
10905,PRESTAMO,,1190.0,7.0825485693553,3.5157
10911,PRESTAMO,,3647.0,8.201934351194222,3.9503
10915,PRESTAMO,,2541.0,7.8407064517494,3.81
10940,PRESTAMO,,5493.0,8.611411866655219,4.1092
10942,PRESTAMO,,5242.0,8.564649132572534,4.0911
10954,PRESTAMO,,312.0,5.746203190540153,2.9969
10963,PRESTAMO,,3217.0,8.076515327552329,3.9016
10973,PRESTAMO,,3217.0,8.076515327552329,3.9016
11013,PRESTAMO,,4579.0,8.429454277108231,4.0386
11021,PRESTAMO,,7041.0,8.859647499714997,4.2056
11027,PRESTAMO,,2004.0,7.60339933974067,3.7179
11042,PRESTAMO,,6032.0,8.704999678440762,4.1456
11054,PRESTAMO,,2482.0,7.817222785508166,3.8009
11065,PRESTAMO,,1445.0,7.27655640271871,3.591
11069,PRESTAMO,,2482.0,7.817222785508166,3.8009
11079,PRESTAMO,,8192.0,9.011035410141815,4.2644
11096,PRESTAMO,,3555.0,8.176391596633795,3.9404
11111,PRESTAMO,,3004.0,8.008032846969307,3.875
11135,PRESTAMO,,5073.0,8.531884740159228,4.0784
11138,PRESTAMO,,3745.0,8.228443883004033,3.9606
11141,PRESTAMO,,3745.0,8.228443883004033,3.9606
11186,PRESTAMO,,6541.0,8.785998208098329,4.177
11231,PRESTAMO,,7440.0,8.914760527397261,4.227
11244,PRESTAMO,,6490.0,8.778171881033469,4.174
11265,PRESTAMO,,4399.0,8.389359819906353,4.023
11271,PRESTAMO,,1870.0,7.534228326274089,3.6911
11317,PRESTAMO,,5291.0,8.573951525234847,4.0947
11327,PRESTAMO,,1632.0,7.398174092970465,3.6382
11328,PRESTAMO,,4674.0,8.449984441722787,4.0466
11349,PRESTAMO,,6998.0,8.85352256068954,4.2032
11359,PRESTAMO,,4502.0,8.412499120301572,4.032
11362,PRESTAMO,,5392.0,8.592857095337227,4.102
10,LEASING,,1344.0,7.20414929203594,3.5629
30,LEASING,,2480.0,7.816416983691801,3.8006
34,LEASING,,1479.0,7.299797366758161,3.6001
66,LEASING,,4471.0,8.405591014834934,4.0293
72,LEASING,,2923.0,7.980707820869669,3.8644
77,LEASING,,1709.0,7.444248649496705,3.6561
84,LEASING,,1709.0,7.444248649496705,3.6561
85,LEASING,,1792.0,7.491645473605133,3.6745
96,LEASING,,4422.0,8.394573477868327,4.0251
116,LEASING,,927.0,6.833031732786201,3.4188
120,LEASING,,1899.0,7.549609165154532,3.697
125,LEASING,,4422.0,8.394573477868327,4.0251
133,LEASING,,3094.0,8.037543185118697,3.8865
141,LEASING,,3017.0,8.012349639327795,3.8767
169,LEASING,,696.0,6.546785410760524,3.3077
184,LEASING,,1623.0,7.392647520721623,3.6361
191,LEASING,,4421.0,8.394347361417392,4.025
211,LEASING,,2394.0,7.781138509845015,3.7869
217,LEASING,,653.0,6.483107351457199,3.283
218,LEASING,,3182.0,8.065579427282092,3.8973
222,LEASING,,3441.0,8.143807976771484,3.9277
240,LEASING,,1050.0,6.957497370876951,3.4672
243,LEASING,,1041.0,6.948897222313312,3.4638
248,LEASING,,2485.0,7.818430272070656,3.8014
257,LEASING,,3817.0,8.247482004285693,3.968
266,LEASING,,4975.0,8.512381634419015,4.0708
273,LEASING,,1320.0,7.186144304522325,3.5559
277,LEASING,,2682.0,7.894690850425624,3.831
278,LEASING,,676.0,6.517671272912275,3.2964
280,LEASING,,957.0,6.86484777797086,3.4312
285,LEASING,,667.0,6.504288173536645,3.2912
291,LEASING,,1942.0,7.57198844937744,3.7057
308,LEASING,,1284.0,7.158513997329321,3.5452
365,LEASING,,1766.0,7.4770384723196965,3.6689
368,LEASING,,1071.0,6.977281341630747,3.4748
384,LEASING,,2304.0,7.742835955430749,3.772
395,LEASING,,828.0,6.720220155135295,3.3751
399,LEASING,,3091.0,8.036573409707312,3.8861
405,LEASING,,1339.0,7.200424892944957,3.5615
441,LEASING,,4473.0,8.406038142050075,4.0295
447,LEASING,,554.0,6.318968113746434,3.2193
456,LEASING,,4783.0,8.473032295630468,4.0555
458,LEASING,,1031.0,6.939253946041508,3.4601
465,LEASING,,1279.0,7.154615356913663,3.5437
480,LEASING,,827.0,6.71901315438526,3.3746
485,LEASING,,2630.0,7.875119281040293,3.8234
494,LEASING,,2630.0,7.875119281040293,3.8234
500,LEASING,,2630.0,7.875119281040293,3.8234
503,LEASING,,1746.0,7.465655310134056,3.6644
511,LEASING,,2630.0,7.875119281040293,3.8234
568,LEASING,,1408.0,7.25063551189868,3.581
572,LEASING,,1413.0,7.254177846456518,3.5823
573,LEASING,,2249.0,7.718685495198466,3.7627
617,LEASING,,2607.0,7.866338923046544,3.82
625,LEASING,,2607.0,7.866338923046544,3.82
627,LEASING,,554.0,6.318968113746434,3.2193
649,LEASING,,3430.0,8.14060704285845,3.9265
685,LEASING,,3847.0,8.255308811785596,3.971
689,LEASING,,3847.0,8.255308811785596,3.971
690,LEASING,,1749.0,7.4673710669175595,3.6651
712,LEASING,,3847.0,8.255308811785596,3.971
728,LEASING,,1863.0,7.530479995245536,3.6896
805,LEASING,,1424.0,7.261927092702751,3.5854
851,LEASING,,2090.0,7.645397699428633,3.7342
863,LEASING,,4433.0,8.397057390176256,4.026
874,LEASING,,1642.0,7.404279118037268,3.6406
880,LEASING,,1690.0,7.43307534889858,3.6518
899,LEASING,,1627.0,7.395107546562485,3.6371
925,LEASING,,1068.0,6.974478911025045,3.4738
1005,LEASING,,3302.0,8.10258642539079,3.9117
1031,LEASING,,551.0,6.313548046277095,3.2172
1040,LEASING,,2342.0,7.759187438507795,3.7784
1056,LEASING,,2532.0,7.837159650001675,3.8087
1074,LEASING,,1416.0,7.256297239690681,3.5832
1124,LEASING,,4814.0,8.479491324232226,4.058
1136,LEASING,,3082.0,8.03365842788615,3.8849
1139,LEASING,,3082.0,8.03365842788615,3.8849
1170,LEASING,,2279.0,7.731930721948486,3.7678
1182,LEASING,,1663.0,7.416979621381154,3.6455
1207,LEASING,,1110.0,7.01301578963963,3.4887
1218,LEASING,,3213.0,8.075271546297458,3.9011
1221,LEASING,,3213.0,8.075271546297458,3.9011
1230,LEASING,,3213.0,8.075271546297458,3.9011
1231,LEASING,,665.0,6.501289670540389,3.2901
1272,LEASING,,1246.0,7.1284959456800365,3.5335
1304,LEASING,,2369.0,7.7706452341291765,3.7828
1309,LEASING,,2600.0,7.8636512654486515,3.8189
1321,LEASING,,636.0,6.456769655572163,3.2728
1328,LEASING,,3250.0,8.086717920303906,3.9055
1342,LEASING,,1079.0,6.984716320118266,3.4777
1350,LEASING,,1079.0,6.984716320118266,3.4777
1380,LEASING,,1200.0,7.0909098220799835,3.519
1404,LEASING,,2121.0,7.660114319173928,3.7399
1416,LEASING,,3688.0,8.213110697596676,3.9546
1432,LEASING,,3267.0,8.091933455979893,3.9076
1453,LEASING,,1251.0,7.132497551660044,3.5351
1456,LEASING,,1251.0,7.132497551660044,3.5351
1461,LEASING,,4217.0,8.34711636103872,4.0066
1485,LEASING,,1018.0,6.926577033222725,3.4552
1490,LEASING,,1658.0,7.413970290190444,3.6444
1508,LEASING,,1658.0,7.413970290190444,3.6444
1511,LEASING,,1658.0,7.413970290190444,3.6444
1540,LEASING,,1164.0,7.060476365999801,3.5071
1552,LEASING,,1021.0,6.92951677076365,3.4563
1558,LEASING,,1384.0,7.233455418621439,3.5743
1560,LEASING,,1137.0,7.037027614686276,3.498
1568,LEASING,,1627.0,7.395107546562485,3.6371
1632,LEASING,,1978.0,7.590346945602565,3.7128
1641,LEASING,,1978.0,7.590346945602565,3.7128
1651,LEASING,,1582.0,7.367077059881012,3.6262
1660,LEASING,,2373.0,7.772331575169614,3.7835
1684,LEASING,,2123.0,7.66105638236183,3.7403
1693,LEASING,,2482.0,7.817222785508166,3.8009
1701,LEASING,,4425.0,8.395251520610994,4.0253
1707,LEASING,,1197.0,7.088408778675395,3.518
1733,LEASING,,3126.0,8.047829357457841,3.8905
1749,LEASING,,4561.0,8.425516402844334,4.0371
1793,LEASING,,1345.0,7.204892510204673,3.5632
1805,LEASING,,2693.0,7.898782356970309,3.8326
1828,LEASING,,2395.0,7.78155595923534,3.7871
1832,LEASING,,2072.0,7.636752112435779,3.7309
1838,LEASING,,2072.0,7.636752112435779,3.7309
1895,LEASING,,1792.0,7.491645473605133,3.6745
1896,LEASING,,1792.0,7.491645473605133,3.6745
1897,LEASING,,1792.0,7.491645473605133,3.6745
1904,LEASING,,1116.0,7.018401799069201,3.4908
1938,LEASING,,586.0,6.375024819828097,3.241
1996,LEASING,,2396.0,7.781973234434385,3.7872
2003,LEASING,,2127.0,7.662937850461535,3.741
2044,LEASING,,861.0,6.759255270663693,3.3902
2048,LEASING,,1017.0,6.925595197110468,3.4548
2052,LEASING,,1799.0,7.495541943884256,3.676
2087,LEASING,,4620.0,8.438366410870266,4.0421
2111,LEASING,,4620.0,8.438366410870266,4.0421
2137,LEASING,,1959.0,7.580699752224563,3.7091
2147,LEASING,,1341.0,7.201916317531627,3.5621
2169,LEASING,,1530.0,7.333676395657684,3.6132
2192,LEASING,,1852.0,7.52456122628536,3.6873
2200,LEASING,,397.0,5.986452005284438,3.0902
2214,LEASING,,948.0,6.855408798609928,3.4275
2216,LEASING,,4705.0,8.456593569287309,4.0491
2219,LEASING,,4104.0,8.31996102188653,3.9961
2222,LEASING,,4104.0,8.31996102188653,3.9961
2224,LEASING,,2324.0,7.751475318021456,3.7754
2240,LEASING,,2324.0,7.751475318021456,3.7754
2254,LEASING,,4349.0,8.37793112408273,4.0186
2269,LEASING,,512.0,6.240275845170769,3.1887
2321,LEASING,,1158.0,7.055312843339752,3.5051
2338,LEASING,,1208.0,7.097548850614793,3.5215
2384,LEASING,,4282.0,8.36240897761537,4.0126
2385,LEASING,,1305.0,7.174724309836376,3.5515
2390,LEASING,,2353.0,7.763871287820222,3.7802
2393,LEASING,,1253.0,7.134093721192866,3.5357
2431,LEASING,,1502.0,7.315218389752975,3.606
2435,LEASING,,1634.0,7.399398083331354,3.6387
2444,LEASING,,2932.0,7.983781068977451,3.8656
2460,LEASING,,435.0,6.077642243349034,3.1256
2464,LEASING,,2592.0,7.860570785538664,3.8178
2472,LEASING,,1233.0,7.1180162044653335,3.5295
2480,LEASING,,3022.0,8.014004994779459,3.8773
2482,LEASING,,1721.0,7.451241684987676,3.6588
2487,LEASING,,1557.0,7.351158226430694,3.62
2495,LEASING,,856.0,6.75343791859778,3.3879
2497,LEASING,,1871.0,7.534762657037537,3.6913
2498,LEASING,,1798.0,7.4949862339505335,3.6758
2527,LEASING,,2323.0,7.751045117971802,3.7752
2546,LEASING,,4897.0,8.496582237512113,4.0647
2551,LEASING,,2390.0,7.779466967458324,3.7863
2583,LEASING,,415.0,6.030685260261263,3.1074
2594,LEASING,,1189.0,7.081708586105575,3.5154
2607,LEASING,,1570.0,7.359467638255621,3.6232
2609,LEASING,,4882.0,8.49351506406166,4.0635
2612,LEASING,,2260.0,7.72356247227797,3.7646
2625,LEASING,,1922.0,7.56164174558878,3.7017
2628,LEASING,,3090.0,8.036249942132116,3.886
2645,LEASING,,725.0,6.587550014824796,3.3235
2646,LEASING,,3006.0,8.008698182988528,3.8753
2651,LEASING,,3593.0,8.187021067343505,3.9445
2655,LEASING,,2216.0,7.7039102096163115,3.7569
2678,LEASING,,3793.0,8.24117615049496,3.9655
2681,LEASING,,1560.0,7.353081920515432,3.6207
2711,LEASING,,871.0,6.77078942390898,3.3947
2732,LEASING,,1565.0,7.356279876550748,3.622
2763,LEASING,,4191.0,8.340933226000878,4.0042
2771,LEASING,,1479.0,7.299797366758161,3.6001
2775,LEASING,,3456.0,8.148156439921625,3.9294
2782,LEASING,,2603.0,7.86480400332846,3.8194
2803,LEASING,,1904.0,7.552237287560802,3.6981
2811,LEASING,,1981.0,7.591861714889934,3.7134
2818,LEASING,,1194.0,7.085901464365611,3.517
2827,LEASING,,1756.0,7.471363088187097,3.6667
2838,LEASING,,2802.0,7.938445551164788,3.848
2840,LEASING,,3557.0,8.17695386822578,3.9406
2858,LEASING,,500.0,6.2166061010848646,3.1795
2882,LEASING,,4441.0,8.398860004454372,4.0267
2889,LEASING,,3292.0,8.099554282376364,3.9105
2891,LEASING,,1756.0,7.471363088187097,3.6667
2894,LEASING,,3736.0,8.226038429485484,3.9596
2911,LEASING,,1051.0,6.9584483932976555,3.4675
2927,LEASING,,2025.0,7.613818684808629,3.722
2929,LEASING,,3658.0,8.204945165019208,3.9514
2932,LEASING,,3658.0,8.204945165019208,3.9514
2938,LEASING,,3658.0,8.204945165019208,3.9514
2953,LEASING,,1515.0,7.323830566202317,3.6094
2971,LEASING,,3555.0,8.176391596633795,3.9404
2972,LEASING,,3555.0,8.176391596633795,3.9404
2977,LEASING,,1727.0,7.454719949364001,3.6602
3014,LEASING,,4187.0,8.339978571990427,4.0039
3048,LEASING,,4631.0,8.440744019252831,4.043
3052,LEASING,,4145.0,8.329899292995725,4.0
3090,LEASING,,4225.0,8.349011198176003,4.0074
3141,LEASING,,1087.0,6.992096427415888,3.4806
3156,LEASING,,1087.0,6.992096427415888,3.4806
3163,LEASING,,2222.0,7.706612913964197,3.758
3216,LEASING,,1951.0,7.5766097669730375,3.7075
3217,LEASING,,1951.0,7.5766097669730375,3.7075
3220,LEASING,,1882.0,7.5406215286571525,3.6935
3227,LEASING,,1721.0,7.451241684987676,3.6588
3240,LEASING,,1951.0,7.5766097669730375,3.7075
3253,LEASING,,1951.0,7.5766097669730375,3.7075
3258,LEASING,,1646.0,7.4067107301776405,3.6416
3269,LEASING,,1951.0,7.5766097669730375,3.7075
3311,LEASING,,4672.0,8.449556542700426,4.0464
3330,LEASING,,3652.0,8.203304026795282,3.9508
3364,LEASING,,3652.0,8.203304026795282,3.9508
3370,LEASING,,2386.0,7.77779262633883,3.7856
3391,LEASING,,620.0,6.431331081933479,3.2629
3402,LEASING,,1197.0,7.088408778675395,3.518
3424,LEASING,,1379.0,7.22983877815125,3.5729
3467,LEASING,,2274.0,7.729735331385051,3.767
3468,LEASING,,1629.0,7.396335293800808,3.6375
3555,LEASING,,2055.0,7.628517626575055,3.7277
3566,LEASING,,479.0,6.173786103901937,3.1629
3567,LEASING,,4374.0,8.383661798791715,4.0208
3584,LEASING,,3383.0,8.126813720726114,3.9211
3597,LEASING,,3383.0,8.126813720726114,3.9211
3612,LEASING,,819.0,6.709304340258298,3.3708
3614,LEASING,,3383.0,8.126813720726114,3.9211
3632,LEASING,,2544.0,7.841885928984623,3.8105
3634,LEASING,,4851.0,8.48714627006394,4.061
3665,LEASING,,3395.0,8.130353547431238,3.9225
3689,LEASING,,4610.0,8.436200032206706,4.0412
3696,LEASING,,1133.0,7.033506484287697,3.4967
3702,LEASING,,418.0,6.037870919922137,3.1102
3717,LEASING,,1558.0,7.351799869057777,3.6202
3743,LEASING,,885.0,6.786716950605081,3.4009
3746,LEASING,,1333.0,7.195937226475569,3.5597
3755,LEASING,,2956.0,7.9919305198524775,3.8687
3760,LEASING,,2948.0,7.989221408815276,3.8677
3771,LEASING,,1152.0,7.050122520269059,3.5031
3778,LEASING,,1515.0,7.323830566202317,3.6094
3787,LEASING,,1953.0,7.577633832602728,3.7079
3815,LEASING,,3162.0,8.059276223305648,3.8949
3837,LEASING,,1378.0,7.229113877793302,3.5726
3839,LEASING,,3072.0,8.030409562130485,3.8837
3860,LEASING,,1249.0,7.1308988302963465,3.5345
3869,LEASING,,1249.0,7.1308988302963465,3.5345
3885,LEASING,,1176.0,7.0707241072602764,3.5111
3901,LEASING,,932.0,6.838405200847344,3.4209
3933,LEASING,,1616.0,7.388327859577107,3.6344
3935,LEASING,,1184.0,7.077498053569231,3.5138
3950,LEASING,,1185.0,7.078341579557671,3.5141
3959,LEASING,,1681.0,7.427738840532894,3.6497
3987,LEASING,,1526.0,7.3310603052186325,3.6122
4003,LEASING,,3816.0,8.247220052745229,3.9679
4010,LEASING,,1824.0,7.509335266016592,3.6814
4013,LEASING,,1003.0,6.911747300251674,3.4494
4026,LEASING,,2620.0,7.8713112033234065,3.8219
4047,LEASING,,2988.0,8.002694162283937,3.8729
4066,LEASING,,3225.0,8.078998258685154,3.9026
4071,LEASING,,1078.0,6.983789965258135,3.4774
4088,LEASING,,4236.0,8.351610750626559,4.0084
4091,LEASING,,907.0,6.811244378601294,3.4104
4131,LEASING,,2520.0,7.83241092718792,3.8068
4134,LEASING,,1171.0,7.066466970136958,3.5095
4143,LEASING,,1896.0,7.5480289699350145,3.6964
4150,LEASING,,1273.0,7.149916836132109,3.5419
4171,LEASING,,2612.0,7.868254265520613,3.8207
4186,LEASING,,894.0,6.796823718274855,3.4048
4237,LEASING,,1961.0,7.581719640125308,3.7095
4245,LEASING,,1663.0,7.416979621381154,3.6455
4253,LEASING,,4125.0,8.325063693631197,3.9981
4266,LEASING,,507.0,6.230481447578482,3.1849
4273,LEASING,,2895.0,7.971085753505607,3.8607
4276,LEASING,,2895.0,7.971085753505607,3.8607
4318,LEASING,,4610.0,8.436200032206706,4.0412
4330,LEASING,,4610.0,8.436200032206706,4.0412
4332,LEASING,,4610.0,8.436200032206706,4.0412
4336,LEASING,,4556.0,8.424419791263883,4.0366
4346,LEASING,,2329.0,7.753623546559746,3.7762
4352,LEASING,,506.0,6.2285110035911835,3.1842
4356,LEASING,,1003.0,6.911747300251674,3.4494
4358,LEASING,,2542.0,7.841099765422119,3.8102
4377,LEASING,,4788.0,8.47407690034261,4.0559
4383,LEASING,,1540.0,7.340186835320115,3.6157
4386,LEASING,,1590.0,7.372118028337787,3.6281
4408,LEASING,,3780.0,8.237743803890933,3.9642
4418,LEASING,,881.0,6.782192056006791,3.3991
4424,LEASING,,720.0,6.580639137284949,3.3209
4434,LEASING,,2314.0,7.747164966520335,3.7737
4438,LEASING,,658.0,6.490723534502507,3.286
4442,LEASING,,1502.0,7.315218389752975,3.606
4471,LEASING,,3029.0,8.016317898503415,3.8782
4475,LEASING,,1692.0,7.4342573821331355,3.6523
4478,LEASING,,707.0,6.56244409369372,3.3138
4511,LEASING,,798.0,6.683360945766275,3.3607
4537,LEASING,,1352.0,7.210079628170788,3.5652
4753,LEASING,,1271.0,7.148345743900068,3.5413
5065,LEASING,,1541.0,7.340835554123275,3.616
5372,LEASING,,2612.0,7.868254265520613,3.8207
5423,LEASING,,1394.0,7.240649694255466,3.5771
5483,LEASING,,1307.0,7.176254532017144,3.5521
5505,LEASING,,2908.0,7.975564658495202,3.8624
5546,LEASING,,2537.0,7.839131648274333,3.8094
5661,LEASING,,1654.0,7.411556287811163,3.6434
5692,LEASING,,1654.0,7.411556287811163,3.6434
5740,LEASING,,2907.0,7.97522083865341,3.8623
5817,LEASING,,3849.0,8.25582842728183,3.9712
5868,LEASING,,1762.0,7.47477218239787,3.668
6511,LEASING,,1925.0,7.563200592358071,3.7023
6806,LEASING,,2429.0,7.795646536334594,3.7925
6910,LEASING,,2392.0,7.780303087908373,3.7866
7231,LEASING,,2283.0,7.7336835707759,3.7685
7465,LEASING,,1061.0,6.967909201801884,3.4712
7487,LEASING,,2280.0,7.732369222284388,3.768
7618,LEASING,,2362.0,7.767687277186908,3.7817
7774,LEASING,,1002.0,6.910750787961936,3.449
8153,LEASING,,1994.0,7.598399329323964,3.716
8212,LEASING,,1280.0,7.155396301896734,3.544
8341,LEASING,,1303.0,7.1731917424865985,3.5509
8759,LEASING,,1562.0,7.354362330421477,3.6212
8896,LEASING,,2475.0,7.814399633804487,3.7998
8957,LEASING,,1209.0,7.098375638590786,3.5219
8998,LEASING,,3798.0,8.242493153187626,3.966
9703,LEASING,,2467.0,7.811163385025279,3.7986
9707,LEASING,,3112.0,8.043342170441608,3.8887
9883,LEASING,,2769.0,7.926602599181384,3.8434
10036,LEASING,,4730.0,8.461891875631148,4.0512
10904,LEASING,,538.0,6.289715570908998,3.2079
11053,LEASING,,3619.0,8.194229304819817,3.9473
11333,LEASING,,3287.0,8.098034756176071,3.9099
