id_cuenta,id_cliente,arquetipo,recomendacion_1,recomendacion_2,recomendacion_3,prestamo_cuota_maxima,prestamo_monto_maximo_36m
1,1,Bohemia - Joven (<30),TRANSF_SALIENTE,RETIRO_TARJETA,PRESTAMO,911.66,32820.0
2,2,Praga - Adulto Mayor (>50),PENSION,TRANSF_SALIENTE,RETIRO_TARJETA,,
3,4,Bohemia - Adulto (30-50),INGRESO_TRANSF,RETIRO_TARJETA,PRESTAMO,1537.49,55350.0
4,6,Bohemia - Adulto Mayor (>50),TRANSF_SALIENTE,RETIRO_TARJETA,INGRESO_TRANSF,,
5,7,Bohemia - Adulto Mayor (>50),TRANSF_SALIENTE,RETIRO_TARJETA,INGRESO_TRANSF,,
6,8,Bohemia - Adulto Mayor (>50),TRANSF_SALIENTE,RETIRO_TARJETA,INGRESO_TRANSF,,
7,9,Moravia - Adulto Mayor (>50),PENSION,TRANSF_SALIENTE,INGRESO_TRANSF,,
8,10,Moravia - Adulto Mayor (>50),PENSION,INGRESO_TRANSF,PRESTAMO,2668.71,96073.0
9,12,Bohemia - Joven (<30),SERVICIOS_HOGAR,TRANSF_SALIENTE,RETIRO_TARJETA,,
10,13,Moravia - Joven (<30),TRANSF_SALIENTE,INGRESO_TRANSF,RETIRO_TARJETA,,
11,14,Moravia - Adulto Mayor (>50),PENSION,TRANSF_SALIENTE,PRESTAMO,1586.57,57117.0
12,15,Bohemia - Adulto Mayor (>50),TRANSF_SALIENTE,RETIRO_TARJETA,INGRESO_TRANSF,,
13,17,Moravia - Adulto Mayor (>50),TRANSF_SALIENTE,INGRESO_TRANSF,PRESTAMO,861.87,31027.0
14,19,Bohemia - Adulto Mayor (>50),PENSION,TRANSF_SALIENTE,INGRESO_TRANSF,,
15,20,Bohemia - Joven (<30),TRANSF_SALIENTE,RETIRO_TARJETA,INGRESO_TRANSF,,
16,21,Bohemia - Adulto (30-50),SERVICIOS_HOGAR,TRANSF_SALIENTE,INGRESO_TRANSF,,
17,22,Praga - Joven (<30),TRANSF_SALIENTE,RETIRO_TARJETA,INGRESO_TRANSF,,
18,24,Bohemia - Adulto Mayor (>50),SERVICIOS_HOGAR,PENSION,TRANSF_SALIENTE,,
19,25,Bohemia - Adulto Mayor (>50),PENSION,TRANSF_SALIENTE,RETIRO_TARJETA,,
20,26,Moravia - Joven (<30),TRANSF_SALIENTE,RETIRO_TARJETA,PRESTAMO,889.43,32020.0
21,27,Moravia - Adulto (30-50),TRANSF_SALIENTE,INGRESO_TRANSF,PRESTAMO,2011.32,72407.0
22,28,Praga - Adulto Mayor (>50),PENSION,TRANSF_SALIENTE,RETIRO_TARJETA,,
23,29,Bohemia - Adulto (30-50),TRANSF_SALIENTE,INGRESO_TRANSF,RETIRO_TARJETA,,
24,30,Moravia - Adulto (30-50),INGRESO_TRANSF,PRESTAMO,RETIRO_TARJETA,1578.19,56815.0
25,31,Moravia - Adulto (30-50),INGRESO_TRANSF,RETIRO_TARJETA,LEASING,,
26,32,Bohemia - Joven (<30),TRANSF_SALIENTE,RETIRO_TARJETA,PRESTAMO,1873.17,67434.0
27,33,Moravia - Adulto Mayor (>50),PENSION,TRANSF_SALIENTE,INGRESO_TRANSF,,
29,36,Bohemia - Joven (<30),RETIRO_TARJETA,INGRESO_TRANSF,PRESTAMO,1831.43,65932.0
30,38,Bohemia - Joven (<30),SERVICIOS_HOGAR,TRANSF_SALIENTE,RETIRO_TARJETA,,
31,39,Moravia - Adulto (30-50),TRANSF_SALIENTE,INGRESO_TRANSF,PRESTAMO,3274.4,117878.0
32,40,Bohemia - Adulto (30-50),SERVICIOS_HOGAR,TRANSF_SALIENTE,INGRESO_TRANSF,,
33,41,Bohemia - Adulto (30-50),TRANSF_SALIENTE,INGRESO_TRANSF,PRESTAMO,4123.24,148437.0
34,42,Moravia - Adulto Mayor (>50),PENSION,PRESTAMO,SEGURO,3076.63,110759.0
35,43,Moravia - Adulto Mayor (>50),TRANSF_SALIENTE,INGRESO_TRANSF,PRESTAMO,1136.14,40901.0
36,44,Bohemia - Joven (<30),TRANSF_SALIENTE,RETIRO_TARJETA,INGRESO_TRANSF,,
37,45,Bohemia - Adulto (30-50),INGRESO_TRANSF,RETIRO_TARJETA,LEASING,,
38,46,Bohemia - Adulto Mayor (>50),PENSION,RETIRO_TARJETA,LEASING,,
39,47,Moravia - Adulto Mayor (>50),TRANSF_SALIENTE,INGRESO_TRANSF,PRESTAMO,1420.33,51132.0
40,48,Bohemia - Adulto Mayor (>50),PENSION,RETIRO_TARJETA,INGRESO_TRANSF,,
41,49,Moravia - Adulto (30-50),SERVICIOS_HOGAR,TRANSF_SALIENTE,INGRESO_TRANSF,,
42,50,Bohemia - Joven (<30),RETIRO_TARJETA,INGRESO_TRANSF,PRESTAMO,1657.8,59681.0
43,51,Bohemia - Joven (<30),TRANSF_SALIENTE,INGRESO_TRANSF,PRESTAMO,3471.14,124961.0
44,52,Bohemia - Adulto Mayor (>50),TRANSF_SALIENTE,RETIRO_TARJETA,INGRESO_TRANSF,,
45,53,Moravia - Joven (<30),SERVICIOS_HOGAR,TRANSF_SALIENTE,INGRESO_TRANSF,,
47,55,Bohemia - Adulto Mayor (>50),PENSION,RETIRO_TARJETA,PRESTAMO,2572.93,92626.0
48,56,Bohemia - Adulto (30-50),INGRESO_TRANSF,PRESTAMO,SEGURO,2835.21,102067.0
49,58,Praga - Adulto Mayor (>50),TRANSF_SALIENTE,RETIRO_TARJETA,INGRESO_TRANSF,,
50,59,Praga - Adulto (30-50),RETIRO_TARJETA,INGRESO_TRANSF,PRESTAMO,2133.7,76813.0
51,60,Moravia - Joven (<30),INGRESO_TRANSF,PRESTAMO,SEGURO,3416.84,123006.0
52,61,Bohemia - Adulto Mayor (>50),PENSION,RETIRO_TARJETA,PRESTAMO,2264.66,81528.0
53,62,Moravia - Adulto Mayor (>50),TRANSF_SALIENTE,INGRESO_TRANSF,PRESTAMO,1060.99,38196.0
54,63,Bohemia - Adulto (30-50),TRANSF_SALIENTE,RETIRO_TARJETA,PRESTAMO,1071.5,38574.0
55,64,Bohemia - Adulto Mayor (>50),TRANSF_SALIENTE,RETIRO_TARJETA,INGRESO_TRANSF,,
56,65,Bohemia - Adulto Mayor (>50),PENSION,TRANSF_SALIENTE,RETIRO_TARJETA,,
57,66,Praga - Adulto (30-50),TRANSF_SALIENTE,RETIRO_TARJETA,INGRESO_TRANSF,,
58,67,Bohemia - Adulto Mayor (>50),TRANSF_SALIENTE,RETIRO_TARJETA,INGRESO_TRANSF,,
59,68,Bohemia - Adulto Mayor (>50),PENSION,RETIRO_TARJETA,INGRESO_TRANSF,,
61,70,Moravia - Adulto Mayor (>50),TRANSF_SALIENTE,INGRESO_TRANSF,PRESTAMO,1136.14,40901.0
62,72,Bohemia - Adulto Mayor (>50),TRANSF_SALIENTE,RETIRO_TARJETA,INGRESO_TRANSF,,
63,73,Bohemia - Adulto Mayor (>50),TRANSF_SALIENTE,RETIRO_TARJETA,INGRESO_TRANSF,,
64,75,Moravia - Joven (<30),SERVICIOS_HOGAR,TRANSF_SALIENTE,INGRESO_TRANSF,,
65,76,Bohemia - Adulto (30-50),INGRESO_TRANSF,PRESTAMO,LEASING,3045.13,109625.0
66,77,Praga - Adulto (30-50),SERVICIOS_HOGAR,TRANSF_SALIENTE,PRESTAMO,3695.06,133022.0
67,78,Bohemia - Adulto Mayor (>50),PENSION,RETIRO_TARJETA,SEGURO,,
68,79,Bohemia - Joven (<30),PRESTAMO,LEASING,PENSION,3758.25,135297.0
69,80,Moravia - Joven (<30),SERVICIOS_HOGAR,TRANSF_SALIENTE,INGRESO_TRANSF,,
70,81,Bohemia - Joven (<30),TRANSF_SALIENTE,RETIRO_TARJETA,INGRESO_TRANSF,,
71,83,Praga - Joven (<30),INGRESO_TRANSF,PRESTAMO,LEASING,2942.75,105939.0
72,85,Praga - Adulto (30-50),RETIRO_TARJETA,INGRESO_TRANSF,PRESTAMO,3173.25,114237.0
73,87,Moravia - Adulto Mayor (>50),PENSION,TRANSF_SALIENTE,INGRESO_TRANSF,,
75,89,Praga - Adulto (30-50),TRANSF_SALIENTE,RETIRO_TARJETA,INGRESO_TRANSF,,
76,90,Bohemia - Joven (<30),TRANSF_SALIENTE,RETIRO_TARJETA,INGRESO_TRANSF,,
77,91,Moravia - Adulto Mayor (>50),SERVICIOS_HOGAR,PENSION,TRANSF_SALIENTE,,
78,92,Moravia - Adulto (30-50),TRANSF_SALIENTE,INGRESO_TRANSF,PRESTAMO,2041.57,73496.0
79,93,Bohemia - Adulto Mayor (>50),TRANSF_SALIENTE,RETIRO_TARJETA,INGRESO_TRANSF,,
80,94,Bohemia - Adulto Mayor (>50),PENSION,TRANSF_SALIENTE,RETIRO_TARJETA,,
81,96,Moravia - Joven (<30),RETIRO_TARJETA,PRESTAMO,LEASING,1514.01,54504.0
82,97,Bohemia - Adulto (30-50),SERVICIOS_HOGAR,TRANSF_SALIENTE,INGRESO_TRANSF,,
83,98,Bohemia - Joven (<30),RETIRO_TARJETA,INGRESO_TRANSF,PRESTAMO,1396.87,50287.0
84,100,Bohemia - Adulto Mayor (>50),PENSION,TRANSF_SALIENTE,RETIRO_TARJETA,,
85,101,Moravia - Adulto Mayor (>50),PENSION,TRANSF_SALIENTE,INGRESO_TRANSF,,
86,102,Moravia - Adulto (30-50),PRESTAMO,RETIRO_TARJETA,SEGURO,1152.91,41505.0
88,105,Bohemia - Joven (<30),TRANSF_SALIENTE,RETIRO_TARJETA,PRESTAMO,1102.12,39676.0
89,106,Moravia - Adulto (30-50),SERVICIOS_HOGAR,TRANSF_SALIENTE,INGRESO_TRANSF,,
90,107,Praga - Joven (<30),RETIRO_TARJETA,INGRESO_TRANSF,PRESTAMO,1777.35,63985.0
91,108,Bohemia - Adulto (30-50),TRANSF_SALIENTE,INGRESO_TRANSF,RETIRO_TARJETA,,
93,110,Bohemia - Adulto (30-50),SERVICIOS_HOGAR,TRANSF_SALIENTE,INGRESO_TRANSF,,
95,112,Praga - Adulto Mayor (>50),SERVICIOS_HOGAR,PENSION,TRANSF_SALIENTE,,
96,114,Moravia - Joven (<30),PRESTAMO,PENSION,,4312.93,155266.0
97,116,Moravia - Adulto Mayor (>50),PENSION,INGRESO_TRANSF,LEASING,,
98,118,Moravia - Adulto Mayor (>50),TRANSF_SALIENTE,INGRESO_TRANSF,PRESTAMO,887.81,31961.0
99,120,Praga - Joven (<30),RETIRO_TARJETA,INGRESO_TRANSF,PRESTAMO,2759.78,99352.0
100,121,Bohemia - Joven (<30),RETIRO_TARJETA,INGRESO_TRANSF,PRESTAMO,2404.73,86570.0
101,122,Bohemia - Adulto (30-50),INGRESO_TRANSF,RETIRO_TARJETA,PRESTAMO,2715.61,97762.0
102,123,Bohemia - Joven (<30),RETIRO_TARJETA,INGRESO_TRANSF,PRESTAMO,1756.05,63218.0
103,124,Bohemia - Adulto (30-50),SERVICIOS_HOGAR,TRANSF_SALIENTE,INGRESO_TRANSF,,
104,125,Bohemia - Adulto Mayor (>50),PENSION,RETIRO_TARJETA,PRESTAMO,1174.67,42288.0
105,127,Bohemia - Adulto (30-50),SERVICIOS_HOGAR,TRANSF_SALIENTE,INGRESO_TRANSF,,
106,128,Moravia - Joven (<30),TRANSF_SALIENTE,INGRESO_TRANSF,PRESTAMO,2598.77,93556.0
107,129,Moravia - Adulto Mayor (>50),PENSION,INGRESO_TRANSF,PRESTAMO,1880.75,67707.0
108,130,Moravia - Adulto Mayor (>50),PENSION,TRANSF_SALIENTE,INGRESO_TRANSF,,
109,131,Moravia - Joven (<30),SERVICIOS_HOGAR,TRANSF_SALIENTE,INGRESO_TRANSF,,
110,132,Bohemia - Adulto (30-50),INGRESO_TRANSF,SEGURO,LEASING,,
112,134,Bohemia - Adulto Mayor (>50),TRANSF_SALIENTE,RETIRO_TARJETA,INGRESO_TRANSF,,
113,136,Moravia - Adulto Mayor (>50),TRANSF_SALIENTE,INGRESO_TRANSF,PRESTAMO,1186.11,42700.0
114,137,Moravia - Adulto Mayor (>50),TRANSF_SALIENTE,INGRESO_TRANSF,PRESTAMO,1177.03,42373.0
115,138,Moravia - Joven (<30),TRANSF_SALIENTE,INGRESO_TRANSF,PRESTAMO,1878.29,67618.0
116,139,Bohemia - Adulto (30-50),TRANSF_SALIENTE,INGRESO_TRANSF,RETIRO_TARJETA,,
117,141,Bohemia - Adulto Mayor (>50),TRANSF_SALIENTE,RETIRO_TARJETA,INGRESO_TRANSF,,
118,142,Moravia - Adulto Mayor (>50),PENSION,TRANSF_SALIENTE,PRESTAMO,1577.65,56795.0
119,143,Bohemia - Joven (<30),TRANSF_SALIENTE,RETIRO_TARJETA,INGRESO_TRANSF,,
120,144,Moravia - Adulto (30-50),TRANSF_SALIENTE,INGRESO_TRANSF,PRESTAMO,2608.22,93896.0
121,145,Moravia - Joven (<30),RETIRO_TARJETA,PRESTAMO,LEASING,1566.9,56408.0
122,146,Bohemia - Adulto (30-50),SERVICIOS_HOGAR,TRANSF_SALIENTE,INGRESO_TRANSF,,
123,147,Bohemia - Adulto Mayor (>50),TRANSF_SALIENTE,RETIRO_TARJETA,INGRESO_TRANSF,,
124,149,Moravia - Adulto Mayor (>50),PENSION,PRESTAMO,RETIRO_TARJETA,1019.77,36712.0
125,150,Bohemia - Joven (<30),SERVICIOS_HOGAR,TRANSF_SALIENTE,RETIRO_TARJETA,,
126,151,Bohemia - Joven (<30),TRANSF_SALIENTE,RETIRO_TARJETA,INGRESO_TRANSF,,
127,152,Bohemia - Adulto Mayor (>50),PENSION,TRANSF_SALIENTE,RETIRO_TARJETA,,
128,153,Bohemia - Joven (<30),SERVICIOS_HOGAR,TRANSF_SALIENTE,INGRESO_TRANSF,,
129,154,Moravia - Adulto Mayor (>50),TRANSF_SALIENTE,INGRESO_TRANSF,PRESTAMO,1232.94,44386.0
130,156,Moravia - Adulto Mayor (>50),TRANSF_SALIENTE,INGRESO_TRANSF,PRESTAMO,1496.74,53882.0
131,157,Bohemia - Adulto Mayor (>50),PENSION,TRANSF_SALIENTE,RETIRO_TARJETA,,
132,158,Bohemia - Adulto Mayor (>50),SERVICIOS_HOGAR,PENSION,TRANSF_SALIENTE,,
133,160,Moravia - Adulto Mayor (>50),PENSION,INGRESO_TRANSF,PRESTAMO,2835.3,102071.0
134,161,Bohemia - Adulto Mayor (>50),SERVICIOS_HOGAR,PENSION,TRANSF_SALIENTE,,
135,162,Moravia - Adulto Mayor (>50),SERVICIOS_HOGAR,PENSION,TRANSF_SALIENTE,,
136,163,Moravia - Adulto Mayor (>50),TRANSF_SALIENTE,INGRESO_TRANSF,PRESTAMO,1192.98,42947.0
137,164,Moravia - Adulto (30-50),INGRESO_TRANSF,PRESTAMO,RETIRO_TARJETA,2152.29,77482.0
138,165,Bohemia - Adulto (30-50),SERVICIOS_HOGAR,TRANSF_SALIENTE,INGRESO_TRANSF,,
139,167,Bohemia - Joven (<30),SERVICIOS_HOGAR,TRANSF_SALIENTE,RETIRO_TARJETA,,
140,168,Bohemia - Joven (<30),SERVICIOS_HOGAR,TRANSF_SALIENTE,RETIRO_TARJETA,,
141,169,Bohemia - Adulto (30-50),RETIRO_TARJETA,PRESTAMO,PENSION,2105.35,75793.0
142,171,Bohemia - Adulto Mayor (>50),TRANSF_SALIENTE,RETIRO_TARJETA,INGRESO_TRANSF,,
143,173,Bohemia - Adulto Mayor (>50),TRANSF_SALIENTE,RETIRO_TARJETA,INGRESO_TRANSF,,
144,174,Bohemia - Joven (<30),SERVICIOS_HOGAR,TRANSF_SALIENTE,INGRESO_TRANSF,,
145,175,Bohemia - Adulto (30-50),TRANSF_SALIENTE,INGRESO_TRANSF,RETIRO_TARJETA,,
146,176,Bohemia - Adulto Mayor (>50),TRANSF_SALIENTE,RETIRO_TARJETA,INGRESO_TRANSF,,
148,178,Bohemia - Adulto (30-50),RETIRO_TARJETA,PRESTAMO,LEASING,1002.32,36083.0
149,179,Bohemia - Joven (<30),SERVICIOS_HOGAR,TRANSF_SALIENTE,RETIRO_TARJETA,,
150,180,Moravia - Joven (<30),SERVICIOS_HOGAR,TRANSF_SALIENTE,INGRESO_TRANSF,,
151,181,Moravia - Adulto (30-50),INGRESO_TRANSF,PRESTAMO,RETIRO_TARJETA,1088.46,39185.0
152,183,Praga - Joven (<30),RETIRO_TARJETA,INGRESO_TRANSF,PRESTAMO,1135.2,40867.0
153,185,Moravia - Adulto (30-50),TRANSF_SALIENTE,PRESTAMO,RETIRO_TARJETA,1582.35,56965.0
154,186,Bohemia - Adulto (30-50),TRANSF_SALIENTE,INGRESO_TRANSF,RETIRO_TARJETA,,
155,187,Moravia - Adulto Mayor (>50),PENSION,TRANSF_SALIENTE,INGRESO_TRANSF,,
156,188,Moravia - Adulto (30-50),TRANSF_SALIENTE,PRESTAMO,RETIRO_TARJETA,893.19,32155.0
157,189,Bohemia - Adulto Mayor (>50),TRANSF_SALIENTE,RETIRO_TARJETA,INGRESO_TRANSF,,
158,190,Bohemia - Adulto Mayor (>50),PENSION,TRANSF_SALIENTE,RETIRO_TARJETA,,
159,192,Moravia - Joven (<30),TRANSF_SALIENTE,INGRESO_TRANSF,PRESTAMO,2764.83,99534.0
160,193,Praga - Adulto (30-50),RETIRO_TARJETA,INGRESO_TRANSF,PRESTAMO,3059.38,110138.0
161,194,Bohemia - Adulto Mayor (>50),TRANSF_SALIENTE,RETIRO_TARJETA,INGRESO_TRANSF,,
162,195,Moravia - Adulto Mayor (>50),TRANSF_SALIENTE,INGRESO_TRANSF,PRESTAMO,1492.2,53719.0
163,197,Bohemia - Adulto Mayor (>50),TRANSF_SALIENTE,RETIRO_TARJETA,INGRESO_TRANSF,,
164,198,Moravia - Joven (<30),SERVICIOS_HOGAR,TRANSF_SALIENTE,INGRESO_TRANSF,,
165,199,Bohemia - Adulto Mayor (>50),TRANSF_SALIENTE,RETIRO_TARJETA,INGRESO_TRANSF,,
166,201,Bohemia - Adulto Mayor (>50),TRANSF_SALIENTE,RETIRO_TARJETA,INGRESO_TRANSF,,
167,202,Bohemia - Joven (<30),SERVICIOS_HOGAR,TRANSF_SALIENTE,INGRESO_TRANSF,,
168,203,Bohemia - Adulto (30-50),TRANSF_SALIENTE,RETIRO_TARJETA,PRESTAMO,986.66,35520.0
169,205,Bohemia - Adulto Mayor (>50),PENSION,TRANSF_SALIENTE,RETIRO_TARJETA,,
170,206,Moravia - Adulto (30-50),SERVICIOS_HOGAR,TRANSF_SALIENTE,INGRESO_TRANSF,,
171,207,Bohemia - Adulto Mayor (>50),TRANSF_SALIENTE,RETIRO_TARJETA,INGRESO_TRANSF,,
172,208,Bohemia - Adulto Mayor (>50),PENSION,TRANSF_SALIENTE,INGRESO_TRANSF,,
173,210,Moravia - Adulto Mayor (>50),PENSION,INGRESO_TRANSF,RETIRO_TARJETA,,
174,212,Bohemia - Joven (<30),TRANSF_SALIENTE,RETIRO_TARJETA,PRESTAMO,872.0,31392.0
176,215,Moravia - Adulto (30-50),INGRESO_TRANSF,RETIRO_TARJETA,LEASING,,
177,216,Praga - Adulto (30-50),SERVICIOS_HOGAR,TRANSF_SALIENTE,RETIRO_TARJETA,,
178,217,Moravia - Joven (<30),RETIRO_TARJETA,PRESTAMO,SEGURO,759.89,27356.0
179,218,Praga - Joven (<30),RETIRO_TARJETA,INGRESO_TRANSF,PRESTAMO,3032.4,109167.0
180,219,Moravia - Adulto (30-50),SERVICIOS_HOGAR,TRANSF_SALIENTE,PRESTAMO,2836.3,102107.0
181,221,Bohemia - Joven (<30),TRANSF_SALIENTE,INGRESO_TRANSF,PRESTAMO,2010.35,72373.0
182,222,Bohemia - Joven (<30),SERVICIOS_HOGAR,TRANSF_SALIENTE,RETIRO_TARJETA,,
183,223,Bohemia - Adulto (30-50),INGRESO_TRANSF,RETIRO_TARJETA,PRESTAMO,2022.7,72817.0
184,224,Moravia - Adulto (30-50),SERVICIOS_HOGAR,TRANSF_SALIENTE,INGRESO_TRANSF,,
185,225,Bohemia - Adulto Mayor (>50),PENSION,TRANSF_SALIENTE,INGRESO_TRANSF,,
186,226,Praga - Adulto Mayor (>50),PENSION,TRANSF_SALIENTE,RETIRO_TARJETA,,
187,227,Bohemia - Adulto Mayor (>50),TRANSF_SALIENTE,RETIRO_TARJETA,INGRESO_TRANSF,,
188,228,Bohemia - Adulto (30-50),TRANSF_SALIENTE,INGRESO_TRANSF,RETIRO_TARJETA,,
189,229,Moravia - Joven (<30),INGRESO_TRANSF,RETIRO_TARJETA,PRESTAMO,2565.16,92346.0
190,230,Moravia - Adulto (30-50),INGRESO_TRANSF,PRESTAMO,RETIRO_TARJETA,1879.61,67666.0
191,231,Bohemia - Adulto Mayor (>50),SERVICIOS_HOGAR,PENSION,TRANSF_SALIENTE,,
192,232,Moravia - Adulto Mayor (>50),TRANSF_SALIENTE,INGRESO_TRANSF,PRESTAMO,1484.04,53425.0
193,233,Moravia - Adulto (30-50),TRANSF_SALIENTE,INGRESO_TRANSF,PRESTAMO,1389.85,50034.0
194,235,Bohemia - Adulto Mayor (>50),PENSION,TRANSF_SALIENTE,RETIRO_TARJETA,,
195,236,Moravia - Adulto (30-50),TRANSF_SALIENTE,INGRESO_TRANSF,PRESTAMO,2215.7,79765.0
196,238,Bohemia - Adulto (30-50),INGRESO_TRANSF,PRESTAMO,LEASING,2827.27,101782.0
197,239,Praga - Joven (<30),TRANSF_SALIENTE,RETIRO_TARJETA,INGRESO_TRANSF,,
198,240,Bohemia - Adulto Mayor (>50),TRANSF_SALIENTE,RETIRO_TARJETA,INGRESO_TRANSF,,
199,241,Moravia - Adulto (30-50),TRANSF_SALIENTE,PRESTAMO,RETIRO_TARJETA,1197.85,43123.0
200,242,Bohemia - Adulto (30-50),SERVICIOS_HOGAR,TRANSF_SALIENTE,INGRESO_TRANSF,,
201,243,Moravia - Adulto (30-50),TRANSF_SALIENTE,INGRESO_TRANSF,PRESTAMO,1994.66,71808.0
204,246,Moravia - Joven (<30),TRANSF_SALIENTE,RETIRO_TARJETA,PRESTAMO,977.74,35199.0
205,247,Praga - Adulto (30-50),TRANSF_SALIENTE,RETIRO_TARJETA,INGRESO_TRANSF,,
206,248,Moravia - Joven (<30),TRANSF_SALIENTE,INGRESO_TRANSF,RETIRO_TARJETA,,
207,250,Bohemia - Joven (<30),RETIRO_TARJETA,INGRESO_TRANSF,PRESTAMO,1279.89,46076.0
208,251,Moravia - Joven (<30),INGRESO_TRANSF,RETIRO_TARJETA,PRESTAMO,1942.81,69941.0
209,252,Bohemia - Joven (<30),RETIRO_TARJETA,PRESTAMO,LEASING,1353.24,48717.0
210,253,Bohemia - Adulto Mayor (>50),PENSION,TRANSF_SALIENTE,RETIRO_TARJETA,,
211,254,Bohemia - Adulto (30-50),SERVICIOS_HOGAR,TRANSF_SALIENTE,INGRESO_TRANSF,,
212,255,Bohemia - Adulto (30-50),TRANSF_SALIENTE,PRESTAMO,SEGURO,3324.53,119683.0
213,256,Moravia - Adulto (30-50),TRANSF_SALIENTE,INGRESO_TRANSF,PRESTAMO,2945.72,106046.0
214,257,Bohemia - Adulto Mayor (>50),PENSION,TRANSF_SALIENTE,RETIRO_TARJETA,,
215,259,Bohemia - Adulto (30-50),TRANSF_SALIENTE,RETIRO_TARJETA,PRESTAMO,828.44,29824.0
216,261,Bohemia - Adulto Mayor (>50),TRANSF_SALIENTE,RETIRO_TARJETA,INGRESO_TRANSF,,
217,262,Moravia - Adulto Mayor (>50),PENSION,TRANSF_SALIENTE,INGRESO_TRANSF,,
218,263,Moravia - Adulto (30-50),SERVICIOS_HOGAR,TRANSF_SALIENTE,INGRESO_TRANSF,,
219,264,Bohemia - Joven (<30),INGRESO_TRANSF,PRESTAMO,SEGURO,3080.09,110883.0
220,265,Moravia - Adulto Mayor (>50),TRANSF_SALIENTE,INGRESO_TRANSF,PRESTAMO,1137.88,40964.0
221,266,Bohemia - Adulto (30-50),TRANSF_SALIENTE,INGRESO_TRANSF,RETIRO_TARJETA,,
222,267,Bohemia - Adulto (30-50),SERVICIOS_HOGAR,TRANSF_SALIENTE,PRESTAMO,3133.91,112821.0
223,268,Bohemia - Joven (<30),SERVICIOS_HOGAR,TRANSF_SALIENTE,INGRESO_TRANSF,,
224,269,Bohemia - Adulto Mayor (>50),TRANSF_SALIENTE,RETIRO_TARJETA,INGRESO_TRANSF,,
225,270,Bohemia - Adulto Mayor (>50),PENSION,RETIRO_TARJETA,INGRESO_TRANSF,,
226,272,Moravia - Adulto Mayor (>50),PENSION,TRANSF_SALIENTE,INGRESO_TRANSF,,
227,273,Bohemia - Joven (<30),TRANSF_SALIENTE,RETIRO_TARJETA,PRESTAMO,2741.63,98699.0
228,274,Bohemia - Joven (<30),RETIRO_TARJETA,INGRESO_TRANSF,PRESTAMO,2354.21,84751.0
229,275,Praga - Adulto Mayor (>50),TRANSF_SALIENTE,RETIRO_TARJETA,INGRESO_TRANSF,,
230,276,Praga - Adulto (30-50),RETIRO_TARJETA,INGRESO_TRANSF,PRESTAMO,2114.08,76107.0
231,278,Bohemia - Joven (<30),TRANSF_SALIENTE,RETIRO_TARJETA,PRESTAMO,944.42,33999.0
232,280,Bohemia - Joven (<30),TRANSF_SALIENTE,INGRESO_TRANSF,PRESTAMO,2879.05,103646.0
234,282,Moravia - Adulto Mayor (>50),TRANSF_SALIENTE,INGRESO_TRANSF,PRESTAMO,966.74,34803.0
235,284,Bohemia - Joven (<30),RETIRO_TARJETA,PRESTAMO,SEGURO,1184.14,42629.0
236,285,Moravia - Adulto (30-50),SERVICIOS_HOGAR,TRANSF_SALIENTE,INGRESO_TRANSF,,
237,287,Bohemia - Joven (<30),RETIRO_TARJETA,PRESTAMO,SEGURO,799.18,28771.0
238,288,Bohemia - Adulto (30-50),TRANSF_SALIENTE,RETIRO_TARJETA,PRESTAMO,952.17,34278.0
239,289,Moravia - Adulto (30-50),INGRESO_TRANSF,PRESTAMO,RETIRO_TARJETA,3237.07,116534.0
240,290,Moravia - Adulto (30-50),TRANSF_SALIENTE,INGRESO_TRANSF,PRESTAMO,2049.94,73798.0
241,292,Bohemia - Adulto (30-50),RETIRO_TARJETA,PRESTAMO,LEASING,1575.18,56706.0
242,293,Moravia - Adulto Mayor (>50),PENSION,INGRESO_TRANSF,PRESTAMO,1977.48,71189.0
243,294,Moravia - Adulto (30-50),TRANSF_SALIENTE,INGRESO_TRANSF,PRESTAMO,3145.7,113245.0
244,295,Bohemia - Adulto Mayor (>50),PENSION,PRESTAMO,LEASING,2273.32,81839.0
245,296,Moravia - Joven (<30),SERVICIOS_HOGAR,TRANSF_SALIENTE,INGRESO_TRANSF,,
246,297,Moravia - Adulto Mayor (>50),TRANSF_SALIENTE,INGRESO_TRANSF,PRESTAMO,746.29,26866.0
248,300,Praga - Adulto (30-50),SERVICIOS_HOGAR,TRANSF_SALIENTE,RETIRO_TARJETA,,
249,301,Bohemia - Adulto Mayor (>50),PENSION,RETIRO_TARJETA,INGRESO_TRANSF,,
250,302,Moravia - Joven (<30),TRANSF_SALIENTE,INGRESO_TRANSF,RETIRO_TARJETA,,
251,303,Moravia - Adulto Mayor (>50),PENSION,TRANSF_SALIENTE,INGRESO_TRANSF,,
252,304,Bohemia - Adulto Mayor (>50),TRANSF_SALIENTE,RETIRO_TARJETA,INGRESO_TRANSF,,
253,305,Bohemia - Adulto Mayor (>50),SERVICIOS_HOGAR,PENSION,TRANSF_SALIENTE,,
255,308,Moravia - Joven (<30),TRANSF_SALIENTE,RETIRO_TARJETA,PRESTAMO,2861.58,103017.0
256,309,Bohemia - Joven (<30),SERVICIOS_HOGAR,TRANSF_SALIENTE,INGRESO_TRANSF,,
257,310,Bohemia - Adulto (30-50),TRANSF_SALIENTE,INGRESO_TRANSF,RETIRO_TARJETA,,
258,311,Moravia - Adulto Mayor (>50),TRANSF_SALIENTE,INGRESO_TRANSF,PRESTAMO,1570.39,56534.0
259,312,Bohemia - Adulto Mayor (>50),TRANSF_SALIENTE,RETIRO_TARJETA,INGRESO_TRANSF,,
260,313,Bohemia - Adulto Mayor (>50),PENSION,TRANSF_SALIENTE,RETIRO_TARJETA,,
261,315,Moravia - Adulto (30-50),PRESTAMO,RETIRO_TARJETA,SEGURO,974.09,35067.0
262,316,Moravia - Adulto (30-50),SERVICIOS_HOGAR,TRANSF_SALIENTE,INGRESO_TRANSF,,
263,317,Moravia - Adulto (30-50),TRANSF_SALIENTE,INGRESO_TRANSF,PRESTAMO,3397.68,122316.0
264,318,Bohemia - Adulto Mayor (>50),PENSION,TRANSF_SALIENTE,RETIRO_TARJETA,,
265,319,Bohemia - Adulto Mayor (>50),TRANSF_SALIENTE,RETIRO_TARJETA,INGRESO_TRANSF,,
266,321,Bohemia - Adulto Mayor (>50),SERVICIOS_HOGAR,PENSION,TRANSF_SALIENTE,,
267,322,Bohemia - Adulto Mayor (>50),TRANSF_SALIENTE,RETIRO_TARJETA,INGRESO_TRANSF,,
268,324,Bohemia - Adulto (30-50),TRANSF_SALIENTE,INGRESO_TRANSF,RETIRO_TARJETA,,
269,325,Bohemia - Adulto (30-50),RETIRO_TARJETA,PRESTAMO,SEGURO,1576.82,56766.0
270,326,Bohemia - Adulto (30-50),TRANSF_SALIENTE,INGRESO_TRANSF,PRESTAMO,3606.83,129846.0
271,328,Praga - Adulto Mayor (>50),TRANSF_SALIENTE,RETIRO_TARJETA,INGRESO_TRANSF,,
272,329,Bohemia - Adulto (30-50),TRANSF_SALIENTE,INGRESO_TRANSF,RETIRO_TARJETA,,
273,330,Moravia - Adulto Mayor (>50),PENSION,PRESTAMO,RETIRO_TARJETA,1922.87,69223.0
274,331,Praga - Adulto Mayor (>50),PENSION,TRANSF_SALIENTE,RETIRO_TARJETA,,
275,332,Bohemia - Joven (<30),RETIRO_TARJETA,PRESTAMO,SEGURO,1001.99,36072.0
276,333,Bohemia - Joven (<30),TRANSF_SALIENTE,SEGURO,LEASING,,
277,334,Bohemia - Joven (<30),SERVICIOS_HOGAR,TRANSF_SALIENTE,INGRESO_TRANSF,,
278,335,Moravia - Adulto (30-50),TRANSF_SALIENTE,INGRESO_TRANSF,PRESTAMO,3333.17,119994.0
279,336,Bohemia - Adulto (30-50),RETIRO_TARJETA,PRESTAMO,SEGURO,1178.29,42418.0
280,338,Bohemia - Adulto (30-50),INGRESO_TRANSF,RETIRO_TARJETA,PRESTAMO,1848.75,66555.0
281,339,Praga - Adulto (30-50),TRANSF_SALIENTE,INGRESO_TRANSF,PRESTAMO,2650.24,95409.0
282,341,Moravia - Joven (<30),INGRESO_TRANSF,RETIRO_TARJETA,PRESTAMO,2298.43,82743.0
283,343,Bohemia - Adulto Mayor (>50),TRANSF_SALIENTE,RETIRO_TARJETA,INGRESO_TRANSF,,
284,344,Moravia - Adulto (30-50),TRANSF_SALIENTE,PRESTAMO,RETIRO_TARJETA,2013.04,72470.0
285,345,Bohemia - Adulto (30-50),SERVICIOS_HOGAR,TRANSF_SALIENTE,INGRESO_TRANSF,,
286,347,Moravia - Adulto (30-50),TRANSF_SALIENTE,INGRESO_TRANSF,PRESTAMO,2150.25,77409.0
287,349,Bohemia - Adulto Mayor (>50),TRANSF_SALIENTE,RETIRO_TARJETA,INGRESO_TRANSF,,
288,350,Bohemia - Adulto Mayor (>50),TRANSF_SALIENTE,RETIRO_TARJETA,INGRESO_TRANSF,,
289,351,Praga - Joven (<30),RETIRO_TARJETA,INGRESO_TRANSF,PRESTAMO,2334.67,84048.0
290,352,Moravia - Adulto Mayor (>50),PENSION,INGRESO_TRANSF,RETIRO_TARJETA,,
291,353,Bohemia - Adulto (30-50),INGRESO_TRANSF,RETIRO_TARJETA,PRESTAMO,3578.28,128818.0
292,354,Bohemia - Adulto Mayor (>50),TRANSF_SALIENTE,RETIRO_TARJETA,INGRESO_TRANSF,,
293,356,Praga - Joven (<30),RETIRO_TARJETA,INGRESO_TRANSF,PRESTAMO,1890.54,68059.0
294,358,Bohemia - Adulto (30-50),INGRESO_TRANSF,PRESTAMO,LEASING,3171.71,114182.0
295,359,Moravia - Joven (<30),TRANSF_SALIENTE,INGRESO_TRANSF,RETIRO_TARJETA,,
296,360,Bohemia - Adulto Mayor (>50),PENSION,TRANSF_SALIENTE,RETIRO_TARJETA,,
297,361,Moravia - Joven (<30),SERVICIOS_HOGAR,TRANSF_SALIENTE,INGRESO_TRANSF,,
298,362,Bohemia - Adulto (30-50),SERVICIOS_HOGAR,TRANSF_SALIENTE,INGRESO_TRANSF,,
299,364,Moravia - Adulto Mayor (>50),SERVICIOS_HOGAR,PENSION,TRANSF_SALIENTE,,
300,365,Praga - Adulto Mayor (>50),TRANSF_SALIENTE,INGRESO_TRANSF,PRESTAMO,2072.83,74622.0
301,367,Moravia - Adulto (30-50),TRANSF_SALIENTE,PRESTAMO,RETIRO_TARJETA,976.53,35155.0
302,369,Bohemia - Adulto Mayor (>50),TRANSF_SALIENTE,RETIRO_TARJETA,INGRESO_TRANSF,,
303,370,Moravia - Adulto (30-50),TRANSF_SALIENTE,INGRESO_TRANSF,SEGURO,,
304,371,Bohemia - Adulto Mayor (>50),PENSION,TRANSF_SALIENTE,RETIRO_TARJETA,,
305,372,Bohemia - Adulto Mayor (>50),TRANSF_SALIENTE,RETIRO_TARJETA,INGRESO_TRANSF,,
306,373,Bohemia - Adulto Mayor (>50),PENSION,TRANSF_SALIENTE,RETIRO_TARJETA,,
307,374,Bohemia - Adulto (30-50),SERVICIOS_HOGAR,TRANSF_SALIENTE,INGRESO_TRANSF,,
308,375,Moravia - Joven (<30),SERVICIOS_HOGAR,TRANSF_SALIENTE,INGRESO_TRANSF,,
309,376,Bohemia - Joven (<30),SERVICIOS_HOGAR,TRANSF_SALIENTE,RETIRO_TARJETA,,
311,378,Bohemia - Joven (<30),INGRESO_TRANSF,PRESTAMO,LEASING,2547.12,91696.0
312,380,Bohemia - Joven (<30),TRANSF_SALIENTE,RETIRO_TARJETA,INGRESO_TRANSF,,
313,381,Moravia - Joven (<30),TRANSF_SALIENTE,RETIRO_TARJETA,PRESTAMO,993.6,35769.0
314,383,Bohemia - Adulto Mayor (>50),PENSION,TRANSF_SALIENTE,RETIRO_TARJETA,,
315,385,Bohemia - Adulto Mayor (>50),SERVICIOS_HOGAR,PENSION,TRANSF_SALIENTE,,
316,386,Moravia - Joven (<30),SERVICIOS_HOGAR,TRANSF_SALIENTE,INGRESO_TRANSF,,
317,387,Moravia - Adulto Mayor (>50),TRANSF_SALIENTE,INGRESO_TRANSF,PRESTAMO,1452.04,52273.0
318,388,Bohemia - Adulto (30-50),TRANSF_SALIENTE,INGRESO_TRANSF,RETIRO_TARJETA,,
319,389,Bohemia - Joven (<30),RETIRO_TARJETA,INGRESO_TRANSF,LEASING,,
320,390,Bohemia - Joven (<30),SERVICIOS_HOGAR,TRANSF_SALIENTE,RETIRO_TARJETA,,
321,391,Bohemia - Adulto Mayor (>50),TRANSF_SALIENTE,RETIRO_TARJETA,INGRESO_TRANSF,,
322,392,Moravia - Adulto (30-50),TRANSF_SALIENTE,INGRESO_TRANSF,PRESTAMO,1870.21,67327.0
323,394,Bohemia - Adulto Mayor (>50),TRANSF_SALIENTE,RETIRO_TARJETA,INGRESO_TRANSF,,
324,396,Praga - Adulto Mayor (>50),TRANSF_SALIENTE,RETIRO_TARJETA,INGRESO_TRANSF,,
325,397,Moravia - Adulto Mayor (>50),TRANSF_SALIENTE,INGRESO_TRANSF,PRESTAMO,982.15,35357.0
326,398,Moravia - Adulto Mayor (>50),TRANSF_SALIENTE,INGRESO_TRANSF,PRESTAMO,964.99,34740.0
327,399,Bohemia - Adulto (30-50),INGRESO_TRANSF,RETIRO_TARJETA,PRESTAMO,2815.35,101353.0
328,400,Praga - Adulto Mayor (>50),TRANSF_SALIENTE,RETIRO_TARJETA,INGRESO_TRANSF,,
329,402,Bohemia - Adulto Mayor (>50),PENSION,INGRESO_TRANSF,PRESTAMO,3004.95,108178.0
330,403,Bohemia - Joven (<30),SERVICIOS_HOGAR,TRANSF_SALIENTE,RETIRO_TARJETA,,
331,405,Moravia - Adulto Mayor (>50),TRANSF_SALIENTE,INGRESO_TRANSF,PRESTAMO,1197.47,43109.0
332,406,Bohemia - Joven (<30),TRANSF_SALIENTE,RETIRO_TARJETA,PRESTAMO,1808.55,65108.0
333,407,Moravia - Joven (<30),RETIRO_TARJETA,PRESTAMO,LEASING,990.83,35670.0
334,408,Bohemia - Joven (<30),RETIRO_TARJETA,INGRESO_TRANSF,PRESTAMO,3359.65,120947.0
335,409,Moravia - Adulto Mayor (>50),TRANSF_SALIENTE,INGRESO_TRANSF,PRESTAMO,1336.05,48098.0
336,410,Moravia - Adulto (30-50),TRANSF_SALIENTE,INGRESO_TRANSF,PRESTAMO,1888.66,67992.0
337,411,Bohemia - Adulto Mayor (>50),SERVICIOS_HOGAR,PENSION,TRANSF_SALIENTE,,
338,413,Bohemia - Joven (<30),TRANSF_SALIENTE,RETIRO_TARJETA,PRESTAMO,918.21,33056.0
339,414,Bohemia - Adulto Mayor (>50),PENSION,SEGURO,LEASING,,
340,416,Praga - Adulto Mayor (>50),TRANSF_SALIENTE,RETIRO_TARJETA,INGRESO_TRANSF,,
341,418,Bohemia - Adulto (30-50),SERVICIOS_HOGAR,TRANSF_SALIENTE,INGRESO_TRANSF,,
342,419,Moravia - Joven (<30),TRANSF_SALIENTE,RETIRO_TARJETA,PRESTAMO,1069.89,38516.0
343,420,Bohemia - Joven (<30),TRANSF_SALIENTE,RETIRO_TARJETA,PRESTAMO,1078.57,38829.0
344,421,Moravia - Adulto (30-50),TRANSF_SALIENTE,INGRESO_TRANSF,RETIRO_TARJETA,,
345,422,Moravia - Adulto Mayor (>50),PENSION,TRANSF_SALIENTE,INGRESO_TRANSF,,
346,423,Bohemia - Adulto (30-50),TRANSF_SALIENTE,INGRESO_TRANSF,RETIRO_TARJETA,,
347,424,Praga - Adulto Mayor (>50),SERVICIOS_HOGAR,PENSION,TRANSF_SALIENTE,,
348,425,Bohemia - Adulto Mayor (>50),SERVICIOS_HOGAR,PENSION,TRANSF_SALIENTE,,
349,426,Moravia - Adulto Mayor (>50),PENSION,TRANSF_SALIENTE,INGRESO_TRANSF,,
350,428,Bohemia - Adulto Mayor (>50),TRANSF_SALIENTE,RETIRO_TARJETA,INGRESO_TRANSF,,
351,429,Bohemia - Joven (<30),SERVICIOS_HOGAR,TRANSF_SALIENTE,INGRESO_TRANSF,,
352,430,Bohemia - Adulto Mayor (>50),TRANSF_SALIENTE,RETIRO_TARJETA,INGRESO_TRANSF,,
353,431,Bohemia - Adulto Mayor (>50),TRANSF_SALIENTE,RETIRO_TARJETA,INGRESO_TRANSF,,
354,432,Moravia - Adulto (30-50),TRANSF_SALIENTE,INGRESO_TRANSF,PRESTAMO,2373.51,85446.0
355,433,Moravia - Adulto (30-50),PRESTAMO,RETIRO_TARJETA,SEGURO,1971.48,70973.0
356,434,Moravia - Adulto Mayor (>50),PENSION,TRANSF_SALIENTE,INGRESO_TRANSF,,
357,435,Bohemia - Adulto (30-50),RETIRO_TARJETA,PRESTAMO,SEGURO,1141.97,41111.0
358,436,Bohemia - Adulto (30-50),RETIRO_TARJETA,PRESTAMO,LEASING,1044.59,37605.0
359,437,Bohemia - Adulto Mayor (>50),TRANSF_SALIENTE,RETIRO_TARJETA,INGRESO_TRANSF,,
360,438,Bohemia - Adulto Mayor (>50),SERVICIOS_HOGAR,PENSION,TRANSF_SALIENTE,,
361,439,Bohemia - Adulto (30-50),INGRESO_TRANSF,PRESTAMO,SEGURO,3000.06,108002.0
362,440,Bohemia - Joven (<30),RETIRO_TARJETA,INGRESO_TRANSF,PRESTAMO,1798.48,64745.0
363,441,Praga - Adulto (30-50),SERVICIOS_HOGAR,TRANSF_SALIENTE,INGRESO_TRANSF,,
364,442,Praga - Joven (<30),TRANSF_SALIENTE,RETIRO_TARJETA,PRESTAMO,1232.54,44372.0
365,444,Moravia - Adulto (30-50),PRESTAMO,RETIRO_TARJETA,PENSION,1391.63,50099.0
366,445,Praga - Adulto Mayor (>50),PENSION,RETIRO_TARJETA,INGRESO_TRANSF,,
367,447,Bohemia - Adulto Mayor (>50),PENSION,TRANSF_SALIENTE,INGRESO_TRANSF,,
368,448,Moravia - Joven (<30),INGRESO_TRANSF,RETIRO_TARJETA,PRESTAMO,1156.29,41626.0
370,450,Bohemia - Adulto (30-50),RETIRO_TARJETA,PRESTAMO,LEASING,1123.99,40464.0
371,451,Bohemia - Joven (<30),SERVICIOS_HOGAR,TRANSF_SALIENTE,INGRESO_TRANSF,,
372,452,Moravia - Adulto (30-50),INGRESO_TRANSF,PRESTAMO,RETIRO_TARJETA,1845.38,66434.0
373,453,Moravia - Joven (<30),TRANSF_SALIENTE,INGRESO_TRANSF,PRESTAMO,2083.46,75005.0
374,454,Bohemia - Adulto (30-50),SERVICIOS_HOGAR,TRANSF_SALIENTE,RETIRO_TARJETA,,
375,455,Moravia - Adulto Mayor (>50),TRANSF_SALIENTE,INGRESO_TRANSF,PRESTAMO,1162.18,41838.0
376,456,Bohemia - Adulto Mayor (>50),PENSION,TRANSF_SALIENTE,RETIRO_TARJETA,,
377,457,Moravia - Adulto (30-50),SERVICIOS_HOGAR,TRANSF_SALIENTE,INGRESO_TRANSF,,
378,458,Moravia - Adulto (30-50),INGRESO_TRANSF,RETIRO_TARJETA,LEASING,,
379,459,Bohemia - Adulto (30-50),RETIRO_TARJETA,PRESTAMO,LEASING,885.38,31874.0
381,461,Moravia - Joven (<30),SERVICIOS_HOGAR,TRANSF_SALIENTE,INGRESO_TRANSF,,
382,462,Bohemia - Joven (<30),RETIRO_TARJETA,PRESTAMO,LEASING,1294.23,46592.0
383,463,Bohemia - Adulto Mayor (>50),PENSION,TRANSF_SALIENTE,RETIRO_TARJETA,,
384,464,Bohemia - Adulto (30-50),SERVICIOS_HOGAR,TRANSF_SALIENTE,INGRESO_TRANSF,,
385,465,Bohemia - Adulto (30-50),RETIRO_TARJETA,PRESTAMO,LEASING,1348.85,48559.0
386,466,Praga - Adulto Mayor (>50),PENSION,TRANSF_SALIENTE,INGRESO_TRANSF,,
387,468,Moravia - Adulto (30-50),SERVICIOS_HOGAR,TRANSF_SALIENTE,INGRESO_TRANSF,,
388,469,Moravia - Joven (<30),TRANSF_SALIENTE,INGRESO_TRANSF,RETIRO_TARJETA,,
389,470,Bohemia - Adulto (30-50),INGRESO_TRANSF,RETIRO_TARJETA,PRESTAMO,1196.77,43084.0
390,471,Bohemia - Joven (<30),TRANSF_SALIENTE,INGRESO_TRANSF,PRESTAMO,4164.45,149920.0
391,472,Bohemia - Joven (<30),SERVICIOS_HOGAR,TRANSF_SALIENTE,RETIRO_TARJETA,,
392,473,Praga - Adulto Mayor (>50),PENSION,INGRESO_TRANSF,PRESTAMO,2369.88,85316.0
393,474,Bohemia - Adulto (30-50),INGRESO_TRANSF,PRESTAMO,SEGURO,2304.22,82952.0
395,476,Praga - Adulto Mayor (>50),PENSION,RETIRO_TARJETA,INGRESO_TRANSF,,
396,478,Bohemia - Joven (<30),RETIRO_TARJETA,INGRESO_TRANSF,PRESTAMO,2917.15,105017.0
397,479,Bohemia - Adulto Mayor (>50),SERVICIOS_HOGAR,PENSION,TRANSF_SALIENTE,,
398,481,Moravia - Adulto Mayor (>50),TRANSF_SALIENTE,INGRESO_TRANSF,PRESTAMO,1018.83,36678.0
399,483,Praga - Adulto Mayor (>50),PENSION,TRANSF_SALIENTE,INGRESO_TRANSF,,
400,484,Bohemia - Adulto (30-50),TRANSF_SALIENTE,INGRESO_TRANSF,RETIRO_TARJETA,,
401,485,Bohemia - Joven (<30),RETIRO_TARJETA,INGRESO_TRANSF,PRESTAMO,1805.9,65012.0
402,486,Moravia - Adulto Mayor (>50),PENSION,INGRESO_TRANSF,PRESTAMO,2130.88,76712.0
403,487,Praga - Adulto Mayor (>50),TRANSF_SALIENTE,INGRESO_TRANSF,PRESTAMO,2596.62,93478.0
404,489,Bohemia - Adulto Mayor (>50),PENSION,PRESTAMO,SEGURO,3344.82,120413.0
405,490,Moravia - Adulto (30-50),INGRESO_TRANSF,PRESTAMO,PENSION,2362.84,85062.0
406,491,Moravia - Adulto (30-50),PRESTAMO,RETIRO_TARJETA,SEGURO,956.53,34435.0
407,492,Moravia - Adulto Mayor (>50),PENSION,INGRESO_TRANSF,PRESTAMO,1991.31,71687.0
408,493,Bohemia - Adulto Mayor (>50),PENSION,TRANSF_SALIENTE,INGRESO_TRANSF,,
409,494,Praga - Joven (<30),TRANSF_SALIENTE,RETIRO_TARJETA,INGRESO_TRANSF,,
410,495,Bohemia - Adulto Mayor (>50),TRANSF_SALIENTE,RETIRO_TARJETA,INGRESO_TRANSF,,
411,496,Moravia - Adulto (30-50),TRANSF_SALIENTE,INGRESO_TRANSF,PRESTAMO,2697.36,97105.0
412,497,Moravia - Adulto (30-50),TRANSF_SALIENTE,INGRESO_TRANSF,PRESTAMO,3344.22,120392.0
413,499,Bohemia - Adulto Mayor (>50),TRANSF_SALIENTE,RETIRO_TARJETA,INGRESO_TRANSF,,
414,500,Praga - Joven (<30),TRANSF_SALIENTE,RETIRO_TARJETA,INGRESO_TRANSF,,
415,501,Moravia - Adulto Mayor (>50),PENSION,TRANSF_SALIENTE,INGRESO_TRANSF,,
416,502,Bohemia - Adulto Mayor (>50),TRANSF_SALIENTE,RETIRO_TARJETA,INGRESO_TRANSF,,
417,503,Moravia - Adulto (30-50),SERVICIOS_HOGAR,TRANSF_SALIENTE,INGRESO_TRANSF,,
418,504,Bohemia - Joven (<30),TRANSF_SALIENTE,INGRESO_TRANSF,PRESTAMO,2663.64,95891.0
419,505,Bohemia - Joven (<30),SERVICIOS_HOGAR,TRANSF_SALIENTE,RETIRO_TARJETA,,
420,506,Moravia - Adulto Mayor (>50),PENSION,TRANSF_SALIENTE,INGRESO_TRANSF,,
421,507,Moravia - Adulto (30-50),TRANSF_SALIENTE,INGRESO_TRANSF,PRESTAMO,1198.69,43153.0
422,508,Moravia - Joven (<30),SERVICIOS_HOGAR,TRANSF_SALIENTE,PRESTAMO,2460.83,88590.0
423,509,Moravia - Joven (<30),TRANSF_SALIENTE,RETIRO_TARJETA,PRESTAMO,1067.52,38431.0
424,510,Bohemia - Joven (<30),TRANSF_SALIENTE,INGRESO_TRANSF,PRESTAMO,2650.03,95401.0
425,511,Bohemia - Adulto (30-50),INGRESO_TRANSF,RETIRO_TARJETA,PRESTAMO,1633.5,58806.0
426,512,Moravia - Adulto (30-50),INGRESO_TRANSF,RETIRO_TARJETA,SEGURO,,
427,513,Bohemia - Joven (<30),TRANSF_SALIENTE,INGRESO_TRANSF,PRESTAMO,3079.15,110849.0
428,515,Praga - Adulto Mayor (>50),TRANSF_SALIENTE,RETIRO_TARJETA,INGRESO_TRANSF,,
429,517,Moravia - Adulto (30-50),TRANSF_SALIENTE,INGRESO_TRANSF,PRESTAMO,2480.82,89309.0
430,518,Moravia - Joven (<30),SERVICIOS_HOGAR,TRANSF_SALIENTE,INGRESO_TRANSF,,
431,519,Bohemia - Joven (<30),INGRESO_TRANSF,PRESTAMO,SEGURO,2053.49,73925.0
432,520,Bohemia - Adulto Mayor (>50),SERVICIOS_HOGAR,PENSION,TRANSF_SALIENTE,,
433,521,Moravia - Joven (<30),SERVICIOS_HOGAR,TRANSF_SALIENTE,INGRESO_TRANSF,,
434,522,Praga - Adulto (30-50),RETIRO_TARJETA,INGRESO_TRANSF,PRESTAMO,916.91,33009.0
435,523,Bohemia - Adulto Mayor (>50),TRANSF_SALIENTE,RETIRO_TARJETA,INGRESO_TRANSF,,
436,524,Bohemia - Adulto (30-50),INGRESO_TRANSF,RETIRO_TARJETA,PRESTAMO,1011.61,36418.0
437,526,Bohemia - Adulto (30-50),INGRESO_TRANSF,RETIRO_TARJETA,PRESTAMO,4451.94,160270.0
438,528,Bohemia - Joven (<30),SERVICIOS_HOGAR,TRANSF_SALIENTE,RETIRO_TARJETA,,
439,529,Moravia - Joven (<30),SERVICIOS_HOGAR,TRANSF_SALIENTE,INGRESO_TRANSF,,
440,530,Bohemia - Adulto (30-50),TRANSF_SALIENTE,INGRESO_TRANSF,RETIRO_TARJETA,,
441,531,Bohemia - Joven (<30),PRESTAMO,SEGURO,PENSION,4040.8,145469.0
442,533,Moravia - Adulto Mayor (>50),PENSION,INGRESO_TRANSF,RETIRO_TARJETA,,
443,534,Moravia - Adulto (30-50),PRESTAMO,RETIRO_TARJETA,LEASING,1262.95,45466.0
444,535,Bohemia - Adulto Mayor (>50),PENSION,TRANSF_SALIENTE,RETIRO_TARJETA,,
445,536,Bohemia - Adulto Mayor (>50),PENSION,RETIRO_TARJETA,PRESTAMO,1953.11,70312.0
446,537,Praga - Adulto Mayor (>50),PENSION,TRANSF_SALIENTE,INGRESO_TRANSF,,
447,538,Bohemia - Adulto Mayor (>50),PENSION,TRANSF_SALIENTE,RETIRO_TARJETA,,
449,540,Bohemia - Adulto Mayor (>50),TRANSF_SALIENTE,RETIRO_TARJETA,INGRESO_TRANSF,,
450,542,Moravia - Adulto Mayor (>50),TRANSF_SALIENTE,INGRESO_TRANSF,PRESTAMO,821.77,29584.0
451,543,Bohemia - Adulto (30-50),SERVICIOS_HOGAR,TRANSF_SALIENTE,INGRESO_TRANSF,,
452,544,Moravia - Adulto Mayor (>50),PENSION,INGRESO_TRANSF,PRESTAMO,3268.15,117653.0
453,545,Moravia - Joven (<30),TRANSF_SALIENTE,INGRESO_TRANSF,RETIRO_TARJETA,,
454,546,Bohemia - Adulto (30-50),TRANSF_SALIENTE,INGRESO_TRANSF,RETIRO_TARJETA,,
455,547,Moravia - Adulto (30-50),TRANSF_SALIENTE,INGRESO_TRANSF,PRESTAMO,1482.38,53366.0
456,548,Bohemia - Adulto Mayor (>50),SERVICIOS_HOGAR,PENSION,TRANSF_SALIENTE,,
458,550,Bohemia - Adulto (30-50),TRANSF_SALIENTE,INGRESO_TRANSF,RETIRO_TARJETA,,
459,551,Bohemia - Joven (<30),SERVICIOS_HOGAR,TRANSF_SALIENTE,RETIRO_TARJETA,,
460,552,Praga - Adulto Mayor (>50),TRANSF_SALIENTE,RETIRO_TARJETA,INGRESO_TRANSF,,
461,554,Bohemia - Adulto Mayor (>50),TRANSF_SALIENTE,RETIRO_TARJETA,INGRESO_TRANSF,,
462,556,Bohemia - Adulto Mayor (>50),PENSION,TRANSF_SALIENTE,RETIRO_TARJETA,,
463,557,Bohemia - Adulto Mayor (>50),PENSION,TRANSF_SALIENTE,RETIRO_TARJETA,,
464,558,Bohemia - Adulto Mayor (>50),TRANSF_SALIENTE,RETIRO_TARJETA,INGRESO_TRANSF,,
465,559,Bohemia - Joven (<30),TRANSF_SALIENTE,RETIRO_TARJETA,PRESTAMO,1459.92,52557.0
466,560,Moravia - Adulto (30-50),SERVICIOS_HOGAR,TRANSF_SALIENTE,INGRESO_TRANSF,,
467,561,Moravia - Adulto (30-50),INGRESO_TRANSF,PRESTAMO,RETIRO_TARJETA,1578.51,56826.0
468,562,Bohemia - Joven (<30),INGRESO_TRANSF,PRESTAMO,SEGURO,3722.44,134008.0
469,563,Moravia - Adulto (30-50),TRANSF_SALIENTE,INGRESO_TRANSF,PRESTAMO,1001.54,36055.0
470,565,Moravia - Adulto (30-50),INGRESO_TRANSF,PRESTAMO,RETIRO_TARJETA,1572.8,56621.0
471,566,Bohemia - Adulto Mayor (>50),PENSION,INGRESO_TRANSF,PRESTAMO,2067.27,74422.0
472,568,Bohemia - Adulto (30-50),SERVICIOS_HOGAR,TRANSF_SALIENTE,RETIRO_TARJETA,,
473,569,Moravia - Adulto (30-50),INGRESO_TRANSF,PRESTAMO,RETIRO_TARJETA,1691.53,60895.0
474,570,Moravia - Adulto Mayor (>50),PENSION,PRESTAMO,RETIRO_TARJETA,1282.71,46178.0
475,571,Bohemia - Adulto Mayor (>50),TRANSF_SALIENTE,RETIRO_TARJETA,INGRESO_TRANSF,,
476,573,Moravia - Adulto (30-50),SERVICIOS_HOGAR,TRANSF_SALIENTE,INGRESO_TRANSF,,
477,574,Praga - Joven (<30),RETIRO_TARJETA,INGRESO_TRANSF,PRESTAMO,2267.27,81622.0
478,575,Moravia - Joven (<30),TRANSF_SALIENTE,INGRESO_TRANSF,PRESTAMO,2753.15,99113.0
479,577,Praga - Adulto (30-50),TRANSF_SALIENTE,RETIRO_TARJETA,PRESTAMO,716.2,25783.0
480,578,Bohemia - Joven (<30),TRANSF_SALIENTE,RETIRO_TARJETA,INGRESO_TRANSF,,
481,579,Moravia - Adulto Mayor (>50),TRANSF_SALIENTE,INGRESO_TRANSF,PRESTAMO,2319.49,83502.0
483,581,Moravia - Adulto (30-50),TRANSF_SALIENTE,PRESTAMO,RETIRO_TARJETA,819.19,29491.0
484,582,Praga - Adulto (30-50),RETIRO_TARJETA,INGRESO_TRANSF,PRESTAMO,1454.82,52374.0
485,583,Moravia - Adulto (30-50),INGRESO_TRANSF,PRESTAMO,RETIRO_TARJETA,2824.81,101693.0
486,584,Bohemia - Joven (<30),SERVICIOS_HOGAR,TRANSF_SALIENTE,INGRESO_TRANSF,,
487,585,Bohemia - Adulto Mayor (>50),PENSION,TRANSF_SALIENTE,RETIRO_TARJETA,,
488,587,Bohemia - Adulto Mayor (>50),SERVICIOS_HOGAR,PENSION,TRANSF_SALIENTE,,
489,588,Moravia - Adulto (30-50),TRANSF_SALIENTE,INGRESO_TRANSF,PRESTAMO,1641.2,59083.0
490,589,Bohemia - Adulto (30-50),TRANSF_SALIENTE,RETIRO_TARJETA,PRESTAMO,859.38,30938.0
491,590,Bohemia - Adulto (30-50),TRANSF_SALIENTE,INGRESO_TRANSF,PRESTAMO,2581.42,92931.0
492,591,Moravia - Joven (<30),SERVICIOS_HOGAR,TRANSF_SALIENTE,INGRESO_TRANSF,,
493,592,Bohemia - Adulto (30-50),SERVICIOS_HOGAR,TRANSF_SALIENTE,INGRESO_TRANSF,,
494,593,Moravia - Adulto (30-50),INGRESO_TRANSF,PRESTAMO,SEGURO,2695.13,97025.0
496,596,Moravia - Adulto Mayor (>50),PENSION,TRANSF_SALIENTE,INGRESO_TRANSF,,
497,597,Moravia - Adulto Mayor (>50),PENSION,TRANSF_SALIENTE,INGRESO_TRANSF,,
498,598,Praga - Joven (<30),SERVICIOS_HOGAR,TRANSF_SALIENTE,RETIRO_TARJETA,,
500,601,Moravia - Adulto (30-50),INGRESO_TRANSF,PRESTAMO,RETIRO_TARJETA,2618.86,94279.0
501,603,Bohemia - Adulto (30-50),SERVICIOS_HOGAR,TRANSF_SALIENTE,INGRESO_TRANSF,,
502,604,Praga - Adulto (30-50),TRANSF_SALIENTE,RETIRO_TARJETA,PRESTAMO,1451.76,52263.0
503,605,Praga - Joven (<30),TRANSF_SALIENTE,INGRESO_TRANSF,PRESTAMO,2527.11,90976.0
504,606,Bohemia - Adulto (30-50),TRANSF_SALIENTE,RETIRO_TARJETA,PRESTAMO,1444.0,51984.0
505,607,Moravia - Adulto (30-50),PRESTAMO,RETIRO_TARJETA,SEGURO,830.19,29887.0
506,608,Moravia - Joven (<30),INGRESO_TRANSF,PRESTAMO,LEASING,2760.04,99361.0
507,609,Bohemia - Adulto (30-50),SERVICIOS_HOGAR,TRANSF_SALIENTE,INGRESO_TRANSF,,
508,610,Moravia - Joven (<30),TRANSF_SALIENTE,RETIRO_TARJETA,PRESTAMO,1747.89,62924.0
509,611,Bohemia - Adulto (30-50),SERVICIOS_HOGAR,TRANSF_SALIENTE,INGRESO_TRANSF,,
510,613,Praga - Joven (<30),RETIRO_TARJETA,INGRESO_TRANSF,PRESTAMO,2346.7,84481.0
511,614,Bohemia - Adulto Mayor (>50),SERVICIOS_HOGAR,PENSION,TRANSF_SALIENTE,,
512,615,Moravia - Adulto (30-50),TRANSF_SALIENTE,INGRESO_TRANSF,PRESTAMO,2779.59,100065.0
513,616,Moravia - Joven (<30),TRANSF_SALIENTE,INGRESO_TRANSF,RETIRO_TARJETA,,
514,617,Moravia - Joven (<30),TRANSF_SALIENTE,INGRESO_TRANSF,RETIRO_TARJETA,,
515,618,Moravia - Adulto Mayor (>50),TRANSF_SALIENTE,INGRESO_TRANSF,PRESTAMO,884.85,31855.0
516,619,Bohemia - Adulto Mayor (>50),TRANSF_SALIENTE,RETIRO_TARJETA,INGRESO_TRANSF,,
517,621,Moravia - Adulto Mayor (>50),PENSION,TRANSF_SALIENTE,INGRESO_TRANSF,,
518,622,Moravia - Adulto Mayor (>50),TRANSF_SALIENTE,INGRESO_TRANSF,PRESTAMO,1223.47,44045.0
519,623,Bohemia - Adulto Mayor (>50),TRANSF_SALIENTE,RETIRO_TARJETA,INGRESO_TRANSF,,
520,625,Moravia - Joven (<30),TRANSF_SALIENTE,RETIRO_TARJETA,PRESTAMO,1273.16,45834.0
521,626,Bohemia - Joven (<30),TRANSF_SALIENTE,INGRESO_TRANSF,PRESTAMO,4186.58,150717.0
522,627,Bohemia - Joven (<30),RETIRO_TARJETA,INGRESO_TRANSF,PRESTAMO,1388.85,49999.0
523,629,Bohemia - Joven (<30),SERVICIOS_HOGAR,TRANSF_SALIENTE,INGRESO_TRANSF,,
524,630,Moravia - Adulto (30-50),TRANSF_SALIENTE,INGRESO_TRANSF,PRESTAMO,2030.26,73089.0
525,631,Moravia - Adulto (30-50),TRANSF_SALIENTE,INGRESO_TRANSF,RETIRO_TARJETA,,
526,632,Moravia - Adulto Mayor (>50),PENSION,TRANSF_SALIENTE,INGRESO_TRANSF,,
528,635,Bohemia - Adulto Mayor (>50),TRANSF_SALIENTE,RETIRO_TARJETA,INGRESO_TRANSF,,
529,637,Bohemia - Joven (<30),TRANSF_SALIENTE,RETIRO_TARJETA,INGRESO_TRANSF,,
530,638,Moravia - Adulto (30-50),SERVICIOS_HOGAR,TRANSF_SALIENTE,PRESTAMO,2299.89,82796.0
531,639,Bohemia - Joven (<30),TRANSF_SALIENTE,RETIRO_TARJETA,PRESTAMO,1284.02,46225.0
532,640,Bohemia - Joven (<30),SERVICIOS_HOGAR,TRANSF_SALIENTE,RETIRO_TARJETA,,
533,641,Bohemia - Adulto (30-50),INGRESO_TRANSF,RETIRO_TARJETA,PRESTAMO,1079.12,38848.0
534,643,Praga - Adulto (30-50),RETIRO_TARJETA,INGRESO_TRANSF,PRESTAMO,2245.09,80823.0
535,644,Bohemia - Adulto (30-50),INGRESO_TRANSF,RETIRO_TARJETA,PRESTAMO,2176.17,78342.0
536,645,Bohemia - Adulto Mayor (>50),TRANSF_SALIENTE,RETIRO_TARJETA,INGRESO_TRANSF,,
537,646,Bohemia - Adulto Mayor (>50),TRANSF_SALIENTE,INGRESO_TRANSF,PRESTAMO,2248.17,80934.0
538,648,Moravia - Adulto Mayor (>50),TRANSF_SALIENTE,INGRESO_TRANSF,PRESTAMO,963.88,34700.0
539,649,Bohemia - Joven (<30),SERVICIOS_HOGAR,TRANSF_SALIENTE,INGRESO_TRANSF,,
540,651,Moravia - Joven (<30),SERVICIOS_HOGAR,TRANSF_SALIENTE,INGRESO_TRANSF,,
541,652,Moravia - Adulto Mayor (>50),PENSION,INGRESO_TRANSF,PRESTAMO,1781.47,64133.0
542,653,Praga - Adulto Mayor (>50),TRANSF_SALIENTE,RETIRO_TARJETA,INGRESO_TRANSF,,
543,654,Moravia - Adulto Mayor (>50),PENSION,PRESTAMO,RETIRO_TARJETA,997.89,35924.0
544,655,Bohemia - Adulto Mayor (>50),SERVICIOS_HOGAR,PENSION,TRANSF_SALIENTE,,
545,656,Praga - Adulto (30-50),TRANSF_SALIENTE,RETIRO_TARJETA,INGRESO_TRANSF,,
546,657,Bohemia - Adulto Mayor (>50),TRANSF_SALIENTE,RETIRO_TARJETA,INGRESO_TRANSF,,
547,659,Bohemia - Adulto (30-50),TRANSF_SALIENTE,RETIRO_TARJETA,PRESTAMO,846.12,30460.0
548,660,Bohemia - Adulto Mayor (>50),TRANSF_SALIENTE,RETIRO_TARJETA,INGRESO_TRANSF,,
549,662,Bohemia - Adulto Mayor (>50),PENSION,INGRESO_TRANSF,PRESTAMO,2059.07,74126.0
550,663,Bohemia - Adulto Mayor (>50),TRANSF_SALIENTE,RETIRO_TARJETA,INGRESO_TRANSF,,
551,664,Moravia - Joven (<30),SERVICIOS_HOGAR,TRANSF_SALIENTE,INGRESO_TRANSF,,
552,665,Moravia - Adulto Mayor (>50),TRANSF_SALIENTE,INGRESO_TRANSF,PRESTAMO,1198.66,43152.0
553,666,Bohemia - Joven (<30),SERVICIOS_HOGAR,TRANSF_SALIENTE,INGRESO_TRANSF,,
554,667,Bohemia - Joven (<30),SERVICIOS_HOGAR,TRANSF_SALIENTE,INGRESO_TRANSF,,
555,668,Praga - Adulto Mayor (>50),PENSION,RETIRO_TARJETA,INGRESO_TRANSF,,
556,669,Bohemia - Adulto (30-50),SERVICIOS_HOGAR,TRANSF_SALIENTE,INGRESO_TRANSF,,
557,670,Praga - Adulto (30-50),TRANSF_SALIENTE,RETIRO_TARJETA,PRESTAMO,1004.94,36178.0
558,671,Bohemia - Joven (<30),RETIRO_TARJETA,INGRESO_TRANSF,PRESTAMO,1572.32,56603.0
559,672,Bohemia - Adulto Mayor (>50),TRANSF_SALIENTE,RETIRO_TARJETA,INGRESO_TRANSF,,
560,673,Bohemia - Adulto Mayor (>50),PENSION,TRANSF_SALIENTE,RETIRO_TARJETA,,
561,674,Bohemia - Adulto Mayor (>50),TRANSF_SALIENTE,RETIRO_TARJETA,INGRESO_TRANSF,,
562,675,Bohemia - Joven (<30),SERVICIOS_HOGAR,TRANSF_SALIENTE,RETIRO_TARJETA,,
563,676,Moravia - Adulto (30-50),TRANSF_SALIENTE,INGRESO_TRANSF,PRESTAMO,1590.93,57273.0
564,677,Bohemia - Adulto (30-50),INGRESO_TRANSF,RETIRO_TARJETA,PRESTAMO,1920.53,69139.0
565,678,Bohemia - Adulto Mayor (>50),TRANSF_SALIENTE,RETIRO_TARJETA,INGRESO_TRANSF,,
566,679,Bohemia - Adulto Mayor (>50),SERVICIOS_HOGAR,PENSION,TRANSF_SALIENTE,,
567,681,Bohemia - Joven (<30),SERVICIOS_HOGAR,TRANSF_SALIENTE,RETIRO_TARJETA,,
568,682,Bohemia - Joven (<30),SERVICIOS_HOGAR,TRANSF_SALIENTE,RETIRO_TARJETA,,
569,683,Moravia - Adulto Mayor (>50),PENSION,TRANSF_SALIENTE,PRESTAMO,1479.41,53259.0
570,684,Bohemia - Joven (<30),TRANSF_SALIENTE,RETIRO_TARJETA,INGRESO_TRANSF,,
571,685,Moravia - Adulto Mayor (>50),TRANSF_SALIENTE,INGRESO_TRANSF,PRESTAMO,1037.82,37361.0
572,686,Bohemia - Joven (<30),RETIRO_TARJETA,INGRESO_TRANSF,PRESTAMO,2518.77,90676.0
573,688,Praga - Adulto (30-50),SERVICIOS_HOGAR,TRANSF_SALIENTE,INGRESO_TRANSF,,
574,689,Moravia - Adulto (30-50),SERVICIOS_HOGAR,TRANSF_SALIENTE,PRESTAMO,3308.19,119095.0
575,690,Bohemia - Adulto Mayor (>50),PENSION,RETIRO_TARJETA,INGRESO_TRANSF,,
576,692,Moravia - Adulto Mayor (>50),TRANSF_SALIENTE,INGRESO_TRANSF,PRESTAMO,1602.01,57672.0
577,694,Bohemia - Adulto Mayor (>50),PENSION,TRANSF_SALIENTE,RETIRO_TARJETA,,
578,695,Bohemia - Adulto (30-50),RETIRO_TARJETA,PRESTAMO,LEASING,2185.58,78681.0
579,697,Praga - Joven (<30),RETIRO_TARJETA,INGRESO_TRANSF,PRESTAMO,1281.67,46140.0
580,698,Moravia - Adulto (30-50),INGRESO_TRANSF,PRESTAMO,RETIRO_TARJETA,1513.54,54487.0
581,699,Bohemia - Adulto Mayor (>50),TRANSF_SALIENTE,RETIRO_TARJETA,INGRESO_TRANSF,,
582,700,Bohemia - Adulto Mayor (>50),TRANSF_SALIENTE,RETIRO_TARJETA,INGRESO_TRANSF,,
584,702,Bohemia - Adulto (30-50),TRANSF_SALIENTE,RETIRO_TARJETA,PRESTAMO,916.02,32977.0
585,703,Bohemia - Adulto (30-50),SERVICIOS_HOGAR,TRANSF_SALIENTE,INGRESO_TRANSF,,
586,704,Moravia - Joven (<30),SERVICIOS_HOGAR,TRANSF_SALIENTE,INGRESO_TRANSF,,
587,705,Bohemia - Adulto Mayor (>50),SERVICIOS_HOGAR,PENSION,TRANSF_SALIENTE,,
588,706,Praga - Adulto Mayor (>50),PENSION,RETIRO_TARJETA,INGRESO_TRANSF,,
589,707,Praga - Adulto Mayor (>50),PENSION,TRANSF_SALIENTE,INGRESO_TRANSF,,
590,708,Bohemia - Joven (<30),SERVICIOS_HOGAR,TRANSF_SALIENTE,RETIRO_TARJETA,,
591,709,Praga - Adulto Mayor (>50),TRANSF_SALIENTE,RETIRO_TARJETA,INGRESO_TRANSF,,
592,710,Bohemia - Adulto Mayor (>50),TRANSF_SALIENTE,RETIRO_TARJETA,INGRESO_TRANSF,,
593,711,Bohemia - Adulto (30-50),SERVICIOS_HOGAR,TRANSF_SALIENTE,INGRESO_TRANSF,,
594,712,Moravia - Adulto (30-50),TRANSF_SALIENTE,PRESTAMO,RETIRO_TARJETA,1094.22,39392.0
595,713,Bohemia - Joven (<30),TRANSF_SALIENTE,RETIRO_TARJETA,INGRESO_TRANSF,,
596,714,Bohemia - Joven (<30),SERVICIOS_HOGAR,TRANSF_SALIENTE,INGRESO_TRANSF,,
597,715,Praga - Adulto (30-50),TRANSF_SALIENTE,RETIRO_TARJETA,INGRESO_TRANSF,,
598,716,Praga - Adulto (30-50),TRANSF_SALIENTE,INGRESO_TRANSF,PRESTAMO,2243.75,80775.0
599,717,Moravia - Adulto (30-50),INGRESO_TRANSF,PRESTAMO,RETIRO_TARJETA,1375.57,49520.0
600,719,Bohemia - Joven (<30),TRANSF_SALIENTE,INGRESO_TRANSF,PRESTAMO,2325.61,83722.0
601,720,Bohemia - Adulto (30-50),TRANSF_SALIENTE,RETIRO_TARJETA,PRESTAMO,1008.58,36309.0
602,721,Bohemia - Adulto Mayor (>50),PENSION,TRANSF_SALIENTE,RETIRO_TARJETA,,
603,722,Moravia - Joven (<30),TRANSF_SALIENTE,INGRESO_TRANSF,PRESTAMO,2790.5,100458.0
604,723,Bohemia - Adulto (30-50),SERVICIOS_HOGAR,TRANSF_SALIENTE,INGRESO_TRANSF,,
605,724,Moravia - Adulto (30-50),TRANSF_SALIENTE,INGRESO_TRANSF,PRESTAMO,1150.64,41423.0
606,725,Moravia - Adulto (30-50),INGRESO_TRANSF,PRESTAMO,RETIRO_TARJETA,2921.47,105173.0
607,726,Bohemia - Adulto Mayor (>50),PENSION,TRANSF_SALIENTE,RETIRO_TARJETA,,
608,727,Bohemia - Adulto Mayor (>50),TRANSF_SALIENTE,RETIRO_TARJETA,INGRESO_TRANSF,,
609,729,Moravia - Joven (<30),RETIRO_TARJETA,PRESTAMO,LEASING,1158.96,41722.0
610,731,Moravia - Joven (<30),SERVICIOS_HOGAR,TRANSF_SALIENTE,RETIRO_TARJETA,,
611,733,Bohemia - Joven (<30),TRANSF_SALIENTE,RETIRO_TARJETA,PRESTAMO,700.82,25230.0
612,735,Praga - Joven (<30),TRANSF_SALIENTE,RETIRO_TARJETA,PRESTAMO,823.24,29637.0
613,737,Moravia - Adulto (30-50),SERVICIOS_HOGAR,TRANSF_SALIENTE,PRESTAMO,1670.44,60136.0
614,738,Bohemia - Adulto Mayor (>50),TRANSF_SALIENTE,RETIRO_TARJETA,INGRESO_TRANSF,,
615,739,Moravia - Adulto Mayor (>50),PENSION,PRESTAMO,RETIRO_TARJETA,1148.02,41329.0
616,740,Moravia - Adulto Mayor (>50),TRANSF_SALIENTE,INGRESO_TRANSF,PRESTAMO,1337.72,48158.0
617,741,Moravia - Adulto Mayor (>50),PENSION,TRANSF_SALIENTE,PRESTAMO,2199.8,79193.0
618,742,Praga - Adulto (30-50),INGRESO_TRANSF,PRESTAMO,SEGURO,3188.83,114798.0
619,743,Praga - Adulto Mayor (>50),PENSION,RETIRO_TARJETA,INGRESO_TRANSF,,
620,744,Bohemia - Adulto Mayor (>50),SERVICIOS_HOGAR,PENSION,TRANSF_SALIENTE,,
621,745,Bohemia - Adulto (30-50),INGRESO_TRANSF,RETIRO_TARJETA,PRESTAMO,2505.51,90198.0
622,747,Bohemia - Adulto (30-50),INGRESO_TRANSF,RETIRO_TARJETA,PRESTAMO,1643.97,59183.0
623,748,Bohemia - Adulto Mayor (>50),PENSION,RETIRO_TARJETA,PRESTAMO,1152.89,41504.0
624,750,Moravia - Adulto (30-50),SERVICIOS_HOGAR,TRANSF_SALIENTE,INGRESO_TRANSF,,
625,751,Moravia - Adulto (30-50),TRANSF_SALIENTE,INGRESO_TRANSF,PRESTAMO,2772.77,99820.0
626,752,Moravia - Adulto Mayor (>50),PENSION,TRANSF_SALIENTE,INGRESO_TRANSF,,
627,754,Moravia - Adulto Mayor (>50),PENSION,TRANSF_SALIENTE,INGRESO_TRANSF,,
628,755,Moravia - Adulto Mayor (>50),PENSION,TRANSF_SALIENTE,INGRESO_TRANSF,,
629,756,Bohemia - Adulto Mayor (>50),TRANSF_SALIENTE,RETIRO_TARJETA,INGRESO_TRANSF,,
630,757,Moravia - Joven (<30),TRANSF_SALIENTE,RETIRO_TARJETA,PRESTAMO,1058.13,38093.0
631,758,Moravia - Adulto (30-50),TRANSF_SALIENTE,PRESTAMO,RETIRO_TARJETA,1441.17,51882.0
632,759,Bohemia - Adulto (30-50),RETIRO_TARJETA,PRESTAMO,LEASING,1004.96,36179.0
633,760,Moravia - Adulto Mayor (>50),TRANSF_SALIENTE,INGRESO_TRANSF,PRESTAMO,962.45,34648.0
635,762,Bohemia - Adulto Mayor (>50),PENSION,RETIRO_TARJETA,INGRESO_TRANSF,,
636,763,Moravia - Adulto Mayor (>50),TRANSF_SALIENTE,INGRESO_TRANSF,PRESTAMO,901.84,32466.0
637,764,Bohemia - Adulto (30-50),TRANSF_SALIENTE,RETIRO_TARJETA,PRESTAMO,812.99,29268.0
638,765,Moravia - Joven (<30),INGRESO_TRANSF,RETIRO_TARJETA,PRESTAMO,1681.67,60540.0
639,766,Praga - Adulto Mayor (>50),TRANSF_SALIENTE,RETIRO_TARJETA,INGRESO_TRANSF,,
640,768,Bohemia - Adulto Mayor (>50),TRANSF_SALIENTE,RETIRO_TARJETA,INGRESO_TRANSF,,
641,769,Bohemia - Joven (<30),TRANSF_SALIENTE,INGRESO_TRANSF,PRESTAMO,2856.17,102822.0
643,772,Moravia - Adulto Mayor (>50),SERVICIOS_HOGAR,PENSION,TRANSF_SALIENTE,,
644,773,Bohemia - Adulto Mayor (>50),PENSION,RETIRO_TARJETA,PRESTAMO,735.96,26495.0
645,774,Moravia - Joven (<30),TRANSF_SALIENTE,INGRESO_TRANSF,RETIRO_TARJETA,,
646,775,Bohemia - Adulto Mayor (>50),PENSION,TRANSF_SALIENTE,RETIRO_TARJETA,,
647,776,Praga - Adulto (30-50),TRANSF_SALIENTE,RETIRO_TARJETA,INGRESO_TRANSF,,
648,778,Bohemia - Adulto Mayor (>50),PENSION,TRANSF_SALIENTE,INGRESO_TRANSF,,
649,779,Moravia - Adulto Mayor (>50),SERVICIOS_HOGAR,PENSION,TRANSF_SALIENTE,,
650,780,Bohemia - Adulto Mayor (>50),TRANSF_SALIENTE,RETIRO_TARJETA,INGRESO_TRANSF,,
651,781,Moravia - Adulto Mayor (>50),PENSION,INGRESO_TRANSF,PRESTAMO,3392.52,122131.0
652,782,Bohemia - Adulto (30-50),TRANSF_SALIENTE,INGRESO_TRANSF,RETIRO_TARJETA,,
653,783,Bohemia - Joven (<30),TRANSF_SALIENTE,RETIRO_TARJETA,INGRESO_TRANSF,,
654,785,Moravia - Adulto Mayor (>50),TRANSF_SALIENTE,INGRESO_TRANSF,PRESTAMO,1791.28,64486.0
655,786,Moravia - Joven (<30),INGRESO_TRANSF,PRESTAMO,LEASING,3355.81,120809.0
656,787,Bohemia - Adulto Mayor (>50),PENSION,TRANSF_SALIENTE,RETIRO_TARJETA,,
657,788,Bohemia - Joven (<30),RETIRO_TARJETA,INGRESO_TRANSF,PRESTAMO,1969.14,70889.0
658,789,Bohemia - Adulto Mayor (>50),TRANSF_SALIENTE,RETIRO_TARJETA,INGRESO_TRANSF,,
659,790,Moravia - Adulto (30-50),PRESTAMO,RETIRO_TARJETA,SEGURO,1787.48,64349.0
660,791,Moravia - Adulto (30-50),INGRESO_TRANSF,PRESTAMO,SEGURO,2320.97,83555.0
662,793,Bohemia - Joven (<30),TRANSF_SALIENTE,RETIRO_TARJETA,INGRESO_TRANSF,,
664,796,Praga - Adulto Mayor (>50),TRANSF_SALIENTE,RETIRO_TARJETA,INGRESO_TRANSF,,
665,797,Bohemia - Adulto Mayor (>50),PENSION,TRANSF_SALIENTE,INGRESO_TRANSF,,
666,798,Bohemia - Adulto Mayor (>50),PENSION,INGRESO_TRANSF,LEASING,,
669,803,Bohemia - Adulto (30-50),TRANSF_SALIENTE,RETIRO_TARJETA,PRESTAMO,882.54,31772.0
671,806,Moravia - Joven (<30),SERVICIOS_HOGAR,TRANSF_SALIENTE,INGRESO_TRANSF,,
672,807,Moravia - Joven (<30),SERVICIOS_HOGAR,TRANSF_SALIENTE,INGRESO_TRANSF,,
673,808,Bohemia - Adulto (30-50),TRANSF_SALIENTE,INGRESO_TRANSF,PRESTAMO,2135.22,76868.0
674,809,Bohemia - Adulto Mayor (>50),TRANSF_SALIENTE,RETIRO_TARJETA,INGRESO_TRANSF,,
675,810,Moravia - Adulto Mayor (>50),PENSION,TRANSF_SALIENTE,INGRESO_TRANSF,,
676,812,Bohemia - Adulto Mayor (>50),PENSION,TRANSF_SALIENTE,RETIRO_TARJETA,,
677,813,Moravia - Adulto (30-50),SERVICIOS_HOGAR,TRANSF_SALIENTE,INGRESO_TRANSF,,
678,814,Bohemia - Adulto (30-50),INGRESO_TRANSF,RETIRO_TARJETA,PRESTAMO,1175.28,42310.0
679,815,Bohemia - Adulto (30-50),INGRESO_TRANSF,RETIRO_TARJETA,PRESTAMO,2544.15,91589.0
680,816,Bohemia - Adulto (30-50),TRANSF_SALIENTE,INGRESO_TRANSF,PRESTAMO,2252.9,81104.0
682,818,Moravia - Adulto (30-50),PRESTAMO,RETIRO_TARJETA,SEGURO,848.61,30550.0
683,819,Moravia - Adulto (30-50),TRANSF_SALIENTE,INGRESO_TRANSF,PRESTAMO,2162.99,77868.0
684,821,Bohemia - Adulto Mayor (>50),PENSION,TRANSF_SALIENTE,RETIRO_TARJETA,,
685,822,Bohemia - Adulto (30-50),SERVICIOS_HOGAR,TRANSF_SALIENTE,INGRESO_TRANSF,,
686,823,Bohemia - Adulto (30-50),INGRESO_TRANSF,RETIRO_TARJETA,PRESTAMO,1346.33,48468.0
687,824,Bohemia - Adulto (30-50),INGRESO_TRANSF,RETIRO_TARJETA,PRESTAMO,1167.81,42041.0
688,825,Moravia - Joven (<30),TRANSF_SALIENTE,RETIRO_TARJETA,PRESTAMO,1374.1,49468.0
689,826,Praga - Joven (<30),RETIRO_TARJETA,INGRESO_TRANSF,PRESTAMO,3112.39,112046.0
690,827,Bohemia - Adulto (30-50),TRANSF_SALIENTE,INGRESO_TRANSF,RETIRO_TARJETA,,
691,829,Bohemia - Adulto (30-50),TRANSF_SALIENTE,INGRESO_TRANSF,RETIRO_TARJETA,,
692,830,Moravia - Adulto Mayor (>50),PENSION,INGRESO_TRANSF,PRESTAMO,1632.74,58779.0
693,831,Bohemia - Adulto Mayor (>50),PENSION,TRANSF_SALIENTE,RETIRO_TARJETA,,
694,832,Moravia - Adulto Mayor (>50),TRANSF_SALIENTE,INGRESO_TRANSF,PRESTAMO,1693.89,60980.0
695,833,Bohemia - Adulto (30-50),TRANSF_SALIENTE,INGRESO_TRANSF,RETIRO_TARJETA,,
696,834,Moravia - Adulto Mayor (>50),TRANSF_SALIENTE,INGRESO_TRANSF,PRESTAMO,2299.58,82785.0
697,835,Bohemia - Adulto Mayor (>50),PENSION,TRANSF_SALIENTE,RETIRO_TARJETA,,
698,837,Moravia - Joven (<30),TRANSF_SALIENTE,INGRESO_TRANSF,RETIRO_TARJETA,,
699,839,Bohemia - Adulto (30-50),SERVICIOS_HOGAR,TRANSF_SALIENTE,INGRESO_TRANSF,,
700,840,Bohemia - Adulto Mayor (>50),PENSION,RETIRO_TARJETA,INGRESO_TRANSF,,
701,841,Moravia - Joven (<30),SERVICIOS_HOGAR,TRANSF_SALIENTE,INGRESO_TRANSF,,
702,842,Bohemia - Adulto Mayor (>50),TRANSF_SALIENTE,RETIRO_TARJETA,INGRESO_TRANSF,,
703,843,Moravia - Adulto (30-50),TRANSF_SALIENTE,PRESTAMO,RETIRO_TARJETA,1736.64,62519.0
704,844,Bohemia - Adulto Mayor (>50),PENSION,RETIRO_TARJETA,INGRESO_TRANSF,,
705,846,Bohemia - Adulto (30-50),TRANSF_SALIENTE,INGRESO_TRANSF,RETIRO_TARJETA,,
706,847,Bohemia - Joven (<30),SERVICIOS_HOGAR,TRANSF_SALIENTE,RETIRO_TARJETA,,
708,849,Bohemia - Adulto Mayor (>50),SERVICIOS_HOGAR,PENSION,TRANSF_SALIENTE,,
709,850,Bohemia - Joven (<30),SERVICIOS_HOGAR,TRANSF_SALIENTE,RETIRO_TARJETA,,
710,851,Bohemia - Adulto Mayor (>50),TRANSF_SALIENTE,RETIRO_TARJETA,INGRESO_TRANSF,,
711,853,Moravia - Adulto (30-50),TRANSF_SALIENTE,INGRESO_TRANSF,PRESTAMO,2071.27,74566.0
712,854,Moravia - Adulto Mayor (>50),SERVICIOS_HOGAR,PENSION,TRANSF_SALIENTE,,
713,855,Moravia - Adulto Mayor (>50),TRANSF_SALIENTE,INGRESO_TRANSF,PRESTAMO,723.24,26037.0
714,856,Bohemia - Adulto Mayor (>50),TRANSF_SALIENTE,RETIRO_TARJETA,INGRESO_TRANSF,,
715,857,Bohemia - Adulto Mayor (>50),PENSION,RETIRO_TARJETA,INGRESO_TRANSF,,
716,858,Bohemia - Adulto (30-50),SERVICIOS_HOGAR,TRANSF_SALIENTE,INGRESO_TRANSF,,
717,859,Praga - Adulto (30-50),TRANSF_SALIENTE,INGRESO_TRANSF,PRESTAMO,2352.26,84681.0
718,861,Praga - Adulto (30-50),INGRESO_TRANSF,LEASING,PENSION,,
719,862,Bohemia - Adulto (30-50),TRANSF_SALIENTE,RETIRO_TARJETA,PRESTAMO,1687.0,60732.0
720,863,Moravia - Adulto (30-50),TRANSF_SALIENTE,INGRESO_TRANSF,PRESTAMO,1269.85,45715.0
721,864,Bohemia - Adulto (30-50),TRANSF_SALIENTE,RETIRO_TARJETA,PRESTAMO,1189.48,42821.0
722,866,Bohemia - Joven (<30),TRANSF_SALIENTE,RETIRO_TARJETA,INGRESO_TRANSF,,
725,870,Moravia - Adulto (30-50),TRANSF_SALIENTE,PRESTAMO,RETIRO_TARJETA,1695.3,61031.0
726,871,Moravia - Joven (<30),TRANSF_SALIENTE,INGRESO_TRANSF,RETIRO_TARJETA,,
727,872,Bohemia - Adulto (30-50),SERVICIOS_HOGAR,TRANSF_SALIENTE,INGRESO_TRANSF,,
728,873,Moravia - Adulto Mayor (>50),PENSION,INGRESO_TRANSF,PRESTAMO,1144.49,41202.0
729,874,Bohemia - Adulto (30-50),RETIRO_TARJETA,PRESTAMO,LEASING,1098.45,39544.0
730,876,Praga - Adulto (30-50),SERVICIOS_HOGAR,TRANSF_SALIENTE,INGRESO_TRANSF,,
731,877,Bohemia - Adulto Mayor (>50),TRANSF_SALIENTE,RETIRO_TARJETA,INGRESO_TRANSF,,
732,879,Bohemia - Adulto Mayor (>50),PENSION,TRANSF_SALIENTE,RETIRO_TARJETA,,
733,880,Bohemia - Adulto (30-50),SERVICIOS_HOGAR,TRANSF_SALIENTE,INGRESO_TRANSF,,
734,881,Bohemia - Joven (<30),TRANSF_SALIENTE,RETIRO_TARJETA,PRESTAMO,937.37,33745.0
735,882,Moravia - Adulto Mayor (>50),TRANSF_SALIENTE,INGRESO_TRANSF,PRESTAMO,1399.35,50377.0
736,883,Moravia - Adulto Mayor (>50),TRANSF_SALIENTE,INGRESO_TRANSF,PRESTAMO,1019.93,36717.0
737,885,Bohemia - Adulto Mayor (>50),TRANSF_SALIENTE,RETIRO_TARJETA,INGRESO_TRANSF,,
738,886,Bohemia - Adulto Mayor (>50),PENSION,INGRESO_TRANSF,PRESTAMO,3857.79,138880.0
739,887,Moravia - Joven (<30),TRANSF_SALIENTE,INGRESO_TRANSF,PRESTAMO,2729.76,98271.0
740,888,Bohemia - Joven (<30),SERVICIOS_HOGAR,TRANSF_SALIENTE,RETIRO_TARJETA,,
741,889,Moravia - Joven (<30),SERVICIOS_HOGAR,TRANSF_SALIENTE,INGRESO_TRANSF,,
742,890,Moravia - Adulto Mayor (>50),TRANSF_SALIENTE,INGRESO_TRANSF,PRESTAMO,1193.26,42957.0
743,891,Bohemia - Adulto Mayor (>50),TRANSF_SALIENTE,RETIRO_TARJETA,INGRESO_TRANSF,,
744,892,Bohemia - Adulto Mayor (>50),TRANSF_SALIENTE,RETIRO_TARJETA,INGRESO_TRANSF,,
745,893,Bohemia - Adulto Mayor (>50),TRANSF_SALIENTE,RETIRO_TARJETA,INGRESO_TRANSF,,
746,894,Moravia - Adulto Mayor (>50),TRANSF_SALIENTE,INGRESO_TRANSF,PRESTAMO,1394.19,50191.0
747,895,Bohemia - Joven (<30),TRANSF_SALIENTE,RETIRO_TARJETA,INGRESO_TRANSF,,
748,896,Bohemia - Joven (<30),TRANSF_SALIENTE,RETIRO_TARJETA,INGRESO_TRANSF,,
749,898,Bohemia - Adulto Mayor (>50),PENSION,RETIRO_TARJETA,INGRESO_TRANSF,,
750,900,Moravia - Joven (<30),TRANSF_SALIENTE,INGRESO_TRANSF,PRESTAMO,2606.47,93833.0
751,901,Bohemia - Adulto Mayor (>50),TRANSF_SALIENTE,RETIRO_TARJETA,INGRESO_TRANSF,,
752,902,Bohemia - Adulto (30-50),INGRESO_TRANSF,RETIRO_TARJETA,PRESTAMO,1026.32,36947.0
753,903,Bohemia - Adulto Mayor (>50),TRANSF_SALIENTE,RETIRO_TARJETA,INGRESO_TRANSF,,
754,904,Praga - Adulto Mayor (>50),TRANSF_SALIENTE,RETIRO_TARJETA,INGRESO_TRANSF,,
755,905,Bohemia - Adulto Mayor (>50),PENSION,RETIRO_TARJETA,INGRESO_TRANSF,,
756,906,Moravia - Joven (<30),SERVICIOS_HOGAR,TRANSF_SALIENTE,INGRESO_TRANSF,,
757,907,Bohemia - Adulto Mayor (>50),PENSION,INGRESO_TRANSF,PRESTAMO,2759.68,99348.0
758,908,Bohemia - Adulto (30-50),SERVICIOS_HOGAR,TRANSF_SALIENTE,INGRESO_TRANSF,,
759,909,Bohemia - Joven (<30),TRANSF_SALIENTE,RETIRO_TARJETA,PRESTAMO,2802.79,100900.0
760,910,Praga - Adulto (30-50),RETIRO_TARJETA,INGRESO_TRANSF,PRESTAMO,1611.03,57997.0
761,911,Bohemia - Adulto Mayor (>50),SERVICIOS_HOGAR,PENSION,TRANSF_SALIENTE,,
762,912,Moravia - Adulto Mayor (>50),TRANSF_SALIENTE,INGRESO_TRANSF,PRESTAMO,957.79,34480.0
763,913,Praga - Adulto Mayor (>50),PENSION,TRANSF_SALIENTE,RETIRO_TARJETA,,
764,914,Praga - Adulto Mayor (>50),TRANSF_SALIENTE,RETIRO_TARJETA,INGRESO_TRANSF,,
765,915,Bohemia - Joven (<30),SERVICIOS_HOGAR,TRANSF_SALIENTE,RETIRO_TARJETA,,
766,916,Bohemia - Adulto (30-50),TRANSF_SALIENTE,INGRESO_TRANSF,RETIRO_TARJETA,,
767,917,Bohemia - Joven (<30),RETIRO_TARJETA,INGRESO_TRANSF,PRESTAMO,2060.46,74177.0
768,918,Bohemia - Adulto (30-50),TRANSF_SALIENTE,INGRESO_TRANSF,RETIRO_TARJETA,,
770,921,Bohemia - Adulto (30-50),SERVICIOS_HOGAR,TRANSF_SALIENTE,INGRESO_TRANSF,,
771,922,Bohemia - Joven (<30),RETIRO_TARJETA,INGRESO_TRANSF,PRESTAMO,2036.34,73308.0
772,924,Praga - Adulto (30-50),RETIRO_TARJETA,INGRESO_TRANSF,PRESTAMO,3384.25,121833.0
773,925,Moravia - Adulto (30-50),TRANSF_SALIENTE,INGRESO_TRANSF,PRESTAMO,2134.76,76851.0
774,926,Praga - Joven (<30),SERVICIOS_HOGAR,TRANSF_SALIENTE,RETIRO_TARJETA,,
775,927,Praga - Joven (<30),RETIRO_TARJETA,INGRESO_TRANSF,PRESTAMO,3226.23,116144.0
776,928,Moravia - Adulto (30-50),INGRESO_TRANSF,PRESTAMO,LEASING,3520.11,126724.0
777,929,Bohemia - Adulto Mayor (>50),SERVICIOS_HOGAR,PENSION,TRANSF_SALIENTE,,
778,930,Moravia - Adulto (30-50),SERVICIOS_HOGAR,TRANSF_SALIENTE,INGRESO_TRANSF,,
779,931,Bohemia - Adulto (30-50),SERVICIOS_HOGAR,TRANSF_SALIENTE,INGRESO_TRANSF,,
780,932,Bohemia - Adulto Mayor (>50),PENSION,TRANSF_SALIENTE,RETIRO_TARJETA,,
781,933,Bohemia - Joven (<30),TRANSF_SALIENTE,RETIRO_TARJETA,PRESTAMO,878.09,31611.0
782,935,Bohemia - Adulto Mayor (>50),PENSION,RETIRO_TARJETA,INGRESO_TRANSF,,
783,937,Praga - Adulto Mayor (>50),TRANSF_SALIENTE,RETIRO_TARJETA,INGRESO_TRANSF,,
784,938,Moravia - Adulto Mayor (>50),PENSION,INGRESO_TRANSF,PRESTAMO,1970.35,70933.0
785,939,Bohemia - Adulto (30-50),TRANSF_SALIENTE,RETIRO_TARJETA,SEGURO,,
786,940,Moravia - Adulto (30-50),INGRESO_TRANSF,PRESTAMO,RETIRO_TARJETA,3151.15,113441.0
787,941,Bohemia - Adulto Mayor (>50),PENSION,RETIRO_TARJETA,INGRESO_TRANSF,,
788,942,Bohemia - Adulto Mayor (>50),TRANSF_SALIENTE,RETIRO_TARJETA,INGRESO_TRANSF,,
789,944,Bohemia - Joven (<30),RETIRO_TARJETA,INGRESO_TRANSF,SEGURO,,
790,946,Moravia - Adulto (30-50),SERVICIOS_HOGAR,TRANSF_SALIENTE,INGRESO_TRANSF,,
791,948,Bohemia - Adulto Mayor (>50),TRANSF_SALIENTE,RETIRO_TARJETA,INGRESO_TRANSF,,
792,949,Bohemia - Joven (<30),RETIRO_TARJETA,PRESTAMO,LEASING,1538.8,55397.0
793,950,Moravia - Adulto (30-50),PRESTAMO,RETIRO_TARJETA,LEASING,1321.31,47567.0
794,952,Moravia - Adulto (30-50),PRESTAMO,RETIRO_TARJETA,SEGURO,890.9,32072.0
795,953,Bohemia - Adulto Mayor (>50),PENSION,TRANSF_SALIENTE,RETIRO_TARJETA,,
796,954,Praga - Adulto Mayor (>50),SERVICIOS_HOGAR,PENSION,TRANSF_SALIENTE,,
797,955,Moravia - Joven (<30),SERVICIOS_HOGAR,TRANSF_SALIENTE,RETIRO_TARJETA,,
798,956,Praga - Adulto (30-50),TRANSF_SALIENTE,RETIRO_TARJETA,PRESTAMO,1960.82,70590.0
799,957,Moravia - Adulto Mayor (>50),SERVICIOS_HOGAR,PENSION,TRANSF_SALIENTE,,
800,959,Bohemia - Adulto (30-50),RETIRO_TARJETA,PRESTAMO,SEGURO,1485.36,53473.0
801,960,Bohemia - Adulto (30-50),INGRESO_TRANSF,RETIRO_TARJETA,PRESTAMO,975.91,35133.0
802,961,Bohemia - Adulto Mayor (>50),TRANSF_SALIENTE,RETIRO_TARJETA,INGRESO_TRANSF,,
803,962,Bohemia - Adulto (30-50),SERVICIOS_HOGAR,TRANSF_SALIENTE,INGRESO_TRANSF,,
804,963,Moravia - Adulto (30-50),INGRESO_TRANSF,PRESTAMO,SEGURO,2515.41,90555.0
805,964,Bohemia - Adulto (30-50),SERVICIOS_HOGAR,TRANSF_SALIENTE,RETIRO_TARJETA,,
806,965,Bohemia - Joven (<30),TRANSF_SALIENTE,RETIRO_TARJETA,PRESTAMO,1034.42,37239.0
807,967,Moravia - Joven (<30),TRANSF_SALIENTE,PRESTAMO,SEGURO,2135.88,76892.0
808,968,Moravia - Adulto (30-50),TRANSF_SALIENTE,INGRESO_TRANSF,RETIRO_TARJETA,,
809,970,Bohemia - Adulto (30-50),TRANSF_SALIENTE,INGRESO_TRANSF,RETIRO_TARJETA,,
810,971,Bohemia - Adulto Mayor (>50),TRANSF_SALIENTE,RETIRO_TARJETA,INGRESO_TRANSF,,
811,973,Bohemia - Joven (<30),SERVICIOS_HOGAR,TRANSF_SALIENTE,RETIRO_TARJETA,,
812,975,Praga - Adulto (30-50),TRANSF_SALIENTE,RETIRO_TARJETA,INGRESO_TRANSF,,
813,976,Bohemia - Adulto (30-50),SERVICIOS_HOGAR,TRANSF_SALIENTE,RETIRO_TARJETA,,
814,977,Moravia - Adulto Mayor (>50),TRANSF_SALIENTE,INGRESO_TRANSF,PRESTAMO,1328.7,47833.0
815,978,Moravia - Adulto (30-50),TRANSF_SALIENTE,PRESTAMO,RETIRO_TARJETA,934.84,33654.0
816,980,Bohemia - Adulto (30-50),TRANSF_SALIENTE,INGRESO_TRANSF,RETIRO_TARJETA,,
817,981,Bohemia - Adulto (30-50),TRANSF_SALIENTE,INGRESO_TRANSF,RETIRO_TARJETA,,
819,984,Bohemia - Adulto (30-50),SERVICIOS_HOGAR,TRANSF_SALIENTE,INGRESO_TRANSF,,
820,986,Moravia - Adulto (30-50),INGRESO_TRANSF,PRESTAMO,RETIRO_TARJETA,2526.54,90956.0
821,987,Moravia - Adulto (30-50),PRESTAMO,RETIRO_TARJETA,SEGURO,1197.36,43105.0
822,988,Bohemia - Adulto Mayor (>50),TRANSF_SALIENTE,RETIRO_TARJETA,INGRESO_TRANSF,,
823,990,Moravia - Adulto (30-50),PRESTAMO,RETIRO_TARJETA,LEASING,1114.03,40105.0
824,991,Bohemia - Adulto Mayor (>50),PENSION,TRANSF_SALIENTE,RETIRO_TARJETA,,
825,992,Bohemia - Adulto Mayor (>50),PENSION,TRANSF_SALIENTE,INGRESO_TRANSF,,
826,993,Bohemia - Joven (<30),RETIRO_TARJETA,INGRESO_TRANSF,PRESTAMO,1223.37,44041.0
827,994,Bohemia - Joven (<30),TRANSF_SALIENTE,RETIRO_TARJETA,PRESTAMO,1179.47,42461.0
828,996,Praga - Joven (<30),TRANSF_SALIENTE,INGRESO_TRANSF,PRESTAMO,1595.26,57429.0
829,997,Moravia - Adulto (30-50),TRANSF_SALIENTE,PRESTAMO,RETIRO_TARJETA,1278.09,46011.0
830,999,Moravia - Adulto (30-50),SERVICIOS_HOGAR,TRANSF_SALIENTE,INGRESO_TRANSF,,
831,1001,Bohemia - Adulto Mayor (>50),PENSION,TRANSF_SALIENTE,RETIRO_TARJETA,,
832,1002,Bohemia - Adulto Mayor (>50),PENSION,TRANSF_SALIENTE,RETIRO_TARJETA,,
833,1003,Bohemia - Adulto Mayor (>50),TRANSF_SALIENTE,RETIRO_TARJETA,INGRESO_TRANSF,,
834,1004,Bohemia - Adulto (30-50),TRANSF_SALIENTE,RETIRO_TARJETA,PRESTAMO,863.94,31102.0
836,1006,Bohemia - Adulto Mayor (>50),PENSION,RETIRO_TARJETA,INGRESO_TRANSF,,
837,1008,Bohemia - Adulto (30-50),TRANSF_SALIENTE,INGRESO_TRANSF,RETIRO_TARJETA,,
838,1009,Bohemia - Adulto (30-50),SERVICIOS_HOGAR,TRANSF_SALIENTE,INGRESO_TRANSF,,
839,1011,Bohemia - Adulto Mayor (>50),PENSION,TRANSF_SALIENTE,INGRESO_TRANSF,,
840,1012,Moravia - Adulto (30-50),TRANSF_SALIENTE,INGRESO_TRANSF,PRESTAMO,2556.13,92021.0
841,1014,Praga - Adulto Mayor (>50),TRANSF_SALIENTE,RETIRO_TARJETA,INGRESO_TRANSF,,
842,1015,Moravia - Adulto Mayor (>50),TRANSF_SALIENTE,INGRESO_TRANSF,PRESTAMO,939.09,33807.0
843,1017,Bohemia - Adulto Mayor (>50),PENSION,RETIRO_TARJETA,PRESTAMO,1093.27,39358.0
844,1018,Moravia - Adulto Mayor (>50),PENSION,PRESTAMO,SEGURO,3098.38,111542.0
845,1019,Bohemia - Adulto Mayor (>50),PENSION,TRANSF_SALIENTE,INGRESO_TRANSF,,
846,1020,Moravia - Joven (<30),SERVICIOS_HOGAR,TRANSF_SALIENTE,INGRESO_TRANSF,,
847,1021,Bohemia - Joven (<30),SERVICIOS_HOGAR,TRANSF_SALIENTE,RETIRO_TARJETA,,
848,1022,Bohemia - Adulto Mayor (>50),PENSION,RETIRO_TARJETA,INGRESO_TRANSF,,
849,1023,Praga - Adulto Mayor (>50),SERVICIOS_HOGAR,PENSION,TRANSF_SALIENTE,,
850,1024,Bohemia - Adulto (30-50),TRANSF_SALIENTE,RETIRO_TARJETA,PRESTAMO,1886.68,67920.0
851,1025,Bohemia - Adulto (30-50),INGRESO_TRANSF,RETIRO_TARJETA,PRESTAMO,2864.7,103129.0
852,1026,Moravia - Joven (<30),RETIRO_TARJETA,PRESTAMO,SEGURO,934.33,33636.0
853,1027,Praga - Adulto Mayor (>50),PENSION,INGRESO_TRANSF,PRESTAMO,2467.76,88839.0
854,1029,Praga - Adulto (30-50),RETIRO_TARJETA,INGRESO_TRANSF,LEASING,,
855,1030,Praga - Adulto Mayor (>50),PENSION,TRANSF_SALIENTE,RETIRO_TARJETA,,
856,1031,Bohemia - Adulto (30-50),INGRESO_TRANSF,PRESTAMO,LEASING,2404.79,86573.0
857,1032,Praga - Adulto Mayor (>50),TRANSF_SALIENTE,RETIRO_TARJETA,INGRESO_TRANSF,,
858,1034,Bohemia - Joven (<30),TRANSF_SALIENTE,RETIRO_TARJETA,INGRESO_TRANSF,,
859,1035,Bohemia - Joven (<30),RETIRO_TARJETA,INGRESO_TRANSF,PRESTAMO,1699.62,61186.0
860,1037,Praga - Adulto (30-50),TRANSF_SALIENTE,RETIRO_TARJETA,INGRESO_TRANSF,,
861,1038,Moravia - Adulto (30-50),INGRESO_TRANSF,PRESTAMO,RETIRO_TARJETA,1692.19,60919.0
862,1039,Moravia - Joven (<30),TRANSF_SALIENTE,PRESTAMO,SEGURO,4031.73,145142.0
863,1040,Praga - Adulto (30-50),TRANSF_SALIENTE,INGRESO_TRANSF,PRESTAMO,3813.41,137283.0
864,1041,Moravia - Adulto (30-50),TRANSF_SALIENTE,INGRESO_TRANSF,PRESTAMO,1276.89,45968.0
865,1042,Bohemia - Adulto (30-50),RETIRO_TARJETA,PRESTAMO,SEGURO,1194.04,42985.0
866,1044,Bohemia - Joven (<30),RETIRO_TARJETA,INGRESO_TRANSF,PRESTAMO,2015.08,72543.0
867,1045,Moravia - Adulto Mayor (>50),PENSION,INGRESO_TRANSF,PRESTAMO,1829.32,65856.0
868,1046,Praga - Joven (<30),RETIRO_TARJETA,INGRESO_TRANSF,PRESTAMO,1201.58,43257.0
869,1047,Bohemia - Adulto (30-50),SERVICIOS_HOGAR,TRANSF_SALIENTE,INGRESO_TRANSF,,
870,1048,Moravia - Joven (<30),TRANSF_SALIENTE,INGRESO_TRANSF,RETIRO_TARJETA,,
871,1049,Praga - Adulto Mayor (>50),PENSION,TRANSF_SALIENTE,INGRESO_TRANSF,,
872,1050,Bohemia - Joven (<30),TRANSF_SALIENTE,RETIRO_TARJETA,INGRESO_TRANSF,,
873,1051,Moravia - Joven (<30),INGRESO_TRANSF,RETIRO_TARJETA,LEASING,,
874,1052,Moravia - Adulto (30-50),PRESTAMO,RETIRO_TARJETA,SEGURO,1523.2,54835.0
875,1054,Moravia - Adulto Mayor (>50),TRANSF_SALIENTE,INGRESO_TRANSF,PRESTAMO,1884.36,67837.0
876,1055,Bohemia - Adulto Mayor (>50),TRANSF_SALIENTE,RETIRO_TARJETA,INGRESO_TRANSF,,
877,1056,Praga - Adulto (30-50),INGRESO_TRANSF,PRESTAMO,SEGURO,2027.1,72976.0
878,1057,Bohemia - Adulto Mayor (>50),PENSION,TRANSF_SALIENTE,RETIRO_TARJETA,,
879,1058,Bohemia - Joven (<30),TRANSF_SALIENTE,RETIRO_TARJETA,PRESTAMO,762.71,27458.0
880,1059,Bohemia - Adulto (30-50),TRANSF_SALIENTE,PRESTAMO,SEGURO,2372.84,85422.0
882,1062,Bohemia - Joven (<30),TRANSF_SALIENTE,INGRESO_TRANSF,PRESTAMO,1792.27,64522.0
883,1064,Praga - Adulto (30-50),RETIRO_TARJETA,INGRESO_TRANSF,PRESTAMO,1868.51,67267.0
884,1065,Bohemia - Adulto (30-50),TRANSF_SALIENTE,RETIRO_TARJETA,PRESTAMO,1191.28,42886.0
885,1066,Praga - Adulto Mayor (>50),PENSION,INGRESO_TRANSF,PRESTAMO,3656.79,131645.0
886,1067,Praga - Adulto (30-50),TRANSF_SALIENTE,INGRESO_TRANSF,PRESTAMO,3398.61,122350.0
887,1068,Bohemia - Adulto Mayor (>50),TRANSF_SALIENTE,RETIRO_TARJETA,INGRESO_TRANSF,,
888,1069,Moravia - Adulto Mayor (>50),TRANSF_SALIENTE,INGRESO_TRANSF,PRESTAMO,1341.39,48290.0
889,1071,Bohemia - Adulto Mayor (>50),TRANSF_SALIENTE,RETIRO_TARJETA,INGRESO_TRANSF,,
890,1072,Moravia - Adulto (30-50),TRANSF_SALIENTE,INGRESO_TRANSF,PRESTAMO,1433.86,51619.0
891,1073,Bohemia - Adulto Mayor (>50),TRANSF_SALIENTE,RETIRO_TARJETA,INGRESO_TRANSF,,
892,1075,Moravia - Adulto Mayor (>50),TRANSF_SALIENTE,INGRESO_TRANSF,PRESTAMO,1458.33,52500.0
893,1076,Moravia - Joven (<30),SERVICIOS_HOGAR,TRANSF_SALIENTE,INGRESO_TRANSF,,
894,1077,Bohemia - Adulto Mayor (>50),TRANSF_SALIENTE,RETIRO_TARJETA,INGRESO_TRANSF,,
895,1078,Bohemia - Joven (<30),RETIRO_TARJETA,PRESTAMO,SEGURO,932.36,33565.0
896,1079,Bohemia - Adulto (30-50),TRANSF_SALIENTE,INGRESO_TRANSF,RETIRO_TARJETA,,
897,1080,Moravia - Adulto (30-50),INGRESO_TRANSF,PRESTAMO,SEGURO,3062.27,110242.0
898,1081,Moravia - Joven (<30),INGRESO_TRANSF,RETIRO_TARJETA,PRESTAMO,2219.27,79894.0
899,1082,Bohemia - Adulto (30-50),SERVICIOS_HOGAR,TRANSF_SALIENTE,RETIRO_TARJETA,,
900,1083,Bohemia - Adulto Mayor (>50),PENSION,TRANSF_SALIENTE,RETIRO_TARJETA,,
901,1085,Moravia - Adulto Mayor (>50),TRANSF_SALIENTE,INGRESO_TRANSF,PRESTAMO,1590.58,57261.0
902,1086,Moravia - Joven (<30),INGRESO_TRANSF,RETIRO_TARJETA,PRESTAMO,1479.72,53270.0
903,1088,Bohemia - Joven (<30),TRANSF_SALIENTE,RETIRO_TARJETA,PRESTAMO,1101.85,39666.0
904,1089,Praga - Adulto Mayor (>50),SERVICIOS_HOGAR,PENSION,TRANSF_SALIENTE,,
905,1090,Bohemia - Adulto Mayor (>50),PENSION,RETIRO_TARJETA,INGRESO_TRANSF,,
906,1091,Moravia - Adulto Mayor (>50),PENSION,TRANSF_SALIENTE,PRESTAMO,823.02,29629.0
907,1092,Bohemia - Adulto (30-50),TRANSF_SALIENTE,RETIRO_TARJETA,PRESTAMO,1250.24,45009.0
908,1093,Moravia - Joven (<30),SERVICIOS_HOGAR,TRANSF_SALIENTE,INGRESO_TRANSF,,
909,1094,Bohemia - Adulto (30-50),TRANSF_SALIENTE,RETIRO_TARJETA,PRESTAMO,868.2,31255.0
910,1096,Praga - Adulto Mayor (>50),TRANSF_SALIENTE,RETIRO_TARJETA,INGRESO_TRANSF,,
911,1098,Moravia - Adulto Mayor (>50),PENSION,INGRESO_TRANSF,PRESTAMO,2656.66,95640.0
912,1099,Moravia - Joven (<30),TRANSF_SALIENTE,RETIRO_TARJETA,PRESTAMO,1064.53,38323.0
913,1100,Moravia - Adulto (30-50),INGRESO_TRANSF,PRESTAMO,RETIRO_TARJETA,2041.66,73500.0
914,1101,Moravia - Adulto Mayor (>50),PENSION,TRANSF_SALIENTE,PRESTAMO,1017.58,36633.0
915,1102,Moravia - Adulto Mayor (>50),PENSION,TRANSF_SALIENTE,RETIRO_TARJETA,,
916,1103,Praga - Adulto (30-50),TRANSF_SALIENTE,RETIRO_TARJETA,INGRESO_TRANSF,,
917,1105,Moravia - Adulto Mayor (>50),PENSION,TRANSF_SALIENTE,INGRESO_TRANSF,,
918,1107,Moravia - Adulto (30-50),INGRESO_TRANSF,PRESTAMO,RETIRO_TARJETA,2029.95,73078.0
919,1108,Moravia - Adulto (30-50),TRANSF_SALIENTE,INGRESO_TRANSF,PRESTAMO,2027.4,72986.0
920,1109,Moravia - Adulto Mayor (>50),TRANSF_SALIENTE,INGRESO_TRANSF,PRESTAMO,952.88,34304.0
921,1110,Bohemia - Adulto Mayor (>50),TRANSF_SALIENTE,RETIRO_TARJETA,INGRESO_TRANSF,,
922,1111,Moravia - Joven (<30),INGRESO_TRANSF,RETIRO_TARJETA,PRESTAMO,1979.08,71247.0
923,1112,Bohemia - Adulto Mayor (>50),TRANSF_SALIENTE,RETIRO_TARJETA,INGRESO_TRANSF,,
924,1113,Bohemia - Joven (<30),RETIRO_TARJETA,PRESTAMO,SEGURO,931.16,33522.0
925,1114,Moravia - Joven (<30),TRANSF_SALIENTE,INGRESO_TRANSF,RETIRO_TARJETA,,
926,1115,Bohemia - Adulto Mayor (>50),TRANSF_SALIENTE,RETIRO_TARJETA,INGRESO_TRANSF,,
927,1116,Moravia - Joven (<30),INGRESO_TRANSF,RETIRO_TARJETA,PRESTAMO,1210.7,43585.0
928,1117,Bohemia - Joven (<30),TRANSF_SALIENTE,RETIRO_TARJETA,INGRESO_TRANSF,,
929,1119,Moravia - Joven (<30),TRANSF_SALIENTE,INGRESO_TRANSF,RETIRO_TARJETA,,
930,1120,Bohemia - Joven (<30),TRANSF_SALIENTE,RETIRO_TARJETA,INGRESO_TRANSF,,
931,1121,Moravia - Adulto Mayor (>50),PENSION,INGRESO_TRANSF,PRESTAMO,1451.58,52257.0
932,1122,Bohemia - Adulto Mayor (>50),TRANSF_SALIENTE,RETIRO_TARJETA,INGRESO_TRANSF,,
933,1124,Bohemia - Adulto Mayor (>50),TRANSF_SALIENTE,RETIRO_TARJETA,INGRESO_TRANSF,,
934,1125,Bohemia - Adulto Mayor (>50),TRANSF_SALIENTE,RETIRO_TARJETA,INGRESO_TRANSF,,
935,1127,Bohemia - Joven (<30),TRANSF_SALIENTE,RETIRO_TARJETA,PRESTAMO,925.26,33309.0
936,1128,Bohemia - Adulto Mayor (>50),TRANSF_SALIENTE,RETIRO_TARJETA,INGRESO_TRANSF,,
937,1129,Bohemia - Adulto Mayor (>50),TRANSF_SALIENTE,RETIRO_TARJETA,INGRESO_TRANSF,,
938,1130,Moravia - Adulto Mayor (>50),PENSION,TRANSF_SALIENTE,INGRESO_TRANSF,,
939,1131,Moravia - Adulto Mayor (>50),PENSION,TRANSF_SALIENTE,PRESTAMO,1076.02,38737.0
940,1133,Bohemia - Adulto (30-50),SERVICIOS_HOGAR,TRANSF_SALIENTE,SEGURO,,
941,1135,Bohemia - Adulto (30-50),TRANSF_SALIENTE,INGRESO_TRANSF,RETIRO_TARJETA,,
942,1136,Bohemia - Joven (<30),SERVICIOS_HOGAR,TRANSF_SALIENTE,RETIRO_TARJETA,,
943,1137,Praga - Joven (<30),TRANSF_SALIENTE,RETIRO_TARJETA,PRESTAMO,1175.3,42311.0
944,1138,Moravia - Joven (<30),TRANSF_SALIENTE,INGRESO_TRANSF,RETIRO_TARJETA,,
945,1140,Bohemia - Adulto Mayor (>50),PENSION,TRANSF_SALIENTE,INGRESO_TRANSF,,
946,1141,Bohemia - Adulto Mayor (>50),SERVICIOS_HOGAR,PENSION,TRANSF_SALIENTE,,
947,1142,Moravia - Adulto Mayor (>50),PENSION,INGRESO_TRANSF,PRESTAMO,1715.37,61753.0
949,1145,Moravia - Adulto (30-50),SERVICIOS_HOGAR,TRANSF_SALIENTE,PRESTAMO,2229.2,80251.0
950,1146,Moravia - Adulto (30-50),TRANSF_SALIENTE,INGRESO_TRANSF,PRESTAMO,3801.53,136855.0
951,1147,Bohemia - Adulto Mayor (>50),TRANSF_SALIENTE,RETIRO_TARJETA,INGRESO_TRANSF,,
952,1148,Bohemia - Adulto Mayor (>50),PENSION,TRANSF_SALIENTE,RETIRO_TARJETA,,
953,1149,Bohemia - Joven (<30),RETIRO_TARJETA,PRESTAMO,SEGURO,1786.46,64313.0
954,1150,Moravia - Adulto Mayor (>50),PENSION,INGRESO_TRANSF,PRESTAMO,1844.6,66406.0
955,1151,Moravia - Joven (<30),TRANSF_SALIENTE,INGRESO_TRANSF,RETIRO_TARJETA,,
956,1152,Moravia - Joven (<30),SERVICIOS_HOGAR,TRANSF_SALIENTE,INGRESO_TRANSF,,
957,1153,Moravia - Joven (<30),TRANSF_SALIENTE,RETIRO_TARJETA,PRESTAMO,1058.78,38116.0
958,1154,Moravia - Adulto Mayor (>50),TRANSF_SALIENTE,INGRESO_TRANSF,PRESTAMO,1491.7,53701.0
959,1156,Praga - Adulto Mayor (>50),TRANSF_SALIENTE,RETIRO_TARJETA,INGRESO_TRANSF,,
960,1157,Bohemia - Adulto (30-50),TRANSF_SALIENTE,SEGURO,LEASING,,
961,1158,Praga - Adulto (30-50),TRANSF_SALIENTE,RETIRO_TARJETA,INGRESO_TRANSF,,
962,1159,Moravia - Adulto Mayor (>50),SERVICIOS_HOGAR,PENSION,TRANSF_SALIENTE,,
963,1161,Bohemia - Joven (<30),TRANSF_SALIENTE,RETIRO_TARJETA,INGRESO_TRANSF,,
964,1162,Bohemia - Joven (<30),SERVICIOS_HOGAR,TRANSF_SALIENTE,RETIRO_TARJETA,,
965,1163,Bohemia - Adulto (30-50),TRANSF_SALIENTE,INGRESO_TRANSF,RETIRO_TARJETA,,
966,1164,Bohemia - Adulto (30-50),TRANSF_SALIENTE,RETIRO_TARJETA,PRESTAMO,1050.76,37827.0
967,1165,Bohemia - Adulto Mayor (>50),PENSION,TRANSF_SALIENTE,INGRESO_TRANSF,,
968,1166,Moravia - Adulto (30-50),TRANSF_SALIENTE,INGRESO_TRANSF,PRESTAMO,1868.67,67272.0
969,1168,Bohemia - Joven (<30),SERVICIOS_HOGAR,TRANSF_SALIENTE,INGRESO_TRANSF,,
970,1169,Bohemia - Adulto Mayor (>50),PENSION,TRANSF_SALIENTE,INGRESO_TRANSF,,
971,1170,Bohemia - Joven (<30),TRANSF_SALIENTE,RETIRO_TARJETA,INGRESO_TRANSF,,
972,1171,Bohemia - Joven (<30),RETIRO_TARJETA,PRESTAMO,SEGURO,864.71,31130.0
973,1172,Moravia - Adulto Mayor (>50),TRANSF_SALIENTE,INGRESO_TRANSF,PRESTAMO,1775.78,63928.0
974,1174,Bohemia - Joven (<30),SERVICIOS_HOGAR,TRANSF_SALIENTE,RETIRO_TARJETA,,
975,1175,Praga - Adulto Mayor (>50),TRANSF_SALIENTE,RETIRO_TARJETA,INGRESO_TRANSF,,
976,1177,Moravia - Adulto Mayor (>50),PENSION,TRANSF_SALIENTE,INGRESO_TRANSF,,
977,1178,Praga - Joven (<30),TRANSF_SALIENTE,RETIRO_TARJETA,INGRESO_TRANSF,,
978,1179,Praga - Adulto Mayor (>50),TRANSF_SALIENTE,INGRESO_TRANSF,PRESTAMO,2567.49,92430.0
979,1180,Bohemia - Adulto Mayor (>50),PENSION,TRANSF_SALIENTE,RETIRO_TARJETA,,
980,1181,Praga - Adulto Mayor (>50),PENSION,RETIRO_TARJETA,INGRESO_TRANSF,,
981,1182,Moravia - Adulto Mayor (>50),PENSION,INGRESO_TRANSF,PRESTAMO,3490.17,125646.0
982,1183,Moravia - Adulto Mayor (>50),PENSION,INGRESO_TRANSF,PRESTAMO,1506.58,54237.0
984,1186,Bohemia - Adulto Mayor (>50),PENSION,TRANSF_SALIENTE,RETIRO_TARJETA,,
985,1187,Bohemia - Adulto (30-50),TRANSF_SALIENTE,RETIRO_TARJETA,PRESTAMO,1090.56,39260.0
986,1189,Moravia - Adulto Mayor (>50),TRANSF_SALIENTE,INGRESO_TRANSF,PRESTAMO,1433.71,51614.0
987,1190,Bohemia - Joven (<30),TRANSF_SALIENTE,RETIRO_TARJETA,INGRESO_TRANSF,,
988,1192,Bohemia - Adulto Mayor (>50),TRANSF_SALIENTE,RETIRO_TARJETA,INGRESO_TRANSF,,
989,1193,Bohemia - Adulto Mayor (>50),TRANSF_SALIENTE,RETIRO_TARJETA,INGRESO_TRANSF,,
990,1194,Bohemia - Adulto Mayor (>50),PENSION,TRANSF_SALIENTE,INGRESO_TRANSF,,
991,1195,Bohemia - Adulto Mayor (>50),PENSION,TRANSF_SALIENTE,RETIRO_TARJETA,,
992,1196,Bohemia - Adulto Mayor (>50),PENSION,RETIRO_TARJETA,INGRESO_TRANSF,,
993,1197,Bohemia - Adulto (30-50),SERVICIOS_HOGAR,TRANSF_SALIENTE,INGRESO_TRANSF,,
994,1198,Moravia - Joven (<30),SERVICIOS_HOGAR,TRANSF_SALIENTE,INGRESO_TRANSF,,
995,1199,Moravia - Joven (<30),RETIRO_TARJETA,PRESTAMO,SEGURO,1168.89,42080.0
996,1200,Bohemia - Adulto Mayor (>50),TRANSF_SALIENTE,RETIRO_TARJETA,INGRESO_TRANSF,,
997,1201,Moravia - Adulto Mayor (>50),PENSION,PRESTAMO,RETIRO_TARJETA,1401.3,50447.0
998,1202,Bohemia - Joven (<30),TRANSF_SALIENTE,INGRESO_TRANSF,PRESTAMO,2349.82,84593.0
1000,1204,Moravia - Joven (<30),RETIRO_TARJETA,PRESTAMO,LEASING,3299.91,118797.0
1002,1206,Bohemia - Adulto (30-50),INGRESO_TRANSF,RETIRO_TARJETA,PRESTAMO,985.69,35485.0
1003,1207,Bohemia - Adulto Mayor (>50),PENSION,RETIRO_TARJETA,INGRESO_TRANSF,,
1004,1208,Moravia - Joven (<30),SERVICIOS_HOGAR,TRANSF_SALIENTE,INGRESO_TRANSF,,
1005,1209,Bohemia - Adulto (30-50),TRANSF_SALIENTE,RETIRO_TARJETA,PRESTAMO,3968.4,142863.0
1006,1210,Bohemia - Adulto (30-50),RETIRO_TARJETA,PRESTAMO,LEASING,1977.93,71206.0
1007,1211,Praga - Joven (<30),SERVICIOS_HOGAR,TRANSF_SALIENTE,INGRESO_TRANSF,,
1008,1212,Bohemia - Adulto Mayor (>50),TRANSF_SALIENTE,RETIRO_TARJETA,INGRESO_TRANSF,,
1009,1213,Praga - Adulto (30-50),TRANSF_SALIENTE,PRESTAMO,SEGURO,3175.06,114302.0
1010,1214,Moravia - Adulto Mayor (>50),PENSION,TRANSF_SALIENTE,INGRESO_TRANSF,,
1011,1215,Bohemia - Adulto Mayor (>50),PENSION,TRANSF_SALIENTE,RETIRO_TARJETA,,
1012,1216,Moravia - Adulto Mayor (>50),SERVICIOS_HOGAR,PENSION,TRANSF_SALIENTE,,
1013,1217,Moravia - Adulto Mayor (>50),PENSION,TRANSF_SALIENTE,PRESTAMO,927.03,33373.0
1014,1218,Moravia - Joven (<30),SERVICIOS_HOGAR,TRANSF_SALIENTE,INGRESO_TRANSF,,
1015,1219,Praga - Adulto Mayor (>50),PENSION,TRANSF_SALIENTE,RETIRO_TARJETA,,
1016,1220,Bohemia - Adulto (30-50),INGRESO_TRANSF,PRESTAMO,SEGURO,3679.61,132466.0
1017,1221,Bohemia - Joven (<30),RETIRO_TARJETA,INGRESO_TRANSF,PRESTAMO,2649.12,95368.0
1018,1222,Bohemia - Adulto Mayor (>50),PENSION,RETIRO_TARJETA,PRESTAMO,1060.57,38180.0
1019,1223,Bohemia - Adulto (30-50),INGRESO_TRANSF,PRESTAMO,LEASING,2280.16,82086.0
1020,1224,Moravia - Adulto Mayor (>50),PENSION,PRESTAMO,RETIRO_TARJETA,1043.46,37564.0
1021,1225,Bohemia - Adulto Mayor (>50),PENSION,TRANSF_SALIENTE,RETIRO_TARJETA,,
1022,1226,Bohemia - Adulto (30-50),SERVICIOS_HOGAR,TRANSF_SALIENTE,INGRESO_TRANSF,,
1023,1228,Bohemia - Adulto (30-50),SERVICIOS_HOGAR,TRANSF_SALIENTE,INGRESO_TRANSF,,
1024,1229,Bohemia - Joven (<30),TRANSF_SALIENTE,RETIRO_TARJETA,PRESTAMO,935.48,33677.0
1026,1231,Bohemia - Adulto (30-50),INGRESO_TRANSF,PRESTAMO,SEGURO,3092.88,111344.0
1027,1233,Moravia - Adulto Mayor (>50),PENSION,TRANSF_SALIENTE,PRESTAMO,919.19,33091.0
1028,1234,Bohemia - Joven (<30),SERVICIOS_HOGAR,TRANSF_SALIENTE,RETIRO_TARJETA,,
1029,1236,Bohemia - Adulto (30-50),INGRESO_TRANSF,RETIRO_TARJETA,PRESTAMO,3854.41,138759.0
1030,1237,Moravia - Adulto Mayor (>50),TRANSF_SALIENTE,INGRESO_TRANSF,PRESTAMO,1672.55,60212.0
1031,1238,Moravia - Adulto Mayor (>50),PENSION,INGRESO_TRANSF,PRESTAMO,2395.97,86255.0
1032,1239,Bohemia - Joven (<30),SERVICIOS_HOGAR,TRANSF_SALIENTE,PRESTAMO,3810.66,137184.0
1033,1240,Bohemia - Joven (<30),SERVICIOS_HOGAR,TRANSF_SALIENTE,RETIRO_TARJETA,,
1034,1241,Moravia - Adulto Mayor (>50),PENSION,TRANSF_SALIENTE,INGRESO_TRANSF,,
1035,1242,Moravia - Adulto Mayor (>50),PENSION,INGRESO_TRANSF,PRESTAMO,2631.01,94716.0
1036,1243,Bohemia - Joven (<30),TRANSF_SALIENTE,INGRESO_TRANSF,PRESTAMO,3174.38,114278.0
1037,1244,Praga - Adulto (30-50),INGRESO_TRANSF,PRESTAMO,LEASING,3347.5,120510.0
1038,1245,Moravia - Joven (<30),RETIRO_TARJETA,PRESTAMO,SEGURO,994.73,35810.0
1039,1246,Moravia - Adulto (30-50),SERVICIOS_HOGAR,TRANSF_SALIENTE,INGRESO_TRANSF,,
1040,1248,Bohemia - Joven (<30),TRANSF_SALIENTE,RETIRO_TARJETA,INGRESO_TRANSF,,
1042,1250,Bohemia - Adulto (30-50),SERVICIOS_HOGAR,TRANSF_SALIENTE,INGRESO_TRANSF,,
1043,1251,Praga - Adulto (30-50),TRANSF_SALIENTE,INGRESO_TRANSF,PRESTAMO,3558.71,128114.0
1044,1253,Bohemia - Adulto (30-50),INGRESO_TRANSF,PRESTAMO,SEGURO,2139.08,77007.0
1045,1254,Bohemia - Adulto Mayor (>50),TRANSF_SALIENTE,RETIRO_TARJETA,INGRESO_TRANSF,,
1046,1255,Praga - Adulto (30-50),TRANSF_SALIENTE,RETIRO_TARJETA,INGRESO_TRANSF,,
1047,1256,Bohemia - Adulto (30-50),TRANSF_SALIENTE,INGRESO_TRANSF,RETIRO_TARJETA,,
1048,1257,Bohemia - Adulto Mayor (>50),TRANSF_SALIENTE,RETIRO_TARJETA,INGRESO_TRANSF,,
1049,1259,Bohemia - Adulto (30-50),RETIRO_TARJETA,PRESTAMO,SEGURO,1672.42,60207.0
1050,1260,Moravia - Adulto Mayor (>50),PENSION,TRANSF_SALIENTE,PRESTAMO,2718.53,97867.0
1051,1262,Bohemia - Adulto (30-50),SERVICIOS_HOGAR,TRANSF_SALIENTE,INGRESO_TRANSF,,
1052,1264,Moravia - Joven (<30),SERVICIOS_HOGAR,TRANSF_SALIENTE,INGRESO_TRANSF,,
1053,1265,Moravia - Adulto (30-50),INGRESO_TRANSF,PRESTAMO,RETIRO_TARJETA,1499.81,53993.0
1054,1266,Moravia - Adulto (30-50),TRANSF_SALIENTE,INGRESO_TRANSF,PRESTAMO,1628.97,58643.0
1055,1267,Bohemia - Adulto (30-50),TRANSF_SALIENTE,RETIRO_TARJETA,PRESTAMO,1007.85,36283.0
1056,1269,Praga - Adulto Mayor (>50),PENSION,TRANSF_SALIENTE,RETIRO_TARJETA,,
1057,1270,Bohemia - Adulto Mayor (>50),TRANSF_SALIENTE,RETIRO_TARJETA,INGRESO_TRANSF,,
1058,1271,Bohemia - Adulto Mayor (>50),PENSION,INGRESO_TRANSF,PRESTAMO,3271.66,117780.0
1059,1272,Bohemia - Adulto Mayor (>50),PENSION,RETIRO_TARJETA,PRESTAMO,885.04,31861.0
1060,1273,Bohemia - Joven (<30),SERVICIOS_HOGAR,TRANSF_SALIENTE,RETIRO_TARJETA,,
1061,1274,Bohemia - Joven (<30),TRANSF_SALIENTE,RETIRO_TARJETA,INGRESO_TRANSF,,
1062,1275,Praga - Adulto (30-50),TRANSF_SALIENTE,RETIRO_TARJETA,INGRESO_TRANSF,,
1063,1276,Moravia - Adulto Mayor (>50),SERVICIOS_HOGAR,PENSION,TRANSF_SALIENTE,,
1064,1277,Moravia - Adulto Mayor (>50),TRANSF_SALIENTE,INGRESO_TRANSF,PRESTAMO,1343.44,48364.0
1065,1278,Moravia - Joven (<30),SERVICIOS_HOGAR,TRANSF_SALIENTE,INGRESO_TRANSF,,
1066,1279,Bohemia - Adulto (30-50),SERVICIOS_HOGAR,TRANSF_SALIENTE,INGRESO_TRANSF,,
1067,1280,Bohemia - Adulto (30-50),TRANSF_SALIENTE,INGRESO_TRANSF,RETIRO_TARJETA,,
1068,1282,Bohemia - Adulto Mayor (>50),PENSION,RETIRO_TARJETA,INGRESO_TRANSF,,
1069,1283,Moravia - Adulto Mayor (>50),TRANSF_SALIENTE,INGRESO_TRANSF,PRESTAMO,1010.93,36393.0
1070,1285,Moravia - Adulto Mayor (>50),PENSION,TRANSF_SALIENTE,INGRESO_TRANSF,,
1071,1286,Bohemia - Adulto (30-50),SERVICIOS_HOGAR,TRANSF_SALIENTE,INGRESO_TRANSF,,
1072,1287,Moravia - Adulto Mayor (>50),PENSION,TRANSF_SALIENTE,INGRESO_TRANSF,,
1073,1288,Moravia - Joven (<30),TRANSF_SALIENTE,INGRESO_TRANSF,RETIRO_TARJETA,,
1074,1289,Moravia - Adulto Mayor (>50),SERVICIOS_HOGAR,PENSION,TRANSF_SALIENTE,,
1075,1290,Bohemia - Joven (<30),RETIRO_TARJETA,INGRESO_TRANSF,PRESTAMO,2081.48,74933.0
1076,1291,Praga - Adulto (30-50),RETIRO_TARJETA,INGRESO_TRANSF,PRESTAMO,2383.53,85807.0
1077,1292,Bohemia - Joven (<30),SERVICIOS_HOGAR,TRANSF_SALIENTE,INGRESO_TRANSF,,
1078,1293,Praga - Adulto Mayor (>50),TRANSF_SALIENTE,RETIRO_TARJETA,INGRESO_TRANSF,,
1079,1295,Moravia - Adulto Mayor (>50),PENSION,TRANSF_SALIENTE,PRESTAMO,2604.64,93767.0
1080,1296,Moravia - Adulto (30-50),TRANSF_SALIENTE,INGRESO_TRANSF,PRESTAMO,3015.29,108551.0
1081,1297,Moravia - Adulto Mayor (>50),TRANSF_SALIENTE,INGRESO_TRANSF,PRESTAMO,1219.73,43910.0
1082,1299,Bohemia - Adulto Mayor (>50),TRANSF_SALIENTE,RETIRO_TARJETA,INGRESO_TRANSF,,
1083,1300,Bohemia - Joven (<30),RETIRO_TARJETA,INGRESO_TRANSF,LEASING,,
1085,1303,Bohemia - Adulto Mayor (>50),PENSION,TRANSF_SALIENTE,RETIRO_TARJETA,,
1086,1304,Bohemia - Adulto Mayor (>50),PENSION,RETIRO_TARJETA,PRESTAMO,1013.45,36484.0
1087,1305,Moravia - Adulto Mayor (>50),SERVICIOS_HOGAR,PENSION,TRANSF_SALIENTE,,
1088,1306,Bohemia - Adulto Mayor (>50),TRANSF_SALIENTE,RETIRO_TARJETA,INGRESO_TRANSF,,
1089,1307,Moravia - Adulto (30-50),INGRESO_TRANSF,PRESTAMO,RETIRO_TARJETA,1656.0,59616.0
1090,1308,Moravia - Adulto (30-50),TRANSF_SALIENTE,INGRESO_TRANSF,PRESTAMO,2242.08,80715.0
1091,1309,Praga - Joven (<30),SERVICIOS_HOGAR,TRANSF_SALIENTE,RETIRO_TARJETA,,
1092,1310,Bohemia - Joven (<30),TRANSF_SALIENTE,INGRESO_TRANSF,PRESTAMO,1442.27,51922.0
1093,1311,Moravia - Adulto (30-50),TRANSF_SALIENTE,RETIRO_TARJETA,SEGURO,,
1094,1312,Bohemia - Adulto Mayor (>50),TRANSF_SALIENTE,RETIRO_TARJETA,INGRESO_TRANSF,,
1095,1313,Moravia - Joven (<30),INGRESO_TRANSF,RETIRO_TARJETA,PRESTAMO,2912.13,104837.0
1096,1315,Bohemia - Adulto Mayor (>50),TRANSF_SALIENTE,RETIRO_TARJETA,INGRESO_TRANSF,,
1097,1316,Moravia - Adulto Mayor (>50),PENSION,INGRESO_TRANSF,PRESTAMO,2593.23,93356.0
1098,1318,Bohemia - Adulto Mayor (>50),TRANSF_SALIENTE,RETIRO_TARJETA,INGRESO_TRANSF,,
1100,1321,Bohemia - Joven (<30),RETIRO_TARJETA,PRESTAMO,LEASING,765.96,27574.0
1101,1322,Bohemia - Adulto Mayor (>50),PENSION,TRANSF_SALIENTE,INGRESO_TRANSF,,
1102,1323,Moravia - Adulto Mayor (>50),PENSION,TRANSF_SALIENTE,INGRESO_TRANSF,,
1103,1324,Moravia - Adulto (30-50),SERVICIOS_HOGAR,TRANSF_SALIENTE,INGRESO_TRANSF,,
1104,1325,Bohemia - Adulto Mayor (>50),PENSION,TRANSF_SALIENTE,RETIRO_TARJETA,,
1105,1326,Moravia - Adulto (30-50),INGRESO_TRANSF,PRESTAMO,RETIRO_TARJETA,1343.57,48369.0
1106,1327,Bohemia - Adulto (30-50),SERVICIOS_HOGAR,TRANSF_SALIENTE,INGRESO_TRANSF,,
1107,1328,Bohemia - Adulto Mayor (>50),TRANSF_SALIENTE,RETIRO_TARJETA,INGRESO_TRANSF,,
1108,1329,Bohemia - Adulto Mayor (>50),TRANSF_SALIENTE,INGRESO_TRANSF,PRESTAMO,2199.6,79185.0
1109,1330,Moravia - Adulto (30-50),SERVICIOS_HOGAR,TRANSF_SALIENTE,INGRESO_TRANSF,,
1110,1331,Moravia - Adulto (30-50),TRANSF_SALIENTE,INGRESO_TRANSF,PRESTAMO,1819.74,65511.0
1111,1332,Bohemia - Adulto (30-50),TRANSF_SALIENTE,INGRESO_TRANSF,RETIRO_TARJETA,,
1112,1333,Bohemia - Adulto (30-50),SERVICIOS_HOGAR,TRANSF_SALIENTE,INGRESO_TRANSF,,
1113,1334,Bohemia - Joven (<30),RETIRO_TARJETA,INGRESO_TRANSF,PRESTAMO,2173.98,78263.0
1114,1335,Praga - Adulto (30-50),TRANSF_SALIENTE,RETIRO_TARJETA,INGRESO_TRANSF,,
1115,1337,Moravia - Joven (<30),TRANSF_SALIENTE,RETIRO_TARJETA,PRESTAMO,997.27,35902.0
1116,1339,Bohemia - Adulto (30-50),TRANSF_SALIENTE,INGRESO_TRANSF,PRESTAMO,2198.41,79143.0
1117,1340,Moravia - Adulto Mayor (>50),TRANSF_SALIENTE,INGRESO_TRANSF,PRESTAMO,1137.93,40966.0
1118,1341,Moravia - Adulto (30-50),INGRESO_TRANSF,PRESTAMO,RETIRO_TARJETA,1428.89,51440.0
1120,1343,Praga - Adulto Mayor (>50),TRANSF_SALIENTE,RETIRO_TARJETA,INGRESO_TRANSF,,
1121,1345,Bohemia - Adulto (30-50),SERVICIOS_HOGAR,TRANSF_SALIENTE,INGRESO_TRANSF,,
1122,1346,Bohemia - Adulto (30-50),SERVICIOS_HOGAR,TRANSF_SALIENTE,INGRESO_TRANSF,,
1123,1347,Bohemia - Joven (<30),RETIRO_TARJETA,INGRESO_TRANSF,PRESTAMO,1812.47,65249.0
1124,1349,Bohemia - Adulto (30-50),INGRESO_TRANSF,RETIRO_TARJETA,PRESTAMO,3515.04,126541.0
1125,1350,Praga - Adulto (30-50),RETIRO_TARJETA,INGRESO_TRANSF,PRESTAMO,2991.96,107711.0
1126,1352,Moravia - Joven (<30),TRANSF_SALIENTE,INGRESO_TRANSF,RETIRO_TARJETA,,
1127,1353,Bohemia - Adulto (30-50),TRANSF_SALIENTE,INGRESO_TRANSF,PRESTAMO,3570.14,128525.0
1128,1354,Moravia - Adulto Mayor (>50),TRANSF_SALIENTE,INGRESO_TRANSF,PRESTAMO,2100.04,75601.0
1129,1355,Bohemia - Joven (<30),RETIRO_TARJETA,INGRESO_TRANSF,PRESTAMO,2567.98,92447.0
1130,1356,Praga - Adulto Mayor (>50),TRANSF_SALIENTE,RETIRO_TARJETA,INGRESO_TRANSF,,
1132,1359,Praga - Adulto (30-50),SERVICIOS_HOGAR,TRANSF_SALIENTE,PRESTAMO,3836.74,138123.0
1133,1361,Praga - Adulto Mayor (>50),TRANSF_SALIENTE,RETIRO_TARJETA,INGRESO_TRANSF,,
1134,1363,Bohemia - Joven (<30),RETIRO_TARJETA,INGRESO_TRANSF,PRESTAMO,1333.08,47991.0
1135,1364,Praga - Adulto Mayor (>50),TRANSF_SALIENTE,RETIRO_TARJETA,INGRESO_TRANSF,,
1136,1366,Bohemia - Joven (<30),RETIRO_TARJETA,PRESTAMO,SEGURO,2461.77,88624.0
1137,1367,Moravia - Adulto (30-50),TRANSF_SALIENTE,PRESTAMO,RETIRO_TARJETA,902.98,32507.0
1138,1369,Bohemia - Joven (<30),SERVICIOS_HOGAR,TRANSF_SALIENTE,RETIRO_TARJETA,,
1139,1370,Bohemia - Adulto (30-50),INGRESO_TRANSF,RETIRO_TARJETA,PRESTAMO,3989.77,143632.0
1140,1371,Bohemia - Adulto Mayor (>50),PENSION,TRANSF_SALIENTE,RETIRO_TARJETA,,
1141,1372,Bohemia - Joven (<30),RETIRO_TARJETA,PRESTAMO,LEASING,1144.43,41199.0
1142,1373,Moravia - Joven (<30),TRANSF_SALIENTE,RETIRO_TARJETA,PRESTAMO,1170.46,42137.0
1144,1375,Moravia - Joven (<30),TRANSF_SALIENTE,RETIRO_TARJETA,PRESTAMO,1060.37,38173.0
1145,1376,Bohemia - Adulto (30-50),RETIRO_TARJETA,PRESTAMO,SEGURO,1039.61,37426.0
1146,1378,Moravia - Adulto Mayor (>50),PENSION,INGRESO_TRANSF,PRESTAMO,3721.06,133958.0
1147,1380,Bohemia - Adulto (30-50),SERVICIOS_HOGAR,TRANSF_SALIENTE,INGRESO_TRANSF,,
1149,1382,Bohemia - Joven (<30),SERVICIOS_HOGAR,TRANSF_SALIENTE,INGRESO_TRANSF,,
1150,1383,Bohemia - Joven (<30),SERVICIOS_HOGAR,TRANSF_SALIENTE,RETIRO_TARJETA,,
1151,1384,Bohemia - Adulto (30-50),TRANSF_SALIENTE,INGRESO_TRANSF,PRESTAMO,3839.74,138231.0
1152,1385,Bohemia - Adulto (30-50),TRANSF_SALIENTE,RETIRO_TARJETA,PRESTAMO,986.44,35512.0
1153,1387,Praga - Joven (<30),RETIRO_TARJETA,INGRESO_TRANSF,PRESTAMO,1506.0,54216.0
1154,1388,Bohemia - Adulto (30-50),TRANSF_SALIENTE,INGRESO_TRANSF,PRESTAMO,3785.91,136293.0
1155,1389,Bohemia - Adulto Mayor (>50),TRANSF_SALIENTE,RETIRO_TARJETA,INGRESO_TRANSF,,
1156,1390,Moravia - Joven (<30),SERVICIOS_HOGAR,TRANSF_SALIENTE,INGRESO_TRANSF,,
1157,1391,Bohemia - Adulto (30-50),SERVICIOS_HOGAR,TRANSF_SALIENTE,INGRESO_TRANSF,,
1158,1392,Bohemia - Adulto Mayor (>50),TRANSF_SALIENTE,RETIRO_TARJETA,INGRESO_TRANSF,,
1159,1394,Bohemia - Adulto Mayor (>50),PENSION,TRANSF_SALIENTE,RETIRO_TARJETA,,
1160,1396,Bohemia - Adulto Mayor (>50),PENSION,PRESTAMO,SEGURO,3441.33,123888.0
1161,1397,Moravia - Adulto Mayor (>50),TRANSF_SALIENTE,INGRESO_TRANSF,PRESTAMO,1337.61,48154.0
1164,1401,Bohemia - Joven (<30),SERVICIOS_HOGAR,TRANSF_SALIENTE,RETIRO_TARJETA,,
1165,1402,Bohemia - Adulto Mayor (>50),PENSION,TRANSF_SALIENTE,RETIRO_TARJETA,,
1166,1404,Bohemia - Adulto (30-50),TRANSF_SALIENTE,RETIRO_TARJETA,SEGURO,,
1168,1406,Bohemia - Adulto Mayor (>50),PENSION,RETIRO_TARJETA,INGRESO_TRANSF,,
1169,1408,Bohemia - Joven (<30),RETIRO_TARJETA,INGRESO_TRANSF,PRESTAMO,2891.38,104090.0
1170,1409,Bohemia - Adulto (30-50),TRANSF_SALIENTE,RETIRO_TARJETA,PRESTAMO,2391.3,86087.0
1171,1410,Bohemia - Adulto Mayor (>50),PENSION,TRANSF_SALIENTE,RETIRO_TARJETA,,
1172,1412,Bohemia - Joven (<30),SERVICIOS_HOGAR,TRANSF_SALIENTE,RETIRO_TARJETA,,
1173,1413,Bohemia - Joven (<30),RETIRO_TARJETA,PRESTAMO,SEGURO,860.51,30978.0
1174,1414,Moravia - Joven (<30),INGRESO_TRANSF,RETIRO_TARJETA,PRESTAMO,3369.82,121314.0
1176,1416,Bohemia - Adulto Mayor (>50),TRANSF_SALIENTE,RETIRO_TARJETA,INGRESO_TRANSF,,
1177,1417,Bohemia - Adulto (30-50),INGRESO_TRANSF,RETIRO_TARJETA,PRESTAMO,1776.8,63965.0
1178,1418,Bohemia - Joven (<30),TRANSF_SALIENTE,INGRESO_TRANSF,PRESTAMO,2516.95,90610.0
1179,1419,Moravia - Adulto Mayor (>50),TRANSF_SALIENTE,INGRESO_TRANSF,PRESTAMO,1007.73,36278.0
1180,1421,Bohemia - Adulto (30-50),SERVICIOS_HOGAR,TRANSF_SALIENTE,INGRESO_TRANSF,,
1181,1422,Moravia - Joven (<30),INGRESO_TRANSF,RETIRO_TARJETA,PRESTAMO,1288.8,46397.0
1182,1424,Bohemia - Adulto (30-50),SERVICIOS_HOGAR,TRANSF_SALIENTE,PRESTAMO,2400.45,86416.0
1183,1425,Bohemia - Adulto (30-50),INGRESO_TRANSF,RETIRO_TARJETA,PRESTAMO,1636.68,58920.0
1184,1427,Bohemia - Adulto (30-50),SERVICIOS_HOGAR,TRANSF_SALIENTE,RETIRO_TARJETA,,
1185,1428,Bohemia - Adulto Mayor (>50),TRANSF_SALIENTE,RETIRO_TARJETA,INGRESO_TRANSF,,
1186,1430,Moravia - Joven (<30),SERVICIOS_HOGAR,TRANSF_SALIENTE,INGRESO_TRANSF,,
1187,1431,Moravia - Adulto Mayor (>50),TRANSF_SALIENTE,INGRESO_TRANSF,PRESTAMO,1764.75,63531.0
1188,1432,Bohemia - Adulto (30-50),TRANSF_SALIENTE,INGRESO_TRANSF,RETIRO_TARJETA,,
1189,1433,Moravia - Adulto (30-50),PRESTAMO,RETIRO_TARJETA,SEGURO,1326.65,47759.0
1190,1435,Bohemia - Adulto (30-50),TRANSF_SALIENTE,INGRESO_TRANSF,RETIRO_TARJETA,,
1192,1438,Bohemia - Adulto (30-50),SERVICIOS_HOGAR,TRANSF_SALIENTE,INGRESO_TRANSF,,
1193,1439,Bohemia - Joven (<30),TRANSF_SALIENTE,RETIRO_TARJETA,INGRESO_TRANSF,,
1194,1440,Praga - Joven (<30),TRANSF_SALIENTE,INGRESO_TRANSF,PRESTAMO,2727.27,98182.0
1195,1441,Bohemia - Adulto Mayor (>50),TRANSF_SALIENTE,RETIRO_TARJETA,INGRESO_TRANSF,,
1196,1443,Bohemia - Adulto Mayor (>50),PENSION,TRANSF_SALIENTE,RETIRO_TARJETA,,
1197,1445,Moravia - Adulto Mayor (>50),PENSION,TRANSF_SALIENTE,PRESTAMO,1871.75,67383.0
1198,1446,Moravia - Adulto (30-50),SERVICIOS_HOGAR,TRANSF_SALIENTE,PRESTAMO,1998.02,71929.0
1199,1448,Bohemia - Adulto (30-50),INGRESO_TRANSF,RETIRO_TARJETA,PRESTAMO,1941.57,69897.0
1200,1449,Bohemia - Adulto (30-50),INGRESO_TRANSF,RETIRO_TARJETA,PRESTAMO,2655.11,95584.0
1201,1450,Moravia - Joven (<30),INGRESO_TRANSF,RETIRO_TARJETA,PRESTAMO,2229.75,80271.0
1203,1452,Moravia - Adulto Mayor (>50),PENSION,INGRESO_TRANSF,PRESTAMO,3512.4,126446.0
1204,1453,Bohemia - Adulto (30-50),INGRESO_TRANSF,PRESTAMO,SEGURO,3540.33,127452.0
1205,1454,Moravia - Adulto Mayor (>50),TRANSF_SALIENTE,INGRESO_TRANSF,PRESTAMO,1369.65,49307.0
1206,1456,Moravia - Adulto Mayor (>50),TRANSF_SALIENTE,INGRESO_TRANSF,PRESTAMO,1009.53,36343.0
1207,1458,Moravia - Adulto Mayor (>50),PENSION,TRANSF_SALIENTE,INGRESO_TRANSF,,
1208,1459,Bohemia - Joven (<30),RETIRO_TARJETA,INGRESO_TRANSF,PRESTAMO,2700.17,97206.0
1209,1460,Bohemia - Adulto Mayor (>50),TRANSF_SALIENTE,RETIRO_TARJETA,INGRESO_TRANSF,,
1210,1461,Bohemia - Joven (<30),SERVICIOS_HOGAR,TRANSF_SALIENTE,INGRESO_TRANSF,,
1211,1462,Bohemia - Adulto Mayor (>50),PENSION,RETIRO_TARJETA,INGRESO_TRANSF,,
1212,1463,Moravia - Adulto Mayor (>50),TRANSF_SALIENTE,INGRESO_TRANSF,PRESTAMO,1021.94,36790.0
1213,1464,Bohemia - Adulto Mayor (>50),TRANSF_SALIENTE,RETIRO_TARJETA,INGRESO_TRANSF,,
1214,1466,Bohemia - Adulto (30-50),TRANSF_SALIENTE,INGRESO_TRANSF,RETIRO_TARJETA,,
1215,1467,Moravia - Adulto Mayor (>50),TRANSF_SALIENTE,INGRESO_TRANSF,PRESTAMO,1235.5,44478.0
1216,1468,Moravia - Adulto Mayor (>50),PENSION,TRANSF_SALIENTE,PRESTAMO,1144.45,41200.0
1217,1469,Moravia - Adulto (30-50),PRESTAMO,RETIRO_TARJETA,SEGURO,1040.84,37470.0
1218,1470,Praga - Adulto Mayor (>50),SERVICIOS_HOGAR,PENSION,TRANSF_SALIENTE,,
1219,1472,Praga - Adulto (30-50),TRANSF_SALIENTE,RETIRO_TARJETA,INGRESO_TRANSF,,
1220,1473,Praga - Adulto Mayor (>50),TRANSF_SALIENTE,INGRESO_TRANSF,PRESTAMO,2152.33,77484.0
1221,1474,Bohemia - Joven (<30),SERVICIOS_HOGAR,TRANSF_SALIENTE,RETIRO_TARJETA,,
1222,1475,Bohemia - Adulto Mayor (>50),TRANSF_SALIENTE,RETIRO_TARJETA,INGRESO_TRANSF,,
1223,1476,Moravia - Joven (<30),INGRESO_TRANSF,RETIRO_TARJETA,PRESTAMO,2282.19,82159.0
1225,1478,Bohemia - Joven (<30),SERVICIOS_HOGAR,TRANSF_SALIENTE,INGRESO_TRANSF,,
1226,1479,Praga - Adulto (30-50),TRANSF_SALIENTE,RETIRO_TARJETA,INGRESO_TRANSF,,
1227,1480,Moravia - Adulto Mayor (>50),PENSION,INGRESO_TRANSF,PRESTAMO,1963.7,70693.0
1228,1481,Moravia - Adulto Mayor (>50),TRANSF_SALIENTE,INGRESO_TRANSF,PRESTAMO,1881.08,67719.0
1229,1482,Bohemia - Adulto (30-50),TRANSF_SALIENTE,INGRESO_TRANSF,RETIRO_TARJETA,,
1230,1483,Praga - Adulto (30-50),SERVICIOS_HOGAR,TRANSF_SALIENTE,RETIRO_TARJETA,,
1231,1485,Bohemia - Joven (<30),TRANSF_SALIENTE,RETIRO_TARJETA,INGRESO_TRANSF,,
1232,1487,Bohemia - Joven (<30),SERVICIOS_HOGAR,TRANSF_SALIENTE,RETIRO_TARJETA,,
1233,1488,Bohemia - Adulto (30-50),TRANSF_SALIENTE,RETIRO_TARJETA,PRESTAMO,879.98,31679.0
1234,1489,Bohemia - Adulto Mayor (>50),TRANSF_SALIENTE,RETIRO_TARJETA,INGRESO_TRANSF,,
1235,1490,Bohemia - Adulto Mayor (>50),TRANSF_SALIENTE,RETIRO_TARJETA,INGRESO_TRANSF,,
1236,1491,Bohemia - Joven (<30),SERVICIOS_HOGAR,TRANSF_SALIENTE,RETIRO_TARJETA,,
1237,1492,Bohemia - Adulto (30-50),SERVICIOS_HOGAR,TRANSF_SALIENTE,INGRESO_TRANSF,,
1238,1493,Praga - Adulto Mayor (>50),TRANSF_SALIENTE,RETIRO_TARJETA,INGRESO_TRANSF,,
1239,1495,Praga - Adulto Mayor (>50),TRANSF_SALIENTE,RETIRO_TARJETA,INGRESO_TRANSF,,
1240,1496,Praga - Adulto Mayor (>50),PENSION,TRANSF_SALIENTE,RETIRO_TARJETA,,
1241,1497,Moravia - Adulto Mayor (>50),PENSION,INGRESO_TRANSF,PRESTAMO,1055.74,38007.0
1242,1499,Moravia - Adulto (30-50),INGRESO_TRANSF,RETIRO_TARJETA,LEASING,,
1243,1500,Praga - Joven (<30),SERVICIOS_HOGAR,TRANSF_SALIENTE,INGRESO_TRANSF,,
1244,1501,Moravia - Adulto Mayor (>50),PENSION,INGRESO_TRANSF,RETIRO_TARJETA,,
1245,1502,Moravia - Joven (<30),TRANSF_SALIENTE,INGRESO_TRANSF,RETIRO_TARJETA,,
1246,1503,Moravia - Adulto Mayor (>50),TRANSF_SALIENTE,INGRESO_TRANSF,PRESTAMO,1295.27,46630.0
1247,1505,Moravia - Joven (<30),SERVICIOS_HOGAR,TRANSF_SALIENTE,INGRESO_TRANSF,,
1248,1506,Bohemia - Adulto Mayor (>50),TRANSF_SALIENTE,RETIRO_TARJETA,INGRESO_TRANSF,,
1249,1508,Moravia - Adulto (30-50),PRESTAMO,RETIRO_TARJETA,LEASING,1998.19,71935.0
1250,1509,Moravia - Adulto Mayor (>50),PENSION,RETIRO_TARJETA,SEGURO,,
1251,1510,Bohemia - Adulto Mayor (>50),PENSION,TRANSF_SALIENTE,RETIRO_TARJETA,,
1252,1511,Bohemia - Adulto (30-50),SERVICIOS_HOGAR,TRANSF_SALIENTE,RETIRO_TARJETA,,
1253,1512,Bohemia - Adulto Mayor (>50),PENSION,INGRESO_TRANSF,PRESTAMO,2959.04,106526.0
1254,1513,Moravia - Adulto (30-50),SERVICIOS_HOGAR,TRANSF_SALIENTE,INGRESO_TRANSF,,
1255,1514,Moravia - Adulto (30-50),SERVICIOS_HOGAR,TRANSF_SALIENTE,PRESTAMO,2379.75,85671.0
1256,1516,Bohemia - Adulto Mayor (>50),PENSION,RETIRO_TARJETA,INGRESO_TRANSF,,
1257,1517,Moravia - Adulto (30-50),TRANSF_SALIENTE,INGRESO_TRANSF,PRESTAMO,2193.49,78966.0
1258,1518,Bohemia - Adulto (30-50),RETIRO_TARJETA,PRESTAMO,SEGURO,888.21,31976.0
1259,1520,Moravia - Adulto (30-50),INGRESO_TRANSF,PRESTAMO,RETIRO_TARJETA,1491.15,53682.0
1260,1521,Bohemia - Joven (<30),TRANSF_SALIENTE,RETIRO_TARJETA,INGRESO_TRANSF,,
1261,1522,Bohemia - Adulto (30-50),TRANSF_SALIENTE,INGRESO_TRANSF,PRESTAMO,2867.87,103243.0
1262,1523,Bohemia - Adulto Mayor (>50),TRANSF_SALIENTE,RETIRO_TARJETA,INGRESO_TRANSF,,
1263,1524,Bohemia - Adulto (30-50),SERVICIOS_HOGAR,TRANSF_SALIENTE,INGRESO_TRANSF,,
1264,1525,Praga - Adulto Mayor (>50),PENSION,TRANSF_SALIENTE,INGRESO_TRANSF,,
1265,1527,Bohemia - Adulto Mayor (>50),TRANSF_SALIENTE,RETIRO_TARJETA,INGRESO_TRANSF,,
1266,1528,Moravia - Adulto (30-50),TRANSF_SALIENTE,INGRESO_TRANSF,PRESTAMO,2036.55,73316.0
1267,1529,Bohemia - Joven (<30),INGRESO_TRANSF,PRESTAMO,LEASING,2010.61,72382.0
1268,1530,Moravia - Adulto Mayor (>50),PENSION,TRANSF_SALIENTE,PRESTAMO,1766.79,63604.0
1269,1531,Bohemia - Adulto (30-50),INGRESO_TRANSF,RETIRO_TARJETA,PRESTAMO,1676.31,60347.0
1270,1533,Moravia - Adulto (30-50),TRANSF_SALIENTE,RETIRO_TARJETA,SEGURO,,
1271,1534,Bohemia - Adulto (30-50),TRANSF_SALIENTE,INGRESO_TRANSF,RETIRO_TARJETA,,
1272,1535,Bohemia - Adulto Mayor (>50),SERVICIOS_HOGAR,PENSION,TRANSF_SALIENTE,,
1273,1536,Bohemia - Adulto (30-50),TRANSF_SALIENTE,INGRESO_TRANSF,PRESTAMO,2892.4,104126.0
1274,1537,Moravia - Joven (<30),SERVICIOS_HOGAR,TRANSF_SALIENTE,INGRESO_TRANSF,,
1275,1539,Bohemia - Adulto Mayor (>50),TRANSF_SALIENTE,RETIRO_TARJETA,INGRESO_TRANSF,,
1276,1540,Bohemia - Adulto Mayor (>50),PENSION,RETIRO_TARJETA,INGRESO_TRANSF,,
1277,1542,Bohemia - Adulto Mayor (>50),TRANSF_SALIENTE,RETIRO_TARJETA,INGRESO_TRANSF,,
1279,1546,Bohemia - Adulto Mayor (>50),TRANSF_SALIENTE,RETIRO_TARJETA,INGRESO_TRANSF,,
1280,1548,Moravia - Adulto Mayor (>50),TRANSF_SALIENTE,INGRESO_TRANSF,PRESTAMO,1661.46,59813.0
1281,1550,Bohemia - Adulto Mayor (>50),SERVICIOS_HOGAR,PENSION,TRANSF_SALIENTE,,
1284,1554,Moravia - Adulto Mayor (>50),SERVICIOS_HOGAR,PENSION,TRANSF_SALIENTE,,
1285,1555,Bohemia - Adulto (30-50),TRANSF_SALIENTE,INGRESO_TRANSF,RETIRO_TARJETA,,
1286,1556,Moravia - Adulto (30-50),TRANSF_SALIENTE,INGRESO_TRANSF,PRESTAMO,3824.63,137687.0
1287,1557,Bohemia - Adulto (30-50),RETIRO_TARJETA,PRESTAMO,LEASING,2738.47,98585.0
1288,1558,Bohemia - Adulto Mayor (>50),TRANSF_SALIENTE,RETIRO_TARJETA,INGRESO_TRANSF,,
1289,1559,Moravia - Adulto Mayor (>50),PENSION,TRANSF_SALIENTE,INGRESO_TRANSF,,
1291,1561,Praga - Adulto Mayor (>50),TRANSF_SALIENTE,RETIRO_TARJETA,INGRESO_TRANSF,,
1292,1563,Bohemia - Joven (<30),RETIRO_TARJETA,INGRESO_TRANSF,PRESTAMO,2563.43,92283.0
1293,1564,Bohemia - Adulto Mayor (>50),PENSION,TRANSF_SALIENTE,RETIRO_TARJETA,,
1294,1565,Moravia - Adulto (30-50),INGRESO_TRANSF,PRESTAMO,RETIRO_TARJETA,1677.97,60407.0
1295,1566,Bohemia - Adulto (30-50),TRANSF_SALIENTE,INGRESO_TRANSF,RETIRO_TARJETA,,
1296,1567,Bohemia - Adulto Mayor (>50),TRANSF_SALIENTE,RETIRO_TARJETA,INGRESO_TRANSF,,
1297,1569,Moravia - Adulto (30-50),INGRESO_TRANSF,PRESTAMO,RETIRO_TARJETA,3075.21,110707.0
1298,1571,Bohemia - Adulto (30-50),TRANSF_SALIENTE,INGRESO_TRANSF,RETIRO_TARJETA,,
1299,1572,Praga - Adulto (30-50),RETIRO_TARJETA,PRESTAMO,SEGURO,1252.28,45082.0
1301,1574,Bohemia - Joven (<30),SERVICIOS_HOGAR,TRANSF_SALIENTE,RETIRO_TARJETA,,
1302,1575,Moravia - Adulto Mayor (>50),TRANSF_SALIENTE,INGRESO_TRANSF,PRESTAMO,1311.12,47200.0
1303,1577,Bohemia - Adulto Mayor (>50),PENSION,TRANSF_SALIENTE,RETIRO_TARJETA,,
1304,1578,Bohemia - Joven (<30),SERVICIOS_HOGAR,TRANSF_SALIENTE,INGRESO_TRANSF,,
1305,1579,Bohemia - Adulto (30-50),SERVICIOS_HOGAR,TRANSF_SALIENTE,INGRESO_TRANSF,,
1306,1580,Praga - Adulto (30-50),RETIRO_TARJETA,INGRESO_TRANSF,PRESTAMO,1865.11,67144.0
1307,1581,Moravia - Adulto (30-50),TRANSF_SALIENTE,INGRESO_TRANSF,PRESTAMO,1209.24,43533.0
1308,1582,Moravia - Adulto Mayor (>50),TRANSF_SALIENTE,INGRESO_TRANSF,PRESTAMO,1502.52,54091.0
1309,1583,Praga - Joven (<30),TRANSF_SALIENTE,PRESTAMO,SEGURO,3097.33,111504.0
1310,1584,Praga - Adulto (30-50),SERVICIOS_HOGAR,TRANSF_SALIENTE,RETIRO_TARJETA,,
1311,1585,Moravia - Adulto Mayor (>50),PENSION,TRANSF_SALIENTE,INGRESO_TRANSF,,
1312,1587,Bohemia - Adulto Mayor (>50),TRANSF_SALIENTE,RETIRO_TARJETA,INGRESO_TRANSF,,
1313,1588,Bohemia - Adulto (30-50),SERVICIOS_HOGAR,TRANSF_SALIENTE,INGRESO_TRANSF,,
1314,1589,Bohemia - Adulto (30-50),TRANSF_SALIENTE,INGRESO_TRANSF,PRESTAMO,2658.11,95692.0
1315,1590,Bohemia - Adulto Mayor (>50),PENSION,RETIRO_TARJETA,INGRESO_TRANSF,,
1316,1591,Bohemia - Adulto (30-50),RETIRO_TARJETA,PRESTAMO,LEASING,909.99,32760.0
1317,1592,Moravia - Adulto Mayor (>50),TRANSF_SALIENTE,INGRESO_TRANSF,PRESTAMO,1552.07,55875.0
1318,1594,Moravia - Adulto Mayor (>50),PENSION,INGRESO_TRANSF,RETIRO_TARJETA,,
1319,1595,Moravia - Adulto (30-50),INGRESO_TRANSF,PRESTAMO,RETIRO_TARJETA,3090.46,111257.0
1320,1596,Moravia - Joven (<30),INGRESO_TRANSF,RETIRO_TARJETA,PRESTAMO,1425.72,51326.0
1321,1597,Moravia - Adulto (30-50),TRANSF_SALIENTE,INGRESO_TRANSF,PRESTAMO,1322.99,47628.0
1322,1598,Moravia - Adulto Mayor (>50),TRANSF_SALIENTE,INGRESO_TRANSF,PRESTAMO,1099.7,39589.0
1323,1599,Bohemia - Adulto (30-50),TRANSF_SALIENTE,INGRESO_TRANSF,RETIRO_TARJETA,,
1324,1601,Bohemia - Joven (<30),RETIRO_TARJETA,INGRESO_TRANSF,PRESTAMO,2998.37,107941.0
1325,1603,Bohemia - Adulto (30-50),RETIRO_TARJETA,PRESTAMO,SEGURO,1035.97,37295.0
1326,1605,Bohemia - Joven (<30),RETIRO_TARJETA,INGRESO_TRANSF,PRESTAMO,1208.2,43495.0
1327,1606,Moravia - Joven (<30),SERVICIOS_HOGAR,TRANSF_SALIENTE,INGRESO_TRANSF,,
1328,1607,Bohemia - Adulto Mayor (>50),SERVICIOS_HOGAR,PENSION,TRANSF_SALIENTE,,
1329,1608,Moravia - Adulto Mayor (>50),PENSION,RETIRO_TARJETA,SEGURO,,
1330,1610,Moravia - Adulto Mayor (>50),PENSION,TRANSF_SALIENTE,INGRESO_TRANSF,,
1331,1611,Moravia - Adulto (30-50),PRESTAMO,RETIRO_TARJETA,SEGURO,1475.8,53129.0
1332,1613,Bohemia - Adulto (30-50),TRANSF_SALIENTE,INGRESO_TRANSF,RETIRO_TARJETA,,
1333,1614,Bohemia - Adulto Mayor (>50),PENSION,TRANSF_SALIENTE,RETIRO_TARJETA,,
1334,1615,Moravia - Adulto (30-50),SERVICIOS_HOGAR,TRANSF_SALIENTE,INGRESO_TRANSF,,
1335,1616,Moravia - Adulto Mayor (>50),PENSION,INGRESO_TRANSF,PRESTAMO,2248.15,80933.0
1336,1617,Bohemia - Adulto (30-50),TRANSF_SALIENTE,INGRESO_TRANSF,RETIRO_TARJETA,,
1337,1618,Bohemia - Joven (<30),TRANSF_SALIENTE,RETIRO_TARJETA,INGRESO_TRANSF,,
1338,1619,Moravia - Adulto Mayor (>50),PENSION,INGRESO_TRANSF,PRESTAMO,3054.56,109964.0
1339,1621,Moravia - Adulto (30-50),SERVICIOS_HOGAR,TRANSF_SALIENTE,INGRESO_TRANSF,,
1340,1622,Bohemia - Adulto (30-50),RETIRO_TARJETA,PRESTAMO,LEASING,1209.73,43550.0
1341,1623,Bohemia - Adulto (30-50),TRANSF_SALIENTE,RETIRO_TARJETA,PRESTAMO,971.83,34986.0
1342,1624,Bohemia - Adulto (30-50),INGRESO_TRANSF,RETIRO_TARJETA,PRESTAMO,2450.82,88230.0
1344,1628,Bohemia - Adulto (30-50),SERVICIOS_HOGAR,TRANSF_SALIENTE,INGRESO_TRANSF,,
1345,1629,Bohemia - Adulto (30-50),INGRESO_TRANSF,PRESTAMO,SEGURO,2924.94,105298.0
1346,1631,Moravia - Joven (<30),RETIRO_TARJETA,PRESTAMO,SEGURO,1061.14,38201.0
1347,1632,Bohemia - Adulto Mayor (>50),PENSION,TRANSF_SALIENTE,RETIRO_TARJETA,,
1348,1633,Moravia - Joven (<30),INGRESO_TRANSF,RETIRO_TARJETA,PRESTAMO,2330.3,83891.0
1349,1635,Moravia - Adulto Mayor (>50),TRANSF_SALIENTE,INGRESO_TRANSF,PRESTAMO,1010.33,36372.0
1350,1637,Bohemia - Adulto Mayor (>50),PENSION,RETIRO_TARJETA,INGRESO_TRANSF,,
1351,1638,Bohemia - Adulto (30-50),TRANSF_SALIENTE,RETIRO_TARJETA,PRESTAMO,1252.97,45107.0
1352,1639,Praga - Adulto (30-50),RETIRO_TARJETA,INGRESO_TRANSF,PRESTAMO,3065.22,110348.0
1353,1640,Bohemia - Adulto (30-50),INGRESO_TRANSF,RETIRO_TARJETA,PRESTAMO,1856.0,66816.0
1354,1641,Bohemia - Adulto Mayor (>50),TRANSF_SALIENTE,RETIRO_TARJETA,INGRESO_TRANSF,,
1355,1642,Praga - Adulto (30-50),TRANSF_SALIENTE,RETIRO_TARJETA,INGRESO_TRANSF,,
1356,1643,Bohemia - Joven (<30),SERVICIOS_HOGAR,TRANSF_SALIENTE,RETIRO_TARJETA,,
1357,1644,Moravia - Joven (<30),TRANSF_SALIENTE,RETIRO_TARJETA,PRESTAMO,2220.17,79926.0
1358,1645,Bohemia - Adulto (30-50),TRANSF_SALIENTE,INGRESO_TRANSF,RETIRO_TARJETA,,
1359,1646,Bohemia - Adulto (30-50),SERVICIOS_HOGAR,TRANSF_SALIENTE,INGRESO_TRANSF,,
1360,1647,Moravia - Joven (<30),SERVICIOS_HOGAR,TRANSF_SALIENTE,INGRESO_TRANSF,,
1361,1648,Bohemia - Adulto (30-50),TRANSF_SALIENTE,INGRESO_TRANSF,RETIRO_TARJETA,,
1362,1650,Praga - Adulto (30-50),SERVICIOS_HOGAR,TRANSF_SALIENTE,RETIRO_TARJETA,,
1363,1651,Bohemia - Adulto (30-50),INGRESO_TRANSF,RETIRO_TARJETA,PRESTAMO,3012.97,108467.0
1365,1653,Bohemia - Adulto Mayor (>50),PENSION,TRANSF_SALIENTE,RETIRO_TARJETA,,
1366,1654,Moravia - Adulto (30-50),INGRESO_TRANSF,PRESTAMO,RETIRO_TARJETA,1538.44,55384.0
1367,1655,Moravia - Joven (<30),INGRESO_TRANSF,RETIRO_TARJETA,PRESTAMO,1540.23,55448.0
1368,1656,Bohemia - Adulto (30-50),TRANSF_SALIENTE,INGRESO_TRANSF,RETIRO_TARJETA,,
1369,1657,Bohemia - Adulto Mayor (>50),PENSION,RETIRO_TARJETA,INGRESO_TRANSF,,
1370,1658,Bohemia - Adulto Mayor (>50),TRANSF_SALIENTE,RETIRO_TARJETA,INGRESO_TRANSF,,
1371,1659,Praga - Adulto Mayor (>50),TRANSF_SALIENTE,RETIRO_TARJETA,INGRESO_TRANSF,,
1372,1660,Praga - Joven (<30),SERVICIOS_HOGAR,TRANSF_SALIENTE,RETIRO_TARJETA,,
1373,1661,Bohemia - Adulto (30-50),RETIRO_TARJETA,PRESTAMO,SEGURO,1018.93,36681.0
1374,1662,Moravia - Adulto (30-50),SERVICIOS_HOGAR,TRANSF_SALIENTE,RETIRO_TARJETA,,
1375,1663,Bohemia - Adulto (30-50),TRANSF_SALIENTE,INGRESO_TRANSF,RETIRO_TARJETA,,
1376,1664,Moravia - Adulto Mayor (>50),TRANSF_SALIENTE,INGRESO_TRANSF,PRESTAMO,1185.54,42679.0
1377,1666,Praga - Adulto Mayor (>50),PENSION,TRANSF_SALIENTE,RETIRO_TARJETA,,
1378,1668,Bohemia - Adulto (30-50),INGRESO_TRANSF,PRESTAMO,LEASING,3811.0,137196.0
1379,1669,Bohemia - Adulto (30-50),TRANSF_SALIENTE,INGRESO_TRANSF,PRESTAMO,2092.06,75314.0
1380,1670,Moravia - Adulto (30-50),INGRESO_TRANSF,PRESTAMO,RETIRO_TARJETA,2804.66,100968.0
1381,1671,Moravia - Adulto Mayor (>50),TRANSF_SALIENTE,INGRESO_TRANSF,PRESTAMO,1044.85,37615.0
1382,1673,Bohemia - Joven (<30),TRANSF_SALIENTE,RETIRO_TARJETA,PRESTAMO,1092.66,39336.0
1383,1674,Bohemia - Adulto Mayor (>50),TRANSF_SALIENTE,RETIRO_TARJETA,INGRESO_TRANSF,,
1384,1675,Moravia - Adulto Mayor (>50),SERVICIOS_HOGAR,PENSION,TRANSF_SALIENTE,,
1385,1676,Moravia - Adulto (30-50),TRANSF_SALIENTE,INGRESO_TRANSF,PRESTAMO,3263.26,117477.0
1387,1679,Moravia - Adulto Mayor (>50),SERVICIOS_HOGAR,PENSION,TRANSF_SALIENTE,,
1388,1680,Bohemia - Joven (<30),SERVICIOS_HOGAR,TRANSF_SALIENTE,INGRESO_TRANSF,,
1389,1681,Bohemia - Adulto Mayor (>50),PENSION,TRANSF_SALIENTE,RETIRO_TARJETA,,
1390,1682,Moravia - Adulto (30-50),INGRESO_TRANSF,PRESTAMO,RETIRO_TARJETA,1499.22,53972.0
1391,1683,Bohemia - Adulto (30-50),TRANSF_SALIENTE,INGRESO_TRANSF,RETIRO_TARJETA,,
1392,1685,Moravia - Adulto Mayor (>50),PENSION,INGRESO_TRANSF,PRESTAMO,3467.79,124840.0
1393,1686,Praga - Adulto Mayor (>50),PENSION,TRANSF_SALIENTE,RETIRO_TARJETA,,
1394,1688,Bohemia - Adulto Mayor (>50),TRANSF_SALIENTE,RETIRO_TARJETA,INGRESO_TRANSF,,
1395,1689,Praga - Adulto Mayor (>50),PENSION,TRANSF_SALIENTE,RETIRO_TARJETA,,
1396,1690,Bohemia - Adulto Mayor (>50),PENSION,TRANSF_SALIENTE,INGRESO_TRANSF,,
1397,1691,Bohemia - Joven (<30),TRANSF_SALIENTE,INGRESO_TRANSF,PRESTAMO,2015.63,72563.0
1398,1692,Moravia - Joven (<30),SERVICIOS_HOGAR,TRANSF_SALIENTE,INGRESO_TRANSF,,
1399,1693,Bohemia - Joven (<30),RETIRO_TARJETA,INGRESO_TRANSF,PRESTAMO,1722.76,62019.0
1401,1696,Praga - Adulto Mayor (>50),TRANSF_SALIENTE,RETIRO_TARJETA,INGRESO_TRANSF,,
1402,1697,Moravia - Adulto (30-50),INGRESO_TRANSF,PRESTAMO,RETIRO_TARJETA,1657.56,59672.0
1403,1699,Bohemia - Adulto (30-50),TRANSF_SALIENTE,INGRESO_TRANSF,RETIRO_TARJETA,,
1404,1700,Bohemia - Adulto (30-50),INGRESO_TRANSF,RETIRO_TARJETA,PRESTAMO,3126.73,112562.0
1405,1702,Moravia - Joven (<30),RETIRO_TARJETA,PRESTAMO,SEGURO,1900.86,68431.0
1406,1703,Bohemia - Adulto Mayor (>50),TRANSF_SALIENTE,RETIRO_TARJETA,INGRESO_TRANSF,,
1407,1705,Bohemia - Adulto Mayor (>50),PENSION,TRANSF_SALIENTE,RETIRO_TARJETA,,
1408,1707,Bohemia - Adulto (30-50),SERVICIOS_HOGAR,TRANSF_SALIENTE,PRESTAMO,4047.28,145702.0
1410,1709,Moravia - Adulto (30-50),TRANSF_SALIENTE,INGRESO_TRANSF,PRESTAMO,3860.33,138972.0
1411,1710,Moravia - Adulto Mayor (>50),PENSION,TRANSF_SALIENTE,INGRESO_TRANSF,,
1412,1711,Moravia - Adulto (30-50),INGRESO_TRANSF,PRESTAMO,RETIRO_TARJETA,1632.16,58758.0
1413,1713,Moravia - Adulto Mayor (>50),PENSION,INGRESO_TRANSF,PRESTAMO,1618.12,58252.0
1414,1714,Moravia - Adulto Mayor (>50),PENSION,INGRESO_TRANSF,PRESTAMO,1590.1,57244.0
1416,1717,Moravia - Joven (<30),SERVICIOS_HOGAR,TRANSF_SALIENTE,INGRESO_TRANSF,,
1417,1718,Moravia - Adulto Mayor (>50),PENSION,TRANSF_SALIENTE,INGRESO_TRANSF,,
1418,1719,Bohemia - Joven (<30),TRANSF_SALIENTE,RETIRO_TARJETA,INGRESO_TRANSF,,
1419,1720,Bohemia - Adulto Mayor (>50),TRANSF_SALIENTE,RETIRO_TARJETA,INGRESO_TRANSF,,
1420,1722,Moravia - Adulto Mayor (>50),TRANSF_SALIENTE,INGRESO_TRANSF,PRESTAMO,1463.6,52690.0
1421,1723,Moravia - Joven (<30),SERVICIOS_HOGAR,TRANSF_SALIENTE,INGRESO_TRANSF,,
1422,1724,Moravia - Adulto Mayor (>50),TRANSF_SALIENTE,INGRESO_TRANSF,PRESTAMO,1447.65,52115.0
1423,1725,Moravia - Adulto (30-50),INGRESO_TRANSF,PRESTAMO,RETIRO_TARJETA,999.47,35981.0
1424,1727,Bohemia - Adulto (30-50),TRANSF_SALIENTE,INGRESO_TRANSF,RETIRO_TARJETA,,
1425,1729,Moravia - Adulto Mayor (>50),PENSION,TRANSF_SALIENTE,INGRESO_TRANSF,,
1426,1730,Bohemia - Adulto Mayor (>50),TRANSF_SALIENTE,RETIRO_TARJETA,INGRESO_TRANSF,,
1427,1731,Bohemia - Adulto (30-50),TRANSF_SALIENTE,INGRESO_TRANSF,RETIRO_TARJETA,,
1429,1733,Moravia - Joven (<30),TRANSF_SALIENTE,RETIRO_TARJETA,PRESTAMO,1320.78,47548.0
1430,1734,Bohemia - Joven (<30),SERVICIOS_HOGAR,TRANSF_SALIENTE,RETIRO_TARJETA,,
1431,1736,Bohemia - Joven (<30),SERVICIOS_HOGAR,TRANSF_SALIENTE,INGRESO_TRANSF,,
1432,1737,Bohemia - Adulto (30-50),TRANSF_SALIENTE,RETIRO_TARJETA,PRESTAMO,1892.96,68146.0
1434,1741,Moravia - Adulto Mayor (>50),TRANSF_SALIENTE,INGRESO_TRANSF,PRESTAMO,935.48,33677.0
1435,1742,Praga - Adulto (30-50),TRANSF_SALIENTE,RETIRO_TARJETA,INGRESO_TRANSF,,
1436,1743,Bohemia - Adulto (30-50),TRANSF_SALIENTE,INGRESO_TRANSF,RETIRO_TARJETA,,
1437,1744,Bohemia - Joven (<30),RETIRO_TARJETA,PRESTAMO,LEASING,1212.91,43665.0
1438,1745,Bohemia - Adulto (30-50),SERVICIOS_HOGAR,TRANSF_SALIENTE,INGRESO_TRANSF,,
1439,1746,Bohemia - Adulto (30-50),TRANSF_SALIENTE,RETIRO_TARJETA,PRESTAMO,897.91,32325.0
1440,1748,Moravia - Joven (<30),RETIRO_TARJETA,PRESTAMO,LEASING,1179.68,42469.0
1441,1749,Bohemia - Adulto Mayor (>50),TRANSF_SALIENTE,RETIRO_TARJETA,INGRESO_TRANSF,,
1442,1750,Bohemia - Adulto (30-50),TRANSF_SALIENTE,INGRESO_TRANSF,RETIRO_TARJETA,,
1443,1751,Moravia - Adulto (30-50),TRANSF_SALIENTE,INGRESO_TRANSF,PRESTAMO,2215.73,79766.0
1444,1752,Moravia - Joven (<30),TRANSF_SALIENTE,RETIRO_TARJETA,PRESTAMO,1972.25,71001.0
1445,1753,Moravia - Joven (<30),INGRESO_TRANSF,RETIRO_TARJETA,PRESTAMO,1395.58,50241.0
1446,1754,Moravia - Joven (<30),TRANSF_SALIENTE,INGRESO_TRANSF,PRESTAMO,3293.83,118578.0
1447,1755,Moravia - Adulto (30-50),TRANSF_SALIENTE,RETIRO_TARJETA,SEGURO,,
1448,1756,Praga - Adulto Mayor (>50),SERVICIOS_HOGAR,PENSION,TRANSF_SALIENTE,,
1449,1758,Bohemia - Adulto Mayor (>50),PENSION,INGRESO_TRANSF,PRESTAMO,2098.15,75533.0
1450,1759,Moravia - Adulto Mayor (>50),TRANSF_SALIENTE,INGRESO_TRANSF,PRESTAMO,2139.75,77031.0
1451,1760,Moravia - Adulto Mayor (>50),TRANSF_SALIENTE,INGRESO_TRANSF,PRESTAMO,1281.52,46135.0
1452,1761,Bohemia - Adulto Mayor (>50),SERVICIOS_HOGAR,PENSION,TRANSF_SALIENTE,,
1453,1762,Moravia - Adulto (30-50),TRANSF_SALIENTE,INGRESO_TRANSF,PRESTAMO,3311.37,119209.0
1454,1763,Bohemia - Adulto (30-50),SERVICIOS_HOGAR,TRANSF_SALIENTE,INGRESO_TRANSF,,
1455,1764,Moravia - Joven (<30),SERVICIOS_HOGAR,TRANSF_SALIENTE,INGRESO_TRANSF,,
1456,1765,Bohemia - Joven (<30),SERVICIOS_HOGAR,TRANSF_SALIENTE,INGRESO_TRANSF,,
1458,1768,Bohemia - Adulto (30-50),TRANSF_SALIENTE,INGRESO_TRANSF,RETIRO_TARJETA,,
1459,1769,Bohemia - Adulto (30-50),RETIRO_TARJETA,PRESTAMO,SEGURO,811.22,29204.0
1460,1771,Moravia - Adulto Mayor (>50),TRANSF_SALIENTE,INGRESO_TRANSF,PRESTAMO,1234.0,44424.0
1461,1772,Moravia - Joven (<30),TRANSF_SALIENTE,RETIRO_TARJETA,PRESTAMO,3750.7,135025.0
1463,1774,Bohemia - Joven (<30),RETIRO_TARJETA,PRESTAMO,SEGURO,1479.67,53268.0
1464,1775,Moravia - Adulto Mayor (>50),SERVICIOS_HOGAR,PENSION,TRANSF_SALIENTE,,
1465,1776,Bohemia - Adulto (30-50),RETIRO_TARJETA,PRESTAMO,SEGURO,1315.99,47375.0
1466,1777,Moravia - Adulto (30-50),SERVICIOS_HOGAR,TRANSF_SALIENTE,INGRESO_TRANSF,,
1467,1779,Bohemia - Adulto Mayor (>50),PENSION,TRANSF_SALIENTE,INGRESO_TRANSF,,
1468,1780,Moravia - Adulto (30-50),PRESTAMO,RETIRO_TARJETA,SEGURO,1059.52,38143.0
1469,1781,Moravia - Adulto Mayor (>50),TRANSF_SALIENTE,INGRESO_TRANSF,PRESTAMO,1506.5,54234.0
1470,1782,Bohemia - Adulto Mayor (>50),PENSION,TRANSF_SALIENTE,RETIRO_TARJETA,,
1471,1783,Praga - Adulto Mayor (>50),PENSION,RETIRO_TARJETA,INGRESO_TRANSF,,
1472,1784,Bohemia - Joven (<30),RETIRO_TARJETA,INGRESO_TRANSF,PRESTAMO,1671.24,60165.0
1473,1785,Bohemia - Joven (<30),TRANSF_SALIENTE,RETIRO_TARJETA,PRESTAMO,915.09,32943.0
1474,1786,Moravia - Adulto Mayor (>50),TRANSF_SALIENTE,INGRESO_TRANSF,PRESTAMO,1088.74,39195.0
1475,1788,Praga - Adulto (30-50),SERVICIOS_HOGAR,TRANSF_SALIENTE,RETIRO_TARJETA,,
1476,1789,Moravia - Adulto Mayor (>50),TRANSF_SALIENTE,INGRESO_TRANSF,PRESTAMO,1067.54,38431.0
1477,1790,Praga - Adulto (30-50),TRANSF_SALIENTE,RETIRO_TARJETA,PRESTAMO,993.98,35783.0
1478,1791,Bohemia - Adulto (30-50),TRANSF_SALIENTE,INGRESO_TRANSF,PRESTAMO,3070.47,110537.0
1479,1792,Moravia - Joven (<30),TRANSF_SALIENTE,RETIRO_TARJETA,PRESTAMO,1296.5,46674.0
1480,1793,Bohemia - Adulto Mayor (>50),SERVICIOS_HOGAR,PENSION,TRANSF_SALIENTE,,
1481,1794,Moravia - Adulto Mayor (>50),PENSION,TRANSF_SALIENTE,PRESTAMO,1033.34,37200.0
1482,1795,Bohemia - Adulto (30-50),INGRESO_TRANSF,PRESTAMO,LEASING,2965.79,106768.0
1483,1796,Bohemia - Adulto Mayor (>50),PENSION,RETIRO_TARJETA,INGRESO_TRANSF,,
1484,1798,Moravia - Adulto Mayor (>50),TRANSF_SALIENTE,INGRESO_TRANSF,PRESTAMO,1536.65,55319.0
1485,1799,Bohemia - Adulto (30-50),INGRESO_TRANSF,PRESTAMO,SEGURO,4247.48,152909.0
1486,1800,Moravia - Adulto Mayor (>50),PENSION,INGRESO_TRANSF,PRESTAMO,2657.48,95669.0
1487,1801,Moravia - Joven (<30),TRANSF_SALIENTE,RETIRO_TARJETA,PRESTAMO,1266.1,45580.0
1488,1803,Bohemia - Adulto Mayor (>50),PENSION,RETIRO_TARJETA,INGRESO_TRANSF,,
1490,1806,Bohemia - Adulto (30-50),SERVICIOS_HOGAR,TRANSF_SALIENTE,INGRESO_TRANSF,,
1491,1807,Bohemia - Adulto Mayor (>50),PENSION,TRANSF_SALIENTE,INGRESO_TRANSF,,
1492,1809,Bohemia - Adulto Mayor (>50),TRANSF_SALIENTE,RETIRO_TARJETA,INGRESO_TRANSF,,
1493,1810,Bohemia - Adulto Mayor (>50),TRANSF_SALIENTE,RETIRO_TARJETA,INGRESO_TRANSF,,
1494,1811,Praga - Adulto Mayor (>50),SERVICIOS_HOGAR,PENSION,TRANSF_SALIENTE,,
1495,1812,Bohemia - Adulto Mayor (>50),PENSION,INGRESO_TRANSF,PRESTAMO,2889.31,104015.0
1496,1814,Moravia - Adulto Mayor (>50),PENSION,INGRESO_TRANSF,PRESTAMO,1926.95,69370.0
1497,1815,Bohemia - Joven (<30),RETIRO_TARJETA,INGRESO_TRANSF,PRESTAMO,1332.16,47958.0
1498,1816,Moravia - Adulto (30-50),SERVICIOS_HOGAR,TRANSF_SALIENTE,INGRESO_TRANSF,,
1499,1817,Bohemia - Adulto (30-50),TRANSF_SALIENTE,INGRESO_TRANSF,RETIRO_TARJETA,,
1500,1819,Bohemia - Joven (<30),TRANSF_SALIENTE,INGRESO_TRANSF,PRESTAMO,3453.01,124308.0
1501,1820,Bohemia - Adulto Mayor (>50),TRANSF_SALIENTE,RETIRO_TARJETA,INGRESO_TRANSF,,
1502,1821,Praga - Adulto Mayor (>50),PENSION,TRANSF_SALIENTE,RETIRO_TARJETA,,
1503,1822,Moravia - Adulto Mayor (>50),TRANSF_SALIENTE,INGRESO_TRANSF,PRESTAMO,1096.65,39479.0
1504,1823,Praga - Joven (<30),RETIRO_TARJETA,INGRESO_TRANSF,PRESTAMO,2028.07,73010.0
1505,1824,Moravia - Adulto (30-50),SERVICIOS_HOGAR,TRANSF_SALIENTE,INGRESO_TRANSF,,
1506,1825,Bohemia - Joven (<30),SERVICIOS_HOGAR,TRANSF_SALIENTE,RETIRO_TARJETA,,
1507,1826,Bohemia - Adulto Mayor (>50),PENSION,TRANSF_SALIENTE,INGRESO_TRANSF,,
1508,1828,Moravia - Adulto (30-50),TRANSF_SALIENTE,INGRESO_TRANSF,PRESTAMO,2614.84,94134.0
1509,1829,Bohemia - Adulto Mayor (>50),PENSION,RETIRO_TARJETA,INGRESO_TRANSF,,
1510,1830,Bohemia - Adulto (30-50),TRANSF_SALIENTE,INGRESO_TRANSF,RETIRO_TARJETA,,
1511,1831,Bohemia - Joven (<30),SERVICIOS_HOGAR,TRANSF_SALIENTE,INGRESO_TRANSF,,
1512,1832,Praga - Adulto (30-50),TRANSF_SALIENTE,RETIRO_TARJETA,INGRESO_TRANSF,,
1513,1833,Bohemia - Adulto (30-50),INGRESO_TRANSF,PRESTAMO,LEASING,2719.14,97889.0
1514,1834,Bohemia - Adulto Mayor (>50),TRANSF_SALIENTE,RETIRO_TARJETA,INGRESO_TRANSF,,
1515,1836,Bohemia - Adulto Mayor (>50),PENSION,PRESTAMO,LEASING,3074.17,110670.0
1516,1837,Moravia - Adulto (30-50),TRANSF_SALIENTE,PRESTAMO,RETIRO_TARJETA,1555.85,56011.0
1517,1839,Bohemia - Adulto Mayor (>50),TRANSF_SALIENTE,RETIRO_TARJETA,INGRESO_TRANSF,,
1518,1841,Moravia - Adulto (30-50),SERVICIOS_HOGAR,TRANSF_SALIENTE,INGRESO_TRANSF,,
1519,1842,Bohemia - Adulto Mayor (>50),PENSION,TRANSF_SALIENTE,INGRESO_TRANSF,,
1520,1843,Bohemia - Adulto Mayor (>50),TRANSF_SALIENTE,RETIRO_TARJETA,INGRESO_TRANSF,,
1521,1844,Moravia - Adulto Mayor (>50),TRANSF_SALIENTE,INGRESO_TRANSF,PRESTAMO,944.11,33988.0
1522,1846,Bohemia - Joven (<30),SERVICIOS_HOGAR,TRANSF_SALIENTE,RETIRO_TARJETA,,
1523,1847,Bohemia - Joven (<30),RETIRO_TARJETA,INGRESO_TRANSF,PRESTAMO,2935.38,105674.0
1524,1848,Bohemia - Adulto Mayor (>50),TRANSF_SALIENTE,RETIRO_TARJETA,INGRESO_TRANSF,,
1525,1849,Moravia - Adulto Mayor (>50),TRANSF_SALIENTE,INGRESO_TRANSF,PRESTAMO,1051.13,37841.0
1526,1850,Bohemia - Adulto Mayor (>50),PENSION,TRANSF_SALIENTE,INGRESO_TRANSF,,
1527,1851,Bohemia - Joven (<30),SERVICIOS_HOGAR,TRANSF_SALIENTE,RETIRO_TARJETA,,
1528,1852,Bohemia - Adulto (30-50),TRANSF_SALIENTE,INGRESO_TRANSF,RETIRO_TARJETA,,
1529,1853,Praga - Adulto (30-50),RETIRO_TARJETA,PRESTAMO,LEASING,1199.87,43195.0
1530,1854,Moravia - Adulto Mayor (>50),TRANSF_SALIENTE,INGRESO_TRANSF,PRESTAMO,1100.48,39617.0
1532,1856,Moravia - Adulto (30-50),TRANSF_SALIENTE,INGRESO_TRANSF,PRESTAMO,2666.47,95993.0
1534,1860,Praga - Adulto (30-50),RETIRO_TARJETA,INGRESO_TRANSF,PRESTAMO,1695.18,61027.0
1535,1861,Bohemia - Adulto (30-50),TRANSF_SALIENTE,INGRESO_TRANSF,PRESTAMO,2366.93,85209.0
1536,1862,Bohemia - Joven (<30),TRANSF_SALIENTE,RETIRO_TARJETA,PRESTAMO,2273.34,81840.0
1537,1863,Moravia - Adulto (30-50),SERVICIOS_HOGAR,TRANSF_SALIENTE,INGRESO_TRANSF,,
1538,1864,Bohemia - Adulto Mayor (>50),PENSION,TRANSF_SALIENTE,RETIRO_TARJETA,,
1539,1866,Moravia - Adulto Mayor (>50),PENSION,TRANSF_SALIENTE,INGRESO_TRANSF,,
1540,1867,Praga - Adulto Mayor (>50),PENSION,RETIRO_TARJETA,INGRESO_TRANSF,,
1541,1868,Moravia - Joven (<30),SERVICIOS_HOGAR,TRANSF_SALIENTE,INGRESO_TRANSF,,
1542,1869,Praga - Adulto Mayor (>50),TRANSF_SALIENTE,RETIRO_TARJETA,INGRESO_TRANSF,,
1543,1871,Praga - Joven (<30),SERVICIOS_HOGAR,TRANSF_SALIENTE,RETIRO_TARJETA,,
1544,1872,Bohemia - Adulto (30-50),INGRESO_TRANSF,RETIRO_TARJETA,PRESTAMO,2416.93,87010.0
1545,1874,Praga - Adulto Mayor (>50),PENSION,RETIRO_TARJETA,INGRESO_TRANSF,,
1546,1875,Bohemia - Joven (<30),TRANSF_SALIENTE,RETIRO_TARJETA,INGRESO_TRANSF,,
1547,1876,Praga - Adulto (30-50),SERVICIOS_HOGAR,TRANSF_SALIENTE,INGRESO_TRANSF,,
1548,1877,Bohemia - Adulto (30-50),TRANSF_SALIENTE,RETIRO_TARJETA,PRESTAMO,962.04,34633.0
1549,1879,Bohemia - Adulto Mayor (>50),PENSION,TRANSF_SALIENTE,RETIRO_TARJETA,,
1550,1880,Praga - Joven (<30),TRANSF_SALIENTE,RETIRO_TARJETA,INGRESO_TRANSF,,
1551,1881,Moravia - Adulto Mayor (>50),TRANSF_SALIENTE,INGRESO_TRANSF,PRESTAMO,1347.26,48502.0
1552,1883,Bohemia - Adulto (30-50),TRANSF_SALIENTE,INGRESO_TRANSF,PRESTAMO,3316.79,119405.0
1553,1884,Moravia - Joven (<30),SERVICIOS_HOGAR,TRANSF_SALIENTE,INGRESO_TRANSF,,
1554,1885,Bohemia - Joven (<30),TRANSF_SALIENTE,INGRESO_TRANSF,PRESTAMO,2456.62,88438.0
1555,1886,Bohemia - Adulto Mayor (>50),TRANSF_SALIENTE,INGRESO_TRANSF,PRESTAMO,2263.82,81497.0
1556,1887,Moravia - Adulto Mayor (>50),TRANSF_SALIENTE,INGRESO_TRANSF,PRESTAMO,2372.46,85409.0
1557,1888,Moravia - Adulto Mayor (>50),TRANSF_SALIENTE,INGRESO_TRANSF,PRESTAMO,1720.89,61952.0
1558,1889,Bohemia - Adulto (30-50),INGRESO_TRANSF,RETIRO_TARJETA,PRESTAMO,1139.4,41018.0
1559,1890,Bohemia - Adulto (30-50),TRANSF_SALIENTE,INGRESO_TRANSF,PRESTAMO,2938.12,105772.0
1560,1891,Moravia - Adulto (30-50),INGRESO_TRANSF,PRESTAMO,RETIRO_TARJETA,1813.69,65293.0
1561,1892,Moravia - Adulto Mayor (>50),TRANSF_SALIENTE,INGRESO_TRANSF,PRESTAMO,2225.36,80113.0
1562,1894,Praga - Adulto Mayor (>50),PENSION,TRANSF_SALIENTE,RETIRO_TARJETA,,
1563,1895,Bohemia - Adulto (30-50),SERVICIOS_HOGAR,TRANSF_SALIENTE,INGRESO_TRANSF,,
1564,1896,Bohemia - Joven (<30),SERVICIOS_HOGAR,TRANSF_SALIENTE,RETIRO_TARJETA,,
1565,1897,Bohemia - Joven (<30),RETIRO_TARJETA,INGRESO_TRANSF,PRESTAMO,2028.52,73027.0
1566,1898,Moravia - Adulto (30-50),INGRESO_TRANSF,PRESTAMO,RETIRO_TARJETA,1620.98,58355.0
1567,1899,Bohemia - Adulto Mayor (>50),PENSION,INGRESO_TRANSF,PRESTAMO,2902.65,104495.0
1568,1900,Bohemia - Adulto (30-50),INGRESO_TRANSF,PRESTAMO,PENSION,2626.17,94542.0
1570,1903,Praga - Adulto Mayor (>50),TRANSF_SALIENTE,RETIRO_TARJETA,INGRESO_TRANSF,,
1571,1904,Moravia - Adulto Mayor (>50),PENSION,TRANSF_SALIENTE,INGRESO_TRANSF,,
1572,1905,Moravia - Adulto (30-50),TRANSF_SALIENTE,INGRESO_TRANSF,PRESTAMO,2112.58,76053.0
1573,1906,Moravia - Adulto Mayor (>50),TRANSF_SALIENTE,INGRESO_TRANSF,PRESTAMO,916.98,33011.0
1574,1907,Moravia - Adulto Mayor (>50),TRANSF_SALIENTE,INGRESO_TRANSF,PRESTAMO,1084.01,39024.0
1575,1908,Bohemia - Adulto Mayor (>50),TRANSF_SALIENTE,RETIRO_TARJETA,INGRESO_TRANSF,,
1576,1909,Bohemia - Adulto Mayor (>50),PENSION,TRANSF_SALIENTE,RETIRO_TARJETA,,
1577,1910,Moravia - Adulto Mayor (>50),PENSION,PRESTAMO,RETIRO_TARJETA,1769.04,63686.0
1578,1911,Bohemia - Adulto Mayor (>50),TRANSF_SALIENTE,RETIRO_TARJETA,INGRESO_TRANSF,,
1579,1912,Moravia - Joven (<30),TRANSF_SALIENTE,INGRESO_TRANSF,PRESTAMO,2416.46,86993.0
1580,1913,Moravia - Adulto (30-50),SERVICIOS_HOGAR,TRANSF_SALIENTE,INGRESO_TRANSF,,
1581,1914,Bohemia - Adulto Mayor (>50),PENSION,TRANSF_SALIENTE,INGRESO_TRANSF,,
1582,1916,Bohemia - Adulto Mayor (>50),TRANSF_SALIENTE,RETIRO_TARJETA,INGRESO_TRANSF,,
1583,1917,Moravia - Joven (<30),SERVICIOS_HOGAR,TRANSF_SALIENTE,INGRESO_TRANSF,,
1584,1919,Bohemia - Adulto (30-50),TRANSF_SALIENTE,RETIRO_TARJETA,PRESTAMO,1320.68,47544.0
1585,1920,Bohemia - Joven (<30),SERVICIOS_HOGAR,TRANSF_SALIENTE,RETIRO_TARJETA,,
1586,1921,Praga - Adulto Mayor (>50),PENSION,TRANSF_SALIENTE,RETIRO_TARJETA,,
1587,1923,Praga - Adulto (30-50),SERVICIOS_HOGAR,TRANSF_SALIENTE,RETIRO_TARJETA,,
1588,1924,Moravia - Adulto Mayor (>50),PENSION,TRANSF_SALIENTE,PRESTAMO,1296.6,46678.0
1589,1925,Bohemia - Adulto Mayor (>50),SERVICIOS_HOGAR,PENSION,TRANSF_SALIENTE,,
1590,1927,Moravia - Adulto (30-50),INGRESO_TRANSF,PRESTAMO,RETIRO_TARJETA,1911.05,68798.0
1591,1929,Moravia - Adulto (30-50),INGRESO_TRANSF,PRESTAMO,RETIRO_TARJETA,3683.05,132590.0
1592,1930,Bohemia - Adulto Mayor (>50),TRANSF_SALIENTE,INGRESO_TRANSF,PRESTAMO,2783.98,100223.0
1593,1931,Bohemia - Adulto Mayor (>50),PENSION,TRANSF_SALIENTE,RETIRO_TARJETA,,
1594,1932,Bohemia - Adulto Mayor (>50),PENSION,RETIRO_TARJETA,INGRESO_TRANSF,,
1596,1934,Moravia - Adulto Mayor (>50),TRANSF_SALIENTE,INGRESO_TRANSF,PRESTAMO,1316.61,47398.0
1597,1935,Moravia - Adulto Mayor (>50),TRANSF_SALIENTE,INGRESO_TRANSF,PRESTAMO,1489.8,53633.0
1598,1936,Bohemia - Adulto (30-50),INGRESO_TRANSF,RETIRO_TARJETA,PRESTAMO,3217.72,115838.0
1599,1938,Moravia - Adulto Mayor (>50),PENSION,INGRESO_TRANSF,PRESTAMO,2995.17,107826.0
1600,1939,Praga - Adulto Mayor (>50),TRANSF_SALIENTE,RETIRO_TARJETA,INGRESO_TRANSF,,
1601,1941,Bohemia - Adulto Mayor (>50),TRANSF_SALIENTE,RETIRO_TARJETA,INGRESO_TRANSF,,
1602,1943,Bohemia - Adulto Mayor (>50),TRANSF_SALIENTE,RETIRO_TARJETA,INGRESO_TRANSF,,
1603,1944,Bohemia - Adulto (30-50),INGRESO_TRANSF,RETIRO_TARJETA,SEGURO,,
1604,1945,Moravia - Adulto (30-50),TRANSF_SALIENTE,INGRESO_TRANSF,PRESTAMO,1955.9,70413.0
1605,1946,Moravia - Adulto Mayor (>50),PENSION,TRANSF_SALIENTE,INGRESO_TRANSF,,
1606,1947,Bohemia - Joven (<30),SERVICIOS_HOGAR,TRANSF_SALIENTE,RETIRO_TARJETA,,
1607,1948,Moravia - Adulto Mayor (>50),PENSION,TRANSF_SALIENTE,INGRESO_TRANSF,,
1608,1950,Bohemia - Adulto Mayor (>50),TRANSF_SALIENTE,RETIRO_TARJETA,INGRESO_TRANSF,,
1609,1951,Bohemia - Joven (<30),TRANSF_SALIENTE,RETIRO_TARJETA,PRESTAMO,1013.54,36487.0
1610,1952,Bohemia - Joven (<30),TRANSF_SALIENTE,RETIRO_TARJETA,INGRESO_TRANSF,,
1611,1954,Moravia - Adulto (30-50),INGRESO_TRANSF,PRESTAMO,SEGURO,2753.03,99109.0
1612,1955,Moravia - Joven (<30),SERVICIOS_HOGAR,TRANSF_SALIENTE,INGRESO_TRANSF,,
1613,1956,Praga - Adulto Mayor (>50),TRANSF_SALIENTE,RETIRO_TARJETA,INGRESO_TRANSF,,
1614,1957,Moravia - Joven (<30),TRANSF_SALIENTE,RETIRO_TARJETA,PRESTAMO,3424.27,123274.0
1615,1959,Praga - Adulto Mayor (>50),TRANSF_SALIENTE,RETIRO_TARJETA,INGRESO_TRANSF,,
1616,1960,Bohemia - Adulto Mayor (>50),PENSION,TRANSF_SALIENTE,RETIRO_TARJETA,,
1617,1961,Bohemia - Adulto Mayor (>50),TRANSF_SALIENTE,RETIRO_TARJETA,INGRESO_TRANSF,,
1618,1962,Bohemia - Adulto (30-50),TRANSF_SALIENTE,RETIRO_TARJETA,PRESTAMO,1430.78,51508.0
1619,1963,Bohemia - Adulto Mayor (>50),PENSION,TRANSF_SALIENTE,RETIRO_TARJETA,,
1620,1964,Bohemia - Adulto Mayor (>50),TRANSF_SALIENTE,RETIRO_TARJETA,INGRESO_TRANSF,,
1621,1965,Moravia - Adulto Mayor (>50),PENSION,TRANSF_SALIENTE,INGRESO_TRANSF,,
1622,1966,Bohemia - Adulto Mayor (>50),PENSION,RETIRO_TARJETA,INGRESO_TRANSF,,
1623,1967,Praga - Adulto (30-50),TRANSF_SALIENTE,RETIRO_TARJETA,INGRESO_TRANSF,,
1624,1969,Moravia - Adulto Mayor (>50),TRANSF_SALIENTE,INGRESO_TRANSF,PRESTAMO,1279.94,46078.0
1625,1970,Praga - Adulto Mayor (>50),PENSION,RETIRO_TARJETA,INGRESO_TRANSF,,
1626,1971,Bohemia - Joven (<30),SERVICIOS_HOGAR,TRANSF_SALIENTE,PRESTAMO,2280.26,82089.0
1627,1972,Praga - Adulto Mayor (>50),SERVICIOS_HOGAR,PENSION,TRANSF_SALIENTE,,
1628,1973,Moravia - Adulto Mayor (>50),TRANSF_SALIENTE,INGRESO_TRANSF,PRESTAMO,1028.99,37044.0
1629,1974,Bohemia - Adulto Mayor (>50),TRANSF_SALIENTE,RETIRO_TARJETA,INGRESO_TRANSF,,
1630,1976,Moravia - Adulto Mayor (>50),TRANSF_SALIENTE,INGRESO_TRANSF,PRESTAMO,1064.42,38319.0
1631,1977,Bohemia - Adulto Mayor (>50),TRANSF_SALIENTE,RETIRO_TARJETA,INGRESO_TRANSF,,
1632,1978,Bohemia - Adulto (30-50),SERVICIOS_HOGAR,TRANSF_SALIENTE,INGRESO_TRANSF,,
1633,1979,Bohemia - Adulto Mayor (>50),TRANSF_SALIENTE,RETIRO_TARJETA,INGRESO_TRANSF,,
1634,1980,Moravia - Adulto (30-50),SERVICIOS_HOGAR,TRANSF_SALIENTE,INGRESO_TRANSF,,
1635,1981,Bohemia - Joven (<30),TRANSF_SALIENTE,RETIRO_TARJETA,INGRESO_TRANSF,,
1636,1982,Moravia - Joven (<30),TRANSF_SALIENTE,INGRESO_TRANSF,RETIRO_TARJETA,,
1637,1984,Praga - Adulto Mayor (>50),TRANSF_SALIENTE,RETIRO_TARJETA,INGRESO_TRANSF,,
1638,1985,Bohemia - Adulto Mayor (>50),PENSION,TRANSF_SALIENTE,RETIRO_TARJETA,,
1640,1988,Bohemia - Adulto (30-50),TRANSF_SALIENTE,INGRESO_TRANSF,RETIRO_TARJETA,,
1641,1989,Bohemia - Adulto Mayor (>50),PENSION,RETIRO_TARJETA,INGRESO_TRANSF,,
1642,1991,Moravia - Adulto Mayor (>50),TRANSF_SALIENTE,INGRESO_TRANSF,PRESTAMO,993.67,35772.0
1644,1993,Praga - Joven (<30),RETIRO_TARJETA,INGRESO_TRANSF,PRESTAMO,2297.71,82717.0
1645,1995,Bohemia - Adulto Mayor (>50),PENSION,TRANSF_SALIENTE,RETIRO_TARJETA,,
1646,1996,Praga - Adulto Mayor (>50),PENSION,RETIRO_TARJETA,INGRESO_TRANSF,,
1647,1997,Praga - Joven (<30),RETIRO_TARJETA,INGRESO_TRANSF,PRESTAMO,1760.22,63368.0
1648,1998,Bohemia - Joven (<30),SERVICIOS_HOGAR,TRANSF_SALIENTE,RETIRO_TARJETA,,
1649,1999,Moravia - Joven (<30),SERVICIOS_HOGAR,TRANSF_SALIENTE,INGRESO_TRANSF,,
1650,2000,Bohemia - Adulto Mayor (>50),PENSION,RETIRO_TARJETA,PRESTAMO,1971.81,70985.0
1651,2001,Bohemia - Joven (<30),SERVICIOS_HOGAR,TRANSF_SALIENTE,RETIRO_TARJETA,,
1652,2002,Moravia - Adulto Mayor (>50),TRANSF_SALIENTE,INGRESO_TRANSF,PRESTAMO,1165.29,41950.0
1653,2004,Praga - Joven (<30),TRANSF_SALIENTE,RETIRO_TARJETA,INGRESO_TRANSF,,
1654,2005,Bohemia - Joven (<30),SERVICIOS_HOGAR,TRANSF_SALIENTE,PRESTAMO,2794.1,100587.0
1655,2006,Bohemia - Adulto (30-50),INGRESO_TRANSF,RETIRO_TARJETA,PRESTAMO,1933.24,69597.0
1656,2008,Bohemia - Adulto Mayor (>50),PENSION,TRANSF_SALIENTE,RETIRO_TARJETA,,
1657,2009,Bohemia - Adulto Mayor (>50),PENSION,TRANSF_SALIENTE,RETIRO_TARJETA,,
1658,2010,Bohemia - Adulto (30-50),RETIRO_TARJETA,PRESTAMO,SEGURO,1071.95,38590.0
1659,2011,Bohemia - Adulto Mayor (>50),TRANSF_SALIENTE,RETIRO_TARJETA,INGRESO_TRANSF,,
1660,2013,Praga - Adulto Mayor (>50),SERVICIOS_HOGAR,PENSION,TRANSF_SALIENTE,,
1662,2015,Praga - Adulto (30-50),TRANSF_SALIENTE,INGRESO_TRANSF,PRESTAMO,3098.03,111529.0
1663,2016,Moravia - Adulto Mayor (>50),TRANSF_SALIENTE,INGRESO_TRANSF,PRESTAMO,2132.41,76767.0
1664,2018,Moravia - Adulto Mayor (>50),PENSION,TRANSF_SALIENTE,INGRESO_TRANSF,,
1665,2019,Moravia - Adulto Mayor (>50),TRANSF_SALIENTE,INGRESO_TRANSF,PRESTAMO,1334.52,48043.0
1666,2021,Moravia - Adulto Mayor (>50),TRANSF_SALIENTE,INGRESO_TRANSF,PRESTAMO,1842.84,66342.0
1667,2022,Moravia - Adulto Mayor (>50),SERVICIOS_HOGAR,PENSION,TRANSF_SALIENTE,,
1668,2024,Moravia - Adulto Mayor (>50),TRANSF_SALIENTE,INGRESO_TRANSF,PRESTAMO,949.73,34190.0
1669,2025,Bohemia - Adulto Mayor (>50),PENSION,TRANSF_SALIENTE,RETIRO_TARJETA,,
1670,2027,Bohemia - Adulto Mayor (>50),TRANSF_SALIENTE,RETIRO_TARJETA,INGRESO_TRANSF,,
1671,2029,Bohemia - Adulto Mayor (>50),TRANSF_SALIENTE,RETIRO_TARJETA,INGRESO_TRANSF,,
1672,2030,Bohemia - Joven (<30),TRANSF_SALIENTE,RETIRO_TARJETA,INGRESO_TRANSF,,
1673,2031,Moravia - Adulto Mayor (>50),TRANSF_SALIENTE,INGRESO_TRANSF,PRESTAMO,884.33,31836.0
1674,2032,Praga - Adulto Mayor (>50),PENSION,TRANSF_SALIENTE,RETIRO_TARJETA,,
1675,2034,Bohemia - Adulto Mayor (>50),TRANSF_SALIENTE,RETIRO_TARJETA,INGRESO_TRANSF,,
1677,2037,Moravia - Adulto Mayor (>50),PENSION,TRANSF_SALIENTE,INGRESO_TRANSF,,
1678,2038,Praga - Joven (<30),INGRESO_TRANSF,PRESTAMO,SEGURO,2553.29,91918.0
1679,2039,Moravia - Joven (<30),TRANSF_SALIENTE,INGRESO_TRANSF,RETIRO_TARJETA,,
1680,2040,Moravia - Adulto Mayor (>50),PENSION,TRANSF_SALIENTE,INGRESO_TRANSF,,
1681,2041,Moravia - Adulto (30-50),INGRESO_TRANSF,PRESTAMO,RETIRO_TARJETA,2693.83,96978.0
1682,2042,Bohemia - Joven (<30),SERVICIOS_HOGAR,TRANSF_SALIENTE,RETIRO_TARJETA,,
1683,2043,Moravia - Adulto (30-50),INGRESO_TRANSF,PRESTAMO,RETIRO_TARJETA,1625.81,58529.0
1684,2044,Bohemia - Adulto (30-50),SERVICIOS_HOGAR,TRANSF_SALIENTE,INGRESO_TRANSF,,
1685,2045,Bohemia - Adulto (30-50),TRANSF_SALIENTE,INGRESO_TRANSF,PRESTAMO,1629.02,58645.0
1686,2047,Bohemia - Adulto Mayor (>50),PENSION,RETIRO_TARJETA,INGRESO_TRANSF,,
1687,2048,Bohemia - Adulto Mayor (>50),TRANSF_SALIENTE,RETIRO_TARJETA,INGRESO_TRANSF,,
1688,2049,Moravia - Adulto Mayor (>50),TRANSF_SALIENTE,INGRESO_TRANSF,PRESTAMO,1245.77,44848.0
1689,2051,Moravia - Adulto Mayor (>50),TRANSF_SALIENTE,INGRESO_TRANSF,PRESTAMO,1075.7,38725.0
1690,2053,Bohemia - Adulto Mayor (>50),TRANSF_SALIENTE,RETIRO_TARJETA,INGRESO_TRANSF,,
1691,2054,Bohemia - Adulto Mayor (>50),PENSION,RETIRO_TARJETA,PRESTAMO,987.05,35534.0
1692,2055,Moravia - Joven (<30),TRANSF_SALIENTE,INGRESO_TRANSF,RETIRO_TARJETA,,
1693,2056,Praga - Joven (<30),TRANSF_SALIENTE,RETIRO_TARJETA,INGRESO_TRANSF,,
1694,2057,Bohemia - Joven (<30),SERVICIOS_HOGAR,TRANSF_SALIENTE,RETIRO_TARJETA,,
1695,2058,Moravia - Joven (<30),TRANSF_SALIENTE,INGRESO_TRANSF,PRESTAMO,3825.5,137718.0
1696,2059,Bohemia - Joven (<30),TRANSF_SALIENTE,RETIRO_TARJETA,PRESTAMO,977.93,35206.0
1697,2061,Moravia - Adulto (30-50),PRESTAMO,RETIRO_TARJETA,LEASING,977.74,35199.0
1698,2063,Moravia - Adulto (30-50),TRANSF_SALIENTE,INGRESO_TRANSF,RETIRO_TARJETA,,
1699,2064,Moravia - Adulto Mayor (>50),TRANSF_SALIENTE,INGRESO_TRANSF,PRESTAMO,1118.98,40283.0
1700,2065,Moravia - Joven (<30),TRANSF_SALIENTE,INGRESO_TRANSF,PRESTAMO,2981.87,107347.0
1701,2066,Praga - Joven (<30),TRANSF_SALIENTE,RETIRO_TARJETA,INGRESO_TRANSF,,
1702,2067,Moravia - Joven (<30),TRANSF_SALIENTE,INGRESO_TRANSF,RETIRO_TARJETA,,
1703,2068,Moravia - Adulto Mayor (>50),TRANSF_SALIENTE,INGRESO_TRANSF,PRESTAMO,1310.34,47172.0
1704,2069,Moravia - Adulto Mayor (>50),TRANSF_SALIENTE,INGRESO_TRANSF,PRESTAMO,1127.34,40584.0
1705,2070,Moravia - Joven (<30),TRANSF_SALIENTE,INGRESO_TRANSF,RETIRO_TARJETA,,
1706,2071,Praga - Joven (<30),TRANSF_SALIENTE,RETIRO_TARJETA,PRESTAMO,2430.85,87510.0
1707,2072,Moravia - Adulto Mayor (>50),PENSION,TRANSF_SALIENTE,PRESTAMO,942.73,33938.0
1708,2073,Bohemia - Adulto (30-50),INGRESO_TRANSF,RETIRO_TARJETA,PRESTAMO,1612.53,58051.0
1709,2074,Bohemia - Adulto (30-50),TRANSF_SALIENTE,INGRESO_TRANSF,PRESTAMO,3004.66,108168.0
1710,2075,Moravia - Adulto Mayor (>50),TRANSF_SALIENTE,INGRESO_TRANSF,PRESTAMO,1989.69,71629.0
1711,2076,Moravia - Adulto (30-50),PRESTAMO,RETIRO_TARJETA,LEASING,1341.16,48282.0
1712,2077,Bohemia - Adulto Mayor (>50),TRANSF_SALIENTE,RETIRO_TARJETA,INGRESO_TRANSF,,
1713,2078,Bohemia - Joven (<30),SERVICIOS_HOGAR,TRANSF_SALIENTE,RETIRO_TARJETA,,
1714,2079,Moravia - Adulto Mayor (>50),TRANSF_SALIENTE,INGRESO_TRANSF,PRESTAMO,1257.89,45284.0
1715,2080,Moravia - Adulto (30-50),SERVICIOS_HOGAR,TRANSF_SALIENTE,INGRESO_TRANSF,,
1716,2081,Bohemia - Joven (<30),RETIRO_TARJETA,INGRESO_TRANSF,PRESTAMO,1451.8,52265.0
1717,2082,Moravia - Adulto Mayor (>50),TRANSF_SALIENTE,INGRESO_TRANSF,PRESTAMO,1020.68,36744.0
1718,2083,Moravia - Adulto Mayor (>50),PENSION,TRANSF_SALIENTE,RETIRO_TARJETA,,
1719,2084,Praga - Adulto Mayor (>50),TRANSF_SALIENTE,RETIRO_TARJETA,INGRESO_TRANSF,,
1720,2086,Bohemia - Adulto (30-50),SERVICIOS_HOGAR,TRANSF_SALIENTE,INGRESO_TRANSF,,
1721,2087,Moravia - Joven (<30),SERVICIOS_HOGAR,TRANSF_SALIENTE,INGRESO_TRANSF,,
1722,2088,Bohemia - Adulto Mayor (>50),PENSION,TRANSF_SALIENTE,RETIRO_TARJETA,,
1723,2089,Moravia - Adulto (30-50),INGRESO_TRANSF,PRESTAMO,RETIRO_TARJETA,3320.83,119550.0
1724,2091,Bohemia - Adulto Mayor (>50),TRANSF_SALIENTE,RETIRO_TARJETA,INGRESO_TRANSF,,
1725,2092,Moravia - Adulto Mayor (>50),SERVICIOS_HOGAR,PENSION,TRANSF_SALIENTE,,
1726,2093,Bohemia - Joven (<30),RETIRO_TARJETA,INGRESO_TRANSF,PRESTAMO,1521.47,54773.0
1727,2095,Bohemia - Joven (<30),RETIRO_TARJETA,INGRESO_TRANSF,PRESTAMO,2514.58,90525.0
1728,2096,Moravia - Joven (<30),TRANSF_SALIENTE,INGRESO_TRANSF,RETIRO_TARJETA,,
1729,2097,Moravia - Adulto Mayor (>50),PENSION,TRANSF_SALIENTE,INGRESO_TRANSF,,
1730,2099,Praga - Adulto Mayor (>50),TRANSF_SALIENTE,RETIRO_TARJETA,INGRESO_TRANSF,,
1731,2100,Bohemia - Adulto Mayor (>50),TRANSF_SALIENTE,RETIRO_TARJETA,INGRESO_TRANSF,,
1732,2102,Bohemia - Adulto Mayor (>50),PENSION,TRANSF_SALIENTE,INGRESO_TRANSF,,
1733,2103,Bohemia - Adulto Mayor (>50),PENSION,TRANSF_SALIENTE,RETIRO_TARJETA,,
1734,2104,Bohemia - Adulto Mayor (>50),PENSION,TRANSF_SALIENTE,INGRESO_TRANSF,,
1735,2105,Bohemia - Adulto Mayor (>50),SERVICIOS_HOGAR,PENSION,TRANSF_SALIENTE,,
1736,2106,Moravia - Adulto Mayor (>50),TRANSF_SALIENTE,INGRESO_TRANSF,PRESTAMO,1621.1,58360.0
1737,2108,Moravia - Adulto Mayor (>50),PENSION,INGRESO_TRANSF,PRESTAMO,2064.41,74319.0
1738,2109,Bohemia - Adulto (30-50),TRANSF_SALIENTE,RETIRO_TARJETA,PRESTAMO,757.2,27259.0
1739,2110,Bohemia - Adulto (30-50),TRANSF_SALIENTE,INGRESO_TRANSF,RETIRO_TARJETA,,
1740,2111,Moravia - Adulto Mayor (>50),TRANSF_SALIENTE,INGRESO_TRANSF,PRESTAMO,818.69,29473.0
1741,2112,Bohemia - Adulto Mayor (>50),TRANSF_SALIENTE,RETIRO_TARJETA,INGRESO_TRANSF,,
1742,2113,Moravia - Adulto Mayor (>50),PENSION,TRANSF_SALIENTE,INGRESO_TRANSF,,
1743,2114,Bohemia - Adulto Mayor (>50),TRANSF_SALIENTE,RETIRO_TARJETA,INGRESO_TRANSF,,
1744,2116,Moravia - Adulto Mayor (>50),TRANSF_SALIENTE,INGRESO_TRANSF,PRESTAMO,1168.72,42074.0
1745,2117,Moravia - Adulto Mayor (>50),SERVICIOS_HOGAR,PENSION,TRANSF_SALIENTE,,
1746,2118,Praga - Joven (<30),SERVICIOS_HOGAR,TRANSF_SALIENTE,RETIRO_TARJETA,,
1747,2119,Bohemia - Adulto (30-50),RETIRO_TARJETA,PRESTAMO,SEGURO,837.21,30140.0
1749,2121,Moravia - Joven (<30),TRANSF_SALIENTE,PRESTAMO,SEGURO,3769.53,135703.0
1750,2122,Praga - Joven (<30),INGRESO_TRANSF,PRESTAMO,SEGURO,3548.0,127728.0
1751,2123,Moravia - Joven (<30),SERVICIOS_HOGAR,TRANSF_SALIENTE,INGRESO_TRANSF,,
1752,2124,Moravia - Adulto (30-50),SERVICIOS_HOGAR,TRANSF_SALIENTE,INGRESO_TRANSF,,
1753,2125,Moravia - Joven (<30),SERVICIOS_HOGAR,TRANSF_SALIENTE,INGRESO_TRANSF,,
1754,2126,Bohemia - Joven (<30),SERVICIOS_HOGAR,TRANSF_SALIENTE,INGRESO_TRANSF,,
1756,2128,Bohemia - Adulto (30-50),TRANSF_SALIENTE,INGRESO_TRANSF,PRESTAMO,3034.65,109247.0
1757,2129,Moravia - Adulto (30-50),SERVICIOS_HOGAR,TRANSF_SALIENTE,PRESTAMO,3395.77,122248.0
1758,2130,Bohemia - Adulto Mayor (>50),PENSION,RETIRO_TARJETA,PRESTAMO,3086.81,111125.0
1759,2131,Bohemia - Joven (<30),RETIRO_TARJETA,INGRESO_TRANSF,PRESTAMO,1172.1,42195.0
1760,2133,Moravia - Adulto Mayor (>50),TRANSF_SALIENTE,INGRESO_TRANSF,PRESTAMO,2223.73,80054.0
1761,2135,Bohemia - Adulto Mayor (>50),PENSION,RETIRO_TARJETA,PRESTAMO,1748.28,62938.0
1762,2136,Bohemia - Adulto Mayor (>50),PENSION,RETIRO_TARJETA,INGRESO_TRANSF,,
1763,2137,Moravia - Adulto (30-50),INGRESO_TRANSF,PRESTAMO,SEGURO,2485.15,89466.0
1764,2138,Moravia - Joven (<30),TRANSF_SALIENTE,INGRESO_TRANSF,PRESTAMO,2313.56,83288.0
1765,2139,Bohemia - Adulto Mayor (>50),TRANSF_SALIENTE,RETIRO_TARJETA,INGRESO_TRANSF,,
1766,2141,Bohemia - Adulto (30-50),INGRESO_TRANSF,LEASING,PENSION,,
1767,2142,Bohemia - Adulto Mayor (>50),PENSION,RETIRO_TARJETA,INGRESO_TRANSF,,
1768,2144,Bohemia - Adulto (30-50),SERVICIOS_HOGAR,TRANSF_SALIENTE,INGRESO_TRANSF,,
1769,2145,Bohemia - Adulto (30-50),SERVICIOS_HOGAR,TRANSF_SALIENTE,INGRESO_TRANSF,,
1770,2146,Moravia - Joven (<30),TRANSF_SALIENTE,INGRESO_TRANSF,PRESTAMO,3161.47,113813.0
1771,2147,Moravia - Adulto (30-50),TRANSF_SALIENTE,INGRESO_TRANSF,PRESTAMO,1514.51,54522.0
1772,2148,Bohemia - Adulto (30-50),TRANSF_SALIENTE,RETIRO_TARJETA,SEGURO,,
1773,2149,Bohemia - Adulto Mayor (>50),TRANSF_SALIENTE,RETIRO_TARJETA,INGRESO_TRANSF,,
1774,2150,Moravia - Adulto Mayor (>50),PENSION,TRANSF_SALIENTE,PRESTAMO,886.7,31921.0
1775,2152,Bohemia - Adulto Mayor (>50),TRANSF_SALIENTE,RETIRO_TARJETA,INGRESO_TRANSF,,
1776,2153,Bohemia - Adulto (30-50),TRANSF_SALIENTE,INGRESO_TRANSF,RETIRO_TARJETA,,
1777,2154,Moravia - Adulto (30-50),INGRESO_TRANSF,PRESTAMO,LEASING,3380.29,121690.0
1778,2155,Bohemia - Adulto (30-50),TRANSF_SALIENTE,INGRESO_TRANSF,PRESTAMO,2492.04,89713.0
1779,2156,Bohemia - Adulto (30-50),INGRESO_TRANSF,PRESTAMO,LEASING,4202.56,151292.0
1780,2157,Bohemia - Adulto Mayor (>50),PENSION,TRANSF_SALIENTE,INGRESO_TRANSF,,
1781,2158,Bohemia - Joven (<30),SERVICIOS_HOGAR,TRANSF_SALIENTE,RETIRO_TARJETA,,
1782,2159,Moravia - Adulto Mayor (>50),TRANSF_SALIENTE,INGRESO_TRANSF,PRESTAMO,2357.87,84883.0
1783,2160,Moravia - Adulto Mayor (>50),PENSION,TRANSF_SALIENTE,INGRESO_TRANSF,,
1784,2161,Praga - Adulto Mayor (>50),TRANSF_SALIENTE,RETIRO_TARJETA,INGRESO_TRANSF,,
1785,2163,Bohemia - Adulto Mayor (>50),TRANSF_SALIENTE,RETIRO_TARJETA,INGRESO_TRANSF,,
1786,2164,Bohemia - Adulto Mayor (>50),PENSION,TRANSF_SALIENTE,INGRESO_TRANSF,,
1787,2166,Bohemia - Adulto Mayor (>50),PENSION,TRANSF_SALIENTE,RETIRO_TARJETA,,
1788,2167,Praga - Joven (<30),SERVICIOS_HOGAR,TRANSF_SALIENTE,RETIRO_TARJETA,,
1789,2168,Bohemia - Adulto (30-50),SERVICIOS_HOGAR,TRANSF_SALIENTE,INGRESO_TRANSF,,
1790,2170,Moravia - Adulto Mayor (>50),PENSION,INGRESO_TRANSF,PRESTAMO,2388.52,85987.0
1791,2171,Praga - Adulto (30-50),TRANSF_SALIENTE,RETIRO_TARJETA,INGRESO_TRANSF,,
1792,2172,Bohemia - Adulto Mayor (>50),TRANSF_SALIENTE,RETIRO_TARJETA,INGRESO_TRANSF,,
1793,2173,Moravia - Adulto (30-50),TRANSF_SALIENTE,INGRESO_TRANSF,PRESTAMO,1922.96,69226.0
1794,2174,Moravia - Adulto (30-50),INGRESO_TRANSF,PRESTAMO,RETIRO_TARJETA,1048.97,37763.0
1795,2175,Moravia - Adulto Mayor (>50),PENSION,TRANSF_SALIENTE,INGRESO_TRANSF,,
1796,2176,Bohemia - Adulto Mayor (>50),PENSION,RETIRO_TARJETA,INGRESO_TRANSF,,
1797,2177,Bohemia - Adulto Mayor (>50),PENSION,INGRESO_TRANSF,PRESTAMO,2849.91,102597.0
1798,2178,Bohemia - Adulto Mayor (>50),PENSION,RETIRO_TARJETA,INGRESO_TRANSF,,
1799,2179,Bohemia - Adulto Mayor (>50),TRANSF_SALIENTE,RETIRO_TARJETA,INGRESO_TRANSF,,
1800,2180,Bohemia - Joven (<30),RETIRO_TARJETA,INGRESO_TRANSF,PRESTAMO,2190.53,78859.0
1801,2181,Bohemia - Adulto (30-50),INGRESO_TRANSF,RETIRO_TARJETA,LEASING,,
1802,2182,Moravia - Adulto Mayor (>50),TRANSF_SALIENTE,INGRESO_TRANSF,PRESTAMO,1589.9,57236.0
1803,2184,Bohemia - Joven (<30),PRESTAMO,SEGURO,LEASING,2800.46,100817.0
1804,2185,Bohemia - Adulto (30-50),SERVICIOS_HOGAR,TRANSF_SALIENTE,INGRESO_TRANSF,,
1805,2186,Bohemia - Adulto Mayor (>50),PENSION,TRANSF_SALIENTE,RETIRO_TARJETA,,
1806,2187,Bohemia - Adulto Mayor (>50),TRANSF_SALIENTE,RETIRO_TARJETA,INGRESO_TRANSF,,
1807,2189,Bohemia - Adulto (30-50),TRANSF_SALIENTE,INGRESO_TRANSF,RETIRO_TARJETA,,
1808,2190,Bohemia - Joven (<30),SERVICIOS_HOGAR,TRANSF_SALIENTE,RETIRO_TARJETA,,
1809,2192,Praga - Adulto (30-50),RETIRO_TARJETA,PRESTAMO,LEASING,2176.71,78362.0
1810,2194,Bohemia - Adulto (30-50),TRANSF_SALIENTE,INGRESO_TRANSF,RETIRO_TARJETA,,
1811,2195,Moravia - Adulto Mayor (>50),PENSION,RETIRO_TARJETA,SEGURO,,
1812,2196,Bohemia - Adulto (30-50),RETIRO_TARJETA,PRESTAMO,SEGURO,938.84,33798.0
1813,2197,Bohemia - Adulto (30-50),INGRESO_TRANSF,RETIRO_TARJETA,PRESTAMO,4265.08,153543.0
1814,2198,Bohemia - Adulto Mayor (>50),TRANSF_SALIENTE,RETIRO_TARJETA,INGRESO_TRANSF,,
1815,2200,Moravia - Adulto (30-50),INGRESO_TRANSF,PRESTAMO,RETIRO_TARJETA,1901.46,68453.0
1816,2201,Bohemia - Adulto Mayor (>50),TRANSF_SALIENTE,RETIRO_TARJETA,INGRESO_TRANSF,,
1817,2203,Bohemia - Adulto Mayor (>50),PENSION,TRANSF_SALIENTE,INGRESO_TRANSF,,
1818,2204,Moravia - Adulto Mayor (>50),SERVICIOS_HOGAR,PENSION,TRANSF_SALIENTE,,
1819,2205,Moravia - Adulto (30-50),INGRESO_TRANSF,RETIRO_TARJETA,LEASING,,
1820,2206,Bohemia - Adulto (30-50),TRANSF_SALIENTE,INGRESO_TRANSF,RETIRO_TARJETA,,
1821,2207,Moravia - Adulto (30-50),TRANSF_SALIENTE,INGRESO_TRANSF,PRESTAMO,1905.55,68600.0
1822,2209,Bohemia - Adulto Mayor (>50),TRANSF_SALIENTE,RETIRO_TARJETA,INGRESO_TRANSF,,
1823,2211,Bohemia - Adulto Mayor (>50),TRANSF_SALIENTE,RETIRO_TARJETA,INGRESO_TRANSF,,
1824,2212,Bohemia - Joven (<30),RETIRO_TARJETA,INGRESO_TRANSF,PRESTAMO,2835.49,102078.0
1825,2213,Bohemia - Adulto (30-50),INGRESO_TRANSF,RETIRO_TARJETA,PRESTAMO,2256.77,81244.0
1826,2214,Bohemia - Adulto Mayor (>50),PENSION,TRANSF_SALIENTE,INGRESO_TRANSF,,
1827,2215,Bohemia - Adulto Mayor (>50),TRANSF_SALIENTE,RETIRO_TARJETA,INGRESO_TRANSF,,
1828,2216,Praga - Joven (<30),RETIRO_TARJETA,INGRESO_TRANSF,PRESTAMO,3328.58,119829.0
1829,2218,Bohemia - Adulto (30-50),TRANSF_SALIENTE,INGRESO_TRANSF,RETIRO_TARJETA,,
1830,2220,Bohemia - Adulto (30-50),TRANSF_SALIENTE,INGRESO_TRANSF,RETIRO_TARJETA,,
1831,2222,Praga - Adulto Mayor (>50),TRANSF_SALIENTE,RETIRO_TARJETA,INGRESO_TRANSF,,
1832,2223,Moravia - Adulto Mayor (>50),PENSION,PRESTAMO,RETIRO_TARJETA,1761.51,63414.0
1833,2224,Moravia - Adulto Mayor (>50),TRANSF_SALIENTE,INGRESO_TRANSF,PRESTAMO,1971.35,70969.0
1834,2225,Bohemia - Adulto (30-50),TRANSF_SALIENTE,INGRESO_TRANSF,RETIRO_TARJETA,,
1835,2226,Moravia - Adulto (30-50),INGRESO_TRANSF,PRESTAMO,SEGURO,3183.11,114592.0
1836,2227,Bohemia - Joven (<30),RETIRO_TARJETA,INGRESO_TRANSF,PRESTAMO,1999.08,71967.0
1837,2228,Bohemia - Adulto Mayor (>50),PENSION,TRANSF_SALIENTE,RETIRO_TARJETA,,
1838,2229,Moravia - Adulto Mayor (>50),PENSION,TRANSF_SALIENTE,INGRESO_TRANSF,,
1839,2230,Bohemia - Joven (<30),TRANSF_SALIENTE,RETIRO_TARJETA,INGRESO_TRANSF,,
1840,2231,Bohemia - Joven (<30),SERVICIOS_HOGAR,TRANSF_SALIENTE,RETIRO_TARJETA,,
1841,2232,Bohemia - Adulto (30-50),INGRESO_TRANSF,RETIRO_TARJETA,PRESTAMO,2199.57,79184.0
1843,2235,Bohemia - Adulto Mayor (>50),PENSION,TRANSF_SALIENTE,SEGURO,,
1844,2236,Bohemia - Joven (<30),TRANSF_SALIENTE,RETIRO_TARJETA,PRESTAMO,1723.23,62036.0
1845,2237,Bohemia - Adulto (30-50),TRANSF_SALIENTE,INGRESO_TRANSF,RETIRO_TARJETA,,
1846,2239,Bohemia - Joven (<30),TRANSF_SALIENTE,RETIRO_TARJETA,PRESTAMO,1049.61,37786.0
1847,2240,Bohemia - Adulto Mayor (>50),TRANSF_SALIENTE,RETIRO_TARJETA,INGRESO_TRANSF,,
1848,2242,Praga - Joven (<30),TRANSF_SALIENTE,RETIRO_TARJETA,INGRESO_TRANSF,,
1851,2246,Moravia - Adulto (30-50),TRANSF_SALIENTE,INGRESO_TRANSF,PRESTAMO,1797.5,64710.0
1852,2247,Bohemia - Joven (<30),TRANSF_SALIENTE,RETIRO_TARJETA,PRESTAMO,1134.69,40849.0
1853,2248,Bohemia - Joven (<30),SERVICIOS_HOGAR,TRANSF_SALIENTE,RETIRO_TARJETA,,
1854,2249,Bohemia - Adulto Mayor (>50),PENSION,TRANSF_SALIENTE,RETIRO_TARJETA,,
1855,2250,Bohemia - Adulto Mayor (>50),TRANSF_SALIENTE,RETIRO_TARJETA,INGRESO_TRANSF,,
1856,2251,Bohemia - Joven (<30),RETIRO_TARJETA,PRESTAMO,SEGURO,1351.19,48643.0
1857,2252,Bohemia - Adulto (30-50),INGRESO_TRANSF,RETIRO_TARJETA,PRESTAMO,2160.48,77777.0
1858,2254,Moravia - Adulto Mayor (>50),TRANSF_SALIENTE,INGRESO_TRANSF,PRESTAMO,1378.38,49622.0
1859,2255,Bohemia - Adulto Mayor (>50),TRANSF_SALIENTE,RETIRO_TARJETA,INGRESO_TRANSF,,
1860,2256,Moravia - Joven (<30),TRANSF_SALIENTE,RETIRO_TARJETA,PRESTAMO,976.21,35144.0
1861,2257,Moravia - Joven (<30),INGRESO_TRANSF,RETIRO_TARJETA,PRESTAMO,3288.59,118389.0
1862,2259,Bohemia - Adulto (30-50),SERVICIOS_HOGAR,TRANSF_SALIENTE,SEGURO,,
1863,2260,Moravia - Adulto (30-50),INGRESO_TRANSF,PRESTAMO,RETIRO_TARJETA,2080.53,74899.0
1865,2263,Praga - Adulto Mayor (>50),TRANSF_SALIENTE,RETIRO_TARJETA,INGRESO_TRANSF,,
1866,2264,Bohemia - Adulto Mayor (>50),PENSION,TRANSF_SALIENTE,RETIRO_TARJETA,,
1867,2265,Bohemia - Joven (<30),SERVICIOS_HOGAR,TRANSF_SALIENTE,INGRESO_TRANSF,,
1868,2266,Bohemia - Adulto Mayor (>50),SERVICIOS_HOGAR,PENSION,TRANSF_SALIENTE,,
1869,2267,Praga - Adulto (30-50),SERVICIOS_HOGAR,TRANSF_SALIENTE,INGRESO_TRANSF,,
1870,2268,Bohemia - Adulto Mayor (>50),SERVICIOS_HOGAR,PENSION,TRANSF_SALIENTE,,
1871,2269,Bohemia - Adulto (30-50),SERVICIOS_HOGAR,TRANSF_SALIENTE,RETIRO_TARJETA,,
1872,2270,Moravia - Adulto (30-50),INGRESO_TRANSF,PRESTAMO,RETIRO_TARJETA,2307.1,83055.0
1874,2274,Bohemia - Adulto (30-50),TRANSF_SALIENTE,RETIRO_TARJETA,PRESTAMO,1565.41,56355.0
1875,2276,Bohemia - Adulto Mayor (>50),TRANSF_SALIENTE,RETIRO_TARJETA,INGRESO_TRANSF,,
1876,2277,Praga - Joven (<30),INGRESO_TRANSF,SEGURO,LEASING,,
1877,2278,Moravia - Adulto Mayor (>50),TRANSF_SALIENTE,INGRESO_TRANSF,PRESTAMO,1907.3,68663.0
1878,2279,Bohemia - Adulto (30-50),SERVICIOS_HOGAR,TRANSF_SALIENTE,INGRESO_TRANSF,,
1879,2280,Bohemia - Joven (<30),RETIRO_TARJETA,PRESTAMO,SEGURO,805.5,28998.0
1880,2281,Moravia - Joven (<30),SERVICIOS_HOGAR,TRANSF_SALIENTE,INGRESO_TRANSF,,
1881,2282,Moravia - Joven (<30),INGRESO_TRANSF,RETIRO_TARJETA,PRESTAMO,999.58,35985.0
1882,2283,Praga - Adulto (30-50),RETIRO_TARJETA,INGRESO_TRANSF,PRESTAMO,974.59,35085.0
1884,2286,Moravia - Adulto (30-50),SERVICIOS_HOGAR,TRANSF_SALIENTE,INGRESO_TRANSF,,
1885,2287,Bohemia - Joven (<30),SERVICIOS_HOGAR,TRANSF_SALIENTE,INGRESO_TRANSF,,
1886,2288,Bohemia - Adulto (30-50),TRANSF_SALIENTE,RETIRO_TARJETA,SEGURO,,
1887,2290,Bohemia - Adulto (30-50),TRANSF_SALIENTE,INGRESO_TRANSF,RETIRO_TARJETA,,
1888,2291,Bohemia - Adulto (30-50),RETIRO_TARJETA,LEASING,PENSION,,
1889,2292,Moravia - Adulto Mayor (>50),TRANSF_SALIENTE,INGRESO_TRANSF,PRESTAMO,1714.51,61722.0
1890,2293,Praga - Joven (<30),SERVICIOS_HOGAR,TRANSF_SALIENTE,RETIRO_TARJETA,,
1891,2294,Bohemia - Adulto (30-50),RETIRO_TARJETA,PRESTAMO,LEASING,2774.82,99894.0
1892,2295,Bohemia - Adulto Mayor (>50),TRANSF_SALIENTE,RETIRO_TARJETA,INGRESO_TRANSF,,
1893,2297,Bohemia - Adulto (30-50),TRANSF_SALIENTE,INGRESO_TRANSF,RETIRO_TARJETA,,
1894,2299,Bohemia - Adulto Mayor (>50),SERVICIOS_HOGAR,PENSION,TRANSF_SALIENTE,,
1895,2300,Bohemia - Adulto (30-50),TRANSF_SALIENTE,RETIRO_TARJETA,PRESTAMO,1865.78,67168.0
1896,2302,Moravia - Adulto (30-50),TRANSF_SALIENTE,INGRESO_TRANSF,PRESTAMO,2729.21,98252.0
1897,2303,Moravia - Adulto Mayor (>50),PENSION,INGRESO_TRANSF,PRESTAMO,3238.24,116577.0
1898,2305,Moravia - Adulto (30-50),SERVICIOS_HOGAR,TRANSF_SALIENTE,PRESTAMO,1597.17,57498.0
1899,2307,Bohemia - Adulto Mayor (>50),TRANSF_SALIENTE,RETIRO_TARJETA,INGRESO_TRANSF,,
1900,2308,Bohemia - Joven (<30),TRANSF_SALIENTE,INGRESO_TRANSF,PRESTAMO,3061.95,110230.0
1901,2309,Bohemia - Joven (<30),TRANSF_SALIENTE,RETIRO_TARJETA,INGRESO_TRANSF,,
1902,2310,Bohemia - Adulto Mayor (>50),SERVICIOS_HOGAR,PENSION,TRANSF_SALIENTE,,
1903,2312,Bohemia - Joven (<30),PRESTAMO,SEGURO,LEASING,2189.52,78823.0
1904,2313,Moravia - Joven (<30),INGRESO_TRANSF,RETIRO_TARJETA,PRESTAMO,1702.3,61283.0
1905,2314,Bohemia - Adulto (30-50),INGRESO_TRANSF,RETIRO_TARJETA,PRESTAMO,1741.82,62705.0
1906,2316,Praga - Joven (<30),RETIRO_TARJETA,INGRESO_TRANSF,SEGURO,,
1907,2317,Praga - Joven (<30),RETIRO_TARJETA,INGRESO_TRANSF,PRESTAMO,2623.85,94458.0
1908,2318,Bohemia - Adulto Mayor (>50),TRANSF_SALIENTE,RETIRO_TARJETA,INGRESO_TRANSF,,
1909,2319,Bohemia - Joven (<30),RETIRO_TARJETA,PRESTAMO,LEASING,1064.45,38320.0
1910,2320,Moravia - Adulto (30-50),INGRESO_TRANSF,PRESTAMO,SEGURO,4205.75,151407.0
1911,2321,Moravia - Adulto (30-50),SERVICIOS_HOGAR,TRANSF_SALIENTE,INGRESO_TRANSF,,
1912,2322,Bohemia - Adulto Mayor (>50),TRANSF_SALIENTE,RETIRO_TARJETA,INGRESO_TRANSF,,
1913,2323,Bohemia - Adulto Mayor (>50),PENSION,TRANSF_SALIENTE,RETIRO_TARJETA,,
1914,2324,Bohemia - Joven (<30),INGRESO_TRANSF,PRESTAMO,SEGURO,2408.52,86707.0
1915,2325,Bohemia - Adulto (30-50),INGRESO_TRANSF,RETIRO_TARJETA,PRESTAMO,1024.15,36870.0
1916,2326,Moravia - Adulto Mayor (>50),PENSION,TRANSF_SALIENTE,INGRESO_TRANSF,,
1917,2327,Moravia - Adulto Mayor (>50),TRANSF_SALIENTE,INGRESO_TRANSF,PRESTAMO,981.24,35325.0
1918,2328,Bohemia - Adulto (30-50),TRANSF_SALIENTE,INGRESO_TRANSF,RETIRO_TARJETA,,
1919,2329,Bohemia - Joven (<30),INGRESO_TRANSF,PRESTAMO,SEGURO,4459.55,160544.0
1920,2330,Bohemia - Adulto Mayor (>50),PENSION,TRANSF_SALIENTE,RETIRO_TARJETA,,
1921,2331,Bohemia - Adulto (30-50),RETIRO_TARJETA,PRESTAMO,SEGURO,988.57,35589.0
1922,2332,Moravia - Adulto (30-50),SERVICIOS_HOGAR,TRANSF_SALIENTE,INGRESO_TRANSF,,
1924,2335,Moravia - Adulto Mayor (>50),TRANSF_SALIENTE,INGRESO_TRANSF,PRESTAMO,2326.48,83753.0
1925,2336,Bohemia - Adulto Mayor (>50),TRANSF_SALIENTE,RETIRO_TARJETA,INGRESO_TRANSF,,
1926,2338,Moravia - Adulto (30-50),INGRESO_TRANSF,PRESTAMO,RETIRO_TARJETA,1137.78,40960.0
1927,2340,Bohemia - Adulto (30-50),TRANSF_SALIENTE,RETIRO_TARJETA,PRESTAMO,1173.64,42251.0
1928,2342,Moravia - Adulto Mayor (>50),SERVICIOS_HOGAR,PENSION,TRANSF_SALIENTE,,
1929,2343,Praga - Adulto (30-50),TRANSF_SALIENTE,PRESTAMO,SEGURO,2602.99,93708.0
1930,2344,Bohemia - Adulto Mayor (>50),TRANSF_SALIENTE,RETIRO_TARJETA,INGRESO_TRANSF,,
1931,2345,Bohemia - Adulto Mayor (>50),PENSION,RETIRO_TARJETA,INGRESO_TRANSF,,
1932,2347,Bohemia - Adulto Mayor (>50),SERVICIOS_HOGAR,PENSION,TRANSF_SALIENTE,,
1933,2348,Bohemia - Adulto Mayor (>50),TRANSF_SALIENTE,RETIRO_TARJETA,INGRESO_TRANSF,,
1934,2349,Bohemia - Adulto (30-50),INGRESO_TRANSF,RETIRO_TARJETA,PRESTAMO,3069.56,110504.0
1935,2351,Bohemia - Adulto (30-50),SERVICIOS_HOGAR,TRANSF_SALIENTE,RETIRO_TARJETA,,
1936,2352,Moravia - Joven (<30),TRANSF_SALIENTE,RETIRO_TARJETA,PRESTAMO,1037.61,37354.0
1937,2353,Bohemia - Adulto Mayor (>50),TRANSF_SALIENTE,RETIRO_TARJETA,INGRESO_TRANSF,,
1938,2354,Praga - Adulto (30-50),TRANSF_SALIENTE,RETIRO_TARJETA,INGRESO_TRANSF,,
1939,2355,Bohemia - Adulto Mayor (>50),PENSION,RETIRO_TARJETA,PRESTAMO,3466.38,124790.0
1940,2356,Bohemia - Adulto Mayor (>50),TRANSF_SALIENTE,RETIRO_TARJETA,INGRESO_TRANSF,,
1941,2358,Moravia - Adulto Mayor (>50),SERVICIOS_HOGAR,PENSION,TRANSF_SALIENTE,,
1943,2361,Bohemia - Adulto (30-50),INGRESO_TRANSF,PRESTAMO,LEASING,2712.91,97665.0
1944,2363,Bohemia - Adulto Mayor (>50),PENSION,TRANSF_SALIENTE,INGRESO_TRANSF,,
1945,2364,Moravia - Joven (<30),SERVICIOS_HOGAR,TRANSF_SALIENTE,INGRESO_TRANSF,,
1946,2365,Bohemia - Adulto (30-50),TRANSF_SALIENTE,INGRESO_TRANSF,RETIRO_TARJETA,,
1947,2366,Bohemia - Adulto Mayor (>50),TRANSF_SALIENTE,RETIRO_TARJETA,INGRESO_TRANSF,,
1948,2368,Moravia - Adulto Mayor (>50),PENSION,INGRESO_TRANSF,PRESTAMO,3141.33,113088.0
1949,2370,Bohemia - Adulto (30-50),INGRESO_TRANSF,RETIRO_TARJETA,PRESTAMO,1914.24,68913.0
1950,2371,Moravia - Adulto (30-50),TRANSF_SALIENTE,INGRESO_TRANSF,PRESTAMO,1456.83,52446.0
1951,2372,Bohemia - Joven (<30),RETIRO_TARJETA,INGRESO_TRANSF,PRESTAMO,3220.16,115926.0
1952,2373,Bohemia - Adulto (30-50),SERVICIOS_HOGAR,TRANSF_SALIENTE,INGRESO_TRANSF,,
1953,2374,Bohemia - Adulto (30-50),SERVICIOS_HOGAR,TRANSF_SALIENTE,INGRESO_TRANSF,,
1954,2375,Moravia - Adulto (30-50),TRANSF_SALIENTE,PRESTAMO,RETIRO_TARJETA,849.77,30592.0
1955,2377,Bohemia - Adulto (30-50),TRANSF_SALIENTE,RETIRO_TARJETA,PRESTAMO,847.66,30516.0
1956,2378,Moravia - Adulto (30-50),TRANSF_SALIENTE,INGRESO_TRANSF,PRESTAMO,2419.85,87114.0
1957,2379,Bohemia - Adulto (30-50),RETIRO_TARJETA,PRESTAMO,SEGURO,1746.67,62880.0
1958,2380,Bohemia - Adulto Mayor (>50),TRANSF_SALIENTE,RETIRO_TARJETA,INGRESO_TRANSF,,
1959,2382,Moravia - Adulto Mayor (>50),TRANSF_SALIENTE,INGRESO_TRANSF,PRESTAMO,1414.47,50921.0
1960,2383,Bohemia - Adulto Mayor (>50),PENSION,RETIRO_TARJETA,PRESTAMO,862.55,31052.0
1961,2385,Bohemia - Adulto Mayor (>50),TRANSF_SALIENTE,RETIRO_TARJETA,INGRESO_TRANSF,,
1962,2387,Moravia - Adulto Mayor (>50),PENSION,PRESTAMO,RETIRO_TARJETA,3043.99,109583.0
1963,2388,Bohemia - Joven (<30),TRANSF_SALIENTE,INGRESO_TRANSF,PRESTAMO,3874.6,139486.0
1964,2389,Bohemia - Adulto Mayor (>50),TRANSF_SALIENTE,RETIRO_TARJETA,INGRESO_TRANSF,,
1965,2390,Moravia - Adulto Mayor (>50),PENSION,TRANSF_SALIENTE,INGRESO_TRANSF,,
1966,2391,Praga - Adulto Mayor (>50),PENSION,TRANSF_SALIENTE,RETIRO_TARJETA,,
1967,2392,Bohemia - Adulto (30-50),TRANSF_SALIENTE,INGRESO_TRANSF,RETIRO_TARJETA,,
1968,2393,Bohemia - Joven (<30),TRANSF_SALIENTE,RETIRO_TARJETA,INGRESO_TRANSF,,
1969,2394,Bohemia - Adulto (30-50),TRANSF_SALIENTE,INGRESO_TRANSF,RETIRO_TARJETA,,
1970,2395,Bohemia - Adulto (30-50),INGRESO_TRANSF,PRESTAMO,SEGURO,3231.11,116320.0
1971,2396,Bohemia - Adulto (30-50),TRANSF_SALIENTE,INGRESO_TRANSF,RETIRO_TARJETA,,
1972,2397,Bohemia - Adulto Mayor (>50),TRANSF_SALIENTE,RETIRO_TARJETA,INGRESO_TRANSF,,
1973,2398,Moravia - Adulto (30-50),PRESTAMO,RETIRO_TARJETA,SEGURO,1042.83,37542.0
1974,2399,Bohemia - Adulto Mayor (>50),SERVICIOS_HOGAR,PENSION,TRANSF_SALIENTE,,
1975,2400,Bohemia - Adulto (30-50),INGRESO_TRANSF,RETIRO_TARJETA,PRESTAMO,1917.84,69042.0
1976,2401,Bohemia - Adulto Mayor (>50),PENSION,INGRESO_TRANSF,PRESTAMO,2023.02,72829.0
1977,2402,Bohemia - Adulto Mayor (>50),SERVICIOS_HOGAR,PENSION,TRANSF_SALIENTE,,
1978,2403,Praga - Adulto (30-50),RETIRO_TARJETA,LEASING,PENSION,,
1979,2404,Bohemia - Joven (<30),TRANSF_SALIENTE,RETIRO_TARJETA,PRESTAMO,1131.05,40718.0
1980,2406,Bohemia - Adulto (30-50),TRANSF_SALIENTE,INGRESO_TRANSF,RETIRO_TARJETA,,
1981,2407,Bohemia - Joven (<30),RETIRO_TARJETA,PRESTAMO,SEGURO,1281.36,46129.0
1982,2408,Bohemia - Adulto Mayor (>50),PENSION,TRANSF_SALIENTE,RETIRO_TARJETA,,
1983,2409,Moravia - Adulto (30-50),SERVICIOS_HOGAR,TRANSF_SALIENTE,INGRESO_TRANSF,,
1984,2410,Moravia - Joven (<30),SERVICIOS_HOGAR,TRANSF_SALIENTE,INGRESO_TRANSF,,
1985,2412,Bohemia - Joven (<30),SERVICIOS_HOGAR,TRANSF_SALIENTE,RETIRO_TARJETA,,
1986,2413,Bohemia - Adulto (30-50),TRANSF_SALIENTE,INGRESO_TRANSF,RETIRO_TARJETA,,
1987,2414,Moravia - Adulto (30-50),SERVICIOS_HOGAR,TRANSF_SALIENTE,INGRESO_TRANSF,,
1988,2416,Moravia - Adulto (30-50),TRANSF_SALIENTE,INGRESO_TRANSF,PRESTAMO,1392.83,50142.0
1989,2417,Bohemia - Adulto Mayor (>50),TRANSF_SALIENTE,RETIRO_TARJETA,INGRESO_TRANSF,,
1990,2418,Praga - Adulto (30-50),TRANSF_SALIENTE,RETIRO_TARJETA,PRESTAMO,1338.92,48201.0
1991,2419,Praga - Adulto (30-50),RETIRO_TARJETA,INGRESO_TRANSF,PRESTAMO,2388.76,85995.0
1992,2420,Bohemia - Joven (<30),TRANSF_SALIENTE,RETIRO_TARJETA,INGRESO_TRANSF,,
1993,2422,Moravia - Joven (<30),SERVICIOS_HOGAR,TRANSF_SALIENTE,INGRESO_TRANSF,,
1994,2423,Bohemia - Adulto (30-50),INGRESO_TRANSF,PRESTAMO,LEASING,2526.08,90939.0
1995,2424,Moravia - Adulto Mayor (>50),TRANSF_SALIENTE,INGRESO_TRANSF,PRESTAMO,1121.37,40369.0
1996,2425,Bohemia - Joven (<30),SERVICIOS_HOGAR,TRANSF_SALIENTE,PRESTAMO,2617.95,94246.0
1997,2426,Moravia - Adulto Mayor (>50),TRANSF_SALIENTE,INGRESO_TRANSF,PRESTAMO,1653.44,59524.0
1998,2428,Praga - Adulto Mayor (>50),SERVICIOS_HOGAR,PENSION,TRANSF_SALIENTE,,
1999,2429,Moravia - Joven (<30),INGRESO_TRANSF,PRESTAMO,SEGURO,2630.96,94714.0
2000,2430,Bohemia - Adulto Mayor (>50),PENSION,RETIRO_TARJETA,INGRESO_TRANSF,,
2001,2431,Moravia - Adulto (30-50),TRANSF_SALIENTE,PRESTAMO,SEGURO,3472.39,125006.0
2002,2432,Bohemia - Adulto Mayor (>50),TRANSF_SALIENTE,RETIRO_TARJETA,INGRESO_TRANSF,,
2003,2433,Bohemia - Adulto (30-50),SERVICIOS_HOGAR,TRANSF_SALIENTE,RETIRO_TARJETA,,
2004,2434,Bohemia - Adulto Mayor (>50),PENSION,TRANSF_SALIENTE,INGRESO_TRANSF,,
2005,2435,Bohemia - Adulto Mayor (>50),PENSION,RETIRO_TARJETA,PRESTAMO,1579.58,56865.0
2006,2436,Bohemia - Adulto Mayor (>50),TRANSF_SALIENTE,RETIRO_TARJETA,INGRESO_TRANSF,,
2007,2437,Bohemia - Adulto Mayor (>50),SERVICIOS_HOGAR,PENSION,TRANSF_SALIENTE,,
2008,2438,Bohemia - Adulto Mayor (>50),PENSION,RETIRO_TARJETA,INGRESO_TRANSF,,
2009,2440,Bohemia - Adulto Mayor (>50),PENSION,INGRESO_TRANSF,PRESTAMO,3127.22,112580.0
2010,2441,Praga - Adulto Mayor (>50),TRANSF_SALIENTE,RETIRO_TARJETA,INGRESO_TRANSF,,
2011,2443,Moravia - Adulto (30-50),PRESTAMO,RETIRO_TARJETA,LEASING,958.97,34523.0
2012,2444,Bohemia - Adulto Mayor (>50),TRANSF_SALIENTE,RETIRO_TARJETA,INGRESO_TRANSF,,
2013,2445,Moravia - Joven (<30),SERVICIOS_HOGAR,TRANSF_SALIENTE,INGRESO_TRANSF,,
2015,2447,Moravia - Joven (<30),TRANSF_SALIENTE,INGRESO_TRANSF,RETIRO_TARJETA,,
2016,2449,Praga - Adulto (30-50),RETIRO_TARJETA,PRESTAMO,LEASING,1146.32,41268.0
2017,2450,Moravia - Joven (<30),INGRESO_TRANSF,RETIRO_TARJETA,PRESTAMO,1251.18,45042.0
2018,2451,Bohemia - Adulto Mayor (>50),PENSION,TRANSF_SALIENTE,RETIRO_TARJETA,,
2019,2452,Moravia - Adulto (30-50),PRESTAMO,RETIRO_TARJETA,LEASING,887.0,31932.0
2020,2453,Bohemia - Adulto Mayor (>50),TRANSF_SALIENTE,RETIRO_TARJETA,INGRESO_TRANSF,,
2021,2454,Moravia - Adulto Mayor (>50),SERVICIOS_HOGAR,PENSION,TRANSF_SALIENTE,,
2022,2455,Moravia - Adulto Mayor (>50),TRANSF_SALIENTE,INGRESO_TRANSF,PRESTAMO,1544.31,55595.0
2023,2457,Moravia - Adulto Mayor (>50),PENSION,INGRESO_TRANSF,PRESTAMO,3031.77,109144.0
2024,2459,Bohemia - Joven (<30),TRANSF_SALIENTE,RETIRO_TARJETA,INGRESO_TRANSF,,
2025,2460,Bohemia - Adulto (30-50),TRANSF_SALIENTE,INGRESO_TRANSF,RETIRO_TARJETA,,
2026,2461,Moravia - Adulto (30-50),INGRESO_TRANSF,PRESTAMO,RETIRO_TARJETA,2504.27,90154.0
2027,2462,Bohemia - Adulto Mayor (>50),TRANSF_SALIENTE,RETIRO_TARJETA,INGRESO_TRANSF,,
2028,2463,Bohemia - Adulto Mayor (>50),SERVICIOS_HOGAR,PENSION,TRANSF_SALIENTE,,
2029,2464,Bohemia - Adulto Mayor (>50),SERVICIOS_HOGAR,PENSION,TRANSF_SALIENTE,,
2030,2465,Bohemia - Joven (<30),TRANSF_SALIENTE,RETIRO_TARJETA,INGRESO_TRANSF,,
2032,2467,Bohemia - Adulto Mayor (>50),PENSION,RETIRO_TARJETA,INGRESO_TRANSF,,
2033,2468,Moravia - Adulto (30-50),TRANSF_SALIENTE,INGRESO_TRANSF,PRESTAMO,1754.67,63168.0
2034,2469,Moravia - Adulto (30-50),TRANSF_SALIENTE,INGRESO_TRANSF,PRESTAMO,3150.76,113427.0
2035,2470,Moravia - Adulto Mayor (>50),PENSION,RETIRO_TARJETA,LEASING,,
2036,2472,Moravia - Joven (<30),SERVICIOS_HOGAR,TRANSF_SALIENTE,INGRESO_TRANSF,,
2037,2473,Bohemia - Joven (<30),RETIRO_TARJETA,INGRESO_TRANSF,PRESTAMO,2119.48,76301.0
2038,2474,Bohemia - Adulto (30-50),INGRESO_TRANSF,RETIRO_TARJETA,PRESTAMO,1770.73,63746.0
2039,2475,Bohemia - Joven (<30),SERVICIOS_HOGAR,TRANSF_SALIENTE,INGRESO_TRANSF,,
2040,2476,Moravia - Adulto (30-50),TRANSF_SALIENTE,INGRESO_TRANSF,PRESTAMO,1988.29,71578.0
2041,2478,Bohemia - Adulto Mayor (>50),SERVICIOS_HOGAR,PENSION,TRANSF_SALIENTE,,
2042,2479,Bohemia - Adulto (30-50),RETIRO_TARJETA,PRESTAMO,SEGURO,853.62,30730.0
2043,2480,Bohemia - Joven (<30),TRANSF_SALIENTE,RETIRO_TARJETA,INGRESO_TRANSF,,
2044,2481,Bohemia - Adulto Mayor (>50),PENSION,TRANSF_SALIENTE,INGRESO_TRANSF,,
2045,2482,Bohemia - Adulto Mayor (>50),TRANSF_SALIENTE,RETIRO_TARJETA,INGRESO_TRANSF,,
2046,2484,Moravia - Joven (<30),RETIRO_TARJETA,PRESTAMO,SEGURO,1222.57,44012.0
2047,2485,Bohemia - Adulto Mayor (>50),TRANSF_SALIENTE,RETIRO_TARJETA,INGRESO_TRANSF,,
2048,2486,Moravia - Adulto (30-50),INGRESO_TRANSF,PRESTAMO,RETIRO_TARJETA,2296.49,82674.0
2049,2487,Moravia - Adulto (30-50),INGRESO_TRANSF,PRESTAMO,RETIRO_TARJETA,1441.86,51907.0
2050,2488,Bohemia - Joven (<30),INGRESO_TRANSF,PRESTAMO,LEASING,2328.2,83815.0
2051,2489,Moravia - Joven (<30),SERVICIOS_HOGAR,TRANSF_SALIENTE,INGRESO_TRANSF,,
2052,2490,Moravia - Adulto (30-50),INGRESO_TRANSF,PRESTAMO,PENSION,2337.36,84145.0
2053,2491,Bohemia - Adulto Mayor (>50),PENSION,TRANSF_SALIENTE,RETIRO_TARJETA,,
2054,2493,Praga - Adulto (30-50),INGRESO_TRANSF,PRESTAMO,LEASING,2524.09,90867.0
2055,2494,Bohemia - Joven (<30),TRANSF_SALIENTE,RETIRO_TARJETA,INGRESO_TRANSF,,
2056,2495,Moravia - Adulto Mayor (>50),SERVICIOS_HOGAR,PENSION,TRANSF_SALIENTE,,
2057,2496,Praga - Joven (<30),INGRESO_TRANSF,PRESTAMO,LEASING,3164.74,113931.0
2058,2497,Bohemia - Adulto (30-50),INGRESO_TRANSF,RETIRO_TARJETA,PRESTAMO,1073.57,38648.0
2059,2498,Bohemia - Joven (<30),SERVICIOS_HOGAR,TRANSF_SALIENTE,INGRESO_TRANSF,,
2060,2499,Bohemia - Adulto Mayor (>50),PENSION,TRANSF_SALIENTE,RETIRO_TARJETA,,
2061,2500,Bohemia - Adulto Mayor (>50),PENSION,RETIRO_TARJETA,INGRESO_TRANSF,,
2062,2501,Moravia - Adulto Mayor (>50),PENSION,SEGURO,LEASING,,
2063,2502,Praga - Adulto Mayor (>50),TRANSF_SALIENTE,INGRESO_TRANSF,PRESTAMO,1903.67,68532.0
2064,2503,Moravia - Joven (<30),SERVICIOS_HOGAR,TRANSF_SALIENTE,RETIRO_TARJETA,,
2065,2504,Moravia - Adulto (30-50),TRANSF_SALIENTE,INGRESO_TRANSF,PRESTAMO,1937.22,69740.0
2066,2505,Bohemia - Adulto (30-50),TRANSF_SALIENTE,RETIRO_TARJETA,PRESTAMO,1250.85,45031.0
2067,2506,Moravia - Joven (<30),SERVICIOS_HOGAR,TRANSF_SALIENTE,INGRESO_TRANSF,,
2068,2507,Bohemia - Adulto (30-50),RETIRO_TARJETA,PRESTAMO,LEASING,1113.41,40083.0
2069,2508,Moravia - Adulto (30-50),INGRESO_TRANSF,PRESTAMO,LEASING,2470.98,88955.0
2070,2510,Moravia - Adulto (30-50),TRANSF_SALIENTE,INGRESO_TRANSF,PRESTAMO,2200.74,79227.0
2071,2511,Bohemia - Joven (<30),RETIRO_TARJETA,INGRESO_TRANSF,PRESTAMO,1606.7,57841.0
2072,2513,Bohemia - Adulto Mayor (>50),PENSION,TRANSF_SALIENTE,INGRESO_TRANSF,,
2073,2514,Moravia - Adulto (30-50),SERVICIOS_HOGAR,TRANSF_SALIENTE,INGRESO_TRANSF,,
2074,2515,Bohemia - Adulto (30-50),INGRESO_TRANSF,RETIRO_TARJETA,PRESTAMO,2103.05,75710.0
2075,2516,Bohemia - Adulto Mayor (>50),PENSION,RETIRO_TARJETA,PRESTAMO,1049.83,37794.0
2076,2517,Bohemia - Adulto Mayor (>50),TRANSF_SALIENTE,RETIRO_TARJETA,INGRESO_TRANSF,,
2077,2519,Bohemia - Joven (<30),SERVICIOS_HOGAR,TRANSF_SALIENTE,RETIRO_TARJETA,,
2078,2520,Moravia - Adulto Mayor (>50),PENSION,TRANSF_SALIENTE,INGRESO_TRANSF,,
2079,2521,Moravia - Adulto Mayor (>50),SERVICIOS_HOGAR,PENSION,TRANSF_SALIENTE,,
2080,2522,Moravia - Adulto Mayor (>50),PENSION,TRANSF_SALIENTE,SEGURO,,
2081,2524,Bohemia - Adulto (30-50),TRANSF_SALIENTE,RETIRO_TARJETA,PRESTAMO,1359.78,48952.0
2082,2525,Bohemia - Adulto (30-50),INGRESO_TRANSF,RETIRO_TARJETA,PRESTAMO,2273.55,81848.0
2083,2526,Praga - Adulto (30-50),TRANSF_SALIENTE,RETIRO_TARJETA,INGRESO_TRANSF,,
2084,2527,Bohemia - Adulto Mayor (>50),PENSION,TRANSF_SALIENTE,INGRESO_TRANSF,,
2085,2528,Bohemia - Joven (<30),RETIRO_TARJETA,INGRESO_TRANSF,PRESTAMO,1545.24,55628.0
2086,2529,Moravia - Adulto Mayor (>50),SERVICIOS_HOGAR,PENSION,TRANSF_SALIENTE,,
2087,2530,Bohemia - Adulto (30-50),SERVICIOS_HOGAR,TRANSF_SALIENTE,INGRESO_TRANSF,,
2088,2531,Bohemia - Adulto (30-50),TRANSF_SALIENTE,INGRESO_TRANSF,RETIRO_TARJETA,,
2089,2532,Bohemia - Adulto Mayor (>50),PENSION,TRANSF_SALIENTE,RETIRO_TARJETA,,
2090,2533,Bohemia - Adulto Mayor (>50),TRANSF_SALIENTE,RETIRO_TARJETA,INGRESO_TRANSF,,
2091,2534,Praga - Adulto Mayor (>50),SERVICIOS_HOGAR,PENSION,TRANSF_SALIENTE,,
2092,2535,Praga - Adulto Mayor (>50),PENSION,TRANSF_SALIENTE,RETIRO_TARJETA,,
2093,2536,Moravia - Adulto (30-50),SERVICIOS_HOGAR,TRANSF_SALIENTE,INGRESO_TRANSF,,
2094,2537,Moravia - Adulto (30-50),TRANSF_SALIENTE,PRESTAMO,RETIRO_TARJETA,976.59,35157.0
2095,2538,Moravia - Joven (<30),SERVICIOS_HOGAR,TRANSF_SALIENTE,INGRESO_TRANSF,,
2096,2539,Bohemia - Joven (<30),RETIRO_TARJETA,INGRESO_TRANSF,PRESTAMO,2205.98,79415.0
2097,2540,Bohemia - Joven (<30),SERVICIOS_HOGAR,TRANSF_SALIENTE,INGRESO_TRANSF,,
2099,2542,Bohemia - Adulto Mayor (>50),SERVICIOS_HOGAR,PENSION,TRANSF_SALIENTE,,
2101,2545,Bohemia - Adulto (30-50),RETIRO_TARJETA,PRESTAMO,LEASING,1475.39,53114.0
2102,2546,Bohemia - Adulto (30-50),INGRESO_TRANSF,RETIRO_TARJETA,PRESTAMO,1437.78,51760.0
2103,2547,Bohemia - Adulto (30-50),INGRESO_TRANSF,RETIRO_TARJETA,PRESTAMO,966.62,34798.0
2104,2548,Bohemia - Adulto (30-50),TRANSF_SALIENTE,INGRESO_TRANSF,PRESTAMO,2165.26,77949.0
2105,2549,Moravia - Adulto Mayor (>50),TRANSF_SALIENTE,INGRESO_TRANSF,PRESTAMO,1202.25,43281.0
2106,2550,Praga - Joven (<30),TRANSF_SALIENTE,RETIRO_TARJETA,INGRESO_TRANSF,,
2107,2551,Moravia - Adulto Mayor (>50),PENSION,INGRESO_TRANSF,PRESTAMO,1680.47,60497.0
2108,2552,Moravia - Adulto (30-50),TRANSF_SALIENTE,INGRESO_TRANSF,PRESTAMO,1677.52,60391.0
2109,2553,Bohemia - Joven (<30),SERVICIOS_HOGAR,TRANSF_SALIENTE,RETIRO_TARJETA,,
2110,2554,Moravia - Adulto Mayor (>50),PENSION,TRANSF_SALIENTE,PRESTAMO,1253.8,45137.0
2111,2555,Bohemia - Adulto (30-50),SERVICIOS_HOGAR,TRANSF_SALIENTE,INGRESO_TRANSF,,
2112,2556,Bohemia - Adulto (30-50),TRANSF_SALIENTE,INGRESO_TRANSF,RETIRO_TARJETA,,
2113,2557,Bohemia - Adulto (30-50),SERVICIOS_HOGAR,TRANSF_SALIENTE,INGRESO_TRANSF,,
2114,2558,Bohemia - Adulto (30-50),INGRESO_TRANSF,RETIRO_TARJETA,PRESTAMO,1253.84,45138.0
2115,2559,Bohemia - Adulto (30-50),TRANSF_SALIENTE,RETIRO_TARJETA,PRESTAMO,757.08,27255.0
2116,2560,Moravia - Joven (<30),INGRESO_TRANSF,SEGURO,LEASING,,
2117,2561,Bohemia - Adulto Mayor (>50),PENSION,TRANSF_SALIENTE,RETIRO_TARJETA,,
2118,2562,Bohemia - Adulto (30-50),TRANSF_SALIENTE,INGRESO_TRANSF,PRESTAMO,2600.52,93619.0
2119,2563,Moravia - Joven (<30),TRANSF_SALIENTE,INGRESO_TRANSF,RETIRO_TARJETA,,
2121,2565,Moravia - Adulto Mayor (>50),PENSION,INGRESO_TRANSF,PRESTAMO,2598.18,93535.0
2122,2566,Bohemia - Adulto (30-50),TRANSF_SALIENTE,INGRESO_TRANSF,RETIRO_TARJETA,,
2123,2567,Moravia - Adulto Mayor (>50),PENSION,TRANSF_SALIENTE,PRESTAMO,899.98,32399.0
2124,2569,Moravia - Adulto Mayor (>50),PENSION,INGRESO_TRANSF,PRESTAMO,2930.01,105480.0
2125,2571,Bohemia - Joven (<30),TRANSF_SALIENTE,RETIRO_TARJETA,INGRESO_TRANSF,,
2126,2572,Praga - Adulto (30-50),SERVICIOS_HOGAR,TRANSF_SALIENTE,PRESTAMO,3950.22,142208.0
2127,2573,Praga - Adulto (30-50),TRANSF_SALIENTE,RETIRO_TARJETA,PRESTAMO,1079.25,38853.0
2128,2574,Bohemia - Adulto Mayor (>50),TRANSF_SALIENTE,RETIRO_TARJETA,INGRESO_TRANSF,,
2130,2576,Bohemia - Joven (<30),SERVICIOS_HOGAR,TRANSF_SALIENTE,RETIRO_TARJETA,,
2131,2577,Moravia - Adulto Mayor (>50),TRANSF_SALIENTE,INGRESO_TRANSF,PRESTAMO,1842.18,66319.0
2132,2578,Moravia - Adulto (30-50),SERVICIOS_HOGAR,TRANSF_SALIENTE,INGRESO_TRANSF,,
2133,2579,Bohemia - Adulto Mayor (>50),TRANSF_SALIENTE,RETIRO_TARJETA,INGRESO_TRANSF,,
2134,2581,Bohemia - Adulto (30-50),INGRESO_TRANSF,RETIRO_TARJETA,SEGURO,,
2135,2582,Bohemia - Adulto Mayor (>50),PENSION,RETIRO_TARJETA,INGRESO_TRANSF,,
2136,2583,Moravia - Adulto Mayor (>50),SERVICIOS_HOGAR,PENSION,TRANSF_SALIENTE,,
2137,2584,Bohemia - Adulto Mayor (>50),SERVICIOS_HOGAR,PENSION,TRANSF_SALIENTE,,
2138,2585,Moravia - Joven (<30),TRANSF_SALIENTE,INGRESO_TRANSF,PRESTAMO,2520.51,90738.0
2139,2586,Bohemia - Adulto (30-50),RETIRO_TARJETA,PRESTAMO,LEASING,1994.3,71795.0
2140,2588,Bohemia - Adulto (30-50),TRANSF_SALIENTE,RETIRO_TARJETA,PRESTAMO,1461.06,52598.0
2141,2589,Bohemia - Adulto (30-50),TRANSF_SALIENTE,INGRESO_TRANSF,RETIRO_TARJETA,,
2142,2590,Bohemia - Adulto (30-50),TRANSF_SALIENTE,INGRESO_TRANSF,RETIRO_TARJETA,,
2143,2592,Praga - Joven (<30),TRANSF_SALIENTE,INGRESO_TRANSF,SEGURO,,
2144,2594,Moravia - Adulto (30-50),SERVICIOS_HOGAR,TRANSF_SALIENTE,INGRESO_TRANSF,,
2146,2596,Bohemia - Adulto (30-50),INGRESO_TRANSF,RETIRO_TARJETA,PRESTAMO,2567.42,92427.0
2147,2597,Bohemia - Joven (<30),TRANSF_SALIENTE,RETIRO_TARJETA,INGRESO_TRANSF,,
2148,2599,Praga - Adulto Mayor (>50),PENSION,RETIRO_TARJETA,PRESTAMO,929.84,33474.0
2149,2600,Bohemia - Adulto Mayor (>50),TRANSF_SALIENTE,RETIRO_TARJETA,INGRESO_TRANSF,,
2150,2601,Bohemia - Adulto (30-50),TRANSF_SALIENTE,RETIRO_TARJETA,PRESTAMO,899.15,32369.0
2151,2603,Bohemia - Joven (<30),RETIRO_TARJETA,INGRESO_TRANSF,PRESTAMO,1255.01,45180.0
2152,2604,Bohemia - Adulto Mayor (>50),TRANSF_SALIENTE,RETIRO_TARJETA,INGRESO_TRANSF,,
2153,2606,Bohemia - Adulto Mayor (>50),PENSION,RETIRO_TARJETA,LEASING,,
2154,2607,Moravia - Adulto Mayor (>50),PENSION,TRANSF_SALIENTE,PRESTAMO,1002.69,36097.0
2155,2608,Moravia - Adulto Mayor (>50),PENSION,PRESTAMO,RETIRO_TARJETA,1109.34,39936.0
2156,2609,Praga - Joven (<30),TRANSF_SALIENTE,INGRESO_TRANSF,PRESTAMO,2494.57,89805.0
2157,2611,Moravia - Adulto Mayor (>50),PENSION,TRANSF_SALIENTE,INGRESO_TRANSF,,
2158,2612,Bohemia - Joven (<30),SERVICIOS_HOGAR,TRANSF_SALIENTE,RETIRO_TARJETA,,
2159,2613,Praga - Joven (<30),RETIRO_TARJETA,INGRESO_TRANSF,PRESTAMO,2319.66,83508.0
2160,2614,Moravia - Adulto Mayor (>50),PENSION,TRANSF_SALIENTE,INGRESO_TRANSF,,
2161,2615,Moravia - Adulto Mayor (>50),PENSION,INGRESO_TRANSF,PRESTAMO,1713.5,61686.0
2162,2616,Bohemia - Joven (<30),TRANSF_SALIENTE,RETIRO_TARJETA,INGRESO_TRANSF,,
2163,2618,Bohemia - Adulto Mayor (>50),PENSION,RETIRO_TARJETA,INGRESO_TRANSF,,
2164,2619,Moravia - Joven (<30),TRANSF_SALIENTE,INGRESO_TRANSF,PRESTAMO,2814.13,101309.0
2165,2621,Bohemia - Adulto (30-50),TRANSF_SALIENTE,RETIRO_TARJETA,SEGURO,,
2166,2622,Moravia - Joven (<30),INGRESO_TRANSF,RETIRO_TARJETA,PRESTAMO,1420.97,51155.0
2167,2623,Bohemia - Adulto (30-50),TRANSF_SALIENTE,INGRESO_TRANSF,SEGURO,,
2169,2625,Moravia - Joven (<30),INGRESO_TRANSF,RETIRO_TARJETA,PRESTAMO,2376.63,85559.0
2170,2626,Praga - Adulto Mayor (>50),PENSION,PRESTAMO,LEASING,4176.66,150360.0
2172,2628,Praga - Adulto Mayor (>50),TRANSF_SALIENTE,RETIRO_TARJETA,INGRESO_TRANSF,,
2173,2630,Moravia - Adulto Mayor (>50),TRANSF_SALIENTE,INGRESO_TRANSF,PRESTAMO,1465.75,52767.0
2174,2631,Bohemia - Joven (<30),TRANSF_SALIENTE,RETIRO_TARJETA,INGRESO_TRANSF,,
2175,2633,Praga - Adulto (30-50),SERVICIOS_HOGAR,TRANSF_SALIENTE,RETIRO_TARJETA,,
2176,2635,Moravia - Adulto (30-50),INGRESO_TRANSF,RETIRO_TARJETA,SEGURO,,
2177,2636,Bohemia - Adulto Mayor (>50),TRANSF_SALIENTE,RETIRO_TARJETA,INGRESO_TRANSF,,
2178,2637,Moravia - Adulto Mayor (>50),PENSION,TRANSF_SALIENTE,INGRESO_TRANSF,,
2179,2638,Praga - Adulto Mayor (>50),PENSION,RETIRO_TARJETA,INGRESO_TRANSF,,
2180,2639,Bohemia - Adulto (30-50),SERVICIOS_HOGAR,TRANSF_SALIENTE,INGRESO_TRANSF,,
2182,2642,Bohemia - Joven (<30),TRANSF_SALIENTE,RETIRO_TARJETA,INGRESO_TRANSF,,
2183,2643,Moravia - Adulto Mayor (>50),SERVICIOS_HOGAR,PENSION,TRANSF_SALIENTE,,
2184,2644,Bohemia - Adulto (30-50),TRANSF_SALIENTE,INGRESO_TRANSF,PRESTAMO,2188.65,78792.0
2185,2645,Moravia - Adulto Mayor (>50),TRANSF_SALIENTE,INGRESO_TRANSF,PRESTAMO,1564.05,56306.0
2186,2646,Moravia - Adulto Mayor (>50),TRANSF_SALIENTE,INGRESO_TRANSF,PRESTAMO,1342.51,48330.0
2187,2647,Bohemia - Adulto Mayor (>50),SERVICIOS_HOGAR,PENSION,TRANSF_SALIENTE,,
2189,2650,Moravia - Joven (<30),INGRESO_TRANSF,PRESTAMO,LEASING,2980.61,107302.0
2190,2652,Bohemia - Adulto (30-50),INGRESO_TRANSF,RETIRO_TARJETA,PRESTAMO,3154.68,113568.0
2191,2653,Praga - Adulto (30-50),TRANSF_SALIENTE,RETIRO_TARJETA,INGRESO_TRANSF,,
2192,2654,Moravia - Adulto Mayor (>50),PENSION,INGRESO_TRANSF,PRESTAMO,1600.61,57622.0
2193,2655,Bohemia - Adulto (30-50),TRANSF_SALIENTE,INGRESO_TRANSF,RETIRO_TARJETA,,
2194,2656,Moravia - Adulto (30-50),TRANSF_SALIENTE,INGRESO_TRANSF,PRESTAMO,2191.92,78909.0
2195,2657,Moravia - Adulto Mayor (>50),SERVICIOS_HOGAR,PENSION,TRANSF_SALIENTE,,
2196,2658,Bohemia - Adulto Mayor (>50),TRANSF_SALIENTE,RETIRO_TARJETA,INGRESO_TRANSF,,
2197,2659,Bohemia - Adulto Mayor (>50),PENSION,TRANSF_SALIENTE,INGRESO_TRANSF,,
2199,2661,Praga - Adulto (30-50),RETIRO_TARJETA,PRESTAMO,SEGURO,1336.9,48129.0
2200,2662,Praga - Joven (<30),SERVICIOS_HOGAR,TRANSF_SALIENTE,INGRESO_TRANSF,,
2201,2663,Bohemia - Joven (<30),RETIRO_TARJETA,PRESTAMO,LEASING,962.54,34651.0
2203,2666,Bohemia - Adulto Mayor (>50),TRANSF_SALIENTE,RETIRO_TARJETA,INGRESO_TRANSF,,
2204,2667,Bohemia - Joven (<30),TRANSF_SALIENTE,RETIRO_TARJETA,INGRESO_TRANSF,,
2205,2669,Bohemia - Adulto Mayor (>50),TRANSF_SALIENTE,RETIRO_TARJETA,INGRESO_TRANSF,,
2206,2670,Bohemia - Adulto Mayor (>50),PENSION,TRANSF_SALIENTE,RETIRO_TARJETA,,
2207,2671,Bohemia - Joven (<30),SERVICIOS_HOGAR,TRANSF_SALIENTE,RETIRO_TARJETA,,
2208,2672,Bohemia - Adulto Mayor (>50),PENSION,TRANSF_SALIENTE,RETIRO_TARJETA,,
2209,2673,Moravia - Adulto (30-50),INGRESO_TRANSF,PRESTAMO,RETIRO_TARJETA,3595.7,129445.0
2210,2675,Bohemia - Adulto Mayor (>50),TRANSF_SALIENTE,RETIRO_TARJETA,INGRESO_TRANSF,,
2211,2676,Moravia - Adulto (30-50),TRANSF_SALIENTE,PRESTAMO,RETIRO_TARJETA,3268.51,117666.0
2212,2677,Bohemia - Adulto Mayor (>50),TRANSF_SALIENTE,RETIRO_TARJETA,INGRESO_TRANSF,,
2213,2679,Praga - Adulto Mayor (>50),PENSION,TRANSF_SALIENTE,RETIRO_TARJETA,,
2214,2681,Bohemia - Joven (<30),SERVICIOS_HOGAR,TRANSF_SALIENTE,RETIRO_TARJETA,,
2215,2683,Bohemia - Adulto Mayor (>50),TRANSF_SALIENTE,RETIRO_TARJETA,INGRESO_TRANSF,,
2216,2684,Moravia - Adulto (30-50),TRANSF_SALIENTE,INGRESO_TRANSF,PRESTAMO,3299.52,118783.0
2217,2685,Moravia - Joven (<30),SERVICIOS_HOGAR,TRANSF_SALIENTE,INGRESO_TRANSF,,
2218,2686,Bohemia - Adulto (30-50),SERVICIOS_HOGAR,TRANSF_SALIENTE,SEGURO,,
2219,2688,Moravia - Adulto (30-50),SERVICIOS_HOGAR,TRANSF_SALIENTE,INGRESO_TRANSF,,
2220,2689,Bohemia - Adulto Mayor (>50),TRANSF_SALIENTE,RETIRO_TARJETA,INGRESO_TRANSF,,
2221,2690,Moravia - Joven (<30),RETIRO_TARJETA,PRESTAMO,SEGURO,828.99,29844.0
2222,2691,Bohemia - Adulto (30-50),SERVICIOS_HOGAR,TRANSF_SALIENTE,INGRESO_TRANSF,,
2223,2692,Bohemia - Adulto Mayor (>50),TRANSF_SALIENTE,RETIRO_TARJETA,INGRESO_TRANSF,,
2224,2693,Bohemia - Joven (<30),SERVICIOS_HOGAR,TRANSF_SALIENTE,RETIRO_TARJETA,,
2225,2694,Bohemia - Adulto Mayor (>50),TRANSF_SALIENTE,RETIRO_TARJETA,INGRESO_TRANSF,,
2226,2696,Bohemia - Adulto Mayor (>50),PENSION,RETIRO_TARJETA,INGRESO_TRANSF,,
2227,2698,Bohemia - Joven (<30),TRANSF_SALIENTE,INGRESO_TRANSF,SEGURO,,
2228,2700,Bohemia - Adulto Mayor (>50),PENSION,TRANSF_SALIENTE,RETIRO_TARJETA,,
2229,2701,Praga - Adulto (30-50),TRANSF_SALIENTE,RETIRO_TARJETA,INGRESO_TRANSF,,
2230,2702,Bohemia - Adulto Mayor (>50),TRANSF_SALIENTE,RETIRO_TARJETA,INGRESO_TRANSF,,
2231,2703,Bohemia - Joven (<30),RETIRO_TARJETA,INGRESO_TRANSF,PRESTAMO,1001.48,36053.0
2232,2704,Praga - Adulto (30-50),TRANSF_SALIENTE,RETIRO_TARJETA,INGRESO_TRANSF,,
2233,2705,Bohemia - Adulto Mayor (>50),TRANSF_SALIENTE,RETIRO_TARJETA,INGRESO_TRANSF,,
2234,2706,Bohemia - Adulto (30-50),RETIRO_TARJETA,PRESTAMO,LEASING,1209.31,43535.0
2235,2707,Bohemia - Joven (<30),TRANSF_SALIENTE,RETIRO_TARJETA,INGRESO_TRANSF,,
2236,2708,Moravia - Adulto (30-50),TRANSF_SALIENTE,INGRESO_TRANSF,RETIRO_TARJETA,,
2237,2709,Bohemia - Adulto Mayor (>50),PENSION,INGRESO_TRANSF,PRESTAMO,2696.51,97074.0
2239,2712,Bohemia - Adulto (30-50),INGRESO_TRANSF,RETIRO_TARJETA,PRESTAMO,2162.53,77851.0
2240,2713,Bohemia - Adulto (30-50),SERVICIOS_HOGAR,TRANSF_SALIENTE,INGRESO_TRANSF,,
2241,2714,Bohemia - Joven (<30),RETIRO_TARJETA,INGRESO_TRANSF,PRESTAMO,2370.33,85332.0
2242,2715,Bohemia - Adulto (30-50),TRANSF_SALIENTE,PRESTAMO,SEGURO,3049.7,109789.0
2243,2716,Bohemia - Joven (<30),RETIRO_TARJETA,INGRESO_TRANSF,PRESTAMO,2175.96,78335.0
2244,2717,Bohemia - Adulto Mayor (>50),TRANSF_SALIENTE,RETIRO_TARJETA,INGRESO_TRANSF,,
2245,2719,Bohemia - Adulto (30-50),SERVICIOS_HOGAR,TRANSF_SALIENTE,INGRESO_TRANSF,,
2246,2720,Praga - Adulto (30-50),SERVICIOS_HOGAR,TRANSF_SALIENTE,RETIRO_TARJETA,,
2247,2721,Bohemia - Adulto (30-50),INGRESO_TRANSF,RETIRO_TARJETA,LEASING,,
2250,2724,Bohemia - Joven (<30),TRANSF_SALIENTE,INGRESO_TRANSF,PRESTAMO,2799.32,100775.0
2252,2726,Praga - Joven (<30),RETIRO_TARJETA,PRESTAMO,SEGURO,1080.56,38900.0
2253,2728,Moravia - Adulto Mayor (>50),TRANSF_SALIENTE,INGRESO_TRANSF,PRESTAMO,1595.28,57430.0
2254,2729,Praga - Adulto (30-50),RETIRO_TARJETA,INGRESO_TRANSF,PRESTAMO,3009.99,108360.0
2255,2730,Bohemia - Adulto Mayor (>50),PENSION,TRANSF_SALIENTE,RETIRO_TARJETA,,
2256,2731,Bohemia - Adulto Mayor (>50),TRANSF_SALIENTE,RETIRO_TARJETA,INGRESO_TRANSF,,
2257,2732,Moravia - Adulto (30-50),TRANSF_SALIENTE,PRESTAMO,RETIRO_TARJETA,1097.23,39500.0
2258,2733,Bohemia - Adulto Mayor (>50),TRANSF_SALIENTE,RETIRO_TARJETA,INGRESO_TRANSF,,
2259,2735,Moravia - Adulto Mayor (>50),TRANSF_SALIENTE,INGRESO_TRANSF,PRESTAMO,1011.53,36415.0
2260,2736,Praga - Adulto (30-50),TRANSF_SALIENTE,RETIRO_TARJETA,INGRESO_TRANSF,,
2261,2738,Praga - Adulto (30-50),TRANSF_SALIENTE,RETIRO_TARJETA,INGRESO_TRANSF,,
2262,2739,Bohemia - Adulto (30-50),SERVICIOS_HOGAR,TRANSF_SALIENTE,INGRESO_TRANSF,,
2263,2740,Bohemia - Adulto (30-50),TRANSF_SALIENTE,INGRESO_TRANSF,PRESTAMO,2899.46,104381.0
2264,2741,Bohemia - Adulto Mayor (>50),TRANSF_SALIENTE,RETIRO_TARJETA,INGRESO_TRANSF,,
2265,2742,Moravia - Adulto Mayor (>50),PENSION,TRANSF_SALIENTE,INGRESO_TRANSF,,
2266,2743,Bohemia - Adulto Mayor (>50),SERVICIOS_HOGAR,PENSION,TRANSF_SALIENTE,,
2267,2745,Moravia - Adulto Mayor (>50),PENSION,TRANSF_SALIENTE,INGRESO_TRANSF,,
2268,2746,Praga - Joven (<30),TRANSF_SALIENTE,RETIRO_TARJETA,INGRESO_TRANSF,,
2269,2747,Bohemia - Adulto Mayor (>50),PENSION,TRANSF_SALIENTE,RETIRO_TARJETA,,
2270,2749,Bohemia - Adulto Mayor (>50),TRANSF_SALIENTE,RETIRO_TARJETA,INGRESO_TRANSF,,
2271,2751,Moravia - Adulto (30-50),TRANSF_SALIENTE,PRESTAMO,RETIRO_TARJETA,1091.93,39310.0
2272,2752,Bohemia - Joven (<30),TRANSF_SALIENTE,RETIRO_TARJETA,INGRESO_TRANSF,,
2274,2754,Moravia - Joven (<30),SERVICIOS_HOGAR,TRANSF_SALIENTE,INGRESO_TRANSF,,
2275,2755,Praga - Joven (<30),TRANSF_SALIENTE,RETIRO_TARJETA,INGRESO_TRANSF,,
2276,2756,Bohemia - Adulto Mayor (>50),TRANSF_SALIENTE,RETIRO_TARJETA,INGRESO_TRANSF,,
2278,2758,Praga - Adulto Mayor (>50),PENSION,RETIRO_TARJETA,INGRESO_TRANSF,,
2279,2759,Bohemia - Joven (<30),SERVICIOS_HOGAR,TRANSF_SALIENTE,SEGURO,,
2280,2760,Moravia - Joven (<30),TRANSF_SALIENTE,INGRESO_TRANSF,RETIRO_TARJETA,,
2281,2761,Praga - Joven (<30),TRANSF_SALIENTE,RETIRO_TARJETA,INGRESO_TRANSF,,
2282,2762,Bohemia - Adulto (30-50),TRANSF_SALIENTE,PRESTAMO,SEGURO,4295.56,154640.0
2285,2765,Bohemia - Joven (<30),SERVICIOS_HOGAR,TRANSF_SALIENTE,RETIRO_TARJETA,,
2286,2766,Moravia - Adulto (30-50),PRESTAMO,RETIRO_TARJETA,SEGURO,1320.87,47551.0
2287,2768,Praga - Adulto (30-50),TRANSF_SALIENTE,INGRESO_TRANSF,PRESTAMO,3341.13,120281.0
2288,2769,Moravia - Adulto Mayor (>50),PENSION,TRANSF_SALIENTE,INGRESO_TRANSF,,
2289,2770,Praga - Adulto (30-50),TRANSF_SALIENTE,RETIRO_TARJETA,INGRESO_TRANSF,,
2290,2771,Bohemia - Adulto Mayor (>50),TRANSF_SALIENTE,RETIRO_TARJETA,INGRESO_TRANSF,,
2291,2773,Bohemia - Adulto Mayor (>50),TRANSF_SALIENTE,RETIRO_TARJETA,INGRESO_TRANSF,,
2292,2775,Bohemia - Joven (<30),RETIRO_TARJETA,PRESTAMO,LEASING,1385.87,49891.0
2293,2776,Bohemia - Adulto Mayor (>50),TRANSF_SALIENTE,RETIRO_TARJETA,INGRESO_TRANSF,,
2294,2777,Bohemia - Joven (<30),TRANSF_SALIENTE,RETIRO_TARJETA,INGRESO_TRANSF,,
2295,2778,Moravia - Adulto (30-50),SERVICIOS_HOGAR,TRANSF_SALIENTE,INGRESO_TRANSF,,
2296,2779,Bohemia - Adulto Mayor (>50),PENSION,TRANSF_SALIENTE,RETIRO_TARJETA,,
2297,2781,Bohemia - Adulto (30-50),INGRESO_TRANSF,RETIRO_TARJETA,PRESTAMO,1045.44,37636.0
2298,2782,Bohemia - Adulto Mayor (>50),PENSION,TRANSF_SALIENTE,INGRESO_TRANSF,,
2299,2783,Praga - Adulto Mayor (>50),SERVICIOS_HOGAR,PENSION,TRANSF_SALIENTE,,
2300,2784,Bohemia - Adulto (30-50),SERVICIOS_HOGAR,TRANSF_SALIENTE,INGRESO_TRANSF,,
2301,2785,Bohemia - Adulto (30-50),TRANSF_SALIENTE,INGRESO_TRANSF,PRESTAMO,2828.02,101809.0
2302,2786,Bohemia - Adulto (30-50),INGRESO_TRANSF,RETIRO_TARJETA,PRESTAMO,1952.45,70288.0
2303,2787,Bohemia - Joven (<30),TRANSF_SALIENTE,RETIRO_TARJETA,INGRESO_TRANSF,,
2304,2788,Bohemia - Adulto (30-50),SERVICIOS_HOGAR,TRANSF_SALIENTE,INGRESO_TRANSF,,
2305,2789,Praga - Adulto (30-50),TRANSF_SALIENTE,RETIRO_TARJETA,PRESTAMO,574.22,20672.0
2306,2790,Bohemia - Joven (<30),RETIRO_TARJETA,INGRESO_TRANSF,PRESTAMO,1871.0,67356.0
2307,2791,Moravia - Adulto Mayor (>50),TRANSF_SALIENTE,INGRESO_TRANSF,PRESTAMO,1017.64,36635.0
2309,2794,Bohemia - Adulto (30-50),TRANSF_SALIENTE,INGRESO_TRANSF,RETIRO_TARJETA,,
2310,2796,Bohemia - Joven (<30),TRANSF_SALIENTE,RETIRO_TARJETA,INGRESO_TRANSF,,
2311,2797,Bohemia - Adulto (30-50),TRANSF_SALIENTE,INGRESO_TRANSF,RETIRO_TARJETA,,
2312,2798,Moravia - Adulto Mayor (>50),TRANSF_SALIENTE,INGRESO_TRANSF,PRESTAMO,915.32,32952.0
2313,2799,Bohemia - Adulto (30-50),RETIRO_TARJETA,PRESTAMO,SEGURO,1816.73,65402.0
2314,2800,Bohemia - Adulto (30-50),SERVICIOS_HOGAR,TRANSF_SALIENTE,INGRESO_TRANSF,,
2315,2801,Moravia - Adulto Mayor (>50),TRANSF_SALIENTE,INGRESO_TRANSF,PRESTAMO,1943.15,69953.0
2316,2802,Praga - Adulto (30-50),RETIRO_TARJETA,PRESTAMO,SEGURO,1431.44,51532.0
2317,2803,Moravia - Adulto Mayor (>50),TRANSF_SALIENTE,INGRESO_TRANSF,PRESTAMO,1096.47,39473.0
2318,2805,Moravia - Adulto (30-50),INGRESO_TRANSF,PRESTAMO,RETIRO_TARJETA,2974.73,107090.0
2319,2806,Moravia - Adulto (30-50),TRANSF_SALIENTE,INGRESO_TRANSF,PRESTAMO,2421.31,87167.0
2321,2808,Bohemia - Joven (<30),SERVICIOS_HOGAR,TRANSF_SALIENTE,INGRESO_TRANSF,,
2322,2809,Bohemia - Joven (<30),RETIRO_TARJETA,INGRESO_TRANSF,LEASING,,
2323,2810,Moravia - Joven (<30),TRANSF_SALIENTE,INGRESO_TRANSF,RETIRO_TARJETA,,
2324,2811,Praga - Adulto Mayor (>50),PENSION,TRANSF_SALIENTE,RETIRO_TARJETA,,
2325,2812,Moravia - Joven (<30),INGRESO_TRANSF,RETIRO_TARJETA,PRESTAMO,1763.01,63468.0
2326,2813,Moravia - Adulto Mayor (>50),PENSION,TRANSF_SALIENTE,INGRESO_TRANSF,,
2327,2814,Bohemia - Joven (<30),TRANSF_SALIENTE,RETIRO_TARJETA,PRESTAMO,1485.18,53467.0
2328,2815,Bohemia - Adulto Mayor (>50),TRANSF_SALIENTE,INGRESO_TRANSF,PRESTAMO,2882.99,103788.0
2329,2817,Praga - Joven (<30),TRANSF_SALIENTE,RETIRO_TARJETA,INGRESO_TRANSF,,
2330,2818,Moravia - Adulto (30-50),PRESTAMO,RETIRO_TARJETA,SEGURO,1107.21,39860.0
2331,2819,Bohemia - Joven (<30),RETIRO_TARJETA,PRESTAMO,SEGURO,997.6,35914.0
2332,2820,Moravia - Adulto (30-50),TRANSF_SALIENTE,INGRESO_TRANSF,PRESTAMO,2857.14,102857.0
2333,2821,Bohemia - Joven (<30),SERVICIOS_HOGAR,TRANSF_SALIENTE,RETIRO_TARJETA,,
2334,2822,Bohemia - Adulto (30-50),TRANSF_SALIENTE,RETIRO_TARJETA,SEGURO,,
2335,2823,Moravia - Adulto Mayor (>50),PENSION,INGRESO_TRANSF,RETIRO_TARJETA,,
2336,2824,Bohemia - Adulto Mayor (>50),PENSION,TRANSF_SALIENTE,RETIRO_TARJETA,,
2337,2825,Moravia - Adulto (30-50),INGRESO_TRANSF,PRESTAMO,RETIRO_TARJETA,2836.8,102125.0
2338,2826,Moravia - Adulto Mayor (>50),SERVICIOS_HOGAR,PENSION,TRANSF_SALIENTE,,
2339,2827,Moravia - Adulto Mayor (>50),TRANSF_SALIENTE,INGRESO_TRANSF,PRESTAMO,1014.25,36513.0
2340,2828,Bohemia - Adulto (30-50),SERVICIOS_HOGAR,TRANSF_SALIENTE,INGRESO_TRANSF,,
2341,2829,Bohemia - Adulto Mayor (>50),PENSION,RETIRO_TARJETA,PRESTAMO,895.63,32243.0
2342,2830,Bohemia - Joven (<30),TRANSF_SALIENTE,RETIRO_TARJETA,PRESTAMO,1268.8,45677.0
2343,2831,Moravia - Joven (<30),TRANSF_SALIENTE,INGRESO_TRANSF,RETIRO_TARJETA,,
2344,2832,Bohemia - Adulto Mayor (>50),TRANSF_SALIENTE,RETIRO_TARJETA,INGRESO_TRANSF,,
2345,2834,Bohemia - Adulto (30-50),TRANSF_SALIENTE,RETIRO_TARJETA,SEGURO,,
2346,2835,Bohemia - Adulto (30-50),INGRESO_TRANSF,RETIRO_TARJETA,PRESTAMO,1361.9,49028.0
2347,2836,Bohemia - Adulto Mayor (>50),TRANSF_SALIENTE,RETIRO_TARJETA,INGRESO_TRANSF,,
2348,2838,Moravia - Adulto (30-50),INGRESO_TRANSF,PRESTAMO,RETIRO_TARJETA,1389.65,50027.0
2349,2839,Moravia - Adulto Mayor (>50),TRANSF_SALIENTE,INGRESO_TRANSF,PRESTAMO,997.79,35920.0
2350,2841,Bohemia - Joven (<30),RETIRO_TARJETA,INGRESO_TRANSF,SEGURO,,
2351,2842,Moravia - Adulto (30-50),TRANSF_SALIENTE,INGRESO_TRANSF,PRESTAMO,2960.47,106577.0
2352,2843,Moravia - Adulto (30-50),INGRESO_TRANSF,RETIRO_TARJETA,LEASING,,
2353,2844,Bohemia - Adulto (30-50),INGRESO_TRANSF,RETIRO_TARJETA,PRESTAMO,2841.78,102304.0
2354,2845,Bohemia - Adulto (30-50),TRANSF_SALIENTE,INGRESO_TRANSF,PRESTAMO,2752.53,99091.0
2355,2846,Praga - Joven (<30),SERVICIOS_HOGAR,TRANSF_SALIENTE,RETIRO_TARJETA,,
2356,2847,Bohemia - Adulto Mayor (>50),SERVICIOS_HOGAR,PENSION,TRANSF_SALIENTE,,
2357,2849,Bohemia - Adulto Mayor (>50),TRANSF_SALIENTE,RETIRO_TARJETA,INGRESO_TRANSF,,
2358,2850,Bohemia - Joven (<30),TRANSF_SALIENTE,RETIRO_TARJETA,INGRESO_TRANSF,,
2359,2851,Moravia - Adulto Mayor (>50),PENSION,TRANSF_SALIENTE,INGRESO_TRANSF,,
2360,2852,Bohemia - Adulto Mayor (>50),PENSION,TRANSF_SALIENTE,RETIRO_TARJETA,,
2361,2853,Bohemia - Adulto (30-50),TRANSF_SALIENTE,INGRESO_TRANSF,RETIRO_TARJETA,,
2362,2854,Bohemia - Adulto (30-50),TRANSF_SALIENTE,RETIRO_TARJETA,PRESTAMO,1098.53,39547.0
2363,2856,Bohemia - Adulto Mayor (>50),TRANSF_SALIENTE,RETIRO_TARJETA,INGRESO_TRANSF,,
2364,2857,Bohemia - Adulto Mayor (>50),TRANSF_SALIENTE,RETIRO_TARJETA,INGRESO_TRANSF,,
2365,2858,Bohemia - Adulto Mayor (>50),TRANSF_SALIENTE,RETIRO_TARJETA,INGRESO_TRANSF,,
2366,2859,Moravia - Adulto Mayor (>50),TRANSF_SALIENTE,INGRESO_TRANSF,PRESTAMO,1003.77,36136.0
2367,2860,Bohemia - Adulto (30-50),INGRESO_TRANSF,RETIRO_TARJETA,PRESTAMO,2323.78,83656.0
2369,2862,Bohemia - Adulto (30-50),INGRESO_TRANSF,RETIRO_TARJETA,PRESTAMO,2471.2,88963.0
2370,2864,Bohemia - Adulto (30-50),TRANSF_SALIENTE,INGRESO_TRANSF,PRESTAMO,2484.51,89443.0
2371,2865,Bohemia - Adulto Mayor (>50),PENSION,RETIRO_TARJETA,INGRESO_TRANSF,,
2372,2867,Praga - Adulto (30-50),RETIRO_TARJETA,PRESTAMO,LEASING,1018.42,36663.0
2373,2868,Bohemia - Adulto Mayor (>50),TRANSF_SALIENTE,RETIRO_TARJETA,INGRESO_TRANSF,,
2374,2869,Praga - Joven (<30),TRANSF_SALIENTE,RETIRO_TARJETA,PRESTAMO,1119.04,40285.0
2375,2870,Bohemia - Adulto (30-50),INGRESO_TRANSF,RETIRO_TARJETA,PRESTAMO,3131.57,112736.0
2376,2871,Moravia - Adulto (30-50),TRANSF_SALIENTE,INGRESO_TRANSF,PRESTAMO,2111.42,76011.0
2377,2872,Moravia - Adulto Mayor (>50),TRANSF_SALIENTE,INGRESO_TRANSF,PRESTAMO,1073.16,38634.0
2378,2873,Bohemia - Joven (<30),TRANSF_SALIENTE,RETIRO_TARJETA,INGRESO_TRANSF,,
2379,2874,Bohemia - Joven (<30),RETIRO_TARJETA,INGRESO_TRANSF,PRESTAMO,1201.61,43258.0
2380,2875,Bohemia - Adulto Mayor (>50),PENSION,TRANSF_SALIENTE,RETIRO_TARJETA,,
2381,2876,Praga - Joven (<30),TRANSF_SALIENTE,RETIRO_TARJETA,INGRESO_TRANSF,,
2382,2877,Moravia - Adulto Mayor (>50),TRANSF_SALIENTE,INGRESO_TRANSF,PRESTAMO,1286.87,46327.0
2383,2878,Moravia - Adulto Mayor (>50),PENSION,INGRESO_TRANSF,PRESTAMO,2272.24,81801.0
2384,2879,Bohemia - Joven (<30),SERVICIOS_HOGAR,TRANSF_SALIENTE,RETIRO_TARJETA,,
2385,2880,Moravia - Adulto (30-50),SERVICIOS_HOGAR,TRANSF_SALIENTE,INGRESO_TRANSF,,
2386,2881,Bohemia - Adulto (30-50),INGRESO_TRANSF,RETIRO_TARJETA,PRESTAMO,3238.38,116582.0
2387,2882,Moravia - Adulto Mayor (>50),TRANSF_SALIENTE,INGRESO_TRANSF,PRESTAMO,881.46,31733.0
2388,2883,Bohemia - Adulto (30-50),TRANSF_SALIENTE,RETIRO_TARJETA,PRESTAMO,1390.19,50047.0
2389,2884,Bohemia - Adulto (30-50),TRANSF_SALIENTE,INGRESO_TRANSF,RETIRO_TARJETA,,
2390,2885,Praga - Adulto (30-50),RETIRO_TARJETA,INGRESO_TRANSF,PRESTAMO,2762.56,99452.0
2391,2887,Bohemia - Adulto (30-50),TRANSF_SALIENTE,INGRESO_TRANSF,RETIRO_TARJETA,,
2392,2888,Praga - Joven (<30),SERVICIOS_HOGAR,TRANSF_SALIENTE,INGRESO_TRANSF,,
2393,2889,Bohemia - Adulto Mayor (>50),PENSION,TRANSF_SALIENTE,RETIRO_TARJETA,,
2394,2890,Moravia - Adulto (30-50),INGRESO_TRANSF,PRESTAMO,RETIRO_TARJETA,1986.09,71499.0
2395,2892,Bohemia - Adulto Mayor (>50),PENSION,TRANSF_SALIENTE,RETIRO_TARJETA,,
2396,2893,Bohemia - Adulto Mayor (>50),TRANSF_SALIENTE,RETIRO_TARJETA,INGRESO_TRANSF,,
2397,2894,Moravia - Adulto Mayor (>50),PENSION,INGRESO_TRANSF,PRESTAMO,1332.44,47968.0
2398,2895,Moravia - Joven (<30),SERVICIOS_HOGAR,TRANSF_SALIENTE,INGRESO_TRANSF,,
2399,2896,Praga - Joven (<30),SERVICIOS_HOGAR,TRANSF_SALIENTE,RETIRO_TARJETA,,
2400,2897,Bohemia - Adulto Mayor (>50),TRANSF_SALIENTE,RETIRO_TARJETA,INGRESO_TRANSF,,
2401,2899,Bohemia - Adulto Mayor (>50),TRANSF_SALIENTE,RETIRO_TARJETA,INGRESO_TRANSF,,
2402,2900,Bohemia - Adulto Mayor (>50),TRANSF_SALIENTE,RETIRO_TARJETA,INGRESO_TRANSF,,
2403,2901,Bohemia - Adulto Mayor (>50),PENSION,TRANSF_SALIENTE,RETIRO_TARJETA,,
2404,2902,Bohemia - Adulto (30-50),TRANSF_SALIENTE,INGRESO_TRANSF,RETIRO_TARJETA,,
2405,2904,Moravia - Adulto Mayor (>50),PENSION,TRANSF_SALIENTE,INGRESO_TRANSF,,
2406,2906,Bohemia - Adulto Mayor (>50),TRANSF_SALIENTE,RETIRO_TARJETA,INGRESO_TRANSF,,
2407,2908,Praga - Joven (<30),TRANSF_SALIENTE,RETIRO_TARJETA,INGRESO_TRANSF,,
2408,2909,Bohemia - Adulto Mayor (>50),PENSION,RETIRO_TARJETA,INGRESO_TRANSF,,
2409,2910,Moravia - Adulto Mayor (>50),PENSION,TRANSF_SALIENTE,INGRESO_TRANSF,,
2410,2911,Bohemia - Adulto Mayor (>50),TRANSF_SALIENTE,INGRESO_TRANSF,PRESTAMO,2501.74,90062.0
2411,2913,Bohemia - Adulto (30-50),SERVICIOS_HOGAR,TRANSF_SALIENTE,INGRESO_TRANSF,,
2413,2915,Bohemia - Adulto (30-50),TRANSF_SALIENTE,INGRESO_TRANSF,RETIRO_TARJETA,,
2414,2916,Praga - Joven (<30),RETIRO_TARJETA,PRESTAMO,SEGURO,849.95,30598.0
2415,2917,Bohemia - Adulto Mayor (>50),PENSION,TRANSF_SALIENTE,RETIRO_TARJETA,,
2416,2918,Bohemia - Adulto (30-50),TRANSF_SALIENTE,INGRESO_TRANSF,RETIRO_TARJETA,,
2417,2920,Bohemia - Adulto (30-50),INGRESO_TRANSF,RETIRO_TARJETA,PRESTAMO,1122.87,40423.0
2418,2921,Moravia - Joven (<30),SERVICIOS_HOGAR,TRANSF_SALIENTE,INGRESO_TRANSF,,
2419,2922,Bohemia - Adulto Mayor (>50),SERVICIOS_HOGAR,PENSION,TRANSF_SALIENTE,,
2420,2923,Bohemia - Joven (<30),TRANSF_SALIENTE,RETIRO_TARJETA,PRESTAMO,914.57,32924.0
2421,2924,Bohemia - Adulto Mayor (>50),PENSION,PRESTAMO,LEASING,1952.34,70284.0
2422,2926,Bohemia - Adulto Mayor (>50),TRANSF_SALIENTE,RETIRO_TARJETA,INGRESO_TRANSF,,
2423,2928,Bohemia - Adulto Mayor (>50),TRANSF_SALIENTE,RETIRO_TARJETA,INGRESO_TRANSF,,
2424,2929,Praga - Adulto (30-50),TRANSF_SALIENTE,INGRESO_TRANSF,PRESTAMO,3858.36,138901.0
2425,2930,Bohemia - Adulto Mayor (>50),PENSION,TRANSF_SALIENTE,RETIRO_TARJETA,,
2427,2932,Praga - Adulto Mayor (>50),PENSION,RETIRO_TARJETA,INGRESO_TRANSF,,
2428,2933,Moravia - Adulto Mayor (>50),SERVICIOS_HOGAR,PENSION,TRANSF_SALIENTE,,
2429,2935,Moravia - Adulto Mayor (>50),PENSION,INGRESO_TRANSF,PRESTAMO,2868.17,103254.0
2430,2936,Bohemia - Adulto Mayor (>50),SERVICIOS_HOGAR,PENSION,TRANSF_SALIENTE,,
2431,2937,Moravia - Adulto (30-50),INGRESO_TRANSF,PRESTAMO,RETIRO_TARJETA,1879.82,67674.0
2432,2938,Bohemia - Adulto Mayor (>50),TRANSF_SALIENTE,RETIRO_TARJETA,INGRESO_TRANSF,,
2433,2939,Bohemia - Adulto Mayor (>50),TRANSF_SALIENTE,RETIRO_TARJETA,INGRESO_TRANSF,,
2434,2940,Praga - Adulto (30-50),TRANSF_SALIENTE,RETIRO_TARJETA,INGRESO_TRANSF,,
2435,2941,Bohemia - Adulto (30-50),TRANSF_SALIENTE,INGRESO_TRANSF,RETIRO_TARJETA,,
2436,2942,Moravia - Adulto (30-50),SERVICIOS_HOGAR,TRANSF_SALIENTE,INGRESO_TRANSF,,
2437,2943,Praga - Joven (<30),RETIRO_TARJETA,PRESTAMO,SEGURO,913.01,32868.0
2438,2944,Moravia - Adulto Mayor (>50),PENSION,INGRESO_TRANSF,PRESTAMO,967.31,34823.0
2439,2945,Moravia - Adulto Mayor (>50),TRANSF_SALIENTE,INGRESO_TRANSF,PRESTAMO,1232.14,44357.0
2440,2947,Bohemia - Adulto (30-50),INGRESO_TRANSF,RETIRO_TARJETA,PRESTAMO,2052.95,73906.0
2441,2948,Bohemia - Joven (<30),INGRESO_TRANSF,PRESTAMO,LEASING,2464.63,88727.0
2442,2949,Bohemia - Adulto Mayor (>50),PENSION,RETIRO_TARJETA,PRESTAMO,880.98,31715.0
2443,2950,Bohemia - Adulto Mayor (>50),PENSION,TRANSF_SALIENTE,RETIRO_TARJETA,,
2444,2951,Moravia - Adulto (30-50),SERVICIOS_HOGAR,TRANSF_SALIENTE,PRESTAMO,3925.78,141328.0
2445,2952,Bohemia - Joven (<30),SERVICIOS_HOGAR,TRANSF_SALIENTE,RETIRO_TARJETA,,
2446,2953,Bohemia - Adulto Mayor (>50),PENSION,TRANSF_SALIENTE,RETIRO_TARJETA,,
2447,2954,Bohemia - Adulto (30-50),TRANSF_SALIENTE,INGRESO_TRANSF,RETIRO_TARJETA,,
2448,2956,Bohemia - Adulto Mayor (>50),PENSION,RETIRO_TARJETA,PRESTAMO,878.83,31638.0
2449,2957,Bohemia - Joven (<30),SERVICIOS_HOGAR,TRANSF_SALIENTE,RETIRO_TARJETA,,
2450,2958,Bohemia - Joven (<30),INGRESO_TRANSF,PRESTAMO,SEGURO,3730.14,134285.0
2451,2959,Moravia - Adulto (30-50),TRANSF_SALIENTE,INGRESO_TRANSF,PRESTAMO,1698.46,61144.0
2452,2960,Praga - Adulto Mayor (>50),TRANSF_SALIENTE,RETIRO_TARJETA,INGRESO_TRANSF,,
2453,2962,Praga - Adulto Mayor (>50),PENSION,TRANSF_SALIENTE,RETIRO_TARJETA,,
2454,2964,Bohemia - Joven (<30),SERVICIOS_HOGAR,TRANSF_SALIENTE,RETIRO_TARJETA,,
2455,2965,Bohemia - Adulto Mayor (>50),TRANSF_SALIENTE,RETIRO_TARJETA,INGRESO_TRANSF,,
2456,2966,Moravia - Adulto (30-50),TRANSF_SALIENTE,RETIRO_TARJETA,SEGURO,,
2457,2967,Moravia - Adulto (30-50),TRANSF_SALIENTE,INGRESO_TRANSF,PRESTAMO,1267.71,45638.0
2458,2968,Bohemia - Adulto (30-50),SERVICIOS_HOGAR,TRANSF_SALIENTE,RETIRO_TARJETA,,
2459,2969,Moravia - Adulto Mayor (>50),TRANSF_SALIENTE,INGRESO_TRANSF,PRESTAMO,1296.09,46659.0
2460,2971,Praga - Joven (<30),SERVICIOS_HOGAR,TRANSF_SALIENTE,INGRESO_TRANSF,,
2461,2972,Praga - Joven (<30),SERVICIOS_HOGAR,TRANSF_SALIENTE,RETIRO_TARJETA,,
2463,2974,Moravia - Adulto (30-50),TRANSF_SALIENTE,INGRESO_TRANSF,PRESTAMO,1770.25,63729.0
2464,2975,Bohemia - Adulto Mayor (>50),PENSION,RETIRO_TARJETA,INGRESO_TRANSF,,
2465,2976,Moravia - Adulto Mayor (>50),TRANSF_SALIENTE,INGRESO_TRANSF,PRESTAMO,1145.42,41235.0
2466,2977,Bohemia - Adulto (30-50),INGRESO_TRANSF,PRESTAMO,SEGURO,3829.0,137844.0
2467,2978,Bohemia - Adulto Mayor (>50),PENSION,TRANSF_SALIENTE,INGRESO_TRANSF,,
2468,2979,Bohemia - Adulto (30-50),TRANSF_SALIENTE,RETIRO_TARJETA,PRESTAMO,1193.72,42974.0
2469,2980,Bohemia - Joven (<30),TRANSF_SALIENTE,RETIRO_TARJETA,PRESTAMO,1059.92,38157.0
2470,2981,Bohemia - Adulto (30-50),INGRESO_TRANSF,RETIRO_TARJETA,PRESTAMO,1967.61,70834.0
2471,2982,Bohemia - Joven (<30),PRESTAMO,LEASING,PENSION,4337.46,156149.0
2472,2984,Moravia - Adulto (30-50),TRANSF_SALIENTE,INGRESO_TRANSF,PRESTAMO,3558.21,128096.0
2473,2986,Bohemia - Adulto (30-50),RETIRO_TARJETA,PRESTAMO,SEGURO,984.04,35425.0
2474,2988,Bohemia - Adulto (30-50),RETIRO_TARJETA,PRESTAMO,SEGURO,885.58,31881.0
2475,2989,Bohemia - Adulto (30-50),INGRESO_TRANSF,RETIRO_TARJETA,PRESTAMO,1380.52,49699.0
2476,2990,Bohemia - Adulto Mayor (>50),TRANSF_SALIENTE,RETIRO_TARJETA,INGRESO_TRANSF,,
2477,2992,Bohemia - Adulto (30-50),TRANSF_SALIENTE,INGRESO_TRANSF,RETIRO_TARJETA,,
2479,2994,Bohemia - Adulto (30-50),INGRESO_TRANSF,RETIRO_TARJETA,PRESTAMO,1151.86,41467.0
2480,2995,Bohemia - Adulto Mayor (>50),SERVICIOS_HOGAR,PENSION,TRANSF_SALIENTE,,
2481,2996,Praga - Adulto (30-50),SERVICIOS_HOGAR,TRANSF_SALIENTE,RETIRO_TARJETA,,
2482,2997,Praga - Adulto Mayor (>50),PENSION,RETIRO_TARJETA,INGRESO_TRANSF,,
2483,2998,Praga - Adulto (30-50),INGRESO_TRANSF,PRESTAMO,SEGURO,2588.04,93170.0
2484,2999,Moravia - Joven (<30),INGRESO_TRANSF,RETIRO_TARJETA,PRESTAMO,1735.41,62475.0
2485,3000,Bohemia - Adulto Mayor (>50),TRANSF_SALIENTE,RETIRO_TARJETA,INGRESO_TRANSF,,
2486,3001,Praga - Adulto (30-50),SERVICIOS_HOGAR,TRANSF_SALIENTE,RETIRO_TARJETA,,
2487,3002,Bohemia - Adulto (30-50),INGRESO_TRANSF,RETIRO_TARJETA,PRESTAMO,1391.18,50083.0
2488,3003,Moravia - Joven (<30),TRANSF_SALIENTE,RETIRO_TARJETA,PRESTAMO,1358.58,48909.0
2489,3005,Bohemia - Adulto Mayor (>50),TRANSF_SALIENTE,RETIRO_TARJETA,INGRESO_TRANSF,,
2490,3006,Bohemia - Joven (<30),RETIRO_TARJETA,INGRESO_TRANSF,PRESTAMO,2523.77,90856.0
2491,3007,Moravia - Adulto (30-50),INGRESO_TRANSF,PRESTAMO,RETIRO_TARJETA,1306.88,47048.0
2492,3008,Moravia - Adulto Mayor (>50),TRANSF_SALIENTE,INGRESO_TRANSF,PRESTAMO,1066.45,38392.0
2493,3009,Moravia - Adulto (30-50),TRANSF_SALIENTE,INGRESO_TRANSF,PRESTAMO,2718.41,97863.0
2494,3011,Moravia - Adulto (30-50),PRESTAMO,RETIRO_TARJETA,LEASING,3027.13,108977.0
2495,3012,Moravia - Adulto (30-50),SERVICIOS_HOGAR,TRANSF_SALIENTE,INGRESO_TRANSF,,
2496,3013,Bohemia - Adulto (30-50),TRANSF_SALIENTE,INGRESO_TRANSF,RETIRO_TARJETA,,
2497,3015,Moravia - Adulto (30-50),TRANSF_SALIENTE,INGRESO_TRANSF,PRESTAMO,1196.99,43092.0
2498,3016,Bohemia - Joven (<30),TRANSF_SALIENTE,RETIRO_TARJETA,INGRESO_TRANSF,,
2499,3017,Bohemia - Adulto Mayor (>50),PENSION,RETIRO_TARJETA,INGRESO_TRANSF,,
2500,3018,Moravia - Joven (<30),SERVICIOS_HOGAR,TRANSF_SALIENTE,INGRESO_TRANSF,,
2501,3019,Bohemia - Joven (<30),INGRESO_TRANSF,PRESTAMO,LEASING,3027.83,109002.0
2502,3020,Bohemia - Adulto Mayor (>50),PENSION,TRANSF_SALIENTE,RETIRO_TARJETA,,
2503,3021,Praga - Adulto (30-50),TRANSF_SALIENTE,RETIRO_TARJETA,INGRESO_TRANSF,,
2504,3023,Bohemia - Adulto (30-50),TRANSF_SALIENTE,INGRESO_TRANSF,PRESTAMO,2260.56,81380.0
2505,3024,Moravia - Adulto Mayor (>50),TRANSF_SALIENTE,INGRESO_TRANSF,PRESTAMO,1283.44,46204.0
2506,3026,Bohemia - Adulto Mayor (>50),PENSION,TRANSF_SALIENTE,RETIRO_TARJETA,,
2507,3027,Moravia - Adulto (30-50),TRANSF_SALIENTE,INGRESO_TRANSF,PRESTAMO,1496.99,53892.0
2508,3028,Bohemia - Adulto Mayor (>50),TRANSF_SALIENTE,RETIRO_TARJETA,INGRESO_TRANSF,,
2509,3029,Bohemia - Joven (<30),RETIRO_TARJETA,INGRESO_TRANSF,PRESTAMO,3309.13,119129.0
2510,3030,Moravia - Joven (<30),INGRESO_TRANSF,RETIRO_TARJETA,PRESTAMO,2316.37,83389.0
2511,3031,Bohemia - Adulto (30-50),INGRESO_TRANSF,RETIRO_TARJETA,PRESTAMO,2227.58,80193.0
2513,3035,Bohemia - Adulto (30-50),TRANSF_SALIENTE,RETIRO_TARJETA,PRESTAMO,1192.05,42914.0
2514,3036,Bohemia - Adulto Mayor (>50),PENSION,TRANSF_SALIENTE,INGRESO_TRANSF,,
2515,3037,Moravia - Adulto Mayor (>50),SERVICIOS_HOGAR,PENSION,TRANSF_SALIENTE,,
2516,3038,Bohemia - Adulto Mayor (>50),SERVICIOS_HOGAR,PENSION,TRANSF_SALIENTE,,
2517,3039,Moravia - Joven (<30),TRANSF_SALIENTE,RETIRO_TARJETA,PRESTAMO,2696.9,97088.0
2519,3041,Bohemia - Adulto Mayor (>50),TRANSF_SALIENTE,RETIRO_TARJETA,INGRESO_TRANSF,,
2520,3042,Bohemia - Adulto (30-50),TRANSF_SALIENTE,RETIRO_TARJETA,PRESTAMO,994.3,35795.0
2521,3043,Moravia - Adulto (30-50),TRANSF_SALIENTE,INGRESO_TRANSF,PRESTAMO,2975.24,107109.0
2522,3044,Bohemia - Adulto Mayor (>50),SERVICIOS_HOGAR,PENSION,TRANSF_SALIENTE,,
2523,3045,Bohemia - Adulto (30-50),RETIRO_TARJETA,PRESTAMO,LEASING,1169.29,42094.0
2524,3046,Praga - Adulto Mayor (>50),TRANSF_SALIENTE,RETIRO_TARJETA,INGRESO_TRANSF,,
2525,3047,Bohemia - Joven (<30),RETIRO_TARJETA,INGRESO_TRANSF,PRESTAMO,1098.88,39560.0
2526,3048,Bohemia - Adulto Mayor (>50),TRANSF_SALIENTE,RETIRO_TARJETA,INGRESO_TRANSF,,
2527,3049,Bohemia - Adulto (30-50),TRANSF_SALIENTE,INGRESO_TRANSF,RETIRO_TARJETA,,
2528,3051,Moravia - Adulto Mayor (>50),TRANSF_SALIENTE,INGRESO_TRANSF,PRESTAMO,1163.42,41883.0
2530,3054,Moravia - Adulto (30-50),INGRESO_TRANSF,PRESTAMO,RETIRO_TARJETA,2222.73,80018.0
2531,3055,Bohemia - Adulto Mayor (>50),TRANSF_SALIENTE,RETIRO_TARJETA,INGRESO_TRANSF,,
2532,3056,Bohemia - Adulto (30-50),TRANSF_SALIENTE,PRESTAMO,SEGURO,2802.39,100886.0
2533,3058,Bohemia - Adulto Mayor (>50),SERVICIOS_HOGAR,PENSION,TRANSF_SALIENTE,,
2534,3059,Moravia - Joven (<30),INGRESO_TRANSF,RETIRO_TARJETA,PRESTAMO,1451.19,52243.0
2535,3060,Moravia - Adulto (30-50),INGRESO_TRANSF,PRESTAMO,RETIRO_TARJETA,1824.46,65681.0
2536,3062,Bohemia - Adulto Mayor (>50),TRANSF_SALIENTE,RETIRO_TARJETA,INGRESO_TRANSF,,
2537,3063,Bohemia - Joven (<30),TRANSF_SALIENTE,RETIRO_TARJETA,INGRESO_TRANSF,,
2538,3064,Bohemia - Adulto Mayor (>50),TRANSF_SALIENTE,RETIRO_TARJETA,INGRESO_TRANSF,,
2539,3065,Bohemia - Adulto Mayor (>50),TRANSF_SALIENTE,RETIRO_TARJETA,INGRESO_TRANSF,,
2540,3066,Moravia - Joven (<30),SERVICIOS_HOGAR,TRANSF_SALIENTE,INGRESO_TRANSF,,
2541,3067,Moravia - Adulto (30-50),INGRESO_TRANSF,PRESTAMO,RETIRO_TARJETA,2273.49,81846.0
2542,3069,Bohemia - Adulto Mayor (>50),PENSION,RETIRO_TARJETA,INGRESO_TRANSF,,
2543,3070,Bohemia - Adulto Mayor (>50),TRANSF_SALIENTE,RETIRO_TARJETA,INGRESO_TRANSF,,
2544,3071,Bohemia - Adulto (30-50),INGRESO_TRANSF,RETIRO_TARJETA,PRESTAMO,2516.65,90600.0
2545,3072,Praga - Adulto Mayor (>50),PENSION,RETIRO_TARJETA,INGRESO_TRANSF,,
2546,3074,Praga - Adulto (30-50),RETIRO_TARJETA,INGRESO_TRANSF,PRESTAMO,2162.3,77843.0
2547,3075,Moravia - Adulto Mayor (>50),PENSION,TRANSF_SALIENTE,INGRESO_TRANSF,,
2548,3076,Moravia - Adulto (30-50),SERVICIOS_HOGAR,TRANSF_SALIENTE,INGRESO_TRANSF,,
2549,3077,Bohemia - Adulto Mayor (>50),TRANSF_SALIENTE,RETIRO_TARJETA,INGRESO_TRANSF,,
2550,3079,Moravia - Adulto Mayor (>50),PENSION,INGRESO_TRANSF,PRESTAMO,3190.78,114868.0
2551,3080,Bohemia - Adulto (30-50),INGRESO_TRANSF,RETIRO_TARJETA,PRESTAMO,2247.35,80905.0
2552,3082,Bohemia - Joven (<30),TRANSF_SALIENTE,INGRESO_TRANSF,PRESTAMO,2341.05,84278.0
2553,3083,Bohemia - Joven (<30),TRANSF_SALIENTE,RETIRO_TARJETA,INGRESO_TRANSF,,
2554,3084,Bohemia - Adulto (30-50),TRANSF_SALIENTE,INGRESO_TRANSF,PRESTAMO,2908.84,104718.0
2555,3085,Moravia - Adulto Mayor (>50),PENSION,INGRESO_TRANSF,PRESTAMO,3032.07,109155.0
2556,3087,Bohemia - Adulto (30-50),TRANSF_SALIENTE,RETIRO_TARJETA,PRESTAMO,723.66,26052.0
2557,3088,Bohemia - Adulto (30-50),TRANSF_SALIENTE,INGRESO_TRANSF,RETIRO_TARJETA,,
2558,3089,Bohemia - Joven (<30),TRANSF_SALIENTE,RETIRO_TARJETA,PRESTAMO,858.13,30893.0
2559,3090,Bohemia - Adulto (30-50),TRANSF_SALIENTE,INGRESO_TRANSF,RETIRO_TARJETA,,
2560,3091,Bohemia - Adulto (30-50),INGRESO_TRANSF,RETIRO_TARJETA,PRESTAMO,1516.24,54585.0
2561,3092,Moravia - Adulto (30-50),TRANSF_SALIENTE,INGRESO_TRANSF,PRESTAMO,2500.76,90027.0
2562,3093,Bohemia - Adulto (30-50),TRANSF_SALIENTE,RETIRO_TARJETA,PRESTAMO,934.43,33639.0
2563,3094,Bohemia - Adulto (30-50),TRANSF_SALIENTE,INGRESO_TRANSF,RETIRO_TARJETA,,
2564,3095,Bohemia - Adulto (30-50),TRANSF_SALIENTE,INGRESO_TRANSF,RETIRO_TARJETA,,
2565,3096,Moravia - Joven (<30),SERVICIOS_HOGAR,TRANSF_SALIENTE,INGRESO_TRANSF,,
2566,3097,Bohemia - Adulto Mayor (>50),SERVICIOS_HOGAR,PENSION,TRANSF_SALIENTE,,
2567,3098,Bohemia - Adulto Mayor (>50),PENSION,TRANSF_SALIENTE,RETIRO_TARJETA,,
2568,3099,Bohemia - Adulto (30-50),INGRESO_TRANSF,RETIRO_TARJETA,PRESTAMO,2264.95,81538.0
2569,3100,Bohemia - Adulto Mayor (>50),TRANSF_SALIENTE,RETIRO_TARJETA,INGRESO_TRANSF,,
2570,3101,Praga - Adulto Mayor (>50),PENSION,TRANSF_SALIENTE,RETIRO_TARJETA,,
2571,3102,Moravia - Joven (<30),SERVICIOS_HOGAR,TRANSF_SALIENTE,PRESTAMO,3917.62,141034.0
2572,3103,Moravia - Joven (<30),SERVICIOS_HOGAR,TRANSF_SALIENTE,RETIRO_TARJETA,,
2573,3104,Bohemia - Joven (<30),SERVICIOS_HOGAR,TRANSF_SALIENTE,RETIRO_TARJETA,,
2574,3105,Moravia - Adulto Mayor (>50),PENSION,TRANSF_SALIENTE,INGRESO_TRANSF,,
2575,3106,Moravia - Adulto Mayor (>50),TRANSF_SALIENTE,INGRESO_TRANSF,PRESTAMO,1159.13,41729.0
2576,3107,Bohemia - Adulto (30-50),TRANSF_SALIENTE,INGRESO_TRANSF,RETIRO_TARJETA,,
2577,3109,Bohemia - Adulto Mayor (>50),TRANSF_SALIENTE,RETIRO_TARJETA,INGRESO_TRANSF,,
2578,3110,Moravia - Adulto Mayor (>50),TRANSF_SALIENTE,INGRESO_TRANSF,PRESTAMO,887.8,31961.0
2579,3112,Bohemia - Adulto Mayor (>50),PENSION,TRANSF_SALIENTE,RETIRO_TARJETA,,
2580,3113,Moravia - Joven (<30),TRANSF_SALIENTE,INGRESO_TRANSF,RETIRO_TARJETA,,
2581,3115,Moravia - Adulto (30-50),TRANSF_SALIENTE,INGRESO_TRANSF,PRESTAMO,2807.55,101072.0
2582,3116,Bohemia - Adulto (30-50),INGRESO_TRANSF,PRESTAMO,SEGURO,2982.44,107368.0
2583,3117,Moravia - Adulto Mayor (>50),SERVICIOS_HOGAR,PENSION,TRANSF_SALIENTE,,
2584,3119,Bohemia - Adulto Mayor (>50),TRANSF_SALIENTE,RETIRO_TARJETA,INGRESO_TRANSF,,
2585,3120,Moravia - Adulto (30-50),SERVICIOS_HOGAR,TRANSF_SALIENTE,INGRESO_TRANSF,,
2586,3121,Moravia - Adulto (30-50),SERVICIOS_HOGAR,TRANSF_SALIENTE,INGRESO_TRANSF,,
2587,3123,Praga - Joven (<30),SERVICIOS_HOGAR,TRANSF_SALIENTE,RETIRO_TARJETA,,
2588,3124,Bohemia - Adulto (30-50),TRANSF_SALIENTE,INGRESO_TRANSF,PRESTAMO,2463.57,88689.0
2589,3125,Bohemia - Adulto Mayor (>50),TRANSF_SALIENTE,RETIRO_TARJETA,INGRESO_TRANSF,,
2590,3126,Bohemia - Adulto Mayor (>50),PENSION,RETIRO_TARJETA,PRESTAMO,841.66,30300.0
2591,3127,Praga - Adulto Mayor (>50),TRANSF_SALIENTE,RETIRO_TARJETA,INGRESO_TRANSF,,
2592,3128,Moravia - Adulto Mayor (>50),PENSION,TRANSF_SALIENTE,INGRESO_TRANSF,,
2593,3129,Bohemia - Adulto Mayor (>50),PENSION,TRANSF_SALIENTE,RETIRO_TARJETA,,
2594,3130,Bohemia - Adulto (30-50),INGRESO_TRANSF,RETIRO_TARJETA,PRESTAMO,2839.07,102206.0
2595,3131,Praga - Adulto Mayor (>50),TRANSF_SALIENTE,RETIRO_TARJETA,INGRESO_TRANSF,,
2596,3132,Praga - Joven (<30),TRANSF_SALIENTE,RETIRO_TARJETA,PRESTAMO,1269.29,45695.0
2597,3133,Bohemia - Joven (<30),RETIRO_TARJETA,INGRESO_TRANSF,PRESTAMO,2155.18,77587.0
2598,3134,Praga - Adulto Mayor (>50),SERVICIOS_HOGAR,PENSION,TRANSF_SALIENTE,,
2599,3135,Bohemia - Joven (<30),TRANSF_SALIENTE,RETIRO_TARJETA,INGRESO_TRANSF,,
2600,3136,Praga - Adulto (30-50),TRANSF_SALIENTE,INGRESO_TRANSF,PRESTAMO,4187.95,150766.0
2601,3137,Moravia - Adulto Mayor (>50),SERVICIOS_HOGAR,PENSION,TRANSF_SALIENTE,,
2602,3139,Bohemia - Adulto (30-50),INGRESO_TRANSF,RETIRO_TARJETA,PRESTAMO,2256.51,81234.0
2603,3141,Bohemia - Adulto Mayor (>50),TRANSF_SALIENTE,RETIRO_TARJETA,INGRESO_TRANSF,,
2604,3142,Moravia - Adulto Mayor (>50),TRANSF_SALIENTE,INGRESO_TRANSF,PRESTAMO,1270.34,45732.0
2605,3143,Bohemia - Adulto Mayor (>50),PENSION,TRANSF_SALIENTE,RETIRO_TARJETA,,
2606,3144,Praga - Adulto Mayor (>50),TRANSF_SALIENTE,RETIRO_TARJETA,INGRESO_TRANSF,,
2607,3146,Praga - Adulto Mayor (>50),PENSION,RETIRO_TARJETA,INGRESO_TRANSF,,
2608,3147,Bohemia - Adulto (30-50),TRANSF_SALIENTE,INGRESO_TRANSF,RETIRO_TARJETA,,
2609,3148,Bohemia - Adulto Mayor (>50),SERVICIOS_HOGAR,PENSION,TRANSF_SALIENTE,,
2610,3150,Moravia - Adulto Mayor (>50),TRANSF_SALIENTE,INGRESO_TRANSF,PRESTAMO,1488.48,53585.0
2611,3151,Praga - Adulto (30-50),SERVICIOS_HOGAR,TRANSF_SALIENTE,INGRESO_TRANSF,,
2612,3152,Praga - Adulto Mayor (>50),SERVICIOS_HOGAR,PENSION,TRANSF_SALIENTE,,
2613,3153,Bohemia - Adulto Mayor (>50),TRANSF_SALIENTE,RETIRO_TARJETA,INGRESO_TRANSF,,
2614,3155,Bohemia - Joven (<30),TRANSF_SALIENTE,RETIRO_TARJETA,PRESTAMO,785.63,28283.0
2615,3156,Moravia - Adulto (30-50),SERVICIOS_HOGAR,TRANSF_SALIENTE,INGRESO_TRANSF,,
2616,3157,Praga - Adulto Mayor (>50),PENSION,TRANSF_SALIENTE,RETIRO_TARJETA,,
2617,3158,Praga - Adulto Mayor (>50),PENSION,RETIRO_TARJETA,PRESTAMO,1172.63,42215.0
2618,3159,Bohemia - Adulto Mayor (>50),TRANSF_SALIENTE,RETIRO_TARJETA,INGRESO_TRANSF,,
2619,3160,Bohemia - Adulto (30-50),TRANSF_SALIENTE,INGRESO_TRANSF,RETIRO_TARJETA,,
2620,3161,Moravia - Joven (<30),TRANSF_SALIENTE,INGRESO_TRANSF,RETIRO_TARJETA,,
2621,3162,Moravia - Adulto (30-50),TRANSF_SALIENTE,INGRESO_TRANSF,PRESTAMO,933.85,33619.0
2622,3163,Praga - Adulto (30-50),TRANSF_SALIENTE,RETIRO_TARJETA,INGRESO_TRANSF,,
2623,3165,Bohemia - Joven (<30),TRANSF_SALIENTE,RETIRO_TARJETA,INGRESO_TRANSF,,
2624,3166,Bohemia - Adulto (30-50),TRANSF_SALIENTE,PRESTAMO,SEGURO,2939.68,105828.0
2625,3167,Bohemia - Adulto Mayor (>50),PENSION,TRANSF_SALIENTE,INGRESO_TRANSF,,
2627,3170,Moravia - Adulto Mayor (>50),TRANSF_SALIENTE,INGRESO_TRANSF,PRESTAMO,1277.86,46003.0
2628,3172,Moravia - Adulto (30-50),SERVICIOS_HOGAR,TRANSF_SALIENTE,INGRESO_TRANSF,,
2629,3173,Moravia - Adulto Mayor (>50),SERVICIOS_HOGAR,PENSION,TRANSF_SALIENTE,,
2630,3175,Moravia - Adulto (30-50),SERVICIOS_HOGAR,TRANSF_SALIENTE,INGRESO_TRANSF,,
2631,3176,Praga - Adulto Mayor (>50),PENSION,TRANSF_SALIENTE,RETIRO_TARJETA,,
2632,3177,Bohemia - Adulto Mayor (>50),PENSION,RETIRO_TARJETA,INGRESO_TRANSF,,
2633,3178,Bohemia - Joven (<30),SERVICIOS_HOGAR,TRANSF_SALIENTE,RETIRO_TARJETA,,
2634,3179,Bohemia - Adulto Mayor (>50),SERVICIOS_HOGAR,PENSION,TRANSF_SALIENTE,,
2635,3181,Bohemia - Adulto Mayor (>50),SERVICIOS_HOGAR,PENSION,TRANSF_SALIENTE,,
2636,3182,Bohemia - Adulto Mayor (>50),TRANSF_SALIENTE,RETIRO_TARJETA,INGRESO_TRANSF,,
2637,3183,Moravia - Joven (<30),TRANSF_SALIENTE,INGRESO_TRANSF,PRESTAMO,1911.0,68796.0
2638,3184,Bohemia - Adulto (30-50),INGRESO_TRANSF,PRESTAMO,LEASING,2613.96,94103.0
2639,3185,Bohemia - Joven (<30),TRANSF_SALIENTE,RETIRO_TARJETA,INGRESO_TRANSF,,
2640,3186,Praga - Adulto (30-50),TRANSF_SALIENTE,INGRESO_TRANSF,PRESTAMO,3091.82,111305.0
2641,3187,Bohemia - Adulto (30-50),TRANSF_SALIENTE,INGRESO_TRANSF,PRESTAMO,3758.93,135322.0
2642,3188,Moravia - Joven (<30),INGRESO_TRANSF,RETIRO_TARJETA,PRESTAMO,1542.98,55547.0
2644,3190,Praga - Adulto Mayor (>50),TRANSF_SALIENTE,RETIRO_TARJETA,INGRESO_TRANSF,,
2645,3191,Moravia - Joven (<30),INGRESO_TRANSF,RETIRO_TARJETA,PRESTAMO,1952.04,70274.0
2646,3192,Bohemia - Adulto Mayor (>50),PENSION,RETIRO_TARJETA,INGRESO_TRANSF,,
2647,3193,Bohemia - Adulto (30-50),TRANSF_SALIENTE,INGRESO_TRANSF,RETIRO_TARJETA,,
2648,3194,Bohemia - Joven (<30),SERVICIOS_HOGAR,TRANSF_SALIENTE,RETIRO_TARJETA,,
2649,3195,Bohemia - Joven (<30),RETIRO_TARJETA,INGRESO_TRANSF,PRESTAMO,2515.89,90572.0
2650,3196,Moravia - Joven (<30),TRANSF_SALIENTE,INGRESO_TRANSF,RETIRO_TARJETA,,
2651,3197,Praga - Adulto (30-50),TRANSF_SALIENTE,PRESTAMO,SEGURO,2698.68,97152.0
2652,3199,Praga - Adulto (30-50),RETIRO_TARJETA,INGRESO_TRANSF,PRESTAMO,2438.95,87802.0
2653,3201,Moravia - Adulto (30-50),INGRESO_TRANSF,PRESTAMO,SEGURO,2889.06,104006.0
2654,3202,Moravia - Adulto Mayor (>50),TRANSF_SALIENTE,INGRESO_TRANSF,PRESTAMO,1227.4,44186.0
2655,3203,Praga - Adulto (30-50),RETIRO_TARJETA,INGRESO_TRANSF,PRESTAMO,2400.0,86400.0
2656,3205,Praga - Adulto Mayor (>50),TRANSF_SALIENTE,RETIRO_TARJETA,INGRESO_TRANSF,,
2657,3207,Moravia - Adulto Mayor (>50),TRANSF_SALIENTE,INGRESO_TRANSF,PRESTAMO,1312.06,47234.0
2658,3208,Bohemia - Adulto Mayor (>50),PENSION,RETIRO_TARJETA,PRESTAMO,996.11,35860.0
2659,3210,Bohemia - Adulto (30-50),SERVICIOS_HOGAR,TRANSF_SALIENTE,INGRESO_TRANSF,,
2660,3211,Bohemia - Adulto (30-50),TRANSF_SALIENTE,INGRESO_TRANSF,RETIRO_TARJETA,,
2661,3213,Praga - Adulto Mayor (>50),PENSION,TRANSF_SALIENTE,RETIRO_TARJETA,,
2662,3214,Moravia - Adulto Mayor (>50),TRANSF_SALIENTE,INGRESO_TRANSF,PRESTAMO,1189.7,42829.0
2663,3215,Moravia - Adulto Mayor (>50),TRANSF_SALIENTE,INGRESO_TRANSF,PRESTAMO,1240.94,44674.0
2664,3216,Moravia - Adulto (30-50),INGRESO_TRANSF,PRESTAMO,RETIRO_TARJETA,2700.9,97232.0
2665,3217,Moravia - Joven (<30),SERVICIOS_HOGAR,TRANSF_SALIENTE,INGRESO_TRANSF,,
2666,3218,Bohemia - Adulto (30-50),RETIRO_TARJETA,PRESTAMO,SEGURO,982.79,35381.0
2667,3220,Bohemia - Adulto (30-50),TRANSF_SALIENTE,RETIRO_TARJETA,PRESTAMO,1021.01,36757.0
2668,3222,Bohemia - Joven (<30),TRANSF_SALIENTE,RETIRO_TARJETA,INGRESO_TRANSF,,
2670,3225,Bohemia - Adulto (30-50),INGRESO_TRANSF,PRESTAMO,SEGURO,2453.6,88329.0
2671,3226,Praga - Adulto (30-50),TRANSF_SALIENTE,RETIRO_TARJETA,PRESTAMO,1537.75,55359.0
2672,3227,Moravia - Adulto (30-50),PRESTAMO,RETIRO_TARJETA,SEGURO,798.77,28756.0
2673,3228,Bohemia - Adulto (30-50),INGRESO_TRANSF,RETIRO_TARJETA,PRESTAMO,1938.44,69784.0
2674,3229,Bohemia - Joven (<30),SERVICIOS_HOGAR,TRANSF_SALIENTE,RETIRO_TARJETA,,
2675,3230,Praga - Joven (<30),SERVICIOS_HOGAR,TRANSF_SALIENTE,INGRESO_TRANSF,,
2676,3231,Bohemia - Adulto (30-50),INGRESO_TRANSF,RETIRO_TARJETA,PRESTAMO,2076.49,74754.0
2677,3232,Bohemia - Joven (<30),RETIRO_TARJETA,INGRESO_TRANSF,PRESTAMO,1932.95,69586.0
2678,3233,Praga - Joven (<30),SERVICIOS_HOGAR,TRANSF_SALIENTE,PRESTAMO,2746.34,98868.0
2679,3234,Moravia - Adulto Mayor (>50),TRANSF_SALIENTE,INGRESO_TRANSF,PRESTAMO,1188.46,42784.0
2680,3235,Bohemia - Adulto (30-50),SERVICIOS_HOGAR,TRANSF_SALIENTE,RETIRO_TARJETA,,
2681,3236,Bohemia - Adulto (30-50),TRANSF_SALIENTE,INGRESO_TRANSF,PRESTAMO,3538.81,127397.0
2684,3239,Bohemia - Joven (<30),SERVICIOS_HOGAR,TRANSF_SALIENTE,RETIRO_TARJETA,,
2685,3240,Moravia - Adulto Mayor (>50),TRANSF_SALIENTE,INGRESO_TRANSF,PRESTAMO,1197.72,43118.0
2686,3241,Bohemia - Adulto Mayor (>50),TRANSF_SALIENTE,RETIRO_TARJETA,INGRESO_TRANSF,,
2687,3243,Moravia - Adulto Mayor (>50),TRANSF_SALIENTE,INGRESO_TRANSF,PRESTAMO,1270.85,45751.0
2688,3244,Moravia - Adulto Mayor (>50),TRANSF_SALIENTE,INGRESO_TRANSF,PRESTAMO,843.35,30361.0
2689,3245,Moravia - Adulto (30-50),INGRESO_TRANSF,PRESTAMO,SEGURO,2974.95,107098.0
2690,3246,Moravia - Adulto Mayor (>50),TRANSF_SALIENTE,INGRESO_TRANSF,PRESTAMO,1546.32,55668.0
2691,3247,Moravia - Adulto (30-50),SERVICIOS_HOGAR,TRANSF_SALIENTE,INGRESO_TRANSF,,
2692,3248,Bohemia - Adulto Mayor (>50),TRANSF_SALIENTE,RETIRO_TARJETA,INGRESO_TRANSF,,
2693,3249,Bohemia - Adulto (30-50),TRANSF_SALIENTE,INGRESO_TRANSF,PRESTAMO,2567.39,92426.0
2694,3251,Bohemia - Adulto (30-50),TRANSF_SALIENTE,INGRESO_TRANSF,RETIRO_TARJETA,,
2695,3253,Moravia - Adulto Mayor (>50),PENSION,TRANSF_SALIENTE,INGRESO_TRANSF,,
2696,3254,Praga - Adulto Mayor (>50),TRANSF_SALIENTE,RETIRO_TARJETA,INGRESO_TRANSF,,
2697,3255,Bohemia - Joven (<30),RETIRO_TARJETA,INGRESO_TRANSF,PRESTAMO,2121.57,76377.0
2698,3256,Bohemia - Joven (<30),SERVICIOS_HOGAR,TRANSF_SALIENTE,INGRESO_TRANSF,,
2699,3257,Moravia - Joven (<30),SEGURO,LEASING,PENSION,,
2700,3258,Moravia - Adulto (30-50),PRESTAMO,RETIRO_TARJETA,LEASING,2213.52,79687.0
2701,3259,Moravia - Adulto (30-50),INGRESO_TRANSF,PRESTAMO,SEGURO,2076.89,74768.0
2702,3260,Moravia - Adulto Mayor (>50),PENSION,INGRESO_TRANSF,PRESTAMO,2274.37,81877.0
2703,3262,Moravia - Adulto Mayor (>50),PENSION,TRANSF_SALIENTE,PRESTAMO,924.63,33287.0
2705,3264,Moravia - Adulto (30-50),TRANSF_SALIENTE,RETIRO_TARJETA,SEGURO,,
2706,3265,Bohemia - Adulto (30-50),SERVICIOS_HOGAR,TRANSF_SALIENTE,INGRESO_TRANSF,,
2707,3267,Moravia - Adulto (30-50),INGRESO_TRANSF,PRESTAMO,SEGURO,3218.3,115859.0
2708,3268,Praga - Adulto (30-50),SERVICIOS_HOGAR,TRANSF_SALIENTE,INGRESO_TRANSF,,
2709,3269,Bohemia - Joven (<30),RETIRO_TARJETA,PRESTAMO,LEASING,921.88,33188.0
2710,3270,Bohemia - Adulto Mayor (>50),SERVICIOS_HOGAR,PENSION,TRANSF_SALIENTE,,
2711,3271,Moravia - Adulto Mayor (>50),PENSION,TRANSF_SALIENTE,INGRESO_TRANSF,,
2712,3272,Bohemia - Adulto Mayor (>50),TRANSF_SALIENTE,RETIRO_TARJETA,INGRESO_TRANSF,,
2713,3274,Bohemia - Adulto Mayor (>50),TRANSF_SALIENTE,RETIRO_TARJETA,INGRESO_TRANSF,,
2714,3276,Bohemia - Joven (<30),SERVICIOS_HOGAR,TRANSF_SALIENTE,RETIRO_TARJETA,,
2715,3277,Bohemia - Adulto (30-50),RETIRO_TARJETA,PRESTAMO,LEASING,1048.82,37758.0
2716,3279,Moravia - Adulto (30-50),INGRESO_TRANSF,PRESTAMO,SEGURO,1866.74,67203.0
2717,3281,Moravia - Adulto (30-50),TRANSF_SALIENTE,PRESTAMO,RETIRO_TARJETA,1002.53,36091.0
2718,3282,Bohemia - Joven (<30),SERVICIOS_HOGAR,TRANSF_SALIENTE,RETIRO_TARJETA,,
2719,3283,Bohemia - Adulto Mayor (>50),TRANSF_SALIENTE,RETIRO_TARJETA,INGRESO_TRANSF,,
2720,3284,Bohemia - Adulto Mayor (>50),PENSION,RETIRO_TARJETA,INGRESO_TRANSF,,
2721,3286,Moravia - Joven (<30),INGRESO_TRANSF,RETIRO_TARJETA,PRESTAMO,1840.68,66265.0
2722,3288,Moravia - Adulto Mayor (>50),TRANSF_SALIENTE,INGRESO_TRANSF,PRESTAMO,1405.27,50590.0
2723,3289,Moravia - Joven (<30),TRANSF_SALIENTE,INGRESO_TRANSF,RETIRO_TARJETA,,
2724,3290,Bohemia - Joven (<30),TRANSF_SALIENTE,RETIRO_TARJETA,INGRESO_TRANSF,,
2725,3291,Bohemia - Adulto Mayor (>50),PENSION,INGRESO_TRANSF,LEASING,,
2726,3292,Bohemia - Adulto Mayor (>50),PENSION,TRANSF_SALIENTE,INGRESO_TRANSF,,
2727,3293,Praga - Adulto (30-50),SERVICIOS_HOGAR,TRANSF_SALIENTE,RETIRO_TARJETA,,
2728,3294,Bohemia - Adulto (30-50),TRANSF_SALIENTE,INGRESO_TRANSF,RETIRO_TARJETA,,
2729,3295,Bohemia - Adulto (30-50),TRANSF_SALIENTE,INGRESO_TRANSF,RETIRO_TARJETA,,
2730,3296,Bohemia - Joven (<30),TRANSF_SALIENTE,RETIRO_TARJETA,PRESTAMO,1092.31,39323.0
2731,3297,Praga - Adulto (30-50),TRANSF_SALIENTE,INGRESO_TRANSF,PRESTAMO,2797.19,100699.0
2732,3298,Bohemia - Adulto Mayor (>50),SERVICIOS_HOGAR,PENSION,TRANSF_SALIENTE,,
2733,3299,Moravia - Adulto (30-50),PRESTAMO,RETIRO_TARJETA,SEGURO,1595.82,57449.0
2734,3300,Moravia - Adulto (30-50),INGRESO_TRANSF,PRESTAMO,RETIRO_TARJETA,1522.91,54825.0
2736,3302,Bohemia - Adulto (30-50),TRANSF_SALIENTE,INGRESO_TRANSF,RETIRO_TARJETA,,
2737,3304,Moravia - Adulto Mayor (>50),PENSION,TRANSF_SALIENTE,INGRESO_TRANSF,,
2738,3305,Bohemia - Joven (<30),RETIRO_TARJETA,INGRESO_TRANSF,PRESTAMO,1772.84,63822.0
2739,3306,Bohemia - Adulto Mayor (>50),PENSION,RETIRO_TARJETA,INGRESO_TRANSF,,
2740,3307,Bohemia - Joven (<30),SERVICIOS_HOGAR,TRANSF_SALIENTE,RETIRO_TARJETA,,
2741,3308,Bohemia - Adulto Mayor (>50),SERVICIOS_HOGAR,PENSION,TRANSF_SALIENTE,,
2742,3310,Bohemia - Adulto (30-50),INGRESO_TRANSF,PRESTAMO,SEGURO,2417.43,87028.0
2743,3311,Bohemia - Adulto (30-50),INGRESO_TRANSF,RETIRO_TARJETA,PRESTAMO,1824.04,65665.0
2744,3312,Moravia - Joven (<30),TRANSF_SALIENTE,RETIRO_TARJETA,PRESTAMO,1588.26,57177.0
2745,3313,Moravia - Adulto Mayor (>50),PENSION,INGRESO_TRANSF,PRESTAMO,2531.76,91143.0
2746,3314,Bohemia - Adulto Mayor (>50),TRANSF_SALIENTE,RETIRO_TARJETA,INGRESO_TRANSF,,
2747,3316,Praga - Adulto Mayor (>50),PENSION,TRANSF_SALIENTE,RETIRO_TARJETA,,
2749,3319,Praga - Joven (<30),TRANSF_SALIENTE,RETIRO_TARJETA,INGRESO_TRANSF,,
2750,3321,Bohemia - Joven (<30),RETIRO_TARJETA,INGRESO_TRANSF,PRESTAMO,1929.5,69462.0
2751,3322,Bohemia - Adulto Mayor (>50),PENSION,RETIRO_TARJETA,INGRESO_TRANSF,,
2752,3323,Moravia - Joven (<30),SERVICIOS_HOGAR,TRANSF_SALIENTE,INGRESO_TRANSF,,
2753,3324,Bohemia - Joven (<30),TRANSF_SALIENTE,RETIRO_TARJETA,SEGURO,,
2754,3326,Moravia - Adulto (30-50),RETIRO_TARJETA,SEGURO,LEASING,,
2755,3327,Bohemia - Adulto Mayor (>50),TRANSF_SALIENTE,RETIRO_TARJETA,INGRESO_TRANSF,,
2756,3328,Bohemia - Adulto (30-50),TRANSF_SALIENTE,INGRESO_TRANSF,RETIRO_TARJETA,,
2757,3329,Moravia - Adulto (30-50),TRANSF_SALIENTE,PRESTAMO,RETIRO_TARJETA,940.57,33861.0
2758,3331,Moravia - Joven (<30),TRANSF_SALIENTE,INGRESO_TRANSF,RETIRO_TARJETA,,
2759,3332,Bohemia - Joven (<30),TRANSF_SALIENTE,RETIRO_TARJETA,INGRESO_TRANSF,,
2760,3333,Bohemia - Adulto (30-50),INGRESO_TRANSF,PRESTAMO,SEGURO,2189.11,78808.0
2761,3334,Praga - Adulto (30-50),TRANSF_SALIENTE,RETIRO_TARJETA,INGRESO_TRANSF,,
2762,3335,Bohemia - Adulto (30-50),INGRESO_TRANSF,RETIRO_TARJETA,SEGURO,,
2763,3336,Moravia - Adulto (30-50),TRANSF_SALIENTE,INGRESO_TRANSF,PRESTAMO,3097.26,111501.0
2764,3337,Moravia - Adulto (30-50),INGRESO_TRANSF,PRESTAMO,SEGURO,2949.8,106193.0
2765,3338,Moravia - Adulto Mayor (>50),PENSION,TRANSF_SALIENTE,INGRESO_TRANSF,,
2766,3339,Bohemia - Joven (<30),TRANSF_SALIENTE,INGRESO_TRANSF,PRESTAMO,2284.47,82241.0
2767,3340,Moravia - Joven (<30),INGRESO_TRANSF,RETIRO_TARJETA,PRESTAMO,2463.84,88698.0
2768,3342,Moravia - Joven (<30),TRANSF_SALIENTE,RETIRO_TARJETA,PRESTAMO,1746.63,62879.0
2770,3344,Bohemia - Adulto (30-50),RETIRO_TARJETA,PRESTAMO,LEASING,1720.88,61952.0
2771,3345,Bohemia - Adulto Mayor (>50),PENSION,TRANSF_SALIENTE,RETIRO_TARJETA,,
2772,3347,Bohemia - Adulto Mayor (>50),PENSION,TRANSF_SALIENTE,RETIRO_TARJETA,,
2773,3348,Bohemia - Joven (<30),RETIRO_TARJETA,INGRESO_TRANSF,PRESTAMO,2132.76,76780.0
2774,3349,Bohemia - Adulto (30-50),TRANSF_SALIENTE,INGRESO_TRANSF,RETIRO_TARJETA,,
2775,3350,Bohemia - Adulto (30-50),TRANSF_SALIENTE,RETIRO_TARJETA,PRESTAMO,3028.89,109040.0
2776,3352,Bohemia - Adulto Mayor (>50),TRANSF_SALIENTE,RETIRO_TARJETA,INGRESO_TRANSF,,
2777,3354,Moravia - Adulto Mayor (>50),SERVICIOS_HOGAR,PENSION,TRANSF_SALIENTE,,
2778,3355,Bohemia - Adulto (30-50),INGRESO_TRANSF,RETIRO_TARJETA,PRESTAMO,1414.75,50931.0
2779,3356,Moravia - Joven (<30),INGRESO_TRANSF,PRESTAMO,LEASING,3207.82,115482.0
2780,3357,Moravia - Adulto (30-50),SERVICIOS_HOGAR,TRANSF_SALIENTE,INGRESO_TRANSF,,
2781,3358,Bohemia - Joven (<30),SERVICIOS_HOGAR,TRANSF_SALIENTE,RETIRO_TARJETA,,
2782,3359,Praga - Adulto Mayor (>50),SERVICIOS_HOGAR,PENSION,TRANSF_SALIENTE,,
2783,3360,Bohemia - Joven (<30),SERVICIOS_HOGAR,TRANSF_SALIENTE,INGRESO_TRANSF,,
2784,3361,Bohemia - Adulto Mayor (>50),TRANSF_SALIENTE,RETIRO_TARJETA,INGRESO_TRANSF,,
2787,3365,Praga - Adulto (30-50),TRANSF_SALIENTE,RETIRO_TARJETA,INGRESO_TRANSF,,
2788,3366,Moravia - Adulto (30-50),TRANSF_SALIENTE,INGRESO_TRANSF,PRESTAMO,1714.54,61723.0
2789,3368,Bohemia - Adulto (30-50),INGRESO_TRANSF,RETIRO_TARJETA,PRESTAMO,2729.76,98271.0
2790,3369,Praga - Adulto (30-50),TRANSF_SALIENTE,RETIRO_TARJETA,INGRESO_TRANSF,,
2791,3370,Bohemia - Adulto Mayor (>50),TRANSF_SALIENTE,RETIRO_TARJETA,INGRESO_TRANSF,,
2792,3372,Praga - Joven (<30),TRANSF_SALIENTE,RETIRO_TARJETA,PRESTAMO,1765.62,63562.0
2793,3373,Bohemia - Adulto (30-50),TRANSF_SALIENTE,RETIRO_TARJETA,PRESTAMO,1135.92,40893.0
2794,3375,Moravia - Adulto (30-50),SERVICIOS_HOGAR,TRANSF_SALIENTE,INGRESO_TRANSF,,
2795,3376,Bohemia - Adulto Mayor (>50),PENSION,RETIRO_TARJETA,INGRESO_TRANSF,,
2796,3378,Bohemia - Adulto (30-50),PRESTAMO,SEGURO,LEASING,4185.55,150680.0
2797,3380,Moravia - Joven (<30),SERVICIOS_HOGAR,TRANSF_SALIENTE,INGRESO_TRANSF,,
2798,3381,Moravia - Adulto (30-50),TRANSF_SALIENTE,PRESTAMO,RETIRO_TARJETA,1994.42,71799.0
2799,3382,Moravia - Adulto (30-50),INGRESO_TRANSF,PRESTAMO,RETIRO_TARJETA,2912.51,104850.0
2800,3384,Bohemia - Adulto Mayor (>50),PENSION,TRANSF_SALIENTE,INGRESO_TRANSF,,
2801,3385,Bohemia - Adulto Mayor (>50),TRANSF_SALIENTE,RETIRO_TARJETA,INGRESO_TRANSF,,
2802,3386,Bohemia - Adulto Mayor (>50),PENSION,TRANSF_SALIENTE,RETIRO_TARJETA,,
2803,3387,Moravia - Adulto Mayor (>50),SERVICIOS_HOGAR,PENSION,TRANSF_SALIENTE,,
2804,3388,Moravia - Adulto (30-50),SERVICIOS_HOGAR,TRANSF_SALIENTE,INGRESO_TRANSF,,
2805,3389,Bohemia - Adulto (30-50),TRANSF_SALIENTE,RETIRO_TARJETA,PRESTAMO,947.41,34107.0
2806,3390,Moravia - Joven (<30),TRANSF_SALIENTE,INGRESO_TRANSF,RETIRO_TARJETA,,
2807,3391,Bohemia - Joven (<30),SERVICIOS_HOGAR,TRANSF_SALIENTE,RETIRO_TARJETA,,
2808,3392,Praga - Joven (<30),SERVICIOS_HOGAR,TRANSF_SALIENTE,RETIRO_TARJETA,,
2809,3393,Moravia - Adulto (30-50),INGRESO_TRANSF,PRESTAMO,RETIRO_TARJETA,1821.91,65589.0
2810,3394,Moravia - Joven (<30),INGRESO_TRANSF,RETIRO_TARJETA,PRESTAMO,1499.37,53977.0
2811,3395,Bohemia - Adulto (30-50),TRANSF_SALIENTE,INGRESO_TRANSF,PRESTAMO,3509.24,126333.0
2812,3396,Bohemia - Joven (<30),TRANSF_SALIENTE,RETIRO_TARJETA,INGRESO_TRANSF,,
2813,3397,Bohemia - Joven (<30),RETIRO_TARJETA,INGRESO_TRANSF,PRESTAMO,1461.76,52623.0
2814,3399,Moravia - Adulto Mayor (>50),TRANSF_SALIENTE,INGRESO_TRANSF,PRESTAMO,1213.63,43691.0
2816,3402,Moravia - Adulto (30-50),INGRESO_TRANSF,PRESTAMO,RETIRO_TARJETA,2570.23,92528.0
2817,3404,Moravia - Adulto Mayor (>50),SERVICIOS_HOGAR,PENSION,TRANSF_SALIENTE,,
2818,3405,Bohemia - Adulto (30-50),TRANSF_SALIENTE,PRESTAMO,SEGURO,3541.89,127508.0
2819,3407,Bohemia - Joven (<30),RETIRO_TARJETA,INGRESO_TRANSF,PRESTAMO,2925.71,105326.0
2820,3409,Bohemia - Adulto Mayor (>50),TRANSF_SALIENTE,RETIRO_TARJETA,INGRESO_TRANSF,,
2821,3410,Moravia - Adulto (30-50),INGRESO_TRANSF,PRESTAMO,RETIRO_TARJETA,1107.53,39871.0
2823,3412,Moravia - Joven (<30),TRANSF_SALIENTE,RETIRO_TARJETA,PRESTAMO,1105.94,39814.0
2824,3414,Bohemia - Adulto Mayor (>50),PENSION,TRANSF_SALIENTE,INGRESO_TRANSF,,
2825,3415,Moravia - Joven (<30),TRANSF_SALIENTE,INGRESO_TRANSF,PRESTAMO,2493.3,89759.0
2826,3416,Bohemia - Joven (<30),TRANSF_SALIENTE,RETIRO_TARJETA,INGRESO_TRANSF,,
2827,3418,Moravia - Adulto (30-50),SERVICIOS_HOGAR,TRANSF_SALIENTE,INGRESO_TRANSF,,
2829,3420,Moravia - Joven (<30),SERVICIOS_HOGAR,TRANSF_SALIENTE,INGRESO_TRANSF,,
2830,3421,Bohemia - Adulto Mayor (>50),PENSION,RETIRO_TARJETA,INGRESO_TRANSF,,
2831,3422,Praga - Adulto (30-50),RETIRO_TARJETA,INGRESO_TRANSF,PRESTAMO,3516.87,126607.0
2832,3423,Bohemia - Joven (<30),TRANSF_SALIENTE,RETIRO_TARJETA,PRESTAMO,892.16,32118.0
2833,3424,Moravia - Adulto Mayor (>50),TRANSF_SALIENTE,INGRESO_TRANSF,PRESTAMO,1037.62,37354.0
2834,3425,Moravia - Joven (<30),INGRESO_TRANSF,PRESTAMO,LEASING,3016.06,108578.0
2835,3426,Moravia - Joven (<30),SERVICIOS_HOGAR,TRANSF_SALIENTE,INGRESO_TRANSF,,
2836,3427,Bohemia - Joven (<30),TRANSF_SALIENTE,INGRESO_TRANSF,PRESTAMO,2352.48,84689.0
2837,3429,Bohemia - Adulto Mayor (>50),SERVICIOS_HOGAR,PENSION,TRANSF_SALIENTE,,
2838,3430,Bohemia - Adulto (30-50),INGRESO_TRANSF,RETIRO_TARJETA,PRESTAMO,4311.95,155230.0
2839,3431,Moravia - Joven (<30),INGRESO_TRANSF,RETIRO_TARJETA,PRESTAMO,2208.22,79496.0
2840,3432,Bohemia - Joven (<30),TRANSF_SALIENTE,RETIRO_TARJETA,INGRESO_TRANSF,,
2841,3433,Moravia - Adulto (30-50),TRANSF_SALIENTE,INGRESO_TRANSF,PRESTAMO,1347.39,48506.0
2842,3435,Bohemia - Adulto Mayor (>50),PENSION,RETIRO_TARJETA,PRESTAMO,1023.98,36863.0
2843,3436,Bohemia - Adulto (30-50),TRANSF_SALIENTE,INGRESO_TRANSF,RETIRO_TARJETA,,
2844,3438,Bohemia - Adulto Mayor (>50),SERVICIOS_HOGAR,PENSION,TRANSF_SALIENTE,,
2845,3439,Moravia - Adulto (30-50),TRANSF_SALIENTE,INGRESO_TRANSF,PRESTAMO,2983.0,107388.0
2846,3440,Praga - Adulto Mayor (>50),TRANSF_SALIENTE,RETIRO_TARJETA,INGRESO_TRANSF,,
2847,3441,Moravia - Adulto (30-50),TRANSF_SALIENTE,INGRESO_TRANSF,PRESTAMO,2113.62,76090.0
2849,3443,Praga - Adulto Mayor (>50),TRANSF_SALIENTE,RETIRO_TARJETA,INGRESO_TRANSF,,
2850,3444,Moravia - Joven (<30),TRANSF_SALIENTE,RETIRO_TARJETA,PRESTAMO,910.05,32762.0
2851,3445,Bohemia - Joven (<30),SERVICIOS_HOGAR,TRANSF_SALIENTE,RETIRO_TARJETA,,
2852,3446,Moravia - Adulto (30-50),SERVICIOS_HOGAR,TRANSF_SALIENTE,INGRESO_TRANSF,,
2853,3447,Moravia - Adulto (30-50),TRANSF_SALIENTE,PRESTAMO,RETIRO_TARJETA,2867.34,103224.0
2854,3448,Praga - Adulto (30-50),TRANSF_SALIENTE,INGRESO_TRANSF,PRESTAMO,3693.2,132955.0
2855,3449,Bohemia - Adulto Mayor (>50),TRANSF_SALIENTE,RETIRO_TARJETA,INGRESO_TRANSF,,
2856,3450,Bohemia - Joven (<30),TRANSF_SALIENTE,RETIRO_TARJETA,INGRESO_TRANSF,,
2857,3451,Bohemia - Joven (<30),TRANSF_SALIENTE,RETIRO_TARJETA,INGRESO_TRANSF,,
2858,3453,Moravia - Adulto (30-50),INGRESO_TRANSF,PRESTAMO,RETIRO_TARJETA,1885.19,67867.0
2859,3454,Bohemia - Adulto (30-50),SERVICIOS_HOGAR,TRANSF_SALIENTE,INGRESO_TRANSF,,
2860,3456,Moravia - Adulto Mayor (>50),SERVICIOS_HOGAR,PENSION,TRANSF_SALIENTE,,
2861,3457,Moravia - Adulto Mayor (>50),TRANSF_SALIENTE,INGRESO_TRANSF,PRESTAMO,1351.91,48669.0
2862,3458,Bohemia - Adulto (30-50),INGRESO_TRANSF,PRESTAMO,SEGURO,2647.01,95293.0
2863,3459,Bohemia - Adulto (30-50),INGRESO_TRANSF,RETIRO_TARJETA,PRESTAMO,2192.05,78914.0
2864,3461,Moravia - Adulto (30-50),INGRESO_TRANSF,PRESTAMO,RETIRO_TARJETA,1975.59,71121.0
2865,3463,Praga - Joven (<30),RETIRO_TARJETA,INGRESO_TRANSF,PRESTAMO,1837.61,66154.0
2866,3464,Bohemia - Adulto (30-50),TRANSF_SALIENTE,INGRESO_TRANSF,RETIRO_TARJETA,,
2867,3465,Bohemia - Adulto Mayor (>50),PENSION,TRANSF_SALIENTE,INGRESO_TRANSF,,
2868,3466,Praga - Adulto Mayor (>50),TRANSF_SALIENTE,RETIRO_TARJETA,INGRESO_TRANSF,,
2869,3468,Moravia - Adulto Mayor (>50),TRANSF_SALIENTE,INGRESO_TRANSF,PRESTAMO,1260.15,45365.0
2870,3469,Praga - Joven (<30),TRANSF_SALIENTE,RETIRO_TARJETA,INGRESO_TRANSF,,
2871,3470,Bohemia - Adulto Mayor (>50),TRANSF_SALIENTE,RETIRO_TARJETA,INGRESO_TRANSF,,
2872,3471,Praga - Adulto (30-50),RETIRO_TARJETA,INGRESO_TRANSF,SEGURO,,
2873,3472,Moravia - Adulto Mayor (>50),PENSION,INGRESO_TRANSF,PRESTAMO,2519.4,90699.0
2874,3474,Bohemia - Adulto (30-50),TRANSF_SALIENTE,RETIRO_TARJETA,PRESTAMO,748.04,26929.0
2875,3475,Bohemia - Adulto (30-50),SERVICIOS_HOGAR,TRANSF_SALIENTE,INGRESO_TRANSF,,
2876,3476,Moravia - Adulto (30-50),TRANSF_SALIENTE,INGRESO_TRANSF,PRESTAMO,1859.7,66949.0
2877,3477,Bohemia - Adulto (30-50),TRANSF_SALIENTE,PRESTAMO,SEGURO,3960.84,142590.0
2878,3478,Praga - Adulto Mayor (>50),TRANSF_SALIENTE,RETIRO_TARJETA,INGRESO_TRANSF,,
2879,3480,Bohemia - Adulto (30-50),TRANSF_SALIENTE,INGRESO_TRANSF,RETIRO_TARJETA,,
2880,3482,Moravia - Adulto Mayor (>50),PENSION,TRANSF_SALIENTE,INGRESO_TRANSF,,
2881,3483,Moravia - Adulto Mayor (>50),PENSION,TRANSF_SALIENTE,INGRESO_TRANSF,,
2882,3484,Bohemia - Joven (<30),TRANSF_SALIENTE,RETIRO_TARJETA,INGRESO_TRANSF,,
2883,3485,Moravia - Adulto Mayor (>50),TRANSF_SALIENTE,INGRESO_TRANSF,PRESTAMO,1186.72,42722.0
2884,3486,Moravia - Adulto (30-50),TRANSF_SALIENTE,INGRESO_TRANSF,PRESTAMO,2622.51,94411.0
2885,3487,Praga - Adulto (30-50),TRANSF_SALIENTE,RETIRO_TARJETA,INGRESO_TRANSF,,
2886,3488,Praga - Adulto (30-50),TRANSF_SALIENTE,RETIRO_TARJETA,INGRESO_TRANSF,,
2887,3489,Moravia - Adulto (30-50),TRANSF_SALIENTE,INGRESO_TRANSF,PRESTAMO,2870.92,103353.0
2888,3490,Bohemia - Adulto Mayor (>50),TRANSF_SALIENTE,RETIRO_TARJETA,INGRESO_TRANSF,,
2889,3492,Bohemia - Joven (<30),TRANSF_SALIENTE,RETIRO_TARJETA,PRESTAMO,3084.48,111041.0
2890,3493,Moravia - Adulto (30-50),INGRESO_TRANSF,PRESTAMO,RETIRO_TARJETA,2132.83,76782.0
2891,3494,Bohemia - Joven (<30),RETIRO_TARJETA,INGRESO_TRANSF,PRESTAMO,1559.75,56151.0
2892,3495,Moravia - Adulto Mayor (>50),SERVICIOS_HOGAR,PENSION,TRANSF_SALIENTE,,
2893,3497,Bohemia - Joven (<30),RETIRO_TARJETA,PRESTAMO,SEGURO,1064.14,38309.0
2894,3498,Moravia - Adulto Mayor (>50),SERVICIOS_HOGAR,PENSION,TRANSF_SALIENTE,,
2895,3499,Bohemia - Joven (<30),TRANSF_SALIENTE,RETIRO_TARJETA,INGRESO_TRANSF,,
2896,3500,Bohemia - Adulto (30-50),RETIRO_TARJETA,PRESTAMO,SEGURO,1112.77,40060.0
2897,3501,Bohemia - Adulto (30-50),TRANSF_SALIENTE,INGRESO_TRANSF,PRESTAMO,4031.74,145143.0
2898,3502,Moravia - Adulto (30-50),TRANSF_SALIENTE,INGRESO_TRANSF,PRESTAMO,2520.81,90749.0
2899,3504,Bohemia - Adulto (30-50),TRANSF_SALIENTE,INGRESO_TRANSF,RETIRO_TARJETA,,
2900,3505,Bohemia - Joven (<30),SERVICIOS_HOGAR,TRANSF_SALIENTE,RETIRO_TARJETA,,
2901,3506,Praga - Adulto (30-50),TRANSF_SALIENTE,RETIRO_TARJETA,INGRESO_TRANSF,,
2902,3507,Bohemia - Adulto Mayor (>50),PENSION,RETIRO_TARJETA,INGRESO_TRANSF,,
2903,3508,Bohemia - Joven (<30),TRANSF_SALIENTE,RETIRO_TARJETA,INGRESO_TRANSF,,
2904,3510,Bohemia - Adulto Mayor (>50),SERVICIOS_HOGAR,PENSION,TRANSF_SALIENTE,,
2905,3511,Moravia - Adulto (30-50),SERVICIOS_HOGAR,TRANSF_SALIENTE,INGRESO_TRANSF,,
2906,3512,Bohemia - Adulto Mayor (>50),PENSION,RETIRO_TARJETA,INGRESO_TRANSF,,
2907,3513,Moravia - Adulto Mayor (>50),TRANSF_SALIENTE,INGRESO_TRANSF,PRESTAMO,1250.38,45014.0
2908,3515,Moravia - Joven (<30),TRANSF_SALIENTE,INGRESO_TRANSF,PRESTAMO,3389.38,122018.0
2909,3516,Moravia - Joven (<30),TRANSF_SALIENTE,INGRESO_TRANSF,RETIRO_TARJETA,,
2910,3517,Moravia - Adulto (30-50),SEGURO,LEASING,PENSION,,
2911,3518,Bohemia - Adulto (30-50),INGRESO_TRANSF,RETIRO_TARJETA,PRESTAMO,1753.26,63117.0
2912,3519,Moravia - Adulto (30-50),SERVICIOS_HOGAR,TRANSF_SALIENTE,INGRESO_TRANSF,,
2913,3520,Bohemia - Adulto Mayor (>50),TRANSF_SALIENTE,RETIRO_TARJETA,INGRESO_TRANSF,,
2914,3521,Bohemia - Adulto (30-50),INGRESO_TRANSF,RETIRO_TARJETA,PRESTAMO,1837.64,66155.0
2915,3522,Moravia - Adulto (30-50),SERVICIOS_HOGAR,TRANSF_SALIENTE,PRESTAMO,3723.49,134046.0
2916,3523,Bohemia - Adulto (30-50),INGRESO_TRANSF,RETIRO_TARJETA,PRESTAMO,2111.7,76021.0
2917,3524,Moravia - Adulto Mayor (>50),PENSION,TRANSF_SALIENTE,INGRESO_TRANSF,,
2918,3525,Bohemia - Joven (<30),TRANSF_SALIENTE,RETIRO_TARJETA,INGRESO_TRANSF,,
2919,3527,Moravia - Joven (<30),TRANSF_SALIENTE,INGRESO_TRANSF,RETIRO_TARJETA,,
2920,3528,Moravia - Joven (<30),TRANSF_SALIENTE,INGRESO_TRANSF,RETIRO_TARJETA,,
2921,3529,Moravia - Joven (<30),TRANSF_SALIENTE,INGRESO_TRANSF,RETIRO_TARJETA,,
2922,3530,Bohemia - Joven (<30),SERVICIOS_HOGAR,TRANSF_SALIENTE,RETIRO_TARJETA,,
2923,3531,Bohemia - Adulto Mayor (>50),TRANSF_SALIENTE,RETIRO_TARJETA,INGRESO_TRANSF,,
2924,3532,Moravia - Adulto Mayor (>50),SERVICIOS_HOGAR,PENSION,TRANSF_SALIENTE,,
2925,3533,Praga - Adulto (30-50),TRANSF_SALIENTE,RETIRO_TARJETA,INGRESO_TRANSF,,
2926,3534,Bohemia - Joven (<30),RETIRO_TARJETA,INGRESO_TRANSF,PRESTAMO,2268.79,81677.0
2927,3535,Bohemia - Joven (<30),SERVICIOS_HOGAR,TRANSF_SALIENTE,INGRESO_TRANSF,,
2928,3536,Moravia - Adulto Mayor (>50),TRANSF_SALIENTE,INGRESO_TRANSF,PRESTAMO,1363.73,49094.0
2929,3537,Bohemia - Adulto Mayor (>50),PENSION,RETIRO_TARJETA,PRESTAMO,3810.67,137184.0
2930,3538,Praga - Adulto Mayor (>50),PENSION,TRANSF_SALIENTE,RETIRO_TARJETA,,
2931,3539,Bohemia - Adulto Mayor (>50),TRANSF_SALIENTE,RETIRO_TARJETA,INGRESO_TRANSF,,
2932,3540,Bohemia - Adulto Mayor (>50),PENSION,RETIRO_TARJETA,INGRESO_TRANSF,,
2933,3542,Bohemia - Adulto Mayor (>50),PENSION,TRANSF_SALIENTE,RETIRO_TARJETA,,
2934,3544,Praga - Adulto (30-50),SERVICIOS_HOGAR,TRANSF_SALIENTE,INGRESO_TRANSF,,
2935,3545,Moravia - Adulto (30-50),TRANSF_SALIENTE,PRESTAMO,RETIRO_TARJETA,933.59,33609.0
2936,3546,Bohemia - Joven (<30),TRANSF_SALIENTE,RETIRO_TARJETA,INGRESO_TRANSF,,
2937,3547,Praga - Adulto Mayor (>50),TRANSF_SALIENTE,RETIRO_TARJETA,INGRESO_TRANSF,,
2938,3548,Praga - Joven (<30),RETIRO_TARJETA,INGRESO_TRANSF,PRESTAMO,3411.58,122817.0
2939,3549,Bohemia - Adulto Mayor (>50),TRANSF_SALIENTE,RETIRO_TARJETA,INGRESO_TRANSF,,
2940,3550,Moravia - Joven (<30),TRANSF_SALIENTE,INGRESO_TRANSF,RETIRO_TARJETA,,
2942,3552,Bohemia - Adulto Mayor (>50),PENSION,RETIRO_TARJETA,INGRESO_TRANSF,,
2944,3554,Bohemia - Adulto (30-50),INGRESO_TRANSF,RETIRO_TARJETA,PRESTAMO,1679.3,60455.0
2945,3556,Bohemia - Adulto Mayor (>50),TRANSF_SALIENTE,RETIRO_TARJETA,INGRESO_TRANSF,,
2946,3558,Moravia - Adulto Mayor (>50),TRANSF_SALIENTE,INGRESO_TRANSF,PRESTAMO,868.08,31251.0
2947,3559,Moravia - Adulto Mayor (>50),TRANSF_SALIENTE,INGRESO_TRANSF,PRESTAMO,1366.32,49187.0
2949,3562,Praga - Adulto Mayor (>50),TRANSF_SALIENTE,RETIRO_TARJETA,INGRESO_TRANSF,,
2950,3564,Moravia - Adulto Mayor (>50),PENSION,TRANSF_SALIENTE,INGRESO_TRANSF,,
2951,3565,Bohemia - Adulto (30-50),INGRESO_TRANSF,RETIRO_TARJETA,PRESTAMO,2754.17,99150.0
2952,3566,Moravia - Adulto Mayor (>50),TRANSF_SALIENTE,INGRESO_TRANSF,PRESTAMO,977.95,35206.0
2953,3567,Praga - Adulto Mayor (>50),PENSION,INGRESO_TRANSF,PRESTAMO,2469.48,88901.0
2954,3568,Praga - Adulto Mayor (>50),PENSION,TRANSF_SALIENTE,INGRESO_TRANSF,,
2955,3569,Moravia - Adulto Mayor (>50),TRANSF_SALIENTE,INGRESO_TRANSF,PRESTAMO,1220.82,43950.0
2956,3570,Bohemia - Adulto Mayor (>50),PENSION,TRANSF_SALIENTE,RETIRO_TARJETA,,
2957,3571,Bohemia - Joven (<30),TRANSF_SALIENTE,RETIRO_TARJETA,INGRESO_TRANSF,,
2958,3572,Bohemia - Adulto Mayor (>50),TRANSF_SALIENTE,RETIRO_TARJETA,INGRESO_TRANSF,,
2959,3573,Bohemia - Joven (<30),SERVICIOS_HOGAR,TRANSF_SALIENTE,INGRESO_TRANSF,,
2960,3574,Bohemia - Adulto Mayor (>50),PENSION,TRANSF_SALIENTE,RETIRO_TARJETA,,
2961,3575,Bohemia - Adulto Mayor (>50),TRANSF_SALIENTE,RETIRO_TARJETA,INGRESO_TRANSF,,
2962,3576,Praga - Adulto Mayor (>50),SERVICIOS_HOGAR,PENSION,TRANSF_SALIENTE,,
2963,3577,Bohemia - Adulto Mayor (>50),PENSION,TRANSF_SALIENTE,INGRESO_TRANSF,,
2964,3578,Moravia - Adulto Mayor (>50),TRANSF_SALIENTE,INGRESO_TRANSF,PRESTAMO,1173.81,42257.0
2965,3580,Bohemia - Adulto Mayor (>50),TRANSF_SALIENTE,RETIRO_TARJETA,INGRESO_TRANSF,,
2966,3581,Bohemia - Adulto (30-50),TRANSF_SALIENTE,INGRESO_TRANSF,PRESTAMO,3802.81,136901.0
2967,3582,Bohemia - Adulto (30-50),INGRESO_TRANSF,RETIRO_TARJETA,PRESTAMO,1381.15,49721.0
2968,3583,Bohemia - Adulto Mayor (>50),PENSION,PRESTAMO,SEGURO,3222.67,116016.0
2969,3585,Bohemia - Adulto (30-50),SERVICIOS_HOGAR,TRANSF_SALIENTE,INGRESO_TRANSF,,
2970,3586,Moravia - Adulto Mayor (>50),SERVICIOS_HOGAR,PENSION,TRANSF_SALIENTE,,
2971,3588,Moravia - Adulto (30-50),SERVICIOS_HOGAR,TRANSF_SALIENTE,INGRESO_TRANSF,,
2972,3589,Moravia - Adulto (30-50),SERVICIOS_HOGAR,TRANSF_SALIENTE,INGRESO_TRANSF,,
2973,3590,Bohemia - Joven (<30),INGRESO_TRANSF,PRESTAMO,SEGURO,2189.1,78807.0
2974,3591,Moravia - Adulto Mayor (>50),TRANSF_SALIENTE,INGRESO_TRANSF,PRESTAMO,2185.08,78663.0
2976,3594,Bohemia - Adulto (30-50),TRANSF_SALIENTE,INGRESO_TRANSF,RETIRO_TARJETA,,
2977,3595,Bohemia - Adulto (30-50),TRANSF_SALIENTE,RETIRO_TARJETA,PRESTAMO,3601.73,129662.0
2978,3596,Moravia - Joven (<30),TRANSF_SALIENTE,INGRESO_TRANSF,RETIRO_TARJETA,,
2979,3597,Bohemia - Adulto Mayor (>50),TRANSF_SALIENTE,RETIRO_TARJETA,INGRESO_TRANSF,,
2980,3598,Moravia - Adulto Mayor (>50),TRANSF_SALIENTE,INGRESO_TRANSF,PRESTAMO,1085.47,39077.0
2981,3600,Bohemia - Adulto Mayor (>50),PENSION,TRANSF_SALIENTE,RETIRO_TARJETA,,
2982,3601,Bohemia - Adulto Mayor (>50),PENSION,LEASING,,,
2983,3603,Bohemia - Adulto (30-50),SERVICIOS_HOGAR,TRANSF_SALIENTE,INGRESO_TRANSF,,
2985,3605,Moravia - Adulto Mayor (>50),TRANSF_SALIENTE,INGRESO_TRANSF,PRESTAMO,1515.72,54566.0
2986,3606,Moravia - Adulto (30-50),INGRESO_TRANSF,SEGURO,LEASING,,
2987,3607,Bohemia - Adulto Mayor (>50),PENSION,TRANSF_SALIENTE,RETIRO_TARJETA,,
2988,3608,Moravia - Adulto Mayor (>50),SERVICIOS_HOGAR,PENSION,TRANSF_SALIENTE,,
2989,3610,Bohemia - Adulto Mayor (>50),TRANSF_SALIENTE,RETIRO_TARJETA,INGRESO_TRANSF,,
2990,3611,Bohemia - Joven (<30),INGRESO_TRANSF,PRESTAMO,SEGURO,2038.17,73374.0
2991,3612,Bohemia - Adulto (30-50),INGRESO_TRANSF,RETIRO_TARJETA,PRESTAMO,2234.67,80448.0
2992,3614,Bohemia - Joven (<30),TRANSF_SALIENTE,RETIRO_TARJETA,INGRESO_TRANSF,,
2993,3615,Praga - Joven (<30),SERVICIOS_HOGAR,TRANSF_SALIENTE,INGRESO_TRANSF,,
2994,3616,Moravia - Adulto (30-50),TRANSF_SALIENTE,INGRESO_TRANSF,SEGURO,,
2995,3617,Bohemia - Adulto (30-50),TRANSF_SALIENTE,INGRESO_TRANSF,RETIRO_TARJETA,,
2996,3618,Moravia - Adulto (30-50),INGRESO_TRANSF,PRESTAMO,RETIRO_TARJETA,2436.85,87726.0
2997,3619,Bohemia - Adulto (30-50),TRANSF_SALIENTE,RETIRO_TARJETA,PRESTAMO,1373.71,49453.0
2998,3620,Bohemia - Adulto Mayor (>50),PENSION,INGRESO_TRANSF,PRESTAMO,2534.1,91228.0
2999,3621,Moravia - Adulto Mayor (>50),PENSION,TRANSF_SALIENTE,INGRESO_TRANSF,,
3000,3623,Bohemia - Adulto (30-50),SERVICIOS_HOGAR,TRANSF_SALIENTE,INGRESO_TRANSF,,
3001,3624,Praga - Joven (<30),SERVICIOS_HOGAR,TRANSF_SALIENTE,RETIRO_TARJETA,,
3003,3627,Bohemia - Joven (<30),SERVICIOS_HOGAR,TRANSF_SALIENTE,INGRESO_TRANSF,,
3004,3628,Bohemia - Adulto Mayor (>50),TRANSF_SALIENTE,RETIRO_TARJETA,INGRESO_TRANSF,,
3005,3629,Bohemia - Adulto Mayor (>50),PENSION,RETIRO_TARJETA,INGRESO_TRANSF,,
3006,3630,Moravia - Adulto Mayor (>50),TRANSF_SALIENTE,INGRESO_TRANSF,PRESTAMO,1298.44,46744.0
3007,3632,Bohemia - Adulto Mayor (>50),PENSION,RETIRO_TARJETA,INGRESO_TRANSF,,
3008,3633,Moravia - Adulto Mayor (>50),TRANSF_SALIENTE,INGRESO_TRANSF,PRESTAMO,2023.14,72833.0
3009,3634,Praga - Adulto Mayor (>50),TRANSF_SALIENTE,RETIRO_TARJETA,INGRESO_TRANSF,,
3010,3636,Bohemia - Joven (<30),SERVICIOS_HOGAR,TRANSF_SALIENTE,INGRESO_TRANSF,,
3011,3637,Moravia - Adulto (30-50),PRESTAMO,RETIRO_TARJETA,SEGURO,896.46,32273.0
3012,3638,Bohemia - Adulto Mayor (>50),PENSION,TRANSF_SALIENTE,RETIRO_TARJETA,,
3013,3639,Moravia - Adulto Mayor (>50),TRANSF_SALIENTE,INGRESO_TRANSF,PRESTAMO,925.2,33307.0
3014,3640,Moravia - Joven (<30),SERVICIOS_HOGAR,TRANSF_SALIENTE,INGRESO_TRANSF,,
3015,3642,Bohemia - Adulto (30-50),RETIRO_TARJETA,PRESTAMO,SEGURO,1116.97,40211.0
3016,3643,Bohemia - Joven (<30),TRANSF_SALIENTE,RETIRO_TARJETA,INGRESO_TRANSF,,
3017,3644,Moravia - Adulto (30-50),INGRESO_TRANSF,PRESTAMO,RETIRO_TARJETA,1628.6,58630.0
3018,3645,Bohemia - Joven (<30),SERVICIOS_HOGAR,TRANSF_SALIENTE,RETIRO_TARJETA,,
3019,3646,Bohemia - Adulto Mayor (>50),SERVICIOS_HOGAR,PENSION,TRANSF_SALIENTE,,
3020,3648,Bohemia - Joven (<30),SERVICIOS_HOGAR,TRANSF_SALIENTE,RETIRO_TARJETA,,
3021,3649,Bohemia - Adulto (30-50),SERVICIOS_HOGAR,TRANSF_SALIENTE,RETIRO_TARJETA,,
3022,3650,Moravia - Adulto Mayor (>50),TRANSF_SALIENTE,INGRESO_TRANSF,PRESTAMO,1275.06,45902.0
3023,3651,Bohemia - Adulto Mayor (>50),TRANSF_SALIENTE,RETIRO_TARJETA,INGRESO_TRANSF,,
3024,3652,Praga - Adulto Mayor (>50),TRANSF_SALIENTE,RETIRO_TARJETA,INGRESO_TRANSF,,
3025,3654,Bohemia - Adulto Mayor (>50),TRANSF_SALIENTE,RETIRO_TARJETA,INGRESO_TRANSF,,
3026,3655,Moravia - Adulto (30-50),TRANSF_SALIENTE,INGRESO_TRANSF,PRESTAMO,2273.47,81845.0
3027,3656,Moravia - Adulto Mayor (>50),TRANSF_SALIENTE,INGRESO_TRANSF,PRESTAMO,1117.06,40214.0
3028,3658,Moravia - Adulto Mayor (>50),TRANSF_SALIENTE,INGRESO_TRANSF,PRESTAMO,987.02,35533.0
3029,3659,Bohemia - Adulto Mayor (>50),TRANSF_SALIENTE,RETIRO_TARJETA,INGRESO_TRANSF,,
3030,3660,Moravia - Joven (<30),RETIRO_TARJETA,PRESTAMO,SEGURO,1140.61,41062.0
3031,3661,Bohemia - Adulto Mayor (>50),TRANSF_SALIENTE,RETIRO_TARJETA,INGRESO_TRANSF,,
3032,3662,Bohemia - Adulto Mayor (>50),TRANSF_SALIENTE,RETIRO_TARJETA,INGRESO_TRANSF,,
3033,3663,Moravia - Adulto Mayor (>50),PENSION,PRESTAMO,RETIRO_TARJETA,922.33,33204.0
3035,3667,Moravia - Joven (<30),PRESTAMO,SEGURO,LEASING,3436.23,123704.0
3036,3669,Bohemia - Adulto (30-50),SERVICIOS_HOGAR,TRANSF_SALIENTE,INGRESO_TRANSF,,
3037,3670,Bohemia - Joven (<30),TRANSF_SALIENTE,RETIRO_TARJETA,INGRESO_TRANSF,,
3038,3671,Bohemia - Adulto Mayor (>50),SERVICIOS_HOGAR,PENSION,TRANSF_SALIENTE,,
3039,3673,Praga - Adulto (30-50),RETIRO_TARJETA,INGRESO_TRANSF,PRESTAMO,2210.87,79591.0
3040,3674,Bohemia - Joven (<30),TRANSF_SALIENTE,RETIRO_TARJETA,PRESTAMO,1161.3,41807.0
3041,3675,Moravia - Adulto (30-50),INGRESO_TRANSF,PRESTAMO,RETIRO_TARJETA,1274.6,45885.0
3042,3676,Bohemia - Adulto (30-50),INGRESO_TRANSF,RETIRO_TARJETA,PRESTAMO,1704.29,61354.0
3043,3678,Praga - Adulto Mayor (>50),TRANSF_SALIENTE,RETIRO_TARJETA,INGRESO_TRANSF,,
3044,3679,Moravia - Adulto Mayor (>50),TRANSF_SALIENTE,INGRESO_TRANSF,PRESTAMO,1141.38,41090.0
3045,3681,Praga - Adulto Mayor (>50),TRANSF_SALIENTE,RETIRO_TARJETA,INGRESO_TRANSF,,
3046,3683,Moravia - Joven (<30),RETIRO_TARJETA,PRESTAMO,SEGURO,1371.12,49360.0
3047,3684,Bohemia - Adulto (30-50),TRANSF_SALIENTE,RETIRO_TARJETA,PRESTAMO,1154.82,41574.0
3048,3685,Moravia - Joven (<30),SERVICIOS_HOGAR,TRANSF_SALIENTE,INGRESO_TRANSF,,
3049,3686,Moravia - Adulto (30-50),TRANSF_SALIENTE,PRESTAMO,RETIRO_TARJETA,1981.04,71317.0
3050,3687,Bohemia - Joven (<30),LEASING,PENSION,,,
3051,3689,Bohemia - Joven (<30),INGRESO_TRANSF,PRESTAMO,LEASING,4056.51,146034.0
3052,3690,Bohemia - Adulto (30-50),SERVICIOS_HOGAR,TRANSF_SALIENTE,INGRESO_TRANSF,,
3053,3691,Bohemia - Adulto (30-50),INGRESO_TRANSF,RETIRO_TARJETA,PRESTAMO,2556.8,92045.0
3055,3693,Bohemia - Adulto Mayor (>50),TRANSF_SALIENTE,RETIRO_TARJETA,INGRESO_TRANSF,,
3056,3695,Moravia - Adulto Mayor (>50),TRANSF_SALIENTE,INGRESO_TRANSF,PRESTAMO,1157.7,41677.0
3057,3697,Bohemia - Adulto (30-50),TRANSF_SALIENTE,INGRESO_TRANSF,RETIRO_TARJETA,,
3058,3698,Bohemia - Joven (<30),SERVICIOS_HOGAR,TRANSF_SALIENTE,RETIRO_TARJETA,,
3059,3699,Praga - Adulto (30-50),INGRESO_TRANSF,PRESTAMO,LEASING,2724.49,98082.0
3060,3701,Moravia - Adulto (30-50),TRANSF_SALIENTE,INGRESO_TRANSF,PRESTAMO,2292.33,82524.0
3061,3702,Moravia - Adulto (30-50),TRANSF_SALIENTE,PRESTAMO,RETIRO_TARJETA,1096.62,39478.0
3062,3703,Bohemia - Adulto Mayor (>50),TRANSF_SALIENTE,RETIRO_TARJETA,INGRESO_TRANSF,,
3063,3704,Moravia - Adulto (30-50),TRANSF_SALIENTE,PRESTAMO,RETIRO_TARJETA,1741.26,62685.0
3064,3705,Praga - Adulto (30-50),RETIRO_TARJETA,INGRESO_TRANSF,SEGURO,,
3066,3707,Moravia - Adulto Mayor (>50),PENSION,TRANSF_SALIENTE,INGRESO_TRANSF,,
3067,3708,Bohemia - Adulto (30-50),INGRESO_TRANSF,RETIRO_TARJETA,PRESTAMO,1110.78,39988.0
3068,3710,Moravia - Adulto Mayor (>50),TRANSF_SALIENTE,INGRESO_TRANSF,PRESTAMO,1277.77,46000.0
3069,3711,Bohemia - Adulto (30-50),TRANSF_SALIENTE,INGRESO_TRANSF,RETIRO_TARJETA,,
3070,3712,Moravia - Joven (<30),TRANSF_SALIENTE,INGRESO_TRANSF,RETIRO_TARJETA,,
3071,3713,Bohemia - Adulto Mayor (>50),PENSION,INGRESO_TRANSF,PRESTAMO,3268.4,117662.0
3072,3714,Bohemia - Adulto (30-50),TRANSF_SALIENTE,INGRESO_TRANSF,RETIRO_TARJETA,,
3074,3716,Moravia - Adulto (30-50),SERVICIOS_HOGAR,TRANSF_SALIENTE,INGRESO_TRANSF,,
3075,3717,Moravia - Adulto Mayor (>50),TRANSF_SALIENTE,INGRESO_TRANSF,PRESTAMO,1217.97,43847.0
3076,3719,Moravia - Adulto Mayor (>50),TRANSF_SALIENTE,INGRESO_TRANSF,PRESTAMO,1065.62,38362.0
3077,3721,Moravia - Adulto (30-50),TRANSF_SALIENTE,INGRESO_TRANSF,PRESTAMO,2352.16,84678.0
3078,3722,Praga - Adulto (30-50),TRANSF_SALIENTE,RETIRO_TARJETA,PRESTAMO,943.78,33976.0
3079,3723,Bohemia - Adulto (30-50),RETIRO_TARJETA,PRESTAMO,SEGURO,1040.36,37453.0
3080,3724,Moravia - Adulto Mayor (>50),TRANSF_SALIENTE,INGRESO_TRANSF,PRESTAMO,955.27,34390.0
3082,3727,Bohemia - Joven (<30),TRANSF_SALIENTE,RETIRO_TARJETA,INGRESO_TRANSF,,
3083,3728,Moravia - Adulto Mayor (>50),SERVICIOS_HOGAR,PENSION,TRANSF_SALIENTE,,
3084,3730,Moravia - Adulto Mayor (>50),PENSION,TRANSF_SALIENTE,INGRESO_TRANSF,,
3085,3732,Moravia - Adulto Mayor (>50),PENSION,INGRESO_TRANSF,PRESTAMO,1345.82,48450.0
3086,3733,Praga - Adulto Mayor (>50),PENSION,TRANSF_SALIENTE,INGRESO_TRANSF,,
3087,3734,Bohemia - Adulto Mayor (>50),PENSION,RETIRO_TARJETA,PRESTAMO,994.57,35804.0
3088,3735,Bohemia - Adulto Mayor (>50),PENSION,TRANSF_SALIENTE,INGRESO_TRANSF,,
3089,3737,Bohemia - Adulto Mayor (>50),SERVICIOS_HOGAR,PENSION,TRANSF_SALIENTE,,
3090,3738,Praga - Joven (<30),RETIRO_TARJETA,INGRESO_TRANSF,PRESTAMO,3114.16,112110.0
3091,3739,Bohemia - Adulto (30-50),INGRESO_TRANSF,RETIRO_TARJETA,PRESTAMO,2681.95,96550.0
3092,3740,Bohemia - Adulto Mayor (>50),TRANSF_SALIENTE,RETIRO_TARJETA,INGRESO_TRANSF,,
3093,3741,Bohemia - Adulto Mayor (>50),PENSION,TRANSF_SALIENTE,RETIRO_TARJETA,,
3094,3742,Moravia - Adulto (30-50),INGRESO_TRANSF,PRESTAMO,RETIRO_TARJETA,2415.96,86975.0
3096,3745,Bohemia - Joven (<30),RETIRO_TARJETA,INGRESO_TRANSF,PRESTAMO,2204.39,79358.0
3097,3746,Moravia - Joven (<30),RETIRO_TARJETA,PRESTAMO,SEGURO,1076.77,38764.0
3098,3747,Praga - Adulto (30-50),TRANSF_SALIENTE,RETIRO_TARJETA,INGRESO_TRANSF,,
3099,3748,Moravia - Adulto Mayor (>50),TRANSF_SALIENTE,INGRESO_TRANSF,PRESTAMO,1364.09,49107.0
3100,3749,Moravia - Adulto Mayor (>50),PENSION,INGRESO_TRANSF,PRESTAMO,1598.99,57564.0
3101,3750,Praga - Adulto Mayor (>50),PENSION,TRANSF_SALIENTE,RETIRO_TARJETA,,
3102,3751,Bohemia - Adulto (30-50),TRANSF_SALIENTE,INGRESO_TRANSF,PRESTAMO,2371.59,85377.0
3103,3753,Praga - Adulto (30-50),SERVICIOS_HOGAR,TRANSF_SALIENTE,INGRESO_TRANSF,,
3104,3754,Praga - Adulto Mayor (>50),PENSION,TRANSF_SALIENTE,RETIRO_TARJETA,,
3105,3755,Bohemia - Adulto (30-50),TRANSF_SALIENTE,RETIRO_TARJETA,PRESTAMO,1040.35,37453.0
3106,3756,Bohemia - Joven (<30),SERVICIOS_HOGAR,TRANSF_SALIENTE,INGRESO_TRANSF,,
3107,3757,Bohemia - Adulto Mayor (>50),TRANSF_SALIENTE,RETIRO_TARJETA,INGRESO_TRANSF,,
3108,3758,Moravia - Adulto (30-50),PRESTAMO,RETIRO_TARJETA,SEGURO,867.73,31238.0
3109,3760,Bohemia - Adulto (30-50),SERVICIOS_HOGAR,TRANSF_SALIENTE,RETIRO_TARJETA,,
3110,3761,Bohemia - Joven (<30),SERVICIOS_HOGAR,TRANSF_SALIENTE,RETIRO_TARJETA,,
3111,3762,Moravia - Adulto (30-50),TRANSF_SALIENTE,INGRESO_TRANSF,PRESTAMO,2601.59,93657.0
3112,3763,Bohemia - Joven (<30),INGRESO_TRANSF,SEGURO,LEASING,,
3113,3765,Bohemia - Adulto (30-50),INGRESO_TRANSF,PRESTAMO,LEASING,2656.0,95616.0
3114,3766,Praga - Joven (<30),SERVICIOS_HOGAR,TRANSF_SALIENTE,INGRESO_TRANSF,,
3115,3767,Bohemia - Adulto Mayor (>50),PENSION,TRANSF_SALIENTE,RETIRO_TARJETA,,
3116,3769,Moravia - Adulto (30-50),TRANSF_SALIENTE,INGRESO_TRANSF,PRESTAMO,3165.84,113970.0
3117,3770,Bohemia - Adulto Mayor (>50),TRANSF_SALIENTE,RETIRO_TARJETA,INGRESO_TRANSF,,
3118,3771,Bohemia - Adulto Mayor (>50),PENSION,TRANSF_SALIENTE,RETIRO_TARJETA,,
3119,3773,Bohemia - Adulto (30-50),RETIRO_TARJETA,PRESTAMO,LEASING,917.89,33044.0
3120,3774,Praga - Adulto Mayor (>50),TRANSF_SALIENTE,RETIRO_TARJETA,INGRESO_TRANSF,,
3121,3775,Bohemia - Adulto Mayor (>50),TRANSF_SALIENTE,RETIRO_TARJETA,INGRESO_TRANSF,,
3122,3776,Moravia - Joven (<30),TRANSF_SALIENTE,INGRESO_TRANSF,RETIRO_TARJETA,,
3124,3779,Bohemia - Adulto (30-50),INGRESO_TRANSF,PRESTAMO,LEASING,1822.83,65622.0
3125,3780,Bohemia - Joven (<30),TRANSF_SALIENTE,RETIRO_TARJETA,INGRESO_TRANSF,,
3126,3781,Bohemia - Joven (<30),TRANSF_SALIENTE,RETIRO_TARJETA,INGRESO_TRANSF,,
3127,3782,Praga - Joven (<30),TRANSF_SALIENTE,INGRESO_TRANSF,PRESTAMO,2971.54,106975.0
3128,3783,Praga - Adulto (30-50),SERVICIOS_HOGAR,TRANSF_SALIENTE,RETIRO_TARJETA,,
3129,3785,Moravia - Adulto Mayor (>50),TRANSF_SALIENTE,INGRESO_TRANSF,PRESTAMO,1342.13,48317.0
3130,3786,Bohemia - Adulto Mayor (>50),TRANSF_SALIENTE,RETIRO_TARJETA,INGRESO_TRANSF,,
3131,3787,Bohemia - Joven (<30),TRANSF_SALIENTE,PRESTAMO,SEGURO,2159.46,77741.0
3132,3788,Moravia - Adulto (30-50),INGRESO_TRANSF,PRESTAMO,RETIRO_TARJETA,1235.98,44495.0
3133,3789,Moravia - Adulto (30-50),INGRESO_TRANSF,PRESTAMO,RETIRO_TARJETA,1784.28,64234.0
3134,3790,Bohemia - Adulto Mayor (>50),PENSION,TRANSF_SALIENTE,RETIRO_TARJETA,,
3135,3791,Moravia - Adulto Mayor (>50),PENSION,TRANSF_SALIENTE,INGRESO_TRANSF,,
3136,3792,Moravia - Joven (<30),INGRESO_TRANSF,RETIRO_TARJETA,PRESTAMO,2760.77,99388.0
3137,3793,Bohemia - Adulto (30-50),SERVICIOS_HOGAR,TRANSF_SALIENTE,RETIRO_TARJETA,,
3138,3794,Bohemia - Joven (<30),SERVICIOS_HOGAR,TRANSF_SALIENTE,INGRESO_TRANSF,,
3139,3795,Bohemia - Joven (<30),SERVICIOS_HOGAR,TRANSF_SALIENTE,RETIRO_TARJETA,,
3140,3796,Bohemia - Adulto (30-50),INGRESO_TRANSF,RETIRO_TARJETA,PRESTAMO,1422.8,51221.0
3141,3798,Praga - Adulto (30-50),TRANSF_SALIENTE,RETIRO_TARJETA,PRESTAMO,2473.7,89053.0
3142,3799,Bohemia - Adulto Mayor (>50),TRANSF_SALIENTE,RETIRO_TARJETA,INGRESO_TRANSF,,
3143,3800,Bohemia - Adulto (30-50),TRANSF_SALIENTE,INGRESO_TRANSF,RETIRO_TARJETA,,
3144,3802,Moravia - Adulto Mayor (>50),TRANSF_SALIENTE,INGRESO_TRANSF,PRESTAMO,1003.78,36136.0
3145,3803,Praga - Adulto Mayor (>50),TRANSF_SALIENTE,RETIRO_TARJETA,INGRESO_TRANSF,,
3146,3805,Moravia - Adulto Mayor (>50),PENSION,TRANSF_SALIENTE,PRESTAMO,1278.34,46020.0
3147,3806,Moravia - Adulto (30-50),INGRESO_TRANSF,PRESTAMO,RETIRO_TARJETA,2574.14,92669.0
3148,3807,Bohemia - Adulto Mayor (>50),PENSION,TRANSF_SALIENTE,RETIRO_TARJETA,,
3149,3808,Moravia - Adulto Mayor (>50),SERVICIOS_HOGAR,PENSION,TRANSF_SALIENTE,,
3151,3811,Bohemia - Adulto (30-50),INGRESO_TRANSF,PRESTAMO,SEGURO,3375.98,121535.0
3152,3812,Praga - Adulto (30-50),TRANSF_SALIENTE,RETIRO_TARJETA,INGRESO_TRANSF,,
3153,3813,Bohemia - Joven (<30),INGRESO_TRANSF,PRESTAMO,SEGURO,3663.99,131904.0
3154,3814,Praga - Adulto Mayor (>50),PENSION,RETIRO_TARJETA,INGRESO_TRANSF,,
3155,3815,Bohemia - Joven (<30),TRANSF_SALIENTE,RETIRO_TARJETA,INGRESO_TRANSF,,
3156,3816,Praga - Adulto (30-50),SERVICIOS_HOGAR,TRANSF_SALIENTE,RETIRO_TARJETA,,
3157,3817,Moravia - Adulto Mayor (>50),TRANSF_SALIENTE,INGRESO_TRANSF,PRESTAMO,1900.46,68417.0
3158,3818,Moravia - Adulto Mayor (>50),PENSION,TRANSF_SALIENTE,PRESTAMO,1206.16,43422.0
3160,3821,Bohemia - Adulto Mayor (>50),PENSION,TRANSF_SALIENTE,INGRESO_TRANSF,,
3161,3822,Bohemia - Adulto (30-50),SERVICIOS_HOGAR,TRANSF_SALIENTE,INGRESO_TRANSF,,
3162,3823,Moravia - Adulto (30-50),TRANSF_SALIENTE,INGRESO_TRANSF,PRESTAMO,2302.86,82903.0
3163,3824,Bohemia - Joven (<30),INGRESO_TRANSF,PRESTAMO,PENSION,3604.72,129770.0
3164,3826,Bohemia - Adulto Mayor (>50),TRANSF_SALIENTE,RETIRO_TARJETA,INGRESO_TRANSF,,
3166,3829,Moravia - Joven (<30),SERVICIOS_HOGAR,TRANSF_SALIENTE,INGRESO_TRANSF,,
3167,3830,Bohemia - Adulto (30-50),SERVICIOS_HOGAR,TRANSF_SALIENTE,INGRESO_TRANSF,,
3168,3831,Bohemia - Adulto Mayor (>50),TRANSF_SALIENTE,RETIRO_TARJETA,INGRESO_TRANSF,,
3169,3833,Bohemia - Adulto Mayor (>50),PENSION,RETIRO_TARJETA,INGRESO_TRANSF,,
3170,3834,Praga - Joven (<30),TRANSF_SALIENTE,RETIRO_TARJETA,INGRESO_TRANSF,,
3171,3835,Bohemia - Adulto Mayor (>50),TRANSF_SALIENTE,RETIRO_TARJETA,INGRESO_TRANSF,,
3172,3836,Moravia - Adulto Mayor (>50),PENSION,PRESTAMO,RETIRO_TARJETA,887.13,31937.0
3173,3837,Bohemia - Adulto Mayor (>50),TRANSF_SALIENTE,RETIRO_TARJETA,INGRESO_TRANSF,,
3174,3838,Moravia - Adulto Mayor (>50),TRANSF_SALIENTE,INGRESO_TRANSF,PRESTAMO,1360.9,48993.0
3175,3840,Bohemia - Adulto Mayor (>50),TRANSF_SALIENTE,RETIRO_TARJETA,INGRESO_TRANSF,,
3176,3841,Bohemia - Adulto Mayor (>50),TRANSF_SALIENTE,RETIRO_TARJETA,INGRESO_TRANSF,,
3177,3842,Moravia - Joven (<30),SERVICIOS_HOGAR,TRANSF_SALIENTE,INGRESO_TRANSF,,
3178,3843,Bohemia - Adulto Mayor (>50),PENSION,RETIRO_TARJETA,PRESTAMO,894.9,32217.0
3179,3844,Moravia - Adulto (30-50),INGRESO_TRANSF,PRESTAMO,RETIRO_TARJETA,1872.59,67413.0
3180,3845,Praga - Adulto (30-50),RETIRO_TARJETA,INGRESO_TRANSF,PRESTAMO,1655.5,59598.0
3181,3846,Bohemia - Joven (<30),SERVICIOS_HOGAR,TRANSF_SALIENTE,INGRESO_TRANSF,,
3182,3847,Bohemia - Adulto (30-50),TRANSF_SALIENTE,INGRESO_TRANSF,RETIRO_TARJETA,,
3183,3848,Bohemia - Adulto Mayor (>50),TRANSF_SALIENTE,RETIRO_TARJETA,INGRESO_TRANSF,,
3184,3849,Praga - Adulto Mayor (>50),TRANSF_SALIENTE,RETIRO_TARJETA,INGRESO_TRANSF,,
3185,3850,Bohemia - Adulto (30-50),INGRESO_TRANSF,PRESTAMO,SEGURO,2754.19,99151.0
3186,3852,Bohemia - Adulto (30-50),TRANSF_SALIENTE,INGRESO_TRANSF,RETIRO_TARJETA,,
3187,3853,Moravia - Joven (<30),SERVICIOS_HOGAR,TRANSF_SALIENTE,INGRESO_TRANSF,,
3188,3854,Bohemia - Adulto (30-50),TRANSF_SALIENTE,INGRESO_TRANSF,RETIRO_TARJETA,,
3189,3855,Bohemia - Adulto Mayor (>50),SERVICIOS_HOGAR,PENSION,TRANSF_SALIENTE,,
3190,3856,Praga - Adulto Mayor (>50),PENSION,TRANSF_SALIENTE,RETIRO_TARJETA,,
3191,3857,Moravia - Adulto (30-50),INGRESO_TRANSF,PRESTAMO,RETIRO_TARJETA,1370.99,49356.0
3192,3858,Bohemia - Adulto Mayor (>50),PENSION,INGRESO_TRANSF,PRESTAMO,2232.78,80380.0
3193,3860,Moravia - Adulto Mayor (>50),PENSION,TRANSF_SALIENTE,INGRESO_TRANSF,,
3194,3861,Bohemia - Adulto (30-50),TRANSF_SALIENTE,INGRESO_TRANSF,RETIRO_TARJETA,,
3195,3862,Bohemia - Adulto Mayor (>50),PENSION,RETIRO_TARJETA,INGRESO_TRANSF,,
3196,3863,Praga - Adulto Mayor (>50),TRANSF_SALIENTE,RETIRO_TARJETA,INGRESO_TRANSF,,
3197,3865,Moravia - Joven (<30),TRANSF_SALIENTE,RETIRO_TARJETA,PRESTAMO,1211.71,43621.0
3199,3868,Moravia - Adulto (30-50),PRESTAMO,RETIRO_TARJETA,SEGURO,2801.78,100864.0
3200,3869,Bohemia - Adulto Mayor (>50),SERVICIOS_HOGAR,PENSION,TRANSF_SALIENTE,,
3201,3870,Bohemia - Joven (<30),RETIRO_TARJETA,INGRESO_TRANSF,PRESTAMO,1832.69,65977.0
3202,3872,Bohemia - Adulto Mayor (>50),TRANSF_SALIENTE,RETIRO_TARJETA,INGRESO_TRANSF,,
3203,3873,Bohemia - Adulto (30-50),TRANSF_SALIENTE,RETIRO_TARJETA,PRESTAMO,862.12,31036.0
3204,3874,Moravia - Adulto Mayor (>50),SERVICIOS_HOGAR,PENSION,TRANSF_SALIENTE,,
3205,3875,Praga - Adulto Mayor (>50),TRANSF_SALIENTE,RETIRO_TARJETA,INGRESO_TRANSF,,
3206,3877,Bohemia - Adulto (30-50),INGRESO_TRANSF,RETIRO_TARJETA,PRESTAMO,2765.94,99574.0
3208,3880,Bohemia - Adulto (30-50),TRANSF_SALIENTE,INGRESO_TRANSF,RETIRO_TARJETA,,
3209,3881,Bohemia - Adulto Mayor (>50),PENSION,TRANSF_SALIENTE,RETIRO_TARJETA,,
3210,3883,Bohemia - Adulto (30-50),TRANSF_SALIENTE,INGRESO_TRANSF,PRESTAMO,2346.51,84474.0
3211,3884,Moravia - Adulto (30-50),TRANSF_SALIENTE,PRESTAMO,RETIRO_TARJETA,936.17,33702.0
3212,3885,Moravia - Adulto Mayor (>50),PENSION,PRESTAMO,LEASING,2313.99,83304.0
3213,3886,Bohemia - Adulto (30-50),RETIRO_TARJETA,PRESTAMO,SEGURO,962.48,34649.0
3214,3887,Moravia - Adulto Mayor (>50),TRANSF_SALIENTE,INGRESO_TRANSF,PRESTAMO,964.12,34708.0
3216,3890,Bohemia - Adulto (30-50),INGRESO_TRANSF,PRESTAMO,SEGURO,2927.68,105396.0
3217,3891,Moravia - Adulto (30-50),TRANSF_SALIENTE,INGRESO_TRANSF,PRESTAMO,3186.07,114698.0
3218,3892,Praga - Joven (<30),RETIRO_TARJETA,PRESTAMO,SEGURO,1002.51,36090.0
3219,3893,Praga - Joven (<30),TRANSF_SALIENTE,INGRESO_TRANSF,PRESTAMO,2295.98,82655.0
3220,3894,Bohemia - Adulto Mayor (>50),SERVICIOS_HOGAR,PENSION,TRANSF_SALIENTE,,
3221,3896,Bohemia - Adulto Mayor (>50),TRANSF_SALIENTE,INGRESO_TRANSF,PRESTAMO,1887.13,67937.0
3222,3897,Bohemia - Adulto (30-50),RETIRO_TARJETA,PRESTAMO,LEASING,1087.1,39136.0
3223,3898,Moravia - Adulto Mayor (>50),SERVICIOS_HOGAR,PENSION,TRANSF_SALIENTE,,
3224,3899,Moravia - Adulto Mayor (>50),TRANSF_SALIENTE,INGRESO_TRANSF,PRESTAMO,1593.25,57357.0
3225,3900,Moravia - Adulto Mayor (>50),PENSION,TRANSF_SALIENTE,INGRESO_TRANSF,,
3226,3902,Moravia - Adulto (30-50),INGRESO_TRANSF,PRESTAMO,RETIRO_TARJETA,1191.09,42879.0
3227,3903,Praga - Adulto Mayor (>50),PENSION,RETIRO_TARJETA,INGRESO_TRANSF,,
3228,3904,Bohemia - Adulto Mayor (>50),PENSION,TRANSF_SALIENTE,RETIRO_TARJETA,,
3229,3906,Moravia - Adulto Mayor (>50),PENSION,INGRESO_TRANSF,SEGURO,,
3230,3907,Praga - Adulto (30-50),SERVICIOS_HOGAR,TRANSF_SALIENTE,RETIRO_TARJETA,,
3231,3908,Moravia - Adulto Mayor (>50),TRANSF_SALIENTE,INGRESO_TRANSF,PRESTAMO,1352.02,48673.0
3232,3910,Bohemia - Adulto Mayor (>50),TRANSF_SALIENTE,RETIRO_TARJETA,INGRESO_TRANSF,,
3233,3911,Bohemia - Adulto (30-50),TRANSF_SALIENTE,INGRESO_TRANSF,RETIRO_TARJETA,,
3234,3912,Praga - Adulto Mayor (>50),PENSION,TRANSF_SALIENTE,RETIRO_TARJETA,,
3235,3913,Bohemia - Adulto (30-50),TRANSF_SALIENTE,INGRESO_TRANSF,PRESTAMO,2320.78,83548.0
3236,3914,Bohemia - Adulto Mayor (>50),TRANSF_SALIENTE,RETIRO_TARJETA,INGRESO_TRANSF,,
3237,3915,Bohemia - Joven (<30),TRANSF_SALIENTE,RETIRO_TARJETA,INGRESO_TRANSF,,
3238,3916,Bohemia - Joven (<30),RETIRO_TARJETA,INGRESO_TRANSF,PRESTAMO,2209.65,79547.0
3239,3918,Bohemia - Joven (<30),TRANSF_SALIENTE,RETIRO_TARJETA,INGRESO_TRANSF,,
3240,3919,Bohemia - Adulto Mayor (>50),PENSION,RETIRO_TARJETA,INGRESO_TRANSF,,
3241,3920,Bohemia - Adulto Mayor (>50),TRANSF_SALIENTE,RETIRO_TARJETA,INGRESO_TRANSF,,
3242,3921,Bohemia - Adulto (30-50),TRANSF_SALIENTE,INGRESO_TRANSF,RETIRO_TARJETA,,
3243,3922,Praga - Adulto Mayor (>50),TRANSF_SALIENTE,RETIRO_TARJETA,INGRESO_TRANSF,,
3244,3924,Moravia - Joven (<30),RETIRO_TARJETA,PRESTAMO,SEGURO,1014.88,36536.0
3245,3925,Bohemia - Adulto Mayor (>50),TRANSF_SALIENTE,RETIRO_TARJETA,INGRESO_TRANSF,,
3246,3926,Moravia - Joven (<30),TRANSF_SALIENTE,INGRESO_TRANSF,RETIRO_TARJETA,,
3247,3927,Moravia - Adulto Mayor (>50),PENSION,INGRESO_TRANSF,PRESTAMO,1539.01,55404.0
3248,3928,Moravia - Adulto Mayor (>50),TRANSF_SALIENTE,INGRESO_TRANSF,PRESTAMO,1002.97,36107.0
3249,3929,Moravia - Adulto (30-50),TRANSF_SALIENTE,INGRESO_TRANSF,RETIRO_TARJETA,,
3250,3930,Praga - Adulto Mayor (>50),TRANSF_SALIENTE,RETIRO_TARJETA,INGRESO_TRANSF,,
3251,3932,Moravia - Adulto Mayor (>50),PENSION,TRANSF_SALIENTE,PRESTAMO,1363.36,49081.0
3252,3934,Bohemia - Adulto (30-50),RETIRO_TARJETA,PRESTAMO,LEASING,1143.23,41156.0
3253,3935,Moravia - Adulto Mayor (>50),SERVICIOS_HOGAR,PENSION,TRANSF_SALIENTE,,
3254,3936,Bohemia - Adulto (30-50),TRANSF_SALIENTE,INGRESO_TRANSF,RETIRO_TARJETA,,
3255,3938,Bohemia - Joven (<30),SERVICIOS_HOGAR,TRANSF_SALIENTE,RETIRO_TARJETA,,
3256,3939,Bohemia - Adulto (30-50),INGRESO_TRANSF,RETIRO_TARJETA,PRESTAMO,1226.2,44143.0
3258,3942,Moravia - Adulto (30-50),INGRESO_TRANSF,PRESTAMO,RETIRO_TARJETA,2945.53,106039.0
3259,3943,Praga - Adulto Mayor (>50),PENSION,PRESTAMO,SEGURO,2149.21,77372.0
3260,3944,Bohemia - Adulto Mayor (>50),PENSION,INGRESO_TRANSF,PRESTAMO,3759.3,135335.0
3261,3946,Praga - Joven (<30),RETIRO_TARJETA,INGRESO_TRANSF,PRESTAMO,1746.53,62875.0
3262,3947,Bohemia - Adulto (30-50),TRANSF_SALIENTE,INGRESO_TRANSF,PRESTAMO,2449.75,88191.0
3263,3948,Bohemia - Joven (<30),SERVICIOS_HOGAR,TRANSF_SALIENTE,RETIRO_TARJETA,,
3264,3950,Bohemia - Adulto Mayor (>50),TRANSF_SALIENTE,RETIRO_TARJETA,INGRESO_TRANSF,,
3265,3952,Bohemia - Adulto (30-50),TRANSF_SALIENTE,INGRESO_TRANSF,RETIRO_TARJETA,,
3266,3953,Bohemia - Adulto Mayor (>50),TRANSF_SALIENTE,RETIRO_TARJETA,INGRESO_TRANSF,,
3267,3954,Moravia - Adulto (30-50),TRANSF_SALIENTE,INGRESO_TRANSF,PRESTAMO,1847.35,66505.0
3268,3956,Bohemia - Joven (<30),RETIRO_TARJETA,PRESTAMO,LEASING,973.42,35043.0
3269,3958,Bohemia - Adulto Mayor (>50),SERVICIOS_HOGAR,PENSION,TRANSF_SALIENTE,,
3270,3959,Bohemia - Joven (<30),TRANSF_SALIENTE,INGRESO_TRANSF,PRESTAMO,2809.62,101146.0
3271,3960,Bohemia - Adulto (30-50),TRANSF_SALIENTE,RETIRO_TARJETA,PRESTAMO,983.03,35389.0
3272,3961,Moravia - Adulto Mayor (>50),PENSION,INGRESO_TRANSF,PRESTAMO,2294.39,82598.0
3273,3962,Moravia - Adulto (30-50),SERVICIOS_HOGAR,TRANSF_SALIENTE,RETIRO_TARJETA,,
3274,3963,Moravia - Joven (<30),TRANSF_SALIENTE,INGRESO_TRANSF,RETIRO_TARJETA,,
3275,3964,Moravia - Adulto Mayor (>50),PENSION,INGRESO_TRANSF,PRESTAMO,1327.66,47796.0
3276,3965,Praga - Adulto (30-50),RETIRO_TARJETA,INGRESO_TRANSF,PRESTAMO,1864.95,67138.0
3277,3967,Bohemia - Adulto (30-50),SERVICIOS_HOGAR,TRANSF_SALIENTE,INGRESO_TRANSF,,
3278,3969,Bohemia - Adulto (30-50),SERVICIOS_HOGAR,TRANSF_SALIENTE,INGRESO_TRANSF,,
3279,3970,Bohemia - Joven (<30),TRANSF_SALIENTE,INGRESO_TRANSF,PRESTAMO,2922.43,105208.0
3280,3971,Praga - Adulto (30-50),RETIRO_TARJETA,INGRESO_TRANSF,PRESTAMO,1379.42,49659.0
3281,3972,Praga - Adulto Mayor (>50),TRANSF_SALIENTE,RETIRO_TARJETA,INGRESO_TRANSF,,
3282,3973,Praga - Joven (<30),SERVICIOS_HOGAR,TRANSF_SALIENTE,RETIRO_TARJETA,,
3283,3974,Moravia - Adulto Mayor (>50),PENSION,TRANSF_SALIENTE,INGRESO_TRANSF,,
3284,3975,Praga - Adulto (30-50),TRANSF_SALIENTE,RETIRO_TARJETA,INGRESO_TRANSF,,
3285,3976,Bohemia - Adulto (30-50),TRANSF_SALIENTE,RETIRO_TARJETA,PRESTAMO,1125.66,40524.0
3286,3977,Bohemia - Joven (<30),TRANSF_SALIENTE,RETIRO_TARJETA,INGRESO_TRANSF,,
3287,3978,Bohemia - Joven (<30),TRANSF_SALIENTE,RETIRO_TARJETA,INGRESO_TRANSF,,
3288,3979,Moravia - Adulto Mayor (>50),TRANSF_SALIENTE,INGRESO_TRANSF,PRESTAMO,1209.06,43526.0
3289,3980,Praga - Adulto (30-50),RETIRO_TARJETA,INGRESO_TRANSF,PRESTAMO,2051.94,73870.0
3290,3981,Bohemia - Joven (<30),SERVICIOS_HOGAR,TRANSF_SALIENTE,PRESTAMO,4270.55,153740.0
3291,3982,Bohemia - Adulto Mayor (>50),TRANSF_SALIENTE,RETIRO_TARJETA,INGRESO_TRANSF,,
3292,3983,Praga - Adulto Mayor (>50),TRANSF_SALIENTE,RETIRO_TARJETA,INGRESO_TRANSF,,
3293,3984,Praga - Adulto (30-50),LEASING,PENSION,,,
3294,3985,Moravia - Joven (<30),TRANSF_SALIENTE,INGRESO_TRANSF,PRESTAMO,2532.65,91176.0
3296,3987,Moravia - Adulto (30-50),PRESTAMO,SEGURO,LEASING,3607.89,129884.0
3297,3988,Moravia - Joven (<30),SERVICIOS_HOGAR,TRANSF_SALIENTE,INGRESO_TRANSF,,
3298,3990,Bohemia - Joven (<30),SERVICIOS_HOGAR,TRANSF_SALIENTE,RETIRO_TARJETA,,
3299,3991,Bohemia - Adulto (30-50),SERVICIOS_HOGAR,TRANSF_SALIENTE,INGRESO_TRANSF,,
3300,3992,Moravia - Adulto Mayor (>50),PENSION,TRANSF_SALIENTE,PRESTAMO,3033.8,109217.0
3301,3993,Bohemia - Joven (<30),TRANSF_SALIENTE,RETIRO_TARJETA,INGRESO_TRANSF,,
3302,3994,Bohemia - Adulto (30-50),PRESTAMO,LEASING,PENSION,1911.96,68830.0
3303,3995,Praga - Adulto Mayor (>50),SERVICIOS_HOGAR,PENSION,TRANSF_SALIENTE,,
3304,3996,Bohemia - Adulto Mayor (>50),PENSION,TRANSF_SALIENTE,RETIRO_TARJETA,,
3305,3997,Bohemia - Adulto Mayor (>50),TRANSF_SALIENTE,RETIRO_TARJETA,INGRESO_TRANSF,,
3306,3998,Moravia - Adulto (30-50),INGRESO_TRANSF,PRESTAMO,RETIRO_TARJETA,1919.72,69110.0
3307,3999,Bohemia - Joven (<30),SERVICIOS_HOGAR,TRANSF_SALIENTE,RETIRO_TARJETA,,
3308,4000,Bohemia - Adulto (30-50),SERVICIOS_HOGAR,TRANSF_SALIENTE,INGRESO_TRANSF,,
3309,4001,Moravia - Adulto (30-50),INGRESO_TRANSF,PRESTAMO,RETIRO_TARJETA,1800.74,64827.0
3310,4002,Bohemia - Adulto Mayor (>50),TRANSF_SALIENTE,RETIRO_TARJETA,INGRESO_TRANSF,,
3311,4003,Bohemia - Adulto (30-50),INGRESO_TRANSF,RETIRO_TARJETA,PRESTAMO,3132.07,112754.0
3312,4004,Bohemia - Adulto (30-50),RETIRO_TARJETA,PRESTAMO,LEASING,1831.63,65939.0
3314,4006,Bohemia - Joven (<30),SERVICIOS_HOGAR,TRANSF_SALIENTE,RETIRO_TARJETA,,
3315,4007,Bohemia - Adulto Mayor (>50),SERVICIOS_HOGAR,PENSION,TRANSF_SALIENTE,,
3316,4009,Bohemia - Adulto (30-50),TRANSF_SALIENTE,INGRESO_TRANSF,RETIRO_TARJETA,,
3317,4010,Bohemia - Adulto Mayor (>50),PENSION,TRANSF_SALIENTE,RETIRO_TARJETA,,
3318,4011,Moravia - Adulto (30-50),PRESTAMO,RETIRO_TARJETA,LEASING,756.2,27223.0
3319,4012,Moravia - Adulto (30-50),PRESTAMO,RETIRO_TARJETA,SEGURO,2058.55,74108.0
3320,4013,Praga - Adulto (30-50),TRANSF_SALIENTE,RETIRO_TARJETA,PRESTAMO,1019.21,36692.0
3321,4014,Bohemia - Joven (<30),SERVICIOS_HOGAR,TRANSF_SALIENTE,RETIRO_TARJETA,,
3322,4015,Moravia - Joven (<30),TRANSF_SALIENTE,INGRESO_TRANSF,RETIRO_TARJETA,,
3323,4016,Bohemia - Joven (<30),TRANSF_SALIENTE,RETIRO_TARJETA,INGRESO_TRANSF,,
3324,4018,Bohemia - Joven (<30),INGRESO_TRANSF,PRESTAMO,SEGURO,2442.38,87926.0
3325,4019,Bohemia - Adulto Mayor (>50),SERVICIOS_HOGAR,PENSION,TRANSF_SALIENTE,,
3326,4020,Bohemia - Adulto (30-50),SERVICIOS_HOGAR,TRANSF_SALIENTE,INGRESO_TRANSF,,
3327,4021,Bohemia - Adulto Mayor (>50),PENSION,RETIRO_TARJETA,INGRESO_TRANSF,,
3328,4022,Praga - Adulto Mayor (>50),TRANSF_SALIENTE,RETIRO_TARJETA,INGRESO_TRANSF,,
3329,4024,Bohemia - Adulto (30-50),TRANSF_SALIENTE,INGRESO_TRANSF,RETIRO_TARJETA,,
3330,4026,Moravia - Adulto Mayor (>50),PENSION,TRANSF_SALIENTE,INGRESO_TRANSF,,
3331,4027,Bohemia - Adulto (30-50),INGRESO_TRANSF,RETIRO_TARJETA,PRESTAMO,1588.31,57179.0
3332,4029,Bohemia - Adulto (30-50),SERVICIOS_HOGAR,TRANSF_SALIENTE,INGRESO_TRANSF,,
3333,4030,Bohemia - Joven (<30),SERVICIOS_HOGAR,TRANSF_SALIENTE,RETIRO_TARJETA,,
3334,4031,Moravia - Joven (<30),SERVICIOS_HOGAR,TRANSF_SALIENTE,INGRESO_TRANSF,,
3335,4032,Bohemia - Adulto (30-50),TRANSF_SALIENTE,RETIRO_TARJETA,PRESTAMO,1252.81,45101.0
3336,4033,Bohemia - Adulto Mayor (>50),TRANSF_SALIENTE,RETIRO_TARJETA,INGRESO_TRANSF,,
3337,4034,Moravia - Adulto Mayor (>50),PENSION,TRANSF_SALIENTE,INGRESO_TRANSF,,
3338,4036,Bohemia - Joven (<30),TRANSF_SALIENTE,RETIRO_TARJETA,INGRESO_TRANSF,,
3339,4037,Praga - Adulto (30-50),TRANSF_SALIENTE,RETIRO_TARJETA,INGRESO_TRANSF,,
3342,4040,Moravia - Adulto (30-50),TRANSF_SALIENTE,INGRESO_TRANSF,PRESTAMO,2199.07,79166.0
3343,4042,Praga - Adulto Mayor (>50),PENSION,RETIRO_TARJETA,INGRESO_TRANSF,,
3344,4043,Moravia - Adulto (30-50),TRANSF_SALIENTE,INGRESO_TRANSF,PRESTAMO,3620.64,130343.0
3345,4044,Bohemia - Adulto Mayor (>50),TRANSF_SALIENTE,RETIRO_TARJETA,INGRESO_TRANSF,,
3346,4046,Praga - Adulto Mayor (>50),PENSION,RETIRO_TARJETA,INGRESO_TRANSF,,
3347,4048,Bohemia - Adulto Mayor (>50),TRANSF_SALIENTE,RETIRO_TARJETA,INGRESO_TRANSF,,
3348,4049,Bohemia - Adulto Mayor (>50),PENSION,TRANSF_SALIENTE,RETIRO_TARJETA,,
3349,4050,Bohemia - Adulto Mayor (>50),PENSION,TRANSF_SALIENTE,RETIRO_TARJETA,,
3350,4051,Moravia - Adulto (30-50),TRANSF_SALIENTE,INGRESO_TRANSF,PRESTAMO,1051.06,37838.0
3351,4053,Moravia - Adulto Mayor (>50),TRANSF_SALIENTE,INGRESO_TRANSF,PRESTAMO,1823.03,65629.0
3352,4054,Moravia - Adulto (30-50),INGRESO_TRANSF,PRESTAMO,RETIRO_TARJETA,1200.69,43225.0
3353,4055,Moravia - Adulto (30-50),INGRESO_TRANSF,RETIRO_TARJETA,LEASING,,
3354,4056,Moravia - Adulto (30-50),INGRESO_TRANSF,RETIRO_TARJETA,LEASING,,
3355,4057,Moravia - Adulto Mayor (>50),TRANSF_SALIENTE,INGRESO_TRANSF,PRESTAMO,2334.68,84049.0
3357,4059,Moravia - Adulto Mayor (>50),TRANSF_SALIENTE,INGRESO_TRANSF,PRESTAMO,1619.54,58303.0
3358,4060,Bohemia - Adulto (30-50),RETIRO_TARJETA,PRESTAMO,SEGURO,1112.02,40033.0
3359,4061,Bohemia - Joven (<30),TRANSF_SALIENTE,PRESTAMO,SEGURO,1751.23,63044.0
3360,4062,Moravia - Adulto (30-50),TRANSF_SALIENTE,INGRESO_TRANSF,PRESTAMO,2256.19,81223.0
3361,4063,Moravia - Adulto (30-50),TRANSF_SALIENTE,INGRESO_TRANSF,PRESTAMO,2468.57,88869.0
3362,4065,Moravia - Adulto Mayor (>50),PENSION,TRANSF_SALIENTE,INGRESO_TRANSF,,
3363,4066,Bohemia - Adulto Mayor (>50),TRANSF_SALIENTE,RETIRO_TARJETA,INGRESO_TRANSF,,
3364,4067,Bohemia - Adulto (30-50),INGRESO_TRANSF,RETIRO_TARJETA,PRESTAMO,3382.26,121761.0
3365,4068,Bohemia - Adulto Mayor (>50),TRANSF_SALIENTE,RETIRO_TARJETA,INGRESO_TRANSF,,
3366,4069,Moravia - Adulto (30-50),INGRESO_TRANSF,PRESTAMO,SEGURO,2337.41,84147.0
3367,4071,Bohemia - Adulto Mayor (>50),PENSION,RETIRO_TARJETA,INGRESO_TRANSF,,
3368,4073,Bohemia - Adulto (30-50),INGRESO_TRANSF,RETIRO_TARJETA,PRESTAMO,3196.24,115065.0
3369,4075,Bohemia - Adulto Mayor (>50),PENSION,RETIRO_TARJETA,INGRESO_TRANSF,,
3370,4076,Bohemia - Joven (<30),SERVICIOS_HOGAR,TRANSF_SALIENTE,RETIRO_TARJETA,,
3371,4077,Moravia - Adulto (30-50),TRANSF_SALIENTE,INGRESO_TRANSF,PRESTAMO,2572.52,92611.0
3372,4078,Bohemia - Adulto (30-50),TRANSF_SALIENTE,INGRESO_TRANSF,PRESTAMO,3275.7,117925.0
3373,4079,Bohemia - Adulto (30-50),INGRESO_TRANSF,RETIRO_TARJETA,PRESTAMO,1480.66,53304.0
3374,4080,Bohemia - Adulto Mayor (>50),PENSION,TRANSF_SALIENTE,RETIRO_TARJETA,,
3375,4081,Bohemia - Joven (<30),SERVICIOS_HOGAR,TRANSF_SALIENTE,INGRESO_TRANSF,,
3376,4082,Moravia - Adulto (30-50),TRANSF_SALIENTE,INGRESO_TRANSF,PRESTAMO,1912.17,68838.0
3377,4083,Moravia - Adulto (30-50),TRANSF_SALIENTE,INGRESO_TRANSF,PRESTAMO,2373.33,85440.0
3378,4084,Moravia - Adulto (30-50),TRANSF_SALIENTE,INGRESO_TRANSF,PRESTAMO,2042.65,73535.0
3379,4086,Moravia - Adulto Mayor (>50),SERVICIOS_HOGAR,PENSION,TRANSF_SALIENTE,,
3380,4087,Moravia - Adulto Mayor (>50),PENSION,TRANSF_SALIENTE,INGRESO_TRANSF,,
3381,4088,Moravia - Adulto Mayor (>50),PENSION,TRANSF_SALIENTE,INGRESO_TRANSF,,
3382,4090,Bohemia - Joven (<30),SERVICIOS_HOGAR,TRANSF_SALIENTE,RETIRO_TARJETA,,
3383,4091,Bohemia - Joven (<30),SERVICIOS_HOGAR,TRANSF_SALIENTE,INGRESO_TRANSF,,
3384,4092,Bohemia - Adulto Mayor (>50),TRANSF_SALIENTE,RETIRO_TARJETA,INGRESO_TRANSF,,
3385,4093,Praga - Adulto Mayor (>50),PENSION,TRANSF_SALIENTE,RETIRO_TARJETA,,
3386,4094,Bohemia - Joven (<30),SERVICIOS_HOGAR,TRANSF_SALIENTE,INGRESO_TRANSF,,
3387,4095,Bohemia - Joven (<30),SERVICIOS_HOGAR,TRANSF_SALIENTE,RETIRO_TARJETA,,
3389,4098,Bohemia - Adulto Mayor (>50),PENSION,TRANSF_SALIENTE,RETIRO_TARJETA,,
3390,4099,Bohemia - Adulto Mayor (>50),PENSION,RETIRO_TARJETA,LEASING,,
3391,4100,Moravia - Adulto (30-50),INGRESO_TRANSF,PRESTAMO,SEGURO,2578.85,92839.0
3392,4101,Praga - Joven (<30),TRANSF_SALIENTE,RETIRO_TARJETA,INGRESO_TRANSF,,
3393,4102,Bohemia - Joven (<30),TRANSF_SALIENTE,RETIRO_TARJETA,PRESTAMO,1050.63,37823.0
3394,4104,Bohemia - Adulto Mayor (>50),TRANSF_SALIENTE,RETIRO_TARJETA,INGRESO_TRANSF,,
3395,4105,Bohemia - Joven (<30),TRANSF_SALIENTE,RETIRO_TARJETA,INGRESO_TRANSF,,
3396,4106,Praga - Adulto Mayor (>50),SERVICIOS_HOGAR,PENSION,TRANSF_SALIENTE,,
3397,4107,Bohemia - Adulto (30-50),TRANSF_SALIENTE,INGRESO_TRANSF,RETIRO_TARJETA,,
3398,4108,Bohemia - Adulto Mayor (>50),TRANSF_SALIENTE,RETIRO_TARJETA,INGRESO_TRANSF,,
3399,4109,Moravia - Adulto (30-50),INGRESO_TRANSF,PRESTAMO,RETIRO_TARJETA,1840.51,66259.0
3401,4112,Bohemia - Joven (<30),TRANSF_SALIENTE,INGRESO_TRANSF,PRESTAMO,2571.18,92563.0
3402,4113,Moravia - Adulto Mayor (>50),PENSION,INGRESO_TRANSF,PRESTAMO,3831.8,137945.0
3403,4114,Moravia - Adulto (30-50),SERVICIOS_HOGAR,TRANSF_SALIENTE,INGRESO_TRANSF,,
3404,4115,Bohemia - Adulto Mayor (>50),SERVICIOS_HOGAR,PENSION,TRANSF_SALIENTE,,
3405,4116,Bohemia - Adulto Mayor (>50),PENSION,TRANSF_SALIENTE,INGRESO_TRANSF,,
3406,4117,Moravia - Adulto Mayor (>50),TRANSF_SALIENTE,INGRESO_TRANSF,PRESTAMO,1233.14,44393.0
3407,4118,Bohemia - Joven (<30),SERVICIOS_HOGAR,TRANSF_SALIENTE,RETIRO_TARJETA,,
3408,4119,Moravia - Adulto (30-50),SERVICIOS_HOGAR,TRANSF_SALIENTE,INGRESO_TRANSF,,
3409,4121,Bohemia - Adulto Mayor (>50),TRANSF_SALIENTE,RETIRO_TARJETA,INGRESO_TRANSF,,
3410,4122,Bohemia - Joven (<30),RETIRO_TARJETA,INGRESO_TRANSF,PRESTAMO,2138.74,76995.0
3411,4124,Bohemia - Adulto (30-50),TRANSF_SALIENTE,INGRESO_TRANSF,RETIRO_TARJETA,,
3412,4125,Bohemia - Adulto Mayor (>50),TRANSF_SALIENTE,RETIRO_TARJETA,INGRESO_TRANSF,,
3413,4126,Moravia - Joven (<30),INGRESO_TRANSF,RETIRO_TARJETA,PRESTAMO,3471.31,124967.0
3415,4129,Moravia - Adulto (30-50),TRANSF_SALIENTE,INGRESO_TRANSF,PRESTAMO,1743.02,62749.0
3417,4131,Bohemia - Joven (<30),SERVICIOS_HOGAR,TRANSF_SALIENTE,RETIRO_TARJETA,,
3418,4132,Bohemia - Adulto (30-50),SERVICIOS_HOGAR,TRANSF_SALIENTE,INGRESO_TRANSF,,
3419,4134,Praga - Adulto (30-50),RETIRO_TARJETA,INGRESO_TRANSF,PRESTAMO,1391.87,50107.0
3421,4136,Bohemia - Adulto (30-50),TRANSF_SALIENTE,INGRESO_TRANSF,RETIRO_TARJETA,,
3422,4137,Bohemia - Adulto (30-50),TRANSF_SALIENTE,INGRESO_TRANSF,PRESTAMO,2180.96,78515.0
3423,4138,Bohemia - Adulto (30-50),INGRESO_TRANSF,RETIRO_TARJETA,PRESTAMO,1230.76,44308.0
3424,4139,Moravia - Joven (<30),INGRESO_TRANSF,RETIRO_TARJETA,PRESTAMO,3506.22,126224.0
3425,4140,Moravia - Adulto (30-50),TRANSF_SALIENTE,PRESTAMO,RETIRO_TARJETA,2094.13,75389.0
3426,4141,Bohemia - Joven (<30),RETIRO_TARJETA,PRESTAMO,SEGURO,2565.09,92343.0
3427,4142,Bohemia - Adulto (30-50),TRANSF_SALIENTE,INGRESO_TRANSF,RETIRO_TARJETA,,
3428,4143,Bohemia - Adulto (30-50),SERVICIOS_HOGAR,TRANSF_SALIENTE,INGRESO_TRANSF,,
3429,4145,Moravia - Adulto Mayor (>50),TRANSF_SALIENTE,INGRESO_TRANSF,PRESTAMO,1849.42,66579.0
3430,4146,Bohemia - Adulto (30-50),TRANSF_SALIENTE,RETIRO_TARJETA,PRESTAMO,1500.95,54034.0
3431,4147,Moravia - Joven (<30),TRANSF_SALIENTE,INGRESO_TRANSF,RETIRO_TARJETA,,
3432,4149,Praga - Joven (<30),TRANSF_SALIENTE,RETIRO_TARJETA,INGRESO_TRANSF,,
3433,4151,Moravia - Adulto Mayor (>50),TRANSF_SALIENTE,INGRESO_TRANSF,PRESTAMO,1012.35,36445.0
3434,4153,Bohemia - Adulto (30-50),RETIRO_TARJETA,PRESTAMO,SEGURO,862.62,31054.0
3435,4155,Praga - Adulto Mayor (>50),TRANSF_SALIENTE,RETIRO_TARJETA,INGRESO_TRANSF,,
3436,4156,Bohemia - Adulto (30-50),TRANSF_SALIENTE,RETIRO_TARJETA,PRESTAMO,1384.73,49850.0
3437,4157,Praga - Joven (<30),INGRESO_TRANSF,PRESTAMO,SEGURO,3692.73,132938.0
3438,4158,Bohemia - Adulto Mayor (>50),TRANSF_SALIENTE,RETIRO_TARJETA,INGRESO_TRANSF,,
3439,4160,Bohemia - Joven (<30),TRANSF_SALIENTE,RETIRO_TARJETA,INGRESO_TRANSF,,
3440,4161,Bohemia - Joven (<30),RETIRO_TARJETA,INGRESO_TRANSF,PRESTAMO,2281.58,82137.0
3442,4163,Bohemia - Adulto (30-50),TRANSF_SALIENTE,RETIRO_TARJETA,PRESTAMO,968.26,34857.0
3443,4164,Bohemia - Adulto Mayor (>50),TRANSF_SALIENTE,RETIRO_TARJETA,INGRESO_TRANSF,,
3444,4165,Moravia - Adulto (30-50),SERVICIOS_HOGAR,TRANSF_SALIENTE,PRESTAMO,3171.9,114188.0
3445,4166,Praga - Adulto Mayor (>50),SERVICIOS_HOGAR,PENSION,TRANSF_SALIENTE,,
3446,4167,Bohemia - Adulto (30-50),TRANSF_SALIENTE,INGRESO_TRANSF,PRESTAMO,3677.27,132382.0
3448,4169,Moravia - Joven (<30),SERVICIOS_HOGAR,TRANSF_SALIENTE,INGRESO_TRANSF,,
3449,4171,Praga - Joven (<30),SERVICIOS_HOGAR,TRANSF_SALIENTE,INGRESO_TRANSF,,
3450,4172,Praga - Adulto Mayor (>50),SERVICIOS_HOGAR,PENSION,TRANSF_SALIENTE,,
3451,4173,Bohemia - Joven (<30),TRANSF_SALIENTE,RETIRO_TARJETA,INGRESO_TRANSF,,
3452,4174,Moravia - Adulto Mayor (>50),TRANSF_SALIENTE,INGRESO_TRANSF,PRESTAMO,1347.06,48494.0
3453,4175,Bohemia - Adulto (30-50),TRANSF_SALIENTE,INGRESO_TRANSF,RETIRO_TARJETA,,
3454,4176,Bohemia - Adulto Mayor (>50),TRANSF_SALIENTE,RETIRO_TARJETA,INGRESO_TRANSF,,
3455,4177,Bohemia - Adulto Mayor (>50),SERVICIOS_HOGAR,PENSION,TRANSF_SALIENTE,,
3456,4178,Bohemia - Adulto Mayor (>50),TRANSF_SALIENTE,RETIRO_TARJETA,INGRESO_TRANSF,,
3457,4179,Moravia - Adulto Mayor (>50),TRANSF_SALIENTE,INGRESO_TRANSF,PRESTAMO,1090.26,39249.0
3458,4180,Moravia - Adulto Mayor (>50),TRANSF_SALIENTE,INGRESO_TRANSF,PRESTAMO,1071.03,38557.0
3459,4181,Moravia - Adulto (30-50),SERVICIOS_HOGAR,TRANSF_SALIENTE,INGRESO_TRANSF,,
3460,4182,Bohemia - Adulto Mayor (>50),SERVICIOS_HOGAR,PENSION,TRANSF_SALIENTE,,
3461,4184,Bohemia - Joven (<30),SERVICIOS_HOGAR,TRANSF_SALIENTE,RETIRO_TARJETA,,
3462,4185,Bohemia - Adulto (30-50),INGRESO_TRANSF,RETIRO_TARJETA,PRESTAMO,1630.74,58707.0
3463,4186,Bohemia - Joven (<30),RETIRO_TARJETA,INGRESO_TRANSF,PRESTAMO,1659.51,59742.0
3464,4187,Bohemia - Adulto (30-50),INGRESO_TRANSF,RETIRO_TARJETA,PRESTAMO,1923.14,69233.0
3465,4188,Praga - Joven (<30),TRANSF_SALIENTE,INGRESO_TRANSF,PRESTAMO,2887.73,103958.0
3466,4189,Moravia - Adulto Mayor (>50),PENSION,INGRESO_TRANSF,PRESTAMO,3368.14,121253.0
3467,4190,Bohemia - Adulto Mayor (>50),PENSION,INGRESO_TRANSF,PRESTAMO,3305.24,118989.0
3468,4191,Bohemia - Adulto (30-50),INGRESO_TRANSF,RETIRO_TARJETA,PRESTAMO,2574.31,92675.0
3469,4192,Moravia - Adulto Mayor (>50),TRANSF_SALIENTE,INGRESO_TRANSF,PRESTAMO,1489.14,53609.0
3470,4193,Bohemia - Adulto Mayor (>50),TRANSF_SALIENTE,RETIRO_TARJETA,INGRESO_TRANSF,,
3471,4194,Moravia - Adulto Mayor (>50),PENSION,INGRESO_TRANSF,PRESTAMO,3436.09,123699.0
3472,4196,Moravia - Adulto (30-50),INGRESO_TRANSF,PRESTAMO,RETIRO_TARJETA,3243.57,116768.0
3474,4198,Bohemia - Adulto (30-50),RETIRO_TARJETA,PRESTAMO,LEASING,1116.59,40197.0
3476,4201,Bohemia - Joven (<30),INGRESO_TRANSF,PRESTAMO,SEGURO,2139.09,77007.0
3477,4203,Praga - Adulto (30-50),TRANSF_SALIENTE,RETIRO_TARJETA,PRESTAMO,903.84,32538.0
3478,4205,Bohemia - Adulto Mayor (>50),PENSION,TRANSF_SALIENTE,RETIRO_TARJETA,,
3479,4206,Bohemia - Adulto Mayor (>50),PENSION,RETIRO_TARJETA,INGRESO_TRANSF,,
3480,4207,Moravia - Adulto Mayor (>50),SERVICIOS_HOGAR,PENSION,TRANSF_SALIENTE,,
3482,4209,Moravia - Adulto Mayor (>50),TRANSF_SALIENTE,INGRESO_TRANSF,PRESTAMO,904.39,32558.0
3483,4210,Bohemia - Joven (<30),TRANSF_SALIENTE,RETIRO_TARJETA,PRESTAMO,1014.73,36530.0
3484,4211,Bohemia - Joven (<30),TRANSF_SALIENTE,INGRESO_TRANSF,PRESTAMO,1987.3,71543.0
3485,4212,Moravia - Adulto Mayor (>50),PENSION,INGRESO_TRANSF,PRESTAMO,2340.12,84244.0
3486,4213,Moravia - Adulto Mayor (>50),TRANSF_SALIENTE,INGRESO_TRANSF,PRESTAMO,1790.78,64468.0
3487,4215,Bohemia - Adulto (30-50),INGRESO_TRANSF,RETIRO_TARJETA,PRESTAMO,2733.09,98391.0
3489,4217,Bohemia - Adulto (30-50),TRANSF_SALIENTE,INGRESO_TRANSF,RETIRO_TARJETA,,
3490,4218,Bohemia - Adulto Mayor (>50),SERVICIOS_HOGAR,PENSION,TRANSF_SALIENTE,,
3491,4219,Bohemia - Adulto Mayor (>50),PENSION,RETIRO_TARJETA,INGRESO_TRANSF,,
3492,4220,Bohemia - Adulto (30-50),INGRESO_TRANSF,RETIRO_TARJETA,PRESTAMO,2432.81,87581.0
3493,4221,Moravia - Adulto Mayor (>50),PENSION,TRANSF_SALIENTE,PRESTAMO,1463.58,52689.0
3494,4222,Moravia - Adulto Mayor (>50),TRANSF_SALIENTE,INGRESO_TRANSF,PRESTAMO,1591.77,57304.0
3495,4223,Moravia - Joven (<30),TRANSF_SALIENTE,INGRESO_TRANSF,RETIRO_TARJETA,,
3496,4224,Bohemia - Joven (<30),SERVICIOS_HOGAR,TRANSF_SALIENTE,RETIRO_TARJETA,,
3497,4225,Moravia - Joven (<30),INGRESO_TRANSF,RETIRO_TARJETA,PRESTAMO,2611.8,94025.0
3498,4226,Bohemia - Adulto (30-50),INGRESO_TRANSF,RETIRO_TARJETA,PRESTAMO,1408.51,50706.0
3499,4227,Bohemia - Adulto (30-50),SERVICIOS_HOGAR,TRANSF_SALIENTE,RETIRO_TARJETA,,
3501,4229,Bohemia - Adulto (30-50),INGRESO_TRANSF,RETIRO_TARJETA,PRESTAMO,1891.58,68097.0
3502,4230,Moravia - Adulto (30-50),TRANSF_SALIENTE,INGRESO_TRANSF,PRESTAMO,2995.42,107835.0
3503,4231,Praga - Adulto (30-50),SERVICIOS_HOGAR,TRANSF_SALIENTE,INGRESO_TRANSF,,
3504,4232,Moravia - Joven (<30),TRANSF_SALIENTE,INGRESO_TRANSF,RETIRO_TARJETA,,
3505,4233,Bohemia - Adulto Mayor (>50),PENSION,TRANSF_SALIENTE,RETIRO_TARJETA,,
3506,4234,Moravia - Joven (<30),INGRESO_TRANSF,RETIRO_TARJETA,PRESTAMO,2127.36,76585.0
3507,4235,Bohemia - Joven (<30),INGRESO_TRANSF,PRESTAMO,SEGURO,4126.02,148537.0
3508,4236,Bohemia - Adulto (30-50),SERVICIOS_HOGAR,TRANSF_SALIENTE,INGRESO_TRANSF,,
3509,4237,Bohemia - Adulto Mayor (>50),TRANSF_SALIENTE,RETIRO_TARJETA,INGRESO_TRANSF,,
3510,4238,Bohemia - Joven (<30),SERVICIOS_HOGAR,TRANSF_SALIENTE,RETIRO_TARJETA,,
3511,4239,Moravia - Adulto Mayor (>50),TRANSF_SALIENTE,INGRESO_TRANSF,PRESTAMO,1208.41,43503.0
3512,4240,Bohemia - Adulto (30-50),SERVICIOS_HOGAR,TRANSF_SALIENTE,INGRESO_TRANSF,,
3513,4241,Bohemia - Adulto (30-50),INGRESO_TRANSF,RETIRO_TARJETA,PRESTAMO,2840.76,102267.0
3514,4243,Bohemia - Adulto (30-50),TRANSF_SALIENTE,RETIRO_TARJETA,PRESTAMO,1164.59,41925.0
3515,4244,Moravia - Adulto Mayor (>50),TRANSF_SALIENTE,INGRESO_TRANSF,PRESTAMO,987.52,35551.0
3516,4246,Bohemia - Joven (<30),SERVICIOS_HOGAR,TRANSF_SALIENTE,RETIRO_TARJETA,,
3517,4247,Bohemia - Joven (<30),SERVICIOS_HOGAR,TRANSF_SALIENTE,RETIRO_TARJETA,,
3518,4248,Bohemia - Joven (<30),TRANSF_SALIENTE,RETIRO_TARJETA,INGRESO_TRANSF,,
3519,4249,Bohemia - Joven (<30),SERVICIOS_HOGAR,TRANSF_SALIENTE,RETIRO_TARJETA,,
3520,4250,Moravia - Adulto (30-50),SERVICIOS_HOGAR,TRANSF_SALIENTE,PRESTAMO,1831.66,65940.0
3521,4251,Bohemia - Adulto (30-50),SERVICIOS_HOGAR,TRANSF_SALIENTE,INGRESO_TRANSF,,
3522,4253,Bohemia - Adulto Mayor (>50),TRANSF_SALIENTE,RETIRO_TARJETA,INGRESO_TRANSF,,
3523,4254,Moravia - Joven (<30),SERVICIOS_HOGAR,TRANSF_SALIENTE,INGRESO_TRANSF,,
3524,4255,Moravia - Adulto Mayor (>50),TRANSF_SALIENTE,INGRESO_TRANSF,PRESTAMO,840.64,30263.0
3525,4256,Moravia - Adulto (30-50),TRANSF_SALIENTE,INGRESO_TRANSF,PRESTAMO,1043.57,37568.0
3526,4257,Praga - Adulto (30-50),TRANSF_SALIENTE,RETIRO_TARJETA,INGRESO_TRANSF,,
3527,4258,Bohemia - Adulto (30-50),TRANSF_SALIENTE,INGRESO_TRANSF,PRESTAMO,2691.96,96910.0
3528,4259,Bohemia - Adulto (30-50),TRANSF_SALIENTE,INGRESO_TRANSF,RETIRO_TARJETA,,
3529,4260,Bohemia - Adulto (30-50),SERVICIOS_HOGAR,TRANSF_SALIENTE,INGRESO_TRANSF,,
3530,4261,Bohemia - Adulto Mayor (>50),TRANSF_SALIENTE,RETIRO_TARJETA,INGRESO_TRANSF,,
3531,4262,Moravia - Adulto Mayor (>50),TRANSF_SALIENTE,INGRESO_TRANSF,PRESTAMO,1354.13,48749.0
3532,4263,Moravia - Joven (<30),SERVICIOS_HOGAR,TRANSF_SALIENTE,INGRESO_TRANSF,,
3533,4264,Moravia - Joven (<30),TRANSF_SALIENTE,RETIRO_TARJETA,PRESTAMO,1688.44,60784.0
3534,4265,Moravia - Joven (<30),INGRESO_TRANSF,PRESTAMO,SEGURO,2351.97,84671.0
3535,4266,Praga - Joven (<30),TRANSF_SALIENTE,RETIRO_TARJETA,PRESTAMO,1068.96,38483.0
3536,4267,Bohemia - Adulto Mayor (>50),TRANSF_SALIENTE,RETIRO_TARJETA,INGRESO_TRANSF,,
3537,4269,Bohemia - Adulto (30-50),INGRESO_TRANSF,RETIRO_TARJETA,PRESTAMO,1035.69,37285.0
3538,4270,Moravia - Joven (<30),SERVICIOS_HOGAR,TRANSF_SALIENTE,INGRESO_TRANSF,,
3539,4272,Bohemia - Joven (<30),SERVICIOS_HOGAR,TRANSF_SALIENTE,RETIRO_TARJETA,,
3540,4273,Bohemia - Joven (<30),TRANSF_SALIENTE,RETIRO_TARJETA,PRESTAMO,1890.66,68064.0
3541,4274,Moravia - Adulto Mayor (>50),TRANSF_SALIENTE,INGRESO_TRANSF,PRESTAMO,1316.99,47412.0
3542,4275,Bohemia - Adulto (30-50),TRANSF_SALIENTE,RETIRO_TARJETA,PRESTAMO,1255.55,45200.0
3543,4276,Moravia - Joven (<30),TRANSF_SALIENTE,RETIRO_TARJETA,PRESTAMO,901.87,32467.0
3544,4278,Bohemia - Adulto (30-50),TRANSF_SALIENTE,RETIRO_TARJETA,PRESTAMO,1500.89,54032.0
3545,4279,Bohemia - Adulto (30-50),TRANSF_SALIENTE,INGRESO_TRANSF,RETIRO_TARJETA,,
3546,4280,Moravia - Adulto Mayor (>50),PENSION,INGRESO_TRANSF,PRESTAMO,3742.71,134738.0
3547,4281,Moravia - Adulto Mayor (>50),TRANSF_SALIENTE,INGRESO_TRANSF,PRESTAMO,1067.89,38444.0
3548,4282,Bohemia - Adulto Mayor (>50),TRANSF_SALIENTE,RETIRO_TARJETA,INGRESO_TRANSF,,
3549,4283,Bohemia - Adulto Mayor (>50),TRANSF_SALIENTE,RETIRO_TARJETA,INGRESO_TRANSF,,
3550,4284,Moravia - Adulto Mayor (>50),PENSION,INGRESO_TRANSF,PRESTAMO,1748.8,62957.0
3551,4286,Bohemia - Adulto (30-50),RETIRO_TARJETA,PRESTAMO,LEASING,1552.3,55883.0
3552,4287,Moravia - Adulto (30-50),INGRESO_TRANSF,PRESTAMO,RETIRO_TARJETA,3225.1,116104.0
3553,4288,Moravia - Adulto Mayor (>50),SERVICIOS_HOGAR,PENSION,TRANSF_SALIENTE,,
3554,4289,Moravia - Joven (<30),SERVICIOS_HOGAR,TRANSF_SALIENTE,INGRESO_TRANSF,,
3555,4290,Bohemia - Adulto Mayor (>50),PENSION,TRANSF_SALIENTE,RETIRO_TARJETA,,
3556,4291,Moravia - Adulto (30-50),RETIRO_TARJETA,SEGURO,LEASING,,
3557,4292,Moravia - Adulto (30-50),TRANSF_SALIENTE,PRESTAMO,RETIRO_TARJETA,1066.02,38377.0
3558,4293,Bohemia - Adulto (30-50),PRESTAMO,LEASING,PENSION,3537.5,127350.0
3559,4295,Bohemia - Adulto (30-50),TRANSF_SALIENTE,INGRESO_TRANSF,PRESTAMO,2352.39,84686.0
3560,4296,Moravia - Adulto Mayor (>50),TRANSF_SALIENTE,INGRESO_TRANSF,PRESTAMO,962.09,34635.0
3561,4298,Bohemia - Adulto Mayor (>50),TRANSF_SALIENTE,RETIRO_TARJETA,INGRESO_TRANSF,,
3562,4299,Bohemia - Joven (<30),SERVICIOS_HOGAR,TRANSF_SALIENTE,RETIRO_TARJETA,,
3563,4300,Praga - Joven (<30),SERVICIOS_HOGAR,TRANSF_SALIENTE,RETIRO_TARJETA,,
3564,4301,Bohemia - Adulto (30-50),SERVICIOS_HOGAR,TRANSF_SALIENTE,INGRESO_TRANSF,,
3565,4302,Bohemia - Adulto Mayor (>50),PENSION,RETIRO_TARJETA,PRESTAMO,1517.85,54642.0
3566,4303,Bohemia - Joven (<30),RETIRO_TARJETA,INGRESO_TRANSF,PRESTAMO,1210.76,43587.0
3567,4304,Bohemia - Adulto Mayor (>50),PENSION,RETIRO_TARJETA,INGRESO_TRANSF,,
3568,4305,Bohemia - Adulto Mayor (>50),TRANSF_SALIENTE,RETIRO_TARJETA,INGRESO_TRANSF,,
3569,4307,Praga - Joven (<30),SERVICIOS_HOGAR,TRANSF_SALIENTE,RETIRO_TARJETA,,
3570,4308,Bohemia - Joven (<30),TRANSF_SALIENTE,RETIRO_TARJETA,INGRESO_TRANSF,,
3571,4309,Bohemia - Joven (<30),RETIRO_TARJETA,INGRESO_TRANSF,PRESTAMO,1578.73,56834.0
3572,4310,Moravia - Adulto Mayor (>50),TRANSF_SALIENTE,INGRESO_TRANSF,PRESTAMO,1457.09,52455.0
3573,4311,Moravia - Joven (<30),SERVICIOS_HOGAR,TRANSF_SALIENTE,INGRESO_TRANSF,,
3574,4312,Moravia - Joven (<30),TRANSF_SALIENTE,RETIRO_TARJETA,PRESTAMO,1134.6,40846.0
3575,4313,Moravia - Adulto (30-50),TRANSF_SALIENTE,INGRESO_TRANSF,PRESTAMO,1926.54,69355.0
3576,4314,Moravia - Adulto Mayor (>50),TRANSF_SALIENTE,INGRESO_TRANSF,PRESTAMO,1336.39,48110.0
3577,4315,Moravia - Adulto (30-50),TRANSF_SALIENTE,INGRESO_TRANSF,PRESTAMO,2099.25,75573.0
3578,4316,Praga - Adulto Mayor (>50),PENSION,TRANSF_SALIENTE,INGRESO_TRANSF,,
3579,4317,Moravia - Joven (<30),TRANSF_SALIENTE,INGRESO_TRANSF,RETIRO_TARJETA,,
3580,4318,Bohemia - Adulto Mayor (>50),PENSION,INGRESO_TRANSF,PRESTAMO,2620.41,94335.0
3581,4320,Moravia - Adulto (30-50),INGRESO_TRANSF,PRESTAMO,RETIRO_TARJETA,987.8,35561.0
3582,4321,Bohemia - Joven (<30),TRANSF_SALIENTE,RETIRO_TARJETA,PRESTAMO,1104.46,39761.0
3583,4323,Bohemia - Adulto Mayor (>50),TRANSF_SALIENTE,RETIRO_TARJETA,INGRESO_TRANSF,,
3584,4325,Moravia - Adulto Mayor (>50),PENSION,PRESTAMO,RETIRO_TARJETA,2567.11,92416.0
3585,4326,Praga - Adulto Mayor (>50),TRANSF_SALIENTE,RETIRO_TARJETA,INGRESO_TRANSF,,
3586,4328,Moravia - Joven (<30),SERVICIOS_HOGAR,TRANSF_SALIENTE,INGRESO_TRANSF,,
3587,4329,Moravia - Adulto Mayor (>50),PENSION,PRESTAMO,RETIRO_TARJETA,927.44,33388.0
3588,4330,Bohemia - Adulto Mayor (>50),TRANSF_SALIENTE,RETIRO_TARJETA,INGRESO_TRANSF,,
3589,4331,Bohemia - Adulto (30-50),TRANSF_SALIENTE,INGRESO_TRANSF,RETIRO_TARJETA,,
3590,4332,Moravia - Adulto Mayor (>50),PENSION,TRANSF_SALIENTE,INGRESO_TRANSF,,
3591,4333,Praga - Adulto (30-50),TRANSF_SALIENTE,INGRESO_TRANSF,PRESTAMO,2550.8,91829.0
3592,4335,Moravia - Adulto Mayor (>50),TRANSF_SALIENTE,INGRESO_TRANSF,PRESTAMO,1303.21,46916.0
3593,4336,Bohemia - Joven (<30),RETIRO_TARJETA,INGRESO_TRANSF,PRESTAMO,1929.0,69444.0
3594,4337,Bohemia - Adulto (30-50),TRANSF_SALIENTE,INGRESO_TRANSF,RETIRO_TARJETA,,
3595,4338,Bohemia - Adulto Mayor (>50),PENSION,TRANSF_SALIENTE,RETIRO_TARJETA,,
3596,4339,Moravia - Joven (<30),SERVICIOS_HOGAR,TRANSF_SALIENTE,INGRESO_TRANSF,,
3597,4340,Praga - Adulto (30-50),TRANSF_SALIENTE,INGRESO_TRANSF,PRESTAMO,3500.1,126004.0
3598,4341,Moravia - Adulto (30-50),TRANSF_SALIENTE,INGRESO_TRANSF,PRESTAMO,2010.24,72369.0
3599,4342,Moravia - Adulto Mayor (>50),TRANSF_SALIENTE,INGRESO_TRANSF,PRESTAMO,1361.02,48997.0
3600,4343,Bohemia - Adulto Mayor (>50),TRANSF_SALIENTE,INGRESO_TRANSF,PRESTAMO,2210.5,79578.0
3601,4344,Moravia - Adulto Mayor (>50),TRANSF_SALIENTE,INGRESO_TRANSF,PRESTAMO,2041.03,73477.0
3602,4345,Bohemia - Joven (<30),SERVICIOS_HOGAR,TRANSF_SALIENTE,INGRESO_TRANSF,,
3603,4346,Bohemia - Joven (<30),TRANSF_SALIENTE,RETIRO_TARJETA,INGRESO_TRANSF,,
3604,4347,Moravia - Adulto Mayor (>50),TRANSF_SALIENTE,INGRESO_TRANSF,PRESTAMO,1581.85,56947.0
3605,4348,Bohemia - Joven (<30),RETIRO_TARJETA,INGRESO_TRANSF,PRESTAMO,1466.5,52794.0
3606,4349,Praga - Adulto (30-50),SERVICIOS_HOGAR,TRANSF_SALIENTE,INGRESO_TRANSF,,
3608,4352,Moravia - Joven (<30),TRANSF_SALIENTE,INGRESO_TRANSF,RETIRO_TARJETA,,
3609,4353,Bohemia - Joven (<30),INGRESO_TRANSF,PRESTAMO,SEGURO,3089.73,111230.0
3610,4355,Praga - Adulto Mayor (>50),TRANSF_SALIENTE,RETIRO_TARJETA,INGRESO_TRANSF,,
3612,4358,Moravia - Adulto Mayor (>50),PENSION,INGRESO_TRANSF,PRESTAMO,2625.07,94503.0
3613,4359,Moravia - Adulto (30-50),INGRESO_TRANSF,PRESTAMO,RETIRO_TARJETA,1372.26,49401.0
3614,4360,Bohemia - Adulto (30-50),INGRESO_TRANSF,RETIRO_TARJETA,PRESTAMO,3391.72,122102.0
3615,4361,Bohemia - Adulto (30-50),TRANSF_SALIENTE,INGRESO_TRANSF,RETIRO_TARJETA,,
3616,4362,Bohemia - Adulto Mayor (>50),SERVICIOS_HOGAR,PENSION,TRANSF_SALIENTE,,
3617,4364,Bohemia - Joven (<30),RETIRO_TARJETA,INGRESO_TRANSF,PRESTAMO,3816.64,137399.0
3618,4365,Bohemia - Adulto (30-50),INGRESO_TRANSF,RETIRO_TARJETA,PRESTAMO,2842.21,102320.0
3620,4367,Bohemia - Joven (<30),SERVICIOS_HOGAR,TRANSF_SALIENTE,RETIRO_TARJETA,,
3621,4368,Bohemia - Joven (<30),TRANSF_SALIENTE,RETIRO_TARJETA,INGRESO_TRANSF,,
3622,4369,Moravia - Adulto (30-50),INGRESO_TRANSF,PRESTAMO,RETIRO_TARJETA,2107.77,75880.0
3623,4370,Moravia - Adulto Mayor (>50),PENSION,PRESTAMO,RETIRO_TARJETA,1324.63,47687.0
3624,4371,Bohemia - Adulto (30-50),TRANSF_SALIENTE,INGRESO_TRANSF,RETIRO_TARJETA,,
3625,4372,Bohemia - Adulto Mayor (>50),TRANSF_SALIENTE,RETIRO_TARJETA,INGRESO_TRANSF,,
3626,4373,Bohemia - Adulto (30-50),INGRESO_TRANSF,RETIRO_TARJETA,PRESTAMO,1934.89,69656.0
3628,4376,Moravia - Adulto (30-50),INGRESO_TRANSF,PRESTAMO,LEASING,3125.66,112524.0
3629,4377,Bohemia - Joven (<30),RETIRO_TARJETA,LEASING,PENSION,,
3631,4380,Praga - Adulto Mayor (>50),TRANSF_SALIENTE,INGRESO_TRANSF,PRESTAMO,2225.83,80130.0
3632,4381,Moravia - Adulto (30-50),SERVICIOS_HOGAR,TRANSF_SALIENTE,INGRESO_TRANSF,,
3633,4382,Bohemia - Joven (<30),INGRESO_TRANSF,PRESTAMO,SEGURO,1971.03,70957.0
3634,4383,Bohemia - Adulto (30-50),SERVICIOS_HOGAR,TRANSF_SALIENTE,RETIRO_TARJETA,,
3635,4384,Bohemia - Joven (<30),RETIRO_TARJETA,PRESTAMO,SEGURO,1086.74,39123.0
3636,4385,Bohemia - Joven (<30),RETIRO_TARJETA,INGRESO_TRANSF,PRESTAMO,2534.21,91232.0
3637,4386,Moravia - Adulto Mayor (>50),PENSION,INGRESO_TRANSF,RETIRO_TARJETA,,
3638,4387,Bohemia - Adulto Mayor (>50),PENSION,TRANSF_SALIENTE,RETIRO_TARJETA,,
3639,4388,Bohemia - Adulto Mayor (>50),TRANSF_SALIENTE,RETIRO_TARJETA,INGRESO_TRANSF,,
3640,4389,Bohemia - Adulto Mayor (>50),TRANSF_SALIENTE,RETIRO_TARJETA,INGRESO_TRANSF,,
3641,4390,Bohemia - Joven (<30),TRANSF_SALIENTE,RETIRO_TARJETA,PRESTAMO,1157.66,41676.0
3643,4393,Praga - Adulto Mayor (>50),SERVICIOS_HOGAR,PENSION,TRANSF_SALIENTE,,
3644,4394,Moravia - Joven (<30),TRANSF_SALIENTE,RETIRO_TARJETA,PRESTAMO,1061.16,38202.0
3645,4395,Bohemia - Adulto (30-50),INGRESO_TRANSF,RETIRO_TARJETA,PRESTAMO,1758.0,63288.0
3646,4396,Moravia - Joven (<30),INGRESO_TRANSF,RETIRO_TARJETA,PRESTAMO,3944.77,142012.0
3647,4398,Moravia - Adulto (30-50),TRANSF_SALIENTE,INGRESO_TRANSF,PRESTAMO,2200.4,79214.0
3648,4399,Moravia - Adulto (30-50),PRESTAMO,RETIRO_TARJETA,LEASING,1572.66,56616.0
3649,4400,Moravia - Adulto (30-50),INGRESO_TRANSF,PRESTAMO,RETIRO_TARJETA,2395.78,86248.0
3650,4401,Bohemia - Adulto (30-50),TRANSF_SALIENTE,INGRESO_TRANSF,RETIRO_TARJETA,,
3651,4402,Bohemia - Adulto Mayor (>50),TRANSF_SALIENTE,RETIRO_TARJETA,INGRESO_TRANSF,,
3652,4403,Bohemia - Adulto Mayor (>50),TRANSF_SALIENTE,RETIRO_TARJETA,INGRESO_TRANSF,,
3653,4404,Bohemia - Adulto (30-50),INGRESO_TRANSF,RETIRO_TARJETA,PRESTAMO,2639.64,95027.0
3654,4405,Bohemia - Adulto (30-50),TRANSF_SALIENTE,INGRESO_TRANSF,PRESTAMO,3886.38,139910.0
3655,4406,Praga - Adulto (30-50),RETIRO_TARJETA,INGRESO_TRANSF,PRESTAMO,1696.78,61084.0
3656,4407,Moravia - Joven (<30),SERVICIOS_HOGAR,TRANSF_SALIENTE,INGRESO_TRANSF,,
3657,4408,Moravia - Adulto Mayor (>50),TRANSF_SALIENTE,INGRESO_TRANSF,PRESTAMO,1573.0,56628.0
3658,4410,Bohemia - Joven (<30),SERVICIOS_HOGAR,TRANSF_SALIENTE,RETIRO_TARJETA,,
3659,4411,Moravia - Adulto (30-50),INGRESO_TRANSF,PRESTAMO,RETIRO_TARJETA,2547.33,91704.0
3660,4413,Moravia - Joven (<30),SERVICIOS_HOGAR,TRANSF_SALIENTE,INGRESO_TRANSF,,
3661,4414,Bohemia - Adulto Mayor (>50),TRANSF_SALIENTE,RETIRO_TARJETA,INGRESO_TRANSF,,
3662,4415,Bohemia - Joven (<30),SERVICIOS_HOGAR,TRANSF_SALIENTE,RETIRO_TARJETA,,
3663,4416,Moravia - Joven (<30),TRANSF_SALIENTE,INGRESO_TRANSF,PRESTAMO,3312.67,119256.0
3664,4417,Praga - Joven (<30),SERVICIOS_HOGAR,TRANSF_SALIENTE,INGRESO_TRANSF,,
3665,4418,Bohemia - Joven (<30),RETIRO_TARJETA,INGRESO_TRANSF,PRESTAMO,2444.44,88000.0
3667,4420,Moravia - Adulto (30-50),TRANSF_SALIENTE,INGRESO_TRANSF,PRESTAMO,1147.97,41327.0
3668,4421,Praga - Adulto Mayor (>50),SERVICIOS_HOGAR,PENSION,TRANSF_SALIENTE,,
3669,4422,Moravia - Adulto Mayor (>50),PENSION,INGRESO_TRANSF,PRESTAMO,1175.56,42320.0
3670,4423,Bohemia - Adulto Mayor (>50),TRANSF_SALIENTE,RETIRO_TARJETA,INGRESO_TRANSF,,
3671,4424,Bohemia - Adulto Mayor (>50),TRANSF_SALIENTE,RETIRO_TARJETA,INGRESO_TRANSF,,
3672,4426,Bohemia - Joven (<30),INGRESO_TRANSF,PRESTAMO,SEGURO,3585.7,129085.0
3673,4427,Bohemia - Adulto Mayor (>50),PENSION,TRANSF_SALIENTE,RETIRO_TARJETA,,
3674,4428,Bohemia - Adulto (30-50),TRANSF_SALIENTE,INGRESO_TRANSF,RETIRO_TARJETA,,
3675,4429,Moravia - Adulto Mayor (>50),PENSION,TRANSF_SALIENTE,PRESTAMO,3176.63,114359.0
3676,4431,Moravia - Adulto Mayor (>50),TRANSF_SALIENTE,INGRESO_TRANSF,PRESTAMO,902.8,32501.0
3677,4432,Praga - Adulto (30-50),TRANSF_SALIENTE,RETIRO_TARJETA,PRESTAMO,803.93,28941.0
3678,4433,Praga - Adulto (30-50),TRANSF_SALIENTE,RETIRO_TARJETA,INGRESO_TRANSF,,
3679,4434,Moravia - Adulto (30-50),INGRESO_TRANSF,RETIRO_TARJETA,SEGURO,,
3680,4436,Bohemia - Adulto Mayor (>50),TRANSF_SALIENTE,RETIRO_TARJETA,INGRESO_TRANSF,,
3681,4437,Moravia - Adulto (30-50),TRANSF_SALIENTE,INGRESO_TRANSF,PRESTAMO,2463.07,88670.0
3682,4439,Moravia - Joven (<30),TRANSF_SALIENTE,INGRESO_TRANSF,RETIRO_TARJETA,,
3683,4440,Bohemia - Adulto Mayor (>50),PENSION,TRANSF_SALIENTE,RETIRO_TARJETA,,
3684,4442,Bohemia - Adulto Mayor (>50),TRANSF_SALIENTE,RETIRO_TARJETA,INGRESO_TRANSF,,
3686,4444,Moravia - Joven (<30),TRANSF_SALIENTE,RETIRO_TARJETA,PRESTAMO,844.24,30393.0
3687,4446,Moravia - Adulto (30-50),TRANSF_SALIENTE,INGRESO_TRANSF,PRESTAMO,2632.75,94779.0
3688,4448,Moravia - Adulto Mayor (>50),SERVICIOS_HOGAR,PENSION,TRANSF_SALIENTE,,
3689,4449,Bohemia - Adulto (30-50),SERVICIOS_HOGAR,TRANSF_SALIENTE,INGRESO_TRANSF,,
3690,4450,Moravia - Adulto (30-50),TRANSF_SALIENTE,INGRESO_TRANSF,PRESTAMO,3608.18,129895.0
3691,4451,Bohemia - Adulto Mayor (>50),TRANSF_SALIENTE,RETIRO_TARJETA,INGRESO_TRANSF,,
3692,4452,Moravia - Adulto Mayor (>50),TRANSF_SALIENTE,INGRESO_TRANSF,PRESTAMO,1272.97,45827.0
3693,4453,Moravia - Joven (<30),TRANSF_SALIENTE,INGRESO_TRANSF,RETIRO_TARJETA,,
3694,4455,Moravia - Joven (<30),TRANSF_SALIENTE,INGRESO_TRANSF,RETIRO_TARJETA,,
3695,4456,Bohemia - Adulto Mayor (>50),PENSION,TRANSF_SALIENTE,RETIRO_TARJETA,,
3696,4457,Praga - Adulto Mayor (>50),PENSION,TRANSF_SALIENTE,INGRESO_TRANSF,,
3697,4458,Bohemia - Adulto (30-50),INGRESO_TRANSF,RETIRO_TARJETA,PRESTAMO,1827.1,65776.0
3698,4459,Praga - Adulto (30-50),SERVICIOS_HOGAR,TRANSF_SALIENTE,RETIRO_TARJETA,,
3699,4461,Moravia - Adulto (30-50),TRANSF_SALIENTE,INGRESO_TRANSF,PRESTAMO,2110.93,75994.0
3700,4462,Praga - Joven (<30),TRANSF_SALIENTE,RETIRO_TARJETA,INGRESO_TRANSF,,
3701,4463,Moravia - Adulto Mayor (>50),TRANSF_SALIENTE,INGRESO_TRANSF,PRESTAMO,1938.73,69794.0
3702,4464,Moravia - Adulto (30-50),TRANSF_SALIENTE,INGRESO_TRANSF,PRESTAMO,2667.56,96032.0
3703,4465,Moravia - Adulto Mayor (>50),PENSION,PRESTAMO,RETIRO_TARJETA,779.78,28072.0
3704,4466,Moravia - Adulto Mayor (>50),TRANSF_SALIENTE,INGRESO_TRANSF,PRESTAMO,1567.68,56437.0
3705,4467,Bohemia - Adulto Mayor (>50),SERVICIOS_HOGAR,PENSION,TRANSF_SALIENTE,,
3706,4469,Bohemia - Joven (<30),TRANSF_SALIENTE,RETIRO_TARJETA,INGRESO_TRANSF,,
3708,4471,Moravia - Joven (<30),SERVICIOS_HOGAR,TRANSF_SALIENTE,INGRESO_TRANSF,,
3709,4472,Moravia - Adulto (30-50),INGRESO_TRANSF,PRESTAMO,LEASING,2484.47,89441.0
3710,4473,Praga - Adulto Mayor (>50),PENSION,TRANSF_SALIENTE,INGRESO_TRANSF,,
3711,4474,Bohemia - Adulto (30-50),TRANSF_SALIENTE,INGRESO_TRANSF,RETIRO_TARJETA,,
3712,4476,Bohemia - Adulto Mayor (>50),TRANSF_SALIENTE,RETIRO_TARJETA,INGRESO_TRANSF,,
3713,4477,Moravia - Adulto (30-50),SERVICIOS_HOGAR,TRANSF_SALIENTE,INGRESO_TRANSF,,
3714,4479,Bohemia - Adulto (30-50),INGRESO_TRANSF,PRESTAMO,LEASING,3178.05,114410.0
3715,4480,Moravia - Adulto (30-50),SERVICIOS_HOGAR,TRANSF_SALIENTE,INGRESO_TRANSF,,
3716,4481,Praga - Joven (<30),SERVICIOS_HOGAR,TRANSF_SALIENTE,RETIRO_TARJETA,,
3717,4482,Moravia - Joven (<30),TRANSF_SALIENTE,RETIRO_TARJETA,PRESTAMO,1265.59,45561.0
3718,4483,Moravia - Adulto (30-50),TRANSF_SALIENTE,PRESTAMO,RETIRO_TARJETA,1569.46,56501.0
3719,4484,Bohemia - Adulto (30-50),TRANSF_SALIENTE,INGRESO_TRANSF,RETIRO_TARJETA,,
3720,4485,Bohemia - Adulto Mayor (>50),TRANSF_SALIENTE,RETIRO_TARJETA,INGRESO_TRANSF,,
3721,4487,Bohemia - Joven (<30),RETIRO_TARJETA,PRESTAMO,SEGURO,1118.02,40249.0
3722,4489,Moravia - Adulto Mayor (>50),PENSION,TRANSF_SALIENTE,INGRESO_TRANSF,,
3723,4491,Bohemia - Joven (<30),SERVICIOS_HOGAR,TRANSF_SALIENTE,RETIRO_TARJETA,,
3724,4492,Bohemia - Adulto (30-50),SERVICIOS_HOGAR,TRANSF_SALIENTE,INGRESO_TRANSF,,
3725,4493,Bohemia - Adulto Mayor (>50),PENSION,TRANSF_SALIENTE,RETIRO_TARJETA,,
3726,4494,Moravia - Adulto (30-50),INGRESO_TRANSF,PRESTAMO,RETIRO_TARJETA,2430.16,87486.0
3727,4495,Moravia - Joven (<30),INGRESO_TRANSF,PRESTAMO,LEASING,2916.4,104991.0
3728,4496,Bohemia - Joven (<30),SERVICIOS_HOGAR,TRANSF_SALIENTE,RETIRO_TARJETA,,
3729,4498,Bohemia - Adulto Mayor (>50),TRANSF_SALIENTE,RETIRO_TARJETA,INGRESO_TRANSF,,
3730,4500,Bohemia - Adulto Mayor (>50),TRANSF_SALIENTE,RETIRO_TARJETA,INGRESO_TRANSF,,
3731,4501,Moravia - Adulto Mayor (>50),PENSION,TRANSF_SALIENTE,PRESTAMO,1075.76,38727.0
3732,4502,Bohemia - Adulto Mayor (>50),TRANSF_SALIENTE,RETIRO_TARJETA,INGRESO_TRANSF,,
3733,4504,Bohemia - Adulto (30-50),TRANSF_SALIENTE,INGRESO_TRANSF,PRESTAMO,3403.77,122536.0
3734,4506,Bohemia - Adulto (30-50),SERVICIOS_HOGAR,TRANSF_SALIENTE,INGRESO_TRANSF,,
3735,4507,Praga - Joven (<30),INGRESO_TRANSF,PRESTAMO,SEGURO,3173.74,114255.0
3736,4508,Moravia - Adulto Mayor (>50),TRANSF_SALIENTE,INGRESO_TRANSF,PRESTAMO,1765.9,63572.0
3737,4510,Bohemia - Adulto Mayor (>50),TRANSF_SALIENTE,RETIRO_TARJETA,INGRESO_TRANSF,,
3738,4511,Bohemia - Adulto Mayor (>50),PENSION,TRANSF_SALIENTE,RETIRO_TARJETA,,
3739,4512,Praga - Adulto (30-50),SERVICIOS_HOGAR,TRANSF_SALIENTE,RETIRO_TARJETA,,
3741,4514,Moravia - Adulto Mayor (>50),PENSION,TRANSF_SALIENTE,INGRESO_TRANSF,,
3742,4515,Moravia - Adulto Mayor (>50),TRANSF_SALIENTE,INGRESO_TRANSF,PRESTAMO,1216.4,43790.0
3743,4516,Praga - Adulto (30-50),INGRESO_TRANSF,PRESTAMO,PENSION,1992.85,71743.0
3745,4518,Bohemia - Adulto (30-50),PRESTAMO,SEGURO,LEASING,3590.31,129251.0
3746,4519,Moravia - Adulto (30-50),INGRESO_TRANSF,PRESTAMO,RETIRO_TARJETA,4155.47,149597.0
3747,4520,Praga - Adulto (30-50),RETIRO_TARJETA,INGRESO_TRANSF,LEASING,,
3748,4521,Praga - Adulto Mayor (>50),PENSION,RETIRO_TARJETA,PRESTAMO,980.35,35292.0
3749,4522,Moravia - Adulto (30-50),TRANSF_SALIENTE,INGRESO_TRANSF,PRESTAMO,3396.72,122282.0
3750,4524,Moravia - Adulto (30-50),TRANSF_SALIENTE,INGRESO_TRANSF,PRESTAMO,2454.02,88345.0
3751,4526,Moravia - Joven (<30),INGRESO_TRANSF,RETIRO_TARJETA,PRESTAMO,1927.2,69379.0
3752,4527,Praga - Adulto (30-50),TRANSF_SALIENTE,RETIRO_TARJETA,INGRESO_TRANSF,,
3753,4528,Bohemia - Adulto Mayor (>50),TRANSF_SALIENTE,RETIRO_TARJETA,INGRESO_TRANSF,,
3754,4529,Bohemia - Joven (<30),RETIRO_TARJETA,LEASING,PENSION,,
3755,4531,Moravia - Adulto (30-50),TRANSF_SALIENTE,INGRESO_TRANSF,PRESTAMO,2935.83,105690.0
3756,4532,Bohemia - Adulto (30-50),TRANSF_SALIENTE,INGRESO_TRANSF,PRESTAMO,3104.85,111775.0
3757,4533,Moravia - Joven (<30),PRESTAMO,LEASING,PENSION,3018.02,108649.0
3758,4534,Bohemia - Adulto (30-50),TRANSF_SALIENTE,INGRESO_TRANSF,PRESTAMO,2209.67,79548.0
3759,4535,Praga - Adulto Mayor (>50),TRANSF_SALIENTE,RETIRO_TARJETA,INGRESO_TRANSF,,
3760,4536,Bohemia - Adulto Mayor (>50),SERVICIOS_HOGAR,PENSION,TRANSF_SALIENTE,,
3763,4539,Moravia - Adulto Mayor (>50),PENSION,INGRESO_TRANSF,PRESTAMO,1476.55,53156.0
3764,4540,Moravia - Adulto Mayor (>50),PENSION,TRANSF_SALIENTE,PRESTAMO,1937.03,69733.0
3765,4541,Bohemia - Joven (<30),RETIRO_TARJETA,PRESTAMO,LEASING,873.07,31430.0
3766,4542,Bohemia - Adulto (30-50),TRANSF_SALIENTE,INGRESO_TRANSF,RETIRO_TARJETA,,
3767,4543,Praga - Adulto Mayor (>50),PENSION,INGRESO_TRANSF,PRESTAMO,2283.72,82214.0
3768,4544,Bohemia - Adulto (30-50),SERVICIOS_HOGAR,TRANSF_SALIENTE,INGRESO_TRANSF,,
3769,4545,Bohemia - Adulto Mayor (>50),TRANSF_SALIENTE,RETIRO_TARJETA,INGRESO_TRANSF,,
3770,4546,Bohemia - Adulto (30-50),TRANSF_SALIENTE,INGRESO_TRANSF,PRESTAMO,3222.68,116016.0
3771,4547,Bohemia - Adulto Mayor (>50),SERVICIOS_HOGAR,PENSION,TRANSF_SALIENTE,,
3772,4548,Bohemia - Adulto (30-50),TRANSF_SALIENTE,INGRESO_TRANSF,RETIRO_TARJETA,,
3773,4549,Bohemia - Adulto Mayor (>50),TRANSF_SALIENTE,RETIRO_TARJETA,INGRESO_TRANSF,,
3774,4550,Moravia - Adulto Mayor (>50),PENSION,INGRESO_TRANSF,PRESTAMO,1553.95,55942.0
3775,4551,Moravia - Adulto Mayor (>50),TRANSF_SALIENTE,INGRESO_TRANSF,PRESTAMO,1136.42,40911.0
3776,4553,Praga - Adulto Mayor (>50),PENSION,INGRESO_TRANSF,PRESTAMO,3384.4,121839.0
3777,4554,Moravia - Adulto Mayor (>50),PENSION,PRESTAMO,RETIRO_TARJETA,1255.95,45214.0
3778,4555,Bohemia - Adulto (30-50),TRANSF_SALIENTE,INGRESO_TRANSF,PRESTAMO,4026.04,144937.0
3779,4556,Moravia - Joven (<30),INGRESO_TRANSF,RETIRO_TARJETA,PRESTAMO,2565.97,92375.0
3780,4557,Bohemia - Adulto Mayor (>50),TRANSF_SALIENTE,RETIRO_TARJETA,INGRESO_TRANSF,,
3781,4559,Bohemia - Adulto (30-50),TRANSF_SALIENTE,INGRESO_TRANSF,PRESTAMO,3757.12,135256.0
3782,4560,Bohemia - Adulto (30-50),PRESTAMO,LEASING,PENSION,2633.58,94809.0
3783,4561,Bohemia - Adulto (30-50),TRANSF_SALIENTE,INGRESO_TRANSF,RETIRO_TARJETA,,
3784,4562,Bohemia - Adulto (30-50),INGRESO_TRANSF,RETIRO_TARJETA,PRESTAMO,1480.67,53304.0
3785,4563,Bohemia - Joven (<30),TRANSF_SALIENTE,RETIRO_TARJETA,INGRESO_TRANSF,,
3786,4565,Bohemia - Adulto Mayor (>50),SERVICIOS_HOGAR,PENSION,TRANSF_SALIENTE,,
3787,4567,Moravia - Adulto Mayor (>50),PENSION,TRANSF_SALIENTE,INGRESO_TRANSF,,
3788,4568,Moravia - Joven (<30),SERVICIOS_HOGAR,TRANSF_SALIENTE,INGRESO_TRANSF,,
3789,4569,Bohemia - Joven (<30),TRANSF_SALIENTE,RETIRO_TARJETA,INGRESO_TRANSF,,
3790,4570,Praga - Adulto Mayor (>50),SERVICIOS_HOGAR,PENSION,TRANSF_SALIENTE,,
3791,4571,Praga - Adulto (30-50),RETIRO_TARJETA,PRESTAMO,LEASING,2732.36,98365.0
3792,4572,Bohemia - Adulto Mayor (>50),TRANSF_SALIENTE,RETIRO_TARJETA,INGRESO_TRANSF,,
3793,4573,Bohemia - Adulto (30-50),TRANSF_SALIENTE,INGRESO_TRANSF,RETIRO_TARJETA,,
3794,4574,Bohemia - Adulto (30-50),TRANSF_SALIENTE,INGRESO_TRANSF,RETIRO_TARJETA,,
3795,4575,Bohemia - Adulto (30-50),INGRESO_TRANSF,RETIRO_TARJETA,PRESTAMO,2390.2,86047.0
3796,4576,Moravia - Adulto (30-50),TRANSF_SALIENTE,INGRESO_TRANSF,PRESTAMO,2639.66,95028.0
3797,4577,Moravia - Adulto (30-50),SERVICIOS_HOGAR,TRANSF_SALIENTE,INGRESO_TRANSF,,
3798,4578,Bohemia - Joven (<30),RETIRO_TARJETA,INGRESO_TRANSF,PRESTAMO,1449.01,52164.0
3799,4579,Moravia - Adulto Mayor (>50),PENSION,INGRESO_TRANSF,PRESTAMO,2562.86,92263.0
3800,4580,Bohemia - Adulto Mayor (>50),PENSION,RETIRO_TARJETA,INGRESO_TRANSF,,
3801,4581,Praga - Adulto (30-50),SERVICIOS_HOGAR,TRANSF_SALIENTE,RETIRO_TARJETA,,
3802,4582,Bohemia - Adulto Mayor (>50),TRANSF_SALIENTE,RETIRO_TARJETA,INGRESO_TRANSF,,
3803,4583,Moravia - Adulto Mayor (>50),PENSION,TRANSF_SALIENTE,INGRESO_TRANSF,,
3804,4584,Bohemia - Adulto (30-50),RETIRO_TARJETA,SEGURO,LEASING,,
3805,4585,Bohemia - Adulto Mayor (>50),PENSION,TRANSF_SALIENTE,RETIRO_TARJETA,,
3806,4587,Bohemia - Joven (<30),INGRESO_TRANSF,PRESTAMO,LEASING,2238.76,80595.0
3807,4588,Moravia - Joven (<30),TRANSF_SALIENTE,INGRESO_TRANSF,PRESTAMO,3127.49,112590.0
3808,4589,Bohemia - Joven (<30),RETIRO_TARJETA,INGRESO_TRANSF,PRESTAMO,1971.27,70966.0
3809,4590,Praga - Adulto Mayor (>50),PENSION,RETIRO_TARJETA,INGRESO_TRANSF,,
3810,4591,Bohemia - Adulto Mayor (>50),TRANSF_SALIENTE,RETIRO_TARJETA,INGRESO_TRANSF,,
3811,4592,Praga - Adulto (30-50),TRANSF_SALIENTE,PRESTAMO,SEGURO,1902.03,68473.0
3812,4593,Moravia - Adulto Mayor (>50),TRANSF_SALIENTE,INGRESO_TRANSF,PRESTAMO,1726.59,62157.0
3813,4594,Praga - Adulto Mayor (>50),PENSION,RETIRO_TARJETA,INGRESO_TRANSF,,
3814,4596,Moravia - Joven (<30),SERVICIOS_HOGAR,TRANSF_SALIENTE,INGRESO_TRANSF,,
3815,4597,Praga - Adulto (30-50),SERVICIOS_HOGAR,TRANSF_SALIENTE,RETIRO_TARJETA,,
3816,4598,Bohemia - Adulto Mayor (>50),SERVICIOS_HOGAR,PENSION,TRANSF_SALIENTE,,
3817,4600,Moravia - Adulto (30-50),TRANSF_SALIENTE,INGRESO_TRANSF,PRESTAMO,1421.58,51177.0
3818,4601,Praga - Adulto Mayor (>50),PENSION,RETIRO_TARJETA,INGRESO_TRANSF,,
3819,4603,Moravia - Adulto Mayor (>50),PENSION,TRANSF_SALIENTE,INGRESO_TRANSF,,
3820,4604,Moravia - Adulto (30-50),TRANSF_SALIENTE,INGRESO_TRANSF,PRESTAMO,2607.47,93869.0
3821,4605,Bohemia - Joven (<30),SERVICIOS_HOGAR,TRANSF_SALIENTE,RETIRO_TARJETA,,
3822,4606,Bohemia - Adulto Mayor (>50),PENSION,TRANSF_SALIENTE,RETIRO_TARJETA,,
3823,4607,Moravia - Joven (<30),SERVICIOS_HOGAR,TRANSF_SALIENTE,INGRESO_TRANSF,,
3824,4608,Bohemia - Adulto Mayor (>50),PENSION,TRANSF_SALIENTE,RETIRO_TARJETA,,
3825,4609,Bohemia - Joven (<30),SERVICIOS_HOGAR,TRANSF_SALIENTE,RETIRO_TARJETA,,
3826,4610,Bohemia - Adulto (30-50),TRANSF_SALIENTE,INGRESO_TRANSF,RETIRO_TARJETA,,
3827,4611,Praga - Adulto (30-50),SERVICIOS_HOGAR,TRANSF_SALIENTE,RETIRO_TARJETA,,
3828,4612,Bohemia - Adulto (30-50),TRANSF_SALIENTE,RETIRO_TARJETA,PRESTAMO,878.23,31616.0
3830,4615,Moravia - Adulto (30-50),TRANSF_SALIENTE,PRESTAMO,RETIRO_TARJETA,2043.39,73562.0
3832,4617,Bohemia - Joven (<30),RETIRO_TARJETA,INGRESO_TRANSF,PRESTAMO,1259.13,45329.0
3833,4619,Moravia - Adulto Mayor (>50),PENSION,TRANSF_SALIENTE,INGRESO_TRANSF,,
3834,4620,Moravia - Adulto Mayor (>50),PENSION,INGRESO_TRANSF,RETIRO_TARJETA,,
3835,4622,Bohemia - Joven (<30),RETIRO_TARJETA,INGRESO_TRANSF,PRESTAMO,2133.43,76804.0
3836,4623,Moravia - Adulto (30-50),INGRESO_TRANSF,PRESTAMO,RETIRO_TARJETA,3196.91,115089.0
3837,4624,Bohemia - Adulto (30-50),SERVICIOS_HOGAR,TRANSF_SALIENTE,RETIRO_TARJETA,,
3838,4626,Bohemia - Adulto Mayor (>50),SERVICIOS_HOGAR,PENSION,TRANSF_SALIENTE,,
3839,4627,Praga - Adulto Mayor (>50),SERVICIOS_HOGAR,PENSION,TRANSF_SALIENTE,,
3840,4629,Moravia - Adulto Mayor (>50),TRANSF_SALIENTE,INGRESO_TRANSF,PRESTAMO,1653.78,59536.0
3841,4631,Bohemia - Adulto Mayor (>50),TRANSF_SALIENTE,RETIRO_TARJETA,INGRESO_TRANSF,,
3842,4632,Praga - Adulto Mayor (>50),TRANSF_SALIENTE,RETIRO_TARJETA,INGRESO_TRANSF,,
3843,4633,Moravia - Joven (<30),SERVICIOS_HOGAR,TRANSF_SALIENTE,INGRESO_TRANSF,,
3844,4634,Moravia - Adulto Mayor (>50),PENSION,TRANSF_SALIENTE,PRESTAMO,1123.95,40462.0
3845,4636,Bohemia - Joven (<30),TRANSF_SALIENTE,RETIRO_TARJETA,INGRESO_TRANSF,,
3846,4637,Moravia - Joven (<30),TRANSF_SALIENTE,RETIRO_TARJETA,PRESTAMO,775.98,27935.0
3847,4638,Bohemia - Adulto (30-50),INGRESO_TRANSF,PRESTAMO,LEASING,2837.71,102158.0
3848,4639,Bohemia - Joven (<30),TRANSF_SALIENTE,RETIRO_TARJETA,INGRESO_TRANSF,,
3849,4640,Moravia - Adulto (30-50),TRANSF_SALIENTE,INGRESO_TRANSF,PRESTAMO,2620.84,94350.0
3850,4641,Bohemia - Adulto (30-50),INGRESO_TRANSF,RETIRO_TARJETA,PRESTAMO,2648.96,95362.0
3851,4643,Praga - Joven (<30),RETIRO_TARJETA,INGRESO_TRANSF,PRESTAMO,1898.58,68349.0
3852,4644,Bohemia - Adulto Mayor (>50),TRANSF_SALIENTE,RETIRO_TARJETA,INGRESO_TRANSF,,
3854,4647,Bohemia - Joven (<30),RETIRO_TARJETA,PRESTAMO,SEGURO,1387.49,49950.0
3855,4648,Bohemia - Adulto (30-50),INGRESO_TRANSF,RETIRO_TARJETA,PRESTAMO,2457.14,88457.0
3856,4649,Bohemia - Adulto Mayor (>50),TRANSF_SALIENTE,RETIRO_TARJETA,INGRESO_TRANSF,,
3857,4650,Moravia - Adulto (30-50),TRANSF_SALIENTE,PRESTAMO,RETIRO_TARJETA,952.6,34294.0
3858,4651,Bohemia - Joven (<30),SERVICIOS_HOGAR,TRANSF_SALIENTE,INGRESO_TRANSF,,
3859,4652,Moravia - Adulto (30-50),SERVICIOS_HOGAR,TRANSF_SALIENTE,INGRESO_TRANSF,,
3860,4653,Bohemia - Adulto Mayor (>50),PENSION,TRANSF_SALIENTE,RETIRO_TARJETA,,
3861,4654,Bohemia - Adulto (30-50),TRANSF_SALIENTE,INGRESO_TRANSF,PRESTAMO,3567.97,128447.0
3862,4656,Praga - Adulto Mayor (>50),PENSION,RETIRO_TARJETA,INGRESO_TRANSF,,
3863,4657,Bohemia - Adulto Mayor (>50),PENSION,TRANSF_SALIENTE,RETIRO_TARJETA,,
3864,4658,Bohemia - Adulto Mayor (>50),PENSION,RETIRO_TARJETA,INGRESO_TRANSF,,
3865,4659,Bohemia - Adulto (30-50),TRANSF_SALIENTE,INGRESO_TRANSF,RETIRO_TARJETA,,
3866,4660,Moravia - Joven (<30),SERVICIOS_HOGAR,TRANSF_SALIENTE,INGRESO_TRANSF,,
3867,4661,Praga - Adulto Mayor (>50),PENSION,TRANSF_SALIENTE,RETIRO_TARJETA,,
3868,4662,Praga - Adulto Mayor (>50),TRANSF_SALIENTE,RETIRO_TARJETA,INGRESO_TRANSF,,
3869,4663,Moravia - Adulto Mayor (>50),PENSION,TRANSF_SALIENTE,INGRESO_TRANSF,,
3870,4664,Bohemia - Adulto Mayor (>50),TRANSF_SALIENTE,RETIRO_TARJETA,INGRESO_TRANSF,,
3871,4665,Bohemia - Adulto Mayor (>50),TRANSF_SALIENTE,RETIRO_TARJETA,INGRESO_TRANSF,,
3872,4667,Bohemia - Adulto Mayor (>50),PENSION,RETIRO_TARJETA,PRESTAMO,1846.8,66485.0
3874,4670,Bohemia - Adulto (30-50),TRANSF_SALIENTE,INGRESO_TRANSF,RETIRO_TARJETA,,
3875,4672,Bohemia - Adulto (30-50),SERVICIOS_HOGAR,TRANSF_SALIENTE,RETIRO_TARJETA,,
3876,4673,Moravia - Adulto (30-50),TRANSF_SALIENTE,INGRESO_TRANSF,PRESTAMO,2330.44,83896.0
3877,4674,Moravia - Joven (<30),TRANSF_SALIENTE,INGRESO_TRANSF,PRESTAMO,3220.09,115923.0
3878,4675,Bohemia - Joven (<30),RETIRO_TARJETA,PRESTAMO,LEASING,1224.22,44072.0
3880,4677,Bohemia - Adulto Mayor (>50),TRANSF_SALIENTE,RETIRO_TARJETA,INGRESO_TRANSF,,
3881,4678,Bohemia - Adulto (30-50),INGRESO_TRANSF,RETIRO_TARJETA,PRESTAMO,1433.32,51600.0
3882,4679,Bohemia - Adulto Mayor (>50),PENSION,RETIRO_TARJETA,PRESTAMO,1193.05,42950.0
3883,4680,Moravia - Joven (<30),SERVICIOS_HOGAR,TRANSF_SALIENTE,INGRESO_TRANSF,,
3884,4681,Praga - Adulto (30-50),TRANSF_SALIENTE,RETIRO_TARJETA,INGRESO_TRANSF,,
3885,4683,Bohemia - Adulto (30-50),SERVICIOS_HOGAR,TRANSF_SALIENTE,INGRESO_TRANSF,,
3886,4684,Praga - Adulto (30-50),SERVICIOS_HOGAR,TRANSF_SALIENTE,INGRESO_TRANSF,,
3887,4685,Moravia - Adulto (30-50),TRANSF_SALIENTE,PRESTAMO,RETIRO_TARJETA,2216.63,79799.0
3888,4686,Bohemia - Adulto Mayor (>50),SERVICIOS_HOGAR,PENSION,TRANSF_SALIENTE,,
3889,4687,Bohemia - Adulto Mayor (>50),PENSION,RETIRO_TARJETA,PRESTAMO,754.59,27165.0
3890,4689,Bohemia - Adulto (30-50),TRANSF_SALIENTE,INGRESO_TRANSF,RETIRO_TARJETA,,
3891,4690,Moravia - Adulto (30-50),TRANSF_SALIENTE,INGRESO_TRANSF,PRESTAMO,2756.63,99239.0
3892,4692,Moravia - Adulto (30-50),TRANSF_SALIENTE,PRESTAMO,RETIRO_TARJETA,557.32,20064.0
3893,4693,Bohemia - Adulto Mayor (>50),PENSION,RETIRO_TARJETA,INGRESO_TRANSF,,
3894,4695,Bohemia - Adulto Mayor (>50),TRANSF_SALIENTE,RETIRO_TARJETA,INGRESO_TRANSF,,
3895,4697,Bohemia - Adulto (30-50),TRANSF_SALIENTE,INGRESO_TRANSF,RETIRO_TARJETA,,
3896,4698,Bohemia - Adulto (30-50),RETIRO_TARJETA,PRESTAMO,SEGURO,3396.57,122277.0
3897,4699,Bohemia - Adulto (30-50),TRANSF_SALIENTE,INGRESO_TRANSF,PRESTAMO,3359.76,120952.0
3898,4700,Moravia - Adulto Mayor (>50),TRANSF_SALIENTE,INGRESO_TRANSF,PRESTAMO,1941.76,69903.0
3899,4701,Bohemia - Adulto Mayor (>50),PENSION,TRANSF_SALIENTE,INGRESO_TRANSF,,
3901,4704,Bohemia - Adulto (30-50),SERVICIOS_HOGAR,TRANSF_SALIENTE,INGRESO_TRANSF,,
3902,4705,Praga - Adulto (30-50),RETIRO_TARJETA,INGRESO_TRANSF,PRESTAMO,1541.56,55496.0
3903,4706,Moravia - Adulto Mayor (>50),PENSION,TRANSF_SALIENTE,INGRESO_TRANSF,,
3904,4708,Bohemia - Adulto (30-50),TRANSF_SALIENTE,RETIRO_TARJETA,PRESTAMO,1083.34,39000.0
3905,4709,Moravia - Joven (<30),TRANSF_SALIENTE,INGRESO_TRANSF,RETIRO_TARJETA,,
3906,4710,Bohemia - Adulto (30-50),SERVICIOS_HOGAR,TRANSF_SALIENTE,RETIRO_TARJETA,,
3907,4712,Bohemia - Adulto (30-50),SERVICIOS_HOGAR,TRANSF_SALIENTE,INGRESO_TRANSF,,
3908,4713,Bohemia - Adulto Mayor (>50),TRANSF_SALIENTE,RETIRO_TARJETA,INGRESO_TRANSF,,
3909,4715,Bohemia - Joven (<30),INGRESO_TRANSF,PRESTAMO,LEASING,2593.34,93360.0
3910,4716,Bohemia - Adulto Mayor (>50),TRANSF_SALIENTE,RETIRO_TARJETA,INGRESO_TRANSF,,
3911,4717,Bohemia - Adulto Mayor (>50),PENSION,TRANSF_SALIENTE,RETIRO_TARJETA,,
3912,4718,Bohemia - Adulto Mayor (>50),TRANSF_SALIENTE,RETIRO_TARJETA,INGRESO_TRANSF,,
3913,4719,Bohemia - Adulto Mayor (>50),PENSION,TRANSF_SALIENTE,RETIRO_TARJETA,,
3914,4720,Bohemia - Adulto Mayor (>50),PENSION,TRANSF_SALIENTE,RETIRO_TARJETA,,
3915,4721,Moravia - Adulto (30-50),TRANSF_SALIENTE,INGRESO_TRANSF,PRESTAMO,2734.27,98434.0
3916,4722,Bohemia - Joven (<30),RETIRO_TARJETA,LEASING,PENSION,,
3917,4723,Praga - Adulto Mayor (>50),PENSION,RETIRO_TARJETA,INGRESO_TRANSF,,
3918,4724,Moravia - Joven (<30),TRANSF_SALIENTE,INGRESO_TRANSF,RETIRO_TARJETA,,
3919,4725,Bohemia - Adulto Mayor (>50),PENSION,TRANSF_SALIENTE,RETIRO_TARJETA,,
3920,4727,Moravia - Joven (<30),SERVICIOS_HOGAR,TRANSF_SALIENTE,INGRESO_TRANSF,,
3921,4729,Bohemia - Adulto Mayor (>50),SERVICIOS_HOGAR,PENSION,TRANSF_SALIENTE,,
3922,4730,Moravia - Adulto Mayor (>50),TRANSF_SALIENTE,INGRESO_TRANSF,PRESTAMO,1136.68,40921.0
3923,4731,Bohemia - Joven (<30),TRANSF_SALIENTE,RETIRO_TARJETA,INGRESO_TRANSF,,
3924,4732,Moravia - Adulto Mayor (>50),TRANSF_SALIENTE,INGRESO_TRANSF,PRESTAMO,1157.08,41655.0
3925,4733,Praga - Adulto (30-50),RETIRO_TARJETA,INGRESO_TRANSF,PRESTAMO,3166.08,113979.0
3926,4734,Moravia - Adulto Mayor (>50),TRANSF_SALIENTE,INGRESO_TRANSF,PRESTAMO,2075.53,74719.0
3927,4736,Moravia - Adulto Mayor (>50),PENSION,INGRESO_TRANSF,PRESTAMO,1513.86,54499.0
3928,4737,Bohemia - Joven (<30),SERVICIOS_HOGAR,TRANSF_SALIENTE,RETIRO_TARJETA,,
3930,4739,Bohemia - Adulto (30-50),TRANSF_SALIENTE,INGRESO_TRANSF,RETIRO_TARJETA,,
3931,4740,Bohemia - Joven (<30),SERVICIOS_HOGAR,TRANSF_SALIENTE,INGRESO_TRANSF,,
3932,4741,Moravia - Adulto Mayor (>50),TRANSF_SALIENTE,INGRESO_TRANSF,PRESTAMO,1092.9,39344.0
3933,4742,Moravia - Adulto (30-50),SERVICIOS_HOGAR,TRANSF_SALIENTE,INGRESO_TRANSF,,
3934,4744,Bohemia - Adulto Mayor (>50),TRANSF_SALIENTE,RETIRO_TARJETA,INGRESO_TRANSF,,
3935,4745,Moravia - Adulto Mayor (>50),PENSION,PRESTAMO,RETIRO_TARJETA,2271.26,81765.0
3936,4746,Bohemia - Adulto Mayor (>50),PENSION,RETIRO_TARJETA,PRESTAMO,1627.66,58596.0
3937,4747,Moravia - Adulto Mayor (>50),TRANSF_SALIENTE,INGRESO_TRANSF,PRESTAMO,1049.02,37765.0
3938,4749,Moravia - Adulto Mayor (>50),PENSION,TRANSF_SALIENTE,INGRESO_TRANSF,,
3939,4750,Moravia - Adulto (30-50),TRANSF_SALIENTE,INGRESO_TRANSF,PRESTAMO,1648.72,59354.0
3940,4751,Bohemia - Joven (<30),SERVICIOS_HOGAR,TRANSF_SALIENTE,PRESTAMO,2311.5,83214.0
3941,4752,Bohemia - Adulto Mayor (>50),PENSION,RETIRO_TARJETA,PRESTAMO,913.39,32882.0
3942,4754,Bohemia - Adulto Mayor (>50),PENSION,TRANSF_SALIENTE,RETIRO_TARJETA,,
3943,4755,Moravia - Adulto (30-50),TRANSF_SALIENTE,PRESTAMO,RETIRO_TARJETA,997.81,35921.0
3944,4756,Bohemia - Adulto (30-50),INGRESO_TRANSF,RETIRO_TARJETA,PRESTAMO,2509.11,90328.0
3945,4758,Bohemia - Joven (<30),SERVICIOS_HOGAR,TRANSF_SALIENTE,RETIRO_TARJETA,,
3946,4760,Moravia - Adulto Mayor (>50),PENSION,INGRESO_TRANSF,PRESTAMO,1776.36,63949.0
3947,4762,Moravia - Joven (<30),INGRESO_TRANSF,RETIRO_TARJETA,PRESTAMO,2614.97,94139.0
3948,4763,Moravia - Adulto Mayor (>50),PENSION,INGRESO_TRANSF,PRESTAMO,2397.85,86323.0
3949,4764,Moravia - Joven (<30),SERVICIOS_HOGAR,TRANSF_SALIENTE,INGRESO_TRANSF,,
3950,4765,Bohemia - Adulto Mayor (>50),PENSION,TRANSF_SALIENTE,INGRESO_TRANSF,,
3951,4766,Bohemia - Adulto (30-50),SERVICIOS_HOGAR,TRANSF_SALIENTE,INGRESO_TRANSF,,
3952,4767,Bohemia - Adulto Mayor (>50),TRANSF_SALIENTE,RETIRO_TARJETA,INGRESO_TRANSF,,
3953,4768,Praga - Adulto (30-50),SERVICIOS_HOGAR,TRANSF_SALIENTE,RETIRO_TARJETA,,
3954,4769,Bohemia - Adulto Mayor (>50),TRANSF_SALIENTE,RETIRO_TARJETA,INGRESO_TRANSF,,
3955,4771,Moravia - Adulto (30-50),INGRESO_TRANSF,PRESTAMO,RETIRO_TARJETA,2102.97,75707.0
3956,4772,Bohemia - Adulto (30-50),INGRESO_TRANSF,RETIRO_TARJETA,PRESTAMO,2803.57,100929.0
3957,4773,Bohemia - Adulto (30-50),SERVICIOS_HOGAR,TRANSF_SALIENTE,RETIRO_TARJETA,,
3958,4774,Moravia - Adulto (30-50),SERVICIOS_HOGAR,TRANSF_SALIENTE,INGRESO_TRANSF,,
3959,4776,Praga - Joven (<30),SERVICIOS_HOGAR,TRANSF_SALIENTE,RETIRO_TARJETA,,
3960,4777,Moravia - Adulto Mayor (>50),TRANSF_SALIENTE,INGRESO_TRANSF,PRESTAMO,1288.62,46390.0
3961,4779,Bohemia - Joven (<30),TRANSF_SALIENTE,RETIRO_TARJETA,PRESTAMO,828.6,29829.0
3962,4780,Moravia - Joven (<30),SERVICIOS_HOGAR,TRANSF_SALIENTE,INGRESO_TRANSF,,
3963,4781,Bohemia - Adulto (30-50),INGRESO_TRANSF,RETIRO_TARJETA,PRESTAMO,2175.33,78312.0
3964,4782,Bohemia - Adulto (30-50),TRANSF_SALIENTE,RETIRO_TARJETA,PRESTAMO,811.19,29203.0
3965,4783,Bohemia - Joven (<30),SERVICIOS_HOGAR,TRANSF_SALIENTE,RETIRO_TARJETA,,
3966,4784,Bohemia - Adulto Mayor (>50),TRANSF_SALIENTE,RETIRO_TARJETA,INGRESO_TRANSF,,
3967,4786,Moravia - Adulto Mayor (>50),SERVICIOS_HOGAR,PENSION,TRANSF_SALIENTE,,
3968,4787,Bohemia - Adulto (30-50),SERVICIOS_HOGAR,TRANSF_SALIENTE,INGRESO_TRANSF,,
3969,4788,Bohemia - Joven (<30),TRANSF_SALIENTE,RETIRO_TARJETA,INGRESO_TRANSF,,
3970,4789,Bohemia - Adulto Mayor (>50),PENSION,TRANSF_SALIENTE,PRESTAMO,2942.02,105913.0
3971,4790,Moravia - Adulto Mayor (>50),PENSION,INGRESO_TRANSF,PRESTAMO,1980.75,71307.0
3972,4791,Bohemia - Adulto Mayor (>50),PENSION,INGRESO_TRANSF,PRESTAMO,2677.57,96393.0
3973,4792,Bohemia - Adulto (30-50),TRANSF_SALIENTE,INGRESO_TRANSF,RETIRO_TARJETA,,
3974,4793,Moravia - Adulto Mayor (>50),PENSION,TRANSF_SALIENTE,INGRESO_TRANSF,,
3975,4794,Bohemia - Adulto Mayor (>50),PENSION,TRANSF_SALIENTE,RETIRO_TARJETA,,
3976,4795,Moravia - Adulto Mayor (>50),TRANSF_SALIENTE,INGRESO_TRANSF,PRESTAMO,1208.15,43493.0
3977,4796,Bohemia - Adulto Mayor (>50),TRANSF_SALIENTE,RETIRO_TARJETA,INGRESO_TRANSF,,
3978,4797,Moravia - Adulto Mayor (>50),PENSION,INGRESO_TRANSF,PRESTAMO,2239.91,80637.0
3979,4798,Bohemia - Adulto (30-50),TRANSF_SALIENTE,INGRESO_TRANSF,RETIRO_TARJETA,,
3980,4799,Moravia - Adulto Mayor (>50),PENSION,INGRESO_TRANSF,PRESTAMO,2383.9,85820.0
3981,4801,Bohemia - Joven (<30),RETIRO_TARJETA,PRESTAMO,LEASING,954.24,34353.0
3982,4802,Moravia - Joven (<30),TRANSF_SALIENTE,RETIRO_TARJETA,PRESTAMO,1611.31,58007.0
3983,4803,Bohemia - Adulto Mayor (>50),SERVICIOS_HOGAR,PENSION,TRANSF_SALIENTE,,
3984,4804,Bohemia - Adulto Mayor (>50),TRANSF_SALIENTE,RETIRO_TARJETA,INGRESO_TRANSF,,
3985,4805,Praga - Adulto Mayor (>50),TRANSF_SALIENTE,RETIRO_TARJETA,INGRESO_TRANSF,,
3986,4806,Bohemia - Adulto Mayor (>50),PENSION,RETIRO_TARJETA,INGRESO_TRANSF,,
3987,4807,Bohemia - Adulto Mayor (>50),PENSION,TRANSF_SALIENTE,RETIRO_TARJETA,,
3988,4808,Bohemia - Joven (<30),SERVICIOS_HOGAR,TRANSF_SALIENTE,INGRESO_TRANSF,,
3989,4809,Bohemia - Adulto Mayor (>50),TRANSF_SALIENTE,RETIRO_TARJETA,INGRESO_TRANSF,,
3990,4811,Moravia - Joven (<30),TRANSF_SALIENTE,INGRESO_TRANSF,RETIRO_TARJETA,,
3991,4812,Praga - Adulto Mayor (>50),TRANSF_SALIENTE,RETIRO_TARJETA,INGRESO_TRANSF,,
3992,4813,Bohemia - Adulto (30-50),TRANSF_SALIENTE,INGRESO_TRANSF,RETIRO_TARJETA,,
3993,4814,Moravia - Adulto (30-50),TRANSF_SALIENTE,INGRESO_TRANSF,PRESTAMO,3379.6,121666.0
3994,4815,Bohemia - Joven (<30),SERVICIOS_HOGAR,TRANSF_SALIENTE,RETIRO_TARJETA,,
3995,4817,Bohemia - Joven (<30),RETIRO_TARJETA,INGRESO_TRANSF,PRESTAMO,1826.74,65763.0
3996,4818,Praga - Adulto Mayor (>50),TRANSF_SALIENTE,RETIRO_TARJETA,INGRESO_TRANSF,,
3997,4819,Moravia - Adulto (30-50),SERVICIOS_HOGAR,TRANSF_SALIENTE,INGRESO_TRANSF,,
3998,4820,Bohemia - Joven (<30),RETIRO_TARJETA,INGRESO_TRANSF,PRESTAMO,2080.35,74893.0
3999,4821,Bohemia - Adulto Mayor (>50),PENSION,INGRESO_TRANSF,PRESTAMO,3182.83,114582.0
4000,4823,Bohemia - Joven (<30),SERVICIOS_HOGAR,TRANSF_SALIENTE,INGRESO_TRANSF,,
4001,4824,Moravia - Adulto Mayor (>50),SERVICIOS_HOGAR,PENSION,TRANSF_SALIENTE,,
4003,4826,Bohemia - Joven (<30),TRANSF_SALIENTE,RETIRO_TARJETA,INGRESO_TRANSF,,
4008,4831,Bohemia - Adulto (30-50),SERVICIOS_HOGAR,TRANSF_SALIENTE,INGRESO_TRANSF,,
4009,4832,Moravia - Adulto (30-50),SERVICIOS_HOGAR,TRANSF_SALIENTE,INGRESO_TRANSF,,
4010,4833,Bohemia - Joven (<30),TRANSF_SALIENTE,INGRESO_TRANSF,PRESTAMO,2193.4,78962.0
4013,4836,Bohemia - Adulto (30-50),TRANSF_SALIENTE,RETIRO_TARJETA,PRESTAMO,1962.0,70632.0
4014,4837,Moravia - Adulto (30-50),SERVICIOS_HOGAR,TRANSF_SALIENTE,INGRESO_TRANSF,,
4026,4853,Moravia - Adulto Mayor (>50),PENSION,PRESTAMO,RETIRO_TARJETA,2659.82,95753.0
4033,4861,Moravia - Joven (<30),INGRESO_TRANSF,RETIRO_TARJETA,SEGURO,,
4034,4862,Praga - Adulto Mayor (>50),SERVICIOS_HOGAR,PENSION,TRANSF_SALIENTE,,
4035,4863,Praga - Joven (<30),SERVICIOS_HOGAR,TRANSF_SALIENTE,RETIRO_TARJETA,,
4047,4877,Bohemia - Adulto (30-50),SERVICIOS_HOGAR,TRANSF_SALIENTE,INGRESO_TRANSF,,
4052,4882,Bohemia - Joven (<30),SERVICIOS_HOGAR,TRANSF_SALIENTE,RETIRO_TARJETA,,
4055,4886,Bohemia - Joven (<30),SERVICIOS_HOGAR,TRANSF_SALIENTE,RETIRO_TARJETA,,
4059,4892,Bohemia - Joven (<30),SERVICIOS_HOGAR,TRANSF_SALIENTE,RETIRO_TARJETA,,
4066,4901,Moravia - Adulto (30-50),PRESTAMO,RETIRO_TARJETA,SEGURO,2267.84,81642.0
4069,4904,Bohemia - Adulto (30-50),SERVICIOS_HOGAR,TRANSF_SALIENTE,INGRESO_TRANSF,,
4071,4906,Moravia - Joven (<30),TRANSF_SALIENTE,RETIRO_TARJETA,PRESTAMO,1705.76,61407.0
4078,4915,Bohemia - Adulto (30-50),SERVICIOS_HOGAR,TRANSF_SALIENTE,INGRESO_TRANSF,,
4079,4916,Bohemia - Adulto Mayor (>50),PENSION,RETIRO_TARJETA,INGRESO_TRANSF,,
4081,4918,Bohemia - Adulto (30-50),TRANSF_SALIENTE,INGRESO_TRANSF,RETIRO_TARJETA,,
4082,4919,Bohemia - Adulto (30-50),SERVICIOS_HOGAR,TRANSF_SALIENTE,INGRESO_TRANSF,,
4086,4923,Moravia - Adulto (30-50),SERVICIOS_HOGAR,TRANSF_SALIENTE,PRESTAMO,2857.28,102862.0
4088,4925,Bohemia - Adulto (30-50),INGRESO_TRANSF,RETIRO_TARJETA,PRESTAMO,2253.4,81122.0
4090,4927,Moravia - Adulto (30-50),SERVICIOS_HOGAR,TRANSF_SALIENTE,INGRESO_TRANSF,,
4091,4928,Bohemia - Joven (<30),RETIRO_TARJETA,INGRESO_TRANSF,PRESTAMO,2370.12,85324.0
4092,4929,Moravia - Adulto Mayor (>50),SERVICIOS_HOGAR,PENSION,TRANSF_SALIENTE,,
4093,4930,Praga - Joven (<30),SERVICIOS_HOGAR,TRANSF_SALIENTE,RETIRO_TARJETA,,
4099,4937,Moravia - Adulto (30-50),INGRESO_TRANSF,LEASING,PENSION,,
4102,4941,Moravia - Joven (<30),SERVICIOS_HOGAR,TRANSF_SALIENTE,INGRESO_TRANSF,,
4103,4942,Bohemia - Adulto (30-50),SERVICIOS_HOGAR,TRANSF_SALIENTE,INGRESO_TRANSF,,
4105,4944,Moravia - Joven (<30),SERVICIOS_HOGAR,TRANSF_SALIENTE,INGRESO_TRANSF,,
4109,4949,Moravia - Joven (<30),SERVICIOS_HOGAR,TRANSF_SALIENTE,INGRESO_TRANSF,,
4116,4956,Bohemia - Adulto Mayor (>50),PENSION,TRANSF_SALIENTE,RETIRO_TARJETA,,
4119,4959,Moravia - Joven (<30),SERVICIOS_HOGAR,TRANSF_SALIENTE,INGRESO_TRANSF,,
4121,4961,Moravia - Joven (<30),SERVICIOS_HOGAR,TRANSF_SALIENTE,INGRESO_TRANSF,,
4127,4968,Bohemia - Adulto Mayor (>50),PENSION,RETIRO_TARJETA,INGRESO_TRANSF,,
4128,4969,Moravia - Adulto (30-50),TRANSF_SALIENTE,INGRESO_TRANSF,PRESTAMO,1752.64,63095.0
4130,4972,Moravia - Joven (<30),SERVICIOS_HOGAR,TRANSF_SALIENTE,INGRESO_TRANSF,,
4131,4974,Bohemia - Adulto (30-50),INGRESO_TRANSF,RETIRO_TARJETA,PRESTAMO,3723.07,134030.0
4132,4976,Bohemia - Joven (<30),SERVICIOS_HOGAR,TRANSF_SALIENTE,RETIRO_TARJETA,,
4134,4979,Bohemia - Adulto Mayor (>50),PENSION,TRANSF_SALIENTE,RETIRO_TARJETA,,
4140,4989,Bohemia - Adulto Mayor (>50),SERVICIOS_HOGAR,PENSION,TRANSF_SALIENTE,,
4143,4992,Moravia - Joven (<30),SERVICIOS_HOGAR,TRANSF_SALIENTE,INGRESO_TRANSF,,
4144,4993,Praga - Joven (<30),TRANSF_SALIENTE,RETIRO_TARJETA,INGRESO_TRANSF,,
4150,5002,Moravia - Joven (<30),INGRESO_TRANSF,PRESTAMO,PENSION,2488.73,89594.0
4156,5010,Bohemia - Adulto (30-50),TRANSF_SALIENTE,INGRESO_TRANSF,RETIRO_TARJETA,,
4158,5012,Bohemia - Joven (<30),SERVICIOS_HOGAR,TRANSF_SALIENTE,PRESTAMO,2519.31,90695.0
4159,5013,Praga - Joven (<30),SERVICIOS_HOGAR,TRANSF_SALIENTE,INGRESO_TRANSF,,
4161,5016,Praga - Adulto Mayor (>50),SERVICIOS_HOGAR,PENSION,TRANSF_SALIENTE,,
4171,5028,Bohemia - Joven (<30),TRANSF_SALIENTE,RETIRO_TARJETA,INGRESO_TRANSF,,
4173,5030,Praga - Joven (<30),SERVICIOS_HOGAR,TRANSF_SALIENTE,RETIRO_TARJETA,,
4186,5046,Praga - Adulto Mayor (>50),PENSION,TRANSF_SALIENTE,RETIRO_TARJETA,,
4190,5050,Moravia - Adulto (30-50),INGRESO_TRANSF,RETIRO_TARJETA,LEASING,,
4195,5056,Moravia - Adulto (30-50),SERVICIOS_HOGAR,TRANSF_SALIENTE,INGRESO_TRANSF,,
4204,5067,Bohemia - Joven (<30),SERVICIOS_HOGAR,TRANSF_SALIENTE,RETIRO_TARJETA,,
4208,5072,Praga - Joven (<30),SERVICIOS_HOGAR,TRANSF_SALIENTE,RETIRO_TARJETA,,
4214,5081,Praga - Adulto (30-50),SERVICIOS_HOGAR,TRANSF_SALIENTE,RETIRO_TARJETA,,
4225,5093,Moravia - Adulto (30-50),SERVICIOS_HOGAR,TRANSF_SALIENTE,INGRESO_TRANSF,,
4237,5107,Bohemia - Adulto Mayor (>50),SERVICIOS_HOGAR,PENSION,TRANSF_SALIENTE,,
4240,5111,Bohemia - Adulto (30-50),SERVICIOS_HOGAR,TRANSF_SALIENTE,RETIRO_TARJETA,,
4245,5117,Bohemia - Joven (<30),TRANSF_SALIENTE,INGRESO_TRANSF,PRESTAMO,2898.11,104332.0
4253,5126,Bohemia - Adulto (30-50),TRANSF_SALIENTE,PRESTAMO,SEGURO,3673.86,132259.0
4254,5127,Bohemia - Joven (<30),SERVICIOS_HOGAR,TRANSF_SALIENTE,RETIRO_TARJETA,,
4255,5128,Moravia - Adulto (30-50),SERVICIOS_HOGAR,TRANSF_SALIENTE,PRESTAMO,4242.75,152739.0
4258,5132,Bohemia - Adulto (30-50),SERVICIOS_HOGAR,TRANSF_SALIENTE,INGRESO_TRANSF,,
4259,5133,Moravia - Adulto (30-50),RETIRO_TARJETA,SEGURO,LEASING,,
4260,5134,Moravia - Adulto (30-50),TRANSF_SALIENTE,RETIRO_TARJETA,SEGURO,,
4263,5137,Bohemia - Joven (<30),SERVICIOS_HOGAR,TRANSF_SALIENTE,RETIRO_TARJETA,,
4264,5138,Bohemia - Joven (<30),SERVICIOS_HOGAR,TRANSF_SALIENTE,INGRESO_TRANSF,,
4266,5141,Moravia - Adulto (30-50),TRANSF_SALIENTE,INGRESO_TRANSF,PRESTAMO,1810.12,65164.0
4268,5143,Moravia - Joven (<30),TRANSF_SALIENTE,INGRESO_TRANSF,RETIRO_TARJETA,,
4269,5145,Bohemia - Adulto (30-50),SERVICIOS_HOGAR,TRANSF_SALIENTE,INGRESO_TRANSF,,
4273,5149,Bohemia - Adulto (30-50),TRANSF_SALIENTE,INGRESO_TRANSF,RETIRO_TARJETA,,
4276,5152,Bohemia - Joven (<30),SERVICIOS_HOGAR,TRANSF_SALIENTE,RETIRO_TARJETA,,
4283,5159,Bohemia - Adulto (30-50),SERVICIOS_HOGAR,TRANSF_SALIENTE,INGRESO_TRANSF,,
4286,5163,Bohemia - Adulto (30-50),SERVICIOS_HOGAR,TRANSF_SALIENTE,INGRESO_TRANSF,,
4287,5164,Bohemia - Joven (<30),SERVICIOS_HOGAR,TRANSF_SALIENTE,RETIRO_TARJETA,,
4293,5171,Moravia - Adulto (30-50),TRANSF_SALIENTE,INGRESO_TRANSF,RETIRO_TARJETA,,
4296,5175,Moravia - Adulto (30-50),SERVICIOS_HOGAR,TRANSF_SALIENTE,INGRESO_TRANSF,,
4301,5180,Praga - Adulto Mayor (>50),SERVICIOS_HOGAR,PENSION,TRANSF_SALIENTE,,
4309,5189,Moravia - Adulto (30-50),SERVICIOS_HOGAR,TRANSF_SALIENTE,INGRESO_TRANSF,,
4318,5200,Bohemia - Adulto (30-50),TRANSF_SALIENTE,PRESTAMO,SEGURO,4015.59,144561.0
4320,5203,Moravia - Adulto Mayor (>50),SERVICIOS_HOGAR,PENSION,TRANSF_SALIENTE,,
4321,5204,Bohemia - Adulto (30-50),SERVICIOS_HOGAR,TRANSF_SALIENTE,INGRESO_TRANSF,,
4328,5212,Moravia - Adulto Mayor (>50),SERVICIOS_HOGAR,PENSION,TRANSF_SALIENTE,,
4329,5213,Praga - Joven (<30),SERVICIOS_HOGAR,TRANSF_SALIENTE,RETIRO_TARJETA,,
4330,5214,Bohemia - Joven (<30),RETIRO_TARJETA,INGRESO_TRANSF,PRESTAMO,2679.02,96445.0
4332,5217,Moravia - Adulto Mayor (>50),PENSION,TRANSF_SALIENTE,INGRESO_TRANSF,,
4336,5223,Bohemia - Joven (<30),TRANSF_SALIENTE,INGRESO_TRANSF,PRESTAMO,3335.12,120064.0
4337,5224,Bohemia - Adulto (30-50),SERVICIOS_HOGAR,TRANSF_SALIENTE,INGRESO_TRANSF,,
4342,5232,Moravia - Adulto Mayor (>50),PENSION,TRANSF_SALIENTE,INGRESO_TRANSF,,
4343,5233,Moravia - Adulto (30-50),SERVICIOS_HOGAR,TRANSF_SALIENTE,INGRESO_TRANSF,,
4346,5236,Bohemia - Joven (<30),RETIRO_TARJETA,INGRESO_TRANSF,PRESTAMO,3608.21,129896.0
4347,5237,Praga - Joven (<30),SERVICIOS_HOGAR,TRANSF_SALIENTE,RETIRO_TARJETA,,
4349,5240,Moravia - Adulto Mayor (>50),SERVICIOS_HOGAR,PENSION,TRANSF_SALIENTE,,
4350,5241,Moravia - Joven (<30),SERVICIOS_HOGAR,TRANSF_SALIENTE,INGRESO_TRANSF,,
4352,5243,Bohemia - Joven (<30),TRANSF_SALIENTE,INGRESO_TRANSF,PRESTAMO,2938.12,105772.0
4354,5245,Bohemia - Adulto Mayor (>50),PENSION,TRANSF_SALIENTE,RETIRO_TARJETA,,
4355,5246,Moravia - Joven (<30),SERVICIOS_HOGAR,TRANSF_SALIENTE,INGRESO_TRANSF,,
4356,5247,Bohemia - Adulto Mayor (>50),SERVICIOS_HOGAR,PENSION,TRANSF_SALIENTE,,
4358,5249,Bohemia - Joven (<30),SERVICIOS_HOGAR,TRANSF_SALIENTE,INGRESO_TRANSF,,
4361,5253,Moravia - Adulto Mayor (>50),SERVICIOS_HOGAR,PENSION,TRANSF_SALIENTE,,
4368,5263,Praga - Adulto (30-50),SERVICIOS_HOGAR,TRANSF_SALIENTE,PRESTAMO,2463.39,88682.0
4375,5273,Bohemia - Adulto (30-50),SERVICIOS_HOGAR,TRANSF_SALIENTE,RETIRO_TARJETA,,
4377,5275,Bohemia - Adulto (30-50),SERVICIOS_HOGAR,TRANSF_SALIENTE,INGRESO_TRANSF,,
4379,5277,Bohemia - Adulto (30-50),SERVICIOS_HOGAR,TRANSF_SALIENTE,INGRESO_TRANSF,,
4383,5281,Moravia - Adulto Mayor (>50),PENSION,INGRESO_TRANSF,PRESTAMO,2971.48,106973.0
4385,5283,Bohemia - Joven (<30),SERVICIOS_HOGAR,TRANSF_SALIENTE,RETIRO_TARJETA,,
4386,5284,Bohemia - Joven (<30),TRANSF_SALIENTE,RETIRO_TARJETA,INGRESO_TRANSF,,
4389,5287,Moravia - Joven (<30),SERVICIOS_HOGAR,TRANSF_SALIENTE,INGRESO_TRANSF,,
4405,5308,Bohemia - Joven (<30),SERVICIOS_HOGAR,TRANSF_SALIENTE,RETIRO_TARJETA,,
4408,5312,Moravia - Adulto Mayor (>50),PENSION,TRANSF_SALIENTE,INGRESO_TRANSF,,
4413,5318,Moravia - Adulto (30-50),TRANSF_SALIENTE,RETIRO_TARJETA,SEGURO,,
4414,5320,Bohemia - Adulto (30-50),INGRESO_TRANSF,RETIRO_TARJETA,SEGURO,,
4415,5322,Moravia - Adulto (30-50),INGRESO_TRANSF,RETIRO_TARJETA,LEASING,,
4416,5323,Bohemia - Joven (<30),SERVICIOS_HOGAR,TRANSF_SALIENTE,INGRESO_TRANSF,,
4418,5325,Moravia - Joven (<30),INGRESO_TRANSF,RETIRO_TARJETA,PRESTAMO,1204.04,43345.0
4423,5333,Bohemia - Adulto (30-50),INGRESO_TRANSF,SEGURO,LEASING,,
4424,5334,Bohemia - Adulto Mayor (>50),SERVICIOS_HOGAR,PENSION,TRANSF_SALIENTE,,
4427,5337,Praga - Adulto (30-50),TRANSF_SALIENTE,RETIRO_TARJETA,INGRESO_TRANSF,,
4434,5347,Bohemia - Adulto (30-50),TRANSF_SALIENTE,INGRESO_TRANSF,RETIRO_TARJETA,,
4437,5352,Bohemia - Joven (<30),SERVICIOS_HOGAR,TRANSF_SALIENTE,RETIRO_TARJETA,,
4438,5353,Bohemia - Adulto (30-50),SERVICIOS_HOGAR,TRANSF_SALIENTE,INGRESO_TRANSF,,
4439,5354,Bohemia - Adulto (30-50),SERVICIOS_HOGAR,TRANSF_SALIENTE,INGRESO_TRANSF,,
4442,5358,Moravia - Adulto Mayor (>50),PENSION,TRANSF_SALIENTE,INGRESO_TRANSF,,
4445,5362,Bohemia - Adulto Mayor (>50),SERVICIOS_HOGAR,PENSION,TRANSF_SALIENTE,,
4447,5364,Moravia - Adulto (30-50),SERVICIOS_HOGAR,TRANSF_SALIENTE,INGRESO_TRANSF,,
4448,5366,Moravia - Joven (<30),SERVICIOS_HOGAR,TRANSF_SALIENTE,INGRESO_TRANSF,,
4454,5374,Moravia - Adulto Mayor (>50),SERVICIOS_HOGAR,PENSION,TRANSF_SALIENTE,,
4456,5376,Bohemia - Joven (<30),SERVICIOS_HOGAR,TRANSF_SALIENTE,INGRESO_TRANSF,,
4458,5379,Moravia - Joven (<30),SERVICIOS_HOGAR,TRANSF_SALIENTE,INGRESO_TRANSF,,
4462,5384,Moravia - Adulto Mayor (>50),SERVICIOS_HOGAR,PENSION,TRANSF_SALIENTE,,
4463,5385,Moravia - Joven (<30),SERVICIOS_HOGAR,TRANSF_SALIENTE,INGRESO_TRANSF,,
4467,5389,Bohemia - Adulto (30-50),TRANSF_SALIENTE,RETIRO_TARJETA,SEGURO,,
4470,5392,Bohemia - Adulto (30-50),SERVICIOS_HOGAR,TRANSF_SALIENTE,RETIRO_TARJETA,,
4471,5393,Bohemia - Adulto (30-50),TRANSF_SALIENTE,RETIRO_TARJETA,PRESTAMO,2364.53,85123.0
4473,5395,Bohemia - Adulto (30-50),INGRESO_TRANSF,RETIRO_TARJETA,SEGURO,,
4475,5397,Moravia - Joven (<30),SERVICIOS_HOGAR,TRANSF_SALIENTE,RETIRO_TARJETA,,
4476,5399,Bohemia - Joven (<30),RETIRO_TARJETA,INGRESO_TRANSF,LEASING,,
4478,5402,Bohemia - Adulto (30-50),SERVICIOS_HOGAR,TRANSF_SALIENTE,INGRESO_TRANSF,,
4480,5404,Moravia - Joven (<30),SERVICIOS_HOGAR,TRANSF_SALIENTE,INGRESO_TRANSF,,
4484,5409,Bohemia - Adulto Mayor (>50),SERVICIOS_HOGAR,PENSION,TRANSF_SALIENTE,,
4488,5413,Bohemia - Adulto Mayor (>50),SERVICIOS_HOGAR,PENSION,TRANSF_SALIENTE,,
4493,5420,Moravia - Adulto Mayor (>50),SERVICIOS_HOGAR,PENSION,TRANSF_SALIENTE,,
4503,5433,Bohemia - Joven (<30),SERVICIOS_HOGAR,TRANSF_SALIENTE,INGRESO_TRANSF,,
4511,5441,Bohemia - Adulto (30-50),TRANSF_SALIENTE,INGRESO_TRANSF,RETIRO_TARJETA,,
4514,5445,Moravia - Adulto (30-50),SERVICIOS_HOGAR,TRANSF_SALIENTE,PRESTAMO,3732.55,134372.0
4519,5450,Bohemia - Adulto Mayor (>50),SERVICIOS_HOGAR,PENSION,TRANSF_SALIENTE,,
4526,5460,Moravia - Adulto (30-50),SERVICIOS_HOGAR,TRANSF_SALIENTE,INGRESO_TRANSF,,
4527,5461,Bohemia - Adulto (30-50),SERVICIOS_HOGAR,TRANSF_SALIENTE,INGRESO_TRANSF,,
4533,5468,Moravia - Adulto Mayor (>50),PENSION,TRANSF_SALIENTE,INGRESO_TRANSF,,
4534,5469,Moravia - Joven (<30),SERVICIOS_HOGAR,TRANSF_SALIENTE,INGRESO_TRANSF,,
4537,5472,Moravia - Adulto (30-50),SERVICIOS_HOGAR,TRANSF_SALIENTE,INGRESO_TRANSF,,
4538,5473,Moravia - Adulto (30-50),SERVICIOS_HOGAR,TRANSF_SALIENTE,INGRESO_TRANSF,,
4543,5478,Bohemia - Adulto Mayor (>50),SERVICIOS_HOGAR,PENSION,TRANSF_SALIENTE,,
4550,5487,Moravia - Adulto Mayor (>50),PENSION,INGRESO_TRANSF,RETIRO_TARJETA,,
4576,5517,Moravia - Adulto (30-50),TRANSF_SALIENTE,INGRESO_TRANSF,RETIRO_TARJETA,,
4580,5521,Bohemia - Joven (<30),TRANSF_SALIENTE,INGRESO_TRANSF,SEGURO,,
4585,5526,Bohemia - Adulto Mayor (>50),PENSION,TRANSF_SALIENTE,INGRESO_TRANSF,,
4588,5530,Bohemia - Adulto (30-50),SERVICIOS_HOGAR,TRANSF_SALIENTE,INGRESO_TRANSF,,
4589,5531,Bohemia - Joven (<30),SERVICIOS_HOGAR,TRANSF_SALIENTE,RETIRO_TARJETA,,
4596,5539,Moravia - Adulto Mayor (>50),SERVICIOS_HOGAR,PENSION,TRANSF_SALIENTE,,
4616,5563,Praga - Joven (<30),TRANSF_SALIENTE,INGRESO_TRANSF,SEGURO,,
4618,5565,Bohemia - Adulto (30-50),TRANSF_SALIENTE,INGRESO_TRANSF,RETIRO_TARJETA,,
4626,5574,Bohemia - Joven (<30),SERVICIOS_HOGAR,TRANSF_SALIENTE,RETIRO_TARJETA,,
4631,5579,Moravia - Adulto (30-50),SERVICIOS_HOGAR,TRANSF_SALIENTE,SEGURO,,
4650,5606,Bohemia - Joven (<30),RETIRO_TARJETA,INGRESO_TRANSF,SEGURO,,
4659,5617,Moravia - Adulto (30-50),SERVICIOS_HOGAR,TRANSF_SALIENTE,INGRESO_TRANSF,,
4660,5618,Moravia - Adulto (30-50),RETIRO_TARJETA,LEASING,PENSION,,
4681,5642,Moravia - Adulto (30-50),RETIRO_TARJETA,SEGURO,LEASING,,
4715,5684,Bohemia - Adulto (30-50),SERVICIOS_HOGAR,TRANSF_SALIENTE,SEGURO,,
4725,5699,Moravia - Adulto (30-50),TRANSF_SALIENTE,RETIRO_TARJETA,SEGURO,,
4727,5701,Bohemia - Adulto (30-50),RETIRO_TARJETA,SEGURO,LEASING,,
4729,5704,Moravia - Joven (<30),SERVICIOS_HOGAR,TRANSF_SALIENTE,INGRESO_TRANSF,,
4743,5722,Moravia - Adulto (30-50),SERVICIOS_HOGAR,TRANSF_SALIENTE,INGRESO_TRANSF,,
4746,5727,Moravia - Adulto (30-50),SERVICIOS_HOGAR,TRANSF_SALIENTE,INGRESO_TRANSF,,
4753,5736,Praga - Adulto (30-50),SERVICIOS_HOGAR,TRANSF_SALIENTE,RETIRO_TARJETA,,
4768,5753,Bohemia - Adulto Mayor (>50),SERVICIOS_HOGAR,PENSION,TRANSF_SALIENTE,,
4774,5760,Moravia - Adulto Mayor (>50),PENSION,TRANSF_SALIENTE,INGRESO_TRANSF,,
4784,5774,Bohemia - Adulto (30-50),SERVICIOS_HOGAR,TRANSF_SALIENTE,RETIRO_TARJETA,,
4794,5788,Moravia - Adulto (30-50),INGRESO_TRANSF,RETIRO_TARJETA,LEASING,,
4803,5801,Bohemia - Joven (<30),SERVICIOS_HOGAR,TRANSF_SALIENTE,RETIRO_TARJETA,,
4825,5826,Bohemia - Adulto (30-50),SERVICIOS_HOGAR,TRANSF_SALIENTE,RETIRO_TARJETA,,
4851,5858,Bohemia - Adulto (30-50),TRANSF_SALIENTE,INGRESO_TRANSF,RETIRO_TARJETA,,
4852,5860,Bohemia - Adulto (30-50),TRANSF_SALIENTE,INGRESO_TRANSF,RETIRO_TARJETA,,
4858,5866,Moravia - Joven (<30),SERVICIOS_HOGAR,TRANSF_SALIENTE,RETIRO_TARJETA,,
4863,5873,Bohemia - Joven (<30),SEGURO,LEASING,PENSION,,
4894,5911,Bohemia - Adulto Mayor (>50),SERVICIOS_HOGAR,PENSION,TRANSF_SALIENTE,,
4907,5928,Bohemia - Joven (<30),RETIRO_TARJETA,INGRESO_TRANSF,LEASING,,
4937,5965,Bohemia - Adulto (30-50),INGRESO_TRANSF,RETIRO_TARJETA,SEGURO,,
4948,5977,Bohemia - Joven (<30),TRANSF_SALIENTE,RETIRO_TARJETA,INGRESO_TRANSF,,
4949,5978,Bohemia - Adulto Mayor (>50),SERVICIOS_HOGAR,PENSION,TRANSF_SALIENTE,,
4969,6001,Moravia - Adulto Mayor (>50),PENSION,INGRESO_TRANSF,RETIRO_TARJETA,,
4981,6015,Moravia - Joven (<30),TRANSF_SALIENTE,INGRESO_TRANSF,RETIRO_TARJETA,,
4994,6033,Praga - Adulto (30-50),SERVICIOS_HOGAR,TRANSF_SALIENTE,RETIRO_TARJETA,,
4995,6034,Bohemia - Adulto Mayor (>50),SERVICIOS_HOGAR,PENSION,TRANSF_SALIENTE,,
4999,6039,Praga - Adulto (30-50),SEGURO,LEASING,PENSION,,
5001,6042,Moravia - Adulto (30-50),TRANSF_SALIENTE,INGRESO_TRANSF,RETIRO_TARJETA,,
5011,6052,Bohemia - Adulto (30-50),TRANSF_SALIENTE,INGRESO_TRANSF,RETIRO_TARJETA,,
5024,6067,Moravia - Adulto (30-50),SERVICIOS_HOGAR,TRANSF_SALIENTE,INGRESO_TRANSF,,
5033,6077,Moravia - Joven (<30),INGRESO_TRANSF,RETIRO_TARJETA,LEASING,,
5063,6112,Bohemia - Adulto (30-50),SERVICIOS_HOGAR,TRANSF_SALIENTE,INGRESO_TRANSF,,
5065,6114,Moravia - Adulto Mayor (>50),SERVICIOS_HOGAR,PENSION,TRANSF_SALIENTE,,
5066,6115,Bohemia - Adulto (30-50),INGRESO_TRANSF,RETIRO_TARJETA,LEASING,,
5072,6122,Bohemia - Adulto (30-50),INGRESO_TRANSF,RETIRO_TARJETA,LEASING,,
5092,6144,Moravia - Adulto (30-50),TRANSF_SALIENTE,PRESTAMO,RETIRO_TARJETA,829.04,29846.0
5118,6175,Moravia - Adulto (30-50),INGRESO_TRANSF,RETIRO_TARJETA,SEGURO,,
5120,6178,Praga - Adulto Mayor (>50),PENSION,TRANSF_SALIENTE,INGRESO_TRANSF,,
5125,6183,Praga - Adulto (30-50),SERVICIOS_HOGAR,TRANSF_SALIENTE,RETIRO_TARJETA,,
5126,6185,Moravia - Adulto Mayor (>50),PENSION,TRANSF_SALIENTE,INGRESO_TRANSF,,
5129,6191,Moravia - Adulto (30-50),TRANSF_SALIENTE,INGRESO_TRANSF,PRESTAMO,2828.73,101834.0
5133,6196,Moravia - Adulto Mayor (>50),PENSION,INGRESO_TRANSF,RETIRO_TARJETA,,
5164,6235,Bohemia - Adulto Mayor (>50),PENSION,TRANSF_SALIENTE,RETIRO_TARJETA,,
5180,6255,Moravia - Adulto Mayor (>50),SERVICIOS_HOGAR,PENSION,TRANSF_SALIENTE,,
5181,6257,Moravia - Adulto Mayor (>50),SERVICIOS_HOGAR,PENSION,TRANSF_SALIENTE,,
5194,6272,Praga - Adulto Mayor (>50),PENSION,TRANSF_SALIENTE,RETIRO_TARJETA,,
5196,6275,Bohemia - Adulto (30-50),TRANSF_SALIENTE,INGRESO_TRANSF,RETIRO_TARJETA,,
5213,6299,Praga - Adulto Mayor (>50),SERVICIOS_HOGAR,PENSION,TRANSF_SALIENTE,,
5215,6301,Moravia - Adulto (30-50),INGRESO_TRANSF,LEASING,PENSION,,
5228,6317,Moravia - Adulto (30-50),SERVICIOS_HOGAR,TRANSF_SALIENTE,RETIRO_TARJETA,,
5250,6342,Bohemia - Adulto (30-50),SERVICIOS_HOGAR,TRANSF_SALIENTE,INGRESO_TRANSF,,
5256,6349,Moravia - Joven (<30),SERVICIOS_HOGAR,TRANSF_SALIENTE,INGRESO_TRANSF,,
5263,6359,Moravia - Joven (<30),TRANSF_SALIENTE,INGRESO_TRANSF,RETIRO_TARJETA,,
5267,6363,Bohemia - Joven (<30),SERVICIOS_HOGAR,TRANSF_SALIENTE,RETIRO_TARJETA,,
5269,6366,Bohemia - Adulto (30-50),INGRESO_TRANSF,RETIRO_TARJETA,SEGURO,,
5270,6367,Bohemia - Joven (<30),SERVICIOS_HOGAR,TRANSF_SALIENTE,RETIRO_TARJETA,,
5283,6383,Bohemia - Joven (<30),TRANSF_SALIENTE,RETIRO_TARJETA,SEGURO,,
5290,6391,Bohemia - Adulto (30-50),INGRESO_TRANSF,RETIRO_TARJETA,PRESTAMO,1949.54,70183.0
5305,6408,Bohemia - Adulto (30-50),SERVICIOS_HOGAR,TRANSF_SALIENTE,RETIRO_TARJETA,,
5313,6417,Bohemia - Adulto (30-50),INGRESO_TRANSF,RETIRO_TARJETA,LEASING,,
5317,6422,Bohemia - Adulto (30-50),TRANSF_SALIENTE,RETIRO_TARJETA,SEGURO,,
5343,6452,Moravia - Adulto Mayor (>50),SERVICIOS_HOGAR,PENSION,TRANSF_SALIENTE,,
5357,6468,Moravia - Adulto Mayor (>50),SERVICIOS_HOGAR,PENSION,TRANSF_SALIENTE,,
5358,6469,Bohemia - Adulto (30-50),TRANSF_SALIENTE,INGRESO_TRANSF,RETIRO_TARJETA,,
5362,6473,Moravia - Adulto Mayor (>50),PENSION,RETIRO_TARJETA,SEGURO,,
5366,6478,Bohemia - Adulto (30-50),SERVICIOS_HOGAR,TRANSF_SALIENTE,INGRESO_TRANSF,,
5369,6481,Praga - Adulto (30-50),SERVICIOS_HOGAR,TRANSF_SALIENTE,RETIRO_TARJETA,,
5372,6485,Bohemia - Adulto (30-50),SERVICIOS_HOGAR,TRANSF_SALIENTE,INGRESO_TRANSF,,
5385,6499,Bohemia - Adulto (30-50),TRANSF_SALIENTE,RETIRO_TARJETA,SEGURO,,
5387,6501,Praga - Joven (<30),TRANSF_SALIENTE,RETIRO_TARJETA,INGRESO_TRANSF,,
5395,6511,Bohemia - Adulto (30-50),SERVICIOS_HOGAR,TRANSF_SALIENTE,INGRESO_TRANSF,,
5422,6544,Moravia - Joven (<30),INGRESO_TRANSF,RETIRO_TARJETA,LEASING,,
5423,6546,Praga - Adulto (30-50),RETIRO_TARJETA,INGRESO_TRANSF,PRESTAMO,2250.77,81028.0
5428,6551,Bohemia - Adulto Mayor (>50),PENSION,TRANSF_SALIENTE,RETIRO_TARJETA,,
5429,6552,Moravia - Adulto (30-50),SERVICIOS_HOGAR,TRANSF_SALIENTE,INGRESO_TRANSF,,
5442,6567,Bohemia - Joven (<30),INGRESO_TRANSF,LEASING,PENSION,,
5445,6571,Moravia - Joven (<30),RETIRO_TARJETA,LEASING,PENSION,,
5472,6604,Moravia - Adulto Mayor (>50),SERVICIOS_HOGAR,PENSION,TRANSF_SALIENTE,,
5477,6610,Moravia - Adulto (30-50),TRANSF_SALIENTE,INGRESO_TRANSF,SEGURO,,
5481,6616,Praga - Adulto (30-50),SERVICIOS_HOGAR,TRANSF_SALIENTE,RETIRO_TARJETA,,
5483,6619,Bohemia - Adulto Mayor (>50),SERVICIOS_HOGAR,PENSION,TRANSF_SALIENTE,,
5505,6644,Praga - Adulto (30-50),SERVICIOS_HOGAR,TRANSF_SALIENTE,INGRESO_TRANSF,,
5541,6691,Bohemia - Adulto Mayor (>50),PENSION,RETIRO_TARJETA,INGRESO_TRANSF,,
5546,6698,Bohemia - Adulto (30-50),SERVICIOS_HOGAR,TRANSF_SALIENTE,RETIRO_TARJETA,,
5572,6729,Bohemia - Adulto (30-50),TRANSF_SALIENTE,INGRESO_TRANSF,RETIRO_TARJETA,,
5574,6731,Bohemia - Adulto Mayor (>50),PENSION,TRANSF_SALIENTE,RETIRO_TARJETA,,
5591,6749,Bohemia - Adulto Mayor (>50),PENSION,RETIRO_TARJETA,LEASING,,
5593,6753,Bohemia - Adulto (30-50),TRANSF_SALIENTE,INGRESO_TRANSF,SEGURO,,
5602,6764,Bohemia - Adulto Mayor (>50),SERVICIOS_HOGAR,PENSION,TRANSF_SALIENTE,,
5622,6789,Moravia - Joven (<30),INGRESO_TRANSF,SEGURO,LEASING,,
5628,6798,Moravia - Adulto Mayor (>50),SERVICIOS_HOGAR,PENSION,TRANSF_SALIENTE,,
5632,6803,Bohemia - Joven (<30),SERVICIOS_HOGAR,TRANSF_SALIENTE,RETIRO_TARJETA,,
5648,6827,Moravia - Joven (<30),SERVICIOS_HOGAR,TRANSF_SALIENTE,RETIRO_TARJETA,,
5650,6829,Bohemia - Adulto (30-50),TRANSF_SALIENTE,RETIRO_TARJETA,SEGURO,,
5661,6844,Moravia - Joven (<30),SERVICIOS_HOGAR,TRANSF_SALIENTE,INGRESO_TRANSF,,
5692,6886,Moravia - Adulto Mayor (>50),SERVICIOS_HOGAR,PENSION,TRANSF_SALIENTE,,
5698,6892,Praga - Adulto (30-50),TRANSF_SALIENTE,RETIRO_TARJETA,INGRESO_TRANSF,,
5700,6895,Bohemia - Joven (<30),SERVICIOS_HOGAR,TRANSF_SALIENTE,RETIRO_TARJETA,,
5708,6906,Moravia - Adulto (30-50),TRANSF_SALIENTE,INGRESO_TRANSF,PRESTAMO,2577.93,92805.0
5724,6922,Bohemia - Adulto Mayor (>50),PENSION,RETIRO_TARJETA,LEASING,,
5726,6924,Bohemia - Adulto (30-50),TRANSF_SALIENTE,INGRESO_TRANSF,RETIRO_TARJETA,,
5735,6936,Bohemia - Adulto (30-50),SERVICIOS_HOGAR,TRANSF_SALIENTE,INGRESO_TRANSF,,
5740,6944,Bohemia - Joven (<30),SERVICIOS_HOGAR,TRANSF_SALIENTE,RETIRO_TARJETA,,
5742,6946,Moravia - Joven (<30),SERVICIOS_HOGAR,TRANSF_SALIENTE,INGRESO_TRANSF,,
5758,6967,Bohemia - Adulto (30-50),RETIRO_TARJETA,PRESTAMO,LEASING,1838.68,66193.0
5767,6978,Bohemia - Adulto (30-50),TRANSF_SALIENTE,INGRESO_TRANSF,RETIRO_TARJETA,,
5774,6987,Praga - Adulto (30-50),RETIRO_TARJETA,INGRESO_TRANSF,SEGURO,,
5794,7010,Moravia - Adulto (30-50),SERVICIOS_HOGAR,TRANSF_SALIENTE,INGRESO_TRANSF,,
5817,7043,Moravia - Adulto Mayor (>50),PENSION,INGRESO_TRANSF,PRESTAMO,3191.4,114890.0
5837,7065,Bohemia - Joven (<30),SERVICIOS_HOGAR,TRANSF_SALIENTE,RETIRO_TARJETA,,
5868,7100,Bohemia - Adulto (30-50),SERVICIOS_HOGAR,TRANSF_SALIENTE,INGRESO_TRANSF,,
5870,7102,Moravia - Adulto (30-50),SERVICIOS_HOGAR,TRANSF_SALIENTE,INGRESO_TRANSF,,
5878,7112,Moravia - Adulto (30-50),SERVICIOS_HOGAR,TRANSF_SALIENTE,INGRESO_TRANSF,,
5891,7127,Bohemia - Adulto (30-50),SERVICIOS_HOGAR,TRANSF_SALIENTE,SEGURO,,
5912,7150,Bohemia - Adulto (30-50),TRANSF_SALIENTE,RETIRO_TARJETA,SEGURO,,
5927,7166,Bohemia - Adulto (30-50),TRANSF_SALIENTE,RETIRO_TARJETA,SEGURO,,
5944,7186,Bohemia - Adulto Mayor (>50),PENSION,TRANSF_SALIENTE,INGRESO_TRANSF,,
5952,7195,Bohemia - Adulto (30-50),LEASING,PENSION,,,
5984,7234,Bohemia - Adulto (30-50),SERVICIOS_HOGAR,TRANSF_SALIENTE,INGRESO_TRANSF,,
5991,7241,Moravia - Adulto (30-50),INGRESO_TRANSF,RETIRO_TARJETA,SEGURO,,
6030,7286,Bohemia - Joven (<30),SERVICIOS_HOGAR,TRANSF_SALIENTE,INGRESO_TRANSF,,
6034,7291,Moravia - Adulto Mayor (>50),SERVICIOS_HOGAR,PENSION,TRANSF_SALIENTE,,
6040,7299,Praga - Adulto Mayor (>50),PENSION,RETIRO_TARJETA,INGRESO_TRANSF,,
6051,7311,Moravia - Adulto (30-50),TRANSF_SALIENTE,INGRESO_TRANSF,RETIRO_TARJETA,,
6061,7324,Praga - Adulto (30-50),TRANSF_SALIENTE,RETIRO_TARJETA,INGRESO_TRANSF,,
6062,7325,Bohemia - Joven (<30),TRANSF_SALIENTE,RETIRO_TARJETA,SEGURO,,
6064,7327,Bohemia - Adulto (30-50),SERVICIOS_HOGAR,TRANSF_SALIENTE,INGRESO_TRANSF,,
6075,7339,Bohemia - Joven (<30),TRANSF_SALIENTE,RETIRO_TARJETA,INGRESO_TRANSF,,
6083,7348,Bohemia - Joven (<30),TRANSF_SALIENTE,RETIRO_TARJETA,INGRESO_TRANSF,,
6097,7366,Bohemia - Joven (<30),TRANSF_SALIENTE,RETIRO_TARJETA,INGRESO_TRANSF,,
6118,7390,Praga - Adulto Mayor (>50),PENSION,TRANSF_SALIENTE,RETIRO_TARJETA,,
6138,7411,Moravia - Adulto (30-50),TRANSF_SALIENTE,RETIRO_TARJETA,SEGURO,,
6148,7422,Moravia - Adulto (30-50),TRANSF_SALIENTE,INGRESO_TRANSF,SEGURO,,
6157,7434,Bohemia - Adulto Mayor (>50),PENSION,TRANSF_SALIENTE,INGRESO_TRANSF,,
6158,7435,Moravia - Adulto (30-50),SERVICIOS_HOGAR,TRANSF_SALIENTE,INGRESO_TRANSF,,
6226,7521,Moravia - Adulto (30-50),SERVICIOS_HOGAR,TRANSF_SALIENTE,RETIRO_TARJETA,,
6265,7567,Bohemia - Adulto Mayor (>50),PENSION,TRANSF_SALIENTE,INGRESO_TRANSF,,
6273,7576,Bohemia - Adulto (30-50),SERVICIOS_HOGAR,TRANSF_SALIENTE,INGRESO_TRANSF,,
6281,7586,Moravia - Joven (<30),SERVICIOS_HOGAR,TRANSF_SALIENTE,RETIRO_TARJETA,,
6289,7594,Moravia - Adulto (30-50),SERVICIOS_HOGAR,TRANSF_SALIENTE,INGRESO_TRANSF,,
6306,7614,Moravia - Joven (<30),SERVICIOS_HOGAR,TRANSF_SALIENTE,INGRESO_TRANSF,,
6321,7632,Praga - Adulto Mayor (>50),PENSION,TRANSF_SALIENTE,RETIRO_TARJETA,,
6353,7672,Bohemia - Adulto (30-50),INGRESO_TRANSF,SEGURO,LEASING,,
6358,7678,Bohemia - Adulto (30-50),TRANSF_SALIENTE,RETIRO_TARJETA,SEGURO,,
6363,7683,Bohemia - Adulto Mayor (>50),SERVICIOS_HOGAR,PENSION,TRANSF_SALIENTE,,
6397,7723,Bohemia - Adulto (30-50),SERVICIOS_HOGAR,TRANSF_SALIENTE,RETIRO_TARJETA,,
6400,7727,Bohemia - Adulto (30-50),INGRESO_TRANSF,RETIRO_TARJETA,LEASING,,
6425,7753,Moravia - Joven (<30),TRANSF_SALIENTE,INGRESO_TRANSF,RETIRO_TARJETA,,
6434,7765,Praga - Adulto (30-50),TRANSF_SALIENTE,RETIRO_TARJETA,INGRESO_TRANSF,,
6440,7772,Praga - Joven (<30),SERVICIOS_HOGAR,TRANSF_SALIENTE,RETIRO_TARJETA,,
6453,7787,Bohemia - Adulto (30-50),INGRESO_TRANSF,RETIRO_TARJETA,LEASING,,
6461,7796,Bohemia - Joven (<30),SERVICIOS_HOGAR,TRANSF_SALIENTE,RETIRO_TARJETA,,
6463,7800,Bohemia - Adulto (30-50),TRANSF_SALIENTE,INGRESO_TRANSF,RETIRO_TARJETA,,
6472,7814,Moravia - Joven (<30),SERVICIOS_HOGAR,TRANSF_SALIENTE,RETIRO_TARJETA,,
6473,7815,Bohemia - Adulto Mayor (>50),SERVICIOS_HOGAR,PENSION,TRANSF_SALIENTE,,
6495,7843,Bohemia - Adulto (30-50),TRANSF_SALIENTE,INGRESO_TRANSF,RETIRO_TARJETA,,
6505,7855,Bohemia - Adulto (30-50),SERVICIOS_HOGAR,TRANSF_SALIENTE,INGRESO_TRANSF,,
6510,7862,Moravia - Adulto (30-50),SERVICIOS_HOGAR,TRANSF_SALIENTE,INGRESO_TRANSF,,
6511,7863,Moravia - Adulto (30-50),SERVICIOS_HOGAR,TRANSF_SALIENTE,INGRESO_TRANSF,,
6512,7864,Bohemia - Adulto Mayor (>50),SERVICIOS_HOGAR,PENSION,TRANSF_SALIENTE,,
6555,7914,Bohemia - Adulto (30-50),SERVICIOS_HOGAR,TRANSF_SALIENTE,INGRESO_TRANSF,,
6592,7959,Praga - Joven (<30),TRANSF_SALIENTE,INGRESO_TRANSF,SEGURO,,
6602,7970,Moravia - Adulto (30-50),TRANSF_SALIENTE,INGRESO_TRANSF,PRESTAMO,1502.63,54095.0
6609,7980,Bohemia - Joven (<30),RETIRO_TARJETA,INGRESO_TRANSF,SEGURO,,
6636,8013,Bohemia - Adulto Mayor (>50),PENSION,TRANSF_SALIENTE,RETIRO_TARJETA,,
6649,8030,Praga - Adulto (30-50),SERVICIOS_HOGAR,TRANSF_SALIENTE,INGRESO_TRANSF,,
6678,8064,Moravia - Adulto (30-50),SERVICIOS_HOGAR,TRANSF_SALIENTE,INGRESO_TRANSF,,
6686,8074,Moravia - Adulto (30-50),SERVICIOS_HOGAR,TRANSF_SALIENTE,RETIRO_TARJETA,,
6688,8076,Bohemia - Adulto (30-50),INGRESO_TRANSF,RETIRO_TARJETA,LEASING,,
6699,8089,Bohemia - Adulto (30-50),RETIRO_TARJETA,SEGURO,LEASING,,
6701,8091,Bohemia - Joven (<30),SERVICIOS_HOGAR,TRANSF_SALIENTE,RETIRO_TARJETA,,
6706,8096,Bohemia - Joven (<30),RETIRO_TARJETA,INGRESO_TRANSF,LEASING,,
6715,8105,Moravia - Adulto (30-50),SERVICIOS_HOGAR,TRANSF_SALIENTE,RETIRO_TARJETA,,
6738,8130,Moravia - Joven (<30),SERVICIOS_HOGAR,TRANSF_SALIENTE,RETIRO_TARJETA,,
6792,8200,Praga - Adulto Mayor (>50),PENSION,RETIRO_TARJETA,INGRESO_TRANSF,,
6806,8217,Moravia - Joven (<30),SERVICIOS_HOGAR,TRANSF_SALIENTE,PRESTAMO,2483.98,89423.0
6856,8276,Bohemia - Joven (<30),RETIRO_TARJETA,INGRESO_TRANSF,LEASING,,
6866,8287,Bohemia - Adulto Mayor (>50),SERVICIOS_HOGAR,PENSION,TRANSF_SALIENTE,,
6872,8295,Bohemia - Adulto (30-50),SERVICIOS_HOGAR,TRANSF_SALIENTE,PRESTAMO,2636.16,94902.0
6897,8327,Bohemia - Adulto Mayor (>50),SERVICIOS_HOGAR,PENSION,TRANSF_SALIENTE,,
6902,8333,Moravia - Adulto (30-50),INGRESO_TRANSF,RETIRO_TARJETA,SEGURO,,
6910,8342,Moravia - Joven (<30),SERVICIOS_HOGAR,TRANSF_SALIENTE,INGRESO_TRANSF,,
6922,8356,Bohemia - Joven (<30),SERVICIOS_HOGAR,TRANSF_SALIENTE,RETIRO_TARJETA,,
6924,8359,Moravia - Joven (<30),TRANSF_SALIENTE,SEGURO,LEASING,,
6927,8362,Moravia - Joven (<30),TRANSF_SALIENTE,INGRESO_TRANSF,RETIRO_TARJETA,,
6930,8366,Bohemia - Adulto (30-50),SERVICIOS_HOGAR,TRANSF_SALIENTE,INGRESO_TRANSF,,
6950,8392,Bohemia - Adulto (30-50),TRANSF_SALIENTE,INGRESO_TRANSF,SEGURO,,
6985,8432,Bohemia - Adulto (30-50),TRANSF_SALIENTE,INGRESO_TRANSF,RETIRO_TARJETA,,
7011,8463,Moravia - Adulto Mayor (>50),SERVICIOS_HOGAR,PENSION,TRANSF_SALIENTE,,
7033,8489,Moravia - Adulto (30-50),SERVICIOS_HOGAR,TRANSF_SALIENTE,INGRESO_TRANSF,,
7045,8502,Bohemia - Adulto Mayor (>50),SERVICIOS_HOGAR,PENSION,TRANSF_SALIENTE,,
7049,8506,Moravia - Joven (<30),SERVICIOS_HOGAR,TRANSF_SALIENTE,RETIRO_TARJETA,,
7052,8510,Moravia - Adulto Mayor (>50),SERVICIOS_HOGAR,PENSION,TRANSF_SALIENTE,,
7082,8548,Moravia - Adulto Mayor (>50),PENSION,INGRESO_TRANSF,RETIRO_TARJETA,,
7099,8568,Praga - Joven (<30),RETIRO_TARJETA,LEASING,PENSION,,
7101,8571,Moravia - Adulto Mayor (>50),SERVICIOS_HOGAR,PENSION,TRANSF_SALIENTE,,
7123,8598,Bohemia - Adulto (30-50),TRANSF_SALIENTE,INGRESO_TRANSF,RETIRO_TARJETA,,
7133,8610,Moravia - Adulto Mayor (>50),PENSION,INGRESO_TRANSF,RETIRO_TARJETA,,
7136,8615,Bohemia - Adulto Mayor (>50),PENSION,RETIRO_TARJETA,INGRESO_TRANSF,,
7156,8636,Moravia - Adulto Mayor (>50),SERVICIOS_HOGAR,PENSION,TRANSF_SALIENTE,,
7176,8661,Praga - Adulto (30-50),TRANSF_SALIENTE,RETIRO_TARJETA,INGRESO_TRANSF,,
7180,8666,Bohemia - Joven (<30),TRANSF_SALIENTE,RETIRO_TARJETA,SEGURO,,
7181,8667,Moravia - Adulto (30-50),INGRESO_TRANSF,RETIRO_TARJETA,LEASING,,
7184,8670,Bohemia - Adulto Mayor (>50),PENSION,RETIRO_TARJETA,INGRESO_TRANSF,,
7190,8677,Bohemia - Adulto (30-50),TRANSF_SALIENTE,INGRESO_TRANSF,RETIRO_TARJETA,,
7203,8692,Moravia - Adulto (30-50),SERVICIOS_HOGAR,TRANSF_SALIENTE,INGRESO_TRANSF,,
7231,8726,Bohemia - Adulto (30-50),SERVICIOS_HOGAR,TRANSF_SALIENTE,INGRESO_TRANSF,,
7240,8737,Bohemia - Adulto Mayor (>50),PENSION,TRANSF_SALIENTE,RETIRO_TARJETA,,
7262,8764,Moravia - Adulto Mayor (>50),PENSION,INGRESO_TRANSF,RETIRO_TARJETA,,
7274,8777,Bohemia - Adulto (30-50),TRANSF_SALIENTE,INGRESO_TRANSF,RETIRO_TARJETA,,
7401,9173,Praga - Adulto Mayor (>50),PENSION,TRANSF_SALIENTE,RETIRO_TARJETA,,
7418,9196,Bohemia - Adulto Mayor (>50),PENSION,TRANSF_SALIENTE,RETIRO_TARJETA,,
7424,9202,Moravia - Adulto (30-50),INGRESO_TRANSF,RETIRO_TARJETA,LEASING,,
7437,9217,Bohemia - Adulto Mayor (>50),PENSION,RETIRO_TARJETA,LEASING,,
7445,9226,Moravia - Adulto Mayor (>50),SERVICIOS_HOGAR,PENSION,TRANSF_SALIENTE,,
7449,9231,Bohemia - Joven (<30),SERVICIOS_HOGAR,TRANSF_SALIENTE,RETIRO_TARJETA,,
7454,9236,Bohemia - Adulto (30-50),INGRESO_TRANSF,RETIRO_TARJETA,SEGURO,,
7465,9250,Praga - Adulto (30-50),RETIRO_TARJETA,INGRESO_TRANSF,PRESTAMO,1407.72,50678.0
7485,9273,Bohemia - Adulto (30-50),TRANSF_SALIENTE,RETIRO_TARJETA,SEGURO,,
7487,9276,Bohemia - Adulto Mayor (>50),PENSION,INGRESO_TRANSF,PRESTAMO,2358.1,84892.0
7520,9313,Bohemia - Adulto (30-50),SERVICIOS_HOGAR,TRANSF_SALIENTE,INGRESO_TRANSF,,
7523,9316,Moravia - Adulto (30-50),TRANSF_SALIENTE,INGRESO_TRANSF,RETIRO_TARJETA,,
7542,9340,Moravia - Adulto (30-50),INGRESO_TRANSF,RETIRO_TARJETA,SEGURO,,
7546,9346,Bohemia - Joven (<30),RETIRO_TARJETA,LEASING,PENSION,,
7559,9362,Moravia - Joven (<30),TRANSF_SALIENTE,INGRESO_TRANSF,RETIRO_TARJETA,,
7562,9366,Moravia - Joven (<30),SERVICIOS_HOGAR,TRANSF_SALIENTE,RETIRO_TARJETA,,
7565,9370,Moravia - Joven (<30),RETIRO_TARJETA,SEGURO,LEASING,,
7594,9403,Bohemia - Joven (<30),RETIRO_TARJETA,INGRESO_TRANSF,LEASING,,
7606,9417,Bohemia - Adulto (30-50),INGRESO_TRANSF,RETIRO_TARJETA,SEGURO,,
7607,9418,Praga - Adulto (30-50),TRANSF_SALIENTE,RETIRO_TARJETA,INGRESO_TRANSF,,
7614,9427,Moravia - Joven (<30),SERVICIOS_HOGAR,TRANSF_SALIENTE,SEGURO,,
7618,9433,Moravia - Adulto Mayor (>50),SERVICIOS_HOGAR,PENSION,TRANSF_SALIENTE,,
7632,9450,Moravia - Adulto Mayor (>50),PENSION,TRANSF_SALIENTE,INGRESO_TRANSF,,
7636,9456,Bohemia - Adulto Mayor (>50),PENSION,RETIRO_TARJETA,INGRESO_TRANSF,,
7637,9457,Bohemia - Joven (<30),TRANSF_SALIENTE,INGRESO_TRANSF,SEGURO,,
7674,9505,Praga - Adulto (30-50),RETIRO_TARJETA,INGRESO_TRANSF,SEGURO,,
7713,9546,Bohemia - Adulto (30-50),TRANSF_SALIENTE,INGRESO_TRANSF,RETIRO_TARJETA,,
7721,9555,Bohemia - Adulto Mayor (>50),SERVICIOS_HOGAR,PENSION,TRANSF_SALIENTE,,
7733,9569,Bohemia - Adulto (30-50),SERVICIOS_HOGAR,TRANSF_SALIENTE,RETIRO_TARJETA,,
7745,9582,Bohemia - Adulto Mayor (>50),PENSION,TRANSF_SALIENTE,RETIRO_TARJETA,,
7753,9593,Moravia - Adulto (30-50),SERVICIOS_HOGAR,TRANSF_SALIENTE,INGRESO_TRANSF,,
7765,9606,Bohemia - Adulto (30-50),TRANSF_SALIENTE,INGRESO_TRANSF,RETIRO_TARJETA,,
7769,9611,Bohemia - Adulto (30-50),SERVICIOS_HOGAR,TRANSF_SALIENTE,INGRESO_TRANSF,,
7774,9616,Moravia - Adulto (30-50),SERVICIOS_HOGAR,TRANSF_SALIENTE,INGRESO_TRANSF,,
7795,9641,Moravia - Adulto Mayor (>50),SERVICIOS_HOGAR,PENSION,TRANSF_SALIENTE,,
7815,9663,Bohemia - Adulto Mayor (>50),PENSION,RETIRO_TARJETA,INGRESO_TRANSF,,
7819,9670,Bohemia - Adulto Mayor (>50),PENSION,RETIRO_TARJETA,INGRESO_TRANSF,,
7824,9675,Moravia - Joven (<30),INGRESO_TRANSF,RETIRO_TARJETA,SEGURO,,
7828,9680,Bohemia - Joven (<30),TRANSF_SALIENTE,RETIRO_TARJETA,INGRESO_TRANSF,,
7844,9702,Bohemia - Adulto (30-50),SERVICIOS_HOGAR,TRANSF_SALIENTE,RETIRO_TARJETA,,
7857,9715,Bohemia - Joven (<30),RETIRO_TARJETA,LEASING,PENSION,,
7859,9717,Bohemia - Adulto (30-50),SERVICIOS_HOGAR,TRANSF_SALIENTE,SEGURO,,
7861,9721,Bohemia - Adulto (30-50),INGRESO_TRANSF,LEASING,PENSION,,
7890,9755,Bohemia - Adulto (30-50),TRANSF_SALIENTE,INGRESO_TRANSF,RETIRO_TARJETA,,
7894,9760,Bohemia - Joven (<30),INGRESO_TRANSF,SEGURO,LEASING,,
7907,9775,Moravia - Adulto (30-50),TRANSF_SALIENTE,INGRESO_TRANSF,RETIRO_TARJETA,,
7926,9798,Moravia - Adulto (30-50),SERVICIOS_HOGAR,TRANSF_SALIENTE,INGRESO_TRANSF,,
7944,9820,Moravia - Adulto (30-50),SERVICIOS_HOGAR,TRANSF_SALIENTE,INGRESO_TRANSF,,
7957,9833,Bohemia - Adulto (30-50),INGRESO_TRANSF,SEGURO,LEASING,,
7965,9844,Moravia - Adulto Mayor (>50),PENSION,TRANSF_SALIENTE,INGRESO_TRANSF,,
7966,9846,Moravia - Adulto (30-50),SERVICIOS_HOGAR,TRANSF_SALIENTE,INGRESO_TRANSF,,
7990,9872,Bohemia - Adulto (30-50),TRANSF_SALIENTE,INGRESO_TRANSF,RETIRO_TARJETA,,
7997,9880,Bohemia - Joven (<30),SERVICIOS_HOGAR,TRANSF_SALIENTE,RETIRO_TARJETA,,
8026,9914,Bohemia - Adulto Mayor (>50),SERVICIOS_HOGAR,PENSION,TRANSF_SALIENTE,,
8027,9915,Bohemia - Adulto (30-50),SERVICIOS_HOGAR,TRANSF_SALIENTE,RETIRO_TARJETA,,
8038,9929,Bohemia - Adulto (30-50),TRANSF_SALIENTE,INGRESO_TRANSF,SEGURO,,
8039,9930,Bohemia - Joven (<30),INGRESO_TRANSF,LEASING,PENSION,,
8041,9933,Moravia - Adulto Mayor (>50),SERVICIOS_HOGAR,PENSION,TRANSF_SALIENTE,,
8051,9945,Bohemia - Adulto (30-50),SERVICIOS_HOGAR,TRANSF_SALIENTE,RETIRO_TARJETA,,
8073,9973,Bohemia - Adulto Mayor (>50),PENSION,RETIRO_TARJETA,INGRESO_TRANSF,,
8085,9987,Moravia - Adulto (30-50),INGRESO_TRANSF,RETIRO_TARJETA,SEGURO,,
8092,9995,Moravia - Adulto (30-50),TRANSF_SALIENTE,INGRESO_TRANSF,RETIRO_TARJETA,,
8094,9997,Moravia - Adulto (30-50),TRANSF_SALIENTE,RETIRO_TARJETA,SEGURO,,
8114,10023,Moravia - Joven (<30),INGRESO_TRANSF,RETIRO_TARJETA,SEGURO,,
8127,10040,Bohemia - Adulto (30-50),TRANSF_SALIENTE,INGRESO_TRANSF,SEGURO,,
8129,10043,Bohemia - Adulto (30-50),TRANSF_SALIENTE,INGRESO_TRANSF,SEGURO,,
8132,10046,Bohemia - Adulto Mayor (>50),SERVICIOS_HOGAR,PENSION,TRANSF_SALIENTE,,
8149,10066,Moravia - Adulto (30-50),SERVICIOS_HOGAR,TRANSF_SALIENTE,INGRESO_TRANSF,,
8153,10070,Bohemia - Joven (<30),SERVICIOS_HOGAR,TRANSF_SALIENTE,RETIRO_TARJETA,,
8158,10075,Bohemia - Adulto (30-50),RETIRO_TARJETA,SEGURO,LEASING,,
8159,10076,Bohemia - Joven (<30),RETIRO_TARJETA,INGRESO_TRANSF,SEGURO,,
8169,10090,Bohemia - Joven (<30),RETIRO_TARJETA,INGRESO_TRANSF,SEGURO,,
8173,10095,Praga - Joven (<30),SERVICIOS_HOGAR,TRANSF_SALIENTE,SEGURO,,
8212,10145,Bohemia - Adulto (30-50),SERVICIOS_HOGAR,TRANSF_SALIENTE,INGRESO_TRANSF,,
8225,10159,Bohemia - Adulto Mayor (>50),SERVICIOS_HOGAR,PENSION,TRANSF_SALIENTE,,
8260,10198,Bohemia - Joven (<30),SERVICIOS_HOGAR,TRANSF_SALIENTE,SEGURO,,
8261,10200,Bohemia - Joven (<30),RETIRO_TARJETA,LEASING,PENSION,,
8268,10209,Moravia - Joven (<30),INGRESO_TRANSF,RETIRO_TARJETA,SEGURO,,
8316,10269,Moravia - Adulto Mayor (>50),SERVICIOS_HOGAR,PENSION,TRANSF_SALIENTE,,
8320,10273,Bohemia - Adulto (30-50),TRANSF_SALIENTE,RETIRO_TARJETA,SEGURO,,
8321,10275,Moravia - Joven (<30),TRANSF_SALIENTE,INGRESO_TRANSF,RETIRO_TARJETA,,
8327,10282,Praga - Joven (<30),INGRESO_TRANSF,SEGURO,LEASING,,
8330,10287,Bohemia - Adulto (30-50),TRANSF_SALIENTE,INGRESO_TRANSF,RETIRO_TARJETA,,
8341,10303,Moravia - Adulto (30-50),SERVICIOS_HOGAR,TRANSF_SALIENTE,INGRESO_TRANSF,,
8377,10350,Bohemia - Adulto (30-50),INGRESO_TRANSF,RETIRO_TARJETA,SEGURO,,
8381,10355,Bohemia - Joven (<30),RETIRO_TARJETA,INGRESO_TRANSF,SEGURO,,
8405,10382,Bohemia - Adulto (30-50),INGRESO_TRANSF,RETIRO_TARJETA,LEASING,,
8411,10389,Bohemia - Adulto Mayor (>50),PENSION,RETIRO_TARJETA,SEGURO,,
8475,10459,Bohemia - Adulto (30-50),INGRESO_TRANSF,RETIRO_TARJETA,SEGURO,,
8489,10475,Bohemia - Adulto Mayor (>50),PENSION,TRANSF_SALIENTE,RETIRO_TARJETA,,
8492,10479,Bohemia - Adulto (30-50),TRANSF_SALIENTE,INGRESO_TRANSF,SEGURO,,
8505,10492,Moravia - Adulto Mayor (>50),SERVICIOS_HOGAR,PENSION,TRANSF_SALIENTE,,
8519,10510,Bohemia - Adulto Mayor (>50),PENSION,TRANSF_SALIENTE,RETIRO_TARJETA,,
8523,10517,Moravia - Joven (<30),SERVICIOS_HOGAR,TRANSF_SALIENTE,RETIRO_TARJETA,,
8533,10528,Bohemia - Adulto (30-50),SERVICIOS_HOGAR,TRANSF_SALIENTE,INGRESO_TRANSF,,
8547,10543,Bohemia - Adulto Mayor (>50),SERVICIOS_HOGAR,PENSION,TRANSF_SALIENTE,,
8558,10555,Praga - Adulto Mayor (>50),SERVICIOS_HOGAR,PENSION,TRANSF_SALIENTE,,
8564,10563,Moravia - Adulto (30-50),RETIRO_TARJETA,SEGURO,LEASING,,
8566,10566,Moravia - Adulto Mayor (>50),PENSION,INGRESO_TRANSF,RETIRO_TARJETA,,
8625,10636,Moravia - Joven (<30),TRANSF_SALIENTE,INGRESO_TRANSF,SEGURO,,
8628,10639,Bohemia - Adulto (30-50),TRANSF_SALIENTE,INGRESO_TRANSF,RETIRO_TARJETA,,
8639,10654,Bohemia - Adulto (30-50),SERVICIOS_HOGAR,TRANSF_SALIENTE,RETIRO_TARJETA,,
8645,10662,Moravia - Adulto (30-50),TRANSF_SALIENTE,INGRESO_TRANSF,RETIRO_TARJETA,,
8680,10702,Bohemia - Adulto Mayor (>50),PENSION,RETIRO_TARJETA,SEGURO,,
8688,10714,Moravia - Adulto Mayor (>50),SERVICIOS_HOGAR,PENSION,TRANSF_SALIENTE,,
8713,10746,Moravia - Joven (<30),SERVICIOS_HOGAR,TRANSF_SALIENTE,RETIRO_TARJETA,,
8742,10777,Moravia - Joven (<30),INGRESO_TRANSF,RETIRO_TARJETA,LEASING,,
8759,10798,Praga - Joven (<30),SERVICIOS_HOGAR,TRANSF_SALIENTE,INGRESO_TRANSF,,
8772,10813,Praga - Joven (<30),TRANSF_SALIENTE,RETIRO_TARJETA,SEGURO,,
8776,10818,Moravia - Joven (<30),SERVICIOS_HOGAR,TRANSF_SALIENTE,INGRESO_TRANSF,,
8784,10828,Praga - Adulto (30-50),TRANSF_SALIENTE,RETIRO_TARJETA,SEGURO,,
8856,10912,Bohemia - Adulto (30-50),TRANSF_SALIENTE,INGRESO_TRANSF,PRESTAMO,4326.9,155769.0
8896,10960,Bohemia - Adulto Mayor (>50),SERVICIOS_HOGAR,PENSION,TRANSF_SALIENTE,,
8899,10963,Praga - Adulto Mayor (>50),PENSION,TRANSF_SALIENTE,RETIRO_TARJETA,,
8919,10987,Moravia - Adulto (30-50),INGRESO_TRANSF,RETIRO_TARJETA,SEGURO,,
8926,10997,Praga - Joven (<30),RETIRO_TARJETA,INGRESO_TRANSF,LEASING,,
8931,11004,Moravia - Adulto Mayor (>50),PENSION,INGRESO_TRANSF,RETIRO_TARJETA,,
8934,11008,Bohemia - Joven (<30),SERVICIOS_HOGAR,TRANSF_SALIENTE,RETIRO_TARJETA,,
8957,11034,Praga - Joven (<30),SERVICIOS_HOGAR,TRANSF_SALIENTE,RETIRO_TARJETA,,
8972,11050,Moravia - Adulto (30-50),INGRESO_TRANSF,RETIRO_TARJETA,SEGURO,,
8982,11063,Moravia - Adulto (30-50),SERVICIOS_HOGAR,TRANSF_SALIENTE,INGRESO_TRANSF,,
8998,11083,Moravia - Adulto (30-50),SERVICIOS_HOGAR,TRANSF_SALIENTE,INGRESO_TRANSF,,
9006,11093,Bohemia - Adulto (30-50),TRANSF_SALIENTE,INGRESO_TRANSF,RETIRO_TARJETA,,
9017,11105,Moravia - Adulto (30-50),TRANSF_SALIENTE,RETIRO_TARJETA,SEGURO,,
9024,11114,Praga - Adulto (30-50),TRANSF_SALIENTE,RETIRO_TARJETA,INGRESO_TRANSF,,
9030,11121,Moravia - Joven (<30),INGRESO_TRANSF,RETIRO_TARJETA,SEGURO,,
9031,11123,Bohemia - Adulto Mayor (>50),PENSION,RETIRO_TARJETA,INGRESO_TRANSF,,
9034,11126,Praga - Adulto (30-50),RETIRO_TARJETA,LEASING,PENSION,,
9037,11130,Praga - Adulto (30-50),RETIRO_TARJETA,INGRESO_TRANSF,SEGURO,,
9041,11136,Bohemia - Adulto Mayor (>50),SERVICIOS_HOGAR,PENSION,TRANSF_SALIENTE,,
9051,11147,Bohemia - Joven (<30),SERVICIOS_HOGAR,TRANSF_SALIENTE,RETIRO_TARJETA,,
9052,11149,Bohemia - Adulto (30-50),TRANSF_SALIENTE,INGRESO_TRANSF,RETIRO_TARJETA,,
9093,11195,Moravia - Adulto (30-50),INGRESO_TRANSF,SEGURO,LEASING,,
9104,11208,Bohemia - Adulto (30-50),SERVICIOS_HOGAR,TRANSF_SALIENTE,INGRESO_TRANSF,,
9138,11250,Bohemia - Adulto Mayor (>50),PENSION,RETIRO_TARJETA,INGRESO_TRANSF,,
9140,11252,Bohemia - Adulto (30-50),INGRESO_TRANSF,RETIRO_TARJETA,LEASING,,
9153,11266,Bohemia - Adulto Mayor (>50),PENSION,TRANSF_SALIENTE,RETIRO_TARJETA,,
9156,11271,Bohemia - Adulto Mayor (>50),SERVICIOS_HOGAR,PENSION,TRANSF_SALIENTE,,
9159,11274,Moravia - Joven (<30),INGRESO_TRANSF,RETIRO_TARJETA,LEASING,,
9167,11286,Moravia - Adulto Mayor (>50),PENSION,INGRESO_TRANSF,RETIRO_TARJETA,,
9179,11304,Bohemia - Adulto (30-50),SERVICIOS_HOGAR,TRANSF_SALIENTE,RETIRO_TARJETA,,
9188,11314,Bohemia - Adulto Mayor (>50),PENSION,RETIRO_TARJETA,LEASING,,
9192,11319,Praga - Adulto Mayor (>50),SERVICIOS_HOGAR,PENSION,TRANSF_SALIENTE,,
9199,11327,Moravia - Adulto Mayor (>50),SERVICIOS_HOGAR,PENSION,TRANSF_SALIENTE,,
9201,11329,Moravia - Adulto (30-50),TRANSF_SALIENTE,RETIRO_TARJETA,SEGURO,,
9203,11331,Moravia - Adulto Mayor (>50),PENSION,TRANSF_SALIENTE,INGRESO_TRANSF,,
9208,11337,Bohemia - Joven (<30),SERVICIOS_HOGAR,TRANSF_SALIENTE,RETIRO_TARJETA,,
9225,11359,Bohemia - Joven (<30),SERVICIOS_HOGAR,TRANSF_SALIENTE,RETIRO_TARJETA,,
9227,11362,Bohemia - Adulto (30-50),INGRESO_TRANSF,RETIRO_TARJETA,SEGURO,,
9235,11371,Bohemia - Adulto Mayor (>50),SERVICIOS_HOGAR,PENSION,TRANSF_SALIENTE,,
9236,11372,Bohemia - Adulto (30-50),INGRESO_TRANSF,RETIRO_TARJETA,SEGURO,,
9241,11379,Moravia - Adulto (30-50),TRANSF_SALIENTE,RETIRO_TARJETA,SEGURO,,
9242,11381,Moravia - Joven (<30),SERVICIOS_HOGAR,TRANSF_SALIENTE,INGRESO_TRANSF,,
9263,11405,Moravia - Adulto (30-50),RETIRO_TARJETA,SEGURO,LEASING,,
9265,11409,Bohemia - Joven (<30),INGRESO_TRANSF,SEGURO,LEASING,,
9307,11461,Moravia - Joven (<30),INGRESO_TRANSF,RETIRO_TARJETA,SEGURO,,
9333,11491,Bohemia - Adulto (30-50),SERVICIOS_HOGAR,TRANSF_SALIENTE,INGRESO_TRANSF,,
9337,11497,Bohemia - Adulto (30-50),SERVICIOS_HOGAR,TRANSF_SALIENTE,INGRESO_TRANSF,,
9353,11516,Moravia - Adulto Mayor (>50),PENSION,TRANSF_SALIENTE,INGRESO_TRANSF,,
9377,11545,Praga - Adulto (30-50),INGRESO_TRANSF,SEGURO,LEASING,,
9403,11574,Praga - Adulto Mayor (>50),PENSION,TRANSF_SALIENTE,RETIRO_TARJETA,,
9422,11596,Moravia - Adulto Mayor (>50),PENSION,SEGURO,LEASING,,
9424,11598,Moravia - Joven (<30),SERVICIOS_HOGAR,TRANSF_SALIENTE,RETIRO_TARJETA,,
9433,11609,Moravia - Adulto (30-50),SERVICIOS_HOGAR,TRANSF_SALIENTE,INGRESO_TRANSF,,
9455,11637,Moravia - Adulto (30-50),RETIRO_TARJETA,LEASING,PENSION,,
9472,11662,Moravia - Joven (<30),TRANSF_SALIENTE,INGRESO_TRANSF,RETIRO_TARJETA,,
9484,11676,Bohemia - Adulto Mayor (>50),SERVICIOS_HOGAR,PENSION,TRANSF_SALIENTE,,
9491,11683,Bohemia - Joven (<30),LEASING,PENSION,,,
9493,11685,Moravia - Adulto (30-50),TRANSF_SALIENTE,RETIRO_TARJETA,SEGURO,,
9494,11686,Bohemia - Adulto Mayor (>50),PENSION,TRANSF_SALIENTE,RETIRO_TARJETA,,
9504,11701,Bohemia - Adulto (30-50),SERVICIOS_HOGAR,TRANSF_SALIENTE,SEGURO,,
9510,11709,Praga - Adulto (30-50),SERVICIOS_HOGAR,TRANSF_SALIENTE,RETIRO_TARJETA,,
9513,11713,Moravia - Adulto (30-50),TRANSF_SALIENTE,INGRESO_TRANSF,RETIRO_TARJETA,,
9528,11732,Bohemia - Adulto (30-50),TRANSF_SALIENTE,INGRESO_TRANSF,RETIRO_TARJETA,,
9548,11754,Moravia - Adulto (30-50),TRANSF_SALIENTE,INGRESO_TRANSF,RETIRO_TARJETA,,
9549,11755,Bohemia - Adulto Mayor (>50),SERVICIOS_HOGAR,PENSION,TRANSF_SALIENTE,,
9560,11768,Praga - Joven (<30),TRANSF_SALIENTE,RETIRO_TARJETA,INGRESO_TRANSF,,
9583,11794,Bohemia - Joven (<30),TRANSF_SALIENTE,RETIRO_TARJETA,INGRESO_TRANSF,,
9591,11804,Moravia - Adulto Mayor (>50),PENSION,TRANSF_SALIENTE,INGRESO_TRANSF,,
9627,11851,Moravia - Joven (<30),SERVICIOS_HOGAR,TRANSF_SALIENTE,INGRESO_TRANSF,,
9631,11855,Bohemia - Adulto (30-50),SERVICIOS_HOGAR,TRANSF_SALIENTE,RETIRO_TARJETA,,
9633,11857,Moravia - Adulto (30-50),SERVICIOS_HOGAR,TRANSF_SALIENTE,INGRESO_TRANSF,,
9635,11860,Moravia - Adulto Mayor (>50),TRANSF_SALIENTE,INGRESO_TRANSF,PRESTAMO,416.02,14977.0
9640,11866,Praga - Adulto Mayor (>50),PENSION,RETIRO_TARJETA,SEGURO,,
9645,11873,Bohemia - Adulto (30-50),TRANSF_SALIENTE,RETIRO_TARJETA,SEGURO,,
9646,11874,Praga - Joven (<30),SERVICIOS_HOGAR,TRANSF_SALIENTE,RETIRO_TARJETA,,
9656,11886,Moravia - Adulto Mayor (>50),PENSION,TRANSF_SALIENTE,INGRESO_TRANSF,,
9673,11906,Moravia - Adulto Mayor (>50),PENSION,TRANSF_SALIENTE,RETIRO_TARJETA,,
9677,11911,Bohemia - Adulto Mayor (>50),PENSION,TRANSF_SALIENTE,RETIRO_TARJETA,,
9703,11943,Praga - Adulto (30-50),SERVICIOS_HOGAR,TRANSF_SALIENTE,RETIRO_TARJETA,,
9707,11947,Moravia - Adulto (30-50),SERVICIOS_HOGAR,TRANSF_SALIENTE,INGRESO_TRANSF,,
9730,11976,Moravia - Adulto Mayor (>50),PENSION,INGRESO_TRANSF,RETIRO_TARJETA,,
9731,11978,Moravia - Joven (<30),RETIRO_TARJETA,SEGURO,LEASING,,
9750,12003,Moravia - Joven (<30),SERVICIOS_HOGAR,TRANSF_SALIENTE,INGRESO_TRANSF,,
9790,12050,Bohemia - Adulto Mayor (>50),PENSION,INGRESO_TRANSF,LEASING,,
9814,12079,Moravia - Joven (<30),SERVICIOS_HOGAR,TRANSF_SALIENTE,INGRESO_TRANSF,,
9826,12092,Moravia - Joven (<30),TRANSF_SALIENTE,INGRESO_TRANSF,RETIRO_TARJETA,,
9828,12095,Bohemia - Adulto Mayor (>50),SERVICIOS_HOGAR,PENSION,TRANSF_SALIENTE,,
9833,12102,Bohemia - Adulto (30-50),RETIRO_TARJETA,SEGURO,LEASING,,
9859,12133,Bohemia - Adulto (30-50),LEASING,PENSION,,,
9869,12144,Bohemia - Joven (<30),INGRESO_TRANSF,SEGURO,LEASING,,
9883,12163,Praga - Adulto (30-50),RETIRO_TARJETA,INGRESO_TRANSF,PRESTAMO,2208.29,79499.0
9897,12181,Praga - Adulto (30-50),RETIRO_TARJETA,LEASING,PENSION,,
9928,12220,Moravia - Joven (<30),TRANSF_SALIENTE,INGRESO_TRANSF,RETIRO_TARJETA,,
10001,12303,Bohemia - Joven (<30),SERVICIOS_HOGAR,TRANSF_SALIENTE,RETIRO_TARJETA,,
10005,12308,Moravia - Joven (<30),TRANSF_SALIENTE,RETIRO_TARJETA,SEGURO,,
10018,12324,Bohemia - Joven (<30),TRANSF_SALIENTE,RETIRO_TARJETA,INGRESO_TRANSF,,
10019,12325,Bohemia - Adulto (30-50),SERVICIOS_HOGAR,TRANSF_SALIENTE,INGRESO_TRANSF,,
10022,12328,Praga - Adulto Mayor (>50),PENSION,SEGURO,LEASING,,
10036,12344,Bohemia - Adulto Mayor (>50),SERVICIOS_HOGAR,PENSION,TRANSF_SALIENTE,,
10049,12358,Bohemia - Adulto Mayor (>50),PENSION,RETIRO_TARJETA,INGRESO_TRANSF,,
10063,12376,Bohemia - Adulto (30-50),RETIRO_TARJETA,LEASING,PENSION,,
10065,12378,Moravia - Adulto Mayor (>50),SERVICIOS_HOGAR,PENSION,TRANSF_SALIENTE,,
10068,12382,Praga - Adulto (30-50),SERVICIOS_HOGAR,TRANSF_SALIENTE,RETIRO_TARJETA,,
10079,12396,Moravia - Joven (<30),SERVICIOS_HOGAR,TRANSF_SALIENTE,INGRESO_TRANSF,,
10093,12416,Praga - Joven (<30),RETIRO_TARJETA,LEASING,PENSION,,
10105,12432,Moravia - Adulto (30-50),SERVICIOS_HOGAR,TRANSF_SALIENTE,INGRESO_TRANSF,,
10131,12464,Bohemia - Adulto (30-50),SERVICIOS_HOGAR,TRANSF_SALIENTE,INGRESO_TRANSF,,
10134,12468,Bohemia - Joven (<30),TRANSF_SALIENTE,RETIRO_TARJETA,INGRESO_TRANSF,,
10148,12485,Bohemia - Adulto (30-50),INGRESO_TRANSF,RETIRO_TARJETA,SEGURO,,
10152,12490,Bohemia - Joven (<30),SERVICIOS_HOGAR,TRANSF_SALIENTE,RETIRO_TARJETA,,
10202,12547,Moravia - Adulto (30-50),INGRESO_TRANSF,RETIRO_TARJETA,SEGURO,,
10215,12561,Bohemia - Adulto (30-50),INGRESO_TRANSF,RETIRO_TARJETA,SEGURO,,
10220,12568,Bohemia - Adulto (30-50),SERVICIOS_HOGAR,TRANSF_SALIENTE,INGRESO_TRANSF,,
10227,12577,Moravia - Adulto (30-50),SERVICIOS_HOGAR,TRANSF_SALIENTE,INGRESO_TRANSF,,
10233,12586,Bohemia - Adulto Mayor (>50),PENSION,RETIRO_TARJETA,LEASING,,
10243,12599,Bohemia - Adulto (30-50),SERVICIOS_HOGAR,TRANSF_SALIENTE,INGRESO_TRANSF,,
10257,12616,Bohemia - Adulto (30-50),TRANSF_SALIENTE,INGRESO_TRANSF,RETIRO_TARJETA,,
10266,12625,Moravia - Adulto (30-50),TRANSF_SALIENTE,INGRESO_TRANSF,RETIRO_TARJETA,,
10280,12643,Moravia - Adulto (30-50),SERVICIOS_HOGAR,TRANSF_SALIENTE,SEGURO,,
10297,12662,Bohemia - Adulto (30-50),TRANSF_SALIENTE,INGRESO_TRANSF,SEGURO,,
10320,12695,Moravia - Joven (<30),TRANSF_SALIENTE,RETIRO_TARJETA,SEGURO,,
10343,12726,Bohemia - Adulto Mayor (>50),SERVICIOS_HOGAR,PENSION,TRANSF_SALIENTE,,
10345,12729,Bohemia - Adulto (30-50),TRANSF_SALIENTE,INGRESO_TRANSF,RETIRO_TARJETA,,
10351,12738,Bohemia - Adulto (30-50),TRANSF_SALIENTE,INGRESO_TRANSF,RETIRO_TARJETA,,
10361,12750,Bohemia - Adulto Mayor (>50),SERVICIOS_HOGAR,PENSION,TRANSF_SALIENTE,,
10364,12754,Moravia - Adulto (30-50),TRANSF_SALIENTE,INGRESO_TRANSF,RETIRO_TARJETA,,
10365,12756,Bohemia - Adulto (30-50),INGRESO_TRANSF,RETIRO_TARJETA,LEASING,,
10404,12802,Praga - Joven (<30),INGRESO_TRANSF,LEASING,PENSION,,
10411,12810,Bohemia - Adulto (30-50),INGRESO_TRANSF,LEASING,PENSION,,
10436,12840,Moravia - Adulto Mayor (>50),SERVICIOS_HOGAR,PENSION,TRANSF_SALIENTE,,
10439,12843,Moravia - Adulto (30-50),TRANSF_SALIENTE,RETIRO_TARJETA,SEGURO,,
10440,12844,Bohemia - Adulto Mayor (>50),PENSION,RETIRO_TARJETA,INGRESO_TRANSF,,
10445,12850,Moravia - Adulto (30-50),TRANSF_SALIENTE,INGRESO_TRANSF,SEGURO,,
10451,12859,Praga - Joven (<30),RETIRO_TARJETA,INGRESO_TRANSF,LEASING,,
10478,12890,Moravia - Adulto (30-50),SERVICIOS_HOGAR,TRANSF_SALIENTE,INGRESO_TRANSF,,
10493,12908,Bohemia - Adulto Mayor (>50),PENSION,RETIRO_TARJETA,INGRESO_TRANSF,,
10520,12943,Moravia - Joven (<30),SERVICIOS_HOGAR,TRANSF_SALIENTE,INGRESO_TRANSF,,
10558,12986,Bohemia - Joven (<30),TRANSF_SALIENTE,INGRESO_TRANSF,PRESTAMO,3049.38,109778.0
10562,12991,Bohemia - Adulto Mayor (>50),SERVICIOS_HOGAR,PENSION,TRANSF_SALIENTE,,
10607,13044,Bohemia - Joven (<30),TRANSF_SALIENTE,RETIRO_TARJETA,INGRESO_TRANSF,,
10613,13051,Moravia - Adulto (30-50),SERVICIOS_HOGAR,TRANSF_SALIENTE,RETIRO_TARJETA,,
10630,13071,Bohemia - Adulto (30-50),TRANSF_SALIENTE,INGRESO_TRANSF,RETIRO_TARJETA,,
10644,13089,Bohemia - Joven (<30),TRANSF_SALIENTE,SEGURO,LEASING,,
10645,13090,Bohemia - Joven (<30),TRANSF_SALIENTE,RETIRO_TARJETA,SEGURO,,
10650,13095,Moravia - Adulto (30-50),TRANSF_SALIENTE,SEGURO,LEASING,,
10652,13098,Praga - Joven (<30),RETIRO_TARJETA,SEGURO,LEASING,,
10656,13102,Bohemia - Adulto (30-50),SERVICIOS_HOGAR,TRANSF_SALIENTE,INGRESO_TRANSF,,
10663,13113,Bohemia - Joven (<30),SEGURO,LEASING,PENSION,,
10670,13123,Moravia - Joven (<30),TRANSF_SALIENTE,INGRESO_TRANSF,RETIRO_TARJETA,,
10679,13134,Praga - Adulto (30-50),TRANSF_SALIENTE,SEGURO,LEASING,,
10694,13151,Moravia - Adulto (30-50),TRANSF_SALIENTE,INGRESO_TRANSF,PRESTAMO,1574.32,56676.0
10710,13171,Bohemia - Adulto (30-50),SERVICIOS_HOGAR,TRANSF_SALIENTE,INGRESO_TRANSF,,
10711,13172,Bohemia - Adulto Mayor (>50),PENSION,RETIRO_TARJETA,INGRESO_TRANSF,,
10728,13190,Moravia - Adulto (30-50),TRANSF_SALIENTE,RETIRO_TARJETA,SEGURO,,
10738,13201,Bohemia - Adulto Mayor (>50),PENSION,INGRESO_TRANSF,SEGURO,,
10762,13231,Praga - Adulto (30-50),TRANSF_SALIENTE,RETIRO_TARJETA,INGRESO_TRANSF,,
10774,13246,Bohemia - Adulto Mayor (>50),PENSION,TRANSF_SALIENTE,RETIRO_TARJETA,,
10788,13260,Moravia - Joven (<30),TRANSF_SALIENTE,INGRESO_TRANSF,RETIRO_TARJETA,,
10789,13261,Moravia - Adulto Mayor (>50),PENSION,INGRESO_TRANSF,RETIRO_TARJETA,,
10799,13276,Moravia - Joven (<30),SERVICIOS_HOGAR,TRANSF_SALIENTE,INGRESO_TRANSF,,
10807,13285,Bohemia - Adulto Mayor (>50),SERVICIOS_HOGAR,PENSION,TRANSF_SALIENTE,,
10812,13290,Bohemia - Adulto Mayor (>50),SERVICIOS_HOGAR,PENSION,TRANSF_SALIENTE,,
10857,13346,Bohemia - Adulto (30-50),TRANSF_SALIENTE,INGRESO_TRANSF,RETIRO_TARJETA,,
10884,13380,Moravia - Adulto Mayor (>50),PENSION,RETIRO_TARJETA,SEGURO,,
10904,13404,Bohemia - Adulto (30-50),SERVICIOS_HOGAR,TRANSF_SALIENTE,INGRESO_TRANSF,,
10905,13405,Bohemia - Adulto (30-50),INGRESO_TRANSF,SEGURO,LEASING,,
10906,13406,Bohemia - Joven (<30),SERVICIOS_HOGAR,TRANSF_SALIENTE,RETIRO_TARJETA,,
10911,13412,Praga - Adulto (30-50),TRANSF_SALIENTE,RETIRO_TARJETA,SEGURO,,
10915,13417,Bohemia - Adulto (30-50),RETIRO_TARJETA,LEASING,PENSION,,
10940,13447,Bohemia - Joven (<30),TRANSF_SALIENTE,RETIRO_TARJETA,INGRESO_TRANSF,,
10942,13451,Bohemia - Adulto (30-50),TRANSF_SALIENTE,INGRESO_TRANSF,RETIRO_TARJETA,,
10954,13468,Bohemia - Adulto (30-50),SERVICIOS_HOGAR,TRANSF_SALIENTE,INGRESO_TRANSF,,
10963,13480,Bohemia - Adulto (30-50),SERVICIOS_HOGAR,TRANSF_SALIENTE,INGRESO_TRANSF,,
10973,13490,Bohemia - Joven (<30),SERVICIOS_HOGAR,TRANSF_SALIENTE,RETIRO_TARJETA,,
11013,13539,Moravia - Joven (<30),SEGURO,LEASING,PENSION,,
11021,13548,Praga - Joven (<30),SERVICIOS_HOGAR,TRANSF_SALIENTE,RETIRO_TARJETA,,
11027,13556,Bohemia - Adulto (30-50),TRANSF_SALIENTE,RETIRO_TARJETA,SEGURO,,
11042,13576,Moravia - Joven (<30),TRANSF_SALIENTE,SEGURO,LEASING,,
11053,13588,Bohemia - Joven (<30),SERVICIOS_HOGAR,TRANSF_SALIENTE,RETIRO_TARJETA,,
11054,13590,Moravia - Joven (<30),TRANSF_SALIENTE,RETIRO_TARJETA,SEGURO,,
11065,13603,Bohemia - Adulto Mayor (>50),SERVICIOS_HOGAR,PENSION,TRANSF_SALIENTE,,
11069,13608,Bohemia - Adulto (30-50),SERVICIOS_HOGAR,TRANSF_SALIENTE,INGRESO_TRANSF,,
11079,13620,Bohemia - Joven (<30),SERVICIOS_HOGAR,TRANSF_SALIENTE,SEGURO,,
11096,13640,Bohemia - Adulto (30-50),TRANSF_SALIENTE,INGRESO_TRANSF,RETIRO_TARJETA,,
11111,13657,Moravia - Adulto (30-50),TRANSF_SALIENTE,INGRESO_TRANSF,RETIRO_TARJETA,,
11123,13673,Bohemia - Joven (<30),SERVICIOS_HOGAR,TRANSF_SALIENTE,RETIRO_TARJETA,,
11135,13687,Moravia - Adulto (30-50),TRANSF_SALIENTE,INGRESO_TRANSF,RETIRO_TARJETA,,
11138,13690,Moravia - Adulto (30-50),SERVICIOS_HOGAR,TRANSF_SALIENTE,INGRESO_TRANSF,,
11141,13694,Praga - Joven (<30),SERVICIOS_HOGAR,TRANSF_SALIENTE,INGRESO_TRANSF,,
11186,13750,Bohemia - Joven (<30),TRANSF_SALIENTE,SEGURO,LEASING,,
11231,13803,Praga - Adulto Mayor (>50),PENSION,RETIRO_TARJETA,SEGURO,,
11244,13820,Bohemia - Adulto Mayor (>50),PENSION,TRANSF_SALIENTE,RETIRO_TARJETA,,
11265,13845,Bohemia - Joven (<30),RETIRO_TARJETA,INGRESO_TRANSF,SEGURO,,
11271,13852,Bohemia - Joven (<30),RETIRO_TARJETA,LEASING,PENSION,,
11295,13886,Bohemia - Adulto (30-50),TRANSF_SALIENTE,INGRESO_TRANSF,RETIRO_TARJETA,,
11317,13912,Bohemia - Joven (<30),RETIRO_TARJETA,INGRESO_TRANSF,SEGURO,,
11320,13915,Moravia - Joven (<30),SERVICIOS_HOGAR,TRANSF_SALIENTE,INGRESO_TRANSF,,
11325,13921,Moravia - Joven (<30),TRANSF_SALIENTE,INGRESO_TRANSF,RETIRO_TARJETA,,
11327,13923,Bohemia - Joven (<30),TRANSF_SALIENTE,RETIRO_TARJETA,INGRESO_TRANSF,,
11328,13924,Moravia - Adulto (30-50),SERVICIOS_HOGAR,TRANSF_SALIENTE,INGRESO_TRANSF,,
11333,13931,Bohemia - Adulto Mayor (>50),SERVICIOS_HOGAR,PENSION,TRANSF_SALIENTE,,
11349,13955,Praga - Adulto Mayor (>50),PENSION,TRANSF_SALIENTE,RETIRO_TARJETA,,
11359,13968,Moravia - Adulto (30-50),SEGURO,LEASING,PENSION,,
11362,13971,Moravia - Adulto (30-50),INGRESO_TRANSF,RETIRO_TARJETA,LEASING,,
11382,13998,Moravia - Adulto (30-50),SERVICIOS_HOGAR,TRANSF_SALIENTE,PRESTAMO,2073.64,74651.0
